# lettering: EULER’S CABINET OF CURIOSITIES
v 75.122 20.390 0.000
v 80.488 20.390 0.000
v 80.488 20.927 0.000
v 75.122 20.927 0.000
v 75.122 20.390 2.000
v 80.488 20.390 2.000
v 80.488 20.927 2.000
v 75.122 20.927 2.000
v 253.268 20.390 0.000
v 259.171 20.390 0.000
v 259.171 20.927 0.000
v 253.268 20.927 0.000
v 253.268 20.390 2.000
v 259.171 20.390 2.000
v 259.171 20.927 2.000
v 253.268 20.927 2.000
v -149.707 20.390 0.000
v -143.805 20.390 0.000
v -143.805 20.927 0.000
v -149.707 20.927 0.000
v -149.707 20.390 2.000
v -143.805 20.390 2.000
v -143.805 20.927 2.000
v -149.707 20.927 2.000
v 151.854 20.390 0.000
v 157.220 20.390 0.000
v 157.220 20.927 0.000
v 151.854 20.927 0.000
v 151.854 20.390 2.000
v 157.220 20.390 2.000
v 157.220 20.927 2.000
v 151.854 20.927 2.000
v -120.195 20.390 0.000
v -114.829 20.390 0.000
v -114.829 20.927 0.000
v -120.195 20.927 0.000
v -120.195 20.390 2.000
v -114.829 20.390 2.000
v -114.829 20.927 2.000
v -120.195 20.927 2.000
v 171.707 20.390 0.000
v 177.610 20.390 0.000
v 177.610 20.927 0.000
v 171.707 20.927 0.000
v 171.707 20.390 2.000
v 177.610 20.390 2.000
v 177.610 20.927 2.000
v 171.707 20.927 2.000
v 25.220 20.390 0.000
v 30.585 20.390 0.000
v 30.585 20.927 0.000
v 25.220 20.927 0.000
v 25.220 20.390 2.000
v 30.585 20.390 2.000
v 30.585 20.927 2.000
v 25.220 20.927 2.000
v -121.805 19.854 0.000
v -112.683 19.854 0.000
v -112.683 20.390 0.000
v -121.805 20.390 0.000
v -121.805 19.854 2.000
v -112.683 19.854 2.000
v -112.683 20.390 2.000
v -121.805 20.390 2.000
v -86.927 19.854 0.000
v -72.976 19.854 0.000
v -72.976 20.390 0.000
v -86.927 20.390 0.000
v -86.927 19.854 2.000
v -72.976 19.854 2.000
v -72.976 20.390 2.000
v -86.927 20.390 2.000
v -100.341 19.854 0.000
v -97.122 19.854 0.000
v -97.122 20.390 0.000
v -100.341 20.390 0.000
v -100.341 19.854 2.000
v -97.122 19.854 2.000
v -97.122 20.390 2.000
v -100.341 20.390 2.000
v 149.707 19.854 0.000
v 158.829 19.854 0.000
v 158.829 20.390 0.000
v 149.707 20.390 0.000
v 149.707 19.854 2.000
v 158.829 19.854 2.000
v 158.829 20.390 2.000
v 149.707 20.390 2.000
v 73.512 19.854 0.000
v 82.634 19.854 0.000
v 82.634 20.390 0.000
v 73.512 20.390 0.000
v 73.512 19.854 2.000
v 82.634 19.854 2.000
v 82.634 20.390 2.000
v 73.512 20.390 2.000
v -151.317 19.854 0.000
v -141.122 19.854 0.000
v -141.122 20.390 0.000
v -151.317 20.390 0.000
v -151.317 19.854 2.000
v -141.122 19.854 2.000
v -141.122 20.390 2.000
v -151.317 20.390 2.000
v 110.537 19.854 0.000
v 123.951 19.854 0.000
v 123.951 20.390 0.000
v 110.537 20.390 0.000
v 110.537 19.854 2.000
v 123.951 19.854 2.000
v 123.951 20.390 2.000
v 110.537 20.390 2.000
v 170.098 19.854 0.000
v 180.293 19.854 0.000
v 180.293 20.390 0.000
v 170.098 20.390 0.000
v 170.098 19.854 2.000
v 180.293 19.854 2.000
v 180.293 20.390 2.000
v 170.098 20.390 2.000
v 23.073 19.854 0.000
v 32.195 19.854 0.000
v 32.195 20.390 0.000
v 23.073 20.390 0.000
v 23.073 19.854 2.000
v 32.195 19.854 2.000
v 32.195 20.390 2.000
v 23.073 20.390 2.000
v -53.122 19.854 0.000
v -47.220 19.854 0.000
v -47.220 20.390 0.000
v -53.122 20.390 0.000
v -53.122 19.854 2.000
v -47.220 19.854 2.000
v -47.220 20.390 2.000
v -53.122 20.390 2.000
v 251.659 19.854 0.000
v 261.854 19.854 0.000
v 261.854 20.390 0.000
v 251.659 20.390 0.000
v 251.659 19.854 2.000
v 261.854 19.854 2.000
v 261.854 20.390 2.000
v 251.659 20.390 2.000
v -184.585 19.854 0.000
v -171.171 19.854 0.000
v -171.171 20.390 0.000
v -184.585 20.390 0.000
v -184.585 19.854 2.000
v -171.171 19.854 2.000
v -171.171 20.390 2.000
v -184.585 20.390 2.000
v 22.000 19.317 0.000
v 33.268 19.317 0.000
v 33.268 19.854 0.000
v 22.000 19.854 0.000
v 22.000 19.317 2.000
v 33.268 19.317 2.000
v 33.268 19.854 2.000
v 22.000 19.854 2.000
v -86.927 19.317 0.000
v -71.366 19.317 0.000
v -71.366 19.854 0.000
v -86.927 19.854 0.000
v -86.927 19.317 2.000
v -71.366 19.317 2.000
v -71.366 19.854 2.000
v -86.927 19.854 2.000
v 169.024 19.317 0.000
v 181.366 19.317 0.000
v 181.366 19.854 0.000
v 169.024 19.854 0.000
v 169.024 19.317 2.000
v 181.366 19.317 2.000
v 181.366 19.854 2.000
v 169.024 19.854 2.000
v 72.439 19.317 0.000
v 84.244 19.317 0.000
v 84.244 19.854 0.000
v 72.439 19.854 0.000
v 72.439 19.317 2.000
v 84.244 19.317 2.000
v 84.244 19.854 2.000
v 72.439 19.854 2.000
v 250.585 19.317 0.000
v 262.927 19.317 0.000
v 262.927 19.854 0.000
v 250.585 19.854 0.000
v 250.585 19.317 2.000
v 262.927 19.317 2.000
v 262.927 19.854 2.000
v 250.585 19.854 2.000
v -53.122 19.317 0.000
v -46.683 19.317 0.000
v -46.683 19.854 0.000
v -53.122 19.854 0.000
v -53.122 19.317 2.000
v -46.683 19.317 2.000
v -46.683 19.854 2.000
v -53.122 19.854 2.000
v 148.634 19.317 0.000
v 159.902 19.317 0.000
v 159.902 19.854 0.000
v 148.634 19.854 0.000
v 148.634 19.317 2.000
v 159.902 19.317 2.000
v 159.902 19.854 2.000
v 148.634 19.854 2.000
v -152.390 19.317 0.000
v -140.049 19.317 0.000
v -140.049 19.854 0.000
v -152.390 19.854 0.000
v -152.390 19.317 2.000
v -140.049 19.317 2.000
v -140.049 19.854 2.000
v -152.390 19.854 2.000
v 110.537 19.317 0.000
v 125.561 19.317 0.000
v 125.561 19.854 0.000
v 110.537 19.854 0.000
v 110.537 19.317 2.000
v 125.561 19.317 2.000
v 125.561 19.854 2.000
v 110.537 19.854 2.000
v -122.878 19.317 0.000
v -111.073 19.317 0.000
v -111.073 19.854 0.000
v -122.878 19.854 0.000
v -122.878 19.317 2.000
v -111.073 19.317 2.000
v -111.073 19.854 2.000
v -122.878 19.854 2.000
v -184.585 19.317 0.000
v -169.561 19.317 0.000
v -169.561 19.854 0.000
v -184.585 19.854 0.000
v -184.585 19.317 2.000
v -169.561 19.317 2.000
v -169.561 19.854 2.000
v -184.585 19.854 2.000
v 40.244 18.780 0.000
v 56.878 18.780 0.000
v 56.878 20.390 0.000
v 40.244 20.390 0.000
v 40.244 18.780 2.000
v 56.878 18.780 2.000
v 56.878 20.390 2.000
v 40.244 20.390 2.000
v -264.537 18.780 0.000
v -247.366 18.780 0.000
v -247.366 20.390 0.000
v -264.537 20.390 0.000
v -264.537 18.780 2.000
v -247.366 18.780 2.000
v -247.366 20.390 2.000
v -264.537 20.390 2.000
v 185.122 18.780 0.000
v 194.780 18.780 0.000
v 194.780 20.390 0.000
v 185.122 20.390 0.000
v 185.122 18.780 2.000
v 194.780 18.780 2.000
v 194.780 20.390 2.000
v 185.122 20.390 2.000
v -30.049 18.780 0.000
v -12.878 18.780 0.000
v -12.878 20.390 0.000
v -30.049 20.390 0.000
v -30.049 18.780 2.000
v -12.878 18.780 2.000
v -12.878 20.390 2.000
v -30.049 20.390 2.000
v -10.732 18.780 0.000
v 7.512 18.780 0.000
v 7.512 20.390 0.000
v -10.732 20.390 0.000
v -10.732 18.780 2.000
v 7.512 18.780 2.000
v 7.512 20.390 2.000
v -10.732 20.390 2.000
v 228.585 18.780 0.000
v 245.756 18.780 0.000
v 245.756 20.390 0.000
v 228.585 20.390 0.000
v 228.585 18.780 2.000
v 245.756 18.780 2.000
v 245.756 20.390 2.000
v 228.585 20.390 2.000
v -65.463 18.780 0.000
v -55.805 18.780 0.000
v -55.805 20.390 0.000
v -65.463 20.390 0.000
v -65.463 18.780 2.000
v -55.805 18.780 2.000
v -55.805 20.390 2.000
v -65.463 20.390 2.000
v -204.439 18.780 0.000
v -187.268 18.780 0.000
v -187.268 20.390 0.000
v -204.439 20.390 0.000
v -204.439 18.780 2.000
v -187.268 18.780 2.000
v -187.268 20.390 2.000
v -204.439 20.390 2.000
v -161.512 18.780 0.000
v -158.293 18.780 0.000
v -158.293 20.390 0.000
v -161.512 20.390 0.000
v -161.512 18.780 2.000
v -158.293 18.780 2.000
v -158.293 20.390 2.000
v -161.512 20.390 2.000
v 196.390 18.780 0.000
v 214.634 18.780 0.000
v 214.634 20.390 0.000
v 196.390 20.390 0.000
v 196.390 18.780 2.000
v 214.634 18.780 2.000
v 214.634 20.390 2.000
v 196.390 20.390 2.000
v -230.195 18.780 0.000
v -223.756 18.780 0.000
v -223.756 20.390 0.000
v -230.195 20.390 0.000
v -230.195 18.780 2.000
v -223.756 18.780 2.000
v -223.756 20.390 2.000
v -230.195 20.390 2.000
v 102.488 18.780 0.000
v 108.927 18.780 0.000
v 108.927 20.390 0.000
v 102.488 20.390 0.000
v 102.488 18.780 2.000
v 108.927 18.780 2.000
v 108.927 20.390 2.000
v 102.488 20.390 2.000
v -38.098 18.780 0.000
v -31.659 18.780 0.000
v -31.659 20.390 0.000
v -38.098 20.390 0.000
v -38.098 18.780 2.000
v -31.659 18.780 2.000
v -31.659 20.390 2.000
v -38.098 20.390 2.000
v -244.683 18.780 0.000
v -235.024 18.780 0.000
v -235.024 20.390 0.000
v -244.683 20.390 0.000
v -244.683 18.780 2.000
v -235.024 18.780 2.000
v -235.024 20.390 2.000
v -244.683 20.390 2.000
v -222.683 18.780 0.000
v -213.024 18.780 0.000
v -213.024 20.390 0.000
v -222.683 20.390 0.000
v -222.683 18.780 2.000
v -213.024 18.780 2.000
v -213.024 20.390 2.000
v -222.683 20.390 2.000
v 88.000 18.780 0.000
v 97.659 18.780 0.000
v 97.659 20.390 0.000
v 88.000 20.390 0.000
v 88.000 18.780 2.000
v 97.659 18.780 2.000
v 97.659 20.390 2.000
v 88.000 20.390 2.000
v 132.000 18.780 0.000
v 141.659 18.780 0.000
v 141.659 20.390 0.000
v 132.000 20.390 0.000
v 132.000 18.780 2.000
v 141.659 18.780 2.000
v 141.659 20.390 2.000
v 132.000 20.390 2.000
v 216.244 18.780 0.000
v 225.902 18.780 0.000
v 225.902 20.390 0.000
v 216.244 20.390 0.000
v 216.244 18.780 2.000
v 225.902 18.780 2.000
v 225.902 20.390 2.000
v 216.244 20.390 2.000
v -100.341 18.780 0.000
v -96.585 18.780 0.000
v -96.585 19.854 0.000
v -100.341 19.854 0.000
v -100.341 18.780 2.000
v -96.585 18.780 2.000
v -96.585 19.854 2.000
v -100.341 19.854 2.000
v 168.488 18.780 0.000
v 172.244 18.780 0.000
v 172.244 19.317 0.000
v 168.488 19.317 0.000
v 168.488 18.780 2.000
v 172.244 18.780 2.000
v 172.244 19.317 2.000
v 168.488 19.317 2.000
v 110.537 18.780 0.000
v 126.634 18.780 0.000
v 126.634 19.317 0.000
v 110.537 19.317 0.000
v 110.537 18.780 2.000
v 126.634 18.780 2.000
v 126.634 19.317 2.000
v 110.537 19.317 2.000
v -53.122 18.780 0.000
v -46.146 18.780 0.000
v -46.146 19.317 0.000
v -53.122 19.317 0.000
v -53.122 18.780 2.000
v -46.146 18.780 2.000
v -46.146 19.317 2.000
v -53.122 19.317 2.000
v 148.098 18.780 0.000
v 152.927 18.780 0.000
v 152.927 19.317 0.000
v 148.098 19.317 0.000
v 148.098 18.780 2.000
v 152.927 18.780 2.000
v 152.927 19.317 2.000
v 148.098 19.317 2.000
v -144.878 18.780 0.000
v -140.049 18.780 0.000
v -140.049 19.317 0.000
v -144.878 19.317 0.000
v -144.878 18.780 2.000
v -140.049 18.780 2.000
v -140.049 19.317 2.000
v -144.878 19.317 2.000
v 79.951 18.780 0.000
v 85.317 18.780 0.000
v 85.317 19.317 0.000
v 79.951 19.317 0.000
v 79.951 18.780 2.000
v 85.317 18.780 2.000
v 85.317 19.317 2.000
v 79.951 19.317 2.000
v -184.585 18.780 0.000
v -168.488 18.780 0.000
v -168.488 19.317 0.000
v -184.585 19.317 0.000
v -184.585 18.780 2.000
v -168.488 18.780 2.000
v -168.488 19.317 2.000
v -184.585 19.317 2.000
v 250.049 18.780 0.000
v 253.805 18.780 0.000
v 253.805 19.317 0.000
v 250.049 19.317 0.000
v 250.049 18.780 2.000
v 253.805 18.780 2.000
v 253.805 19.317 2.000
v 250.049 19.317 2.000
v -123.951 18.780 0.000
v -118.585 18.780 0.000
v -118.585 19.317 0.000
v -123.951 19.317 0.000
v -123.951 18.780 2.000
v -118.585 18.780 2.000
v -118.585 19.317 2.000
v -123.951 19.317 2.000
v -86.927 18.780 0.000
v -70.293 18.780 0.000
v -70.293 19.317 0.000
v -86.927 19.317 0.000
v -86.927 18.780 2.000
v -70.293 18.780 2.000
v -70.293 19.317 2.000
v -86.927 19.317 2.000
v 156.146 18.780 0.000
v 160.976 18.780 0.000
v 160.976 19.317 0.000
v 156.146 19.317 0.000
v 156.146 18.780 2.000
v 160.976 18.780 2.000
v 160.976 19.317 2.000
v 156.146 19.317 2.000
v -152.927 18.780 0.000
v -149.171 18.780 0.000
v -149.171 19.317 0.000
v -152.927 19.317 0.000
v -152.927 18.780 2.000
v -149.171 18.780 2.000
v -149.171 19.317 2.000
v -152.927 19.317 2.000
v 71.366 18.780 0.000
v 76.732 18.780 0.000
v 76.732 19.317 0.000
v 71.366 19.317 0.000
v 71.366 18.780 2.000
v 76.732 18.780 2.000
v 76.732 19.317 2.000
v 71.366 19.317 2.000
v 258.098 18.780 0.000
v 262.927 18.780 0.000
v 262.927 19.317 0.000
v 258.098 19.317 0.000
v 258.098 18.780 2.000
v 262.927 18.780 2.000
v 262.927 19.317 2.000
v 258.098 19.317 2.000
v 176.537 18.780 0.000
v 181.366 18.780 0.000
v 181.366 19.317 0.000
v 176.537 19.317 0.000
v 176.537 18.780 2.000
v 181.366 18.780 2.000
v 181.366 19.317 2.000
v 176.537 19.317 2.000
v 21.463 18.780 0.000
v 26.293 18.780 0.000
v 26.293 19.317 0.000
v 21.463 19.317 0.000
v 21.463 18.780 2.000
v 26.293 18.780 2.000
v 26.293 19.317 2.000
v 21.463 19.317 2.000
v -115.366 18.780 0.000
v -110.000 18.780 0.000
v -110.000 19.317 0.000
v -115.366 19.317 0.000
v -115.366 18.780 2.000
v -110.000 18.780 2.000
v -110.000 19.317 2.000
v -115.366 19.317 2.000
v 29.512 18.780 0.000
v 34.341 18.780 0.000
v 34.341 19.317 0.000
v 29.512 19.317 0.000
v 29.512 18.780 2.000
v 34.341 18.780 2.000
v 34.341 19.317 2.000
v 29.512 19.317 2.000
v 249.512 18.244 0.000
v 253.268 18.244 0.000
v 253.268 18.780 0.000
v 249.512 18.780 0.000
v 249.512 18.244 2.000
v 253.268 18.244 2.000
v 253.268 18.780 2.000
v 249.512 18.780 2.000
v 259.171 18.244 0.000
v 262.927 18.244 0.000
v 262.927 18.780 0.000
v 259.171 18.780 0.000
v 259.171 18.244 2.000
v 262.927 18.244 2.000
v 262.927 18.780 2.000
v 259.171 18.780 2.000
v -114.293 18.244 0.000
v -110.000 18.244 0.000
v -110.000 18.780 0.000
v -114.293 18.780 0.000
v -114.293 18.244 2.000
v -110.000 18.244 2.000
v -110.000 18.780 2.000
v -114.293 18.780 2.000
v 30.049 18.244 0.000
v 34.878 18.244 0.000
v 34.878 18.780 0.000
v 30.049 18.780 0.000
v 30.049 18.244 2.000
v 34.878 18.244 2.000
v 34.878 18.780 2.000
v 30.049 18.780 2.000
v 81.024 18.244 0.000
v 85.317 18.244 0.000
v 85.317 18.780 0.000
v 81.024 18.780 0.000
v 81.024 18.244 2.000
v 85.317 18.244 2.000
v 85.317 18.780 2.000
v 81.024 18.780 2.000
v 147.561 18.244 0.000
v 151.854 18.244 0.000
v 151.854 18.780 0.000
v 147.561 18.780 0.000
v 147.561 18.244 2.000
v 151.854 18.244 2.000
v 151.854 18.780 2.000
v 147.561 18.780 2.000
v -153.463 18.244 0.000
v -149.707 18.244 0.000
v -149.707 18.780 0.000
v -153.463 18.780 0.000
v -153.463 18.244 2.000
v -149.707 18.244 2.000
v -149.707 18.780 2.000
v -153.463 18.780 2.000
v -143.805 18.244 0.000
v -140.049 18.244 0.000
v -140.049 18.780 0.000
v -143.805 18.780 0.000
v -143.805 18.244 2.000
v -140.049 18.244 2.000
v -140.049 18.780 2.000
v -143.805 18.780 2.000
v -124.488 18.244 0.000
v -119.659 18.244 0.000
v -119.659 18.780 0.000
v -124.488 18.780 0.000
v -124.488 18.244 2.000
v -119.659 18.244 2.000
v -119.659 18.780 2.000
v -124.488 18.780 2.000
v -50.439 18.244 0.000
v -45.610 18.244 0.000
v -45.610 18.780 0.000
v -50.439 18.780 0.000
v -50.439 18.244 2.000
v -45.610 18.244 2.000
v -45.610 18.780 2.000
v -50.439 18.780 2.000
v -75.659 18.244 0.000
v -69.756 18.244 0.000
v -69.756 18.780 0.000
v -75.659 18.780 0.000
v -75.659 18.244 2.000
v -69.756 18.244 2.000
v -69.756 18.780 2.000
v -75.659 18.780 2.000
v 156.683 18.244 0.000
v 161.512 18.244 0.000
v 161.512 18.780 0.000
v 156.683 18.780 0.000
v 156.683 18.244 2.000
v 161.512 18.244 2.000
v 161.512 18.780 2.000
v 156.683 18.780 2.000
v 121.268 18.244 0.000
v 127.171 18.244 0.000
v 127.171 18.780 0.000
v 121.268 18.780 0.000
v 121.268 18.244 2.000
v 127.171 18.244 2.000
v 127.171 18.780 2.000
v 121.268 18.780 2.000
v 20.927 18.244 0.000
v 25.220 18.244 0.000
v 25.220 18.780 0.000
v 20.927 18.780 0.000
v 20.927 18.244 2.000
v 25.220 18.244 2.000
v 25.220 18.780 2.000
v 20.927 18.780 2.000
v -173.854 18.244 0.000
v -167.951 18.244 0.000
v -167.951 18.780 0.000
v -173.854 18.780 0.000
v -173.854 18.244 2.000
v -167.951 18.244 2.000
v -167.951 18.780 2.000
v -173.854 18.780 2.000
v 177.610 18.244 0.000
v 181.366 18.244 0.000
v 181.366 18.780 0.000
v 177.610 18.780 0.000
v 177.610 18.244 2.000
v 181.366 18.244 2.000
v 181.366 18.780 2.000
v 177.610 18.780 2.000
v -162.049 18.244 0.000
v -158.293 18.244 0.000
v -158.293 18.780 0.000
v -162.049 18.780 0.000
v -162.049 18.244 2.000
v -158.293 18.244 2.000
v -158.293 18.780 2.000
v -162.049 18.780 2.000
v 70.829 18.244 0.000
v 75.659 18.244 0.000
v 75.659 18.780 0.000
v 70.829 18.780 0.000
v 70.829 18.244 2.000
v 75.659 18.244 2.000
v 75.659 18.780 2.000
v 70.829 18.780 2.000
v 167.951 18.244 0.000
v 171.707 18.244 0.000
v 171.707 18.780 0.000
v 167.951 18.780 0.000
v 167.951 18.244 2.000
v 171.707 18.244 2.000
v 171.707 18.780 2.000
v 167.951 18.780 2.000
v -100.878 17.707 0.000
v -96.049 17.707 0.000
v -96.049 18.780 0.000
v -100.878 18.780 0.000
v -100.878 17.707 2.000
v -96.049 17.707 2.000
v -96.049 18.780 2.000
v -100.878 18.780 2.000
v 147.024 17.707 0.000
v 151.317 17.707 0.000
v 151.317 18.244 0.000
v 147.024 18.244 0.000
v 147.024 17.707 2.000
v 151.317 17.707 2.000
v 151.317 18.244 2.000
v 147.024 18.244 2.000
v 31.122 17.707 0.000
v 35.415 17.707 0.000
v 35.415 18.244 0.000
v 31.122 18.244 0.000
v 31.122 17.707 2.000
v 35.415 17.707 2.000
v 35.415 18.244 2.000
v 31.122 18.244 2.000
v -113.220 17.707 0.000
v -110.000 17.707 0.000
v -110.000 18.244 0.000
v -113.220 18.244 0.000
v -113.220 17.707 2.000
v -110.000 17.707 2.000
v -110.000 18.244 2.000
v -113.220 18.244 2.000
v -125.024 17.707 0.000
v -120.195 17.707 0.000
v -120.195 18.244 0.000
v -125.024 18.244 0.000
v -125.024 17.707 2.000
v -120.195 17.707 2.000
v -120.195 18.244 2.000
v -125.024 18.244 2.000
v -50.439 17.707 0.000
v -45.073 17.707 0.000
v -45.073 18.244 0.000
v -50.439 18.244 0.000
v -50.439 17.707 2.000
v -45.073 17.707 2.000
v -45.073 18.244 2.000
v -50.439 18.244 2.000
v 249.512 17.707 0.000
v 252.732 17.707 0.000
v 252.732 18.244 0.000
v 249.512 18.244 0.000
v 249.512 17.707 2.000
v 252.732 17.707 2.000
v 252.732 18.244 2.000
v 249.512 18.244 2.000
v 167.951 17.707 0.000
v 171.171 17.707 0.000
v 171.171 18.244 0.000
v 167.951 18.244 0.000
v 167.951 17.707 2.000
v 171.171 17.707 2.000
v 171.171 18.244 2.000
v 167.951 18.244 2.000
v 82.098 17.707 0.000
v 85.317 17.707 0.000
v 85.317 18.244 0.000
v 82.098 18.244 0.000
v 82.098 17.707 2.000
v 85.317 17.707 2.000
v 85.317 18.244 2.000
v 82.098 18.244 2.000
v 122.341 17.707 0.000
v 127.707 17.707 0.000
v 127.707 18.244 0.000
v 122.341 18.244 0.000
v 122.341 17.707 2.000
v 127.707 17.707 2.000
v 127.707 18.244 2.000
v 122.341 18.244 2.000
v 178.146 17.707 0.000
v 181.366 17.707 0.000
v 181.366 18.244 0.000
v 178.146 18.244 0.000
v 178.146 17.707 2.000
v 181.366 17.707 2.000
v 181.366 18.244 2.000
v 178.146 18.244 2.000
v -74.585 17.707 0.000
v -69.220 17.707 0.000
v -69.220 18.244 0.000
v -74.585 18.244 0.000
v -74.585 17.707 2.000
v -69.220 17.707 2.000
v -69.220 18.244 2.000
v -74.585 18.244 2.000
v 157.756 17.707 0.000
v 162.049 17.707 0.000
v 162.049 18.244 0.000
v 157.756 18.244 0.000
v 157.756 17.707 2.000
v 162.049 17.707 2.000
v 162.049 18.244 2.000
v 157.756 18.244 2.000
v 259.707 17.707 0.000
v 262.927 17.707 0.000
v 262.927 18.244 0.000
v 259.707 18.244 0.000
v 259.707 17.707 2.000
v 262.927 17.707 2.000
v 262.927 18.244 2.000
v 259.707 18.244 2.000
v 70.293 17.707 0.000
v 75.122 17.707 0.000
v 75.122 18.244 0.000
v 70.293 18.244 0.000
v 70.293 17.707 2.000
v 75.122 17.707 2.000
v 75.122 18.244 2.000
v 70.293 18.244 2.000
v -172.780 17.707 0.000
v -167.415 17.707 0.000
v -167.415 18.244 0.000
v -172.780 18.244 0.000
v -172.780 17.707 2.000
v -167.415 17.707 2.000
v -167.415 18.244 2.000
v -172.780 18.244 2.000
v -153.463 17.707 0.000
v -150.244 17.707 0.000
v -150.244 18.244 0.000
v -153.463 18.244 0.000
v -153.463 17.707 2.000
v -150.244 17.707 2.000
v -150.244 18.244 2.000
v -153.463 18.244 2.000
v 20.390 17.707 0.000
v 24.683 17.707 0.000
v 24.683 18.244 0.000
v 20.390 18.244 0.000
v 20.390 17.707 2.000
v 24.683 17.707 2.000
v 24.683 18.244 2.000
v 20.390 18.244 2.000
v -143.268 17.707 0.000
v -140.049 17.707 0.000
v -140.049 18.244 0.000
v -143.268 18.244 0.000
v -143.268 17.707 2.000
v -140.049 17.707 2.000
v -140.049 18.244 2.000
v -143.268 18.244 2.000
v 19.854 17.171 0.000
v 24.683 17.171 0.000
v 24.683 17.707 0.000
v 19.854 17.707 0.000
v 19.854 17.171 2.000
v 24.683 17.171 2.000
v 24.683 17.707 2.000
v 19.854 17.707 2.000
v -125.561 17.171 0.000
v -120.732 17.171 0.000
v -120.732 17.707 0.000
v -125.561 17.707 0.000
v -125.561 17.171 2.000
v -120.732 17.171 2.000
v -120.732 17.707 2.000
v -125.561 17.707 2.000
v 157.756 17.171 0.000
v 162.585 17.171 0.000
v 162.585 17.707 0.000
v 157.756 17.707 0.000
v 157.756 17.171 2.000
v 162.585 17.171 2.000
v 162.585 17.707 2.000
v 157.756 17.707 2.000
v -74.049 17.171 0.000
v -69.220 17.171 0.000
v -69.220 17.707 0.000
v -74.049 17.707 0.000
v -74.049 17.171 2.000
v -69.220 17.171 2.000
v -69.220 17.707 2.000
v -74.049 17.707 2.000
v -172.244 17.171 0.000
v -167.415 17.171 0.000
v -167.415 17.707 0.000
v -172.244 17.707 0.000
v -172.244 17.171 2.000
v -167.415 17.171 2.000
v -167.415 17.707 2.000
v -172.244 17.707 2.000
v 260.244 17.171 0.000
v 262.927 17.171 0.000
v 262.927 17.707 0.000
v 260.244 17.707 0.000
v 260.244 17.171 2.000
v 262.927 17.171 2.000
v 262.927 17.707 2.000
v 260.244 17.707 2.000
v -142.732 17.171 0.000
v -140.049 17.171 0.000
v -140.049 17.707 0.000
v -142.732 17.707 0.000
v -142.732 17.171 2.000
v -140.049 17.171 2.000
v -140.049 17.707 2.000
v -142.732 17.707 2.000
v 146.488 17.171 0.000
v 151.317 17.171 0.000
v 151.317 17.707 0.000
v 146.488 17.707 0.000
v 146.488 17.171 2.000
v 151.317 17.171 2.000
v 151.317 17.707 2.000
v 146.488 17.707 2.000
v 69.756 17.171 0.000
v 74.585 17.171 0.000
v 74.585 17.707 0.000
v 69.756 17.707 0.000
v 69.756 17.171 2.000
v 74.585 17.171 2.000
v 74.585 17.707 2.000
v 69.756 17.707 2.000
v 178.683 17.171 0.000
v 181.366 17.171 0.000
v 181.366 17.707 0.000
v 178.683 17.707 0.000
v 178.683 17.171 2.000
v 181.366 17.171 2.000
v 181.366 17.707 2.000
v 178.683 17.707 2.000
v 31.122 17.171 0.000
v 35.951 17.171 0.000
v 35.951 17.707 0.000
v 31.122 17.707 0.000
v 31.122 17.171 2.000
v 35.951 17.171 2.000
v 35.951 17.707 2.000
v 31.122 17.707 2.000
v -50.439 17.171 0.000
v -44.537 17.171 0.000
v -44.537 17.707 0.000
v -50.439 17.707 0.000
v -50.439 17.171 2.000
v -44.537 17.171 2.000
v -44.537 17.707 2.000
v -50.439 17.707 2.000
v 122.878 17.171 0.000
v 127.707 17.171 0.000
v 127.707 17.707 0.000
v 122.878 17.707 0.000
v 122.878 17.171 2.000
v 127.707 17.171 2.000
v 127.707 17.707 2.000
v 122.878 17.707 2.000
v -162.049 16.634 0.000
v -158.829 16.634 0.000
v -158.829 18.244 0.000
v -162.049 18.244 0.000
v -162.049 16.634 2.000
v -158.829 16.634 2.000
v -158.829 18.244 2.000
v -162.049 18.244 2.000
v 82.634 16.634 0.000
v 85.317 16.634 0.000
v 85.317 17.707 0.000
v 82.634 17.707 0.000
v 82.634 16.634 2.000
v 85.317 16.634 2.000
v 85.317 17.707 2.000
v 82.634 17.707 2.000
v 167.415 16.634 0.000
v 170.634 16.634 0.000
v 170.634 17.707 0.000
v 167.415 17.707 0.000
v 167.415 16.634 2.000
v 170.634 16.634 2.000
v 170.634 17.707 2.000
v 167.415 17.707 2.000
v 248.976 16.634 0.000
v 252.195 16.634 0.000
v 252.195 17.707 0.000
v 248.976 17.707 0.000
v 248.976 16.634 2.000
v 252.195 16.634 2.000
v 252.195 17.707 2.000
v 248.976 17.707 2.000
v -154.000 16.634 0.000
v -150.780 16.634 0.000
v -150.780 17.707 0.000
v -154.000 17.707 0.000
v -154.000 16.634 2.000
v -150.780 16.634 2.000
v -150.780 17.707 2.000
v -154.000 17.707 2.000
v -112.683 16.634 0.000
v -110.000 16.634 0.000
v -110.000 17.707 0.000
v -112.683 17.707 0.000
v -112.683 16.634 2.000
v -110.000 16.634 2.000
v -110.000 17.707 2.000
v -112.683 17.707 2.000
v 69.220 16.634 0.000
v 74.049 16.634 0.000
v 74.049 17.171 0.000
v 69.220 17.171 0.000
v 69.220 16.634 2.000
v 74.049 16.634 2.000
v 74.049 17.171 2.000
v 69.220 17.171 2.000
v 145.951 16.634 0.000
v 150.780 16.634 0.000
v 150.780 17.171 0.000
v 145.951 17.171 0.000
v 145.951 16.634 2.000
v 150.780 16.634 2.000
v 150.780 17.171 2.000
v 145.951 17.171 2.000
v -74.049 16.634 0.000
v -68.683 16.634 0.000
v -68.683 17.171 0.000
v -74.049 17.171 0.000
v -74.049 16.634 2.000
v -68.683 16.634 2.000
v -68.683 17.171 2.000
v -74.049 17.171 2.000
v 19.317 16.634 0.000
v 24.146 16.634 0.000
v 24.146 17.171 0.000
v 19.317 17.171 0.000
v 19.317 16.634 2.000
v 24.146 16.634 2.000
v 24.146 17.171 2.000
v 19.317 17.171 2.000
v -126.098 16.634 0.000
v -121.268 16.634 0.000
v -121.268 17.171 0.000
v -126.098 17.171 0.000
v -126.098 16.634 2.000
v -121.268 16.634 2.000
v -121.268 17.171 2.000
v -126.098 17.171 2.000
v -249.512 16.098 0.000
v -247.366 16.098 0.000
v -247.366 18.780 0.000
v -249.512 18.780 0.000
v -249.512 16.098 2.000
v -247.366 16.098 2.000
v -247.366 18.780 2.000
v -249.512 18.780 2.000
v 55.268 16.098 0.000
v 56.878 16.098 0.000
v 56.878 18.780 0.000
v 55.268 18.780 0.000
v 55.268 16.098 2.000
v 56.878 16.098 2.000
v 56.878 18.780 2.000
v 55.268 18.780 2.000
v 243.610 16.098 0.000
v 245.756 16.098 0.000
v 245.756 18.780 0.000
v 243.610 18.780 0.000
v 243.610 16.098 2.000
v 245.756 16.098 2.000
v 245.756 18.780 2.000
v 243.610 18.780 2.000
v -15.024 16.098 0.000
v -12.878 16.098 0.000
v -12.878 18.780 0.000
v -15.024 18.780 0.000
v -15.024 16.098 2.000
v -12.878 16.098 2.000
v -12.878 18.780 2.000
v -15.024 18.780 2.000
v -10.732 16.098 0.000
v -9.122 16.098 0.000
v -9.122 18.780 0.000
v -10.732 18.780 0.000
v -10.732 16.098 2.000
v -9.122 16.098 2.000
v -9.122 18.780 2.000
v -10.732 18.780 2.000
v 196.390 16.098 0.000
v 198.000 16.098 0.000
v 198.000 18.780 0.000
v 196.390 18.780 0.000
v 196.390 16.098 2.000
v 198.000 16.098 2.000
v 198.000 18.780 2.000
v 196.390 18.780 2.000
v -189.415 16.098 0.000
v -187.268 16.098 0.000
v -187.268 18.780 0.000
v -189.415 18.780 0.000
v -189.415 16.098 2.000
v -187.268 16.098 2.000
v -187.268 18.780 2.000
v -189.415 18.780 2.000
v -101.415 16.098 0.000
v -95.512 16.098 0.000
v -95.512 17.707 0.000
v -101.415 17.707 0.000
v -101.415 16.098 2.000
v -95.512 16.098 2.000
v -95.512 17.707 2.000
v -101.415 17.707 2.000
v 31.659 16.098 0.000
v 36.488 16.098 0.000
v 36.488 17.171 0.000
v 31.659 17.171 0.000
v 31.659 16.098 2.000
v 36.488 16.098 2.000
v 36.488 17.171 2.000
v 31.659 17.171 2.000
v 158.293 16.098 0.000
v 163.122 16.098 0.000
v 163.122 17.171 0.000
v 158.293 17.171 0.000
v 158.293 16.098 2.000
v 163.122 16.098 2.000
v 163.122 17.171 2.000
v 158.293 17.171 2.000
v -50.439 16.098 0.000
v -44.000 16.098 0.000
v -44.000 17.171 0.000
v -50.439 17.171 0.000
v -50.439 16.098 2.000
v -44.000 16.098 2.000
v -44.000 17.171 2.000
v -50.439 17.171 2.000
v 122.878 16.098 0.000
v 128.244 16.098 0.000
v 128.244 17.171 0.000
v 122.878 17.171 0.000
v 122.878 16.098 2.000
v 128.244 16.098 2.000
v 128.244 17.171 2.000
v 122.878 17.171 2.000
v -172.244 16.098 0.000
v -166.878 16.098 0.000
v -166.878 17.171 0.000
v -172.244 17.171 0.000
v -172.244 16.098 2.000
v -166.878 16.098 2.000
v -166.878 17.171 2.000
v -172.244 17.171 2.000
v -126.634 16.098 0.000
v -121.268 16.098 0.000
v -121.268 16.634 0.000
v -126.634 16.634 0.000
v -126.634 16.098 2.000
v -121.268 16.098 2.000
v -121.268 16.634 2.000
v -126.634 16.634 2.000
v 18.780 16.098 0.000
v 24.146 16.098 0.000
v 24.146 16.634 0.000
v 18.780 16.634 0.000
v 18.780 16.098 2.000
v 24.146 16.098 2.000
v 24.146 16.634 2.000
v 18.780 16.634 2.000
v 68.683 16.098 0.000
v 74.049 16.098 0.000
v 74.049 16.634 0.000
v 68.683 16.634 0.000
v 68.683 16.098 2.000
v 74.049 16.098 2.000
v 74.049 16.634 2.000
v 68.683 16.634 2.000
v 145.415 16.098 0.000
v 150.780 16.098 0.000
v 150.780 16.634 0.000
v 145.415 16.634 0.000
v 145.415 16.098 2.000
v 150.780 16.098 2.000
v 150.780 16.634 2.000
v 145.415 16.634 2.000
v 5.902 15.561 0.000
v 7.512 15.561 0.000
v 7.512 18.780 0.000
v 5.902 18.780 0.000
v 5.902 15.561 2.000
v 7.512 15.561 2.000
v 7.512 18.780 2.000
v 5.902 18.780 2.000
v 213.024 15.561 0.000
v 214.634 15.561 0.000
v 214.634 18.780 0.000
v 213.024 18.780 0.000
v 213.024 15.561 2.000
v 214.634 15.561 2.000
v 214.634 18.780 2.000
v 213.024 18.780 2.000
v -142.195 15.561 0.000
v -140.049 15.561 0.000
v -140.049 17.171 0.000
v -142.195 17.171 0.000
v -142.195 15.561 2.000
v -140.049 15.561 2.000
v -140.049 17.171 2.000
v -142.195 17.171 2.000
v 179.220 15.561 0.000
v 181.366 15.561 0.000
v 181.366 17.171 0.000
v 179.220 17.171 0.000
v 179.220 15.561 2.000
v 181.366 15.561 2.000
v 181.366 17.171 2.000
v 179.220 17.171 2.000
v 260.780 15.561 0.000
v 262.927 15.561 0.000
v 262.927 17.171 0.000
v 260.780 17.171 0.000
v 260.780 15.561 2.000
v 262.927 15.561 2.000
v 262.927 17.171 2.000
v 260.780 17.171 2.000
v -154.537 15.561 0.000
v -150.780 15.561 0.000
v -150.780 16.634 0.000
v -154.537 16.634 0.000
v -154.537 15.561 2.000
v -150.780 15.561 2.000
v -150.780 16.634 2.000
v -154.537 16.634 2.000
v -162.585 15.561 0.000
v -159.366 15.561 0.000
v -159.366 16.634 0.000
v -162.585 16.634 0.000
v -162.585 15.561 2.000
v -159.366 15.561 2.000
v -159.366 16.634 2.000
v -162.585 16.634 2.000
v 166.878 15.561 0.000
v 170.634 15.561 0.000
v 170.634 16.634 0.000
v 166.878 16.634 0.000
v 166.878 15.561 2.000
v 170.634 15.561 2.000
v 170.634 16.634 2.000
v 166.878 16.634 2.000
v 248.439 15.561 0.000
v 252.195 15.561 0.000
v 252.195 16.634 0.000
v 248.439 16.634 0.000
v 248.439 15.561 2.000
v 252.195 15.561 2.000
v 252.195 16.634 2.000
v 248.439 16.634 2.000
v 196.390 15.561 0.000
v 197.463 15.561 0.000
v 197.463 16.098 0.000
v 196.390 16.098 0.000
v 196.390 15.561 2.000
v 197.463 15.561 2.000
v 197.463 16.098 2.000
v 196.390 16.098 2.000
v 145.415 15.561 0.000
v 150.244 15.561 0.000
v 150.244 16.098 0.000
v 145.415 16.098 0.000
v 145.415 15.561 2.000
v 150.244 15.561 2.000
v 150.244 16.098 2.000
v 145.415 16.098 2.000
v -50.439 15.561 0.000
v -43.463 15.561 0.000
v -43.463 16.098 0.000
v -50.439 16.098 0.000
v -50.439 15.561 2.000
v -43.463 15.561 2.000
v -43.463 16.098 2.000
v -50.439 16.098 2.000
v -101.951 15.561 0.000
v -94.976 15.561 0.000
v -94.976 16.098 0.000
v -101.951 16.098 0.000
v -101.951 15.561 2.000
v -94.976 15.561 2.000
v -94.976 16.098 2.000
v -101.951 16.098 2.000
v -126.634 15.561 0.000
v -121.805 15.561 0.000
v -121.805 16.098 0.000
v -126.634 16.098 0.000
v -126.634 15.561 2.000
v -121.805 15.561 2.000
v -121.805 16.098 2.000
v -126.634 16.098 2.000
v 18.780 15.561 0.000
v 23.610 15.561 0.000
v 23.610 16.098 0.000
v 18.780 16.098 0.000
v 18.780 15.561 2.000
v 23.610 15.561 2.000
v 23.610 16.098 2.000
v 18.780 16.098 2.000
v -10.732 15.561 0.000
v -9.659 15.561 0.000
v -9.659 16.098 0.000
v -10.732 16.098 0.000
v -10.732 15.561 2.000
v -9.659 15.561 2.000
v -9.659 16.098 2.000
v -10.732 16.098 2.000
v 68.683 15.561 0.000
v 73.512 15.561 0.000
v 73.512 16.098 0.000
v 68.683 16.098 0.000
v 68.683 15.561 2.000
v 73.512 15.561 2.000
v 73.512 16.098 2.000
v 68.683 16.098 2.000
v -73.512 15.024 0.000
v -68.683 15.024 0.000
v -68.683 16.634 0.000
v -73.512 16.634 0.000
v -73.512 15.024 2.000
v -68.683 15.024 2.000
v -68.683 16.634 2.000
v -73.512 16.634 2.000
v -112.146 15.024 0.000
v -110.000 15.024 0.000
v -110.000 16.634 0.000
v -112.146 16.634 0.000
v -112.146 15.024 2.000
v -110.000 15.024 2.000
v -110.000 16.634 2.000
v -112.146 16.634 2.000
v 83.171 15.024 0.000
v 85.317 15.024 0.000
v 85.317 16.634 0.000
v 83.171 16.634 0.000
v 83.171 15.024 2.000
v 85.317 15.024 2.000
v 85.317 16.634 2.000
v 83.171 16.634 2.000
v 32.195 15.024 0.000
v 37.024 15.024 0.000
v 37.024 16.098 0.000
v 32.195 16.098 0.000
v 32.195 15.024 2.000
v 37.024 15.024 2.000
v 37.024 16.098 2.000
v 32.195 16.098 2.000
v 158.829 15.024 0.000
v 163.659 15.024 0.000
v 163.659 16.098 0.000
v 158.829 16.098 0.000
v 158.829 15.024 2.000
v 163.659 15.024 2.000
v 163.659 16.098 2.000
v 158.829 16.098 2.000
v 166.878 15.024 0.000
v 171.171 15.024 0.000
v 171.171 15.561 0.000
v 166.878 15.561 0.000
v 166.878 15.024 2.000
v 171.171 15.024 2.000
v 171.171 15.561 2.000
v 166.878 15.561 2.000
v 248.439 15.024 0.000
v 252.732 15.024 0.000
v 252.732 15.561 0.000
v 248.439 15.561 0.000
v 248.439 15.024 2.000
v 252.732 15.024 2.000
v 252.732 15.561 2.000
v 248.439 15.561 2.000
v -99.805 15.024 0.000
v -94.976 15.024 0.000
v -94.976 15.561 0.000
v -99.805 15.561 0.000
v -99.805 15.024 2.000
v -94.976 15.024 2.000
v -94.976 15.561 2.000
v -99.805 15.561 2.000
v -101.951 15.024 0.000
v -100.341 15.024 0.000
v -100.341 15.561 0.000
v -101.951 15.561 0.000
v -101.951 15.024 2.000
v -100.341 15.024 2.000
v -100.341 15.561 2.000
v -101.951 15.561 2.000
v -163.122 15.024 0.000
v -159.902 15.024 0.000
v -159.902 15.561 0.000
v -163.122 15.561 0.000
v -163.122 15.024 2.000
v -159.902 15.024 2.000
v -159.902 15.561 2.000
v -163.122 15.561 2.000
v -154.537 15.024 0.000
v -150.244 15.024 0.000
v -150.244 15.561 0.000
v -154.537 15.561 0.000
v -154.537 15.024 2.000
v -150.244 15.024 2.000
v -150.244 15.561 2.000
v -154.537 15.561 2.000
v -50.439 15.024 0.000
v -42.927 15.024 0.000
v -42.927 15.561 0.000
v -50.439 15.561 0.000
v -50.439 15.024 2.000
v -42.927 15.024 2.000
v -42.927 15.561 2.000
v -50.439 15.561 2.000
v 123.415 14.488 0.000
v 128.244 14.488 0.000
v 128.244 16.098 0.000
v 123.415 16.098 0.000
v 123.415 14.488 2.000
v 128.244 14.488 2.000
v 128.244 16.098 2.000
v 123.415 16.098 2.000
v -171.707 14.488 0.000
v -166.878 14.488 0.000
v -166.878 16.098 0.000
v -171.707 16.098 0.000
v -171.707 14.488 2.000
v -166.878 14.488 2.000
v -166.878 16.098 2.000
v -171.707 16.098 2.000
v 18.244 14.488 0.000
v 23.610 14.488 0.000
v 23.610 15.561 0.000
v 18.244 15.561 0.000
v 18.244 14.488 2.000
v 23.610 14.488 2.000
v 23.610 15.561 2.000
v 18.244 15.561 2.000
v 144.878 14.488 0.000
v 150.244 14.488 0.000
v 150.244 15.561 0.000
v 144.878 15.561 0.000
v 144.878 14.488 2.000
v 150.244 14.488 2.000
v 150.244 15.561 2.000
v 144.878 15.561 2.000
v -102.488 14.488 0.000
v -100.341 14.488 0.000
v -100.341 15.024 0.000
v -102.488 15.024 0.000
v -102.488 14.488 2.000
v -100.341 14.488 2.000
v -100.341 15.024 2.000
v -102.488 15.024 2.000
v 83.707 14.488 0.000
v 85.317 14.488 0.000
v 85.317 15.024 0.000
v 83.707 15.024 0.000
v 83.707 14.488 2.000
v 85.317 14.488 2.000
v 85.317 15.024 2.000
v 83.707 15.024 2.000
v -99.805 14.488 0.000
v -94.439 14.488 0.000
v -94.439 15.024 0.000
v -99.805 15.024 0.000
v -99.805 14.488 2.000
v -94.439 14.488 2.000
v -94.439 15.024 2.000
v -99.805 15.024 2.000
v -154.537 14.488 0.000
v -149.707 14.488 0.000
v -149.707 15.024 0.000
v -154.537 15.024 0.000
v -154.537 14.488 2.000
v -149.707 14.488 2.000
v -149.707 15.024 2.000
v -154.537 15.024 2.000
v 248.439 14.488 0.000
v 253.268 14.488 0.000
v 253.268 15.024 0.000
v 248.439 15.024 0.000
v 248.439 14.488 2.000
v 253.268 14.488 2.000
v 253.268 15.024 2.000
v 248.439 15.024 2.000
v -50.439 14.488 0.000
v -42.390 14.488 0.000
v -42.390 15.024 0.000
v -50.439 15.024 0.000
v -50.439 14.488 2.000
v -42.390 14.488 2.000
v -42.390 15.024 2.000
v -50.439 15.024 2.000
v -163.659 14.488 0.000
v -160.439 14.488 0.000
v -160.439 15.024 0.000
v -163.659 15.024 0.000
v -163.659 14.488 2.000
v -160.439 14.488 2.000
v -160.439 15.024 2.000
v -163.659 15.024 2.000
v -111.610 14.488 0.000
v -110.000 14.488 0.000
v -110.000 15.024 0.000
v -111.610 15.024 0.000
v -111.610 14.488 2.000
v -110.000 14.488 2.000
v -110.000 15.024 2.000
v -111.610 15.024 2.000
v 166.878 14.488 0.000
v 171.707 14.488 0.000
v 171.707 15.024 0.000
v 166.878 15.024 0.000
v 166.878 14.488 2.000
v 171.707 14.488 2.000
v 171.707 15.024 2.000
v 166.878 15.024 2.000
v -127.171 13.951 0.000
v -121.805 13.951 0.000
v -121.805 15.561 0.000
v -127.171 15.561 0.000
v -127.171 13.951 2.000
v -121.805 13.951 2.000
v -121.805 15.561 2.000
v -127.171 15.561 2.000
v 68.146 13.951 0.000
v 73.512 13.951 0.000
v 73.512 15.561 0.000
v 68.146 15.561 0.000
v 68.146 13.951 2.000
v 73.512 13.951 2.000
v 73.512 15.561 2.000
v 68.146 15.561 2.000
v -74.049 13.951 0.000
v -69.220 13.951 0.000
v -69.220 15.024 0.000
v -74.049 15.024 0.000
v -74.049 13.951 2.000
v -69.220 13.951 2.000
v -69.220 15.024 2.000
v -74.049 15.024 2.000
v 166.878 13.951 0.000
v 172.780 13.951 0.000
v 172.780 14.488 0.000
v 166.878 14.488 0.000
v 166.878 13.951 2.000
v 172.780 13.951 2.000
v 172.780 14.488 2.000
v 166.878 14.488 2.000
v 248.439 13.951 0.000
v 254.341 13.951 0.000
v 254.341 14.488 0.000
v 248.439 14.488 0.000
v 248.439 13.951 2.000
v 254.341 13.951 2.000
v 254.341 14.488 2.000
v 248.439 14.488 2.000
v -48.293 13.951 0.000
v -41.854 13.951 0.000
v -41.854 14.488 0.000
v -48.293 14.488 0.000
v -48.293 13.951 2.000
v -41.854 13.951 2.000
v -41.854 14.488 2.000
v -48.293 14.488 2.000
v 122.878 13.951 0.000
v 128.244 13.951 0.000
v 128.244 14.488 0.000
v 122.878 14.488 0.000
v 122.878 13.951 2.000
v 128.244 13.951 2.000
v 128.244 14.488 2.000
v 122.878 14.488 2.000
v -154.537 13.951 0.000
v -148.634 13.951 0.000
v -148.634 14.488 0.000
v -154.537 14.488 0.000
v -154.537 13.951 2.000
v -148.634 13.951 2.000
v -148.634 14.488 2.000
v -154.537 14.488 2.000
v -172.244 13.951 0.000
v -166.878 13.951 0.000
v -166.878 14.488 0.000
v -172.244 14.488 0.000
v -172.244 13.951 2.000
v -166.878 13.951 2.000
v -166.878 14.488 2.000
v -172.244 14.488 2.000
v -163.659 13.951 0.000
v -160.976 13.951 0.000
v -160.976 14.488 0.000
v -163.659 14.488 0.000
v -163.659 13.951 2.000
v -160.976 13.951 2.000
v -160.976 14.488 2.000
v -163.659 14.488 2.000
v 158.829 13.415 0.000
v 164.195 13.415 0.000
v 164.195 15.024 0.000
v 158.829 15.024 0.000
v 158.829 13.415 2.000
v 164.195 13.415 2.000
v 164.195 15.024 2.000
v 158.829 15.024 2.000
v 32.195 13.415 0.000
v 37.561 13.415 0.000
v 37.561 15.024 0.000
v 32.195 15.024 0.000
v 32.195 13.415 2.000
v 37.561 13.415 2.000
v 37.561 15.024 2.000
v 32.195 15.024 2.000
v -102.488 13.415 0.000
v -100.878 13.415 0.000
v -100.878 14.488 0.000
v -102.488 14.488 0.000
v -102.488 13.415 2.000
v -100.878 13.415 2.000
v -100.878 14.488 2.000
v -102.488 14.488 2.000
v 18.244 13.415 0.000
v 23.073 13.415 0.000
v 23.073 14.488 0.000
v 18.244 14.488 0.000
v 18.244 13.415 2.000
v 23.073 13.415 2.000
v 23.073 14.488 2.000
v 18.244 14.488 2.000
v -99.268 13.415 0.000
v -94.439 13.415 0.000
v -94.439 14.488 0.000
v -99.268 14.488 0.000
v -99.268 13.415 2.000
v -94.439 13.415 2.000
v -94.439 14.488 2.000
v -99.268 14.488 2.000
v 144.878 13.415 0.000
v 149.707 13.415 0.000
v 149.707 14.488 0.000
v 144.878 14.488 0.000
v 144.878 13.415 2.000
v 149.707 13.415 2.000
v 149.707 14.488 2.000
v 144.878 14.488 2.000
v 166.878 13.415 0.000
v 174.390 13.415 0.000
v 174.390 13.951 0.000
v 166.878 13.951 0.000
v 166.878 13.415 2.000
v 174.390 13.415 2.000
v 174.390 13.951 2.000
v 166.878 13.951 2.000
v 248.439 13.415 0.000
v 255.951 13.415 0.000
v 255.951 13.951 0.000
v 248.439 13.951 0.000
v 248.439 13.415 2.000
v 255.951 13.415 2.000
v 255.951 13.951 2.000
v 248.439 13.951 2.000
v -127.171 13.415 0.000
v -122.341 13.415 0.000
v -122.341 13.951 0.000
v -127.171 13.951 0.000
v -127.171 13.415 2.000
v -122.341 13.415 2.000
v -122.341 13.951 2.000
v -127.171 13.951 2.000
v -163.122 13.415 0.000
v -161.512 13.415 0.000
v -161.512 13.951 0.000
v -163.122 13.951 0.000
v -163.122 13.415 2.000
v -161.512 13.415 2.000
v -161.512 13.951 2.000
v -163.122 13.951 2.000
v -47.756 13.415 0.000
v -41.317 13.415 0.000
v -41.317 13.951 0.000
v -47.756 13.951 0.000
v -47.756 13.415 2.000
v -41.317 13.415 2.000
v -41.317 13.951 2.000
v -47.756 13.951 2.000
v 68.146 13.415 0.000
v 72.976 13.415 0.000
v 72.976 13.951 0.000
v 68.146 13.951 0.000
v 68.146 13.415 2.000
v 72.976 13.415 2.000
v 72.976 13.951 2.000
v 68.146 13.951 2.000
v -154.537 13.415 0.000
v -147.024 13.415 0.000
v -147.024 13.951 0.000
v -154.537 13.951 0.000
v -154.537 13.415 2.000
v -147.024 13.415 2.000
v -147.024 13.951 2.000
v -154.537 13.951 2.000
v -74.585 13.415 0.000
v -69.756 13.415 0.000
v -69.756 13.951 0.000
v -74.585 13.951 0.000
v -74.585 13.415 2.000
v -69.756 13.415 2.000
v -69.756 13.951 2.000
v -74.585 13.951 2.000
v -84.244 12.878 0.000
v -79.415 12.878 0.000
v -79.415 18.780 0.000
v -84.244 18.780 0.000
v -84.244 12.878 2.000
v -79.415 12.878 2.000
v -79.415 18.780 2.000
v -84.244 18.780 2.000
v -172.244 12.878 0.000
v -167.415 12.878 0.000
v -167.415 13.951 0.000
v -172.244 13.951 0.000
v -172.244 12.878 2.000
v -167.415 12.878 2.000
v -167.415 13.951 2.000
v -172.244 13.951 2.000
v 122.878 12.878 0.000
v 127.707 12.878 0.000
v 127.707 13.951 0.000
v 122.878 13.951 0.000
v 122.878 12.878 2.000
v 127.707 12.878 2.000
v 127.707 13.951 2.000
v 122.878 13.951 2.000
v -163.122 12.878 0.000
v -162.049 12.878 0.000
v -162.049 13.415 0.000
v -163.122 13.415 0.000
v -163.122 12.878 2.000
v -162.049 12.878 2.000
v -162.049 13.415 2.000
v -163.122 13.415 2.000
v -47.220 12.878 0.000
v -40.780 12.878 0.000
v -40.780 13.415 0.000
v -47.220 13.415 0.000
v -47.220 12.878 2.000
v -40.780 12.878 2.000
v -40.780 13.415 2.000
v -47.220 13.415 2.000
v 32.732 12.878 0.000
v 37.561 12.878 0.000
v 37.561 13.415 0.000
v 32.732 13.415 0.000
v 32.732 12.878 2.000
v 37.561 12.878 2.000
v 37.561 13.415 2.000
v 32.732 13.415 2.000
v -99.268 12.878 0.000
v -93.902 12.878 0.000
v -93.902 13.415 0.000
v -99.268 13.415 0.000
v -99.268 12.878 2.000
v -93.902 12.878 2.000
v -93.902 13.415 2.000
v -99.268 13.415 2.000
v 167.415 12.878 0.000
v 176.537 12.878 0.000
v 176.537 13.415 0.000
v 167.415 13.415 0.000
v 167.415 12.878 2.000
v 176.537 12.878 2.000
v 176.537 13.415 2.000
v 167.415 13.415 2.000
v 248.976 12.878 0.000
v 258.098 12.878 0.000
v 258.098 13.415 0.000
v 248.976 13.415 0.000
v 248.976 12.878 2.000
v 258.098 12.878 2.000
v 258.098 13.415 2.000
v 248.976 13.415 2.000
v 159.366 12.878 0.000
v 164.195 12.878 0.000
v 164.195 13.415 0.000
v 159.366 13.415 0.000
v 159.366 12.878 2.000
v 164.195 12.878 2.000
v 164.195 13.415 2.000
v 159.366 13.415 2.000
v -75.659 12.878 0.000
v -70.293 12.878 0.000
v -70.293 13.415 0.000
v -75.659 13.415 0.000
v -75.659 12.878 2.000
v -70.293 12.878 2.000
v -70.293 13.415 2.000
v -75.659 13.415 2.000
v -154.000 12.878 0.000
v -144.878 12.878 0.000
v -144.878 13.415 0.000
v -154.000 13.415 0.000
v -154.000 12.878 2.000
v -144.878 12.878 2.000
v -144.878 13.415 2.000
v -154.000 13.415 2.000
v -201.756 12.341 0.000
v -196.927 12.341 0.000
v -196.927 18.780 0.000
v -201.756 18.780 0.000
v -201.756 12.341 2.000
v -196.927 12.341 2.000
v -196.927 18.780 2.000
v -201.756 18.780 2.000
v 42.927 12.341 0.000
v 47.756 12.341 0.000
v 47.756 18.780 0.000
v 42.927 18.780 0.000
v 42.927 12.341 2.000
v 47.756 12.341 2.000
v 47.756 18.780 2.000
v 42.927 18.780 2.000
v -27.366 12.341 0.000
v -22.537 12.341 0.000
v -22.537 18.780 0.000
v -27.366 18.780 0.000
v -27.366 12.341 2.000
v -22.537 12.341 2.000
v -22.537 18.780 2.000
v -27.366 18.780 2.000
v -261.854 12.341 0.000
v -257.024 12.341 0.000
v -257.024 18.780 0.000
v -261.854 18.780 0.000
v -261.854 12.341 2.000
v -257.024 12.341 2.000
v -257.024 18.780 2.000
v -261.854 18.780 2.000
v 231.268 12.341 0.000
v 236.098 12.341 0.000
v 236.098 18.780 0.000
v 231.268 18.780 0.000
v 231.268 12.341 2.000
v 236.098 12.341 2.000
v 236.098 18.780 2.000
v 231.268 18.780 2.000
v -192.098 12.341 0.000
v -190.488 12.341 0.000
v -190.488 14.488 0.000
v -192.098 14.488 0.000
v -192.098 12.341 2.000
v -190.488 12.341 2.000
v -190.488 14.488 2.000
v -192.098 14.488 2.000
v 52.585 12.341 0.000
v 54.195 12.341 0.000
v 54.195 14.488 0.000
v 52.585 14.488 0.000
v 52.585 12.341 2.000
v 54.195 12.341 2.000
v 54.195 14.488 2.000
v 52.585 14.488 2.000
v -252.195 12.341 0.000
v -250.585 12.341 0.000
v -250.585 14.488 0.000
v -252.195 14.488 0.000
v -252.195 12.341 2.000
v -250.585 12.341 2.000
v -250.585 14.488 2.000
v -252.195 14.488 2.000
v 240.927 12.341 0.000
v 242.537 12.341 0.000
v 242.537 14.488 0.000
v 240.927 14.488 0.000
v 240.927 12.341 2.000
v 242.537 12.341 2.000
v 242.537 14.488 2.000
v 240.927 14.488 2.000
v -17.707 12.341 0.000
v -16.098 12.341 0.000
v -16.098 14.488 0.000
v -17.707 14.488 0.000
v -17.707 12.341 2.000
v -16.098 12.341 2.000
v -16.098 14.488 2.000
v -17.707 14.488 2.000
v -103.024 12.341 0.000
v -101.415 12.341 0.000
v -101.415 13.415 0.000
v -103.024 13.415 0.000
v -103.024 12.341 2.000
v -101.415 12.341 2.000
v -101.415 13.415 2.000
v -103.024 13.415 2.000
v -172.780 12.341 0.000
v -167.951 12.341 0.000
v -167.951 12.878 0.000
v -172.780 12.878 0.000
v -172.780 12.341 2.000
v -167.951 12.341 2.000
v -167.951 12.878 2.000
v -172.780 12.878 2.000
v -98.732 12.341 0.000
v -93.902 12.341 0.000
v -93.902 12.878 0.000
v -98.732 12.878 0.000
v -98.732 12.341 2.000
v -93.902 12.341 2.000
v -93.902 12.878 2.000
v -98.732 12.878 2.000
v 167.415 12.341 0.000
v 178.683 12.341 0.000
v 178.683 12.878 0.000
v 167.415 12.878 0.000
v 167.415 12.341 2.000
v 178.683 12.341 2.000
v 178.683 12.878 2.000
v 167.415 12.878 2.000
v 248.976 12.341 0.000
v 260.244 12.341 0.000
v 260.244 12.878 0.000
v 248.976 12.878 0.000
v 248.976 12.341 2.000
v 260.244 12.341 2.000
v 260.244 12.878 2.000
v 248.976 12.878 2.000
v -46.683 12.341 0.000
v -40.780 12.341 0.000
v -40.780 12.878 0.000
v -46.683 12.878 0.000
v -46.683 12.341 2.000
v -40.780 12.341 2.000
v -40.780 12.878 2.000
v -46.683 12.878 2.000
v -154.000 12.341 0.000
v -142.732 12.341 0.000
v -142.732 12.878 0.000
v -154.000 12.878 0.000
v -154.000 12.341 2.000
v -142.732 12.341 2.000
v -142.732 12.878 2.000
v -154.000 12.878 2.000
v 122.341 12.341 0.000
v 127.171 12.341 0.000
v 127.171 12.878 0.000
v 122.341 12.878 0.000
v 122.341 12.341 2.000
v 127.171 12.341 2.000
v 127.171 12.878 2.000
v 122.341 12.878 2.000
v -84.244 12.341 0.000
v -71.366 12.341 0.000
v -71.366 12.878 0.000
v -84.244 12.878 0.000
v -84.244 12.341 2.000
v -71.366 12.341 2.000
v -71.366 12.878 2.000
v -84.244 12.878 2.000
v 113.220 11.805 0.000
v 118.049 11.805 0.000
v 118.049 18.780 0.000
v 113.220 18.780 0.000
v 113.220 11.805 2.000
v 118.049 11.805 2.000
v 118.049 18.780 2.000
v 113.220 18.780 2.000
v -181.902 11.805 0.000
v -177.073 11.805 0.000
v -177.073 18.780 0.000
v -181.902 18.780 0.000
v -181.902 11.805 2.000
v -177.073 11.805 2.000
v -177.073 18.780 2.000
v -181.902 18.780 2.000
v 121.268 11.805 0.000
v 126.634 11.805 0.000
v 126.634 12.341 0.000
v 121.268 12.341 0.000
v 121.268 11.805 2.000
v 126.634 11.805 2.000
v 126.634 12.341 2.000
v 121.268 12.341 2.000
v -173.854 11.805 0.000
v -168.488 11.805 0.000
v -168.488 12.341 0.000
v -173.854 12.341 0.000
v -173.854 11.805 2.000
v -168.488 11.805 2.000
v -168.488 12.341 2.000
v -173.854 12.341 2.000
v 167.415 11.805 0.000
v 179.756 11.805 0.000
v 179.756 12.341 0.000
v 167.415 12.341 0.000
v 167.415 11.805 2.000
v 179.756 11.805 2.000
v 179.756 12.341 2.000
v 167.415 12.341 2.000
v -46.146 11.805 0.000
v -40.244 11.805 0.000
v -40.244 12.341 0.000
v -46.146 12.341 0.000
v -46.146 11.805 2.000
v -40.244 11.805 2.000
v -40.244 12.341 2.000
v -46.146 12.341 2.000
v -84.244 11.805 0.000
v -72.439 11.805 0.000
v -72.439 12.341 0.000
v -84.244 12.341 0.000
v -84.244 11.805 2.000
v -72.439 11.805 2.000
v -72.439 12.341 2.000
v -84.244 12.341 2.000
v -103.561 11.805 0.000
v -101.415 11.805 0.000
v -101.415 12.341 0.000
v -103.561 12.341 0.000
v -103.561 11.805 2.000
v -101.415 11.805 2.000
v -101.415 12.341 2.000
v -103.561 12.341 2.000
v 248.976 11.805 0.000
v 261.317 11.805 0.000
v 261.317 12.341 0.000
v 248.976 12.341 0.000
v 248.976 11.805 2.000
v 261.317 11.805 2.000
v 261.317 12.341 2.000
v 248.976 12.341 2.000
v -98.732 11.805 0.000
v -93.366 11.805 0.000
v -93.366 12.341 0.000
v -98.732 12.341 0.000
v -98.732 11.805 2.000
v -93.366 11.805 2.000
v -93.366 12.341 2.000
v -98.732 12.341 2.000
v -154.000 11.805 0.000
v -141.659 11.805 0.000
v -141.659 12.341 0.000
v -154.000 12.341 0.000
v -154.000 11.805 2.000
v -141.659 11.805 2.000
v -141.659 12.341 2.000
v -154.000 12.341 2.000
v -153.463 11.268 0.000
v -141.122 11.268 0.000
v -141.122 11.805 0.000
v -153.463 11.805 0.000
v -153.463 11.268 2.000
v -141.122 11.268 2.000
v -141.122 11.805 2.000
v -153.463 11.805 2.000
v 113.220 11.268 0.000
v 125.561 11.268 0.000
v 125.561 11.805 0.000
v 113.220 11.805 0.000
v 113.220 11.268 2.000
v 125.561 11.268 2.000
v 125.561 11.805 2.000
v 113.220 11.805 2.000
v -84.244 11.268 0.000
v -70.829 11.268 0.000
v -70.829 11.805 0.000
v -84.244 11.805 0.000
v -84.244 11.268 2.000
v -70.829 11.268 2.000
v -70.829 11.805 2.000
v -84.244 11.805 2.000
v -181.902 11.268 0.000
v -169.561 11.268 0.000
v -169.561 11.805 0.000
v -181.902 11.805 0.000
v -181.902 11.268 2.000
v -169.561 11.268 2.000
v -169.561 11.805 2.000
v -181.902 11.805 2.000
v 249.512 11.268 0.000
v 261.854 11.268 0.000
v 261.854 11.805 0.000
v 249.512 11.805 0.000
v 249.512 11.268 2.000
v 261.854 11.268 2.000
v 261.854 11.805 2.000
v 249.512 11.805 2.000
v 167.951 11.268 0.000
v 180.293 11.268 0.000
v 180.293 11.805 0.000
v 167.951 11.805 0.000
v 167.951 11.268 2.000
v 180.293 11.268 2.000
v 180.293 11.805 2.000
v 167.951 11.805 2.000
v -45.610 11.268 0.000
v -39.707 11.268 0.000
v -39.707 11.805 0.000
v -45.610 11.805 0.000
v -45.610 11.268 2.000
v -39.707 11.268 2.000
v -39.707 11.805 2.000
v -45.610 11.805 2.000
v -103.561 11.268 0.000
v -101.951 11.268 0.000
v -101.951 11.805 0.000
v -103.561 11.805 0.000
v -103.561 11.268 2.000
v -101.951 11.268 2.000
v -101.951 11.805 2.000
v -103.561 11.805 2.000
v -27.366 10.732 0.000
v -16.098 10.732 0.000
v -16.098 12.341 0.000
v -27.366 12.341 0.000
v -27.366 10.732 2.000
v -16.098 10.732 2.000
v -16.098 12.341 2.000
v -27.366 12.341 2.000
v 231.268 10.732 0.000
v 242.537 10.732 0.000
v 242.537 12.341 0.000
v 231.268 12.341 0.000
v 231.268 10.732 2.000
v 242.537 10.732 2.000
v 242.537 12.341 2.000
v 231.268 12.341 2.000
v -201.756 10.732 0.000
v -190.488 10.732 0.000
v -190.488 12.341 0.000
v -201.756 12.341 0.000
v -201.756 10.732 2.000
v -190.488 10.732 2.000
v -190.488 12.341 2.000
v -201.756 12.341 2.000
v -261.854 10.732 0.000
v -250.585 10.732 0.000
v -250.585 12.341 0.000
v -261.854 12.341 0.000
v -261.854 10.732 2.000
v -250.585 10.732 2.000
v -250.585 12.341 2.000
v -261.854 12.341 2.000
v 42.927 10.732 0.000
v 54.195 10.732 0.000
v 54.195 12.341 0.000
v 42.927 12.341 0.000
v 42.927 10.732 2.000
v 54.195 10.732 2.000
v 54.195 12.341 2.000
v 42.927 12.341 2.000
v -98.195 10.732 0.000
v -93.366 10.732 0.000
v -93.366 11.805 0.000
v -98.195 11.805 0.000
v -98.195 10.732 2.000
v -93.366 10.732 2.000
v -93.366 11.805 2.000
v -98.195 11.805 2.000
v 250.049 10.732 0.000
v 262.390 10.732 0.000
v 262.390 11.268 0.000
v 250.049 11.268 0.000
v 250.049 10.732 2.000
v 262.390 10.732 2.000
v 262.390 11.268 2.000
v 250.049 11.268 2.000
v -152.927 10.732 0.000
v -140.585 10.732 0.000
v -140.585 11.268 0.000
v -152.927 11.268 0.000
v -152.927 10.732 2.000
v -140.585 10.732 2.000
v -140.585 11.268 2.000
v -152.927 11.268 2.000
v -104.098 10.732 0.000
v -101.951 10.732 0.000
v -101.951 11.268 0.000
v -104.098 11.268 0.000
v -104.098 10.732 2.000
v -101.951 10.732 2.000
v -101.951 11.268 2.000
v -104.098 11.268 2.000
v 113.220 10.732 0.000
v 123.951 10.732 0.000
v 123.951 11.268 0.000
v 113.220 11.268 0.000
v 113.220 10.732 2.000
v 123.951 10.732 2.000
v 123.951 11.268 2.000
v 113.220 11.268 2.000
v -75.659 10.732 0.000
v -69.756 10.732 0.000
v -69.756 11.268 0.000
v -75.659 11.268 0.000
v -75.659 10.732 2.000
v -69.756 10.732 2.000
v -69.756 11.268 2.000
v -75.659 11.268 2.000
v -45.610 10.732 0.000
v -39.171 10.732 0.000
v -39.171 11.268 0.000
v -45.610 11.268 0.000
v -45.610 10.732 2.000
v -39.171 10.732 2.000
v -39.171 11.268 2.000
v -45.610 11.268 2.000
v -181.902 10.732 0.000
v -171.171 10.732 0.000
v -171.171 11.268 0.000
v -181.902 11.268 0.000
v -181.902 10.732 2.000
v -171.171 10.732 2.000
v -171.171 11.268 2.000
v -181.902 11.268 2.000
v 168.488 10.732 0.000
v 180.829 10.732 0.000
v 180.829 11.268 0.000
v 168.488 11.268 0.000
v 168.488 10.732 2.000
v 180.829 10.732 2.000
v 180.829 11.268 2.000
v 168.488 11.268 2.000
v 113.220 10.195 0.000
v 124.488 10.195 0.000
v 124.488 10.732 0.000
v 113.220 10.732 0.000
v 113.220 10.195 2.000
v 124.488 10.195 2.000
v 124.488 10.732 2.000
v 113.220 10.732 2.000
v 169.024 10.195 0.000
v 181.366 10.195 0.000
v 181.366 10.732 0.000
v 169.024 10.732 0.000
v 169.024 10.195 2.000
v 181.366 10.195 2.000
v 181.366 10.732 2.000
v 169.024 10.732 2.000
v 250.585 10.195 0.000
v 262.927 10.195 0.000
v 262.927 10.732 0.000
v 250.585 10.732 0.000
v 250.585 10.195 2.000
v 262.927 10.195 2.000
v 262.927 10.732 2.000
v 250.585 10.732 2.000
v -181.902 10.195 0.000
v -170.634 10.195 0.000
v -170.634 10.732 0.000
v -181.902 10.732 0.000
v -181.902 10.195 2.000
v -170.634 10.195 2.000
v -170.634 10.732 2.000
v -181.902 10.732 2.000
v -74.585 10.195 0.000
v -69.220 10.195 0.000
v -69.220 10.732 0.000
v -74.585 10.732 0.000
v -74.585 10.195 2.000
v -69.220 10.195 2.000
v -69.220 10.732 2.000
v -74.585 10.732 2.000
v -152.390 10.195 0.000
v -140.049 10.195 0.000
v -140.049 10.732 0.000
v -152.390 10.732 0.000
v -152.390 10.195 2.000
v -140.049 10.195 2.000
v -140.049 10.732 2.000
v -152.390 10.732 2.000
v -45.073 10.195 0.000
v -38.634 10.195 0.000
v -38.634 10.732 0.000
v -45.073 10.732 0.000
v -45.073 10.195 2.000
v -38.634 10.195 2.000
v -38.634 10.732 2.000
v -45.073 10.732 2.000
v -98.195 10.195 0.000
v -92.829 10.195 0.000
v -92.829 10.732 0.000
v -98.195 10.732 0.000
v -98.195 10.195 2.000
v -92.829 10.195 2.000
v -92.829 10.732 2.000
v -98.195 10.732 2.000
v -104.098 9.659 0.000
v -102.488 9.659 0.000
v -102.488 10.732 0.000
v -104.098 10.732 0.000
v -104.098 9.659 2.000
v -102.488 9.659 2.000
v -102.488 10.732 2.000
v -104.098 10.732 2.000
v 251.659 9.659 0.000
v 263.463 9.659 0.000
v 263.463 10.195 0.000
v 251.659 10.195 0.000
v 251.659 9.659 2.000
v 263.463 9.659 2.000
v 263.463 10.195 2.000
v 251.659 10.195 2.000
v -44.537 9.659 0.000
v -38.098 9.659 0.000
v -38.098 10.195 0.000
v -44.537 10.195 0.000
v -44.537 9.659 2.000
v -38.098 9.659 2.000
v -38.098 10.195 2.000
v -44.537 10.195 2.000
v -151.317 9.659 0.000
v -139.512 9.659 0.000
v -139.512 10.195 0.000
v -151.317 10.195 0.000
v -151.317 9.659 2.000
v -139.512 9.659 2.000
v -139.512 10.195 2.000
v -151.317 10.195 2.000
v -97.659 9.659 0.000
v -92.829 9.659 0.000
v -92.829 10.195 0.000
v -97.659 10.195 0.000
v -97.659 9.659 2.000
v -92.829 9.659 2.000
v -92.829 10.195 2.000
v -97.659 10.195 2.000
v 120.195 9.659 0.000
v 125.561 9.659 0.000
v 125.561 10.195 0.000
v 120.195 10.195 0.000
v 120.195 9.659 2.000
v 125.561 9.659 2.000
v 125.561 10.195 2.000
v 120.195 10.195 2.000
v -174.927 9.659 0.000
v -169.561 9.659 0.000
v -169.561 10.195 0.000
v -174.927 10.195 0.000
v -174.927 9.659 2.000
v -169.561 9.659 2.000
v -169.561 10.195 2.000
v -174.927 10.195 2.000
v -74.049 9.659 0.000
v -68.683 9.659 0.000
v -68.683 10.195 0.000
v -74.049 10.195 0.000
v -74.049 9.659 2.000
v -68.683 9.659 2.000
v -68.683 10.195 2.000
v -74.049 10.195 2.000
v 170.098 9.659 0.000
v 181.902 9.659 0.000
v 181.902 10.195 0.000
v 170.098 10.195 0.000
v 170.098 9.659 2.000
v 181.902 9.659 2.000
v 181.902 10.195 2.000
v 170.098 10.195 2.000
v 32.732 9.122 0.000
v 38.098 9.122 0.000
v 38.098 12.878 0.000
v 32.732 12.878 0.000
v 32.732 9.122 2.000
v 38.098 9.122 2.000
v 38.098 12.878 2.000
v 32.732 12.878 2.000
v 159.366 9.122 0.000
v 164.732 9.122 0.000
v 164.732 12.878 0.000
v 159.366 12.878 0.000
v 159.366 9.122 2.000
v 164.732 9.122 2.000
v 164.732 12.878 2.000
v 159.366 12.878 2.000
v -97.659 9.122 0.000
v -92.293 9.122 0.000
v -92.293 9.659 0.000
v -97.659 9.659 0.000
v -97.659 9.122 2.000
v -92.293 9.122 2.000
v -92.293 9.659 2.000
v -97.659 9.659 2.000
v -104.634 9.122 0.000
v -102.488 9.122 0.000
v -102.488 9.659 0.000
v -104.634 9.659 0.000
v -104.634 9.122 2.000
v -102.488 9.122 2.000
v -102.488 9.659 2.000
v -104.634 9.659 2.000
v -44.000 9.122 0.000
v -37.561 9.122 0.000
v -37.561 9.659 0.000
v -44.000 9.659 0.000
v -44.000 9.122 2.000
v -37.561 9.122 2.000
v -37.561 9.659 2.000
v -44.000 9.659 2.000
v 120.732 9.122 0.000
v 125.561 9.122 0.000
v 125.561 9.659 0.000
v 120.732 9.659 0.000
v 120.732 9.122 2.000
v 125.561 9.122 2.000
v 125.561 9.659 2.000
v 120.732 9.659 2.000
v -174.390 9.122 0.000
v -169.561 9.122 0.000
v -169.561 9.659 0.000
v -174.390 9.659 0.000
v -174.390 9.122 2.000
v -169.561 9.122 2.000
v -169.561 9.659 2.000
v -174.390 9.659 2.000
v 171.707 9.122 0.000
v 181.902 9.122 0.000
v 181.902 9.659 0.000
v 171.707 9.659 0.000
v 171.707 9.122 2.000
v 181.902 9.122 2.000
v 181.902 9.659 2.000
v 171.707 9.659 2.000
v 253.268 9.122 0.000
v 263.463 9.122 0.000
v 263.463 9.659 0.000
v 253.268 9.659 0.000
v 253.268 9.122 2.000
v 263.463 9.122 2.000
v 263.463 9.659 2.000
v 253.268 9.659 2.000
v -149.707 9.122 0.000
v -139.512 9.122 0.000
v -139.512 9.659 0.000
v -149.707 9.659 0.000
v -149.707 9.122 2.000
v -139.512 9.122 2.000
v -139.512 9.659 2.000
v -149.707 9.659 2.000
v 17.707 8.585 0.000
v 23.073 8.585 0.000
v 23.073 13.415 0.000
v 17.707 13.415 0.000
v 17.707 8.585 2.000
v 23.073 8.585 2.000
v 23.073 13.415 2.000
v 17.707 13.415 2.000
v 67.610 8.585 0.000
v 72.976 8.585 0.000
v 72.976 13.415 0.000
v 67.610 13.415 0.000
v 67.610 8.585 2.000
v 72.976 8.585 2.000
v 72.976 13.415 2.000
v 67.610 13.415 2.000
v 144.341 8.585 0.000
v 149.707 8.585 0.000
v 149.707 13.415 0.000
v 144.341 13.415 0.000
v 144.341 8.585 2.000
v 149.707 8.585 2.000
v 149.707 13.415 2.000
v 144.341 13.415 2.000
v -127.707 8.585 0.000
v -122.341 8.585 0.000
v -122.341 13.415 0.000
v -127.707 13.415 0.000
v -127.707 8.585 2.000
v -122.341 8.585 2.000
v -122.341 13.415 2.000
v -127.707 13.415 2.000
v -192.098 8.585 0.000
v -190.488 8.585 0.000
v -190.488 10.732 0.000
v -192.098 10.732 0.000
v -192.098 8.585 2.000
v -190.488 8.585 2.000
v -190.488 10.732 2.000
v -192.098 10.732 2.000
v 52.585 8.585 0.000
v 54.195 8.585 0.000
v 54.195 10.732 0.000
v 52.585 10.732 0.000
v 52.585 8.585 2.000
v 54.195 8.585 2.000
v 54.195 10.732 2.000
v 52.585 10.732 2.000
v -252.195 8.585 0.000
v -250.585 8.585 0.000
v -250.585 10.732 0.000
v -252.195 10.732 0.000
v -252.195 8.585 2.000
v -250.585 8.585 2.000
v -250.585 10.732 2.000
v -252.195 10.732 2.000
v 240.927 8.585 0.000
v 242.537 8.585 0.000
v 242.537 10.732 0.000
v 240.927 10.732 0.000
v 240.927 8.585 2.000
v 242.537 8.585 2.000
v 242.537 10.732 2.000
v 240.927 10.732 2.000
v -17.707 8.585 0.000
v -16.098 8.585 0.000
v -16.098 10.732 0.000
v -17.707 10.732 0.000
v -17.707 8.585 2.000
v -16.098 8.585 2.000
v -16.098 10.732 2.000
v -17.707 10.732 2.000
v -73.512 8.585 0.000
v -68.146 8.585 0.000
v -68.146 9.659 0.000
v -73.512 9.659 0.000
v -73.512 8.585 2.000
v -68.146 8.585 2.000
v -68.146 9.659 2.000
v -73.512 9.659 2.000
v -147.561 8.585 0.000
v -139.512 8.585 0.000
v -139.512 9.122 0.000
v -147.561 9.122 0.000
v -147.561 8.585 2.000
v -139.512 8.585 2.000
v -139.512 9.122 2.000
v -147.561 9.122 2.000
v 121.268 8.585 0.000
v 126.098 8.585 0.000
v 126.098 9.122 0.000
v 121.268 9.122 0.000
v 121.268 8.585 2.000
v 126.098 8.585 2.000
v 126.098 9.122 2.000
v 121.268 9.122 2.000
v -104.634 8.585 0.000
v -103.024 8.585 0.000
v -103.024 9.122 0.000
v -104.634 9.122 0.000
v -104.634 8.585 2.000
v -103.024 8.585 2.000
v -103.024 9.122 2.000
v -104.634 9.122 2.000
v 32.732 8.585 0.000
v 37.561 8.585 0.000
v 37.561 9.122 0.000
v 32.732 9.122 0.000
v 32.732 8.585 2.000
v 37.561 8.585 2.000
v 37.561 9.122 2.000
v 32.732 9.122 2.000
v 255.415 8.585 0.000
v 263.463 8.585 0.000
v 263.463 9.122 0.000
v 255.415 9.122 0.000
v 255.415 8.585 2.000
v 263.463 8.585 2.000
v 263.463 9.122 2.000
v 255.415 9.122 2.000
v -173.854 8.585 0.000
v -169.024 8.585 0.000
v -169.024 9.122 0.000
v -173.854 9.122 0.000
v -173.854 8.585 2.000
v -169.024 8.585 2.000
v -169.024 9.122 2.000
v -173.854 9.122 2.000
v -97.122 8.585 0.000
v -92.293 8.585 0.000
v -92.293 9.122 0.000
v -97.122 9.122 0.000
v -97.122 8.585 2.000
v -92.293 8.585 2.000
v -92.293 9.122 2.000
v -97.122 9.122 2.000
v 173.854 8.585 0.000
v 181.902 8.585 0.000
v 181.902 9.122 0.000
v 173.854 9.122 0.000
v 173.854 8.585 2.000
v 181.902 8.585 2.000
v 181.902 9.122 2.000
v 173.854 9.122 2.000
v -43.463 8.585 0.000
v -37.561 8.585 0.000
v -37.561 9.122 0.000
v -43.463 9.122 0.000
v -43.463 8.585 2.000
v -37.561 8.585 2.000
v -37.561 9.122 2.000
v -43.463 9.122 2.000
v 159.366 8.585 0.000
v 164.195 8.585 0.000
v 164.195 9.122 0.000
v 159.366 9.122 0.000
v 159.366 8.585 2.000
v 164.195 8.585 2.000
v 164.195 9.122 2.000
v 159.366 9.122 2.000
v -42.927 8.049 0.000
v -37.024 8.049 0.000
v -37.024 8.585 0.000
v -42.927 8.585 0.000
v -42.927 8.049 2.000
v -37.024 8.049 2.000
v -37.024 8.585 2.000
v -42.927 8.585 2.000
v 121.268 8.049 0.000
v 126.634 8.049 0.000
v 126.634 8.585 0.000
v 121.268 8.585 0.000
v 121.268 8.049 2.000
v 126.634 8.049 2.000
v 126.634 8.585 2.000
v 121.268 8.585 2.000
v -145.415 8.049 0.000
v -138.976 8.049 0.000
v -138.976 8.585 0.000
v -145.415 8.585 0.000
v -145.415 8.049 2.000
v -138.976 8.049 2.000
v -138.976 8.585 2.000
v -145.415 8.585 2.000
v -173.854 8.049 0.000
v -168.488 8.049 0.000
v -168.488 8.585 0.000
v -173.854 8.585 0.000
v -173.854 8.049 2.000
v -168.488 8.049 2.000
v -168.488 8.585 2.000
v -173.854 8.585 2.000
v -127.171 8.049 0.000
v -122.341 8.049 0.000
v -122.341 8.585 0.000
v -127.171 8.585 0.000
v -127.171 8.049 2.000
v -122.341 8.049 2.000
v -122.341 8.585 2.000
v -127.171 8.585 2.000
v 176.000 8.049 0.000
v 182.439 8.049 0.000
v 182.439 8.585 0.000
v 176.000 8.585 0.000
v 176.000 8.049 2.000
v 182.439 8.049 2.000
v 182.439 8.585 2.000
v 176.000 8.585 2.000
v 257.561 8.049 0.000
v 264.000 8.049 0.000
v 264.000 8.585 0.000
v 257.561 8.585 0.000
v 257.561 8.049 2.000
v 264.000 8.049 2.000
v 264.000 8.585 2.000
v 257.561 8.585 2.000
v 68.146 8.049 0.000
v 72.976 8.049 0.000
v 72.976 8.585 0.000
v 68.146 8.585 0.000
v 68.146 8.049 2.000
v 72.976 8.049 2.000
v 72.976 8.585 2.000
v 68.146 8.585 2.000
v -35.951 7.512 0.000
v -34.341 7.512 0.000
v -34.341 18.780 0.000
v -35.951 18.780 0.000
v -35.951 7.512 2.000
v -34.341 7.512 2.000
v -34.341 18.780 2.000
v -35.951 18.780 2.000
v 18.244 7.512 0.000
v 23.073 7.512 0.000
v 23.073 8.585 0.000
v 18.244 8.585 0.000
v 18.244 7.512 2.000
v 23.073 7.512 2.000
v 23.073 8.585 2.000
v 18.244 8.585 2.000
v 144.878 7.512 0.000
v 149.707 7.512 0.000
v 149.707 8.585 0.000
v 144.878 8.585 0.000
v 144.878 7.512 2.000
v 149.707 7.512 2.000
v 149.707 8.585 2.000
v 144.878 8.585 2.000
v -144.341 7.512 0.000
v -138.976 7.512 0.000
v -138.976 8.049 0.000
v -144.341 8.049 0.000
v -144.341 7.512 2.000
v -138.976 7.512 2.000
v -138.976 8.049 2.000
v -144.341 8.049 2.000
v -42.390 7.512 0.000
v -36.488 7.512 0.000
v -36.488 8.049 0.000
v -42.390 8.049 0.000
v -42.390 7.512 2.000
v -36.488 7.512 2.000
v -36.488 8.049 2.000
v -42.390 8.049 2.000
v 121.805 7.512 0.000
v 126.634 7.512 0.000
v 126.634 8.049 0.000
v 121.805 8.049 0.000
v 121.805 7.512 2.000
v 126.634 7.512 2.000
v 126.634 8.049 2.000
v 121.805 8.049 2.000
v -173.317 7.512 0.000
v -168.488 7.512 0.000
v -168.488 8.049 0.000
v -173.317 8.049 0.000
v -173.317 7.512 2.000
v -168.488 7.512 2.000
v -168.488 8.049 2.000
v -173.317 8.049 2.000
v 258.634 7.512 0.000
v 264.000 7.512 0.000
v 264.000 8.049 0.000
v 258.634 8.049 0.000
v 258.634 7.512 2.000
v 264.000 7.512 2.000
v 264.000 8.049 2.000
v 258.634 8.049 2.000
v 177.073 7.512 0.000
v 182.439 7.512 0.000
v 182.439 8.049 0.000
v 177.073 8.049 0.000
v 177.073 7.512 2.000
v 182.439 7.512 2.000
v 182.439 8.049 2.000
v 177.073 8.049 2.000
v -242.537 6.976 0.000
v -237.707 6.976 0.000
v -237.707 18.780 0.000
v -242.537 18.780 0.000
v -242.537 6.976 2.000
v -237.707 6.976 2.000
v -237.707 18.780 2.000
v -242.537 18.780 2.000
v 90.146 6.976 0.000
v 94.976 6.976 0.000
v 94.976 18.780 0.000
v 90.146 18.780 0.000
v 90.146 6.976 2.000
v 94.976 6.976 2.000
v 94.976 18.780 2.000
v 90.146 18.780 2.000
v -105.171 6.976 0.000
v -91.756 6.976 0.000
v -91.756 8.585 0.000
v -105.171 8.585 0.000
v -105.171 6.976 2.000
v -91.756 6.976 2.000
v -91.756 8.585 2.000
v -105.171 8.585 2.000
v 158.829 6.976 0.000
v 164.195 6.976 0.000
v 164.195 8.585 0.000
v 158.829 8.585 0.000
v 158.829 6.976 2.000
v 164.195 6.976 2.000
v 164.195 8.585 2.000
v 158.829 8.585 2.000
v 32.195 6.976 0.000
v 37.561 6.976 0.000
v 37.561 8.585 0.000
v 32.195 8.585 0.000
v 32.195 6.976 2.000
v 37.561 6.976 2.000
v 37.561 8.585 2.000
v 32.195 8.585 2.000
v 121.805 6.976 0.000
v 127.171 6.976 0.000
v 127.171 7.512 0.000
v 121.805 7.512 0.000
v 121.805 6.976 2.000
v 127.171 6.976 2.000
v 127.171 7.512 2.000
v 121.805 7.512 2.000
v 177.610 6.976 0.000
v 182.439 6.976 0.000
v 182.439 7.512 0.000
v 177.610 7.512 0.000
v 177.610 6.976 2.000
v 182.439 6.976 2.000
v 182.439 7.512 2.000
v 177.610 7.512 2.000
v -173.317 6.976 0.000
v -167.951 6.976 0.000
v -167.951 7.512 0.000
v -173.317 7.512 0.000
v -173.317 6.976 2.000
v -167.951 6.976 2.000
v -167.951 7.512 2.000
v -173.317 7.512 2.000
v 259.171 6.976 0.000
v 264.000 6.976 0.000
v 264.000 7.512 0.000
v 259.171 7.512 0.000
v 259.171 6.976 2.000
v 264.000 6.976 2.000
v 264.000 7.512 2.000
v 259.171 7.512 2.000
v -143.805 6.976 0.000
v -138.976 6.976 0.000
v -138.976 7.512 0.000
v -143.805 7.512 0.000
v -143.805 6.976 2.000
v -138.976 6.976 2.000
v -138.976 7.512 2.000
v -143.805 7.512 2.000
v -42.390 6.976 0.000
v -34.341 6.976 0.000
v -34.341 7.512 0.000
v -42.390 7.512 0.000
v -42.390 6.976 2.000
v -34.341 6.976 2.000
v -34.341 7.512 2.000
v -42.390 7.512 2.000
v -228.049 6.439 0.000
v -226.439 6.439 0.000
v -226.439 18.780 0.000
v -228.049 18.780 0.000
v -228.049 6.439 2.000
v -226.439 6.439 2.000
v -226.439 18.780 2.000
v -228.049 18.780 2.000
v 104.634 6.439 0.000
v 106.244 6.439 0.000
v 106.244 18.780 0.000
v 104.634 18.780 0.000
v 104.634 6.439 2.000
v 106.244 6.439 2.000
v 106.244 18.780 2.000
v 104.634 18.780 2.000
v -127.171 6.439 0.000
v -121.805 6.439 0.000
v -121.805 8.049 0.000
v -127.171 8.049 0.000
v -127.171 6.439 2.000
v -121.805 6.439 2.000
v -121.805 8.049 2.000
v -127.171 8.049 2.000
v 68.146 6.439 0.000
v 73.512 6.439 0.000
v 73.512 8.049 0.000
v 68.146 8.049 0.000
v 68.146 6.439 2.000
v 73.512 6.439 2.000
v 73.512 8.049 2.000
v 68.146 8.049 2.000
v 18.244 6.439 0.000
v 23.610 6.439 0.000
v 23.610 7.512 0.000
v 18.244 7.512 0.000
v 18.244 6.439 2.000
v 23.610 6.439 2.000
v 23.610 7.512 2.000
v 18.244 7.512 2.000
v 144.878 6.439 0.000
v 150.244 6.439 0.000
v 150.244 7.512 0.000
v 144.878 7.512 0.000
v 144.878 6.439 2.000
v 150.244 6.439 2.000
v 150.244 7.512 2.000
v 144.878 7.512 2.000
v -172.780 6.439 0.000
v -167.951 6.439 0.000
v -167.951 6.976 0.000
v -172.780 6.976 0.000
v -172.780 6.439 2.000
v -167.951 6.439 2.000
v -167.951 6.976 2.000
v -172.780 6.976 2.000
v -112.146 6.439 0.000
v -109.463 6.439 0.000
v -109.463 6.976 0.000
v -112.146 6.976 0.000
v -112.146 6.439 2.000
v -109.463 6.439 2.000
v -109.463 6.976 2.000
v -112.146 6.976 2.000
v 83.171 6.439 0.000
v 85.854 6.439 0.000
v 85.854 6.976 0.000
v 83.171 6.976 0.000
v 83.171 6.439 2.000
v 85.854 6.439 2.000
v 85.854 6.976 2.000
v 83.171 6.976 2.000
v -242.537 6.439 0.000
v -237.171 6.439 0.000
v -237.171 6.976 0.000
v -242.537 6.976 0.000
v -242.537 6.439 2.000
v -237.171 6.439 2.000
v -237.171 6.976 2.000
v -242.537 6.976 2.000
v 90.146 6.439 0.000
v 95.512 6.439 0.000
v 95.512 6.976 0.000
v 90.146 6.976 0.000
v 90.146 6.439 2.000
v 95.512 6.439 2.000
v 95.512 6.976 2.000
v 90.146 6.976 2.000
v -41.854 6.439 0.000
v -34.341 6.439 0.000
v -34.341 6.976 0.000
v -41.854 6.976 0.000
v -41.854 6.439 2.000
v -34.341 6.439 2.000
v -34.341 6.976 2.000
v -41.854 6.976 2.000
v -96.585 6.439 0.000
v -91.220 6.439 0.000
v -91.220 6.976 0.000
v -96.585 6.976 0.000
v -96.585 6.439 2.000
v -91.220 6.439 2.000
v -91.220 6.976 2.000
v -96.585 6.976 2.000
v 122.341 6.439 0.000
v 127.171 6.439 0.000
v 127.171 6.976 0.000
v 122.341 6.976 0.000
v 122.341 6.439 2.000
v 127.171 6.439 2.000
v 127.171 6.976 2.000
v 122.341 6.976 2.000
v -105.707 6.439 0.000
v -103.561 6.439 0.000
v -103.561 6.976 0.000
v -105.707 6.976 0.000
v -105.707 6.439 2.000
v -103.561 6.439 2.000
v -103.561 6.976 2.000
v -105.707 6.976 2.000
v -72.976 5.902 0.000
v -67.610 5.902 0.000
v -67.610 8.585 0.000
v -72.976 8.585 0.000
v -72.976 5.902 2.000
v -67.610 5.902 2.000
v -67.610 8.585 2.000
v -72.976 8.585 2.000
v 32.195 5.902 0.000
v 37.024 5.902 0.000
v 37.024 6.976 0.000
v 32.195 6.976 0.000
v 32.195 5.902 2.000
v 37.024 5.902 2.000
v 37.024 6.976 2.000
v 32.195 6.976 2.000
v 158.829 5.902 0.000
v 163.659 5.902 0.000
v 163.659 6.976 0.000
v 158.829 6.976 0.000
v 158.829 5.902 2.000
v 163.659 5.902 2.000
v 163.659 6.976 2.000
v 158.829 6.976 2.000
v 145.415 5.902 0.000
v 150.244 5.902 0.000
v 150.244 6.439 0.000
v 145.415 6.439 0.000
v 145.415 5.902 2.000
v 150.244 5.902 2.000
v 150.244 6.439 2.000
v 145.415 6.439 2.000
v -96.049 5.902 0.000
v -91.220 5.902 0.000
v -91.220 6.439 0.000
v -96.049 6.439 0.000
v -96.049 5.902 2.000
v -91.220 5.902 2.000
v -91.220 6.439 2.000
v -96.049 6.439 2.000
v -105.707 5.902 0.000
v -104.098 5.902 0.000
v -104.098 6.439 0.000
v -105.707 6.439 0.000
v -105.707 5.902 2.000
v -104.098 5.902 2.000
v -104.098 6.439 2.000
v -105.707 6.439 2.000
v -112.146 5.902 0.000
v -110.000 5.902 0.000
v -110.000 6.439 0.000
v -112.146 6.439 0.000
v -112.146 5.902 2.000
v -110.000 5.902 2.000
v -110.000 6.439 2.000
v -112.146 6.439 2.000
v 122.341 5.902 0.000
v 127.707 5.902 0.000
v 127.707 6.439 0.000
v 122.341 6.439 0.000
v 122.341 5.902 2.000
v 127.707 5.902 2.000
v 127.707 6.439 2.000
v 122.341 6.439 2.000
v 83.171 5.902 0.000
v 85.317 5.902 0.000
v 85.317 6.439 0.000
v 83.171 6.439 0.000
v 83.171 5.902 2.000
v 85.317 5.902 2.000
v 85.317 6.439 2.000
v 83.171 6.439 2.000
v -126.634 5.902 0.000
v -121.805 5.902 0.000
v -121.805 6.439 0.000
v -126.634 6.439 0.000
v -126.634 5.902 2.000
v -121.805 5.902 2.000
v -121.805 6.439 2.000
v -126.634 6.439 2.000
v -172.780 5.902 0.000
v -167.415 5.902 0.000
v -167.415 6.439 0.000
v -172.780 6.439 0.000
v -172.780 5.902 2.000
v -167.415 5.902 2.000
v -167.415 6.439 2.000
v -172.780 6.439 2.000
v 18.780 5.902 0.000
v 23.610 5.902 0.000
v 23.610 6.439 0.000
v 18.780 6.439 0.000
v 18.780 5.902 2.000
v 23.610 5.902 2.000
v 23.610 6.439 2.000
v 18.780 6.439 2.000
v -41.317 5.902 0.000
v -34.341 5.902 0.000
v -34.341 6.439 0.000
v -41.317 6.439 0.000
v -41.317 5.902 2.000
v -34.341 5.902 2.000
v -34.341 6.439 2.000
v -41.317 6.439 2.000
v 68.683 5.902 0.000
v 73.512 5.902 0.000
v 73.512 6.439 0.000
v 68.683 6.439 0.000
v 68.683 5.902 2.000
v 73.512 5.902 2.000
v 73.512 6.439 2.000
v 68.683 6.439 2.000
v 167.415 5.366 0.000
v 169.024 5.366 0.000
v 169.024 6.976 0.000
v 167.415 6.976 0.000
v 167.415 5.366 2.000
v 169.024 5.366 2.000
v 169.024 6.976 2.000
v 167.415 6.976 2.000
v 248.976 5.366 0.000
v 250.585 5.366 0.000
v 250.585 6.976 0.000
v 248.976 6.976 0.000
v 248.976 5.366 2.000
v 250.585 5.366 2.000
v 250.585 6.976 2.000
v 248.976 6.976 2.000
v -143.268 5.366 0.000
v -138.976 5.366 0.000
v -138.976 6.976 0.000
v -143.268 6.976 0.000
v -143.268 5.366 2.000
v -138.976 5.366 2.000
v -138.976 6.976 2.000
v -143.268 6.976 2.000
v -154.000 5.366 0.000
v -152.390 5.366 0.000
v -152.390 6.976 0.000
v -154.000 6.976 0.000
v -154.000 5.366 2.000
v -152.390 5.366 2.000
v -152.390 6.976 2.000
v -154.000 6.976 2.000
v 178.146 5.366 0.000
v 182.439 5.366 0.000
v 182.439 6.976 0.000
v 178.146 6.976 0.000
v 178.146 5.366 2.000
v 182.439 5.366 2.000
v 182.439 6.976 2.000
v 178.146 6.976 2.000
v 259.707 5.366 0.000
v 264.000 5.366 0.000
v 264.000 6.976 0.000
v 259.707 6.976 0.000
v 259.707 5.366 2.000
v 264.000 5.366 2.000
v 264.000 6.976 2.000
v 259.707 6.976 2.000
v -228.585 5.366 0.000
v -226.439 5.366 0.000
v -226.439 6.439 0.000
v -228.585 6.439 0.000
v -228.585 5.366 2.000
v -226.439 5.366 2.000
v -226.439 6.439 2.000
v -228.585 6.439 2.000
v -242.000 5.366 0.000
v -237.171 5.366 0.000
v -237.171 6.439 0.000
v -242.000 6.439 0.000
v -242.000 5.366 2.000
v -237.171 5.366 2.000
v -237.171 6.439 2.000
v -242.000 6.439 2.000
v 90.683 5.366 0.000
v 95.512 5.366 0.000
v 95.512 6.439 0.000
v 90.683 6.439 0.000
v 90.683 5.366 2.000
v 95.512 5.366 2.000
v 95.512 6.439 2.000
v 90.683 6.439 2.000
v 104.098 5.366 0.000
v 106.244 5.366 0.000
v 106.244 6.439 0.000
v 104.098 6.439 0.000
v 104.098 5.366 2.000
v 106.244 5.366 2.000
v 106.244 6.439 2.000
v 104.098 6.439 2.000
v -172.244 5.366 0.000
v -167.415 5.366 0.000
v -167.415 5.902 0.000
v -172.244 5.902 0.000
v -172.244 5.366 2.000
v -167.415 5.366 2.000
v -167.415 5.902 2.000
v -172.244 5.902 2.000
v -126.634 5.366 0.000
v -121.268 5.366 0.000
v -121.268 5.902 0.000
v -126.634 5.902 0.000
v -126.634 5.366 2.000
v -121.268 5.366 2.000
v -121.268 5.902 2.000
v -126.634 5.902 2.000
v 18.780 5.366 0.000
v 24.146 5.366 0.000
v 24.146 5.902 0.000
v 18.780 5.902 0.000
v 18.780 5.366 2.000
v 24.146 5.366 2.000
v 24.146 5.902 2.000
v 18.780 5.902 2.000
v -73.512 5.366 0.000
v -67.610 5.366 0.000
v -67.610 5.902 0.000
v -73.512 5.902 0.000
v -73.512 5.366 2.000
v -67.610 5.366 2.000
v -67.610 5.902 2.000
v -73.512 5.902 2.000
v -106.244 5.366 0.000
v -104.098 5.366 0.000
v -104.098 5.902 0.000
v -106.244 5.902 0.000
v -106.244 5.366 2.000
v -104.098 5.366 2.000
v -104.098 5.902 2.000
v -106.244 5.902 2.000
v -40.780 5.366 0.000
v -34.341 5.366 0.000
v -34.341 5.902 0.000
v -40.780 5.902 0.000
v -40.780 5.366 2.000
v -34.341 5.366 2.000
v -34.341 5.902 2.000
v -40.780 5.902 2.000
v 68.683 5.366 0.000
v 74.049 5.366 0.000
v 74.049 5.902 0.000
v 68.683 5.902 0.000
v 68.683 5.366 2.000
v 74.049 5.366 2.000
v 74.049 5.902 2.000
v 68.683 5.902 2.000
v 145.415 5.366 0.000
v 150.780 5.366 0.000
v 150.780 5.902 0.000
v 145.415 5.902 0.000
v 145.415 5.366 2.000
v 150.780 5.366 2.000
v 150.780 5.902 2.000
v 145.415 5.902 2.000
v 122.878 5.366 0.000
v 127.707 5.366 0.000
v 127.707 5.902 0.000
v 122.878 5.902 0.000
v 122.878 5.366 2.000
v 127.707 5.366 2.000
v 127.707 5.902 2.000
v 122.878 5.902 2.000
v 82.634 4.829 0.000
v 85.317 4.829 0.000
v 85.317 5.902 0.000
v 82.634 5.902 0.000
v 82.634 4.829 2.000
v 85.317 4.829 2.000
v 85.317 5.902 2.000
v 82.634 5.902 2.000
v 31.659 4.829 0.000
v 36.488 4.829 0.000
v 36.488 5.902 0.000
v 31.659 5.902 0.000
v 31.659 4.829 2.000
v 36.488 4.829 2.000
v 36.488 5.902 2.000
v 31.659 5.902 2.000
v 158.293 4.829 0.000
v 163.122 4.829 0.000
v 163.122 5.902 0.000
v 158.293 5.902 0.000
v 158.293 4.829 2.000
v 163.122 4.829 2.000
v 163.122 5.902 2.000
v 158.293 5.902 2.000
v -112.683 4.829 0.000
v -110.000 4.829 0.000
v -110.000 5.902 0.000
v -112.683 5.902 0.000
v -112.683 4.829 2.000
v -110.000 4.829 2.000
v -110.000 5.902 2.000
v -112.683 5.902 2.000
v -96.049 4.829 0.000
v -90.683 4.829 0.000
v -90.683 5.902 0.000
v -96.049 5.902 0.000
v -96.049 4.829 2.000
v -90.683 4.829 2.000
v -90.683 5.902 2.000
v -96.049 5.902 2.000
v -40.244 4.829 0.000
v -34.341 4.829 0.000
v -34.341 5.366 0.000
v -40.244 5.366 0.000
v -40.244 4.829 2.000
v -34.341 4.829 2.000
v -34.341 5.366 2.000
v -40.244 5.366 2.000
v 69.220 4.829 0.000
v 74.049 4.829 0.000
v 74.049 5.366 0.000
v 69.220 5.366 0.000
v 69.220 4.829 2.000
v 74.049 4.829 2.000
v 74.049 5.366 2.000
v 69.220 5.366 2.000
v -228.585 4.829 0.000
v -226.976 4.829 0.000
v -226.976 5.366 0.000
v -228.585 5.366 0.000
v -228.585 4.829 2.000
v -226.976 4.829 2.000
v -226.976 5.366 2.000
v -228.585 5.366 2.000
v 104.098 4.829 0.000
v 105.707 4.829 0.000
v 105.707 5.366 0.000
v 104.098 5.366 0.000
v 104.098 4.829 2.000
v 105.707 4.829 2.000
v 105.707 5.366 2.000
v 104.098 5.366 2.000
v 145.951 4.829 0.000
v 150.780 4.829 0.000
v 150.780 5.366 0.000
v 145.951 5.366 0.000
v 145.951 4.829 2.000
v 150.780 4.829 2.000
v 150.780 5.366 2.000
v 145.951 5.366 2.000
v -242.000 4.829 0.000
v -236.634 4.829 0.000
v -236.634 5.366 0.000
v -242.000 5.366 0.000
v -242.000 4.829 2.000
v -236.634 4.829 2.000
v -236.634 5.366 2.000
v -242.000 5.366 2.000
v 90.683 4.829 0.000
v 96.049 4.829 0.000
v 96.049 5.366 0.000
v 90.683 5.366 0.000
v 90.683 4.829 2.000
v 96.049 4.829 2.000
v 96.049 5.366 2.000
v 90.683 5.366 2.000
v 122.878 4.829 0.000
v 128.244 4.829 0.000
v 128.244 5.366 0.000
v 122.878 5.366 0.000
v 122.878 4.829 2.000
v 128.244 4.829 2.000
v 128.244 5.366 2.000
v 122.878 5.366 2.000
v -172.244 4.829 0.000
v -166.878 4.829 0.000
v -166.878 5.366 0.000
v -172.244 5.366 0.000
v -172.244 4.829 2.000
v -166.878 4.829 2.000
v -166.878 5.366 2.000
v -172.244 5.366 2.000
v -73.512 4.829 0.000
v -68.146 4.829 0.000
v -68.146 5.366 0.000
v -73.512 5.366 0.000
v -73.512 4.829 2.000
v -68.146 4.829 2.000
v -68.146 5.366 2.000
v -73.512 5.366 2.000
v 19.317 4.829 0.000
v 24.146 4.829 0.000
v 24.146 5.366 0.000
v 19.317 5.366 0.000
v 19.317 4.829 2.000
v 24.146 4.829 2.000
v 24.146 5.366 2.000
v 19.317 5.366 2.000
v -126.098 4.829 0.000
v -121.268 4.829 0.000
v -121.268 5.366 0.000
v -126.098 5.366 0.000
v -126.098 4.829 2.000
v -121.268 4.829 2.000
v -121.268 5.366 2.000
v -126.098 5.366 2.000
v 178.146 4.293 0.000
v 181.902 4.293 0.000
v 181.902 5.366 0.000
v 178.146 5.366 0.000
v 178.146 4.293 2.000
v 181.902 4.293 2.000
v 181.902 5.366 2.000
v 178.146 5.366 2.000
v -154.000 4.293 0.000
v -151.854 4.293 0.000
v -151.854 5.366 0.000
v -154.000 5.366 0.000
v -154.000 4.293 2.000
v -151.854 4.293 2.000
v -151.854 5.366 2.000
v -154.000 5.366 2.000
v 259.707 4.293 0.000
v 263.463 4.293 0.000
v 263.463 5.366 0.000
v 259.707 5.366 0.000
v 259.707 4.293 2.000
v 263.463 4.293 2.000
v 263.463 5.366 2.000
v 259.707 5.366 2.000
v -143.268 4.293 0.000
v -139.512 4.293 0.000
v -139.512 5.366 0.000
v -143.268 5.366 0.000
v -143.268 4.293 2.000
v -139.512 4.293 2.000
v -139.512 5.366 2.000
v -143.268 5.366 2.000
v 167.415 4.293 0.000
v 169.561 4.293 0.000
v 169.561 5.366 0.000
v 167.415 5.366 0.000
v 167.415 4.293 2.000
v 169.561 4.293 2.000
v 169.561 5.366 2.000
v 167.415 5.366 2.000
v -106.244 4.293 0.000
v -104.634 4.293 0.000
v -104.634 5.366 0.000
v -106.244 5.366 0.000
v -106.244 4.293 2.000
v -104.634 4.293 2.000
v -104.634 5.366 2.000
v -106.244 5.366 2.000
v 248.976 4.293 0.000
v 251.122 4.293 0.000
v 251.122 5.366 0.000
v 248.976 5.366 0.000
v 248.976 4.293 2.000
v 251.122 4.293 2.000
v 251.122 5.366 2.000
v 248.976 5.366 2.000
v -241.463 4.293 0.000
v -236.634 4.293 0.000
v -236.634 4.829 0.000
v -241.463 4.829 0.000
v -241.463 4.293 2.000
v -236.634 4.293 2.000
v -236.634 4.829 2.000
v -241.463 4.829 2.000
v -125.561 4.293 0.000
v -120.732 4.293 0.000
v -120.732 4.829 0.000
v -125.561 4.829 0.000
v -125.561 4.293 2.000
v -120.732 4.293 2.000
v -120.732 4.829 2.000
v -125.561 4.829 2.000
v 157.756 4.293 0.000
v 162.585 4.293 0.000
v 162.585 4.829 0.000
v 157.756 4.829 0.000
v 157.756 4.293 2.000
v 162.585 4.293 2.000
v 162.585 4.829 2.000
v 157.756 4.829 2.000
v 91.220 4.293 0.000
v 96.049 4.293 0.000
v 96.049 4.829 0.000
v 91.220 4.829 0.000
v 91.220 4.293 2.000
v 96.049 4.293 2.000
v 96.049 4.829 2.000
v 91.220 4.829 2.000
v 123.415 4.293 0.000
v 128.244 4.293 0.000
v 128.244 4.829 0.000
v 123.415 4.829 0.000
v 123.415 4.293 2.000
v 128.244 4.293 2.000
v 128.244 4.829 2.000
v 123.415 4.829 2.000
v -95.512 4.293 0.000
v -90.683 4.293 0.000
v -90.683 4.829 0.000
v -95.512 4.829 0.000
v -95.512 4.293 2.000
v -90.683 4.293 2.000
v -90.683 4.829 2.000
v -95.512 4.829 2.000
v -171.707 4.293 0.000
v -166.878 4.293 0.000
v -166.878 4.829 0.000
v -171.707 4.829 0.000
v -171.707 4.293 2.000
v -166.878 4.293 2.000
v -166.878 4.829 2.000
v -171.707 4.829 2.000
v -113.220 4.293 0.000
v -110.537 4.293 0.000
v -110.537 4.829 0.000
v -113.220 4.829 0.000
v -113.220 4.293 2.000
v -110.537 4.293 2.000
v -110.537 4.829 2.000
v -113.220 4.829 2.000
v 19.854 4.293 0.000
v 24.146 4.293 0.000
v 24.146 4.829 0.000
v 19.854 4.829 0.000
v 19.854 4.293 2.000
v 24.146 4.293 2.000
v 24.146 4.829 2.000
v 19.854 4.829 2.000
v -74.049 4.293 0.000
v -68.146 4.293 0.000
v -68.146 4.829 0.000
v -74.049 4.829 0.000
v -74.049 4.293 2.000
v -68.146 4.293 2.000
v -68.146 4.829 2.000
v -74.049 4.829 2.000
v 69.756 4.293 0.000
v 74.585 4.293 0.000
v 74.585 4.829 0.000
v 69.756 4.829 0.000
v 69.756 4.293 2.000
v 74.585 4.293 2.000
v 74.585 4.829 2.000
v 69.756 4.829 2.000
v -39.707 4.293 0.000
v -34.341 4.293 0.000
v -34.341 4.829 0.000
v -39.707 4.829 0.000
v -39.707 4.293 2.000
v -34.341 4.293 2.000
v -34.341 4.829 2.000
v -39.707 4.829 2.000
v 82.098 4.293 0.000
v 84.780 4.293 0.000
v 84.780 4.829 0.000
v 82.098 4.829 0.000
v 82.098 4.293 2.000
v 84.780 4.293 2.000
v 84.780 4.829 2.000
v 82.098 4.829 2.000
v 103.561 4.293 0.000
v 105.707 4.293 0.000
v 105.707 4.829 0.000
v 103.561 4.829 0.000
v 103.561 4.293 2.000
v 105.707 4.293 2.000
v 105.707 4.829 2.000
v 103.561 4.829 2.000
v 31.122 4.293 0.000
v 35.951 4.293 0.000
v 35.951 4.829 0.000
v 31.122 4.829 0.000
v 31.122 4.293 2.000
v 35.951 4.293 2.000
v 35.951 4.829 2.000
v 31.122 4.829 2.000
v -229.122 4.293 0.000
v -226.976 4.293 0.000
v -226.976 4.829 0.000
v -229.122 4.829 0.000
v -229.122 4.293 2.000
v -226.976 4.293 2.000
v -226.976 4.829 2.000
v -229.122 4.829 2.000
v 146.488 4.293 0.000
v 150.780 4.293 0.000
v 150.780 4.829 0.000
v 146.488 4.829 0.000
v 146.488 4.293 2.000
v 150.780 4.293 2.000
v 150.780 4.829 2.000
v 146.488 4.829 2.000
v 259.171 3.756 0.000
v 262.927 3.756 0.000
v 262.927 4.293 0.000
v 259.171 4.293 0.000
v 259.171 3.756 2.000
v 262.927 3.756 2.000
v 262.927 4.293 2.000
v 259.171 4.293 2.000
v 31.122 3.756 0.000
v 35.415 3.756 0.000
v 35.415 4.293 0.000
v 31.122 4.293 0.000
v 31.122 3.756 2.000
v 35.415 3.756 2.000
v 35.415 4.293 2.000
v 31.122 4.293 2.000
v -171.707 3.756 0.000
v -166.341 3.756 0.000
v -166.341 4.293 0.000
v -171.707 4.293 0.000
v -171.707 3.756 2.000
v -166.341 3.756 2.000
v -166.341 4.293 2.000
v -171.707 4.293 2.000
v -113.756 3.756 0.000
v -111.073 3.756 0.000
v -111.073 4.293 0.000
v -113.756 4.293 0.000
v -113.756 3.756 2.000
v -111.073 3.756 2.000
v -111.073 4.293 2.000
v -113.756 4.293 2.000
v 19.854 3.756 0.000
v 24.683 3.756 0.000
v 24.683 4.293 0.000
v 19.854 4.293 0.000
v 19.854 3.756 2.000
v 24.683 3.756 2.000
v 24.683 4.293 2.000
v 19.854 4.293 2.000
v -74.585 3.756 0.000
v -68.683 3.756 0.000
v -68.683 4.293 0.000
v -74.585 4.293 0.000
v -74.585 3.756 2.000
v -68.683 3.756 2.000
v -68.683 4.293 2.000
v -74.585 4.293 2.000
v -125.024 3.756 0.000
v -120.195 3.756 0.000
v -120.195 4.293 0.000
v -125.024 4.293 0.000
v -125.024 3.756 2.000
v -120.195 3.756 2.000
v -120.195 4.293 2.000
v -125.024 4.293 2.000
v -229.659 3.756 0.000
v -227.512 3.756 0.000
v -227.512 4.293 0.000
v -229.659 4.293 0.000
v -229.659 3.756 2.000
v -227.512 3.756 2.000
v -227.512 4.293 2.000
v -229.659 4.293 2.000
v -143.805 3.756 0.000
v -140.049 3.756 0.000
v -140.049 4.293 0.000
v -143.805 4.293 0.000
v -143.805 3.756 2.000
v -140.049 3.756 2.000
v -140.049 4.293 2.000
v -143.805 4.293 2.000
v 157.756 3.756 0.000
v 162.049 3.756 0.000
v 162.049 4.293 0.000
v 157.756 4.293 0.000
v 157.756 3.756 2.000
v 162.049 3.756 2.000
v 162.049 4.293 2.000
v 157.756 4.293 2.000
v 167.415 3.756 0.000
v 170.098 3.756 0.000
v 170.098 4.293 0.000
v 167.415 4.293 0.000
v 167.415 3.756 2.000
v 170.098 3.756 2.000
v 170.098 4.293 2.000
v 167.415 4.293 2.000
v 146.488 3.756 0.000
v 151.317 3.756 0.000
v 151.317 4.293 0.000
v 146.488 4.293 0.000
v 146.488 3.756 2.000
v 151.317 3.756 2.000
v 151.317 4.293 2.000
v 146.488 4.293 2.000
v 81.561 3.756 0.000
v 84.244 3.756 0.000
v 84.244 4.293 0.000
v 81.561 4.293 0.000
v 81.561 3.756 2.000
v 84.244 3.756 2.000
v 84.244 4.293 2.000
v 81.561 4.293 2.000
v 70.293 3.756 0.000
v 75.122 3.756 0.000
v 75.122 4.293 0.000
v 70.293 4.293 0.000
v 70.293 3.756 2.000
v 75.122 3.756 2.000
v 75.122 4.293 2.000
v 70.293 4.293 2.000
v 248.976 3.756 0.000
v 251.659 3.756 0.000
v 251.659 4.293 0.000
v 248.976 4.293 0.000
v 248.976 3.756 2.000
v 251.659 3.756 2.000
v 251.659 4.293 2.000
v 248.976 4.293 2.000
v 103.024 3.756 0.000
v 105.171 3.756 0.000
v 105.171 4.293 0.000
v 103.024 4.293 0.000
v 103.024 3.756 2.000
v 105.171 3.756 2.000
v 105.171 4.293 2.000
v 103.024 4.293 2.000
v -241.463 3.756 0.000
v -236.098 3.756 0.000
v -236.098 4.293 0.000
v -241.463 4.293 0.000
v -241.463 3.756 2.000
v -236.098 3.756 2.000
v -236.098 4.293 2.000
v -241.463 4.293 2.000
v 91.220 3.756 0.000
v 96.585 3.756 0.000
v 96.585 4.293 0.000
v 91.220 4.293 0.000
v 91.220 3.756 2.000
v 96.585 3.756 2.000
v 96.585 4.293 2.000
v 91.220 4.293 2.000
v 177.610 3.756 0.000
v 181.366 3.756 0.000
v 181.366 4.293 0.000
v 177.610 4.293 0.000
v 177.610 3.756 2.000
v 181.366 3.756 2.000
v 181.366 4.293 2.000
v 177.610 4.293 2.000
v -154.000 3.756 0.000
v -151.317 3.756 0.000
v -151.317 4.293 0.000
v -154.000 4.293 0.000
v -154.000 3.756 2.000
v -151.317 3.756 2.000
v -151.317 4.293 2.000
v -154.000 4.293 2.000
v 123.415 3.756 0.000
v 128.780 3.756 0.000
v 128.780 4.293 0.000
v 123.415 4.293 0.000
v 123.415 3.756 2.000
v 128.780 3.756 2.000
v 128.780 4.293 2.000
v 123.415 4.293 2.000
v -95.512 3.756 0.000
v -90.146 3.756 0.000
v -90.146 4.293 0.000
v -95.512 4.293 0.000
v -95.512 3.756 2.000
v -90.146 3.756 2.000
v -90.146 4.293 2.000
v -95.512 4.293 2.000
v -4.293 3.220 0.000
v 0.537 3.220 0.000
v 0.537 18.780 0.000
v -4.293 18.780 0.000
v -4.293 3.220 2.000
v 0.537 3.220 2.000
v 0.537 18.780 2.000
v -4.293 18.780 2.000
v 202.829 3.220 0.000
v 207.659 3.220 0.000
v 207.659 18.780 0.000
v 202.829 18.780 0.000
v 202.829 3.220 2.000
v 207.659 3.220 2.000
v 207.659 18.780 2.000
v 202.829 18.780 2.000
v 187.805 3.220 0.000
v 192.634 3.220 0.000
v 192.634 18.780 0.000
v 187.805 18.780 0.000
v 187.805 3.220 2.000
v 192.634 3.220 2.000
v 192.634 18.780 2.000
v 187.805 18.780 2.000
v -62.780 3.220 0.000
v -57.951 3.220 0.000
v -57.951 18.780 0.000
v -62.780 18.780 0.000
v -62.780 3.220 2.000
v -57.951 3.220 2.000
v -57.951 18.780 2.000
v -62.780 18.780 2.000
v -220.000 3.220 0.000
v -215.171 3.220 0.000
v -215.171 18.780 0.000
v -220.000 18.780 0.000
v -220.000 3.220 2.000
v -215.171 3.220 2.000
v -215.171 18.780 2.000
v -220.000 18.780 2.000
v 134.683 3.220 0.000
v 139.512 3.220 0.000
v 139.512 18.780 0.000
v 134.683 18.780 0.000
v 134.683 3.220 2.000
v 139.512 3.220 2.000
v 139.512 18.780 2.000
v 134.683 18.780 2.000
v 218.927 3.220 0.000
v 223.756 3.220 0.000
v 223.756 18.780 0.000
v 218.927 18.780 0.000
v 218.927 3.220 2.000
v 223.756 3.220 2.000
v 223.756 18.780 2.000
v 218.927 18.780 2.000
v -50.439 3.220 0.000
v -48.829 3.220 0.000
v -48.829 14.488 0.000
v -50.439 14.488 0.000
v -50.439 3.220 2.000
v -48.829 3.220 2.000
v -48.829 14.488 2.000
v -50.439 14.488 2.000
v -84.244 3.220 0.000
v -79.415 3.220 0.000
v -79.415 11.268 0.000
v -84.244 11.268 0.000
v -84.244 3.220 2.000
v -79.415 3.220 2.000
v -79.415 11.268 2.000
v -84.244 11.268 2.000
v -201.756 3.220 0.000
v -196.927 3.220 0.000
v -196.927 10.732 0.000
v -201.756 10.732 0.000
v -201.756 3.220 2.000
v -196.927 3.220 2.000
v -196.927 10.732 2.000
v -201.756 10.732 2.000
v 42.927 3.220 0.000
v 47.756 3.220 0.000
v 47.756 10.732 0.000
v 42.927 10.732 0.000
v 42.927 3.220 2.000
v 47.756 3.220 2.000
v 47.756 10.732 2.000
v 42.927 10.732 2.000
v -261.854 3.220 0.000
v -257.024 3.220 0.000
v -257.024 10.732 0.000
v -261.854 10.732 0.000
v -261.854 3.220 2.000
v -257.024 3.220 2.000
v -257.024 10.732 2.000
v -261.854 10.732 2.000
v -27.366 3.220 0.000
v -22.537 3.220 0.000
v -22.537 10.732 0.000
v -27.366 10.732 0.000
v -27.366 3.220 2.000
v -22.537 3.220 2.000
v -22.537 10.732 2.000
v -27.366 10.732 2.000
v 231.268 3.220 0.000
v 236.098 3.220 0.000
v 236.098 10.732 0.000
v 231.268 10.732 0.000
v 231.268 3.220 2.000
v 236.098 3.220 2.000
v 236.098 10.732 2.000
v 231.268 10.732 2.000
v 113.220 3.220 0.000
v 118.049 3.220 0.000
v 118.049 10.195 0.000
v 113.220 10.195 0.000
v 113.220 3.220 2.000
v 118.049 3.220 2.000
v 118.049 10.195 2.000
v 113.220 10.195 2.000
v -181.902 3.220 0.000
v -177.073 3.220 0.000
v -177.073 10.195 0.000
v -181.902 10.195 0.000
v -181.902 3.220 2.000
v -177.073 3.220 2.000
v -177.073 10.195 2.000
v -181.902 10.195 2.000
v -207.659 3.220 0.000
v -206.049 3.220 0.000
v -206.049 6.439 0.000
v -207.659 6.439 0.000
v -207.659 3.220 2.000
v -206.049 3.220 2.000
v -206.049 6.439 2.000
v -207.659 6.439 2.000
v -248.976 3.220 0.000
v -247.366 3.220 0.000
v -247.366 5.902 0.000
v -248.976 5.902 0.000
v -248.976 3.220 2.000
v -247.366 3.220 2.000
v -247.366 5.902 2.000
v -248.976 5.902 2.000
v -14.488 3.220 0.000
v -12.878 3.220 0.000
v -12.878 5.902 0.000
v -14.488 5.902 0.000
v -14.488 3.220 2.000
v -12.878 3.220 2.000
v -12.878 5.902 2.000
v -14.488 5.902 2.000
v 244.146 3.220 0.000
v 245.756 3.220 0.000
v 245.756 5.902 0.000
v 244.146 5.902 0.000
v 244.146 3.220 2.000
v 245.756 3.220 2.000
v 245.756 5.902 2.000
v 244.146 5.902 2.000
v -188.878 3.220 0.000
v -187.268 3.220 0.000
v -187.268 5.902 0.000
v -188.878 5.902 0.000
v -188.878 3.220 2.000
v -187.268 3.220 2.000
v -187.268 5.902 2.000
v -188.878 5.902 2.000
v -39.171 3.220 0.000
v -34.341 3.220 0.000
v -34.341 4.293 0.000
v -39.171 4.293 0.000
v -39.171 3.220 2.000
v -34.341 3.220 2.000
v -34.341 4.293 2.000
v -39.171 4.293 2.000
v -106.780 3.220 0.000
v -105.171 3.220 0.000
v -105.171 4.293 0.000
v -106.780 4.293 0.000
v -106.780 3.220 2.000
v -105.171 3.220 2.000
v -105.171 4.293 2.000
v -106.780 4.293 2.000
v 30.049 3.220 0.000
v 34.878 3.220 0.000
v 34.878 3.756 0.000
v 30.049 3.756 0.000
v 30.049 3.220 2.000
v 34.878 3.220 2.000
v 34.878 3.756 2.000
v 30.049 3.756 2.000
v -154.000 3.220 0.000
v -150.244 3.220 0.000
v -150.244 3.756 0.000
v -154.000 3.756 0.000
v -154.000 3.220 2.000
v -150.244 3.220 2.000
v -150.244 3.756 2.000
v -154.000 3.756 2.000
v -240.927 3.220 0.000
v -234.488 3.220 0.000
v -234.488 3.756 0.000
v -240.927 3.756 0.000
v -240.927 3.220 2.000
v -234.488 3.220 2.000
v -234.488 3.756 2.000
v -240.927 3.756 2.000
v -75.659 3.220 0.000
v -69.220 3.220 0.000
v -69.220 3.756 0.000
v -75.659 3.756 0.000
v -75.659 3.220 2.000
v -69.220 3.220 2.000
v -69.220 3.756 2.000
v -75.659 3.756 2.000
v 123.951 3.220 0.000
v 128.780 3.220 0.000
v 128.780 3.756 0.000
v 123.951 3.756 0.000
v 123.951 3.220 2.000
v 128.780 3.220 2.000
v 128.780 3.756 2.000
v 123.951 3.756 2.000
v 258.634 3.220 0.000
v 262.927 3.220 0.000
v 262.927 3.756 0.000
v 258.634 3.756 0.000
v 258.634 3.220 2.000
v 262.927 3.220 2.000
v 262.927 3.756 2.000
v 258.634 3.756 2.000
v 147.561 3.220 0.000
v 151.854 3.220 0.000
v 151.854 3.756 0.000
v 147.561 3.756 0.000
v 147.561 3.220 2.000
v 151.854 3.220 2.000
v 151.854 3.756 2.000
v 147.561 3.756 2.000
v 177.073 3.220 0.000
v 181.366 3.220 0.000
v 181.366 3.756 0.000
v 177.073 3.756 0.000
v 177.073 3.220 2.000
v 181.366 3.220 2.000
v 181.366 3.756 2.000
v 177.073 3.756 2.000
v -230.732 3.220 0.000
v -227.512 3.220 0.000
v -227.512 3.756 0.000
v -230.732 3.756 0.000
v -230.732 3.220 2.000
v -227.512 3.220 2.000
v -227.512 3.756 2.000
v -230.732 3.756 2.000
v 91.756 3.220 0.000
v 98.195 3.220 0.000
v 98.195 3.756 0.000
v 91.756 3.756 0.000
v 91.756 3.220 2.000
v 98.195 3.220 2.000
v 98.195 3.756 2.000
v 91.756 3.756 2.000
v 101.951 3.220 0.000
v 105.171 3.220 0.000
v 105.171 3.756 0.000
v 101.951 3.756 0.000
v 101.951 3.220 2.000
v 105.171 3.220 2.000
v 105.171 3.756 2.000
v 101.951 3.756 2.000
v -124.488 3.220 0.000
v -119.659 3.220 0.000
v -119.659 3.756 0.000
v -124.488 3.756 0.000
v -124.488 3.220 2.000
v -119.659 3.220 2.000
v -119.659 3.756 2.000
v -124.488 3.756 2.000
v -94.976 3.220 0.000
v -90.146 3.220 0.000
v -90.146 3.756 0.000
v -94.976 3.756 0.000
v -94.976 3.220 2.000
v -90.146 3.220 2.000
v -90.146 3.756 2.000
v -94.976 3.756 2.000
v -171.171 3.220 0.000
v -166.341 3.220 0.000
v -166.341 3.756 0.000
v -171.171 3.756 0.000
v -171.171 3.220 2.000
v -166.341 3.220 2.000
v -166.341 3.756 2.000
v -171.171 3.756 2.000
v 156.683 3.220 0.000
v 161.512 3.220 0.000
v 161.512 3.756 0.000
v 156.683 3.756 0.000
v 156.683 3.220 2.000
v 161.512 3.220 2.000
v 161.512 3.756 2.000
v 156.683 3.756 2.000
v -114.293 3.220 0.000
v -111.073 3.220 0.000
v -111.073 3.756 0.000
v -114.293 3.756 0.000
v -114.293 3.220 2.000
v -111.073 3.220 2.000
v -111.073 3.756 2.000
v -114.293 3.756 2.000
v -144.341 3.220 0.000
v -140.049 3.220 0.000
v -140.049 3.756 0.000
v -144.341 3.756 0.000
v -144.341 3.220 2.000
v -140.049 3.220 2.000
v -140.049 3.756 2.000
v -144.341 3.756 2.000
v 20.927 3.220 0.000
v 25.220 3.220 0.000
v 25.220 3.756 0.000
v 20.927 3.756 0.000
v 20.927 3.220 2.000
v 25.220 3.220 2.000
v 25.220 3.756 2.000
v 20.927 3.756 2.000
v 167.415 3.220 0.000
v 171.171 3.220 0.000
v 171.171 3.756 0.000
v 167.415 3.756 0.000
v 167.415 3.220 2.000
v 171.171 3.220 2.000
v 171.171 3.756 2.000
v 167.415 3.756 2.000
v 248.976 3.220 0.000
v 252.732 3.220 0.000
v 252.732 3.756 0.000
v 248.976 3.756 0.000
v 248.976 3.220 2.000
v 252.732 3.220 2.000
v 252.732 3.756 2.000
v 248.976 3.756 2.000
v 70.829 3.220 0.000
v 75.659 3.220 0.000
v 75.659 3.756 0.000
v 70.829 3.756 0.000
v 70.829 3.220 2.000
v 75.659 3.220 2.000
v 75.659 3.756 2.000
v 70.829 3.756 2.000
v 81.024 3.220 0.000
v 84.244 3.220 0.000
v 84.244 3.756 0.000
v 81.024 3.756 0.000
v 81.024 3.220 2.000
v 84.244 3.220 2.000
v 84.244 3.756 2.000
v 81.024 3.756 2.000
v 123.951 2.683 0.000
v 130.927 2.683 0.000
v 130.927 3.220 0.000
v 123.951 3.220 0.000
v 123.951 2.683 2.000
v 130.927 2.683 2.000
v 130.927 3.220 2.000
v 123.951 3.220 2.000
v -86.927 2.683 0.000
v -69.756 2.683 0.000
v -69.756 3.220 0.000
v -86.927 3.220 0.000
v -86.927 2.683 2.000
v -69.756 2.683 2.000
v -69.756 3.220 2.000
v -86.927 3.220 2.000
v 167.415 2.683 0.000
v 172.244 2.683 0.000
v 172.244 3.220 0.000
v 167.415 3.220 0.000
v 167.415 2.683 2.000
v 172.244 2.683 2.000
v 172.244 3.220 2.000
v 167.415 3.220 2.000
v 176.537 2.683 0.000
v 180.829 2.683 0.000
v 180.829 3.220 0.000
v 176.537 3.220 0.000
v 176.537 2.683 2.000
v 180.829 2.683 2.000
v 180.829 3.220 2.000
v 176.537 3.220 2.000
v 258.098 2.683 0.000
v 262.390 2.683 0.000
v 262.390 3.220 0.000
v 258.098 3.220 0.000
v 258.098 2.683 2.000
v 262.390 2.683 2.000
v 262.390 3.220 2.000
v 258.098 3.220 2.000
v 79.951 2.683 0.000
v 83.707 2.683 0.000
v 83.707 3.220 0.000
v 79.951 3.220 0.000
v 79.951 2.683 2.000
v 83.707 2.683 2.000
v 83.707 3.220 2.000
v 79.951 3.220 2.000
v 148.098 2.683 0.000
v 152.927 2.683 0.000
v 152.927 3.220 0.000
v 148.098 3.220 0.000
v 148.098 2.683 2.000
v 152.927 2.683 2.000
v 152.927 3.220 2.000
v 148.098 3.220 2.000
v -171.171 2.683 0.000
v -164.195 2.683 0.000
v -164.195 3.220 0.000
v -171.171 3.220 0.000
v -171.171 2.683 2.000
v -164.195 2.683 2.000
v -164.195 3.220 2.000
v -171.171 3.220 2.000
v 248.976 2.683 0.000
v 253.805 2.683 0.000
v 253.805 3.220 0.000
v 248.976 3.220 0.000
v 248.976 2.683 2.000
v 253.805 2.683 2.000
v 253.805 3.220 2.000
v 248.976 3.220 2.000
v -123.951 2.683 0.000
v -118.585 2.683 0.000
v -118.585 3.220 0.000
v -123.951 3.220 0.000
v -123.951 2.683 2.000
v -118.585 2.683 2.000
v -118.585 3.220 2.000
v -123.951 3.220 2.000
v -154.000 2.683 0.000
v -149.171 2.683 0.000
v -149.171 3.220 0.000
v -154.000 3.220 0.000
v -154.000 2.683 2.000
v -149.171 2.683 2.000
v -149.171 3.220 2.000
v -154.000 3.220 2.000
v -144.878 2.683 0.000
v -140.585 2.683 0.000
v -140.585 3.220 0.000
v -144.878 3.220 0.000
v -144.878 2.683 2.000
v -140.585 2.683 2.000
v -140.585 3.220 2.000
v -144.878 3.220 2.000
v 156.146 2.683 0.000
v 160.976 2.683 0.000
v 160.976 3.220 0.000
v 156.146 3.220 0.000
v 156.146 2.683 2.000
v 160.976 2.683 2.000
v 160.976 3.220 2.000
v 156.146 3.220 2.000
v -38.634 2.683 0.000
v -34.341 2.683 0.000
v -34.341 3.220 0.000
v -38.634 3.220 0.000
v -38.634 2.683 2.000
v -34.341 2.683 2.000
v -34.341 3.220 2.000
v -38.634 3.220 2.000
v 71.366 2.683 0.000
v 76.732 2.683 0.000
v 76.732 3.220 0.000
v 71.366 3.220 0.000
v 71.366 2.683 2.000
v 76.732 2.683 2.000
v 76.732 3.220 2.000
v 71.366 3.220 2.000
v 92.293 2.683 0.000
v 104.634 2.683 0.000
v 104.634 3.220 0.000
v 92.293 3.220 0.000
v 92.293 2.683 2.000
v 104.634 2.683 2.000
v 104.634 3.220 2.000
v 92.293 3.220 2.000
v 21.463 2.683 0.000
v 26.293 2.683 0.000
v 26.293 3.220 0.000
v 21.463 3.220 0.000
v 21.463 2.683 2.000
v 26.293 2.683 2.000
v 26.293 3.220 2.000
v 21.463 3.220 2.000
v -115.366 2.683 0.000
v -111.610 2.683 0.000
v -111.610 3.220 0.000
v -115.366 3.220 0.000
v -115.366 2.683 2.000
v -111.610 2.683 2.000
v -111.610 3.220 2.000
v -115.366 3.220 2.000
v -240.390 2.683 0.000
v -228.049 2.683 0.000
v -228.049 3.220 0.000
v -240.390 3.220 0.000
v -240.390 2.683 2.000
v -228.049 2.683 2.000
v -228.049 3.220 2.000
v -240.390 3.220 2.000
v 29.512 2.683 0.000
v 34.341 2.683 0.000
v 34.341 3.220 0.000
v 29.512 3.220 0.000
v 29.512 2.683 2.000
v 34.341 2.683 2.000
v 34.341 3.220 2.000
v 29.512 3.220 2.000
v 22.000 2.146 0.000
v 33.268 2.146 0.000
v 33.268 2.683 0.000
v 22.000 2.683 0.000
v 22.000 2.146 2.000
v 33.268 2.146 2.000
v 33.268 2.683 2.000
v 22.000 2.683 2.000
v 72.439 2.146 0.000
v 82.634 2.146 0.000
v 82.634 2.683 0.000
v 72.439 2.683 0.000
v 72.439 2.146 2.000
v 82.634 2.146 2.000
v 82.634 2.683 2.000
v 72.439 2.683 2.000
v 167.415 2.146 0.000
v 180.293 2.146 0.000
v 180.293 2.683 0.000
v 167.415 2.683 0.000
v 167.415 2.146 2.000
v 180.293 2.146 2.000
v 180.293 2.683 2.000
v 167.415 2.683 2.000
v -38.098 2.146 0.000
v -34.341 2.146 0.000
v -34.341 2.683 0.000
v -38.098 2.683 0.000
v -38.098 2.146 2.000
v -34.341 2.146 2.000
v -34.341 2.683 2.000
v -38.098 2.683 2.000
v 248.976 2.146 0.000
v 261.854 2.146 0.000
v 261.854 2.683 0.000
v 248.976 2.683 0.000
v 248.976 2.146 2.000
v 261.854 2.146 2.000
v 261.854 2.683 2.000
v 248.976 2.683 2.000
v 148.634 2.146 0.000
v 159.902 2.146 0.000
v 159.902 2.683 0.000
v 148.634 2.683 0.000
v 148.634 2.146 2.000
v 159.902 2.146 2.000
v 159.902 2.683 2.000
v 148.634 2.683 2.000
v -154.000 2.146 0.000
v -141.122 2.146 0.000
v -141.122 2.683 0.000
v -154.000 2.683 0.000
v -154.000 2.146 2.000
v -141.122 2.146 2.000
v -141.122 2.683 2.000
v -154.000 2.683 2.000
v -239.854 2.146 0.000
v -228.585 2.146 0.000
v -228.585 2.683 0.000
v -239.854 2.683 0.000
v -239.854 2.146 2.000
v -228.585 2.146 2.000
v -228.585 2.683 2.000
v -239.854 2.683 2.000
v -86.927 2.146 0.000
v -70.829 2.146 0.000
v -70.829 2.683 0.000
v -86.927 2.683 0.000
v -86.927 2.146 2.000
v -70.829 2.146 2.000
v -70.829 2.683 2.000
v -86.927 2.683 2.000
v -122.878 2.146 0.000
v -112.683 2.146 0.000
v -112.683 2.683 0.000
v -122.878 2.683 0.000
v -122.878 2.146 2.000
v -112.683 2.146 2.000
v -112.683 2.683 2.000
v -122.878 2.683 2.000
v 92.829 2.146 0.000
v 104.098 2.146 0.000
v 104.098 2.683 0.000
v 92.829 2.683 0.000
v 92.829 2.146 2.000
v 104.098 2.146 2.000
v 104.098 2.683 2.000
v 92.829 2.683 2.000
v 40.244 1.610 0.000
v 50.439 1.610 0.000
v 50.439 3.220 0.000
v 40.244 3.220 0.000
v 40.244 1.610 2.000
v 50.439 1.610 2.000
v 50.439 3.220 2.000
v 40.244 3.220 2.000
v -184.585 1.610 0.000
v -174.927 1.610 0.000
v -174.927 3.220 0.000
v -184.585 3.220 0.000
v -184.585 1.610 2.000
v -174.927 1.610 2.000
v -174.927 3.220 2.000
v -184.585 3.220 2.000
v -264.537 1.610 0.000
v -247.366 1.610 0.000
v -247.366 3.220 0.000
v -264.537 3.220 0.000
v -264.537 1.610 2.000
v -247.366 1.610 2.000
v -247.366 3.220 2.000
v -264.537 3.220 2.000
v 185.122 1.610 0.000
v 194.780 1.610 0.000
v 194.780 3.220 0.000
v 185.122 3.220 0.000
v 185.122 1.610 2.000
v 194.780 1.610 2.000
v 194.780 3.220 2.000
v 185.122 3.220 2.000
v -30.049 1.610 0.000
v -12.878 1.610 0.000
v -12.878 3.220 0.000
v -30.049 3.220 0.000
v -30.049 1.610 2.000
v -12.878 1.610 2.000
v -12.878 3.220 2.000
v -30.049 3.220 2.000
v 228.585 1.610 0.000
v 245.756 1.610 0.000
v 245.756 3.220 0.000
v 228.585 3.220 0.000
v 228.585 1.610 2.000
v 245.756 1.610 2.000
v 245.756 3.220 2.000
v 228.585 3.220 2.000
v -222.683 1.610 0.000
v -206.049 1.610 0.000
v -206.049 3.220 0.000
v -222.683 3.220 0.000
v -222.683 1.610 2.000
v -206.049 1.610 2.000
v -206.049 3.220 2.000
v -222.683 3.220 2.000
v -53.122 1.610 0.000
v -46.683 1.610 0.000
v -46.683 3.220 0.000
v -53.122 3.220 0.000
v -53.122 1.610 2.000
v -46.683 1.610 2.000
v -46.683 3.220 2.000
v -53.122 3.220 2.000
v -65.463 1.610 0.000
v -55.805 1.610 0.000
v -55.805 3.220 0.000
v -65.463 3.220 0.000
v -65.463 1.610 2.000
v -55.805 1.610 2.000
v -55.805 3.220 2.000
v -65.463 3.220 2.000
v -204.439 1.610 0.000
v -187.268 1.610 0.000
v -187.268 3.220 0.000
v -204.439 3.220 0.000
v -204.439 1.610 2.000
v -187.268 1.610 2.000
v -187.268 3.220 2.000
v -204.439 3.220 2.000
v -6.439 1.610 0.000
v 3.220 1.610 0.000
v 3.220 3.220 0.000
v -6.439 3.220 0.000
v -6.439 1.610 2.000
v 3.220 1.610 2.000
v 3.220 3.220 2.000
v -6.439 3.220 2.000
v 200.683 1.610 0.000
v 210.341 1.610 0.000
v 210.341 3.220 0.000
v 200.683 3.220 0.000
v 200.683 1.610 2.000
v 210.341 1.610 2.000
v 210.341 3.220 2.000
v 200.683 3.220 2.000
v -108.390 1.610 0.000
v -103.024 1.610 0.000
v -103.024 3.220 0.000
v -108.390 3.220 0.000
v -108.390 1.610 2.000
v -103.024 1.610 2.000
v -103.024 3.220 2.000
v -108.390 3.220 2.000
v 132.000 1.610 0.000
v 141.659 1.610 0.000
v 141.659 3.220 0.000
v 132.000 3.220 0.000
v 132.000 1.610 2.000
v 141.659 1.610 2.000
v 141.659 3.220 2.000
v 132.000 3.220 2.000
v 216.244 1.610 0.000
v 225.902 1.610 0.000
v 225.902 3.220 0.000
v 216.244 3.220 0.000
v 216.244 1.610 2.000
v 225.902 1.610 2.000
v 225.902 3.220 2.000
v 216.244 3.220 2.000
v -97.122 1.610 0.000
v -88.000 1.610 0.000
v -88.000 3.220 0.000
v -97.122 3.220 0.000
v -97.122 1.610 2.000
v -88.000 1.610 2.000
v -88.000 3.220 2.000
v -97.122 3.220 2.000
v 110.537 1.610 0.000
v 120.195 1.610 0.000
v 120.195 3.220 0.000
v 110.537 3.220 0.000
v 110.537 1.610 2.000
v 120.195 1.610 2.000
v 120.195 3.220 2.000
v 110.537 3.220 2.000
v 124.488 1.610 0.000
v 130.927 1.610 0.000
v 130.927 2.683 0.000
v 124.488 2.683 0.000
v 124.488 1.610 2.000
v 130.927 1.610 2.000
v 130.927 2.683 2.000
v 124.488 2.683 2.000
v -170.634 1.610 0.000
v -164.195 1.610 0.000
v -164.195 2.683 0.000
v -170.634 2.683 0.000
v -170.634 1.610 2.000
v -164.195 1.610 2.000
v -164.195 2.683 2.000
v -170.634 2.683 2.000
v -86.927 1.610 0.000
v -72.976 1.610 0.000
v -72.976 2.146 0.000
v -86.927 2.146 0.000
v -86.927 1.610 2.000
v -72.976 1.610 2.000
v -72.976 2.146 2.000
v -86.927 2.146 2.000
v 250.049 1.610 0.000
v 260.780 1.610 0.000
v 260.780 2.146 0.000
v 250.049 2.146 0.000
v 250.049 1.610 2.000
v 260.780 1.610 2.000
v 260.780 2.146 2.000
v 250.049 2.146 2.000
v -152.927 1.610 0.000
v -142.195 1.610 0.000
v -142.195 2.146 0.000
v -152.927 2.146 0.000
v -152.927 1.610 2.000
v -142.195 1.610 2.000
v -142.195 2.146 2.000
v -152.927 2.146 2.000
v -121.805 1.610 0.000
v -113.220 1.610 0.000
v -113.220 2.146 0.000
v -121.805 2.146 0.000
v -121.805 1.610 2.000
v -113.220 1.610 2.000
v -113.220 2.146 2.000
v -121.805 2.146 2.000
v 149.707 1.610 0.000
v 158.829 1.610 0.000
v 158.829 2.146 0.000
v 149.707 2.146 0.000
v 149.707 1.610 2.000
v 158.829 1.610 2.000
v 158.829 2.146 2.000
v 149.707 2.146 2.000
v -238.780 1.610 0.000
v -229.659 1.610 0.000
v -229.659 2.146 0.000
v -238.780 2.146 0.000
v -238.780 1.610 2.000
v -229.659 1.610 2.000
v -229.659 2.146 2.000
v -238.780 2.146 2.000
v 93.902 1.610 0.000
v 103.024 1.610 0.000
v 103.024 2.146 0.000
v 93.902 2.146 0.000
v 93.902 1.610 2.000
v 103.024 1.610 2.000
v 103.024 2.146 2.000
v 93.902 2.146 2.000
v 73.512 1.610 0.000
v 82.098 1.610 0.000
v 82.098 2.146 0.000
v 73.512 2.146 0.000
v 73.512 1.610 2.000
v 82.098 1.610 2.000
v 82.098 2.146 2.000
v 73.512 2.146 2.000
v -37.561 1.610 0.000
v -34.341 1.610 0.000
v -34.341 2.146 0.000
v -37.561 2.146 0.000
v -37.561 1.610 2.000
v -34.341 1.610 2.000
v -34.341 2.146 2.000
v -37.561 2.146 2.000
v 168.488 1.610 0.000
v 179.220 1.610 0.000
v 179.220 2.146 0.000
v 168.488 2.146 0.000
v 168.488 1.610 2.000
v 179.220 1.610 2.000
v 179.220 2.146 2.000
v 168.488 2.146 2.000
v 23.073 1.610 0.000
v 32.195 1.610 0.000
v 32.195 2.146 0.000
v 23.073 2.146 0.000
v 23.073 1.610 2.000
v 32.195 1.610 2.000
v 32.195 2.146 2.000
v 23.073 2.146 2.000
v 75.122 1.073 0.000
v 80.488 1.073 0.000
v 80.488 1.610 0.000
v 75.122 1.610 0.000
v 75.122 1.073 2.000
v 80.488 1.073 2.000
v 80.488 1.610 2.000
v 75.122 1.610 2.000
v -237.171 1.073 0.000
v -231.268 1.073 0.000
v -231.268 1.610 0.000
v -237.171 1.610 0.000
v -237.171 1.073 2.000
v -231.268 1.073 2.000
v -231.268 1.610 2.000
v -237.171 1.610 2.000
v 252.732 1.073 0.000
v 259.171 1.073 0.000
v 259.171 1.610 0.000
v 252.732 1.610 0.000
v 252.732 1.073 2.000
v 259.171 1.073 2.000
v 259.171 1.610 2.000
v 252.732 1.610 2.000
v 171.171 1.073 0.000
v 177.610 1.073 0.000
v 177.610 1.610 0.000
v 171.171 1.610 0.000
v 171.171 1.073 2.000
v 177.610 1.073 2.000
v 177.610 1.610 2.000
v 171.171 1.610 2.000
v -120.195 1.073 0.000
v -114.829 1.073 0.000
v -114.829 1.610 0.000
v -120.195 1.610 0.000
v -120.195 1.073 2.000
v -114.829 1.073 2.000
v -114.829 1.610 2.000
v -120.195 1.610 2.000
v 151.854 1.073 0.000
v 157.220 1.073 0.000
v 157.220 1.610 0.000
v 151.854 1.610 0.000
v 151.854 1.073 2.000
v 157.220 1.073 2.000
v 157.220 1.610 2.000
v 151.854 1.610 2.000
v 95.512 1.073 0.000
v 101.415 1.073 0.000
v 101.415 1.610 0.000
v 95.512 1.610 0.000
v 95.512 1.073 2.000
v 101.415 1.073 2.000
v 101.415 1.610 2.000
v 95.512 1.610 2.000
v -150.244 1.073 0.000
v -143.805 1.073 0.000
v -143.805 1.610 0.000
v -150.244 1.610 0.000
v -150.244 1.073 2.000
v -143.805 1.073 2.000
v -143.805 1.610 2.000
v -150.244 1.610 2.000
v 25.220 1.073 0.000
v 30.585 1.073 0.000
v 30.585 1.610 0.000
v 25.220 1.610 0.000
v 25.220 1.073 2.000
v 30.585 1.073 2.000
v 30.585 1.610 2.000
v 25.220 1.610 2.000
f 5 6 7
f 5 7 8
f 1 5 8
f 1 8 4
f 2 3 7
f 2 7 6
f 4 8 7
f 4 7 3
f 1 2 6
f 1 6 5
f 13 14 15
f 13 15 16
f 9 13 16
f 9 16 12
f 10 11 15
f 10 15 14
f 12 16 15
f 12 15 11
f 9 10 14
f 9 14 13
f 21 22 23
f 21 23 24
f 17 21 24
f 17 24 20
f 18 19 23
f 18 23 22
f 20 24 23
f 20 23 19
f 17 18 22
f 17 22 21
f 29 30 31
f 29 31 32
f 25 29 32
f 25 32 28
f 26 27 31
f 26 31 30
f 28 32 31
f 28 31 27
f 25 26 30
f 25 30 29
f 37 38 39
f 37 39 40
f 33 37 40
f 33 40 36
f 34 35 39
f 34 39 38
f 36 40 39
f 36 39 35
f 33 34 38
f 33 38 37
f 45 46 47
f 45 47 48
f 41 45 48
f 41 48 44
f 42 43 47
f 42 47 46
f 44 48 47
f 44 47 43
f 41 42 46
f 41 46 45
f 53 54 55
f 53 55 56
f 49 53 56
f 49 56 52
f 50 51 55
f 50 55 54
f 52 56 55
f 52 55 51
f 49 50 54
f 49 54 53
f 61 62 63
f 61 63 64
f 57 61 64
f 57 64 60
f 58 59 63
f 58 63 62
f 60 64 63
f 60 63 59
f 57 58 62
f 57 62 61
f 69 70 71
f 69 71 72
f 65 69 72
f 65 72 68
f 66 67 71
f 66 71 70
f 68 72 71
f 68 71 67
f 65 66 70
f 65 70 69
f 77 78 79
f 77 79 80
f 73 77 80
f 73 80 76
f 74 75 79
f 74 79 78
f 76 80 79
f 76 79 75
f 73 74 78
f 73 78 77
f 85 86 87
f 85 87 88
f 81 85 88
f 81 88 84
f 82 83 87
f 82 87 86
f 84 88 87
f 84 87 83
f 81 82 86
f 81 86 85
f 93 94 95
f 93 95 96
f 89 93 96
f 89 96 92
f 90 91 95
f 90 95 94
f 92 96 95
f 92 95 91
f 89 90 94
f 89 94 93
f 101 102 103
f 101 103 104
f 97 101 104
f 97 104 100
f 98 99 103
f 98 103 102
f 100 104 103
f 100 103 99
f 97 98 102
f 97 102 101
f 109 110 111
f 109 111 112
f 105 109 112
f 105 112 108
f 106 107 111
f 106 111 110
f 108 112 111
f 108 111 107
f 105 106 110
f 105 110 109
f 117 118 119
f 117 119 120
f 113 117 120
f 113 120 116
f 114 115 119
f 114 119 118
f 116 120 119
f 116 119 115
f 113 114 118
f 113 118 117
f 125 126 127
f 125 127 128
f 121 125 128
f 121 128 124
f 122 123 127
f 122 127 126
f 124 128 127
f 124 127 123
f 121 122 126
f 121 126 125
f 133 134 135
f 133 135 136
f 129 133 136
f 129 136 132
f 130 131 135
f 130 135 134
f 132 136 135
f 132 135 131
f 129 130 134
f 129 134 133
f 141 142 143
f 141 143 144
f 137 141 144
f 137 144 140
f 138 139 143
f 138 143 142
f 140 144 143
f 140 143 139
f 137 138 142
f 137 142 141
f 149 150 151
f 149 151 152
f 145 149 152
f 145 152 148
f 146 147 151
f 146 151 150
f 148 152 151
f 148 151 147
f 145 146 150
f 145 150 149
f 157 158 159
f 157 159 160
f 153 157 160
f 153 160 156
f 154 155 159
f 154 159 158
f 156 160 159
f 156 159 155
f 153 154 158
f 153 158 157
f 165 166 167
f 165 167 168
f 161 165 168
f 161 168 164
f 162 163 167
f 162 167 166
f 164 168 167
f 164 167 163
f 161 162 166
f 161 166 165
f 173 174 175
f 173 175 176
f 169 173 176
f 169 176 172
f 170 171 175
f 170 175 174
f 172 176 175
f 172 175 171
f 169 170 174
f 169 174 173
f 181 182 183
f 181 183 184
f 177 181 184
f 177 184 180
f 178 179 183
f 178 183 182
f 180 184 183
f 180 183 179
f 177 178 182
f 177 182 181
f 189 190 191
f 189 191 192
f 185 189 192
f 185 192 188
f 186 187 191
f 186 191 190
f 188 192 191
f 188 191 187
f 185 186 190
f 185 190 189
f 197 198 199
f 197 199 200
f 193 197 200
f 193 200 196
f 194 195 199
f 194 199 198
f 196 200 199
f 196 199 195
f 193 194 198
f 193 198 197
f 205 206 207
f 205 207 208
f 201 205 208
f 201 208 204
f 202 203 207
f 202 207 206
f 204 208 207
f 204 207 203
f 201 202 206
f 201 206 205
f 213 214 215
f 213 215 216
f 209 213 216
f 209 216 212
f 210 211 215
f 210 215 214
f 212 216 215
f 212 215 211
f 209 210 214
f 209 214 213
f 221 222 223
f 221 223 224
f 217 221 224
f 217 224 220
f 218 219 223
f 218 223 222
f 220 224 223
f 220 223 219
f 217 218 222
f 217 222 221
f 229 230 231
f 229 231 232
f 225 229 232
f 225 232 228
f 226 227 231
f 226 231 230
f 228 232 231
f 228 231 227
f 225 226 230
f 225 230 229
f 237 238 239
f 237 239 240
f 233 237 240
f 233 240 236
f 234 235 239
f 234 239 238
f 236 240 239
f 236 239 235
f 233 234 238
f 233 238 237
f 245 246 247
f 245 247 248
f 241 245 248
f 241 248 244
f 242 243 247
f 242 247 246
f 244 248 247
f 244 247 243
f 241 242 246
f 241 246 245
f 253 254 255
f 253 255 256
f 249 253 256
f 249 256 252
f 250 251 255
f 250 255 254
f 252 256 255
f 252 255 251
f 249 250 254
f 249 254 253
f 261 262 263
f 261 263 264
f 257 261 264
f 257 264 260
f 258 259 263
f 258 263 262
f 260 264 263
f 260 263 259
f 257 258 262
f 257 262 261
f 269 270 271
f 269 271 272
f 265 269 272
f 265 272 268
f 266 267 271
f 266 271 270
f 268 272 271
f 268 271 267
f 265 266 270
f 265 270 269
f 277 278 279
f 277 279 280
f 273 277 280
f 273 280 276
f 274 275 279
f 274 279 278
f 276 280 279
f 276 279 275
f 273 274 278
f 273 278 277
f 285 286 287
f 285 287 288
f 281 285 288
f 281 288 284
f 282 283 287
f 282 287 286
f 284 288 287
f 284 287 283
f 281 282 286
f 281 286 285
f 293 294 295
f 293 295 296
f 289 293 296
f 289 296 292
f 290 291 295
f 290 295 294
f 292 296 295
f 292 295 291
f 289 290 294
f 289 294 293
f 301 302 303
f 301 303 304
f 297 301 304
f 297 304 300
f 298 299 303
f 298 303 302
f 300 304 303
f 300 303 299
f 297 298 302
f 297 302 301
f 309 310 311
f 309 311 312
f 305 309 312
f 305 312 308
f 306 307 311
f 306 311 310
f 308 312 311
f 308 311 307
f 305 306 310
f 305 310 309
f 317 318 319
f 317 319 320
f 313 317 320
f 313 320 316
f 314 315 319
f 314 319 318
f 316 320 319
f 316 319 315
f 313 314 318
f 313 318 317
f 325 326 327
f 325 327 328
f 321 325 328
f 321 328 324
f 322 323 327
f 322 327 326
f 324 328 327
f 324 327 323
f 321 322 326
f 321 326 325
f 333 334 335
f 333 335 336
f 329 333 336
f 329 336 332
f 330 331 335
f 330 335 334
f 332 336 335
f 332 335 331
f 329 330 334
f 329 334 333
f 341 342 343
f 341 343 344
f 337 341 344
f 337 344 340
f 338 339 343
f 338 343 342
f 340 344 343
f 340 343 339
f 337 338 342
f 337 342 341
f 349 350 351
f 349 351 352
f 345 349 352
f 345 352 348
f 346 347 351
f 346 351 350
f 348 352 351
f 348 351 347
f 345 346 350
f 345 350 349
f 357 358 359
f 357 359 360
f 353 357 360
f 353 360 356
f 354 355 359
f 354 359 358
f 356 360 359
f 356 359 355
f 353 354 358
f 353 358 357
f 365 366 367
f 365 367 368
f 361 365 368
f 361 368 364
f 362 363 367
f 362 367 366
f 364 368 367
f 364 367 363
f 361 362 366
f 361 366 365
f 373 374 375
f 373 375 376
f 369 373 376
f 369 376 372
f 370 371 375
f 370 375 374
f 372 376 375
f 372 375 371
f 369 370 374
f 369 374 373
f 381 382 383
f 381 383 384
f 377 381 384
f 377 384 380
f 378 379 383
f 378 383 382
f 380 384 383
f 380 383 379
f 377 378 382
f 377 382 381
f 389 390 391
f 389 391 392
f 385 389 392
f 385 392 388
f 386 387 391
f 386 391 390
f 388 392 391
f 388 391 387
f 385 386 390
f 385 390 389
f 397 398 399
f 397 399 400
f 393 397 400
f 393 400 396
f 394 395 399
f 394 399 398
f 396 400 399
f 396 399 395
f 393 394 398
f 393 398 397
f 405 406 407
f 405 407 408
f 401 405 408
f 401 408 404
f 402 403 407
f 402 407 406
f 404 408 407
f 404 407 403
f 401 402 406
f 401 406 405
f 413 414 415
f 413 415 416
f 409 413 416
f 409 416 412
f 410 411 415
f 410 415 414
f 412 416 415
f 412 415 411
f 409 410 414
f 409 414 413
f 421 422 423
f 421 423 424
f 417 421 424
f 417 424 420
f 418 419 423
f 418 423 422
f 420 424 423
f 420 423 419
f 417 418 422
f 417 422 421
f 429 430 431
f 429 431 432
f 425 429 432
f 425 432 428
f 426 427 431
f 426 431 430
f 428 432 431
f 428 431 427
f 425 426 430
f 425 430 429
f 437 438 439
f 437 439 440
f 433 437 440
f 433 440 436
f 434 435 439
f 434 439 438
f 436 440 439
f 436 439 435
f 433 434 438
f 433 438 437
f 445 446 447
f 445 447 448
f 441 445 448
f 441 448 444
f 442 443 447
f 442 447 446
f 444 448 447
f 444 447 443
f 441 442 446
f 441 446 445
f 453 454 455
f 453 455 456
f 449 453 456
f 449 456 452
f 450 451 455
f 450 455 454
f 452 456 455
f 452 455 451
f 449 450 454
f 449 454 453
f 461 462 463
f 461 463 464
f 457 461 464
f 457 464 460
f 458 459 463
f 458 463 462
f 460 464 463
f 460 463 459
f 457 458 462
f 457 462 461
f 469 470 471
f 469 471 472
f 465 469 472
f 465 472 468
f 466 467 471
f 466 471 470
f 468 472 471
f 468 471 467
f 465 466 470
f 465 470 469
f 477 478 479
f 477 479 480
f 473 477 480
f 473 480 476
f 474 475 479
f 474 479 478
f 476 480 479
f 476 479 475
f 473 474 478
f 473 478 477
f 485 486 487
f 485 487 488
f 481 485 488
f 481 488 484
f 482 483 487
f 482 487 486
f 484 488 487
f 484 487 483
f 481 482 486
f 481 486 485
f 493 494 495
f 493 495 496
f 489 493 496
f 489 496 492
f 490 491 495
f 490 495 494
f 492 496 495
f 492 495 491
f 489 490 494
f 489 494 493
f 501 502 503
f 501 503 504
f 497 501 504
f 497 504 500
f 498 499 503
f 498 503 502
f 500 504 503
f 500 503 499
f 497 498 502
f 497 502 501
f 509 510 511
f 509 511 512
f 505 509 512
f 505 512 508
f 506 507 511
f 506 511 510
f 508 512 511
f 508 511 507
f 505 506 510
f 505 510 509
f 517 518 519
f 517 519 520
f 513 517 520
f 513 520 516
f 514 515 519
f 514 519 518
f 516 520 519
f 516 519 515
f 513 514 518
f 513 518 517
f 525 526 527
f 525 527 528
f 521 525 528
f 521 528 524
f 522 523 527
f 522 527 526
f 524 528 527
f 524 527 523
f 521 522 526
f 521 526 525
f 533 534 535
f 533 535 536
f 529 533 536
f 529 536 532
f 530 531 535
f 530 535 534
f 532 536 535
f 532 535 531
f 529 530 534
f 529 534 533
f 541 542 543
f 541 543 544
f 537 541 544
f 537 544 540
f 538 539 543
f 538 543 542
f 540 544 543
f 540 543 539
f 537 538 542
f 537 542 541
f 549 550 551
f 549 551 552
f 545 549 552
f 545 552 548
f 546 547 551
f 546 551 550
f 548 552 551
f 548 551 547
f 545 546 550
f 545 550 549
f 557 558 559
f 557 559 560
f 553 557 560
f 553 560 556
f 554 555 559
f 554 559 558
f 556 560 559
f 556 559 555
f 553 554 558
f 553 558 557
f 565 566 567
f 565 567 568
f 561 565 568
f 561 568 564
f 562 563 567
f 562 567 566
f 564 568 567
f 564 567 563
f 561 562 566
f 561 566 565
f 573 574 575
f 573 575 576
f 569 573 576
f 569 576 572
f 570 571 575
f 570 575 574
f 572 576 575
f 572 575 571
f 569 570 574
f 569 574 573
f 581 582 583
f 581 583 584
f 577 581 584
f 577 584 580
f 578 579 583
f 578 583 582
f 580 584 583
f 580 583 579
f 577 578 582
f 577 582 581
f 589 590 591
f 589 591 592
f 585 589 592
f 585 592 588
f 586 587 591
f 586 591 590
f 588 592 591
f 588 591 587
f 585 586 590
f 585 590 589
f 597 598 599
f 597 599 600
f 593 597 600
f 593 600 596
f 594 595 599
f 594 599 598
f 596 600 599
f 596 599 595
f 593 594 598
f 593 598 597
f 605 606 607
f 605 607 608
f 601 605 608
f 601 608 604
f 602 603 607
f 602 607 606
f 604 608 607
f 604 607 603
f 601 602 606
f 601 606 605
f 613 614 615
f 613 615 616
f 609 613 616
f 609 616 612
f 610 611 615
f 610 615 614
f 612 616 615
f 612 615 611
f 609 610 614
f 609 614 613
f 621 622 623
f 621 623 624
f 617 621 624
f 617 624 620
f 618 619 623
f 618 623 622
f 620 624 623
f 620 623 619
f 617 618 622
f 617 622 621
f 629 630 631
f 629 631 632
f 625 629 632
f 625 632 628
f 626 627 631
f 626 631 630
f 628 632 631
f 628 631 627
f 625 626 630
f 625 630 629
f 637 638 639
f 637 639 640
f 633 637 640
f 633 640 636
f 634 635 639
f 634 639 638
f 636 640 639
f 636 639 635
f 633 634 638
f 633 638 637
f 645 646 647
f 645 647 648
f 641 645 648
f 641 648 644
f 642 643 647
f 642 647 646
f 644 648 647
f 644 647 643
f 641 642 646
f 641 646 645
f 653 654 655
f 653 655 656
f 649 653 656
f 649 656 652
f 650 651 655
f 650 655 654
f 652 656 655
f 652 655 651
f 649 650 654
f 649 654 653
f 661 662 663
f 661 663 664
f 657 661 664
f 657 664 660
f 658 659 663
f 658 663 662
f 660 664 663
f 660 663 659
f 657 658 662
f 657 662 661
f 669 670 671
f 669 671 672
f 665 669 672
f 665 672 668
f 666 667 671
f 666 671 670
f 668 672 671
f 668 671 667
f 665 666 670
f 665 670 669
f 677 678 679
f 677 679 680
f 673 677 680
f 673 680 676
f 674 675 679
f 674 679 678
f 676 680 679
f 676 679 675
f 673 674 678
f 673 678 677
f 685 686 687
f 685 687 688
f 681 685 688
f 681 688 684
f 682 683 687
f 682 687 686
f 684 688 687
f 684 687 683
f 681 682 686
f 681 686 685
f 693 694 695
f 693 695 696
f 689 693 696
f 689 696 692
f 690 691 695
f 690 695 694
f 692 696 695
f 692 695 691
f 689 690 694
f 689 694 693
f 701 702 703
f 701 703 704
f 697 701 704
f 697 704 700
f 698 699 703
f 698 703 702
f 700 704 703
f 700 703 699
f 697 698 702
f 697 702 701
f 709 710 711
f 709 711 712
f 705 709 712
f 705 712 708
f 706 707 711
f 706 711 710
f 708 712 711
f 708 711 707
f 705 706 710
f 705 710 709
f 717 718 719
f 717 719 720
f 713 717 720
f 713 720 716
f 714 715 719
f 714 719 718
f 716 720 719
f 716 719 715
f 713 714 718
f 713 718 717
f 725 726 727
f 725 727 728
f 721 725 728
f 721 728 724
f 722 723 727
f 722 727 726
f 724 728 727
f 724 727 723
f 721 722 726
f 721 726 725
f 733 734 735
f 733 735 736
f 729 733 736
f 729 736 732
f 730 731 735
f 730 735 734
f 732 736 735
f 732 735 731
f 729 730 734
f 729 734 733
f 741 742 743
f 741 743 744
f 737 741 744
f 737 744 740
f 738 739 743
f 738 743 742
f 740 744 743
f 740 743 739
f 737 738 742
f 737 742 741
f 749 750 751
f 749 751 752
f 745 749 752
f 745 752 748
f 746 747 751
f 746 751 750
f 748 752 751
f 748 751 747
f 745 746 750
f 745 750 749
f 757 758 759
f 757 759 760
f 753 757 760
f 753 760 756
f 754 755 759
f 754 759 758
f 756 760 759
f 756 759 755
f 753 754 758
f 753 758 757
f 765 766 767
f 765 767 768
f 761 765 768
f 761 768 764
f 762 763 767
f 762 767 766
f 764 768 767
f 764 767 763
f 761 762 766
f 761 766 765
f 773 774 775
f 773 775 776
f 769 773 776
f 769 776 772
f 770 771 775
f 770 775 774
f 772 776 775
f 772 775 771
f 769 770 774
f 769 774 773
f 781 782 783
f 781 783 784
f 777 781 784
f 777 784 780
f 778 779 783
f 778 783 782
f 780 784 783
f 780 783 779
f 777 778 782
f 777 782 781
f 789 790 791
f 789 791 792
f 785 789 792
f 785 792 788
f 786 787 791
f 786 791 790
f 788 792 791
f 788 791 787
f 785 786 790
f 785 790 789
f 797 798 799
f 797 799 800
f 793 797 800
f 793 800 796
f 794 795 799
f 794 799 798
f 796 800 799
f 796 799 795
f 793 794 798
f 793 798 797
f 805 806 807
f 805 807 808
f 801 805 808
f 801 808 804
f 802 803 807
f 802 807 806
f 804 808 807
f 804 807 803
f 801 802 806
f 801 806 805
f 813 814 815
f 813 815 816
f 809 813 816
f 809 816 812
f 810 811 815
f 810 815 814
f 812 816 815
f 812 815 811
f 809 810 814
f 809 814 813
f 821 822 823
f 821 823 824
f 817 821 824
f 817 824 820
f 818 819 823
f 818 823 822
f 820 824 823
f 820 823 819
f 817 818 822
f 817 822 821
f 829 830 831
f 829 831 832
f 825 829 832
f 825 832 828
f 826 827 831
f 826 831 830
f 828 832 831
f 828 831 827
f 825 826 830
f 825 830 829
f 837 838 839
f 837 839 840
f 833 837 840
f 833 840 836
f 834 835 839
f 834 839 838
f 836 840 839
f 836 839 835
f 833 834 838
f 833 838 837
f 845 846 847
f 845 847 848
f 841 845 848
f 841 848 844
f 842 843 847
f 842 847 846
f 844 848 847
f 844 847 843
f 841 842 846
f 841 846 845
f 853 854 855
f 853 855 856
f 849 853 856
f 849 856 852
f 850 851 855
f 850 855 854
f 852 856 855
f 852 855 851
f 849 850 854
f 849 854 853
f 861 862 863
f 861 863 864
f 857 861 864
f 857 864 860
f 858 859 863
f 858 863 862
f 860 864 863
f 860 863 859
f 857 858 862
f 857 862 861
f 869 870 871
f 869 871 872
f 865 869 872
f 865 872 868
f 866 867 871
f 866 871 870
f 868 872 871
f 868 871 867
f 865 866 870
f 865 870 869
f 877 878 879
f 877 879 880
f 873 877 880
f 873 880 876
f 874 875 879
f 874 879 878
f 876 880 879
f 876 879 875
f 873 874 878
f 873 878 877
f 885 886 887
f 885 887 888
f 881 885 888
f 881 888 884
f 882 883 887
f 882 887 886
f 884 888 887
f 884 887 883
f 881 882 886
f 881 886 885
f 893 894 895
f 893 895 896
f 889 893 896
f 889 896 892
f 890 891 895
f 890 895 894
f 892 896 895
f 892 895 891
f 889 890 894
f 889 894 893
f 901 902 903
f 901 903 904
f 897 901 904
f 897 904 900
f 898 899 903
f 898 903 902
f 900 904 903
f 900 903 899
f 897 898 902
f 897 902 901
f 909 910 911
f 909 911 912
f 905 909 912
f 905 912 908
f 906 907 911
f 906 911 910
f 908 912 911
f 908 911 907
f 905 906 910
f 905 910 909
f 917 918 919
f 917 919 920
f 913 917 920
f 913 920 916
f 914 915 919
f 914 919 918
f 916 920 919
f 916 919 915
f 913 914 918
f 913 918 917
f 925 926 927
f 925 927 928
f 921 925 928
f 921 928 924
f 922 923 927
f 922 927 926
f 924 928 927
f 924 927 923
f 921 922 926
f 921 926 925
f 933 934 935
f 933 935 936
f 929 933 936
f 929 936 932
f 930 931 935
f 930 935 934
f 932 936 935
f 932 935 931
f 929 930 934
f 929 934 933
f 941 942 943
f 941 943 944
f 937 941 944
f 937 944 940
f 938 939 943
f 938 943 942
f 940 944 943
f 940 943 939
f 937 938 942
f 937 942 941
f 949 950 951
f 949 951 952
f 945 949 952
f 945 952 948
f 946 947 951
f 946 951 950
f 948 952 951
f 948 951 947
f 945 946 950
f 945 950 949
f 957 958 959
f 957 959 960
f 953 957 960
f 953 960 956
f 954 955 959
f 954 959 958
f 956 960 959
f 956 959 955
f 953 954 958
f 953 958 957
f 965 966 967
f 965 967 968
f 961 965 968
f 961 968 964
f 962 963 967
f 962 967 966
f 964 968 967
f 964 967 963
f 961 962 966
f 961 966 965
f 973 974 975
f 973 975 976
f 969 973 976
f 969 976 972
f 970 971 975
f 970 975 974
f 972 976 975
f 972 975 971
f 969 970 974
f 969 974 973
f 981 982 983
f 981 983 984
f 977 981 984
f 977 984 980
f 978 979 983
f 978 983 982
f 980 984 983
f 980 983 979
f 977 978 982
f 977 982 981
f 989 990 991
f 989 991 992
f 985 989 992
f 985 992 988
f 986 987 991
f 986 991 990
f 988 992 991
f 988 991 987
f 985 986 990
f 985 990 989
f 997 998 999
f 997 999 1000
f 993 997 1000
f 993 1000 996
f 994 995 999
f 994 999 998
f 996 1000 999
f 996 999 995
f 993 994 998
f 993 998 997
f 1005 1006 1007
f 1005 1007 1008
f 1001 1005 1008
f 1001 1008 1004
f 1002 1003 1007
f 1002 1007 1006
f 1004 1008 1007
f 1004 1007 1003
f 1001 1002 1006
f 1001 1006 1005
f 1013 1014 1015
f 1013 1015 1016
f 1009 1013 1016
f 1009 1016 1012
f 1010 1011 1015
f 1010 1015 1014
f 1012 1016 1015
f 1012 1015 1011
f 1009 1010 1014
f 1009 1014 1013
f 1021 1022 1023
f 1021 1023 1024
f 1017 1021 1024
f 1017 1024 1020
f 1018 1019 1023
f 1018 1023 1022
f 1020 1024 1023
f 1020 1023 1019
f 1017 1018 1022
f 1017 1022 1021
f 1029 1030 1031
f 1029 1031 1032
f 1025 1029 1032
f 1025 1032 1028
f 1026 1027 1031
f 1026 1031 1030
f 1028 1032 1031
f 1028 1031 1027
f 1025 1026 1030
f 1025 1030 1029
f 1037 1038 1039
f 1037 1039 1040
f 1033 1037 1040
f 1033 1040 1036
f 1034 1035 1039
f 1034 1039 1038
f 1036 1040 1039
f 1036 1039 1035
f 1033 1034 1038
f 1033 1038 1037
f 1045 1046 1047
f 1045 1047 1048
f 1041 1045 1048
f 1041 1048 1044
f 1042 1043 1047
f 1042 1047 1046
f 1044 1048 1047
f 1044 1047 1043
f 1041 1042 1046
f 1041 1046 1045
f 1053 1054 1055
f 1053 1055 1056
f 1049 1053 1056
f 1049 1056 1052
f 1050 1051 1055
f 1050 1055 1054
f 1052 1056 1055
f 1052 1055 1051
f 1049 1050 1054
f 1049 1054 1053
f 1061 1062 1063
f 1061 1063 1064
f 1057 1061 1064
f 1057 1064 1060
f 1058 1059 1063
f 1058 1063 1062
f 1060 1064 1063
f 1060 1063 1059
f 1057 1058 1062
f 1057 1062 1061
f 1069 1070 1071
f 1069 1071 1072
f 1065 1069 1072
f 1065 1072 1068
f 1066 1067 1071
f 1066 1071 1070
f 1068 1072 1071
f 1068 1071 1067
f 1065 1066 1070
f 1065 1070 1069
f 1077 1078 1079
f 1077 1079 1080
f 1073 1077 1080
f 1073 1080 1076
f 1074 1075 1079
f 1074 1079 1078
f 1076 1080 1079
f 1076 1079 1075
f 1073 1074 1078
f 1073 1078 1077
f 1085 1086 1087
f 1085 1087 1088
f 1081 1085 1088
f 1081 1088 1084
f 1082 1083 1087
f 1082 1087 1086
f 1084 1088 1087
f 1084 1087 1083
f 1081 1082 1086
f 1081 1086 1085
f 1093 1094 1095
f 1093 1095 1096
f 1089 1093 1096
f 1089 1096 1092
f 1090 1091 1095
f 1090 1095 1094
f 1092 1096 1095
f 1092 1095 1091
f 1089 1090 1094
f 1089 1094 1093
f 1101 1102 1103
f 1101 1103 1104
f 1097 1101 1104
f 1097 1104 1100
f 1098 1099 1103
f 1098 1103 1102
f 1100 1104 1103
f 1100 1103 1099
f 1097 1098 1102
f 1097 1102 1101
f 1109 1110 1111
f 1109 1111 1112
f 1105 1109 1112
f 1105 1112 1108
f 1106 1107 1111
f 1106 1111 1110
f 1108 1112 1111
f 1108 1111 1107
f 1105 1106 1110
f 1105 1110 1109
f 1117 1118 1119
f 1117 1119 1120
f 1113 1117 1120
f 1113 1120 1116
f 1114 1115 1119
f 1114 1119 1118
f 1116 1120 1119
f 1116 1119 1115
f 1113 1114 1118
f 1113 1118 1117
f 1125 1126 1127
f 1125 1127 1128
f 1121 1125 1128
f 1121 1128 1124
f 1122 1123 1127
f 1122 1127 1126
f 1124 1128 1127
f 1124 1127 1123
f 1121 1122 1126
f 1121 1126 1125
f 1133 1134 1135
f 1133 1135 1136
f 1129 1133 1136
f 1129 1136 1132
f 1130 1131 1135
f 1130 1135 1134
f 1132 1136 1135
f 1132 1135 1131
f 1129 1130 1134
f 1129 1134 1133
f 1141 1142 1143
f 1141 1143 1144
f 1137 1141 1144
f 1137 1144 1140
f 1138 1139 1143
f 1138 1143 1142
f 1140 1144 1143
f 1140 1143 1139
f 1137 1138 1142
f 1137 1142 1141
f 1149 1150 1151
f 1149 1151 1152
f 1145 1149 1152
f 1145 1152 1148
f 1146 1147 1151
f 1146 1151 1150
f 1148 1152 1151
f 1148 1151 1147
f 1145 1146 1150
f 1145 1150 1149
f 1157 1158 1159
f 1157 1159 1160
f 1153 1157 1160
f 1153 1160 1156
f 1154 1155 1159
f 1154 1159 1158
f 1156 1160 1159
f 1156 1159 1155
f 1153 1154 1158
f 1153 1158 1157
f 1165 1166 1167
f 1165 1167 1168
f 1161 1165 1168
f 1161 1168 1164
f 1162 1163 1167
f 1162 1167 1166
f 1164 1168 1167
f 1164 1167 1163
f 1161 1162 1166
f 1161 1166 1165
f 1173 1174 1175
f 1173 1175 1176
f 1169 1173 1176
f 1169 1176 1172
f 1170 1171 1175
f 1170 1175 1174
f 1172 1176 1175
f 1172 1175 1171
f 1169 1170 1174
f 1169 1174 1173
f 1181 1182 1183
f 1181 1183 1184
f 1177 1181 1184
f 1177 1184 1180
f 1178 1179 1183
f 1178 1183 1182
f 1180 1184 1183
f 1180 1183 1179
f 1177 1178 1182
f 1177 1182 1181
f 1189 1190 1191
f 1189 1191 1192
f 1185 1189 1192
f 1185 1192 1188
f 1186 1187 1191
f 1186 1191 1190
f 1188 1192 1191
f 1188 1191 1187
f 1185 1186 1190
f 1185 1190 1189
f 1197 1198 1199
f 1197 1199 1200
f 1193 1197 1200
f 1193 1200 1196
f 1194 1195 1199
f 1194 1199 1198
f 1196 1200 1199
f 1196 1199 1195
f 1193 1194 1198
f 1193 1198 1197
f 1205 1206 1207
f 1205 1207 1208
f 1201 1205 1208
f 1201 1208 1204
f 1202 1203 1207
f 1202 1207 1206
f 1204 1208 1207
f 1204 1207 1203
f 1201 1202 1206
f 1201 1206 1205
f 1213 1214 1215
f 1213 1215 1216
f 1209 1213 1216
f 1209 1216 1212
f 1210 1211 1215
f 1210 1215 1214
f 1212 1216 1215
f 1212 1215 1211
f 1209 1210 1214
f 1209 1214 1213
f 1221 1222 1223
f 1221 1223 1224
f 1217 1221 1224
f 1217 1224 1220
f 1218 1219 1223
f 1218 1223 1222
f 1220 1224 1223
f 1220 1223 1219
f 1217 1218 1222
f 1217 1222 1221
f 1229 1230 1231
f 1229 1231 1232
f 1225 1229 1232
f 1225 1232 1228
f 1226 1227 1231
f 1226 1231 1230
f 1228 1232 1231
f 1228 1231 1227
f 1225 1226 1230
f 1225 1230 1229
f 1237 1238 1239
f 1237 1239 1240
f 1233 1237 1240
f 1233 1240 1236
f 1234 1235 1239
f 1234 1239 1238
f 1236 1240 1239
f 1236 1239 1235
f 1233 1234 1238
f 1233 1238 1237
f 1245 1246 1247
f 1245 1247 1248
f 1241 1245 1248
f 1241 1248 1244
f 1242 1243 1247
f 1242 1247 1246
f 1244 1248 1247
f 1244 1247 1243
f 1241 1242 1246
f 1241 1246 1245
f 1253 1254 1255
f 1253 1255 1256
f 1249 1253 1256
f 1249 1256 1252
f 1250 1251 1255
f 1250 1255 1254
f 1252 1256 1255
f 1252 1255 1251
f 1249 1250 1254
f 1249 1254 1253
f 1261 1262 1263
f 1261 1263 1264
f 1257 1261 1264
f 1257 1264 1260
f 1258 1259 1263
f 1258 1263 1262
f 1260 1264 1263
f 1260 1263 1259
f 1257 1258 1262
f 1257 1262 1261
f 1269 1270 1271
f 1269 1271 1272
f 1265 1269 1272
f 1265 1272 1268
f 1266 1267 1271
f 1266 1271 1270
f 1268 1272 1271
f 1268 1271 1267
f 1265 1266 1270
f 1265 1270 1269
f 1277 1278 1279
f 1277 1279 1280
f 1273 1277 1280
f 1273 1280 1276
f 1274 1275 1279
f 1274 1279 1278
f 1276 1280 1279
f 1276 1279 1275
f 1273 1274 1278
f 1273 1278 1277
f 1285 1286 1287
f 1285 1287 1288
f 1281 1285 1288
f 1281 1288 1284
f 1282 1283 1287
f 1282 1287 1286
f 1284 1288 1287
f 1284 1287 1283
f 1281 1282 1286
f 1281 1286 1285
f 1293 1294 1295
f 1293 1295 1296
f 1289 1293 1296
f 1289 1296 1292
f 1290 1291 1295
f 1290 1295 1294
f 1292 1296 1295
f 1292 1295 1291
f 1289 1290 1294
f 1289 1294 1293
f 1301 1302 1303
f 1301 1303 1304
f 1297 1301 1304
f 1297 1304 1300
f 1298 1299 1303
f 1298 1303 1302
f 1300 1304 1303
f 1300 1303 1299
f 1297 1298 1302
f 1297 1302 1301
f 1309 1310 1311
f 1309 1311 1312
f 1305 1309 1312
f 1305 1312 1308
f 1306 1307 1311
f 1306 1311 1310
f 1308 1312 1311
f 1308 1311 1307
f 1305 1306 1310
f 1305 1310 1309
f 1317 1318 1319
f 1317 1319 1320
f 1313 1317 1320
f 1313 1320 1316
f 1314 1315 1319
f 1314 1319 1318
f 1316 1320 1319
f 1316 1319 1315
f 1313 1314 1318
f 1313 1318 1317
f 1325 1326 1327
f 1325 1327 1328
f 1321 1325 1328
f 1321 1328 1324
f 1322 1323 1327
f 1322 1327 1326
f 1324 1328 1327
f 1324 1327 1323
f 1321 1322 1326
f 1321 1326 1325
f 1333 1334 1335
f 1333 1335 1336
f 1329 1333 1336
f 1329 1336 1332
f 1330 1331 1335
f 1330 1335 1334
f 1332 1336 1335
f 1332 1335 1331
f 1329 1330 1334
f 1329 1334 1333
f 1341 1342 1343
f 1341 1343 1344
f 1337 1341 1344
f 1337 1344 1340
f 1338 1339 1343
f 1338 1343 1342
f 1340 1344 1343
f 1340 1343 1339
f 1337 1338 1342
f 1337 1342 1341
f 1349 1350 1351
f 1349 1351 1352
f 1345 1349 1352
f 1345 1352 1348
f 1346 1347 1351
f 1346 1351 1350
f 1348 1352 1351
f 1348 1351 1347
f 1345 1346 1350
f 1345 1350 1349
f 1357 1358 1359
f 1357 1359 1360
f 1353 1357 1360
f 1353 1360 1356
f 1354 1355 1359
f 1354 1359 1358
f 1356 1360 1359
f 1356 1359 1355
f 1353 1354 1358
f 1353 1358 1357
f 1365 1366 1367
f 1365 1367 1368
f 1361 1365 1368
f 1361 1368 1364
f 1362 1363 1367
f 1362 1367 1366
f 1364 1368 1367
f 1364 1367 1363
f 1361 1362 1366
f 1361 1366 1365
f 1373 1374 1375
f 1373 1375 1376
f 1369 1373 1376
f 1369 1376 1372
f 1370 1371 1375
f 1370 1375 1374
f 1372 1376 1375
f 1372 1375 1371
f 1369 1370 1374
f 1369 1374 1373
f 1381 1382 1383
f 1381 1383 1384
f 1377 1381 1384
f 1377 1384 1380
f 1378 1379 1383
f 1378 1383 1382
f 1380 1384 1383
f 1380 1383 1379
f 1377 1378 1382
f 1377 1382 1381
f 1389 1390 1391
f 1389 1391 1392
f 1385 1389 1392
f 1385 1392 1388
f 1386 1387 1391
f 1386 1391 1390
f 1388 1392 1391
f 1388 1391 1387
f 1385 1386 1390
f 1385 1390 1389
f 1397 1398 1399
f 1397 1399 1400
f 1393 1397 1400
f 1393 1400 1396
f 1394 1395 1399
f 1394 1399 1398
f 1396 1400 1399
f 1396 1399 1395
f 1393 1394 1398
f 1393 1398 1397
f 1405 1406 1407
f 1405 1407 1408
f 1401 1405 1408
f 1401 1408 1404
f 1402 1403 1407
f 1402 1407 1406
f 1404 1408 1407
f 1404 1407 1403
f 1401 1402 1406
f 1401 1406 1405
f 1413 1414 1415
f 1413 1415 1416
f 1409 1413 1416
f 1409 1416 1412
f 1410 1411 1415
f 1410 1415 1414
f 1412 1416 1415
f 1412 1415 1411
f 1409 1410 1414
f 1409 1414 1413
f 1421 1422 1423
f 1421 1423 1424
f 1417 1421 1424
f 1417 1424 1420
f 1418 1419 1423
f 1418 1423 1422
f 1420 1424 1423
f 1420 1423 1419
f 1417 1418 1422
f 1417 1422 1421
f 1429 1430 1431
f 1429 1431 1432
f 1425 1429 1432
f 1425 1432 1428
f 1426 1427 1431
f 1426 1431 1430
f 1428 1432 1431
f 1428 1431 1427
f 1425 1426 1430
f 1425 1430 1429
f 1437 1438 1439
f 1437 1439 1440
f 1433 1437 1440
f 1433 1440 1436
f 1434 1435 1439
f 1434 1439 1438
f 1436 1440 1439
f 1436 1439 1435
f 1433 1434 1438
f 1433 1438 1437
f 1445 1446 1447
f 1445 1447 1448
f 1441 1445 1448
f 1441 1448 1444
f 1442 1443 1447
f 1442 1447 1446
f 1444 1448 1447
f 1444 1447 1443
f 1441 1442 1446
f 1441 1446 1445
f 1453 1454 1455
f 1453 1455 1456
f 1449 1453 1456
f 1449 1456 1452
f 1450 1451 1455
f 1450 1455 1454
f 1452 1456 1455
f 1452 1455 1451
f 1449 1450 1454
f 1449 1454 1453
f 1461 1462 1463
f 1461 1463 1464
f 1457 1461 1464
f 1457 1464 1460
f 1458 1459 1463
f 1458 1463 1462
f 1460 1464 1463
f 1460 1463 1459
f 1457 1458 1462
f 1457 1462 1461
f 1469 1470 1471
f 1469 1471 1472
f 1465 1469 1472
f 1465 1472 1468
f 1466 1467 1471
f 1466 1471 1470
f 1468 1472 1471
f 1468 1471 1467
f 1465 1466 1470
f 1465 1470 1469
f 1477 1478 1479
f 1477 1479 1480
f 1473 1477 1480
f 1473 1480 1476
f 1474 1475 1479
f 1474 1479 1478
f 1476 1480 1479
f 1476 1479 1475
f 1473 1474 1478
f 1473 1478 1477
f 1485 1486 1487
f 1485 1487 1488
f 1481 1485 1488
f 1481 1488 1484
f 1482 1483 1487
f 1482 1487 1486
f 1484 1488 1487
f 1484 1487 1483
f 1481 1482 1486
f 1481 1486 1485
f 1493 1494 1495
f 1493 1495 1496
f 1489 1493 1496
f 1489 1496 1492
f 1490 1491 1495
f 1490 1495 1494
f 1492 1496 1495
f 1492 1495 1491
f 1489 1490 1494
f 1489 1494 1493
f 1501 1502 1503
f 1501 1503 1504
f 1497 1501 1504
f 1497 1504 1500
f 1498 1499 1503
f 1498 1503 1502
f 1500 1504 1503
f 1500 1503 1499
f 1497 1498 1502
f 1497 1502 1501
f 1509 1510 1511
f 1509 1511 1512
f 1505 1509 1512
f 1505 1512 1508
f 1506 1507 1511
f 1506 1511 1510
f 1508 1512 1511
f 1508 1511 1507
f 1505 1506 1510
f 1505 1510 1509
f 1517 1518 1519
f 1517 1519 1520
f 1513 1517 1520
f 1513 1520 1516
f 1514 1515 1519
f 1514 1519 1518
f 1516 1520 1519
f 1516 1519 1515
f 1513 1514 1518
f 1513 1518 1517
f 1525 1526 1527
f 1525 1527 1528
f 1521 1525 1528
f 1521 1528 1524
f 1522 1523 1527
f 1522 1527 1526
f 1524 1528 1527
f 1524 1527 1523
f 1521 1522 1526
f 1521 1526 1525
f 1533 1534 1535
f 1533 1535 1536
f 1529 1533 1536
f 1529 1536 1532
f 1530 1531 1535
f 1530 1535 1534
f 1532 1536 1535
f 1532 1535 1531
f 1529 1530 1534
f 1529 1534 1533
f 1541 1542 1543
f 1541 1543 1544
f 1537 1541 1544
f 1537 1544 1540
f 1538 1539 1543
f 1538 1543 1542
f 1540 1544 1543
f 1540 1543 1539
f 1537 1538 1542
f 1537 1542 1541
f 1549 1550 1551
f 1549 1551 1552
f 1545 1549 1552
f 1545 1552 1548
f 1546 1547 1551
f 1546 1551 1550
f 1548 1552 1551
f 1548 1551 1547
f 1545 1546 1550
f 1545 1550 1549
f 1557 1558 1559
f 1557 1559 1560
f 1553 1557 1560
f 1553 1560 1556
f 1554 1555 1559
f 1554 1559 1558
f 1556 1560 1559
f 1556 1559 1555
f 1553 1554 1558
f 1553 1558 1557
f 1565 1566 1567
f 1565 1567 1568
f 1561 1565 1568
f 1561 1568 1564
f 1562 1563 1567
f 1562 1567 1566
f 1564 1568 1567
f 1564 1567 1563
f 1561 1562 1566
f 1561 1566 1565
f 1573 1574 1575
f 1573 1575 1576
f 1569 1573 1576
f 1569 1576 1572
f 1570 1571 1575
f 1570 1575 1574
f 1572 1576 1575
f 1572 1575 1571
f 1569 1570 1574
f 1569 1574 1573
f 1581 1582 1583
f 1581 1583 1584
f 1577 1581 1584
f 1577 1584 1580
f 1578 1579 1583
f 1578 1583 1582
f 1580 1584 1583
f 1580 1583 1579
f 1577 1578 1582
f 1577 1582 1581
f 1589 1590 1591
f 1589 1591 1592
f 1585 1589 1592
f 1585 1592 1588
f 1586 1587 1591
f 1586 1591 1590
f 1588 1592 1591
f 1588 1591 1587
f 1585 1586 1590
f 1585 1590 1589
f 1597 1598 1599
f 1597 1599 1600
f 1593 1597 1600
f 1593 1600 1596
f 1594 1595 1599
f 1594 1599 1598
f 1596 1600 1599
f 1596 1599 1595
f 1593 1594 1598
f 1593 1598 1597
f 1605 1606 1607
f 1605 1607 1608
f 1601 1605 1608
f 1601 1608 1604
f 1602 1603 1607
f 1602 1607 1606
f 1604 1608 1607
f 1604 1607 1603
f 1601 1602 1606
f 1601 1606 1605
f 1613 1614 1615
f 1613 1615 1616
f 1609 1613 1616
f 1609 1616 1612
f 1610 1611 1615
f 1610 1615 1614
f 1612 1616 1615
f 1612 1615 1611
f 1609 1610 1614
f 1609 1614 1613
f 1621 1622 1623
f 1621 1623 1624
f 1617 1621 1624
f 1617 1624 1620
f 1618 1619 1623
f 1618 1623 1622
f 1620 1624 1623
f 1620 1623 1619
f 1617 1618 1622
f 1617 1622 1621
f 1629 1630 1631
f 1629 1631 1632
f 1625 1629 1632
f 1625 1632 1628
f 1626 1627 1631
f 1626 1631 1630
f 1628 1632 1631
f 1628 1631 1627
f 1625 1626 1630
f 1625 1630 1629
f 1637 1638 1639
f 1637 1639 1640
f 1633 1637 1640
f 1633 1640 1636
f 1634 1635 1639
f 1634 1639 1638
f 1636 1640 1639
f 1636 1639 1635
f 1633 1634 1638
f 1633 1638 1637
f 1645 1646 1647
f 1645 1647 1648
f 1641 1645 1648
f 1641 1648 1644
f 1642 1643 1647
f 1642 1647 1646
f 1644 1648 1647
f 1644 1647 1643
f 1641 1642 1646
f 1641 1646 1645
f 1653 1654 1655
f 1653 1655 1656
f 1649 1653 1656
f 1649 1656 1652
f 1650 1651 1655
f 1650 1655 1654
f 1652 1656 1655
f 1652 1655 1651
f 1649 1650 1654
f 1649 1654 1653
f 1661 1662 1663
f 1661 1663 1664
f 1657 1661 1664
f 1657 1664 1660
f 1658 1659 1663
f 1658 1663 1662
f 1660 1664 1663
f 1660 1663 1659
f 1657 1658 1662
f 1657 1662 1661
f 1669 1670 1671
f 1669 1671 1672
f 1665 1669 1672
f 1665 1672 1668
f 1666 1667 1671
f 1666 1671 1670
f 1668 1672 1671
f 1668 1671 1667
f 1665 1666 1670
f 1665 1670 1669
f 1677 1678 1679
f 1677 1679 1680
f 1673 1677 1680
f 1673 1680 1676
f 1674 1675 1679
f 1674 1679 1678
f 1676 1680 1679
f 1676 1679 1675
f 1673 1674 1678
f 1673 1678 1677
f 1685 1686 1687
f 1685 1687 1688
f 1681 1685 1688
f 1681 1688 1684
f 1682 1683 1687
f 1682 1687 1686
f 1684 1688 1687
f 1684 1687 1683
f 1681 1682 1686
f 1681 1686 1685
f 1693 1694 1695
f 1693 1695 1696
f 1689 1693 1696
f 1689 1696 1692
f 1690 1691 1695
f 1690 1695 1694
f 1692 1696 1695
f 1692 1695 1691
f 1689 1690 1694
f 1689 1694 1693
f 1701 1702 1703
f 1701 1703 1704
f 1697 1701 1704
f 1697 1704 1700
f 1698 1699 1703
f 1698 1703 1702
f 1700 1704 1703
f 1700 1703 1699
f 1697 1698 1702
f 1697 1702 1701
f 1709 1710 1711
f 1709 1711 1712
f 1705 1709 1712
f 1705 1712 1708
f 1706 1707 1711
f 1706 1711 1710
f 1708 1712 1711
f 1708 1711 1707
f 1705 1706 1710
f 1705 1710 1709
f 1717 1718 1719
f 1717 1719 1720
f 1713 1717 1720
f 1713 1720 1716
f 1714 1715 1719
f 1714 1719 1718
f 1716 1720 1719
f 1716 1719 1715
f 1713 1714 1718
f 1713 1718 1717
f 1725 1726 1727
f 1725 1727 1728
f 1721 1725 1728
f 1721 1728 1724
f 1722 1723 1727
f 1722 1727 1726
f 1724 1728 1727
f 1724 1727 1723
f 1721 1722 1726
f 1721 1726 1725
f 1733 1734 1735
f 1733 1735 1736
f 1729 1733 1736
f 1729 1736 1732
f 1730 1731 1735
f 1730 1735 1734
f 1732 1736 1735
f 1732 1735 1731
f 1729 1730 1734
f 1729 1734 1733
f 1741 1742 1743
f 1741 1743 1744
f 1737 1741 1744
f 1737 1744 1740
f 1738 1739 1743
f 1738 1743 1742
f 1740 1744 1743
f 1740 1743 1739
f 1737 1738 1742
f 1737 1742 1741
f 1749 1750 1751
f 1749 1751 1752
f 1745 1749 1752
f 1745 1752 1748
f 1746 1747 1751
f 1746 1751 1750
f 1748 1752 1751
f 1748 1751 1747
f 1745 1746 1750
f 1745 1750 1749
f 1757 1758 1759
f 1757 1759 1760
f 1753 1757 1760
f 1753 1760 1756
f 1754 1755 1759
f 1754 1759 1758
f 1756 1760 1759
f 1756 1759 1755
f 1753 1754 1758
f 1753 1758 1757
f 1765 1766 1767
f 1765 1767 1768
f 1761 1765 1768
f 1761 1768 1764
f 1762 1763 1767
f 1762 1767 1766
f 1764 1768 1767
f 1764 1767 1763
f 1761 1762 1766
f 1761 1766 1765
f 1773 1774 1775
f 1773 1775 1776
f 1769 1773 1776
f 1769 1776 1772
f 1770 1771 1775
f 1770 1775 1774
f 1772 1776 1775
f 1772 1775 1771
f 1769 1770 1774
f 1769 1774 1773
f 1781 1782 1783
f 1781 1783 1784
f 1777 1781 1784
f 1777 1784 1780
f 1778 1779 1783
f 1778 1783 1782
f 1780 1784 1783
f 1780 1783 1779
f 1777 1778 1782
f 1777 1782 1781
f 1789 1790 1791
f 1789 1791 1792
f 1785 1789 1792
f 1785 1792 1788
f 1786 1787 1791
f 1786 1791 1790
f 1788 1792 1791
f 1788 1791 1787
f 1785 1786 1790
f 1785 1790 1789
f 1797 1798 1799
f 1797 1799 1800
f 1793 1797 1800
f 1793 1800 1796
f 1794 1795 1799
f 1794 1799 1798
f 1796 1800 1799
f 1796 1799 1795
f 1793 1794 1798
f 1793 1798 1797
f 1805 1806 1807
f 1805 1807 1808
f 1801 1805 1808
f 1801 1808 1804
f 1802 1803 1807
f 1802 1807 1806
f 1804 1808 1807
f 1804 1807 1803
f 1801 1802 1806
f 1801 1806 1805
f 1813 1814 1815
f 1813 1815 1816
f 1809 1813 1816
f 1809 1816 1812
f 1810 1811 1815
f 1810 1815 1814
f 1812 1816 1815
f 1812 1815 1811
f 1809 1810 1814
f 1809 1814 1813
f 1821 1822 1823
f 1821 1823 1824
f 1817 1821 1824
f 1817 1824 1820
f 1818 1819 1823
f 1818 1823 1822
f 1820 1824 1823
f 1820 1823 1819
f 1817 1818 1822
f 1817 1822 1821
f 1829 1830 1831
f 1829 1831 1832
f 1825 1829 1832
f 1825 1832 1828
f 1826 1827 1831
f 1826 1831 1830
f 1828 1832 1831
f 1828 1831 1827
f 1825 1826 1830
f 1825 1830 1829
f 1837 1838 1839
f 1837 1839 1840
f 1833 1837 1840
f 1833 1840 1836
f 1834 1835 1839
f 1834 1839 1838
f 1836 1840 1839
f 1836 1839 1835
f 1833 1834 1838
f 1833 1838 1837
f 1845 1846 1847
f 1845 1847 1848
f 1841 1845 1848
f 1841 1848 1844
f 1842 1843 1847
f 1842 1847 1846
f 1844 1848 1847
f 1844 1847 1843
f 1841 1842 1846
f 1841 1846 1845
f 1853 1854 1855
f 1853 1855 1856
f 1849 1853 1856
f 1849 1856 1852
f 1850 1851 1855
f 1850 1855 1854
f 1852 1856 1855
f 1852 1855 1851
f 1849 1850 1854
f 1849 1854 1853
f 1861 1862 1863
f 1861 1863 1864
f 1857 1861 1864
f 1857 1864 1860
f 1858 1859 1863
f 1858 1863 1862
f 1860 1864 1863
f 1860 1863 1859
f 1857 1858 1862
f 1857 1862 1861
f 1869 1870 1871
f 1869 1871 1872
f 1865 1869 1872
f 1865 1872 1868
f 1866 1867 1871
f 1866 1871 1870
f 1868 1872 1871
f 1868 1871 1867
f 1865 1866 1870
f 1865 1870 1869
f 1877 1878 1879
f 1877 1879 1880
f 1873 1877 1880
f 1873 1880 1876
f 1874 1875 1879
f 1874 1879 1878
f 1876 1880 1879
f 1876 1879 1875
f 1873 1874 1878
f 1873 1878 1877
f 1885 1886 1887
f 1885 1887 1888
f 1881 1885 1888
f 1881 1888 1884
f 1882 1883 1887
f 1882 1887 1886
f 1884 1888 1887
f 1884 1887 1883
f 1881 1882 1886
f 1881 1886 1885
f 1893 1894 1895
f 1893 1895 1896
f 1889 1893 1896
f 1889 1896 1892
f 1890 1891 1895
f 1890 1895 1894
f 1892 1896 1895
f 1892 1895 1891
f 1889 1890 1894
f 1889 1894 1893
f 1901 1902 1903
f 1901 1903 1904
f 1897 1901 1904
f 1897 1904 1900
f 1898 1899 1903
f 1898 1903 1902
f 1900 1904 1903
f 1900 1903 1899
f 1897 1898 1902
f 1897 1902 1901
f 1909 1910 1911
f 1909 1911 1912
f 1905 1909 1912
f 1905 1912 1908
f 1906 1907 1911
f 1906 1911 1910
f 1908 1912 1911
f 1908 1911 1907
f 1905 1906 1910
f 1905 1910 1909
f 1917 1918 1919
f 1917 1919 1920
f 1913 1917 1920
f 1913 1920 1916
f 1914 1915 1919
f 1914 1919 1918
f 1916 1920 1919
f 1916 1919 1915
f 1913 1914 1918
f 1913 1918 1917
f 1925 1926 1927
f 1925 1927 1928
f 1921 1925 1928
f 1921 1928 1924
f 1922 1923 1927
f 1922 1927 1926
f 1924 1928 1927
f 1924 1927 1923
f 1921 1922 1926
f 1921 1926 1925
f 1933 1934 1935
f 1933 1935 1936
f 1929 1933 1936
f 1929 1936 1932
f 1930 1931 1935
f 1930 1935 1934
f 1932 1936 1935
f 1932 1935 1931
f 1929 1930 1934
f 1929 1934 1933
f 1941 1942 1943
f 1941 1943 1944
f 1937 1941 1944
f 1937 1944 1940
f 1938 1939 1943
f 1938 1943 1942
f 1940 1944 1943
f 1940 1943 1939
f 1937 1938 1942
f 1937 1942 1941
f 1949 1950 1951
f 1949 1951 1952
f 1945 1949 1952
f 1945 1952 1948
f 1946 1947 1951
f 1946 1951 1950
f 1948 1952 1951
f 1948 1951 1947
f 1945 1946 1950
f 1945 1950 1949
f 1957 1958 1959
f 1957 1959 1960
f 1953 1957 1960
f 1953 1960 1956
f 1954 1955 1959
f 1954 1959 1958
f 1956 1960 1959
f 1956 1959 1955
f 1953 1954 1958
f 1953 1958 1957
f 1965 1966 1967
f 1965 1967 1968
f 1961 1965 1968
f 1961 1968 1964
f 1962 1963 1967
f 1962 1967 1966
f 1964 1968 1967
f 1964 1967 1963
f 1961 1962 1966
f 1961 1966 1965
f 1973 1974 1975
f 1973 1975 1976
f 1969 1973 1976
f 1969 1976 1972
f 1970 1971 1975
f 1970 1975 1974
f 1972 1976 1975
f 1972 1975 1971
f 1969 1970 1974
f 1969 1974 1973
f 1981 1982 1983
f 1981 1983 1984
f 1977 1981 1984
f 1977 1984 1980
f 1978 1979 1983
f 1978 1983 1982
f 1980 1984 1983
f 1980 1983 1979
f 1977 1978 1982
f 1977 1982 1981
f 1989 1990 1991
f 1989 1991 1992
f 1985 1989 1992
f 1985 1992 1988
f 1986 1987 1991
f 1986 1991 1990
f 1988 1992 1991
f 1988 1991 1987
f 1985 1986 1990
f 1985 1990 1989
f 1997 1998 1999
f 1997 1999 2000
f 1993 1997 2000
f 1993 2000 1996
f 1994 1995 1999
f 1994 1999 1998
f 1996 2000 1999
f 1996 1999 1995
f 1993 1994 1998
f 1993 1998 1997
f 2005 2006 2007
f 2005 2007 2008
f 2001 2005 2008
f 2001 2008 2004
f 2002 2003 2007
f 2002 2007 2006
f 2004 2008 2007
f 2004 2007 2003
f 2001 2002 2006
f 2001 2006 2005
f 2013 2014 2015
f 2013 2015 2016
f 2009 2013 2016
f 2009 2016 2012
f 2010 2011 2015
f 2010 2015 2014
f 2012 2016 2015
f 2012 2015 2011
f 2009 2010 2014
f 2009 2014 2013
f 2021 2022 2023
f 2021 2023 2024
f 2017 2021 2024
f 2017 2024 2020
f 2018 2019 2023
f 2018 2023 2022
f 2020 2024 2023
f 2020 2023 2019
f 2017 2018 2022
f 2017 2022 2021
f 2029 2030 2031
f 2029 2031 2032
f 2025 2029 2032
f 2025 2032 2028
f 2026 2027 2031
f 2026 2031 2030
f 2028 2032 2031
f 2028 2031 2027
f 2025 2026 2030
f 2025 2030 2029
f 2037 2038 2039
f 2037 2039 2040
f 2033 2037 2040
f 2033 2040 2036
f 2034 2035 2039
f 2034 2039 2038
f 2036 2040 2039
f 2036 2039 2035
f 2033 2034 2038
f 2033 2038 2037
f 2045 2046 2047
f 2045 2047 2048
f 2041 2045 2048
f 2041 2048 2044
f 2042 2043 2047
f 2042 2047 2046
f 2044 2048 2047
f 2044 2047 2043
f 2041 2042 2046
f 2041 2046 2045
f 2053 2054 2055
f 2053 2055 2056
f 2049 2053 2056
f 2049 2056 2052
f 2050 2051 2055
f 2050 2055 2054
f 2052 2056 2055
f 2052 2055 2051
f 2049 2050 2054
f 2049 2054 2053
f 2061 2062 2063
f 2061 2063 2064
f 2057 2061 2064
f 2057 2064 2060
f 2058 2059 2063
f 2058 2063 2062
f 2060 2064 2063
f 2060 2063 2059
f 2057 2058 2062
f 2057 2062 2061
f 2069 2070 2071
f 2069 2071 2072
f 2065 2069 2072
f 2065 2072 2068
f 2066 2067 2071
f 2066 2071 2070
f 2068 2072 2071
f 2068 2071 2067
f 2065 2066 2070
f 2065 2070 2069
f 2077 2078 2079
f 2077 2079 2080
f 2073 2077 2080
f 2073 2080 2076
f 2074 2075 2079
f 2074 2079 2078
f 2076 2080 2079
f 2076 2079 2075
f 2073 2074 2078
f 2073 2078 2077
f 2085 2086 2087
f 2085 2087 2088
f 2081 2085 2088
f 2081 2088 2084
f 2082 2083 2087
f 2082 2087 2086
f 2084 2088 2087
f 2084 2087 2083
f 2081 2082 2086
f 2081 2086 2085
f 2093 2094 2095
f 2093 2095 2096
f 2089 2093 2096
f 2089 2096 2092
f 2090 2091 2095
f 2090 2095 2094
f 2092 2096 2095
f 2092 2095 2091
f 2089 2090 2094
f 2089 2094 2093
f 2101 2102 2103
f 2101 2103 2104
f 2097 2101 2104
f 2097 2104 2100
f 2098 2099 2103
f 2098 2103 2102
f 2100 2104 2103
f 2100 2103 2099
f 2097 2098 2102
f 2097 2102 2101
f 2109 2110 2111
f 2109 2111 2112
f 2105 2109 2112
f 2105 2112 2108
f 2106 2107 2111
f 2106 2111 2110
f 2108 2112 2111
f 2108 2111 2107
f 2105 2106 2110
f 2105 2110 2109
f 2117 2118 2119
f 2117 2119 2120
f 2113 2117 2120
f 2113 2120 2116
f 2114 2115 2119
f 2114 2119 2118
f 2116 2120 2119
f 2116 2119 2115
f 2113 2114 2118
f 2113 2118 2117
f 2125 2126 2127
f 2125 2127 2128
f 2121 2125 2128
f 2121 2128 2124
f 2122 2123 2127
f 2122 2127 2126
f 2124 2128 2127
f 2124 2127 2123
f 2121 2122 2126
f 2121 2126 2125
f 2133 2134 2135
f 2133 2135 2136
f 2129 2133 2136
f 2129 2136 2132
f 2130 2131 2135
f 2130 2135 2134
f 2132 2136 2135
f 2132 2135 2131
f 2129 2130 2134
f 2129 2134 2133
f 2141 2142 2143
f 2141 2143 2144
f 2137 2141 2144
f 2137 2144 2140
f 2138 2139 2143
f 2138 2143 2142
f 2140 2144 2143
f 2140 2143 2139
f 2137 2138 2142
f 2137 2142 2141
f 2149 2150 2151
f 2149 2151 2152
f 2145 2149 2152
f 2145 2152 2148
f 2146 2147 2151
f 2146 2151 2150
f 2148 2152 2151
f 2148 2151 2147
f 2145 2146 2150
f 2145 2150 2149
f 2157 2158 2159
f 2157 2159 2160
f 2153 2157 2160
f 2153 2160 2156
f 2154 2155 2159
f 2154 2159 2158
f 2156 2160 2159
f 2156 2159 2155
f 2153 2154 2158
f 2153 2158 2157
f 2165 2166 2167
f 2165 2167 2168
f 2161 2165 2168
f 2161 2168 2164
f 2162 2163 2167
f 2162 2167 2166
f 2164 2168 2167
f 2164 2167 2163
f 2161 2162 2166
f 2161 2166 2165
f 2173 2174 2175
f 2173 2175 2176
f 2169 2173 2176
f 2169 2176 2172
f 2170 2171 2175
f 2170 2175 2174
f 2172 2176 2175
f 2172 2175 2171
f 2169 2170 2174
f 2169 2174 2173
f 2181 2182 2183
f 2181 2183 2184
f 2177 2181 2184
f 2177 2184 2180
f 2178 2179 2183
f 2178 2183 2182
f 2180 2184 2183
f 2180 2183 2179
f 2177 2178 2182
f 2177 2182 2181
f 2189 2190 2191
f 2189 2191 2192
f 2185 2189 2192
f 2185 2192 2188
f 2186 2187 2191
f 2186 2191 2190
f 2188 2192 2191
f 2188 2191 2187
f 2185 2186 2190
f 2185 2190 2189
f 2197 2198 2199
f 2197 2199 2200
f 2193 2197 2200
f 2193 2200 2196
f 2194 2195 2199
f 2194 2199 2198
f 2196 2200 2199
f 2196 2199 2195
f 2193 2194 2198
f 2193 2198 2197
f 2205 2206 2207
f 2205 2207 2208
f 2201 2205 2208
f 2201 2208 2204
f 2202 2203 2207
f 2202 2207 2206
f 2204 2208 2207
f 2204 2207 2203
f 2201 2202 2206
f 2201 2206 2205
f 2213 2214 2215
f 2213 2215 2216
f 2209 2213 2216
f 2209 2216 2212
f 2210 2211 2215
f 2210 2215 2214
f 2212 2216 2215
f 2212 2215 2211
f 2209 2210 2214
f 2209 2214 2213
f 2221 2222 2223
f 2221 2223 2224
f 2217 2221 2224
f 2217 2224 2220
f 2218 2219 2223
f 2218 2223 2222
f 2220 2224 2223
f 2220 2223 2219
f 2217 2218 2222
f 2217 2222 2221
f 2229 2230 2231
f 2229 2231 2232
f 2225 2229 2232
f 2225 2232 2228
f 2226 2227 2231
f 2226 2231 2230
f 2228 2232 2231
f 2228 2231 2227
f 2225 2226 2230
f 2225 2230 2229
f 2237 2238 2239
f 2237 2239 2240
f 2233 2237 2240
f 2233 2240 2236
f 2234 2235 2239
f 2234 2239 2238
f 2236 2240 2239
f 2236 2239 2235
f 2233 2234 2238
f 2233 2238 2237
f 2245 2246 2247
f 2245 2247 2248
f 2241 2245 2248
f 2241 2248 2244
f 2242 2243 2247
f 2242 2247 2246
f 2244 2248 2247
f 2244 2247 2243
f 2241 2242 2246
f 2241 2246 2245
f 2253 2254 2255
f 2253 2255 2256
f 2249 2253 2256
f 2249 2256 2252
f 2250 2251 2255
f 2250 2255 2254
f 2252 2256 2255
f 2252 2255 2251
f 2249 2250 2254
f 2249 2254 2253
f 2261 2262 2263
f 2261 2263 2264
f 2257 2261 2264
f 2257 2264 2260
f 2258 2259 2263
f 2258 2263 2262
f 2260 2264 2263
f 2260 2263 2259
f 2257 2258 2262
f 2257 2262 2261
f 2269 2270 2271
f 2269 2271 2272
f 2265 2269 2272
f 2265 2272 2268
f 2266 2267 2271
f 2266 2271 2270
f 2268 2272 2271
f 2268 2271 2267
f 2265 2266 2270
f 2265 2270 2269
f 2277 2278 2279
f 2277 2279 2280
f 2273 2277 2280
f 2273 2280 2276
f 2274 2275 2279
f 2274 2279 2278
f 2276 2280 2279
f 2276 2279 2275
f 2273 2274 2278
f 2273 2278 2277
f 2285 2286 2287
f 2285 2287 2288
f 2281 2285 2288
f 2281 2288 2284
f 2282 2283 2287
f 2282 2287 2286
f 2284 2288 2287
f 2284 2287 2283
f 2281 2282 2286
f 2281 2286 2285
f 2293 2294 2295
f 2293 2295 2296
f 2289 2293 2296
f 2289 2296 2292
f 2290 2291 2295
f 2290 2295 2294
f 2292 2296 2295
f 2292 2295 2291
f 2289 2290 2294
f 2289 2294 2293
f 2301 2302 2303
f 2301 2303 2304
f 2297 2301 2304
f 2297 2304 2300
f 2298 2299 2303
f 2298 2303 2302
f 2300 2304 2303
f 2300 2303 2299
f 2297 2298 2302
f 2297 2302 2301
f 2309 2310 2311
f 2309 2311 2312
f 2305 2309 2312
f 2305 2312 2308
f 2306 2307 2311
f 2306 2311 2310
f 2308 2312 2311
f 2308 2311 2307
f 2305 2306 2310
f 2305 2310 2309
f 2317 2318 2319
f 2317 2319 2320
f 2313 2317 2320
f 2313 2320 2316
f 2314 2315 2319
f 2314 2319 2318
f 2316 2320 2319
f 2316 2319 2315
f 2313 2314 2318
f 2313 2318 2317
f 2325 2326 2327
f 2325 2327 2328
f 2321 2325 2328
f 2321 2328 2324
f 2322 2323 2327
f 2322 2327 2326
f 2324 2328 2327
f 2324 2327 2323
f 2321 2322 2326
f 2321 2326 2325
f 2333 2334 2335
f 2333 2335 2336
f 2329 2333 2336
f 2329 2336 2332
f 2330 2331 2335
f 2330 2335 2334
f 2332 2336 2335
f 2332 2335 2331
f 2329 2330 2334
f 2329 2334 2333
f 2341 2342 2343
f 2341 2343 2344
f 2337 2341 2344
f 2337 2344 2340
f 2338 2339 2343
f 2338 2343 2342
f 2340 2344 2343
f 2340 2343 2339
f 2337 2338 2342
f 2337 2342 2341
f 2349 2350 2351
f 2349 2351 2352
f 2345 2349 2352
f 2345 2352 2348
f 2346 2347 2351
f 2346 2351 2350
f 2348 2352 2351
f 2348 2351 2347
f 2345 2346 2350
f 2345 2350 2349
f 2357 2358 2359
f 2357 2359 2360
f 2353 2357 2360
f 2353 2360 2356
f 2354 2355 2359
f 2354 2359 2358
f 2356 2360 2359
f 2356 2359 2355
f 2353 2354 2358
f 2353 2358 2357
f 2365 2366 2367
f 2365 2367 2368
f 2361 2365 2368
f 2361 2368 2364
f 2362 2363 2367
f 2362 2367 2366
f 2364 2368 2367
f 2364 2367 2363
f 2361 2362 2366
f 2361 2366 2365
f 2373 2374 2375
f 2373 2375 2376
f 2369 2373 2376
f 2369 2376 2372
f 2370 2371 2375
f 2370 2375 2374
f 2372 2376 2375
f 2372 2375 2371
f 2369 2370 2374
f 2369 2374 2373
f 2381 2382 2383
f 2381 2383 2384
f 2377 2381 2384
f 2377 2384 2380
f 2378 2379 2383
f 2378 2383 2382
f 2380 2384 2383
f 2380 2383 2379
f 2377 2378 2382
f 2377 2382 2381
f 2389 2390 2391
f 2389 2391 2392
f 2385 2389 2392
f 2385 2392 2388
f 2386 2387 2391
f 2386 2391 2390
f 2388 2392 2391
f 2388 2391 2387
f 2385 2386 2390
f 2385 2390 2389
f 2397 2398 2399
f 2397 2399 2400
f 2393 2397 2400
f 2393 2400 2396
f 2394 2395 2399
f 2394 2399 2398
f 2396 2400 2399
f 2396 2399 2395
f 2393 2394 2398
f 2393 2398 2397
f 2405 2406 2407
f 2405 2407 2408
f 2401 2405 2408
f 2401 2408 2404
f 2402 2403 2407
f 2402 2407 2406
f 2404 2408 2407
f 2404 2407 2403
f 2401 2402 2406
f 2401 2406 2405
f 2413 2414 2415
f 2413 2415 2416
f 2409 2413 2416
f 2409 2416 2412
f 2410 2411 2415
f 2410 2415 2414
f 2412 2416 2415
f 2412 2415 2411
f 2409 2410 2414
f 2409 2414 2413
f 2421 2422 2423
f 2421 2423 2424
f 2417 2421 2424
f 2417 2424 2420
f 2418 2419 2423
f 2418 2423 2422
f 2420 2424 2423
f 2420 2423 2419
f 2417 2418 2422
f 2417 2422 2421
f 2429 2430 2431
f 2429 2431 2432
f 2425 2429 2432
f 2425 2432 2428
f 2426 2427 2431
f 2426 2431 2430
f 2428 2432 2431
f 2428 2431 2427
f 2425 2426 2430
f 2425 2430 2429
f 2437 2438 2439
f 2437 2439 2440
f 2433 2437 2440
f 2433 2440 2436
f 2434 2435 2439
f 2434 2439 2438
f 2436 2440 2439
f 2436 2439 2435
f 2433 2434 2438
f 2433 2438 2437
f 2445 2446 2447
f 2445 2447 2448
f 2441 2445 2448
f 2441 2448 2444
f 2442 2443 2447
f 2442 2447 2446
f 2444 2448 2447
f 2444 2447 2443
f 2441 2442 2446
f 2441 2446 2445
f 2453 2454 2455
f 2453 2455 2456
f 2449 2453 2456
f 2449 2456 2452
f 2450 2451 2455
f 2450 2455 2454
f 2452 2456 2455
f 2452 2455 2451
f 2449 2450 2454
f 2449 2454 2453
f 2461 2462 2463
f 2461 2463 2464
f 2457 2461 2464
f 2457 2464 2460
f 2458 2459 2463
f 2458 2463 2462
f 2460 2464 2463
f 2460 2463 2459
f 2457 2458 2462
f 2457 2462 2461
f 2469 2470 2471
f 2469 2471 2472
f 2465 2469 2472
f 2465 2472 2468
f 2466 2467 2471
f 2466 2471 2470
f 2468 2472 2471
f 2468 2471 2467
f 2465 2466 2470
f 2465 2470 2469
f 2477 2478 2479
f 2477 2479 2480
f 2473 2477 2480
f 2473 2480 2476
f 2474 2475 2479
f 2474 2479 2478
f 2476 2480 2479
f 2476 2479 2475
f 2473 2474 2478
f 2473 2478 2477
f 2485 2486 2487
f 2485 2487 2488
f 2481 2485 2488
f 2481 2488 2484
f 2482 2483 2487
f 2482 2487 2486
f 2484 2488 2487
f 2484 2487 2483
f 2481 2482 2486
f 2481 2486 2485
f 2493 2494 2495
f 2493 2495 2496
f 2489 2493 2496
f 2489 2496 2492
f 2490 2491 2495
f 2490 2495 2494
f 2492 2496 2495
f 2492 2495 2491
f 2489 2490 2494
f 2489 2494 2493
f 2501 2502 2503
f 2501 2503 2504
f 2497 2501 2504
f 2497 2504 2500
f 2498 2499 2503
f 2498 2503 2502
f 2500 2504 2503
f 2500 2503 2499
f 2497 2498 2502
f 2497 2502 2501
f 2509 2510 2511
f 2509 2511 2512
f 2505 2509 2512
f 2505 2512 2508
f 2506 2507 2511
f 2506 2511 2510
f 2508 2512 2511
f 2508 2511 2507
f 2505 2506 2510
f 2505 2510 2509
f 2517 2518 2519
f 2517 2519 2520
f 2513 2517 2520
f 2513 2520 2516
f 2514 2515 2519
f 2514 2519 2518
f 2516 2520 2519
f 2516 2519 2515
f 2513 2514 2518
f 2513 2518 2517
f 2525 2526 2527
f 2525 2527 2528
f 2521 2525 2528
f 2521 2528 2524
f 2522 2523 2527
f 2522 2527 2526
f 2524 2528 2527
f 2524 2527 2523
f 2521 2522 2526
f 2521 2526 2525
f 2533 2534 2535
f 2533 2535 2536
f 2529 2533 2536
f 2529 2536 2532
f 2530 2531 2535
f 2530 2535 2534
f 2532 2536 2535
f 2532 2535 2531
f 2529 2530 2534
f 2529 2534 2533
f 2541 2542 2543
f 2541 2543 2544
f 2537 2541 2544
f 2537 2544 2540
f 2538 2539 2543
f 2538 2543 2542
f 2540 2544 2543
f 2540 2543 2539
f 2537 2538 2542
f 2537 2542 2541
f 2549 2550 2551
f 2549 2551 2552
f 2545 2549 2552
f 2545 2552 2548
f 2546 2547 2551
f 2546 2551 2550
f 2548 2552 2551
f 2548 2551 2547
f 2545 2546 2550
f 2545 2550 2549
f 2557 2558 2559
f 2557 2559 2560
f 2553 2557 2560
f 2553 2560 2556
f 2554 2555 2559
f 2554 2559 2558
f 2556 2560 2559
f 2556 2559 2555
f 2553 2554 2558
f 2553 2558 2557
f 2565 2566 2567
f 2565 2567 2568
f 2561 2565 2568
f 2561 2568 2564
f 2562 2563 2567
f 2562 2567 2566
f 2564 2568 2567
f 2564 2567 2563
f 2561 2562 2566
f 2561 2566 2565
f 2573 2574 2575
f 2573 2575 2576
f 2569 2573 2576
f 2569 2576 2572
f 2570 2571 2575
f 2570 2575 2574
f 2572 2576 2575
f 2572 2575 2571
f 2569 2570 2574
f 2569 2574 2573
f 2581 2582 2583
f 2581 2583 2584
f 2577 2581 2584
f 2577 2584 2580
f 2578 2579 2583
f 2578 2583 2582
f 2580 2584 2583
f 2580 2583 2579
f 2577 2578 2582
f 2577 2582 2581
f 2589 2590 2591
f 2589 2591 2592
f 2585 2589 2592
f 2585 2592 2588
f 2586 2587 2591
f 2586 2591 2590
f 2588 2592 2591
f 2588 2591 2587
f 2585 2586 2590
f 2585 2590 2589
f 2597 2598 2599
f 2597 2599 2600
f 2593 2597 2600
f 2593 2600 2596
f 2594 2595 2599
f 2594 2599 2598
f 2596 2600 2599
f 2596 2599 2595
f 2593 2594 2598
f 2593 2598 2597
f 2605 2606 2607
f 2605 2607 2608
f 2601 2605 2608
f 2601 2608 2604
f 2602 2603 2607
f 2602 2607 2606
f 2604 2608 2607
f 2604 2607 2603
f 2601 2602 2606
f 2601 2606 2605
f 2613 2614 2615
f 2613 2615 2616
f 2609 2613 2616
f 2609 2616 2612
f 2610 2611 2615
f 2610 2615 2614
f 2612 2616 2615
f 2612 2615 2611
f 2609 2610 2614
f 2609 2614 2613
f 2621 2622 2623
f 2621 2623 2624
f 2617 2621 2624
f 2617 2624 2620
f 2618 2619 2623
f 2618 2623 2622
f 2620 2624 2623
f 2620 2623 2619
f 2617 2618 2622
f 2617 2622 2621
f 2629 2630 2631
f 2629 2631 2632
f 2625 2629 2632
f 2625 2632 2628
f 2626 2627 2631
f 2626 2631 2630
f 2628 2632 2631
f 2628 2631 2627
f 2625 2626 2630
f 2625 2630 2629
f 2637 2638 2639
f 2637 2639 2640
f 2633 2637 2640
f 2633 2640 2636
f 2634 2635 2639
f 2634 2639 2638
f 2636 2640 2639
f 2636 2639 2635
f 2633 2634 2638
f 2633 2638 2637
f 2645 2646 2647
f 2645 2647 2648
f 2641 2645 2648
f 2641 2648 2644
f 2642 2643 2647
f 2642 2647 2646
f 2644 2648 2647
f 2644 2647 2643
f 2641 2642 2646
f 2641 2646 2645
f 2653 2654 2655
f 2653 2655 2656
f 2649 2653 2656
f 2649 2656 2652
f 2650 2651 2655
f 2650 2655 2654
f 2652 2656 2655
f 2652 2655 2651
f 2649 2650 2654
f 2649 2654 2653
f 2661 2662 2663
f 2661 2663 2664
f 2657 2661 2664
f 2657 2664 2660
f 2658 2659 2663
f 2658 2663 2662
f 2660 2664 2663
f 2660 2663 2659
f 2657 2658 2662
f 2657 2662 2661
f 2669 2670 2671
f 2669 2671 2672
f 2665 2669 2672
f 2665 2672 2668
f 2666 2667 2671
f 2666 2671 2670
f 2668 2672 2671
f 2668 2671 2667
f 2665 2666 2670
f 2665 2670 2669
f 2677 2678 2679
f 2677 2679 2680
f 2673 2677 2680
f 2673 2680 2676
f 2674 2675 2679
f 2674 2679 2678
f 2676 2680 2679
f 2676 2679 2675
f 2673 2674 2678
f 2673 2678 2677
f 2685 2686 2687
f 2685 2687 2688
f 2681 2685 2688
f 2681 2688 2684
f 2682 2683 2687
f 2682 2687 2686
f 2684 2688 2687
f 2684 2687 2683
f 2681 2682 2686
f 2681 2686 2685
f 2693 2694 2695
f 2693 2695 2696
f 2689 2693 2696
f 2689 2696 2692
f 2690 2691 2695
f 2690 2695 2694
f 2692 2696 2695
f 2692 2695 2691
f 2689 2690 2694
f 2689 2694 2693
f 2701 2702 2703
f 2701 2703 2704
f 2697 2701 2704
f 2697 2704 2700
f 2698 2699 2703
f 2698 2703 2702
f 2700 2704 2703
f 2700 2703 2699
f 2697 2698 2702
f 2697 2702 2701
f 2709 2710 2711
f 2709 2711 2712
f 2705 2709 2712
f 2705 2712 2708
f 2706 2707 2711
f 2706 2711 2710
f 2708 2712 2711
f 2708 2711 2707
f 2705 2706 2710
f 2705 2710 2709
f 2717 2718 2719
f 2717 2719 2720
f 2713 2717 2720
f 2713 2720 2716
f 2714 2715 2719
f 2714 2719 2718
f 2716 2720 2719
f 2716 2719 2715
f 2713 2714 2718
f 2713 2718 2717
f 2725 2726 2727
f 2725 2727 2728
f 2721 2725 2728
f 2721 2728 2724
f 2722 2723 2727
f 2722 2727 2726
f 2724 2728 2727
f 2724 2727 2723
f 2721 2722 2726
f 2721 2726 2725
f 2733 2734 2735
f 2733 2735 2736
f 2729 2733 2736
f 2729 2736 2732
f 2730 2731 2735
f 2730 2735 2734
f 2732 2736 2735
f 2732 2735 2731
f 2729 2730 2734
f 2729 2734 2733
f 2741 2742 2743
f 2741 2743 2744
f 2737 2741 2744
f 2737 2744 2740
f 2738 2739 2743
f 2738 2743 2742
f 2740 2744 2743
f 2740 2743 2739
f 2737 2738 2742
f 2737 2742 2741
f 2749 2750 2751
f 2749 2751 2752
f 2745 2749 2752
f 2745 2752 2748
f 2746 2747 2751
f 2746 2751 2750
f 2748 2752 2751
f 2748 2751 2747
f 2745 2746 2750
f 2745 2750 2749
f 2757 2758 2759
f 2757 2759 2760
f 2753 2757 2760
f 2753 2760 2756
f 2754 2755 2759
f 2754 2759 2758
f 2756 2760 2759
f 2756 2759 2755
f 2753 2754 2758
f 2753 2758 2757
f 2765 2766 2767
f 2765 2767 2768
f 2761 2765 2768
f 2761 2768 2764
f 2762 2763 2767
f 2762 2767 2766
f 2764 2768 2767
f 2764 2767 2763
f 2761 2762 2766
f 2761 2766 2765
f 2773 2774 2775
f 2773 2775 2776
f 2769 2773 2776
f 2769 2776 2772
f 2770 2771 2775
f 2770 2775 2774
f 2772 2776 2775
f 2772 2775 2771
f 2769 2770 2774
f 2769 2774 2773
f 2781 2782 2783
f 2781 2783 2784
f 2777 2781 2784
f 2777 2784 2780
f 2778 2779 2783
f 2778 2783 2782
f 2780 2784 2783
f 2780 2783 2779
f 2777 2778 2782
f 2777 2782 2781
f 2789 2790 2791
f 2789 2791 2792
f 2785 2789 2792
f 2785 2792 2788
f 2786 2787 2791
f 2786 2791 2790
f 2788 2792 2791
f 2788 2791 2787
f 2785 2786 2790
f 2785 2790 2789
f 2797 2798 2799
f 2797 2799 2800
f 2793 2797 2800
f 2793 2800 2796
f 2794 2795 2799
f 2794 2799 2798
f 2796 2800 2799
f 2796 2799 2795
f 2793 2794 2798
f 2793 2798 2797
f 2805 2806 2807
f 2805 2807 2808
f 2801 2805 2808
f 2801 2808 2804
f 2802 2803 2807
f 2802 2807 2806
f 2804 2808 2807
f 2804 2807 2803
f 2801 2802 2806
f 2801 2806 2805
f 2813 2814 2815
f 2813 2815 2816
f 2809 2813 2816
f 2809 2816 2812
f 2810 2811 2815
f 2810 2815 2814
f 2812 2816 2815
f 2812 2815 2811
f 2809 2810 2814
f 2809 2814 2813
f 2821 2822 2823
f 2821 2823 2824
f 2817 2821 2824
f 2817 2824 2820
f 2818 2819 2823
f 2818 2823 2822
f 2820 2824 2823
f 2820 2823 2819
f 2817 2818 2822
f 2817 2822 2821
f 2829 2830 2831
f 2829 2831 2832
f 2825 2829 2832
f 2825 2832 2828
f 2826 2827 2831
f 2826 2831 2830
f 2828 2832 2831
f 2828 2831 2827
f 2825 2826 2830
f 2825 2830 2829
f 2837 2838 2839
f 2837 2839 2840
f 2833 2837 2840
f 2833 2840 2836
f 2834 2835 2839
f 2834 2839 2838
f 2836 2840 2839
f 2836 2839 2835
f 2833 2834 2838
f 2833 2838 2837
f 2845 2846 2847
f 2845 2847 2848
f 2841 2845 2848
f 2841 2848 2844
f 2842 2843 2847
f 2842 2847 2846
f 2844 2848 2847
f 2844 2847 2843
f 2841 2842 2846
f 2841 2846 2845
f 2853 2854 2855
f 2853 2855 2856
f 2849 2853 2856
f 2849 2856 2852
f 2850 2851 2855
f 2850 2855 2854
f 2852 2856 2855
f 2852 2855 2851
f 2849 2850 2854
f 2849 2854 2853
f 2861 2862 2863
f 2861 2863 2864
f 2857 2861 2864
f 2857 2864 2860
f 2858 2859 2863
f 2858 2863 2862
f 2860 2864 2863
f 2860 2863 2859
f 2857 2858 2862
f 2857 2862 2861
f 2869 2870 2871
f 2869 2871 2872
f 2865 2869 2872
f 2865 2872 2868
f 2866 2867 2871
f 2866 2871 2870
f 2868 2872 2871
f 2868 2871 2867
f 2865 2866 2870
f 2865 2870 2869
f 2877 2878 2879
f 2877 2879 2880
f 2873 2877 2880
f 2873 2880 2876
f 2874 2875 2879
f 2874 2879 2878
f 2876 2880 2879
f 2876 2879 2875
f 2873 2874 2878
f 2873 2878 2877
f 2885 2886 2887
f 2885 2887 2888
f 2881 2885 2888
f 2881 2888 2884
f 2882 2883 2887
f 2882 2887 2886
f 2884 2888 2887
f 2884 2887 2883
f 2881 2882 2886
f 2881 2886 2885
f 2893 2894 2895
f 2893 2895 2896
f 2889 2893 2896
f 2889 2896 2892
f 2890 2891 2895
f 2890 2895 2894
f 2892 2896 2895
f 2892 2895 2891
f 2889 2890 2894
f 2889 2894 2893
f 2901 2902 2903
f 2901 2903 2904
f 2897 2901 2904
f 2897 2904 2900
f 2898 2899 2903
f 2898 2903 2902
f 2900 2904 2903
f 2900 2903 2899
f 2897 2898 2902
f 2897 2902 2901
f 2909 2910 2911
f 2909 2911 2912
f 2905 2909 2912
f 2905 2912 2908
f 2906 2907 2911
f 2906 2911 2910
f 2908 2912 2911
f 2908 2911 2907
f 2905 2906 2910
f 2905 2910 2909
f 2917 2918 2919
f 2917 2919 2920
f 2913 2917 2920
f 2913 2920 2916
f 2914 2915 2919
f 2914 2919 2918
f 2916 2920 2919
f 2916 2919 2915
f 2913 2914 2918
f 2913 2918 2917
f 2925 2926 2927
f 2925 2927 2928
f 2921 2925 2928
f 2921 2928 2924
f 2922 2923 2927
f 2922 2927 2926
f 2924 2928 2927
f 2924 2927 2923
f 2921 2922 2926
f 2921 2926 2925
f 2933 2934 2935
f 2933 2935 2936
f 2929 2933 2936
f 2929 2936 2932
f 2930 2931 2935
f 2930 2935 2934
f 2932 2936 2935
f 2932 2935 2931
f 2929 2930 2934
f 2929 2934 2933
f 2941 2942 2943
f 2941 2943 2944
f 2937 2941 2944
f 2937 2944 2940
f 2938 2939 2943
f 2938 2943 2942
f 2940 2944 2943
f 2940 2943 2939
f 2937 2938 2942
f 2937 2942 2941
f 2949 2950 2951
f 2949 2951 2952
f 2945 2949 2952
f 2945 2952 2948
f 2946 2947 2951
f 2946 2951 2950
f 2948 2952 2951
f 2948 2951 2947
f 2945 2946 2950
f 2945 2950 2949
f 2957 2958 2959
f 2957 2959 2960
f 2953 2957 2960
f 2953 2960 2956
f 2954 2955 2959
f 2954 2959 2958
f 2956 2960 2959
f 2956 2959 2955
f 2953 2954 2958
f 2953 2958 2957
f 2965 2966 2967
f 2965 2967 2968
f 2961 2965 2968
f 2961 2968 2964
f 2962 2963 2967
f 2962 2967 2966
f 2964 2968 2967
f 2964 2967 2963
f 2961 2962 2966
f 2961 2966 2965
f 2973 2974 2975
f 2973 2975 2976
f 2969 2973 2976
f 2969 2976 2972
f 2970 2971 2975
f 2970 2975 2974
f 2972 2976 2975
f 2972 2975 2971
f 2969 2970 2974
f 2969 2974 2973
f 2981 2982 2983
f 2981 2983 2984
f 2977 2981 2984
f 2977 2984 2980
f 2978 2979 2983
f 2978 2983 2982
f 2980 2984 2983
f 2980 2983 2979
f 2977 2978 2982
f 2977 2982 2981
f 2989 2990 2991
f 2989 2991 2992
f 2985 2989 2992
f 2985 2992 2988
f 2986 2987 2991
f 2986 2991 2990
f 2988 2992 2991
f 2988 2991 2987
f 2985 2986 2990
f 2985 2990 2989
f 2997 2998 2999
f 2997 2999 3000
f 2993 2997 3000
f 2993 3000 2996
f 2994 2995 2999
f 2994 2999 2998
f 2996 3000 2999
f 2996 2999 2995
f 2993 2994 2998
f 2993 2998 2997
f 3005 3006 3007
f 3005 3007 3008
f 3001 3005 3008
f 3001 3008 3004
f 3002 3003 3007
f 3002 3007 3006
f 3004 3008 3007
f 3004 3007 3003
f 3001 3002 3006
f 3001 3006 3005
f 3013 3014 3015
f 3013 3015 3016
f 3009 3013 3016
f 3009 3016 3012
f 3010 3011 3015
f 3010 3015 3014
f 3012 3016 3015
f 3012 3015 3011
f 3009 3010 3014
f 3009 3014 3013
f 3021 3022 3023
f 3021 3023 3024
f 3017 3021 3024
f 3017 3024 3020
f 3018 3019 3023
f 3018 3023 3022
f 3020 3024 3023
f 3020 3023 3019
f 3017 3018 3022
f 3017 3022 3021
f 3029 3030 3031
f 3029 3031 3032
f 3025 3029 3032
f 3025 3032 3028
f 3026 3027 3031
f 3026 3031 3030
f 3028 3032 3031
f 3028 3031 3027
f 3025 3026 3030
f 3025 3030 3029
f 3037 3038 3039
f 3037 3039 3040
f 3033 3037 3040
f 3033 3040 3036
f 3034 3035 3039
f 3034 3039 3038
f 3036 3040 3039
f 3036 3039 3035
f 3033 3034 3038
f 3033 3038 3037
f 3045 3046 3047
f 3045 3047 3048
f 3041 3045 3048
f 3041 3048 3044
f 3042 3043 3047
f 3042 3047 3046
f 3044 3048 3047
f 3044 3047 3043
f 3041 3042 3046
f 3041 3046 3045
f 3053 3054 3055
f 3053 3055 3056
f 3049 3053 3056
f 3049 3056 3052
f 3050 3051 3055
f 3050 3055 3054
f 3052 3056 3055
f 3052 3055 3051
f 3049 3050 3054
f 3049 3054 3053
f 3061 3062 3063
f 3061 3063 3064
f 3057 3061 3064
f 3057 3064 3060
f 3058 3059 3063
f 3058 3063 3062
f 3060 3064 3063
f 3060 3063 3059
f 3057 3058 3062
f 3057 3062 3061
f 3069 3070 3071
f 3069 3071 3072
f 3065 3069 3072
f 3065 3072 3068
f 3066 3067 3071
f 3066 3071 3070
f 3068 3072 3071
f 3068 3071 3067
f 3065 3066 3070
f 3065 3070 3069
f 3077 3078 3079
f 3077 3079 3080
f 3073 3077 3080
f 3073 3080 3076
f 3074 3075 3079
f 3074 3079 3078
f 3076 3080 3079
f 3076 3079 3075
f 3073 3074 3078
f 3073 3078 3077
f 3085 3086 3087
f 3085 3087 3088
f 3081 3085 3088
f 3081 3088 3084
f 3082 3083 3087
f 3082 3087 3086
f 3084 3088 3087
f 3084 3087 3083
f 3081 3082 3086
f 3081 3086 3085
f 3093 3094 3095
f 3093 3095 3096
f 3089 3093 3096
f 3089 3096 3092
f 3090 3091 3095
f 3090 3095 3094
f 3092 3096 3095
f 3092 3095 3091
f 3089 3090 3094
f 3089 3094 3093
f 3101 3102 3103
f 3101 3103 3104
f 3097 3101 3104
f 3097 3104 3100
f 3098 3099 3103
f 3098 3103 3102
f 3100 3104 3103
f 3100 3103 3099
f 3097 3098 3102
f 3097 3102 3101
f 3109 3110 3111
f 3109 3111 3112
f 3105 3109 3112
f 3105 3112 3108
f 3106 3107 3111
f 3106 3111 3110
f 3108 3112 3111
f 3108 3111 3107
f 3105 3106 3110
f 3105 3110 3109
f 3117 3118 3119
f 3117 3119 3120
f 3113 3117 3120
f 3113 3120 3116
f 3114 3115 3119
f 3114 3119 3118
f 3116 3120 3119
f 3116 3119 3115
f 3113 3114 3118
f 3113 3118 3117
f 3125 3126 3127
f 3125 3127 3128
f 3121 3125 3128
f 3121 3128 3124
f 3122 3123 3127
f 3122 3127 3126
f 3124 3128 3127
f 3124 3127 3123
f 3121 3122 3126
f 3121 3126 3125
f 3133 3134 3135
f 3133 3135 3136
f 3129 3133 3136
f 3129 3136 3132
f 3130 3131 3135
f 3130 3135 3134
f 3132 3136 3135
f 3132 3135 3131
f 3129 3130 3134
f 3129 3134 3133
f 3141 3142 3143
f 3141 3143 3144
f 3137 3141 3144
f 3137 3144 3140
f 3138 3139 3143
f 3138 3143 3142
f 3140 3144 3143
f 3140 3143 3139
f 3137 3138 3142
f 3137 3142 3141
f 3149 3150 3151
f 3149 3151 3152
f 3145 3149 3152
f 3145 3152 3148
f 3146 3147 3151
f 3146 3151 3150
f 3148 3152 3151
f 3148 3151 3147
f 3145 3146 3150
f 3145 3150 3149
f 3157 3158 3159
f 3157 3159 3160
f 3153 3157 3160
f 3153 3160 3156
f 3154 3155 3159
f 3154 3159 3158
f 3156 3160 3159
f 3156 3159 3155
f 3153 3154 3158
f 3153 3158 3157
f 3165 3166 3167
f 3165 3167 3168
f 3161 3165 3168
f 3161 3168 3164
f 3162 3163 3167
f 3162 3167 3166
f 3164 3168 3167
f 3164 3167 3163
f 3161 3162 3166
f 3161 3166 3165
f 3173 3174 3175
f 3173 3175 3176
f 3169 3173 3176
f 3169 3176 3172
f 3170 3171 3175
f 3170 3175 3174
f 3172 3176 3175
f 3172 3175 3171
f 3169 3170 3174
f 3169 3174 3173
f 3181 3182 3183
f 3181 3183 3184
f 3177 3181 3184
f 3177 3184 3180
f 3178 3179 3183
f 3178 3183 3182
f 3180 3184 3183
f 3180 3183 3179
f 3177 3178 3182
f 3177 3182 3181
f 3189 3190 3191
f 3189 3191 3192
f 3185 3189 3192
f 3185 3192 3188
f 3186 3187 3191
f 3186 3191 3190
f 3188 3192 3191
f 3188 3191 3187
f 3185 3186 3190
f 3185 3190 3189
f 3197 3198 3199
f 3197 3199 3200
f 3193 3197 3200
f 3193 3200 3196
f 3194 3195 3199
f 3194 3199 3198
f 3196 3200 3199
f 3196 3199 3195
f 3193 3194 3198
f 3193 3198 3197
f 3205 3206 3207
f 3205 3207 3208
f 3201 3205 3208
f 3201 3208 3204
f 3202 3203 3207
f 3202 3207 3206
f 3204 3208 3207
f 3204 3207 3203
f 3201 3202 3206
f 3201 3206 3205
f 3213 3214 3215
f 3213 3215 3216
f 3209 3213 3216
f 3209 3216 3212
f 3210 3211 3215
f 3210 3215 3214
f 3212 3216 3215
f 3212 3215 3211
f 3209 3210 3214
f 3209 3214 3213
f 3221 3222 3223
f 3221 3223 3224
f 3217 3221 3224
f 3217 3224 3220
f 3218 3219 3223
f 3218 3223 3222
f 3220 3224 3223
f 3220 3223 3219
f 3217 3218 3222
f 3217 3222 3221
f 3229 3230 3231
f 3229 3231 3232
f 3225 3229 3232
f 3225 3232 3228
f 3226 3227 3231
f 3226 3231 3230
f 3228 3232 3231
f 3228 3231 3227
f 3225 3226 3230
f 3225 3230 3229
f 3237 3238 3239
f 3237 3239 3240
f 3233 3237 3240
f 3233 3240 3236
f 3234 3235 3239
f 3234 3239 3238
f 3236 3240 3239
f 3236 3239 3235
f 3233 3234 3238
f 3233 3238 3237
f 3245 3246 3247
f 3245 3247 3248
f 3241 3245 3248
f 3241 3248 3244
f 3242 3243 3247
f 3242 3247 3246
f 3244 3248 3247
f 3244 3247 3243
f 3241 3242 3246
f 3241 3246 3245
f 3253 3254 3255
f 3253 3255 3256
f 3249 3253 3256
f 3249 3256 3252
f 3250 3251 3255
f 3250 3255 3254
f 3252 3256 3255
f 3252 3255 3251
f 3249 3250 3254
f 3249 3254 3253
f 3261 3262 3263
f 3261 3263 3264
f 3257 3261 3264
f 3257 3264 3260
f 3258 3259 3263
f 3258 3263 3262
f 3260 3264 3263
f 3260 3263 3259
f 3257 3258 3262
f 3257 3262 3261
f 3269 3270 3271
f 3269 3271 3272
f 3265 3269 3272
f 3265 3272 3268
f 3266 3267 3271
f 3266 3271 3270
f 3268 3272 3271
f 3268 3271 3267
f 3265 3266 3270
f 3265 3270 3269
f 3277 3278 3279
f 3277 3279 3280
f 3273 3277 3280
f 3273 3280 3276
f 3274 3275 3279
f 3274 3279 3278
f 3276 3280 3279
f 3276 3279 3275
f 3273 3274 3278
f 3273 3278 3277
f 3285 3286 3287
f 3285 3287 3288
f 3281 3285 3288
f 3281 3288 3284
f 3282 3283 3287
f 3282 3287 3286
f 3284 3288 3287
f 3284 3287 3283
f 3281 3282 3286
f 3281 3286 3285
f 3293 3294 3295
f 3293 3295 3296
f 3289 3293 3296
f 3289 3296 3292
f 3290 3291 3295
f 3290 3295 3294
f 3292 3296 3295
f 3292 3295 3291
f 3289 3290 3294
f 3289 3294 3293
f 3301 3302 3303
f 3301 3303 3304
f 3297 3301 3304
f 3297 3304 3300
f 3298 3299 3303
f 3298 3303 3302
f 3300 3304 3303
f 3300 3303 3299
f 3297 3298 3302
f 3297 3302 3301
f 3309 3310 3311
f 3309 3311 3312
f 3305 3309 3312
f 3305 3312 3308
f 3306 3307 3311
f 3306 3311 3310
f 3308 3312 3311
f 3308 3311 3307
f 3305 3306 3310
f 3305 3310 3309
f 3317 3318 3319
f 3317 3319 3320
f 3313 3317 3320
f 3313 3320 3316
f 3314 3315 3319
f 3314 3319 3318
f 3316 3320 3319
f 3316 3319 3315
f 3313 3314 3318
f 3313 3318 3317
f 3325 3326 3327
f 3325 3327 3328
f 3321 3325 3328
f 3321 3328 3324
f 3322 3323 3327
f 3322 3327 3326
f 3324 3328 3327
f 3324 3327 3323
f 3321 3322 3326
f 3321 3326 3325
f 3333 3334 3335
f 3333 3335 3336
f 3329 3333 3336
f 3329 3336 3332
f 3330 3331 3335
f 3330 3335 3334
f 3332 3336 3335
f 3332 3335 3331
f 3329 3330 3334
f 3329 3334 3333
f 3341 3342 3343
f 3341 3343 3344
f 3337 3341 3344
f 3337 3344 3340
f 3338 3339 3343
f 3338 3343 3342
f 3340 3344 3343
f 3340 3343 3339
f 3337 3338 3342
f 3337 3342 3341
f 3349 3350 3351
f 3349 3351 3352
f 3345 3349 3352
f 3345 3352 3348
f 3346 3347 3351
f 3346 3351 3350
f 3348 3352 3351
f 3348 3351 3347
f 3345 3346 3350
f 3345 3350 3349
f 3357 3358 3359
f 3357 3359 3360
f 3353 3357 3360
f 3353 3360 3356
f 3354 3355 3359
f 3354 3359 3358
f 3356 3360 3359
f 3356 3359 3355
f 3353 3354 3358
f 3353 3358 3357
f 3365 3366 3367
f 3365 3367 3368
f 3361 3365 3368
f 3361 3368 3364
f 3362 3363 3367
f 3362 3367 3366
f 3364 3368 3367
f 3364 3367 3363
f 3361 3362 3366
f 3361 3366 3365
f 3373 3374 3375
f 3373 3375 3376
f 3369 3373 3376
f 3369 3376 3372
f 3370 3371 3375
f 3370 3375 3374
f 3372 3376 3375
f 3372 3375 3371
f 3369 3370 3374
f 3369 3374 3373
f 3381 3382 3383
f 3381 3383 3384
f 3377 3381 3384
f 3377 3384 3380
f 3378 3379 3383
f 3378 3383 3382
f 3380 3384 3383
f 3380 3383 3379
f 3377 3378 3382
f 3377 3382 3381
f 3389 3390 3391
f 3389 3391 3392
f 3385 3389 3392
f 3385 3392 3388
f 3386 3387 3391
f 3386 3391 3390
f 3388 3392 3391
f 3388 3391 3387
f 3385 3386 3390
f 3385 3390 3389
f 3397 3398 3399
f 3397 3399 3400
f 3393 3397 3400
f 3393 3400 3396
f 3394 3395 3399
f 3394 3399 3398
f 3396 3400 3399
f 3396 3399 3395
f 3393 3394 3398
f 3393 3398 3397
f 3405 3406 3407
f 3405 3407 3408
f 3401 3405 3408
f 3401 3408 3404
f 3402 3403 3407
f 3402 3407 3406
f 3404 3408 3407
f 3404 3407 3403
f 3401 3402 3406
f 3401 3406 3405
f 3413 3414 3415
f 3413 3415 3416
f 3409 3413 3416
f 3409 3416 3412
f 3410 3411 3415
f 3410 3415 3414
f 3412 3416 3415
f 3412 3415 3411
f 3409 3410 3414
f 3409 3414 3413
f 3421 3422 3423
f 3421 3423 3424
f 3417 3421 3424
f 3417 3424 3420
f 3418 3419 3423
f 3418 3423 3422
f 3420 3424 3423
f 3420 3423 3419
f 3417 3418 3422
f 3417 3422 3421
f 3429 3430 3431
f 3429 3431 3432
f 3425 3429 3432
f 3425 3432 3428
f 3426 3427 3431
f 3426 3431 3430
f 3428 3432 3431
f 3428 3431 3427
f 3425 3426 3430
f 3425 3430 3429
f 3437 3438 3439
f 3437 3439 3440
f 3433 3437 3440
f 3433 3440 3436
f 3434 3435 3439
f 3434 3439 3438
f 3436 3440 3439
f 3436 3439 3435
f 3433 3434 3438
f 3433 3438 3437
f 3445 3446 3447
f 3445 3447 3448
f 3441 3445 3448
f 3441 3448 3444
f 3442 3443 3447
f 3442 3447 3446
f 3444 3448 3447
f 3444 3447 3443
f 3441 3442 3446
f 3441 3446 3445
f 3453 3454 3455
f 3453 3455 3456
f 3449 3453 3456
f 3449 3456 3452
f 3450 3451 3455
f 3450 3455 3454
f 3452 3456 3455
f 3452 3455 3451
f 3449 3450 3454
f 3449 3454 3453
f 3461 3462 3463
f 3461 3463 3464
f 3457 3461 3464
f 3457 3464 3460
f 3458 3459 3463
f 3458 3463 3462
f 3460 3464 3463
f 3460 3463 3459
f 3457 3458 3462
f 3457 3462 3461
f 3469 3470 3471
f 3469 3471 3472
f 3465 3469 3472
f 3465 3472 3468
f 3466 3467 3471
f 3466 3471 3470
f 3468 3472 3471
f 3468 3471 3467
f 3465 3466 3470
f 3465 3470 3469
f 3477 3478 3479
f 3477 3479 3480
f 3473 3477 3480
f 3473 3480 3476
f 3474 3475 3479
f 3474 3479 3478
f 3476 3480 3479
f 3476 3479 3475
f 3473 3474 3478
f 3473 3478 3477
f 3485 3486 3487
f 3485 3487 3488
f 3481 3485 3488
f 3481 3488 3484
f 3482 3483 3487
f 3482 3487 3486
f 3484 3488 3487
f 3484 3487 3483
f 3481 3482 3486
f 3481 3486 3485
f 3493 3494 3495
f 3493 3495 3496
f 3489 3493 3496
f 3489 3496 3492
f 3490 3491 3495
f 3490 3495 3494
f 3492 3496 3495
f 3492 3495 3491
f 3489 3490 3494
f 3489 3494 3493
f 3501 3502 3503
f 3501 3503 3504
f 3497 3501 3504
f 3497 3504 3500
f 3498 3499 3503
f 3498 3503 3502
f 3500 3504 3503
f 3500 3503 3499
f 3497 3498 3502
f 3497 3502 3501
f 3509 3510 3511
f 3509 3511 3512
f 3505 3509 3512
f 3505 3512 3508
f 3506 3507 3511
f 3506 3511 3510
f 3508 3512 3511
f 3508 3511 3507
f 3505 3506 3510
f 3505 3510 3509
f 3517 3518 3519
f 3517 3519 3520
f 3513 3517 3520
f 3513 3520 3516
f 3514 3515 3519
f 3514 3519 3518
f 3516 3520 3519
f 3516 3519 3515
f 3513 3514 3518
f 3513 3518 3517
f 3525 3526 3527
f 3525 3527 3528
f 3521 3525 3528
f 3521 3528 3524
f 3522 3523 3527
f 3522 3527 3526
f 3524 3528 3527
f 3524 3527 3523
f 3521 3522 3526
f 3521 3526 3525
f 3533 3534 3535
f 3533 3535 3536
f 3529 3533 3536
f 3529 3536 3532
f 3530 3531 3535
f 3530 3535 3534
f 3532 3536 3535
f 3532 3535 3531
f 3529 3530 3534
f 3529 3534 3533
f 3541 3542 3543
f 3541 3543 3544
f 3537 3541 3544
f 3537 3544 3540
f 3538 3539 3543
f 3538 3543 3542
f 3540 3544 3543
f 3540 3543 3539
f 3537 3538 3542
f 3537 3542 3541
f 3549 3550 3551
f 3549 3551 3552
f 3545 3549 3552
f 3545 3552 3548
f 3546 3547 3551
f 3546 3551 3550
f 3548 3552 3551
f 3548 3551 3547
f 3545 3546 3550
f 3545 3550 3549
f 3557 3558 3559
f 3557 3559 3560
f 3553 3557 3560
f 3553 3560 3556
f 3554 3555 3559
f 3554 3559 3558
f 3556 3560 3559
f 3556 3559 3555
f 3553 3554 3558
f 3553 3558 3557
f 3565 3566 3567
f 3565 3567 3568
f 3561 3565 3568
f 3561 3568 3564
f 3562 3563 3567
f 3562 3567 3566
f 3564 3568 3567
f 3564 3567 3563
f 3561 3562 3566
f 3561 3566 3565
f 3573 3574 3575
f 3573 3575 3576
f 3569 3573 3576
f 3569 3576 3572
f 3570 3571 3575
f 3570 3575 3574
f 3572 3576 3575
f 3572 3575 3571
f 3569 3570 3574
f 3569 3574 3573
f 3581 3582 3583
f 3581 3583 3584
f 3577 3581 3584
f 3577 3584 3580
f 3578 3579 3583
f 3578 3583 3582
f 3580 3584 3583
f 3580 3583 3579
f 3577 3578 3582
f 3577 3582 3581
f 3589 3590 3591
f 3589 3591 3592
f 3585 3589 3592
f 3585 3592 3588
f 3586 3587 3591
f 3586 3591 3590
f 3588 3592 3591
f 3588 3591 3587
f 3585 3586 3590
f 3585 3590 3589
f 3597 3598 3599
f 3597 3599 3600
f 3593 3597 3600
f 3593 3600 3596
f 3594 3595 3599
f 3594 3599 3598
f 3596 3600 3599
f 3596 3599 3595
f 3593 3594 3598
f 3593 3598 3597
f 3605 3606 3607
f 3605 3607 3608
f 3601 3605 3608
f 3601 3608 3604
f 3602 3603 3607
f 3602 3607 3606
f 3604 3608 3607
f 3604 3607 3603
f 3601 3602 3606
f 3601 3606 3605
f 3613 3614 3615
f 3613 3615 3616
f 3609 3613 3616
f 3609 3616 3612
f 3610 3611 3615
f 3610 3615 3614
f 3612 3616 3615
f 3612 3615 3611
f 3609 3610 3614
f 3609 3614 3613
f 3621 3622 3623
f 3621 3623 3624
f 3617 3621 3624
f 3617 3624 3620
f 3618 3619 3623
f 3618 3623 3622
f 3620 3624 3623
f 3620 3623 3619
f 3617 3618 3622
f 3617 3622 3621
f 3629 3630 3631
f 3629 3631 3632
f 3625 3629 3632
f 3625 3632 3628
f 3626 3627 3631
f 3626 3631 3630
f 3628 3632 3631
f 3628 3631 3627
f 3625 3626 3630
f 3625 3630 3629
f 3637 3638 3639
f 3637 3639 3640
f 3633 3637 3640
f 3633 3640 3636
f 3634 3635 3639
f 3634 3639 3638
f 3636 3640 3639
f 3636 3639 3635
f 3633 3634 3638
f 3633 3638 3637
f 3645 3646 3647
f 3645 3647 3648
f 3641 3645 3648
f 3641 3648 3644
f 3642 3643 3647
f 3642 3647 3646
f 3644 3648 3647
f 3644 3647 3643
f 3641 3642 3646
f 3641 3646 3645
f 3653 3654 3655
f 3653 3655 3656
f 3649 3653 3656
f 3649 3656 3652
f 3650 3651 3655
f 3650 3655 3654
f 3652 3656 3655
f 3652 3655 3651
f 3649 3650 3654
f 3649 3654 3653
f 3661 3662 3663
f 3661 3663 3664
f 3657 3661 3664
f 3657 3664 3660
f 3658 3659 3663
f 3658 3663 3662
f 3660 3664 3663
f 3660 3663 3659
f 3657 3658 3662
f 3657 3662 3661
f 3669 3670 3671
f 3669 3671 3672
f 3665 3669 3672
f 3665 3672 3668
f 3666 3667 3671
f 3666 3671 3670
f 3668 3672 3671
f 3668 3671 3667
f 3665 3666 3670
f 3665 3670 3669
f 3677 3678 3679
f 3677 3679 3680
f 3673 3677 3680
f 3673 3680 3676
f 3674 3675 3679
f 3674 3679 3678
f 3676 3680 3679
f 3676 3679 3675
f 3673 3674 3678
f 3673 3678 3677
f 3685 3686 3687
f 3685 3687 3688
f 3681 3685 3688
f 3681 3688 3684
f 3682 3683 3687
f 3682 3687 3686
f 3684 3688 3687
f 3684 3687 3683
f 3681 3682 3686
f 3681 3686 3685
f 3693 3694 3695
f 3693 3695 3696
f 3689 3693 3696
f 3689 3696 3692
f 3690 3691 3695
f 3690 3695 3694
f 3692 3696 3695
f 3692 3695 3691
f 3689 3690 3694
f 3689 3694 3693
f 3701 3702 3703
f 3701 3703 3704
f 3697 3701 3704
f 3697 3704 3700
f 3698 3699 3703
f 3698 3703 3702
f 3700 3704 3703
f 3700 3703 3699
f 3697 3698 3702
f 3697 3702 3701
f 3709 3710 3711
f 3709 3711 3712
f 3705 3709 3712
f 3705 3712 3708
f 3706 3707 3711
f 3706 3711 3710
f 3708 3712 3711
f 3708 3711 3707
f 3705 3706 3710
f 3705 3710 3709
f 3717 3718 3719
f 3717 3719 3720
f 3713 3717 3720
f 3713 3720 3716
f 3714 3715 3719
f 3714 3719 3718
f 3716 3720 3719
f 3716 3719 3715
f 3713 3714 3718
f 3713 3718 3717
f 3725 3726 3727
f 3725 3727 3728
f 3721 3725 3728
f 3721 3728 3724
f 3722 3723 3727
f 3722 3727 3726
f 3724 3728 3727
f 3724 3727 3723
f 3721 3722 3726
f 3721 3726 3725
f 3733 3734 3735
f 3733 3735 3736
f 3729 3733 3736
f 3729 3736 3732
f 3730 3731 3735
f 3730 3735 3734
f 3732 3736 3735
f 3732 3735 3731
f 3729 3730 3734
f 3729 3734 3733
f 3741 3742 3743
f 3741 3743 3744
f 3737 3741 3744
f 3737 3744 3740
f 3738 3739 3743
f 3738 3743 3742
f 3740 3744 3743
f 3740 3743 3739
f 3737 3738 3742
f 3737 3742 3741
f 3749 3750 3751
f 3749 3751 3752
f 3745 3749 3752
f 3745 3752 3748
f 3746 3747 3751
f 3746 3751 3750
f 3748 3752 3751
f 3748 3751 3747
f 3745 3746 3750
f 3745 3750 3749
f 3757 3758 3759
f 3757 3759 3760
f 3753 3757 3760
f 3753 3760 3756
f 3754 3755 3759
f 3754 3759 3758
f 3756 3760 3759
f 3756 3759 3755
f 3753 3754 3758
f 3753 3758 3757
f 3765 3766 3767
f 3765 3767 3768
f 3761 3765 3768
f 3761 3768 3764
f 3762 3763 3767
f 3762 3767 3766
f 3764 3768 3767
f 3764 3767 3763
f 3761 3762 3766
f 3761 3766 3765
f 3773 3774 3775
f 3773 3775 3776
f 3769 3773 3776
f 3769 3776 3772
f 3770 3771 3775
f 3770 3775 3774
f 3772 3776 3775
f 3772 3775 3771
f 3769 3770 3774
f 3769 3774 3773
f 3781 3782 3783
f 3781 3783 3784
f 3777 3781 3784
f 3777 3784 3780
f 3778 3779 3783
f 3778 3783 3782
f 3780 3784 3783
f 3780 3783 3779
f 3777 3778 3782
f 3777 3782 3781
f 3789 3790 3791
f 3789 3791 3792
f 3785 3789 3792
f 3785 3792 3788
f 3786 3787 3791
f 3786 3791 3790
f 3788 3792 3791
f 3788 3791 3787
f 3785 3786 3790
f 3785 3790 3789
f 3797 3798 3799
f 3797 3799 3800
f 3793 3797 3800
f 3793 3800 3796
f 3794 3795 3799
f 3794 3799 3798
f 3796 3800 3799
f 3796 3799 3795
f 3793 3794 3798
f 3793 3798 3797
f 3805 3806 3807
f 3805 3807 3808
f 3801 3805 3808
f 3801 3808 3804
f 3802 3803 3807
f 3802 3807 3806
f 3804 3808 3807
f 3804 3807 3803
f 3801 3802 3806
f 3801 3806 3805
f 3813 3814 3815
f 3813 3815 3816
f 3809 3813 3816
f 3809 3816 3812
f 3810 3811 3815
f 3810 3815 3814
f 3812 3816 3815
f 3812 3815 3811
f 3809 3810 3814
f 3809 3814 3813
f 3821 3822 3823
f 3821 3823 3824
f 3817 3821 3824
f 3817 3824 3820
f 3818 3819 3823
f 3818 3823 3822
f 3820 3824 3823
f 3820 3823 3819
f 3817 3818 3822
f 3817 3822 3821
f 3829 3830 3831
f 3829 3831 3832
f 3825 3829 3832
f 3825 3832 3828
f 3826 3827 3831
f 3826 3831 3830
f 3828 3832 3831
f 3828 3831 3827
f 3825 3826 3830
f 3825 3830 3829
f 3837 3838 3839
f 3837 3839 3840
f 3833 3837 3840
f 3833 3840 3836
f 3834 3835 3839
f 3834 3839 3838
f 3836 3840 3839
f 3836 3839 3835
f 3833 3834 3838
f 3833 3838 3837
f 3845 3846 3847
f 3845 3847 3848
f 3841 3845 3848
f 3841 3848 3844
f 3842 3843 3847
f 3842 3847 3846
f 3844 3848 3847
f 3844 3847 3843
f 3841 3842 3846
f 3841 3846 3845
f 3853 3854 3855
f 3853 3855 3856
f 3849 3853 3856
f 3849 3856 3852
f 3850 3851 3855
f 3850 3855 3854
f 3852 3856 3855
f 3852 3855 3851
f 3849 3850 3854
f 3849 3854 3853
f 3861 3862 3863
f 3861 3863 3864
f 3857 3861 3864
f 3857 3864 3860
f 3858 3859 3863
f 3858 3863 3862
f 3860 3864 3863
f 3860 3863 3859
f 3857 3858 3862
f 3857 3862 3861
f 3869 3870 3871
f 3869 3871 3872
f 3865 3869 3872
f 3865 3872 3868
f 3866 3867 3871
f 3866 3871 3870
f 3868 3872 3871
f 3868 3871 3867
f 3865 3866 3870
f 3865 3870 3869
f 3877 3878 3879
f 3877 3879 3880
f 3873 3877 3880
f 3873 3880 3876
f 3874 3875 3879
f 3874 3879 3878
f 3876 3880 3879
f 3876 3879 3875
f 3873 3874 3878
f 3873 3878 3877
f 3885 3886 3887
f 3885 3887 3888
f 3881 3885 3888
f 3881 3888 3884
f 3882 3883 3887
f 3882 3887 3886
f 3884 3888 3887
f 3884 3887 3883
f 3881 3882 3886
f 3881 3886 3885
f 3893 3894 3895
f 3893 3895 3896
f 3889 3893 3896
f 3889 3896 3892
f 3890 3891 3895
f 3890 3895 3894
f 3892 3896 3895
f 3892 3895 3891
f 3889 3890 3894
f 3889 3894 3893
f 3901 3902 3903
f 3901 3903 3904
f 3897 3901 3904
f 3897 3904 3900
f 3898 3899 3903
f 3898 3903 3902
f 3900 3904 3903
f 3900 3903 3899
f 3897 3898 3902
f 3897 3902 3901
f 3909 3910 3911
f 3909 3911 3912
f 3905 3909 3912
f 3905 3912 3908
f 3906 3907 3911
f 3906 3911 3910
f 3908 3912 3911
f 3908 3911 3907
f 3905 3906 3910
f 3905 3910 3909
f 3917 3918 3919
f 3917 3919 3920
f 3913 3917 3920
f 3913 3920 3916
f 3914 3915 3919
f 3914 3919 3918
f 3916 3920 3919
f 3916 3919 3915
f 3913 3914 3918
f 3913 3918 3917
f 3925 3926 3927
f 3925 3927 3928
f 3921 3925 3928
f 3921 3928 3924
f 3922 3923 3927
f 3922 3927 3926
f 3924 3928 3927
f 3924 3927 3923
f 3921 3922 3926
f 3921 3926 3925
f 3933 3934 3935
f 3933 3935 3936
f 3929 3933 3936
f 3929 3936 3932
f 3930 3931 3935
f 3930 3935 3934
f 3932 3936 3935
f 3932 3935 3931
f 3929 3930 3934
f 3929 3934 3933
f 3941 3942 3943
f 3941 3943 3944
f 3937 3941 3944
f 3937 3944 3940
f 3938 3939 3943
f 3938 3943 3942
f 3940 3944 3943
f 3940 3943 3939
f 3937 3938 3942
f 3937 3942 3941
f 3949 3950 3951
f 3949 3951 3952
f 3945 3949 3952
f 3945 3952 3948
f 3946 3947 3951
f 3946 3951 3950
f 3948 3952 3951
f 3948 3951 3947
f 3945 3946 3950
f 3945 3950 3949
f 3957 3958 3959
f 3957 3959 3960
f 3953 3957 3960
f 3953 3960 3956
f 3954 3955 3959
f 3954 3959 3958
f 3956 3960 3959
f 3956 3959 3955
f 3953 3954 3958
f 3953 3958 3957
f 3965 3966 3967
f 3965 3967 3968
f 3961 3965 3968
f 3961 3968 3964
f 3962 3963 3967
f 3962 3967 3966
f 3964 3968 3967
f 3964 3967 3963
f 3961 3962 3966
f 3961 3966 3965
f 3973 3974 3975
f 3973 3975 3976
f 3969 3973 3976
f 3969 3976 3972
f 3970 3971 3975
f 3970 3975 3974
f 3972 3976 3975
f 3972 3975 3971
f 3969 3970 3974
f 3969 3974 3973
f 3981 3982 3983
f 3981 3983 3984
f 3977 3981 3984
f 3977 3984 3980
f 3978 3979 3983
f 3978 3983 3982
f 3980 3984 3983
f 3980 3983 3979
f 3977 3978 3982
f 3977 3982 3981
f 3989 3990 3991
f 3989 3991 3992
f 3985 3989 3992
f 3985 3992 3988
f 3986 3987 3991
f 3986 3991 3990
f 3988 3992 3991
f 3988 3991 3987
f 3985 3986 3990
f 3985 3990 3989
f 3997 3998 3999
f 3997 3999 4000
f 3993 3997 4000
f 3993 4000 3996
f 3994 3995 3999
f 3994 3999 3998
f 3996 4000 3999
f 3996 3999 3995
f 3993 3994 3998
f 3993 3998 3997
f 4005 4006 4007
f 4005 4007 4008
f 4001 4005 4008
f 4001 4008 4004
f 4002 4003 4007
f 4002 4007 4006
f 4004 4008 4007
f 4004 4007 4003
f 4001 4002 4006
f 4001 4006 4005
f 4013 4014 4015
f 4013 4015 4016
f 4009 4013 4016
f 4009 4016 4012
f 4010 4011 4015
f 4010 4015 4014
f 4012 4016 4015
f 4012 4015 4011
f 4009 4010 4014
f 4009 4014 4013
f 4021 4022 4023
f 4021 4023 4024
f 4017 4021 4024
f 4017 4024 4020
f 4018 4019 4023
f 4018 4023 4022
f 4020 4024 4023
f 4020 4023 4019
f 4017 4018 4022
f 4017 4022 4021
f 4029 4030 4031
f 4029 4031 4032
f 4025 4029 4032
f 4025 4032 4028
f 4026 4027 4031
f 4026 4031 4030
f 4028 4032 4031
f 4028 4031 4027
f 4025 4026 4030
f 4025 4030 4029
f 4037 4038 4039
f 4037 4039 4040
f 4033 4037 4040
f 4033 4040 4036
f 4034 4035 4039
f 4034 4039 4038
f 4036 4040 4039
f 4036 4039 4035
f 4033 4034 4038
f 4033 4038 4037
f 4045 4046 4047
f 4045 4047 4048
f 4041 4045 4048
f 4041 4048 4044
f 4042 4043 4047
f 4042 4047 4046
f 4044 4048 4047
f 4044 4047 4043
f 4041 4042 4046
f 4041 4046 4045
f 4053 4054 4055
f 4053 4055 4056
f 4049 4053 4056
f 4049 4056 4052
f 4050 4051 4055
f 4050 4055 4054
f 4052 4056 4055
f 4052 4055 4051
f 4049 4050 4054
f 4049 4054 4053
f 4061 4062 4063
f 4061 4063 4064
f 4057 4061 4064
f 4057 4064 4060
f 4058 4059 4063
f 4058 4063 4062
f 4060 4064 4063
f 4060 4063 4059
f 4057 4058 4062
f 4057 4062 4061
f 4069 4070 4071
f 4069 4071 4072
f 4065 4069 4072
f 4065 4072 4068
f 4066 4067 4071
f 4066 4071 4070
f 4068 4072 4071
f 4068 4071 4067
f 4065 4066 4070
f 4065 4070 4069
f 4077 4078 4079
f 4077 4079 4080
f 4073 4077 4080
f 4073 4080 4076
f 4074 4075 4079
f 4074 4079 4078
f 4076 4080 4079
f 4076 4079 4075
f 4073 4074 4078
f 4073 4078 4077
f 4085 4086 4087
f 4085 4087 4088
f 4081 4085 4088
f 4081 4088 4084
f 4082 4083 4087
f 4082 4087 4086
f 4084 4088 4087
f 4084 4087 4083
f 4081 4082 4086
f 4081 4086 4085
f 4093 4094 4095
f 4093 4095 4096
f 4089 4093 4096
f 4089 4096 4092
f 4090 4091 4095
f 4090 4095 4094
f 4092 4096 4095
f 4092 4095 4091
f 4089 4090 4094
f 4089 4094 4093
f 4101 4102 4103
f 4101 4103 4104
f 4097 4101 4104
f 4097 4104 4100
f 4098 4099 4103
f 4098 4103 4102
f 4100 4104 4103
f 4100 4103 4099
f 4097 4098 4102
f 4097 4102 4101
f 4109 4110 4111
f 4109 4111 4112
f 4105 4109 4112
f 4105 4112 4108
f 4106 4107 4111
f 4106 4111 4110
f 4108 4112 4111
f 4108 4111 4107
f 4105 4106 4110
f 4105 4110 4109
f 4117 4118 4119
f 4117 4119 4120
f 4113 4117 4120
f 4113 4120 4116
f 4114 4115 4119
f 4114 4119 4118
f 4116 4120 4119
f 4116 4119 4115
f 4113 4114 4118
f 4113 4118 4117
f 4125 4126 4127
f 4125 4127 4128
f 4121 4125 4128
f 4121 4128 4124
f 4122 4123 4127
f 4122 4127 4126
f 4124 4128 4127
f 4124 4127 4123
f 4121 4122 4126
f 4121 4126 4125
f 4133 4134 4135
f 4133 4135 4136
f 4129 4133 4136
f 4129 4136 4132
f 4130 4131 4135
f 4130 4135 4134
f 4132 4136 4135
f 4132 4135 4131
f 4129 4130 4134
f 4129 4134 4133
f 4141 4142 4143
f 4141 4143 4144
f 4137 4141 4144
f 4137 4144 4140
f 4138 4139 4143
f 4138 4143 4142
f 4140 4144 4143
f 4140 4143 4139
f 4137 4138 4142
f 4137 4142 4141
f 4149 4150 4151
f 4149 4151 4152
f 4145 4149 4152
f 4145 4152 4148
f 4146 4147 4151
f 4146 4151 4150
f 4148 4152 4151
f 4148 4151 4147
f 4145 4146 4150
f 4145 4150 4149
f 4157 4158 4159
f 4157 4159 4160
f 4153 4157 4160
f 4153 4160 4156
f 4154 4155 4159
f 4154 4159 4158
f 4156 4160 4159
f 4156 4159 4155
f 4153 4154 4158
f 4153 4158 4157
f 4165 4166 4167
f 4165 4167 4168
f 4161 4165 4168
f 4161 4168 4164
f 4162 4163 4167
f 4162 4167 4166
f 4164 4168 4167
f 4164 4167 4163
f 4161 4162 4166
f 4161 4166 4165
f 4173 4174 4175
f 4173 4175 4176
f 4169 4173 4176
f 4169 4176 4172
f 4170 4171 4175
f 4170 4175 4174
f 4172 4176 4175
f 4172 4175 4171
f 4169 4170 4174
f 4169 4174 4173
f 4181 4182 4183
f 4181 4183 4184
f 4177 4181 4184
f 4177 4184 4180
f 4178 4179 4183
f 4178 4183 4182
f 4180 4184 4183
f 4180 4183 4179
f 4177 4178 4182
f 4177 4182 4181
f 4189 4190 4191
f 4189 4191 4192
f 4185 4189 4192
f 4185 4192 4188
f 4186 4187 4191
f 4186 4191 4190
f 4188 4192 4191
f 4188 4191 4187
f 4185 4186 4190
f 4185 4190 4189
f 4197 4198 4199
f 4197 4199 4200
f 4193 4197 4200
f 4193 4200 4196
f 4194 4195 4199
f 4194 4199 4198
f 4196 4200 4199
f 4196 4199 4195
f 4193 4194 4198
f 4193 4198 4197
f 4205 4206 4207
f 4205 4207 4208
f 4201 4205 4208
f 4201 4208 4204
f 4202 4203 4207
f 4202 4207 4206
f 4204 4208 4207
f 4204 4207 4203
f 4201 4202 4206
f 4201 4206 4205
f 4213 4214 4215
f 4213 4215 4216
f 4209 4213 4216
f 4209 4216 4212
f 4210 4211 4215
f 4210 4215 4214
f 4212 4216 4215
f 4212 4215 4211
f 4209 4210 4214
f 4209 4214 4213
f 4221 4222 4223
f 4221 4223 4224
f 4217 4221 4224
f 4217 4224 4220
f 4218 4219 4223
f 4218 4223 4222
f 4220 4224 4223
f 4220 4223 4219
f 4217 4218 4222
f 4217 4222 4221
f 4229 4230 4231
f 4229 4231 4232
f 4225 4229 4232
f 4225 4232 4228
f 4226 4227 4231
f 4226 4231 4230
f 4228 4232 4231
f 4228 4231 4227
f 4225 4226 4230
f 4225 4230 4229
f 4237 4238 4239
f 4237 4239 4240
f 4233 4237 4240
f 4233 4240 4236
f 4234 4235 4239
f 4234 4239 4238
f 4236 4240 4239
f 4236 4239 4235
f 4233 4234 4238
f 4233 4238 4237
f 4245 4246 4247
f 4245 4247 4248
f 4241 4245 4248
f 4241 4248 4244
f 4242 4243 4247
f 4242 4247 4246
f 4244 4248 4247
f 4244 4247 4243
f 4241 4242 4246
f 4241 4246 4245
f 4253 4254 4255
f 4253 4255 4256
f 4249 4253 4256
f 4249 4256 4252
f 4250 4251 4255
f 4250 4255 4254
f 4252 4256 4255
f 4252 4255 4251
f 4249 4250 4254
f 4249 4254 4253
f 4261 4262 4263
f 4261 4263 4264
f 4257 4261 4264
f 4257 4264 4260
f 4258 4259 4263
f 4258 4263 4262
f 4260 4264 4263
f 4260 4263 4259
f 4257 4258 4262
f 4257 4262 4261
f 4269 4270 4271
f 4269 4271 4272
f 4265 4269 4272
f 4265 4272 4268
f 4266 4267 4271
f 4266 4271 4270
f 4268 4272 4271
f 4268 4271 4267
f 4265 4266 4270
f 4265 4270 4269
f 4277 4278 4279
f 4277 4279 4280
f 4273 4277 4280
f 4273 4280 4276
f 4274 4275 4279
f 4274 4279 4278
f 4276 4280 4279
f 4276 4279 4275
f 4273 4274 4278
f 4273 4278 4277
f 4285 4286 4287
f 4285 4287 4288
f 4281 4285 4288
f 4281 4288 4284
f 4282 4283 4287
f 4282 4287 4286
f 4284 4288 4287
f 4284 4287 4283
f 4281 4282 4286
f 4281 4286 4285
f 4293 4294 4295
f 4293 4295 4296
f 4289 4293 4296
f 4289 4296 4292
f 4290 4291 4295
f 4290 4295 4294
f 4292 4296 4295
f 4292 4295 4291
f 4289 4290 4294
f 4289 4294 4293
f 4301 4302 4303
f 4301 4303 4304
f 4297 4301 4304
f 4297 4304 4300
f 4298 4299 4303
f 4298 4303 4302
f 4300 4304 4303
f 4300 4303 4299
f 4297 4298 4302
f 4297 4302 4301
f 4309 4310 4311
f 4309 4311 4312
f 4305 4309 4312
f 4305 4312 4308
f 4306 4307 4311
f 4306 4311 4310
f 4308 4312 4311
f 4308 4311 4307
f 4305 4306 4310
f 4305 4310 4309
f 4317 4318 4319
f 4317 4319 4320
f 4313 4317 4320
f 4313 4320 4316
f 4314 4315 4319
f 4314 4319 4318
f 4316 4320 4319
f 4316 4319 4315
f 4313 4314 4318
f 4313 4318 4317
f 4325 4326 4327
f 4325 4327 4328
f 4321 4325 4328
f 4321 4328 4324
f 4322 4323 4327
f 4322 4327 4326
f 4324 4328 4327
f 4324 4327 4323
f 4321 4322 4326
f 4321 4326 4325
f 4333 4334 4335
f 4333 4335 4336
f 4329 4333 4336
f 4329 4336 4332
f 4330 4331 4335
f 4330 4335 4334
f 4332 4336 4335
f 4332 4335 4331
f 4329 4330 4334
f 4329 4334 4333
f 4341 4342 4343
f 4341 4343 4344
f 4337 4341 4344
f 4337 4344 4340
f 4338 4339 4343
f 4338 4343 4342
f 4340 4344 4343
f 4340 4343 4339
f 4337 4338 4342
f 4337 4342 4341
f 4349 4350 4351
f 4349 4351 4352
f 4345 4349 4352
f 4345 4352 4348
f 4346 4347 4351
f 4346 4351 4350
f 4348 4352 4351
f 4348 4351 4347
f 4345 4346 4350
f 4345 4350 4349
f 4357 4358 4359
f 4357 4359 4360
f 4353 4357 4360
f 4353 4360 4356
f 4354 4355 4359
f 4354 4359 4358
f 4356 4360 4359
f 4356 4359 4355
f 4353 4354 4358
f 4353 4358 4357
f 4365 4366 4367
f 4365 4367 4368
f 4361 4365 4368
f 4361 4368 4364
f 4362 4363 4367
f 4362 4367 4366
f 4364 4368 4367
f 4364 4367 4363
f 4361 4362 4366
f 4361 4366 4365
f 4373 4374 4375
f 4373 4375 4376
f 4369 4373 4376
f 4369 4376 4372
f 4370 4371 4375
f 4370 4375 4374
f 4372 4376 4375
f 4372 4375 4371
f 4369 4370 4374
f 4369 4374 4373
f 4381 4382 4383
f 4381 4383 4384
f 4377 4381 4384
f 4377 4384 4380
f 4378 4379 4383
f 4378 4383 4382
f 4380 4384 4383
f 4380 4383 4379
f 4377 4378 4382
f 4377 4382 4381
f 4389 4390 4391
f 4389 4391 4392
f 4385 4389 4392
f 4385 4392 4388
f 4386 4387 4391
f 4386 4391 4390
f 4388 4392 4391
f 4388 4391 4387
f 4385 4386 4390
f 4385 4390 4389
f 4397 4398 4399
f 4397 4399 4400
f 4393 4397 4400
f 4393 4400 4396
f 4394 4395 4399
f 4394 4399 4398
f 4396 4400 4399
f 4396 4399 4395
f 4393 4394 4398
f 4393 4398 4397
f 4405 4406 4407
f 4405 4407 4408
f 4401 4405 4408
f 4401 4408 4404
f 4402 4403 4407
f 4402 4407 4406
f 4404 4408 4407
f 4404 4407 4403
f 4401 4402 4406
f 4401 4406 4405
f 4413 4414 4415
f 4413 4415 4416
f 4409 4413 4416
f 4409 4416 4412
f 4410 4411 4415
f 4410 4415 4414
f 4412 4416 4415
f 4412 4415 4411
f 4409 4410 4414
f 4409 4414 4413
f 4421 4422 4423
f 4421 4423 4424
f 4417 4421 4424
f 4417 4424 4420
f 4418 4419 4423
f 4418 4423 4422
f 4420 4424 4423
f 4420 4423 4419
f 4417 4418 4422
f 4417 4422 4421
f 4429 4430 4431
f 4429 4431 4432
f 4425 4429 4432
f 4425 4432 4428
f 4426 4427 4431
f 4426 4431 4430
f 4428 4432 4431
f 4428 4431 4427
f 4425 4426 4430
f 4425 4430 4429
f 4437 4438 4439
f 4437 4439 4440
f 4433 4437 4440
f 4433 4440 4436
f 4434 4435 4439
f 4434 4439 4438
f 4436 4440 4439
f 4436 4439 4435
f 4433 4434 4438
f 4433 4438 4437
f 4445 4446 4447
f 4445 4447 4448
f 4441 4445 4448
f 4441 4448 4444
f 4442 4443 4447
f 4442 4447 4446
f 4444 4448 4447
f 4444 4447 4443
f 4441 4442 4446
f 4441 4446 4445
f 4453 4454 4455
f 4453 4455 4456
f 4449 4453 4456
f 4449 4456 4452
f 4450 4451 4455
f 4450 4455 4454
f 4452 4456 4455
f 4452 4455 4451
f 4449 4450 4454
f 4449 4454 4453
f 4461 4462 4463
f 4461 4463 4464
f 4457 4461 4464
f 4457 4464 4460
f 4458 4459 4463
f 4458 4463 4462
f 4460 4464 4463
f 4460 4463 4459
f 4457 4458 4462
f 4457 4462 4461
f 4469 4470 4471
f 4469 4471 4472
f 4465 4469 4472
f 4465 4472 4468
f 4466 4467 4471
f 4466 4471 4470
f 4468 4472 4471
f 4468 4471 4467
f 4465 4466 4470
f 4465 4470 4469
f 4477 4478 4479
f 4477 4479 4480
f 4473 4477 4480
f 4473 4480 4476
f 4474 4475 4479
f 4474 4479 4478
f 4476 4480 4479
f 4476 4479 4475
f 4473 4474 4478
f 4473 4478 4477
f 4485 4486 4487
f 4485 4487 4488
f 4481 4485 4488
f 4481 4488 4484
f 4482 4483 4487
f 4482 4487 4486
f 4484 4488 4487
f 4484 4487 4483
f 4481 4482 4486
f 4481 4486 4485
f 4493 4494 4495
f 4493 4495 4496
f 4489 4493 4496
f 4489 4496 4492
f 4490 4491 4495
f 4490 4495 4494
f 4492 4496 4495
f 4492 4495 4491
f 4489 4490 4494
f 4489 4494 4493
f 4501 4502 4503
f 4501 4503 4504
f 4497 4501 4504
f 4497 4504 4500
f 4498 4499 4503
f 4498 4503 4502
f 4500 4504 4503
f 4500 4503 4499
f 4497 4498 4502
f 4497 4502 4501
f 4509 4510 4511
f 4509 4511 4512
f 4505 4509 4512
f 4505 4512 4508
f 4506 4507 4511
f 4506 4511 4510
f 4508 4512 4511
f 4508 4511 4507
f 4505 4506 4510
f 4505 4510 4509
f 4517 4518 4519
f 4517 4519 4520
f 4513 4517 4520
f 4513 4520 4516
f 4514 4515 4519
f 4514 4519 4518
f 4516 4520 4519
f 4516 4519 4515
f 4513 4514 4518
f 4513 4518 4517
f 4525 4526 4527
f 4525 4527 4528
f 4521 4525 4528
f 4521 4528 4524
f 4522 4523 4527
f 4522 4527 4526
f 4524 4528 4527
f 4524 4527 4523
f 4521 4522 4526
f 4521 4526 4525
f 4533 4534 4535
f 4533 4535 4536
f 4529 4533 4536
f 4529 4536 4532
f 4530 4531 4535
f 4530 4535 4534
f 4532 4536 4535
f 4532 4535 4531
f 4529 4530 4534
f 4529 4534 4533
f 4541 4542 4543
f 4541 4543 4544
f 4537 4541 4544
f 4537 4544 4540
f 4538 4539 4543
f 4538 4543 4542
f 4540 4544 4543
f 4540 4543 4539
f 4537 4538 4542
f 4537 4542 4541
f 4549 4550 4551
f 4549 4551 4552
f 4545 4549 4552
f 4545 4552 4548
f 4546 4547 4551
f 4546 4551 4550
f 4548 4552 4551
f 4548 4551 4547
f 4545 4546 4550
f 4545 4550 4549
f 4557 4558 4559
f 4557 4559 4560
f 4553 4557 4560
f 4553 4560 4556
f 4554 4555 4559
f 4554 4559 4558
f 4556 4560 4559
f 4556 4559 4555
f 4553 4554 4558
f 4553 4558 4557
f 4565 4566 4567
f 4565 4567 4568
f 4561 4565 4568
f 4561 4568 4564
f 4562 4563 4567
f 4562 4567 4566
f 4564 4568 4567
f 4564 4567 4563
f 4561 4562 4566
f 4561 4566 4565
f 4573 4574 4575
f 4573 4575 4576
f 4569 4573 4576
f 4569 4576 4572
f 4570 4571 4575
f 4570 4575 4574
f 4572 4576 4575
f 4572 4575 4571
f 4569 4570 4574
f 4569 4574 4573
f 4581 4582 4583
f 4581 4583 4584
f 4577 4581 4584
f 4577 4584 4580
f 4578 4579 4583
f 4578 4583 4582
f 4580 4584 4583
f 4580 4583 4579
f 4577 4578 4582
f 4577 4582 4581
f 4589 4590 4591
f 4589 4591 4592
f 4585 4589 4592
f 4585 4592 4588
f 4586 4587 4591
f 4586 4591 4590
f 4588 4592 4591
f 4588 4591 4587
f 4585 4586 4590
f 4585 4590 4589
f 4597 4598 4599
f 4597 4599 4600
f 4593 4597 4600
f 4593 4600 4596
f 4594 4595 4599
f 4594 4599 4598
f 4596 4600 4599
f 4596 4599 4595
f 4593 4594 4598
f 4593 4598 4597
f 4605 4606 4607
f 4605 4607 4608
f 4601 4605 4608
f 4601 4608 4604
f 4602 4603 4607
f 4602 4607 4606
f 4604 4608 4607
f 4604 4607 4603
f 4601 4602 4606
f 4601 4606 4605
f 4613 4614 4615
f 4613 4615 4616
f 4609 4613 4616
f 4609 4616 4612
f 4610 4611 4615
f 4610 4615 4614
f 4612 4616 4615
f 4612 4615 4611
f 4609 4610 4614
f 4609 4614 4613
