# lettering: OLOID & SPHERICON
v -8.759 3.893 0.000
v -7.632 3.893 0.000
v -7.632 3.995 0.000
v -8.759 3.995 0.000
v -8.759 3.893 0.500
v -7.632 3.893 0.500
v -7.632 3.995 0.500
v -8.759 3.995 0.500
v 23.510 3.893 0.000
v 24.534 3.893 0.000
v 24.534 3.995 0.000
v 23.510 3.995 0.000
v 23.510 3.893 0.500
v 24.534 3.893 0.500
v 24.534 3.995 0.500
v 23.510 3.995 0.500
v -2.920 3.893 0.000
v -1.793 3.893 0.000
v -1.793 3.995 0.000
v -2.920 3.995 0.000
v -2.920 3.893 0.500
v -1.793 3.893 0.500
v -1.793 3.995 0.500
v -2.920 3.995 0.500
v -28.939 3.893 0.000
v -27.915 3.893 0.000
v -27.915 3.995 0.000
v -28.939 3.995 0.000
v -28.939 3.893 0.500
v -27.915 3.893 0.500
v -27.915 3.995 0.500
v -28.939 3.995 0.500
v 19.515 3.893 0.000
v 20.539 3.893 0.000
v 20.539 3.995 0.000
v 19.515 3.995 0.000
v 19.515 3.893 0.500
v 20.539 3.893 0.500
v 20.539 3.995 0.500
v 19.515 3.995 0.500
v -21.154 3.893 0.000
v -20.129 3.893 0.000
v -20.129 3.995 0.000
v -21.154 3.995 0.000
v -21.154 3.893 0.500
v -20.129 3.893 0.500
v -20.129 3.995 0.500
v -21.154 3.995 0.500
v -8.963 3.790 0.000
v -7.324 3.790 0.000
v -7.324 3.893 0.000
v -8.963 3.893 0.000
v -8.963 3.790 0.500
v -7.324 3.790 0.500
v -7.324 3.893 0.500
v -8.963 3.893 0.500
v 19.207 3.790 0.000
v 20.949 3.790 0.000
v 20.949 3.893 0.000
v 19.207 3.893 0.000
v 19.207 3.790 0.500
v 20.949 3.790 0.500
v 20.949 3.893 0.500
v 19.207 3.893 0.500
v -16.032 3.790 0.000
v -13.573 3.790 0.000
v -13.573 3.893 0.000
v -16.032 3.893 0.000
v -16.032 3.790 0.500
v -13.573 3.790 0.500
v -13.573 3.893 0.500
v -16.032 3.893 0.500
v -21.563 3.790 0.000
v -19.822 3.790 0.000
v -19.822 3.893 0.000
v -21.563 3.893 0.000
v -21.563 3.790 0.500
v -19.822 3.790 0.500
v -19.822 3.893 0.500
v -21.563 3.893 0.500
v 23.100 3.790 0.000
v 24.841 3.790 0.000
v 24.841 3.893 0.000
v 23.100 3.893 0.000
v 23.100 3.790 0.500
v 24.841 3.790 0.500
v 24.841 3.893 0.500
v 23.100 3.893 0.500
v -0.359 3.790 0.000
v 2.100 3.790 0.000
v 2.100 3.893 0.000
v -0.359 3.893 0.000
v -0.359 3.790 0.500
v 2.100 3.790 0.500
v 2.100 3.893 0.500
v -0.359 3.893 0.500
v 11.729 3.790 0.000
v 14.290 3.790 0.000
v 14.290 3.893 0.000
v 11.729 3.893 0.000
v 11.729 3.790 0.500
v 14.290 3.790 0.500
v 14.290 3.893 0.500
v 11.729 3.893 0.500
v -3.227 3.790 0.000
v -1.280 3.790 0.000
v -1.280 3.893 0.000
v -3.227 3.893 0.000
v -3.227 3.790 0.500
v -1.280 3.790 0.500
v -1.280 3.893 0.500
v -3.227 3.893 0.500
v 26.276 3.790 0.000
v 27.402 3.790 0.000
v 27.402 3.893 0.000
v 26.276 3.893 0.000
v 26.276 3.790 0.500
v 27.402 3.790 0.500
v 27.402 3.893 0.500
v 26.276 3.893 0.500
v -29.349 3.790 0.000
v -27.607 3.790 0.000
v -27.607 3.893 0.000
v -29.349 3.893 0.000
v -29.349 3.790 0.500
v -27.607 3.790 0.500
v -27.607 3.893 0.500
v -29.349 3.893 0.500
v -29.554 3.688 0.000
v -27.402 3.688 0.000
v -27.402 3.790 0.000
v -29.554 3.790 0.000
v -29.554 3.688 0.500
v -27.402 3.688 0.500
v -27.402 3.790 0.500
v -29.554 3.790 0.500
v -9.168 3.688 0.000
v -7.324 3.688 0.000
v -7.324 3.790 0.000
v -9.168 3.790 0.000
v -9.168 3.688 0.500
v -7.324 3.688 0.500
v -7.324 3.790 0.500
v -9.168 3.790 0.500
v -21.768 3.688 0.000
v -19.617 3.688 0.000
v -19.617 3.790 0.000
v -21.768 3.790 0.000
v -21.768 3.688 0.500
v -19.617 3.688 0.500
v -19.617 3.790 0.500
v -21.768 3.790 0.500
v -0.359 3.688 0.000
v 2.407 3.688 0.000
v 2.407 3.790 0.000
v -0.359 3.790 0.000
v -0.359 3.688 0.500
v 2.407 3.688 0.500
v 2.407 3.790 0.500
v -0.359 3.790 0.500
v 19.002 3.688 0.000
v 21.256 3.688 0.000
v 21.256 3.790 0.000
v 19.002 3.790 0.000
v 19.002 3.688 0.500
v 21.256 3.688 0.500
v 21.256 3.790 0.500
v 19.002 3.790 0.500
v 26.276 3.688 0.000
v 27.505 3.688 0.000
v 27.505 3.790 0.000
v 26.276 3.790 0.000
v 26.276 3.688 0.500
v 27.505 3.688 0.500
v 27.505 3.790 0.500
v 26.276 3.790 0.500
v 11.729 3.688 0.000
v 14.598 3.688 0.000
v 14.598 3.790 0.000
v 11.729 3.790 0.000
v 11.729 3.688 0.500
v 14.598 3.688 0.500
v 14.598 3.790 0.500
v 11.729 3.790 0.500
v -16.032 3.688 0.000
v -13.163 3.688 0.000
v -13.163 3.790 0.000
v -16.032 3.790 0.000
v -16.032 3.688 0.500
v -13.163 3.688 0.500
v -13.163 3.790 0.500
v -16.032 3.790 0.500
v 22.895 3.688 0.000
v 25.046 3.688 0.000
v 25.046 3.790 0.000
v 22.895 3.790 0.000
v 22.895 3.688 0.500
v 25.046 3.688 0.500
v 25.046 3.790 0.500
v 22.895 3.790 0.500
v -3.432 3.688 0.000
v -1.076 3.688 0.000
v -1.076 3.790 0.000
v -3.432 3.790 0.000
v -3.432 3.688 0.500
v -1.076 3.688 0.500
v -1.076 3.790 0.500
v -3.432 3.790 0.500
v -18.388 3.585 0.000
v -16.544 3.585 0.000
v -16.544 3.893 0.000
v -18.388 3.893 0.000
v -18.388 3.585 0.500
v -16.544 3.585 0.500
v -16.544 3.893 0.500
v -18.388 3.893 0.500
v 15.827 3.585 0.000
v 17.671 3.585 0.000
v 17.671 3.893 0.000
v 15.827 3.893 0.000
v 15.827 3.585 0.500
v 17.671 3.585 0.500
v 17.671 3.893 0.500
v 15.827 3.893 0.500
v 5.685 3.585 0.000
v 7.529 3.585 0.000
v 7.529 3.893 0.000
v 5.685 3.893 0.000
v 5.685 3.585 0.500
v 7.529 3.585 0.500
v 7.529 3.893 0.500
v 5.685 3.893 0.500
v 29.144 3.585 0.000
v 30.373 3.585 0.000
v 30.373 3.893 0.000
v 29.144 3.893 0.000
v 29.144 3.585 0.500
v 30.373 3.585 0.500
v 30.373 3.893 0.500
v 29.144 3.893 0.500
v -26.071 3.585 0.000
v -24.227 3.585 0.000
v -24.227 3.893 0.000
v -26.071 3.893 0.000
v -26.071 3.585 0.500
v -24.227 3.585 0.500
v -24.227 3.893 0.500
v -26.071 3.893 0.500
v 7.939 3.585 0.000
v 11.217 3.585 0.000
v 11.217 3.893 0.000
v 7.939 3.893 0.000
v 7.939 3.585 0.500
v 11.217 3.585 0.500
v 11.217 3.893 0.500
v 7.939 3.893 0.500
v 3.329 3.585 0.000
v 5.173 3.585 0.000
v 5.173 3.893 0.000
v 3.329 3.893 0.000
v 3.329 3.585 0.500
v 5.173 3.585 0.500
v 5.173 3.893 0.500
v 3.329 3.893 0.500
v -20.334 3.585 0.000
v -19.412 3.585 0.000
v -19.412 3.688 0.000
v -20.334 3.688 0.000
v -20.334 3.585 0.500
v -19.412 3.585 0.500
v -19.412 3.688 0.500
v -20.334 3.688 0.500
v 24.329 3.585 0.000
v 25.251 3.585 0.000
v 25.251 3.688 0.000
v 24.329 3.688 0.000
v 24.329 3.585 0.500
v 25.251 3.585 0.500
v 25.251 3.688 0.500
v 24.329 3.688 0.500
v -1.998 3.585 0.000
v -1.076 3.585 0.000
v -1.076 3.688 0.000
v -1.998 3.688 0.000
v -1.998 3.585 0.500
v -1.076 3.585 0.500
v -1.076 3.688 0.500
v -1.998 3.688 0.500
v -29.656 3.585 0.000
v -28.734 3.585 0.000
v -28.734 3.688 0.000
v -29.656 3.688 0.000
v -29.656 3.585 0.500
v -28.734 3.585 0.500
v -28.734 3.688 0.500
v -29.656 3.688 0.500
v 11.729 3.585 0.000
v 14.802 3.585 0.000
v 14.802 3.688 0.000
v 11.729 3.688 0.000
v 11.729 3.585 0.500
v 14.802 3.585 0.500
v 14.802 3.688 0.500
v 11.729 3.688 0.500
v -16.032 3.585 0.000
v -12.959 3.585 0.000
v -12.959 3.688 0.000
v -16.032 3.688 0.000
v -16.032 3.585 0.500
v -12.959 3.585 0.500
v -12.959 3.688 0.500
v -16.032 3.688 0.500
v -7.939 3.585 0.000
v -7.324 3.585 0.000
v -7.324 3.688 0.000
v -7.939 3.688 0.000
v -7.939 3.585 0.500
v -7.324 3.585 0.500
v -7.324 3.688 0.500
v -7.939 3.688 0.500
v -3.534 3.585 0.000
v -2.817 3.585 0.000
v -2.817 3.688 0.000
v -3.534 3.688 0.000
v -3.534 3.585 0.500
v -2.817 3.585 0.500
v -2.817 3.688 0.500
v -3.534 3.688 0.500
v -28.120 3.585 0.000
v -27.198 3.585 0.000
v -27.198 3.688 0.000
v -28.120 3.688 0.000
v -28.120 3.585 0.500
v -27.198 3.585 0.500
v -27.198 3.688 0.500
v -28.120 3.688 0.500
v 20.437 3.585 0.000
v 21.461 3.585 0.000
v 21.461 3.688 0.000
v 20.437 3.688 0.000
v 20.437 3.585 0.500
v 21.461 3.585 0.500
v 21.461 3.688 0.500
v 20.437 3.688 0.500
v 22.793 3.585 0.000
v 23.715 3.585 0.000
v 23.715 3.688 0.000
v 22.793 3.688 0.000
v 22.793 3.585 0.500
v 23.715 3.585 0.500
v 23.715 3.688 0.500
v 22.793 3.688 0.500
v 26.276 3.585 0.000
v 27.607 3.585 0.000
v 27.607 3.688 0.000
v 26.276 3.688 0.000
v 26.276 3.585 0.500
v 27.607 3.585 0.500
v 27.607 3.688 0.500
v 26.276 3.688 0.500
v -21.871 3.585 0.000
v -20.949 3.585 0.000
v -20.949 3.688 0.000
v -21.871 3.688 0.000
v -21.871 3.585 0.500
v -20.949 3.585 0.500
v -20.949 3.688 0.500
v -21.871 3.688 0.500
v -9.271 3.585 0.000
v -8.451 3.585 0.000
v -8.451 3.688 0.000
v -9.271 3.688 0.000
v -9.271 3.585 0.500
v -8.451 3.585 0.500
v -8.451 3.688 0.500
v -9.271 3.688 0.500
v 18.798 3.585 0.000
v 19.822 3.585 0.000
v 19.822 3.688 0.000
v 18.798 3.688 0.000
v 18.798 3.585 0.500
v 19.822 3.585 0.500
v 19.822 3.688 0.500
v 18.798 3.688 0.500
v -0.359 3.585 0.000
v 2.612 3.585 0.000
v 2.612 3.688 0.000
v -0.359 3.688 0.000
v -0.359 3.585 0.500
v 2.612 3.585 0.500
v 2.612 3.688 0.500
v -0.359 3.688 0.500
v 18.695 3.483 0.000
v 19.617 3.483 0.000
v 19.617 3.585 0.000
v 18.695 3.585 0.000
v 18.695 3.483 0.500
v 19.617 3.483 0.500
v 19.617 3.585 0.500
v 18.695 3.585 0.500
v -1.793 3.483 0.000
v -1.076 3.483 0.000
v -1.076 3.585 0.000
v -1.793 3.585 0.000
v -1.793 3.483 0.500
v -1.076 3.483 0.500
v -1.076 3.585 0.500
v -1.793 3.585 0.500
v -20.232 3.483 0.000
v -19.310 3.483 0.000
v -19.310 3.585 0.000
v -20.232 3.585 0.000
v -20.232 3.483 0.500
v -19.310 3.483 0.500
v -19.310 3.585 0.500
v -20.232 3.585 0.500
v -3.637 3.483 0.000
v -2.920 3.483 0.000
v -2.920 3.585 0.000
v -3.637 3.585 0.000
v -3.637 3.483 0.500
v -2.920 3.483 0.500
v -2.920 3.585 0.500
v -3.637 3.585 0.500
v 26.788 3.483 0.000
v 27.710 3.483 0.000
v 27.710 3.585 0.000
v 26.788 3.585 0.000
v 26.788 3.483 0.500
v 27.710 3.483 0.500
v 27.710 3.585 0.500
v 26.788 3.585 0.500
v -29.759 3.483 0.000
v -28.939 3.483 0.000
v -28.939 3.585 0.000
v -29.759 3.585 0.000
v -29.759 3.483 0.500
v -28.939 3.483 0.500
v -28.939 3.585 0.500
v -29.759 3.585 0.500
v 24.432 3.483 0.000
v 25.354 3.483 0.000
v 25.354 3.585 0.000
v 24.432 3.585 0.000
v 24.432 3.483 0.500
v 25.354 3.483 0.500
v 25.354 3.585 0.500
v 24.432 3.585 0.500
v 20.641 3.483 0.000
v 21.461 3.483 0.000
v 21.461 3.585 0.000
v 20.641 3.585 0.000
v 20.641 3.483 0.500
v 21.461 3.483 0.500
v 21.461 3.585 0.500
v 20.641 3.585 0.500
v -13.880 3.483 0.000
v -12.856 3.483 0.000
v -12.856 3.585 0.000
v -13.880 3.585 0.000
v -13.880 3.483 0.500
v -12.856 3.483 0.500
v -12.856 3.585 0.500
v -13.880 3.585 0.500
v -28.017 3.483 0.000
v -27.095 3.483 0.000
v -27.095 3.585 0.000
v -28.017 3.585 0.000
v -28.017 3.483 0.500
v -27.095 3.483 0.500
v -27.095 3.585 0.500
v -28.017 3.585 0.500
v -9.373 3.483 0.000
v -8.554 3.483 0.000
v -8.554 3.585 0.000
v -9.373 3.585 0.000
v -9.373 3.483 0.500
v -8.554 3.483 0.500
v -8.554 3.585 0.500
v -9.373 3.585 0.500
v -21.973 3.483 0.000
v -21.154 3.483 0.000
v -21.154 3.585 0.000
v -21.973 3.585 0.000
v -21.973 3.483 0.500
v -21.154 3.483 0.500
v -21.154 3.585 0.500
v -21.973 3.585 0.500
v 13.778 3.483 0.000
v 14.905 3.483 0.000
v 14.905 3.585 0.000
v 13.778 3.585 0.000
v 13.778 3.483 0.500
v 14.905 3.483 0.500
v 14.905 3.585 0.500
v 13.778 3.585 0.500
v 22.690 3.483 0.000
v 23.510 3.483 0.000
v 23.510 3.585 0.000
v 22.690 3.585 0.000
v 22.690 3.483 0.500
v 23.510 3.483 0.500
v 23.510 3.585 0.500
v 22.690 3.585 0.500
v 1.588 3.483 0.000
v 2.715 3.483 0.000
v 2.715 3.585 0.000
v 1.588 3.585 0.000
v 1.588 3.483 0.500
v 2.715 3.483 0.500
v 2.715 3.585 0.500
v 1.588 3.585 0.500
v -7.734 3.380 0.000
v -7.324 3.380 0.000
v -7.324 3.585 0.000
v -7.734 3.585 0.000
v -7.734 3.380 0.500
v -7.324 3.380 0.500
v -7.324 3.585 0.500
v -7.734 3.585 0.500
v -9.373 3.380 0.000
v -8.656 3.380 0.000
v -8.656 3.483 0.000
v -9.373 3.483 0.000
v -9.373 3.380 0.500
v -8.656 3.380 0.500
v -8.656 3.483 0.500
v -9.373 3.483 0.500
v -20.027 3.380 0.000
v -19.207 3.380 0.000
v -19.207 3.483 0.000
v -20.027 3.483 0.000
v -20.027 3.380 0.500
v -19.207 3.380 0.500
v -19.207 3.483 0.500
v -20.027 3.483 0.500
v -29.861 3.380 0.000
v -29.041 3.380 0.000
v -29.041 3.483 0.000
v -29.861 3.483 0.000
v -29.861 3.380 0.500
v -29.041 3.380 0.500
v -29.041 3.483 0.500
v -29.861 3.483 0.500
v -27.812 3.380 0.000
v -26.993 3.380 0.000
v -26.993 3.483 0.000
v -27.812 3.483 0.000
v -27.812 3.380 0.500
v -26.993 3.380 0.500
v -26.993 3.483 0.500
v -27.812 3.483 0.500
v -3.637 3.380 0.000
v -3.022 3.380 0.000
v -3.022 3.483 0.000
v -3.637 3.483 0.000
v -3.637 3.380 0.500
v -3.022 3.380 0.500
v -3.022 3.483 0.500
v -3.637 3.483 0.500
v 13.983 3.380 0.000
v 15.007 3.380 0.000
v 15.007 3.483 0.000
v 13.983 3.483 0.000
v 13.983 3.380 0.500
v 15.007 3.380 0.500
v 15.007 3.483 0.500
v 13.983 3.483 0.500
v 20.846 3.380 0.000
v 21.461 3.380 0.000
v 21.461 3.483 0.000
v 20.846 3.483 0.000
v 20.846 3.380 0.500
v 21.461 3.380 0.500
v 21.461 3.483 0.500
v 20.846 3.483 0.500
v -22.076 3.380 0.000
v -21.256 3.380 0.000
v -21.256 3.483 0.000
v -22.076 3.483 0.000
v -22.076 3.380 0.500
v -21.256 3.380 0.500
v -21.256 3.483 0.500
v -22.076 3.483 0.500
v 22.588 3.380 0.000
v 23.407 3.380 0.000
v 23.407 3.483 0.000
v 22.588 3.483 0.000
v 22.588 3.380 0.500
v 23.407 3.380 0.500
v 23.407 3.483 0.500
v 22.588 3.483 0.500
v 18.593 3.380 0.000
v 19.515 3.380 0.000
v 19.515 3.483 0.000
v 18.593 3.483 0.000
v 18.593 3.380 0.500
v 19.515 3.380 0.500
v 19.515 3.483 0.500
v 18.593 3.483 0.500
v -1.690 3.380 0.000
v -1.076 3.380 0.000
v -1.076 3.483 0.000
v -1.690 3.483 0.000
v -1.690 3.380 0.500
v -1.076 3.380 0.500
v -1.076 3.483 0.500
v -1.690 3.483 0.500
v 1.793 3.380 0.000
v 2.817 3.380 0.000
v 2.817 3.483 0.000
v 1.793 3.483 0.000
v 1.793 3.380 0.500
v 2.817 3.380 0.500
v 2.817 3.483 0.500
v 1.793 3.483 0.500
v -13.676 3.380 0.000
v -12.651 3.380 0.000
v -12.651 3.483 0.000
v -13.676 3.483 0.000
v -13.676 3.380 0.500
v -12.651 3.380 0.500
v -12.651 3.483 0.500
v -13.676 3.483 0.500
v 26.788 3.380 0.000
v 27.812 3.380 0.000
v 27.812 3.483 0.000
v 26.788 3.483 0.000
v 26.788 3.380 0.500
v 27.812 3.380 0.500
v 27.812 3.483 0.500
v 26.788 3.483 0.500
v 24.637 3.380 0.000
v 25.456 3.380 0.000
v 25.456 3.483 0.000
v 24.637 3.483 0.000
v 24.637 3.380 0.500
v 25.456 3.380 0.500
v 25.456 3.483 0.500
v 24.637 3.483 0.500
v -13.573 3.278 0.000
v -12.549 3.278 0.000
v -12.549 3.380 0.000
v -13.573 3.380 0.000
v -13.573 3.278 0.500
v -12.549 3.278 0.500
v -12.549 3.380 0.500
v -13.573 3.380 0.500
v -1.588 3.278 0.000
v -1.076 3.278 0.000
v -1.076 3.380 0.000
v -1.588 3.380 0.000
v -1.588 3.278 0.500
v -1.076 3.278 0.500
v -1.076 3.380 0.500
v -1.588 3.380 0.500
v -27.812 3.278 0.000
v -26.890 3.278 0.000
v -26.890 3.380 0.000
v -27.812 3.380 0.000
v -27.812 3.278 0.500
v -26.890 3.278 0.500
v -26.890 3.380 0.500
v -27.812 3.380 0.500
v -22.178 3.278 0.000
v -21.256 3.278 0.000
v -21.256 3.380 0.000
v -22.178 3.380 0.000
v -22.178 3.278 0.500
v -21.256 3.278 0.500
v -21.256 3.380 0.500
v -22.178 3.380 0.500
v 22.485 3.278 0.000
v 23.407 3.278 0.000
v 23.407 3.380 0.000
v 22.485 3.380 0.000
v 22.485 3.278 0.500
v 23.407 3.278 0.500
v 23.407 3.380 0.500
v 22.485 3.380 0.500
v 14.085 3.278 0.000
v 15.007 3.278 0.000
v 15.007 3.380 0.000
v 14.085 3.380 0.000
v 14.085 3.278 0.500
v 15.007 3.278 0.500
v 15.007 3.380 0.500
v 14.085 3.380 0.500
v 18.490 3.278 0.000
v 19.412 3.278 0.000
v 19.412 3.380 0.000
v 18.490 3.380 0.000
v 18.490 3.278 0.500
v 19.412 3.278 0.500
v 19.412 3.380 0.500
v 18.490 3.380 0.500
v 26.788 3.278 0.000
v 27.915 3.278 0.000
v 27.915 3.380 0.000
v 26.788 3.380 0.000
v 26.788 3.278 0.500
v 27.915 3.278 0.500
v 27.915 3.380 0.500
v 26.788 3.380 0.500
v -29.963 3.278 0.000
v -29.041 3.278 0.000
v -29.041 3.380 0.000
v -29.963 3.380 0.000
v -29.963 3.278 0.500
v -29.041 3.278 0.500
v -29.041 3.380 0.500
v -29.963 3.380 0.500
v 24.637 3.278 0.000
v 25.559 3.278 0.000
v 25.559 3.380 0.000
v 24.637 3.380 0.000
v 24.637 3.278 0.500
v 25.559 3.278 0.500
v 25.559 3.380 0.500
v 24.637 3.380 0.500
v -20.027 3.278 0.000
v -19.105 3.278 0.000
v -19.105 3.380 0.000
v -20.027 3.380 0.000
v -20.027 3.278 0.500
v -19.105 3.278 0.500
v -19.105 3.380 0.500
v -20.027 3.380 0.500
v 20.949 3.176 0.000
v 21.461 3.176 0.000
v 21.461 3.380 0.000
v 20.949 3.380 0.000
v 20.949 3.176 0.500
v 21.461 3.176 0.500
v 21.461 3.380 0.500
v 20.949 3.380 0.500
v -3.739 3.176 0.000
v -3.124 3.176 0.000
v -3.124 3.380 0.000
v -3.739 3.380 0.000
v -3.739 3.176 0.500
v -3.124 3.176 0.500
v -3.124 3.380 0.500
v -3.739 3.380 0.500
v 1.895 3.176 0.000
v 2.920 3.176 0.000
v 2.920 3.380 0.000
v 1.895 3.380 0.000
v 1.895 3.176 0.500
v 2.920 3.176 0.500
v 2.920 3.380 0.500
v 1.895 3.380 0.500
v -30.066 3.176 0.000
v -29.144 3.176 0.000
v -29.144 3.278 0.000
v -30.066 3.278 0.000
v -30.066 3.176 0.500
v -29.144 3.176 0.500
v -29.144 3.278 0.500
v -30.066 3.278 0.500
v 18.388 3.176 0.000
v 19.310 3.176 0.000
v 19.310 3.278 0.000
v 18.388 3.278 0.000
v 18.388 3.176 0.500
v 19.310 3.176 0.500
v 19.310 3.278 0.500
v 18.388 3.278 0.500
v -13.471 3.176 0.000
v -12.549 3.176 0.000
v -12.549 3.278 0.000
v -13.471 3.278 0.000
v -13.471 3.176 0.500
v -12.549 3.176 0.500
v -12.549 3.278 0.500
v -13.471 3.278 0.500
v 22.383 3.176 0.000
v 23.305 3.176 0.000
v 23.305 3.278 0.000
v 22.383 3.278 0.000
v 22.383 3.176 0.500
v 23.305 3.176 0.500
v 23.305 3.278 0.500
v 22.383 3.278 0.500
v -22.280 3.176 0.000
v -21.359 3.176 0.000
v -21.359 3.278 0.000
v -22.280 3.278 0.000
v -22.280 3.176 0.500
v -21.359 3.176 0.500
v -21.359 3.278 0.500
v -22.280 3.278 0.500
v 10.807 3.073 0.000
v 11.217 3.073 0.000
v 11.217 3.585 0.000
v 10.807 3.585 0.000
v 10.807 3.073 0.500
v 11.217 3.073 0.500
v 11.217 3.585 0.500
v 10.807 3.585 0.500
v -7.632 3.073 0.000
v -7.324 3.073 0.000
v -7.324 3.380 0.000
v -7.632 3.380 0.000
v -7.632 3.073 0.500
v -7.324 3.073 0.500
v -7.324 3.380 0.500
v -7.632 3.380 0.500
v 26.788 3.073 0.000
v 28.017 3.073 0.000
v 28.017 3.278 0.000
v 26.788 3.278 0.000
v 26.788 3.073 0.500
v 28.017 3.073 0.500
v 28.017 3.278 0.500
v 26.788 3.278 0.500
v -27.710 3.073 0.000
v -26.788 3.073 0.000
v -26.788 3.278 0.000
v -27.710 3.278 0.000
v -27.710 3.073 0.500
v -26.788 3.073 0.500
v -26.788 3.278 0.500
v -27.710 3.278 0.500
v 14.085 3.073 0.000
v 15.110 3.073 0.000
v 15.110 3.278 0.000
v 14.085 3.278 0.000
v 14.085 3.073 0.500
v 15.110 3.073 0.500
v 15.110 3.278 0.500
v 14.085 3.278 0.500
v -19.924 3.073 0.000
v -19.002 3.073 0.000
v -19.002 3.278 0.000
v -19.924 3.278 0.000
v -19.924 3.073 0.500
v -19.002 3.073 0.500
v -19.002 3.278 0.500
v -19.924 3.278 0.500
v 24.739 3.073 0.000
v 25.661 3.073 0.000
v 25.661 3.278 0.000
v 24.739 3.278 0.000
v 24.739 3.073 0.500
v 25.661 3.073 0.500
v 25.661 3.278 0.500
v 24.739 3.278 0.500
v -22.383 3.073 0.000
v -21.359 3.073 0.000
v -21.359 3.176 0.000
v -22.383 3.176 0.000
v -22.383 3.073 0.500
v -21.359 3.073 0.500
v -21.359 3.176 0.500
v -22.383 3.176 0.500
v 22.280 3.073 0.000
v 23.305 3.073 0.000
v 23.305 3.176 0.000
v 22.280 3.176 0.000
v 22.280 3.073 0.500
v 23.305 3.073 0.500
v 23.305 3.176 0.500
v 22.280 3.176 0.500
v 1.998 3.073 0.000
v 2.920 3.073 0.000
v 2.920 3.176 0.000
v 1.998 3.176 0.000
v 1.998 3.073 0.500
v 2.920 3.073 0.500
v 2.920 3.176 0.500
v 1.998 3.176 0.500
v -30.168 3.073 0.000
v -29.144 3.073 0.000
v -29.144 3.176 0.000
v -30.168 3.176 0.000
v -30.168 3.073 0.500
v -29.144 3.073 0.500
v -29.144 3.176 0.500
v -30.168 3.176 0.500
v 18.285 3.073 0.000
v 19.310 3.073 0.000
v 19.310 3.176 0.000
v 18.285 3.176 0.000
v 18.285 3.073 0.500
v 19.310 3.073 0.500
v 19.310 3.176 0.500
v 18.285 3.176 0.500
v -13.368 3.073 0.000
v -12.446 3.073 0.000
v -12.446 3.176 0.000
v -13.368 3.176 0.000
v -13.368 3.073 0.500
v -12.446 3.073 0.500
v -12.446 3.176 0.500
v -13.368 3.176 0.500
v -9.476 2.971 0.000
v -8.656 2.971 0.000
v -8.656 3.380 0.000
v -9.476 3.380 0.000
v -9.476 2.971 0.500
v -8.656 2.971 0.500
v -8.656 3.380 0.500
v -9.476 3.380 0.500
v -1.485 2.971 0.000
v -1.076 2.971 0.000
v -1.076 3.278 0.000
v -1.485 3.278 0.000
v -1.485 2.971 0.500
v -1.076 2.971 0.500
v -1.076 3.278 0.500
v -1.485 3.278 0.500
v -3.841 2.971 0.000
v -3.124 2.971 0.000
v -3.124 3.176 0.000
v -3.841 3.176 0.000
v -3.841 2.971 0.500
v -3.124 2.971 0.500
v -3.124 3.176 0.500
v -3.841 3.176 0.500
v -30.168 2.971 0.000
v -29.246 2.971 0.000
v -29.246 3.073 0.000
v -30.168 3.073 0.000
v -30.168 2.971 0.500
v -29.246 2.971 0.500
v -29.246 3.073 0.500
v -30.168 3.073 0.500
v 18.285 2.971 0.000
v 19.207 2.971 0.000
v 19.207 3.073 0.000
v 18.285 3.073 0.000
v 18.285 2.971 0.500
v 19.207 2.971 0.500
v 19.207 3.073 0.500
v 18.285 3.073 0.500
v -13.368 2.971 0.000
v -12.344 2.971 0.000
v -12.344 3.073 0.000
v -13.368 3.073 0.000
v -13.368 2.971 0.500
v -12.344 2.971 0.500
v -12.344 3.073 0.500
v -13.368 3.073 0.500
v -22.383 2.971 0.000
v -21.461 2.971 0.000
v -21.461 3.073 0.000
v -22.383 3.073 0.000
v -22.383 2.971 0.500
v -21.461 2.971 0.500
v -21.461 3.073 0.500
v -22.383 3.073 0.500
v 22.280 2.971 0.000
v 23.202 2.971 0.000
v 23.202 3.073 0.000
v 22.280 3.073 0.000
v 22.280 2.971 0.500
v 23.202 2.971 0.500
v 23.202 3.073 0.500
v 22.280 3.073 0.500
v 26.788 2.971 0.000
v 28.120 2.971 0.000
v 28.120 3.073 0.000
v 26.788 3.073 0.000
v 26.788 2.971 0.500
v 28.120 2.971 0.500
v 28.120 3.073 0.500
v 26.788 3.073 0.500
v 21.051 2.868 0.000
v 21.461 2.868 0.000
v 21.461 3.176 0.000
v 21.051 3.176 0.000
v 21.051 2.868 0.500
v 21.461 2.868 0.500
v 21.461 3.176 0.500
v 21.051 3.176 0.500
v -19.822 2.868 0.000
v -18.900 2.868 0.000
v -18.900 3.073 0.000
v -19.822 3.073 0.000
v -19.822 2.868 0.500
v -18.900 2.868 0.500
v -18.900 3.073 0.500
v -19.822 3.073 0.500
v 24.841 2.868 0.000
v 25.763 2.868 0.000
v 25.763 3.073 0.000
v 24.841 3.073 0.000
v 24.841 2.868 0.500
v 25.763 2.868 0.500
v 25.763 3.073 0.500
v 24.841 3.073 0.500
v -27.607 2.868 0.000
v -26.685 2.868 0.000
v -26.685 3.073 0.000
v -27.607 3.073 0.000
v -27.607 2.868 0.500
v -26.685 2.868 0.500
v -26.685 3.073 0.500
v -27.607 3.073 0.500
v -13.266 2.868 0.000
v -12.344 2.868 0.000
v -12.344 2.971 0.000
v -13.266 2.971 0.000
v -13.266 2.868 0.500
v -12.344 2.868 0.500
v -12.344 2.971 0.500
v -13.266 2.971 0.500
v -9.476 2.868 0.000
v -8.554 2.868 0.000
v -8.554 2.971 0.000
v -9.476 2.971 0.000
v -9.476 2.868 0.500
v -8.554 2.868 0.500
v -8.554 2.971 0.500
v -9.476 2.971 0.500
v -3.841 2.868 0.000
v -3.022 2.868 0.000
v -3.022 2.971 0.000
v -3.841 2.971 0.000
v -3.841 2.868 0.500
v -3.022 2.868 0.500
v -3.022 2.971 0.500
v -3.841 2.971 0.500
v 26.788 2.868 0.000
v 28.222 2.868 0.000
v 28.222 2.971 0.000
v 26.788 2.971 0.000
v 26.788 2.868 0.500
v 28.222 2.868 0.500
v 28.222 2.971 0.500
v 26.788 2.971 0.500
v 14.188 2.766 0.000
v 15.110 2.766 0.000
v 15.110 3.073 0.000
v 14.188 3.073 0.000
v 14.188 2.766 0.500
v 15.110 2.766 0.500
v 15.110 3.073 0.500
v 14.188 3.073 0.500
v -22.485 2.766 0.000
v -21.461 2.766 0.000
v -21.461 2.971 0.000
v -22.485 2.971 0.000
v -22.485 2.766 0.500
v -21.461 2.766 0.500
v -21.461 2.971 0.500
v -22.485 2.971 0.500
v 22.178 2.766 0.000
v 23.202 2.766 0.000
v 23.202 2.971 0.000
v 22.178 2.971 0.000
v 22.178 2.766 0.500
v 23.202 2.766 0.500
v 23.202 2.971 0.500
v 22.178 2.971 0.500
v -30.271 2.766 0.000
v -29.246 2.766 0.000
v -29.246 2.971 0.000
v -30.271 2.971 0.000
v -30.271 2.766 0.500
v -29.246 2.766 0.500
v -29.246 2.971 0.500
v -30.271 2.971 0.500
v -3.841 2.766 0.000
v -2.920 2.766 0.000
v -2.920 2.868 0.000
v -3.841 2.868 0.000
v -3.841 2.766 0.500
v -2.920 2.766 0.500
v -2.920 2.868 0.500
v -3.841 2.868 0.500
v 21.154 2.766 0.000
v 21.461 2.766 0.000
v 21.461 2.868 0.000
v 21.154 2.868 0.000
v 21.154 2.766 0.500
v 21.461 2.766 0.500
v 21.461 2.868 0.500
v 21.154 2.868 0.500
v 26.788 2.766 0.000
v 28.324 2.766 0.000
v 28.324 2.868 0.000
v 26.788 2.868 0.000
v 26.788 2.766 0.500
v 28.324 2.766 0.500
v 28.324 2.868 0.500
v 26.788 2.868 0.500
v 18.183 2.663 0.000
v 19.207 2.663 0.000
v 19.207 2.971 0.000
v 18.183 2.971 0.000
v 18.183 2.663 0.500
v 19.207 2.663 0.500
v 19.207 2.971 0.500
v 18.183 2.971 0.500
v -9.373 2.663 0.000
v -8.451 2.663 0.000
v -8.451 2.868 0.000
v -9.373 2.868 0.000
v -9.373 2.663 0.500
v -8.451 2.663 0.500
v -8.451 2.868 0.500
v -9.373 2.868 0.500
v 27.198 2.663 0.000
v 28.427 2.663 0.000
v 28.427 2.766 0.000
v 27.198 2.766 0.000
v 27.198 2.663 0.500
v 28.427 2.663 0.500
v 28.427 2.766 0.500
v 27.198 2.766 0.500
v -3.841 2.663 0.000
v -2.715 2.663 0.000
v -2.715 2.766 0.000
v -3.841 2.766 0.000
v -3.841 2.663 0.500
v -2.715 2.663 0.500
v -2.715 2.766 0.500
v -3.841 2.766 0.500
v 14.085 2.663 0.000
v 15.110 2.663 0.000
v 15.110 2.766 0.000
v 14.085 2.766 0.000
v 14.085 2.663 0.500
v 15.110 2.663 0.500
v 15.110 2.766 0.500
v 14.085 2.766 0.500
v 1.998 2.561 0.000
v 3.022 2.561 0.000
v 3.022 3.073 0.000
v 1.998 3.073 0.000
v 1.998 2.561 0.500
v 3.022 2.561 0.500
v 3.022 3.073 0.500
v 1.998 3.073 0.500
v -27.607 2.561 0.000
v -26.583 2.561 0.000
v -26.583 2.868 0.000
v -27.607 2.868 0.000
v -27.607 2.561 0.500
v -26.583 2.561 0.500
v -26.583 2.868 0.500
v -27.607 2.868 0.500
v -19.822 2.561 0.000
v -18.798 2.561 0.000
v -18.798 2.868 0.000
v -19.822 2.868 0.000
v -19.822 2.561 0.500
v -18.798 2.561 0.500
v -18.798 2.868 0.500
v -19.822 2.868 0.500
v 24.841 2.561 0.000
v 25.866 2.561 0.000
v 25.866 2.868 0.000
v 24.841 2.868 0.000
v 24.841 2.561 0.500
v 25.866 2.561 0.500
v 25.866 2.868 0.500
v 24.841 2.868 0.500
v -22.485 2.561 0.000
v -21.563 2.561 0.000
v -21.563 2.766 0.000
v -22.485 2.766 0.000
v -22.485 2.561 0.500
v -21.563 2.561 0.500
v -21.563 2.766 0.500
v -22.485 2.766 0.500
v 22.178 2.561 0.000
v 23.100 2.561 0.000
v 23.100 2.766 0.000
v 22.178 2.766 0.000
v 22.178 2.561 0.500
v 23.100 2.561 0.500
v 23.100 2.766 0.500
v 22.178 2.766 0.500
v -30.271 2.561 0.000
v -29.349 2.561 0.000
v -29.349 2.766 0.000
v -30.271 2.766 0.000
v -30.271 2.561 0.500
v -29.349 2.561 0.500
v -29.349 2.766 0.500
v -30.271 2.766 0.500
v 27.300 2.561 0.000
v 28.529 2.561 0.000
v 28.529 2.663 0.000
v 27.300 2.663 0.000
v 27.300 2.561 0.500
v 28.529 2.561 0.500
v 28.529 2.663 0.500
v 27.300 2.663 0.500
v -3.841 2.561 0.000
v -2.407 2.561 0.000
v -2.407 2.663 0.000
v -3.841 2.663 0.000
v -3.841 2.561 0.500
v -2.407 2.561 0.500
v -2.407 2.663 0.500
v -3.841 2.663 0.500
v -9.271 2.561 0.000
v -8.349 2.561 0.000
v -8.349 2.663 0.000
v -9.271 2.663 0.000
v -9.271 2.561 0.500
v -8.349 2.561 0.500
v -8.349 2.663 0.500
v -9.271 2.663 0.500
v 18.183 2.561 0.000
v 19.105 2.561 0.000
v 19.105 2.663 0.000
v 18.183 2.663 0.000
v 18.183 2.561 0.500
v 19.105 2.561 0.500
v 19.105 2.663 0.500
v 18.183 2.663 0.500
v 14.085 2.459 0.000
v 15.007 2.459 0.000
v 15.007 2.663 0.000
v 14.085 2.663 0.000
v 14.085 2.459 0.500
v 15.007 2.459 0.500
v 15.007 2.663 0.500
v 14.085 2.663 0.500
v -9.271 2.459 0.000
v -8.246 2.459 0.000
v -8.246 2.561 0.000
v -9.271 2.561 0.000
v -9.271 2.459 0.500
v -8.246 2.459 0.500
v -8.246 2.561 0.500
v -9.271 2.561 0.500
v 24.944 2.459 0.000
v 25.866 2.459 0.000
v 25.866 2.561 0.000
v 24.944 2.561 0.000
v 24.944 2.459 0.500
v 25.866 2.459 0.500
v 25.866 2.561 0.500
v 24.944 2.561 0.500
v -19.720 2.459 0.000
v -18.798 2.459 0.000
v -18.798 2.561 0.000
v -19.720 2.561 0.000
v -19.720 2.459 0.500
v -18.798 2.459 0.500
v -18.798 2.561 0.500
v -19.720 2.561 0.500
v 1.998 2.459 0.000
v 2.920 2.459 0.000
v 2.920 2.561 0.000
v 1.998 2.561 0.000
v 1.998 2.459 0.500
v 2.920 2.459 0.500
v 2.920 2.561 0.500
v 1.998 2.561 0.500
v -3.739 2.459 0.000
v -1.998 2.459 0.000
v -1.998 2.561 0.000
v -3.739 2.561 0.000
v -3.739 2.459 0.500
v -1.998 2.459 0.500
v -1.998 2.561 0.500
v -3.739 2.561 0.500
v 27.402 2.459 0.000
v 28.632 2.459 0.000
v 28.632 2.561 0.000
v 27.402 2.561 0.000
v 27.402 2.459 0.500
v 28.632 2.459 0.500
v 28.632 2.561 0.500
v 27.402 2.561 0.500
v -27.505 2.459 0.000
v -26.583 2.459 0.000
v -26.583 2.561 0.000
v -27.505 2.561 0.000
v -27.505 2.459 0.500
v -26.583 2.459 0.500
v -26.583 2.561 0.500
v -27.505 2.561 0.500
v 8.451 2.356 0.000
v 9.373 2.356 0.000
v 9.373 3.585 0.000
v 8.451 3.585 0.000
v 8.451 2.356 0.500
v 9.373 2.356 0.500
v 9.373 3.585 0.500
v 8.451 3.585 0.500
v 6.198 2.356 0.000
v 7.120 2.356 0.000
v 7.120 3.585 0.000
v 6.198 3.585 0.000
v 6.198 2.356 0.500
v 7.120 2.356 0.500
v 7.120 3.585 0.500
v 6.198 3.585 0.500
v 3.841 2.356 0.000
v 4.763 2.356 0.000
v 4.763 3.585 0.000
v 3.841 3.585 0.000
v 3.841 2.356 0.500
v 4.763 2.356 0.500
v 4.763 3.585 0.500
v 3.841 3.585 0.500
v -13.266 2.356 0.000
v -12.241 2.356 0.000
v -12.241 2.868 0.000
v -13.266 2.868 0.000
v -13.266 2.356 0.500
v -12.241 2.356 0.500
v -12.241 2.868 0.500
v -13.266 2.868 0.500
v 10.295 2.356 0.000
v 10.602 2.356 0.000
v 10.602 2.766 0.000
v 10.295 2.766 0.000
v 10.295 2.356 0.500
v 10.602 2.356 0.500
v 10.602 2.766 0.500
v 10.295 2.766 0.500
v 27.505 2.356 0.000
v 28.632 2.356 0.000
v 28.632 2.459 0.000
v 27.505 2.459 0.000
v 27.505 2.356 0.500
v 28.632 2.356 0.500
v 28.632 2.459 0.500
v 27.505 2.459 0.500
v -3.739 2.356 0.000
v -1.588 2.356 0.000
v -1.588 2.459 0.000
v -3.739 2.459 0.000
v -3.739 2.356 0.500
v -1.588 2.356 0.500
v -1.588 2.459 0.500
v -3.739 2.459 0.500
v -9.373 2.356 0.000
v -8.144 2.356 0.000
v -8.144 2.459 0.000
v -9.373 2.459 0.000
v -9.373 2.356 0.500
v -8.144 2.356 0.500
v -8.144 2.459 0.500
v -9.373 2.459 0.500
v 13.983 2.356 0.000
v 14.905 2.356 0.000
v 14.905 2.459 0.000
v 13.983 2.459 0.000
v 13.983 2.356 0.500
v 14.905 2.356 0.500
v 14.905 2.459 0.500
v 13.983 2.459 0.500
v 12.241 2.254 0.000
v 13.163 2.254 0.000
v 13.163 3.585 0.000
v 12.241 3.585 0.000
v 12.241 2.254 0.500
v 13.163 2.254 0.500
v 13.163 3.585 0.500
v 12.241 3.585 0.500
v 1.895 2.254 0.000
v 2.920 2.254 0.000
v 2.920 2.459 0.000
v 1.895 2.459 0.000
v 1.895 2.254 0.500
v 2.920 2.254 0.500
v 2.920 2.459 0.500
v 1.895 2.459 0.500
v 13.778 2.254 0.000
v 14.802 2.254 0.000
v 14.802 2.356 0.000
v 13.778 2.356 0.000
v 13.778 2.254 0.500
v 14.802 2.254 0.500
v 14.802 2.356 0.500
v 13.778 2.356 0.500
v 27.607 2.254 0.000
v 28.734 2.254 0.000
v 28.734 2.356 0.000
v 27.607 2.356 0.000
v 27.607 2.254 0.500
v 28.734 2.254 0.500
v 28.734 2.356 0.500
v 27.607 2.356 0.500
v -3.739 2.254 0.000
v -1.383 2.254 0.000
v -1.383 2.356 0.000
v -3.739 2.356 0.000
v -3.739 2.254 0.500
v -1.383 2.254 0.500
v -1.383 2.356 0.500
v -3.739 2.356 0.500
v -9.578 2.254 0.000
v -8.041 2.254 0.000
v -8.041 2.356 0.000
v -9.578 2.356 0.000
v -9.578 2.254 0.500
v -8.041 2.254 0.500
v -8.041 2.356 0.500
v -9.578 2.356 0.500
v -7.222 2.151 0.000
v -5.993 2.151 0.000
v -5.993 2.459 0.000
v -7.222 2.459 0.000
v -7.222 2.151 0.500
v -5.993 2.151 0.500
v -5.993 2.459 0.500
v -7.222 2.459 0.500
v -9.680 2.151 0.000
v -7.939 2.151 0.000
v -7.939 2.254 0.000
v -9.680 2.254 0.000
v -9.680 2.151 0.500
v -7.939 2.151 0.500
v -7.939 2.254 0.500
v -9.680 2.254 0.500
v 27.710 2.151 0.000
v 28.837 2.151 0.000
v 28.837 2.254 0.000
v 27.710 2.254 0.000
v 27.710 2.151 0.500
v 28.837 2.151 0.500
v 28.837 2.254 0.500
v 27.710 2.254 0.500
v 12.241 2.151 0.000
v 14.598 2.151 0.000
v 14.598 2.254 0.000
v 12.241 2.254 0.000
v 12.241 2.151 0.500
v 14.598 2.151 0.500
v 14.598 2.254 0.500
v 12.241 2.254 0.500
v 1.793 2.151 0.000
v 2.817 2.151 0.000
v 2.817 2.254 0.000
v 1.793 2.254 0.000
v 1.793 2.151 0.500
v 2.817 2.151 0.500
v 2.817 2.254 0.500
v 1.793 2.254 0.500
v -3.637 2.151 0.000
v -1.280 2.151 0.000
v -1.280 2.254 0.000
v -3.637 2.254 0.000
v -3.637 2.151 0.500
v -1.280 2.151 0.500
v -1.280 2.254 0.500
v -3.637 2.254 0.500
v 0.154 2.049 0.000
v 1.076 2.049 0.000
v 1.076 3.585 0.000
v 0.154 3.585 0.000
v 0.154 2.049 0.500
v 1.076 2.049 0.500
v 1.076 3.585 0.500
v 0.154 3.585 0.500
v 3.841 2.049 0.000
v 7.120 2.049 0.000
v 7.120 2.356 0.000
v 3.841 2.356 0.000
v 3.841 2.049 0.500
v 7.120 2.049 0.500
v 7.120 2.356 0.500
v 3.841 2.356 0.500
v 8.451 2.049 0.000
v 10.602 2.049 0.000
v 10.602 2.356 0.000
v 8.451 2.356 0.000
v 8.451 2.049 0.500
v 10.602 2.049 0.500
v 10.602 2.356 0.500
v 8.451 2.356 0.500
v -8.861 2.049 0.000
v -7.837 2.049 0.000
v -7.837 2.151 0.000
v -8.861 2.151 0.000
v -8.861 2.049 0.500
v -7.837 2.049 0.500
v -7.837 2.151 0.500
v -8.861 2.151 0.500
v -3.534 2.049 0.000
v -1.178 2.049 0.000
v -1.178 2.151 0.000
v -3.534 2.151 0.000
v -3.534 2.049 0.500
v -1.178 2.049 0.500
v -1.178 2.151 0.500
v -3.534 2.151 0.500
v 27.710 2.049 0.000
v 28.939 2.049 0.000
v 28.939 2.151 0.000
v 27.710 2.151 0.000
v 27.710 2.049 0.500
v 28.939 2.049 0.500
v 28.939 2.151 0.500
v 27.710 2.151 0.500
v -9.783 2.049 0.000
v -9.066 2.049 0.000
v -9.066 2.151 0.000
v -9.783 2.151 0.000
v -9.783 2.049 0.500
v -9.066 2.049 0.500
v -9.066 2.151 0.500
v -9.783 2.151 0.500
v 12.241 2.049 0.000
v 14.290 2.049 0.000
v 14.290 2.151 0.000
v 12.241 2.151 0.000
v 12.241 2.049 0.500
v 14.290 2.049 0.500
v 14.290 2.151 0.500
v 12.241 2.151 0.500
v -6.710 2.049 0.000
v -6.402 2.049 0.000
v -6.402 2.151 0.000
v -6.710 2.151 0.000
v -6.710 2.049 0.500
v -6.402 2.049 0.500
v -6.402 2.151 0.500
v -6.710 2.151 0.500
v 1.588 2.049 0.000
v 2.715 2.049 0.000
v 2.715 2.151 0.000
v 1.588 2.151 0.000
v 1.588 2.049 0.500
v 2.715 2.049 0.500
v 2.715 2.151 0.500
v 1.588 2.151 0.500
v 12.241 1.946 0.000
v 14.393 1.946 0.000
v 14.393 2.049 0.000
v 12.241 2.049 0.000
v 12.241 1.946 0.500
v 14.393 1.946 0.500
v 14.393 2.049 0.500
v 12.241 2.049 0.500
v -8.759 1.946 0.000
v -7.734 1.946 0.000
v -7.734 2.049 0.000
v -8.759 2.049 0.000
v -8.759 1.946 0.500
v -7.734 1.946 0.500
v -7.734 2.049 0.500
v -8.759 2.049 0.500
v 27.812 1.946 0.000
v 29.041 1.946 0.000
v 29.041 2.049 0.000
v 27.812 2.049 0.000
v 27.812 1.946 0.500
v 29.041 1.946 0.500
v 29.041 2.049 0.500
v 27.812 2.049 0.500
v -3.432 1.946 0.000
v -1.076 1.946 0.000
v -1.076 2.049 0.000
v -3.432 2.049 0.000
v -3.432 1.946 0.500
v -1.076 1.946 0.500
v -1.076 2.049 0.500
v -3.432 2.049 0.500
v -6.812 1.946 0.000
v -6.402 1.946 0.000
v -6.402 2.049 0.000
v -6.812 2.049 0.000
v -6.812 1.946 0.500
v -6.402 1.946 0.500
v -6.402 2.049 0.500
v -6.812 2.049 0.500
v 0.154 1.946 0.000
v 2.612 1.946 0.000
v 2.612 2.049 0.000
v 0.154 2.049 0.000
v 0.154 1.946 0.500
v 2.612 1.946 0.500
v 2.612 2.049 0.500
v 0.154 2.049 0.500
v -9.885 1.946 0.000
v -9.168 1.946 0.000
v -9.168 2.049 0.000
v -9.885 2.049 0.000
v -9.885 1.946 0.500
v -9.168 1.946 0.500
v -9.168 2.049 0.500
v -9.885 2.049 0.500
v -13.163 1.844 0.000
v -12.139 1.844 0.000
v -12.139 2.356 0.000
v -13.163 2.356 0.000
v -13.163 1.844 0.500
v -12.139 1.844 0.500
v -12.139 2.356 0.500
v -13.163 2.356 0.500
v -3.227 1.844 0.000
v -0.973 1.844 0.000
v -0.973 1.946 0.000
v -3.227 1.946 0.000
v -3.227 1.844 0.500
v -0.973 1.844 0.500
v -0.973 1.946 0.500
v -3.227 1.946 0.500
v 0.154 1.844 0.000
v 2.407 1.844 0.000
v 2.407 1.946 0.000
v 0.154 1.946 0.000
v 0.154 1.844 0.500
v 2.407 1.844 0.500
v 2.407 1.946 0.500
v 0.154 1.946 0.500
v -8.656 1.844 0.000
v -7.632 1.844 0.000
v -7.632 1.946 0.000
v -8.656 1.946 0.000
v -8.656 1.844 0.500
v -7.632 1.844 0.500
v -7.632 1.946 0.500
v -8.656 1.946 0.500
v 27.915 1.844 0.000
v 29.144 1.844 0.000
v 29.144 1.946 0.000
v 27.915 1.946 0.000
v 27.915 1.844 0.500
v 29.144 1.844 0.500
v 29.144 1.946 0.500
v 27.915 1.946 0.500
v 13.573 1.844 0.000
v 14.598 1.844 0.000
v 14.598 1.946 0.000
v 13.573 1.946 0.000
v 13.573 1.844 0.500
v 14.598 1.844 0.500
v 14.598 1.946 0.500
v 13.573 1.946 0.500
v -19.720 1.741 0.000
v -18.695 1.741 0.000
v -18.695 2.459 0.000
v -19.720 2.459 0.000
v -19.720 1.741 0.500
v -18.695 1.741 0.500
v -18.695 2.459 0.500
v -19.720 2.459 0.500
v -27.505 1.741 0.000
v -26.480 1.741 0.000
v -26.480 2.459 0.000
v -27.505 2.459 0.000
v -27.505 1.741 0.500
v -26.480 1.741 0.500
v -26.480 2.459 0.500
v -27.505 2.459 0.500
v 24.944 1.741 0.000
v 25.968 1.741 0.000
v 25.968 2.459 0.000
v 24.944 2.459 0.000
v 24.944 1.741 0.500
v 25.968 1.741 0.500
v 25.968 2.459 0.500
v 24.944 2.459 0.500
v -9.988 1.741 0.000
v -9.168 1.741 0.000
v -9.168 1.946 0.000
v -9.988 1.946 0.000
v -9.988 1.741 0.500
v -9.168 1.741 0.500
v -9.168 1.946 0.500
v -9.988 1.946 0.500
v 0.154 1.741 0.000
v 2.100 1.741 0.000
v 2.100 1.844 0.000
v 0.154 1.844 0.000
v 0.154 1.741 0.500
v 2.100 1.741 0.500
v 2.100 1.844 0.500
v 0.154 1.844 0.500
v 13.676 1.741 0.000
v 14.598 1.741 0.000
v 14.598 1.844 0.000
v 13.676 1.844 0.000
v 13.676 1.741 0.500
v 14.598 1.741 0.500
v 14.598 1.844 0.500
v 13.676 1.844 0.500
v 28.017 1.741 0.000
v 29.246 1.741 0.000
v 29.246 1.844 0.000
v 28.017 1.844 0.000
v 28.017 1.741 0.500
v 29.246 1.741 0.500
v 29.246 1.844 0.500
v 28.017 1.844 0.500
v -2.920 1.741 0.000
v -0.973 1.741 0.000
v -0.973 1.844 0.000
v -2.920 1.844 0.000
v -2.920 1.741 0.500
v -0.973 1.741 0.500
v -0.973 1.844 0.500
v -2.920 1.844 0.500
v -8.554 1.741 0.000
v -7.529 1.741 0.000
v -7.529 1.844 0.000
v -8.554 1.844 0.000
v -8.554 1.741 0.500
v -7.529 1.741 0.500
v -7.529 1.844 0.500
v -8.554 1.844 0.500
v 18.080 1.639 0.000
v 19.105 1.639 0.000
v 19.105 2.561 0.000
v 18.080 2.561 0.000
v 18.080 1.639 0.500
v 19.105 1.639 0.500
v 19.105 2.561 0.500
v 18.080 2.561 0.500
v -30.373 1.639 0.000
v -29.349 1.639 0.000
v -29.349 2.561 0.000
v -30.373 2.561 0.000
v -30.373 1.639 0.500
v -29.349 1.639 0.500
v -29.349 2.561 0.500
v -30.373 2.561 0.500
v -22.588 1.639 0.000
v -21.563 1.639 0.000
v -21.563 2.561 0.000
v -22.588 2.561 0.000
v -22.588 1.639 0.500
v -21.563 1.639 0.500
v -21.563 2.561 0.500
v -22.588 2.561 0.500
v 22.076 1.639 0.000
v 23.100 1.639 0.000
v 23.100 2.561 0.000
v 22.076 2.561 0.000
v 22.076 1.639 0.500
v 23.100 1.639 0.500
v 23.100 2.561 0.500
v 22.076 2.561 0.500
v 10.295 1.639 0.000
v 10.602 1.639 0.000
v 10.602 2.049 0.000
v 10.295 2.049 0.000
v 10.295 1.639 0.500
v 10.602 1.639 0.500
v 10.602 2.049 0.500
v 10.295 2.049 0.500
v -6.812 1.639 0.000
v -6.505 1.639 0.000
v -6.505 1.946 0.000
v -6.812 1.946 0.000
v -6.812 1.639 0.500
v -6.505 1.639 0.500
v -6.505 1.946 0.500
v -6.812 1.946 0.500
v 24.944 1.639 0.000
v 25.866 1.639 0.000
v 25.866 1.741 0.000
v 24.944 1.741 0.000
v 24.944 1.639 0.500
v 25.866 1.639 0.500
v 25.866 1.741 0.500
v 24.944 1.741 0.500
v -19.720 1.639 0.000
v -18.798 1.639 0.000
v -18.798 1.741 0.000
v -19.720 1.741 0.000
v -19.720 1.639 0.500
v -18.798 1.639 0.500
v -18.798 1.741 0.500
v -19.720 1.741 0.500
v 28.120 1.639 0.000
v 29.246 1.639 0.000
v 29.246 1.741 0.000
v 28.120 1.741 0.000
v 28.120 1.639 0.500
v 29.246 1.639 0.500
v 29.246 1.741 0.500
v 28.120 1.741 0.500
v 13.778 1.639 0.000
v 14.700 1.639 0.000
v 14.700 1.741 0.000
v 13.778 1.741 0.000
v 13.778 1.639 0.500
v 14.700 1.639 0.500
v 14.700 1.741 0.500
v 13.778 1.741 0.500
v -27.505 1.639 0.000
v -26.583 1.639 0.000
v -26.583 1.741 0.000
v -27.505 1.741 0.000
v -27.505 1.639 0.500
v -26.583 1.639 0.500
v -26.583 1.741 0.500
v -27.505 1.741 0.500
v -8.451 1.639 0.000
v -7.427 1.639 0.000
v -7.427 1.741 0.000
v -8.451 1.741 0.000
v -8.451 1.639 0.500
v -7.427 1.639 0.500
v -7.427 1.741 0.500
v -8.451 1.741 0.500
v -2.510 1.639 0.000
v -0.973 1.639 0.000
v -0.973 1.741 0.000
v -2.510 1.741 0.000
v -2.510 1.639 0.500
v -0.973 1.639 0.500
v -0.973 1.741 0.500
v -2.510 1.741 0.500
v -8.349 1.537 0.000
v -7.324 1.537 0.000
v -7.324 1.639 0.000
v -8.349 1.639 0.000
v -8.349 1.537 0.500
v -7.324 1.537 0.500
v -7.324 1.639 0.500
v -8.349 1.639 0.500
v -6.915 1.537 0.000
v -6.505 1.537 0.000
v -6.505 1.639 0.000
v -6.915 1.639 0.000
v -6.915 1.537 0.500
v -6.505 1.537 0.500
v -6.505 1.639 0.500
v -6.915 1.639 0.500
v 13.778 1.537 0.000
v 14.802 1.537 0.000
v 14.802 1.639 0.000
v 13.778 1.639 0.000
v 13.778 1.537 0.500
v 14.802 1.537 0.500
v 14.802 1.639 0.500
v 13.778 1.639 0.500
v 28.222 1.537 0.000
v 29.349 1.537 0.000
v 29.349 1.639 0.000
v 28.222 1.639 0.000
v 28.222 1.537 0.500
v 29.349 1.537 0.500
v 29.349 1.639 0.500
v 28.222 1.639 0.500
v -2.100 1.537 0.000
v -0.871 1.537 0.000
v -0.871 1.639 0.000
v -2.100 1.639 0.000
v -2.100 1.537 0.500
v -0.871 1.537 0.500
v -0.871 1.639 0.500
v -2.100 1.639 0.500
v 18.183 1.537 0.000
v 19.105 1.537 0.000
v 19.105 1.639 0.000
v 18.183 1.639 0.000
v 18.183 1.537 0.500
v 19.105 1.537 0.500
v 19.105 1.639 0.500
v 18.183 1.639 0.500
v 29.554 1.434 0.000
v 29.861 1.434 0.000
v 29.861 3.585 0.000
v 29.554 3.585 0.000
v 29.554 1.434 0.500
v 29.861 1.434 0.500
v 29.861 3.585 0.500
v 29.554 3.585 0.500
v -22.485 1.434 0.000
v -21.563 1.434 0.000
v -21.563 1.639 0.000
v -22.485 1.639 0.000
v -22.485 1.434 0.500
v -21.563 1.434 0.500
v -21.563 1.639 0.500
v -22.485 1.639 0.500
v 22.178 1.434 0.000
v 23.100 1.434 0.000
v 23.100 1.639 0.000
v 22.178 1.639 0.000
v 22.178 1.434 0.500
v 23.100 1.434 0.500
v 23.100 1.639 0.500
v 22.178 1.639 0.500
v -30.271 1.434 0.000
v -29.349 1.434 0.000
v -29.349 1.639 0.000
v -30.271 1.639 0.000
v -30.271 1.434 0.500
v -29.349 1.434 0.500
v -29.349 1.639 0.500
v -30.271 1.639 0.500
v -8.246 1.434 0.000
v -7.222 1.434 0.000
v -7.222 1.537 0.000
v -8.246 1.537 0.000
v -8.246 1.434 0.500
v -7.222 1.434 0.500
v -7.222 1.537 0.500
v -8.246 1.537 0.500
v -6.915 1.434 0.000
v -6.607 1.434 0.000
v -6.607 1.537 0.000
v -6.915 1.537 0.000
v -6.915 1.434 0.500
v -6.607 1.434 0.500
v -6.607 1.537 0.500
v -6.915 1.537 0.500
v 13.880 1.434 0.000
v 14.802 1.434 0.000
v 14.802 1.537 0.000
v 13.880 1.537 0.000
v 13.880 1.434 0.500
v 14.802 1.434 0.500
v 14.802 1.537 0.500
v 13.880 1.537 0.500
v 28.324 1.434 0.000
v 29.451 1.434 0.000
v 29.451 1.537 0.000
v 28.324 1.537 0.000
v 28.324 1.434 0.500
v 29.451 1.434 0.500
v 29.451 1.537 0.500
v 28.324 1.537 0.500
v -1.895 1.434 0.000
v -0.871 1.434 0.000
v -0.871 1.537 0.000
v -1.895 1.537 0.000
v -1.895 1.434 0.500
v -0.871 1.434 0.500
v -0.871 1.537 0.500
v -1.895 1.537 0.500
v -13.266 1.332 0.000
v -12.241 1.332 0.000
v -12.241 1.844 0.000
v -13.266 1.844 0.000
v -13.266 1.332 0.500
v -12.241 1.332 0.500
v -12.241 1.844 0.500
v -13.266 1.844 0.500
v -27.607 1.332 0.000
v -26.583 1.332 0.000
v -26.583 1.639 0.000
v -27.607 1.639 0.000
v -27.607 1.332 0.500
v -26.583 1.332 0.500
v -26.583 1.639 0.500
v -27.607 1.639 0.500
v -19.822 1.332 0.000
v -18.798 1.332 0.000
v -18.798 1.639 0.000
v -19.822 1.639 0.000
v -19.822 1.332 0.500
v -18.798 1.332 0.500
v -18.798 1.639 0.500
v -19.822 1.639 0.500
v 24.841 1.332 0.000
v 25.866 1.332 0.000
v 25.866 1.639 0.000
v 24.841 1.639 0.000
v 24.841 1.332 0.500
v 25.866 1.332 0.500
v 25.866 1.639 0.500
v 24.841 1.639 0.500
v -7.017 1.332 0.000
v -6.607 1.332 0.000
v -6.607 1.434 0.000
v -7.017 1.434 0.000
v -7.017 1.332 0.500
v -6.607 1.332 0.500
v -6.607 1.434 0.500
v -7.017 1.434 0.500
v 13.880 1.332 0.000
v 14.905 1.332 0.000
v 14.905 1.434 0.000
v 13.880 1.434 0.000
v 13.880 1.332 0.500
v 14.905 1.332 0.500
v 14.905 1.434 0.500
v 13.880 1.434 0.500
v -1.793 1.332 0.000
v -0.871 1.332 0.000
v -0.871 1.434 0.000
v -1.793 1.434 0.000
v -1.793 1.332 0.500
v -0.871 1.332 0.500
v -0.871 1.434 0.500
v -1.793 1.434 0.500
v 28.324 1.332 0.000
v 29.861 1.332 0.000
v 29.861 1.434 0.000
v 28.324 1.434 0.000
v 28.324 1.332 0.500
v 29.861 1.332 0.500
v 29.861 1.434 0.500
v 28.324 1.434 0.500
v -8.144 1.332 0.000
v -7.120 1.332 0.000
v -7.120 1.434 0.000
v -8.144 1.434 0.000
v -8.144 1.332 0.500
v -7.120 1.332 0.500
v -7.120 1.434 0.500
v -8.144 1.434 0.500
v -10.090 1.229 0.000
v -9.271 1.229 0.000
v -9.271 1.741 0.000
v -10.090 1.741 0.000
v -10.090 1.229 0.500
v -9.271 1.229 0.500
v -9.271 1.741 0.500
v -10.090 1.741 0.500
v 18.183 1.229 0.000
v 19.207 1.229 0.000
v 19.207 1.537 0.000
v 18.183 1.537 0.000
v 18.183 1.229 0.500
v 19.207 1.229 0.500
v 19.207 1.537 0.500
v 18.183 1.537 0.500
v -22.485 1.229 0.000
v -21.461 1.229 0.000
v -21.461 1.434 0.000
v -22.485 1.434 0.000
v -22.485 1.229 0.500
v -21.461 1.229 0.500
v -21.461 1.434 0.500
v -22.485 1.434 0.500
v 22.178 1.229 0.000
v 23.202 1.229 0.000
v 23.202 1.434 0.000
v 22.178 1.434 0.000
v 22.178 1.229 0.500
v 23.202 1.229 0.500
v 23.202 1.434 0.500
v 22.178 1.434 0.500
v -30.271 1.229 0.000
v -29.246 1.229 0.000
v -29.246 1.434 0.000
v -30.271 1.434 0.000
v -30.271 1.229 0.500
v -29.246 1.229 0.500
v -29.246 1.434 0.500
v -30.271 1.434 0.500
v 28.427 1.229 0.000
v 29.861 1.229 0.000
v 29.861 1.332 0.000
v 28.427 1.332 0.000
v 28.427 1.229 0.500
v 29.861 1.229 0.500
v 29.861 1.332 0.500
v 28.427 1.332 0.500
v -13.266 1.229 0.000
v -12.344 1.229 0.000
v -12.344 1.332 0.000
v -13.266 1.332 0.000
v -13.266 1.229 0.500
v -12.344 1.229 0.500
v -12.344 1.332 0.500
v -13.266 1.332 0.500
v 21.051 1.229 0.000
v 21.563 1.229 0.000
v 21.563 1.332 0.000
v 21.051 1.332 0.000
v 21.051 1.229 0.500
v 21.563 1.229 0.500
v 21.563 1.332 0.500
v 21.051 1.332 0.500
v -8.041 1.229 0.000
v -6.710 1.229 0.000
v -6.710 1.332 0.000
v -8.041 1.332 0.000
v -8.041 1.229 0.500
v -6.710 1.229 0.500
v -6.710 1.332 0.500
v -8.041 1.332 0.500
v 13.983 1.229 0.000
v 14.905 1.229 0.000
v 14.905 1.332 0.000
v 13.983 1.332 0.000
v 13.983 1.229 0.500
v 14.905 1.229 0.500
v 14.905 1.332 0.500
v 13.983 1.332 0.500
v -19.822 1.127 0.000
v -18.900 1.127 0.000
v -18.900 1.332 0.000
v -19.822 1.332 0.000
v -19.822 1.127 0.500
v -18.900 1.127 0.500
v -18.900 1.332 0.500
v -19.822 1.332 0.500
v 24.841 1.127 0.000
v 25.763 1.127 0.000
v 25.763 1.332 0.000
v 24.841 1.332 0.000
v 24.841 1.127 0.500
v 25.763 1.127 0.500
v 25.763 1.332 0.500
v 24.841 1.332 0.500
v -27.607 1.127 0.000
v -26.685 1.127 0.000
v -26.685 1.332 0.000
v -27.607 1.332 0.000
v -27.607 1.127 0.500
v -26.685 1.127 0.500
v -26.685 1.332 0.500
v -27.607 1.332 0.500
v -30.168 1.127 0.000
v -29.246 1.127 0.000
v -29.246 1.229 0.000
v -30.168 1.229 0.000
v -30.168 1.127 0.500
v -29.246 1.127 0.500
v -29.246 1.229 0.500
v -30.168 1.229 0.500
v 18.285 1.127 0.000
v 19.207 1.127 0.000
v 19.207 1.229 0.000
v 18.285 1.229 0.000
v 18.285 1.127 0.500
v 19.207 1.127 0.500
v 19.207 1.229 0.500
v 18.285 1.229 0.500
v 28.529 1.127 0.000
v 29.861 1.127 0.000
v 29.861 1.229 0.000
v 28.529 1.229 0.000
v 28.529 1.127 0.500
v 29.861 1.127 0.500
v 29.861 1.229 0.500
v 28.529 1.229 0.500
v -13.368 1.127 0.000
v -12.344 1.127 0.000
v -12.344 1.229 0.000
v -13.368 1.229 0.000
v -13.368 1.127 0.500
v -12.344 1.127 0.500
v -12.344 1.229 0.500
v -13.368 1.229 0.500
v 13.983 1.127 0.000
v 15.007 1.127 0.000
v 15.007 1.229 0.000
v 13.983 1.229 0.000
v 13.983 1.127 0.500
v 15.007 1.127 0.500
v 15.007 1.229 0.500
v 13.983 1.229 0.500
v -7.939 1.127 0.000
v -6.812 1.127 0.000
v -6.812 1.229 0.000
v -7.939 1.229 0.000
v -7.939 1.127 0.500
v -6.812 1.127 0.500
v -6.812 1.229 0.500
v -7.939 1.229 0.500
v 21.051 1.127 0.000
v 21.461 1.127 0.000
v 21.461 1.229 0.000
v 21.051 1.229 0.000
v 21.051 1.127 0.500
v 21.461 1.127 0.500
v 21.461 1.229 0.500
v 21.051 1.229 0.500
v -22.383 1.127 0.000
v -21.461 1.127 0.000
v -21.461 1.229 0.000
v -22.383 1.229 0.000
v -22.383 1.127 0.500
v -21.461 1.127 0.500
v -21.461 1.229 0.500
v -22.383 1.229 0.500
v 22.280 1.127 0.000
v 23.202 1.127 0.000
v 23.202 1.229 0.000
v 22.280 1.229 0.000
v 22.280 1.127 0.500
v 23.202 1.127 0.500
v 23.202 1.229 0.500
v 22.280 1.229 0.500
v -1.690 1.024 0.000
v -0.871 1.024 0.000
v -0.871 1.332 0.000
v -1.690 1.332 0.000
v -1.690 1.024 0.500
v -0.871 1.024 0.500
v -0.871 1.332 0.500
v -1.690 1.332 0.500
v -3.739 1.024 0.000
v -3.432 1.024 0.000
v -3.432 1.332 0.000
v -3.739 1.332 0.000
v -3.739 1.024 0.500
v -3.432 1.024 0.500
v -3.432 1.332 0.500
v -3.739 1.332 0.500
v -10.090 1.024 0.000
v -9.168 1.024 0.000
v -9.168 1.229 0.000
v -10.090 1.229 0.000
v -10.090 1.024 0.500
v -9.168 1.024 0.500
v -9.168 1.229 0.500
v -10.090 1.229 0.500
v 28.632 1.024 0.000
v 29.861 1.024 0.000
v 29.861 1.127 0.000
v 28.632 1.127 0.000
v 28.632 1.024 0.500
v 29.861 1.024 0.500
v 29.861 1.127 0.500
v 28.632 1.127 0.500
v 14.085 1.024 0.000
v 15.007 1.024 0.000
v 15.007 1.127 0.000
v 14.085 1.127 0.000
v 14.085 1.024 0.500
v 15.007 1.024 0.500
v 15.007 1.127 0.500
v 14.085 1.127 0.500
v -7.837 1.024 0.000
v -6.812 1.024 0.000
v -6.812 1.127 0.000
v -7.837 1.127 0.000
v -7.837 1.024 0.500
v -6.812 1.024 0.500
v -6.812 1.127 0.500
v -7.837 1.127 0.500
v -22.383 1.024 0.000
v -21.359 1.024 0.000
v -21.359 1.127 0.000
v -22.383 1.127 0.000
v -22.383 1.024 0.500
v -21.359 1.024 0.500
v -21.359 1.127 0.500
v -22.383 1.127 0.500
v 22.280 1.024 0.000
v 23.305 1.024 0.000
v 23.305 1.127 0.000
v 22.280 1.127 0.000
v 22.280 1.024 0.500
v 23.305 1.024 0.500
v 23.305 1.127 0.500
v 22.280 1.127 0.500
v -30.168 1.024 0.000
v -29.144 1.024 0.000
v -29.144 1.127 0.000
v -30.168 1.127 0.000
v -30.168 1.024 0.500
v -29.144 1.024 0.500
v -29.144 1.127 0.500
v -30.168 1.127 0.500
v 18.285 1.024 0.000
v 19.310 1.024 0.000
v 19.310 1.127 0.000
v 18.285 1.127 0.000
v 18.285 1.024 0.500
v 19.310 1.024 0.500
v 19.310 1.127 0.500
v 18.285 1.127 0.500
v -13.368 1.024 0.000
v -12.446 1.024 0.000
v -12.446 1.127 0.000
v -13.368 1.127 0.000
v -13.368 1.024 0.500
v -12.446 1.024 0.500
v -12.446 1.127 0.500
v -13.368 1.127 0.500
v 20.949 0.922 0.000
v 21.461 0.922 0.000
v 21.461 1.127 0.000
v 20.949 1.127 0.000
v 20.949 0.922 0.500
v 21.461 0.922 0.500
v 21.461 1.127 0.500
v 20.949 1.127 0.500
v -27.710 0.922 0.000
v -26.788 0.922 0.000
v -26.788 1.127 0.000
v -27.710 1.127 0.000
v -27.710 0.922 0.500
v -26.788 0.922 0.500
v -26.788 1.127 0.500
v -27.710 1.127 0.500
v -19.924 0.922 0.000
v -19.002 0.922 0.000
v -19.002 1.127 0.000
v -19.924 1.127 0.000
v -19.924 0.922 0.500
v -19.002 0.922 0.500
v -19.002 1.127 0.500
v -19.924 1.127 0.500
v 24.739 0.922 0.000
v 25.661 0.922 0.000
v 25.661 1.127 0.000
v 24.739 1.127 0.000
v 24.739 0.922 0.500
v 25.661 0.922 0.500
v 25.661 1.127 0.500
v 24.739 1.127 0.500
v -9.988 0.922 0.000
v -9.066 0.922 0.000
v -9.066 1.024 0.000
v -9.988 1.024 0.000
v -9.988 0.922 0.500
v -9.066 0.922 0.500
v -9.066 1.024 0.500
v -9.988 1.024 0.500
v -30.066 0.922 0.000
v -29.144 0.922 0.000
v -29.144 1.024 0.000
v -30.066 1.024 0.000
v -30.066 0.922 0.500
v -29.144 0.922 0.500
v -29.144 1.024 0.500
v -30.066 1.024 0.500
v 18.388 0.922 0.000
v 19.310 0.922 0.000
v 19.310 1.024 0.000
v 18.388 1.024 0.000
v 18.388 0.922 0.500
v 19.310 0.922 0.500
v 19.310 1.024 0.500
v 18.388 1.024 0.500
v -7.734 0.922 0.000
v -6.710 0.922 0.000
v -6.710 1.024 0.000
v -7.734 1.024 0.000
v -7.734 0.922 0.500
v -6.710 0.922 0.500
v -6.710 1.024 0.500
v -7.734 1.024 0.500
v -13.471 0.922 0.000
v -12.549 0.922 0.000
v -12.549 1.024 0.000
v -13.471 1.024 0.000
v -13.471 0.922 0.500
v -12.549 0.922 0.500
v -12.549 1.024 0.500
v -13.471 1.024 0.500
v 28.734 0.922 0.000
v 29.861 0.922 0.000
v 29.861 1.024 0.000
v 28.734 1.024 0.000
v 28.734 0.922 0.500
v 29.861 0.922 0.500
v 29.861 1.024 0.500
v 28.734 1.024 0.500
v 22.383 0.922 0.000
v 23.305 0.922 0.000
v 23.305 1.024 0.000
v 22.383 1.024 0.000
v 22.383 0.922 0.500
v 23.305 0.922 0.500
v 23.305 1.024 0.500
v 22.383 1.024 0.500
v -22.280 0.922 0.000
v -21.359 0.922 0.000
v -21.359 1.024 0.000
v -22.280 1.024 0.000
v -22.280 0.922 0.500
v -21.359 0.922 0.500
v -21.359 1.024 0.500
v -22.280 1.024 0.500
v 14.085 0.922 0.000
v 15.110 0.922 0.000
v 15.110 1.024 0.000
v 14.085 1.024 0.000
v 14.085 0.922 0.500
v 15.110 0.922 0.500
v 15.110 1.024 0.500
v 14.085 1.024 0.500
v -1.690 0.820 0.000
v -0.973 0.820 0.000
v -0.973 1.024 0.000
v -1.690 1.024 0.000
v -1.690 0.820 0.500
v -0.973 0.820 0.500
v -0.973 1.024 0.500
v -1.690 1.024 0.500
v -3.739 0.820 0.000
v -3.329 0.820 0.000
v -3.329 1.024 0.000
v -3.739 1.024 0.000
v -3.739 0.820 0.500
v -3.329 0.820 0.500
v -3.329 1.024 0.500
v -3.739 1.024 0.500
v -13.573 0.820 0.000
v -12.549 0.820 0.000
v -12.549 0.922 0.000
v -13.573 0.922 0.000
v -13.573 0.820 0.500
v -12.549 0.820 0.500
v -12.549 0.922 0.500
v -13.573 0.922 0.500
v -27.812 0.820 0.000
v -26.890 0.820 0.000
v -26.890 0.922 0.000
v -27.812 0.922 0.000
v -27.812 0.820 0.500
v -26.890 0.820 0.500
v -26.890 0.922 0.500
v -27.812 0.922 0.500
v 28.837 0.820 0.000
v 29.861 0.820 0.000
v 29.861 0.922 0.000
v 28.837 0.922 0.000
v 28.837 0.820 0.500
v 29.861 0.820 0.500
v 29.861 0.922 0.500
v 28.837 0.922 0.500
v -22.178 0.820 0.000
v -21.359 0.820 0.000
v -21.359 0.922 0.000
v -22.178 0.922 0.000
v -22.178 0.820 0.500
v -21.359 0.820 0.500
v -21.359 0.922 0.500
v -22.178 0.922 0.500
v 14.188 0.820 0.000
v 15.110 0.820 0.000
v 15.110 0.922 0.000
v 14.188 0.922 0.000
v 14.188 0.820 0.500
v 15.110 0.820 0.500
v 15.110 0.922 0.500
v 14.188 0.922 0.500
v 22.485 0.820 0.000
v 23.305 0.820 0.000
v 23.305 0.922 0.000
v 22.485 0.922 0.000
v 22.485 0.820 0.500
v 23.305 0.820 0.500
v 23.305 0.922 0.500
v 22.485 0.922 0.500
v 18.490 0.820 0.000
v 19.412 0.820 0.000
v 19.412 0.922 0.000
v 18.490 0.922 0.000
v 18.490 0.820 0.500
v 19.412 0.820 0.500
v 19.412 0.922 0.500
v 18.490 0.922 0.500
v 24.637 0.820 0.000
v 25.559 0.820 0.000
v 25.559 0.922 0.000
v 24.637 0.922 0.000
v 24.637 0.820 0.500
v 25.559 0.820 0.500
v 25.559 0.922 0.500
v 24.637 0.922 0.500
v -20.027 0.820 0.000
v -19.105 0.820 0.000
v -19.105 0.922 0.000
v -20.027 0.922 0.000
v -20.027 0.820 0.500
v -19.105 0.820 0.500
v -19.105 0.922 0.500
v -20.027 0.922 0.500
v -7.632 0.820 0.000
v -6.607 0.820 0.000
v -6.607 0.922 0.000
v -7.632 0.922 0.000
v -7.632 0.820 0.500
v -6.607 0.820 0.500
v -6.607 0.922 0.500
v -7.632 0.922 0.500
v -9.988 0.820 0.000
v -8.963 0.820 0.000
v -8.963 0.922 0.000
v -9.988 0.922 0.000
v -9.988 0.820 0.500
v -8.963 0.820 0.500
v -8.963 0.922 0.500
v -9.988 0.922 0.500
v -29.963 0.820 0.000
v -29.144 0.820 0.000
v -29.144 0.922 0.000
v -29.963 0.922 0.000
v -29.963 0.820 0.500
v -29.144 0.820 0.500
v -29.144 0.922 0.500
v -29.963 0.922 0.500
v 20.846 0.820 0.000
v 21.359 0.820 0.000
v 21.359 0.922 0.000
v 20.846 0.922 0.000
v 20.846 0.820 0.500
v 21.359 0.820 0.500
v 21.359 0.922 0.500
v 20.846 0.922 0.500
v -20.027 0.717 0.000
v -19.207 0.717 0.000
v -19.207 0.820 0.000
v -20.027 0.820 0.000
v -20.027 0.717 0.500
v -19.207 0.717 0.500
v -19.207 0.820 0.500
v -20.027 0.820 0.500
v -1.793 0.717 0.000
v -1.076 0.717 0.000
v -1.076 0.820 0.000
v -1.793 0.820 0.000
v -1.793 0.717 0.500
v -1.076 0.717 0.500
v -1.076 0.820 0.500
v -1.793 0.820 0.500
v -22.178 0.717 0.000
v -21.256 0.717 0.000
v -21.256 0.820 0.000
v -22.178 0.820 0.000
v -22.178 0.717 0.500
v -21.256 0.717 0.500
v -21.256 0.820 0.500
v -22.178 0.820 0.500
v 14.188 0.717 0.000
v 15.212 0.717 0.000
v 15.212 0.820 0.000
v 14.188 0.820 0.000
v 14.188 0.717 0.500
v 15.212 0.717 0.500
v 15.212 0.820 0.500
v 14.188 0.820 0.500
v 22.485 0.717 0.000
v 23.407 0.717 0.000
v 23.407 0.820 0.000
v 22.485 0.820 0.000
v 22.485 0.717 0.500
v 23.407 0.717 0.500
v 23.407 0.820 0.500
v 22.485 0.820 0.500
v -27.812 0.717 0.000
v -26.993 0.717 0.000
v -26.993 0.820 0.000
v -27.812 0.820 0.000
v -27.812 0.717 0.500
v -26.993 0.717 0.500
v -26.993 0.820 0.500
v -27.812 0.820 0.500
v -3.739 0.717 0.000
v -3.227 0.717 0.000
v -3.227 0.820 0.000
v -3.739 0.820 0.000
v -3.739 0.717 0.500
v -3.227 0.717 0.500
v -3.227 0.820 0.500
v -3.739 0.820 0.500
v -29.963 0.717 0.000
v -29.041 0.717 0.000
v -29.041 0.820 0.000
v -29.963 0.820 0.000
v -29.963 0.717 0.500
v -29.041 0.717 0.500
v -29.041 0.820 0.500
v -29.963 0.820 0.500
v 20.744 0.717 0.000
v 21.256 0.717 0.000
v 21.256 0.820 0.000
v 20.744 0.820 0.000
v 20.744 0.717 0.500
v 21.256 0.717 0.500
v 21.256 0.820 0.500
v 20.744 0.820 0.500
v 18.593 0.717 0.000
v 19.515 0.717 0.000
v 19.515 0.820 0.000
v 18.593 0.820 0.000
v 18.593 0.717 0.500
v 19.515 0.717 0.500
v 19.515 0.820 0.500
v 18.593 0.820 0.500
v -13.676 0.717 0.000
v -12.651 0.717 0.000
v -12.651 0.820 0.000
v -13.676 0.820 0.000
v -13.676 0.717 0.500
v -12.651 0.717 0.500
v -12.651 0.820 0.500
v -13.676 0.820 0.500
v -7.734 0.717 0.000
v -6.505 0.717 0.000
v -6.505 0.820 0.000
v -7.734 0.820 0.000
v -7.734 0.717 0.500
v -6.505 0.717 0.500
v -6.505 0.820 0.500
v -7.734 0.820 0.500
v 24.637 0.717 0.000
v 25.456 0.717 0.000
v 25.456 0.820 0.000
v 24.637 0.820 0.000
v 24.637 0.717 0.500
v 25.456 0.717 0.500
v 25.456 0.820 0.500
v 24.637 0.820 0.500
v -9.885 0.717 0.000
v -8.861 0.717 0.000
v -8.861 0.820 0.000
v -9.885 0.820 0.000
v -9.885 0.717 0.500
v -8.861 0.717 0.500
v -8.861 0.820 0.500
v -9.885 0.820 0.500
v 16.339 0.615 0.000
v 17.261 0.615 0.000
v 17.261 3.585 0.000
v 16.339 3.585 0.000
v 16.339 0.615 0.500
v 17.261 0.615 0.500
v 17.261 3.585 0.500
v 16.339 3.585 0.500
v -17.876 0.615 0.000
v -16.954 0.615 0.000
v -16.954 3.585 0.000
v -17.876 3.585 0.000
v -17.876 0.615 0.500
v -16.954 0.615 0.500
v -16.954 3.585 0.500
v -17.876 3.585 0.500
v -15.520 0.615 0.000
v -14.598 0.615 0.000
v -14.598 3.585 0.000
v -15.520 3.585 0.000
v -15.520 0.615 0.500
v -14.598 0.615 0.500
v -14.598 3.585 0.500
v -15.520 3.585 0.500
v -25.559 0.615 0.000
v -24.637 0.615 0.000
v -24.637 3.585 0.000
v -25.559 3.585 0.000
v -25.559 0.615 0.500
v -24.637 0.615 0.500
v -24.637 3.585 0.500
v -25.559 3.585 0.500
v 26.788 0.615 0.000
v 27.095 0.615 0.000
v 27.095 2.766 0.000
v 26.788 2.766 0.000
v 26.788 0.615 0.500
v 27.095 0.615 0.500
v 27.095 2.766 0.500
v 26.788 2.766 0.500
v 8.451 0.615 0.000
v 9.373 0.615 0.000
v 9.373 2.049 0.000
v 8.451 2.049 0.000
v 8.451 0.615 0.500
v 9.373 0.615 0.500
v 9.373 2.049 0.500
v 8.451 2.049 0.500
v 6.198 0.615 0.000
v 7.120 0.615 0.000
v 7.120 2.049 0.000
v 6.198 2.049 0.000
v 6.198 0.615 0.500
v 7.120 0.615 0.500
v 7.120 2.049 0.500
v 6.198 2.049 0.500
v 3.841 0.615 0.000
v 4.763 0.615 0.000
v 4.763 2.049 0.000
v 3.841 2.049 0.000
v 3.841 0.615 0.500
v 4.763 0.615 0.500
v 4.763 2.049 0.500
v 3.841 2.049 0.500
v 12.241 0.615 0.000
v 13.163 0.615 0.000
v 13.163 1.946 0.000
v 12.241 1.946 0.000
v 12.241 0.615 0.500
v 13.163 0.615 0.500
v 13.163 1.946 0.500
v 12.241 1.946 0.500
v 0.154 0.615 0.000
v 1.076 0.615 0.000
v 1.076 1.741 0.000
v 0.154 1.741 0.000
v 0.154 0.615 0.500
v 1.076 0.615 0.500
v 1.076 1.741 0.500
v 0.154 1.741 0.500
v -23.202 0.615 0.000
v -22.895 0.615 0.000
v -22.895 1.229 0.000
v -23.202 1.229 0.000
v -23.202 0.615 0.500
v -22.895 0.615 0.500
v -22.895 1.229 0.500
v -23.202 1.229 0.500
v 10.910 0.615 0.000
v 11.217 0.615 0.000
v 11.217 1.127 0.000
v 10.910 1.127 0.000
v 10.910 0.615 0.500
v 11.217 0.615 0.500
v 11.217 1.127 0.500
v 10.910 1.127 0.500
v 28.939 0.615 0.000
v 29.861 0.615 0.000
v 29.861 0.820 0.000
v 28.939 0.820 0.000
v 28.939 0.615 0.500
v 29.861 0.615 0.500
v 29.861 0.820 0.500
v 28.939 0.820 0.500
v 18.695 0.615 0.000
v 19.617 0.615 0.000
v 19.617 0.717 0.000
v 18.695 0.717 0.000
v 18.695 0.615 0.500
v 19.617 0.615 0.500
v 19.617 0.717 0.500
v 18.695 0.717 0.500
v 20.641 0.615 0.000
v 21.256 0.615 0.000
v 21.256 0.717 0.000
v 20.641 0.717 0.000
v 20.641 0.615 0.500
v 21.256 0.615 0.500
v 21.256 0.717 0.500
v 20.641 0.717 0.500
v -20.232 0.615 0.000
v -19.310 0.615 0.000
v -19.310 0.717 0.000
v -20.232 0.717 0.000
v -20.232 0.615 0.500
v -19.310 0.615 0.500
v -19.310 0.717 0.500
v -20.232 0.717 0.500
v -29.759 0.615 0.000
v -28.939 0.615 0.000
v -28.939 0.717 0.000
v -29.759 0.717 0.000
v -29.759 0.615 0.500
v -28.939 0.615 0.500
v -28.939 0.717 0.500
v -29.759 0.717 0.500
v -9.885 0.615 0.000
v -8.656 0.615 0.000
v -8.656 0.717 0.000
v -9.885 0.717 0.000
v -9.885 0.615 0.500
v -8.656 0.615 0.500
v -8.656 0.717 0.500
v -9.885 0.717 0.500
v 24.432 0.615 0.000
v 25.354 0.615 0.000
v 25.354 0.717 0.000
v 24.432 0.717 0.000
v 24.432 0.615 0.500
v 25.354 0.615 0.500
v 25.354 0.717 0.500
v 24.432 0.717 0.500
v -13.880 0.615 0.000
v -12.856 0.615 0.000
v -12.856 0.717 0.000
v -13.880 0.717 0.000
v -13.880 0.615 0.500
v -12.856 0.615 0.500
v -12.856 0.717 0.500
v -13.880 0.717 0.500
v -1.895 0.615 0.000
v -1.076 0.615 0.000
v -1.076 0.717 0.000
v -1.895 0.717 0.000
v -1.895 0.615 0.500
v -1.076 0.615 0.500
v -1.076 0.717 0.500
v -1.895 0.717 0.500
v -28.017 0.615 0.000
v -27.095 0.615 0.000
v -27.095 0.717 0.000
v -28.017 0.717 0.000
v -28.017 0.615 0.500
v -27.095 0.615 0.500
v -27.095 0.717 0.500
v -28.017 0.717 0.500
v 14.290 0.615 0.000
v 15.212 0.615 0.000
v 15.212 0.717 0.000
v 14.290 0.717 0.000
v 14.290 0.615 0.500
v 15.212 0.615 0.500
v 15.212 0.717 0.500
v 14.290 0.717 0.500
v -21.973 0.615 0.000
v -21.154 0.615 0.000
v -21.154 0.717 0.000
v -21.973 0.717 0.000
v -21.973 0.615 0.500
v -21.154 0.615 0.500
v -21.154 0.717 0.500
v -21.973 0.717 0.500
v -8.041 0.615 0.000
v -6.402 0.615 0.000
v -6.402 0.717 0.000
v -8.041 0.717 0.000
v -8.041 0.615 0.500
v -6.402 0.615 0.500
v -6.402 0.717 0.500
v -8.041 0.717 0.500
v -3.739 0.615 0.000
v -3.022 0.615 0.000
v -3.022 0.717 0.000
v -3.739 0.717 0.000
v -3.739 0.615 0.500
v -3.022 0.615 0.500
v -3.022 0.717 0.500
v -3.739 0.717 0.500
v 22.690 0.615 0.000
v 23.510 0.615 0.000
v 23.510 0.717 0.000
v 22.690 0.717 0.000
v 22.690 0.615 0.500
v 23.510 0.615 0.500
v 23.510 0.717 0.500
v 22.690 0.717 0.500
v -20.334 0.512 0.000
v -19.412 0.512 0.000
v -19.412 0.615 0.000
v -20.334 0.615 0.000
v -20.334 0.512 0.500
v -19.412 0.512 0.500
v -19.412 0.615 0.500
v -20.334 0.615 0.500
v -9.783 0.512 0.000
v -7.427 0.512 0.000
v -7.427 0.615 0.000
v -9.783 0.615 0.000
v -9.783 0.512 0.500
v -7.427 0.512 0.500
v -7.427 0.615 0.500
v -9.783 0.615 0.500
v 24.329 0.512 0.000
v 25.251 0.512 0.000
v 25.251 0.615 0.000
v 24.329 0.615 0.000
v 24.329 0.512 0.500
v 25.251 0.512 0.500
v 25.251 0.615 0.500
v 24.329 0.615 0.500
v -3.739 0.512 0.000
v -2.817 0.512 0.000
v -2.817 0.615 0.000
v -3.739 0.615 0.000
v -3.739 0.512 0.500
v -2.817 0.512 0.500
v -2.817 0.615 0.500
v -3.739 0.615 0.500
v -29.656 0.512 0.000
v -28.734 0.512 0.000
v -28.734 0.615 0.000
v -29.656 0.615 0.000
v -29.656 0.512 0.500
v -28.734 0.512 0.500
v -28.734 0.615 0.500
v -29.656 0.615 0.500
v -16.032 0.512 0.000
v -12.959 0.512 0.000
v -12.959 0.615 0.000
v -16.032 0.615 0.000
v -16.032 0.512 0.500
v -12.959 0.512 0.500
v -12.959 0.615 0.500
v -16.032 0.615 0.500
v 14.290 0.512 0.000
v 15.622 0.512 0.000
v 15.622 0.615 0.000
v 14.290 0.615 0.000
v 14.290 0.512 0.500
v 15.622 0.512 0.500
v 15.622 0.615 0.500
v 14.290 0.615 0.500
v -1.998 0.512 0.000
v -1.178 0.512 0.000
v -1.178 0.615 0.000
v -1.998 0.615 0.000
v -1.998 0.512 0.500
v -1.178 0.512 0.500
v -1.178 0.615 0.500
v -1.998 0.615 0.500
v 20.437 0.512 0.000
v 21.154 0.512 0.000
v 21.154 0.615 0.000
v 20.437 0.615 0.000
v 20.437 0.512 0.500
v 21.154 0.512 0.500
v 21.154 0.615 0.500
v 20.437 0.615 0.500
v -28.120 0.512 0.000
v -27.198 0.512 0.000
v -27.198 0.615 0.000
v -28.120 0.615 0.000
v -28.120 0.512 0.500
v -27.198 0.512 0.500
v -27.198 0.615 0.500
v -28.120 0.615 0.500
v -7.324 0.512 0.000
v -5.993 0.512 0.000
v -5.993 0.615 0.000
v -7.324 0.615 0.000
v -7.324 0.512 0.500
v -5.993 0.512 0.500
v -5.993 0.615 0.500
v -7.324 0.615 0.500
v 29.041 0.512 0.000
v 29.861 0.512 0.000
v 29.861 0.615 0.000
v 29.041 0.615 0.000
v 29.041 0.512 0.500
v 29.861 0.512 0.500
v 29.861 0.615 0.500
v 29.041 0.615 0.500
v 22.793 0.512 0.000
v 23.715 0.512 0.000
v 23.715 0.615 0.000
v 22.793 0.615 0.000
v 22.793 0.512 0.500
v 23.715 0.512 0.500
v 23.715 0.615 0.500
v 22.793 0.615 0.500
v -21.871 0.512 0.000
v -20.949 0.512 0.000
v -20.949 0.615 0.000
v -21.871 0.615 0.000
v -21.871 0.512 0.500
v -20.949 0.512 0.500
v -20.949 0.615 0.500
v -21.871 0.615 0.500
v 18.798 0.512 0.000
v 19.822 0.512 0.000
v 19.822 0.615 0.000
v 18.798 0.615 0.000
v 18.798 0.512 0.500
v 19.822 0.512 0.500
v 19.822 0.615 0.500
v 18.798 0.615 0.500
v -7.222 0.410 0.000
v -5.993 0.410 0.000
v -5.993 0.512 0.000
v -7.222 0.512 0.000
v -7.222 0.410 0.500
v -5.993 0.410 0.500
v -5.993 0.512 0.500
v -7.222 0.512 0.500
v -21.768 0.410 0.000
v -19.617 0.410 0.000
v -19.617 0.512 0.000
v -21.768 0.512 0.000
v -21.768 0.410 0.500
v -19.617 0.410 0.500
v -19.617 0.512 0.500
v -21.768 0.512 0.500
v -3.739 0.410 0.000
v -1.280 0.410 0.000
v -1.280 0.512 0.000
v -3.739 0.512 0.000
v -3.739 0.410 0.500
v -1.280 0.410 0.500
v -1.280 0.512 0.500
v -3.739 0.512 0.500
v 19.002 0.410 0.000
v 20.949 0.410 0.000
v 20.949 0.512 0.000
v 19.002 0.512 0.000
v 19.002 0.410 0.500
v 20.949 0.410 0.500
v 20.949 0.512 0.500
v 19.002 0.512 0.500
v -29.554 0.410 0.000
v -27.402 0.410 0.000
v -27.402 0.512 0.000
v -29.554 0.512 0.000
v -29.554 0.410 0.500
v -27.402 0.410 0.500
v -27.402 0.512 0.500
v -29.554 0.512 0.500
v -9.578 0.410 0.000
v -7.632 0.410 0.000
v -7.632 0.512 0.000
v -9.578 0.512 0.000
v -9.578 0.410 0.500
v -7.632 0.410 0.500
v -7.632 0.512 0.500
v -9.578 0.512 0.500
v 22.895 0.410 0.000
v 25.046 0.410 0.000
v 25.046 0.512 0.000
v 22.895 0.512 0.000
v 22.895 0.410 0.500
v 25.046 0.410 0.500
v 25.046 0.512 0.500
v 22.895 0.512 0.500
v -16.032 0.410 0.000
v -13.163 0.410 0.000
v -13.163 0.512 0.000
v -16.032 0.512 0.000
v -16.032 0.410 0.500
v -13.163 0.410 0.500
v -13.163 0.512 0.500
v -16.032 0.512 0.500
v 29.144 0.410 0.000
v 29.861 0.410 0.000
v 29.861 0.512 0.000
v 29.144 0.512 0.000
v 29.144 0.410 0.500
v 29.861 0.410 0.500
v 29.861 0.512 0.500
v 29.144 0.512 0.500
v 15.827 0.307 0.000
v 17.671 0.307 0.000
v 17.671 0.615 0.000
v 15.827 0.615 0.000
v 15.827 0.307 0.500
v 17.671 0.307 0.500
v 17.671 0.615 0.500
v 15.827 0.615 0.500
v 26.276 0.307 0.000
v 27.505 0.307 0.000
v 27.505 0.615 0.000
v 26.276 0.615 0.000
v 26.276 0.307 0.500
v 27.505 0.307 0.500
v 27.505 0.615 0.500
v 26.276 0.615 0.500
v 11.729 0.307 0.000
v 13.573 0.307 0.000
v 13.573 0.615 0.000
v 11.729 0.615 0.000
v 11.729 0.307 0.500
v 13.573 0.307 0.500
v 13.573 0.615 0.500
v 11.729 0.615 0.500
v -18.388 0.307 0.000
v -16.544 0.307 0.000
v -16.544 0.615 0.000
v -18.388 0.615 0.000
v -18.388 0.307 0.500
v -16.544 0.307 0.500
v -16.544 0.615 0.500
v -18.388 0.615 0.500
v -0.359 0.307 0.000
v 1.588 0.307 0.000
v 1.588 0.615 0.000
v -0.359 0.615 0.000
v -0.359 0.307 0.500
v 1.588 0.307 0.500
v 1.588 0.615 0.500
v -0.359 0.615 0.500
v 5.685 0.307 0.000
v 7.529 0.307 0.000
v 7.529 0.615 0.000
v 5.685 0.615 0.000
v 5.685 0.307 0.500
v 7.529 0.307 0.500
v 7.529 0.615 0.500
v 5.685 0.615 0.500
v 3.329 0.307 0.000
v 5.173 0.307 0.000
v 5.173 0.615 0.000
v 3.329 0.615 0.000
v 3.329 0.307 0.500
v 5.173 0.307 0.500
v 5.173 0.615 0.500
v 3.329 0.615 0.500
v -26.071 0.307 0.000
v -22.895 0.307 0.000
v -22.895 0.615 0.000
v -26.071 0.615 0.000
v -26.071 0.307 0.500
v -22.895 0.307 0.500
v -22.895 0.615 0.500
v -26.071 0.615 0.500
v 7.939 0.307 0.000
v 11.217 0.307 0.000
v 11.217 0.615 0.000
v 7.939 0.615 0.000
v 7.939 0.307 0.500
v 11.217 0.307 0.500
v 11.217 0.615 0.500
v 7.939 0.615 0.500
v 14.393 0.307 0.000
v 15.622 0.307 0.000
v 15.622 0.512 0.000
v 14.393 0.512 0.000
v 14.393 0.307 0.500
v 15.622 0.307 0.500
v 15.622 0.512 0.500
v 14.393 0.512 0.500
v -3.534 0.307 0.000
v -1.485 0.307 0.000
v -1.485 0.410 0.000
v -3.534 0.410 0.000
v -3.534 0.307 0.500
v -1.485 0.307 0.500
v -1.485 0.410 0.500
v -3.534 0.410 0.500
v -29.349 0.307 0.000
v -27.607 0.307 0.000
v -27.607 0.410 0.000
v -29.349 0.410 0.000
v -29.349 0.307 0.500
v -27.607 0.307 0.500
v -27.607 0.410 0.500
v -29.349 0.410 0.500
v -16.032 0.307 0.000
v -13.573 0.307 0.000
v -13.573 0.410 0.000
v -16.032 0.410 0.000
v -16.032 0.307 0.500
v -13.573 0.307 0.500
v -13.573 0.410 0.500
v -16.032 0.410 0.500
v -7.120 0.307 0.000
v -5.993 0.307 0.000
v -5.993 0.410 0.000
v -7.120 0.410 0.000
v -7.120 0.307 0.500
v -5.993 0.307 0.500
v -5.993 0.410 0.500
v -7.120 0.410 0.500
v 29.246 0.307 0.000
v 29.861 0.307 0.000
v 29.861 0.410 0.000
v 29.246 0.410 0.000
v 29.246 0.307 0.500
v 29.861 0.307 0.500
v 29.861 0.410 0.500
v 29.246 0.410 0.500
v -9.373 0.307 0.000
v -7.837 0.307 0.000
v -7.837 0.410 0.000
v -9.373 0.410 0.000
v -9.373 0.307 0.500
v -7.837 0.307 0.500
v -7.837 0.410 0.500
v -9.373 0.410 0.500
v -21.563 0.307 0.000
v -19.822 0.307 0.000
v -19.822 0.410 0.000
v -21.563 0.410 0.000
v -21.563 0.307 0.500
v -19.822 0.307 0.500
v -19.822 0.410 0.500
v -21.563 0.410 0.500
v 23.100 0.307 0.000
v 24.841 0.307 0.000
v 24.841 0.410 0.000
v 23.100 0.410 0.000
v 23.100 0.307 0.500
v 24.841 0.307 0.500
v 24.841 0.410 0.500
v 23.100 0.410 0.500
v 19.207 0.307 0.000
v 20.846 0.307 0.000
v 20.846 0.410 0.000
v 19.207 0.410 0.000
v 19.207 0.307 0.500
v 20.846 0.307 0.500
v 20.846 0.410 0.500
v 19.207 0.410 0.500
v 23.510 0.205 0.000
v 24.534 0.205 0.000
v 24.534 0.307 0.000
v 23.510 0.307 0.000
v 23.510 0.205 0.500
v 24.534 0.205 0.500
v 24.534 0.307 0.500
v 23.510 0.307 0.500
v -3.022 0.205 0.000
v -1.793 0.205 0.000
v -1.793 0.307 0.000
v -3.022 0.307 0.000
v -3.022 0.205 0.500
v -1.793 0.205 0.500
v -1.793 0.307 0.500
v -3.022 0.307 0.500
v -28.939 0.205 0.000
v -27.915 0.205 0.000
v -27.915 0.307 0.000
v -28.939 0.307 0.000
v -28.939 0.205 0.500
v -27.915 0.205 0.500
v -27.915 0.307 0.500
v -28.939 0.307 0.500
v 19.515 0.205 0.000
v 20.539 0.205 0.000
v 20.539 0.307 0.000
v 19.515 0.307 0.000
v 19.515 0.205 0.500
v 20.539 0.205 0.500
v 20.539 0.307 0.500
v 19.515 0.307 0.500
v -9.066 0.205 0.000
v -8.144 0.205 0.000
v -8.144 0.307 0.000
v -9.066 0.307 0.000
v -9.066 0.205 0.500
v -8.144 0.205 0.500
v -8.144 0.307 0.500
v -9.066 0.307 0.500
v -21.154 0.205 0.000
v -20.129 0.205 0.000
v -20.129 0.307 0.000
v -21.154 0.307 0.000
v -21.154 0.205 0.500
v -20.129 0.205 0.500
v -20.129 0.307 0.500
v -21.154 0.307 0.500
f 5 6 7
f 5 7 8
f 1 5 8
f 1 8 4
f 2 3 7
f 2 7 6
f 4 8 7
f 4 7 3
f 1 2 6
f 1 6 5
f 13 14 15
f 13 15 16
f 9 13 16
f 9 16 12
f 10 11 15
f 10 15 14
f 12 16 15
f 12 15 11
f 9 10 14
f 9 14 13
f 21 22 23
f 21 23 24
f 17 21 24
f 17 24 20
f 18 19 23
f 18 23 22
f 20 24 23
f 20 23 19
f 17 18 22
f 17 22 21
f 29 30 31
f 29 31 32
f 25 29 32
f 25 32 28
f 26 27 31
f 26 31 30
f 28 32 31
f 28 31 27
f 25 26 30
f 25 30 29
f 37 38 39
f 37 39 40
f 33 37 40
f 33 40 36
f 34 35 39
f 34 39 38
f 36 40 39
f 36 39 35
f 33 34 38
f 33 38 37
f 45 46 47
f 45 47 48
f 41 45 48
f 41 48 44
f 42 43 47
f 42 47 46
f 44 48 47
f 44 47 43
f 41 42 46
f 41 46 45
f 53 54 55
f 53 55 56
f 49 53 56
f 49 56 52
f 50 51 55
f 50 55 54
f 52 56 55
f 52 55 51
f 49 50 54
f 49 54 53
f 61 62 63
f 61 63 64
f 57 61 64
f 57 64 60
f 58 59 63
f 58 63 62
f 60 64 63
f 60 63 59
f 57 58 62
f 57 62 61
f 69 70 71
f 69 71 72
f 65 69 72
f 65 72 68
f 66 67 71
f 66 71 70
f 68 72 71
f 68 71 67
f 65 66 70
f 65 70 69
f 77 78 79
f 77 79 80
f 73 77 80
f 73 80 76
f 74 75 79
f 74 79 78
f 76 80 79
f 76 79 75
f 73 74 78
f 73 78 77
f 85 86 87
f 85 87 88
f 81 85 88
f 81 88 84
f 82 83 87
f 82 87 86
f 84 88 87
f 84 87 83
f 81 82 86
f 81 86 85
f 93 94 95
f 93 95 96
f 89 93 96
f 89 96 92
f 90 91 95
f 90 95 94
f 92 96 95
f 92 95 91
f 89 90 94
f 89 94 93
f 101 102 103
f 101 103 104
f 97 101 104
f 97 104 100
f 98 99 103
f 98 103 102
f 100 104 103
f 100 103 99
f 97 98 102
f 97 102 101
f 109 110 111
f 109 111 112
f 105 109 112
f 105 112 108
f 106 107 111
f 106 111 110
f 108 112 111
f 108 111 107
f 105 106 110
f 105 110 109
f 117 118 119
f 117 119 120
f 113 117 120
f 113 120 116
f 114 115 119
f 114 119 118
f 116 120 119
f 116 119 115
f 113 114 118
f 113 118 117
f 125 126 127
f 125 127 128
f 121 125 128
f 121 128 124
f 122 123 127
f 122 127 126
f 124 128 127
f 124 127 123
f 121 122 126
f 121 126 125
f 133 134 135
f 133 135 136
f 129 133 136
f 129 136 132
f 130 131 135
f 130 135 134
f 132 136 135
f 132 135 131
f 129 130 134
f 129 134 133
f 141 142 143
f 141 143 144
f 137 141 144
f 137 144 140
f 138 139 143
f 138 143 142
f 140 144 143
f 140 143 139
f 137 138 142
f 137 142 141
f 149 150 151
f 149 151 152
f 145 149 152
f 145 152 148
f 146 147 151
f 146 151 150
f 148 152 151
f 148 151 147
f 145 146 150
f 145 150 149
f 157 158 159
f 157 159 160
f 153 157 160
f 153 160 156
f 154 155 159
f 154 159 158
f 156 160 159
f 156 159 155
f 153 154 158
f 153 158 157
f 165 166 167
f 165 167 168
f 161 165 168
f 161 168 164
f 162 163 167
f 162 167 166
f 164 168 167
f 164 167 163
f 161 162 166
f 161 166 165
f 173 174 175
f 173 175 176
f 169 173 176
f 169 176 172
f 170 171 175
f 170 175 174
f 172 176 175
f 172 175 171
f 169 170 174
f 169 174 173
f 181 182 183
f 181 183 184
f 177 181 184
f 177 184 180
f 178 179 183
f 178 183 182
f 180 184 183
f 180 183 179
f 177 178 182
f 177 182 181
f 189 190 191
f 189 191 192
f 185 189 192
f 185 192 188
f 186 187 191
f 186 191 190
f 188 192 191
f 188 191 187
f 185 186 190
f 185 190 189
f 197 198 199
f 197 199 200
f 193 197 200
f 193 200 196
f 194 195 199
f 194 199 198
f 196 200 199
f 196 199 195
f 193 194 198
f 193 198 197
f 205 206 207
f 205 207 208
f 201 205 208
f 201 208 204
f 202 203 207
f 202 207 206
f 204 208 207
f 204 207 203
f 201 202 206
f 201 206 205
f 213 214 215
f 213 215 216
f 209 213 216
f 209 216 212
f 210 211 215
f 210 215 214
f 212 216 215
f 212 215 211
f 209 210 214
f 209 214 213
f 221 222 223
f 221 223 224
f 217 221 224
f 217 224 220
f 218 219 223
f 218 223 222
f 220 224 223
f 220 223 219
f 217 218 222
f 217 222 221
f 229 230 231
f 229 231 232
f 225 229 232
f 225 232 228
f 226 227 231
f 226 231 230
f 228 232 231
f 228 231 227
f 225 226 230
f 225 230 229
f 237 238 239
f 237 239 240
f 233 237 240
f 233 240 236
f 234 235 239
f 234 239 238
f 236 240 239
f 236 239 235
f 233 234 238
f 233 238 237
f 245 246 247
f 245 247 248
f 241 245 248
f 241 248 244
f 242 243 247
f 242 247 246
f 244 248 247
f 244 247 243
f 241 242 246
f 241 246 245
f 253 254 255
f 253 255 256
f 249 253 256
f 249 256 252
f 250 251 255
f 250 255 254
f 252 256 255
f 252 255 251
f 249 250 254
f 249 254 253
f 261 262 263
f 261 263 264
f 257 261 264
f 257 264 260
f 258 259 263
f 258 263 262
f 260 264 263
f 260 263 259
f 257 258 262
f 257 262 261
f 269 270 271
f 269 271 272
f 265 269 272
f 265 272 268
f 266 267 271
f 266 271 270
f 268 272 271
f 268 271 267
f 265 266 270
f 265 270 269
f 277 278 279
f 277 279 280
f 273 277 280
f 273 280 276
f 274 275 279
f 274 279 278
f 276 280 279
f 276 279 275
f 273 274 278
f 273 278 277
f 285 286 287
f 285 287 288
f 281 285 288
f 281 288 284
f 282 283 287
f 282 287 286
f 284 288 287
f 284 287 283
f 281 282 286
f 281 286 285
f 293 294 295
f 293 295 296
f 289 293 296
f 289 296 292
f 290 291 295
f 290 295 294
f 292 296 295
f 292 295 291
f 289 290 294
f 289 294 293
f 301 302 303
f 301 303 304
f 297 301 304
f 297 304 300
f 298 299 303
f 298 303 302
f 300 304 303
f 300 303 299
f 297 298 302
f 297 302 301
f 309 310 311
f 309 311 312
f 305 309 312
f 305 312 308
f 306 307 311
f 306 311 310
f 308 312 311
f 308 311 307
f 305 306 310
f 305 310 309
f 317 318 319
f 317 319 320
f 313 317 320
f 313 320 316
f 314 315 319
f 314 319 318
f 316 320 319
f 316 319 315
f 313 314 318
f 313 318 317
f 325 326 327
f 325 327 328
f 321 325 328
f 321 328 324
f 322 323 327
f 322 327 326
f 324 328 327
f 324 327 323
f 321 322 326
f 321 326 325
f 333 334 335
f 333 335 336
f 329 333 336
f 329 336 332
f 330 331 335
f 330 335 334
f 332 336 335
f 332 335 331
f 329 330 334
f 329 334 333
f 341 342 343
f 341 343 344
f 337 341 344
f 337 344 340
f 338 339 343
f 338 343 342
f 340 344 343
f 340 343 339
f 337 338 342
f 337 342 341
f 349 350 351
f 349 351 352
f 345 349 352
f 345 352 348
f 346 347 351
f 346 351 350
f 348 352 351
f 348 351 347
f 345 346 350
f 345 350 349
f 357 358 359
f 357 359 360
f 353 357 360
f 353 360 356
f 354 355 359
f 354 359 358
f 356 360 359
f 356 359 355
f 353 354 358
f 353 358 357
f 365 366 367
f 365 367 368
f 361 365 368
f 361 368 364
f 362 363 367
f 362 367 366
f 364 368 367
f 364 367 363
f 361 362 366
f 361 366 365
f 373 374 375
f 373 375 376
f 369 373 376
f 369 376 372
f 370 371 375
f 370 375 374
f 372 376 375
f 372 375 371
f 369 370 374
f 369 374 373
f 381 382 383
f 381 383 384
f 377 381 384
f 377 384 380
f 378 379 383
f 378 383 382
f 380 384 383
f 380 383 379
f 377 378 382
f 377 382 381
f 389 390 391
f 389 391 392
f 385 389 392
f 385 392 388
f 386 387 391
f 386 391 390
f 388 392 391
f 388 391 387
f 385 386 390
f 385 390 389
f 397 398 399
f 397 399 400
f 393 397 400
f 393 400 396
f 394 395 399
f 394 399 398
f 396 400 399
f 396 399 395
f 393 394 398
f 393 398 397
f 405 406 407
f 405 407 408
f 401 405 408
f 401 408 404
f 402 403 407
f 402 407 406
f 404 408 407
f 404 407 403
f 401 402 406
f 401 406 405
f 413 414 415
f 413 415 416
f 409 413 416
f 409 416 412
f 410 411 415
f 410 415 414
f 412 416 415
f 412 415 411
f 409 410 414
f 409 414 413
f 421 422 423
f 421 423 424
f 417 421 424
f 417 424 420
f 418 419 423
f 418 423 422
f 420 424 423
f 420 423 419
f 417 418 422
f 417 422 421
f 429 430 431
f 429 431 432
f 425 429 432
f 425 432 428
f 426 427 431
f 426 431 430
f 428 432 431
f 428 431 427
f 425 426 430
f 425 430 429
f 437 438 439
f 437 439 440
f 433 437 440
f 433 440 436
f 434 435 439
f 434 439 438
f 436 440 439
f 436 439 435
f 433 434 438
f 433 438 437
f 445 446 447
f 445 447 448
f 441 445 448
f 441 448 444
f 442 443 447
f 442 447 446
f 444 448 447
f 444 447 443
f 441 442 446
f 441 446 445
f 453 454 455
f 453 455 456
f 449 453 456
f 449 456 452
f 450 451 455
f 450 455 454
f 452 456 455
f 452 455 451
f 449 450 454
f 449 454 453
f 461 462 463
f 461 463 464
f 457 461 464
f 457 464 460
f 458 459 463
f 458 463 462
f 460 464 463
f 460 463 459
f 457 458 462
f 457 462 461
f 469 470 471
f 469 471 472
f 465 469 472
f 465 472 468
f 466 467 471
f 466 471 470
f 468 472 471
f 468 471 467
f 465 466 470
f 465 470 469
f 477 478 479
f 477 479 480
f 473 477 480
f 473 480 476
f 474 475 479
f 474 479 478
f 476 480 479
f 476 479 475
f 473 474 478
f 473 478 477
f 485 486 487
f 485 487 488
f 481 485 488
f 481 488 484
f 482 483 487
f 482 487 486
f 484 488 487
f 484 487 483
f 481 482 486
f 481 486 485
f 493 494 495
f 493 495 496
f 489 493 496
f 489 496 492
f 490 491 495
f 490 495 494
f 492 496 495
f 492 495 491
f 489 490 494
f 489 494 493
f 501 502 503
f 501 503 504
f 497 501 504
f 497 504 500
f 498 499 503
f 498 503 502
f 500 504 503
f 500 503 499
f 497 498 502
f 497 502 501
f 509 510 511
f 509 511 512
f 505 509 512
f 505 512 508
f 506 507 511
f 506 511 510
f 508 512 511
f 508 511 507
f 505 506 510
f 505 510 509
f 517 518 519
f 517 519 520
f 513 517 520
f 513 520 516
f 514 515 519
f 514 519 518
f 516 520 519
f 516 519 515
f 513 514 518
f 513 518 517
f 525 526 527
f 525 527 528
f 521 525 528
f 521 528 524
f 522 523 527
f 522 527 526
f 524 528 527
f 524 527 523
f 521 522 526
f 521 526 525
f 533 534 535
f 533 535 536
f 529 533 536
f 529 536 532
f 530 531 535
f 530 535 534
f 532 536 535
f 532 535 531
f 529 530 534
f 529 534 533
f 541 542 543
f 541 543 544
f 537 541 544
f 537 544 540
f 538 539 543
f 538 543 542
f 540 544 543
f 540 543 539
f 537 538 542
f 537 542 541
f 549 550 551
f 549 551 552
f 545 549 552
f 545 552 548
f 546 547 551
f 546 551 550
f 548 552 551
f 548 551 547
f 545 546 550
f 545 550 549
f 557 558 559
f 557 559 560
f 553 557 560
f 553 560 556
f 554 555 559
f 554 559 558
f 556 560 559
f 556 559 555
f 553 554 558
f 553 558 557
f 565 566 567
f 565 567 568
f 561 565 568
f 561 568 564
f 562 563 567
f 562 567 566
f 564 568 567
f 564 567 563
f 561 562 566
f 561 566 565
f 573 574 575
f 573 575 576
f 569 573 576
f 569 576 572
f 570 571 575
f 570 575 574
f 572 576 575
f 572 575 571
f 569 570 574
f 569 574 573
f 581 582 583
f 581 583 584
f 577 581 584
f 577 584 580
f 578 579 583
f 578 583 582
f 580 584 583
f 580 583 579
f 577 578 582
f 577 582 581
f 589 590 591
f 589 591 592
f 585 589 592
f 585 592 588
f 586 587 591
f 586 591 590
f 588 592 591
f 588 591 587
f 585 586 590
f 585 590 589
f 597 598 599
f 597 599 600
f 593 597 600
f 593 600 596
f 594 595 599
f 594 599 598
f 596 600 599
f 596 599 595
f 593 594 598
f 593 598 597
f 605 606 607
f 605 607 608
f 601 605 608
f 601 608 604
f 602 603 607
f 602 607 606
f 604 608 607
f 604 607 603
f 601 602 606
f 601 606 605
f 613 614 615
f 613 615 616
f 609 613 616
f 609 616 612
f 610 611 615
f 610 615 614
f 612 616 615
f 612 615 611
f 609 610 614
f 609 614 613
f 621 622 623
f 621 623 624
f 617 621 624
f 617 624 620
f 618 619 623
f 618 623 622
f 620 624 623
f 620 623 619
f 617 618 622
f 617 622 621
f 629 630 631
f 629 631 632
f 625 629 632
f 625 632 628
f 626 627 631
f 626 631 630
f 628 632 631
f 628 631 627
f 625 626 630
f 625 630 629
f 637 638 639
f 637 639 640
f 633 637 640
f 633 640 636
f 634 635 639
f 634 639 638
f 636 640 639
f 636 639 635
f 633 634 638
f 633 638 637
f 645 646 647
f 645 647 648
f 641 645 648
f 641 648 644
f 642 643 647
f 642 647 646
f 644 648 647
f 644 647 643
f 641 642 646
f 641 646 645
f 653 654 655
f 653 655 656
f 649 653 656
f 649 656 652
f 650 651 655
f 650 655 654
f 652 656 655
f 652 655 651
f 649 650 654
f 649 654 653
f 661 662 663
f 661 663 664
f 657 661 664
f 657 664 660
f 658 659 663
f 658 663 662
f 660 664 663
f 660 663 659
f 657 658 662
f 657 662 661
f 669 670 671
f 669 671 672
f 665 669 672
f 665 672 668
f 666 667 671
f 666 671 670
f 668 672 671
f 668 671 667
f 665 666 670
f 665 670 669
f 677 678 679
f 677 679 680
f 673 677 680
f 673 680 676
f 674 675 679
f 674 679 678
f 676 680 679
f 676 679 675
f 673 674 678
f 673 678 677
f 685 686 687
f 685 687 688
f 681 685 688
f 681 688 684
f 682 683 687
f 682 687 686
f 684 688 687
f 684 687 683
f 681 682 686
f 681 686 685
f 693 694 695
f 693 695 696
f 689 693 696
f 689 696 692
f 690 691 695
f 690 695 694
f 692 696 695
f 692 695 691
f 689 690 694
f 689 694 693
f 701 702 703
f 701 703 704
f 697 701 704
f 697 704 700
f 698 699 703
f 698 703 702
f 700 704 703
f 700 703 699
f 697 698 702
f 697 702 701
f 709 710 711
f 709 711 712
f 705 709 712
f 705 712 708
f 706 707 711
f 706 711 710
f 708 712 711
f 708 711 707
f 705 706 710
f 705 710 709
f 717 718 719
f 717 719 720
f 713 717 720
f 713 720 716
f 714 715 719
f 714 719 718
f 716 720 719
f 716 719 715
f 713 714 718
f 713 718 717
f 725 726 727
f 725 727 728
f 721 725 728
f 721 728 724
f 722 723 727
f 722 727 726
f 724 728 727
f 724 727 723
f 721 722 726
f 721 726 725
f 733 734 735
f 733 735 736
f 729 733 736
f 729 736 732
f 730 731 735
f 730 735 734
f 732 736 735
f 732 735 731
f 729 730 734
f 729 734 733
f 741 742 743
f 741 743 744
f 737 741 744
f 737 744 740
f 738 739 743
f 738 743 742
f 740 744 743
f 740 743 739
f 737 738 742
f 737 742 741
f 749 750 751
f 749 751 752
f 745 749 752
f 745 752 748
f 746 747 751
f 746 751 750
f 748 752 751
f 748 751 747
f 745 746 750
f 745 750 749
f 757 758 759
f 757 759 760
f 753 757 760
f 753 760 756
f 754 755 759
f 754 759 758
f 756 760 759
f 756 759 755
f 753 754 758
f 753 758 757
f 765 766 767
f 765 767 768
f 761 765 768
f 761 768 764
f 762 763 767
f 762 767 766
f 764 768 767
f 764 767 763
f 761 762 766
f 761 766 765
f 773 774 775
f 773 775 776
f 769 773 776
f 769 776 772
f 770 771 775
f 770 775 774
f 772 776 775
f 772 775 771
f 769 770 774
f 769 774 773
f 781 782 783
f 781 783 784
f 777 781 784
f 777 784 780
f 778 779 783
f 778 783 782
f 780 784 783
f 780 783 779
f 777 778 782
f 777 782 781
f 789 790 791
f 789 791 792
f 785 789 792
f 785 792 788
f 786 787 791
f 786 791 790
f 788 792 791
f 788 791 787
f 785 786 790
f 785 790 789
f 797 798 799
f 797 799 800
f 793 797 800
f 793 800 796
f 794 795 799
f 794 799 798
f 796 800 799
f 796 799 795
f 793 794 798
f 793 798 797
f 805 806 807
f 805 807 808
f 801 805 808
f 801 808 804
f 802 803 807
f 802 807 806
f 804 808 807
f 804 807 803
f 801 802 806
f 801 806 805
f 813 814 815
f 813 815 816
f 809 813 816
f 809 816 812
f 810 811 815
f 810 815 814
f 812 816 815
f 812 815 811
f 809 810 814
f 809 814 813
f 821 822 823
f 821 823 824
f 817 821 824
f 817 824 820
f 818 819 823
f 818 823 822
f 820 824 823
f 820 823 819
f 817 818 822
f 817 822 821
f 829 830 831
f 829 831 832
f 825 829 832
f 825 832 828
f 826 827 831
f 826 831 830
f 828 832 831
f 828 831 827
f 825 826 830
f 825 830 829
f 837 838 839
f 837 839 840
f 833 837 840
f 833 840 836
f 834 835 839
f 834 839 838
f 836 840 839
f 836 839 835
f 833 834 838
f 833 838 837
f 845 846 847
f 845 847 848
f 841 845 848
f 841 848 844
f 842 843 847
f 842 847 846
f 844 848 847
f 844 847 843
f 841 842 846
f 841 846 845
f 853 854 855
f 853 855 856
f 849 853 856
f 849 856 852
f 850 851 855
f 850 855 854
f 852 856 855
f 852 855 851
f 849 850 854
f 849 854 853
f 861 862 863
f 861 863 864
f 857 861 864
f 857 864 860
f 858 859 863
f 858 863 862
f 860 864 863
f 860 863 859
f 857 858 862
f 857 862 861
f 869 870 871
f 869 871 872
f 865 869 872
f 865 872 868
f 866 867 871
f 866 871 870
f 868 872 871
f 868 871 867
f 865 866 870
f 865 870 869
f 877 878 879
f 877 879 880
f 873 877 880
f 873 880 876
f 874 875 879
f 874 879 878
f 876 880 879
f 876 879 875
f 873 874 878
f 873 878 877
f 885 886 887
f 885 887 888
f 881 885 888
f 881 888 884
f 882 883 887
f 882 887 886
f 884 888 887
f 884 887 883
f 881 882 886
f 881 886 885
f 893 894 895
f 893 895 896
f 889 893 896
f 889 896 892
f 890 891 895
f 890 895 894
f 892 896 895
f 892 895 891
f 889 890 894
f 889 894 893
f 901 902 903
f 901 903 904
f 897 901 904
f 897 904 900
f 898 899 903
f 898 903 902
f 900 904 903
f 900 903 899
f 897 898 902
f 897 902 901
f 909 910 911
f 909 911 912
f 905 909 912
f 905 912 908
f 906 907 911
f 906 911 910
f 908 912 911
f 908 911 907
f 905 906 910
f 905 910 909
f 917 918 919
f 917 919 920
f 913 917 920
f 913 920 916
f 914 915 919
f 914 919 918
f 916 920 919
f 916 919 915
f 913 914 918
f 913 918 917
f 925 926 927
f 925 927 928
f 921 925 928
f 921 928 924
f 922 923 927
f 922 927 926
f 924 928 927
f 924 927 923
f 921 922 926
f 921 926 925
f 933 934 935
f 933 935 936
f 929 933 936
f 929 936 932
f 930 931 935
f 930 935 934
f 932 936 935
f 932 935 931
f 929 930 934
f 929 934 933
f 941 942 943
f 941 943 944
f 937 941 944
f 937 944 940
f 938 939 943
f 938 943 942
f 940 944 943
f 940 943 939
f 937 938 942
f 937 942 941
f 949 950 951
f 949 951 952
f 945 949 952
f 945 952 948
f 946 947 951
f 946 951 950
f 948 952 951
f 948 951 947
f 945 946 950
f 945 950 949
f 957 958 959
f 957 959 960
f 953 957 960
f 953 960 956
f 954 955 959
f 954 959 958
f 956 960 959
f 956 959 955
f 953 954 958
f 953 958 957
f 965 966 967
f 965 967 968
f 961 965 968
f 961 968 964
f 962 963 967
f 962 967 966
f 964 968 967
f 964 967 963
f 961 962 966
f 961 966 965
f 973 974 975
f 973 975 976
f 969 973 976
f 969 976 972
f 970 971 975
f 970 975 974
f 972 976 975
f 972 975 971
f 969 970 974
f 969 974 973
f 981 982 983
f 981 983 984
f 977 981 984
f 977 984 980
f 978 979 983
f 978 983 982
f 980 984 983
f 980 983 979
f 977 978 982
f 977 982 981
f 989 990 991
f 989 991 992
f 985 989 992
f 985 992 988
f 986 987 991
f 986 991 990
f 988 992 991
f 988 991 987
f 985 986 990
f 985 990 989
f 997 998 999
f 997 999 1000
f 993 997 1000
f 993 1000 996
f 994 995 999
f 994 999 998
f 996 1000 999
f 996 999 995
f 993 994 998
f 993 998 997
f 1005 1006 1007
f 1005 1007 1008
f 1001 1005 1008
f 1001 1008 1004
f 1002 1003 1007
f 1002 1007 1006
f 1004 1008 1007
f 1004 1007 1003
f 1001 1002 1006
f 1001 1006 1005
f 1013 1014 1015
f 1013 1015 1016
f 1009 1013 1016
f 1009 1016 1012
f 1010 1011 1015
f 1010 1015 1014
f 1012 1016 1015
f 1012 1015 1011
f 1009 1010 1014
f 1009 1014 1013
f 1021 1022 1023
f 1021 1023 1024
f 1017 1021 1024
f 1017 1024 1020
f 1018 1019 1023
f 1018 1023 1022
f 1020 1024 1023
f 1020 1023 1019
f 1017 1018 1022
f 1017 1022 1021
f 1029 1030 1031
f 1029 1031 1032
f 1025 1029 1032
f 1025 1032 1028
f 1026 1027 1031
f 1026 1031 1030
f 1028 1032 1031
f 1028 1031 1027
f 1025 1026 1030
f 1025 1030 1029
f 1037 1038 1039
f 1037 1039 1040
f 1033 1037 1040
f 1033 1040 1036
f 1034 1035 1039
f 1034 1039 1038
f 1036 1040 1039
f 1036 1039 1035
f 1033 1034 1038
f 1033 1038 1037
f 1045 1046 1047
f 1045 1047 1048
f 1041 1045 1048
f 1041 1048 1044
f 1042 1043 1047
f 1042 1047 1046
f 1044 1048 1047
f 1044 1047 1043
f 1041 1042 1046
f 1041 1046 1045
f 1053 1054 1055
f 1053 1055 1056
f 1049 1053 1056
f 1049 1056 1052
f 1050 1051 1055
f 1050 1055 1054
f 1052 1056 1055
f 1052 1055 1051
f 1049 1050 1054
f 1049 1054 1053
f 1061 1062 1063
f 1061 1063 1064
f 1057 1061 1064
f 1057 1064 1060
f 1058 1059 1063
f 1058 1063 1062
f 1060 1064 1063
f 1060 1063 1059
f 1057 1058 1062
f 1057 1062 1061
f 1069 1070 1071
f 1069 1071 1072
f 1065 1069 1072
f 1065 1072 1068
f 1066 1067 1071
f 1066 1071 1070
f 1068 1072 1071
f 1068 1071 1067
f 1065 1066 1070
f 1065 1070 1069
f 1077 1078 1079
f 1077 1079 1080
f 1073 1077 1080
f 1073 1080 1076
f 1074 1075 1079
f 1074 1079 1078
f 1076 1080 1079
f 1076 1079 1075
f 1073 1074 1078
f 1073 1078 1077
f 1085 1086 1087
f 1085 1087 1088
f 1081 1085 1088
f 1081 1088 1084
f 1082 1083 1087
f 1082 1087 1086
f 1084 1088 1087
f 1084 1087 1083
f 1081 1082 1086
f 1081 1086 1085
f 1093 1094 1095
f 1093 1095 1096
f 1089 1093 1096
f 1089 1096 1092
f 1090 1091 1095
f 1090 1095 1094
f 1092 1096 1095
f 1092 1095 1091
f 1089 1090 1094
f 1089 1094 1093
f 1101 1102 1103
f 1101 1103 1104
f 1097 1101 1104
f 1097 1104 1100
f 1098 1099 1103
f 1098 1103 1102
f 1100 1104 1103
f 1100 1103 1099
f 1097 1098 1102
f 1097 1102 1101
f 1109 1110 1111
f 1109 1111 1112
f 1105 1109 1112
f 1105 1112 1108
f 1106 1107 1111
f 1106 1111 1110
f 1108 1112 1111
f 1108 1111 1107
f 1105 1106 1110
f 1105 1110 1109
f 1117 1118 1119
f 1117 1119 1120
f 1113 1117 1120
f 1113 1120 1116
f 1114 1115 1119
f 1114 1119 1118
f 1116 1120 1119
f 1116 1119 1115
f 1113 1114 1118
f 1113 1118 1117
f 1125 1126 1127
f 1125 1127 1128
f 1121 1125 1128
f 1121 1128 1124
f 1122 1123 1127
f 1122 1127 1126
f 1124 1128 1127
f 1124 1127 1123
f 1121 1122 1126
f 1121 1126 1125
f 1133 1134 1135
f 1133 1135 1136
f 1129 1133 1136
f 1129 1136 1132
f 1130 1131 1135
f 1130 1135 1134
f 1132 1136 1135
f 1132 1135 1131
f 1129 1130 1134
f 1129 1134 1133
f 1141 1142 1143
f 1141 1143 1144
f 1137 1141 1144
f 1137 1144 1140
f 1138 1139 1143
f 1138 1143 1142
f 1140 1144 1143
f 1140 1143 1139
f 1137 1138 1142
f 1137 1142 1141
f 1149 1150 1151
f 1149 1151 1152
f 1145 1149 1152
f 1145 1152 1148
f 1146 1147 1151
f 1146 1151 1150
f 1148 1152 1151
f 1148 1151 1147
f 1145 1146 1150
f 1145 1150 1149
f 1157 1158 1159
f 1157 1159 1160
f 1153 1157 1160
f 1153 1160 1156
f 1154 1155 1159
f 1154 1159 1158
f 1156 1160 1159
f 1156 1159 1155
f 1153 1154 1158
f 1153 1158 1157
f 1165 1166 1167
f 1165 1167 1168
f 1161 1165 1168
f 1161 1168 1164
f 1162 1163 1167
f 1162 1167 1166
f 1164 1168 1167
f 1164 1167 1163
f 1161 1162 1166
f 1161 1166 1165
f 1173 1174 1175
f 1173 1175 1176
f 1169 1173 1176
f 1169 1176 1172
f 1170 1171 1175
f 1170 1175 1174
f 1172 1176 1175
f 1172 1175 1171
f 1169 1170 1174
f 1169 1174 1173
f 1181 1182 1183
f 1181 1183 1184
f 1177 1181 1184
f 1177 1184 1180
f 1178 1179 1183
f 1178 1183 1182
f 1180 1184 1183
f 1180 1183 1179
f 1177 1178 1182
f 1177 1182 1181
f 1189 1190 1191
f 1189 1191 1192
f 1185 1189 1192
f 1185 1192 1188
f 1186 1187 1191
f 1186 1191 1190
f 1188 1192 1191
f 1188 1191 1187
f 1185 1186 1190
f 1185 1190 1189
f 1197 1198 1199
f 1197 1199 1200
f 1193 1197 1200
f 1193 1200 1196
f 1194 1195 1199
f 1194 1199 1198
f 1196 1200 1199
f 1196 1199 1195
f 1193 1194 1198
f 1193 1198 1197
f 1205 1206 1207
f 1205 1207 1208
f 1201 1205 1208
f 1201 1208 1204
f 1202 1203 1207
f 1202 1207 1206
f 1204 1208 1207
f 1204 1207 1203
f 1201 1202 1206
f 1201 1206 1205
f 1213 1214 1215
f 1213 1215 1216
f 1209 1213 1216
f 1209 1216 1212
f 1210 1211 1215
f 1210 1215 1214
f 1212 1216 1215
f 1212 1215 1211
f 1209 1210 1214
f 1209 1214 1213
f 1221 1222 1223
f 1221 1223 1224
f 1217 1221 1224
f 1217 1224 1220
f 1218 1219 1223
f 1218 1223 1222
f 1220 1224 1223
f 1220 1223 1219
f 1217 1218 1222
f 1217 1222 1221
f 1229 1230 1231
f 1229 1231 1232
f 1225 1229 1232
f 1225 1232 1228
f 1226 1227 1231
f 1226 1231 1230
f 1228 1232 1231
f 1228 1231 1227
f 1225 1226 1230
f 1225 1230 1229
f 1237 1238 1239
f 1237 1239 1240
f 1233 1237 1240
f 1233 1240 1236
f 1234 1235 1239
f 1234 1239 1238
f 1236 1240 1239
f 1236 1239 1235
f 1233 1234 1238
f 1233 1238 1237
f 1245 1246 1247
f 1245 1247 1248
f 1241 1245 1248
f 1241 1248 1244
f 1242 1243 1247
f 1242 1247 1246
f 1244 1248 1247
f 1244 1247 1243
f 1241 1242 1246
f 1241 1246 1245
f 1253 1254 1255
f 1253 1255 1256
f 1249 1253 1256
f 1249 1256 1252
f 1250 1251 1255
f 1250 1255 1254
f 1252 1256 1255
f 1252 1255 1251
f 1249 1250 1254
f 1249 1254 1253
f 1261 1262 1263
f 1261 1263 1264
f 1257 1261 1264
f 1257 1264 1260
f 1258 1259 1263
f 1258 1263 1262
f 1260 1264 1263
f 1260 1263 1259
f 1257 1258 1262
f 1257 1262 1261
f 1269 1270 1271
f 1269 1271 1272
f 1265 1269 1272
f 1265 1272 1268
f 1266 1267 1271
f 1266 1271 1270
f 1268 1272 1271
f 1268 1271 1267
f 1265 1266 1270
f 1265 1270 1269
f 1277 1278 1279
f 1277 1279 1280
f 1273 1277 1280
f 1273 1280 1276
f 1274 1275 1279
f 1274 1279 1278
f 1276 1280 1279
f 1276 1279 1275
f 1273 1274 1278
f 1273 1278 1277
f 1285 1286 1287
f 1285 1287 1288
f 1281 1285 1288
f 1281 1288 1284
f 1282 1283 1287
f 1282 1287 1286
f 1284 1288 1287
f 1284 1287 1283
f 1281 1282 1286
f 1281 1286 1285
f 1293 1294 1295
f 1293 1295 1296
f 1289 1293 1296
f 1289 1296 1292
f 1290 1291 1295
f 1290 1295 1294
f 1292 1296 1295
f 1292 1295 1291
f 1289 1290 1294
f 1289 1294 1293
f 1301 1302 1303
f 1301 1303 1304
f 1297 1301 1304
f 1297 1304 1300
f 1298 1299 1303
f 1298 1303 1302
f 1300 1304 1303
f 1300 1303 1299
f 1297 1298 1302
f 1297 1302 1301
f 1309 1310 1311
f 1309 1311 1312
f 1305 1309 1312
f 1305 1312 1308
f 1306 1307 1311
f 1306 1311 1310
f 1308 1312 1311
f 1308 1311 1307
f 1305 1306 1310
f 1305 1310 1309
f 1317 1318 1319
f 1317 1319 1320
f 1313 1317 1320
f 1313 1320 1316
f 1314 1315 1319
f 1314 1319 1318
f 1316 1320 1319
f 1316 1319 1315
f 1313 1314 1318
f 1313 1318 1317
f 1325 1326 1327
f 1325 1327 1328
f 1321 1325 1328
f 1321 1328 1324
f 1322 1323 1327
f 1322 1327 1326
f 1324 1328 1327
f 1324 1327 1323
f 1321 1322 1326
f 1321 1326 1325
f 1333 1334 1335
f 1333 1335 1336
f 1329 1333 1336
f 1329 1336 1332
f 1330 1331 1335
f 1330 1335 1334
f 1332 1336 1335
f 1332 1335 1331
f 1329 1330 1334
f 1329 1334 1333
f 1341 1342 1343
f 1341 1343 1344
f 1337 1341 1344
f 1337 1344 1340
f 1338 1339 1343
f 1338 1343 1342
f 1340 1344 1343
f 1340 1343 1339
f 1337 1338 1342
f 1337 1342 1341
f 1349 1350 1351
f 1349 1351 1352
f 1345 1349 1352
f 1345 1352 1348
f 1346 1347 1351
f 1346 1351 1350
f 1348 1352 1351
f 1348 1351 1347
f 1345 1346 1350
f 1345 1350 1349
f 1357 1358 1359
f 1357 1359 1360
f 1353 1357 1360
f 1353 1360 1356
f 1354 1355 1359
f 1354 1359 1358
f 1356 1360 1359
f 1356 1359 1355
f 1353 1354 1358
f 1353 1358 1357
f 1365 1366 1367
f 1365 1367 1368
f 1361 1365 1368
f 1361 1368 1364
f 1362 1363 1367
f 1362 1367 1366
f 1364 1368 1367
f 1364 1367 1363
f 1361 1362 1366
f 1361 1366 1365
f 1373 1374 1375
f 1373 1375 1376
f 1369 1373 1376
f 1369 1376 1372
f 1370 1371 1375
f 1370 1375 1374
f 1372 1376 1375
f 1372 1375 1371
f 1369 1370 1374
f 1369 1374 1373
f 1381 1382 1383
f 1381 1383 1384
f 1377 1381 1384
f 1377 1384 1380
f 1378 1379 1383
f 1378 1383 1382
f 1380 1384 1383
f 1380 1383 1379
f 1377 1378 1382
f 1377 1382 1381
f 1389 1390 1391
f 1389 1391 1392
f 1385 1389 1392
f 1385 1392 1388
f 1386 1387 1391
f 1386 1391 1390
f 1388 1392 1391
f 1388 1391 1387
f 1385 1386 1390
f 1385 1390 1389
f 1397 1398 1399
f 1397 1399 1400
f 1393 1397 1400
f 1393 1400 1396
f 1394 1395 1399
f 1394 1399 1398
f 1396 1400 1399
f 1396 1399 1395
f 1393 1394 1398
f 1393 1398 1397
f 1405 1406 1407
f 1405 1407 1408
f 1401 1405 1408
f 1401 1408 1404
f 1402 1403 1407
f 1402 1407 1406
f 1404 1408 1407
f 1404 1407 1403
f 1401 1402 1406
f 1401 1406 1405
f 1413 1414 1415
f 1413 1415 1416
f 1409 1413 1416
f 1409 1416 1412
f 1410 1411 1415
f 1410 1415 1414
f 1412 1416 1415
f 1412 1415 1411
f 1409 1410 1414
f 1409 1414 1413
f 1421 1422 1423
f 1421 1423 1424
f 1417 1421 1424
f 1417 1424 1420
f 1418 1419 1423
f 1418 1423 1422
f 1420 1424 1423
f 1420 1423 1419
f 1417 1418 1422
f 1417 1422 1421
f 1429 1430 1431
f 1429 1431 1432
f 1425 1429 1432
f 1425 1432 1428
f 1426 1427 1431
f 1426 1431 1430
f 1428 1432 1431
f 1428 1431 1427
f 1425 1426 1430
f 1425 1430 1429
f 1437 1438 1439
f 1437 1439 1440
f 1433 1437 1440
f 1433 1440 1436
f 1434 1435 1439
f 1434 1439 1438
f 1436 1440 1439
f 1436 1439 1435
f 1433 1434 1438
f 1433 1438 1437
f 1445 1446 1447
f 1445 1447 1448
f 1441 1445 1448
f 1441 1448 1444
f 1442 1443 1447
f 1442 1447 1446
f 1444 1448 1447
f 1444 1447 1443
f 1441 1442 1446
f 1441 1446 1445
f 1453 1454 1455
f 1453 1455 1456
f 1449 1453 1456
f 1449 1456 1452
f 1450 1451 1455
f 1450 1455 1454
f 1452 1456 1455
f 1452 1455 1451
f 1449 1450 1454
f 1449 1454 1453
f 1461 1462 1463
f 1461 1463 1464
f 1457 1461 1464
f 1457 1464 1460
f 1458 1459 1463
f 1458 1463 1462
f 1460 1464 1463
f 1460 1463 1459
f 1457 1458 1462
f 1457 1462 1461
f 1469 1470 1471
f 1469 1471 1472
f 1465 1469 1472
f 1465 1472 1468
f 1466 1467 1471
f 1466 1471 1470
f 1468 1472 1471
f 1468 1471 1467
f 1465 1466 1470
f 1465 1470 1469
f 1477 1478 1479
f 1477 1479 1480
f 1473 1477 1480
f 1473 1480 1476
f 1474 1475 1479
f 1474 1479 1478
f 1476 1480 1479
f 1476 1479 1475
f 1473 1474 1478
f 1473 1478 1477
f 1485 1486 1487
f 1485 1487 1488
f 1481 1485 1488
f 1481 1488 1484
f 1482 1483 1487
f 1482 1487 1486
f 1484 1488 1487
f 1484 1487 1483
f 1481 1482 1486
f 1481 1486 1485
f 1493 1494 1495
f 1493 1495 1496
f 1489 1493 1496
f 1489 1496 1492
f 1490 1491 1495
f 1490 1495 1494
f 1492 1496 1495
f 1492 1495 1491
f 1489 1490 1494
f 1489 1494 1493
f 1501 1502 1503
f 1501 1503 1504
f 1497 1501 1504
f 1497 1504 1500
f 1498 1499 1503
f 1498 1503 1502
f 1500 1504 1503
f 1500 1503 1499
f 1497 1498 1502
f 1497 1502 1501
f 1509 1510 1511
f 1509 1511 1512
f 1505 1509 1512
f 1505 1512 1508
f 1506 1507 1511
f 1506 1511 1510
f 1508 1512 1511
f 1508 1511 1507
f 1505 1506 1510
f 1505 1510 1509
f 1517 1518 1519
f 1517 1519 1520
f 1513 1517 1520
f 1513 1520 1516
f 1514 1515 1519
f 1514 1519 1518
f 1516 1520 1519
f 1516 1519 1515
f 1513 1514 1518
f 1513 1518 1517
f 1525 1526 1527
f 1525 1527 1528
f 1521 1525 1528
f 1521 1528 1524
f 1522 1523 1527
f 1522 1527 1526
f 1524 1528 1527
f 1524 1527 1523
f 1521 1522 1526
f 1521 1526 1525
f 1533 1534 1535
f 1533 1535 1536
f 1529 1533 1536
f 1529 1536 1532
f 1530 1531 1535
f 1530 1535 1534
f 1532 1536 1535
f 1532 1535 1531
f 1529 1530 1534
f 1529 1534 1533
f 1541 1542 1543
f 1541 1543 1544
f 1537 1541 1544
f 1537 1544 1540
f 1538 1539 1543
f 1538 1543 1542
f 1540 1544 1543
f 1540 1543 1539
f 1537 1538 1542
f 1537 1542 1541
f 1549 1550 1551
f 1549 1551 1552
f 1545 1549 1552
f 1545 1552 1548
f 1546 1547 1551
f 1546 1551 1550
f 1548 1552 1551
f 1548 1551 1547
f 1545 1546 1550
f 1545 1550 1549
f 1557 1558 1559
f 1557 1559 1560
f 1553 1557 1560
f 1553 1560 1556
f 1554 1555 1559
f 1554 1559 1558
f 1556 1560 1559
f 1556 1559 1555
f 1553 1554 1558
f 1553 1558 1557
f 1565 1566 1567
f 1565 1567 1568
f 1561 1565 1568
f 1561 1568 1564
f 1562 1563 1567
f 1562 1567 1566
f 1564 1568 1567
f 1564 1567 1563
f 1561 1562 1566
f 1561 1566 1565
f 1573 1574 1575
f 1573 1575 1576
f 1569 1573 1576
f 1569 1576 1572
f 1570 1571 1575
f 1570 1575 1574
f 1572 1576 1575
f 1572 1575 1571
f 1569 1570 1574
f 1569 1574 1573
f 1581 1582 1583
f 1581 1583 1584
f 1577 1581 1584
f 1577 1584 1580
f 1578 1579 1583
f 1578 1583 1582
f 1580 1584 1583
f 1580 1583 1579
f 1577 1578 1582
f 1577 1582 1581
f 1589 1590 1591
f 1589 1591 1592
f 1585 1589 1592
f 1585 1592 1588
f 1586 1587 1591
f 1586 1591 1590
f 1588 1592 1591
f 1588 1591 1587
f 1585 1586 1590
f 1585 1590 1589
f 1597 1598 1599
f 1597 1599 1600
f 1593 1597 1600
f 1593 1600 1596
f 1594 1595 1599
f 1594 1599 1598
f 1596 1600 1599
f 1596 1599 1595
f 1593 1594 1598
f 1593 1598 1597
f 1605 1606 1607
f 1605 1607 1608
f 1601 1605 1608
f 1601 1608 1604
f 1602 1603 1607
f 1602 1607 1606
f 1604 1608 1607
f 1604 1607 1603
f 1601 1602 1606
f 1601 1606 1605
f 1613 1614 1615
f 1613 1615 1616
f 1609 1613 1616
f 1609 1616 1612
f 1610 1611 1615
f 1610 1615 1614
f 1612 1616 1615
f 1612 1615 1611
f 1609 1610 1614
f 1609 1614 1613
f 1621 1622 1623
f 1621 1623 1624
f 1617 1621 1624
f 1617 1624 1620
f 1618 1619 1623
f 1618 1623 1622
f 1620 1624 1623
f 1620 1623 1619
f 1617 1618 1622
f 1617 1622 1621
f 1629 1630 1631
f 1629 1631 1632
f 1625 1629 1632
f 1625 1632 1628
f 1626 1627 1631
f 1626 1631 1630
f 1628 1632 1631
f 1628 1631 1627
f 1625 1626 1630
f 1625 1630 1629
f 1637 1638 1639
f 1637 1639 1640
f 1633 1637 1640
f 1633 1640 1636
f 1634 1635 1639
f 1634 1639 1638
f 1636 1640 1639
f 1636 1639 1635
f 1633 1634 1638
f 1633 1638 1637
f 1645 1646 1647
f 1645 1647 1648
f 1641 1645 1648
f 1641 1648 1644
f 1642 1643 1647
f 1642 1647 1646
f 1644 1648 1647
f 1644 1647 1643
f 1641 1642 1646
f 1641 1646 1645
f 1653 1654 1655
f 1653 1655 1656
f 1649 1653 1656
f 1649 1656 1652
f 1650 1651 1655
f 1650 1655 1654
f 1652 1656 1655
f 1652 1655 1651
f 1649 1650 1654
f 1649 1654 1653
f 1661 1662 1663
f 1661 1663 1664
f 1657 1661 1664
f 1657 1664 1660
f 1658 1659 1663
f 1658 1663 1662
f 1660 1664 1663
f 1660 1663 1659
f 1657 1658 1662
f 1657 1662 1661
f 1669 1670 1671
f 1669 1671 1672
f 1665 1669 1672
f 1665 1672 1668
f 1666 1667 1671
f 1666 1671 1670
f 1668 1672 1671
f 1668 1671 1667
f 1665 1666 1670
f 1665 1670 1669
f 1677 1678 1679
f 1677 1679 1680
f 1673 1677 1680
f 1673 1680 1676
f 1674 1675 1679
f 1674 1679 1678
f 1676 1680 1679
f 1676 1679 1675
f 1673 1674 1678
f 1673 1678 1677
f 1685 1686 1687
f 1685 1687 1688
f 1681 1685 1688
f 1681 1688 1684
f 1682 1683 1687
f 1682 1687 1686
f 1684 1688 1687
f 1684 1687 1683
f 1681 1682 1686
f 1681 1686 1685
f 1693 1694 1695
f 1693 1695 1696
f 1689 1693 1696
f 1689 1696 1692
f 1690 1691 1695
f 1690 1695 1694
f 1692 1696 1695
f 1692 1695 1691
f 1689 1690 1694
f 1689 1694 1693
f 1701 1702 1703
f 1701 1703 1704
f 1697 1701 1704
f 1697 1704 1700
f 1698 1699 1703
f 1698 1703 1702
f 1700 1704 1703
f 1700 1703 1699
f 1697 1698 1702
f 1697 1702 1701
f 1709 1710 1711
f 1709 1711 1712
f 1705 1709 1712
f 1705 1712 1708
f 1706 1707 1711
f 1706 1711 1710
f 1708 1712 1711
f 1708 1711 1707
f 1705 1706 1710
f 1705 1710 1709
f 1717 1718 1719
f 1717 1719 1720
f 1713 1717 1720
f 1713 1720 1716
f 1714 1715 1719
f 1714 1719 1718
f 1716 1720 1719
f 1716 1719 1715
f 1713 1714 1718
f 1713 1718 1717
f 1725 1726 1727
f 1725 1727 1728
f 1721 1725 1728
f 1721 1728 1724
f 1722 1723 1727
f 1722 1727 1726
f 1724 1728 1727
f 1724 1727 1723
f 1721 1722 1726
f 1721 1726 1725
f 1733 1734 1735
f 1733 1735 1736
f 1729 1733 1736
f 1729 1736 1732
f 1730 1731 1735
f 1730 1735 1734
f 1732 1736 1735
f 1732 1735 1731
f 1729 1730 1734
f 1729 1734 1733
f 1741 1742 1743
f 1741 1743 1744
f 1737 1741 1744
f 1737 1744 1740
f 1738 1739 1743
f 1738 1743 1742
f 1740 1744 1743
f 1740 1743 1739
f 1737 1738 1742
f 1737 1742 1741
f 1749 1750 1751
f 1749 1751 1752
f 1745 1749 1752
f 1745 1752 1748
f 1746 1747 1751
f 1746 1751 1750
f 1748 1752 1751
f 1748 1751 1747
f 1745 1746 1750
f 1745 1750 1749
f 1757 1758 1759
f 1757 1759 1760
f 1753 1757 1760
f 1753 1760 1756
f 1754 1755 1759
f 1754 1759 1758
f 1756 1760 1759
f 1756 1759 1755
f 1753 1754 1758
f 1753 1758 1757
f 1765 1766 1767
f 1765 1767 1768
f 1761 1765 1768
f 1761 1768 1764
f 1762 1763 1767
f 1762 1767 1766
f 1764 1768 1767
f 1764 1767 1763
f 1761 1762 1766
f 1761 1766 1765
f 1773 1774 1775
f 1773 1775 1776
f 1769 1773 1776
f 1769 1776 1772
f 1770 1771 1775
f 1770 1775 1774
f 1772 1776 1775
f 1772 1775 1771
f 1769 1770 1774
f 1769 1774 1773
f 1781 1782 1783
f 1781 1783 1784
f 1777 1781 1784
f 1777 1784 1780
f 1778 1779 1783
f 1778 1783 1782
f 1780 1784 1783
f 1780 1783 1779
f 1777 1778 1782
f 1777 1782 1781
f 1789 1790 1791
f 1789 1791 1792
f 1785 1789 1792
f 1785 1792 1788
f 1786 1787 1791
f 1786 1791 1790
f 1788 1792 1791
f 1788 1791 1787
f 1785 1786 1790
f 1785 1790 1789
f 1797 1798 1799
f 1797 1799 1800
f 1793 1797 1800
f 1793 1800 1796
f 1794 1795 1799
f 1794 1799 1798
f 1796 1800 1799
f 1796 1799 1795
f 1793 1794 1798
f 1793 1798 1797
f 1805 1806 1807
f 1805 1807 1808
f 1801 1805 1808
f 1801 1808 1804
f 1802 1803 1807
f 1802 1807 1806
f 1804 1808 1807
f 1804 1807 1803
f 1801 1802 1806
f 1801 1806 1805
f 1813 1814 1815
f 1813 1815 1816
f 1809 1813 1816
f 1809 1816 1812
f 1810 1811 1815
f 1810 1815 1814
f 1812 1816 1815
f 1812 1815 1811
f 1809 1810 1814
f 1809 1814 1813
f 1821 1822 1823
f 1821 1823 1824
f 1817 1821 1824
f 1817 1824 1820
f 1818 1819 1823
f 1818 1823 1822
f 1820 1824 1823
f 1820 1823 1819
f 1817 1818 1822
f 1817 1822 1821
f 1829 1830 1831
f 1829 1831 1832
f 1825 1829 1832
f 1825 1832 1828
f 1826 1827 1831
f 1826 1831 1830
f 1828 1832 1831
f 1828 1831 1827
f 1825 1826 1830
f 1825 1830 1829
f 1837 1838 1839
f 1837 1839 1840
f 1833 1837 1840
f 1833 1840 1836
f 1834 1835 1839
f 1834 1839 1838
f 1836 1840 1839
f 1836 1839 1835
f 1833 1834 1838
f 1833 1838 1837
f 1845 1846 1847
f 1845 1847 1848
f 1841 1845 1848
f 1841 1848 1844
f 1842 1843 1847
f 1842 1847 1846
f 1844 1848 1847
f 1844 1847 1843
f 1841 1842 1846
f 1841 1846 1845
f 1853 1854 1855
f 1853 1855 1856
f 1849 1853 1856
f 1849 1856 1852
f 1850 1851 1855
f 1850 1855 1854
f 1852 1856 1855
f 1852 1855 1851
f 1849 1850 1854
f 1849 1854 1853
f 1861 1862 1863
f 1861 1863 1864
f 1857 1861 1864
f 1857 1864 1860
f 1858 1859 1863
f 1858 1863 1862
f 1860 1864 1863
f 1860 1863 1859
f 1857 1858 1862
f 1857 1862 1861
f 1869 1870 1871
f 1869 1871 1872
f 1865 1869 1872
f 1865 1872 1868
f 1866 1867 1871
f 1866 1871 1870
f 1868 1872 1871
f 1868 1871 1867
f 1865 1866 1870
f 1865 1870 1869
f 1877 1878 1879
f 1877 1879 1880
f 1873 1877 1880
f 1873 1880 1876
f 1874 1875 1879
f 1874 1879 1878
f 1876 1880 1879
f 1876 1879 1875
f 1873 1874 1878
f 1873 1878 1877
f 1885 1886 1887
f 1885 1887 1888
f 1881 1885 1888
f 1881 1888 1884
f 1882 1883 1887
f 1882 1887 1886
f 1884 1888 1887
f 1884 1887 1883
f 1881 1882 1886
f 1881 1886 1885
f 1893 1894 1895
f 1893 1895 1896
f 1889 1893 1896
f 1889 1896 1892
f 1890 1891 1895
f 1890 1895 1894
f 1892 1896 1895
f 1892 1895 1891
f 1889 1890 1894
f 1889 1894 1893
f 1901 1902 1903
f 1901 1903 1904
f 1897 1901 1904
f 1897 1904 1900
f 1898 1899 1903
f 1898 1903 1902
f 1900 1904 1903
f 1900 1903 1899
f 1897 1898 1902
f 1897 1902 1901
f 1909 1910 1911
f 1909 1911 1912
f 1905 1909 1912
f 1905 1912 1908
f 1906 1907 1911
f 1906 1911 1910
f 1908 1912 1911
f 1908 1911 1907
f 1905 1906 1910
f 1905 1910 1909
f 1917 1918 1919
f 1917 1919 1920
f 1913 1917 1920
f 1913 1920 1916
f 1914 1915 1919
f 1914 1919 1918
f 1916 1920 1919
f 1916 1919 1915
f 1913 1914 1918
f 1913 1918 1917
f 1925 1926 1927
f 1925 1927 1928
f 1921 1925 1928
f 1921 1928 1924
f 1922 1923 1927
f 1922 1927 1926
f 1924 1928 1927
f 1924 1927 1923
f 1921 1922 1926
f 1921 1926 1925
f 1933 1934 1935
f 1933 1935 1936
f 1929 1933 1936
f 1929 1936 1932
f 1930 1931 1935
f 1930 1935 1934
f 1932 1936 1935
f 1932 1935 1931
f 1929 1930 1934
f 1929 1934 1933
f 1941 1942 1943
f 1941 1943 1944
f 1937 1941 1944
f 1937 1944 1940
f 1938 1939 1943
f 1938 1943 1942
f 1940 1944 1943
f 1940 1943 1939
f 1937 1938 1942
f 1937 1942 1941
f 1949 1950 1951
f 1949 1951 1952
f 1945 1949 1952
f 1945 1952 1948
f 1946 1947 1951
f 1946 1951 1950
f 1948 1952 1951
f 1948 1951 1947
f 1945 1946 1950
f 1945 1950 1949
f 1957 1958 1959
f 1957 1959 1960
f 1953 1957 1960
f 1953 1960 1956
f 1954 1955 1959
f 1954 1959 1958
f 1956 1960 1959
f 1956 1959 1955
f 1953 1954 1958
f 1953 1958 1957
f 1965 1966 1967
f 1965 1967 1968
f 1961 1965 1968
f 1961 1968 1964
f 1962 1963 1967
f 1962 1967 1966
f 1964 1968 1967
f 1964 1967 1963
f 1961 1962 1966
f 1961 1966 1965
f 1973 1974 1975
f 1973 1975 1976
f 1969 1973 1976
f 1969 1976 1972
f 1970 1971 1975
f 1970 1975 1974
f 1972 1976 1975
f 1972 1975 1971
f 1969 1970 1974
f 1969 1974 1973
f 1981 1982 1983
f 1981 1983 1984
f 1977 1981 1984
f 1977 1984 1980
f 1978 1979 1983
f 1978 1983 1982
f 1980 1984 1983
f 1980 1983 1979
f 1977 1978 1982
f 1977 1982 1981
f 1989 1990 1991
f 1989 1991 1992
f 1985 1989 1992
f 1985 1992 1988
f 1986 1987 1991
f 1986 1991 1990
f 1988 1992 1991
f 1988 1991 1987
f 1985 1986 1990
f 1985 1990 1989
f 1997 1998 1999
f 1997 1999 2000
f 1993 1997 2000
f 1993 2000 1996
f 1994 1995 1999
f 1994 1999 1998
f 1996 2000 1999
f 1996 1999 1995
f 1993 1994 1998
f 1993 1998 1997
f 2005 2006 2007
f 2005 2007 2008
f 2001 2005 2008
f 2001 2008 2004
f 2002 2003 2007
f 2002 2007 2006
f 2004 2008 2007
f 2004 2007 2003
f 2001 2002 2006
f 2001 2006 2005
f 2013 2014 2015
f 2013 2015 2016
f 2009 2013 2016
f 2009 2016 2012
f 2010 2011 2015
f 2010 2015 2014
f 2012 2016 2015
f 2012 2015 2011
f 2009 2010 2014
f 2009 2014 2013
f 2021 2022 2023
f 2021 2023 2024
f 2017 2021 2024
f 2017 2024 2020
f 2018 2019 2023
f 2018 2023 2022
f 2020 2024 2023
f 2020 2023 2019
f 2017 2018 2022
f 2017 2022 2021
f 2029 2030 2031
f 2029 2031 2032
f 2025 2029 2032
f 2025 2032 2028
f 2026 2027 2031
f 2026 2031 2030
f 2028 2032 2031
f 2028 2031 2027
f 2025 2026 2030
f 2025 2030 2029
f 2037 2038 2039
f 2037 2039 2040
f 2033 2037 2040
f 2033 2040 2036
f 2034 2035 2039
f 2034 2039 2038
f 2036 2040 2039
f 2036 2039 2035
f 2033 2034 2038
f 2033 2038 2037
f 2045 2046 2047
f 2045 2047 2048
f 2041 2045 2048
f 2041 2048 2044
f 2042 2043 2047
f 2042 2047 2046
f 2044 2048 2047
f 2044 2047 2043
f 2041 2042 2046
f 2041 2046 2045
f 2053 2054 2055
f 2053 2055 2056
f 2049 2053 2056
f 2049 2056 2052
f 2050 2051 2055
f 2050 2055 2054
f 2052 2056 2055
f 2052 2055 2051
f 2049 2050 2054
f 2049 2054 2053
f 2061 2062 2063
f 2061 2063 2064
f 2057 2061 2064
f 2057 2064 2060
f 2058 2059 2063
f 2058 2063 2062
f 2060 2064 2063
f 2060 2063 2059
f 2057 2058 2062
f 2057 2062 2061
f 2069 2070 2071
f 2069 2071 2072
f 2065 2069 2072
f 2065 2072 2068
f 2066 2067 2071
f 2066 2071 2070
f 2068 2072 2071
f 2068 2071 2067
f 2065 2066 2070
f 2065 2070 2069
f 2077 2078 2079
f 2077 2079 2080
f 2073 2077 2080
f 2073 2080 2076
f 2074 2075 2079
f 2074 2079 2078
f 2076 2080 2079
f 2076 2079 2075
f 2073 2074 2078
f 2073 2078 2077
f 2085 2086 2087
f 2085 2087 2088
f 2081 2085 2088
f 2081 2088 2084
f 2082 2083 2087
f 2082 2087 2086
f 2084 2088 2087
f 2084 2087 2083
f 2081 2082 2086
f 2081 2086 2085
f 2093 2094 2095
f 2093 2095 2096
f 2089 2093 2096
f 2089 2096 2092
f 2090 2091 2095
f 2090 2095 2094
f 2092 2096 2095
f 2092 2095 2091
f 2089 2090 2094
f 2089 2094 2093
f 2101 2102 2103
f 2101 2103 2104
f 2097 2101 2104
f 2097 2104 2100
f 2098 2099 2103
f 2098 2103 2102
f 2100 2104 2103
f 2100 2103 2099
f 2097 2098 2102
f 2097 2102 2101
f 2109 2110 2111
f 2109 2111 2112
f 2105 2109 2112
f 2105 2112 2108
f 2106 2107 2111
f 2106 2111 2110
f 2108 2112 2111
f 2108 2111 2107
f 2105 2106 2110
f 2105 2110 2109
f 2117 2118 2119
f 2117 2119 2120
f 2113 2117 2120
f 2113 2120 2116
f 2114 2115 2119
f 2114 2119 2118
f 2116 2120 2119
f 2116 2119 2115
f 2113 2114 2118
f 2113 2118 2117
f 2125 2126 2127
f 2125 2127 2128
f 2121 2125 2128
f 2121 2128 2124
f 2122 2123 2127
f 2122 2127 2126
f 2124 2128 2127
f 2124 2127 2123
f 2121 2122 2126
f 2121 2126 2125
f 2133 2134 2135
f 2133 2135 2136
f 2129 2133 2136
f 2129 2136 2132
f 2130 2131 2135
f 2130 2135 2134
f 2132 2136 2135
f 2132 2135 2131
f 2129 2130 2134
f 2129 2134 2133
f 2141 2142 2143
f 2141 2143 2144
f 2137 2141 2144
f 2137 2144 2140
f 2138 2139 2143
f 2138 2143 2142
f 2140 2144 2143
f 2140 2143 2139
f 2137 2138 2142
f 2137 2142 2141
f 2149 2150 2151
f 2149 2151 2152
f 2145 2149 2152
f 2145 2152 2148
f 2146 2147 2151
f 2146 2151 2150
f 2148 2152 2151
f 2148 2151 2147
f 2145 2146 2150
f 2145 2150 2149
f 2157 2158 2159
f 2157 2159 2160
f 2153 2157 2160
f 2153 2160 2156
f 2154 2155 2159
f 2154 2159 2158
f 2156 2160 2159
f 2156 2159 2155
f 2153 2154 2158
f 2153 2158 2157
f 2165 2166 2167
f 2165 2167 2168
f 2161 2165 2168
f 2161 2168 2164
f 2162 2163 2167
f 2162 2167 2166
f 2164 2168 2167
f 2164 2167 2163
f 2161 2162 2166
f 2161 2166 2165
f 2173 2174 2175
f 2173 2175 2176
f 2169 2173 2176
f 2169 2176 2172
f 2170 2171 2175
f 2170 2175 2174
f 2172 2176 2175
f 2172 2175 2171
f 2169 2170 2174
f 2169 2174 2173
f 2181 2182 2183
f 2181 2183 2184
f 2177 2181 2184
f 2177 2184 2180
f 2178 2179 2183
f 2178 2183 2182
f 2180 2184 2183
f 2180 2183 2179
f 2177 2178 2182
f 2177 2182 2181
f 2189 2190 2191
f 2189 2191 2192
f 2185 2189 2192
f 2185 2192 2188
f 2186 2187 2191
f 2186 2191 2190
f 2188 2192 2191
f 2188 2191 2187
f 2185 2186 2190
f 2185 2190 2189
f 2197 2198 2199
f 2197 2199 2200
f 2193 2197 2200
f 2193 2200 2196
f 2194 2195 2199
f 2194 2199 2198
f 2196 2200 2199
f 2196 2199 2195
f 2193 2194 2198
f 2193 2198 2197
f 2205 2206 2207
f 2205 2207 2208
f 2201 2205 2208
f 2201 2208 2204
f 2202 2203 2207
f 2202 2207 2206
f 2204 2208 2207
f 2204 2207 2203
f 2201 2202 2206
f 2201 2206 2205
f 2213 2214 2215
f 2213 2215 2216
f 2209 2213 2216
f 2209 2216 2212
f 2210 2211 2215
f 2210 2215 2214
f 2212 2216 2215
f 2212 2215 2211
f 2209 2210 2214
f 2209 2214 2213
f 2221 2222 2223
f 2221 2223 2224
f 2217 2221 2224
f 2217 2224 2220
f 2218 2219 2223
f 2218 2223 2222
f 2220 2224 2223
f 2220 2223 2219
f 2217 2218 2222
f 2217 2222 2221
f 2229 2230 2231
f 2229 2231 2232
f 2225 2229 2232
f 2225 2232 2228
f 2226 2227 2231
f 2226 2231 2230
f 2228 2232 2231
f 2228 2231 2227
f 2225 2226 2230
f 2225 2230 2229
f 2237 2238 2239
f 2237 2239 2240
f 2233 2237 2240
f 2233 2240 2236
f 2234 2235 2239
f 2234 2239 2238
f 2236 2240 2239
f 2236 2239 2235
f 2233 2234 2238
f 2233 2238 2237
f 2245 2246 2247
f 2245 2247 2248
f 2241 2245 2248
f 2241 2248 2244
f 2242 2243 2247
f 2242 2247 2246
f 2244 2248 2247
f 2244 2247 2243
f 2241 2242 2246
f 2241 2246 2245
f 2253 2254 2255
f 2253 2255 2256
f 2249 2253 2256
f 2249 2256 2252
f 2250 2251 2255
f 2250 2255 2254
f 2252 2256 2255
f 2252 2255 2251
f 2249 2250 2254
f 2249 2254 2253
f 2261 2262 2263
f 2261 2263 2264
f 2257 2261 2264
f 2257 2264 2260
f 2258 2259 2263
f 2258 2263 2262
f 2260 2264 2263
f 2260 2263 2259
f 2257 2258 2262
f 2257 2262 2261
f 2269 2270 2271
f 2269 2271 2272
f 2265 2269 2272
f 2265 2272 2268
f 2266 2267 2271
f 2266 2271 2270
f 2268 2272 2271
f 2268 2271 2267
f 2265 2266 2270
f 2265 2270 2269
f 2277 2278 2279
f 2277 2279 2280
f 2273 2277 2280
f 2273 2280 2276
f 2274 2275 2279
f 2274 2279 2278
f 2276 2280 2279
f 2276 2279 2275
f 2273 2274 2278
f 2273 2278 2277
f 2285 2286 2287
f 2285 2287 2288
f 2281 2285 2288
f 2281 2288 2284
f 2282 2283 2287
f 2282 2287 2286
f 2284 2288 2287
f 2284 2287 2283
f 2281 2282 2286
f 2281 2286 2285
f 2293 2294 2295
f 2293 2295 2296
f 2289 2293 2296
f 2289 2296 2292
f 2290 2291 2295
f 2290 2295 2294
f 2292 2296 2295
f 2292 2295 2291
f 2289 2290 2294
f 2289 2294 2293
f 2301 2302 2303
f 2301 2303 2304
f 2297 2301 2304
f 2297 2304 2300
f 2298 2299 2303
f 2298 2303 2302
f 2300 2304 2303
f 2300 2303 2299
f 2297 2298 2302
f 2297 2302 2301
f 2309 2310 2311
f 2309 2311 2312
f 2305 2309 2312
f 2305 2312 2308
f 2306 2307 2311
f 2306 2311 2310
f 2308 2312 2311
f 2308 2311 2307
f 2305 2306 2310
f 2305 2310 2309
f 2317 2318 2319
f 2317 2319 2320
f 2313 2317 2320
f 2313 2320 2316
f 2314 2315 2319
f 2314 2319 2318
f 2316 2320 2319
f 2316 2319 2315
f 2313 2314 2318
f 2313 2318 2317
f 2325 2326 2327
f 2325 2327 2328
f 2321 2325 2328
f 2321 2328 2324
f 2322 2323 2327
f 2322 2327 2326
f 2324 2328 2327
f 2324 2327 2323
f 2321 2322 2326
f 2321 2326 2325
f 2333 2334 2335
f 2333 2335 2336
f 2329 2333 2336
f 2329 2336 2332
f 2330 2331 2335
f 2330 2335 2334
f 2332 2336 2335
f 2332 2335 2331
f 2329 2330 2334
f 2329 2334 2333
f 2341 2342 2343
f 2341 2343 2344
f 2337 2341 2344
f 2337 2344 2340
f 2338 2339 2343
f 2338 2343 2342
f 2340 2344 2343
f 2340 2343 2339
f 2337 2338 2342
f 2337 2342 2341
f 2349 2350 2351
f 2349 2351 2352
f 2345 2349 2352
f 2345 2352 2348
f 2346 2347 2351
f 2346 2351 2350
f 2348 2352 2351
f 2348 2351 2347
f 2345 2346 2350
f 2345 2350 2349
f 2357 2358 2359
f 2357 2359 2360
f 2353 2357 2360
f 2353 2360 2356
f 2354 2355 2359
f 2354 2359 2358
f 2356 2360 2359
f 2356 2359 2355
f 2353 2354 2358
f 2353 2358 2357
f 2365 2366 2367
f 2365 2367 2368
f 2361 2365 2368
f 2361 2368 2364
f 2362 2363 2367
f 2362 2367 2366
f 2364 2368 2367
f 2364 2367 2363
f 2361 2362 2366
f 2361 2366 2365
f 2373 2374 2375
f 2373 2375 2376
f 2369 2373 2376
f 2369 2376 2372
f 2370 2371 2375
f 2370 2375 2374
f 2372 2376 2375
f 2372 2375 2371
f 2369 2370 2374
f 2369 2374 2373
f 2381 2382 2383
f 2381 2383 2384
f 2377 2381 2384
f 2377 2384 2380
f 2378 2379 2383
f 2378 2383 2382
f 2380 2384 2383
f 2380 2383 2379
f 2377 2378 2382
f 2377 2382 2381
f 2389 2390 2391
f 2389 2391 2392
f 2385 2389 2392
f 2385 2392 2388
f 2386 2387 2391
f 2386 2391 2390
f 2388 2392 2391
f 2388 2391 2387
f 2385 2386 2390
f 2385 2390 2389
f 2397 2398 2399
f 2397 2399 2400
f 2393 2397 2400
f 2393 2400 2396
f 2394 2395 2399
f 2394 2399 2398
f 2396 2400 2399
f 2396 2399 2395
f 2393 2394 2398
f 2393 2398 2397
f 2405 2406 2407
f 2405 2407 2408
f 2401 2405 2408
f 2401 2408 2404
f 2402 2403 2407
f 2402 2407 2406
f 2404 2408 2407
f 2404 2407 2403
f 2401 2402 2406
f 2401 2406 2405
f 2413 2414 2415
f 2413 2415 2416
f 2409 2413 2416
f 2409 2416 2412
f 2410 2411 2415
f 2410 2415 2414
f 2412 2416 2415
f 2412 2415 2411
f 2409 2410 2414
f 2409 2414 2413
f 2421 2422 2423
f 2421 2423 2424
f 2417 2421 2424
f 2417 2424 2420
f 2418 2419 2423
f 2418 2423 2422
f 2420 2424 2423
f 2420 2423 2419
f 2417 2418 2422
f 2417 2422 2421
f 2429 2430 2431
f 2429 2431 2432
f 2425 2429 2432
f 2425 2432 2428
f 2426 2427 2431
f 2426 2431 2430
f 2428 2432 2431
f 2428 2431 2427
f 2425 2426 2430
f 2425 2430 2429
f 2437 2438 2439
f 2437 2439 2440
f 2433 2437 2440
f 2433 2440 2436
f 2434 2435 2439
f 2434 2439 2438
f 2436 2440 2439
f 2436 2439 2435
f 2433 2434 2438
f 2433 2438 2437
f 2445 2446 2447
f 2445 2447 2448
f 2441 2445 2448
f 2441 2448 2444
f 2442 2443 2447
f 2442 2447 2446
f 2444 2448 2447
f 2444 2447 2443
f 2441 2442 2446
f 2441 2446 2445
f 2453 2454 2455
f 2453 2455 2456
f 2449 2453 2456
f 2449 2456 2452
f 2450 2451 2455
f 2450 2455 2454
f 2452 2456 2455
f 2452 2455 2451
f 2449 2450 2454
f 2449 2454 2453
f 2461 2462 2463
f 2461 2463 2464
f 2457 2461 2464
f 2457 2464 2460
f 2458 2459 2463
f 2458 2463 2462
f 2460 2464 2463
f 2460 2463 2459
f 2457 2458 2462
f 2457 2462 2461
f 2469 2470 2471
f 2469 2471 2472
f 2465 2469 2472
f 2465 2472 2468
f 2466 2467 2471
f 2466 2471 2470
f 2468 2472 2471
f 2468 2471 2467
f 2465 2466 2470
f 2465 2470 2469
f 2477 2478 2479
f 2477 2479 2480
f 2473 2477 2480
f 2473 2480 2476
f 2474 2475 2479
f 2474 2479 2478
f 2476 2480 2479
f 2476 2479 2475
f 2473 2474 2478
f 2473 2478 2477
f 2485 2486 2487
f 2485 2487 2488
f 2481 2485 2488
f 2481 2488 2484
f 2482 2483 2487
f 2482 2487 2486
f 2484 2488 2487
f 2484 2487 2483
f 2481 2482 2486
f 2481 2486 2485
f 2493 2494 2495
f 2493 2495 2496
f 2489 2493 2496
f 2489 2496 2492
f 2490 2491 2495
f 2490 2495 2494
f 2492 2496 2495
f 2492 2495 2491
f 2489 2490 2494
f 2489 2494 2493
f 2501 2502 2503
f 2501 2503 2504
f 2497 2501 2504
f 2497 2504 2500
f 2498 2499 2503
f 2498 2503 2502
f 2500 2504 2503
f 2500 2503 2499
f 2497 2498 2502
f 2497 2502 2501
f 2509 2510 2511
f 2509 2511 2512
f 2505 2509 2512
f 2505 2512 2508
f 2506 2507 2511
f 2506 2511 2510
f 2508 2512 2511
f 2508 2511 2507
f 2505 2506 2510
f 2505 2510 2509
f 2517 2518 2519
f 2517 2519 2520
f 2513 2517 2520
f 2513 2520 2516
f 2514 2515 2519
f 2514 2519 2518
f 2516 2520 2519
f 2516 2519 2515
f 2513 2514 2518
f 2513 2518 2517
f 2525 2526 2527
f 2525 2527 2528
f 2521 2525 2528
f 2521 2528 2524
f 2522 2523 2527
f 2522 2527 2526
f 2524 2528 2527
f 2524 2527 2523
f 2521 2522 2526
f 2521 2526 2525
f 2533 2534 2535
f 2533 2535 2536
f 2529 2533 2536
f 2529 2536 2532
f 2530 2531 2535
f 2530 2535 2534
f 2532 2536 2535
f 2532 2535 2531
f 2529 2530 2534
f 2529 2534 2533
f 2541 2542 2543
f 2541 2543 2544
f 2537 2541 2544
f 2537 2544 2540
f 2538 2539 2543
f 2538 2543 2542
f 2540 2544 2543
f 2540 2543 2539
f 2537 2538 2542
f 2537 2542 2541
f 2549 2550 2551
f 2549 2551 2552
f 2545 2549 2552
f 2545 2552 2548
f 2546 2547 2551
f 2546 2551 2550
f 2548 2552 2551
f 2548 2551 2547
f 2545 2546 2550
f 2545 2550 2549
f 2557 2558 2559
f 2557 2559 2560
f 2553 2557 2560
f 2553 2560 2556
f 2554 2555 2559
f 2554 2559 2558
f 2556 2560 2559
f 2556 2559 2555
f 2553 2554 2558
f 2553 2558 2557
f 2565 2566 2567
f 2565 2567 2568
f 2561 2565 2568
f 2561 2568 2564
f 2562 2563 2567
f 2562 2567 2566
f 2564 2568 2567
f 2564 2567 2563
f 2561 2562 2566
f 2561 2566 2565
f 2573 2574 2575
f 2573 2575 2576
f 2569 2573 2576
f 2569 2576 2572
f 2570 2571 2575
f 2570 2575 2574
f 2572 2576 2575
f 2572 2575 2571
f 2569 2570 2574
f 2569 2574 2573
f 2581 2582 2583
f 2581 2583 2584
f 2577 2581 2584
f 2577 2584 2580
f 2578 2579 2583
f 2578 2583 2582
f 2580 2584 2583
f 2580 2583 2579
f 2577 2578 2582
f 2577 2582 2581
f 2589 2590 2591
f 2589 2591 2592
f 2585 2589 2592
f 2585 2592 2588
f 2586 2587 2591
f 2586 2591 2590
f 2588 2592 2591
f 2588 2591 2587
f 2585 2586 2590
f 2585 2590 2589
f 2597 2598 2599
f 2597 2599 2600
f 2593 2597 2600
f 2593 2600 2596
f 2594 2595 2599
f 2594 2599 2598
f 2596 2600 2599
f 2596 2599 2595
f 2593 2594 2598
f 2593 2598 2597
f 2605 2606 2607
f 2605 2607 2608
f 2601 2605 2608
f 2601 2608 2604
f 2602 2603 2607
f 2602 2607 2606
f 2604 2608 2607
f 2604 2607 2603
f 2601 2602 2606
f 2601 2606 2605
f 2613 2614 2615
f 2613 2615 2616
f 2609 2613 2616
f 2609 2616 2612
f 2610 2611 2615
f 2610 2615 2614
f 2612 2616 2615
f 2612 2615 2611
f 2609 2610 2614
f 2609 2614 2613
f 2621 2622 2623
f 2621 2623 2624
f 2617 2621 2624
f 2617 2624 2620
f 2618 2619 2623
f 2618 2623 2622
f 2620 2624 2623
f 2620 2623 2619
f 2617 2618 2622
f 2617 2622 2621
f 2629 2630 2631
f 2629 2631 2632
f 2625 2629 2632
f 2625 2632 2628
f 2626 2627 2631
f 2626 2631 2630
f 2628 2632 2631
f 2628 2631 2627
f 2625 2626 2630
f 2625 2630 2629
f 2637 2638 2639
f 2637 2639 2640
f 2633 2637 2640
f 2633 2640 2636
f 2634 2635 2639
f 2634 2639 2638
f 2636 2640 2639
f 2636 2639 2635
f 2633 2634 2638
f 2633 2638 2637
f 2645 2646 2647
f 2645 2647 2648
f 2641 2645 2648
f 2641 2648 2644
f 2642 2643 2647
f 2642 2647 2646
f 2644 2648 2647
f 2644 2647 2643
f 2641 2642 2646
f 2641 2646 2645
f 2653 2654 2655
f 2653 2655 2656
f 2649 2653 2656
f 2649 2656 2652
f 2650 2651 2655
f 2650 2655 2654
f 2652 2656 2655
f 2652 2655 2651
f 2649 2650 2654
f 2649 2654 2653
f 2661 2662 2663
f 2661 2663 2664
f 2657 2661 2664
f 2657 2664 2660
f 2658 2659 2663
f 2658 2663 2662
f 2660 2664 2663
f 2660 2663 2659
f 2657 2658 2662
f 2657 2662 2661
f 2669 2670 2671
f 2669 2671 2672
f 2665 2669 2672
f 2665 2672 2668
f 2666 2667 2671
f 2666 2671 2670
f 2668 2672 2671
f 2668 2671 2667
f 2665 2666 2670
f 2665 2670 2669
f 2677 2678 2679
f 2677 2679 2680
f 2673 2677 2680
f 2673 2680 2676
f 2674 2675 2679
f 2674 2679 2678
f 2676 2680 2679
f 2676 2679 2675
f 2673 2674 2678
f 2673 2678 2677
f 2685 2686 2687
f 2685 2687 2688
f 2681 2685 2688
f 2681 2688 2684
f 2682 2683 2687
f 2682 2687 2686
f 2684 2688 2687
f 2684 2687 2683
f 2681 2682 2686
f 2681 2686 2685
f 2693 2694 2695
f 2693 2695 2696
f 2689 2693 2696
f 2689 2696 2692
f 2690 2691 2695
f 2690 2695 2694
f 2692 2696 2695
f 2692 2695 2691
f 2689 2690 2694
f 2689 2694 2693
f 2701 2702 2703
f 2701 2703 2704
f 2697 2701 2704
f 2697 2704 2700
f 2698 2699 2703
f 2698 2703 2702
f 2700 2704 2703
f 2700 2703 2699
f 2697 2698 2702
f 2697 2702 2701
f 2709 2710 2711
f 2709 2711 2712
f 2705 2709 2712
f 2705 2712 2708
f 2706 2707 2711
f 2706 2711 2710
f 2708 2712 2711
f 2708 2711 2707
f 2705 2706 2710
f 2705 2710 2709
f 2717 2718 2719
f 2717 2719 2720
f 2713 2717 2720
f 2713 2720 2716
f 2714 2715 2719
f 2714 2719 2718
f 2716 2720 2719
f 2716 2719 2715
f 2713 2714 2718
f 2713 2718 2717
f 2725 2726 2727
f 2725 2727 2728
f 2721 2725 2728
f 2721 2728 2724
f 2722 2723 2727
f 2722 2727 2726
f 2724 2728 2727
f 2724 2727 2723
f 2721 2722 2726
f 2721 2726 2725
f 2733 2734 2735
f 2733 2735 2736
f 2729 2733 2736
f 2729 2736 2732
f 2730 2731 2735
f 2730 2735 2734
f 2732 2736 2735
f 2732 2735 2731
f 2729 2730 2734
f 2729 2734 2733
f 2741 2742 2743
f 2741 2743 2744
f 2737 2741 2744
f 2737 2744 2740
f 2738 2739 2743
f 2738 2743 2742
f 2740 2744 2743
f 2740 2743 2739
f 2737 2738 2742
f 2737 2742 2741
f 2749 2750 2751
f 2749 2751 2752
f 2745 2749 2752
f 2745 2752 2748
f 2746 2747 2751
f 2746 2751 2750
f 2748 2752 2751
f 2748 2751 2747
f 2745 2746 2750
f 2745 2750 2749
f 2757 2758 2759
f 2757 2759 2760
f 2753 2757 2760
f 2753 2760 2756
f 2754 2755 2759
f 2754 2759 2758
f 2756 2760 2759
f 2756 2759 2755
f 2753 2754 2758
f 2753 2758 2757
f 2765 2766 2767
f 2765 2767 2768
f 2761 2765 2768
f 2761 2768 2764
f 2762 2763 2767
f 2762 2767 2766
f 2764 2768 2767
f 2764 2767 2763
f 2761 2762 2766
f 2761 2766 2765
f 2773 2774 2775
f 2773 2775 2776
f 2769 2773 2776
f 2769 2776 2772
f 2770 2771 2775
f 2770 2775 2774
f 2772 2776 2775
f 2772 2775 2771
f 2769 2770 2774
f 2769 2774 2773
f 2781 2782 2783
f 2781 2783 2784
f 2777 2781 2784
f 2777 2784 2780
f 2778 2779 2783
f 2778 2783 2782
f 2780 2784 2783
f 2780 2783 2779
f 2777 2778 2782
f 2777 2782 2781
f 2789 2790 2791
f 2789 2791 2792
f 2785 2789 2792
f 2785 2792 2788
f 2786 2787 2791
f 2786 2791 2790
f 2788 2792 2791
f 2788 2791 2787
f 2785 2786 2790
f 2785 2790 2789
f 2797 2798 2799
f 2797 2799 2800
f 2793 2797 2800
f 2793 2800 2796
f 2794 2795 2799
f 2794 2799 2798
f 2796 2800 2799
f 2796 2799 2795
f 2793 2794 2798
f 2793 2798 2797
f 2805 2806 2807
f 2805 2807 2808
f 2801 2805 2808
f 2801 2808 2804
f 2802 2803 2807
f 2802 2807 2806
f 2804 2808 2807
f 2804 2807 2803
f 2801 2802 2806
f 2801 2806 2805
f 2813 2814 2815
f 2813 2815 2816
f 2809 2813 2816
f 2809 2816 2812
f 2810 2811 2815
f 2810 2815 2814
f 2812 2816 2815
f 2812 2815 2811
f 2809 2810 2814
f 2809 2814 2813
f 2821 2822 2823
f 2821 2823 2824
f 2817 2821 2824
f 2817 2824 2820
f 2818 2819 2823
f 2818 2823 2822
f 2820 2824 2823
f 2820 2823 2819
f 2817 2818 2822
f 2817 2822 2821
f 2829 2830 2831
f 2829 2831 2832
f 2825 2829 2832
f 2825 2832 2828
f 2826 2827 2831
f 2826 2831 2830
f 2828 2832 2831
f 2828 2831 2827
f 2825 2826 2830
f 2825 2830 2829
f 2837 2838 2839
f 2837 2839 2840
f 2833 2837 2840
f 2833 2840 2836
f 2834 2835 2839
f 2834 2839 2838
f 2836 2840 2839
f 2836 2839 2835
f 2833 2834 2838
f 2833 2838 2837
f 2845 2846 2847
f 2845 2847 2848
f 2841 2845 2848
f 2841 2848 2844
f 2842 2843 2847
f 2842 2847 2846
f 2844 2848 2847
f 2844 2847 2843
f 2841 2842 2846
f 2841 2846 2845
f 2853 2854 2855
f 2853 2855 2856
f 2849 2853 2856
f 2849 2856 2852
f 2850 2851 2855
f 2850 2855 2854
f 2852 2856 2855
f 2852 2855 2851
f 2849 2850 2854
f 2849 2854 2853
f 2861 2862 2863
f 2861 2863 2864
f 2857 2861 2864
f 2857 2864 2860
f 2858 2859 2863
f 2858 2863 2862
f 2860 2864 2863
f 2860 2863 2859
f 2857 2858 2862
f 2857 2862 2861
f 2869 2870 2871
f 2869 2871 2872
f 2865 2869 2872
f 2865 2872 2868
f 2866 2867 2871
f 2866 2871 2870
f 2868 2872 2871
f 2868 2871 2867
f 2865 2866 2870
f 2865 2870 2869
f 2877 2878 2879
f 2877 2879 2880
f 2873 2877 2880
f 2873 2880 2876
f 2874 2875 2879
f 2874 2879 2878
f 2876 2880 2879
f 2876 2879 2875
f 2873 2874 2878
f 2873 2878 2877
f 2885 2886 2887
f 2885 2887 2888
f 2881 2885 2888
f 2881 2888 2884
f 2882 2883 2887
f 2882 2887 2886
f 2884 2888 2887
f 2884 2887 2883
f 2881 2882 2886
f 2881 2886 2885
f 2893 2894 2895
f 2893 2895 2896
f 2889 2893 2896
f 2889 2896 2892
f 2890 2891 2895
f 2890 2895 2894
f 2892 2896 2895
f 2892 2895 2891
f 2889 2890 2894
f 2889 2894 2893
f 2901 2902 2903
f 2901 2903 2904
f 2897 2901 2904
f 2897 2904 2900
f 2898 2899 2903
f 2898 2903 2902
f 2900 2904 2903
f 2900 2903 2899
f 2897 2898 2902
f 2897 2902 2901
f 2909 2910 2911
f 2909 2911 2912
f 2905 2909 2912
f 2905 2912 2908
f 2906 2907 2911
f 2906 2911 2910
f 2908 2912 2911
f 2908 2911 2907
f 2905 2906 2910
f 2905 2910 2909
f 2917 2918 2919
f 2917 2919 2920
f 2913 2917 2920
f 2913 2920 2916
f 2914 2915 2919
f 2914 2919 2918
f 2916 2920 2919
f 2916 2919 2915
f 2913 2914 2918
f 2913 2918 2917
f 2925 2926 2927
f 2925 2927 2928
f 2921 2925 2928
f 2921 2928 2924
f 2922 2923 2927
f 2922 2927 2926
f 2924 2928 2927
f 2924 2927 2923
f 2921 2922 2926
f 2921 2926 2925
f 2933 2934 2935
f 2933 2935 2936
f 2929 2933 2936
f 2929 2936 2932
f 2930 2931 2935
f 2930 2935 2934
f 2932 2936 2935
f 2932 2935 2931
f 2929 2930 2934
f 2929 2934 2933
f 2941 2942 2943
f 2941 2943 2944
f 2937 2941 2944
f 2937 2944 2940
f 2938 2939 2943
f 2938 2943 2942
f 2940 2944 2943
f 2940 2943 2939
f 2937 2938 2942
f 2937 2942 2941
f 2949 2950 2951
f 2949 2951 2952
f 2945 2949 2952
f 2945 2952 2948
f 2946 2947 2951
f 2946 2951 2950
f 2948 2952 2951
f 2948 2951 2947
f 2945 2946 2950
f 2945 2950 2949
f 2957 2958 2959
f 2957 2959 2960
f 2953 2957 2960
f 2953 2960 2956
f 2954 2955 2959
f 2954 2959 2958
f 2956 2960 2959
f 2956 2959 2955
f 2953 2954 2958
f 2953 2958 2957
f 2965 2966 2967
f 2965 2967 2968
f 2961 2965 2968
f 2961 2968 2964
f 2962 2963 2967
f 2962 2967 2966
f 2964 2968 2967
f 2964 2967 2963
f 2961 2962 2966
f 2961 2966 2965
f 2973 2974 2975
f 2973 2975 2976
f 2969 2973 2976
f 2969 2976 2972
f 2970 2971 2975
f 2970 2975 2974
f 2972 2976 2975
f 2972 2975 2971
f 2969 2970 2974
f 2969 2974 2973
f 2981 2982 2983
f 2981 2983 2984
f 2977 2981 2984
f 2977 2984 2980
f 2978 2979 2983
f 2978 2983 2982
f 2980 2984 2983
f 2980 2983 2979
f 2977 2978 2982
f 2977 2982 2981
f 2989 2990 2991
f 2989 2991 2992
f 2985 2989 2992
f 2985 2992 2988
f 2986 2987 2991
f 2986 2991 2990
f 2988 2992 2991
f 2988 2991 2987
f 2985 2986 2990
f 2985 2990 2989
f 2997 2998 2999
f 2997 2999 3000
f 2993 2997 3000
f 2993 3000 2996
f 2994 2995 2999
f 2994 2999 2998
f 2996 3000 2999
f 2996 2999 2995
f 2993 2994 2998
f 2993 2998 2997
f 3005 3006 3007
f 3005 3007 3008
f 3001 3005 3008
f 3001 3008 3004
f 3002 3003 3007
f 3002 3007 3006
f 3004 3008 3007
f 3004 3007 3003
f 3001 3002 3006
f 3001 3006 3005
f 3013 3014 3015
f 3013 3015 3016
f 3009 3013 3016
f 3009 3016 3012
f 3010 3011 3015
f 3010 3015 3014
f 3012 3016 3015
f 3012 3015 3011
f 3009 3010 3014
f 3009 3014 3013
f 3021 3022 3023
f 3021 3023 3024
f 3017 3021 3024
f 3017 3024 3020
f 3018 3019 3023
f 3018 3023 3022
f 3020 3024 3023
f 3020 3023 3019
f 3017 3018 3022
f 3017 3022 3021
f 3029 3030 3031
f 3029 3031 3032
f 3025 3029 3032
f 3025 3032 3028
f 3026 3027 3031
f 3026 3031 3030
f 3028 3032 3031
f 3028 3031 3027
f 3025 3026 3030
f 3025 3030 3029
f 3037 3038 3039
f 3037 3039 3040
f 3033 3037 3040
f 3033 3040 3036
f 3034 3035 3039
f 3034 3039 3038
f 3036 3040 3039
f 3036 3039 3035
f 3033 3034 3038
f 3033 3038 3037
f 3045 3046 3047
f 3045 3047 3048
f 3041 3045 3048
f 3041 3048 3044
f 3042 3043 3047
f 3042 3047 3046
f 3044 3048 3047
f 3044 3047 3043
f 3041 3042 3046
f 3041 3046 3045
f 3053 3054 3055
f 3053 3055 3056
f 3049 3053 3056
f 3049 3056 3052
f 3050 3051 3055
f 3050 3055 3054
f 3052 3056 3055
f 3052 3055 3051
f 3049 3050 3054
f 3049 3054 3053
f 3061 3062 3063
f 3061 3063 3064
f 3057 3061 3064
f 3057 3064 3060
f 3058 3059 3063
f 3058 3063 3062
f 3060 3064 3063
f 3060 3063 3059
f 3057 3058 3062
f 3057 3062 3061
f 3069 3070 3071
f 3069 3071 3072
f 3065 3069 3072
f 3065 3072 3068
f 3066 3067 3071
f 3066 3071 3070
f 3068 3072 3071
f 3068 3071 3067
f 3065 3066 3070
f 3065 3070 3069
f 3077 3078 3079
f 3077 3079 3080
f 3073 3077 3080
f 3073 3080 3076
f 3074 3075 3079
f 3074 3079 3078
f 3076 3080 3079
f 3076 3079 3075
f 3073 3074 3078
f 3073 3078 3077
f 3085 3086 3087
f 3085 3087 3088
f 3081 3085 3088
f 3081 3088 3084
f 3082 3083 3087
f 3082 3087 3086
f 3084 3088 3087
f 3084 3087 3083
f 3081 3082 3086
f 3081 3086 3085
f 3093 3094 3095
f 3093 3095 3096
f 3089 3093 3096
f 3089 3096 3092
f 3090 3091 3095
f 3090 3095 3094
f 3092 3096 3095
f 3092 3095 3091
f 3089 3090 3094
f 3089 3094 3093
f 3101 3102 3103
f 3101 3103 3104
f 3097 3101 3104
f 3097 3104 3100
f 3098 3099 3103
f 3098 3103 3102
f 3100 3104 3103
f 3100 3103 3099
f 3097 3098 3102
f 3097 3102 3101
f 3109 3110 3111
f 3109 3111 3112
f 3105 3109 3112
f 3105 3112 3108
f 3106 3107 3111
f 3106 3111 3110
f 3108 3112 3111
f 3108 3111 3107
f 3105 3106 3110
f 3105 3110 3109
f 3117 3118 3119
f 3117 3119 3120
f 3113 3117 3120
f 3113 3120 3116
f 3114 3115 3119
f 3114 3119 3118
f 3116 3120 3119
f 3116 3119 3115
f 3113 3114 3118
f 3113 3118 3117
f 3125 3126 3127
f 3125 3127 3128
f 3121 3125 3128
f 3121 3128 3124
f 3122 3123 3127
f 3122 3127 3126
f 3124 3128 3127
f 3124 3127 3123
f 3121 3122 3126
f 3121 3126 3125
f 3133 3134 3135
f 3133 3135 3136
f 3129 3133 3136
f 3129 3136 3132
f 3130 3131 3135
f 3130 3135 3134
f 3132 3136 3135
f 3132 3135 3131
f 3129 3130 3134
f 3129 3134 3133
f 3141 3142 3143
f 3141 3143 3144
f 3137 3141 3144
f 3137 3144 3140
f 3138 3139 3143
f 3138 3143 3142
f 3140 3144 3143
f 3140 3143 3139
f 3137 3138 3142
f 3137 3142 3141
f 3149 3150 3151
f 3149 3151 3152
f 3145 3149 3152
f 3145 3152 3148
f 3146 3147 3151
f 3146 3151 3150
f 3148 3152 3151
f 3148 3151 3147
f 3145 3146 3150
f 3145 3150 3149
f 3157 3158 3159
f 3157 3159 3160
f 3153 3157 3160
f 3153 3160 3156
f 3154 3155 3159
f 3154 3159 3158
f 3156 3160 3159
f 3156 3159 3155
f 3153 3154 3158
f 3153 3158 3157
f 3165 3166 3167
f 3165 3167 3168
f 3161 3165 3168
f 3161 3168 3164
f 3162 3163 3167
f 3162 3167 3166
f 3164 3168 3167
f 3164 3167 3163
f 3161 3162 3166
f 3161 3166 3165
f 3173 3174 3175
f 3173 3175 3176
f 3169 3173 3176
f 3169 3176 3172
f 3170 3171 3175
f 3170 3175 3174
f 3172 3176 3175
f 3172 3175 3171
f 3169 3170 3174
f 3169 3174 3173
f 3181 3182 3183
f 3181 3183 3184
f 3177 3181 3184
f 3177 3184 3180
f 3178 3179 3183
f 3178 3183 3182
f 3180 3184 3183
f 3180 3183 3179
f 3177 3178 3182
f 3177 3182 3181
f 3189 3190 3191
f 3189 3191 3192
f 3185 3189 3192
f 3185 3192 3188
f 3186 3187 3191
f 3186 3191 3190
f 3188 3192 3191
f 3188 3191 3187
f 3185 3186 3190
f 3185 3190 3189
f 3197 3198 3199
f 3197 3199 3200
f 3193 3197 3200
f 3193 3200 3196
f 3194 3195 3199
f 3194 3199 3198
f 3196 3200 3199
f 3196 3199 3195
f 3193 3194 3198
f 3193 3198 3197
f 3205 3206 3207
f 3205 3207 3208
f 3201 3205 3208
f 3201 3208 3204
f 3202 3203 3207
f 3202 3207 3206
f 3204 3208 3207
f 3204 3207 3203
f 3201 3202 3206
f 3201 3206 3205
