# Sloan beta-Gomboc, form 1, beta 0.07; cm; COM at origin; principal axes
v -2.96594 -0.06385 -3.15755
v -2.86358 0.05239 -3.23985
v -3.06055 0.04290 -3.07935
v -2.86990 -0.15451 -3.22854
v -2.91500 0.20149 -3.19788
v -3.08427 -0.13470 -3.05190
v -2.75168 -0.02655 -3.32246
v -3.08109 0.19986 -3.05992
v -2.94115 -0.28176 -3.15877
v -2.78375 0.21534 -3.29999
v -3.18325 -0.02105 -2.96609
v -2.73685 -0.20398 -3.32201
v -2.98510 0.33904 -3.13710
v -3.08469 -0.29628 -3.03212
v -2.66178 0.08786 -3.38970
v -3.20014 0.18363 -2.95189
v -2.82902 -0.37017 -3.23260
v -2.81652 0.37095 -3.27145
v -3.22570 -0.16923 -2.91237
v -2.61803 -0.13530 -3.41022
v -3.10557 0.38564 -3.03142
v -3.00245 -0.43504 -3.07887
v -2.64311 0.25520 -3.40397
v -3.29222 0.07032 -2.85942
v -2.68870 -0.36954 -3.33430
v -2.91722 0.48918 -3.18618
v -3.19600 -0.34610 -2.91426
v -2.53821 0.01286 -3.47320
v -3.23776 0.34156 -2.90990
v -2.86576 -0.51875 -3.17272
v -2.69445 0.43177 -3.36290
v -3.33300 -0.10874 -2.80347
v -2.55399 -0.28122 -3.43826
v -3.06087 0.54017 -3.06096
v -3.09821 -0.50931 -2.97170
v -2.51660 0.21026 -3.49353
v -3.34918 0.21074 -2.79853
v -2.70172 -0.52465 -3.29460
v -2.80898 0.57864 -3.26805
v -3.30725 -0.31873 -2.79892
v -2.45342 -0.11561 -3.52141
v -3.21921 0.50460 -2.91660
v -2.94563 -0.62257 -3.07728
v -2.56317 0.42237 -3.45971
v -3.41240 0.01025 -2.72088
v -2.53935 -0.44276 -3.42279
v -2.97050 0.66192 -3.12902
v -3.21147 -0.52111 -2.85186
v -2.40922 0.10596 -3.56385
v -3.36163 0.37754 -2.77760
v -2.76007 -0.65880 -3.21627
v -2.67720 0.61175 -3.36817
v -3.40837 -0.23059 -2.69503
v -2.40688 -0.27668 -3.53453
v -3.15438 0.65704 -2.96355
v -3.05418 -0.67862 -2.95886
v -2.43522 0.35286 -3.55078
v -3.45923 0.16998 -2.66879
v -2.56870 -0.60302 -3.36859
v -2.84684 0.74226 -3.22467
v -3.32927 -0.47459 -2.73073
v -2.32854 -0.04282 -3.60829
v -3.33069 0.55302 -2.79552
v -2.85428 -0.76060 -3.10779
v -2.53501 0.58823 -3.47481
v -3.48948 -0.09246 -2.61124
v -2.40020 -0.45362 -3.51135
v -3.05019 0.78447 -3.04446
v -3.17966 -0.68274 -2.82800
v -2.32172 0.23118 -3.62629
v -3.46869 0.35510 -2.65124
v -2.63774 -0.74706 -3.27982
v -2.70091 0.77358 -3.33791
v -3.44001 -0.37361 -2.61858
v -2.28103 -0.22239 -3.62136
v -3.25793 0.72097 -2.85060
v -2.97543 -0.82031 -2.97742
v -2.39448 0.50926 -3.57716
v -3.54199 0.08464 -2.55497
v -2.43382 -0.63090 -3.45193
v -2.91413 0.87445 -3.15225
v -3.31080 -0.63266 -2.69483
v -2.23227 0.06655 -3.67783
v -3.43765 0.55033 -2.67062
v -2.74113 -0.86178 -3.16173
v -2.54382 0.75100 -3.45853
v -3.53311 -0.22400 -2.52472
v -2.27121 -0.41862 -3.59946
v -3.14670 0.86646 -2.93935
v -3.11403 -0.83067 -2.83394
v -2.26677 0.37877 -3.66521
v -3.55907 0.28828 -2.53196
v -2.50623 -0.79390 -3.35821
v -2.75499 0.91717 -3.27864
v -3.43661 -0.52891 -2.56923
v -2.17463 -0.12990 -3.69875
v -3.36525 0.74033 -2.72721
v -2.87202 -0.93622 -3.02095
v -2.38685 0.67293 -3.57624
v -3.59925 -0.03409 -2.45726
v -2.30127 -0.61706 -3.54114
v -3.00253 0.97621 -3.05631
v -3.25995 -0.78734 -2.68671
v -2.16188 0.20371 -3.73009
v -3.53608 0.50463 -2.54593
v -2.61375 -0.92930 -3.23409
v -2.58281 0.90591 -3.41425
v -3.54656 -0.37513 -2.46059
v -2.15440 -0.34541 -3.68445
v -3.25322 0.91017 -2.81891
v -3.02213 -0.96192 -2.86537
v -2.24105 0.54139 -3.68095
v -3.63077 0.18531 -2.42273
v -2.37100 -0.80339 -3.44727
v -2.83299 1.03927 -3.19417
v -3.40266 -0.68916 -2.54530
v -2.08819 -0.00622 -3.76448
v -3.47087 0.71895 -2.59830
v -2.75068 -1.02552 -3.08532
v -2.40839 0.83747 -3.54902
v -3.63102 -0.17802 -2.37737
v -2.17479 -0.56608 -3.63257
v -3.10581 1.04605 -2.94132
v -3.18203 -0.93331 -2.70385
v -2.11672 0.36187 -3.76342
v -3.62206 0.42136 -2.42574
v -2.47776 -0.96403 -3.32089
v -2.64737 1.04761 -3.34408
v -3.53170 -0.53826 -2.41916
v -2.05212 -0.23902 -3.76297
v -3.36393 0.91627 -2.68803
v -2.90953 -1.07323 -2.91922
v -2.24280 0.71238 -3.67277
v -3.68168 0.05283 -2.32674
v -2.23653 -0.77762 -3.54314
v -2.92968 1.13603 -3.08786
v -3.34154 -0.84794 -2.54582
v -2.02286 0.14306 -3.81564
v -3.56986 0.65974 -2.46867
v -2.61668 -1.08682 -3.16712
v -2.45622 0.99658 -3.49611
v -3.63714 -0.34006 -2.31712
v -2.05775 -0.48112 -3.72239
v -3.21846 1.08221 -2.81161
v -3.08140 -1.06580 -2.74431
v -2.09673 0.53488 -3.77574
v -3.69206 0.30538 -2.31414
v -2.33783 -0.96612 -3.41848
v -2.73353 1.17077 -3.25013
v -3.49020 -0.70666 -2.40082
v -1.96667 -0.10368 -3.83142
v -3.47358 0.88538 -2.55149
v -2.78090 -1.16159 -2.99279
v -2.27068 0.88527 -3.63988
v -3.71007 -0.10303 -2.24696
v -2.10668 -0.71813 -3.64193
v -3.04025 1.20383 -2.96321
v -3.25636 -0.99961 -2.56992
v -1.97983 0.31266 -3.84924
v -3.65787 0.56571 -2.34291
v -2.47453 -1.11874 -3.26311
v -2.52763 1.14415 -3.41835
v -3.61779 -0.51365 -2.27806
v -1.95317 -0.36501 -3.80667
v -3.33533 1.08335 -2.67163
v -2.96196 -1.18066 -2.80618
v -2.10187 0.71661 -3.76515
v -3.74317 0.16159 -2.21492
v -2.19797 -0.93566 -3.52317
v -2.83736 1.27046 -3.13492
v -3.42394 -0.87427 -2.40573
v -1.90020 0.05645 -3.88616
v -3.57736 0.81871 -2.41403
v -2.64039 -1.22439 -3.08343
v -2.32323 1.05371 -3.58197
v -3.71485 -0.27629 -2.18589
v -1.98490 -0.62637 -3.73968
v -3.15996 1.23969 -2.82406
v -3.15015 -1.13922 -2.61654
v -1.96018 0.49718 -3.86245
v -3.73110 0.44035 -2.22532
v -2.32822 -1.12011 -3.36999
v -2.61974 1.27439 -3.31719
v -3.57367 -0.69269 -2.26128
v -1.86385 -0.22069 -3.88142
v -3.45152 1.04894 -2.52595
v -2.82735 -1.27429 -2.88746
v -2.13185 0.90088 -3.73023
v -3.77319 -0.00490 -2.13137
v -2.06183 -0.87286 -3.63117
v -2.95480 1.34236 -3.00148
v -3.33504 -1.03561 -2.43366
v -1.85462 0.23692 -3.92371
v -3.67093 0.71822 -2.28022
v -2.49177 -1.25942 -3.18834
v -2.39864 1.21146 -3.49934
v -3.69555 -0.46109 -2.14552
v -1.87437 -0.50408 -3.83227
v -3.28411 1.24149 -2.67458
v -3.02597 -1.26242 -2.68434
v -1.96461 0.69095 -3.85291
v -3.78645 0.28768 -2.11982
v -2.18136 -1.09008 -3.48431
v -2.72931 1.38199 -3.19469
v -3.50594 -0.87147 -2.26741
v -1.79233 -0.05152 -3.94272
v -3.56240 0.97938 -2.37919
v -2.68103 -1.34363 -2.98589
v -2.18592 1.08142 -3.67022
v -3.78063 -0.18875 -2.06628
v -1.93277 -0.77832 -3.73848
v -3.08158 1.38297 -2.85337
v -3.22588 -1.18580 -2.48399
v -1.83152 0.43285 -3.94091
v -3.75048 0.58667 -2.15441
v -2.33854 -1.26487 -3.30447
v -2.49462 1.35258 -3.39306
v -3.65238 -0.65173 -2.12727
v -1.77806 -0.35346 -3.91560
v -3.40807 1.20812 -2.51918
v -2.88686 -1.36542 -2.77170
v -1.99340 0.88801 -3.81886
v -3.82150 0.11225 -2.02985
v -2.03738 -1.02815 -3.60233
v -2.85276 1.46231 -3.05365
v -3.41621 -1.04472 -2.29655
v -1.74087 0.13860 -3.98686
v -3.66369 0.87607 -2.23589
v -2.52628 -1.38604 -3.09896
v -2.26282 1.25199 -3.58512
v -3.76471 -0.38456 -2.02182
v -1.81399 -0.65307 -3.84096
v -3.21332 1.38975 -2.69458
v -3.09897 -1.32046 -2.55573
v -1.83207 0.63888 -3.93515
v -3.81281 0.42759 -2.04056
v -2.18402 -1.23932 -3.42850
v -2.60841 1.47157 -3.26498
v -3.58613 -0.84280 -2.13201
v -1.69874 -0.17730 -3.98557
v -3.52735 1.13952 -2.36240
v -2.73578 -1.44491 -2.87665
v -2.04629 1.08217 -3.75927
v -3.83457 -0.08106 -1.95832
v -1.89953 -0.93431 -3.72008
v -2.98613 1.51154 -2.89741
v -3.30641 -1.20764 -2.34839
v -1.71143 0.34516 -4.01050
v -3.75161 0.74132 -2.10038
v -2.36624 -1.39932 -3.22382
v -2.36069 1.40656 -3.47577
v -3.72536 -0.58693 -1.99962
v -1.70857 -0.49880 -3.93440
v -3.34556 1.36120 -2.52941
v -2.95690 -1.43571 -2.64750
v -1.85695 0.84921 -3.90444
v -3.85539 0.24511 -1.94218
v -2.03144 -1.18181 -3.55679
v -2.73673 1.56358 -3.11766
v -3.49805 -1.02918 -2.16008
v -1.63891 0.02086 -4.03834
v -3.63773 1.03667 -2.20874
v -2.57563 -1.49801 -2.99686
v -2.12239 1.26722 -3.67393
v -3.82467 -0.28713 -1.90754
v -1.77103 -0.80914 -3.83342
v -3.12526 1.52682 -2.72985
v -3.17868 -1.35587 -2.42213
v -1.70550 0.56300 -4.01081
v -3.82289 0.57829 -1.97668
v -2.20398 -1.38166 -3.35724
v -2.47707 1.53950 -3.34383
v -3.66309 -0.79064 -2.00073
v -1.61942 -0.31791 -4.01463
v -3.47391 1.29691 -2.36235
v -2.80230 -1.52809 -2.75753
v -1.90624 1.05774 -3.84755
v -3.87639 0.04382 -1.86230
v -1.88398 -1.09186 -3.68539
v -2.87588 1.62453 -2.95436
v -3.38975 -1.20615 -2.21135
v -1.60080 0.23679 -4.07041
v -3.73541 0.90156 -2.06257
v -2.40929 -1.52220 -3.12961
v -2.22018 1.43702 -3.56351
v -3.79152 -0.50079 -1.87930
v -1.65502 -0.65389 -3.93804
v -3.26580 1.50635 -2.55521
v -3.03529 -1.48546 -2.51660
v -1.72409 0.78648 -3.98562
v -3.87491 0.39082 -1.86839
v -2.04258 -1.33169 -3.49565
v -2.60894 1.64574 -3.19173
v -3.57888 -0.99069 -2.02565
v -1.54927 -0.11359 -4.07766
v -3.59419 1.19755 -2.19790
v -2.63777 -1.59450 -2.88365
v -1.97940 1.25821 -3.76409
v -3.87468 -0.17137 -1.80335
v -1.74484 -0.96966 -3.81011
v -3.02183 1.65130 -2.77885
v -3.26308 -1.36934 -2.28522
v -1.58619 0.46555 -4.07877
v -3.81707 0.73706 -1.92796
v -2.23962 -1.51534 -3.27179
v -2.33745 1.58580 -3.42949
v -3.73540 -0.71695 -1.87476
v -1.55455 -0.47062 -4.02969
v -3.40345 1.44941 -2.37796
v -2.87855 -1.59281 -2.63018
v -1.76760 1.00953 -3.93353
v -3.90569 0.18328 -1.77861
v -1.88514 -1.24858 -3.63511
v -2.75281 1.72098 -3.02260
v -3.47408 -1.18241 -2.07440
v -1.50058 0.11016 -4.11982
v -3.70255 1.06483 -2.04047
v -2.46594 -1.63216 -3.02326
v -2.07515 1.44441 -3.65454
v -3.84976 -0.39547 -1.76723
v -1.61724 -0.81608 -3.92661
v -3.17036 1.64179 -2.59532
v -3.12003 -1.51475 -2.38065
v -1.59639 0.70158 -4.06108
v -3.87997 0.54677 -1.80858
v -2.06957 -1.47573 -3.41987
v -2.47143 1.70828 -3.27417
v -3.65708 -0.93071 -1.89461
v -1.47256 -0.26222 -4.10425
v -3.53401 1.35639 -2.20261
v -2.71084 -1.67463 -2.76085
v -1.83575 1.22585 -3.85395
v -3.91394 -0.03962 -1.70993
v -1.73488 -1.13211 -3.77142
v -2.90476 1.76179 -2.84015
v -3.35030 -1.36143 -2.14655
v -1.47541 0.34857 -4.13796
v -3.79559 0.90135 -1.89420
v -2.28950 -1.63865 -3.17333
v -2.19158 1.61039 -3.52024
v -3.80172 -0.62348 -1.75527
v -1.50437 -0.63286 -4.03053
v -3.31717 1.59498 -2.40823
v -2.96266 -1.63865 -2.49619
v -1.63208 0.93884 -4.01573
v -3.92200 0.33487 -1.70768
v -1.90219 -1.40218 -3.56993
v -2.61876 1.79990 -3.10059
v -3.55768 -1.13741 -1.93901
v -1.41172 -0.03247 -4.15792
v -3.65359 1.22871 -2.03363
v -2.53456 -1.72793 -2.90611
v -1.92757 1.42912 -3.74720
v -3.89900 -0.27299 -1.66435
v -1.59509 -0.98285 -3.90019
v -3.06065 1.76580 -2.64853
v -3.20928 -1.52366 -2.24121
v -1.47534 0.59616 -4.12954
v -3.87047 0.71050 -1.76289
v -2.11129 -1.61194 -3.33039
v -2.32608 1.75066 -3.36335
v -3.73114 -0.85057 -1.76828
v -1.40934 -0.42263 -4.11763
v -3.45806 1.51098 -2.22215
v -2.79311 -1.73757 -2.62993
v -1.69328 1.17099 -3.94196
v -3.94172 0.10593 -1.62793
v -1.74068 -1.29412 -3.71777
v -2.77567 1.85696 -2.91237
v -3.43857 -1.33265 -2.00766
v -1.37435 0.21402 -4.18734
v -3.75868 1.06875 -1.87525
v -2.35225 -1.74998 -3.06302
v -2.04136 1.61323 -3.61444
v -3.86078 -0.51191 -1.64335
v -1.46908 -0.80219 -4.01695
v -3.21621 1.73167 -2.45220
v -3.05284 -1.66525 -2.35706
v -1.50134 0.84694 -4.09275
v -3.92492 0.49630 -1.64986
v -1.93428 -1.55049 -3.49056
v -2.47548 1.86039 -3.18680
v -3.63891 -1.07207 -1.80657
v -1.33507 -0.18891 -4.18394
v -3.58907 1.39093 -2.04158
v -2.61361 -1.80829 -2.77949
v -1.77928 1.39160 -3.83988
v -3.93827 -0.13527 -1.57152
v -1.58841 -1.15177 -3.85891
v -2.93807 1.87675 -2.71364
v -3.30126 -1.51227 -2.09981
v -1.36233 0.47188 -4.18978
v -3.84631 0.87967 -1.73137
v -2.16662 -1.73844 -3.22817
v -2.17473 1.77245 -3.45769
v -3.79962 -0.75159 -1.64789
v -1.36014 -0.59246 -4.11734
v -3.36720 1.65921 -2.25576
v -2.88293 -1.78256 -2.49232
v -1.55373 1.09451 -4.02661
v -3.95732 0.26316 -1.55797
v -1.76171 -1.45339 -3.64959
v -2.63612 1.93557 -2.99414
v -3.52620 -1.28355 -1.86998
v -1.28413 0.06386 -4.22594
v -3.70658 1.23694 -1.87087
v -2.42652 -1.84781 -2.94203
v -1.88863 1.59436 -3.71048
v -3.91137 -0.38389 -1.54004
v -1.44882 -0.97618 -3.98883
v -3.10170 1.85764 -2.50886
v -3.14739 -1.67232 -2.21429
v -1.37693 0.73515 -4.16321
v -3.91407 0.66531 -1.60547
v -1.98059 -1.69145 -3.39772
v -2.32468 1.90165 -3.27975
v -3.71624 -0.98737 -1.67841
v -1.27141 -0.35696 -4.19723
v -3.50957 1.54927 -2.06381
v -2.70156 -1.87215 -2.64473
v -1.63206 1.33234 -3.93103
v -3.96665 0.01578 -1.48951
v -1.59697 -1.32048 -3.80300
v -2.80397 1.97316 -2.78945
v -3.39430 -1.48080 -1.95792
v -1.25867 0.33042 -4.24066
v -3.80748 1.05199 -1.71405
v -2.23443 -1.85348 -3.11421
v -2.01916 1.77331 -3.55561
v -3.86119 -0.63514 -1.53460
v -1.32536 -0.76939 -4.10303
v -3.26230 1.79909 -2.30267
v -2.97865 -1.80898 -2.34946
v -1.41874 0.99741 -4.10644
v -3.96015 0.42997 -1.50054
v -1.79738 -1.60771 -3.56742
v -2.48767 1.99652 -3.08408
v -3.61159 -1.21479 -1.73492
v -1.20573 -0.09992 -4.25289
v -3.63961 1.40371 -1.88079
v -2.51094 -1.93077 -2.81156
v -1.73516 1.55392 -3.80679
v -3.95243 -0.24107 -1.44628
v -1.44363 -1.15249 -3.94616
v -2.97480 1.97118 -2.57719
v -3.24462 -1.65971 -2.06935
v -1.26028 0.60487 -4.22586
v -3.88919 0.83972 -1.57474
v -2.04021 -1.82309 -3.29223
v -2.16804 1.92303 -3.37793
v -3.78824 -0.88438 -1.55582
v -1.22141 -0.53443 -4.19720
v -3.41573 1.70166 -2.09974
v -2.79689 -1.91858 -2.50319
v -1.48763 1.25199 -4.01912
v -3.98334 0.17823 -1.41905
v -1.62045 -1.48672 -3.73276
v -2.65975 2.05366 -2.87471
v -3.48676 -1.42953 -1.81697
v -1.16555 0.17354 -4.28115
v -3.75404 1.22526 -1.71086
v -2.31355 -1.95544 -2.98955
v -1.86109 1.75305 -3.65556
v -3.91462 -0.50263 -1.42951
v -1.30532 -0.95113 -4.07445
v -3.14429 1.92875 -2.36203
v -3.07867 -1.81633 -2.20277
v -1.28987 0.88074 -4.18007
v -3.94971 0.60428 -1.45608
v -1.84704 -1.75500 -3.47187
v -2.33188 2.03885 -3.18079
v -3.69323 -1.12710 -1.60383
v -1.14006 -0.27530 -4.26743
v -3.55816 1.56690 -1.90462
v -2.60415 -1.99763 -2.67286
v -1.58269 1.49222 -3.90183
v -3.98296 -0.08518 -1.36293
v -1.45345 -1.32883 -3.88902
v -2.83669 2.07071 -2.65609
v -3.34293 -1.62741 -1.92367
v -1.15276 0.45757 -4.27948
v -3.85011 1.01736 -1.55779
v -2.11216 -1.94361 -3.17498
v -2.00722 1.92401 -3.47984
v -3.85353 -0.76424 -1.43998
v -1.18561 -0.71911 -4.18340
v -3.30825 1.84609 -2.14872
v -2.89808 -1.94679 -2.35622
v -1.34761 1.15130 -4.10271
v -3.98764 0.35017 -1.36073
v -1.65842 -1.64829 -3.64858
v -2.50680 2.11702 -2.96816
v -3.57707 -1.35892 -1.67837
v -1.08406 0.00304 -4.31028
v -3.68615 1.39730 -1.72162
v -2.40276 -2.04283 -2.85532
v -1.70225 1.71165 -3.75601
v -3.95877 -0.35554 -1.33361
v -1.30018 -1.13539 -4.03147
v -3.01418 2.04644 -2.43292
v -3.18140 -1.80431 -2.05370
v -1.16859 0.74574 -4.24618
v -3.92562 0.78403 -1.42492
v -1.90992 -1.89325 -3.36364
v -2.17030 2.06177 -3.28285
v -3.76968 -1.02136 -1.47800
v -1.08787 -0.46021 -4.26887
v -3.46271 1.72445 -1.94192
v -2.70473 -2.04731 -2.52720
v -1.43288 1.40970 -3.99409
v -4.00209 0.08202 -1.29077
v -1.47810 -1.50293 -3.81760
v -2.68863 2.15480 -2.74444
v -3.44072 -1.57555 -1.77870
v -1.05561 0.29485 -4.32299
v -3.79676 1.19610 -1.55467
v -2.19541 -2.05129 -3.04693
v -1.84388 1.90425 -3.58398
v -3.91086 -0.62819 -1.33202
v -1.16442 -0.90880 -4.15547
v -3.18792 1.98069 -2.21001
v -3.00361 -1.95615 -2.20522
v -1.21355 1.03121 -4.18038
v -3.97897 0.52963 -1.31505
v -1.71034 -1.80307 -3.55099
v -2.34656 2.16220 -3.06846
v -3.66374 -1.26956 -1.54346
v -1.01513 -0.17916 -4.32721
v -3.60407 1.56604 -1.74608
v -2.50079 -2.11434 -2.71268
v -1.54428 1.64925 -3.85545
v -3.99260 -0.19544 -1.24782
v -1.31000 -1.31991 -3.97407
v -2.87302 2.15053 -2.51436
v -3.28527 -1.77274 -1.90366
v -1.05628 0.59372 -4.30355
v -3.88762 0.96714 -1.40727
v -1.98517 -2.02060 -3.24354
v -2.00451 2.06465 -3.38881
v -3.83956 -0.89856 -1.35865
v -1.04978 -0.65254 -4.25670
v -3.35384 1.87439 -1.99213
v -2.81124 -2.07894 -2.37591
v -1.28733 1.30699 -4.08213
v -4.00905 0.25875 -1.23047
v -1.51724 -1.67262 -3.73222
v -2.53189 2.22214 -2.84104
v -3.53647 -1.50445 -1.63581
v -0.96994 0.11841 -4.35536
v -3.72921 1.37387 -1.56529
v -2.28881 -2.14460 -2.90912
v -1.67964 1.86361 -3.68886
v -3.95908 -0.47759 -1.23299
v -1.15810 -1.10126 -4.11321
v -3.05562 2.10369 -2.28280
v -3.11194 -1.94622 -2.05159
v -1.08693 0.89276 -4.25081
v -3.95687 0.71465 -1.28241
v -1.77555 -1.94905 -3.44062
v -2.18051 2.18830 -3.17427
v -3.74532 -1.16218 -1.41356
v -0.95960 -0.37111 -4.33122
v -3.50818 1.72945 -1.78386
v -2.60629 -2.16880 -2.56287
v -1.38883 1.56615 -3.95238
v -4.01521 -0.02397 -1.17296
v -1.33467 -1.50247 -3.90237
v -2.72194 2.23954 -2.60530
v -3.38874 -1.72166 -1.75406
v -0.95421 0.42615 -4.35103
v -3.83554 1.15157 -1.40323
v -2.07183 -2.13531 -3.11246
v -1.83609 2.04705 -3.49724
v -3.90162 -0.75984 -1.24693
v -1.02628 -0.85014 -4.23047
v -3.23224 2.01484 -2.05460
v -2.92221 -2.09177 -2.22033
v -1.14759 1.18485 -4.16452
v -4.00322 0.44312 -1.18258
v -1.57043 -1.83577 -3.63332
v -2.36784 2.27163 -2.94463
v -3.62869 -1.41457 -1.49637
v -0.89676 -0.06998 -4.37572
v -3.64762 1.54860 -1.58947
v -2.39119 -2.22214 -2.76269
v -1.51614 1.80208 -3.79299
v -3.99712 -0.31389 -1.14383
v -1.16679 -1.29428 -4.05652
v -2.91230 2.21344 -2.36617
v -3.22154 -1.91675 -1.89673
v -0.96914 0.73717 -4.31274
v -3.92101 0.90324 -1.26309
v -1.85329 -2.08434 -3.31819
v -2.01014 2.19461 -3.28420
v -3.82047 -1.03767 -1.28989
v -0.91816 -0.57078 -4.32170
v -3.39896 1.88556 -1.83450
v -2.71789 -2.20524 -2.40717
v -1.23748 1.46286 -4.04535
v -4.02579 0.15716 -1.10975
v -1.37396 -1.68089 -3.81662
v -2.56215 2.31213 -2.70462
v -3.49029 -1.65126 -1.60630
v -0.86352 0.24461 -4.38758
v -3.76938 1.33528 -1.41281
v -2.16884 -2.23577 -2.97139
v -1.66662 2.00868 -3.60666
v -3.95467 -0.60644 -1.14391
v -1.01771 -1.05084 -4.18992
v -3.09868 2.14403 -2.12859
v -3.03615 -2.08529 -2.06186
v -1.01514 1.04424 -4.23993
v -3.98408 0.63327 -1.14755
v -1.63711 -1.99036 -3.52146
v -2.19784 2.30229 -3.05394
v -3.71594 -1.30655 -1.36169
v -0.83694 -0.26842 -4.38326
v -3.55230 1.71831 -1.62691
v -2.50125 -2.28268 -2.60881
v -1.35497 1.71989 -3.89489
v -4.02403 -0.13865 -1.06540
v -1.19046 -1.48566 -3.98545
v -2.75902 2.30844 -2.45915
v -3.33090 -1.86766 -1.74205
v -0.86146 0.56579 -4.36500
v -3.87117 1.09341 -1.25727
v -1.94266 -2.20714 -3.18455
v -1.83696 2.18059 -3.39684
v -3.88788 -0.89706 -1.17363
v -0.89134 -0.77607 -4.29816
v -3.27702 2.03253 -1.89741
v -2.83416 -2.22285 -2.24690
v -1.09175 1.34004 -4.13296
v -4.02367 0.34617 -1.05878
v -1.42751 -1.85306 -3.71717
v -2.39491 2.36713 -2.81112
v -3.58844 -1.56192 -1.46173
v -0.78525 0.05082 -4.41225
v -3.68924 1.51626 -1.43587
v -2.27507 -2.32054 -2.82141
v -1.49768 1.94949 -3.71562
v -3.99763 -0.43972 -1.05057
v -1.02427 -1.25246 -4.13488
v -2.95405 2.26030 -2.21327
v -3.15156 -2.05914 -1.90187
v -0.89135 0.88625 -4.30708
v -3.95125 0.82725 -1.12573
v -1.71655 -2.13445 -3.39730
v -2.02335 2.31334 -3.16761
v -3.79686 -1.18119 -1.23302
v -0.79121 -0.47495 -4.37734
v -3.44365 1.88106 -1.67720
v -2.61767 -2.32518 -2.44873
v -1.19768 1.61741 -3.99314
v -4.03899 0.04651 -0.99845
v -1.22896 -1.67322 -3.90017
v -2.59689 2.38730 -2.56068
v -3.43852 -1.79906 -1.58894
v -0.76507 0.38012 -4.40650
v -3.80729 1.28317 -1.26499
v -2.04268 -2.31580 -3.04062
v -1.66252 2.14589 -3.51077
v -3.94638 -0.74152 -1.06588
v -0.87956 -0.98486 -4.26026
v -3.14307 2.16856 -1.97192
v -2.95366 -2.22102 -2.08342
v -0.95311 1.19853 -4.21385
v -4.00828 0.54124 -1.02056
v -1.49479 -2.01693 -3.60454
v -2.22155 2.40352 -2.92356
v -3.68177 -1.45419 -1.32168
v -0.72033 -0.15343 -4.42421
v -3.59535 1.69256 -1.47220
v -2.38930 -2.38831 -2.66367
v -1.33083 1.86957 -3.82265
v -4.02953 -0.26118 -0.96780
v -1.04599 -1.45281 -4.06533
v -2.79933 2.36212 -2.30770
v -3.26695 -2.01316 -1.74178
v -0.77753 0.71216 -4.36477
v -3.90446 1.02313 -1.11732
v -1.80794 -2.26623 -3.26164
v -1.84582 2.30417 -3.28429
v -3.87017 -1.03944 -1.11156
v -0.76019 -0.68755 -4.35742
v -3.32221 2.03500 -1.73984
v -2.73906 -2.34874 -2.28376
v -1.04580 1.49522 -4.08631
v -4.04128 0.23986 -0.94363
v -1.28196 -1.85485 -3.80099
v -2.42713 2.44881 -2.66962
v -3.54292 -1.71125 -1.43877
v -0.68104 0.18179 -4.43627
v -3.72939 1.47055 -1.28618
v -2.15226 -2.40882 -2.88746
v -1.48835 2.09033 -3.62454
v -3.99486 -0.57235 -0.96765
v -0.88305 -1.19499 -4.20779
v -2.99791 2.29199 -2.05725
v -3.07489 -2.19933 -1.91811
v -0.82297 1.03935 -4.28674
v -3.97920 0.74048 -0.99546
v -1.57517 -2.17052 -3.47933
v -2.04344 2.42044 -3.04066
v -3.76891 -1.32880 -1.18742
v -0.66953 -0.36623 -4.42276
v -3.48806 1.86226 -1.52143
v -2.51022 -2.43797 -2.49937
v -1.16761 1.76922 -3.92634
v -4.04951 -0.07238 -0.89639
v -1.08278 -1.64974 -3.98139
v -2.63557 2.44807 -2.41090
v -3.38082 -1.94740 -1.58296
v -0.67490 0.52338 -4.41189
v -3.84358 1.21896 -1.12244
v -1.91034 -2.38399 -3.11537
v -1.66674 2.27435 -3.40256
v -3.93464 -0.88241 -0.99843
v -0.74431 -0.90411 -4.32308
v -3.18862 2.17835 -1.81419
v -2.86399 -2.35269 -2.11524
v -0.90078 1.35407 -4.17304
v -4.03031 0.43962 -0.90149
v -1.34903 -2.02848 -3.68835
v -2.25099 2.49190 -2.78477
v -3.64266 -1.60470 -1.29287
v -0.61032 -0.02748 -4.45343
v -3.63768 1.65360 -1.32067
v -2.27020 -2.48485 -2.72616
v -1.31598 2.01396 -3.73673
v -4.03233 -0.39097 -0.87985
v -0.90194 -1.40431 -4.14066
v -2.84246 2.40127 -2.15254
v -3.19638 -2.15754 -1.75238
v -0.70263 0.86368 -4.35039
v -3.93613 0.94199 -0.98376
v -1.66787 -2.31200 -3.34228
v -1.86201 2.41723 -3.16107
v -3.84854 -1.18663 -1.06018
v -0.63349 -0.58559 -4.40730
v -3.36784 2.02350 -1.58311
v -2.63647 -2.46858 -2.32982
v -1.00954 1.64892 -4.02527
v -4.05682 0.12500 -0.83703
v -1.13439 -1.84110 -3.88331
v -2.46391 2.51690 -2.52176
v -3.49169 -1.86207 -1.42681
v -0.58454 0.32146 -4.44743
v -3.76862 1.41279 -1.14107
v -2.02270 -2.48618 -2.95947
v -1.48762 2.22364 -3.52103
v -3.98915 -0.71133 -0.89466
v -0.74389 -1.12252 -4.27406
v -3.04364 2.30943 -1.89955
v -2.99099 -2.33654 -1.94454
v -0.76404 1.19490 -4.25204
v -4.00561 0.64395 -0.87243
v -1.42956 -2.19212 -3.56282
v -2.06980 2.51566 -2.90490
v -3.73637 -1.48009 -1.15254
v -0.55373 -0.24582 -4.45722
v -3.53243 1.83043 -1.36816
v -2.39524 -2.54270 -2.55792
v -1.14694 1.91698 -3.84591
v -4.05788 -0.19892 -0.80333
v -0.93616 -1.61064 -4.05893
v -2.67772 2.49496 -2.25683
v -3.31662 -2.09562 -1.58761
v -0.59333 0.67286 -4.40367
v -3.87889 1.14385 -0.98560
v -1.77200 -2.43961 -3.19425
v -1.67870 2.39338 -3.28344
v -3.91943 -1.02874 -0.94109
v -0.61273 -0.80947 -4.37737
v -3.23530 2.17450 -1.65666
v -2.76665 -2.47938 -2.15633
v -0.85806 1.50936 -4.11807
v -4.05084 0.32922 -0.79030
v -1.20041 -2.02483 -3.77147
v -2.28559 2.56750 -2.63915
v -3.59812 -1.75760 -1.27466
v -0.50744 0.10806 -4.47047
v -3.67972 1.60269 -1.17306
v -2.14387 -2.57138 -2.79504
v -1.30998 2.15198 -3.63827
v -4.03268 -0.52759 -0.80123
v -0.75909 -1.34062 -4.21023
v -2.88812 2.42666 -1.99509
v -3.11857 -2.29997 -1.77305
v -0.63691 1.01879 -4.32205
v -3.96684 0.85098 -0.85678
v -1.52284 -2.34388 -3.42508
v -1.88495 2.51936 -3.02869
v -3.82272 -1.33823 -1.01901
v -0.51198 -0.47130 -4.44702
v -3.41410 1.99919 -1.42824
v -2.52605 -2.58137 -2.38402
v -0.98273 1.79979 -3.95067
v -4.07075 0.00218 -0.73879
v -0.98553 -1.81186 -3.96280
v -2.50480 2.57177 -2.36908
v -3.43413 -2.01372 -1.42520
v -0.49619 0.46835 -4.44554
v -3.80746 1.34412 -1.00101
v -1.88654 -2.55175 -3.03618
v -1.49499 2.34858 -3.40638
v -3.98044 -0.85631 -0.83124
v -0.60760 -1.03576 -4.33266
v -3.09114 2.31358 -1.74142
v -2.89929 -2.46980 -1.98027
v -0.71460 1.35137 -4.20343
v -4.03106 0.53847 -0.75665
v -1.28032 -2.19890 -3.64639
v -2.10187 2.59891 -2.76185
v -3.69871 -1.63457 -1.12784
v -0.44448 -0.11500 -4.48020
v -3.57712 1.78676 -1.21818
v -2.27260 -2.63835 -2.62324
v -1.13531 2.05952 -3.75288
v -4.06431 -0.33267 -0.71898
v -0.78991 -1.55625 -4.13157
v -2.72304 2.52860 -2.09990
v -3.24524 -2.24289 -1.60219
v -0.52063 0.82702 -4.38192
v -3.91380 1.05881 -0.85472
v -1.62801 -2.48197 -3.27594
v -1.69785 2.50243 -3.15482
v -3.90044 -1.18013 -0.89347
v -0.48561 -0.70191 -4.42229
v -3.28320 2.15808 -1.50038
v -2.66123 -2.60002 -2.20575
v -0.82482 1.66299 -4.04965
v -4.07027 0.21061 -0.68685
v -1.04969 -2.00585 -3.85260
v -2.32486 2.63054 -2.48819
v -3.54747 -1.91221 -1.26651
v -0.41223 0.25179 -4.47503
v -3.72192 1.54091 -1.02990
v -2.01039 -2.64694 -2.86912
v -1.31238 2.28272 -3.52848
v -4.03051 -0.67068 -0.73160
v -0.61831 -1.26233 -4.27296
v -2.93616 2.43914 -1.83662
v -3.03291 -2.43946 -1.80304
v -0.58050 1.17598 -4.28009
v -3.99711 0.75089 -0.73644
v -1.37342 -2.36138 -3.50872
v -1.91411 2.61034 -2.88860
v -3.79211 -1.49377 -0.98762
v -0.39637 -0.34584 -4.47595
v -3.46121 1.96317 -1.27604
v -2.40759 -2.68601 -2.44531
v -0.96512 1.94658 -3.86344
v -4.08323 -0.12817 -0.64868
v -0.83622 -1.76728 -4.03824
v -2.54943 2.61390 -2.21299
v -3.36952 -2.16538 -1.43335
v -0.41636 0.62099 -4.43056
v -3.84641 1.26551 -0.86631
v -1.74411 -2.60473 -3.11632
v -1.50995 2.46452 -3.28192
v -3.96837 -1.00693 -0.77701
v -0.47503 -0.93556 -4.38268
v -3.14042 2.30541 -1.58395
v -2.79932 -2.59801 -2.02448
v -0.67461 1.50734 -4.14151
v -4.05591 0.42459 -0.64803
v -1.12817 -2.19059 -3.72878
v -2.13916 2.67027 -2.61298
v -3.65520 -1.79161 -1.11289
v -0.34236 0.02490 -4.49130
v -3.62248 1.73230 -1.07205
v -2.14233 -2.72388 -2.69423
v -1.13235 2.19585 -3.64834
v -4.06869 -0.47330 -0.64308
v -0.64494 -1.48702 -4.19822
v -2.77129 2.54970 -1.94138
v -3.16601 -2.38821 -1.62605
v -0.45703 0.98437 -4.34685
v -3.94875 0.96461 -0.72989
v -1.47892 -2.51044 -3.35920
v -1.72368 2.60117 -3.01809
v -3.87704 -1.33614 -0.85518
v -0.36374 -0.58248 -4.45715
v -3.33250 2.13012 -1.34618
v -2.54745 -2.71347 -2.26256
v -0.80086 1.81367 -3.96858
v -4.08874 0.08421 -0.59098
v -0.89772 -1.97158 -3.93051
v -2.36843 2.68137 -2.33328
v -3.48991 -2.06773 -1.26792
v -0.32515 0.40226 -4.46698
v -3.76471 1.46919 -0.89152
v -1.87004 -2.71062 -2.94724
v -1.32273 2.40540 -3.40859
v -4.02542 -0.81992 -0.67067
v -0.48052 -1.17015 -4.32792
v -2.98652 2.43957 -1.67823
v -2.93884 -2.57491 -1.84161
v -0.53346 1.33380 -4.22498
v -4.02726 0.64228 -0.62269
v -1.22033 -2.36410 -3.59195
v -1.94898 2.69012 -2.74222
v -3.75596 -1.65264 -0.96562
v -0.28737 -0.21045 -4.49363
v -3.50949 1.91646 -1.12714
v -2.28106 -2.78141 -2.51271
v -0.95639 2.08821 -3.76457
v -4.09413 -0.26576 -0.56648
v -0.68739 -1.70768 -4.10853
v -2.59754 2.64390 -2.05475
v -3.29709 -2.31605 -1.45071
v -0.34537 0.77790 -4.40262
v -3.88586 1.17770 -0.73712
v -1.59589 -2.64436 -3.19872
v -1.53202 2.57097 -3.14897
v -3.95228 -1.16278 -0.73169
v -0.34705 -0.82287 -4.42336
v -3.19160 2.28589 -1.42801
v -2.69074 -2.72000 -2.07633
v -0.64396 1.66149 -4.06698
v -4.08027 0.30272 -0.54642
v -0.97397 -2.16709 -3.80879
v -2.18125 2.72998 -2.45965
v -3.60500 -1.95042 -1.10725
v -0.24796 0.17253 -4.49030
v -3.66889 1.66794 -0.93016
v -2.00464 -2.79827 -2.76980
v -1.13765 2.32509 -3.53346
v -4.07059 -0.62054 -0.57538
v -0.50219 -1.40351 -4.25790
v -2.82238 2.55905 -1.78239
v -3.07830 -2.53046 -1.65855
v -0.40268 1.14348 -4.29885
v -3.98403 0.86179 -0.61112
v -1.32542 -2.52450 -3.44282
v -1.75571 2.68941 -2.87462
v -3.84842 -1.49621 -0.82593
v -0.24790 -0.45233 -4.48140
v -3.38342 2.09157 -1.19474
v -2.42522 -2.81856 -2.32586
v -0.78596 1.96026 -3.87578
v -4.10609 -0.04970 -0.50248
v -0.74542 -1.92217 -4.00411
v -2.41599 2.72050 -2.17571
v -3.42465 -2.22320 -1.27842
v -0.24662 0.55807 -4.44635
v -3.80844 1.38826 -0.75811
v -1.72327 -2.76156 -3.02827
v -1.34058 2.51946 -3.27988
v -4.01672 -0.97495 -0.61819
v -0.34661 -1.06490 -4.37430
v -3.03925 2.42885 -1.52083
v -2.83596 -2.70509 -1.88803
v -0.49578 1.49091 -4.15733
v -4.05736 0.52551 -0.51544
v -1.06441 -2.35179 -3.67362
v -1.98917 2.75882 -2.59088
v -3.71336 -1.81412 -0.95267
v -0.18560 -0.06642 -4.49975
v -3.55925 1.85990 -0.98196
v -2.14661 -2.86646 -2.58522
v -0.95621 2.22374 -3.65513
v -4.10300 -0.41032 -0.49196
v -0.54001 -1.63349 -4.17267
v -2.64896 2.66245 -1.89551
v -3.21616 -2.46462 -1.47672
v -0.28347 0.93766 -4.36197
v -3.92607 1.08122 -0.61346
v -1.44253 -2.67002 -3.28223
v -1.56073 2.66765 -3.00886
v -3.93134 -1.32336 -0.69501
v -0.22447 -0.69871 -4.45412
v -3.24484 2.25591 -1.27430
v -2.57336 -2.83455 -2.13502
v -0.62250 1.81260 -3.98064
v -4.10396 0.17310 -0.45167
v -0.81867 -2.12841 -3.88531
v -2.22783 2.77842 -2.30313
v -3.54723 -2.11009 -1.11056
v -0.16175 0.32649 -4.47713
v -3.71666 1.59439 -0.79274
v -1.85990 -2.86058 -2.84892
v -1.15081 2.44657 -3.40944
v -4.06932 -0.77405 -0.51566
v -0.36260 -1.30642 -4.30978
v -2.87629 2.55746 -1.62386
v -2.98162 -2.66843 -1.69906
v -0.35765 1.30297 -4.23839
v -4.01971 0.75072 -0.49833
v -1.16831 -2.52378 -3.52568
v -1.79350 2.76716 -2.72573
v -3.81365 -1.65966 -0.80544
v -0.13879 -0.31266 -4.49464
v -3.43623 2.04327 -1.04651
v -2.29460 -2.91415 -2.39475
v -0.77984 2.10173 -3.77223
v -4.12187 -0.19091 -0.42117
v -0.59380 -1.85794 -4.07237
v -2.46734 2.74851 -2.01660
v -3.35093 -2.37753 -1.29755
v -0.17695 0.71779 -4.41329
v -3.85335 1.29866 -0.62974
v -1.57066 -2.79902 -3.11113
v -1.36547 2.62449 -3.14361
v -4.00357 -1.13533 -0.57395
v -0.21747 -0.94751 -4.41143
v -3.09446 2.40782 -1.36515
v -2.72401 -2.82878 -1.94158
v -0.46738 1.64604 -4.07783
v -4.08726 0.40084 -0.41452
v -0.90658 -2.32435 -3.75263
v -2.03430 2.81671 -2.43586
v -3.66340 -1.97732 -0.94848
v -0.09165 0.08493 -4.49412
v -3.61076 1.79422 -0.84075
v -2.00455 -2.94014 -2.66186
v -0.96419 2.35240 -3.53626
v -4.10916 -0.56160 -0.42497
v -0.39506 -1.54529 -4.22978
v -2.70365 2.67031 -1.73622
v -3.12618 -2.60988 -1.51087
v -0.23080 1.09889 -4.30901
v -3.96710 0.97644 -0.49528
v -1.28482 -2.68121 -3.36576
v -1.59564 2.75445 -2.86288
v -3.90458 -1.48806 -0.66678
v -0.10809 -0.56422 -4.47446
v -3.30036 2.21629 -1.12331
v -2.44719 -2.94046 -2.19973
v -0.61001 1.95960 -3.88339
v -4.12656 0.03593 -0.36362
v -0.66324 -2.07475 -3.95733
v -2.27865 2.81610 -2.14458
v -3.48110 -2.26955 -1.12245
v -0.08415 0.48542 -4.45183
v -3.76599 1.51220 -0.65987
v -1.70868 -2.90997 -2.93056
v -1.17140 2.55980 -3.27748
v -4.06402 -0.93347 -0.46377
v -0.22712 -1.19659 -4.35312
v -2.93308 2.54574 -1.46657
v -2.87564 -2.80086 -1.74697
v -0.32193 1.46155 -4.16610
v -4.05562 0.63162 -0.39138
v -1.00851 -2.50803 -3.60670
v -1.83670 2.83460 -2.57266
v -3.77176 -1.82567 -0.79349
v -0.03706 -0.16474 -4.49664
v -3.49116 1.98592 -0.90179
v -2.15585 -2.99912 -2.46833
v -0.78218 2.23724 -3.65897
v -4.13541 -0.33922 -0.34691
v -0.44385 -1.77933 -4.13441
v -2.52236 2.76608 -1.85695
v -3.26810 -2.52953 -1.32490
v -0.11639 0.88005 -4.36809
v -3.89950 1.20074 -0.50637
v -1.41297 -2.82238 -3.19476
v -1.39700 2.72029 -3.00102
v -3.98497 -1.30050 -0.53781
v -0.09394 -0.81901 -4.43878
v -3.15232 2.37727 -1.21173
v -2.60290 -2.94473 -2.00156
v -0.44809 1.79808 -3.98731
v -4.11652 0.26839 -0.31981
v -0.74784 -2.28183 -3.82796
v -2.08410 2.86421 -2.27830
v -3.60521 -2.14123 -0.95278
v -0.00599 0.24226 -4.47674
v -3.66422 1.71994 -0.70364
v -1.85537 -3.00152 -2.74168
v -0.97996 2.47360 -3.40910
v -4.11172 -0.71928 -0.36538
v -0.25351 -1.44379 -4.27909
v -2.76161 2.66821 -1.57768
v -3.02672 -2.75058 -1.55264
v -0.18744 1.26028 -4.24427
v -4.00881 0.86355 -0.38247
v -1.12364 -2.67756 -3.44825
v -1.63638 2.83145 -2.71226
v -3.87100 -1.65611 -0.64683
v 0.00139 -0.42057 -4.48407
v -3.35836 2.16771 -0.97538
v -2.31241 -3.03656 -2.26965
v -0.60622 2.10156 -3.77621
v -4.14738 -0.10866 -0.28213
v -0.50871 -2.00642 -4.02391
v -2.33355 2.84360 -1.98499
v -3.40588 -2.42766 -1.14258
v -0.01548 0.64794 -4.41463
v -3.81695 1.42169 -0.53154
v -1.55167 -2.94571 -3.01372
v -1.19900 2.66445 -3.13880
v -4.05367 -1.09832 -0.41961
v -0.09662 -1.07493 -4.38733
v -2.99288 2.52464 -1.31107
v -2.76021 -2.92648 -1.80165
v -0.29545 1.61806 -4.08271
v -4.09136 0.50459 -0.29015
v -0.84700 -2.47718 -3.68486
v -1.88498 2.89203 -2.41658
v -3.72184 -1.99328 -0.78988
v 0.05673 -0.00985 -4.48726
v -3.54839 1.92004 -0.76072
v -2.00940 -3.07246 -2.54572
v -0.79262 2.36610 -3.53711
v -4.14582 -0.49438 -0.27961
v -0.29657 -1.68694 -4.18940
v -2.58103 2.77390 -1.69757
v -3.17569 -2.67794 -1.36003
v -0.06508 1.04353 -4.31119
v -3.94673 1.09467 -0.38790
v -1.25105 -2.83117 -3.27816
v -1.43476 2.80681 -2.85334
v -3.95987 -1.46979 -0.50968
v 0.02321 -0.68052 -4.45595
v -3.21300 2.33789 -1.06093
v -2.47275 -3.05172 -2.06722
v -0.43772 1.94601 -3.88665
v -4.14449 0.12827 -0.23121
v -0.58922 -2.22443 -3.89868
v -2.13838 2.90184 -2.11923
v -3.53800 -2.30473 -0.96530
v 0.07097 0.40423 -4.44771
v -3.71967 1.63740 -0.57062
v -1.69972 -3.04976 -2.82373
v -1.00311 2.58692 -3.27483
v -4.10967 -0.88298 -0.31313
v -0.11629 -1.32982 -4.31996
v -2.82291 2.65690 -1.42049
v -2.91755 -2.88542 -1.60147
v -0.15337 1.42062 -4.16836
v -4.05079 0.74262 -0.27491
v -0.95996 -2.65887 -3.52871
v -1.68263 2.89886 -2.55814
v -3.82962 -1.82663 -0.63505
v 0.10333 -0.26901 -4.48273
v -3.41900 2.11070 -0.83066
v -2.16937 -3.12177 -2.34398
v -0.61082 2.23772 -3.66013
v -4.16555 -0.26049 -0.20717
v -0.35611 -1.92389 -4.08424
v -2.39245 2.86158 -1.82521
v -3.32101 -2.58315 -1.17060
v 0.04405 0.81274 -4.36584
v -3.86941 1.32305 -0.40766
v -1.38967 -2.96722 -3.09742
v -1.23324 2.76041 -2.99457
v -4.03720 -1.26799 -0.38314
v 0.02804 -0.94247 -4.41194
v -3.05582 2.49483 -1.15775
v -2.63533 -3.04403 -1.86245
v -0.27804 1.77142 -3.98901
v -4.12628 0.36968 -0.19457
v -0.68482 -2.43131 -3.75923
v -1.93813 2.93990 -2.25851
v -3.66302 -2.16143 -0.79444
v 0.14210 0.15069 -4.46653
v -3.60798 1.84598 -0.62331
v -1.85581 -3.13326 -2.62603
v -0.81078 2.48782 -3.40775
v -4.15206 -0.65607 -0.21924
v -0.15295 -1.58149 -4.23666
v -2.64338 2.77267 -1.53910
v -3.07336 -2.82147 -1.40248
v -0.02307 1.20699 -4.24313
v -3.99468 0.98051 -0.27423
v -1.08583 -2.82507 -3.36035
v -1.47841 2.88420 -2.70171
v -3.92726 -1.64237 -0.48949
v 0.13326 -0.53319 -4.46265
v -3.27663 2.29018 -0.91293
v -2.33382 -3.14860 -2.13784
v -0.43598 2.08901 -3.77683
v -4.17029 -0.01942 -0.14867
v -0.43175 -2.15249 -3.96393
v -2.19703 2.93017 -1.95952
v -3.46114 -2.46662 -0.98578
v 0.13894 0.56953 -4.40727
v -3.77701 1.54677 -0.44162
v -1.53835 -3.08419 -2.90709
v -1.03327 2.69213 -3.13459
v -4.10191 -1.05215 -0.26823
v 0.01569 -1.20430 -4.35184
v -2.88766 2.63701 -1.26507
v -2.79860 -3.01311 -1.65681
v -0.12850 1.57879 -4.08204
v -4.09243 0.61366 -0.17253
v -0.79480 -2.62510 -3.60621
v -1.73411 2.95706 -2.40158
v -3.77952 -1.99861 -0.63132
v 0.19718 -0.11079 -4.47040
v -3.48232 2.04561 -0.68921
v -2.01858 -3.19508 -2.42188
v -0.62346 2.36748 -3.53621
v -4.18003 -0.41932 -0.13872
v -0.20645 -1.82777 -4.13756
v -2.45536 2.87069 -1.66592
v -3.22607 -2.73476 -1.20615
v 0.09430 0.97857 -4.30593
v -3.92301 1.21631 -0.28814
v -1.22361 -2.97405 -3.18071
v -1.27374 2.84770 -2.84595
v -4.01353 -1.44174 -0.35436
v 0.14612 -0.80032 -4.42660
v -3.12201 2.45683 -1.00685
v -2.50122 -3.15230 -1.92872
v -0.26948 1.92075 -3.88591
v -4.15953 0.22694 -0.10458
v -0.52301 -2.37065 -3.82893
v -1.99599 2.97873 -2.09935
v -3.59459 -2.32894 -0.80697
v 0.21868 0.31560 -4.43461
v -3.66982 1.76391 -0.48951
v -1.69581 -3.18071 -2.70837
v -0.83630 2.60205 -3.27204
v -4.15303 -0.82386 -0.16586
v -0.01392 -1.46380 -4.27559
v -2.70947 2.76302 -1.38201
v -2.96097 -2.95881 -1.45178
v 0.00965 1.36929 -4.16456
v -4.04276 0.85822 -0.16528
v -0.91834 -2.80390 -3.44039
v -1.52766 2.95273 -2.54717
v -3.88616 -1.81730 -0.47721
v 0.23561 -0.37825 -4.45874
v -3.34327 2.23452 -0.76780
v -2.18656 -3.23430 -2.21266
v -0.44257 2.22640 -3.65885
v -4.19290 -0.17452 -0.07220
v -0.27649 -2.06651 -4.02292
v -2.25998 2.94983 -1.79987
v -3.37413 -2.62562 -1.01395
v 0.19771 0.73688 -4.35578
v -3.83591 1.44806 -0.31654
v -1.37215 -3.10423 -2.99084
v -1.07005 2.78919 -2.98951
v -4.08732 -1.22616 -0.23073
v 0.14162 -1.06825 -4.37433
v -2.95595 2.60909 -1.11169
v -2.66999 -3.13242 -1.71810
v -0.11266 1.73384 -3.98611
v -4.13291 0.47664 -0.07528
v -0.62922 -2.57636 -3.67985
v -1.79062 3.00649 -2.24348
v -3.71991 -2.17091 -0.63555
v 0.28251 0.05280 -4.44713
v -3.54825 1.97261 -0.55097
v -1.86070 -3.25561 -2.50253
v -0.64378 2.49042 -3.40554
v -4.18971 -0.58480 -0.07686
v -0.06071 -1.71880 -4.18323
v -2.52229 2.87154 -1.50760
v -3.12085 -2.88117 -1.24885
v 0.13524 1.14423 -4.23547
v -3.97722 1.10138 -0.17289
v -1.05445 -2.96592 -3.26267
v -1.32020 2.92653 -2.69397
v -3.98166 -1.61871 -0.33330
v 0.25691 -0.64962 -4.43108
v -3.19151 2.41102 -0.85845
v -2.35823 -3.25017 -1.99978
v -0.26950 2.06527 -3.77437
v -4.19012 0.07643 -0.02023
v -0.36263 -2.29558 -3.89316
v -2.05845 3.00911 -1.93983
v -3.51599 -2.49458 -0.82730
v 0.28621 0.48360 -4.39178
v -3.73362 1.67382 -0.35922
v -1.53022 -3.21418 -2.79188
v -0.86879 2.70867 -3.13105
v -4.14760 -0.99717 -0.11955
v 0.11964 -1.33482 -4.30570
v -2.77938 2.74548 -1.22658
v -2.83856 -3.08870 -1.50744
v 0.03321 1.52939 -4.07623
v -4.09019 0.72771 -0.06101
v -0.74960 -2.76765 -3.51740
v -1.58229 3.01280 -2.39066
v -3.83571 -1.99352 -0.47280
v 0.32974 -0.21693 -4.44420
v -3.41285 2.17108 -0.62550
v -2.03156 -3.30784 -2.29090
v -0.45714 2.35767 -3.53376
v -4.21121 -0.33677 -0.00192
v -0.12443 -1.96712 -4.07499
v -2.32723 2.96141 -1.64081
v -3.27665 -2.78044 -1.04950
v 0.24718 0.90509 -4.29374
v -3.89586 1.34116 -0.19530
v -1.20206 -3.10951 -3.07407
v -1.11314 2.87820 -2.84064
v -4.06486 -1.40421 -0.20070
v 0.26075 -0.92277 -4.38712
v -3.02783 2.57349 -0.96044
v -2.53202 -3.24214 -1.78470
v -0.10562 1.88493 -3.88148
v -4.17125 0.33158 0.01678
v -0.46427 -2.51290 -3.74881
v -1.85205 3.04769 -2.08461
v -3.65016 -2.34236 -0.64761
v 0.35895 0.22051 -4.41312
v -3.61653 1.89170 -0.41584
v -1.69649 -3.30260 -2.58510
v -0.67141 2.60631 -3.26920
v -4.19344 -0.75645 -0.02171
v 0.08020 -1.59782 -4.22072
v -2.59330 2.86467 -1.35059
v -3.00529 -3.02109 -1.29828
v 0.16692 1.30865 -4.15512
v -4.03126 0.97814 -0.06187
v -0.88324 -2.94270 -3.34244
v -1.37236 2.99721 -2.53959
v -3.94067 -1.79790 -0.31998
v 0.35985 -0.49157 -4.42529
v -3.26426 2.35757 -0.71251
v -2.20689 -3.33658 -2.07490
v -0.27779 2.20440 -3.65537
v -4.21691 -0.08167 0.05837
v -0.20471 -2.20660 -3.95120
v -2.12549 3.03159 -1.78053
v -3.42681 -2.65705 -0.85520
v 0.34449 0.65347 -4.33842
v -3.79892 1.57559 -0.23235
v -1.35995 -3.23314 -2.87569
v -0.90793 2.80768 -2.98585
v -4.13465 -1.17532 -0.08045
v 0.24693 -1.19556 -4.32664
v -2.85314 2.72045 -1.07293
v -2.70632 -3.20988 -1.56893
v 0.04778 1.68641 -3.97895
v -4.13600 0.58894 0.03854
v -0.58070 -2.71648 -3.59054
v -1.64212 3.06488 -2.23297
v -3.77521 -2.16987 -0.47624
v 0.41522 -0.05048 -4.41914
v -3.48514 2.09985 -0.48593
v -1.86953 -3.36839 -2.37180
v -0.47934 2.48249 -3.40260
v -4.22405 -0.50579 0.06204
v 0.02346 -1.85507 -4.11954
v -2.39881 2.96545 -1.48270
v -3.16858 -2.92975 -1.09210
v 0.28735 1.07303 -4.22172
v -3.95616 1.22590 -0.07785
v -1.02910 -3.09976 -3.15592
v -1.16225 2.95940 -2.68895
v -4.03354 -1.58539 -0.17826
v 0.37243 -0.76901 -4.39003
v -3.10326 2.53044 -0.81131
v -2.38512 -3.34118 -1.85599
v -0.10709 2.03139 -3.76908
v -4.20633 0.17855 0.10354
v -0.30103 -2.43513 -3.81235
v -1.91832 3.08119 -1.92558
v -3.56978 -2.51167 -0.66739
v 0.42627 0.39112 -4.36868
v -3.68673 1.80273 -0.28371
v -1.52683 -3.33545 -2.66875
v -0.70601 2.71509 -3.12822
v -4.19007 -0.93369 0.02654
v 0.21540 -1.46577 -4.24960
v -2.66841 2.85049 -1.19503
v -2.87951 -3.15323 -1.35398
v 0.18947 1.47089 -4.06564
v -4.08423 0.84645 0.04489
v -0.71105 -2.90441 -3.41915
v -1.43001 3.06016 -2.38363
v -3.88975 -1.97822 -0.31446
v 0.45443 -0.32738 -4.40925
v -3.34007 2.29650 -0.56895
v -2.04785 -3.41061 -2.15338
v -0.29399 2.33773 -3.52994
v -4.23875 -0.24708 0.13105
v -0.05027 -2.10437 -4.00242
v -2.19709 3.04671 -1.62183
v -3.32682 -2.81505 -0.89042
v 0.39346 0.82407 -4.27506
v -3.86505 1.46900 -0.10882
v -1.18600 -3.23723 -2.95894
v -0.95339 2.89927 -2.83740
v -4.11318 -1.35748 -0.04870
v 0.36724 -1.04710 -4.33816
v -2.93072 2.68814 -0.92108
v -2.56463 -3.32120 -1.63566
v 0.05362 1.83960 -3.87364
v -4.17912 0.44186 0.13324
v -0.41271 -2.65066 -3.65905
v -1.70704 3.10948 -2.07475
v -3.70408 -2.34514 -0.48745
v 0.49175 0.11989 -4.38379
v -3.55976 2.02069 -0.34899
v -1.70130 -3.41522 -2.45454
v -0.50881 2.60071 -3.26641
v -4.23025 -0.68109 0.11945
v 0.16626 -1.73120 -4.15607
v -2.47473 2.96235 -1.32572
v -3.04994 -3.07227 -1.14138
v 0.31828 1.23971 -4.14043
v -4.01591 1.10209 0.03579
v -0.85433 -3.07490 -3.23556
v -1.21713 3.03317 -2.53527
v -3.99250 -1.76868 -0.16349
v 0.47611 -0.60813 -4.38301
v -3.18207 2.47995 -0.66420
v -2.22987 -3.42852 -1.93129
v -0.11676 2.17273 -3.64989
v -4.23699 0.01772 0.18480
v -0.14052 -2.34359 -3.86979
v -1.98938 3.10753 -1.76681
v -3.47845 -2.67756 -0.69469
v 0.48432 0.56346 -4.31425
v -3.75823 1.70546 -0.15452
v -1.35269 -3.35367 -2.75265
v -0.74724 2.81684 -2.98358
v -4.17854 -1.11577 0.06770
v 0.34413 -1.32366 -4.26955
v -2.74760 2.82922 -1.04094
v -2.74379 -3.27640 -1.41545
v 0.20310 1.63012 -3.96787
v -4.13506 0.70622 0.14726
v -0.53896 -2.85123 -3.49203
v -1.49301 3.11586 -2.22676
v -3.82828 -2.15849 -0.31673
v 0.54027 -0.15828 -4.38310
v -3.41860 2.22766 -0.42763
v -1.88187 -3.47144 -2.23445
v -0.31777 2.46500 -3.39907
v -4.25444 -0.41941 0.19757
v 0.09976 -1.98965 -4.04627
v -2.27326 3.05489 -1.46394
v -3.21599 -2.96727 -0.93265
v 0.43314 0.99435 -4.20231
v -3.93116 1.35380 0.01134
v -1.00941 -3.22625 -3.04080
v -1.00492 2.98372 -2.68657
v -4.08224 -1.54268 -0.02448
v 0.47993 -0.89059 -4.34011
v -3.01199 2.64859 -0.77093
v -2.41400 -3.42158 -1.70704
v 0.05103 1.98837 -3.76122
v -4.21837 0.28658 0.22289
v -0.24669 -2.57063 -3.72221
v -1.77698 3.14710 -1.91645
v -3.62193 -2.51804 -0.50635
v 0.55910 0.29298 -4.33849
v -3.63613 1.93333 -0.21456
v -1.52778 -3.44776 -2.53835
v -0.54522 2.71234 -3.12615
v -4.22870 -0.86202 0.17006
v 0.30316 -1.59646 -4.18421
v -2.55497 2.95238 -1.16992
v -2.92094 -3.20675 -1.19690
v 0.34014 1.40424 -4.05063
v -4.07409 0.96953 0.14552
v -0.67882 -3.03498 -3.31218
v -1.27762 3.09993 -2.38032
v -3.94104 -1.95294 -0.15650
v 0.57131 -0.44134 -4.36613
v -3.26396 2.42187 -0.51899
v -2.06699 -3.50326 -2.00991
v -0.13427 2.30860 -3.52491
v -4.26204 -0.15060 0.26031
v 0.01628 -2.23895 -3.92054
v -2.06522 3.12711 -1.60856
v -3.37604 -2.83871 -0.72930
v 0.53307 0.73643 -4.25035
v -3.83023 1.59957 -0.02824
v -1.17506 -3.35694 -2.83600
v -0.79481 2.91179 -2.83617
v -4.15787 -1.30181 0.10153
v 0.46570 -1.17258 -4.28034
v -2.83076 2.80094 -0.88825
v -2.59857 -3.38945 -1.48216
v 0.20807 1.78569 -3.86269
v -4.18261 0.55742 0.24505
v -0.36803 -2.78348 -3.56035
v -1.56125 3.16479 -2.06948
v -3.75578 -2.33747 -0.32679
v 0.61709 0.01456 -4.34712
v -3.49932 2.15074 -0.28844
v -1.70983 -3.51840 -2.31736
v -0.34876 2.58616 -3.26375
v -4.26286 -0.59810 0.25763
v 0.24448 -1.86330 -4.08230
v -2.35397 3.05641 -1.30695
v -3.09441 -3.11243 -0.98156
v 0.46364 1.16336 -4.12087
v -3.99627 1.22973 0.12806
v -0.83124 -3.20014 -3.12046
v -1.06229 3.06142 -2.53409
v -4.04107 -1.72988 -0.00794
v 0.58448 -0.72718 -4.33248
v -3.09668 2.60167 -0.62234
v -2.25506 -3.51003 -1.78242
v 0.04032 2.13230 -3.64263
v -4.25257 0.12329 0.30723
v -0.08364 -2.47696 -3.77938
v -1.85192 3.17818 -1.75837
v -3.52853 -2.68728 -0.53279
v 0.61718 0.46769 -4.28372
v -3.71353 1.83740 -0.08262
v -1.34996 -3.46558 -2.62241
v -0.58824 2.81753 -2.98272
v -4.21839 -1.04779 0.21362
v 0.43339 -1.45188 -4.20367
v -2.63944 2.93562 -1.01521
v -2.78192 -3.33199 -1.25820
v 0.35316 1.56588 -3.95315
v -4.12959 0.82813 0.25114
v -0.50366 -2.98021 -3.38502
v -1.34357 3.16013 -2.22462
v -3.87858 -2.13698 -0.15732
v 0.65770 -0.26981 -4.33956
v -3.34847 2.35590 -0.37554
v -1.89730 -3.56463 -2.09113
v -0.15928 2.43885 -3.39508
v -4.28032 -0.32597 0.32976
v 0.16842 -2.12198 -3.96409
v -2.14582 3.14026 -1.45091
v -3.26258 -2.99383 -0.77095
v 0.57256 0.90905 -4.17763
v -3.90181 1.48474 0.09505
v -0.99502 -3.34510 -2.91798
v -0.84847 3.00027 -2.68674
v -4.12721 -1.49083 0.12784
v 0.57951 -1.01365 -4.28190
v -2.91766 2.76552 -0.73681
v -2.44443 -3.49132 -1.55352
v 0.20470 1.93708 -3.75102
v -4.22570 0.40016 0.33798
v -0.19931 -2.70162 -3.62342
v -1.63468 3.20739 -1.91213
v -3.67192 -2.51387 -0.34456
v 0.68472 0.19000 -4.30168
v -3.58155 2.06537 -0.15132
v -1.53268 -3.55094 -2.40134
v -0.38665 2.70126 -3.12488
v -4.26292 -0.78248 0.31094
v 0.38309 -1.72628 -4.11016
v -2.43915 3.05138 -1.15078
v -2.96237 -3.24929 -1.03674
v 0.48513 1.33031 -4.03153
v -4.05930 1.09660 0.24115
v -0.65258 -3.15899 -3.19717
v -1.12535 3.13280 -2.38054
v -3.98902 -1.91791 0.00080
v 0.68047 -0.55804 -4.31538
v -3.18437 2.54708 -0.47515
v -2.08859 -3.58570 -1.86114
v 0.02185 2.27116 -3.51884
v -4.28054 -0.04769 0.38591
v 0.07545 -2.37032 -3.83003
v -1.93180 3.20304 -1.60062
v -3.42382 -2.85155 -0.56659
v 0.66598 0.64298 -4.22003
v -3.79105 1.73254 0.04680
v -1.16888 -3.46838 -2.70594
v -0.63760 2.91655 -2.83691
v -4.19839 -1.23751 0.24984
v 0.55630 -1.29853 -4.21428
v -2.72794 2.91198 -0.86146
v -2.63340 -3.44688 -1.32476
v 0.35761 1.72406 -3.84888
v -4.18122 0.67788 0.35238
v -0.32992 -2.91094 -3.45339
v -1.41489 3.21421 -2.06855
v -3.80474 -2.31954 -0.16598
v 0.73503 -0.09468 -4.30362
v -3.43496 2.28162 -0.23376
v -1.72169 -3.61198 -2.17421
v -0.19145 2.56348 -3.26132
v -4.29070 -0.50782 0.39278
v 0.31506 -1.99356 -4.00004
v -2.23110 3.14711 -1.29383
v -3.13825 -3.14164 -0.81932
v 0.60293 1.08045 -4.09681
v -3.97191 1.36071 0.21521
v -0.81364 -3.31812 -2.99783
v -0.90804 3.08266 -2.53591
v -4.08584 -1.68175 0.14642
v 0.68508 -0.84801 -4.27425
v -3.00794 2.72267 -0.58644
v -2.28204 -3.58107 -1.62891
v 0.19331 2.08397 -3.63378
v -4.26312 0.23465 0.42570
v -0.03381 -2.60623 -3.68065
v -1.71324 3.24399 -1.75485
v -3.57655 -2.68638 -0.36995
v 0.74309 0.36698 -4.24728
v -3.66447 1.97112 -0.01627
v -1.35141 -3.56866 -2.48562
v -0.43111 2.81052 -2.98326
v -4.25366 -0.97172 0.35715
v 0.51487 -1.57960 -4.12962
v -2.52864 3.03974 -0.99529
v -2.82029 -3.37669 -1.09774
v 0.49788 1.49452 -3.93511
v -4.11909 0.95430 0.35035
v -0.47451 -3.10304 -3.27019
v -1.19397 3.19828 -2.22633
v -3.92560 -2.10557 0.00165
v 0.76759 -0.38433 -4.28903
v -3.27451 2.48438 -0.32925
v -1.91542 -3.64784 -1.94248
v -0.00402 2.40484 -3.39075
v -4.30113 -0.22586 0.45855
v 0.22969 -2.25152 -3.87367
v -2.01657 3.22186 -1.44320
v -3.30790 -3.00955 -0.60749
v 0.70559 0.81793 -4.14807
v -3.86770 1.61838 0.17356
v -0.98559 -3.45603 -2.78817
v -0.69308 3.00974 -2.68936
v -4.16792 -1.43015 0.27847
v 0.67133 -1.13751 -4.21599
v -2.82017 2.88118 -0.70848
v -2.47598 -3.55040 -1.39602
v 0.35383 1.87835 -3.73871
v -4.22779 0.51889 0.44887
v -0.15862 -2.82766 -3.51666
v -1.49152 3.26252 -1.91231
v -3.71926 -2.49933 -0.18244
v 0.80318 0.08294 -4.25871
v -3.52266 2.19858 -0.09362
v -1.54114 -3.64480 -2.25841
v -0.23044 2.68261 -3.12445
v -4.29219 -0.69541 0.44902
v 0.45541 -1.85464 -4.02808
v -2.32094 3.14763 -1.13718
v -3.00339 -3.28094 -0.87402
v 0.62441 1.24989 -4.00866
v -4.03939 1.22726 0.33196
v -0.63200 -3.27612 -3.07481
v -0.97335 3.15938 -2.38413
v -4.03321 -1.87339 0.15712
v 0.78202 -0.67681 -4.25753
v -3.10108 2.67195 -0.43699
v -2.11222 -3.65787 -1.70768
v 0.17428 2.22619 -3.51189
v -4.29372 0.06128 0.50780
v 0.12752 -2.49802 -3.73153
v -1.79688 3.27480 -1.59766
v -3.46970 -2.85371 -0.40277
v 0.79223 0.54451 -4.18449
v -3.74710 1.86756 0.11659
v -1.16709 -3.57133 -2.56943
v -0.48191 2.91423 -2.83957
v -4.23423 -1.16489 0.39597
v 0.63920 -1.42434 -4.14055
v -2.62216 3.02123 -0.84028
v -2.66870 -3.49354 -1.16406
v 0.50219 1.65551 -3.83248
v -4.17444 0.80283 0.45529
v -0.29809 -3.03266 -3.33887
v -1.26807 3.25821 -2.07170
v -3.85050 -2.29159 -0.00543
v 0.84565 -0.20714 -4.25376
v -3.36638 2.41306 -0.18458
v -1.73649 -3.69585 -2.02575
v -0.03696 2.53342 -3.25919
v -4.31329 -0.41062 0.52476
v 0.37822 -2.12143 -3.90993
v -2.10612 3.23463 -1.28597
v -3.18102 -3.16004 -0.65519
v 0.73618 0.99173 -4.06858
v -3.94237 1.49462 0.29742
v -0.80120 -3.42855 -2.86835
v -0.75449 3.09750 -2.54058
v -4.12634 -1.62460 0.29928
v 0.77804 -0.96997 -4.20887
v -2.91566 2.84278 -0.55609
v -2.31042 -3.64162 -1.47137
v 0.34216 2.02850 -3.62354
v -4.26813 0.35142 0.54020
v 0.00924 -2.73098 -3.57425
v -1.57340 3.30530 -1.75594
v -3.62208 -2.67505 -0.20661
v 0.86210 0.26203 -4.20535
v -3.61068 2.10627 0.04481
v -1.35667 -3.66275 -2.34297
v -0.27597 2.79650 -2.98519
v -4.28386 -0.88790 0.49810
v 0.58878 -1.70625 -4.04800
v -2.41510 3.14159 -0.98074
v -2.85847 -3.41058 -0.93462
v 0.63726 1.41680 -3.91402
v -4.10309 1.08429 0.44497
v -0.45118 -3.21938 -3.14822
v -1.04430 3.23080 -2.23167
v -3.96889 -2.06453 0.15981
v 0.87007 -0.50117 -4.23199
v -3.19645 2.61283 -0.28838
v -1.93585 -3.72102 -1.78915
v 0.14795 2.36371 -3.38618
v -4.31640 -0.11946 0.58386
v 0.28379 -2.37779 -3.77562
v -1.88549 3.29986 -1.44044
v -3.35152 -3.01459 -0.44278
v 0.83227 0.72173 -4.11400
v -3.82840 1.75430 0.24706
v -0.98078 -3.55882 -2.65202
v -0.53882 3.01276 -2.69436
v -4.20392 -1.36095 0.42711
v 0.75556 -1.26159 -4.14293
v -2.71933 2.99543 -0.68554
v -2.50828 -3.59883 -1.23515
v 0.49840 1.81292 -3.72452
v -4.22419 0.64235 0.55556
v -0.12433 -2.94837 -3.40259
v -1.34756 3.31287 -1.91671
v -3.76354 -2.47468 -0.02042
v 0.91455 -0.02754 -4.21002
v -3.45913 2.33259 -0.04117
v -1.55280 -3.72925 -2.11020
v -0.07665 2.65708 -3.12490
v -4.31605 -0.60119 0.58411
v 0.52032 -1.98102 -3.93856
v -2.20025 3.24116 -1.12871
v -3.04357 -3.30182 -0.70931
v 0.75799 1.16372 -3.98234
v -4.01393 1.36108 0.41806
v -0.61677 -3.38609 -2.94576
v -0.82169 3.18018 -2.39088
v -4.07317 -1.81968 0.31209
v 0.87609 -0.79700 -4.19309
v -3.01384 2.79624 -0.40415
v -2.13752 -3.71975 -1.55018
v 0.32298 2.17440 -3.50420
v -4.30112 0.17588 0.62592
v 0.17273 -2.62160 -3.62568
v -1.66044 3.34262 -1.59932
v -3.51327 -2.84541 -0.23831
v 0.91188 0.44169 -4.14414
v -3.69800 2.00423 0.18134
v -1.16934 -3.66560 -2.42714
v -0.32779 2.90546 -2.84411
v -4.26494 -1.08431 0.53969
v 0.71460 -1.54944 -4.05971
v -2.51325 3.12858 -0.82429
v -2.70408 -3.52949 -1.00064
v 0.64181 1.58074 -3.81374
v -4.16184 0.93184 0.55382
v -0.27223 -3.14829 -3.21742
v -1.12080 3.29718 -2.07866
v -3.89265 -2.25388 0.15446
v 0.94907 -0.32216 -4.19801
v -3.29325 2.54472 -0.14059
v -1.75387 -3.76993 -1.87262
v 0.11465 2.49667 -3.25742
v -4.33017 -0.30689 0.65341
v 0.43422 -2.24644 -3.81258
v -1.97893 3.31901 -1.28297
v -3.22232 -3.16777 -0.48970
v 0.86341 0.89791 -4.03653
v -3.90725 1.63104 0.37484
v -0.79357 -3.53120 -2.73267
v -0.60168 3.10644 -2.54798
v -4.16215 -1.55875 0.45030
v 0.86355 -1.09246 -4.13686
v -2.81962 2.96178 -0.53092
v -2.33980 -3.69170 -1.31043
v 0.48687 1.96658 -3.61207
v -4.26718 0.47315 0.65067
v 0.04579 -2.85080 -3.46082
v -1.43239 3.36235 -1.76129
v -3.66472 -2.65353 -0.04323
v 0.97431 0.15352 -4.15834
v -3.55181 2.24244 0.10085
v -1.36537 -3.74771 -2.19510
v -0.12283 2.77608 -2.98850
v -4.30858 -0.79670 0.63621
v 0.65533 -1.83130 -3.95937
v -2.29869 3.24108 -0.97117
v -2.89607 -3.43377 -0.76944
v 0.77132 1.33340 -3.89017
v -4.08119 1.21767 0.53506
v -0.43337 -3.32894 -3.01975
v -0.89458 3.25808 -2.24041
v -4.00805 -2.01414 0.31677
v 0.96526 -0.61972 -4.16893
v -3.11400 2.74094 -0.25262
v -1.95821 -3.78412 -1.63177
v 0.29662 2.31612 -3.38149
v -4.32571 -0.00718 0.70552
v 0.33100 -2.50037 -3.67055
v -1.75251 3.37436 -1.44224
v -3.39305 -3.00914 -0.27734
v 0.95268 0.62111 -4.07577
v -3.78354 1.89207 0.31572
v -0.98024 -3.65329 -2.51021
v -0.38572 3.00982 -2.70161
v -4.23479 -1.28358 0.57345
v 0.83239 -1.38532 -4.06324
v -2.61494 3.10806 -0.66762
v -2.54093 -3.63670 -1.07152
v 0.63843 1.74145 -3.70865
v -4.21447 0.77010 0.65800
v -0.09614 -3.06340 -3.28184
v -1.20278 3.35867 -1.92502
v -3.80436 -2.44017 0.14106
v 1.01898 -0.14078 -4.15604
v -3.39061 2.46703 0.00628
v -1.56730 -3.80417 -1.95736
v 0.07470 2.62526 -3.12624
v -4.33410 -0.50022 0.71601
v 0.57807 -2.10494 -3.84218
v -2.07695 3.33191 -1.12498
v -3.08254 -3.31207 -0.54317
v 0.88593 1.07246 -3.95287
v -3.98251 1.49761 0.49952
v -0.60654 -3.48865 -2.81070
v -0.67036 3.19559 -2.40062
v -4.10850 -1.75710 0.46535
v 0.96287 -0.91805 -4.12255
v -2.92239 2.91964 -0.37630
v -2.16411 -3.77135 -1.38925
v 0.46797 2.11645 -3.49591
v -4.30235 0.29568 0.74012
v 0.21137 -2.74068 -3.51310
v -1.52243 3.40660 -1.60523
v -3.55416 -2.82687 -0.07373
v 1.02504 0.33517 -4.09935
v -3.64338 2.14211 0.24123
v -1.17529 -3.75107 -2.27973
v -0.17525 2.89075 -2.85043
v -4.29015 -0.99615 0.68068
v 0.78271 -1.67334 -3.97232
v -2.40103 3.23385 -0.81312
v -2.73916 -3.55484 -0.83508
v 0.77654 1.50041 -3.79289
v -4.14301 1.06446 0.64793
v -0.25203 -3.25755 -3.08970
v -0.97307 3.33138 -2.08915
v -3.93080 -2.20671 0.31325
v 1.04543 -0.43914 -4.13681
v -3.21529 2.67621 -0.10154
v -1.77346 -3.83418 -1.71546
v 0.26342 2.45379 -3.25606
v -4.34095 -0.19705 0.77853
v 0.48329 -2.36817 -3.70857
v -1.84942 3.40023 -1.28445
v -3.26178 -3.16501 -0.32340
v 0.98474 0.79962 -4.00098
v -3.86619 1.76951 0.44754
v -0.79044 -3.62588 -2.59147
v -0.44960 3.10991 -2.55792
v -4.19289 -1.48456 0.59914
v 0.94178 -1.21496 -4.05872
v -2.71957 3.07937 -0.51059
v -2.36982 -3.73136 -1.14669
v 0.62748 1.89883 -3.59954
v -4.25988 0.59940 0.75701
v 0.07613 -2.96535 -3.34098
v -1.29012 3.41527 -1.77058
v -3.70409 -2.62208 0.11969
v 1.07985 0.04204 -4.10666
v -3.48752 2.37919 0.15204
v -1.37718 -3.82345 -2.04267
v 0.02833 2.74978 -2.99314
v -4.32744 -0.69853 0.77122
v 0.71475 -1.95429 -3.86429
v -2.17922 3.33805 -0.96622
v -2.93274 -3.44639 -0.60275
v 0.90016 1.24495 -3.86382
v -4.05301 1.35397 0.62062
v -0.42075 -3.43149 -2.88544
v -0.74476 3.28042 -2.25231
v -4.04270 -1.95475 0.47212
v 1.05334 -0.73942 -4.10032
v -3.02687 2.86831 -0.22169
v -1.98216 -3.83716 -1.47097
v 0.44204 2.26263 -3.37675
v -4.32869 0.11053 0.82337
v 0.37159 -2.61885 -3.55908
v -1.61752 3.44535 -1.44826
v -3.43214 -2.99343 -0.11168
v 1.06693 0.51667 -4.03374
v -3.73277 2.03123 0.37962
v -0.98363 -3.73927 -2.36338
v -0.23374 3.00138 -2.71098
v -4.26018 -1.19844 0.71718
v 0.90202 -1.50821 -3.97745
v -2.50677 3.21880 -0.65437
v -2.57358 -3.66409 -0.90571
v 0.77400 1.66456 -3.69129
v -4.19827 0.90168 0.75613
v -0.07375 -3.17246 -3.15505
v -1.05709 3.40010 -1.93693
v -3.84137 -2.39609 0.30154
v 1.11660 -0.25624 -4.09720
v -3.31680 2.60145 0.04894
v -1.58429 -3.86953 -1.80054
v 0.22366 2.58767 -3.12846
v -4.34599 -0.39291 0.84446
v 0.62891 -2.22598 -3.73952
v -1.95088 3.41974 -1.12563
v -3.11994 -3.31188 -0.37613
v 1.00836 0.97671 -3.92054
v -3.94479 1.63638 0.57636
v -0.60101 -3.58360 -2.67024
v -0.51931 3.20594 -2.41312
v -4.13888 -1.68602 0.61652
v 1.04253 -1.03944 -4.04638
v -2.82647 3.04177 -0.35315
v -2.19164 -3.81271 -1.22552
v 0.60932 2.05289 -3.48713
v -4.29705 0.42022 0.85027
v 0.24372 -2.85490 -3.39439
v -1.38273 3.46675 -1.61506
v -3.59201 -2.79834 0.09049
v 1.13184 0.22551 -4.05050
v -3.58294 2.28073 0.29637
v -1.18460 -3.82761 -2.12783
v -0.02422 2.87052 -2.85845
v -4.30950 -0.90080 0.81866
v 0.84375 -1.79557 -3.87889
v -2.28530 3.33676 -0.80644
v -2.77360 -3.56972 -0.66798
v 0.90646 1.41510 -3.77016
v -4.11764 1.20020 0.73759
v -0.23719 -3.36017 -2.95632
v -0.82480 3.36100 -2.10289
v -3.96461 -2.15041 0.47052
v 1.13491 -0.55757 -4.07060
v -3.13220 2.80711 -0.06719
v -1.79492 -3.88860 -1.55490
v 0.40940 2.40532 -3.25515
v -4.34531 -0.08156 0.89991
v 0.52571 -2.48622 -3.59847
v -1.71745 3.47816 -1.29006
v -3.29906 -3.15201 -0.15681
v 1.10028 0.69742 -3.96225
v -3.81885 1.90953 0.51558
v -0.79146 -3.71242 -2.44535
v -0.29818 3.10822 -2.57024
v -4.21822 -1.40240 0.74544
v 1.01295 -1.33698 -3.97494
v -2.61528 3.19519 -0.49482
v -2.40014 -3.76069 -0.98075
v 0.76408 1.82580 -3.58610
v -4.24591 0.72969 0.85909
v 0.10057 -3.07435 -3.21533
v -1.14652 3.46410 -1.78349
v -3.73986 -2.58099 0.28169
v 1.17888 -0.07187 -4.05069
v -3.41752 2.51607 0.19854
v -1.39175 -3.88990 -1.88631
v 0.17758 2.71804 -2.99906
v -4.34011 -0.59382 0.90286
v 0.76729 -2.07482 -3.76331
v -2.05652 3.43225 -0.96553
v -2.96813 -3.44864 -0.43512
v 1.02389 1.15201 -3.83521
v -4.01824 1.49269 0.70162
v -0.41300 -3.52680 -2.74590
v -0.59477 3.29803 -2.26710
v -4.07254 -1.88671 0.62545
v 1.13451 -0.85979 -4.02659
v -2.93482 2.99454 -0.19535
v -2.00733 -3.88016 -1.30737
v 0.58430 2.20376 -3.37203
v -4.32502 0.23320 0.93723
v 0.40583 -2.73290 -3.44176
v -1.48039 3.51272 -1.45813
v -3.46844 -2.96771 0.05368
v 1.17519 0.40895 -3.98824
v -3.67580 2.17128 0.43886
v -0.99061 -3.81666 -2.21215
v -0.08282 2.98775 -2.72232
v -4.27978 -1.10592 0.85796
v 0.96469 -1.62982 -3.88606
v -2.39462 3.32730 -0.64550
v -2.60587 -3.68113 -0.73832
v 0.90522 1.58278 -3.67262
v -4.17531 1.03658 0.84985
v -0.05685 -3.27529 -3.02281
v -0.91041 3.43722 -1.95213
v -3.87424 -2.34279 0.46056
v 1.20761 -0.37340 -4.03390
v -3.23743 2.73538 0.08697
v -1.60342 -3.92531 -1.64036
v 0.37032 2.54475 -3.13154
v -4.35141 -0.27974 0.96923
v 0.67309 -2.34376 -3.63111
v -1.82189 3.50443 -1.13032
v -3.15544 -3.30146 -0.20875
v 1.12540 0.87699 -3.88562
v -3.90050 1.77688 0.64858
v -0.59984 -3.67078 -2.52501
v -0.36846 3.21144 -2.42816
v -4.16398 -1.60681 0.76521
v 1.11530 -1.16071 -3.96507
v -2.72584 3.16223 -0.33445
v -2.21976 -3.84393 -1.05958
v 0.74715 1.98421 -3.47795
v -4.28494 0.54902 0.95620
v 0.27008 -2.96399 -3.27013
v -1.24122 3.52301 -1.62847
v -3.62650 -2.76013 0.25386
v 1.23246 0.11323 -3.99793
v -3.51640 2.41961 0.34688
v -1.19691 -3.89518 -1.97208
v 0.12537 2.84514 -2.86805
v -4.32271 -0.79872 0.95332
v 0.89798 -1.91573 -3.77995
v -2.16586 3.43702 -0.80393
v -2.80705 -3.57432 -0.49989
v 1.03173 1.32532 -3.74574
v -4.08543 1.33856 0.82273
v -0.22739 -3.45596 -2.81790
v -0.67590 3.38613 -2.11960
v -3.99379 -2.08533 0.62584
v 1.21771 -0.67695 -3.99980
v -3.04375 2.93694 -0.03736
v -1.81789 -3.93322 -1.39156
v 0.55271 2.35168 -3.25469
v -4.34296 0.03911 1.01733
v 0.56175 -2.60026 -3.48284
v -1.58287 3.55261 -1.29945
v -3.33383 -3.12900 0.00955
v 1.21020 0.59183 -3.92062
v -3.76497 2.05060 0.57898
v -0.79629 -3.79072 -2.29496
v -0.14734 3.10164 -2.58472
v -4.23788 -1.31270 0.88884
v 1.07729 -1.45811 -3.88601
v -2.50655 3.30885 -0.48332
v -2.43041 -3.77982 -0.81321
v 0.89681 1.74799 -3.57187
v -4.22500 0.86352 0.95678
v 0.11940 -3.17753 -3.08446
v -1.00145 3.50880 -1.79966
v -3.77173 -2.53059 0.44231
v 1.27160 -0.18772 -3.99081
v -3.34156 2.65257 0.24045
v -1.40872 -3.94705 -1.72664
v 0.32502 2.68120 -3.00616
v -4.34634 -0.48303 1.03085
v 0.81322 -2.19251 -3.65694
v -1.93042 3.52340 -0.96879
v -3.00191 -3.44073 -0.26710
v 1.14268 1.05507 -3.80458
v -3.97662 1.63332 0.77802
v -0.40979 -3.61471 -2.60174
v -0.44451 3.31102 -2.28451
v -4.09727 -1.81040 0.77636
v 1.20900 -0.98037 -3.94820
v -2.83762 3.11916 -0.17340
v -2.03339 -3.91321 -1.14156
v 0.72352 2.13995 -3.36735
v -4.31446 0.36035 1.04689
v 0.43401 -2.84223 -3.31917
v -1.34099 3.57633 -1.47152
v -3.50165 -2.93229 0.21825
v 1.27763 0.29843 -3.93959
v -3.61238 2.31172 0.49347
v -1.00085 -3.88538 -2.05715
v 0.06716 2.96920 -2.73546
v -4.29332 -1.00648 0.99546
v 1.02065 -1.74977 -3.78957
v -2.27831 3.43319 -0.64070
v -2.63748 -3.68800 -0.56991
v 1.03225 1.49656 -3.65280
v -4.14532 1.17430 0.93906
v -0.04512 -3.37168 -2.88571
v -0.76262 3.47002 -1.97030
v -3.90269 -2.28061 0.61770
v 1.29222 -0.49181 -3.96652
v -3.15229 2.86834 0.12052
v -1.62435 -3.97153 -1.47741
v 0.51481 2.49686 -3.13542
v -4.35012 -0.16117 1.09006
v 0.71090 -2.45797 -3.51749
v -1.68981 3.58570 -1.13871
v -3.18871 -3.28108 -0.04155
v 1.23725 0.77378 -3.84835
v -3.84939 1.91860 0.71617
v -0.60269 -3.75006 -2.37562
v -0.21771 3.21223 -2.44547
v -4.18354 -1.51990 0.91106
v 1.18142 -1.28145 -3.87904
v -2.62032 3.28058 -0.31997
v -2.24813 -3.86511 -0.89202
v 0.88159 1.91085 -3.46845
v -4.26577 0.68158 1.05776
v 0.29074 -3.06767 -3.14089
v -1.09779 3.57525 -1.64511
v -3.65734 -2.71257 0.41589
v 1.32711 -0.00123 -3.94198
v -3.44355 2.55822 0.39282
v -1.21190 -3.95374 -1.81306
v 0.27364 2.81487 -2.87908
v -4.32954 -0.69035 1.08435
v 0.94567 -2.03348 -3.67599
v -2.04256 3.53424 -0.80527
v -2.83919 -3.56883 -0.33137
v 1.15251 1.23152 -3.71982
v -4.04617 1.47902 0.90326
v -0.22229 -3.54474 -2.67501
v -0.52626 3.40679 -2.13896
v -4.01806 -2.01188 0.77880
v 1.29407 -0.79689 -3.92481
v -2.94973 3.06523 -0.01188
v -1.84204 -3.96810 -1.22603
v 0.69348 2.29323 -3.25464
v -4.33368 0.16446 1.13057
v 0.59171 -2.71002 -3.36221
v -1.44555 3.62334 -1.31228
v -3.36578 -3.09629 0.17516
v 1.31471 0.48329 -3.87638
v -3.70436 2.19220 0.63776
v -0.80462 -3.86068 -2.14087
v 0.00303 3.09030 -2.60114
v -4.25159 -1.21590 1.02900
v 1.13507 -1.57797 -3.79238
v -2.39320 3.41992 -0.47585
v -2.46030 -3.78892 -0.64463
v 1.02584 1.66579 -3.55695
v -4.19693 1.00037 1.04995
v 0.13294 -3.27469 -2.94893
v -0.85482 3.54926 -1.81878
v -3.79941 -2.47125 0.60108
v 1.35823 -0.30510 -3.92736
v -3.25946 2.78818 0.27790
v -1.42778 -3.99491 -1.56424
v 0.47076 2.63956 -3.01432
v -4.34589 -0.36664 1.15492
v 0.85280 -2.30705 -3.54568
v -1.80079 3.61115 -0.97567
v -3.03376 -3.42289 -0.09922
v 1.25671 0.95457 -3.77212
v -3.92796 1.77533 0.84977
v -0.41081 -3.69511 -2.45355
v -0.29388 3.31942 -2.30425
v -4.11663 -1.72625 0.92447
v 1.27704 -1.10079 -3.86555
v -2.73511 3.24170 -0.15563
v -2.06000 -3.93643 -0.97413
v 0.85985 2.07154 -3.36273
v -4.29679 0.49146 1.15216
v 0.45644 -2.94661 -3.19184
v -1.19920 3.63593 -1.48807
v -3.53148 -2.88748 0.38154
v 1.37447 0.18554 -3.88807
v -3.54233 2.45201 0.54351
v -1.01401 -3.94542 -1.89895
v 0.21629 2.94590 -2.75019
v -4.30058 -0.90057 1.12936
v 1.07017 -1.86773 -3.68843
v -2.15768 3.53606 -0.63972
v -2.66809 -3.68489 -0.40105
v 1.15527 1.40633 -3.63194
v -4.10812 1.31432 1.02364
v -0.03825 -3.46148 -2.74433
v -0.61364 3.49841 -1.99110
v -3.92645 -2.20995 0.77251
v 1.37067 -0.61108 -3.89544
v -3.06121 2.99982 0.14973
v -1.64675 -4.00827 -1.31230
v 0.65724 2.44429 -3.13999
v -4.34191 -0.03771 1.20670
v 0.74264 -2.56834 -3.39917
v -1.55454 3.66324 -1.15047
v -3.21947 -3.25100 0.12494
v 1.34410 0.66749 -3.80898
v -3.79129 2.06098 0.77911
v -0.60924 -3.82138 -2.22264
v -0.06697 3.20838 -2.46479
v -4.19732 -1.42574 1.05369
v 1.24115 -1.40131 -3.78874
v -2.50976 3.39635 -0.30949
v -2.27643 -3.87641 -0.72341
v 1.01281 1.83315 -3.45864
v -4.23938 0.81736 1.15477
v 0.30601 -3.16577 -3.00721
v -0.95233 3.62326 -1.66463
v -3.68426 -2.65600 0.57613
v 1.41603 -0.11746 -3.88296
v -3.36422 2.69604 0.43426
v -1.22923 -4.00330 -1.65137
v 0.42070 2.77991 -2.89135
v -4.32976 -0.57620 1.21148
v 0.98709 -2.14852 -3.56749
v -1.91527 3.62804 -0.81020
v -2.86972 -3.55350 -0.16296
v 1.26899 1.13410 -3.69254
v -3.99969 1.62104 0.97911
v -0.22159 -3.62639 -2.52823
v -0.37579 3.42292 -2.16065
v -4.03718 -1.93046 0.92898
v 1.36424 -0.91702 -3.84602
v -2.85001 3.19148 0.00941
v -1.86704 -3.99335 -1.05887
v 0.83185 2.23028 -3.25495
v -4.31729 0.29399 1.23940
v 0.61589 -2.81526 -3.23711
v -1.30538 3.69004 -1.32822
v -3.39464 -3.05418 0.33954
v 1.41402 0.37219 -3.82977
v -3.63686 2.33378 0.69193
v -0.81609 -3.92229 -1.98368
v 0.15303 3.07429 -2.61924
v -4.25917 -1.11246 1.16558
v 1.18654 -1.69625 -3.69450
v -2.27511 3.52795 -0.47216
v -2.48950 -3.78817 -0.47556
v 1.15133 1.57957 -3.54140
v -4.16156 1.13971 1.13847
v 0.14150 -3.36566 -2.80930
v -0.70653 3.58531 -1.84049
v -3.82265 -2.40335 0.75757
v 1.43902 -0.42364 -3.86069
v -3.17108 2.92238 0.31098
v -1.44857 -4.03355 -1.39970
v 0.61494 2.59331 -3.02340
v -4.33858 -0.24515 1.27480
v 0.88635 -2.41819 -3.43004
v -1.66750 3.69511 -0.98588
v -3.06340 -3.39542 0.06800
v 1.36619 0.85086 -3.73802
v -3.87212 1.91819 0.91683
v -0.41572 -3.76791 -2.30188
v -0.14279 3.32322 -2.32601
v -4.13042 -1.63471 1.06939
v 1.33891 -1.22072 -3.77904
v -2.62716 3.36167 -0.14186
v -2.08685 -3.94994 -0.80564
v 0.99345 1.99883 -3.35813
v -4.27186 0.62600 1.25287
v 0.47342 -3.04582 -3.06029
v -1.05492 3.69126 -1.50745
v -3.55766 -2.83364 0.54307
v 1.46595 0.07064 -3.83397
v -3.46554 2.59163 0.58902
v -1.02976 -3.99677 -1.73814
v 0.36469 2.91797 -2.76628
v -4.30136 -0.78869 1.25936
v 1.11353 -1.98340 -3.58310
v -2.03263 3.63545 -0.64229
v -2.69740 -3.67204 -0.23226
v 1.27447 1.31241 -3.61012
v -4.06359 1.45608 1.10349
v -0.03592 -3.54455 -2.59920
v -0.46337 3.52224 -2.01420
v -3.94529 -2.13123 0.92458
v 1.44321 -0.73088 -3.82101
v -2.96408 3.12930 0.17472
v -1.67029 -4.03561 -1.14558
v 0.79775 2.38725 -3.14515
v -4.32663 0.09013 1.31893
v 0.76859 -2.67463 -3.27665
v -1.41597 3.73668 -1.16529
v -3.24743 -3.21156 0.29024
v 1.44618 0.55848 -3.76769
v -3.72608 2.20351 0.83738
v -0.61917 -3.88469 -2.06664
v 0.08387 3.19987 -2.48582
v -4.20514 -1.32478 1.19276
v 1.29476 -1.52001 -3.69457
v -2.39406 3.50905 -0.30280
v -2.30435 -3.87802 -0.55430
v 1.14098 1.75142 -3.44853
v -4.20563 0.95583 1.24708
v 0.31622 -3.25812 -2.86961
v -0.80476 3.66679 -1.68669
v -3.70701 -2.59081 0.73413
v 1.49945 -0.23513 -3.82117
v -3.27832 2.83253 0.47129
v -1.24857 -4.04391 -1.48757
v 0.56667 2.74036 -2.90466
v -4.32323 -0.45675 1.33441
v 1.02254 -2.26060 -3.45492
v -1.78390 3.71799 -0.81843
v -2.89834 -3.52860 0.00483
v 1.38139 1.03337 -3.66403
v -3.94588 1.76407 1.05021
v -0.22495 -3.70084 -2.37810
v -0.22440 3.43440 -2.18433
v -4.05093 -1.84152 1.07600
v 1.42849 -1.03702 -3.76380
v -2.74449 3.31518 0.02666
v -1.89258 -4.00912 -0.89066
v 0.96797 2.16303 -3.25552
v -4.29365 0.42717 1.34364
v 0.63459 -2.91580 -3.10804
v -1.16229 3.75238 -1.34694
v -3.42015 -3.00302 0.50220
v 1.50838 0.25886 -3.78101
v -3.56237 2.47481 0.74149
v -0.83040 -3.97555 -1.82393
v 0.30275 3.05364 -2.63873
v -4.26042 -1.00288 1.29826
v 1.23201 -1.81268 -3.59279
v -2.15219 3.63246 -0.47204
v -2.51771 -3.77780 -0.30654
v 1.27347 1.48961 -3.52523
v -4.11877 1.28099 1.22220
v 0.14540 -3.45034 -2.66608
v -0.55650 3.61673 -1.86444
v -3.84123 -2.32729 0.91136
v 1.51423 -0.54303 -3.79109
v -3.07634 3.05465 0.33977
v -1.47080 -4.06305 -1.23358
v 0.75768 2.54259 -3.03319
v -4.32428 -0.11909 1.39024
v 0.91415 -2.52571 -3.31047
v -1.53049 3.77489 -0.99912
v -3.09055 -3.35861 0.23407
v 1.47136 0.74428 -3.70240
v -3.80901 2.06134 0.97914
v -0.42419 -3.83308 -2.14729
v 0.00884 3.32230 -2.34947
v -4.13844 -1.53623 1.21076
v 1.39488 -1.33988 -3.68906
v -2.51370 3.47857 -0.13193
v -2.11363 -3.95393 -0.63664
v 1.12448 1.92206 -3.35347
v -4.23955 0.76344 1.34883
v 0.48527 -3.13974 -2.92503
v -0.90810 3.74201 -1.52933
v -3.57996 -2.77113 0.70241
v 1.55232 -0.04597 -3.77752
v -3.38192 2.73002 0.63002
v -1.04778 -4.03947 -1.57527
v 0.51245 2.88543 -2.78346
v -4.29551 -0.67133 1.38515
v 1.15103 -2.09657 -3.47402
v -1.90311 3.73093 -0.64816
v -2.72512 -3.64971 -0.06406
v 1.39004 1.21508 -3.58741
v -4.01162 1.59904 1.17852
v -0.03781 -3.62082 -2.45085
v -0.31174 3.54133 -2.03925
v -3.95901 -2.04488 1.07353
v 1.51013 -0.85092 -3.74354
v -2.86084 3.25626 0.19560
v -1.69466 -4.05368 -0.97780
v 0.93649 2.32590 -3.15072
v -4.30415 0.22182 1.42653
v 0.78906 -2.77667 -3.15039
v -1.27406 3.80566 -1.18286
v -3.27234 -3.16307 0.45387
v 1.54374 0.44703 -3.72466
v -3.65371 2.34562 0.89096
v -0.63214 -3.94000 -1.90816
v 0.23488 3.18665 -2.50824
v -4.20681 -1.21751 1.32794
v 1.34254 -1.63729 -3.59692
v -2.27317 3.61821 -0.29971
v -2.33159 -3.87015 -0.38521
v 1.26629 1.66588 -3.43806
v -4.16442 1.09645 1.33456
v 0.32167 -3.34460 -2.72860
v -0.65503 3.70557 -1.71095
v -3.72536 -2.51740 0.88946
v 1.57764 -0.35396 -3.75688
v -3.18580 2.96717 0.50395
v -1.26961 -4.07567 -1.32221
v 0.71165 2.69631 -2.91876
v -4.30981 -0.33254 1.45288
v 1.05232 -2.36952 -3.33870
v -1.64841 3.80367 -0.82969
v -2.92478 -3.49442 0.17150
v 1.48992 0.92962 -3.63434
v -3.88468 1.90757 1.11649
v -0.23206 -3.76804 -2.22515
v -0.07205 3.44106 -2.20967
v -4.05914 -1.74551 1.21950
v 1.48711 -1.15665 -3.67848
v -2.63315 3.43581 0.04002
v -1.91835 -4.01556 -0.72191
v 1.10199 2.09166 -3.25620
v -4.26267 0.56344 1.44309
v 0.64812 -3.01149 -2.97546
v -1.01624 3.81001 -1.36811
v -3.44206 -2.94319 0.66270
v 1.59804 0.14359 -3.73030
v -3.48086 2.61474 0.78646
v -0.84721 -4.02049 -1.66217
v 0.45228 3.02830 -2.65932
v -4.25521 -0.88765 1.42673
v 1.27176 -1.92706 -3.48764
v -2.02443 3.73300 -0.47526
v -2.54464 -3.75805 -0.13808
v 1.39247 1.39614 -3.50843
v -4.06850 1.42367 1.30104
v 0.14496 -3.52865 -2.51979
v -0.40471 3.64326 -1.89029
v -3.85495 -2.24352 1.06205
v 1.58414 -0.66300 -3.71886
v -2.97522 3.18445 0.36437
v -1.49413 -4.08353 -1.06640
v 0.89908 2.48749 -3.04347
v -4.30287 0.01102 1.50102
v 0.93651 -2.62946 -3.18742
v -1.38975 3.85008 -1.01511
v -3.11496 -3.31279 0.39850
v 1.57243 0.63508 -3.66539
v -3.73859 2.20423 1.03669
v -0.43592 -3.89062 -1.99029
v 0.16106 3.31655 -2.37428
v -4.14052 -1.43129 1.34825
v 1.44526 -1.45805 -3.59595
v -2.39473 3.59190 -0.12566
v -2.14003 -3.94862 -0.46763
v 1.25310 1.84140 -3.34864
v -4.19981 0.90323 1.43989
v 0.49230 -3.22825 -2.78654
v -0.75871 3.78786 -1.55336
v -3.59814 -2.70037 0.85911
v 1.63384 -0.16401 -3.71894
v -3.29146 2.86665 0.66656
v -1.06775 -4.07362 -1.41085
v 0.65966 2.84828 -2.80143
v -4.28293 -0.54902 1.50648
v 1.18297 -2.20705 -3.36158
v -1.76910 3.82205 -0.65710
v -2.75097 -3.61819 0.10306
v 1.50221 1.11459 -3.56382
v -3.95220 1.74265 1.24865
v -0.04359 -3.69027 -2.29979
v -0.15874 3.55545 -2.06589
v -3.96743 -1.95135 1.21897
v 1.57171 -0.97097 -3.66335
v -2.75148 3.38018 0.21250
v -1.71955 -4.06266 -0.80948
v 1.07357 2.26032 -3.15649
v -4.27440 0.35680 1.52929
v 0.80437 -2.87435 -3.02085
v -1.12880 3.86978 -1.20287
v -3.29396 -3.10591 0.61537
v 1.63702 0.33340 -3.68001
v -3.57416 2.48677 0.93986
v -0.64784 -3.98734 -1.74771
v 0.38610 3.16860 -2.53172
v -4.20221 -1.10444 1.45891
v 1.38480 -1.75295 -3.49617
v -2.14709 3.72333 -0.30002
v -2.35786 -3.85305 -0.21665
v 1.38889 1.57672 -3.42716
v -4.11572 1.23865 1.41706
v 0.32269 -3.42517 -2.58466
v -0.50314 3.73930 -1.73705
v -3.73912 -2.43621 1.04172
v 1.65089 -0.47370 -3.69030
v -3.08666 3.09942 0.53231
v -1.29203 -4.09869 -1.15581
v 0.85572 2.64775 -2.93336
v -4.28941 -0.20409 1.56666
v 1.07674 -2.47515 -3.21926
v -1.50883 3.88464 -0.84372
v -2.94879 -3.45129 0.33658
v 1.59480 0.82306 -3.60354
v -3.81608 2.05098 1.17789
v -0.24260 -3.82801 -2.06987
v 0.08130 3.44271 -2.23629
v -4.06164 -1.64293 1.35912
v 1.54038 -1.27570 -3.59037
v -2.51599 3.55287 0.04962
v -1.94405 -4.01288 -0.55315
v 1.23403 2.01628 -3.25681
v -4.22429 0.70226 1.53757
v 0.65681 -3.10224 -2.83983
v -0.86725 3.86257 -1.39143
v -3.46016 -2.87508 0.82060
v 1.68325 0.02659 -3.67778
v -3.39233 2.75303 0.82686
v -0.86622 -4.05719 -1.49890
v 0.60165 2.99820 -2.68067
v -4.24342 -0.76729 1.55073
v 1.30611 -2.03921 -3.37943
v -1.89185 3.82909 -0.48159
v -2.57002 -3.72923 0.02934
v 1.50849 1.29935 -3.49095
v -4.01073 1.56718 1.37489
v 0.14049 -3.60056 -2.37091
v -0.25115 3.66463 -1.91769
v -3.86362 -2.15249 1.20925
v 1.64903 -0.78335 -3.64423
v -2.86774 3.31126 0.38489
v -1.51827 -4.09516 -0.89867
v 1.03925 2.42804 -3.05399
v -4.27429 0.14462 1.60691
v 0.95375 -2.72932 -3.06131
v -1.24530 3.92027 -1.03356
v -3.13638 -3.25832 0.56085
v 1.66964 0.52347 -3.62703
v -3.66088 2.34631 1.08943
v -0.45058 -3.94056 -1.83139
v 0.31388 3.30579 -2.40008
v -4.13654 -1.32040 1.48154
v 1.49033 -1.57505 -3.50005
v -2.27027 3.70117 -0.12288
v -2.16578 -3.93424 -0.29911
v 1.37945 1.75696 -3.34349
v -4.15260 1.04480 1.52590
v 0.49483 -3.31130 -2.64528
v -0.60679 3.82846 -1.57921
v -3.61202 -2.62177 1.01277
v 1.71080 -0.28329 -3.65839
v -3.19420 3.00099 0.69869
v -1.08936 -4.09933 -1.24540
v 0.80636 2.80646 -2.81989
v -4.26350 -0.42229 1.62308
v 1.20967 -2.31471 -3.24619
v -1.63065 3.90834 -0.66886
v -2.77470 -3.57779 0.26864
v 1.61115 1.01110 -3.53929
v -3.88532 1.88635 1.31380
v -0.05295 -3.75290 -2.14650
v -0.00438 3.56435 -2.09377
v -3.97039 -1.85114 1.36055
v 1.62823 -1.09084 -3.58069
v -2.63606 3.50056 0.22554
v -1.74467 -4.06273 -0.64111
v 1.20909 2.19059 -3.16224
v -4.23734 0.49454 1.62702
v 0.81484 -2.96757 -2.88846
v -0.98024 3.92865 -1.22503
v -3.31206 -3.04047 0.77432
v 1.72625 0.21779 -3.63382
v -3.48746 2.62641 0.98406
v -0.66596 -4.02680 -1.58580
v 0.53755 3.14560 -2.55589
v -4.19123 -0.98608 1.58539
v 1.42185 -1.86686 -3.39263
v -2.01590 3.82395 -0.30353
v -2.38291 -3.82699 -0.04908
v 1.50894 1.48406 -3.41569
v -4.05953 1.38189 1.49448
v 0.31958 -3.49979 -2.43825
v -0.34911 3.76765 -1.76467
v -3.74811 -2.34769 1.19052
v 1.71947 -0.59417 -3.62164
v -2.98097 3.22875 0.55647
v -1.31552 -4.11312 -0.98884
v 0.99895 2.59467 -2.94818
v -4.26197 -0.07194 1.67552
v 1.09611 -2.57738 -3.09699
v -1.36520 3.96046 -0.86026
v -2.97013 -3.39956 0.49963
v 1.69623 0.71387 -3.57159
v -3.74012 2.19374 1.23438
v -0.25624 -3.88078 -1.91275
v 0.23561 3.43914 -2.26385
v -4.05831 -1.53426 1.49455
v 1.58862 -1.39401 -3.49976
v -2.39310 3.66586 0.05563
v -1.96939 -4.00132 -0.38484
v 1.36420 1.93696 -3.25714
v -4.17851 0.84306 1.62694
v 0.66096 -3.18802 -2.70158
v -0.71537 3.90968 -1.41656
v -3.47425 -2.79909 0.97551
v 1.76427 -0.09194 -3.62357
v -3.29686 2.88913 0.86273
v -0.88711 -4.08578 -1.33461
v 0.75088 2.96322 -2.70244
v -4.22498 -0.64234 1.66997
v 1.33537 -2.14902 -3.26851
v -1.75452 3.92027 -0.49083
v -2.59360 -3.69163 0.19526
v 1.62170 1.19937 -3.47266
v -3.94549 1.71097 1.44366
v 0.13233 -3.66609 -2.21988
v -0.09588 3.68056 -1.94627
v -3.86710 -2.05466 1.35263
v 1.70919 -0.90390 -3.56743
v -2.75398 3.43457 0.40141
v -1.54292 -4.09812 -0.73087
v 1.17823 2.36424 -3.06445
v -4.23850 0.28117 1.70774
v 0.96619 -2.82522 -2.93253
v -1.09722 3.98505 -1.05419
v -3.15460 -3.19559 0.72070
v 1.76321 0.40962 -3.58734
v -3.57593 2.48703 1.13736
v -0.46785 -3.98300 -1.67105
v 0.46729 3.28983 -2.42651
v -4.12639 -1.20408 1.61033
v 1.53041 -1.69074 -3.40163
v -2.14043 3.80590 -0.12341
v -2.19060 -3.91105 -0.13156
v 1.50364 1.66884 -3.33782
v -4.09793 1.18761 1.60675
v 0.49318 -3.38888 -2.50167
v -0.45240 3.86347 -1.60655
v -3.62142 -2.53578 1.16302
v 1.78344 -0.40364 -3.59602
v -3.09021 3.13250 0.72648
v -1.11231 -4.11675 -1.07940
v 0.95256 2.75990 -2.83848
v -4.23720 -0.29168 1.73473
v 1.23144 -2.41946 -3.12818
v -1.48785 3.98938 -0.68320
v -2.79608 -3.52885 0.43223
v 1.71705 0.90477 -3.51377
v -3.81103 2.02958 1.37393
v -0.06558 -3.80875 -1.99143
v 0.15130 3.56779 -2.12252
v -3.96777 -1.74472 1.49795
v 1.68001 -1.21038 -3.49580
v -2.51467 3.61689 0.23485
v -1.76973 -4.05413 -0.47317
v 1.34311 2.11671 -3.16768
v -4.19295 0.63446 1.71958
v 0.82078 -3.05631 -2.75360
v -0.82847 3.98189 -1.24904
v -3.32646 -2.96714 0.93032
v 1.81168 0.10036 -3.58615
v -3.39370 2.76400 1.02360
v -0.68619 -4.05850 -1.42287
v 0.68920 3.11747 -2.58041
v -4.17379 -0.86296 1.70711
v 1.45399 -1.97890 -3.28663
v -1.87969 3.91961 -0.31006
v -2.40646 -3.79228 0.11703
v 1.62657 1.38800 -3.40348
v -3.99589 1.52559 1.56674
v 0.31268 -3.56848 -2.28979
v -0.19304 3.79032 -1.79344
v -3.75218 -2.25229 1.33553
v 1.78365 -0.71521 -3.55104
v -2.86882 3.35464 0.57650
v -1.33981 -4.11916 -0.82179
v 1.14134 2.53700 -2.96288
v -4.22746 0.06334 1.77926
v 1.11076 -2.67615 -2.97224
v -1.21763 4.03074 -0.87904
v -2.98858 -3.33960 0.66022
v 1.79442 0.60220 -3.53846
v -3.65686 2.33532 1.28594
v -0.27269 -3.92645 -1.75424
v 0.39084 3.43011 -2.29196
v -4.04904 -1.42001 1.62549
v 1.63211 -1.51146 -3.40689
v -2.26458 3.77431 0.05819
v -1.99412 -3.98113 -0.21744
v 1.49259 1.85374 -3.25694
v -4.12533 0.98530 1.71106
v 0.66090 -3.26881 -2.56112
v -0.56070 3.95099 -1.44319
v -3.48414 -2.71568 1.12705
v 1.84134 -0.21184 -3.56773
v -3.19453 3.02253 0.89411
v -0.90959 -4.10641 -1.16975
v 0.89996 2.92324 -2.72427
v -4.19983 -0.51334 1.78424
v 1.35984 -2.25642 -3.15519
v -1.61258 4.00611 -0.50275
v -2.61514 -3.64558 0.35924
v 1.73225 1.09631 -3.45344
v -3.87284 1.85448 1.50730
v 0.12077 -3.72529 -2.06714
v 0.06103 3.69077 -1.97568
v -3.86525 -1.95053 1.49184
v 1.76490 -1.02453 -3.48862
v -2.63406 3.55388 0.41407
v -1.56781 -4.09265 -0.56346
v 1.31606 2.29605 -3.07455
v -4.19551 0.42011 1.80332
v 0.97414 -2.91713 -2.80146
v -0.94563 4.04403 -1.07672
v -3.16942 -3.12499 0.87764
v 1.85335 0.29368 -3.54630
v -3.48384 2.62586 1.18049
v -0.48744 -4.01805 -1.50972
v 0.62122 3.26849 -2.45320
v -4.11000 -1.08285 1.73436
v 1.56581 -1.80503 -3.30097
v -2.00533 3.90562 -0.12707
v -2.21425 -3.87936 0.03460
v 1.62577 1.57709 -3.33139
v -4.03585 1.33108 1.68234
v 0.48765 -3.46102 -2.35611
v -0.29565 3.89256 -1.63505
v -3.62618 -2.44286 1.30949
v 1.85203 -0.52490 -3.53190
v -2.97963 3.26067 0.75000
v -1.13632 -4.12607 -0.91327
v 1.09825 2.70848 -2.85687
v -4.20398 -0.15775 1.84122
v 1.24860 -2.52126 -3.00787
v -1.34085 4.06474 -0.69988
v -2.81488 -3.47175 0.59342
v 1.82007 0.79569 -3.48711
v -3.72942 2.17180 1.42900
v -0.08117 -3.85792 -1.83500
v 0.30820 3.56549 -2.15177
v -3.95945 -1.63260 1.63087
v 1.72732 -1.32948 -3.40885
v -2.38746 3.72869 0.24057
v -1.79448 -4.03711 -0.30610
v 1.47567 2.03867 -3.17252
v -4.14127 0.77602 1.80682
v 0.82252 -3.14056 -2.61666
v -0.67362 4.02914 -1.27459
v -3.33696 -2.88637 1.08299
v 1.89352 -0.01875 -3.53698
v -3.29300 2.89901 1.05852
v -0.70823 -4.08257 -1.25937
v 0.84100 3.08406 -2.60489
v -4.14984 -0.73562 1.82383
v 1.48154 -2.08901 -3.17842
v -1.73861 4.00984 -0.31938
v -2.42828 -3.74925 0.28127
v 1.74188 1.28861 -3.39031
v -3.92485 1.66921 1.63374
v 0.30228 -3.63132 -2.13969
v -0.03505 3.80701 -1.82302
v -3.75120 -2.15049 1.47640
v 1.84370 -0.83670 -3.47861
v -2.75035 3.47661 0.59251
v -1.36461 -4.11702 -0.65509
v 1.28288 2.47467 -2.97711
v -4.18588 0.20120 1.87771
v 1.12100 -2.77144 -2.84535
v -1.06629 4.09506 -0.89981
v -3.00394 -3.27180 0.81796
v 1.88953 0.48816 -3.50403
v -3.56641 2.47516 1.33257
v -0.29163 -3.96512 -1.59474
v 0.54688 3.41540 -2.32027
v -4.03376 -1.30072 1.75166
v 1.67117 -1.62796 -3.31196
v -2.13060 3.87774 0.05747
v -2.01798 -3.95262 -0.05139
v 1.61922 1.76662 -3.25591
v -4.06482 1.12841 1.78983
v 0.65694 -3.34466 -2.41881
v -0.40340 3.98617 -1.47101
v -3.48969 -2.62529 1.27485
v 1.91470 -0.33301 -3.51027
v -3.08549 3.15270 0.92107
v -0.93336 -4.11926 -1.00475
v 1.04881 2.87812 -2.74578
v -4.16795 -0.38083 1.89332
v 1.37986 -2.36136 -3.03975
v -1.46618 4.08617 -0.51712
v -2.63442 -3.59146 0.52089
v 1.84025 0.99024 -3.43308
v -3.79288 1.99716 1.56575
v 0.10612 -3.77826 -1.91309
v 0.21944 3.69497 -2.00556
v -3.85797 -1.84059 1.62659
v 1.81645 -1.14513 -3.40793
v -2.50816 3.66870 0.42299
v -1.59267 -4.07899 -0.39687
v 1.45272 2.22342 -3.08394
v -4.14534 0.56088 1.89351
v 0.97792 -3.00508 -2.66842
v -0.79069 4.09683 -1.10086
v -3.18065 -3.04694 1.03131
v 1.94024 0.17575 -3.50383
v -3.38475 2.76225 1.21885
v -0.50906 -4.04585 -1.34781
v 0.77557 3.24156 -2.47977
v -4.08731 -0.95723 1.85338
v 1.59683 -1.91786 -3.19828
v -1.86515 3.99990 -0.13368
v -2.23648 -3.83948 0.19895
v 1.74588 1.48174 -3.32395
v -3.96644 1.47466 1.75258
v 0.47858 -3.52777 -2.20897
v -0.13671 3.91543 -1.66438
v -3.62616 -2.34347 1.45188
v 1.91681 -0.64698 -3.46608
v -2.86261 3.38500 0.76934
v -1.16110 -4.12751 -0.74746
v 1.24337 2.65211 -2.87468
v -4.16385 -0.02105 1.94237
v 1.26146 -2.62009 -2.88557
v -1.18982 4.13403 -0.71865
v -2.83091 -3.40687 0.75183
v 1.92033 0.68396 -3.45917
v -3.64062 2.31245 1.47900
v -0.09941 -3.90053 -1.67762
v 0.46618 3.55723 -2.18117
v -3.94537 -1.51530 1.75904
v 1.77046 -1.44807 -3.32001
v -2.25461 3.83549 0.24286
v -1.81865 -4.01195 -0.14030
v 1.60676 1.95646 -3.17643
v -4.08235 0.91864 1.88862
v 0.82035 -3.22037 -2.47796
v -0.51588 4.07004 -1.30138
v -3.34342 -2.79860 1.23199
v 1.97196 -0.13945 -3.48626
v -3.18551 3.03093 1.08885
v -0.73180 -4.09922 -1.09571
v 0.99283 3.04520 -2.62896
v -4.11935 -0.60460 1.93534
v 1.50480 -2.19716 -3.06825
v -1.59287 4.09424 -0.33130
v -2.44816 -3.69824 0.44324
v 1.85494 1.18594 -3.37595
v -3.84654 1.81219 1.69546
v 0.28870 -3.68839 -1.98831
v 0.12472 3.81743 -1.85308
v -3.74506 -2.04280 1.61283
v 1.89989 -0.95855 -3.40443
v -2.62577 3.59415 0.60461
v -1.38966 -4.10696 -0.48915
v 1.42351 2.40761 -2.99051
v -4.13726 0.34108 1.97070
v 1.12714 -2.86328 -2.71661
v -0.91136 4.15306 -0.92229
v -3.01602 -3.19658 0.97249
v 1.98169 0.37182 -3.46818
v -3.46893 2.61272 1.37427
v -0.31278 -3.99697 -1.43467
v 0.70359 3.39481 -2.34839
v -4.01242 -1.17690 1.87282
v 1.70608 -1.74345 -3.21514
v -1.99136 3.97571 0.05366
v -2.04072 -3.91608 0.11292
v 1.74412 1.67561 -3.25376
v -3.99706 1.27182 1.86316
v 0.64939 -3.41562 -2.27499
v -0.24364 4.01488 -1.49971
v -3.49076 -2.52839 1.41861
v 1.98455 -0.45534 -3.45118
v -2.96994 3.27913 0.94368
v -0.95816 -4.12454 -0.84002
v 1.19733 2.82773 -2.76659
v -4.12933 -0.24537 1.99702
v 1.39572 -2.46384 -2.92243
v -1.31554 4.16007 -0.53372
v -2.65124 -3.52962 0.67983
v 1.94578 0.88122 -3.41136
v -3.70573 2.13845 1.61902
v 0.08869 -3.82512 -1.75809
v 0.37918 3.69291 -2.03557
v -3.84518 -1.72536 1.75661
v 1.86409 -1.26562 -3.32544
v -2.37647 3.77856 0.42830
v -1.61724 -4.05743 -0.23149
v 1.58816 2.14631 -3.09227
v -4.08805 0.70292 1.97820
v 0.97785 -3.08910 -2.53371
v -0.63263 4.14311 -1.12634
v -3.18814 -2.96188 1.18136
v 2.02404 0.05592 -3.45981
v -3.27882 2.89570 1.25247
v -0.53241 -4.06661 -1.18571
v 0.93019 3.20886 -2.50584
v -4.05829 -0.82778 1.96717
v 1.62376 -2.02920 -3.09373
v -1.72012 4.08830 -0.14304
v -2.25707 -3.79176 0.36111
v 1.86401 1.38280 -3.31518
v -3.88980 1.61780 1.81742
v 0.46625 -3.58926 -2.06060
v 0.02424 3.93177 -1.69420
v -3.62127 -2.23810 1.58986
v 1.97800 -0.76979 -3.39856
v -2.73937 3.50500 0.78459
v -1.18640 -4.12131 -0.58235
v 1.38782 2.59068 -2.89153
v -4.11685 0.11786 2.03802
v 1.27033 -2.71597 -2.76151
v -1.03500 4.19687 -0.73926
v -2.84397 -3.33460 0.90709
v 2.01792 0.56964 -3.42972
v -3.54478 2.45101 1.52394
v -0.12001 -3.93673 -1.51963
v 0.62507 3.54278 -2.21034
v -3.92546 -1.39334 1.88220
v 1.80970 -1.56609 -3.22936
v -2.11635 3.93684 0.24188
v -1.84201 -3.97898 0.02383
v 1.73635 1.87004 -3.17907
v -4.01628 1.06177 1.96489
v 0.81460 -3.29582 -2.33781
v -0.35546 4.10428 -1.32912
v -3.34570 -2.70427 1.37699
v 2.04719 -0.26165 -3.43390
v -3.07144 3.15924 1.11467
v -0.75663 -4.10866 -0.93226
v 1.14456 3.00074 -2.65223
v -4.08233 -0.47046 2.04145
v 1.52408 -2.30332 -2.95629
v -1.44270 4.17241 -0.34559
v -2.46589 -3.63962 0.60258
v 1.96577 1.08001 -3.36010
v -3.76108 1.95398 1.75186
v 0.27224 -3.73982 -1.83600
v 0.28603 3.82133 -1.88327
v -3.73367 -1.92972 1.74457
v 1.95243 -1.08069 -3.32850
v -2.49528 3.70681 0.61294
v -1.41471 -4.08924 -0.32434
v 1.56315 2.33572 -3.00270
v -4.08167 0.48243 2.05813
v 1.12950 -2.95170 -2.58627
v -0.75309 4.20438 -0.94621
v -3.02468 -3.11436 1.12347
v 2.07103 0.25328 -3.43070
v -3.36460 2.74750 1.41109
v -0.33585 -4.02217 -1.27436
v 0.86080 3.36812 -2.37595
v -3.98497 -1.04909 1.98875
v 1.73713 -1.85790 -3.11655
v -1.84710 4.06779 0.04692
v -2.06214 -3.87186 0.27513
v 1.86724 1.58070 -3.25013
v -3.92216 1.41499 1.93098
v 0.63856 -3.48182 -2.12996
v -0.08166 4.03685 -1.52896
v -3.48724 -2.42544 1.55802
v 2.05109 -0.57874 -3.39037
v -2.84807 3.40135 0.96205
v -0.98373 -4.12250 -0.67592
v 1.34539 2.77194 -2.78633
v -4.08402 -0.10751 2.09518
v 1.40772 -2.56387 -2.80344
v -1.16091 4.22742 -0.55230
v -2.66541 -3.46048 0.83571
v 2.04888 0.76931 -3.38801
v -3.61157 2.27784 1.66708
v 0.06876 -3.86603 -1.60247
v 0.54004 3.68437 -2.06534
v -3.82682 -1.60535 1.88164
v 1.90807 -1.38595 -3.24120
v -2.23925 3.88303 0.43016
v -1.64130 -4.02826 -0.06768
v 1.72230 2.06466 -3.09916
v -4.02373 0.84566 2.05728
v 0.97421 -3.16927 -2.39759
v -0.47167 4.18255 -1.15287
v -3.19175 -2.87026 1.32748
v 2.10487 -0.06573 -3.41409
v -3.16627 3.02568 1.28142
v -0.55722 -4.08053 -1.02376
v 1.08492 3.17023 -2.53104
v -4.02296 -0.69504 2.07554
v 1.64689 -2.13904 -2.98746
v -1.57050 4.17043 -0.15495
v -2.27582 -3.73656 0.52072
v 1.98012 1.28029 -3.30478
v -3.80609 1.75994 1.87682
v 0.45097 -3.64560 -1.91130
v 0.18696 3.94133 -1.72420
v -3.61141 -2.12726 1.72319
v 2.03581 -0.89325 -3.32929
v -2.61013 3.62020 0.79590
v -1.21196 -4.10774 -0.41828
v 1.53146 2.52409 -2.90703
v -4.06303 0.25843 2.12805
v 1.27551 -2.80895 -2.63592
v -0.87663 4.25292 -0.76146
v -2.85391 -3.25538 1.05889
v 2.11292 0.45279 -3.39853
v -3.44208 2.58695 1.56385
v -0.14270 -3.96673 -1.36138
v 0.78465 3.52192 -2.23892
v -3.89969 -1.26726 2.00015
v 1.84529 -1.68350 -3.13697
v -1.97294 4.03234 0.23780
v -1.86434 -3.93851 0.18596
v 1.86436 1.77939 -3.18007
v -3.94317 1.20486 2.03557
v 0.80556 -3.36701 -2.19647
v -0.19261 4.13156 -1.35751
v -3.34368 -2.60387 1.51770
v 2.11934 -0.38525 -3.37976
v -2.95100 3.28346 1.13607
v -0.78245 -4.11112 -0.76937
v 1.29601 2.95054 -2.67432
v -4.03880 -0.33374 2.14199
v 1.53965 -2.40753 -2.84270
v -1.28837 4.24398 -0.36204
v -2.48128 -3.57378 0.75895
v 2.07438 0.97087 -3.34247
v -3.66865 2.09404 1.80293
v 0.25318 -3.78579 -1.68305
v 0.44867 3.81845 -1.91324
v -3.71698 -1.81175 1.87135
v 2.00154 -1.20305 -3.25080
v -2.35915 3.81413 0.61763
v -1.43952 -4.06418 -0.16102
v 1.70166 2.25896 -3.01331
v -4.01918 0.62469 2.13988
v 1.12837 -3.03679 -2.45456
v -0.59174 4.24872 -0.97132
v -3.02976 -3.02558 1.27061
v 2.15762 0.13260 -3.39139
v -3.25362 2.87898 1.44307
v -0.36058 -4.04094 -1.11415
v 1.01830 3.33518 -2.40259
v -3.95143 -0.91783 2.09927
v 1.76456 -1.97129 -3.01625
v -1.69811 4.15361 0.03746
v -2.08202 -3.82032 0.43490
v 1.98854 1.48189 -3.24469
v -3.84026 1.55737 1.99327
v 0.62473 -3.54338 -1.98399
v 0.08227 4.05180 -1.55845
v -3.47904 -2.31695 1.69281
v 2.11446 -0.70315 -3.32775
v -2.72014 3.51888 0.97628
v -1.00981 -4.11342 -0.51277
v 1.49281 2.71064 -2.80461
v -4.03207 0.03219 2.18768
v 1.41616 -2.66149 -2.68293
v -1.00258 4.28789 -0.57263
v -2.67677 -3.38443 0.98821
v 2.14957 0.65455 -3.36276
v -3.51058 2.41478 1.70997
v 0.04661 -3.90119 -1.44654
v 0.70178 3.66914 -2.09453
v -3.80285 -1.48108 2.00148
v 1.94861 -1.50607 -3.15519
v -2.09675 3.98168 0.42874
v -1.66462 -3.99183 0.09422
v 1.85503 1.97843 -3.10426
v -3.95250 0.98856 2.13069
v 0.96733 -3.24569 -2.26030
v -0.30811 4.21487 -1.18016
v -3.19137 -2.77253 1.46940
v 2.18282 -0.18912 -3.36645
v -3.04732 3.15172 1.30579
v -0.58325 -4.08787 -0.86229
v 1.23953 3.12552 -2.55499
v -3.98132 -0.55955 2.17833
v 1.66649 -2.24736 -2.87957
v -1.41656 4.24592 -0.16918
v -2.29256 -3.67427 0.67747
v 2.09417 1.17424 -3.29241
v -3.71547 1.90056 1.93078
v 0.43302 -3.69696 -1.76132
v 0.35117 3.94388 -1.75405
v -3.59652 -2.01144 1.85160
v 2.09040 -1.01729 -3.25816
v -2.47517 3.73016 0.80338
v -1.23755 -4.08712 -0.25560
v 1.67412 2.45226 -2.92082
v -4.00247 0.40011 2.21235
v 1.27729 -2.89910 -2.50894
v -0.71503 4.30186 -0.78498
v -2.86059 -3.16963 1.20694
v 2.20534 0.33348 -3.36534
v -3.33276 2.71976 1.59878
v -0.16720 -3.99073 -1.20314
v 0.94468 3.49450 -2.26657
v -3.86806 -1.13758 2.11268
v 1.87746 -1.80026 -3.04286
v -1.82467 4.12158 0.23081
v -1.88544 -3.89090 0.34575
v 1.99068 1.68449 -3.17907
v -3.86316 1.34736 2.10061
v 0.79353 -3.43406 -2.05417
v -0.02763 4.15163 -1.38624
v -3.33727 -2.49787 1.65387
v 2.18852 -0.51020 -3.32367
v -2.82445 3.40312 1.15316
v -0.80902 -4.10689 -0.60734
v 1.44698 2.89448 -2.69486
v -3.98882 -0.19500 2.23683
v 1.55180 -2.50980 -2.72758
v -1.13018 4.30860 -0.38040
v -2.49418 -3.50114 0.91206
v 2.18073 0.85855 -3.32273
v -3.56944 2.23185 1.84869
v 0.23180 -3.82647 -1.52973
v 0.61235 3.80862 -1.94268
v -3.69495 -1.68941 1.99297
v 2.04742 -1.32558 -3.17126
v -2.21766 3.91571 0.61884
v -1.46388 -4.03210 0.00052
v 1.83889 2.17726 -3.02196
v -3.94992 0.76730 2.21589
v 1.12403 -3.11863 -2.32164
v -0.42762 4.28578 -0.99733
v -3.03115 -2.93071 1.41362
v 2.24150 0.00985 -3.35000
v -3.13625 3.00667 1.47031
v -0.38670 -4.05353 -0.95432
v 1.17583 3.29584 -2.42794
v -3.91181 -0.78366 2.20420
v 1.78863 -2.08361 -2.91429
v -1.54468 4.23277 0.02549
v -2.10020 -3.76183 0.59192
v 2.10789 1.37919 -3.23707
v -3.75153 1.69842 2.04999
v 0.60821 -3.60045 -1.83730
v 0.24787 4.05952 -1.58788
v -3.46609 -2.20341 1.82277
v 2.17480 -0.82848 -3.26314
v -2.58643 3.63127 0.98650
v -1.03618 -4.09760 -0.35089
v 1.63938 2.64375 -2.82105
v -3.97355 0.17319 2.27440
v 1.42131 -2.75675 -2.56101
v -0.84085 4.34117 -0.59445
v -2.68518 -3.30192 1.13707
v 2.24782 0.53700 -3.33529
v -3.40298 2.54878 1.74774
v 0.02252 -3.93080 -1.29055
v 0.86412 3.64704 -2.12279
v -3.77327 -1.35309 2.11593
v 1.98592 -1.62593 -3.06737
v -1.94930 4.07411 0.42421
v -1.68700 -3.94846 0.25392
v 1.98617 1.88761 -3.10717
v -3.87449 1.13108 2.19836
v 0.95747 -3.31848 -2.12200
v -0.14226 4.23979 -1.20792
v -3.18690 -2.66918 1.60685
v 2.25796 -0.31417 -3.31668
v -2.92225 3.27334 1.32566
v -0.61023 -4.08888 -0.70156
v 1.39378 3.07463 -2.57732
v -3.93344 -0.42186 2.27541
v 1.68281 -2.35420 -2.77010
v -1.25864 4.31444 -0.18551
v -2.30711 -3.60528 0.83109
v 2.20606 1.06467 -3.27771
v -3.61813 2.03912 1.97930
v 0.41268 -3.74352 -1.61091
v 0.51659 3.93922 -1.78342
v -3.57656 -1.89115 1.97491
v 2.14191 -1.14185 -3.18506
v -2.33478 3.83446 0.80719
v -1.26295 -4.05975 -0.09457
v 1.81560 2.37515 -2.93250
v -3.93529 0.54234 2.29084
v 1.27596 -2.98648 -2.38072
v -0.55050 4.34341 -0.80957
v -2.86389 -3.07781 1.35096
v 2.29518 0.21179 -3.32984
v -3.21704 2.84894 1.62879
v -0.19326 -4.00897 -1.04520
v 1.10488 3.46037 -2.29292
v -3.83059 -1.00484 2.21964
v 1.90642 -1.91634 -2.94698
v -1.67185 4.20419 0.22110
v -1.90513 -3.83652 0.50294
v 2.11516 1.58535 -3.17570
v -3.77643 1.48873 2.16000
v 0.77878 -3.49713 -1.91109
v 0.13916 4.16427 -1.41503
v -3.32640 -2.38676 1.78528
v 2.25480 -0.63639 -3.26541
v -2.69209 3.51777 1.16606
v -0.83611 -4.09626 -0.44644
v 1.59720 2.83250 -2.71348
v -3.93247 -0.05477 2.32587
v 1.56078 -2.61015 -2.61099
v -0.96847 4.36596 -0.40044
v -2.50444 -3.42211 1.06164
v 2.28473 0.74312 -3.30055
v -3.46367 2.36691 1.88918
v 0.20837 -3.86208 -1.37626
v 0.77677 3.79166 -1.97123
v -3.66755 -1.56322 2.10924
v 2.09020 -1.44820 -3.08976
v -2.07114 4.01113 0.61675
v -1.48758 -3.99334 0.15999
v 1.97462 2.09061 -3.02827
v -3.87402 0.90974 2.28609
v 1.11678 -3.19733 -2.18765
v -0.26107 4.31531 -1.02396
v -3.02875 -2.83020 1.55227
v 2.32267 -0.11488 -3.30624
v -3.01274 3.13009 1.49288
v -0.41397 -4.06020 -0.79512
v 1.33312 3.24998 -2.45165
v -3.86616 -0.64713 2.30341
v 1.80956 -2.19483 -2.81065
v -1.38715 4.30496 0.01121
v -2.11649 -3.69679 0.74594
v 2.22518 1.27264 -3.22692
v -3.65616 1.83761 2.10117
v 0.58924 -3.65321 -1.69009
v 0.41481 4.05980 -1.61694
v -3.44834 -2.08532 1.94767
v 2.23220 -0.95466 -3.19636
v -2.44725 3.73811 0.99286
v -1.06261 -4.07534 -0.19053
v 1.78487 2.57123 -2.83528
v -3.90857 0.31495 2.35527
v 1.42343 -2.84971 -2.43777
v -0.67607 4.38697 -0.61751
v -2.69052 -3.21338 1.28202
v 2.34357 0.41674 -3.30529
v -3.28902 2.67933 1.78043
v -0.00325 -3.95510 -1.13474
v 1.02676 3.61795 -2.14979
v -3.73809 -1.22189 2.22483
v 2.02016 -1.74548 -2.97765
v -1.79722 4.15996 0.41676
v -1.70827 -3.89854 0.41115
v 2.11555 1.79219 -3.10753
v -3.78987 1.27267 2.26029
v 0.94491 -3.38776 -1.98284
v 0.02554 4.25712 -1.23587
v -3.17826 -2.56069 1.73962
v 2.33031 -0.44079 -3.26451
v -2.79133 3.39009 1.34116
v -0.63795 -4.08386 -0.54183
v 1.54740 3.01747 -2.59768
v -3.87938 -0.28250 2.36667
v 1.69607 -2.45953 -2.65905
v -1.09708 4.37566 -0.20372
v -2.31933 -3.53001 0.98130
v 2.31569 0.95165 -3.26034
v -3.51429 2.17511 2.02243
v 0.39022 -3.78547 -1.46024
v 0.68287 3.92718 -1.81199
v -3.55150 -1.76690 2.09292
v 2.19046 -1.26683 -3.10982
v -2.18929 3.93269 0.80750
v -1.28798 -4.02598 0.06455
v 1.95568 2.29273 -2.94171
v -3.86162 0.68459 2.36346
v 1.27176 -3.07117 -2.25134
v -0.38342 4.37732 -0.83495
v -2.86372 -2.98036 1.49074
v 2.38239 0.08779 -3.29173
v -3.09520 2.97404 1.65398
v -0.22063 -4.02172 -0.88774
v 1.26496 3.41942 -2.31763
v -3.78731 -0.86957 2.32090
v 1.93236 -2.03170 -2.84928
v -1.51484 4.27983 0.20889
v -1.92325 -3.77576 0.65727
v 2.23762 1.48201 -3.16959
v -3.68316 1.62845 2.21372
v 0.76159 -3.55636 -1.76739
v 0.30743 4.16929 -1.44356
v -3.31103 -2.27103 1.91171
v 2.31824 -0.76374 -3.20475
v -2.55422 3.62699 1.17491
v -0.86350 -4.07953 -0.28690
v 1.74643 2.76454 -2.72981
v -3.86983 0.08640 2.40902
v 1.56682 -2.70862 -2.49296
v -0.80359 4.41579 -0.42191
v -2.51195 -3.33711 1.20745
v 2.38629 0.62464 -3.27558
v -3.35159 2.49871 1.92447
v 0.18314 -3.89283 -1.22284
v 0.94162 3.76744 -1.99859
v -3.63481 -1.43369 2.22000
v 2.13003 -1.57083 -3.00616
v -1.91991 4.10003 0.61154
v -1.51045 -3.94825 0.31717
v 2.10865 1.99902 -3.03186
v -3.79163 1.05145 2.35047
v 1.10686 -3.27298 -2.05270
v -0.09244 4.33711 -1.05094
v -3.02250 -2.72453 1.68635
v 2.40112 -0.24148 -3.25984
v -2.88339 3.24880 1.51091
v -0.44215 -4.06123 -0.63676
v 1.48987 3.19755 -2.47336
v -3.81454 -0.50875 2.39679
v 1.82753 -2.30494 -2.70528
v -1.22588 4.36985 -0.00514
v -2.13077 -3.62560 0.89672
v 2.34023 1.16228 -3.21387
v -3.55438 1.97444 2.14683
v 0.56811 -3.70183 -1.54251
v 0.58274 4.05250 -1.64530
v -3.42579 -1.96318 2.06736
v 2.28671 -1.08156 -3.12721
v -2.30292 3.83899 0.99552
v -1.08891 -4.04698 -0.03191
v 1.92902 2.49306 -2.84693
v -3.83727 0.45691 2.43023
v 1.42276 -2.94040 -2.31324
v -0.50861 4.42505 -0.64156
v -2.69269 -3.11925 1.42287
v 2.43674 0.29387 -3.27241
v -3.16897 2.80597 1.80814
v -0.03048 -3.97434 -0.97927
v 1.18938 3.58177 -2.17520
v -3.69734 -1.08802 2.32806
v 2.05147 -1.86464 -2.88590
v -1.64087 4.23889 0.40660
v -1.72825 -3.84244 0.56570
v 2.24295 1.69222 -3.10496
v -3.69882 1.41282 2.31648
v 0.92991 -3.45366 -1.84292
v 0.19493 4.26666 -1.26372
v -3.16541 -2.44753 1.86753
v 2.39987 -0.56886 -3.20968
v -2.65489 3.50155 1.35242
v -0.66617 -4.07312 -0.38330
v 1.70010 2.95400 -2.61571
v -3.81924 -0.14202 2.45202
v 1.70648 -2.56337 -2.54639
v -0.93225 4.42933 -0.22356
v -2.32911 -3.44888 1.12791
v 2.42289 0.83525 -3.23994
v -3.40421 2.30805 2.06021
v 0.36589 -3.82302 -1.30946
v 0.84968 3.90765 -1.83946
v -3.52137 -1.63921 2.20548
v 2.23613 -1.39214 -3.03223
v -2.03905 4.02448 0.80449
v -1.31243 -3.98616 0.22154
v 2.09409 2.20502 -2.94808
v -3.78161 0.82633 2.43020
v 1.26494 -3.15325 -2.12084
v -0.21413 4.40338 -0.86085
v -2.85998 -2.87775 1.62607
v 2.46690 -0.03838 -3.25071
v -2.96754 3.09458 1.67445
v -0.24908 -4.02924 -0.73097
v 1.42459 3.37160 -2.34037
v -3.73829 -0.73230 2.41634
v 1.95544 -2.14628 -2.74964
v -1.35401 4.34820 0.19440
v -1.93965 -3.70902 0.80853
v 2.35788 1.37453 -3.16037
v -3.58357 1.76601 2.26183
v 0.74220 -3.61190 -1.62316
v 0.47680 4.16653 -1.47154
v -3.29113 -2.15118 2.03302
v 2.37884 -0.89211 -3.14144
v -2.41117 3.73037 1.17986
v -0.89099 -4.05704 -0.12893
v 1.89437 2.69059 -2.74350
v -3.80105 0.22799 2.48623
v 1.57014 -2.80522 -2.37346
v -0.63592 4.45784 -0.44455
v -2.51659 -3.24660 1.34931
v 2.48528 0.50322 -3.24749
v -3.23346 2.62678 1.95462
v 0.15637 -3.91895 -1.06959
v 1.10653 3.73587 -2.02442
v -3.59676 -1.30136 2.32514
v 2.16700 -1.69339 -2.92029
v -1.76434 4.18208 0.60341
v -1.53231 -3.89723 0.47184
v 2.24074 1.90252 -3.03239
v -3.70295 1.19193 2.40903
v 1.09451 -3.34568 -1.91682
v 0.07789 4.35098 -1.07798
v -3.01233 -2.61416 1.81569
v 2.47680 -0.36984 -3.21049
v -2.74851 3.36236 1.52451
v -0.47104 -4.05692 -0.47942
v 1.64577 3.13851 -2.49275
v -3.75704 -0.36907 2.48428
v 1.84273 -2.41389 -2.59809
v -1.06125 4.42716 -0.02333
v -2.14290 -3.54868 1.04407
v 2.45286 1.04821 -3.19757
v -3.44643 2.10841 2.18702
v 0.54506 -3.74649 -1.39465
v 0.75130 4.03749 -1.67268
v -3.39841 -1.83749 2.18168
v 2.33838 -1.20908 -3.05543
v -2.15378 3.93353 0.99465
v -1.11489 -4.01287 0.12478
v 2.07154 2.40925 -2.85566
v -3.75979 0.59857 2.49925
v 1.41951 -3.02887 -2.18740
v -0.33886 4.45519 -0.66631
v -2.69161 -3.01999 1.55942
v 2.52720 0.16849 -3.23633
v -3.04312 2.92823 1.83098
v -0.05891 -3.98877 -0.82429
v 1.35162 3.53844 -2.19868
v -3.65108 -0.95198 2.42551
v 2.07997 -1.98332 -2.79196
v -1.48061 4.31058 0.39395
v -1.74681 -3.78056 0.71738
v 2.36815 1.58775 -3.09913
v -3.60156 1.55101 2.36694
v 0.91271 -3.51631 -1.70230
v 0.36554 4.26827 -1.29117
v -3.14833 -2.33018 1.99042
v 2.46660 -0.69825 -3.15190
v -2.51326 3.60730 1.35960
v -0.69471 -4.05696 -0.22614
v 1.85156 2.88423 -2.63107
v -3.75313 -0.00093 2.53141
v 1.71423 -2.66567 -2.43205
v -0.76454 4.47518 -0.24478
v -2.33633 -3.36232 1.27074
v 2.52750 0.71559 -3.21617
v -3.28813 2.43745 2.09272
v 0.33992 -3.85638 -1.15869
v 1.01666 3.88055 -1.86550
v -3.48617 -1.50857 2.31249
v 2.27896 -1.51765 -2.95209
v -1.88441 4.10950 0.79835
v -1.33615 -3.94065 0.37624
v 2.23058 2.11206 -2.95126
v -3.69544 0.96704 2.49106
v 1.25573 -3.23277 -1.98923
v -0.04305 4.42142 -0.88700
v -2.85263 -2.77045 1.75681
v 2.54861 -0.16661 -3.20644
v -2.83435 3.21014 1.69033
v -0.27838 -4.03180 -0.57501
v 1.58342 3.31688 -2.36081
v -3.68361 -0.59355 2.50591
v 1.97578 -2.26001 -2.64792
v -1.18974 4.40902 0.17785
v -1.95420 -3.63671 0.95656
v 2.47570 1.26299 -3.14771
v -3.47789 1.90092 2.30435
v 0.72085 -3.66391 -1.47846
v 0.64689 4.15589 -1.49867
v -3.26669 -2.02770 2.14907
v 2.43659 -1.02138 -3.07520
v -2.26330 3.82753 1.18109
v -0.91839 -4.02912 0.02733
v 2.04072 2.61068 -2.75421
v -3.72626 0.36946 2.55748
v 1.57092 -2.89995 -2.25244
v -0.46586 4.49191 -0.46812
v -2.51829 -3.15101 1.48705
v 2.58153 0.37899 -3.21593
v -3.10957 2.75066 1.97975
v 0.12828 -3.94068 -0.91665
v 1.27114 3.69690 -2.04842
v -3.55344 -1.16672 2.42456
v 2.20118 -1.81575 -2.83195
v -1.60482 4.25694 0.59258
v -1.55303 -3.84064 0.62386
v 2.37061 1.80119 -3.02949
v -3.60817 1.33066 2.46178
v 1.07998 -3.41552 -1.78004
v 0.24953 4.35680 -1.10481
v -2.99821 -2.49958 1.94015
v 2.54961 -0.49980 -3.15788
v -2.60843 3.47037 1.53386
v -0.50042 -4.04756 -0.32322
v 1.80047 3.07286 -2.50947
v -3.69378 -0.22860 2.56581
v 1.85530 -2.52161 -2.48896
v -0.89366 4.47667 -0.04312
v -2.15278 -3.46646 1.18783
v 2.56287 0.93055 -3.17767
v -3.33256 2.23904 2.22182
v 0.52032 -3.78737 -1.24659
v 0.92010 4.01471 -1.69876
v -3.36625 -1.70875 2.29054
v 2.38720 -1.33707 -2.98079
v -2.00023 4.02139 0.99046
v -1.14039 -3.97337 0.27940
v 2.21214 2.31986 -2.86112
v -3.67630 0.73941 2.56234
v 1.41390 -3.11513 -2.06022
v -0.16721 4.47723 -0.69151
v -2.68723 -2.91606 1.69154
v 2.61482 0.04077 -3.19674
v -2.91179 3.04569 1.84907
v -0.08834 -3.99864 -0.66992
v 1.51314 3.48795 -2.21993
v -3.59939 -0.81431 2.51712
v 2.10575 -2.10142 -2.69566
v -1.31686 4.37475 0.37904
v -1.76381 -3.71329 0.86604
v 2.49090 1.47891 -3.08967
v -3.49831 1.68676 2.41173
v 0.89354 -3.57582 -1.56100
v 0.53695 4.26184 -1.31794
v -3.12699 -2.20915 2.10818
v 2.53043 -0.82879 -3.09088
v -2.36679 3.70697 1.36287
v -0.72336 -4.03570 -0.07045
v 2.00145 2.80819 -2.64344
v -3.68120 0.14025 2.60483
v 1.71947 -2.76640 -2.31593
v -0.59436 4.51302 -0.26713
v -2.34091 -3.27076 1.40964
v 2.62933 0.59279 -3.18869
v -3.16635 2.56285 2.12007
v 0.31256 -3.88575 -1.00799
v 1.18340 3.84583 -1.88982
v -3.44596 -1.37551 2.41386
v 2.31899 -1.64321 -2.86916
v -1.72577 4.18742 0.78929
v -1.35898 -3.88984 0.52851
v 2.36484 2.01394 -2.95093
v -3.60332 1.10621 2.54604
v 1.24433 -3.30978 -1.85647
v 0.12942 4.43129 -0.91312
v -2.84164 -2.65892 1.88283
v 2.62741 -0.29673 -3.15862
v -2.69599 3.32031 1.70177
v -0.30834 -4.02970 -0.41996
v 1.74111 3.25528 -2.37864
v -3.62338 -0.45382 2.58954
v 1.99350 -2.37277 -2.54398
v -1.02244 4.46203 0.15949
v -1.96680 -3.55924 1.10122
v 2.59085 1.14753 -3.13126
v -3.36638 2.03270 2.34138
v 0.69778 -3.71252 -1.33334
v 0.81730 4.13729 -1.52466
v -3.23774 -1.90108 2.25976
v 2.49145 -1.15136 -3.00578
v -2.11097 3.91813 1.17878
v -0.94554 -3.99611 0.18175
v 2.18515 2.52487 -2.76161
v -3.64563 0.51032 2.62275
v 1.56935 -2.99276 -2.12980
v -0.29384 4.51781 -0.49233
v -2.51699 -3.05080 1.62055
v 2.67487 0.25211 -3.18058
v -2.98023 2.86992 1.99997
v 0.09908 -3.95824 -0.76406
v 1.43509 3.65053 -2.07027
v -3.50493 -1.03028 2.51820
v 2.23261 -1.93776 -2.74092
v -1.44174 4.32435 0.57926
v -1.57247 -3.77888 0.77309
v 2.49799 1.69515 -3.02285
v -3.50753 1.46716 2.50878
v 1.06345 -3.48255 -1.64233
v 0.42206 4.35444 -1.13112
v -2.98014 -2.38126 2.05962
v 2.61947 -0.63118 -3.10173
v -2.46352 3.57245 1.53910
v -0.53010 -4.03345 -0.16826
v 1.95364 3.00064 -2.52322
v -3.62490 -0.08784 2.64137
v 1.86535 -2.62802 -2.37774
v -0.72353 4.51814 -0.06425
v -2.16033 -3.37935 1.32788
v 2.67004 0.80944 -3.15385
v -3.21305 2.36588 2.25133
v 0.49410 -3.82464 -1.09836
v 1.08875 3.98411 -1.72326
v -3.32935 -1.57746 2.39385
v 2.43316 -1.46535 -2.90302
v -1.84263 4.10226 0.98313
v -1.16525 -3.92882 0.43184
v 2.35050 2.22500 -2.86300
v -3.58701 0.87893 2.61951
v 1.40610 -3.19918 -1.93163
v 0.00591 4.49102 -0.71688
v -2.67950 -2.80791 1.81912
v 2.69945 -0.08912 -3.15330
v -2.77529 3.15792 1.86254
v -0.11856 -4.00421 -0.51620
v 1.67354 3.43031 -2.23864
v -3.54238 -0.67549 2.60284
v 2.12887 -2.21879 -2.59680
v -1.15001 4.43116 0.36208
v -1.77914 -3.64103 1.01157
v 2.61092 1.36581 -3.07627
v -3.38934 1.81960 2.45093
v 0.87261 -3.63226 -1.41901
v 0.70876 4.24730 -1.34374
v -3.10142 -2.08490 2.22073
v 2.59130 -0.96030 -3.02635
v -2.21585 3.80020 1.36240
v -0.75197 -4.00968 0.08366
v 2.14943 2.72596 -2.65250
v -3.60361 0.28102 2.67227
v 1.72233 -2.86548 -2.19789
v -0.42213 4.54265 -0.29034
v -2.34280 -3.17466 1.54452
v 2.72818 0.46705 -3.15718
v -3.03918 2.68383 2.14237
v 0.28400 -3.91131 -0.85740
v 1.34954 3.80348 -1.91212
v -3.40082 -1.24050 2.50953
v 2.35620 -1.76864 -2.78320
v -1.56353 4.25796 0.77753
v -1.38080 -3.83409 0.67826
v 2.49658 1.91078 -2.94675
v -3.50546 1.24337 2.59521
v 1.23092 -3.38428 -1.72251
v 0.30286 4.43289 -0.93893
v -2.82699 -2.54363 2.00404
v 2.70316 -0.42853 -3.10695
v -2.55280 3.42470 1.70893
v -0.33876 -4.02319 -0.26589
v 1.89728 3.18684 -2.39354
v -3.55773 -0.31363 2.66723
v 2.00867 -2.48444 -2.43762
v -0.85253 4.50703 0.13957
v -1.97736 -3.47702 1.24242
v 2.70309 1.02831 -3.11070
v -3.24932 2.16089 2.37299
v 0.67318 -3.75785 -1.18778
v 0.98763 4.11070 -1.54921
v -3.20432 -1.77181 2.36504
v 2.54336 -1.28186 -2.93289
v -1.95457 4.00184 1.17314
v -0.97226 -3.95834 0.33427
v 2.32734 2.43328 -2.76540
v -3.55934 0.65008 2.68209
v 1.56557 -3.08361 -2.00545
v -0.12026 4.53540 -0.51693
v -2.51265 -2.94640 1.74972
v 2.76512 0.12277 -3.14114
v -2.84577 2.98414 2.01543
v 0.06898 -3.97184 -0.61186
v 1.59797 3.59678 -2.08968
v -3.45132 -0.89254 2.60602
v 2.26132 -2.05925 -2.64699
v -1.27551 4.38405 0.56368
v -1.59051 -3.71234 0.91946
v 2.62261 1.58454 -3.01216
v -3.40127 1.60097 2.55010
v 1.04514 -3.54683 -1.50365
v 0.59505 4.34385 -1.15665
v -2.95812 -2.25967 2.17405
v 2.68625 -0.76377 -3.04173
v -2.31414 3.66824 1.54041
v -0.55991 -4.01489 -0.01460
v 2.10491 2.92196 -2.53369
v -3.55054 0.05270 2.71096
v 1.87299 -2.73298 -2.26429
v -0.55128 4.55140 -0.08647
v -2.16548 -3.28779 1.46415
v 2.77413 0.68507 -3.12579
v -3.08821 2.48850 2.27566
v 0.46663 -3.85842 -0.94995
v 1.25684 3.94569 -1.74587
v -3.28776 -1.44411 2.49157
v 2.47622 -1.59370 -2.82189
v -1.68139 4.17583 0.97289
v -1.18932 -3.87960 0.58204
v 2.48632 2.12479 -2.86099
v -3.49211 1.01665 2.67083
v 1.39626 -3.28097 -1.80152
v 0.18006 4.49646 -0.74215
v -2.66841 -2.69600 1.94210
v 2.78091 -0.22097 -3.10573
v -2.63399 3.26456 1.87157
v -0.14937 -4.00571 -0.36318
v 1.83247 3.36559 -2.25450
v -3.48016 -0.53602 2.68268
v 2.14938 -2.33525 -2.49518
v -0.98049 4.47958 0.34334
v -1.79272 -3.56420 1.15390
v 2.72796 1.24864 -3.05863
v -3.27490 1.94906 2.48461
v 0.85011 -3.68571 -1.27629
v 0.88054 4.22462 -1.36827
v -3.07166 -1.95791 2.32801
v 2.64910 -1.09255 -2.95802
v -2.06083 3.88668 1.35840
v -0.78035 -3.97919 0.23615
v 2.29517 2.63765 -2.65795
v -3.52054 0.42089 2.73377
v 1.72294 -2.96280 -2.07780
v -0.24829 4.56395 -0.31416
v -2.34194 -3.07444 1.67531
v 2.82382 0.33855 -3.12135
v -2.90693 2.79997 2.15977
v 0.25445 -3.93323 -0.70691
v 1.51465 3.75353 -1.93209
v -3.35083 -1.10404 2.59948
v 2.39060 -1.89374 -2.69398
v -1.39810 4.32085 0.76330
v -1.40147 -3.77377 0.82543
v 2.62550 1.80275 -2.93844
v -3.40210 1.37805 2.63864
v 1.21569 -3.45627 -1.58727
v 0.47684 4.42614 -0.96415
v -2.80869 -2.42504 2.12039
v 2.77570 -0.56179 -3.05113
v -2.40514 3.52297 1.71199
v -0.36946 -4.01255 -0.11282
v 2.05156 3.11166 -2.40522
v -3.48681 -0.17346 2.73900
v 2.02135 -2.59485 -2.32866
v -0.68044 4.54383 0.11833
v -1.98580 -3.39048 1.38010
v 2.81216 0.90553 -3.08575
v -3.12700 2.28507 2.39932
v 0.64727 -3.79999 -1.04174
v 1.15745 4.07612 -1.57205
v -3.16648 -1.64035 2.46487
v 2.59224 -1.41264 -2.85628
v -1.79452 4.07837 1.16438
v -0.99843 -3.91616 0.48484
v 2.46694 2.33605 -2.76528
v -3.46762 0.78825 2.73555
v 1.55970 -3.17240 -1.87925
v 0.05442 4.54459 -0.54164
v -2.50524 -2.83827 1.87452
v 2.85208 -0.00880 -3.09731
v -2.70653 3.09295 2.02628
v 0.03818 -3.98168 -0.46006
v 1.75939 3.53571 -2.10636
v -3.39275 -0.75399 2.68803
v 2.28731 -2.18000 -2.54993
v -1.10657 4.43581 0.54610
v -1.60706 -3.64140 1.06292
v 2.74416 1.46955 -2.99711
v -3.28965 1.73162 2.58584
v 1.02521 -3.60835 -1.36392
v 0.76808 4.32499 -1.18112
v -2.93220 -2.13528 2.28339
v 2.74982 -0.89732 -2.97762
v -2.16066 3.75741 1.53801
v -0.58967 -3.99216 0.13774
v 2.25391 2.83692 -2.54060
v -3.47088 0.19256 2.77463
v 1.87830 -2.83635 -2.14842
v -0.37736 4.57632 -0.10951
v -2.16817 -3.19219 1.59660
v 2.87491 0.55767 -3.09322
v -2.95835 2.60648 2.29496
v 0.43809 -3.88885 -0.80134
v 1.42395 3.89948 -1.76631
v -3.24157 -1.30916 2.58371
v 2.51632 -1.72190 -2.73713
v -1.51693 4.24186 0.95997
v -1.21250 -3.82604 0.72996
v 2.61926 2.01940 -2.85479
v -3.39185 1.15211 2.71636
v 1.38453 -3.36043 -1.66979
v 0.35482 4.49348 -0.76703
v -2.65396 -2.58078 2.06045
v 2.85903 -0.35453 -3.05375
v -2.48823 3.36524 1.87632
v -0.18059 -4.00335 -0.21085
v 1.98952 3.29388 -2.26724
v -3.41289 -0.39638 2.75665
v 2.16729 -2.45060 -2.39059
v -0.80875 4.51983 0.32307
v -1.80445 -3.48317 1.29301
v 2.84174 1.12761 -3.03646
v -3.15529 2.07473 2.51292
v 0.82622 -3.73620 -1.13277
v 1.05187 4.19380 -1.39127
v -3.03776 -1.82864 2.43001
v 2.70372 -1.22528 -2.88563
v -1.90213 3.96610 1.35107
v -0.80837 -3.94455 0.38700
v 2.43829 2.54342 -2.65951
v -3.43218 0.55939 2.78938
v 1.72139 -3.05821 -1.95550
v -0.07328 4.57680 -0.33831
v -2.33831 -2.97052 1.80199
v 2.91603 0.20756 -3.08091
v -2.76994 2.91088 2.17241
v 0.22410 -3.95165 -0.55650
v 1.67833 3.69607 -1.94947
v -3.29610 -0.96661 2.68373
v 2.42213 -2.01826 -2.60127
v -1.22991 4.37589 0.74684
v -1.42090 -3.70925 0.97000
v 2.75129 1.69005 -2.92571
v -3.29349 1.50981 2.67642
v 1.19878 -3.52568 -1.45062
v 0.65091 4.41103 -0.98850
v -2.78676 -2.30360 2.23188
v 2.84488 -0.69624 -2.99091
v -2.25340 3.61478 1.71113
v -0.40027 -3.99800 0.03926
v 2.20359 3.02988 -2.41340
v -3.41078 -0.03377 2.80488
v 2.03158 -2.70378 -2.21692
v -0.50661 4.57228 0.09604
v -1.99207 -3.30001 1.51425
v 2.91781 0.77942 -3.05612
v -2.99972 2.40483 2.42050
v 0.62021 -3.83898 -0.89516
v 1.32633 4.03359 -1.59288
v -3.12430 -1.50718 2.55926
v 2.63801 -1.54344 -2.77570
v -1.63121 4.14746 1.15273
v -1.02390 -3.86987 0.63346
v 2.60363 2.23336 -2.76098
v -3.37067 0.92439 2.78319
v 1.55186 -3.25900 -1.75106
v 0.22976 4.54529 -0.56618
v -2.49476 -2.72684 1.99494
v 2.93555 -0.14233 -3.04882
v -2.56287 3.19598 2.03270
v 0.00686 -3.98792 -0.30863
v 1.91896 3.46744 -2.12003
v -3.32933 -0.61507 2.76427
v 2.31056 -2.29977 -2.44953
v -0.93535 4.47946 0.52676
v -1.62203 -3.56643 1.20346
v 2.86236 1.35041 -2.97743
v -3.17295 1.85870 2.61611
v 1.00382 -3.66708 -1.22304
v 0.94071 4.29787 -1.20423
v -2.90241 -2.00854 2.38766
v 2.81005 -1.03157 -2.90915
v -2.00350 3.83967 1.53209
v -0.61924 -3.96552 0.28878
v 2.40029 2.74569 -2.54365
v -3.38612 0.33126 2.83243
v 1.88133 -2.93792 -2.02996
v -0.20220 4.59277 -0.13311
v -2.16837 -3.09298 1.72522
v 2.97213 0.42749 -3.05586
v -2.82381 2.71944 2.30937
v 0.40866 -3.91599 -0.65247
v 1.58967 3.84557 -1.78431
v -3.19090 -1.17308 2.67028
v 2.55340 -1.84966 -2.64851
v -1.34968 4.30011 0.94460
v -1.23464 -3.76848 0.87561
v 2.74901 1.90906 -2.84414
v -3.28648 1.28488 2.75620
v 1.37105 -3.43744 -1.53630
v 0.52973 4.48204 -0.79127
v -2.63617 -2.46268 2.17417
v 2.93362 -0.48952 -2.99710
v -2.33841 3.45963 1.87700
v -0.21205 -3.99733 -0.05918
v 2.14430 3.21534 -2.27657
v -3.34071 -0.25703 2.82480
v 2.18261 -2.56459 -2.28284
v -0.63521 4.55177 0.30152
v -1.81428 -3.39835 1.42890
v 2.95197 1.00297 -3.00949
v -3.03081 2.19619 2.53597
v 0.80112 -3.78372 -0.98837
v 1.22231 4.15489 -1.41244
v -2.99978 -1.69756 2.52676
v 2.75505 -1.35821 -2.80895
v -1.74016 4.03821 1.34065
v -0.83587 -3.90603 0.53624
v 2.57846 2.44345 -2.65691
v -3.33876 0.69609 2.83918
v 1.71775 -3.15152 -1.83084
v 0.10246 4.58113 -0.36252
v -2.33189 -2.86334 1.92457
v 3.00461 0.07433 -3.03562
v -2.62856 3.01622 2.18048
v 0.19313 -3.96668 -0.40610
v 1.84018 3.63120 -1.96398
v -3.23676 -0.82864 2.76232
v 2.45076 -2.14192 -2.50485
v -1.05940 4.42287 0.72840
v -1.43898 -3.64088 1.11199
v 2.87364 1.57290 -2.90830
v -3.17992 1.63822 2.70868
v 1.18032 -3.59242 -1.31248
v 0.82463 4.38755 -1.01171
v -2.76124 -2.17974 2.33852
v 2.91054 -0.83160 -2.92605
v -2.09796 3.69983 1.70659
v -0.43102 -3.97976 0.19037
v 2.35297 2.94166 -2.41782
v -3.32983 0.10498 2.86494
v 2.03941 -2.81101 -2.10222
v -0.33151 4.59228 0.07297
v -1.99612 -3.20601 1.64489
v 3.01976 0.65026 -3.02156
v -2.86783 2.51978 2.43668
v 0.59218 -3.87486 -0.74798
v 1.49386 3.98319 -1.61144
v -3.07789 -1.37275 2.64826
v 2.68056 -1.67396 -2.69093
v -1.46508 4.20888 1.13841
v -1.04854 -3.81979 0.78015
v 2.73707 2.12543 -2.75223
v -3.26874 1.05806 2.82514
v 1.54216 -3.34323 -1.62074
v 0.40531 4.53748 -0.59029
v -2.48123 -2.61253 2.11100
v 3.01532 -0.27753 -2.99544
v -2.41515 3.29291 2.03488
v -0.02481 -3.99069 -0.15750
v 2.07627 3.39211 -2.13041
v -3.26122 -0.47626 2.83479
v 2.33105 -2.41827 -2.34559
v -0.76230 4.51483 0.50591
v -1.63533 -3.48780 1.34113
v 2.97692 1.22737 -2.95289
v -3.05147 1.98180 2.64106
v 0.98113 -3.72295 -1.08092
v 1.11250 4.26253 -1.22572
v -2.86882 -1.87988 2.48690
v 2.86679 -1.16620 -2.83608
v -1.84306 3.91475 1.52287
v -0.64845 -3.93521 0.43856
v 2.54368 2.64847 -2.54261
v -3.29646 0.46838 2.88447
v 1.88215 -3.03747 -1.90876
v -0.02627 4.60068 -0.15700
v -2.16607 -2.99055 1.85005
v 3.06555 0.29482 -3.01348
v -2.68492 2.82703 2.31908
v 0.37852 -3.93989 -0.50326
v 1.75357 3.78407 -1.79959
v -3.13585 -1.03632 2.75134
v 2.58738 -1.97670 -2.55584
v -1.18007 4.35039 0.92703
v -1.25566 -3.70723 1.01904
v 2.87524 1.79399 -2.82880
v -3.17625 1.41453 2.79049
v 1.35591 -3.51186 -1.40092
v 0.70435 4.46216 -0.81457
v -2.61507 -2.34214 2.28331
v 3.00450 -0.62563 -2.93556
v -2.18490 3.54743 1.87380
v -0.24357 -3.98781 0.09188
v 2.29644 3.13012 -2.28224
v -3.26381 -0.11841 2.88723
v 2.19536 -2.67694 -2.17174
v -0.46035 4.57527 0.27895
v -1.82215 -3.31011 1.56161
v 3.05839 0.87500 -2.97749
v -2.90177 2.31308 2.55393
v 0.77496 -3.82822 -0.84299
v 1.39143 4.10796 -1.43153
v -2.95783 -1.56509 2.61832
v 2.80297 -1.49102 -2.72776
v -1.57535 4.10277 1.32737
v -0.86272 -3.86389 0.68392
v 2.71533 2.33799 -2.64990
v -3.24052 0.83055 2.88330
v 1.71211 -3.24252 -1.70365
v 0.27845 4.57691 -0.38651
v -2.32269 -2.75330 2.04310
v 3.08932 -0.06080 -2.98524
v -2.48316 3.11564 2.18416
v 0.16171 -3.97838 -0.25566
v 1.99978 3.55907 -1.97534
v -3.17295 -0.69059 2.83533
v 2.47644 -2.26441 -2.40452
v -0.88702 4.46165 0.70823
v -1.45563 -3.56899 1.25145
v 2.99224 1.45159 -2.88598
v -3.06166 1.76289 2.73556
v 1.16046 -3.65636 -1.17270
v 0.99756 4.35574 -1.03351
v -2.73220 -2.05391 2.44038
v 2.97252 -0.96753 -2.85632
v -1.93924 3.77785 1.69856
v -0.46155 -3.95801 0.34059
v 2.49933 2.84721 -2.41822
v -3.24417 0.24237 2.91930
v 2.04485 -2.91626 -1.98437
v -0.15558 4.60373 0.04939
v -1.99793 -3.10886 1.77206
v 3.11777 0.51835 -2.98185
v -2.73164 2.62957 2.44804
v 0.56334 -3.90759 -0.60009
v 1.65959 3.92503 -1.62745
v -3.02735 -1.23748 2.73193
v 2.71981 -1.80388 -2.60177
v -1.29656 4.26244 1.12169
v -1.07224 -3.76617 0.92498
v 2.86692 2.01252 -2.73879
v -3.16209 1.18886 2.86152
v 1.53067 -3.42490 -1.48814
v 0.58062 4.52116 -0.61369
v -2.46466 -2.49575 2.22278
v 3.09120 -0.41408 -2.93695
v -2.26377 3.38343 2.03303
v -0.05666 -3.99009 -0.00661
v 2.23092 3.30990 -2.13726
v -3.18861 -0.33797 2.89970
v 2.34877 -2.53521 -2.23793
v -0.58786 4.54180 0.48382
v -1.64691 -3.40585 1.47597
v 3.08754 1.10074 -2.92325
v -2.92552 2.10056 2.66084
v 0.95727 -3.77585 -0.93744
v 1.28300 4.21905 -1.24531
v -2.83151 -1.74974 2.58117
v 2.91991 -1.30087 -2.75821
v -1.67976 3.98242 1.51060
v -0.67716 -3.90143 0.58715
v 2.68372 2.54550 -2.53722
v -3.20213 0.60350 2.93085
v 1.88079 -3.13472 -1.78465
v 0.14997 4.60001 -0.18090
v -2.16124 -2.88529 1.97116
v 3.15494 0.15998 -2.96587
v -2.54205 2.92892 2.32427
v 0.34784 -3.96055 -0.35364
v 1.91524 3.71513 -1.81189
v -3.07658 -0.89930 2.82699
v 2.61820 -2.10266 -2.45892
v -1.00855 4.39254 0.90751
v -1.27544 -3.64260 1.16030
v 2.99763 1.67450 -2.80854
v -3.06145 1.54068 2.81937
v 1.33924 -3.58349 -1.26353
v 0.87820 4.43386 -0.83666
v -2.59071 -2.21955 2.38795
v 3.07149 -0.76252 -2.86891
v -2.02810 3.62838 1.86695
v -0.27500 -3.97491 0.24242
v 2.44553 3.03845 -2.28400
v -3.18238 0.01907 2.94403
v 2.20551 -2.78736 -2.05712
v -0.28461 4.59025 0.25564
v -1.82800 -3.21878 1.69122
v 3.16073 0.74402 -2.94025
v -2.76851 2.42503 2.56699
v 0.74789 -3.86962 -0.69653
v 1.55878 4.05313 -1.44825
v -2.91201 -1.43165 2.70478
v 2.84736 -1.62337 -2.64187
v -1.40812 4.15957 1.31147
v -0.88879 -3.81836 0.83010
v 2.84854 2.22728 -2.63825
v -3.13769 0.96238 2.92187
v 1.70453 -3.33096 -1.57380
v 0.45424 4.56412 -0.41002
v -2.31072 -2.64079 2.15766
v 3.16995 -0.19752 -2.92958
v -2.33412 3.20886 2.18366
v 0.13002 -3.98680 -0.10508
v 2.15672 3.47986 -1.98331
v -3.10485 -0.55287 2.90287
v 2.49911 -2.38540 -2.30012
v -0.71321 4.49208 0.68660
v -1.47076 -3.49388 1.38845
v 3.10681 1.32642 -2.85853
v -2.93903 1.88345 2.75723
v 1.13930 -3.71733 -1.03119
v 1.16923 4.31568 -1.05361
v -2.69970 -1.92649 2.53755
v 3.03065 -1.10369 -2.78154
v -1.77765 3.84862 1.68729
v -0.49171 -3.93291 0.48998
v 2.64230 2.74677 -2.41436
v -3.15400 0.37799 2.96808
v 2.04791 -3.01924 -1.86323
v 0.02072 4.60661 0.02556
v -1.99746 -3.00892 1.89587
v 3.21160 0.38402 -2.93680
v -2.59152 2.73388 2.45478
v 0.53386 -3.93711 -0.45140
v 1.82311 3.85926 -1.64066
v -2.97282 -1.10180 2.81040
v 2.75566 -1.93284 -2.50804
v -1.12610 4.30796 1.10280
v -1.09488 -3.70928 1.06802
v 2.99284 1.89492 -2.72046
v -3.05099 1.31640 2.89249
v 1.51748 -3.50376 -1.35314
v 0.75521 4.49635 -0.63610
v -2.44509 -2.37690 2.33037
v 3.16299 -0.55162 -2.87317
v -2.10911 3.46728 2.02737
v -0.08851 -3.98618 0.14412
v 2.38251 3.22102 -2.14032
v -3.11165 -0.20061 2.95911
v 2.36367 -2.65025 -2.12639
v -0.41250 4.56030 0.46076
v -1.65670 -3.32090 1.60808
v 3.19395 0.97084 -2.88831
v -2.79541 2.21462 2.67565
v 0.93239 -3.82563 -0.79249
v 1.45177 4.16753 -1.26275
v -2.79058 -1.61850 2.67060
v 2.96927 -1.43523 -2.67538
v -1.51401 4.04247 1.49552
v -0.70522 -3.86435 0.73461
v 2.82005 2.43706 -2.52726
v -3.10337 0.73623 2.97174
v 1.87729 -3.22939 -1.65749
v 0.32606 4.59075 -0.20455
v -2.15389 -2.77757 2.08865
v 3.24008 0.02334 -2.91283
v -2.39557 3.02480 2.32517
v 0.31677 -3.97794 -0.20350
v 2.07425 3.63892 -1.82095
v -3.01322 -0.76242 2.89735
v 2.64577 -2.22721 -2.35759
v -0.83556 4.42643 0.88631
v -1.29388 -3.57483 1.29949
v 3.11588 1.55088 -2.78314
v -2.94238 1.66298 2.84301
v 1.32112 -3.65210 -1.12402
v 1.05086 4.39722 -0.85729
v -2.56315 -2.09532 2.48820
v 3.13443 -0.89982 -2.79700
v -1.86843 3.70223 1.85669
v -0.30616 -3.95870 0.39251
v 2.59120 2.94057 -2.28161
v -3.09663 0.15501 2.99537
v 2.21306 -2.89550 -1.93884
v -0.10845 4.59666 0.23186
v -1.83180 -3.12472 1.81782
v 3.25873 0.61038 -2.89759
v -2.63137 2.53173 2.57533
v 0.72005 -3.90778 -0.54889
v 1.72394 3.99055 -1.46236
v -2.86242 -1.29764 2.78626
v 2.88810 -1.75488 -2.55113
v -1.23890 4.20846 1.29321
v -0.91394 -3.76962 0.97489
v 2.97775 2.11164 -2.62174
v -3.03054 1.09120 2.95506
v 1.69505 -3.41654 -1.44117
v 0.62938 4.54281 -0.43278
v -2.29600 -2.52617 2.26837
v 3.24629 -0.33544 -2.86846
v -2.18181 3.29560 2.17922
v 0.09822 -3.99191 0.04572
v 2.31060 3.39379 -1.98764
v -3.03262 -0.41588 2.96509
v 2.51873 -2.50454 -2.19150
v -0.53843 4.51409 0.66377
v -1.48428 -3.41583 1.52311
v 3.21703 1.19772 -2.82576
v -2.81232 1.99957 2.77387
v 1.11697 -3.77511 -0.88782
v 1.33921 4.26748 -1.07176
v -2.66382 -1.79789 2.63015
v 3.08479 -1.23969 -2.70155
v -1.61360 3.91192 1.67302
v -0.52134 -3.90456 0.63864
v 2.78152 2.64062 -2.40603
v -3.05957 0.51147 3.01144
v 2.04861 -3.11960 -1.73868
v 0.19691 4.60089 0.00175
v -1.99468 -2.90653 2.01642
v 3.30100 0.24765 -2.88622
v -2.44782 2.83242 2.45711
v 0.50389 -3.96332 -0.30182
v 1.98398 3.78607 -1.65081
v -2.91444 -0.96608 2.88379
v 2.78802 -2.06046 -2.40960
v -0.95412 4.34531 1.08202
v -1.11633 -3.64932 1.20938
v 3.11453 1.77294 -2.69702
v -2.93573 1.44034 2.91823
v 1.50267 -3.57954 -1.21563
v 0.92864 4.46314 -0.65727
v -2.42256 -2.25633 2.43390
v 3.23050 -0.68976 -2.80395
v -1.95158 3.54422 2.01814
v -0.12021 -3.97897 0.29479
v 2.53067 3.12572 -2.13937
v -3.03057 -0.06456 3.01319
v 2.37573 -2.76302 -2.01084
v -0.23668 4.57025 0.43700
v -1.66462 -3.23324 1.73757
v 3.29588 0.83803 -2.84790
v -2.66149 2.32368 2.68568
v 0.90660 -3.87210 -0.64599
v 1.61836 4.10813 -1.27776
v -2.74613 -1.48657 2.75533
v 3.01475 -1.56888 -2.58743
v -1.34626 4.09474 1.47787
v -0.73248 -3.82410 0.88106
v 2.95232 2.32343 -2.51252
v -3.00043 0.86621 3.00730
v 1.87169 -3.32116 -1.52717
v 0.50154 4.57294 -0.22766
v -2.14401 -2.66772 2.20266
v 3.32075 -0.11473 -2.85422
v -2.24584 3.11443 2.32198
v 0.28549 -3.99198 -0.05276
v 2.23020 3.55568 -1.82654
v -2.94595 -0.62607 2.96258
v 2.67003 -2.34994 -2.25173
v -0.66155 4.45197 0.86370
v -1.31087 -3.50417 1.43671
v 3.22968 1.42349 -2.75244
v -2.81932 1.78108 2.86161
v 1.30165 -3.71745 -0.98227
v 1.22185 4.35235 -0.87617
v -2.53245 -1.96980 2.58421
v 3.19314 -1.03714 -2.71969
v -1.70629 3.76879 1.84326
v -0.33690 -3.93924 0.54225
v 2.73308 2.83675 -2.27486
v -3.00677 0.28905 3.04140
v 2.21802 -3.00100 -1.81679
v 0.06766 4.59449 0.20787
v -1.83351 -3.02820 1.94156
v 3.35215 0.47445 -2.84933
v -2.49070 2.63290 2.57918
v 0.69160 -3.94253 -0.39998
v 1.88647 3.92039 -1.47360
v -2.80921 -1.16344 2.86293
v 2.92510 -1.88515 -2.45541
v -1.06815 4.24930 1.27284
v -0.93803 -3.71784 1.11837
v 3.10265 1.99138 -2.60019
v -2.91934 1.21669 2.98304
v 1.68375 -3.49895 -1.30565
v 0.80340 4.51304 -0.45450
v -2.27853 -2.40979 2.37538
v 3.31816 -0.47417 -2.80176
v -2.02664 3.37563 2.17106
v 0.06646 -3.99366 0.19682
v 2.46102 3.30110 -1.98811
v -2.95645 -0.27997 3.02214
v 2.53526 -2.62142 -2.07854
v -0.36313 4.52762 0.64002
v -1.49611 -3.33509 1.65554
v 3.32265 1.06586 -2.78750
v -2.68187 2.11093 2.78570
v 1.09358 -3.82948 -0.74252
v 1.50705 4.21129 -1.08770
v -2.62466 -1.66845 2.71837
v 3.13481 -1.37513 -2.61624
v -1.44752 3.96758 1.65601
v -0.55028 -3.87302 0.78666
v 2.91662 2.52906 -2.39301
v -2.96110 0.64245 3.04957
v 2.04697 -3.21699 -1.61060
v 0.37255 4.58660 -0.02175
v -1.98959 -2.80200 2.13387
v 3.38574 0.10962 -2.82998
v -2.30091 2.92493 2.45527
v 0.47357 -3.98607 -0.15128
v 2.14179 3.70568 -1.65766
v -2.85234 -0.83069 2.95230
v 2.81681 -2.18634 -2.30634
v -0.78110 4.37441 1.05961
v -1.13647 -3.58647 1.34916
v 3.23167 1.64695 -2.66830
v -2.81658 1.56035 2.93894
v 1.48631 -3.65193 -1.07552
v 1.10046 4.42162 -0.67691
v -2.39711 -2.13440 2.53354
v 3.29358 -0.82811 -2.72915
v -1.79156 3.61405 2.00558
v -0.15158 -3.96843 0.44547
v 2.67499 3.02429 -2.13419
v -2.94555 0.06983 3.06213
v 2.38493 -2.87314 -1.89118
v -0.06086 4.57166 0.41281
v -1.67063 -3.14314 1.86458
v 3.39307 0.70270 -2.80186
v -2.52409 2.42745 2.69115
v 0.88004 -3.91503 -0.49785
v 1.78235 4.04104 -1.29010
v -2.69827 -1.35428 2.83553
v 3.05622 -1.70142 -2.49428
v -1.17694 4.13909 1.45793
v -0.75880 -3.78078 1.02659
v 3.08020 2.20496 -2.49281
v -2.89357 0.99311 3.03774
v 1.86402 -3.40966 -1.39360
v 0.67596 4.54664 -0.24998
v -2.13160 -2.55605 2.31333
v 3.39673 -0.25383 -2.78991
v -2.09325 3.19757 2.31497
v 0.25414 -4.00255 0.09865
v 2.38268 3.46564 -1.82843
v -2.87493 -0.49059 3.02287
v 2.69093 -2.47047 -2.14123
v -0.48699 4.46910 0.83994
v -1.32632 -3.43081 1.57210
v 3.33874 1.29270 -2.71625
v -2.69260 1.89470 2.87538
v 1.28094 -3.77922 -0.83822
v 1.39074 4.29940 -0.89306
v -2.49868 -1.84334 2.67616
v 3.24749 -1.17405 -2.63686
v -1.54210 3.82788 1.82692
v -0.36705 -3.91652 0.69171
v 2.87080 2.72732 -2.26355
v -2.91304 0.42085 3.08233
v 2.22038 -3.10349 -1.69088
v 0.24326 4.58376 0.18395
v -1.83306 -2.92952 2.06258
v 3.44073 0.33664 -2.79536
v -2.34685 2.72828 2.57877
v 0.66266 -3.97368 -0.24974
v 2.04595 3.84288 -1.48173
v -2.75250 -1.02939 2.93498
v 2.95827 -2.01377 -2.35462
v -0.89630 4.28199 1.25064
v -0.96093 -3.66313 1.26065
v 3.22290 1.86687 -2.57342
v -2.80437 1.33852 3.00606
v 1.67068 -3.57785 -1.16717
v 0.97584 4.47490 -0.47494
v -2.25836 -2.29196 2.47886
v 3.38537 -0.61329 -2.72935
v -1.86898 3.44876 2.15944
v 0.03493 -3.99197 0.34831
v 2.60759 3.20209 -1.98450
v -2.87652 -0.14549 3.07425
v 2.54865 -2.73566 -1.96118
v -0.18779 4.53264 0.61561
v -1.50616 -3.25187 1.78588
v 3.42338 0.93125 -2.74361
v -2.54800 2.21728 2.79294
v 1.06924 -3.88014 -0.59521
v 1.67231 4.14729 -1.10117
v -2.58229 -1.53852 2.80237
v 3.18057 -1.50959 -2.52551
v -1.27984 4.01548 1.63652
v -0.57837 -3.83833 0.93412
v 3.04726 2.41244 -2.37512
v -2.85885 0.77062 3.08269
v 2.04302 -3.31104 -1.47894
v 0.54717 4.56380 -0.04469
v -1.98214 -2.69559 2.24837
v 3.46561 -0.02964 -2.76796
v -2.15116 3.01118 2.44948
v 0.44307 -4.00519 0.00031
v 2.29614 3.61833 -1.66099
v -2.78669 -0.69597 3.01611
v 2.84196 -2.31007 -2.19819
v -0.60746 4.39519 1.03585
v -1.15517 -3.52086 1.48748
v 3.34396 1.51733 -2.63415
v -2.69386 1.67616 2.95485
v 1.46849 -3.72060 -0.93275
v 1.27020 4.37194 -0.69478
v -2.36879 -2.01141 2.62947
v 3.35205 -0.96622 -2.64869
v -1.62949 3.67661 1.98996
v -0.18246 -3.95450 0.59624
v 2.81512 2.91703 -2.12457
v -2.85682 0.20223 3.10614
v 2.39126 -2.98020 -1.76736
v 0.11452 4.56453 0.38847
v -1.67463 -3.05080 1.98925
v 3.48527 0.56525 -2.75008
v -2.38355 2.52569 2.69232
v 0.85284 -3.95417 -0.34801
v 1.94331 3.96645 -1.29954
v -2.64711 -1.22197 2.91141
v 3.09360 -1.83240 -2.39583
v -1.00648 4.17542 1.43597
v -0.78402 -3.73443 1.17129
v 3.20335 2.08201 -2.46796
v -2.78306 1.11664 3.06328
v 1.85435 -3.49453 -1.25673
v 0.84885 4.51193 -0.27123
v -2.11666 -2.44286 2.42085
v 3.46785 -0.39351 -2.71979
v -1.93819 3.27402 2.30437
v 0.22291 -4.00949 0.25080
v 2.53129 3.36910 -1.82640
v -2.80034 -0.35631 3.07844
v 2.70842 -2.58836 -2.02606
v -0.31231 4.47780 0.81531
v -1.34010 -3.35490 1.70578
v 3.44279 1.15892 -2.67446
v -2.56252 2.00357 2.88458
v 1.25908 -3.83712 -0.69181
v 1.55707 4.23853 -0.90770
v -2.46190 -1.71624 2.76424
v 3.29734 -1.31013 -2.54845
v -1.37628 3.87938 1.80793
v -0.39643 -3.89049 0.84098
v 3.00400 2.61261 -2.24748
v -2.81566 0.55010 3.11840
v 2.22016 -3.20256 -1.56107
v 0.41790 4.56452 0.16038
v -1.83042 -2.82889 2.18103
v 3.52427 0.19737 -2.73556
v -2.20018 2.81765 2.57435
v 0.63340 -4.00099 -0.09811
v 2.20197 3.75826 -1.48652
v -2.69242 -0.89580 3.00262
v 2.98753 -2.14030 -2.24870
v -0.72380 4.30647 1.22689
v -0.98248 -3.60556 1.40185
v 3.33820 1.73850 -2.54128
v -2.68592 1.45642 3.02433
v 1.65590 -3.65289 -1.02568
v 1.14627 4.42855 -0.49382
v -2.23550 -2.17296 2.57900
v 3.44775 -0.75237 -2.65116
v -1.70925 3.51482 2.14462
v 0.00379 -3.98668 0.50024
v 2.74993 3.09706 -1.97660
v -2.79304 -0.01274 3.12163
v 2.55889 -2.84682 -1.83936
v -0.01283 4.52918 0.59082
v -1.51433 -3.16635 1.91426
v 3.51898 0.79429 -2.69397
v -2.41104 2.31836 2.79585
v 1.04408 -3.92680 -0.44587
v 1.83455 4.07568 -1.11195
v -2.53681 -1.40840 2.88239
v 3.22197 -1.64261 -2.42931
v -1.11098 4.05552 1.61483
v -0.60544 -3.80046 1.08112
v 3.17310 2.29112 -2.35220
v -2.75306 0.89569 3.11103
v 2.03679 -3.40135 -1.34366
v 0.72032 4.53258 -0.06678
v -1.97231 -2.58756 2.36009
v 3.54043 -0.16970 -2.70007
v -1.99894 3.09099 2.44003
v 0.41255 -4.02045 0.15297
v 2.44661 3.52431 -1.66057
v -2.71765 -0.56223 3.07546
v 2.86342 -2.43120 -2.08511
v -0.43366 4.40762 1.01100
v -1.17230 -3.45259 1.62446
v 3.45112 1.38448 -2.59444
v -2.56786 1.78750 2.96621
v 1.44930 -3.78521 -0.78728
v 1.43744 4.31426 -0.71062
v -2.33764 -1.88765 2.72189
v 3.40578 -1.10365 -2.56251
v -1.46575 3.73176 1.97155
v -0.21266 -3.93706 0.74716
v 2.95068 2.80429 -2.11034
v -2.76459 0.33235 3.14546
v 2.39473 -3.08380 -1.63934
v 0.28898 4.54892 0.36424
v -1.67655 -2.95643 2.11174
v 3.57226 0.42612 -2.69245
v -2.24023 2.61819 2.68943
v 0.82514 -3.98924 -0.19644
v 2.10081 3.88463 -1.30583
v -2.59276 -1.08993 2.98320
v 3.12679 -1.96139 -2.29206
v -0.83531 4.20368 1.41225
v -0.80796 -3.68507 1.31525
v 3.32146 1.95497 -2.43783
v -2.66916 1.23652 3.08417
v 1.84271 -3.57539 -1.11654
v 1.01976 4.46896 -0.29116
v -2.09917 -2.32839 2.52541
v 3.53393 -0.53334 -2.64382
v -1.78104 3.34363 2.29046
v 0.19195 -4.01260 0.40372
v 2.67565 3.26636 -1.82026
v -2.72235 -0.22352 3.12953
v 2.72247 -2.70319 -1.90617
v -0.13798 4.47807 0.79008
v -1.35209 -3.27656 1.83786
v 3.54158 1.02257 -2.62695
v -2.42942 2.10747 2.88945
v 1.23618 -3.89080 -0.54303
v 1.72043 4.16995 -0.91985
v -2.42218 -1.58879 2.84868
v 3.34258 -1.44490 -2.45442
v -1.20924 3.92319 1.78657
v -0.42488 -3.86108 0.99012
v 3.13234 2.49299 -2.22650
v -2.71488 0.67655 3.14985
v 2.21737 -3.29780 -1.42734
v 0.59112 4.53687 0.13742
v -1.82551 -2.72652 2.29709
v 3.60256 0.05710 -2.66985
v -2.05105 2.90084 2.56620
v 0.60395 -4.02419 0.05494
v 2.35411 3.66682 -1.48776
v -2.62911 -0.76297 3.06609
v 3.01281 -2.26430 -2.13764
v -0.55107 4.32272 1.20185
v -1.00252 -3.54516 1.54204
v 3.44827 1.60668 -2.50364
v -2.56428 1.57014 3.03812
v 1.63951 -3.72367 -0.88119
v 1.31422 4.37413 -0.51089
v -2.20994 -2.05306 2.67601
v 3.50516 -0.89093 -2.56715
v -1.54783 3.57369 2.12688
v -0.02677 -3.97765 0.65264
v 2.88767 2.98636 -1.96424
v -2.70621 0.11800 3.16455
v 2.56598 -2.95448 -1.71308
v 0.16127 4.51728 0.56593
v -1.52051 -3.07865 2.04083
v 3.60920 0.65543 -2.63849
v -2.27133 2.41398 2.79470
v 1.01821 -3.96915 -0.29447
v 1.99337 3.99671 -1.11978
v -2.48830 -1.27837 2.95864
v 3.25892 -1.77375 -2.32761
v -0.94137 4.08763 1.59121
v -0.63131 -3.75935 1.22770
v 3.29383 2.16549 -2.32409
v -2.64399 1.01741 3.13486
v 2.02833 -3.48751 -1.20476
v 0.89155 4.49308 -0.08778
v -1.96006 -2.47812 2.46923
v 3.60999 -0.31010 -2.62626
v -1.84462 3.16419 2.42718
v 0.38216 -4.03162 0.30673
v 2.59281 3.42392 -1.65621
v -2.64536 -0.42973 3.13061
v 2.88115 -2.54929 -1.96710
v -0.26013 4.41172 0.98535
v -1.18770 -3.38172 1.76020
v 3.55289 1.24884 -2.54904
v -2.43888 1.89415 2.97330
v 1.42884 -3.84539 -0.63913
v 1.60173 4.24880 -0.72418
v -2.30369 -1.76338 2.81104
v 3.45465 -1.23994 -2.47058
v -1.30076 3.77942 1.95062
v -0.24201 -3.91599 0.89827
v 3.08134 2.68644 -2.09133
v -2.66907 0.45994 3.18036
v 2.39535 -3.18349 -1.50714
v 0.46209 4.52492 0.34040
v -1.67629 -2.86017 2.23221
v 3.65382 0.28578 -2.62890
v -2.09446 2.70477 2.68277
v 0.79708 -4.01992 -0.04315
v 2.25446 3.79584 -1.30876
v -2.53532 -0.95844 3.05115
v 3.15573 -2.08792 -2.18297
v -0.66387 4.22384 1.38707
v -0.83046 -3.63266 1.45854
v 3.43424 1.82426 -2.40228
v -2.55215 1.35253 3.10070
v 1.82919 -3.65183 -0.97305
v 1.18826 4.41790 -0.30950
v -2.07911 -2.21286 2.62720
v 3.59482 -0.67283 -2.56194
v -1.62219 3.40629 2.27353
v 0.16144 -4.01168 0.55743
v 2.81540 3.15776 -1.80980
v -2.64113 -0.09247 3.17641
v 2.73307 -2.81449 -1.78160
v 0.03558 4.46997 0.76454
v -1.36214 -3.19587 1.96848
v 3.63484 0.88410 -2.57362
v -2.29360 2.20619 2.89028
v 1.21236 -3.93992 -0.39189
v 1.88039 4.09392 -0.92927
v -2.37956 -1.46124 2.92972
v 3.38310 -1.57792 -2.35475
v -1.04140 3.95925 1.76313
v -0.45218 -3.82817 1.13916
v 3.25550 2.36885 -2.20045
v -2.61092 0.79994 3.17696
v 2.21207 -3.38878 -1.28973
v 0.76248 4.50092 0.11533
v -1.81826 -2.62258 2.41092
v 3.67542 -0.08371 -2.59818
v -1.89983 2.97769 2.55460
v 0.57449 -4.04300 0.20938
v 2.50199 3.56887 -1.48523
v -2.56269 -0.63115 3.12567
v 3.03407 -2.38529 -2.02146
v -0.37856 4.33075 1.17582
v -1.02089 -3.48194 1.68132
v 3.55283 1.47184 -2.46039
v -2.43972 1.67950 3.04772
v 1.62159 -3.78983 -0.73372
v 1.47928 4.31187 -0.52591
v -2.18170 -1.93247 2.77010
v 3.55747 -1.02850 -2.47730
v -1.38513 3.62528 2.10650
v -0.05658 -3.96467 0.80553
v 3.02046 2.87036 -1.94724
v -2.61620 0.24648 3.20328
v 2.56992 -3.05819 -1.58238
v 0.33409 4.49702 0.54121
v -1.52455 -2.98888 2.16570
v 3.69384 0.51515 -2.57710
v -2.12920 2.50397 2.78978
v 0.99179 -4.00684 -0.14105
v 2.14834 3.91065 -1.12446
v -2.43684 -1.14866 3.03140
v 3.29134 -1.90252 -2.22044
v -0.77142 4.11180 1.56596
v -0.65578 -3.71493 1.37392
v 3.40914 2.03598 -2.29066
v -2.53190 1.13558 3.15447
v 2.01770 -3.56912 -1.06228
v 1.06042 4.44546 -0.10741
v -1.94531 -2.36744 2.57597
v 3.67416 -0.45035 -2.54650
v -1.68859 3.23070 2.41123
v 0.35210 -4.03844 0.46158
v 2.73439 3.31752 -1.64772
v -2.56997 -0.29872 3.18184
v 2.89514 -2.66387 -1.84419
v -0.08732 4.40753 0.95918
v -1.20120 -3.30827 1.89478
v 3.64900 1.11086 -2.49789
v -2.30724 1.99595 2.97640
v 1.40721 -3.90076 -0.48834
v 1.76266 4.17579 -0.73524
v -2.26695 -1.63881 2.89713
v 3.49856 -1.37459 -2.37291
v -1.13493 3.81953 1.92746
v -0.27030 -3.89110 1.04957
v 3.20676 2.56388 -2.06738
v -2.57048 0.58478 3.21114
v 2.39316 -3.27884 -1.37081
v 0.63341 4.49264 0.31721
v -1.67373 -2.76214 2.35078
v 3.72976 0.14469 -2.55939
v -1.94660 2.78531 2.67264
v 0.76882 -4.04592 0.11183
v 2.40385 3.70040 -1.30813
v -2.47490 -0.82772 3.11552
v 3.18037 -2.21152 -2.06858
v -0.49258 4.23591 1.36071
v -0.85131 -3.57715 1.60121
v 3.54141 1.69032 -2.36121
v -2.43229 1.46448 3.11316
v 1.81387 -3.72346 -0.82630
v 1.35392 4.35893 -0.32600
v -2.05644 -2.09644 2.72643
v 3.65037 -0.81150 -2.47415
v -1.46202 3.46189 2.25386
v 0.13158 -4.00647 0.71191
v 2.95016 3.04369 -1.79488
v -2.55687 0.03660 3.21937
v 2.74023 -2.92183 -1.65238
v 0.20791 4.45359 0.73895
v -1.37010 -3.11287 2.09771
v 3.72237 0.74398 -2.51442
v -2.15538 2.29960 2.88737
v 1.18776 -3.98411 -0.23846
v 2.03653 4.01069 -0.93574
v -2.33409 -1.33381 3.00760
v 3.41883 -1.70868 -2.24948
v -0.87317 3.98754 1.73790
v -0.47816 -3.79162 1.28811
v 3.37317 2.24062 -2.16920
v -2.50402 0.92007 3.20004
v 2.20431 -3.47508 -1.14829
v 0.93155 4.45685 0.09439
v -1.80856 -2.51719 2.52268
v 3.74266 -0.22457 -2.52055
v -1.74687 3.04811 2.53984
v 0.54517 -4.05713 0.36518
v 2.64523 3.46474 -1.47876
v -2.49328 -0.50056 3.18164
v 3.05130 -2.50282 -1.90020
v -0.20669 4.33060 1.14907
v -1.03738 -3.41585 1.81974
v 3.65161 1.33445 -2.41144
v -2.31254 1.78431 3.05344
v 1.60225 -3.85096 -0.58335
v 1.64102 4.24198 -0.53863
v -2.15074 -1.81137 2.86149
v 3.60457 -1.16459 -2.38163
v -1.22153 3.66954 2.08378
v -0.08542 -3.94753 0.95888
v 3.14797 2.74945 -1.92546
v -2.52322 0.37250 3.23813
v 2.57075 -3.15750 -1.44733
v 0.50519 4.46854 0.51693
v -1.52633 -2.89709 2.28900
v 3.77269 0.37391 -2.50977
v -1.98498 2.58822 2.78138
v 0.96495 -4.03954 0.01433
v 2.29908 3.81782 -1.12577
v -2.38247 -1.01950 3.10092
v 3.31919 -2.02844 -2.10784
v -0.60156 4.12804 1.53935
v -0.67865 -3.66707 1.51979
v 3.51875 1.90303 -2.25182
v -2.41702 1.24999 3.17018
v 2.00498 -3.64575 -0.91631
v 1.22650 4.38990 -0.12543
v -1.92799 -2.25566 2.68047
v 3.73277 -0.58996 -2.46078
v -1.53120 3.29041 2.39247
v 0.32253 -4.04062 0.61745
v 2.87096 3.20546 -1.63493
v -2.49162 -0.16941 3.22944
v 2.90538 -2.77448 -1.71646
v 0.08435 4.39515 0.93277
v -1.21262 -3.23222 2.02827
v 3.73924 0.97102 -2.44091
v -2.17322 2.09275 2.97584
v 1.38455 -3.95096 -0.33498
v 1.91982 4.09549 -0.74355
v -2.22742 -1.51413 2.98041
v 3.53741 -1.50712 -2.26954
v -0.96863 3.85207 1.90239
v -0.29733 -3.86221 1.20103
v 3.32662 2.43702 -2.03837
v -2.46902 0.70667 3.23810
v 2.38820 -3.36942 -1.23042
v 0.80251 4.45226 0.29495
v -1.66875 -2.66242 2.46759
v 3.79991 0.00336 -2.48390
v -1.79699 2.85970 2.65933
v 0.74053 -4.06690 0.26842
v 2.54860 3.59864 -1.30374
v -2.41157 -0.69798 3.17660
v 3.20068 -2.33170 -1.94896
v -0.32185 4.23993 1.33345
v -0.87032 -3.51843 1.74328
v 3.64269 1.55361 -2.31453
v -2.30985 1.57222 3.12187
v 1.79684 -3.78986 -0.67641
v 1.51631 4.29229 -0.34043
v -2.03109 -1.97929 2.82329
v 3.70049 -0.94885 -2.38048
v -1.30090 3.51042 2.23176
v 0.10256 -3.99674 0.86710
v 3.07960 2.92453 -1.77532
v -2.46969 0.16351 3.25872
v 2.74396 -3.02473 -1.51862
v 0.37861 4.42903 0.71361
v -1.37578 -3.02756 2.22565
v 3.80394 0.60270 -2.44930
v -2.01508 2.38758 2.88103
v 1.16251 -4.02302 -0.08281
v 2.18847 3.92057 -0.93905
v -2.28578 -1.20667 3.08258
v 3.44970 -1.83669 -2.13866
v -0.70495 4.00809 1.71116
v -0.50258 -3.75127 1.43696
v 3.48505 2.10875 -2.13265
v -2.39438 1.03678 3.21941
v 2.19415 -3.55627 -1.00313
v 1.09790 4.40484 0.07484
v -1.79629 -2.41045 2.63252
v 3.80416 -0.36497 -2.43694
v -1.59252 3.11202 2.52224
v 0.51620 -4.06627 0.52225
v 2.78347 3.35480 -1.46816
v -2.42098 -0.37140 3.23428
v 3.06449 -2.61640 -1.77395
v -0.03588 4.32236 1.12189
v -1.05179 -3.34683 1.95731
v 3.74439 1.19498 -2.35675
v -2.18300 1.88445 3.05559
v 1.58160 -3.90667 -0.43017
v 1.79903 4.16474 -0.54884
v -2.11703 -1.68992 2.95038
v 3.64637 -1.29870 -2.28018
v -1.05741 3.70647 2.05903
v -0.11310 -3.92600 1.11264
v 3.26988 2.62406 -1.89876
v -2.42743 0.49589 3.26942
v 2.56850 -3.25197 -1.30803
v 0.67414 4.43198 0.49337
v -1.52566 -2.80332 2.41081
v 3.84557 0.23223 -2.43647
v -1.83898 2.66664 2.76984
v 0.93787 -4.06689 0.17156
v 2.44520 3.71854 -1.12352
v -2.32526 -0.89106 3.16746
v 3.34242 -2.15103 -1.98988
v -0.43217 4.13640 1.51169
v -0.69969 -3.61564 1.66528
v 3.62237 1.76709 -2.20747
v -2.29960 1.36053 3.18230
v 1.99027 -3.71698 -0.76696
v 1.38939 4.32665 -0.14160
v -1.90799 -2.14289 2.78290
v 3.78572 -0.72842 -2.36915
v -1.37281 3.34332 2.37123
v 0.29367 -4.03790 0.77426
v 3.00219 3.08815 -1.61767
v -2.41042 -0.04197 3.27372
v 2.91190 -2.88066 -1.58401
v 0.25447 4.37468 0.90640
v -1.22176 -3.15353 2.16070
v 3.82338 0.82981 -2.37807
v -2.03711 2.18444 2.97193
v 1.36099 -3.99559 -0.17919
v 2.07280 4.00822 -0.74891
v -2.18508 -1.38949 3.06110
v 3.57115 -1.63702 -2.16054
v -0.80227 3.87707 1.87568
v -0.32287 -3.82911 1.35261
v 3.44063 2.30632 -2.00419
v -2.36487 0.82547 3.26158
v 2.38054 -3.45477 -1.08612
v 0.96898 4.40395 0.27387
v -1.66118 -2.56106 2.58275
v 3.86412 -0.13770 -2.40244
v -1.64595 2.92789 2.64318
v 0.71238 -4.08254 0.42652
v 2.68835 3.49092 -1.29541
v -2.34539 -0.56939 3.23467
v 3.21666 -2.44799 -1.82423
v -0.15208 4.23601 1.30559
v -0.88725 -3.45641 1.88472
v 3.73785 1.41462 -2.26218
v -2.18507 1.67562 3.12717
v 1.77823 -3.85064 -0.52349
v 1.67503 4.21824 -0.35256
v -2.00297 -1.86152 2.91795
v 3.74506 -1.08438 -2.28098
v -1.13919 3.55186 2.20755
v 0.07460 -3.98221 1.02290
v 3.20341 2.80070 -1.75100
v -2.37976 0.28808 3.29478
v 2.74432 -3.12275 -1.38043
v 0.54726 4.39647 0.68877
v -1.37899 -2.93994 2.35234
v 3.87939 0.46078 -2.37826
v -1.87298 2.47004 2.87161
v 1.13678 -4.05627 0.07491
v 2.33581 3.82390 -0.93900
v -2.23463 -1.07999 3.15489
v 3.47570 -1.96147 -2.02239
v -0.53711 4.02094 1.68324
v -0.52522 -3.70693 1.58563
v 3.59087 1.97369 -2.09071
v -2.28223 1.14994 3.23539
v 2.18171 -3.63192 -0.85438
v 1.26114 4.34513 0.05693
v -1.78132 -2.30243 2.74054
v 3.85978 -0.50440 -2.34739
v -1.43712 3.16941 2.50212
v 0.48776 -4.07012 0.68048
v 2.91635 3.23944 -1.45328
v -2.34587 -0.24383 3.28390
v 3.07365 -2.72556 -1.64284
v 0.13348 4.30616 1.09456
v -1.06390 -3.27479 2.09404
v 3.83093 1.05394 -2.29626
v -2.05137 1.97982 3.05452
v 1.55979 -3.95657 -0.27433
v 1.95293 4.08045 -0.55629
v -2.08048 -1.56825 3.03698
v 3.68280 -1.43032 -2.17302
v -0.89314 3.73608 2.03255
v -0.13938 -3.89985 1.26670
v 3.38587 2.49463 -1.86702
v -2.32898 0.61650 3.29747
v 2.56326 -3.34113 -1.16463
v 0.84056 4.38754 0.47077
v -1.52237 -2.70758 2.53119
v 3.91232 0.09061 -2.35723
v -1.69152 2.73917 2.75548
v 0.91072 -4.08856 0.33050
v 2.58634 3.61318 -1.11752
v -2.26520 -0.76349 3.23130
v 3.36103 -2.26979 -1.86669
v -0.26365 4.13697 1.48327
v -0.71869 -3.56048 1.81034
v 3.71977 1.62867 -2.15755
v -2.17985 1.46706 3.19118
v 1.97367 -3.78240 -0.61439
v 1.54869 4.25595 -0.15566
v -1.88518 -2.02920 2.88339
v 3.83291 -0.86521 -2.27166
v -1.21376 3.38941 2.34782
v 0.26572 -4.02997 0.93188
v 3.12776 2.96600 -1.59582
v -2.32648 0.08344 3.31498
v 2.91474 -2.98192 -1.44698
v 0.42264 4.34630 0.88035
v -1.22839 -3.07214 2.29208
v 3.90123 0.68774 -2.30936
v -1.89919 2.27097 2.96502
v 1.33670 -4.03429 -0.02111
v 2.22124 3.91429 -0.75112
v -2.13987 -1.26503 3.13942
v 3.59974 -1.76379 -2.04600
v -0.63621 3.89460 1.84767
v -0.34670 -3.79160 1.50420
v 3.54851 2.17223 -1.96475
v -2.25822 0.94104 3.28191
v 2.37029 -3.53447 -0.93805
v 1.13241 4.34794 0.25422
v -1.65084 -2.45807 2.69632
v 3.92224 -0.27798 -2.31505
v -1.49380 2.98987 2.62453
v 0.68457 -4.09251 0.58596
v 2.82276 3.37764 -1.28298
v -2.27640 -0.44210 3.29000
v 3.22832 -2.55988 -1.69450
v 0.01633 4.22427 1.27742
v -0.90188 -3.39094 2.02549
v 3.82667 1.27384 -2.20412
v -2.05819 1.77459 3.12939
v 1.75817 -3.90538 -0.36772
v 1.82971 4.13709 -0.36215
v -1.97198 -1.74324 3.01057
v 3.78403 -1.21755 -2.17574
v -0.97725 3.58626 2.18155
v 0.04792 -3.96263 1.17919
v 3.32126 2.67265 -1.72180
v -2.28718 0.41020 3.32787
v 2.74137 -3.21541 -1.23799
v 0.71347 4.35609 0.66470
v -1.37952 -2.84996 2.47779
v 3.94853 0.31872 -2.30130
v -1.72937 2.54696 2.85944
v 1.11074 -4.08352 0.23454
v 2.47821 3.72103 -0.93541
v -2.18061 -0.95389 3.22477
v 3.49679 -2.08249 -1.90080
v -0.37004 4.02620 1.65442
v -0.54584 -3.65842 1.73403
v 3.69038 1.83593 -2.04331
v -2.16775 1.25945 3.24836
v 2.16708 -3.70160 -0.70224
v 1.42087 4.27796 0.04091
v -1.76347 -2.19316 2.84686
v 3.90941 -0.64233 -2.25197
v -1.28098 3.22029 2.47983
v 0.46006 -4.06836 0.83970
v 3.04356 3.11908 -1.43398
v -2.26799 -0.11797 3.33079
v 3.07883 -2.82982 -1.50703
v 0.30100 4.28216 1.06738
v -1.07348 -3.19963 2.22987
v 3.91106 0.91183 -2.22996
v -1.91790 2.07037 3.05059
v 1.53696 -4.00028 -0.11603
v 2.10234 3.98942 -0.56080
v -2.04102 -1.44646 3.12147
v 3.71383 -1.55892 -2.06028
v -0.72907 3.75847 2.00468
v -0.16403 -3.86883 1.42093
v 3.49568 2.36162 -1.83017
v -2.22802 0.73422 3.32262
v 2.55510 -3.42455 -1.01730
v 1.00404 4.33544 0.44941
v -1.51623 -2.60984 2.65017
v 3.97280 -0.05041 -2.27207
v -1.54289 2.80582 2.73866
v 0.88368 -4.10421 0.49097
v 2.72215 3.50212 -1.10761
v -2.20228 -0.63692 3.29268
v 3.37504 -2.38421 -1.73841
v -0.09637 4.12989 1.45439
v -0.73537 -3.50143 1.95488
v 3.81072 1.48825 -2.10202
v -2.05797 1.56952 3.19719
v 1.95533 -3.84160 -0.45879
v 1.70401 4.17811 -0.16741
v -1.85942 -1.91467 2.98207
v 3.87425 -0.99981 -2.16839
v -1.05438 3.42874 2.32258
v 0.23890 -4.01656 1.09015
v 3.24736 2.83945 -1.56924
v -2.23987 0.20671 3.35355
v 2.91396 -3.07781 -1.30556
v 0.58848 4.31018 0.85488
v -1.23227 -2.98798 2.42237
v 3.97263 0.54534 -2.23478
v -1.75971 2.35229 2.95548
v 1.31183 -4.06669 0.13905
v 2.36478 3.81406 -0.74998
v -2.09173 -1.14086 3.21556
v 3.62315 -1.88692 -1.92607
v -0.47080 3.90475 1.81866
v -0.36856 -3.74945 1.65566
v 3.65000 2.03525 -1.91997
v -2.14921 1.05329 3.29944
v 2.35755 -3.60808 -0.78642
v 1.29243 4.28450 0.23626
v -1.63753 -2.35348 2.80834
v 3.97418 -0.41695 -2.22179
v -1.34083 3.04565 2.60371
v 0.65730 -4.09650 0.74656
v 2.95150 3.25922 -1.26630
v -2.20460 -0.31622 3.34288
v 3.23570 -2.66691 -1.55997
v 0.18302 4.20486 1.24923
v -0.91394 -3.32190 2.16549
v 3.90893 1.13179 -2.14034
v -1.92942 1.86910 3.12892
v 1.73681 -3.95371 -0.20932
v 1.97997 4.04914 -0.36899
v -1.93797 -1.62450 3.10129
v 3.81733 -1.34785 -2.06487
v -0.81539 3.61368 2.15409
v 0.02275 -3.93774 1.33579
v 3.43289 2.54084 -1.68763
v -2.19204 0.52974 3.35831
v 2.73521 -3.30227 -1.09149
v 0.87686 4.30811 0.64168
v -1.37713 -2.75757 2.60197
v 4.01123 0.17706 -2.21847
v -1.58452 2.61834 2.84489
v 1.08458 -4.10443 0.39586
v 2.61532 3.61234 -0.92809
v -2.12366 -0.82849 3.29245
v 3.51299 -2.19926 -1.77404
v -0.20409 4.02400 1.62502
v -0.56418 -3.60554 1.88203
v 3.78334 1.69598 -1.99041
v -2.05109 1.36523 3.25865
v 2.15040 -3.76491 -0.54692
v 1.57672 4.20364 0.02700
v -1.74255 -2.08268 2.95151
v 3.95298 -0.77824 -2.15078
v -1.12442 3.26471 2.45570
v 0.43333 -4.06072 0.99972
v 3.16480 2.99417 -1.41012
v -2.18739 0.00605 3.37524
v 3.08009 -2.92869 -1.36670
v 0.46631 4.25054 1.04062
v -1.08026 -3.12123 2.36472
v 3.98459 0.76919 -2.15787
v -1.78280 2.15607 3.04416
v 1.51330 -4.03743 0.04452
v 2.24691 3.89202 -0.56217
v -1.99850 -1.32461 3.20398
v 3.73942 -1.68400 -1.94209
v -0.56552 3.77372 1.97573
v -0.18680 -3.83271 1.57515
v 3.59905 2.22553 -1.78811
v -2.12464 0.84895 3.34522
v 2.54415 -3.50179 -0.86628
v 1.16423 4.27595 0.42954
v -1.50702 -2.51008 2.76773
v 4.02690 -0.19030 -2.18106
v -1.39335 2.86661 2.71974
v 0.85698 -4.11352 0.65275
v 2.85232 3.38577 -1.09365
v -2.13647 -0.51145 3.35184
v 3.38447 -2.49381 -1.60523
v 0.06932 4.11532 1.42536
v -0.74950 -3.43832 2.09874
v 3.89501 1.34636 -2.04087
v -1.93414 1.66787 3.20068
v 1.93540 -3.89418 -0.30040
v 1.85501 4.09345 -0.17661
v -1.83051 -1.79933 3.07899
v 3.90969 -1.13168 -2.05948
v -0.89498 3.46140 2.29586
v 0.21346 -3.99741 1.24887
v 3.36071 2.70896 -1.53785
v -2.15063 0.32773 3.38973
v 2.90965 -3.16786 -1.15996
v 0.75163 4.26657 0.83029
v -1.23316 -2.90096 2.55148
v 4.03743 0.40314 -2.15439
v -1.61890 2.42842 2.94367
v 1.28659 -4.09245 0.30106
v 2.50309 3.70792 -0.74532
v -2.04053 -1.01704 3.28969
v 3.64140 -2.00588 -1.80091
v -0.30637 3.90767 1.78898
v -0.38820 -3.70246 1.80681
v 3.74487 1.89587 -1.86981
v -2.03796 1.16216 3.31453
v 2.34245 -3.67518 -0.63147
v 1.44869 4.21392 0.22021
v -1.62103 -2.24727 2.91883
v 4.01984 -0.55405 -2.12276
v -1.18733 3.09530 2.58109
v 0.63081 -4.09421 0.90809
v 3.07427 3.13608 -1.24525
v -2.12996 -0.19185 3.39355
v 3.23885 -2.76857 -1.42082
v 0.34765 4.17800 1.22131
v -0.92317 -3.24915 2.30460
v 3.98447 0.98900 -2.07084
v -1.79895 1.95911 3.12611
v 1.71432 -3.99525 -0.04852
v 2.12547 3.95476 -0.37290
v -1.90077 -1.50536 3.19019
v 3.84495 -1.47475 -1.94850
v -0.65394 3.63425 2.12551
v -0.00065 -3.90730 1.49250
v 3.53804 2.40576 -1.64840
v -2.09440 0.64664 3.38644
v 2.72593 -3.38288 -0.94116
v 1.03708 4.25281 0.61997
v -1.37156 -2.66272 2.72481
v 4.06738 0.03635 -2.12983
v -1.43867 2.68420 2.82832
v 1.05851 -4.11866 0.55863
v 2.74682 3.49825 -0.91691
v -2.06368 -0.70386 3.35810
v 3.52433 -2.31128 -1.64229
v -0.03959 4.01452 1.59536
v -0.57998 -3.54813 2.02944
v 3.86955 1.55435 -1.93199
v -1.93240 1.46724 3.26663
v 2.13182 -3.82144 -0.38866
v 1.72835 4.12248 0.01544
v -1.71834 -1.97100 3.05452
v 3.99043 -0.91158 -2.04392
v -0.96770 3.30277 2.43010
v 0.40780 -4.04691 1.16028
v 3.27977 2.86515 -1.38161
v -2.10405 0.12815 3.41752
v 3.07751 -3.02172 -1.22209
v 0.62908 4.21155 1.01456
v -1.08397 -3.03950 2.49846
v 4.05136 0.62654 -2.08002
v -1.64628 2.23694 3.03560
v 1.48898 -4.06767 0.20705
v 2.38632 3.78862 -0.56021
v -1.95278 -1.20279 3.28463
v 3.75957 -1.80502 -1.81861
v -0.40282 3.78200 1.94604
v -0.20743 -3.79128 1.72916
v 3.69574 2.08685 -1.74080
v -2.01893 0.96064 3.36559
v 2.53053 -3.57242 -0.71180
v 1.32078 4.20935 0.41140
v -1.49449 -2.40826 2.88382
v 4.07453 -0.32851 -2.08431
v -1.24316 2.92160 2.69908
v 0.83083 -4.11619 0.81558
v 2.97655 3.26458 -1.07548
v -2.06769 -0.38717 3.40898
v 3.38938 -2.59809 -1.46735
v 0.23309 4.09347 1.39648
v -0.76078 -3.37101 2.24177
v 3.97246 1.20352 -1.97408
v -1.80851 1.76207 3.20203
v 1.91404 -3.93977 -0.13949
v 2.00135 4.00231 -0.18307
v -1.79825 -1.68320 3.17419
v 3.93921 -1.26029 -1.94505
v -0.73583 3.48749 2.26800
v 0.18965 -3.97226 1.40777
v 3.46754 2.57503 -1.50156
v -2.05877 0.44642 3.42380
v 2.90192 -3.25161 -1.01042
v 0.91175 4.21573 0.80682
v -1.23077 -2.81099 2.67931
v 4.09550 0.26169 -2.06823
v -1.47697 2.49939 2.92997
v 1.26119 -4.11122 0.46463
v 2.63585 3.59628 -0.73697
v -1.98615 -0.89367 3.36194
v 3.65451 -2.12017 -1.67070
v -0.14323 3.90354 1.75894
v -0.40534 -3.65044 1.95745
v 3.83291 1.75462 -1.81424
v -1.92456 1.26761 3.32752
v 2.32514 -3.73536 -0.47346
v 1.60085 4.13652 0.20632
v -1.60109 -2.13942 3.02773
v 4.05916 -0.68876 -2.01807
v -1.03354 3.13891 2.55704
v 0.60533 -4.08535 1.07028
v 3.19080 3.00869 -1.21971
v -2.05244 -0.06909 3.44224
v 3.23787 -2.86440 -1.27730
v 0.50988 4.14391 1.19397
v -0.92929 -3.17256 2.44263
v 4.05313 0.84600 -1.99566
v -1.66694 2.04465 3.12134
v 1.69091 -4.02963 0.11438
v 2.26590 3.85433 -0.37367
v -1.86019 -1.38587 3.27732
v 3.86688 -1.59772 -1.82683
v -0.49317 3.64812 2.09615
v -0.02202 -3.87107 1.64906
v 3.63646 2.26790 -1.60406
v -1.99430 0.76082 3.41255
v 2.71366 -3.45680 -0.78726
v 1.19381 4.19048 0.59981
v -1.36254 -2.56534 2.84621
v 4.11686 -0.10288 -2.03547
v -1.29202 2.74462 2.81012
v 1.03275 -4.12591 0.72256
v 2.87243 3.37919 -0.90171
v -2.00055 -0.58010 3.42188
v 3.53087 -2.41803 -1.50579
v 0.12317 3.99796 1.56574
v -0.59295 -3.48600 2.17605
v 3.94883 1.41158 -1.86805
v -1.81178 1.56545 3.27266
v 2.11153 -3.87079 -0.22776
v 1.87544 4.03484 0.00644
v -1.69061 -1.85811 3.15587
v 4.02171 -1.04181 -1.93154
v -0.81109 3.33458 2.40338
v 0.38373 -4.02668 1.32113
v 3.38823 2.73252 -1.34835
v -2.01793 0.24825 3.45788
v 3.07120 -3.10844 -1.07345
v 0.78898 4.16546 0.98950
v -1.08434 -2.95433 2.63093
v 4.11126 0.48445 -1.99647
v -1.50850 2.31300 3.02530
v 1.46423 -4.09065 0.37126
v 2.52027 3.67964 -0.55476
v -1.90368 -1.08105 3.36349
v 3.77432 -1.92147 -1.69006
v -0.24124 3.78347 1.91594
v -0.22564 -3.74434 1.88269
v 3.78554 1.94610 -1.68821
v -1.91093 1.06924 3.38407
v 2.51439 -3.63602 -0.55416
v 1.47338 4.13598 0.39523
v -1.47836 -2.30435 2.99833
v 4.11562 -0.46450 -1.98192
v -1.09252 2.97089 2.67707
v 0.80547 -4.11192 0.97916
v 3.09456 3.13900 -1.05301
v -1.99584 -0.26417 3.46429
v 3.38986 -2.69657 -1.32502
v 0.39465 4.06457 1.36805
v -0.76893 -3.29936 2.38375
v 4.04291 1.06028 -1.90171
v -1.68119 1.85214 3.20160
v 1.89146 -3.97800 0.02364
v 2.14273 3.90509 -0.18659
v -1.76241 -1.56632 3.26768
v 3.96279 -1.38511 -1.82530
v -0.57720 3.50718 2.23937
v 0.16772 -3.94088 1.56660
v 3.56764 2.43814 -1.46030
v -1.96427 0.56272 3.45603
v 2.89090 -3.32863 -0.85722
v 1.06855 4.15795 0.78476
v -1.22483 -2.71801 2.80569
v 4.14674 0.12153 -1.97640
v -1.33410 2.56526 2.91476
v 1.23584 -4.12271 0.62947
v 2.76278 3.47956 -0.72480
v -1.92840 -0.77081 3.43242
v 3.66254 -2.22928 -1.53568
v 0.01834 3.89256 1.72888
v -0.41970 -3.59322 2.10730
v 3.91394 1.61203 -1.75327
v -1.80908 1.36960 3.33874
v 2.30581 -3.78824 -0.31271
v 1.74861 4.05265 0.19480
v -1.57744 -2.02993 3.13496
v 4.09211 -0.82052 -1.90788
v -0.87968 3.17661 2.53193
v 0.58111 -4.06968 1.23282
v 3.30083 2.87753 -1.18959
v -1.97195 0.05199 3.48915
v 3.23285 -2.95392 -1.12966
v 0.66944 4.10287 1.16748
v -0.93201 -3.09202 2.57938
v 4.11478 0.70336 -1.91486
v -1.53352 2.12572 3.11499
v 1.66676 -4.05652 0.27907
v 2.40097 3.74825 -0.37114
v -1.81600 -1.26607 3.36270
v 3.88315 -1.71623 -1.70004
v -0.33333 3.65547 2.06636
v -0.04109 -3.82886 1.80518
v 3.72796 2.12779 -1.55457
v -1.89172 0.87223 3.43694
v 2.69857 -3.52361 -0.63011
v 1.34675 4.12143 0.58145
v -1.34979 -2.46538 2.96601
v 4.15962 -0.24007 -1.93552
v -1.14477 2.79968 2.79067
v 1.00755 -4.12588 0.88732
v 2.99189 3.25562 -0.88237
v -1.93413 -0.45726 3.48391
v 3.53267 -2.51903 -1.36477
v 0.28390 3.97458 1.53649
v -0.60281 -3.41903 2.32161
v 4.02101 1.26820 -1.79861
v -1.68931 1.65987 3.27709
v 2.08969 -3.91261 -0.06454
v 2.01770 3.94110 0.00019
v -1.65909 -1.74404 3.25548
v 4.04683 -1.16839 -1.81384
v -0.65481 3.36030 2.37592
v 0.36138 -3.99979 1.48195
v 3.48996 2.59676 -1.31028
v -1.92896 0.36627 3.49655
v 3.06129 -3.18839 -0.92107
v 0.94574 4.11255 0.96569
v -1.08105 -2.86563 2.76192
v 4.16419 0.34345 -1.90731
v -1.36961 2.38430 3.01363
v 1.43926 -4.10607 0.53683
v 2.64848 3.56550 -0.54565
v -1.85099 -0.95944 3.44061
v 3.78371 -2.03283 -1.55665
v -0.08103 3.77837 1.88578
v -0.24115 -3.69170 2.03545
v 3.86826 1.80381 -1.63034
v -1.80064 1.17470 3.40094
v 2.49590 -3.69220 -0.39368
v 1.62174 4.05618 0.38127
v -1.45836 -2.19833 3.11114
v 4.15013 -0.59771 -1.87404
v -0.94164 3.01460 2.65408
v 0.78116 -4.10046 1.14317
v 3.20612 3.00951 -1.02612
v -1.92077 -0.14252 3.51791
v 3.38600 -2.78876 -1.17852
v 0.55373 4.02892 1.34037
v -0.77365 -3.22323 2.52440
v 4.10624 0.91719 -1.82379
v -1.55228 1.93809 3.19974
v 1.86786 -4.00853 0.18866
v 2.27888 3.80219 -0.18698
v -1.72274 -1.44871 3.35939
v 3.98045 -1.50560 -1.70041
v -0.41931 3.52065 2.21032
v 0.14796 -3.90306 1.72501
v 3.66080 2.29882 -1.41403
v -1.86708 0.67656 3.48668
v 2.87673 -3.39849 -0.70068
v 1.22175 4.09356 0.76436
v -1.21502 -2.62194 2.93041
v 4.19109 -0.01677 -1.87901
v -1.19043 2.62612 2.89842
v 1.21079 -4.12662 0.79522
v 2.88364 3.35823 -0.70867
v -1.86711 -0.64853 3.50117
v 3.66555 -2.33270 -1.39611
v 0.17810 3.87500 1.69913
v -0.43099 -3.53064 2.25608
v 3.98780 1.46863 -1.68690
v -1.69154 1.46810 3.34852
v 2.28463 -3.83342 -0.14954
v 1.89171 3.96269 0.18587
v -1.54980 -1.91880 3.24040
v 4.11867 -0.94879 -1.79236
v -0.72595 3.20854 2.50614
v 0.55842 -4.04695 1.39538
v 3.40415 2.74310 -1.15482
v -1.88835 0.17131 3.53446
v 3.22392 -3.03667 -0.97822
v 0.82606 4.05518 1.14213
v -0.93102 -3.00743 2.71459
v 4.16931 0.56162 -1.82851
v -1.39877 2.20237 3.10742
v 1.64212 -4.07559 0.44520
v 2.53043 3.63696 -0.36513
v -1.76798 -1.14601 3.44630
v 3.89378 -1.82976 -1.56838
v -0.17465 3.65652 2.03650
v -0.05756 -3.78048 1.96053
v 3.81235 1.98595 -1.49993
v -1.78663 0.98081 3.45986
v 2.68082 -3.58291 -0.47003
v 1.49564 4.04604 0.56515
v -1.33300 -2.36282 3.08403
v 4.19561 -0.37466 -1.83010
v -0.99705 2.84949 2.77035
v 0.98316 -4.11833 1.05257
v 3.10495 3.12802 -0.85879
v -1.86422 -0.33544 3.54427
v 3.52984 -2.61379 -1.21953
v 0.44237 3.94464 1.50792
v -0.60925 -3.34708 2.46580
v 4.08597 1.12477 -1.72372
v -1.56501 1.75048 3.28025
v 2.06654 -3.94654 0.10065
v 2.15489 3.84167 -0.00311
v -1.62351 -1.62881 3.35324
v 4.06579 -1.29078 -1.69099
v -0.49904 3.38011 2.34809
v 0.34103 -3.96605 1.64238
v 3.58474 2.45841 -1.26736
v -1.83704 0.48213 3.53371
v 3.04792 -3.26114 -0.76527
v 1.09911 4.05317 0.94342
v -1.07382 -2.77334 2.89117
v 4.21006 0.20412 -1.81264
v -1.22970 2.45092 3.00097
v 1.41432 -4.11363 0.70339
v 2.77072 3.44666 -0.53277
v -1.79447 -0.83803 3.51596
v 3.78781 -2.13859 -1.41865
v 0.07760 3.76694 1.85590
v -0.25367 -3.63322 2.18712
v 3.94377 1.66052 -1.56719
v -1.68805 1.27698 3.41650
v 2.47526 -3.74056 -0.23070
v 1.76561 3.97035 0.36973
v -1.43418 -2.09018 3.22205
v 4.17804 -0.72760 -1.76085
v -0.79065 3.05288 2.63050
v 0.75816 -4.08158 1.30723
v 3.31102 2.87660 -0.99474
v -1.84232 -0.02230 3.56993
v 3.37793 -2.87420 -1.02815
v 0.71009 3.98679 1.31376
v -0.77465 -3.14256 2.66346
v 4.16234 0.77480 -1.74040
v -1.42181 2.01993 3.19681
v 1.84346 -4.03102 0.35519
v 2.40955 3.69403 -0.18408
v -1.67897 -1.33043 3.44922
v 3.99223 -1.62123 -1.57063
v -0.26233 3.52812 2.18123
v 0.13065 -3.85864 1.88267
v 3.74684 2.15759 -1.36274
v -1.76710 0.78787 3.51594
v 2.85959 -3.46076 -0.54114
v 1.37110 4.02293 0.74587
v -1.20105 -2.52277 3.05324
v 4.22849 -0.15266 -1.77621
v -1.04606 2.68205 2.88134
v 1.18629 -4.12268 0.96152
v 2.99820 3.23276 -0.68846
v -1.80204 -0.52690 3.56820
v 3.66364 -2.42994 -1.25225
v 0.33583 3.85111 1.67001
v -0.43891 -3.46258 2.40346
v 4.05437 1.32497 -1.61519
v -1.57191 1.56311 3.35716
v 2.26182 -3.87056 0.01567
v 2.02990 3.86706 0.17973
v -1.51788 -1.80605 3.34386
v 4.13885 -1.07303 -1.67171
v -0.57249 3.23488 2.48005
v 0.53753 -4.01697 1.55758
v 3.50056 2.60590 -1.11534
v -1.80150 0.28879 3.57827
v 3.21122 -3.11221 -0.82330
v 0.97951 4.00117 1.11823
v -0.92602 -2.91874 2.84797
v 4.21666 0.42134 -1.73673
v -1.26276 2.27466 3.09899
v 1.61722 -4.08656 0.61239
v 2.65404 3.52090 -0.35551
v -1.71584 -1.02576 3.52804
v 3.89887 -1.93779 -1.43209
v -0.01731 3.65151 2.00693
v -0.07115 -3.72580 2.11478
v 3.88949 1.84292 -1.44013
v -1.67895 1.08650 3.48154
v 2.66060 -3.63430 -0.30738
v 1.64025 3.96468 0.55114
v -1.31186 -2.25764 3.20001
v 4.22481 -0.50610 -1.71940
v -0.84898 2.89418 2.74954
v 0.95984 -4.10301 1.21792
v 3.21143 2.99687 -0.83087
v -1.79062 -0.21472 3.60300
v 3.52251 -2.70184 -1.07036
v 0.59838 3.90845 1.48035
v -0.61197 -3.27006 2.60832
v 4.14361 0.98184 -1.64345
v -1.43890 1.83729 3.28245
v 2.04229 -3.97225 0.26742
v 2.28677 3.73697 -0.00326
v -1.58357 -1.51247 3.44899
v 4.07864 -1.40845 -1.56325
v -0.34393 3.39422 2.32026
v 0.32297 -3.92527 1.80206
v 3.67243 2.31797 -1.21955
v -1.74202 0.59576 3.56950
v 3.03126 -3.32627 -0.60640
v 1.24887 3.98768 0.92295
v -1.06232 -2.67742 3.01840
v 4.24883 0.06700 -1.71262
v -1.08883 2.51293 2.98768
v 1.38966 -4.11306 0.87054
v 2.88678 3.32361 -0.51597
v -1.73387 -0.71692 3.58949
v 3.78671 -2.23825 -1.27633
v 0.23446 3.74944 1.82665
v -0.26289 -3.56878 2.33734
v 4.01194 1.51678 -1.49880
v -1.57309 1.37604 3.43100
v 2.45268 -3.78075 -0.06561
v 1.90479 3.87888 0.36085
v -1.40551 -1.97994 3.33084
v 4.19937 -0.85361 -1.64255
v -0.63967 3.08587 2.60671
v 0.73675 -4.05507 1.47095
v 3.40908 2.74079 -0.95880
v -1.76029 0.09638 3.62042
v 3.36578 -2.95244 -0.87424
v 0.86355 3.93854 1.28850
v -0.77160 -3.05726 2.80057
v 4.21115 0.63367 -1.65166
v -1.28979 2.09770 3.19313
v 1.81851 -4.04518 0.52283
v 2.53455 3.58108 -0.17771
v -1.63081 -1.21154 3.53705
v 3.99821 -1.73148 -1.43621
v -0.10642 3.52981 2.15245
v 0.11609 -3.80747 2.03918
v 3.82562 2.01499 -1.30643
v -1.66421 0.89657 3.54399
v 2.83966 -3.51505 -0.37896
v 1.51642 3.94643 0.72956
v -1.18261 -2.42048 3.17389
v 4.25894 -0.28558 -1.66817
v -0.90107 2.73317 2.86387
v 1.16262 -4.11067 1.12795
v 3.10628 3.10364 -0.66407
v -1.73295 -0.40603 3.63348
v 3.65693 -2.52053 -1.10444
v 0.49137 3.82121 1.64187
v -0.44315 -3.38897 2.54907
v 4.11355 1.18162 -1.53819
v -1.45016 1.65458 3.36491
v 2.23760 -3.89932 0.18253
v 2.16299 3.76619 0.17658
v -1.48138 -1.69172 3.44515
v 4.15268 -1.19268 -1.54615
v -0.41941 3.25580 2.45404
v 0.51874 -3.97956 1.71901
v 3.58992 2.46647 -1.07111
v -1.71122 0.40432 3.62066
v 3.19493 -3.18010 -0.66524
v 1.12962 3.94121 1.09604
v -0.91669 -2.82592 2.97920
v 4.25678 0.28308 -1.63964
v -1.12550 2.34261 3.09004
v 1.59232 -4.08914 0.78021
v 2.77164 3.40056 -0.34214
v -1.65932 -0.90541 3.60779
v 3.89848 -2.03982 -1.29147
v 0.13856 3.64071 1.97801
v -0.08155 -3.66470 2.26751
v 3.95927 1.69926 -1.37520
v -1.56856 1.18923 3.50219
v 2.63812 -3.67740 -0.14256
v 1.78040 3.87777 0.53965
v -1.28608 -2.14987 3.31370
v 4.24723 -0.63384 -1.60361
v -0.70064 2.93388 2.72861
v 0.93788 -4.07972 1.38295
v 3.31116 2.86270 -0.79855
v -1.71310 -0.09522 3.66006
v 3.51081 -2.78271 -0.91761
v 0.75176 3.86633 1.45411
v -0.61065 -3.18792 2.74879
v 4.19386 0.83997 -1.55790
v -1.31092 1.92027 3.28398
v 2.01719 -3.98943 0.43535
v 2.41317 3.62748 -0.00011
v -1.53899 -1.39508 3.54253
v 4.08543 -1.52087 -1.43086
v -0.18960 3.40284 2.29281
v 0.30748 -3.87733 1.96056
v 3.75289 2.17600 -1.16683
v -1.64373 0.70705 3.60404
v 3.01151 -3.38337 -0.44484
v 1.39486 3.91645 0.90457
v -1.04624 -2.57789 3.14329
v 4.28049 -0.06733 -1.60739
v -0.94703 2.57040 2.97412
v 1.36556 -4.10413 1.03785
v 2.99651 3.19682 -0.49514
v -1.66892 -0.59619 3.66109
v 3.78053 -2.33132 -1.13003
v 0.38943 3.72617 1.79837
v -0.26850 -3.49831 2.48571
v 4.07267 1.37315 -1.42523
v -1.45566 1.47181 3.44464
v 2.42838 -3.81242 0.10118
v 2.03910 3.78222 0.35482
v -1.37205 -1.86765 3.43724
v 4.21414 -0.97521 -1.51936
v -0.48877 3.11373 2.58307
v 0.71722 -4.02077 1.63391
v 3.50016 2.60260 -0.91825
v -1.67446 0.21340 3.66937
v 3.34974 -3.02303 -0.71715
v 1.01396 3.88452 1.26492
v -0.76419 -2.96732 2.93539
v 4.25261 0.49437 -1.55767
v -1.15620 2.17138 3.18901
v 1.79328 -4.05074 0.69115
v 2.65371 3.46380 -0.16774
v -1.57798 -1.09214 3.62267
v 3.99846 -1.83583 -1.29744
v 0.04832 3.52597 2.12436
v 0.10458 -3.74943 2.19413
v 3.89705 1.87157 -1.24510
v -1.55826 1.00256 3.57096
v 2.81717 -3.56098 -0.21456
v 1.65754 3.86448 0.71567
v -1.15937 -2.31510 3.29205
v 4.28242 -0.41499 -1.55506
v -0.75548 2.77956 2.84638
v 1.14005 -4.09037 1.29406
v 3.20775 2.97139 -0.63542
v -1.65959 -0.28604 3.69692
v 3.64557 -2.60398 -0.95300
v 0.64459 3.78560 1.61503
v -0.44339 -3.30975 2.69253
v 4.16527 1.03914 -1.45600
v -1.32620 1.74246 3.37203
v 2.21223 -3.91938 0.35061
v 2.29083 3.66053 0.17661
v -1.43998 -1.57589 3.54401
v 4.16023 -1.30723 -1.41596
v -0.26680 3.27151 2.42847
v 0.50234 -3.93458 1.87925
v 3.67212 2.32534 -1.02212
v -1.61729 0.51777 3.66168
v 3.17523 -3.23994 -0.50445
v 1.27625 3.87567 1.07587
v -0.90271 -2.72897 3.10791
v 4.28965 0.14741 -1.53740
v -0.98697 2.40626 3.08089
v 1.56770 -4.08311 0.94823
v 2.88307 3.27643 -0.32488
v -1.59813 -0.78506 3.68539
v 3.89275 -2.13535 -1.14683
v 0.29284 3.62438 1.95008
v -0.08845 -3.59711 2.41832
v 4.02160 1.55550 -1.30520
v -1.45534 1.28890 3.52194
v 2.61361 -3.71189 0.02401
v 1.91596 3.78573 0.53092
v -1.25532 -2.03957 3.42479
v 4.26291 -0.75733 -1.48295
v -0.55204 2.96871 2.70794
v 0.91757 -4.04829 1.54720
v 3.40403 2.72601 -0.76176
v -1.63141 0.02293 3.71541
v 3.49490 -2.85595 -0.76164
v 0.90240 3.81864 1.42950
v -0.60498 -3.10065 2.88682
v 4.23669 0.69972 -1.46719
v -1.18100 1.99940 3.28510
v 1.99150 -3.99781 0.60401
v 2.53396 3.51364 0.00652
v -1.48945 -1.27674 3.63363
v 4.08626 -1.62752 -1.29410
v -0.03611 3.40618 2.26611
v 0.29489 -3.82210 2.11745
v 3.82604 2.03303 -1.10923
v -1.54199 0.81586 3.63737
v 2.98887 -3.43205 -0.28100
v 1.53695 3.83990 0.88852
v -1.02526 -2.47477 3.26549
v 4.30504 -0.19834 -1.49714
v -0.80428 2.62338 2.96060
v 1.34230 -4.08664 1.20487
v 3.09978 3.06680 -0.47019
v -1.59935 -0.47600 3.73061
v 3.76942 -2.41733 -0.98006
v 0.54241 3.69742 1.77142
v -0.27019 -3.42176 2.63181
v 4.12591 1.23019 -1.34655
v -1.33563 1.56420 3.45761
v 2.40261 -3.83526 0.26924
v 2.16843 3.68081 0.35186
v -1.33349 -1.75339 3.54096
v 4.22242 -1.09186 -1.39153
v -0.33799 3.13662 2.55997
v 0.69987 -3.97854 1.79564
v 3.58416 2.46256 -0.87306
v -1.58460 0.32863 3.71676
v 3.32998 -3.08556 -0.55727
v 1.16120 3.82509 1.24330
v -0.75211 -2.87276 3.06752
v 4.28672 0.35745 -1.45860
v -1.02097 2.24098 3.18472
v 1.76803 -4.04745 0.85970
v 2.76693 3.34270 -0.15401
v -1.52016 -0.97235 3.70588
v 3.99311 -1.93379 -1.15463
v 0.20182 3.51685 2.09732
v 0.09644 -3.68447 2.34708
v 3.96105 1.72788 -1.17880
v -1.44906 1.10570 3.59692
v 2.79233 -3.59819 -0.04835
v 1.79436 3.77751 0.70444
v -1.13101 -2.20670 3.40736
v 4.29900 -0.54032 -1.43711
v -0.60928 2.82131 2.82921
v 1.11888 -4.06162 1.45941
v 3.30250 2.83652 -0.60243
v -1.58169 -0.16709 3.75840
v 3.62971 -2.67985 -0.79831
v 0.79541 3.74463 1.58984
v -0.43933 -3.22492 2.83340
v 4.20952 0.89808 -1.36872
v -1.19992 1.82667 3.37871
v 2.18596 -3.93047 0.51944
v 2.41331 3.55055 0.18000
v -1.39338 -1.45868 3.64014
v 4.16160 -1.41615 -1.28139
v -0.11467 3.28218 2.40373
v 0.48864 -3.88194 2.03783
v 3.74707 2.18305 -0.96835
v -1.51951 0.62899 3.70131
v 3.15233 -3.29132 -0.34133
v 1.41931 3.80495 1.05799
v -0.88377 -2.62794 3.23372
v 4.31529 0.01488 -1.43019
v -0.84712 2.46562 3.07183
v 1.54364 -4.06825 1.11596
v 2.98825 3.14901 -0.30362
v -1.53198 -0.66489 3.76062
v 3.88181 -2.22389 -0.99850
v 0.44549 3.60280 1.92352
v -0.09154 -3.52299 2.56675
v 4.07645 1.41223 -1.23018
v -1.33910 1.38538 3.54091
v 2.58732 -3.73742 0.19190
v 2.04682 3.68901 0.52515
v -1.21928 -1.92684 3.53292
v 4.27190 -0.87603 -1.35767
v -0.40319 2.99879 2.68786
v 0.89921 -4.00859 1.71021
v 3.48996 2.58736 -0.72045
v -1.54530 0.13956 3.76893
v 3.47499 -2.92115 -0.60284
v 1.05023 3.76573 1.40686
v -0.59463 -3.00828 3.02198
v 4.27209 0.56167 -1.37145
v -1.04906 2.07461 3.28603
v 1.96550 -3.99714 0.77292
v 2.64905 3.39597 0.01678
v -1.43465 -1.15761 3.72201
v 4.08124 -1.72789 -1.15329
v 0.11651 3.40446 2.24052
v 0.28550 -3.75954 2.27226
v 3.89181 1.88961 -1.04677
v -1.43659 0.92203 3.66951
v 2.96357 -3.47195 -0.11531
v 1.67507 3.75844 0.87509
v -0.99907 -2.36814 3.38460
v 4.32253 -0.32546 -1.38208
v -0.66055 2.67189 2.94744
v 1.32017 -4.06040 1.37111
v 3.19653 2.93409 -0.44102
v -1.52488 -0.35651 3.79787
v 3.75352 -2.49582 -0.82681
v 0.69335 3.66351 1.74614
v -0.26765 -3.33913 2.77519
v 4.17166 1.08845 -1.26286
v -1.21286 1.65309 3.47004
v 2.37564 -3.84897 0.43809
v 2.29269 3.57513 0.35217
v -1.28951 -1.63730 3.64167
v 4.22430 -1.20302 -1.25934
v -0.18731 3.15467 2.53775
v 0.68502 -3.92827 1.95566
v 3.66104 2.32123 -0.82322
v -1.49047 0.44185 3.76249
v 3.30672 -3.13962 -0.39503
v 1.30523 3.76063 1.22397
v -0.73503 -2.77364 3.19655
v 4.31350 0.22348 -1.35460
v -0.88402 2.30644 3.18050
v 1.74305 -4.03510 1.02799
v 2.87413 3.21827 -0.13640
v -1.45708 -0.85234 3.78640
v 3.98229 -2.02487 -1.00811
v 0.35407 3.50268 2.07170
v 0.09197 -3.61255 2.49754
v 4.01760 1.58448 -1.10759
v -1.33642 1.20582 3.62191
v 2.76538 -3.62636 0.11921
v 1.92682 3.68595 0.69613
v -1.09723 -2.09540 3.51946
v 4.30873 -0.66104 -1.31456
v -0.46244 2.85847 2.81268
v 1.09941 -4.02428 1.62349
v 3.39047 2.69957 -0.56504
v -1.49897 -0.04937 3.81774
v 3.60954 -2.74771 -0.64075
v 0.94379 3.69862 1.56664
v -0.43063 -3.13450 2.97125
v 4.24629 0.75900 -1.27648
v -1.07117 1.90711 3.38510
v 2.15908 -3.93233 0.68856
v 2.53039 3.43674 0.18693
v -1.34127 -1.34025 3.73323
v 4.15689 -1.51893 -1.14277
v 0.03698 3.28797 2.38016
v 0.47796 -3.82157 2.19425
v 3.81475 2.04016 -0.90982
v -1.41763 0.73777 3.73949
v 3.12647 -3.33388 -0.17632
v 1.55876 3.72945 1.04270
v -0.85955 -2.52292 3.35622
v 4.33376 -0.11396 -1.31820
v -0.70587 2.52066 3.06311
v 1.52044 -4.04438 1.28293
v 3.08712 3.01883 -0.27826
v -1.46058 -0.54507 3.83326
v 3.86582 -2.30499 -0.84685
v 0.59649 3.57625 1.89868
v -0.09049 -3.44235 2.71233
v 4.12381 1.26998 -1.15024
v -1.21968 1.47850 3.55916
v 2.55951 -3.75369 0.36062
v 2.17294 3.58809 0.52260
v -1.17764 -1.81182 3.63774
v 4.27432 -0.98942 -1.22803
v -0.25405 3.02418 2.66870
v 0.88312 -3.96052 1.87146
v 3.56891 2.44727 -0.67459
v -1.45450 0.25444 3.82048
v 3.45126 -2.97788 -0.44163
v 1.19522 3.70795 1.38650
v -0.57931 -2.91086 3.15384
v 4.30010 0.42635 -1.27083
v -0.91494 2.14580 3.28695
v 1.93947 -3.98720 0.94159
v 2.75840 3.27495 0.03084
v -1.37429 -1.03786 3.80736
v 4.07051 -1.82150 -1.00876
v 0.26826 3.39787 2.21640
v 0.27963 -3.68962 2.42450
v 3.95021 1.74631 -0.97948
v -1.32731 1.02535 3.70043
v 2.93586 -3.50273 0.05176
v 1.80918 3.67249 0.86454
v -0.96734 -2.25813 3.50023
v 4.33305 -0.44815 -1.26244
v -0.51574 2.71594 2.93492
v 1.29949 -4.02527 1.53607
v 3.28671 2.79919 -0.40756
v -1.44522 -0.23795 3.86264
v 3.73304 -2.56634 -0.67065
v 0.84224 3.62473 1.72288
v -0.26055 -3.25047 2.91538
v 4.20993 0.94850 -1.17428
v -1.08718 1.73831 3.48202
v 2.34773 -3.85329 0.60726
v 2.41186 3.46564 0.35595
v -1.23980 -1.51955 3.73900
v 4.21991 -1.30820 -1.12308
v -0.03671 3.16799 2.51675
v 0.67297 -3.86991 2.11347
v 3.73078 2.17913 -0.76871
v -1.39182 0.55286 3.80645
v 3.28018 -3.18484 -0.23085
v 1.44602 3.69154 1.20722
v -0.71264 -2.67005 3.32202
v 4.33302 0.09299 -1.24586
v -0.74522 2.36766 3.17656
v 1.71864 -4.01350 1.19550
v 2.97529 3.09103 -0.11478
v -1.38842 -0.73234 3.86395
v 3.96617 -2.10859 -0.85825
v 0.50506 3.48369 2.04785
v 0.09151 -3.53369 2.64503
v 4.06673 1.44193 -1.03153
v -1.22014 1.30271 3.64593
v 2.73661 -3.64517 0.28764
v 2.05490 3.59025 0.69098
v -1.05772 -1.98134 3.62794
v 4.31172 -0.77663 -1.18766
v -0.31487 2.89105 2.79708
v 1.08197 -3.97825 1.78578
v 3.47168 2.56107 -0.52320
v -1.41117 0.06688 3.87474
v 3.58528 -2.80713 -0.48074
v 1.08973 3.64789 1.54575
v -0.41699 -3.03859 3.10559
v 4.27565 0.62245 -1.17943
v -0.93979 1.98360 3.39132
v 2.13186 -3.92472 0.85744
v 2.64204 3.31959 0.19758
v -1.28335 -1.22079 3.82293
v 4.14625 -1.61508 -1.00041
v 0.18819 3.28902 2.35811
v 0.47062 -3.75345 2.34801
v 3.87517 1.89721 -0.84656
v -1.31142 0.84387 3.77611
v 3.09787 -3.36727 -0.00988
v 1.69458 3.64959 1.03028
v -0.82973 -2.41406 3.47495
v 4.34513 -0.23858 -1.20166
v -0.56309 2.57130 3.05497
v 1.49841 -4.01136 1.44859
v 3.17970 2.88640 -0.24869
v -1.38365 -0.42585 3.90300
v 3.84498 -2.37820 -0.69228
v 0.74586 3.54496 1.87591
v -0.08499 -3.35524 2.85456
v 4.16372 1.12932 -1.06548
v -1.09688 1.56804 3.57672
v 2.53045 -3.76044 0.52967
v 2.29434 3.48341 0.52347
v -1.13011 -1.69469 3.73885
v 4.27028 -1.09698 -1.09432
v -0.10454 3.04493 2.65078
v 0.86960 -3.90400 2.03045
v 3.64091 2.30629 -0.62416
v -1.35875 0.36733 3.86988
v 3.42396 -3.02577 -0.27845
v 1.33739 3.64567 1.36876
v -0.55867 -2.80852 3.28191
v 4.32080 0.29431 -1.16553
v -0.77852 2.21281 3.28800
v 1.91371 -3.96779 1.10949
v 2.86203 3.15110 0.04884
v -1.30809 -0.91774 3.88935
v 4.05425 -1.90788 -0.86087
v 0.41920 3.38657 2.19411
v 0.27760 -3.61234 2.57364
v 4.00128 1.60368 -0.90742
v -1.21392 1.12557 3.73005
v 2.90600 -3.52407 0.21975
v 1.93931 3.58250 0.85715
v -0.92979 -2.14491 3.61192
v 4.33669 -0.56590 -1.13847
v -0.36977 2.75546 2.92328
v 1.28057 -3.98116 1.69922
v 3.37037 2.66266 -0.36973
v -1.36011 -0.12058 3.92465
v 3.70819 -2.62847 -0.51201
v 0.98912 3.58136 1.70198
v -0.24858 -3.15586 3.05188
v 4.24079 0.81087 -1.08094
v -0.95840 1.81964 3.49359
v 2.31919 -3.84798 0.77621
v 2.52596 3.35284 0.36341
v -1.18408 -1.40037 3.83257
v 4.20940 -1.40689 -0.98307
v 0.11389 3.17664 2.49729
v 0.66406 -3.80343 2.26853
v 3.79344 2.03683 -0.70955
v -1.28840 0.66135 3.84847
v 3.25061 -3.22085 -0.06520
v 1.58362 3.61818 1.19338
v -0.68464 -2.56216 3.44346
v 4.34538 -0.03347 -1.13259
v -0.60443 2.42451 3.17306
v 1.69511 -3.98250 1.36170
v 3.07046 2.96149 -0.08902
v -1.31392 -0.61259 3.93820
v 3.94495 -2.18452 -0.70542
v 0.65487 3.46008 2.02613
v 0.09536 -3.44794 2.78903
v 4.10848 1.30077 -0.95071
v -1.10000 1.39610 3.66894
v 2.70627 -3.65435 0.45643
v 2.17865 3.49086 0.68925
v -1.01217 -1.86474 3.73237
v 4.30811 -0.88656 -1.05669
v -0.16649 2.91902 2.78267
v 1.06686 -3.92346 1.94574
v 3.54616 2.42156 -0.47687
v -1.31803 0.18136 3.92916
v 3.55715 -2.85772 -0.31871
v 1.23329 3.59276 1.52752
v -0.39808 -2.93730 3.23592
v 4.29768 0.48899 -1.07771
v -0.80564 2.05593 3.39745
v 2.10462 -3.90746 1.02557
v 2.74832 3.19960 0.21214
v -1.21934 -1.10057 3.90886
v 4.12987 -1.70412 -0.85466
v 0.33902 3.28543 2.33791
v 0.46693 -3.67760 2.49856
v 3.92840 1.75476 -0.77860
v -1.20066 0.94699 3.81105
v 3.06682 -3.39116 0.15751
v 1.82685 3.56575 1.02104
v -0.79402 -2.30153 3.58945
v 4.34954 -0.35843 -1.08079
v -0.41869 2.61741 3.04759
v 1.47786 -3.96908 1.61241
v 3.26604 2.75225 -0.21481
v -1.30092 -0.30753 3.96956
v 3.81950 -2.44309 -0.53517
v 0.89366 3.50917 1.85555
v -0.07472 -3.26175 2.99292
v 4.19629 0.99080 -0.97600
v -0.97051 1.65372 3.59355
v 2.50045 -3.75743 0.69854
v 2.41106 3.37544 0.52801
v -1.07638 -1.57571 3.83582
v 4.25995 -1.19823 -0.95686
v 0.04542 3.06102 2.63438
v 0.85900 -3.83903 2.18661
v 3.70603 2.16496 -0.56914
v -1.25782 0.47790 3.91690
v 3.39334 -3.06445 -0.11376
v 1.47680 3.57920 1.35397
v -0.53243 -2.70141 3.40571
v 4.33430 0.16610 -1.05572
v -0.63964 2.27542 3.28928
v 1.88855 -3.93875 1.27607
v 2.96001 3.02491 0.07094
v -1.23576 -0.79752 3.96760
v 4.03266 -1.98655 -0.70997
v 0.56940 3.37069 2.17397
v 0.27973 -3.52777 2.71915
v 4.04511 1.46225 -0.83065
v -1.09620 1.22236 3.75825
v 2.87427 -3.53569 0.38814
v 2.06553 3.48886 0.85319
v -0.88610 -2.02871 3.71924
v 4.33361 -0.67818 -1.01043
v -0.22251 2.79034 2.91274
v 1.26372 -3.92799 1.85998
v 3.44758 2.52502 -0.32746
v -1.26927 -0.00472 3.98363
v 3.67919 -2.68182 -0.35131
v 1.13406 3.53365 1.68380
v -0.23142 -3.05544 3.18416
v 4.26436 0.67613 -0.98299
v -0.82635 1.89680 3.50476
v 2.29031 -3.83285 0.94442
v 2.63509 3.23720 0.37475
v -1.12205 -1.28002 3.92197
v 4.19294 -1.49862 -0.83965
v 0.26457 3.18064 2.47967
v 0.65860 -3.72884 2.42029
v 3.84909 1.89486 -0.64574
v -1.17997 0.76701 3.88835
v 3.21828 -3.24734 0.10143
v 1.71809 3.54091 1.18275
v -0.65071 -2.45015 3.56039
v 4.35071 -0.15537 -1.01502
v -0.46153 2.47678 3.17014
v 1.67279 -3.94198 1.52604
v 3.15972 2.83017 -0.05899
v -1.23331 -0.49341 4.00880
v 3.91883 -2.25221 -0.55004
v 0.80355 3.43198 2.00686
v 0.10386 -3.35539 2.92898
v 4.14299 1.16154 -0.86522
v -0.97582 1.48567 3.69083
v 2.67468 -3.65364 0.62507
v 2.29814 3.38821 0.69120
v -0.96030 -1.74586 3.83229
v 4.29807 -0.99035 -0.92195
v -0.01718 2.94229 2.76970
v 1.05443 -3.85987 2.10282
v 3.61402 2.28158 -0.42599
v -1.21931 0.29374 3.98072
v 3.52542 -2.89913 -0.15514
v 1.37453 3.53349 1.51230
v -0.37360 -2.83081 3.36173
v 4.31252 0.35914 -0.97152
v -0.66853 2.12381 3.40353
v 2.07766 -3.88037 1.19239
v 2.84933 3.07725 0.23078
v -1.14897 -0.97989 3.99063
v 4.10794 -1.78559 -0.70588
v 0.48957 3.27723 2.31986
v 0.46724 -3.59406 2.64536
v 3.97457 1.61334 -0.70597
v -1.08511 1.04679 3.84412
v 3.03360 -3.40526 0.32534
v 1.95565 3.47831 1.01528
v -0.75211 -2.18558 3.69925
v 4.34715 -0.47302 -0.95586
v -0.27251 2.65880 3.04114
v 1.45913 -3.91745 1.77382
v 3.34625 2.61690 -0.17653
v -1.21214 -0.19044 4.03259
v 3.78961 -2.49926 -0.37597
v 1.03998 3.46905 1.83797
v -0.05937 -3.16202 3.12686
v 4.22164 0.85494 -0.88193
v -0.84037 1.73522 3.60961
v 2.46980 -3.74443 0.86669
v 2.52322 3.26464 0.53644
v -1.01618 -1.45516 3.92822
v 4.24353 -1.29267 -0.81595
v 0.19593 3.07239 2.61974
v 0.85163 -3.76560 2.33937
v 3.76441 2.02383 -0.50952
v -1.15147 0.58579 3.96129
v 3.35965 -3.09359 0.05197
v 1.61354 3.50885 1.34245
v -0.50027 -2.58976 3.52471
v 4.34076 0.04224 -0.94160
v -0.49814 2.33337 3.29086
v 1.86430 -3.89997 1.44077
v 3.05246 2.89690 0.09730
v -1.15704 -0.67755 4.04174
v 4.00595 -2.05711 -0.55648
v 0.71895 3.35029 2.15632
v 0.28635 -3.43601 2.86046
v 4.08184 1.32257 -0.74925
v -0.97397 1.31537 3.78490
v 2.84098 -3.53732 0.55640
v 2.18794 3.39199 0.85295
v -0.83599 -1.90980 3.82169
v 4.32400 -0.78450 -0.87860
v -0.07384 2.82041 2.90347
v 1.24930 -3.86572 2.01780
v 3.51849 2.38680 -0.28067
v -1.17249 0.10927 4.03924
v 3.64631 -2.72602 -0.18901
v 1.27716 3.48180 1.66868
v -0.20876 -2.94938 3.31169
v 4.28079 0.54479 -0.88056
v -0.69085 1.96945 3.51551
v 2.26142 -3.80770 1.11132
v 2.73936 3.11918 0.39020
v -1.05346 -1.15884 4.00677
v 4.17077 -1.58293 -0.69317
v 0.41545 3.17994 2.46416
v 0.65694 -3.64621 2.56816
v 3.89791 1.75377 -0.57730
v -1.06633 0.86945 3.92586
v 3.18347 -3.26399 0.26855
v 1.84956 3.46006 1.17566
v -0.61055 -2.33429 3.67230
v 4.34921 -0.27221 -0.89337
v -0.31637 2.52421 3.16788
v 1.65201 -3.89186 1.68793
v 3.24323 2.69758 -0.02455
v -1.14634 -0.37518 4.07538
v 3.88808 -2.31127 -0.39251
v 0.95123 3.39950 1.99040
v 0.11732 -3.25619 3.06434
v 4.17041 1.02479 -0.77516
v -0.84739 1.57103 3.71149
v 2.64214 -3.64282 0.79301
v 2.41352 3.28272 0.69710
v -0.90183 -1.62500 3.92724
v 4.28180 -1.08752 -0.78374
v 0.13316 2.96069 2.75837
v 1.04499 -3.78751 2.25641
v 3.67543 2.14166 -0.37052
v -1.11477 0.40361 4.02914
v 3.49034 -2.93100 0.00952
v 1.51358 3.47032 1.50041
v -0.34325 -2.71933 3.48249
v 4.32036 0.23343 -0.86103
v -0.52831 2.18692 3.40954
v 2.05132 -3.84332 1.35732
v 2.94522 2.95303 0.25370
v -1.07197 -0.85911 4.06782
v 4.08071 -1.85907 -0.55446
v 0.63994 3.26440 2.30427
v 0.47185 -3.50294 2.78781
v 4.01384 1.47349 -0.62872
v -0.96458 1.14284 3.87512
v 2.99850 -3.40931 0.49308
v 2.08110 3.38763 1.01331
v -0.70372 -2.06649 3.80384
v 4.33817 -0.58185 -0.82712
v -0.12443 2.69521 3.03573
v 1.44254 -3.85644 1.93222
v 3.42051 2.48088 -0.13372
v -1.11706 -0.07498 4.09175
v 3.75560 -2.54634 -0.21512
v 1.18492 3.42472 1.82348
v -0.03860 -3.05623 3.25584
v 4.23996 0.72229 -0.78341
v -0.70630 1.81214 3.62479
v 2.43883 -3.72127 1.03354
v 2.63098 3.15143 0.54904
v -0.94925 -1.33339 4.01558
v 4.22124 -1.37985 -0.67195
v 0.34711 3.07890 2.60711
v 0.84784 -3.68377 2.48814
v 3.81621 1.88341 -0.44526
v -1.03948 0.69057 4.00277
v 3.32321 -3.11288 0.21822
v 1.74774 3.43488 1.33454
v -0.46190 -2.47381 3.63839
v 4.34040 -0.07678 -0.82341
v -0.35389 2.38631 3.29277
v 1.84129 -3.85135 1.60301
v 3.13955 2.76755 0.12809
v -1.07170 -0.55821 4.11137
v 3.97439 -2.11914 -0.40079
v 0.86794 3.32537 2.14145
v 0.29779 -3.33719 2.99699
v 4.11167 1.18518 -0.66329
v -0.84702 1.40416 3.80980
v 2.80642 -3.52875 0.72399
v 2.30670 3.29225 0.85673
v -0.77919 -1.78850 3.91878
v 4.30809 -0.88439 -0.74327
v 0.07635 2.84541 2.89564
v 1.23762 -3.79435 2.17206
v 3.58327 2.24851 -0.22928
v -1.06953 0.22094 4.09116
v 3.60983 -2.76072 -0.02558
v 1.41852 3.42596 1.65697
v -0.18029 -2.83791 3.43391
v 4.29031 0.41737 -0.77383
v -0.55175 2.03720 3.52576
v 2.23284 -3.77242 1.27634
v 2.83896 2.99924 0.40999
v -0.97804 -1.03719 4.08652
v 4.14313 -1.65939 -0.54399
v 0.56662 3.17442 2.45101
v 0.65939 -3.55563 2.71156
v 3.94009 1.61407 -0.50424
v -0.94728 0.96820 3.96076
v 3.14650 -3.27054 0.43562
v 1.97815 3.37590 1.17244
v -0.56390 -2.21486 3.77866
v 4.34110 -0.38350 -0.76789
v -0.16882 2.56644 3.16634
v 1.63309 -3.83209 1.84678
v 3.32117 2.56421 0.01445
v -1.05278 -0.25832 4.13756
v 3.85297 -2.36132 -0.23326
v 1.09798 3.36266 1.97704
v 0.13606 -3.15051 3.19451
v 4.19097 0.89104 -0.68063
v -0.71455 1.65174 3.73077
v 2.60897 -3.62171 0.95968
v 2.52496 3.17478 0.70724
v -0.83649 -1.50253 4.01674
v 4.25957 -1.17760 -0.64240
v 0.28465 2.97399 2.74886
v 1.03889 -3.70641 2.40592
v 3.73060 2.00232 -0.31040
v -1.00421 0.51052 4.07408
v 3.45223 -2.95303 0.17476
v 1.65055 3.40342 1.49222
v -0.30672 -2.60313 3.59763
v 4.32144 0.11235 -0.74643
v -0.38485 2.24483 3.41546
v 2.02593 -3.79622 1.51977
v 3.03620 2.82740 0.28112
v -0.98811 -0.73865 4.13998
v 4.04844 -1.92415 -0.40078
v 0.79023 3.24683 2.29141
v 0.48111 -3.40438 2.92532
v 4.04646 1.33574 -0.54689
v -0.83890 1.23468 3.90382
v 2.96185 -3.40308 0.66019
v 2.20337 3.29400 1.01545
v -0.64859 -1.94460 3.90269
v 4.32285 -0.68445 -0.69484
v 0.02565 2.72630 3.03145
v 1.42844 -3.78605 2.08701
v 3.48904 2.34467 -0.08627
v -1.01549 0.03839 4.14665
v 3.71774 -2.58397 -0.05307
v 1.32859 3.37623 1.81243
v -0.01213 -2.94461 3.37925
v 4.25151 0.59334 -0.68055
v -0.56816 1.88402 3.63897
v 2.40788 -3.68781 1.19853
v 2.73451 3.03623 0.56606
v -0.87535 -1.21080 4.09744
v 4.19335 -1.45935 -0.52520
v 0.49906 3.08031 2.59669
v 0.84794 -3.59364 2.63232
v 3.86169 1.74423 -0.37635
v -0.92168 0.79176 4.04106
v 3.28432 -3.12204 0.38449
v 1.87954 3.35748 1.33060
v -0.41703 -2.35387 3.74619
v 4.33346 -0.19046 -0.70133
v -0.20677 2.43382 3.29499
v 1.81987 -3.79284 1.76218
v 3.22151 2.63732 0.16351
v -0.97951 -0.43996 4.17605
v 3.93827 -2.17226 -0.24332
v 1.01649 3.29585 2.12965
v 0.31436 -3.23150 3.12815
v 4.13485 1.05057 -0.57281
v -0.71522 1.48824 3.83276
v 2.77095 -3.50978 0.89036
v 2.42199 3.18996 0.86486
v -0.71543 -1.66519 4.01001
v 4.28615 -0.97740 -0.60475
v 0.22816 2.86501 2.88934
v 1.22903 -3.71394 2.32216
v 3.64219 2.11066 -0.17319
v -0.96021 0.32982 4.13904
v 3.57006 -2.78561 0.13850
v 1.55828 3.36621 1.64899
v -0.14571 -2.72130 3.55023
v 4.29318 0.29436 -0.66294
v -0.40893 2.09955 3.53542
v 2.20492 -3.72688 1.43889
v 2.93409 2.87778 0.43437
v -0.89558 -0.91553 4.16075
v 4.11031 -1.72760 -0.39250
v 0.71816 3.16386 2.44046
v 0.66629 -3.45723 2.84987
v 3.97590 1.47629 -0.42653
v -0.82265 1.06277 3.99276
v 3.10769 -3.26676 0.60213
v 2.10403 3.28866 1.17345
v -0.51047 -2.09221 3.87892
v 4.32667 -0.48878 -0.63882
v -0.01878 2.60306 3.16555
v 1.61639 -3.76267 2.00197
v 3.39381 2.43054 0.05817
v -0.95244 -0.14332 4.19492
v 3.81381 -2.40201 -0.07275
v 1.24393 3.32141 1.96711
v 0.16040 -3.03860 3.31890
v 4.20495 0.76077 -0.58172
v -0.57717 1.72729 3.74849
v 2.57551 -3.59015 1.12452
v 2.63264 3.06472 0.72192
v -0.76406 -1.37886 4.10028
v 4.23167 -1.26019 -0.49823
v 0.43736 2.98186 2.74130
v 1.03647 -3.61667 2.55072
v 3.77980 1.86404 -0.24555
v -0.88747 0.61394 4.11522
v 3.41141 -2.96494 0.34009
v 1.78558 3.33290 1.48806
v -0.26374 -2.48253 3.70657
v 4.31604 -0.00362 -0.62789
v -0.23803 2.29707 3.42121
v 2.00185 -3.73900 1.67914
v 3.12250 2.70077 0.31327
v -0.89719 -0.61897 4.20668
v 4.01146 -1.98045 -0.24525
v 0.94051 3.22434 2.28152
v 0.49533 -3.29857 3.05727
v 4.07271 1.20057 -0.46049
v -0.70793 1.32177 3.92997
v 2.92399 -3.38636 0.82612
v 2.32263 3.19767 1.02206
v -0.58644 -1.82029 3.99527
v 4.30149 -0.78038 -0.55930
v 0.17781 2.75164 3.02836
v 1.41718 -3.70631 2.23757
v 3.55211 2.20875 -0.03402
v -0.90724 0.14914 4.19691
v 3.67637 -2.61186 0.10971
v 1.47109 3.32355 1.80514
v 0.02036 -2.82743 3.49651
v 4.25659 0.46858 -0.57346
v -0.42582 1.95032 3.65200
v 2.37729 -3.64392 1.36106
v 2.83405 2.91938 0.58780
v -0.79423 -1.08784 4.17330
v 4.16019 -1.53076 -0.37604
v 0.65183 3.07631 2.58865
v 0.85229 -3.49533 2.77126
v 3.90115 1.60678 -0.30272
v -0.79793 0.88882 4.07582
v 3.24332 -3.12085 0.55026
v 2.00907 3.27678 1.33098
v -0.36539 -2.23031 3.84754
v 4.32028 -0.29834 -0.57559
v -0.05669 2.47540 3.29750
v 1.80039 -3.72441 1.91766
v 3.29861 2.50665 0.20378
v -0.88029 -0.32330 4.23536
v 3.89792 -2.21613 -0.08450
v 1.16466 3.26157 2.12122
v 0.33637 -3.11917 3.25331
v 4.15171 0.91924 -0.47788
v -0.57843 1.56706 3.85354
v 2.73490 -3.48024 1.05492
v 2.53398 3.08539 0.87767
v -0.64449 -1.54031 4.09483
v 4.25851 -1.06310 -0.46332
v 0.38166 2.87879 2.88468
v 1.22388 -3.62456 2.46745
v 3.69555 1.97371 -0.11226
v -0.84437 0.43535 4.18249
v 3.52735 -2.80041 0.30275
v 1.69652 3.30254 1.64510
v -0.10473 -2.59987 3.66006
v 4.28973 0.17624 -0.54805
v -0.26230 2.15598 3.54437
v 2.17801 -3.67103 1.59835
v 3.02501 2.75519 0.46363
v -0.80587 -0.79434 4.22900
v 4.07264 -1.78718 -0.23905
v 0.87014 3.14798 2.43271
v 0.67796 -3.35120 2.98245
v 4.00568 1.34090 -0.34417
v -0.69233 1.15259 4.02157
v 3.06739 -3.25243 0.76751
v 2.22735 3.19849 1.17904
v -0.45000 -1.96675 3.97251
v 4.30625 -0.58759 -0.50638
v 0.13381 2.63358 3.16551
v 1.60226 -3.68362 2.15288
v 3.46143 2.29701 0.10682
v -0.84515 -0.03070 4.24704
v 3.77093 -2.43303 0.08858
v 1.38914 3.27559 1.96091
v 0.19063 -2.92072 3.43688
v 4.21269 0.63448 -0.47849
v -0.43516 1.79709 3.76445
v 2.54213 -3.54803 1.28692
v 2.73679 2.95285 0.74147
v -0.68430 -1.25447 4.17734
v 4.19843 -1.33487 -0.35156
v 0.59135 2.98389 2.73584
v 1.03806 -3.51841 2.69017
v 3.82336 1.72732 -0.17587
v -0.76442 0.71331 4.15221
v 3.36823 -2.96648 0.50499
v 1.91878 3.25878 1.48830
v -0.21401 -2.35788 3.80873
v 4.30451 -0.11402 -0.50559
v -0.08781 2.34306 3.42672
v 1.97942 -3.67163 1.83480
v 3.20438 2.57353 0.35043
v -0.79901 -0.50060 4.26744
v 3.97009 -2.02763 -0.08825
v 1.09085 3.19664 2.27485
v 0.51483 -3.18572 3.18302
v 4.09293 1.06848 -0.36952
v -0.57156 1.40351 3.95330
v 2.88527 -3.35898 0.99031
v 2.43905 3.09883 1.03348
v -0.51704 -1.69402 4.08102
v 4.27445 -0.86921 -0.42074
v 0.33212 2.77075 3.02649
v 1.40910 -3.61729 2.38325
v 3.61005 2.07357 0.02321
v -0.79217 0.25672 4.24213
v 3.63183 -2.62970 0.27275
v 1.61251 3.26657 1.80194
v 0.05916 -2.70502 3.60699
v 4.25555 0.34848 -0.46226
v -0.27923 2.01045 3.66372
v 2.34742 -3.58954 1.52052
v 2.92983 2.80120 0.61459
v -0.70572 -0.96501 4.24264
v 4.12210 -1.59372 -0.22482
v 0.80547 3.06651 2.58315
v 0.86122 -3.38902 2.90433
v 3.93494 1.47153 -0.22430
v -0.66810 0.98113 4.10675
v 3.20057 -3.10907 0.71498
v 2.13647 3.19284 1.33604
v -0.30672 -2.10352 3.94185
v 4.30120 -0.40000 -0.44638
v 0.09639 2.51050 3.30025
v 1.78321 -3.64610 2.06882
v 3.37114 2.37593 0.24915
v -0.77387 -0.20880 4.28884
v 3.85369 -2.25044 0.07526
v 1.31250 3.22226 2.11640
v 0.36416 -3.00048 3.37183
v 4.16262 0.79167 -0.37851
v -0.43659 1.63998 3.87192
v 2.69863 -3.44002 1.21710
v 2.64288 2.97875 0.89551
v -0.56613 -1.41432 4.17271
v 4.22553 -1.14110 -0.31927
v 0.53686 2.88626 2.88173
v 1.22251 -3.52633 2.60730
v 3.74368 1.83813 -0.04634
v -0.72189 0.53694 4.22114
v 3.48205 -2.80487 0.46667
v 1.83334 3.23486 1.64563
v -0.05708 -2.47397 3.76278
v 4.28034 0.06345 -0.42926
v -0.11181 2.20586 3.55247
v 2.15248 -3.60483 1.75411
v 3.11197 2.63178 0.49808
v -0.70872 -0.67417 4.29075
v 4.03051 -1.83779 -0.08402
v 1.02259 3.12637 2.42796
v 0.69475 -3.23776 3.10865
v 4.02978 1.20836 -0.25709
v -0.55623 1.23700 4.04690
v 3.02597 -3.22738 0.93123
v 2.34824 3.10547 1.18958
v -0.38226 -1.83893 4.05887
v 4.28022 -0.67954 -0.37081
v 0.28896 2.65741 3.16620
v 1.59105 -3.59500 2.29885
v 3.52434 2.16402 0.16064
v -0.73076 0.07892 4.29350
v 3.72472 -2.45410 0.25030
v 1.53365 3.22497 1.95873
v 0.22706 -2.79720 3.54782
v 4.21458 0.51261 -0.37100
v -0.28847 1.86051 3.77843
v 2.50919 -3.49525 1.44629
v 2.83761 2.83937 0.76626
v -0.59701 -1.12987 4.24738
v 4.16024 -1.40129 -0.20269
v 0.74662 2.97959 2.73257
v 1.04402 -3.41179 2.82362
v 3.86165 1.59258 -0.10122
v -0.63495 0.80799 4.18468
v 3.32307 -2.95744 0.66896
v 2.05023 3.18098 1.49329
v -0.15728 -2.22959 3.90350
v 4.28726 -0.21842 -0.37968
v 0.06585 2.38219 3.43187
v 1.95901 -3.59414 1.98613
v 3.28214 2.44603 0.39290
v -0.69343 -0.38414 4.32179
v 3.92474 -2.06537 0.06980
v 1.24125 3.16337 2.27162
v 0.53995 -3.06611 3.30193
v 4.10754 0.93991 -0.27395
v -0.42975 1.47925 3.97353
v 2.84607 -3.32082 1.15219
v 2.55278 2.99756 1.05012
v -0.44017 -1.56627 4.15938
v 4.24213 -0.95055 -0.27941
v 0.48854 2.78304 3.02585
v 1.40456 -3.51911 2.52340
v 3.66318 1.93953 0.08563
v -0.67017 0.36048 4.28190
v 3.58453 -2.63726 0.43559
v 1.75288 3.20505 1.80314
v 0.10456 -2.57773 3.71007
v 4.24881 0.23348 -0.34701
v -0.12837 2.06375 3.67393
v 2.31865 -3.52462 1.67630
v 3.02208 2.68193 0.64679
v -0.60961 -0.84290 4.30496
v 4.07950 -1.64788 -0.07188
v 0.95996 3.05042 2.58033
v 0.87506 -3.27493 3.03087
v 3.96344 1.33891 -0.14096
v -0.53213 1.06802 4.13349
v 3.15646 -3.08655 0.87814
v 2.26182 3.10561 1.34617
v -0.24076 -1.97396 4.02853
v 4.27666 -0.49501 -0.31386
v 0.25245 2.53847 3.30315
v 1.76868 -3.55795 2.21500
v 3.43940 2.24552 0.29992
v -0.66011 -0.09708 4.33603
v 3.80600 -2.27490 0.23553
v 1.46001 3.17757 2.11547
v 0.39801 -2.87572 3.48306
v 4.16799 0.66828 -0.27469
v -0.28967 1.70632 3.88762
v 2.66255 -3.38901 1.37632
v 2.74885 2.87015 0.91880
v -0.48015 -1.28777 4.24309
v 4.18763 -1.21104 -0.17286
v 0.69373 2.88683 2.88054
v 1.22528 -3.41940 2.74104
v 3.78695 1.70431 0.02478
v -0.59268 0.63390 4.25458
v 3.43457 -2.79877 0.62979
v 1.96877 3.16297 1.65094
v -0.00247 -2.34403 3.85777
v 4.26544 -0.04358 -0.30667
v 0.04252 2.24850 3.55957
v 2.12869 -3.52827 1.90554
v 3.19521 2.50782 0.53809
v -0.60398 -0.55562 4.34551
v 3.98432 -1.87912 0.07223
v 1.17545 3.09857 2.42637
v 0.71697 -3.11715 3.22782
v 4.04864 1.07913 -0.16519
v -0.41431 1.31531 4.06841
v 2.98383 -3.19149 1.09273
v 2.46680 3.00958 1.20547
v -0.30700 -1.70923 4.13739
v 4.24903 -0.76423 -0.23228
v 0.44663 2.67390 3.16757
v 1.58313 -3.49692 2.43923
v 3.58289 2.03192 0.21991
v -0.60918 0.18488 4.33385
v 3.67559 -2.46495 0.41196
v 1.67745 3.16922 1.96085
v 0.26999 -2.66838 3.65107
v 4.21108 0.39560 -0.25925
v -0.13711 1.91681 3.79022
v 2.47709 -3.43178 1.60204
v 2.93528 2.72444 0.79669
v -0.50202 -1.00564 4.30987
v 4.11755 -1.45909 -0.05192
v 0.90310 2.96838 2.73157
v 1.05468 -3.29702 2.95040
v 3.89507 1.46025 -0.02141
v -0.49901 0.89725 4.21225
v 3.27634 -2.93765 0.83148
v 2.17997 3.09934 1.50341
v -0.09328 -2.09813 3.99025
v 4.26475 -0.31643 -0.25026
v 0.22289 2.41374 3.43654
v 1.94100 -3.50656 2.13247
v 3.35604 2.31854 0.44103
v -0.58031 -0.27022 4.36923
v 3.87584 -2.09340 0.22855
v 1.39164 3.12405 2.27204
v 0.57099 -2.94003 3.41332
v 4.11697 0.81530 -0.17369
v -0.28247 1.54824 3.99037
v 2.80680 -3.27179 1.31120
v 2.66392 2.89388 1.07237
v -0.35562 -1.43759 4.22975
v 4.20500 -1.02405 -0.13553
v 0.64701 2.78784 3.02646
v 1.40392 -3.41191 2.65735
v 3.71189 1.80700 0.15354
v -0.54115 0.45973 4.31577
v 3.53489 -2.63432 0.59777
v 1.89215 3.13870 1.80906
v 0.15684 -2.44598 3.80509
v 4.23686 0.12399 -0.22772
v 0.02674 2.10946 3.68245
v 2.29137 -3.44916 1.82779
v 3.11099 2.56174 0.68481
v -0.50577 -0.72210 4.35971
v 4.03284 -1.69292 0.08249
v 1.11521 3.02745 2.58032
v 0.89415 -3.15330 3.15020
v 3.98709 1.20934 -0.05253
v -0.39000 1.14877 4.15569
v 3.11142 -3.05313 1.03921
v 2.38515 3.01494 1.36175
v -0.16729 -1.84214 4.10695
v 4.24714 -0.58301 -0.17818
v 0.41142 2.55857 3.30612
v 1.75720 -3.46005 2.35557
v 3.50369 2.11570 0.35644
v -0.53893 0.01117 4.37645
v 3.75529 -2.28925 0.39594
v 1.60710 3.12704 2.11867
v 0.43824 -2.74527 3.58634
v 4.16831 0.54951 -0.16634
v -0.13769 1.76532 3.90040
v 2.62705 -3.32717 1.53199
v 2.85200 2.75964 0.94794
v -0.38637 -1.16125 4.30538
v 4.14531 -1.27257 -0.02432
v 0.85217 2.87983 2.88113
v 1.23254 -3.30398 2.86799
v 3.82576 1.57262 0.10137
v -0.45670 0.72550 4.28243
v 3.38535 -2.78194 0.79161
v 2.10276 3.08658 1.66138
v 0.05936 -2.21049 3.94438
v 4.24555 -0.14446 -0.18032
v 0.20062 2.28314 3.56550
v 2.10706 -3.44141 2.05202
v 3.27497 2.38349 0.58405
v -0.49152 -0.43935 4.39275
v 3.93455 -1.91088 0.22938
v 1.32862 3.06399 2.42812
v 0.74496 -2.98970 3.33927
v 4.06270 0.95358 -0.06830
v -0.26658 1.38676 4.08579
v 2.94139 -3.14464 1.25148
v 2.58307 2.91071 1.22714
v -0.22403 -1.57822 4.20746
v 4.21319 -0.84130 -0.09096
v 0.60672 2.68231 3.16959
v 1.57888 -3.38951 2.57336
v 3.63740 1.90102 0.28499
v -0.48033 0.28647 4.36762
v 3.62400 -2.46539 0.57315
v 1.82043 3.10788 1.96758
v 0.31971 -2.53469 3.74596
v 4.20267 0.28384 -0.14318
v 0.01887 1.96522 3.79957
v 2.44623 -3.35759 1.75357
v 3.02993 2.60812 0.83320
v -0.39916 -0.88242 4.36422
v 4.07085 -1.50798 0.10050
v 1.06066 2.94956 2.73294
v 1.07040 -3.17435 3.06982
v 3.92403 1.33069 0.06384
v -0.35660 0.98035 4.23455
v 3.22849 -2.90696 0.99207
v 2.30793 3.01359 1.51904
v -0.02179 -1.96399 4.06833
v 4.23749 -0.40766 -0.11739
v 0.38321 2.43692 3.44061
v 1.92579 -3.40898 2.27320
v 3.42633 2.19126 0.49525
v -0.45955 -0.15955 4.40925
v 3.82387 -2.11146 0.38765
v 1.54189 3.07812 2.27633
v 0.60827 -2.80785 3.51652
v 4.12171 0.69502 -0.06857
v -0.12979 1.60968 4.00352
v 2.76789 -3.21181 1.46676
v 2.77252 2.78770 1.10068
v -0.26319 -1.30857 4.29152
v 4.16357 -1.08937 0.01074
v 0.80739 2.78440 3.02829
v 1.40755 -3.29587 2.78444
v 3.75650 1.67629 0.22727
v -0.40509 0.55369 4.34332
v 3.48337 -2.62070 0.75886
v 2.03023 3.06708 1.82004
v 0.21627 -2.31021 3.89138
v 4.22020 0.02039 -0.10437
v 0.18599 2.14677 3.68906
v 2.26600 -3.36318 1.97438
v 3.19671 2.44071 0.72909
v -0.39405 -0.60331 4.40633
v 3.98263 -1.72858 0.23801
v 1.27104 2.99692 2.58324
v 0.91883 -3.02442 3.26164
v 4.00633 1.08318 0.04126
v -0.24174 1.22255 4.17299
v 3.06588 -3.00873 1.19768
v 2.50641 2.92060 1.38322
v -0.08607 -1.70860 4.17646
v 4.21318 -0.66363 -0.03939
v 0.57315 2.57002 3.30907
v 1.74916 -3.35254 2.48986
v 3.56429 1.98670 0.41912
v -0.41026 0.11521 4.40961
v 3.70206 -2.29330 0.55611
v 1.75361 3.07011 2.12625
v 0.48515 -2.60952 3.68097
v 4.16408 0.43572 -0.05333
v 0.01925 1.81613 3.90996
v 2.59257 -3.25448 1.68354
v 2.95238 2.64715 0.98341
v -0.28462 -1.03540 4.35898
v 4.09910 -1.32540 0.12615
v 1.01199 2.86449 2.88355
v 1.24465 -3.18029 2.98748
v 3.86048 1.44339 0.18377
v -0.31395 0.81094 4.30424
v 3.33486 -2.75423 0.95171
v 2.23518 3.00529 1.67731
v 0.12866 -2.07387 4.02193
v 4.22119 -0.23881 -0.05019
v 0.36236 2.30894 3.57010
v 2.08799 -3.34430 2.19291
v 3.35140 2.25891 0.63645
v -0.37125 -0.32610 4.43192
v 3.88173 -1.93283 0.38715
v 1.48189 3.02196 2.43337
v 0.77903 -2.85572 3.44231
v 4.07244 0.83210 0.03383
v -0.11311 1.45049 4.09869
v 2.89912 -3.08678 1.40694
v 2.69698 2.80863 1.25503
v -0.13313 -1.44650 4.26845
v 4.17325 -0.91042 0.05307
v 0.76904 2.68182 3.17219
v 1.57869 -3.27295 2.70058
v 3.68814 1.77157 0.35629
v -0.34418 0.38288 4.39434
v 3.57046 -2.45522 0.73349
v 1.96239 3.04042 1.97919
v 0.37650 -2.39656 3.83179
v 4.18989 0.17772 -0.02267
v 0.17934 2.00487 3.80624
v 2.41706 -3.27271 1.90028
v 3.12162 2.49037 0.87628
v -0.28830 -0.76090 4.40984
v 4.02071 -1.54767 0.25438
v 1.21907 2.92238 2.73674
v 1.09154 -3.04405 3.18121
v 3.94894 1.20423 0.15484
v -0.20774 1.05643 4.25117
v 3.18001 -2.86526 1.15027
v 2.43399 2.92335 1.54059
v 0.05745 -1.82773 4.13708
v 4.20606 -0.49177 0.01894
v 0.54663 2.45088 3.44394
v 1.91380 -3.30151 2.40767
v 3.49319 2.06434 0.55603
v -0.33109 -0.05290 4.44132
v 3.76938 -2.11933 0.54679
v 1.69176 3.02489 2.28468
v 0.65211 -2.66995 3.61082
v 4.12225 0.57946 0.04161
v 0.02820 1.66270 4.01267
v 2.72981 -3.14086 1.61836
v 2.87850 2.67884 1.13554
v -0.16272 -1.17987 4.34407
v 4.11842 -1.14620 0.15929
v 0.96944 2.77189 3.03132
v 1.41584 -3.17122 2.90399
v 3.79734 1.54767 0.30726
v -0.26199 0.64155 4.36408
v 3.43050 -2.59624 0.91847
v 2.16689 2.98966 1.83641
v 0.28313 -2.17093 3.96825
v 4.19940 -0.07694 0.02316
v 0.34920 2.17479 3.69356
v 2.24298 -3.26674 2.11546
v 3.27930 2.31884 0.78015
v -0.27436 -0.48726 4.44425
v 3.92944 -1.75460 0.39446
v 1.42720 2.95807 2.58920
v 0.94945 -2.88862 3.36448
v 4.02159 0.96078 0.14072
v -0.08741 1.28849 4.18501
v 3.02036 -2.95325 1.35307
v 2.62543 2.82223 1.41100
v 0.00309 -1.57395 4.23641
v 4.17537 -0.73654 0.10249
v 0.73742 2.57191 3.31190
v 1.74496 -3.23558 2.61724
v 3.62137 1.85869 0.48848
v -0.27405 0.21422 4.43499
v 3.64686 -2.28683 0.71573
v 1.89927 3.00611 2.13846
v 0.53903 -2.46890 3.76627
v 4.15581 0.32729 0.06457
v 0.18102 1.85786 3.91604
v 2.55958 -3.17094 1.83042
v 3.04992 2.53252 1.02573
v -0.17476 -0.91091 4.40328
v 4.04959 -1.36923 0.27844
v 1.17292 2.83997 2.88782
v 1.26200 -3.04859 3.09882
v 3.89145 1.31689 0.27242
v -0.16447 0.88935 4.31957
v 3.28364 -2.71552 1.10967
v 2.36579 2.91859 1.69912
v 0.20567 -1.93470 4.08974
v 4.19295 -0.32630 0.08382
v 0.52751 2.32498 3.57317
v 2.07192 -3.23705 2.32760
v 3.42456 2.13410 0.69581
v -0.24309 -0.21663 4.46246
v 3.82645 -1.94474 0.54530
v 1.63495 2.97170 2.44229
v 0.81954 -2.71561 3.53623
v 4.07830 0.71502 0.14152
v 0.04599 1.50559 4.10675
v 2.85751 -3.01785 1.55864
v 2.80835 2.70303 1.28963
v -0.03412 -1.31471 4.31968
v 4.12981 -0.97128 0.19980
v 0.93330 2.67152 3.17532
v 1.58296 -3.14743 2.82022
v 3.73535 1.64374 0.43433
v -0.20073 0.47327 4.41350
v 3.51554 -2.43429 0.89266
v 2.10304 2.96618 1.99600
v 0.44065 -2.25447 3.90788
v 4.17329 0.07759 0.10250
v 0.34411 2.03481 3.80998
v 2.39003 -3.17718 2.04161
v 3.21027 2.37108 0.92647
v -0.16932 -0.64182 4.44613
v 3.96772 -1.57790 0.40959
v 1.37802 2.88599 2.74304
v 1.11845 -2.90643 3.28386
v 3.97014 1.08116 0.25206
v -0.05252 1.12458 4.26168
v 3.13142 -2.81247 1.30565
v 2.55785 2.82814 1.56848
v 0.14465 -1.68995 4.19580
v 4.17105 -0.56840 0.15882
v 0.71288 2.45467 3.44638
v 1.90545 -3.18430 2.53526
v 3.55669 1.93782 0.62393
v -0.19489 0.04890 4.46488
v 3.71296 -2.11681 0.70574
v 1.84089 2.96361 2.29731
v 0.70283 -2.52675 3.69551
v 4.11907 0.46896 0.15722
v 0.19134 1.70634 4.01747
v 2.69305 -3.05894 1.76549
v 2.98167 2.56700 1.17747
v -0.05404 -1.05217 4.38674
v 4.07019 -1.19425 0.31011
v 1.13283 2.74938 3.03555
v 1.42919 -3.03820 3.01533
v 3.83465 1.42133 0.39402
v -0.11188 0.72239 4.37756
v 3.37685 -2.56081 1.07626
v 2.30177 2.90581 1.85852
v 0.35767 -2.02868 4.03499
v 4.17502 -0.16767 0.15510
v 0.51614 2.19255 3.69572
v 2.22277 -3.15994 2.25046
v 3.35869 2.19604 0.83857
v -0.14661 -0.37475 4.47285
v 3.87391 -1.77073 0.55172
v 1.58332 2.91002 2.59833
v 0.98637 -2.74627 3.45803
v 4.03325 0.84243 0.24631
v 0.07285 1.34563 4.19135
v 2.97539 -2.88665 1.50495
v 2.74191 2.71936 1.44559
v 0.10041 -1.43884 4.28611
v 4.13433 -0.80141 0.24756
v 0.90390 2.56328 3.31451
v 1.74504 -3.10934 2.73705
v 3.67504 1.73174 0.56507
v -0.13031 0.30732 4.45204
v 3.59030 -2.26969 0.87454
v 2.04366 2.93429 2.15558
v 0.60021 -2.32389 3.84150
v 4.14402 0.22456 0.18769
v 0.34740 1.88950 3.91832
v 2.52858 -3.07659 1.97211
v 3.14441 2.41550 1.07545
v -0.05665 -0.78855 4.43761
v 3.99743 -1.40379 0.43253
v 1.33457 2.80533 2.89396
v 1.28498 -2.90919 3.20132
v 3.91891 1.19335 0.36785
v -0.00834 0.95978 4.32798
v 3.23227 -2.66572 1.26513
v 2.49419 2.82586 1.72721
v 0.29066 -1.79357 4.14709
v 4.16143 -0.40656 0.22195
v 0.69578 2.33024 3.57455
v 2.05933 -3.11980 2.45551
v 3.49440 2.00901 0.76274
v -0.10698 -0.11181 4.48377
v 3.76935 -1.94639 0.70370
v 1.78738 2.91234 2.45503
v 0.86682 -2.56976 3.62033
v 4.08071 0.60267 0.25522
v 0.21055 1.55105 4.10962
v 2.81712 -2.93785 1.70612
v 2.91686 2.59347 1.33146
v 0.07317 -1.18355 4.36047
v 4.08354 -1.02356 0.34932
v 1.09914 2.65041 3.17891
v 1.59212 -3.01320 2.93164
v 3.77911 1.51765 0.51970
v -0.05003 0.55671 4.42459
v 3.45985 -2.40244 1.05040
v 2.24192 2.88441 2.01832
v 0.51245 -2.10897 3.97348
v 4.15341 -0.01620 0.23268
v 0.51290 2.05401 3.81051
v 2.36568 -3.07108 2.17704
v 3.29566 2.25002 0.98438
v -0.04212 -0.52600 4.47244
v 3.91257 -1.59841 0.56610
v 1.53706 2.83941 2.75191
v 1.15153 -2.76183 3.37708
v 3.98793 0.96173 0.35602
v 0.10893 1.18379 4.26565
v 3.08333 -2.74851 1.45784
v 2.67910 2.72735 1.60318
v 0.24004 -1.55128 4.24379
v 4.13309 -0.63723 0.30248
v 0.88160 2.44723 3.44778
v 1.90122 -3.05751 2.65536
v 3.61676 1.81170 0.69959
v -0.05092 0.14494 4.47935
v 3.65528 -2.10371 0.86435
v 1.98881 2.89339 2.31445
v 0.76076 -2.37871 3.76989
v 4.11261 0.36384 0.27870
v 0.35938 1.73955 4.01760
v 2.65818 -2.96606 1.90767
v 3.08169 2.45178 1.22705
v 0.06301 -0.92625 4.41884
v 4.01954 -1.23320 0.46328
v 1.29714 2.71584 3.04096
v 1.44802 -2.89709 3.11779
v 3.86852 1.29743 0.48817
v 0.04514 0.79523 4.38327
v 3.32306 -2.51431 1.23196
v 2.43439 2.81478 1.88675
v 0.44018 -1.88402 4.09088
v 4.14764 -0.25142 0.29179
v 0.68649 2.19896 3.69530
v 2.20590 -3.04288 2.37883
v 3.43464 2.07213 0.90500
v -0.01072 -0.26664 4.49150
v 3.81673 -1.77673 0.70973
v 1.73887 2.85181 2.61075
v 1.02996 -2.59773 3.54158
v 4.04161 0.72841 0.35860
v 0.23886 1.39292 4.19159
v 2.93158 -2.80888 1.65295
v 2.85539 2.61145 1.48748
v 0.20609 -1.30396 4.32483
v 4.09071 -0.85791 0.39604
v 1.07218 2.54304 3.31677
v 1.74987 -2.97403 2.84868
v 3.72522 1.60588 0.64959
v 0.02094 0.39356 4.46020
v 3.53307 -2.24170 1.03240
v 2.18626 2.85377 2.17786
v 0.66900 -2.17499 3.90594
v 4.12917 0.12788 0.31652
v 0.51810 1.90997 3.91650
v 2.50015 -2.97147 2.10814
v 3.23547 2.29573 1.13320
v 0.06982 -0.66912 4.46130
v 3.94333 -1.42878 0.58850
v 1.49645 2.75952 2.90202
v 1.31401 -2.76239 3.29432
v 3.94301 1.07296 0.47071
v 0.15430 1.02118 4.32895
v 3.18141 -2.60472 1.41783
v 2.61984 2.72638 1.76201
v 0.38387 -1.65113 4.19326
v 4.12722 -0.47924 0.36453
v 0.86678 2.32361 3.57401
v 2.05073 -2.99267 2.57607
v 3.56066 1.88350 0.83795
v 0.03710 -0.01256 4.49521
v 3.71113 -1.93755 0.86230
v 1.93860 2.84292 2.47179
v 0.92126 -2.41861 3.69388
v 4.07998 0.49533 0.37554
v 0.38032 1.58579 4.10688
v 2.77856 -2.84675 1.84900
v 3.02200 2.47942 1.38109
v 0.18894 -1.05378 4.39011
v 4.03510 -1.06693 0.50185
v 1.26607 2.61739 3.18289
v 1.60665 -2.87048 3.03420
v 3.81937 1.39338 0.61313
v 0.10786 0.63217 4.42702
v 3.40411 -2.35953 1.20654
v 2.37843 2.79425 2.04649
v 0.59222 -1.96060 4.02787
v 4.13073 -0.10329 0.36835
v 0.68538 2.06133 3.80755
v 2.34457 -2.95447 2.30607
v 3.37739 2.12687 1.05069
v 0.09339 -0.41429 4.48807
v 3.85597 -1.60891 0.72398
v 1.69562 2.78159 2.76345
v 1.19121 -2.61062 3.46019
v 4.00244 0.84617 0.46742
v 0.27643 1.23299 4.26260
v 3.03641 -2.67331 1.60658
v 2.79713 2.62030 1.64518
v 0.34387 -1.41242 4.28030
v 4.09281 -0.69789 0.45028
v 1.05235 2.42742 3.44799
v 1.90164 -2.92132 2.76740
v 3.67315 1.68588 0.78375
v 0.10079 0.23426 4.48410
v 3.59707 -2.07982 1.02256
v 2.13487 2.81327 2.33634
v 0.82628 -2.22631 3.83320
v 4.10322 0.26443 0.40666
v 0.53206 1.76118 4.01268
v 2.62583 -2.86223 2.04452
v 3.17799 2.33269 1.28489
v 0.18856 -0.80291 4.43965
v 3.96719 -1.26273 0.61902
v 1.46180 2.67014 3.04752
v 1.47282 -2.74817 3.21072
v 3.89891 1.17608 0.59048
v 0.20898 0.85900 4.38063
v 3.26984 -2.45658 1.38540
v 2.56407 2.71574 1.92150
v 0.53095 -1.73757 4.13516
v 4.11776 -0.32783 0.43373
v 0.85983 2.19284 3.69206
v 2.19294 -2.91566 2.50007
v 3.50673 1.94684 0.98017
v 0.13335 -0.16386 4.49951
v 3.75863 -1.77234 0.86860
v 1.89324 2.78236 2.62659
v 1.08065 -2.44344 3.61442
v 4.04683 0.61898 0.47829
v 0.41040 1.42922 4.18528
v 2.88960 -2.71990 1.79677
v 2.96519 2.49780 1.53725
v 0.32035 -1.17006 4.35183
v 4.04517 -0.90567 0.54830
v 1.24174 2.51002 3.31859
v 1.75999 -2.82987 2.95155
v 3.77166 1.48107 0.74281
v 0.17965 0.47189 4.45884
v 3.47591 -2.20265 1.18925
v 2.32635 2.76358 2.20563
v 0.74576 -2.02275 3.95884
v 4.11163 0.03761 0.45167
v 0.69278 1.91805 3.91023
v 2.47492 -2.85562 2.23809
v 3.32251 2.17275 1.19968
v 0.20480 -0.55350 4.47362
v 3.88800 -1.44388 0.74659
v 1.65792 2.70138 2.91201
v 1.34957 -2.60853 3.37715
v 3.96368 0.95587 0.58179
v 0.32330 1.07243 4.32196
v 3.13177 -2.53240 1.56758
v 2.74200 2.61931 1.80399
v 0.48559 -1.50803 4.22746
v 4.09087 -0.54395 0.51209
v 1.04005 2.30387 3.57136
v 2.04672 -2.85581 2.68877
v 3.62288 1.75735 0.92221
v 0.18918 0.08014 4.49610
v 3.65257 -1.91797 1.02119
v 2.08790 2.76232 2.49276
v 0.98326 -2.26262 3.75617
v 4.07629 0.39333 0.50320
v 0.55502 1.60859 4.09811
v 2.74252 -2.74454 1.98697
v 3.12304 2.36025 1.43915
v 0.31337 -0.92622 4.40783
v 3.98518 -1.10101 0.65777
v 1.43349 2.57122 3.18721
v 1.62708 -2.71955 3.12729
v 3.85585 1.27094 0.71545
v 0.27286 0.69854 4.42020
v 3.34907 -2.30536 1.36103
v 2.51177 2.69471 2.08088
v 0.68029 -1.80995 4.07027
v 4.10564 -0.18329 0.51016
v 0.86113 2.05552 3.80079
v 2.32735 -2.82744 2.42829
v 3.45481 2.00123 1.12615
v 0.23732 -0.30766 4.49231
v 3.79867 -1.60908 0.88349
v 1.85299 2.71134 2.77774
v 1.23795 -2.45316 3.53248
v 4.01363 0.73469 0.58709
v 0.44976 1.27097 4.25201
v 2.99140 -2.58676 1.75167
v 2.91112 2.50616 1.69501
v 0.45639 -1.27410 4.30454
v 4.05077 -0.74995 0.60274
v 1.22458 2.39397 3.44683
v 1.90730 -2.77590 2.87085
v 3.72536 1.56020 0.87727
v 0.26025 0.31577 4.47845
v 3.53912 -2.04486 1.18049
v 2.27826 2.72212 2.36323
v 0.89979 -2.07005 3.88471
v 4.09108 0.17110 0.54188
v 0.70900 1.76997 4.00230
v 2.59670 -2.74744 2.17574
v 3.26979 2.20913 1.35171
v 0.32281 -0.68303 4.44839
v 3.91383 -1.28245 0.77775
v 1.62613 2.61102 3.05521
v 1.50413 -2.59172 3.29350
v 3.92553 1.05736 0.70184
v 0.37948 0.91252 4.36906
v 3.21800 -2.38745 1.53653
v 2.68993 2.60770 1.96320
v 0.63032 -1.58998 4.16705
v 4.08581 -0.39646 0.58160
v 1.03568 2.17288 3.68572
v 2.18457 -2.77838 2.61376
v 3.57425 1.81982 1.06491
v 0.28569 -0.06743 4.49615
v 3.70041 -1.75720 1.02858
v 2.04560 2.70046 2.64602
v 1.13892 -2.28379 3.67584
v 4.04885 0.51443 0.60627
v 0.58718 1.45325 4.17191
v 2.85024 -2.61962 1.93623
v 3.07043 2.37764 1.59550
v 0.44345 -1.03794 4.36630
v 3.99830 -0.94423 0.70490
v 1.41194 2.46288 3.31983
v 1.77601 -2.67706 3.04510
v 3.81381 1.35723 0.84567
v 0.34577 0.54118 4.44728
v 3.41965 -2.15228 1.34521
v 2.46302 2.66259 2.23922
v 0.83090 -1.86771 3.99944
v 4.09160 -0.04585 0.59397
v 0.87101 1.91242 3.89912
v 2.45363 -2.72905 2.36166
v 3.40466 2.04602 1.27566
v 0.34842 -0.44264 4.47377
v 3.83220 -1.44866 0.90722
v 1.81821 2.62960 2.92398
v 1.39221 -2.44792 3.44915
v 3.98061 0.84225 0.70205
v 0.49847 1.11227 4.30640
v 3.08420 -2.44860 1.71435
v 2.85969 2.50369 1.85368
v 0.59616 -1.36498 4.24890
v 4.05280 -0.60021 0.66533
v 1.21500 2.26963 3.56636
v 2.04798 -2.70933 2.79316
v 3.68031 1.63028 1.01644
v 0.34930 0.16519 4.48570
v 3.59450 -1.88727 1.18064
v 2.23437 2.66932 2.51816
v 1.05331 -2.10224 3.80645
v 4.06958 0.29699 0.63913
v 0.73431 1.61810 4.08282
v 2.70982 -2.63112 2.11985
v 3.21900 2.23520 1.50634
v 0.44671 -0.80171 4.41281
v 3.93440 -1.12531 0.81767
v 1.60068 2.51053 3.19177
v 1.65406 -2.56061 3.21035
v 3.88798 1.15030 0.82765
v 0.44485 0.75462 4.40344
v 3.29560 -2.23966 1.51400
v 2.64094 2.58468 2.12189
v 0.77709 -1.65763 4.09989
v 4.07837 -0.25572 0.65897
v 1.03964 2.03516 3.78988
v 2.31478 -2.68998 2.54338
v 3.52698 1.87260 1.21164
v 0.38979 -0.20710 4.48433
v 3.74146 -1.59847 1.04507
v 2.00830 2.62732 2.79487
v 1.29234 -2.28981 3.59331
v 4.02116 0.62751 0.71603
v 0.62868 1.29638 4.23330
v 2.94915 -2.48870 1.89308
v 3.02000 2.38400 1.75329
v 0.57795 -1.13707 4.31569
v 4.00743 -0.79289 0.76062
v 1.39761 2.34541 3.44410
v 1.91893 -2.62138 2.96525
v 3.77259 1.43446 0.98113
v 0.42744 0.38831 4.46164
v 3.48229 -1.99847 1.33841
v 2.41798 2.61871 2.39542
v 0.98179 -1.91045 3.92366
v 4.07615 0.08425 0.68533
v 0.88981 1.76448 3.98599
v 2.57163 -2.62162 2.30112
v 3.35601 2.08039 1.42829
v 0.46597 -0.56755 4.44423
v 3.86013 -1.29182 0.94006
v 1.78931 2.53704 3.06403
v 1.54259 -2.42801 3.36555
v 3.94776 0.94134 0.82330
v 0.55649 0.95449 4.34787
v 3.16842 -2.30663 1.68548
v 2.81084 2.48954 2.01236
v 0.73871 -1.44193 4.18572
v 4.05201 -0.45678 0.73629
v 1.21344 2.13759 3.67595
v 2.18156 -2.63106 2.71954
v 3.63619 1.69064 1.16018
v 0.44638 0.02155 4.48059
v 3.64287 -1.73085 1.19012
v 2.19498 2.60472 2.66920
v 1.20536 -2.11918 3.72516
v 4.04735 0.41506 0.74360
v 0.76890 1.46359 4.15090
v 2.81438 -2.50783 2.07130
v 3.16991 2.25005 1.66294
v 0.57570 -0.90843 4.36740
v 3.95060 -0.97301 0.86661
v 1.58202 2.40010 3.32034
v 1.79866 -2.51575 3.12886
v 3.85081 1.23421 0.95922
v 0.51924 0.60015 4.42476
v 3.36519 -2.09020 1.50056
v 2.59514 2.54953 2.27899
v 0.92493 -1.71044 4.02694
v 4.06905 -0.12200 0.74443
v 1.05230 1.89155 3.88274
v 2.43714 -2.59168 2.47865
v 3.48074 1.91487 1.36203
v 0.50089 -0.33754 4.46090
v 3.77661 -1.44255 1.07101
v 1.97638 2.54269 2.93797
v 1.44262 -2.28086 3.50972
v 3.99317 0.73224 0.83262
v 0.67959 1.13930 4.28161
v 3.03961 -2.35299 1.85826
v 2.97166 2.37842 1.91164
v 0.71598 -1.22272 4.25673
v 4.01330 -0.64739 0.82521
v 1.39094 2.21931 3.55871
v 2.05534 -2.55327 2.88889
v 3.73185 1.50194 1.12168
v 0.51752 0.24139 4.46317
v 3.53775 -1.84494 1.34113
v 2.37690 2.56250 2.54824
v 1.13202 -1.93792 3.84401
v 4.05951 0.20675 0.78447
v 0.91780 1.61279 4.06045
v 2.68137 -2.50629 2.24760
v 3.30856 2.10338 1.58345
v 0.58927 -0.68118 4.40416
v 3.88330 -1.13916 0.98236
v 1.76675 2.43373 3.19648
v 1.68834 -2.39385 3.28288
v 3.91483 1.03144 0.95087
v 0.62376 0.79903 4.37597
v 3.24463 -2.16200 1.66574
v 2.76466 2.46288 2.17000
v 0.88314 -1.50427 4.11591
v 4.04888 -0.31999 0.81586
v 1.22033 1.99863 3.77441
v 2.30777 -2.54203 2.65110
v 3.59261 1.74040 1.30813
v 0.55098 -0.11375 4.46327
v 3.68508 -1.57642 1.20937
v 2.16045 2.52797 2.81496
v 1.35507 -2.12091 3.64201
v 4.02436 0.52492 0.85547
v 0.81292 1.30773 4.20578
v 2.91067 -2.37877 2.03093
v 3.12238 2.25273 1.82069
v 0.70896 -1.00217 4.31286
v 3.96309 -0.82599 0.92491
v 1.57065 2.28010 3.43957
v 1.93738 -2.45780 3.05022
v 3.81364 1.30837 1.09647
v 0.60240 0.45058 4.43282
v 3.42748 -1.94007 1.49682
v 2.55275 2.50155 2.43324
v 1.07292 -1.74800 3.94928
v 4.05806 0.00442 0.83823
v 1.07400 1.74307 3.96322
v 2.55160 -2.48453 2.42062
v 3.43520 1.94563 1.51554
v 0.61836 -0.45746 4.42624
v 3.80666 -1.29009 1.10681
v 1.95032 2.44653 3.07392
v 1.58902 -2.25722 3.42631
v 3.96461 0.82809 0.95611
v 0.73989 0.98342 4.31628
v 3.12211 -2.21363 1.83257
v 2.92541 2.35998 2.06954
v 0.85667 -1.29408 4.19032
v 4.01636 -0.50807 0.89895
v 1.39243 2.08525 3.66239
v 2.18490 -2.47361 2.81720
v 3.69113 1.55878 1.26705
v 0.61560 0.10187 4.45192
v 3.58681 -1.69254 1.35392
v 2.34014 2.49352 2.69630
v 1.28071 -1.94999 3.76167
v 4.04160 0.32126 0.89159
v 0.95521 1.45860 4.12160
v 2.78307 -2.38418 2.20209
v 3.26211 2.11397 1.74036
v 0.71754 -0.78242 4.35418
v 3.90237 -0.99117 1.03449
v 1.75106 2.31993 3.31993
v 1.82887 -2.34598 3.20241
v 3.88137 1.11186 1.08472
v 0.70009 0.64740 4.39040
v 3.31347 -2.01574 1.65583
v 2.72130 2.42291 2.32537
v 1.02853 -1.55148 4.04054
v 4.04358 -0.19016 0.90436
v 1.23608 1.85368 3.86056
v 2.42650 -2.44325 2.58899
v 3.54918 1.77854 1.45981
v 0.66253 -0.23933 4.43405
v 3.72186 -1.42469 1.23887
v 2.13126 2.43890 2.95402
v 1.50166 -2.10756 3.55827
v 4.00027 0.62605 0.97484
v 0.86647 1.15190 4.24678
v 2.99909 -2.24504 1.99965
v 3.07634 2.24220 1.97857
v 0.84565 -1.08200 4.25003
v 3.97233 -0.68465 0.99292
v 1.56709 2.15109 3.54809
v 2.06983 -2.38753 2.97571
v 3.77594 1.37189 1.23914
v 0.69400 0.30742 4.42755
v 3.48318 -1.79016 1.50340
v 2.51410 2.44018 2.58327
v 1.22020 -1.77005 3.86809
v 4.04529 0.12313 0.94062
v 1.10507 1.59091 4.03033
v 2.65831 -2.36963 2.37035
v 3.39005 1.96378 1.67141
v 0.74150 -0.56562 4.38091
v 3.83221 -1.14162 1.15294
v 1.93066 2.33895 3.20122
v 1.73092 -2.21931 3.34442
v 3.93498 0.91433 1.08650
v 0.80954 0.83023 4.33690
v 3.19721 -2.07163 1.81681
v 2.88135 2.32776 2.22574
v 0.99915 -1.35047 4.11746
v 4.01676 -0.37528 0.98221
v 1.40255 1.94405 3.75387
v 2.30746 -2.38330 2.75141
v 3.64997 1.60391 1.41678
v 0.72121 -0.02881 4.42810
v 3.63018 -1.54198 1.37734
v 2.30816 2.41145 2.83813
v 1.42708 -1.94667 3.67795
v 4.02206 0.42726 1.00685
v 1.00223 1.30325 4.16866
v 2.87708 -2.25636 2.16557
v 3.21651 2.11103 1.89802
v 0.85003 -0.87021 4.29507
v 3.91773 -0.84826 1.09689
v 1.74279 2.19607 3.43294
v 1.96377 -2.28505 3.12547
v 3.84681 1.18165 1.22463
v 0.78527 0.50112 4.39099
v 3.37560 -1.86872 1.65648
v 2.68104 2.36893 2.47706
v 1.17404 -1.58314 3.96078
v 4.03598 -0.06768 1.00207
v 1.26109 1.70384 3.93332
v 2.53783 -2.33571 2.53436
v 3.50549 1.80388 1.61450
v 0.78045 -0.35387 4.39338
v 3.75379 -1.27617 1.27917
v 2.10796 2.33750 3.08483
v 1.64451 -2.07942 3.47531
v 3.97454 0.71772 1.10177
v 0.92960 0.99760 4.27336
v 3.08016 -2.10762 1.97836
v 3.03183 2.21745 2.13538
v 0.98496 -1.14712 4.17989
v 3.97841 -0.54933 1.07105
v 1.57188 2.01380 3.64455
v 2.19580 -2.30571 2.90663
v 3.73716 1.42364 1.38684
v 0.79367 0.17216 4.40906
v 3.53295 -1.64118 1.52097
v 2.47961 2.36494 2.72755
v 1.36599 -1.77645 3.78470
v 4.03032 0.23358 1.05182
v 1.14579 1.43636 4.08317
v 2.75755 -2.24795 2.32896
v 3.34506 1.96810 1.82869
v 0.86963 -0.66086 4.32560
v 3.85362 -0.99754 1.20988
v 1.91798 2.22024 3.31837
v 1.86786 -2.16762 3.26543
v 3.90362 0.99001 1.22365
v 0.88842 0.68129 4.34316
v 3.26551 -1.92784 1.81181
v 2.83973 2.28092 2.37885
v 1.14263 -1.39133 4.03935
v 4.01431 -0.24943 1.07535
v 1.42177 1.79673 3.83194
v 2.42303 -2.28322 2.69279
v 3.60786 1.63608 1.57020
v 0.83385 -0.14923 4.39209
v 3.66835 -1.39380 1.41202
v 2.28149 2.31611 2.97213
v 1.57051 -1.92807 3.59426
v 4.00025 0.52398 1.13036
v 1.05901 1.14820 4.20097
v 2.96383 -2.12378 2.13908
v 3.17172 2.09343 2.05525
v 0.98599 -0.94359 4.22777
v 3.92944 -0.71078 1.17003
v 1.74253 2.06274 3.53405
v 2.09279 -2.21170 3.05347
v 3.81048 1.23964 1.37028
v 0.87905 0.36175 4.37771
v 3.43158 -1.72164 1.66846
v 2.64428 2.30031 2.62356
v 1.31896 -1.59893 3.87795
v 4.02558 0.04688 1.10929
v 1.29574 1.55033 3.99165
v 2.64198 -2.22032 2.48844
v 3.46123 1.81511 1.77129
v 0.90413 -0.45608 4.34191
v 3.78115 -1.13128 1.33085
v 2.09115 2.22389 3.20580
v 1.78314 -2.03682 3.39460
v 3.94641 0.79894 1.23618
v 1.00230 0.84639 4.28511
v 3.15441 -1.96732 1.96801
v 2.98902 2.17747 2.28972
v 1.12617 -1.19678 4.10359
v 3.98107 -0.42044 1.15974
v 1.58557 1.86911 3.72763
v 2.31528 -2.21313 2.84437
v 3.69670 1.46229 1.53895
v 0.90102 0.04632 4.37763
v 3.57722 -1.49364 1.55026
v 2.44982 2.27549 2.86448
v 1.50969 -1.76715 3.70053
v 4.01243 0.33503 1.17199
v 1.19642 1.28085 4.12094
v 2.84971 -2.12037 2.29759
v 3.30011 1.95732 1.98622
v 1.00210 -0.74207 4.26121
v 3.87088 -0.85822 1.27822
v 1.91294 2.09087 3.42382
v 1.99959 -2.10266 3.19083
v 3.86976 1.05391 1.36726
v 0.97639 0.53820 4.33494
v 3.32753 -1.78293 1.81847
v 2.80088 2.21867 2.52734
v 1.28641 -1.41618 3.95730
v 4.00843 -0.13107 1.17871
v 1.45058 1.64442 3.89546
v 2.53180 -2.17419 2.64267
v 3.56439 1.65388 1.72646
v 0.95302 -0.25798 4.34441
v 3.70155 -1.24838 1.45865
v 2.26078 2.20747 3.09666
v 1.71053 -1.89437 3.51209
v 3.97532 0.61043 1.26211
v 1.12568 0.99501 4.21796
v 3.04379 -1.98717 2.12369
v 3.12784 2.06000 2.21068
v 1.12476 -1.00167 4.15339
v 3.93714 -0.57914 1.25443
v 1.75093 1.92071 3.62183
v 2.21587 -2.12659 2.98788
v 3.77167 1.28445 1.52111
v 0.98117 0.23087 4.35074
v 3.48181 -1.57499 1.69261
v 2.61154 2.21653 2.76318
v 1.46268 -1.59863 3.79352
v 4.01155 0.15276 1.22625
v 1.34042 1.39453 4.03460
v 2.73930 -2.09785 2.45250
v 3.41618 1.81082 1.92907
v 1.03302 -0.54473 4.28043
v 3.80386 -0.99036 1.39456
v 2.08154 2.09838 3.31532
v 1.91729 -1.98012 3.31768
v 3.91497 0.86845 1.37784
v 1.08458 0.69989 4.28175
v 3.22227 -1.82475 1.96963
v 2.94820 2.12129 2.44005
v 1.26865 -1.23035 4.02243
v 3.97964 -0.29853 1.25941
v 1.60875 1.71807 3.79604
v 2.42841 -2.11047 2.79036
v 3.65401 1.48633 1.69469
v 1.01571 -0.06860 4.33367
v 3.61615 -1.34790 1.59207
v 2.42538 2.17162 2.99233
v 1.65086 -1.74213 3.61714
v 3.99063 0.42644 1.30121
v 1.25723 1.12589 4.14294
v 2.93519 -1.98754 2.27743
v 3.25520 1.93010 2.14267
v 1.13834 -0.80821 4.18878
v 3.88353 -0.72403 1.35853
v 1.91625 1.95143 3.51602
v 2.12602 -2.02493 3.12219
v 3.83254 1.10457 1.51688
v 1.07335 0.40259 4.31226
v 3.38356 -1.63731 1.83774
v 2.76531 2.14028 2.66950
v 1.42997 -1.42461 3.87276
v 3.99817 -0.02096 1.29263
v 1.48949 1.48842 3.94333
v 2.63405 -2.05685 2.60244
v 3.51920 1.65575 1.88448
v 1.07832 -0.35371 4.28580
v 3.72961 -1.10603 1.51797
v 2.24676 2.08563 3.20999
v 1.84689 -1.84575 3.43309
v 3.94620 0.68530 1.40197
v 1.20240 0.84531 4.21923
v 3.11735 -1.84703 2.12052
v 3.08508 2.00956 2.36275
v 1.26581 -1.04364 4.07319
v 3.94005 -0.45383 1.35062
v 1.76867 1.77088 3.69486
v 2.33314 -2.03024 2.93024
v 3.72967 1.31443 1.67639
v 1.09141 0.11007 4.31036
v 3.52633 -1.42904 1.72984
v 2.58347 2.11715 2.89416
v 1.60482 -1.58205 3.70908
v 3.99275 0.24894 1.35312
v 1.39553 1.23790 4.06134
v 2.83012 -1.96883 2.42784
v 3.37020 1.78948 2.08652
v 1.16668 -0.61861 4.20993
v 3.82135 -0.85373 1.47102
v 2.07990 1.96137 3.41169
v 2.04689 -1.90962 3.24621
v 3.87920 0.92471 1.52641
v 1.17648 0.55976 4.26315
v 3.28399 -1.68023 1.98426
v 2.90982 2.04794 2.58462
v 1.41194 -1.24722 3.93786
v 3.97301 -0.18432 1.37051
v 1.64206 1.56183 3.84854
v 2.53542 -1.99821 2.74609
v 3.60859 1.49404 1.85303
v 1.13744 -0.17113 4.27781
v 3.64943 -1.20418 1.64725
v 2.40704 2.05319 3.10927
v 1.78928 -1.70138 3.53621
v 3.96368 0.50648 1.43946
v 1.32854 0.97309 4.14859
v 3.01430 -1.84984 2.26974
v 3.21046 1.88506 2.29646
v 1.27792 -0.85828 4.10953
v 3.89065 -0.59541 1.45148
v 1.92868 1.80266 3.59341
v 2.24728 -1.93474 3.06114
v 3.79107 1.14022 1.67188
v 1.17924 0.27612 4.27528
v 3.43358 -1.49116 1.87064
v 2.73363 2.04505 2.80348
v 1.57300 -1.41620 3.78734
v 3.98221 0.07988 1.41740
v 1.53906 1.33009 3.97452
v 2.73009 -1.93157 2.57353
v 3.47204 1.63996 2.04300
v 1.20944 -0.43506 4.21713
v 3.75181 -0.96697 1.59082
v 2.24027 1.95078 3.31031
v 1.97955 -1.78228 3.35895
v 3.91169 0.74696 1.54968
v 1.28939 0.70077 4.20448
v 3.18464 -1.70356 2.13077
v 3.04383 1.94090 2.50971
v 1.40881 -1.06867 3.98860
v 3.93689 -0.33557 1.45916
v 1.79651 1.61426 3.75173
v 2.44482 -1.92291 2.88216
v 3.68381 1.32768 1.83521
v 1.20968 0.00093 4.25708
v 3.56474 -1.28390 1.78113
v 2.56084 2.00178 3.01457
v 1.74524 -1.54892 3.62632
v 3.96774 0.33405 1.49002
v 1.46158 1.08199 4.07108
v 2.91469 -1.83345 2.41586
v 3.32332 1.74946 2.24210
v 1.30485 -0.67653 4.13155
v 3.83252 -0.72177 1.56100
v 2.08713 1.81338 3.49320
v 2.17208 -1.82540 3.18191
v 3.83802 0.96582 1.68133
v 1.27817 0.42772 4.22933
v 3.33940 -1.53378 2.01308
v 2.87445 1.95647 2.72156
v 1.55585 -1.24673 3.85148
v 3.95965 -0.07884 1.49346
v 1.68623 1.40165 3.88392
v 2.63661 -1.87648 2.71314
v 3.55999 1.48346 2.01278
v 1.26613 -0.25977 4.21081
v 3.67622 -1.06259 1.71677
v 2.39572 1.92013 3.21339
v 1.92497 -1.64470 3.45951
v 3.93014 0.57343 1.58661
v 1.41078 0.82411 4.13740
v 3.08710 -1.70725 2.27585
v 3.16616 1.82067 2.44586
v 1.42070 -0.89124 4.02484
v 3.89074 -0.47302 1.55776
v 1.95116 1.64537 3.65439
v 2.36361 -1.83213 3.00939
v 3.74446 1.15878 1.83141
v 1.29420 0.16047 4.22433
v 3.47700 -1.34443 1.91831
v 2.70662 1.93230 2.92730
v 1.71545 -1.39044 3.70276
v 3.95885 0.17004 1.55328
v 1.60000 1.17089 3.98808
v 2.82010 -1.79828 2.55747
v 3.42275 1.60458 2.20052
v 1.34633 -0.50066 4.13946
v 3.76686 -0.83148 1.67815
v 2.24230 1.80318 3.39578
v 2.10869 -1.70378 3.29150
v 3.87043 0.79339 1.70486
v 1.38705 0.56313 4.17352
v 3.24538 -1.55656 2.15577
v 3.00459 1.85272 2.64965
v 1.55372 -1.07587 3.90118
v 3.92586 -0.22534 1.58065
v 1.83540 1.45192 3.79102
v 2.55118 -1.80447 2.84531
v 3.63342 1.32202 1.99645
v 1.33611 -0.09490 4.19150
v 3.59597 -1.13952 1.84763
v 2.54459 1.87003 3.12240
v 1.88406 -1.49876 3.54706
v 3.93479 0.40628 1.63699
v 1.53924 0.92839 4.06315
v 2.99299 -1.69143 2.41804
v 3.27566 1.68890 2.39409
v 1.44758 -0.71723 4.04659
v 3.83562 -0.59500 1.66539
v 2.10428 1.65497 3.55810
v 2.29313 -1.72719 3.12658
v 3.79023 0.98950 1.84194
v 1.39003 0.30552 4.18041
v 3.38776 -1.38512 2.05741
v 2.84286 1.84581 2.84880
v 1.70052 -1.22807 3.76501
v 3.93757 0.01651 1.62872
v 1.74221 1.23882 3.90099
v 2.73212 -1.74494 2.69314
v 3.50787 1.45235 2.17252
v 1.40197 -0.33295 4.13358
v 3.69495 -0.92323 1.80177
v 2.39248 1.77237 3.30268
v 2.05822 -1.57158 3.38890
v 3.88832 0.62514 1.74246
v 1.50463 0.68067 4.10897
v 3.15317 -1.55929 2.29724
v 3.12270 1.73524 2.58893
v 1.56685 -0.90591 3.93620
v 3.88169 -0.35774 1.67820
v 1.98482 1.48037 3.69735
v 2.47528 -1.71659 2.96873
v 3.69177 1.15777 1.99451
v 1.41866 0.05740 4.15984
v 3.51256 -1.19681 1.98208
v 2.68525 1.80123 3.03881
v 1.85765 -1.34649 3.62085
v 3.92599 0.24769 1.70052
v 1.67328 1.01230 3.98306
v 2.90398 -1.65637 2.55587
v 3.37126 1.54737 2.35538
v 1.48932 -0.54900 4.05394
v 3.77267 -0.69993 1.78104
v 2.25407 1.64303 3.46441
v 2.23469 -1.60956 3.23258
v 3.82089 0.82208 1.86700
v 1.49611 0.43416 4.12626
v 3.29866 -1.40542 2.19700
v 2.96806 1.74350 2.78044
v 1.70093 -1.06407 3.81259
v 3.90457 -0.12449 1.71579
v 1.88651 1.28492 3.81130
v 2.65236 -1.67416 2.82147
v 3.57787 1.29481 2.15881
v 1.47127 -0.17570 4.11434
v 3.61817 -0.99574 1.93068
v 2.53590 1.72137 3.21545
v 2.02175 -1.43064 3.47317
v 3.89180 0.46335 1.79404
v 1.62955 0.77873 4.03685
v 3.06447 -1.54190 2.43602
v 3.22748 1.60563 2.54057
v 1.59538 -0.73923 3.95640
v 3.82813 -0.47420 1.78527
v 2.13270 1.48661 3.60450
v 2.41040 -1.61401 3.08210
v 3.73455 0.99294 2.00743
v 1.51290 0.19498 4.11658
v 3.42754 -1.23358 2.11877
v 2.81600 1.71465 2.96410
v 1.84652 -1.19001 3.68020
v 3.90419 0.09986 1.77682
v 1.81128 1.07462 3.89852
v 2.82178 -1.60246 2.68787
v 3.45188 1.39799 2.33067
v 1.54570 -0.38893 4.04708
v 3.70314 -0.78622 1.90363
v 2.39871 1.60963 3.37494
v 2.18959 -1.48084 3.32627
v 3.83626 0.65885 1.90675
v 1.61124 0.54449 4.06290
v 3.21138 -1.40489 2.33561
v 3.08068 1.62671 2.72353
v 1.71713 -0.90075 3.84514
v 3.86062 -0.25087 1.81380
v 2.03115 1.30839 3.72055
v 2.58247 -1.58680 2.94103
v 3.63198 1.13413 2.16007
v 1.55363 -0.03123 4.08227
v 3.53801 -1.04777 2.06358
v 2.67075 1.65075 3.13569
v 2.00032 -1.28291 3.54342
v 3.88103 0.31037 1.85946
v 1.76033 0.85575 3.95845
v 2.98104 -1.50439 2.57057
v 3.31760 1.46557 2.50572
v 1.63939 -0.57828 3.96174
v 3.76624 -0.57285 1.90092
v 2.27717 1.47031 3.51407
v 2.35805 -1.49805 3.18412
v 3.76127 0.82985 2.03558
v 1.61789 0.31570 4.06255
v 3.34259 -1.24897 2.25627
v 2.93514 1.61129 2.89976
v 1.85140 -1.03155 3.72448
v 3.86988 -0.03491 1.86546
v 1.95157 1.11419 3.81099
v 2.74815 -1.53019 2.81253
v 3.51645 1.24277 2.32088
v 1.61641 -0.23950 4.02630
v 3.62837 -0.85228 2.03201
v 2.53628 1.55492 3.29134
v 2.15913 -1.34274 3.40652
v 3.83620 0.50224 1.96130
v 1.73417 0.63461 3.99143
v 3.12773 -1.38312 2.47172
v 3.17915 1.49687 2.67942
v 1.74951 -0.74055 3.86234
v 3.80654 -0.36049 1.92204
v 2.17426 1.30849 3.63033
v 2.52415 -1.48381 3.05038
v 3.66941 0.97256 2.17697
v 1.64840 0.09807 4.03794
v 3.45603 -1.07807 2.19914
v 2.79513 1.56115 3.06498
v 1.99500 -1.13046 3.59876
v 3.85621 0.16864 1.93854
v 1.89544 0.91017 3.87509
v 2.90475 -1.44682 2.69933
v 3.39169 1.31688 2.48552
v 1.69892 -0.42558 3.95219
v 3.69714 -0.65173 2.02419
v 2.41627 1.43121 3.42775
v 2.31980 -1.37011 3.27350
v 3.77146 0.67096 2.07936
v 1.73261 0.41734 3.99862
v 3.25947 -1.24213 2.39307
v 3.04084 1.49225 2.84730
v 1.87306 -0.87345 3.75310
v 3.82360 -0.15421 1.96596
v 2.09237 1.12981 3.72199
v 2.68497 -1.44007 2.92828
v 3.56383 1.08384 2.32694
v 1.70114 -0.10325 3.99188
v 3.54976 -0.89644 2.16498
v 2.66477 1.47910 3.21529
v 2.14472 -1.19707 3.47221
v 3.82055 0.35480 2.03074
v 1.86355 0.70256 3.91300
v 3.04961 -1.33967 2.60373
v 3.26180 1.35546 2.64951
v 1.79852 -0.58602 3.86385
v 3.74320 -0.45105 2.03976
v 2.31388 1.28445 3.54230
v 2.47922 -1.36619 3.14805
v 3.68927 0.81248 2.21019
v 1.75487 0.20973 3.98197
v 3.37391 -1.08528 2.33595
v 2.90703 1.45319 3.00502
v 2.00692 -0.97543 3.63830
v 3.81750 0.04078 2.03108
v 2.03325 0.94030 3.78815
v 2.83760 -1.36921 2.82065
v 3.44823 1.16143 2.48121
v 1.77405 -0.28380 3.92775
v 3.62202 -0.70874 2.15407
v 2.54789 1.36894 3.34728
v 2.29738 -1.23162 3.34885
v 3.76453 0.51884 2.13921
v 1.85603 0.49754 3.92569
v 3.18005 -1.21207 2.52763
v 3.13116 1.35859 2.80832
v 1.91238 -0.71815 3.76537
v 3.76583 -0.25545 2.07784
v 2.23179 1.12015 3.63308
v 2.63428 -1.33259 3.03348
v 3.59271 0.92341 2.34988
v 1.79961 0.01710 3.94412
v 3.46879 -0.91681 2.30127
v 2.78199 1.38225 3.14860
v 2.14792 -1.04567 3.52213
v 3.78903 0.21930 2.11525
v 1.99801 0.74618 3.82877
v 2.97909 -1.27396 2.72996
v 3.32674 1.20401 2.63529
v 1.86474 -0.43982 3.84928
v 3.67142 -0.52001 2.16622
v 2.44794 1.23532 3.45817
v 2.44973 -1.23486 3.23240
v 3.69049 0.65642 2.26056
v 1.87242 0.30102 3.91494
v 3.29339 -1.06779 2.47255
v 3.00423 1.32743 2.95759
v 2.03748 -0.82005 3.66098
v 3.76494 -0.07033 2.13699
v 2.17207 0.94422 3.69903
v 2.78181 -1.27138 2.93277
v 3.48546 1.00112 2.49416
v 1.86505 -0.15582 3.88828
v 3.54206 -0.74142 2.28953
v 2.66978 1.28294 3.27450
v 2.29279 -1.08397 3.40863
v 3.73964 0.37631 2.21572
v 1.98716 0.55366 3.84463
v 3.10638 -1.15748 2.65829
v 3.20381 1.21130 2.78462
v 1.97052 -0.56825 3.76049
v 3.69696 -0.33565 2.20075
v 2.36788 1.08354 3.54589
v 2.59843 -1.20802 3.12630
v 3.60144 0.76378 2.39095
v 1.91174 0.11852 3.88318
v 3.38699 -0.91105 2.43964
v 2.88550 1.26420 3.09320
v 2.17066 -0.89039 3.55483
v 3.74106 0.09880 2.21520
v 2.13623 0.76287 3.73988
v 2.91846 -1.18499 2.84857
v 3.37169 1.04391 2.63853
v 1.94907 -0.30488 3.81802
v 3.59192 -0.56431 2.30078
v 2.57415 1.15968 3.37977
v 2.43813 -1.09056 3.30158
v 3.67155 0.50708 2.32920
v 2.00064 0.36880 3.83727
v 3.21637 -1.02340 2.60742
v 3.08409 1.18408 2.92474
v 2.08852 -0.66661 3.66548
v 3.69823 -0.16135 2.25642
v 2.31022 0.91944 3.60912
v 2.73994 -1.15270 3.03368
v 3.50106 0.83783 2.52613
v 1.97258 -0.04487 3.83339
v 3.45833 -0.74663 2.42967
v 2.77933 1.17209 3.21143
v 2.30859 -0.92835 3.45093
v 3.69543 0.24649 2.30988
v 2.12523 0.58238 3.75614
v 3.04073 -1.07631 2.78325
v 3.25598 1.05101 2.77836
v 2.04924 -0.42649 3.73720
v 3.61699 -0.39114 2.33458
v 2.49853 1.01755 3.46207
v 2.58029 -1.06610 3.20454
v 3.58767 0.60731 2.45191
v 2.03794 0.19743 3.80885
v 3.30587 -0.87591 2.57884
v 2.97235 1.12409 3.05135
v 2.21563 -0.73292 3.56834
v 3.67541 -0.00306 2.33144
v 2.27701 0.74917 3.64730
v 2.87046 -1.07090 2.95747
v 3.39356 0.87627 2.66155
v 2.05320 -0.18448 3.76892
v 3.50507 -0.57990 2.44305
v 2.68996 1.05515 3.30906
v 2.44765 -0.93345 3.35317
v 3.63003 0.36741 2.41788
v 2.13962 0.40902 3.74901
v 3.14487 -0.94873 2.73896
v 3.14323 1.02257 2.90902
v 2.16290 -0.51741 3.64974
v 3.61632 -0.22802 2.39006
v 2.44605 0.86220 3.51973
v 2.71529 -1.01149 3.12091
v 3.49161 0.67320 2.57964
v 2.09823 0.04511 3.76201
v 3.37164 -0.71981 2.57379
v 2.87343 1.03398 3.16045
v 2.34847 -0.76543 3.47306
v 3.62934 0.13311 2.42351
v 2.26998 0.57909 3.66049
v 2.98577 -0.96498 2.90047
v 3.28368 0.87751 2.79249
v 2.15162 -0.29591 3.69332
v 3.52508 -0.41684 2.47987
v 2.62150 0.91804 3.38334
v 2.58386 -0.90533 3.26527
v 3.54753 0.45638 2.53560
v 2.17972 0.24900 3.72015
v 3.22680 -0.80619 2.71778
v 3.03864 0.95950 3.02596
v 2.28714 -0.57456 3.55955
v 3.58941 -0.08155 2.46591
v 2.41968 0.69961 3.55162
v 2.83861 -0.92781 3.05402
v 3.38756 0.70133 2.70788
v 2.18054 -0.08266 3.69958
v 3.41033 -0.56056 2.59338
v 2.79230 0.91702 3.24835
v 2.48327 -0.76230 3.38355
v 3.56142 0.24080 2.52989
v 2.29078 0.41566 3.64919
v 3.08107 -0.83764 2.86550
v 3.17663 0.84044 2.91414
v 2.26576 -0.37463 3.61007
v 3.51634 -0.26414 2.53999
v 2.57819 0.76586 3.43189
v 2.71259 -0.84346 3.19096
v 3.45117 0.50816 2.65908
v 2.24587 0.10864 3.67138
v 3.28195 -0.65316 2.72188
v 2.94779 0.86313 3.12470
v 2.41878 -0.59440 3.47040
v 3.53604 0.04104 2.56057
v 2.42263 0.53595 3.55684
v 2.94488 -0.81605 3.00741
v 3.28028 0.68831 2.83190
v 2.28402 -0.18003 3.62426
v 3.41821 -0.40440 2.63885
v 2.73440 0.77663 3.31145
v 2.61568 -0.72099 3.30366
v 3.47340 0.31307 2.64764
v 2.34153 0.26555 3.61382
v 3.15058 -0.69172 2.85585
v 3.07819 0.76382 3.02155
v 2.39357 -0.41526 3.52236
v 3.47653 -0.12937 2.62345
v 2.56498 0.60363 3.45225
v 2.82823 -0.74646 3.13428
v 3.34459 0.51682 2.78425
v 2.33917 -0.00516 3.60407
v 3.30462 -0.49460 2.75409
v 2.87705 0.73430 3.20061
v 2.55434 -0.57186 3.38582
v 3.45566 0.13137 2.67277
v 2.45929 0.37742 3.53397
v 3.02726 -0.67642 2.98537
v 3.17506 0.62959 2.94687
v 2.40865 -0.23971 3.53796
v 3.39018 -0.25841 2.71235
v 2.70649 0.61547 3.34561
v 2.74041 -0.63675 3.23750
v 3.36669 0.34117 2.77419
v 2.42617 0.13606 3.55360
v 3.18639 -0.52951 2.87617
v 2.99514 0.64450 3.10946
v 2.53354 -0.40959 3.43254
v 3.40158 -0.02178 2.73159
v 2.58921 0.43553 3.44056
v 2.92324 -0.61014 3.10030
v 3.23123 0.47335 2.90741
v 2.46314 -0.08339 3.51756
v 3.28595 -0.33542 2.81951
v 2.83495 0.57094 3.24789
v 2.69017 -0.49717 3.30897
v 3.34545 0.17780 2.80303
v 2.53814 0.23006 3.47872
v 3.07532 -0.50573 2.99465
v 3.07771 0.51539 3.04793
v 2.55735 -0.24947 3.43990
v 3.31631 -0.13100 2.81975
v 2.71985 0.43222 3.34373
v 2.85041 -0.49745 3.19000
v 3.23990 0.30994 2.90934
v 2.55519 0.03668 3.46264
v 3.17396 -0.34961 2.93604
v 2.93694 0.47055 3.17101
v 2.68718 -0.33948 3.34008
v 3.27971 0.04480 2.87182
v 2.66731 0.26155 3.38630
v 2.98473 -0.41883 3.09784
v 3.11188 0.35572 3.02730
v 2.63166 -0.10898 3.40282
v 3.20434 -0.17766 2.93313
v 2.83827 0.35640 3.25489
v 2.82419 -0.34074 3.24116
v 3.18995 0.15539 2.96199
v 2.68627 0.09809 3.37230
v 3.06431 -0.28222 3.05298
v 2.99422 0.30791 3.13062
v 2.74996 -0.17365 3.31542
v 3.15919 -0.03308 2.98856
v 2.80994 0.20033 3.28019
v 2.93344 -0.24640 3.16969
v 3.06868 0.16334 3.07140
v 2.78445 -0.01188 3.29892
v 3.05311 -0.11461 3.08111
v 2.92929 0.15150 3.18721
v 2.89357 -0.09803 3.21381
v 2.99891 0.01584 3.13151
f 3222 3167 3078
f 4101 4046 3957
f 1457 1313 1368
f 3815 3904 3760
f 2429 2573 2518
f 4082 3938 3993
f 5582 5637 5726
f 5671 5815 5760
f 5760 5616 5671
f 5582 5726 5671
f 5671 5726 5815
f 5493 5637 5582
f 5118 5063 4974
f 4046 4101 4190
f 3957 4046 3902
f 3902 3813 3957
f 4088 3944 3999
f 4012 4101 3957
f 3313 3169 3224
f 3224 3169 3080
f 1821 1677 1732
f 1910 2054 1999
f 3677 3622 3533
f 1876 1821 1732
f 1253 1308 1397
f 2177 2321 2266
f 1805 1661 1716
f 737 792 826
f 1357 1501 1446
f 1446 1302 1357
f 1391 1302 1446
f 1501 1590 1446
f 2235 2180 2091
f 2413 2557 2502
f 672 638 727
f 583 638 672
f 327 348 382
f 293 348 327
f 1084 1139 1228
f 919 885 974
f 851 885 796
f 707 796 741
f 529 440 495
f 190 245 224
f 11 6 19
f 121 108 142
f 535 624 569
f 1641 1785 1730
f 1654 1565 1709
f 1709 1798 1654
f 1654 1798 1743
f 1510 1565 1654
f 976 942 1031
f 2859 2770 2914
f 4032 4087 4176
f 3694 3639 3550
f 3783 3639 3694
f 3775 3720 3631
f 3864 3720 3775
f 3576 3432 3487
f 3576 3720 3665
f 3487 3631 3576
f 3576 3631 3720
f 3521 3576 3665
f 3432 3576 3521
f 1479 1534 1623
f 4222 4366 4311
f 4133 4044 4188
f 4510 4366 4421
f 4421 4565 4510
f 3989 4044 4133
f 3900 4044 3989
f 4154 4010 4065
f 4065 4120 4209
f 4209 4154 4065
f 3544 3633 3489
f 3544 3455 3599
f 3311 3167 3222
f 4065 4010 3921
f 3921 4010 3866
f 3976 3832 3887
f 3976 4120 4065
f 4065 3921 3976
f 3976 3921 3832
f 3256 3112 3167
f 3167 3311 3256
f 3256 3201 3112
f 3023 3078 3167
f 3167 3112 3023
f 2502 2591 2447
f 4107 3963 4018
f 4175 4230 4319
f 4086 4230 4175
f 3887 3832 3743
f 3743 3798 3887
f 3654 3798 3743
f 3599 3654 3743
f 3599 3455 3510
f 3510 3654 3599
f 2206 2261 2350
f 2439 2295 2350
f 2350 2295 2206
f 4151 4096 4007
f 4172 4083 4227
f 4570 4714 4659
f 4192 4247 4336
f 4171 4082 4226
f 3849 3938 3794
f 3993 3938 3849
f 3849 3904 3993
f 3849 3760 3904
f 3726 3870 3815
f 3726 3582 3637
f 3815 3760 3671
f 3671 3726 3815
f 3582 3726 3671
f 3527 3582 3671
f 3637 3582 3493
f 4132 3988 4043
f 4022 3967 3878
f 3933 4022 3878
f 3925 3870 3781
f 3637 3692 3781
f 3781 3726 3637
f 3870 3726 3781
f 3548 3692 3637
f 3637 3493 3548
f 3446 3535 3391
f 3946 3891 3802
f 3658 3713 3802
f 3802 3747 3658
f 3891 3747 3802
f 3946 3802 3857
f 3857 3802 3713
f 3569 3713 3658
f 3912 3967 4056
f 4200 4145 4056
f 4488 4399 4543
f 4577 4433 4488
f 4289 4433 4378
f 4289 4145 4200
f 4378 4433 4522
f 4522 4433 4577
f 4234 4289 4378
f 4145 4289 4234
f 4035 3891 3946
f 4844 4700 4755
f 4480 4425 4336
f 4187 4132 4043
f 5483 5428 5339
f 4784 4928 4873
f 4873 4928 5017
f 5161 5250 5106
f 5106 5017 5161
f 6934 6790 6845
f 5981 6036 6125
f 5672 5761 5617
f 5130 5041 5185
f 5185 5274 5130
f 6651 6562 6706
f 6829 6740 6884
f 6711 6567 6622
f 6787 6876 6732
f 6376 6431 6520
f 6410 6554 6499
f 7379 7468 7413
f 6918 6774 6829
f 7321 7355 7266
f 3191 3335 3280
f 3280 3335 3424
f 3259 3115 3170
f 3322 3466 3411
f 2856 2712 2767
f 2801 2712 2856
f 2767 2911 2856
f 1696 1785 1641
f 5890 5746 5801
f 5047 4992 4903
f 6398 6343 6254
f 4123 4212 4068
f 4157 4068 4212
f 4183 4094 4238
f 6416 6560 6505
f 6505 6560 6649
f 7680 7646 7701
f 7701 7646 7667
f 6118 6029 6173
f 3728 3639 3783
f 3330 3474 3419
f 3330 3186 3241
f 6807 6718 6862
f 6142 6197 6286
f 6108 6252 6197
f 5519 5608 5464
f 5527 5616 5472
f 5582 5671 5527
f 5527 5671 5616
f 5718 5862 5807
f 5985 5841 5896
f 4320 4265 4176
f 4409 4265 4320
f 5307 5362 5451
f 4074 4019 3930
f 4362 4307 4218
f 6260 6315 6404
f 6349 6404 6493
f 6260 6404 6349
f 5027 4883 4938
f 5027 5171 5116
f 4739 4883 4828
f 5404 5493 5349
f 7939 7905 7926
f 7926 7905 7892
f 7228 7194 7283
f 7283 7194 7249
f 5130 5274 5219
f 5876 6020 5965
f 4473 4418 4329
f 4562 4418 4473
f 4609 4554 4465
f 3703 3614 3758
f 3813 3902 3758
f 4033 3889 3944
f 3944 4088 4033
f 3944 3889 3800
f 3656 3711 3800
f 3800 3745 3656
f 3889 3745 3800
f 3999 3944 3855
f 3855 3910 3999
f 3944 3800 3855
f 3855 3800 3711
f 3402 3546 3491
f 4101 4012 4156
f 4156 4211 4300
f 3347 3402 3491
f 3080 3169 3025
f 3025 3169 3114
f 3313 3224 3368
f 3690 3546 3601
f 3601 3745 3690
f 3601 3512 3656
f 3656 3745 3601
f 3135 3224 3080
f 1965 2054 1910
f 1910 1821 1965
f 1821 1876 1965
f 1965 1876 2020
f 2109 1965 2020
f 2054 1965 2109
f 2088 1999 2143
f 2143 1999 2054
f 3609 3698 3554
f 3787 3698 3842
f 3821 3677 3732
f 4164 4020 4075
f 4075 4219 4164
f 4185 4329 4274
f 4274 4329 4418
f 256 311 290
f 300 245 266
f 266 321 300
f 206 185 151
f 240 185 206
f 240 206 261
f 261 206 227
f 261 227 282
f 376 321 342
f 334 389 423
f 703 792 737
f 881 826 792
f 1732 1643 1787
f 1787 1876 1732
f 1685 1630 1541
f 1397 1308 1452
f 1452 1541 1397
f 1363 1452 1308
f 1507 1452 1363
f 1588 1643 1732
f 1732 1677 1588
f 2101 1957 2012
f 2813 2868 2957
f 2957 2902 2813
f 2813 2758 2669
f 2902 2758 2813
f 2635 2546 2690
f 2944 3088 3033
f 3033 3088 3177
f 2800 2855 2944
f 2656 2800 2745
f 2465 2321 2376
f 2376 2520 2465
f 2266 2321 2410
f 2410 2321 2465
f 2533 2677 2622
f 1839 1784 1695
f 2203 2258 2347
f 2059 1915 1970
f 1881 2025 1970
f 2038 1894 1949
f 1949 1894 1805
f 1873 2017 1962
f 1441 1496 1585
f 1297 1386 1242
f 1297 1441 1386
f 1203 1292 1148
f 334 313 279
f 279 300 334
f 245 300 279
f 224 245 279
f 326 292 347
f 347 292 313
f 2334 2279 2190
f 2190 2245 2334
f 2101 2245 2190
f 1776 1687 1831
f 1598 1543 1454
f 1687 1543 1598
f 1433 1378 1289
f 1412 1501 1357
f 1522 1378 1433
f 1522 1666 1611
f 1611 1666 1755
f 1721 1666 1577
f 1577 1522 1433
f 1666 1522 1577
f 1454 1543 1399
f 603 569 658
f 658 569 624
f 891 925 836
f 980 925 891
f 768 857 802
f 857 891 802
f 836 747 802
f 802 891 836
f 823 857 768
f 878 933 967
f 1244 1388 1333
f 1134 1079 990
f 1858 2002 1947
f 2002 2091 1947
f 1714 1769 1858
f 1735 1591 1646
f 1536 1591 1680
f 1591 1735 1680
f 1824 1769 1680
f 1680 1735 1824
f 3222 3078 3133
f 3078 2989 3133
f 2324 2180 2235
f 342 308 397
f 782 816 727
f 905 850 816
f 816 850 761
f 727 816 761
f 761 672 727
f 1248 1337 1193
f 1392 1337 1248
f 1617 1672 1761
f 1727 1672 1583
f 1172 1316 1261
f 1227 1316 1172
f 1515 1604 1460
f 1460 1604 1549
f 1583 1439 1494
f 1494 1439 1350
f 1434 1290 1345
f 1948 1804 1859
f 2655 2600 2511
f 1880 1825 1736
f 1736 1825 1681
f 1990 1935 1846
f 1846 1901 1990
f 2223 2134 2278
f 1833 1977 1922
f 2278 2134 2189
f 848 759 814
f 793 759 848
f 387 421 332
f 416 382 471
f 327 382 416
f 416 361 327
f 471 382 437
f 437 382 348
f 1681 1537 1592
f 1592 1736 1681
f 1660 1516 1571
f 1571 1516 1427
f 1427 1516 1372
f 1173 1084 1228
f 940 885 851
f 974 885 940
f 1228 1139 1283
f 1283 1372 1228
f 1283 1338 1427
f 1427 1372 1283
f 885 919 830
f 775 741 830
f 830 796 885
f 741 796 830
f 864 919 953
f 775 830 864
f 864 830 919
f 953 919 1008
f 1008 919 974
f 626 592 681
f 686 741 775
f 1139 1084 995
f 1084 940 995
f 1249 1393 1338
f 673 707 618
f 563 529 618
f 652 597 563
f 563 618 652
f 652 618 707
f 652 707 741
f 741 686 652
f 652 686 597
f 762 707 673
f 762 817 851
f 851 796 762
f 796 707 762
f 351 440 385
f 25 46 38
f 38 17 25
f 25 17 12
f 41 75 54
f 19 6 14
f 16 11 24
f 121 142 176
f 176 142 197
f 95 108 74
f 19 14 27
f 32 11 19
f 24 11 32
f 87 108 121
f 87 74 108
f 53 74 87
f 459 370 425
f 404 370 459
f 535 569 480
f 425 391 480
f 231 176 197
f 210 176 231
f 998 909 964
f 1019 1108 964
f 1019 1074 1163
f 1163 1108 1019
f 3170 3115 3026
f 2259 2170 2314
f 2314 2170 2225
f 2657 2712 2801
f 2568 2712 2657
f 2429 2518 2374
f 2374 2518 2463
f 1743 1798 1887
f 1976 1832 1887
f 1887 1832 1743
f 895 950 984
f 1641 1730 1586
f 1586 1531 1442
f 1421 1565 1510
f 1620 1764 1709
f 1709 1565 1620
f 1298 1353 1442
f 1298 1209 1353
f 976 1031 1120
f 1120 1031 1175
f 887 942 976
f 1086 1031 942
f 1175 1031 1086
f 942 887 853
f 853 887 798
f 1107 963 1018
f 4233 4089 4144
f 5097 5186 5042
f 5008 4864 4919
f 4919 5063 5008
f 4974 5063 4919
f 4521 4610 4466
f 4466 4610 4555
f 4555 4411 4466
f 4466 4411 4322
f 4176 4265 4121
f 4121 4032 4176
f 3032 3087 3176
f 4019 4108 3964
f 5786 5642 5697
f 5697 5841 5786
f 5731 5642 5786
f 5553 5697 5642
f 5464 5608 5553
f 5608 5697 5553
f 4964 4909 4820
f 5053 4909 4964
f 3665 3720 3809
f 3809 3864 3953
f 3720 3864 3809
f 3775 3631 3686
f 3597 3741 3686
f 3953 3864 4008
f 4008 4063 4152
f 3432 3521 3377
f 3377 3521 3466
f 3466 3322 3377
f 3055 2911 2966
f 3055 3199 3144
f 3144 3089 3000
f 3000 3055 3144
f 2911 3055 3000
f 3000 2856 2911
f 3487 3432 3343
f 1623 1534 1678
f 869 814 780
f 1136 992 1047
f 1458 1314 1369
f 2309 2165 2220
f 2220 2165 2076
f 2432 2576 2521
f 2720 2576 2631
f 2178 2123 2034
f 2487 2576 2432
f 2631 2576 2487
f 2864 3008 2953
f 3042 2898 2953
f 4531 4675 4620
f 4531 4387 4442
f 4133 4188 4277
f 4277 4222 4133
f 4366 4222 4277
f 4277 4421 4366
f 4277 4188 4332
f 4332 4421 4277
f 4099 4188 4044
f 4010 4154 4099
f 3934 3989 4078
f 4078 4023 3934
f 4133 4222 4078
f 4078 3989 4133
f 3646 3701 3790
f 3845 3989 3934
f 3934 3790 3845
f 3845 3790 3701
f 3900 3989 3845
f 3900 3845 3756
f 3756 3845 3701
f 4455 4366 4510
f 4311 4366 4455
f 4887 4743 4798
f 5298 5243 5154
f 5387 5243 5298
f 4730 4675 4586
f 4442 4497 4586
f 4586 4531 4442
f 4675 4531 4586
f 4332 4387 4476
f 4476 4421 4332
f 4565 4421 4476
f 4620 4565 4476
f 4476 4531 4620
f 4387 4531 4476
f 4243 4387 4332
f 4243 4099 4154
f 4332 4188 4243
f 4188 4099 4243
f 4353 4497 4442
f 4154 4209 4298
f 4298 4243 4154
f 4387 4243 4298
f 4442 4387 4298
f 4298 4353 4442
f 4209 4353 4298
f 3633 3544 3688
f 3688 3544 3599
f 3599 3743 3688
f 3688 3743 3832
f 3489 3633 3578
f 3633 3722 3578
f 3400 3256 3311
f 3400 3544 3489
f 3455 3544 3400
f 3400 3311 3455
f 3078 3023 2934
f 2934 2989 3078
f 3201 3146 3057
f 3112 3201 3057
f 4183 4272 4128
f 4128 4272 4217
f 4217 4272 4361
f 4361 4306 4217
f 4361 4272 4416
f 3908 3819 3963
f 3908 3997 3853
f 4031 4175 4120
f 4031 3976 3887
f 4120 3976 4031
f 4086 4175 4031
f 2562 2617 2706
f 2206 2295 2151
f 2384 2295 2439
f 1842 1986 1931
f 1931 1787 1842
f 2020 1876 1931
f 1876 1787 1931
f 2020 1931 2075
f 2075 1931 1986
f 2219 2075 2130
f 2130 2075 1986
f 2130 2274 2219
f 2185 2274 2130
f 2596 2452 2507
f 1905 1960 2049
f 2536 2447 2591
f 2727 2583 2638
f 2727 2871 2816
f 2672 2727 2816
f 2583 2727 2672
f 2926 2871 2782
f 2782 2727 2638
f 2871 2727 2782
f 2460 2549 2405
f 2405 2350 2261
f 3426 3570 3515
f 3824 3680 3735
f 3646 3790 3735
f 3384 3329 3240
f 2774 2630 2685
f 2685 2829 2774
f 2719 2774 2863
f 2630 2774 2719
f 2685 2630 2541
f 2541 2596 2685
f 2452 2596 2541
f 2541 2630 2486
f 3062 3007 2918
f 2918 2774 2829
f 2918 3007 2863
f 2863 2774 2918
f 2842 2787 2698
f 3172 3083 3227
f 3028 3083 3172
f 3172 3117 3028
f 3261 3117 3172
f 3227 3083 3138
f 3138 3083 2994
f 2960 2905 2816
f 2816 2871 2960
f 3337 3193 3248
f 3248 3392 3337
f 3303 3392 3248
f 3515 3460 3371
f 3371 3426 3515
f 2973 3117 3062
f 3062 2918 2973
f 2973 2918 2829
f 3028 3117 2973
f 3439 3350 3494
f 3439 3528 3384
f 3062 3117 3206
f 3206 3117 3261
f 3261 3350 3206
f 4659 4714 4803
f 4803 4858 4947
f 4714 4858 4803
f 4062 4151 4007
f 4028 4172 4117
f 4083 4172 4028
f 4638 4693 4782
f 5619 5708 5564
f 5619 5763 5708
f 4247 4192 4103
f 4103 4158 4247
f 4336 4425 4281
f 4281 4192 4336
f 4137 4082 3993
f 4137 4226 4082
f 4137 4281 4226
f 4192 4281 4137
f 3527 3671 3616
f 3616 3671 3760
f 3472 3561 3417
f 3472 3616 3561
f 3527 3616 3472
f 4247 4158 4302
f 4221 4365 4310
f 3967 4022 4111
f 4200 4056 4111
f 4111 4056 3967
f 4022 3933 4077
f 4077 3933 3988
f 3988 4132 4077
f 4077 4132 4221
f 3658 3747 3603
f 3603 3747 3692
f 3692 3548 3603
f 3692 3747 3836
f 3925 3781 3836
f 3836 3781 3692
f 3836 3747 3891
f 3404 3548 3493
f 3590 3446 3501
f 3590 3734 3679
f 3590 3679 3535
f 3535 3446 3590
f 4001 3857 3912
f 3912 4056 4001
f 4001 4056 4145
f 3946 3857 4001
f 3768 3857 3713
f 3912 3857 3768
f 3480 3569 3425
f 3391 3535 3480
f 3679 3734 3823
f 3912 3768 3823
f 3823 3768 3679
f 3823 3967 3912
f 3878 3967 3823
f 3823 3734 3878
f 5132 5043 5187
f 5132 5221 5077
f 5564 5509 5420
f 5365 5509 5454
f 5365 5420 5509
f 4632 4721 4577
f 4577 4488 4632
f 4632 4488 4543
f 4632 4776 4721
f 4344 4488 4433
f 4344 4289 4200
f 4433 4289 4344
f 4399 4488 4344
f 4378 4522 4467
f 4755 4700 4611
f 4611 4467 4522
f 4666 4522 4577
f 4666 4810 4755
f 4755 4611 4666
f 4666 4611 4522
f 4577 4721 4666
f 4721 4810 4666
f 4755 4810 4899
f 4899 4844 4755
f 5043 4899 4954
f 4954 4899 4810
f 4124 4035 4179
f 4412 4501 4357
f 2802 2857 2946
f 2713 2857 2802
f 2658 2713 2802
f 2569 2713 2658
f 4818 4907 4763
f 4331 4475 4420
f 4331 4187 4242
f 4420 4365 4276
f 4276 4331 4420
f 4187 4331 4276
f 4132 4187 4276
f 4221 4132 4276
f 4276 4365 4221
f 4509 4365 4420
f 4420 4475 4564
f 4564 4509 4420
f 4653 4509 4564
f 4564 4475 4619
f 4839 4928 4784
f 4983 4928 4839
f 4386 4331 4242
f 4475 4331 4386
f 4784 4873 4729
f 4729 4873 4818
f 4962 5017 5106
f 4962 4873 5017
f 4818 4873 4962
f 4962 4907 4818
f 5017 4928 5072
f 5072 5161 5017
f 5072 4928 4983
f 6950 6861 7005
f 7413 7468 7502
f 6845 6790 6701
f 6790 6934 6879
f 6562 6418 6473
f 6227 6371 6316
f 6426 6515 6371
f 6316 6371 6460
f 6371 6515 6460
f 6591 6680 6536
f 6570 6426 6481
f 6515 6426 6570
f 6222 6277 6366
f 5536 5392 5447
f 5879 5824 5735
f 6133 6277 6222
f 5659 5803 5748
f 6002 6091 5947
f 5947 6091 6036
f 5549 5693 5638
f 5727 5638 5782
f 5782 5638 5693
f 5837 5981 5926
f 5837 5693 5748
f 5926 5782 5837
f 5837 5782 5693
f 6036 5981 5892
f 5892 5947 6036
f 5803 5947 5892
f 5748 5803 5892
f 5892 5837 5748
f 5981 5837 5892
f 5329 5185 5240
f 5274 5185 5329
f 5363 5219 5274
f 6512 6567 6656
f 6656 6567 6711
f 6690 6834 6779
f 6690 6745 6834
f 6779 6635 6690
f 5169 5114 5025
f 4470 4614 4559
f 6182 6093 6237
f 6376 6321 6232
f 7536 7570 7481
f 6774 6630 6685
f 6829 6774 6685
f 6685 6740 6829
f 6507 6418 6562
f 6562 6651 6507
f 6795 6884 6740
f 6795 6651 6706
f 6740 6651 6795
f 6939 6884 6795
f 7156 7122 7211
f 7266 7211 7177
f 7177 7211 7122
f 7067 7122 7156
f 6643 6732 6588
f 6588 6499 6643
f 6643 6499 6554
f 6554 6698 6643
f 6787 6732 6643
f 6643 6698 6787
f 6821 6732 6876
f 6876 6965 6821
f 6821 6965 6910
f 6711 6622 6766
f 6766 6855 6711
f 6910 6855 6766
f 6766 6821 6910
f 6376 6520 6465
f 6465 6554 6410
f 6410 6321 6465
f 6465 6321 6376
f 6609 6698 6554
f 6554 6465 6609
f 6609 6465 6520
f 6609 6520 6664
f 6575 6520 6431
f 6664 6520 6575
f 7714 7659 7680
f 7523 7468 7434
f 7468 7379 7434
f 6931 6876 6787
f 6774 6918 6863
f 7643 7554 7609
f 7232 7177 7143
f 7232 7321 7266
f 7266 7177 7232
f 7206 7261 7295
f 7261 7350 7295
f 7405 7371 7460
f 7130 7096 7185
f 3369 3280 3424
f 3369 3225 3280
f 3403 3348 3259
f 2623 2712 2568
f 2767 2712 2623
f 2623 2678 2767
f 2623 2534 2678
f 3233 3089 3144
f 3233 3377 3322
f 2039 1984 1895
f 1518 1662 1607
f 1573 1662 1518
f 1806 1662 1717
f 1717 1662 1573
f 3107 3052 2963
f 2641 2586 2497
f 3204 3348 3293
f 3115 3259 3204
f 3259 3348 3204
f 3115 3204 3060
f 2662 2518 2573
f 3073 2929 2984
f 5301 5212 5356
f 5835 5691 5746
f 5746 5890 5835
f 5746 5691 5602
f 5280 5225 5136
f 5136 4992 5047
f 6034 6178 6123
f 6322 6178 6233
f 6144 6288 6233
f 5445 5301 5356
f 6398 6453 6542
f 6487 6343 6398
f 6398 6542 6487
f 6487 6542 6631
f 6183 6128 6039
f 6094 6005 6149
f 6183 6039 6094
f 6123 6068 5979
f 5979 6034 6123
f 5890 6034 5979
f 5979 5835 5890
f 5979 6068 5924
f 5924 5835 5979
f 6267 6178 6322
f 6123 6178 6267
f 5230 5141 5285
f 5285 5374 5230
f 4162 4107 4018
f 4217 4306 4162
f 5526 5615 5471
f 4013 3869 3924
f 4013 4157 4102
f 3924 4068 4013
f 4068 4157 4013
f 4123 4068 3979
f 3979 3835 3890
f 3979 4068 3924
f 3924 3835 3979
f 4615 4670 4759
f 4060 4115 4204
f 3971 4115 4060
f 4327 4471 4416
f 4183 4238 4327
f 4327 4272 4183
f 4416 4272 4327
f 3814 3869 3958
f 4102 4047 3958
f 3958 4013 4102
f 3869 4013 3958
f 3814 3759 3670
f 3848 3759 3903
f 3903 3759 3814
f 3814 3958 3903
f 3903 3958 4047
f 4790 4735 4646
f 4913 4858 4769
f 4769 4858 4714
f 6780 6636 6691
f 6471 6560 6416
f 6416 6327 6471
f 7005 6861 6916
f 6649 6793 6738
f 6738 6793 6882
f 6641 6497 6552
f 6552 6497 6408
f 6895 6984 6840
f 6416 6505 6361
f 7597 7686 7631
f 7631 7542 7597
f 7453 7542 7487
f 7576 7521 7487
f 7487 7542 7576
f 7576 7542 7631
f 7317 7228 7283
f 7999 7997 8000
f 7916 7903 7937
f 7578 7633 7667
f 7667 7633 7688
f 6029 6118 5974
f 6325 6181 6236
f 5914 6003 5859
f 5749 5893 5838
f 5804 5893 5749
f 6016 6071 6160
f 6160 6071 6215
f 6215 6071 6126
f 6037 6181 6126
f 6092 6181 6037
f 6236 6181 6092
f 5346 5490 5435
f 4791 4846 4935
f 4935 4880 4791
f 5024 4880 4935
f 5414 5558 5503
f 5469 5558 5414
f 5880 5736 5791
f 5825 5969 5914
f 5825 5880 5969
f 5736 5880 5825
f 5503 5558 5647
f 5791 5736 5647
f 5181 5270 5126
f 5346 5435 5291
f 5291 5435 5380
f 4969 4880 5024
f 4825 4880 4969
f 4969 4914 4825
f 5058 4914 4969
f 3241 3186 3097
f 3097 2953 3008
f 3097 3186 3042
f 3042 2953 3097
f 3550 3639 3495
f 3550 3495 3406
f 4029 4173 4118
f 3885 3940 4029
f 4084 4029 3940
f 4173 4029 4084
f 3796 3940 3885
f 3885 3741 3796
f 3985 3930 3841
f 4074 3930 3985
f 4739 4595 4650
f 4705 4650 4561
f 2163 2307 2252
f 7074 7019 6930
f 6959 7048 6904
f 6281 6425 6370
f 6768 6823 6912
f 6514 6370 6425
f 6807 6862 6951
f 6663 6718 6807
f 6917 6862 6773
f 6773 6862 6718
f 6629 6773 6718
f 6684 6773 6629
f 6396 6252 6307
f 6307 6451 6396
f 6286 6197 6341
f 6197 6252 6341
f 6341 6396 6485
f 6252 6396 6341
f 6231 6142 6286
f 6197 6142 6053
f 6053 6108 6197
f 6053 5998 5909
f 6142 5998 6053
f 5684 5629 5540
f 6205 6294 6150
f 6205 6116 6260
f 6260 6349 6205
f 6205 6349 6294
f 6027 5972 5883
f 6116 5972 6027
f 5951 5807 5862
f 5896 5807 5951
f 5574 5629 5718
f 5608 5519 5663
f 5519 5574 5663
f 5718 5807 5663
f 5663 5574 5718
f 5862 5917 6006
f 6006 5951 5862
f 6095 5951 6006
f 6150 6095 6006
f 6150 6294 6239
f 6239 6095 6150
f 5451 5540 5396
f 5396 5307 5451
f 4409 4320 4464
f 5362 5307 5218
f 5307 5163 5218
f 4163 4108 4019
f 4163 4019 4074
f 4074 4218 4163
f 4163 4218 4307
f 4362 4218 4273
f 5145 5200 5289
f 6294 6349 6438
f 6438 6349 6493
f 6357 6412 6501
f 5815 5726 5870
f 4807 4663 4718
f 4807 4752 4663
f 5438 5294 5349
f 5582 5527 5438
f 5438 5493 5582
f 5349 5493 5438
f 5349 5294 5205
f 4972 4828 4883
f 4972 5027 5116
f 4883 5027 4972
f 4718 4629 4773
f 4451 4595 4540
f 4451 4307 4362
f 4396 4307 4451
f 4451 4540 4396
f 5260 5404 5349
f 5116 5171 5260
f 5260 5205 5116
f 5349 5205 5260
f 6257 6202 6113
f 7986 7991 7978
f 7978 7965 7986
f 7957 7965 7978
f 7994 7997 7999
f 7999 7991 7994
f 7994 7991 7986
f 7944 7965 7957
f 7957 7923 7944
f 7931 7965 7944
f 7931 7944 7910
f 7910 7944 7923
f 7941 7962 7954
f 7954 7920 7941
f 7986 7965 7973
f 7879 7892 7858
f 7871 7892 7905
f 7905 7884 7871
f 7905 7939 7918
f 7918 7884 7905
f 6008 5953 5864
f 5610 5754 5699
f 5465 5520 5609
f 5753 5698 5609
f 5609 5664 5753
f 5520 5664 5609
f 6020 5876 5931
f 5787 5876 5732
f 5787 5931 5876
f 3559 3614 3703
f 5211 5300 5156
f 4457 4368 4512
f 4512 4368 4423
f 4423 4368 4279
f 4779 4923 4868
f 4224 4279 4368
f 2661 2572 2716
f 2085 2174 2030
f 2585 2496 2640
f 2695 2750 2839
f 1946 1857 2001
f 2763 2818 2907
f 4808 4664 4719
f 4253 4397 4342
f 4342 4397 4486
f 4863 4808 4719
f 4096 4151 4240
f 4185 4096 4240
f 4240 4329 4185
f 4643 4554 4698
f 4698 4554 4609
f 4986 4842 4897
f 4986 5041 5130
f 4986 4897 5041
f 4499 4554 4643
f 3999 3910 4054
f 4609 4465 4520
f 4520 4664 4609
f 3525 3580 3669
f 3669 3614 3525
f 3669 3758 3614
f 3813 3758 3669
f 3669 3724 3813
f 3580 3724 3669
f 3957 3813 3868
f 3813 3724 3868
f 3868 4012 3957
f 3491 3546 3635
f 3635 3580 3491
f 3635 3724 3580
f 3635 3546 3690
f 4177 4033 4088
f 4177 4232 4321
f 4088 4232 4177
f 4122 4033 4177
f 3690 3745 3834
f 3834 3745 3889
f 4376 4465 4321
f 4321 4232 4376
f 4376 4232 4287
f 4376 4520 4465
f 3910 3855 3766
f 3766 3677 3821
f 3821 3910 3766
f 3622 3677 3766
f 3766 3711 3622
f 3766 3855 3711
f 4245 4156 4300
f 4101 4156 4245
f 4245 4190 4101
f 3203 3347 3292
f 3114 3169 3258
f 3258 3203 3114
f 3347 3203 3258
f 3402 3347 3258
f 3258 3169 3313
f 3313 3402 3258
f 3292 3347 3436
f 3525 3381 3436
f 3436 3381 3292
f 3436 3580 3525
f 3491 3580 3436
f 3436 3347 3491
f 2415 2271 2326
f 2470 2415 2326
f 2326 2271 2182
f 2182 2237 2326
f 3080 3025 2936
f 2792 2936 2881
f 2881 2936 3025
f 3457 3601 3546
f 3313 3368 3457
f 3457 3368 3512
f 3512 3601 3457
f 3457 3402 3313
f 3546 3402 3457
f 3190 3135 3046
f 2957 3101 3046
f 3046 3101 3190
f 3046 2902 2957
f 3279 3368 3224
f 3224 3135 3279
f 3279 3135 3190
f 3190 3334 3279
f 2991 3135 3080
f 3080 2936 2991
f 2902 3046 2991
f 2991 3046 3135
f 2088 2143 2232
f 2232 2177 2088
f 2321 2177 2232
f 2232 2376 2321
f 2232 2143 2287
f 2287 2376 2232
f 2198 2342 2287
f 2054 2109 2198
f 2198 2109 2253
f 2253 2342 2198
f 2198 2143 2054
f 2287 2143 2198
f 2609 2520 2664
f 2465 2520 2609
f 2287 2342 2431
f 2431 2376 2287
f 2520 2376 2431
f 2431 2342 2486
f 4075 4020 3931
f 3931 3986 4075
f 3842 3986 3931
f 3787 3842 3931
f 3698 3609 3753
f 3753 3842 3698
f 3753 3609 3664
f 3465 3321 3376
f 3465 3609 3554
f 3143 3088 2999
f 2999 3054 3143
f 2910 3054 2999
f 2999 2855 2910
f 2999 3088 2944
f 2944 2855 2999
f 3232 3088 3143
f 3376 3321 3232
f 3232 3321 3177
f 3177 3088 3232
f 3232 3287 3376
f 3143 3287 3232
f 3588 3677 3533
f 3588 3732 3677
f 3410 3465 3554
f 3321 3465 3410
f 3821 3732 3876
f 3876 3732 3787
f 3787 3931 3876
f 3876 3931 4020
f 4363 4274 4418
f 4219 4274 4363
f 503 414 469
f 346 312 401
f 291 312 346
f 380 469 414
f 410 376 465
f 321 376 410
f 910 876 965
f 612 578 667
f 209 154 175
f 209 264 243
f 222 243 277
f 277 256 222
f 311 256 277
f 332 311 277
f 290 269 235
f 235 256 290
f 269 214 235
f 7 20 12
f 15 20 7
f 41 20 28
f 28 20 15
f 28 49 41
f 413 379 468
f 324 269 290
f 324 413 358
f 379 413 324
f 358 303 324
f 324 303 269
f 345 311 400
f 290 311 345
f 345 324 290
f 379 324 345
f 282 303 337
f 358 392 337
f 337 303 358
f 510 421 476
f 421 387 476
f 400 311 366
f 366 311 332
f 332 421 366
f 138 117 104
f 62 75 41
f 41 49 62
f 122 109 143
f 316 261 282
f 282 337 316
f 282 227 248
f 248 303 282
f 269 303 248
f 248 214 269
f 287 308 342
f 342 321 287
f 287 321 266
f 266 232 287
f 368 313 334
f 334 423 368
f 368 423 457
f 1664 1609 1520
f 1397 1541 1486
f 1486 1541 1630
f 1774 1630 1685
f 1842 1787 1698
f 1698 1787 1643
f 1643 1554 1698
f 1698 1554 1609
f 1829 1973 1918
f 1829 1774 1685
f 1918 1774 1829
f 1685 1541 1596
f 1596 1452 1507
f 1541 1452 1596
f 1528 1439 1583
f 1528 1672 1617
f 1583 1672 1528
f 1172 1261 1117
f 1219 1363 1308
f 677 643 732
f 1342 1253 1397
f 1397 1486 1342
f 1533 1588 1677
f 1444 1588 1533
f 1512 1457 1368
f 1635 1546 1690
f 1690 1779 1635
f 2156 2245 2101
f 2101 2012 2156
f 2156 2012 2067
f 2067 2211 2156
f 2067 2012 1923
f 1868 2012 1957
f 1779 1923 1868
f 1868 1923 2012
f 1758 1703 1614
f 1792 1881 1737
f 1559 1415 1470
f 1470 1614 1559
f 1559 1614 1703
f 1572 1661 1517
f 1716 1661 1572
f 2821 2677 2732
f 2588 2444 2499
f 2732 2677 2588
f 2588 2533 2444
f 2677 2533 2588
f 2622 2677 2766
f 2910 2855 2766
f 2766 2821 2910
f 2677 2821 2766
f 3478 3334 3389
f 3533 3622 3478
f 3478 3389 3533
f 3245 3101 3156
f 3389 3334 3245
f 3190 3101 3245
f 3245 3334 3190
f 3156 3300 3245
f 3245 3300 3389
f 2622 2567 2478
f 2478 2533 2622
f 2690 2546 2601
f 2546 2457 2601
f 2601 2745 2690
f 2656 2745 2601
f 2402 2457 2546
f 2347 2258 2402
f 2491 2436 2347
f 2491 2580 2436
f 2347 2402 2491
f 2491 2635 2580
f 2546 2635 2491
f 2491 2402 2546
f 2779 2635 2690
f 2779 2923 2868
f 2868 2813 2724
f 2724 2779 2868
f 2635 2779 2724
f 2580 2635 2724
f 2724 2813 2669
f 2669 2580 2724
f 3355 3300 3211
f 3211 3300 3156
f 2656 2567 2711
f 2711 2800 2656
f 2711 2567 2622
f 2855 2800 2711
f 2622 2766 2711
f 2711 2766 2855
f 2889 2745 2800
f 2889 3033 2978
f 2944 3033 2889
f 2889 2800 2944
f 2690 2745 2834
f 2834 2779 2690
f 2923 2779 2834
f 2978 2923 2834
f 2834 2889 2978
f 2745 2889 2834
f 3067 2923 2978
f 3067 3211 3156
f 2868 2923 3012
f 3012 3101 2957
f 2957 2868 3012
f 3156 3101 3012
f 3012 3067 3156
f 2923 3067 3012
f 2499 2410 2554
f 2554 2410 2465
f 2465 2609 2554
f 2554 2609 2698
f 2355 2211 2266
f 2499 2444 2355
f 2266 2410 2355
f 2355 2410 2499
f 2300 2355 2444
f 2211 2355 2300
f 2245 2156 2300
f 2300 2156 2211
f 1839 1695 1750
f 1661 1805 1750
f 1750 1894 1839
f 1805 1894 1750
f 2169 2025 2080
f 2080 2224 2169
f 2258 2203 2114
f 2114 2169 2258
f 2025 2169 2114
f 2114 1970 2025
f 2114 2203 2059
f 2059 1970 2114
f 1915 1771 1826
f 1826 1970 1915
f 1737 1881 1826
f 1881 1970 1826
f 1538 1593 1682
f 1682 1593 1737
f 1737 1826 1682
f 1682 1826 1771
f 1860 1771 1915
f 1860 1949 1805
f 1860 1805 1716
f 1716 1771 1860
f 2059 2203 2148
f 1962 2017 2106
f 1928 2072 2017
f 1928 1784 1839
f 1928 1873 1784
f 2017 1873 1928
f 2305 2250 2161
f 2161 2216 2305
f 2072 2216 2161
f 2017 2072 2161
f 2161 2106 2017
f 2250 2106 2161
f 1983 1894 2038
f 1839 1894 1983
f 1983 1928 1839
f 2072 1928 1983
f 737 826 771
f 826 860 771
f 407 318 373
f 551 640 585
f 585 619 530
f 1009 954 920
f 1441 1297 1352
f 1496 1441 1352
f 1263 1119 1174
f 1174 1318 1263
f 1208 1119 1263
f 1263 1352 1208
f 1208 1352 1297
f 1373 1462 1318
f 1517 1462 1373
f 873 839 928
f 894 983 928
f 928 839 894
f 928 983 1072
f 1072 1017 928
f 915 860 826
f 826 881 915
f 750 716 805
f 805 860 894
f 716 771 805
f 805 771 860
f 805 839 750
f 894 839 805
f 1072 1216 1161
f 1161 1017 1072
f 1470 1415 1326
f 326 347 381
f 734 823 768
f 920 954 865
f 865 831 920
f 865 954 899
f 137 192 171
f 205 150 171
f 179 124 145
f 2046 1957 2101
f 2101 2190 2046
f 2046 1902 1957
f 1920 1776 1831
f 1509 1420 1564
f 1509 1598 1454
f 2475 2331 2386
f 2386 2530 2475
f 2475 2530 2619
f 2187 2331 2276
f 2119 2174 2263
f 2030 2174 2119
f 2386 2331 2242
f 2331 2187 2242
f 1200 1289 1145
f 1268 1412 1357
f 1268 1124 1179
f 1467 1522 1611
f 1378 1522 1467
f 1721 1577 1632
f 1632 1543 1687
f 1632 1776 1721
f 1687 1776 1632
f 1255 1399 1344
f 1433 1289 1344
f 1344 1200 1255
f 1289 1200 1344
f 1488 1577 1433
f 1433 1344 1488
f 1488 1344 1399
f 1488 1399 1543
f 1543 1632 1488
f 1488 1632 1577
f 1420 1276 1331
f 1242 1386 1331
f 1331 1187 1242
f 1276 1187 1331
f 1365 1276 1420
f 1365 1509 1454
f 1420 1509 1365
f 1386 1441 1530
f 1530 1441 1585
f 1585 1674 1530
f 1585 1496 1640
f 1496 1551 1640
f 1640 1695 1784
f 1640 1551 1695
f 1818 1873 1962
f 1962 1907 1818
f 1763 1674 1818
f 1818 1907 1763
f 1653 1509 1564
f 1598 1509 1653
f 1564 1708 1653
f 1653 1708 1797
f 1763 1907 1852
f 1852 1708 1763
f 1797 1708 1852
f 1247 1336 1192
f 1247 1302 1391
f 1391 1336 1247
f 1069 925 980
f 1069 1014 925
f 980 1124 1069
f 1904 1815 1959
f 1959 1815 1870
f 1734 1679 1590
f 713 658 624
f 768 802 713
f 747 658 713
f 713 802 747
f 1035 1090 1179
f 1179 1124 1035
f 1035 1124 980
f 1056 1200 1145
f 857 823 912
f 912 823 878
f 878 967 912
f 925 1014 959
f 595 561 650
f 705 650 616
f 616 650 561
f 582 616 527
f 527 616 561
f 781 747 836
f 917 972 1006
f 1006 951 917
f 1663 1807 1752
f 1896 1807 1951
f 1896 1752 1807
f 1553 1697 1642
f 1663 1752 1608
f 1608 1752 1697
f 1697 1553 1608
f 1608 1553 1464
f 1320 1231 1375
f 1375 1464 1320
f 1320 1176 1231
f 1888 1977 1833
f 2265 2320 2409
f 2265 2409 2354
f 1977 1888 2032
f 1299 1354 1443
f 1443 1388 1299
f 1299 1388 1244
f 1532 1388 1443
f 1443 1587 1532
f 1477 1532 1621
f 1388 1532 1477
f 1422 1333 1477
f 1477 1333 1388
f 1223 1079 1134
f 1456 1367 1511
f 1511 1367 1422
f 1833 1689 1744
f 1744 1655 1799
f 1744 1888 1833
f 1799 1888 1744
f 1799 1655 1710
f 846 812 901
f 922 977 1011
f 1189 1100 1244
f 1244 1333 1189
f 1892 1947 2036
f 2180 2125 2036
f 2036 2091 2180
f 2036 1947 2091
f 1659 1604 1515
f 1748 1604 1659
f 1892 1748 1803
f 1803 1947 1892
f 1748 1659 1803
f 1803 1659 1714
f 1858 1947 1803
f 1803 1714 1858
f 1769 1714 1625
f 1625 1680 1769
f 1536 1680 1625
f 1646 1591 1502
f 3730 3586 3641
f 2235 2091 2146
f 2146 2091 2002
f 2235 2146 2290
f 2290 2146 2201
f 3044 3133 2989
f 3099 3188 3044
f 3044 3188 3133
f 850 905 939
f 795 829 740
f 795 761 850
f 363 397 308
f 418 452 363
f 363 452 397
f 465 376 431
f 431 376 342
f 342 397 431
f 672 761 706
f 706 795 740
f 761 795 706
f 774 829 863
f 740 829 774
f 863 897 808
f 808 774 863
f 719 774 808
f 808 897 842
f 698 732 643
f 1036 947 1091
f 981 947 1036
f 727 638 693
f 693 782 727
f 816 782 871
f 871 905 816
f 2180 2324 2269
f 2269 2324 2413
f 2269 2125 2180
f 2269 2214 2125
f 2159 2303 2248
f 2159 2214 2303
f 1892 2036 1981
f 1981 2036 2125
f 1782 1926 1871
f 1871 1727 1782
f 1638 1727 1583
f 1583 1494 1638
f 1638 1494 1549
f 1782 1727 1638
f 1816 1960 1905
f 1905 1761 1816
f 1816 1871 1960
f 1727 1871 1816
f 1816 1761 1672
f 1672 1727 1816
f 1295 1240 1151
f 1350 1439 1295
f 1282 1193 1337
f 1337 1426 1282
f 1138 1193 1282
f 1282 1227 1138
f 1405 1494 1350
f 1350 1261 1405
f 1405 1261 1316
f 1316 1460 1405
f 1405 1460 1549
f 1549 1494 1405
f 1866 2010 1955
f 1722 1667 1578
f 1777 1866 1722
f 1510 1654 1599
f 1599 1654 1743
f 2058 2113 2202
f 1681 1825 1770
f 2016 1961 1872
f 1728 1872 1817
f 1817 1872 1961
f 1893 1804 1948
f 2587 2731 2676
f 2676 2532 2587
f 2642 2731 2587
f 2786 2731 2642
f 2553 2697 2642
f 2642 2697 2786
f 2710 2799 2655
f 2655 2511 2566
f 2566 2710 2655
f 1613 1524 1668
f 1490 1634 1579
f 1668 1524 1579
f 1668 1579 1723
f 1723 1579 1634
f 1545 1634 1490
f 1689 1634 1545
f 1202 1346 1291
f 1380 1236 1291
f 1435 1346 1490
f 1490 1579 1435
f 1435 1579 1524
f 1435 1524 1380
f 1380 1291 1435
f 1435 1291 1346
f 1558 1414 1469
f 1380 1524 1469
f 1469 1613 1558
f 1524 1613 1469
f 1325 1236 1380
f 1380 1469 1325
f 1325 1469 1414
f 2045 1901 1956
f 2045 2189 2134
f 2045 2134 1990
f 1990 1901 2045
f 1558 1613 1702
f 2367 2223 2278
f 2066 1922 1977
f 2066 2011 1922
f 2155 2011 2066
f 2244 2155 2299
f 848 814 903
f 814 869 903
f 285 264 230
f 230 209 175
f 264 209 230
f 285 230 251
f 442 408 497
f 442 476 387
f 594 560 649
f 649 683 594
f 526 560 471
f 471 437 526
f 526 437 492
f 738 793 827
f 738 683 649
f 518 429 484
f 463 429 518
f 497 408 463
f 374 463 408
f 429 463 374
f 725 691 780
f 780 814 725
f 725 814 759
f 759 670 725
f 704 670 759
f 759 793 704
f 704 738 649
f 793 738 704
f 335 369 314
f 348 293 314
f 293 259 314
f 385 440 474
f 440 529 474
f 474 529 563
f 563 597 508
f 508 474 563
f 1788 1877 1733
f 1733 1644 1788
f 1843 1932 1788
f 1788 1932 1877
f 2186 2042 2097
f 2097 2241 2186
f 1987 1898 2042
f 1843 1898 1987
f 1987 1932 1843
f 2076 1932 1987
f 1754 1898 1843
f 2042 1898 1953
f 1953 2097 2042
f 2008 2097 1953
f 1775 1686 1830
f 1631 1775 1720
f 1686 1775 1631
f 1796 1707 1851
f 1736 1592 1647
f 1558 1702 1647
f 1503 1414 1558
f 1558 1647 1503
f 1503 1647 1592
f 1359 1414 1503
f 1084 1173 1029
f 974 940 1029
f 1029 940 1084
f 1537 1393 1448
f 1359 1503 1448
f 1448 1592 1537
f 1448 1503 1592
f 1427 1338 1482
f 1338 1393 1482
f 1482 1571 1427
f 1482 1393 1537
f 775 864 809
f 1152 1296 1241
f 1207 1296 1152
f 503 592 537
f 537 626 571
f 592 626 537
f 359 393 338
f 482 537 571
f 584 529 495
f 495 550 584
f 673 618 584
f 584 618 529
f 647 702 736
f 647 736 681
f 681 592 647
f 647 613 702
f 736 702 791
f 846 880 791
f 935 880 846
f 846 901 935
f 935 901 990
f 935 990 1079
f 728 762 673
f 817 762 728
f 660 694 605
f 605 571 660
f 571 626 660
f 1270 1414 1359
f 1270 1325 1414
f 851 817 906
f 906 940 851
f 906 995 940
f 33 20 41
f 41 54 33
f 33 54 46
f 46 25 33
f 12 20 33
f 33 25 12
f 46 54 67
f 242 276 221
f 250 229 195
f 284 229 250
f 250 305 284
f 318 263 284
f 284 263 229
f 258 203 224
f 313 292 258
f 224 279 258
f 258 279 313
f 208 263 242
f 229 263 208
f 119 153 132
f 30 51 43
f 30 17 38
f 38 51 30
f 140 119 106
f 106 119 85
f 64 77 43
f 43 51 64
f 64 51 85
f 69 82 48
f 145 124 111
f 35 69 48
f 48 27 35
f 35 27 14
f 12 17 4
f 4 7 12
f 1 2 4
f 2 7 4
f 95 82 116
f 137 171 116
f 116 171 150
f 3 2 1
f 11 16 3
f 1 6 3
f 6 11 3
f 40 74 53
f 40 27 48
f 19 27 40
f 40 32 19
f 53 32 40
f 37 71 50
f 37 50 29
f 29 16 37
f 37 16 24
f 53 87 66
f 336 391 425
f 425 370 336
f 349 404 438
f 514 569 603
f 514 480 569
f 514 459 425
f 425 480 514
f 603 637 548
f 548 637 582
f 548 514 603
f 459 514 548
f 375 409 320
f 456 490 401
f 545 490 456
f 506 561 595
f 294 273 239
f 239 260 294
f 205 260 239
f 239 273 218
f 341 375 320
f 226 260 205
f 205 171 226
f 226 171 192
f 281 260 226
f 226 247 281
f 192 247 226
f 184 150 205
f 184 239 218
f 205 239 184
f 1032 977 943
f 909 998 943
f 1231 1176 1087
f 1087 1176 1032
f 1032 943 1087
f 1087 943 998
f 854 820 909
f 909 943 854
f 786 820 731
f 1053 998 964
f 964 1108 1053
f 1053 1108 1197
f 1095 1150 1239
f 1006 1150 1095
f 1095 951 1006
f 1095 1040 951
f 930 1019 964
f 1074 1019 930
f 744 710 799
f 2225 2170 2081
f 2081 2170 2026
f 2026 1882 1937
f 1937 2081 2026
f 2115 2170 2259
f 2026 2170 2115
f 2094 2183 2039
f 2238 2183 2094
f 2149 2293 2238
f 2238 2094 2149
f 2238 2293 2382
f 2293 2437 2382
f 2992 2848 2903
f 2903 3047 2992
f 2958 3047 2903
f 2937 2848 2992
f 2793 2848 2937
f 2937 2882 2793
f 3026 2882 2937
f 2636 2492 2547
f 2547 2492 2403
f 2259 2314 2403
f 1921 1832 1976
f 1777 1832 1921
f 1921 1866 1777
f 2010 1866 1921
f 848 903 937
f 937 903 992
f 1073 984 1128
f 1128 1217 1073
f 1175 1319 1264
f 1353 1209 1264
f 1264 1120 1175
f 1209 1120 1264
f 1353 1264 1408
f 1408 1264 1319
f 1675 1586 1730
f 1675 1819 1764
f 1730 1819 1675
f 1764 1620 1675
f 1531 1586 1675
f 1675 1620 1531
f 921 887 976
f 1442 1531 1387
f 1387 1298 1442
f 1298 1387 1243
f 976 1120 1065
f 1065 1120 1209
f 963 1107 1052
f 1018 963 929
f 895 984 929
f 1073 1018 929
f 929 984 1073
f 1251 1107 1162
f 1073 1217 1162
f 1162 1018 1073
f 1162 1107 1018
f 4749 4694 4605
f 4516 4605 4461
f 4571 4516 4427
f 4770 4681 4825
f 4825 4914 4770
f 5275 5364 5220
f 5063 5118 5207
f 6173 6029 6084
f 6029 5940 6084
f 5927 5783 5838
f 5927 6071 6016
f 5838 5783 5694
f 5694 5749 5838
f 5605 5749 5694
f 4178 4233 4322
f 4089 4233 4178
f 4644 4788 4733
f 4555 4610 4699
f 4699 4644 4555
f 4788 4644 4699
f 4843 4788 4699
f 4932 4788 4843
f 5042 4898 4953
f 4953 5097 5042
f 4953 4864 5008
f 5008 5097 4953
f 4754 4898 4843
f 4843 4699 4754
f 4754 4699 4610
f 5063 5207 5152
f 5008 5063 5152
f 5152 5097 5008
f 4686 4542 4597
f 4775 4919 4864
f 4974 4919 4830
f 4830 4775 4686
f 4919 4775 4830
f 4377 4432 4521
f 4521 4466 4377
f 4322 4233 4377
f 4377 4466 4322
f 4720 4775 4864
f 3555 3699 3644
f 3411 3466 3555
f 3466 3521 3610
f 3610 3555 3466
f 3699 3555 3610
f 3610 3521 3665
f 3644 3699 3788
f 3911 3966 4055
f 4055 4199 4144
f 4000 3856 3911
f 4144 4089 4000
f 4000 4089 3945
f 3945 3856 4000
f 4000 4055 4144
f 3911 4055 4000
f 2652 2707 2796
f 2563 2707 2652
f 2558 2702 2647
f 2914 2770 2825
f 2050 2194 2139
f 2139 1995 2050
f 2770 2859 2715
f 4354 4265 4409
f 3346 3202 3257
f 3257 3202 3113
f 3003 2859 2914
f 4100 4045 3956
f 4278 4223 4134
f 4087 4032 3943
f 4032 3888 3943
f 3689 3634 3545
f 3354 3210 3265
f 3265 3409 3354
f 3265 3176 3320
f 3320 3409 3265
f 4286 4142 4197
f 4197 4341 4286
f 4286 4341 4430
f 3909 3964 4053
f 4197 4142 4053
f 4053 4108 4197
f 4053 3964 4108
f 4723 4634 4778
f 4901 4846 4757
f 5744 5799 5888
f 5888 5833 5744
f 5655 5799 5744
f 5744 5600 5655
f 5655 5600 5511
f 5498 5553 5642
f 5676 5621 5532
f 5765 5621 5676
f 4998 4909 5053
f 4998 4854 4909
f 5286 5197 5341
f 5053 4964 5108
f 5108 5197 5053
f 5108 4964 5019
f 5019 5163 5108
f 4744 4600 4655
f 4710 4655 4566
f 3139 3050 3194
f 3050 3139 2995
f 3071 3126 3215
f 3537 3626 3482
f 3482 3393 3537
f 3537 3393 3448
f 3448 3592 3537
f 3071 3215 3160
f 3338 3393 3482
f 3550 3406 3461
f 4037 4181 4126
f 3953 4042 3898
f 3898 3809 3953
f 4131 4042 4186
f 4186 4275 4131
f 3830 3686 3741
f 3830 3741 3885
f 3775 3686 3830
f 3953 4008 4097
f 4186 4042 4097
f 4097 4042 3953
f 4097 4008 4152
f 1458 1602 1547
f 3110 3055 2966
f 3199 3055 3110
f 2966 2911 2822
f 2678 2733 2822
f 2767 2678 2822
f 2822 2911 2767
f 2966 2822 2877
f 2877 2822 2733
f 2233 2322 2178
f 2547 2403 2458
f 2458 2403 2314
f 2644 2500 2555
f 2555 2699 2644
f 2678 2534 2589
f 2589 2733 2678
f 2644 2733 2589
f 2589 2500 2644
f 3432 3377 3288
f 3288 3343 3432
f 3199 3343 3288
f 3144 3199 3288
f 3288 3233 3144
f 3377 3233 3288
f 1157 1301 1246
f 1212 1123 1267
f 1267 1356 1212
f 1212 1356 1301
f 1301 1157 1212
f 1534 1479 1390
f 1479 1335 1390
f 1246 1301 1390
f 1390 1335 1246
f 1288 1233 1144
f 1144 1233 1089
f 1089 1000 1144
f 992 1136 1081
f 1081 937 992
f 1225 1136 1280
f 1280 1369 1225
f 1225 1369 1314
f 1225 1314 1170
f 1170 1081 1225
f 1225 1081 1136
f 1280 1136 1191
f 1246 1335 1191
f 1191 1335 1280
f 1191 1136 1047
f 1280 1335 1424
f 1424 1369 1280
f 1424 1335 1479
f 2809 2898 2754
f 2809 2953 2898
f 2809 2720 2864
f 2864 2953 2809
f 2453 2398 2309
f 2343 2487 2432
f 2398 2487 2343
f 4764 4908 4853
f 4620 4675 4764
f 4853 4908 4997
f 5052 5141 4997
f 4997 4908 5052
f 4819 4675 4730
f 4730 4874 4819
f 4819 4764 4675
f 4908 4764 4819
f 3955 4099 4044
f 3955 4044 3900
f 3866 4010 3955
f 4010 4099 3955
f 3900 3756 3811
f 3811 3955 3900
f 3811 3722 3866
f 3866 3955 3811
f 4112 4256 4201
f 4201 4057 4112
f 4400 4256 4311
f 4311 4455 4400
f 4400 4455 4544
f 4023 4078 4167
f 4167 4112 4023
f 4256 4112 4167
f 4311 4256 4167
f 4167 4222 4311
f 4167 4078 4222
f 4146 4235 4091
f 4146 4290 4235
f 4201 4290 4146
f 4146 4057 4201
f 4510 4565 4654
f 4654 4798 4743
f 4853 4798 4709
f 4709 4764 4853
f 4620 4764 4709
f 4709 4565 4620
f 4709 4654 4565
f 4798 4654 4709
f 4879 4735 4790
f 4790 4934 4879
f 4824 4968 4913
f 4913 4769 4824
f 4735 4879 4824
f 4824 4879 4968
f 4963 5107 5052
f 4963 4819 4874
f 4963 4874 5018
f 5018 5107 4963
f 5052 4908 4963
f 4908 4819 4963
f 5353 5298 5209
f 5209 5264 5353
f 5120 5264 5209
f 5209 5298 5154
f 5387 5298 5442
f 5442 5298 5353
f 4319 4230 4374
f 4264 4209 4120
f 4264 4353 4209
f 4120 4175 4264
f 4264 4175 4319
f 3633 3688 3777
f 3866 3722 3777
f 3777 3722 3633
f 3777 3921 3866
f 3832 3921 3777
f 3777 3688 3832
f 3201 3256 3345
f 3345 3400 3489
f 3256 3400 3345
f 2913 2769 2824
f 2646 2591 2502
f 2646 2735 2591
f 2502 2557 2646
f 2646 2790 2735
f 2646 2557 2701
f 2701 2790 2646
f 3536 3392 3447
f 3447 3392 3303
f 3646 3502 3557
f 3557 3701 3646
f 3612 3756 3701
f 3701 3557 3612
f 3612 3557 3468
f 4306 4361 4450
f 4052 3908 3963
f 4052 4107 4196
f 3963 4107 4052
f 3997 3908 4052
f 4086 4031 3942
f 3853 3997 3942
f 3942 3997 4086
f 3942 3798 3853
f 3887 3798 3942
f 3942 4031 3887
f 3654 3510 3565
f 2994 3083 2939
f 2939 3083 3028
f 2850 2905 2994
f 2994 2939 2850
f 2206 2151 2062
f 1918 1973 2062
f 1918 2062 2007
f 2007 2062 2151
f 2528 2384 2439
f 2528 2672 2617
f 2439 2583 2528
f 2583 2672 2528
f 2473 2617 2562
f 2473 2528 2617
f 2384 2528 2473
f 2219 2274 2363
f 2363 2308 2219
f 2452 2308 2363
f 2507 2452 2363
f 2418 2562 2507
f 2507 2363 2418
f 2418 2363 2274
f 2418 2473 2562
f 2041 2130 1986
f 2185 2130 2041
f 2740 2829 2685
f 2685 2596 2740
f 2164 2308 2253
f 2020 2075 2164
f 2164 2075 2219
f 2219 2308 2164
f 2164 2109 2020
f 2253 2109 2164
f 2253 2308 2397
f 2486 2342 2397
f 2397 2342 2253
f 2397 2541 2486
f 2397 2308 2452
f 2452 2541 2397
f 2371 2515 2460
f 2282 2337 2426
f 2426 2371 2282
f 2515 2371 2426
f 2570 2515 2426
f 2248 2337 2193
f 2193 2337 2282
f 2570 2426 2481
f 2481 2426 2337
f 2892 3036 2981
f 3070 2926 2981
f 3180 3269 3125
f 3125 3036 3180
f 3269 3214 3125
f 3125 2981 3036
f 3125 3214 3070
f 3070 2981 3125
f 2816 2905 2761
f 2761 2672 2816
f 2905 2850 2761
f 2617 2672 2761
f 2761 2706 2617
f 2761 2850 2706
f 2926 2782 2837
f 2837 2981 2926
f 2892 2981 2837
f 2350 2405 2494
f 2494 2583 2439
f 2439 2350 2494
f 2638 2583 2494
f 2494 2549 2638
f 2494 2405 2549
f 3337 3392 3481
f 3481 3426 3337
f 3570 3426 3481
f 3481 3392 3536
f 3604 3748 3693
f 3604 3460 3515
f 3693 3549 3604
f 3604 3549 3460
f 3693 3748 3837
f 3837 3782 3693
f 3591 3735 3680
f 3591 3447 3502
f 3591 3502 3646
f 3646 3735 3591
f 3591 3680 3536
f 3536 3447 3591
f 3879 3735 3790
f 3934 4023 3879
f 3879 3790 3934
f 3824 3735 3879
f 3769 3680 3824
f 2808 2719 2863
f 2664 2719 2808
f 2486 2630 2575
f 2630 2719 2575
f 2575 2719 2664
f 2575 2431 2486
f 2664 2520 2575
f 2520 2431 2575
f 2931 2842 2986
f 2787 2842 2931
f 3185 3240 3329
f 3185 3096 3240
f 2994 2905 3049
f 3049 3138 2994
f 2905 2960 3049
f 3193 3138 3049
f 3015 2960 2871
f 3015 2871 2926
f 3015 2926 3070
f 3227 3138 3282
f 3282 3371 3227
f 3282 3138 3193
f 3426 3371 3282
f 3282 3193 3337
f 3337 3426 3282
f 3460 3549 3405
f 3405 3549 3494
f 3494 3350 3405
f 3405 3350 3261
f 3782 3727 3638
f 3693 3782 3638
f 3638 3549 3693
f 3494 3549 3638
f 3871 3727 3782
f 3617 3672 3761
f 3528 3672 3617
f 3816 3672 3727
f 3727 3871 3816
f 3761 3672 3816
f 3816 3905 3761
f 3905 4049 3994
f 3583 3672 3528
f 3528 3439 3583
f 3583 3439 3494
f 3727 3672 3583
f 3494 3638 3583
f 3583 3638 3727
f 3062 3206 3151
f 3151 3007 3062
f 3151 3096 3007
f 3240 3096 3151
f 3486 3342 3397
f 4185 4274 4130
f 4130 4274 4219
f 4130 4219 4075
f 4075 3986 4130
f 3431 3287 3342
f 3342 3486 3431
f 3376 3287 3431
f 3342 3287 3198
f 3198 3287 3143
f 3143 3054 3198
f 4117 4062 3973
f 3973 4028 4117
f 4528 4439 4583
f 4151 4062 4206
f 4206 4062 4117
f 4083 4028 3939
f 3939 3994 4083
f 5672 5617 5528
f 4782 4926 4871
f 4782 4693 4837
f 4837 4926 4782
f 5481 5392 5536
f 4583 4638 4727
f 4727 4871 4816
f 4727 4638 4782
f 4782 4871 4727
f 5098 4954 5009
f 5187 5043 5098
f 5043 4954 5098
f 5496 5585 5441
f 5441 5585 5530
f 5640 5585 5496
f 5907 5763 5818
f 5839 5750 5894
f 5894 5750 5805
f 5530 5585 5674
f 5674 5619 5530
f 5763 5619 5674
f 5818 5763 5674
f 5530 5619 5475
f 5475 5619 5564
f 5564 5420 5475
f 5475 5420 5331
f 4158 4103 4014
f 4014 3870 3925
f 3959 3904 3815
f 3815 3870 3959
f 3870 4014 3959
f 3959 4014 4103
f 4171 4226 4315
f 4658 4603 4514
f 3561 3616 3705
f 3794 3650 3705
f 3705 3650 3561
f 3705 3849 3794
f 3760 3849 3705
f 3705 3616 3760
f 2540 2684 2629
f 2896 3040 2985
f 3328 3472 3417
f 2951 3095 3040
f 3040 2896 2951
f 3006 3095 2951
f 4247 4302 4391
f 4336 4247 4391
f 4391 4480 4336
f 4535 4480 4391
f 4446 4302 4357
f 4357 4501 4446
f 4535 4391 4446
f 4446 4391 4302
f 2972 2917 2828
f 4255 4310 4399
f 4399 4344 4255
f 4200 4111 4255
f 4255 4344 4200
f 3658 3603 3514
f 3514 3569 3658
f 3425 3569 3514
f 3459 3603 3548
f 3459 3404 3315
f 3548 3404 3459
f 3459 3514 3603
f 3349 3404 3493
f 3349 3294 3205
f 3501 3412 3556
f 3844 3700 3755
f 3988 3933 3844
f 4090 4234 4179
f 3946 4001 4090
f 4145 4234 4090
f 4090 4001 4145
f 4090 4035 3946
f 4179 4035 4090
f 3624 3768 3713
f 3624 3480 3535
f 3535 3679 3624
f 3679 3768 3624
f 3713 3569 3624
f 3569 3480 3624
f 5632 5687 5776
f 5454 5509 5598
f 5420 5365 5276
f 5187 5331 5276
f 5331 5420 5276
f 5276 5132 5187
f 5221 5132 5276
f 5276 5365 5221
f 5543 5399 5454
f 5543 5687 5632
f 5454 5598 5543
f 5543 5598 5687
f 5454 5399 5310
f 5310 5365 5454
f 5221 5365 5310
f 4933 5022 4878
f 5077 5022 4933
f 5056 5200 5145
f 6069 5980 6124
f 4844 4899 4988
f 5077 4933 4988
f 4988 4933 4844
f 4988 5132 5077
f 5043 5132 4988
f 4988 4899 5043
f 5009 4954 4865
f 4865 4920 5009
f 4776 4920 4865
f 4721 4776 4865
f 4865 4810 4721
f 4865 4954 4810
f 4357 4302 4213
f 4213 4302 4158
f 4268 4412 4357
f 4268 4124 4179
f 4357 4213 4268
f 4268 4213 4124
f 4179 4234 4323
f 4323 4268 4179
f 4412 4268 4323
f 4467 4412 4323
f 4323 4234 4378
f 4378 4467 4323
f 4569 4713 4658
f 4425 4480 4569
f 4658 4514 4569
f 4569 4514 4425
f 4857 4946 4802
f 4802 4713 4857
f 4658 4713 4802
f 4624 4480 4535
f 4624 4569 4480
f 4713 4569 4624
f 1192 1336 1281
f 1870 1815 1726
f 2213 2302 2158
f 2268 2124 2179
f 2213 2124 2268
f 3001 2946 2857
f 2624 2713 2569
f 2993 3082 2938
f 2438 2582 2527
f 2595 2684 2540
f 5517 5373 5428
f 5606 5462 5517
f 5517 5462 5373
f 4818 4763 4674
f 4674 4729 4818
f 4674 4763 4619
f 5064 4920 4975
f 5009 4920 5064
f 4365 4509 4454
f 4454 4310 4365
f 4543 4399 4454
f 4399 4310 4454
f 4695 4839 4784
f 4462 4551 4407
f 4771 4627 4682
f 4771 4915 4860
f 4682 4826 4771
f 4771 4826 4915
f 4305 4449 4394
f 3263 3119 3174
f 3263 3407 3352
f 4784 4729 4640
f 4640 4695 4784
f 4551 4695 4640
f 6963 6819 6874
f 6421 6366 6277
f 6832 6777 6688
f 6743 6654 6798
f 6832 6688 6743
f 6599 6654 6743
f 6743 6688 6599
f 7557 7468 7523
f 7557 7502 7468
f 7604 7570 7659
f 7604 7638 7549
f 7680 7659 7625
f 7659 7570 7625
f 7625 7570 7536
f 6845 6701 6756
f 6756 6900 6845
f 6646 6701 6790
f 6557 6701 6646
f 6646 6502 6557
f 6591 6502 6646
f 7188 7243 7277
f 7222 7188 7277
f 7133 7188 7222
f 6434 6489 6578
f 6523 6434 6578
f 6295 6439 6384
f 6371 6227 6282
f 6282 6227 6138
f 6282 6426 6371
f 6206 6295 6151
f 6070 5981 6125
f 5926 5981 6070
f 6316 6460 6405
f 6392 6536 6481
f 6481 6536 6625
f 6625 6570 6481
f 6625 6536 6680
f 6358 6502 6447
f 6536 6392 6447
f 6591 6536 6447
f 6447 6502 6591
f 6413 6468 6557
f 6557 6502 6413
f 6324 6468 6413
f 6413 6502 6358
f 6413 6269 6324
f 6358 6269 6413
f 6180 6091 6235
f 6180 6235 6324
f 6324 6269 6180
f 6036 6091 6180
f 6125 6036 6180
f 6180 6269 6125
f 6277 6133 6188
f 5002 4858 4913
f 5002 5091 4947
f 4947 4858 5002
f 5214 5269 5358
f 5447 5358 5502
f 5879 5735 5790
f 6290 6235 6146
f 6002 6057 6146
f 6146 6091 6002
f 6235 6091 6146
f 5913 6057 6002
f 5913 5769 5824
f 6112 6057 5968
f 5879 6023 5968
f 5968 6023 6112
f 5968 5824 5879
f 5968 5913 5824
f 6057 5913 5968
f 6078 6133 6222
f 5989 6133 6078
f 5858 5947 5803
f 6002 5947 5858
f 5858 5913 6002
f 5769 5913 5858
f 5680 5735 5824
f 5824 5769 5680
f 5714 5659 5570
f 5803 5659 5714
f 5714 5858 5803
f 5769 5858 5714
f 5316 5172 5227
f 5227 5371 5316
f 5371 5460 5316
f 5604 5693 5549
f 5549 5460 5604
f 5748 5693 5604
f 5604 5659 5748
f 6193 6282 6138
f 5816 5761 5672
f 5672 5727 5816
f 5727 5782 5871
f 5871 5816 5727
f 5960 5816 5871
f 5871 5782 5926
f 5274 5329 5418
f 5418 5363 5274
f 7631 7686 7665
f 7665 7576 7631
f 7644 7589 7555
f 7644 7665 7699
f 6512 6656 6601
f 6601 6656 6745
f 6745 6690 6601
f 5478 5567 5423
f 5478 5389 5533
f 5533 5389 5444
f 5444 5389 5300
f 4313 4368 4457
f 4313 4224 4368
f 4093 4182 4038
f 4148 4059 4203
f 5067 4923 4978
f 5067 5211 5156
f 4868 4923 5012
f 5012 4957 4868
f 5101 4957 5012
f 5156 5101 5012
f 5012 5067 5156
f 4923 5067 5012
f 4525 4669 4614
f 4614 4470 4525
f 4614 4669 4758
f 4148 4203 4292
f 4292 4347 4436
f 4292 4203 4347
f 5004 4949 4860
f 4860 4915 5004
f 5004 5059 5148
f 4915 5059 5004
f 6478 6622 6567
f 5965 6020 6109
f 6109 6054 5965
f 6020 6164 6109
f 5821 5876 5965
f 5732 5876 5821
f 5821 5677 5732
f 5766 5677 5821
f 5999 6054 6143
f 6088 5999 6143
f 6143 6232 6088
f 7028 7117 7062
f 7028 6884 6939
f 7460 7371 7426
f 7515 7481 7570
f 7549 7460 7515
f 7460 7426 7515
f 7515 7426 7481
f 7515 7604 7549
f 7570 7604 7515
f 7481 7426 7392
f 6596 6507 6651
f 6596 6651 6740
f 6740 6685 6596
f 7109 7143 7054
f 6910 6965 7054
f 7143 7177 7088
f 7088 7177 7122
f 7088 7054 7143
f 6923 7067 7012
f 6779 6834 6923
f 6677 6766 6622
f 6588 6732 6677
f 6732 6821 6677
f 6821 6766 6677
f 6486 6575 6431
f 6486 6342 6397
f 6431 6342 6486
f 6630 6575 6486
f 7384 7295 7350
f 7583 7638 7672
f 7549 7638 7583
f 7693 7714 7748
f 7659 7714 7693
f 7672 7638 7693
f 7693 7604 7659
f 7638 7604 7693
f 6787 6698 6842
f 6842 6931 6787
f 6986 6931 6842
f 7020 6965 6876
f 6876 6931 7020
f 7109 7054 7020
f 7020 7054 6965
f 7185 7096 7151
f 7151 7096 7062
f 7151 7117 7206
f 7062 7117 7151
f 6774 6863 6719
f 6719 6630 6774
f 6664 6575 6719
f 6719 6575 6630
f 7007 6863 6918
f 7007 6918 7062
f 7062 7096 7007
f 7418 7384 7473
f 7549 7583 7494
f 7494 7583 7528
f 7494 7460 7549
f 7494 7405 7460
f 3513 3657 3602
f 3513 3369 3424
f 3568 3513 3424
f 3657 3513 3568
f 3945 3890 3801
f 3801 3856 3945
f 3445 3390 3301
f 3301 3356 3445
f 3081 3225 3170
f 3081 2937 2992
f 3170 3026 3081
f 3026 2937 3081
f 3602 3691 3547
f 3225 3369 3314
f 3170 3225 3314
f 3314 3259 3170
f 3314 3403 3259
f 3089 3034 2945
f 2945 3000 3089
f 2856 3000 2945
f 2801 2856 2945
f 2945 2890 2801
f 3034 2890 2945
f 3178 3034 3089
f 3089 3233 3178
f 3178 3233 3322
f 3123 3034 3178
f 3500 3356 3411
f 3644 3589 3500
f 3589 3445 3500
f 3500 3445 3356
f 3411 3555 3500
f 3500 3555 3644
f 2128 1984 2039
f 2039 2183 2128
f 2073 2217 2162
f 2073 1929 1984
f 1984 2128 2073
f 2073 2128 2217
f 2162 2018 2073
f 2073 2018 1929
f 1751 1696 1607
f 1607 1662 1751
f 1806 1895 1751
f 1751 1662 1806
f 1429 1518 1374
f 1374 1285 1429
f 1429 1285 1340
f 1429 1340 1484
f 1484 1573 1429
f 1573 1518 1429
f 1628 1573 1484
f 1628 1717 1573
f 3628 3717 3573
f 3539 3683 3628
f 2175 2264 2120
f 2497 2353 2408
f 2408 2353 2264
f 2908 2764 2819
f 2819 2963 2908
f 2908 2963 3052
f 2819 2764 2675
f 2675 2764 2620
f 3107 2963 3018
f 3018 2929 3073
f 2586 2641 2730
f 2819 2675 2730
f 2730 2675 2586
f 3327 3471 3416
f 3416 3272 3327
f 3382 3471 3327
f 3526 3471 3382
f 3704 3759 3848
f 3848 3793 3704
f 3704 3793 3649
f 3128 3272 3217
f 3128 2984 3039
f 3128 3217 3073
f 3073 2984 3128
f 3217 3272 3361
f 3361 3306 3217
f 3450 3306 3361
f 3272 3416 3361
f 2717 2662 2573
f 2916 2861 2772
f 2861 2717 2772
f 2505 2560 2649
f 2971 3060 2916
f 3115 3060 2971
f 2971 3026 3115
f 2971 2882 3026
f 5801 5746 5657
f 5746 5602 5657
f 5479 5568 5424
f 5458 5602 5547
f 5547 5602 5691
f 6178 6034 6089
f 6089 6233 6178
f 6000 6144 6089
f 6144 6233 6089
f 6322 6233 6377
f 6377 6233 6288
f 6199 6288 6144
f 6199 6254 6343
f 6343 6288 6199
f 4348 4492 4437
f 4437 4293 4348
f 4348 4293 4204
f 4526 4670 4615
f 4526 4615 4471
f 4979 5123 5068
f 5068 5123 5212
f 5267 5411 5356
f 5267 5123 5178
f 5356 5212 5267
f 5212 5123 5267
f 5699 5788 5644
f 5644 5788 5733
f 5301 5445 5390
f 5390 5246 5301
f 6055 6144 6000
f 6055 6199 6144
f 6021 5966 5877
f 5733 5788 5877
f 5699 5754 5843
f 5843 5788 5699
f 5801 5657 5712
f 5712 5657 5568
f 5801 5712 5856
f 5856 5712 5767
f 5479 5390 5534
f 5534 5390 5445
f 5911 6055 6000
f 5966 6055 5911
f 6000 5856 5911
f 5911 5856 5767
f 5898 5843 5754
f 5987 5843 5898
f 6364 6508 6453
f 6563 6508 6419
f 6508 6364 6419
f 6419 6364 6275
f 6440 6351 6495
f 6673 6728 6817
f 6872 6728 6783
f 6817 6728 6872
f 7160 7249 7194
f 7105 7160 7194
f 6631 6542 6686
f 6686 6775 6631
f 7165 7220 7254
f 6712 6568 6623
f 6623 6767 6712
f 6699 6843 6788
f 6877 6788 6932
f 6932 6788 6843
f 6576 6487 6631
f 6343 6487 6432
f 6521 6377 6432
f 6432 6576 6521
f 6487 6576 6432
f 6432 6288 6343
f 6432 6377 6288
f 6882 6793 6937
f 6937 6793 6848
f 6238 6327 6183
f 6238 6094 6149
f 6183 6094 6238
f 5670 5615 5526
f 5615 5670 5759
f 7110 7076 7165
f 6903 6958 7047
f 6945 7000 7034
f 7191 7102 7157
f 6924 6979 7068
f 7068 7157 7102
f 7123 7157 7068
f 7068 7034 7123
f 6979 7034 7068
f 6835 6979 6924
f 6924 6780 6835
f 6835 6780 6691
f 6691 6636 6547
f 6547 6602 6691
f 6547 6458 6602
f 6403 6458 6547
f 6657 6568 6712
f 6712 6801 6657
f 6602 6458 6513
f 6568 6657 6513
f 6513 6657 6602
f 6212 6267 6356
f 6356 6301 6212
f 6123 6267 6212
f 6212 6068 6123
f 5196 5107 5251
f 5052 5107 5196
f 5196 5141 5052
f 5196 5285 5141
f 5463 5374 5518
f 5497 5442 5353
f 5586 5442 5497
f 5332 5243 5387
f 5387 5476 5332
f 5518 5374 5429
f 5374 5285 5429
f 5683 5772 5628
f 5518 5662 5607
f 5607 5463 5518
f 5552 5463 5607
f 5573 5484 5628
f 5573 5429 5484
f 5573 5662 5518
f 5518 5429 5573
f 4251 4162 4306
f 4196 4107 4251
f 4107 4162 4251
f 4738 4882 4827
f 5560 5471 5615
f 4636 4492 4547
f 4547 4691 4636
f 3890 3835 3746
f 3746 3801 3890
f 3657 3801 3746
f 3602 3657 3746
f 3746 3691 3602
f 3746 3835 3691
f 4767 4623 4678
f 4678 4623 4534
f 4102 4157 4246
f 4191 4047 4102
f 4102 4246 4191
f 4191 4246 4335
f 4882 4738 4793
f 3649 3793 3738
f 4026 4115 3971
f 4170 4115 4026
f 4026 4081 4170
f 4005 3950 3861
f 4005 4094 3950
f 3772 3628 3683
f 3861 3717 3772
f 3717 3628 3772
f 4149 4293 4238
f 4149 4005 4060
f 4149 4060 4204
f 4204 4293 4149
f 4149 4238 4094
f 4094 4005 4149
f 3581 3670 3526
f 3848 3903 3992
f 3992 3903 4047
f 4845 4934 4790
f 4235 4290 4379
f 4324 4235 4379
f 4434 4379 4290
f 4591 4646 4735
f 4557 4646 4502
f 4502 4413 4557
f 4646 4591 4502
f 4358 4413 4502
f 4180 4235 4324
f 4091 4235 4180
f 4358 4303 4214
f 4070 4125 4214
f 6848 6793 6704
f 6649 6560 6704
f 6704 6793 6649
f 6636 6780 6725
f 6670 6581 6725
f 6725 6581 6636
f 6437 6581 6526
f 6526 6581 6670
f 6827 6738 6882
f 6882 6971 6827
f 6827 6971 6916
f 6539 6484 6395
f 6628 6484 6539
f 6408 6497 6353
f 6696 6785 6641
f 6641 6552 6696
f 6696 6840 6785
f 6463 6552 6408
f 6408 6319 6463
f 6272 6128 6183
f 6183 6327 6272
f 6272 6327 6416
f 6416 6361 6272
f 7652 7597 7563
f 7686 7597 7652
f 7809 7754 7775
f 7542 7453 7508
f 7563 7597 7508
f 7508 7597 7542
f 7330 7385 7419
f 7419 7508 7453
f 7173 7228 7262
f 7228 7317 7262
f 7262 7207 7173
f 7317 7351 7262
f 7799 7820 7854
f 7940 7906 7927
f 7945 7911 7932
f 7882 7869 7903
f 7882 7903 7916
f 7764 7730 7785
f 7916 7929 7895
f 7895 7882 7916
f 7924 7937 7903
f 7924 7911 7945
f 7945 7958 7924
f 7958 7937 7924
f 7950 7929 7916
f 7916 7937 7950
f 7950 7937 7958
f 7995 7987 7982
f 7523 7434 7489
f 7489 7578 7523
f 7667 7688 7722
f 7722 7701 7667
f 7743 7798 7777
f 7764 7798 7743
f 7777 7722 7743
f 7743 7722 7688
f 6063 5974 6118
f 6181 6325 6270
f 6215 6126 6270
f 6270 6126 6181
f 7058 7024 7113
f 5461 5317 5372
f 5838 5893 5982
f 5982 5927 5838
f 6071 5927 5982
f 5982 6126 6071
f 5982 5893 6037
f 6037 6126 5982
f 5715 5859 5804
f 6016 6160 6105
f 5948 5859 6003
f 6003 6092 5948
f 5948 6092 6037
f 5804 5859 5948
f 6037 5893 5948
f 5948 5893 5804
f 6058 6003 5914
f 5914 5969 6058
f 5969 6113 6058
f 6058 6113 6202
f 3940 3796 3851
f 3673 3728 3817
f 5469 5380 5524
f 5380 5435 5524
f 5626 5482 5537
f 5592 5448 5503
f 5503 5647 5592
f 5592 5647 5736
f 5592 5537 5448
f 5359 5448 5304
f 5503 5448 5359
f 5359 5414 5503
f 5270 5414 5359
f 5037 5181 5126
f 5037 4893 4948
f 4948 5092 5037
f 5037 5092 5181
f 5126 4982 5037
f 4982 4893 5037
f 5469 5414 5325
f 5325 5380 5469
f 5325 5414 5270
f 5270 5181 5325
f 5346 5291 5202
f 5202 5257 5346
f 3275 3330 3419
f 3186 3330 3275
f 2987 2898 3042
f 3639 3728 3584
f 3584 3495 3639
f 3584 3728 3673
f 3317 3173 3228
f 3317 3461 3406
f 3317 3406 3262
f 3262 3173 3317
f 3029 3173 3118
f 3118 3173 3262
f 3995 3906 4050
f 3995 3851 3906
f 3995 4084 3940
f 3940 3851 3995
f 4228 4317 4173
f 4173 4084 4228
f 3563 3508 3419
f 3419 3474 3563
f 3474 3618 3563
f 3794 3938 3883
f 3595 3650 3739
f 3739 3684 3595
f 3828 3684 3739
f 3739 3883 3828
f 3739 3650 3794
f 3794 3883 3739
f 3752 3663 3807
f 3608 3663 3752
f 4040 3985 3896
f 3896 3752 3807
f 3896 3985 3841
f 3841 3752 3896
f 4129 3985 4040
f 4129 4273 4218
f 4129 4218 4074
f 4074 3985 4129
f 3951 4095 4040
f 4040 3896 3951
f 3951 3896 3807
f 4506 4650 4595
f 4506 4451 4362
f 4595 4451 4506
f 4561 4650 4506
f 4849 4705 4760
f 4650 4705 4794
f 4794 4883 4739
f 4739 4650 4794
f 4938 4883 4794
f 4794 4849 4938
f 4794 4705 4849
f 4527 4472 4383
f 4383 4239 4294
f 4383 4472 4328
f 4328 4239 4383
f 4616 4705 4561
f 4561 4472 4616
f 4616 4472 4527
f 4616 4760 4705
f 3286 3375 3231
f 3231 3375 3320
f 3320 3176 3231
f 3231 3176 3087
f 2388 2532 2477
f 2388 2244 2299
f 2396 2252 2307
f 3506 3362 3417
f 3506 3650 3595
f 3417 3561 3506
f 3561 3650 3506
f 3417 3362 3273
f 3273 3328 3417
f 3273 3362 3218
f 3451 3506 3595
f 3362 3506 3451
f 6752 6663 6807
f 6608 6663 6752
f 7184 7218 7129
f 7074 7129 7163
f 7163 7129 7218
f 7273 7218 7184
f 7307 7218 7273
f 7930 7909 7896
f 7810 7865 7844
f 7244 7210 7299
f 7799 7744 7765
f 7786 7820 7765
f 7765 7820 7799
f 7752 7807 7786
f 7383 7417 7328
f 7506 7417 7472
f 7417 7383 7472
f 7307 7396 7341
f 7362 7396 7307
f 7307 7273 7362
f 7328 7417 7362
f 7362 7273 7328
f 7684 7739 7718
f 6459 6404 6315
f 6315 6370 6459
f 6459 6514 6603
f 6370 6514 6459
f 6857 6768 6912
f 6713 6768 6857
f 6726 6637 6781
f 6781 6870 6726
f 6912 6823 6967
f 7158 7069 7124
f 7103 7069 7158
f 7184 7129 7095
f 7074 6930 6985
f 6930 6841 6985
f 6430 6341 6485
f 6286 6341 6430
f 6553 6464 6608
f 6705 6794 6650
f 6650 6794 6739
f 6684 6629 6540
f 6540 6629 6485
f 6485 6396 6540
f 6540 6396 6451
f 6375 6231 6286
f 6286 6430 6375
f 6176 6231 6320
f 6320 6375 6464
f 6231 6375 6320
f 6087 5998 6142
f 6142 6231 6087
f 6087 6231 6176
f 6074 6019 5930
f 5930 5985 6074
f 5841 5985 5930
f 5786 5841 5930
f 6252 6108 6163
f 6108 6019 6163
f 6163 6019 6074
f 6074 6218 6163
f 6163 6218 6307
f 6307 6252 6163
f 5875 5731 5786
f 5786 5930 5875
f 5875 5930 6019
f 6045 5956 6100
f 6155 6210 6299
f 6299 6244 6155
f 6244 6100 6155
f 5883 5972 5828
f 5828 5972 5917
f 5629 5684 5773
f 5773 5862 5718
f 5718 5629 5773
f 5773 5917 5862
f 5773 5828 5917
f 5684 5828 5773
f 6116 6205 6061
f 6061 5972 6116
f 6061 6205 6150
f 5917 5972 6061
f 6150 6006 6061
f 6061 6006 5917
f 5794 5650 5705
f 5705 5616 5760
f 5595 5540 5451
f 5595 5684 5540
f 6040 5951 6095
f 6040 5985 5896
f 5896 5951 6040
f 5430 5574 5519
f 5430 5286 5341
f 5608 5663 5752
f 5752 5697 5608
f 5841 5697 5752
f 5896 5841 5752
f 5752 5807 5896
f 5752 5663 5807
f 5629 5574 5485
f 5540 5629 5485
f 5485 5396 5540
f 5341 5396 5485
f 5485 5430 5341
f 5574 5430 5485
f 4430 4341 4485
f 4485 4341 4396
f 4396 4540 4485
f 4540 4629 4485
f 4697 4752 4841
f 4985 4930 4841
f 4786 4642 4697
f 4697 4841 4786
f 4786 4841 4930
f 4608 4464 4519
f 4608 4752 4697
f 4519 4663 4608
f 4663 4752 4608
f 4697 4642 4553
f 4553 4608 4697
f 4464 4608 4553
f 4409 4464 4553
f 5074 5218 5163
f 5074 4930 4985
f 5019 4930 5074
f 5074 5163 5019
f 3841 3930 3786
f 3642 3786 3731
f 3642 3731 3587
f 3587 3731 3676
f 4108 4163 4252
f 4197 4108 4252
f 4252 4341 4197
f 4396 4341 4252
f 4252 4307 4396
f 4252 4163 4307
f 4040 4095 4184
f 4184 4129 4040
f 4273 4129 4184
f 4328 4273 4184
f 4184 4239 4328
f 4095 4239 4184
f 5344 5289 5200
f 6815 6671 6726
f 6726 6870 6815
f 6959 6904 6815
f 6815 6870 6959
f 5967 6111 6056
f 6433 6577 6522
f 6488 6577 6433
f 6255 6111 6166
f 6145 6289 6234
f 6878 6967 6823
f 6234 6289 6378
f 6378 6433 6522
f 6289 6433 6378
f 6501 6412 6556
f 6569 6514 6425
f 6425 6480 6569
f 6014 5870 5925
f 5925 6069 6014
f 5980 6069 5925
f 5815 5870 5959
f 5959 6103 6048
f 5959 5870 6014
f 6014 6103 5959
f 4896 4807 4951
f 4752 4807 4896
f 4985 4841 4896
f 4896 4841 4752
f 5095 4951 5006
f 5362 5218 5273
f 5273 5417 5362
f 5116 5205 5061
f 5061 4972 5116
f 4828 4773 4684
f 4739 4828 4684
f 4684 4595 4739
f 4540 4595 4684
f 4684 4629 4540
f 4684 4773 4629
f 5006 4951 4862
f 4718 4773 4862
f 4862 4807 4718
f 4951 4807 4862
f 5935 5990 6079
f 5935 5880 5791
f 6257 6113 6168
f 6079 6223 6168
f 5778 5833 5922
f 5922 5867 5778
f 6875 6930 7019
f 7019 6964 6875
f 7053 6964 7019
f 6998 6909 7053
f 7053 6909 6964
f 6998 7032 6943
f 7087 7032 6998
f 7087 7053 7142
f 6998 7053 7087
f 6689 6744 6833
f 6634 6545 6689
f 6388 6244 6299
f 6744 6689 6600
f 6600 6689 6545
f 6655 6566 6710
f 6744 6600 6655
f 6511 6566 6655
f 6655 6600 6511
f 6223 6278 6367
f 6312 6401 6257
f 6257 6168 6312
f 6312 6168 6223
f 6223 6367 6312
f 7530 7619 7564
f 7530 7441 7496
f 7666 7687 7721
f 7632 7687 7666
f 7970 7978 7991
f 7957 7978 7970
f 7968 7976 7989
f 7997 7994 7989
f 7989 7984 7997
f 7989 7976 7984
f 7926 7892 7913
f 7913 7947 7926
f 7934 7947 7913
f 7913 7892 7879
f 7955 7976 7968
f 7968 7947 7955
f 7955 7947 7934
f 7889 7923 7902
f 7889 7910 7923
f 7831 7865 7810
f 7928 7962 7941
f 7902 7915 7881
f 7865 7831 7886
f 7886 7899 7865
f 7920 7899 7886
f 7920 7954 7933
f 7912 7899 7933
f 7933 7899 7920
f 7967 7933 7954
f 7952 7973 7965
f 7952 7965 7931
f 7931 7918 7952
f 7952 7918 7939
f 7769 7803 7748
f 7748 7714 7769
f 7824 7858 7803
f 7803 7769 7824
f 7824 7769 7790
f 7824 7790 7845
f 7824 7845 7879
f 7879 7858 7824
f 7837 7858 7892
f 7892 7871 7837
f 7803 7858 7837
f 7837 7871 7816
f 7266 7355 7300
f 7300 7211 7266
f 7389 7300 7355
f 7334 7300 7389
f 7012 7067 7101
f 7101 7067 7156
f 7279 7368 7313
f 7334 7368 7279
f 7588 7554 7643
f 7499 7554 7588
f 7884 7829 7850
f 7816 7871 7850
f 7850 7871 7884
f 7795 7829 7774
f 7795 7761 7816
f 7816 7850 7795
f 7795 7850 7829
f 7677 7588 7643
f 7622 7588 7677
f 7643 7698 7677
f 7677 7698 7732
f 6495 6351 6406
f 6262 6118 6173
f 6173 6317 6262
f 6317 6406 6262
f 6262 6406 6351
f 6783 6728 6639
f 5597 5542 5453
f 6008 5864 5919
f 5919 6063 6008
f 5830 5974 5919
f 5974 6063 5919
f 5631 5542 5686
f 5686 5542 5597
f 5720 5576 5631
f 5487 5542 5631
f 5631 5576 5487
f 5432 5576 5521
f 5432 5377 5288
f 5521 5377 5432
f 5432 5487 5576
f 5541 5596 5685
f 5630 5774 5719
f 5541 5685 5630
f 5630 5685 5774
f 5698 5787 5643
f 5643 5787 5732
f 3648 3559 3703
f 3703 3792 3648
f 3614 3559 3470
f 3525 3614 3470
f 3470 3381 3525
f 3470 3326 3381
f 3470 3559 3415
f 3415 3326 3470
f 4593 4449 4504
f 4559 4648 4504
f 4504 4648 4593
f 4881 4826 4737
f 4593 4648 4737
f 4682 4593 4737
f 4737 4826 4682
f 5122 5067 4978
f 5211 5067 5122
f 5499 5444 5355
f 5300 5211 5355
f 5355 5444 5300
f 4978 4923 4834
f 4690 4745 4834
f 4834 4779 4690
f 4923 4779 4834
f 4800 4745 4656
f 4601 4745 4690
f 4457 4512 4601
f 4656 4745 4601
f 4601 4512 4656
f 4690 4546 4601
f 4601 4546 4457
f 4635 4546 4690
f 4690 4779 4635
f 4279 4224 4135
f 4046 4190 4135
f 4190 4279 4135
f 2983 2839 2894
f 2894 2839 2750
f 2140 2085 1996
f 1996 1852 1907
f 2229 2085 2140
f 2174 2085 2229
f 2572 2661 2517
f 2695 2640 2551
f 2551 2640 2496
f 2284 2229 2140
f 2373 2229 2284
f 2441 2530 2386
f 2585 2530 2441
f 2441 2496 2585
f 2441 2352 2496
f 2090 1946 2001
f 1891 1946 2035
f 2179 2124 2035
f 2035 2090 2179
f 1946 2090 2035
f 3174 3119 3030
f 2674 2530 2585
f 2818 2763 2674
f 2619 2530 2674
f 2674 2763 2619
f 3051 2996 2907
f 3140 2996 3051
f 3161 3017 3072
f 2983 3127 3072
f 3551 3407 3462
f 2734 2789 2878
f 2967 2823 2878
f 2878 2823 2734
f 4897 4842 4753
f 4753 4808 4897
f 4664 4808 4753
f 4609 4664 4753
f 4753 4698 4609
f 4842 4698 4753
f 4308 4164 4219
f 4452 4397 4308
f 4253 4164 4308
f 4308 4397 4253
f 4308 4363 4452
f 4219 4363 4308
f 4685 4630 4541
f 4452 4596 4541
f 4541 4596 4685
f 4541 4397 4452
f 4486 4397 4541
f 4541 4630 4486
f 5062 5151 5007
f 5206 5151 5062
f 5062 5117 5206
f 4973 5117 5062
f 4774 4630 4685
f 4774 4685 4829
f 4719 4630 4774
f 4774 4863 4719
f 5096 5185 5041
f 5240 5185 5096
f 5096 5151 5240
f 5007 5151 5096
f 4808 4863 4952
f 5041 4897 4952
f 4897 4808 4952
f 4952 5096 5041
f 4952 4863 5007
f 5007 5096 4952
f 4295 4240 4151
f 4151 4206 4295
f 4884 4795 4939
f 4884 4973 4829
f 4562 4706 4651
f 4651 4706 4795
f 4829 4685 4740
f 4685 4596 4740
f 4596 4651 4740
f 4740 4884 4829
f 4795 4884 4740
f 4740 4651 4795
f 4622 4533 4677
f 4478 4533 4622
f 4389 4533 4478
f 4389 4245 4300
f 4787 4698 4842
f 4643 4698 4787
f 4787 4732 4643
f 4876 4732 4787
f 5130 5219 5075
f 5075 4986 5130
f 4554 4499 4410
f 4321 4465 4410
f 4410 4465 4554
f 4300 4211 4355
f 4355 4410 4499
f 4444 4355 4499
f 4300 4355 4444
f 4444 4389 4300
f 4533 4389 4444
f 4643 4732 4588
f 4588 4499 4643
f 4588 4732 4677
f 4588 4444 4499
f 4677 4533 4588
f 4533 4444 4588
f 4109 4164 4253
f 4020 4164 4109
f 4287 4232 4143
f 3999 4054 4143
f 4143 4088 3999
f 4143 4232 4088
f 4431 4342 4486
f 4287 4342 4431
f 4431 4376 4287
f 4520 4376 4431
f 3779 3868 3724
f 3724 3635 3779
f 3779 3635 3690
f 3690 3834 3779
f 3978 3834 3889
f 3978 4033 4122
f 3889 4033 3978
f 4334 4478 4423
f 4190 4245 4334
f 4334 4389 4478
f 4245 4389 4334
f 4423 4279 4334
f 4334 4279 4190
f 2792 2881 2737
f 2415 2470 2559
f 2326 2237 2381
f 2381 2470 2326
f 2703 2758 2847
f 2792 2703 2847
f 2847 2936 2792
f 2847 2991 2936
f 2847 2758 2902
f 2902 2991 2847
f 3423 3279 3334
f 3334 3478 3423
f 3512 3368 3423
f 3368 3279 3423
f 2753 2609 2664
f 2664 2808 2753
f 2753 2842 2698
f 2698 2609 2753
f 3897 3986 3842
f 3842 3753 3897
f 3444 3588 3533
f 3444 3300 3355
f 3533 3389 3444
f 3389 3300 3444
f 3732 3588 3643
f 3787 3732 3643
f 3643 3698 3787
f 3554 3698 3643
f 3355 3410 3499
f 3499 3444 3355
f 3588 3444 3499
f 3499 3643 3588
f 3499 3410 3554
f 3554 3643 3499
f 3821 3876 3965
f 3965 3910 3821
f 3965 4054 3910
f 3965 4109 4054
f 3965 3876 4020
f 4020 4109 3965
f 4507 4363 4418
f 4507 4651 4596
f 4507 4596 4452
f 4452 4363 4507
f 4418 4562 4507
f 4562 4651 4507
f 155 134 121
f 155 189 134
f 121 176 155
f 155 176 210
f 210 189 155
f 92 113 126
f 126 113 147
f 435 490 524
f 524 469 435
f 469 380 435
f 401 490 435
f 435 346 401
f 435 380 346
f 325 270 291
f 325 414 359
f 325 380 414
f 291 346 325
f 346 380 325
f 215 270 249
f 257 202 223
f 257 312 291
f 291 270 236
f 236 257 291
f 202 257 236
f 270 215 236
f 134 189 168
f 168 202 147
f 168 189 223
f 223 202 168
f 168 113 134
f 147 113 168
f 295 274 240
f 240 261 295
f 295 316 350
f 261 316 295
f 253 274 308
f 308 287 253
f 253 232 198
f 253 287 232
f 355 389 334
f 334 300 355
f 355 300 321
f 321 410 355
f 588 643 677
f 622 588 677
f 533 588 622
f 389 355 444
f 444 355 410
f 457 423 512
f 455 489 400
f 455 421 510
f 400 366 455
f 455 366 421
f 578 489 544
f 544 455 510
f 489 455 544
f 400 489 434
f 434 345 400
f 379 345 434
f 468 379 434
f 578 612 523
f 523 489 578
f 468 434 523
f 523 434 489
f 667 756 701
f 701 612 667
f 701 646 612
f 654 620 709
f 722 756 667
f 243 264 298
f 332 277 298
f 298 277 243
f 222 167 188
f 154 209 188
f 188 243 222
f 188 209 243
f 256 235 201
f 222 256 201
f 201 167 222
f 146 167 201
f 591 625 536
f 510 476 565
f 620 654 565
f 159 138 104
f 227 206 172
f 172 206 151
f 151 117 172
f 117 138 172
f 75 62 96
f 96 109 75
f 104 117 83
f 83 70 104
f 117 96 83
f 83 96 62
f 49 70 83
f 83 62 49
f 164 143 109
f 198 143 164
f 122 143 177
f 198 232 177
f 177 143 198
f 1025 1169 1114
f 669 580 635
f 635 724 669
f 1897 1986 1842
f 1952 2041 1897
f 1897 2041 1986
f 1575 1664 1520
f 1575 1486 1630
f 1630 1774 1719
f 1719 1575 1630
f 1664 1575 1719
f 1609 1664 1753
f 1753 1698 1609
f 1842 1698 1753
f 1753 1897 1842
f 2138 2193 2282
f 2049 2193 2138
f 973 1117 1062
f 1062 1007 973
f 1151 1007 1062
f 1185 1240 1329
f 973 1007 918
f 863 829 918
f 1096 1007 1151
f 1096 1240 1185
f 1151 1240 1096
f 1431 1342 1486
f 1431 1575 1520
f 1486 1575 1431
f 1520 1376 1431
f 1287 1342 1431
f 1431 1376 1287
f 1020 1109 965
f 1253 1109 1164
f 1164 1075 1219
f 1109 1020 1164
f 1164 1020 1075
f 1308 1253 1164
f 1164 1219 1308
f 1287 1143 1198
f 1198 1109 1253
f 1253 1342 1198
f 1198 1342 1287
f 965 1109 1054
f 1109 1198 1054
f 1054 1198 1143
f 2088 2177 2033
f 1423 1512 1368
f 1745 1690 1601
f 1601 1690 1546
f 1601 1546 1457
f 1457 1512 1601
f 1745 1889 1834
f 1834 1923 1779
f 1834 1690 1745
f 1779 1690 1834
f 1813 1902 1758
f 1957 1902 1813
f 1813 1868 1957
f 1758 1614 1669
f 1669 1813 1758
f 1902 2046 1991
f 1936 2025 1881
f 1881 1792 1936
f 2080 2025 1936
f 1936 1991 2080
f 1847 1703 1758
f 1847 1792 1703
f 1847 1936 1792
f 1991 1936 1847
f 1758 1902 1847
f 1902 1991 1847
f 1216 1360 1305
f 1305 1161 1216
f 1271 1360 1216
f 1182 1326 1271
f 1415 1360 1271
f 1271 1326 1415
f 1394 1538 1483
f 1483 1339 1394
f 1716 1572 1627
f 1538 1682 1627
f 1627 1483 1538
f 1572 1483 1627
f 1627 1771 1716
f 1627 1682 1771
f 2423 2279 2334
f 2334 2478 2423
f 2423 2478 2567
f 2457 2402 2313
f 2313 2169 2224
f 2313 2402 2258
f 2258 2169 2313
f 3122 3033 3177
f 2978 3033 3122
f 3122 3067 2978
f 3211 3067 3122
f 2499 2554 2643
f 2732 2588 2643
f 2643 2588 2499
f 2643 2787 2732
f 2698 2787 2643
f 2643 2554 2698
f 2444 2533 2389
f 2389 2300 2444
f 2533 2478 2389
f 2245 2300 2389
f 2334 2245 2389
f 2389 2478 2334
f 1695 1551 1606
f 1517 1661 1606
f 1606 1462 1517
f 1551 1462 1606
f 1661 1750 1606
f 1606 1750 1695
f 1737 1593 1648
f 1648 1559 1703
f 1648 1792 1737
f 1703 1792 1648
f 1449 1593 1538
f 1449 1538 1394
f 1394 1305 1449
f 1449 1305 1360
f 2004 1860 1915
f 1949 1860 2004
f 2004 1915 2059
f 2059 2148 2004
f 1962 2106 2051
f 2051 1907 1962
f 2140 1996 2051
f 2051 1996 1907
f 2127 2216 2072
f 2072 1983 2127
f 2127 1983 2038
f 2271 2216 2127
f 2038 2182 2127
f 2127 2182 2271
f 763 818 852
f 852 818 907
f 907 941 852
f 907 818 873
f 750 839 784
f 784 839 873
f 873 818 784
f 708 763 797
f 797 763 852
f 975 1009 920
f 538 593 627
f 627 572 538
f 661 716 750
f 661 627 716
f 572 627 661
f 360 305 326
f 360 449 394
f 271 292 326
f 326 305 271
f 271 305 250
f 339 428 373
f 394 428 339
f 339 284 305
f 339 360 394
f 305 360 339
f 373 318 339
f 318 284 339
f 632 666 577
f 721 666 632
f 530 619 564
f 551 585 496
f 496 585 530
f 1043 954 1098
f 954 1009 1098
f 1098 1187 1043
f 1242 1187 1098
f 1263 1318 1407
f 1407 1352 1263
f 1496 1352 1407
f 1318 1462 1407
f 1407 1551 1496
f 1407 1462 1551
f 1153 1098 1009
f 1242 1098 1153
f 1153 1297 1242
f 1153 1208 1297
f 1182 1038 1093
f 1004 1148 1093
f 894 860 949
f 1004 1093 949
f 949 1093 1038
f 949 983 894
f 949 1038 983
f 949 915 1004
f 860 915 949
f 1127 1038 1182
f 1182 1271 1127
f 1127 1271 1216
f 1127 1216 1072
f 1072 983 1127
f 983 1038 1127
f 1017 1161 1106
f 1525 1436 1580
f 1580 1669 1525
f 1525 1669 1614
f 1525 1614 1470
f 1580 1436 1491
f 1491 1546 1635
f 1635 1580 1491
f 1347 1292 1203
f 1347 1436 1292
f 1347 1491 1436
f 1237 1148 1292
f 1237 1326 1182
f 1182 1093 1237
f 1237 1093 1148
f 1470 1326 1381
f 1292 1436 1381
f 1381 1237 1292
f 1326 1237 1381
f 1381 1525 1470
f 1436 1525 1381
f 525 491 580
f 525 559 470
f 593 559 648
f 648 703 737
f 470 559 504
f 538 449 504
f 504 593 538
f 504 559 593
f 436 381 347
f 470 381 436
f 436 525 470
f 491 525 436
f 590 624 535
f 535 501 590
f 590 501 556
f 878 823 789
f 823 734 789
f 831 865 776
f 810 865 899
f 721 776 810
f 810 776 865
f 645 590 556
f 124 179 158
f 137 124 158
f 158 192 137
f 213 247 192
f 192 158 213
f 213 158 179
f 268 247 213
f 446 480 391
f 535 480 446
f 446 501 535
f 522 488 577
f 2598 2454 2509
f 1721 1776 1865
f 2009 1954 1865
f 1865 1920 2009
f 1776 1920 1865
f 1899 1954 2043
f 1844 1755 1899
f 2263 2352 2208
f 2208 2119 2263
f 2064 2153 2009
f 2009 1920 2064
f 2064 2208 2153
f 2119 2208 2064
f 2098 2242 2187
f 2098 1954 2009
f 2009 2153 2098
f 2153 2242 2098
f 2098 2187 2043
f 2043 1954 2098
f 1412 1268 1323
f 1378 1467 1323
f 1323 1467 1412
f 1323 1268 1179
f 1501 1412 1556
f 1412 1467 1556
f 1556 1467 1611
f 1276 1365 1221
f 988 1077 933
f 988 933 899
f 899 954 988
f 988 954 1043
f 1022 967 933
f 933 1077 1022
f 1386 1530 1475
f 1564 1420 1475
f 1475 1331 1386
f 1420 1331 1475
f 1619 1708 1564
f 1564 1475 1619
f 1619 1475 1530
f 1619 1530 1674
f 1619 1674 1763
f 1763 1708 1619
f 1729 1818 1674
f 1729 1674 1585
f 1585 1640 1729
f 1729 1640 1784
f 1784 1873 1729
f 1873 1818 1729
f 1687 1598 1742
f 1598 1653 1742
f 1831 1687 1742
f 1742 1653 1797
f 1742 1886 1831
f 1797 1886 1742
f 2030 2119 1975
f 1975 1886 2030
f 2119 2064 1975
f 1831 1886 1975
f 1975 1920 1831
f 1975 2064 1920
f 1797 1852 1941
f 2030 1886 1941
f 1941 1886 1797
f 1941 2085 2030
f 1941 1996 2085
f 1852 1996 1941
f 1014 1069 1158
f 1302 1247 1158
f 2226 2082 2137
f 946 891 857
f 857 912 946
f 980 891 946
f 946 1035 980
f 1090 1035 946
f 1103 959 1014
f 1014 1158 1103
f 1103 1247 1192
f 1103 1158 1247
f 1171 1315 1260
f 904 959 993
f 595 650 684
f 773 718 684
f 671 616 582
f 582 637 671
f 671 637 726
f 726 760 671
f 705 616 671
f 671 760 705
f 836 925 870
f 870 781 836
f 925 959 870
f 870 959 904
f 692 637 603
f 603 658 692
f 692 658 747
f 747 781 692
f 692 781 726
f 726 637 692
f 862 917 951
f 951 896 862
f 828 862 773
f 917 862 828
f 595 684 629
f 629 684 718
f 1752 1896 1841
f 1697 1752 1841
f 2129 2074 1985
f 1985 1841 1896
f 1985 2074 1930
f 1930 1841 1985
f 1621 1532 1676
f 1676 1532 1587
f 1799 1710 1854
f 1642 1697 1786
f 1786 1841 1930
f 1697 1841 1786
f 2163 2252 2108
f 1443 1354 1498
f 1498 1587 1443
f 1642 1587 1498
f 1498 1553 1642
f 1176 1320 1265
f 2176 2320 2265
f 2176 2032 2087
f 2299 2354 2443
f 2443 2388 2299
f 2532 2388 2443
f 2587 2532 2443
f 2498 2354 2409
f 2498 2642 2587
f 2587 2443 2498
f 2498 2443 2354
f 2498 2409 2553
f 2553 2642 2498
f 1011 977 1066
f 1566 1477 1621
f 1621 1710 1566
f 1566 1710 1655
f 1655 1511 1566
f 1422 1477 1566
f 1566 1511 1422
f 1079 1223 1168
f 1312 1367 1456
f 1312 1223 1367
f 1312 1168 1223
f 990 901 956
f 1011 1100 956
f 956 922 1011
f 977 922 888
f 888 943 977
f 799 854 888
f 888 854 943
f 1367 1223 1278
f 1278 1189 1333
f 1278 1223 1134
f 1134 1189 1278
f 1278 1333 1422
f 1422 1367 1278
f 1345 1290 1201
f 1091 947 1002
f 900 934 845
f 1790 1735 1646
f 1515 1426 1570
f 1570 1659 1515
f 1714 1659 1570
f 1570 1625 1714
f 1447 1591 1536
f 1447 1502 1591
f 1536 1392 1447
f 1612 1468 1523
f 1523 1434 1578
f 1523 1667 1612
f 1578 1667 1523
f 1557 1502 1413
f 1413 1468 1557
f 1646 1502 1557
f 1557 1468 1612
f 1290 1434 1379
f 1379 1235 1290
f 1434 1523 1379
f 1379 1523 1468
f 3133 3188 3277
f 3222 3133 3277
f 3277 3188 3332
f 3730 3819 3675
f 3675 3586 3730
f 3408 3264 3319
f 3120 3264 3209
f 3209 3065 3120
f 3120 3065 2976
f 4018 3963 3874
f 3874 3819 3730
f 3963 3819 3874
f 3154 3065 3209
f 2366 2277 2421
f 2620 2764 2709
f 2057 2146 2002
f 2201 2146 2057
f 2989 2934 2845
f 2701 2756 2845
f 2845 2790 2701
f 2934 2790 2845
f 2701 2557 2612
f 2612 2756 2701
f 2900 3044 2989
f 2989 2845 2900
f 2900 2845 2756
f 2976 3065 2921
f 1138 1227 1083
f 1083 1227 1172
f 829 795 884
f 884 939 973
f 850 939 884
f 884 795 850
f 973 918 884
f 884 918 829
f 473 528 562
f 541 452 507
f 507 596 541
f 562 596 507
f 507 473 562
f 507 452 418
f 418 473 507
f 465 431 520
f 397 452 486
f 486 431 397
f 486 452 541
f 486 520 431
f 541 596 630
f 672 706 617
f 562 528 617
f 583 672 617
f 617 528 583
f 651 596 562
f 562 617 651
f 651 617 706
f 651 706 740
f 732 698 787
f 842 876 787
f 719 808 753
f 753 808 842
f 842 787 753
f 753 787 698
f 1248 1193 1104
f 1104 1159 1248
f 1091 1235 1180
f 1180 1036 1091
f 837 871 782
f 905 871 960
f 769 803 714
f 659 625 714
f 858 803 769
f 2214 2269 2358
f 2358 2447 2303
f 2303 2214 2358
f 2502 2447 2358
f 2358 2413 2502
f 2358 2269 2413
f 1837 1981 1926
f 1837 1926 1782
f 1837 1748 1892
f 1892 1981 1837
f 1926 1981 2070
f 2214 2159 2070
f 2125 2214 2070
f 2070 1981 2125
f 1549 1604 1693
f 1693 1638 1549
f 1782 1638 1693
f 1693 1604 1748
f 1693 1837 1782
f 1748 1837 1693
f 1206 1117 1261
f 1206 1261 1350
f 1350 1295 1206
f 1206 1295 1151
f 1151 1062 1206
f 1206 1062 1117
f 1371 1282 1426
f 1371 1426 1515
f 1515 1460 1371
f 1371 1460 1316
f 1316 1227 1371
f 1227 1282 1371
f 1633 1722 1578
f 1777 1722 1633
f 1667 1722 1811
f 1811 1866 1955
f 1811 1722 1866
f 1366 1421 1510
f 1277 1421 1366
f 1366 1222 1277
f 1489 1434 1345
f 1345 1400 1489
f 1578 1434 1489
f 1489 1400 1544
f 1489 1633 1578
f 1544 1633 1489
f 2579 2524 2435
f 2668 2524 2579
f 2668 2812 2757
f 1880 1935 2024
f 1914 1770 1825
f 1859 1770 1914
f 1969 1825 1880
f 2113 2058 1969
f 1969 1914 1825
f 2058 1914 1969
f 1880 2024 1969
f 1969 2024 2113
f 1626 1482 1537
f 1571 1482 1626
f 1626 1537 1681
f 1681 1770 1626
f 2016 1872 1927
f 1851 1995 1940
f 1940 1796 1851
f 1906 1995 1851
f 1906 2050 1995
f 1906 1817 1961
f 1961 2050 1906
f 1838 1694 1749
f 1660 1804 1749
f 1804 1893 1749
f 1749 1893 1838
f 2016 1927 2071
f 2037 1893 1948
f 2956 2812 2867
f 2867 3011 2956
f 2477 2532 2621
f 2621 2566 2477
f 2710 2566 2621
f 2765 2710 2621
f 2621 2676 2765
f 2532 2676 2621
f 2799 2710 2854
f 2854 2710 2765
f 2422 2566 2511
f 2422 2367 2278
f 2511 2367 2422
f 2477 2566 2422
f 2744 2600 2655
f 2744 2689 2600
f 2655 2799 2744
f 1956 1901 1812
f 1668 1723 1812
f 1867 2011 1956
f 1922 2011 1867
f 1956 1812 1867
f 1867 1812 1723
f 1689 1545 1600
f 1600 1511 1655
f 1456 1511 1600
f 1600 1545 1456
f 1600 1744 1689
f 1655 1744 1600
f 1880 1736 1791
f 1791 1935 1880
f 1736 1647 1791
f 1791 1647 1702
f 1791 1846 1935
f 1791 1702 1846
f 1757 1613 1668
f 1757 1702 1613
f 1846 1702 1757
f 1668 1812 1757
f 1901 1846 1757
f 1757 1812 1901
f 2202 2113 2257
f 2634 2689 2778
f 2456 2511 2600
f 2456 2367 2511
f 1956 2011 2100
f 2100 2045 1956
f 2189 2045 2100
f 2100 2244 2189
f 2100 2011 2155
f 2155 2244 2100
f 2210 2354 2299
f 2265 2354 2210
f 2299 2155 2210
f 2155 2066 2210
f 958 903 869
f 1047 992 958
f 992 903 958
f 272 251 217
f 272 293 327
f 285 251 306
f 251 272 306
f 327 361 306
f 306 272 327
f 772 738 827
f 683 738 772
f 764 798 709
f 764 853 798
f 560 526 615
f 670 704 615
f 649 560 615
f 615 704 649
f 539 594 628
f 628 594 683
f 539 484 450
f 361 416 450
f 319 264 285
f 319 298 264
f 319 374 408
f 691 725 636
f 636 725 670
f 636 602 691
f 547 602 636
f 492 437 403
f 403 437 348
f 348 314 403
f 403 314 369
f 568 602 513
f 513 602 547
f 178 233 212
f 212 157 178
f 178 123 144
f 178 157 123
f 356 390 335
f 445 390 356
f 238 259 293
f 238 204 259
f 293 272 238
f 238 272 217
f 191 157 212
f 212 246 191
f 280 314 259
f 335 314 280
f 453 364 419
f 419 508 453
f 474 508 419
f 385 474 419
f 398 364 453
f 398 487 432
f 453 487 398
f 453 508 542
f 542 487 453
f 542 508 597
f 1877 1932 2021
f 2110 1966 2021
f 2021 1966 1877
f 2021 2165 2110
f 2076 2165 2021
f 2021 1932 2076
f 1699 1788 1644
f 1610 1754 1699
f 1843 1788 1699
f 1699 1754 1843
f 1589 1678 1534
f 1589 1644 1733
f 1733 1678 1589
f 1411 1356 1267
f 2139 2194 2283
f 1576 1631 1720
f 1487 1631 1576
f 1432 1487 1576
f 1576 1521 1432
f 1898 1754 1809
f 1809 1953 1898
f 1021 932 1076
f 1398 1309 1453
f 1364 1309 1220
f 1453 1309 1364
f 1364 1508 1453
f 1419 1508 1364
f 1220 1309 1165
f 1165 1076 1220
f 1165 1110 1021
f 1021 1076 1165
f 2008 1953 1864
f 1953 1809 1864
f 1720 1775 1864
f 1864 1809 1720
f 1686 1631 1542
f 1542 1631 1487
f 1542 1398 1453
f 1487 1398 1542
f 2351 2440 2296
f 1919 2063 2008
f 1919 1775 1830
f 2008 1864 1919
f 1919 1864 1775
f 1974 1919 1830
f 2063 1919 1974
f 2008 2063 2152
f 2152 2097 2008
f 2241 2097 2152
f 2296 2241 2152
f 2029 2173 2118
f 2118 2173 2262
f 2118 1974 2029
f 2063 1974 2118
f 500 466 555
f 555 589 500
f 445 500 534
f 534 500 589
f 1144 1000 1055
f 898 932 843
f 843 809 898
f 898 864 953
f 898 809 864
f 733 822 767
f 788 822 733
f 699 788 733
f 568 534 623
f 623 534 589
f 1241 1296 1385
f 1118 1029 1173
f 1118 1262 1207
f 1173 1262 1118
f 974 1029 1118
f 754 809 843
f 754 788 699
f 843 788 754
f 1063 1008 974
f 1063 1152 1008
f 974 1118 1063
f 1207 1152 1063
f 1063 1118 1207
f 359 338 304
f 304 325 359
f 270 325 304
f 249 270 304
f 249 304 283
f 283 304 338
f 461 550 495
f 503 537 448
f 537 482 448
f 448 482 393
f 448 414 503
f 359 414 448
f 448 393 359
f 702 613 668
f 613 647 558
f 524 613 558
f 558 592 503
f 558 647 592
f 503 469 558
f 558 469 524
f 736 791 825
f 825 791 880
f 673 584 639
f 639 728 673
f 694 728 639
f 639 584 550
f 639 550 605
f 605 694 639
f 715 626 681
f 715 660 626
f 1393 1249 1304
f 1359 1448 1304
f 1304 1448 1393
f 1194 1283 1139
f 1338 1283 1194
f 1194 1249 1338
f 88 54 75
f 88 67 54
f 75 109 88
f 88 109 122
f 132 153 187
f 153 208 187
f 242 221 187
f 187 208 242
f 276 331 310
f 200 179 145
f 161 195 140
f 140 106 161
f 122 177 156
f 174 208 153
f 174 119 140
f 153 119 174
f 140 195 174
f 174 195 229
f 229 208 174
f 9 4 17
f 9 14 6
f 9 6 1
f 1 4 9
f 85 51 72
f 72 106 85
f 72 51 38
f 77 64 98
f 98 119 132
f 85 119 98
f 98 64 85
f 132 111 98
f 98 111 77
f 82 69 103
f 103 124 137
f 137 116 103
f 103 116 82
f 77 111 90
f 90 111 124
f 124 103 90
f 90 103 69
f 22 35 14
f 14 9 22
f 22 30 43
f 43 35 22
f 17 30 22
f 22 9 17
f 69 35 56
f 77 90 56
f 56 90 69
f 43 77 56
f 56 35 43
f 74 40 61
f 61 82 95
f 95 74 61
f 48 82 61
f 61 40 48
f 45 32 53
f 53 66 45
f 24 32 45
f 45 37 24
f 134 113 100
f 121 134 100
f 100 87 121
f 100 66 87
f 302 247 268
f 281 247 302
f 302 336 281
f 294 260 315
f 315 349 294
f 315 260 281
f 281 336 315
f 315 336 370
f 315 370 404
f 404 349 315
f 383 349 438
f 459 548 493
f 438 404 493
f 404 459 493
f 493 527 438
f 582 527 493
f 493 548 582
f 430 485 519
f 396 485 430
f 430 341 396
f 375 341 430
f 210 231 265
f 320 299 265
f 223 189 244
f 244 189 210
f 210 265 244
f 244 265 299
f 320 409 354
f 354 299 320
f 540 506 595
f 595 629 540
f 472 506 417
f 438 527 472
f 472 527 561
f 561 506 472
f 472 383 438
f 417 383 472
f 451 485 396
f 417 506 451
f 451 540 485
f 506 540 451
f 396 362 451
f 451 362 417
f 328 273 294
f 294 349 328
f 349 383 328
f 417 362 328
f 328 383 417
f 273 328 307
f 307 328 362
f 307 362 396
f 396 341 307
f 163 218 197
f 163 184 218
f 197 142 163
f 163 142 108
f 1663 1608 1519
f 1519 1608 1464
f 1519 1464 1375
f 1375 1430 1519
f 1218 1307 1163
f 1218 1074 1129
f 1163 1074 1218
f 1129 1273 1218
f 1362 1218 1273
f 1307 1218 1362
f 820 854 765
f 765 731 820
f 765 854 799
f 799 710 765
f 464 498 409
f 464 430 519
f 409 375 464
f 375 430 464
f 1142 1087 998
f 998 1053 1142
f 1231 1087 1142
f 1142 1053 1197
f 1184 1095 1239
f 1239 1328 1184
f 1184 1328 1273
f 1184 1273 1129
f 1129 1040 1184
f 1040 1095 1184
f 807 862 896
f 807 718 773
f 773 862 807
f 875 930 964
f 964 909 875
f 909 820 875
f 875 820 786
f 896 930 841
f 841 807 896
f 841 875 786
f 930 875 841
f 985 930 896
f 951 1040 985
f 985 896 951
f 1074 930 985
f 1129 1074 985
f 985 1040 1129
f 833 888 922
f 833 744 799
f 799 888 833
f 710 744 655
f 655 600 566
f 2225 2081 2136
f 2280 2225 2136
f 2136 2191 2280
f 2047 2191 2136
f 2060 2115 2204
f 2204 2149 2060
f 2293 2149 2204
f 2204 2115 2259
f 1971 2115 2060
f 1971 1827 1882
f 1971 1882 2026
f 2026 2115 1971
f 1683 1827 1772
f 1772 1628 1683
f 1717 1628 1772
f 2060 2149 2005
f 2005 2149 2094
f 2615 2560 2471
f 2581 2437 2492
f 2492 2636 2581
f 2492 2437 2348
f 2259 2403 2348
f 2348 2403 2492
f 2348 2204 2259
f 2348 2437 2293
f 2293 2204 2348
f 3280 3225 3136
f 3191 3280 3136
f 3136 3047 3191
f 2992 3047 3136
f 3136 3081 2992
f 3225 3081 3136
f 2958 2903 2814
f 2759 2903 2848
f 2759 2615 2670
f 2670 2814 2759
f 2759 2814 2903
f 3191 3047 3102
f 3102 3047 2958
f 3301 3157 3212
f 3212 3356 3301
f 3246 3390 3335
f 3246 3102 3157
f 3301 3390 3246
f 3246 3157 3301
f 3246 3335 3191
f 3191 3102 3246
f 1874 1730 1785
f 1874 1819 1730
f 1785 1929 1874
f 1929 2018 1874
f 1709 1764 1853
f 1853 1798 1709
f 2052 1997 1908
f 1764 1819 1908
f 1908 1853 1764
f 1997 1853 1908
f 2141 1997 2052
f 2052 2196 2141
f 2340 2196 2251
f 2251 2395 2340
f 2010 1921 2065
f 2065 2154 2010
f 2065 1921 1976
f 2065 1976 2120
f 1026 1115 971
f 971 937 1026
f 937 1081 1026
f 1170 1115 1026
f 1026 1081 1170
f 882 937 971
f 882 916 827
f 971 916 882
f 827 793 882
f 882 793 848
f 848 937 882
f 1251 1162 1306
f 1306 1162 1217
f 1594 1450 1505
f 1505 1649 1594
f 1217 1128 1272
f 971 1115 1060
f 1039 984 950
f 1039 1128 984
f 1848 1937 1793
f 1793 1937 1882
f 1903 1958 2047
f 2102 2191 2047
f 2047 1958 2102
f 2102 1958 2013
f 1374 1319 1230
f 1230 1285 1374
f 1141 1285 1230
f 1230 1319 1175
f 1175 1086 1230
f 1230 1086 1141
f 1196 1285 1141
f 1141 1052 1196
f 1196 1052 1107
f 1196 1107 1251
f 1251 1340 1196
f 1340 1285 1196
f 1641 1586 1497
f 1497 1586 1442
f 1442 1353 1497
f 1353 1408 1497
f 1463 1319 1374
f 1463 1408 1319
f 1463 1518 1607
f 1374 1518 1463
f 1099 1044 955
f 1476 1387 1531
f 1476 1620 1565
f 1531 1620 1476
f 1565 1421 1476
f 1099 1243 1188
f 1188 1044 1099
f 1332 1243 1387
f 1332 1476 1421
f 1387 1476 1332
f 1332 1421 1277
f 1277 1188 1332
f 1332 1188 1243
f 1099 955 1010
f 1010 955 921
f 1010 921 976
f 976 1065 1010
f 1154 1065 1209
f 1209 1298 1154
f 1298 1243 1154
f 1154 1243 1099
f 1099 1010 1154
f 1154 1010 1065
f 942 853 908
f 1141 1086 997
f 997 1052 1141
f 997 1086 942
f 942 908 997
f 963 1052 997
f 997 908 963
f 5872 5728 5783
f 5872 5927 6016
f 5783 5927 5872
f 4838 4694 4749
f 4838 4893 4982
f 4749 4893 4838
f 5071 4982 5126
f 5016 5071 5160
f 5016 5160 5105
f 4749 4605 4660
f 4605 4516 4660
f 4660 4516 4571
f 4571 4715 4660
f 4571 4427 4482
f 5131 5220 5076
f 5275 5220 5131
f 5131 5186 5275
f 5042 5186 5131
f 5076 5220 5165
f 5262 5207 5118
f 5597 5453 5508
f 5508 5453 5364
f 5597 5508 5652
f 5652 5508 5563
f 5707 5652 5563
f 5995 6084 5940
f 5995 6139 6084
f 5995 5906 6050
f 6050 6139 5995
f 4034 4178 4123
f 4034 3890 3945
f 3945 4089 4034
f 4089 4178 4034
f 4123 3979 4034
f 4034 3979 3890
f 4445 4356 4500
f 4500 4356 4411
f 4500 4411 4555
f 4555 4644 4500
f 4411 4356 4267
f 4322 4411 4267
f 4267 4178 4322
f 4123 4178 4267
f 4267 4212 4123
f 4267 4356 4212
f 5097 5152 5241
f 5186 5097 5241
f 5296 5152 5207
f 5296 5440 5385
f 5385 5241 5296
f 5296 5241 5152
f 4453 4597 4542
f 4453 4309 4364
f 4453 4542 4398
f 4398 4309 4453
f 4974 4830 4885
f 4110 4055 3966
f 4199 4055 4110
f 4432 4377 4288
f 4343 4432 4288
f 4288 4199 4343
f 4144 4199 4288
f 4288 4233 4144
f 4288 4377 4233
f 4521 4432 4576
f 3911 3856 3767
f 3623 3678 3767
f 3822 3966 3911
f 3911 3767 3822
f 3822 3767 3678
f 3877 3966 3822
f 3843 3788 3699
f 2707 2563 2618
f 2474 2563 2419
f 2474 2618 2563
f 2757 2702 2613
f 2613 2668 2757
f 2524 2668 2613
f 2613 2702 2558
f 2215 2126 2270
f 2270 2359 2215
f 2215 2359 2304
f 2215 2071 2126
f 2503 2647 2592
f 2558 2647 2503
f 2592 2647 2736
f 2880 2825 2736
f 2105 2249 2194
f 2105 1961 2016
f 2105 2050 1961
f 2194 2050 2105
f 2393 2249 2304
f 2393 2537 2482
f 2338 2482 2427
f 2194 2249 2338
f 2338 2393 2482
f 2249 2393 2338
f 2427 2283 2338
f 2338 2283 2194
f 2592 2537 2448
f 2448 2503 2592
f 2359 2503 2448
f 2304 2359 2448
f 2448 2393 2304
f 2537 2393 2448
f 2681 2537 2592
f 2681 2825 2770
f 2592 2736 2681
f 2681 2736 2825
f 2482 2537 2626
f 2770 2715 2626
f 2626 2681 2770
f 2537 2681 2626
f 2749 2605 2660
f 4443 4354 4498
f 4498 4354 4409
f 4409 4553 4498
f 4498 4553 4642
f 4210 4121 4265
f 4265 4354 4210
f 4066 4121 4210
f 4210 4155 4066
f 3244 3388 3333
f 3333 3189 3244
f 3532 3388 3443
f 3532 3587 3676
f 3443 3587 3532
f 3299 3244 3155
f 3299 3388 3244
f 3155 3210 3299
f 3443 3388 3299
f 3299 3210 3354
f 3354 3443 3299
f 3202 3346 3291
f 2969 2825 2880
f 2914 2825 2969
f 4168 4113 4024
f 4257 4113 4168
f 3880 3935 4024
f 2982 3126 3071
f 3202 3291 3147
f 3956 4045 3901
f 3579 3668 3524
f 4388 4477 4333
f 4333 4278 4189
f 4045 4100 4189
f 4134 4045 4189
f 4189 4278 4134
f 4655 4600 4511
f 4566 4655 4511
f 4600 4456 4511
f 3977 3833 3888
f 3977 4121 4066
f 4032 4121 3977
f 3977 3888 4032
f 3689 3545 3600
f 4087 3943 3998
f 3998 4142 4087
f 3909 4053 3998
f 3998 4053 4142
f 3490 3545 3634
f 3490 3634 3579
f 3778 3634 3689
f 3689 3833 3778
f 3579 3634 3723
f 3723 3668 3579
f 3634 3778 3723
f 3723 3778 3867
f 4011 4100 3956
f 3956 3867 4011
f 4011 4155 4100
f 4066 4155 4011
f 4375 4464 4320
f 4519 4464 4375
f 4375 4430 4519
f 4375 4286 4430
f 4723 4778 4867
f 4689 4778 4634
f 4833 4778 4689
f 4689 4744 4833
f 4600 4744 4689
f 4346 4257 4401
f 4401 4490 4346
f 4579 4634 4723
f 4579 4490 4634
f 5312 5257 5168
f 5168 5223 5312
f 5079 5223 5168
f 5168 5024 5079
f 5024 4935 5079
f 4846 4901 4990
f 4990 4935 4846
f 4990 5079 4935
f 5922 5833 5977
f 5833 5888 5977
f 5744 5833 5689
f 5689 5600 5744
f 5833 5778 5689
f 5689 5778 5634
f 5799 5655 5710
f 5710 5621 5765
f 5532 5621 5477
f 5354 5498 5443
f 5642 5731 5587
f 5587 5498 5642
f 5731 5676 5587
f 5443 5498 5587
f 5532 5443 5587
f 5587 5676 5532
f 5909 5765 5820
f 5765 5676 5820
f 5820 5676 5731
f 5731 5875 5820
f 4922 4778 4833
f 4922 4867 4778
f 5244 5189 5100
f 5333 5189 5244
f 5375 5519 5464
f 5464 5320 5375
f 5375 5430 5519
f 5286 5430 5375
f 5053 5197 5142
f 5197 5286 5142
f 5142 4998 5053
f 5087 4998 5142
f 5252 5108 5163
f 5252 5396 5341
f 5341 5197 5252
f 5197 5108 5252
f 5307 5396 5252
f 5252 5163 5307
f 4833 4744 4888
f 4312 4456 4401
f 4312 4168 4223
f 4401 4257 4312
f 4257 4168 4312
f 4566 4477 4621
f 4621 4710 4566
f 3516 3461 3372
f 3372 3317 3228
f 3461 3317 3372
f 2817 2872 2961
f 2927 2982 3071
f 2838 2982 2927
f 2728 2817 2673
f 2728 2872 2817
f 3050 2995 2906
f 2817 2961 2906
f 2906 2961 3050
f 3482 3626 3571
f 3626 3715 3571
f 3626 3537 3681
f 3681 3537 3592
f 3304 3160 3215
f 3448 3393 3304
f 3194 3050 3105
f 3050 2961 3105
f 3393 3338 3249
f 3249 3304 3393
f 3160 3304 3249
f 3249 3105 3160
f 3249 3338 3194
f 3194 3105 3249
f 3605 3461 3516
f 3605 3749 3694
f 3605 3694 3550
f 3550 3461 3605
f 3783 3694 3838
f 3838 3927 3783
f 3694 3749 3838
f 3783 3927 3872
f 3872 3728 3783
f 3872 3817 3728
f 4825 4681 4736
f 4736 4880 4825
f 4791 4880 4736
f 4270 4126 4181
f 3987 3898 4042
f 4042 4131 3987
f 3987 4131 4076
f 3987 3843 3898
f 4076 4131 4220
f 4364 4309 4220
f 4220 4275 4364
f 4220 4131 4275
f 3974 3830 3885
f 4118 4063 3974
f 3885 4029 3974
f 3974 4029 4118
f 4063 4008 3919
f 3919 3974 4063
f 3830 3974 3919
f 3775 3830 3919
f 3919 3864 3775
f 3919 4008 3864
f 1636 1547 1691
f 1691 1547 1602
f 1801 1657 1712
f 2843 2699 2754
f 2843 2987 2932
f 2754 2898 2843
f 2898 2987 2843
f 2466 2521 2610
f 2610 2555 2466
f 2699 2555 2610
f 2754 2699 2610
f 3021 2877 2932
f 3021 3110 2966
f 2966 2877 3021
f 2788 2733 2644
f 2788 2877 2733
f 2644 2699 2788
f 2932 2877 2788
f 2788 2843 2932
f 2699 2843 2788
f 2288 2343 2432
f 2199 2343 2288
f 2144 2199 2288
f 2288 2233 2144
f 2466 2322 2377
f 2322 2233 2377
f 2233 2288 2377
f 2377 2521 2466
f 2432 2521 2377
f 2377 2288 2432
f 2547 2458 2602
f 2369 2314 2225
f 2369 2458 2314
f 2369 2225 2280
f 2280 2424 2369
f 2411 2555 2500
f 2500 2356 2411
f 2411 2322 2466
f 2466 2555 2411
f 1924 2068 2013
f 1979 2034 2123
f 2123 2068 1979
f 1979 1924 1835
f 2068 1924 1979
f 2445 2589 2534
f 2534 2390 2445
f 2500 2589 2445
f 2445 2356 2500
f 2267 2123 2178
f 2267 2411 2356
f 2178 2322 2267
f 2322 2411 2267
f 1068 1157 1013
f 1123 1212 1068
f 1068 1212 1157
f 1178 1089 1233
f 1267 1123 1178
f 1013 1157 1102
f 1102 1191 1047
f 1102 1157 1246
f 1246 1191 1102
f 1047 958 1102
f 1102 958 1013
f 1513 1657 1602
f 1513 1602 1458
f 1458 1369 1513
f 1369 1424 1513
f 2131 2275 2220
f 2131 1987 2042
f 2131 2042 2186
f 2186 2275 2131
f 2131 2220 2076
f 2076 1987 2131
f 2665 2809 2754
f 2665 2521 2576
f 2576 2720 2665
f 2720 2809 2665
f 2754 2610 2665
f 2665 2610 2521
f 2398 2453 2542
f 2631 2487 2542
f 2542 2487 2398
f 2542 2453 2597
f 2364 2275 2419
f 2220 2275 2364
f 2309 2220 2364
f 2364 2453 2309
f 2398 2343 2254
f 2309 2398 2254
f 2254 2165 2309
f 2110 2165 2254
f 2254 2199 2110
f 2254 2343 2199
f 5086 5141 5230
f 5086 4997 5141
f 4633 4722 4578
f 4777 4722 4633
f 4633 4688 4777
f 4544 4688 4633
f 4832 4976 4921
f 4832 4688 4743
f 4832 4743 4887
f 4887 4976 4832
f 4832 4921 4777
f 4777 4688 4832
f 4743 4688 4599
f 4510 4654 4599
f 4599 4654 4743
f 4599 4455 4510
f 4544 4455 4599
f 4599 4688 4544
f 5366 5455 5311
f 5023 4934 5078
f 5023 4879 4934
f 4968 4879 5023
f 5366 5311 5222
f 5154 5243 5099
f 5065 4976 5120
f 5120 5209 5065
f 5065 5209 5154
f 4921 4976 5065
f 4408 4552 4497
f 4408 4264 4319
f 4497 4353 4408
f 4353 4264 4408
f 4497 4552 4641
f 4730 4586 4641
f 4641 4586 4497
f 4607 4552 4463
f 4319 4374 4463
f 4463 4408 4319
f 4552 4408 4463
f 4285 4374 4230
f 4785 4874 4730
f 4730 4641 4785
f 5073 5128 5217
f 3201 3345 3290
f 3290 3146 3201
f 3290 3235 3146
f 2680 2824 2769
f 2680 2536 2591
f 2591 2735 2680
f 2735 2824 2680
f 3112 3057 2968
f 2968 3023 3112
f 2968 3057 2913
f 2913 2824 2968
f 3303 3214 3358
f 3358 3447 3303
f 3358 3214 3269
f 3502 3447 3358
f 3180 3235 3324
f 3324 3269 3180
f 3756 3612 3667
f 3667 3811 3756
f 3667 3578 3722
f 3722 3811 3667
f 4683 4772 4628
f 4827 4772 4683
f 4594 4738 4683
f 4683 4738 4827
f 4306 4450 4395
f 4395 4251 4306
f 3997 4052 4141
f 4141 4230 4086
f 4086 3997 4141
f 4141 4285 4230
f 4141 4052 4196
f 4196 4285 4141
f 3332 3387 3476
f 2096 2007 2151
f 1952 2007 2096
f 2096 2041 1952
f 2185 2041 2096
f 2473 2418 2329
f 2384 2473 2329
f 2329 2274 2185
f 2329 2418 2274
f 2884 2939 3028
f 3028 2973 2884
f 2884 2973 2829
f 2829 2740 2884
f 2795 2884 2740
f 2939 2884 2795
f 2706 2850 2795
f 2795 2850 2939
f 2651 2596 2507
f 2651 2740 2596
f 2507 2562 2651
f 2651 2795 2740
f 2562 2706 2651
f 2706 2795 2651
f 2316 2405 2261
f 2460 2405 2316
f 2316 2371 2460
f 2947 3036 2892
f 2892 2803 2947
f 2104 2049 1960
f 2104 2193 2049
f 2104 2159 2248
f 2248 2193 2104
f 2625 2714 2570
f 2570 2481 2625
f 2625 2481 2536
f 2769 2714 2625
f 2625 2680 2769
f 2536 2680 2625
f 2392 2337 2248
f 2392 2481 2337
f 2248 2303 2392
f 2536 2481 2392
f 2303 2447 2392
f 2447 2536 2392
f 2659 2515 2570
f 2570 2714 2659
f 2714 2803 2659
f 2892 2837 2748
f 2748 2803 2892
f 2748 2659 2803
f 2693 2837 2782
f 2638 2549 2693
f 2693 2782 2638
f 2693 2748 2837
f 3981 4125 4070
f 3782 3837 3926
f 3926 3871 3782
f 4015 3871 3926
f 4070 4015 3926
f 3926 3981 4070
f 3837 3981 3926
f 3824 3879 3968
f 3968 4112 4057
f 4023 4112 3968
f 3968 3879 4023
f 3913 3769 3824
f 3824 3968 3913
f 3913 3968 4057
f 3858 3769 3913
f 3536 3680 3625
f 3680 3769 3625
f 3625 3481 3536
f 3570 3481 3625
f 3659 3803 3748
f 3515 3570 3659
f 3659 3604 3515
f 3748 3604 3659
f 2952 2808 2863
f 2863 3007 2952
f 3007 3096 2952
f 3075 2931 2986
f 2965 3054 2910
f 2910 2821 2965
f 3308 3452 3397
f 3130 3075 2986
f 3219 3075 3130
f 2960 3015 3104
f 3193 3049 3104
f 3104 3049 2960
f 3104 3248 3193
f 3159 3015 3070
f 3303 3248 3159
f 3248 3104 3159
f 3159 3104 3015
f 3070 3214 3159
f 3159 3214 3303
f 3460 3405 3316
f 3227 3371 3316
f 3316 3371 3460
f 3316 3172 3227
f 3261 3172 3316
f 3316 3405 3261
f 4193 4337 4282
f 4193 4049 4104
f 4248 4193 4104
f 4337 4193 4248
f 4282 4337 4426
f 4481 4570 4426
f 4426 4337 4481
f 4693 4638 4549
f 4549 4405 4460
f 3384 3528 3473
f 3528 3617 3473
f 3473 3617 3562
f 3473 3329 3384
f 4138 4282 4227
f 4138 3994 4049
f 4138 4193 4282
f 4049 4193 4138
f 4227 4083 4138
f 4083 3994 4138
f 3960 3816 3871
f 4104 4049 3960
f 3960 4049 3905
f 3905 3816 3960
f 3960 4015 4104
f 3960 3871 4015
f 3295 3151 3206
f 3295 3439 3384
f 3384 3240 3295
f 3240 3151 3295
f 3350 3439 3295
f 3295 3206 3350
f 3575 3431 3486
f 3575 3719 3664
f 3575 3486 3630
f 3630 3719 3575
f 3376 3431 3520
f 3520 3465 3376
f 3609 3465 3520
f 3664 3609 3520
f 3520 3575 3664
f 3431 3575 3520
f 4939 4795 4850
f 4795 4706 4850
f 4850 4706 4761
f 4672 4528 4583
f 4672 4816 4761
f 4583 4727 4672
f 4672 4727 4816
f 4761 4706 4617
f 4617 4672 4761
f 4528 4672 4617
f 4473 4528 4617
f 4617 4562 4473
f 4617 4706 4562
f 5672 5528 5583
f 5583 5727 5672
f 5583 5638 5727
f 5384 5329 5240
f 5172 5117 5028
f 5028 4884 4939
f 5028 5117 4973
f 4973 4884 5028
f 5214 5159 5070
f 5015 5159 5104
f 5015 4871 4926
f 4926 5070 5015
f 5015 5070 5159
f 5303 5159 5214
f 5303 5447 5392
f 5214 5358 5303
f 5303 5358 5447
f 5104 5159 5248
f 5248 5303 5392
f 5159 5303 5248
f 4748 4837 4693
f 4659 4803 4748
f 5193 5049 5104
f 5104 5248 5193
f 4939 4850 4994
f 4816 4871 4960
f 5104 5049 4960
f 4960 5015 5104
f 4871 5015 4960
f 5426 5481 5570
f 4494 4638 4583
f 4583 4439 4494
f 4494 4549 4638
f 4405 4549 4494
f 4460 4405 4316
f 4316 4172 4227
f 5585 5640 5729
f 5818 5674 5729
f 5729 5674 5585
f 5729 5873 5818
f 5729 5640 5784
f 5784 5873 5729
f 5928 5784 5839
f 5928 5873 5784
f 5949 5894 5805
f 5572 5428 5483
f 5572 5517 5428
f 4192 4137 4048
f 4048 4103 4192
f 4048 3959 4103
f 3904 3959 4048
f 3993 3904 4048
f 4048 4137 3993
f 4404 4315 4459
f 4459 4514 4603
f 2718 2629 2773
f 2773 2629 2684
f 2773 2684 2828
f 2828 2917 2773
f 2841 2896 2985
f 2985 2930 2841
f 2786 2697 2841
f 2841 2930 2786
f 3184 3095 3239
f 3239 3328 3184
f 3328 3273 3184
f 3040 3095 3184
f 2807 2951 2896
f 2807 2663 2718
f 3527 3472 3383
f 3239 3294 3383
f 3383 3328 3239
f 3472 3328 3383
f 3150 3294 3239
f 3150 3095 3006
f 3239 3095 3150
f 3205 3294 3150
f 4310 4255 4166
f 4221 4310 4166
f 4166 4077 4221
f 4022 4077 4166
f 4166 4111 4022
f 4166 4255 4111
f 4043 3988 3899
f 3988 3844 3899
f 3899 3844 3755
f 3598 3454 3509
f 3399 3344 3255
f 3433 3344 3488
f 3488 3344 3399
f 3289 3344 3433
f 3234 3145 3289
f 3370 3459 3315
f 3425 3514 3370
f 3514 3459 3370
f 3027 3116 2972
f 3027 3171 3116
f 2938 3082 3027
f 3082 3171 3027
f 3294 3349 3438
f 3527 3383 3438
f 3438 3383 3294
f 3438 3582 3527
f 3438 3493 3582
f 3438 3349 3493
f 3645 3556 3700
f 3501 3556 3645
f 3645 3590 3501
f 3734 3590 3645
f 3412 3323 3467
f 3467 3556 3412
f 5831 5776 5687
f 5776 5831 5920
f 5920 5831 5975
f 5632 5776 5721
f 5721 5577 5632
f 5653 5509 5564
f 5653 5598 5509
f 5564 5708 5653
f 5077 5221 5166
f 5221 5310 5166
f 5166 5022 5077
f 4789 4933 4878
f 4789 4645 4700
f 4700 4844 4789
f 4844 4933 4789
f 4501 4412 4556
f 4556 4645 4501
f 4556 4412 4467
f 4700 4645 4556
f 4556 4611 4700
f 4467 4611 4556
f 4734 4789 4878
f 4645 4789 4734
f 5001 5056 5145
f 5145 5090 5001
f 5001 4946 4857
f 5001 5090 4946
f 4878 5022 4967
f 5082 5027 4938
f 5171 5027 5082
f 5315 5260 5171
f 5404 5260 5315
f 4904 4815 4959
f 4904 4760 4815
f 4849 4760 4904
f 4069 4213 4158
f 4069 4014 3925
f 4158 4014 4069
f 4124 4213 4069
f 5145 5289 5234
f 5234 5090 5145
f 4747 4603 4658
f 4658 4802 4747
f 1349 1205 1260
f 1472 1328 1383
f 1383 1328 1239
f 1870 1726 1781
f 1692 1836 1781
f 1637 1726 1582
f 1692 1781 1637
f 1637 1781 1726
f 1459 1315 1370
f 1802 1946 1891
f 1857 1946 1802
f 1747 1836 1692
f 1692 1603 1747
f 1891 1836 1747
f 1747 1802 1891
f 1582 1726 1671
f 1671 1726 1815
f 2061 2205 2150
f 2150 2006 2061
f 1760 1815 1904
f 1760 1671 1815
f 2116 2061 1972
f 2205 2061 2116
f 2069 2124 2213
f 2213 2158 2069
f 2357 2302 2213
f 2213 2268 2357
f 2357 2268 2412
f 2734 2590 2645
f 2645 2789 2734
f 2734 2823 2679
f 2679 2590 2734
f 2535 2590 2679
f 2679 2624 2535
f 2912 3001 2857
f 2912 2823 2967
f 2946 3001 3090
f 3090 3035 2946
f 3090 3145 3234
f 3090 3001 3145
f 2493 2582 2438
f 2692 2548 2603
f 2548 2459 2603
f 3336 3480 3425
f 3391 3480 3336
f 3336 3247 3391
f 1951 2006 2095
f 2095 2006 2150
f 2150 2239 2095
f 2150 2205 2294
f 2294 2239 2150
f 2239 2294 2383
f 2438 2527 2383
f 2383 2294 2438
f 2451 2595 2540
f 2540 2396 2451
f 2451 2396 2307
f 2828 2684 2739
f 2684 2595 2739
f 2849 2705 2760
f 2849 2993 2938
f 2760 2904 2849
f 2849 2904 2993
f 2616 2705 2561
f 2760 2705 2616
f 2582 2726 2671
f 2671 2527 2582
f 2760 2616 2671
f 2671 2616 2527
f 5551 5462 5606
f 5407 5462 5551
f 5551 5496 5407
f 5551 5640 5496
f 5407 5263 5318
f 5318 5462 5407
f 5318 5229 5373
f 5373 5462 5318
f 5208 5263 5352
f 5352 5297 5208
f 5441 5297 5352
f 5496 5441 5352
f 5407 5496 5352
f 5352 5263 5407
f 5106 5250 5195
f 5250 5339 5195
f 4907 4962 5051
f 5051 5195 5140
f 5051 4962 5106
f 5106 5195 5051
f 4729 4674 4585
f 4585 4640 4729
f 4530 4674 4619
f 4530 4386 4441
f 4441 4585 4530
f 4530 4585 4674
f 4619 4475 4530
f 4475 4386 4530
f 5119 5263 5208
f 5119 5064 4975
f 5208 5064 5119
f 5085 5140 5229
f 4653 4564 4708
f 4708 4564 4619
f 4619 4763 4708
f 4831 4920 4776
f 4975 4920 4831
f 5030 5119 4975
f 4941 5085 5030
f 4797 4742 4653
f 4653 4708 4797
f 3619 3763 3708
f 3708 3763 3852
f 4517 4462 4373
f 4373 4428 4517
f 4606 4462 4517
f 4517 4661 4606
f 4606 4695 4551
f 4551 4462 4606
f 4318 4462 4407
f 4229 4373 4318
f 4318 4373 4462
f 4716 4771 4860
f 4627 4771 4716
f 4983 4839 4894
f 4538 4394 4449
f 4682 4627 4538
f 4538 4593 4682
f 4538 4449 4593
f 2556 2611 2700
f 2700 2645 2556
f 2789 2645 2700
f 2844 2789 2700
f 2700 2755 2844
f 2611 2755 2700
f 2556 2412 2467
f 2467 2611 2556
f 1912 2056 2001
f 1912 1857 1768
f 2001 1857 1912
f 2666 2810 2755
f 2666 2755 2611
f 2577 2721 2666
f 2666 2721 2810
f 3043 2988 2899
f 2899 2954 3043
f 2810 2954 2899
f 2755 2810 2899
f 2899 2988 2844
f 2844 2755 2899
f 6929 6840 6984
f 6785 6840 6929
f 6929 6874 6785
f 6366 6421 6510
f 6421 6565 6510
f 6510 6654 6599
f 6510 6565 6654
f 6798 6654 6709
f 6709 6853 6798
f 6654 6565 6709
f 6709 6565 6620
f 6586 6497 6641
f 6599 6688 6544
f 6633 6688 6777
f 6633 6544 6688
f 6578 6489 6633
f 6489 6544 6633
f 7060 7094 7005
f 7005 6916 7060
f 6916 6971 7060
f 7591 7557 7646
f 7591 7625 7536
f 7536 7502 7591
f 7502 7557 7591
f 7591 7646 7680
f 7680 7625 7591
f 7612 7578 7667
f 7667 7646 7612
f 7646 7557 7612
f 7523 7578 7612
f 7612 7557 7523
f 7264 7298 7209
f 7209 7298 7243
f 6798 6853 6942
f 6942 6853 6997
f 7277 7243 7332
f 7243 7298 7332
f 6735 6646 6790
f 6735 6879 6824
f 6790 6879 6735
f 6824 6680 6735
f 6735 6680 6591
f 6591 6646 6735
f 7099 7188 7133
f 7044 6900 6955
f 7133 7078 7044
f 7044 7099 7133
f 6989 6934 6845
f 6845 6900 6989
f 6900 7044 6989
f 6989 7044 7078
f 7002 6913 7057
f 7256 7290 7201
f 7167 7078 7133
f 7133 7222 7167
f 7222 7256 7167
f 7167 7256 7201
f 6290 6434 6379
f 6379 6468 6324
f 6379 6523 6468
f 6434 6523 6379
f 6379 6235 6290
f 6324 6235 6379
f 6612 6756 6701
f 6612 6701 6557
f 6557 6468 6612
f 6468 6523 6612
f 6489 6434 6345
f 6345 6434 6290
f 6112 6256 6201
f 6201 6057 6112
f 6201 6345 6290
f 6256 6345 6201
f 6290 6146 6201
f 6201 6146 6057
f 6240 6295 6384
f 6151 6295 6240
f 6426 6282 6337
f 6248 6392 6337
f 6337 6193 6248
f 6282 6193 6337
f 6481 6426 6337
f 6337 6392 6481
f 6439 6295 6350
f 6295 6206 6350
f 5761 5816 5905
f 5905 5816 5960
f 6138 6227 6083
f 5706 5617 5761
f 6214 6070 6125
f 6125 6269 6214
f 6214 6269 6358
f 5926 6070 6015
f 6015 5871 5926
f 5960 5871 6015
f 6010 6154 6099
f 6099 5955 6010
f 6298 6154 6209
f 6209 6353 6298
f 6332 6421 6277
f 6277 6188 6332
f 5722 5633 5777
f 5989 5845 5900
f 6044 6188 6133
f 6044 5900 5955
f 6099 6188 6044
f 6044 5955 6099
f 6044 6133 5989
f 5989 5900 6044
f 5612 5523 5667
f 5557 5502 5413
f 5413 5358 5269
f 5413 5502 5358
f 5934 5790 5845
f 5934 6078 6023
f 5934 6023 5879
f 5879 5790 5934
f 5934 5845 5989
f 5989 6078 5934
f 5646 5790 5735
f 5646 5502 5557
f 6023 6078 6167
f 6112 6023 6167
f 6167 6256 6112
f 6167 6078 6222
f 5735 5680 5591
f 5591 5646 5735
f 5502 5646 5591
f 5447 5502 5591
f 5536 5447 5591
f 5591 5680 5536
f 5570 5481 5625
f 5625 5714 5570
f 5625 5481 5536
f 5769 5714 5625
f 5536 5680 5625
f 5625 5680 5769
f 5172 5316 5261
f 5261 5117 5172
f 5261 5350 5206
f 5206 5117 5261
f 5405 5460 5549
f 5405 5316 5460
f 5405 5261 5316
f 5350 5261 5405
f 6049 6193 6138
f 6049 5905 5960
f 5473 5418 5329
f 5329 5384 5473
f 5473 5528 5617
f 5473 5384 5528
f 7720 7665 7686
f 7720 7775 7754
f 7720 7754 7699
f 7699 7665 7720
f 7576 7665 7610
f 7555 7521 7610
f 7521 7576 7610
f 7610 7644 7555
f 7665 7644 7610
f 7623 7589 7678
f 7589 7644 7678
f 7678 7644 7699
f 7746 7712 7767
f 7877 7911 7890
f 7911 7924 7890
f 7903 7869 7890
f 7890 7924 7903
f 7856 7822 7877
f 7877 7890 7856
f 7877 7822 7843
f 7809 7864 7843
f 7843 7864 7877
f 4868 4957 4813
f 4813 4957 4902
f 4902 4758 4813
f 4813 4758 4669
f 5245 5190 5101
f 5245 5101 5156
f 5156 5300 5245
f 5300 5389 5245
f 5046 5190 5135
f 4902 4957 5046
f 5046 4957 5101
f 5101 5190 5046
f 5046 4991 4902
f 5135 4991 5046
f 5567 5478 5622
f 5622 5478 5533
f 5533 5677 5622
f 5622 5677 5766
f 4915 4826 4970
f 4970 5059 4915
f 4970 4826 4881
f 5114 5059 4970
f 4881 5025 4970
f 4970 5025 5114
f 5080 4991 5135
f 5169 5025 5080
f 4936 5025 4881
f 4936 5080 5025
f 4991 5080 4936
f 4457 4546 4402
f 4402 4313 4457
f 4326 4182 4237
f 4182 4093 4237
f 4237 4093 4148
f 4148 4292 4237
f 4114 4203 4059
f 4381 4525 4470
f 4381 4237 4292
f 4436 4525 4381
f 4381 4292 4436
f 4381 4470 4326
f 4326 4237 4381
f 5250 5161 5305
f 6622 6478 6533
f 6588 6677 6533
f 6533 6677 6622
f 6266 6321 6410
f 5135 5190 5279
f 5423 5368 5279
f 5580 5635 5724
f 5258 5114 5169
f 5169 5313 5258
f 5436 5580 5525
f 5525 5381 5436
f 5436 5381 5292
f 6724 6635 6779
f 6724 6580 6635
f 6161 6072 6216
f 6216 6072 6127
f 6504 6593 6449
f 6245 6101 6156
f 6381 6237 6292
f 6525 6381 6436
f 6436 6580 6525
f 6381 6292 6436
f 6436 6292 6347
f 6418 6507 6363
f 6287 6431 6376
f 6287 6342 6431
f 6376 6232 6287
f 6232 6143 6287
f 6253 6109 6164
f 6164 6308 6253
f 6253 6308 6397
f 6397 6342 6253
f 5533 5444 5588
f 5588 5677 5533
f 5588 5444 5499
f 5732 5677 5588
f 5588 5643 5732
f 5499 5643 5588
f 5965 6054 5910
f 5910 5821 5965
f 5910 6054 5999
f 5766 5821 5910
f 5999 5855 5910
f 5910 5855 5766
f 6973 7028 7062
f 6884 7028 6973
f 7062 6918 6973
f 6829 6884 6973
f 6973 6918 6829
f 7413 7502 7447
f 7481 7392 7447
f 7447 7502 7536
f 7536 7481 7447
f 7337 7426 7371
f 7337 7392 7426
f 7261 7227 7316
f 7371 7405 7316
f 7316 7350 7261
f 7316 7405 7350
f 7172 7227 7261
f 7172 7261 7206
f 7206 7117 7172
f 7227 7172 7138
f 6858 6913 7002
f 6617 6761 6706
f 6706 6562 6617
f 6562 6473 6617
f 6549 6405 6460
f 6981 6837 6892
f 6541 6685 6630
f 6541 6596 6685
f 6541 6486 6397
f 6630 6486 6541
f 7122 7067 7033
f 7033 7088 7122
f 6910 7054 6999
f 7054 7088 6999
f 6999 6855 6910
f 6999 6944 6855
f 7088 7033 6999
f 7033 6944 6999
f 6779 6923 6868
f 6868 6724 6779
f 6813 6724 6868
f 6868 6923 7012
f 7706 7651 7672
f 7672 7651 7617
f 7617 7583 7672
f 7528 7583 7617
f 7816 7761 7782
f 7748 7803 7782
f 7782 7837 7816
f 7803 7837 7782
f 7672 7693 7727
f 7727 7706 7672
f 7761 7706 7727
f 7727 7782 7761
f 7727 7693 7748
f 7748 7782 7727
f 7324 7290 7379
f 7324 7379 7413
f 7413 7447 7358
f 7358 7447 7392
f 7358 7324 7413
f 7269 7324 7358
f 7070 6981 7036
f 7036 6981 6892
f 6986 6842 6897
f 7075 6931 6986
f 7075 7020 6931
f 7075 7130 7164
f 7075 7164 7109
f 7109 7020 7075
f 7185 7151 7240
f 7240 7274 7185
f 7206 7295 7240
f 7240 7151 7206
f 7520 7486 7575
f 7575 7609 7520
f 7520 7609 7554
f 7452 7486 7397
f 7507 7452 7418
f 7418 7473 7507
f 7643 7609 7664
f 7664 7698 7643
f 7664 7575 7630
f 7664 7609 7575
f 7719 7698 7664
f 7528 7473 7439
f 7439 7494 7528
f 7439 7473 7384
f 7439 7384 7350
f 7350 7405 7439
f 7405 7494 7439
f 7308 7274 7363
f 7418 7452 7363
f 7452 7397 7363
f 7363 7397 7308
f 7219 7274 7308
f 7219 7253 7164
f 7308 7253 7219
f 7164 7130 7219
f 7219 7130 7185
f 7185 7274 7219
f 7198 7232 7143
f 7198 7143 7109
f 7109 7164 7198
f 7164 7253 7198
f 3335 3390 3479
f 3424 3335 3479
f 3479 3568 3424
f 3623 3568 3479
f 3657 3568 3712
f 3712 3801 3657
f 3712 3568 3623
f 3856 3801 3712
f 3623 3767 3712
f 3712 3767 3856
f 3390 3445 3534
f 3623 3479 3534
f 3534 3479 3390
f 3534 3678 3623
f 3589 3678 3534
f 3534 3445 3589
f 3458 3547 3403
f 3403 3314 3458
f 3458 3314 3369
f 3602 3547 3458
f 3458 3513 3602
f 3369 3513 3458
f 3123 3178 3267
f 3267 3212 3123
f 3356 3212 3267
f 3411 3356 3267
f 3267 3322 3411
f 3267 3178 3322
f 2107 2196 2052
f 2107 2251 2196
f 2107 2018 2162
f 2162 2251 2107
f 2361 2217 2272
f 2217 2128 2272
f 2272 2128 2183
f 1785 1696 1840
f 1696 1751 1840
f 1840 1929 1785
f 1984 1929 1840
f 1840 1895 1984
f 1840 1751 1895
f 1539 1450 1594
f 1539 1594 1683
f 1683 1628 1539
f 1539 1628 1484
f 1942 1853 1997
f 1942 1887 1798
f 1798 1853 1942
f 2120 2264 2209
f 2264 2353 2209
f 2353 2298 2209
f 2209 2065 2120
f 2154 2065 2209
f 2209 2298 2154
f 2463 2408 2319
f 2319 2374 2463
f 2230 2374 2319
f 2319 2175 2230
f 2264 2175 2319
f 2319 2408 2264
f 2552 2641 2497
f 2497 2408 2552
f 2552 2408 2463
f 2552 2696 2641
f 2997 3141 3086
f 2997 2908 3052
f 3052 3141 2997
f 2531 2675 2620
f 2586 2675 2531
f 2463 2518 2607
f 2607 2552 2463
f 2696 2552 2607
f 2751 2696 2607
f 2518 2662 2607
f 2607 2662 2751
f 2840 2696 2751
f 2840 2984 2929
f 2641 2696 2785
f 2785 2730 2641
f 2785 2840 2929
f 2696 2840 2785
f 2874 2963 2819
f 2819 2730 2874
f 2730 2785 2874
f 2874 3018 2963
f 2929 3018 2874
f 2874 2785 2929
f 3073 3217 3162
f 3217 3306 3162
f 3162 3306 3251
f 3162 3018 3073
f 3162 3251 3107
f 3107 3018 3162
f 3759 3704 3615
f 3526 3670 3615
f 3615 3670 3759
f 3615 3471 3526
f 3560 3704 3649
f 3560 3416 3471
f 3471 3615 3560
f 3560 3615 3704
f 3505 3361 3416
f 3505 3560 3649
f 3416 3560 3505
f 3450 3361 3505
f 3039 3094 3183
f 3183 3128 3039
f 3272 3128 3183
f 3327 3272 3183
f 3293 3382 3238
f 3238 3382 3327
f 3327 3183 3238
f 3238 3183 3094
f 2916 3060 3005
f 3005 2861 2916
f 2950 3094 3039
f 2861 3005 2950
f 2950 3005 3094
f 2594 2505 2649
f 2628 2772 2717
f 2628 2717 2573
f 2162 2217 2306
f 2306 2251 2162
f 2395 2251 2306
f 2306 2217 2361
f 2340 2395 2484
f 2484 2573 2429
f 2429 2340 2484
f 2484 2628 2573
f 2484 2395 2539
f 2539 2628 2484
f 5280 5424 5369
f 5369 5225 5280
f 5513 5657 5602
f 5513 5369 5424
f 5568 5657 5513
f 5513 5424 5568
f 5513 5602 5458
f 5458 5369 5513
f 5636 5547 5691
f 5492 5547 5636
f 5314 5369 5458
f 5225 5369 5314
f 4992 5136 5081
f 5081 5136 5225
f 6110 5966 6021
f 6254 6199 6110
f 6110 6055 5966
f 6199 6055 6110
f 6021 6165 6110
f 6110 6165 6254
f 4259 4115 4170
f 4204 4115 4259
f 4259 4348 4204
f 4670 4725 4814
f 4903 4759 4814
f 4814 4759 4670
f 4725 4869 4814
f 4581 4725 4670
f 4437 4492 4581
f 4581 4492 4636
f 4636 4725 4581
f 4581 4526 4437
f 4670 4526 4581
f 4382 4526 4471
f 4238 4293 4382
f 4382 4293 4437
f 4437 4526 4382
f 4471 4327 4382
f 4382 4327 4238
f 4636 4691 4780
f 4780 4725 4636
f 4780 4869 4725
f 5013 5068 5157
f 5301 5246 5157
f 5212 5301 5157
f 5157 5068 5212
f 5191 5136 5047
f 5280 5136 5191
f 5479 5424 5335
f 5335 5390 5479
f 5246 5390 5335
f 5335 5191 5246
f 5335 5424 5280
f 5280 5191 5335
f 5699 5644 5555
f 5555 5610 5699
f 5356 5411 5500
f 5500 5445 5356
f 5411 5555 5500
f 5500 5555 5644
f 5178 5089 5233
f 5288 5377 5233
f 5932 5843 5987
f 5788 5843 5932
f 6021 5877 5932
f 5932 5877 5788
f 5945 6089 6034
f 5801 5856 5945
f 6000 6089 5945
f 5945 5856 6000
f 5945 5890 5801
f 5945 6034 5890
f 5767 5712 5623
f 5479 5534 5623
f 5623 5568 5479
f 5623 5712 5568
f 5767 5623 5678
f 5678 5623 5534
f 5966 5911 5822
f 5733 5877 5822
f 5822 5877 5966
f 5822 5678 5733
f 5822 5911 5767
f 5767 5678 5822
f 5987 6131 6076
f 6076 5932 5987
f 6076 6165 6021
f 6021 5932 6076
f 6275 6364 6220
f 6220 6131 6275
f 6165 6076 6220
f 6220 6076 6131
f 6097 5953 6008
f 6330 6419 6275
f 6330 6241 6385
f 6385 6241 6296
f 6296 6440 6385
f 6351 6440 6296
f 6618 6707 6563
f 7016 7105 7050
f 7050 7084 6995
f 6995 6851 6906
f 6906 7050 6995
f 6762 6851 6707
f 6707 6618 6762
f 6762 6618 6673
f 6762 6673 6817
f 6817 6906 6762
f 6762 6906 6851
f 6940 6851 6995
f 6885 6940 7029
f 6995 7084 7029
f 7029 6940 6995
f 6597 6686 6542
f 6453 6508 6597
f 6597 6542 6453
f 7309 7254 7220
f 7173 7207 7118
f 7063 7029 7118
f 7118 7084 7173
f 7118 7029 7084
f 6775 6919 6864
f 6953 6809 6864
f 6830 6919 6775
f 6775 6686 6830
f 7055 7000 6911
f 6767 6822 6911
f 6898 6809 6953
f 6953 7042 6898
f 6631 6775 6720
f 6720 6576 6631
f 6775 6864 6720
f 6720 6864 6809
f 6699 6610 6754
f 6754 6843 6699
f 6754 6898 6843
f 6809 6898 6754
f 7008 7042 6953
f 7008 6919 7063
f 6953 6864 7008
f 7008 6864 6919
f 7097 7008 7063
f 7042 7008 7097
f 6555 6610 6699
f 6356 6500 6445
f 6390 6301 6445
f 6445 6301 6356
f 6767 6623 6678
f 6678 6822 6767
f 7191 7225 7136
f 7081 7047 7136
f 7136 7102 7191
f 7136 7047 7102
f 7403 7348 7314
f 7568 7479 7534
f 7534 7623 7568
f 7534 7589 7623
f 7314 7225 7280
f 7280 7225 7191
f 7466 7521 7555
f 7411 7377 7466
f 6149 6204 6293
f 6293 6238 6149
f 6115 6259 6204
f 6115 5971 6026
f 6060 6204 6149
f 6149 6005 6060
f 6060 6115 6204
f 5971 6115 6060
f 5916 6060 6005
f 5971 6060 5916
f 6026 5971 5882
f 5882 5937 6026
f 5793 5937 5882
f 5738 5793 5882
f 5615 5759 5704
f 5704 5560 5615
f 6026 5937 6081
f 5848 5759 5903
f 5848 5704 5759
f 5848 5937 5793
f 5793 5704 5848
f 6068 6212 6157
f 6157 6212 6301
f 6013 6157 6102
f 5924 6068 6013
f 6068 6157 6013
f 7055 6911 6966
f 6966 6822 6877
f 6966 6911 6822
f 7199 7254 7288
f 7165 7254 7199
f 7199 7110 7165
f 6869 6780 6924
f 6869 6725 6780
f 6903 7047 6992
f 6992 7047 7081
f 6992 6848 6903
f 6992 6937 6848
f 7013 7068 7102
f 7102 7047 7013
f 7013 7047 6958
f 6924 7068 7013
f 7013 6869 6924
f 6958 6869 7013
f 6979 6835 6890
f 6890 6801 6945
f 6945 7034 6890
f 6890 7034 6979
f 6636 6581 6492
f 6492 6547 6636
f 6403 6547 6492
f 6492 6581 6437
f 6746 6657 6801
f 6801 6890 6746
f 6746 6890 6835
f 6746 6835 6691
f 6691 6602 6746
f 6602 6657 6746
f 6479 6623 6568
f 6568 6513 6424
f 6424 6479 6568
f 5408 5463 5552
f 5552 5497 5408
f 5353 5264 5408
f 5408 5497 5353
f 5777 5633 5688
f 5510 5455 5366
f 5510 5599 5455
f 5340 5196 5251
f 5484 5429 5340
f 5285 5196 5340
f 5340 5429 5285
f 5251 5395 5340
f 5340 5395 5484
f 5306 5395 5251
f 5450 5395 5306
f 5628 5484 5539
f 5484 5395 5539
f 5539 5395 5450
f 5539 5683 5628
f 5552 5607 5696
f 5628 5772 5717
f 5717 5573 5628
f 5717 5806 5662
f 5662 5573 5717
f 5950 6039 5895
f 5895 5806 5950
f 6005 6094 5950
f 5950 6094 6039
f 4607 4662 4751
f 4895 4840 4751
f 4518 4662 4607
f 4607 4463 4518
f 4518 4463 4374
f 4505 4361 4416
f 4594 4450 4505
f 4505 4450 4361
f 5361 5505 5450
f 5450 5306 5361
f 5361 5306 5217
f 5450 5505 5594
f 5594 5539 5450
f 5683 5539 5594
f 5738 5683 5594
f 5649 5793 5738
f 5505 5560 5649
f 5649 5704 5793
f 5560 5704 5649
f 5738 5594 5649
f 5649 5594 5505
f 4958 4869 5013
f 4958 4814 4869
f 5047 4903 4958
f 4903 4814 4958
f 4403 4547 4492
f 4492 4348 4403
f 4348 4259 4403
f 4335 4246 4390
f 4445 4534 4390
f 4170 4081 4225
f 4848 4903 4992
f 4848 4759 4903
f 4704 4848 4793
f 4615 4759 4704
f 4759 4848 4704
f 3683 3738 3827
f 3827 3772 3683
f 3882 3738 3793
f 3882 4026 3971
f 3971 3827 3882
f 3882 3827 3738
f 4081 4026 3937
f 3848 3992 3937
f 3937 3992 4081
f 3937 3793 3848
f 3937 3882 3793
f 4026 3882 3937
f 3437 3581 3526
f 3293 3348 3437
f 3437 3382 3293
f 3526 3382 3437
f 3348 3403 3492
f 3492 3437 3348
f 3581 3437 3492
f 3403 3547 3492
f 4701 4845 4790
f 4557 4612 4701
f 4701 4612 4756
f 4756 4845 4701
f 4790 4646 4701
f 4701 4646 4557
f 5078 4934 4989
f 4934 4845 4989
f 4324 4379 4468
f 4468 4413 4324
f 4557 4413 4468
f 4468 4612 4557
f 4578 4434 4489
f 4489 4633 4578
f 4489 4400 4544
f 4544 4633 4489
f 4379 4434 4523
f 4612 4468 4523
f 4523 4468 4379
f 4523 4434 4578
f 4735 4824 4680
f 4680 4591 4735
f 4680 4824 4769
f 4036 4180 4125
f 4125 3981 4036
f 4091 4180 4036
f 4125 4180 4269
f 4358 4214 4269
f 4269 4214 4125
f 4269 4413 4358
f 4324 4413 4269
f 4269 4180 4324
f 6848 6704 6759
f 6903 6848 6759
f 6615 6704 6560
f 6560 6471 6615
f 6471 6526 6615
f 6615 6526 6670
f 6670 6759 6615
f 6615 6759 6704
f 6738 6827 6683
f 6628 6539 6683
f 6573 6484 6628
f 6450 6539 6395
f 6450 6361 6505
f 6607 6696 6552
f 6607 6463 6518
f 6552 6463 6607
f 7885 7864 7830
f 7830 7864 7809
f 7809 7775 7830
f 7830 7775 7796
f 7796 7775 7741
f 7741 7720 7686
f 7775 7720 7741
f 7474 7419 7385
f 7563 7508 7474
f 7508 7419 7474
f 7296 7385 7330
f 7296 7351 7385
f 7207 7262 7296
f 7296 7262 7351
f 7956 7977 7969
f 7956 7935 7922
f 7888 7909 7922
f 7964 7977 7956
f 7982 7987 7974
f 7919 7940 7953
f 7953 7932 7919
f 7885 7906 7919
f 7906 7940 7919
f 7898 7911 7877
f 7898 7932 7911
f 7898 7919 7932
f 7877 7864 7898
f 7898 7864 7885
f 7885 7919 7898
f 7780 7814 7759
f 7848 7814 7869
f 7869 7882 7848
f 7848 7882 7827
f 7827 7882 7861
f 7882 7895 7861
f 7845 7790 7811
f 7764 7785 7819
f 7819 7798 7764
f 7879 7845 7866
f 7845 7811 7866
f 7908 7929 7942
f 7908 7887 7874
f 7908 7895 7929
f 7874 7895 7908
f 7984 7976 7963
f 7963 7955 7942
f 7976 7955 7963
f 7942 7929 7963
f 7929 7950 7963
f 7971 7979 7984
f 7958 7979 7971
f 7971 7950 7958
f 7984 7963 7971
f 7971 7963 7950
f 7997 7984 7992
f 7984 7979 7992
f 7992 7979 7987
f 7987 7995 7992
f 7992 8000 7997
f 7992 7995 8000
f 7620 7531 7586
f 7586 7675 7620
f 7586 7641 7675
f 7751 7785 7730
f 7599 7688 7633
f 7565 7531 7620
f 7565 7599 7510
f 7701 7722 7756
f 7756 7811 7790
f 7756 7722 7777
f 7777 7811 7756
f 7764 7743 7709
f 7709 7730 7764
f 7709 7675 7730
f 7709 7743 7688
f 6008 6063 6152
f 6152 6097 6008
f 6241 6097 6152
f 6152 6296 6241
f 5338 5482 5427
f 5427 5372 5283
f 5194 5338 5283
f 5283 5338 5427
f 5571 5482 5626
f 5626 5715 5571
f 5427 5482 5571
f 6003 6058 6147
f 6236 6092 6147
f 6147 6092 6003
f 6147 6058 6202
f 3762 3618 3673
f 3906 3851 3762
f 3673 3817 3762
f 3762 3817 3906
f 5393 5537 5482
f 5482 5338 5393
f 5304 5448 5393
f 5448 5537 5393
f 5537 5592 5681
f 5626 5537 5681
f 5736 5825 5681
f 5681 5592 5736
f 5215 5359 5304
f 5215 5071 5126
f 5126 5270 5215
f 5270 5359 5215
f 5304 5160 5215
f 5215 5160 5071
f 5003 5092 4948
f 5003 4914 5058
f 5181 5092 5236
f 5236 5325 5181
f 5380 5325 5236
f 5236 5291 5380
f 4948 4893 4804
f 4804 4660 4715
f 4804 4893 4749
f 4749 4660 4804
f 4859 4715 4770
f 4859 5003 4948
f 4948 4804 4859
f 4859 4804 4715
f 4859 4770 4914
f 4914 5003 4859
f 5058 4969 5113
f 5113 5202 5058
f 5113 4969 5024
f 5257 5202 5113
f 5113 5024 5168
f 5168 5257 5113
f 3542 3631 3487
f 3542 3686 3631
f 3597 3686 3542
f 3254 3343 3199
f 3199 3110 3254
f 3364 3309 3220
f 3220 3275 3364
f 3419 3508 3364
f 3364 3275 3419
f 3042 3186 3131
f 3186 3275 3131
f 3131 3275 3220
f 3131 2987 3042
f 2932 2987 3076
f 3076 3021 2932
f 3076 3131 3220
f 2987 3131 3076
f 3529 3618 3474
f 3673 3618 3529
f 3529 3584 3673
f 2775 2720 2631
f 2864 2720 2775
f 2741 2597 2652
f 2652 2796 2741
f 2974 3118 3063
f 3029 3118 2974
f 3652 3796 3741
f 3508 3563 3652
f 3652 3741 3597
f 3597 3508 3652
f 3707 3563 3618
f 3707 3851 3796
f 3796 3652 3707
f 3707 3652 3563
f 3618 3762 3707
f 3707 3762 3851
f 3828 3883 3972
f 4171 4315 4260
f 4260 4315 4404
f 4294 4205 4349
f 4205 4260 4349
f 4404 4493 4349
f 4349 4260 4404
f 3430 3375 3286
f 3807 3663 3718
f 4294 4239 4150
f 4061 4205 4150
f 4150 4205 4294
f 4150 4239 4095
f 3917 3972 4061
f 3828 3972 3917
f 4561 4506 4417
f 4328 4472 4417
f 4417 4472 4561
f 4417 4273 4328
f 4362 4273 4417
f 4417 4506 4362
f 4815 4760 4671
f 4671 4726 4815
f 4671 4616 4527
f 4760 4616 4671
f 3019 2930 3074
f 3074 3163 3019
f 3074 2930 2985
f 3218 3163 3074
f 2909 2854 2765
f 2998 2854 2909
f 2875 2731 2786
f 3019 2964 2875
f 2786 2930 2875
f 2875 2930 3019
f 3108 2964 3019
f 3108 3163 3252
f 3019 3163 3108
f 3129 3273 3218
f 2985 3040 3129
f 3040 3184 3129
f 3129 3184 3273
f 3129 3074 2985
f 3218 3074 3129
f 7176 7087 7142
f 7108 7019 7074
f 7074 7163 7108
f 7108 7053 7019
f 7108 7163 7197
f 7108 7197 7142
f 7142 7053 7108
f 7252 7218 7307
f 7252 7163 7218
f 7197 7163 7252
f 7307 7341 7252
f 7849 7870 7883
f 7883 7870 7904
f 7883 7828 7849
f 7807 7828 7862
f 7862 7883 7896
f 7828 7883 7862
f 7841 7862 7896
f 7807 7862 7841
f 7841 7820 7786
f 7786 7807 7841
f 7875 7896 7909
f 7888 7854 7875
f 7875 7909 7888
f 7875 7841 7896
f 7875 7854 7820
f 7820 7841 7875
f 7904 7870 7891
f 7100 7045 7011
f 6901 7045 6990
f 7134 7100 7189
f 7045 7100 7134
f 7815 7870 7849
f 7773 7828 7807
f 7718 7739 7773
f 7773 7752 7718
f 7807 7752 7773
f 7739 7760 7794
f 7794 7773 7739
f 7828 7773 7794
f 7760 7815 7794
f 7849 7828 7794
f 7794 7815 7849
f 7527 7616 7561
f 7506 7472 7561
f 7561 7472 7527
f 7514 7425 7480
f 7671 7616 7582
f 7582 7616 7527
f 7328 7273 7239
f 7239 7273 7184
f 7527 7472 7438
f 7438 7472 7383
f 7451 7485 7396
f 7451 7417 7506
f 7451 7362 7417
f 7396 7362 7451
f 7540 7451 7506
f 7485 7451 7540
f 7396 7485 7430
f 7430 7341 7396
f 7430 7485 7519
f 7650 7616 7671
f 7650 7561 7616
f 6917 6773 6828
f 6684 6739 6828
f 6828 6773 6684
f 6849 6938 6794
f 6849 6794 6705
f 6917 6828 6972
f 6548 6459 6603
f 6548 6637 6493
f 6493 6404 6548
f 6404 6459 6548
f 7001 6857 6912
f 6713 6857 6802
f 6692 6747 6836
f 6836 6781 6692
f 6603 6747 6692
f 6692 6781 6637
f 6692 6548 6603
f 6637 6548 6692
f 6912 6967 7056
f 7056 7001 6912
f 7577 7632 7666
f 6925 6781 6836
f 6870 6781 6925
f 7014 7069 7103
f 7014 7048 6959
f 7014 7103 7048
f 7014 6925 7069
f 6959 6870 7014
f 6870 6925 7014
f 7213 7158 7124
f 7213 7179 7268
f 7124 7179 7213
f 7480 7446 7535
f 7030 6975 6886
f 6865 6776 6920
f 6920 7009 6865
f 6666 6611 6522
f 6522 6577 6666
f 6752 6841 6697
f 6608 6752 6697
f 6697 6553 6608
f 7040 7095 7129
f 7040 7129 7074
f 7074 6985 7040
f 6807 6951 6896
f 6896 6985 6841
f 6951 7040 6896
f 6896 7040 6985
f 6896 6752 6807
f 6896 6841 6752
f 6519 6663 6608
f 6608 6464 6519
f 6464 6375 6519
f 6519 6375 6430
f 6362 6506 6451
f 6362 6451 6307
f 6307 6218 6362
f 6218 6273 6362
f 6650 6506 6561
f 6472 6616 6561
f 6705 6650 6561
f 6561 6616 6705
f 6595 6506 6650
f 6595 6739 6684
f 6595 6650 6739
f 6684 6540 6595
f 6595 6540 6451
f 6451 6506 6595
f 6464 6553 6409
f 6409 6320 6464
f 5943 5888 5799
f 5998 6087 5943
f 5964 6019 6108
f 5964 5875 6019
f 6108 6053 5964
f 5964 5820 5875
f 5964 6053 5909
f 5909 5820 5964
f 5956 5867 6011
f 6011 6100 5956
f 6011 5867 5922
f 6011 6155 6100
f 5883 5828 5739
f 5739 5794 5883
f 5739 5650 5794
f 5739 5595 5650
f 5739 5828 5684
f 5684 5595 5739
f 6048 6137 5993
f 5993 6137 6082
f 6171 6315 6260
f 6027 6082 6171
f 6260 6116 6171
f 6116 6027 6171
f 5561 5417 5472
f 5561 5705 5650
f 5472 5616 5561
f 5616 5705 5561
f 5472 5417 5328
f 5328 5273 5184
f 5417 5273 5328
f 5650 5595 5506
f 5506 5561 5650
f 5417 5561 5506
f 5362 5417 5506
f 5451 5362 5506
f 5506 5595 5451
f 6184 6040 6095
f 6095 6239 6184
f 6184 6328 6273
f 6239 6328 6184
f 6383 6239 6294
f 6383 6328 6239
f 6472 6328 6383
f 6294 6438 6383
f 4430 4485 4574
f 4519 4430 4574
f 4574 4663 4519
f 4718 4663 4574
f 4574 4629 4718
f 4574 4485 4629
f 4875 4930 5019
f 4875 4786 4930
f 5019 4964 4875
f 4875 4964 4820
f 3875 3930 4019
f 3875 3786 3930
f 4019 3964 3875
f 3875 3731 3786
f 3676 3731 3820
f 3820 3964 3909
f 3820 3875 3964
f 3731 3875 3820
f 3642 3587 3498
f 3498 3553 3642
f 3409 3553 3498
f 3354 3409 3498
f 3498 3443 3354
f 3498 3587 3443
f 6276 6132 6187
f 5666 5522 5577
f 5577 5721 5666
f 5666 5721 5810
f 5611 5522 5666
f 5488 5344 5399
f 5632 5577 5488
f 5488 5543 5632
f 5399 5543 5488
f 5289 5344 5433
f 5577 5522 5433
f 5433 5488 5577
f 5344 5488 5433
f 5988 5844 5899
f 5899 5810 5954
f 5700 5844 5789
f 5700 5556 5611
f 5789 5645 5700
f 5645 5556 5700
f 5789 5844 5933
f 5933 5844 5988
f 6763 6708 6619
f 6496 6585 6441
f 6441 6585 6530
f 6671 6616 6527
f 6527 6616 6472
f 6472 6383 6527
f 6527 6383 6438
f 6111 6255 6200
f 6056 6111 6200
f 6200 6145 6056
f 6289 6145 6200
f 6344 6433 6289
f 6289 6200 6344
f 6344 6200 6255
f 6488 6433 6344
f 6221 6132 6276
f 6234 6378 6323
f 6323 6179 6234
f 6501 6556 6645
f 6467 6556 6412
f 6412 6323 6467
f 6467 6323 6378
f 6467 6378 6522
f 6522 6611 6467
f 6611 6556 6467
f 6035 6179 6124
f 6124 5980 6035
f 6658 6569 6713
f 6713 6802 6658
f 6658 6802 6747
f 6658 6747 6603
f 6603 6514 6658
f 6514 6569 6658
f 6446 6357 6501
f 6624 6768 6713
f 6713 6569 6624
f 6624 6569 6480
f 6480 6535 6624
f 5781 5925 5870
f 5781 5726 5637
f 5781 5870 5726
f 6103 6247 6192
f 6048 6103 6192
f 6281 6137 6192
f 6192 6137 6048
f 6336 6480 6425
f 6336 6425 6281
f 6281 6192 6336
f 6336 6192 6247
f 6213 6069 6124
f 6158 6103 6014
f 6158 6247 6103
f 6014 6069 6158
f 6069 6213 6158
f 5040 4896 4951
f 4951 5095 5040
f 5040 5095 5184
f 4985 4896 5040
f 5150 5095 5006
f 5006 5061 5150
f 5150 5205 5294
f 5150 5061 5205
f 4917 5061 5006
f 4917 4773 4828
f 4828 4972 4917
f 4972 5061 4917
f 5006 4862 4917
f 4917 4862 4773
f 5880 5935 6024
f 5969 5880 6024
f 6024 6113 5969
f 6024 6168 6113
f 6024 5935 6079
f 6079 6168 6024
f 6422 6566 6511
f 6511 6367 6422
f 6422 6367 6278
f 6134 6278 6223
f 6134 5990 6045
f 6079 5990 6134
f 6134 6223 6079
f 6189 6100 6244
f 6045 6100 6189
f 6189 6134 6045
f 6278 6134 6189
f 6964 6909 6820
f 6820 6875 6964
f 6731 6875 6820
f 6833 6977 6922
f 7011 6867 6922
f 7066 7100 7011
f 7011 6922 7066
f 7066 6922 6977
f 7066 6977 7032
f 6854 6909 6998
f 6998 6943 6854
f 7032 6977 6888
f 6888 6943 7032
f 6888 6977 6833
f 6833 6744 6888
f 6634 6689 6778
f 6778 6689 6833
f 6833 6922 6778
f 6778 6922 6867
f 6456 6545 6401
f 6401 6312 6456
f 6456 6312 6367
f 6456 6367 6511
f 6511 6600 6456
f 6456 6600 6545
f 6346 6202 6257
f 6257 6401 6346
f 6380 6325 6236
f 6401 6545 6490
f 6490 6346 6401
f 6435 6346 6490
f 6490 6545 6634
f 7024 7058 6969
f 6969 6880 7024
f 6825 6880 6969
f 6990 7024 6935
f 7024 6880 6935
f 6880 6791 6935
f 6613 6757 6702
f 7569 7514 7480
f 7480 7535 7569
f 7700 7645 7666
f 7666 7721 7700
f 7742 7721 7687
f 7619 7674 7653
f 7564 7619 7653
f 7983 7970 7991
f 7962 7970 7983
f 7981 7989 7994
f 7981 7994 7986
f 7986 7973 7981
f 7968 7989 7981
f 7960 7952 7939
f 7973 7952 7960
f 7960 7939 7926
f 7926 7947 7960
f 7960 7981 7973
f 7960 7947 7968
f 7968 7981 7960
f 7868 7889 7902
f 7902 7881 7868
f 7868 7881 7847
f 7813 7868 7847
f 7779 7813 7758
f 7852 7831 7797
f 7873 7886 7852
f 7852 7886 7831
f 7915 7928 7894
f 7894 7839 7860
f 7873 7839 7894
f 7860 7881 7894
f 7894 7881 7915
f 7949 7970 7962
f 7962 7928 7949
f 7949 7928 7915
f 7957 7970 7949
f 7878 7844 7865
f 7865 7899 7878
f 7878 7899 7912
f 7912 7891 7878
f 7878 7891 7857
f 7907 7886 7873
f 7873 7894 7907
f 7907 7894 7928
f 7907 7928 7941
f 7941 7920 7907
f 7920 7886 7907
f 7925 7938 7904
f 7925 7891 7912
f 7904 7891 7925
f 7990 7995 7982
f 7982 7969 7990
f 7990 7969 7977
f 7933 7967 7946
f 7912 7933 7946
f 7946 7925 7912
f 7790 7769 7735
f 7701 7756 7735
f 7735 7756 7790
f 7680 7701 7735
f 7735 7714 7680
f 7735 7769 7714
f 7224 7279 7313
f 7135 7101 7190
f 7190 7224 7135
f 7279 7224 7190
f 7190 7101 7156
f 6758 6813 6902
f 7567 7601 7512
f 7512 7478 7567
f 7444 7478 7389
f 7444 7389 7355
f 7436 7381 7347
f 7470 7559 7504
f 7470 7381 7436
f 7863 7829 7884
f 7910 7889 7876
f 7774 7829 7808
f 7829 7863 7808
f 7808 7863 7842
f 6461 6406 6317
f 6728 6673 6584
f 6584 6639 6728
f 6495 6639 6584
f 6584 6440 6495
f 6783 6639 6694
f 6304 6160 6215
f 6414 6270 6325
f 5775 5919 5864
f 5631 5686 5775
f 5830 5919 5775
f 5775 5686 5830
f 5775 5720 5631
f 5864 5720 5775
f 5576 5720 5665
f 5521 5576 5665
f 5754 5610 5665
f 5665 5610 5521
f 5953 5898 5809
f 5809 5864 5953
f 5809 5720 5864
f 5809 5665 5720
f 5809 5898 5754
f 5754 5665 5809
f 5542 5487 5398
f 5398 5453 5542
f 5487 5432 5343
f 5254 5398 5343
f 5343 5398 5487
f 5343 5199 5254
f 5288 5199 5343
f 5343 5432 5288
f 5541 5397 5452
f 5452 5596 5541
f 5253 5397 5342
f 5376 5520 5465
f 5431 5287 5342
f 5520 5376 5431
f 5431 5376 5287
f 5575 5630 5719
f 5719 5664 5575
f 5575 5664 5520
f 5520 5431 5575
f 5486 5397 5541
f 5541 5630 5486
f 5630 5575 5486
f 5342 5397 5486
f 5486 5431 5342
f 5486 5575 5431
f 5698 5643 5554
f 5465 5609 5554
f 5554 5609 5698
f 5554 5643 5499
f 4559 4504 4415
f 4415 4470 4559
f 4326 4470 4415
f 4889 4800 4944
f 4745 4800 4889
f 4978 4834 4889
f 4889 4834 4745
f 5177 5122 5033
f 5033 4889 4944
f 5033 5122 4978
f 4978 4889 5033
f 5499 5355 5410
f 5465 5554 5410
f 5410 5554 5499
f 5211 5122 5266
f 5266 5355 5211
f 5266 5122 5177
f 5266 5410 5355
f 4580 4525 4436
f 4669 4525 4580
f 3991 3902 4046
f 4046 4135 3991
f 2394 2250 2305
f 2538 2483 2394
f 2305 2449 2394
f 2394 2449 2538
f 2627 2483 2538
f 2627 2771 2716
f 2716 2572 2627
f 2572 2483 2627
f 2682 2771 2627
f 2627 2538 2682
f 2750 2661 2805
f 2805 2894 2750
f 2805 2661 2716
f 2263 2174 2318
f 2174 2229 2318
f 2318 2229 2373
f 2695 2551 2606
f 2606 2750 2695
f 2606 2661 2750
f 2606 2517 2661
f 2250 2394 2339
f 2339 2394 2483
f 2543 2454 2598
f 2941 2996 3085
f 3174 3030 3085
f 3085 3030 2941
f 3085 2996 3140
f 2941 2797 2852
f 2852 2996 2941
f 2852 2763 2907
f 2907 2996 2852
f 2729 2873 2818
f 2585 2640 2729
f 2729 2674 2585
f 2818 2674 2729
f 2784 2640 2695
f 2695 2839 2784
f 2784 2729 2640
f 2873 2729 2784
f 3106 3017 3161
f 2907 2818 2962
f 2962 3051 2907
f 2818 2873 2962
f 2962 3106 3051
f 2962 2873 3017
f 3017 3106 2962
f 3339 3428 3284
f 3318 3462 3407
f 3318 3263 3174
f 3407 3263 3318
f 3729 3585 3640
f 3483 3428 3339
f 3339 3394 3483
f 3771 3716 3627
f 3962 4106 4051
f 4051 4106 4195
f 4250 4394 4339
f 4339 4195 4250
f 4250 4195 4106
f 4305 4394 4250
f 3805 3750 3661
f 3661 3716 3805
f 3606 3462 3517
f 3517 3661 3606
f 3606 3661 3750
f 3551 3462 3606
f 3894 3750 3805
f 3839 3750 3894
f 4017 3928 4072
f 4106 3962 4017
f 2967 2878 3022
f 4918 5062 5007
f 4918 4774 4829
f 4829 4973 4918
f 4973 5062 4918
f 5007 4863 4918
f 4863 4774 4918
f 4240 4295 4384
f 4473 4329 4384
f 4329 4240 4384
f 4384 4528 4473
f 4439 4528 4384
f 4384 4295 4439
f 4766 4622 4677
f 4711 4800 4656
f 4622 4766 4711
f 4931 4787 4842
f 4931 5075 5020
f 5020 4876 4931
f 4876 4787 4931
f 4842 4986 4931
f 4986 5075 4931
f 4266 4177 4321
f 4321 4410 4266
f 4410 4355 4266
f 4122 4177 4266
f 4266 4211 4122
f 4266 4355 4211
f 4253 4342 4198
f 4198 4109 4253
f 4198 4342 4287
f 4054 4109 4198
f 4287 4143 4198
f 4198 4143 4054
f 4575 4431 4486
f 4719 4664 4575
f 4664 4520 4575
f 4520 4431 4575
f 4575 4630 4719
f 4486 4630 4575
f 4211 4156 4067
f 4122 4211 4067
f 4067 3978 4122
f 4067 4156 4012
f 3148 3203 3292
f 2716 2771 2860
f 2860 2805 2716
f 2826 2737 2881
f 2826 2771 2682
f 2682 2737 2826
f 2271 2415 2360
f 2360 2216 2271
f 2305 2216 2360
f 2360 2449 2305
f 2415 2559 2504
f 2504 2360 2415
f 2449 2360 2504
f 2436 2381 2292
f 2347 2436 2292
f 2292 2203 2347
f 2292 2148 2203
f 2237 2148 2292
f 2292 2381 2237
f 2525 2381 2436
f 2525 2580 2669
f 2436 2580 2525
f 2470 2381 2525
f 3567 3423 3478
f 3567 3711 3656
f 3656 3512 3567
f 3512 3423 3567
f 3622 3711 3567
f 3567 3478 3622
f 2897 2753 2808
f 2808 2952 2897
f 2986 2842 2897
f 2842 2753 2897
f 4185 4130 4041
f 4041 4096 4185
f 4041 4130 3986
f 3986 3897 4041
f 144 123 110
f 110 123 89
f 110 165 144
f 63 97 76
f 76 110 89
f 97 110 76
f 105 71 92
f 92 126 105
f 105 126 160
f 202 236 181
f 181 236 215
f 147 202 181
f 181 215 160
f 181 126 147
f 160 126 181
f 274 295 329
f 308 274 329
f 329 363 308
f 418 363 329
f 329 295 350
f 274 253 219
f 219 185 240
f 240 274 219
f 219 253 198
f 198 164 219
f 219 164 185
f 499 588 533
f 533 444 499
f 499 410 465
f 499 444 410
f 478 512 423
f 478 444 533
f 478 423 389
f 389 444 478
f 533 622 567
f 567 478 533
f 512 478 567
f 567 622 656
f 578 544 633
f 688 722 633
f 667 578 633
f 633 722 667
f 468 523 557
f 557 523 612
f 557 646 591
f 612 646 557
f 680 714 625
f 769 714 680
f 680 625 591
f 591 646 680
f 599 654 688
f 688 633 599
f 599 633 544
f 599 565 654
f 599 544 510
f 510 565 599
f 688 654 743
f 709 798 743
f 743 654 709
f 756 722 811
f 900 845 811
f 811 845 756
f 2 3 5
f 36 28 15
f 49 28 36
f 36 70 49
f 36 57 70
f 170 204 149
f 447 536 481
f 447 481 392
f 447 392 358
f 358 413 447
f 659 693 604
f 604 693 638
f 481 536 570
f 570 515 481
f 570 536 625
f 570 625 659
f 659 604 570
f 570 604 515
f 125 159 104
f 214 159 180
f 146 201 180
f 180 125 146
f 159 125 180
f 180 235 214
f 180 201 235
f 193 159 214
f 193 248 227
f 214 248 193
f 227 172 193
f 138 159 193
f 193 172 138
f 130 164 109
f 109 96 130
f 151 185 130
f 185 164 130
f 130 117 151
f 130 96 117
f 245 190 211
f 266 245 211
f 190 156 211
f 211 156 177
f 211 232 266
f 211 177 232
f 1368 1313 1224
f 1313 1169 1224
f 1004 915 970
f 1025 1114 970
f 970 915 881
f 881 936 970
f 970 936 1025
f 601 567 656
f 512 567 601
f 847 813 902
f 902 936 847
f 847 881 792
f 847 936 881
f 889 944 978
f 1389 1300 1444
f 1444 1533 1389
f 1389 1533 1478
f 1211 1300 1156
f 1465 1376 1520
f 1520 1609 1465
f 1609 1554 1465
f 1232 1143 1287
f 1287 1376 1232
f 1088 1143 1232
f 1863 1719 1774
f 1863 2007 1952
f 1863 1774 1918
f 1918 2007 1863
f 1897 1753 1808
f 1952 1897 1808
f 1664 1719 1808
f 1808 1753 1664
f 1808 1863 1952
f 1719 1863 1808
f 2172 2028 2083
f 2172 2316 2261
f 2117 2261 2206
f 1973 2028 2117
f 2117 2172 2261
f 2028 2172 2117
f 2206 2062 2117
f 2117 2062 1973
f 1740 1829 1685
f 1685 1596 1740
f 1706 1562 1617
f 1617 1761 1706
f 2083 2028 1939
f 1884 2028 1973
f 1884 1740 1795
f 1884 1939 2028
f 1795 1939 1884
f 1973 1829 1884
f 1829 1740 1884
f 1185 1329 1274
f 1363 1219 1274
f 1507 1363 1418
f 1418 1562 1507
f 1363 1274 1418
f 1418 1274 1329
f 1240 1295 1384
f 1384 1329 1240
f 1384 1295 1439
f 1439 1528 1384
f 1007 1096 952
f 952 897 863
f 863 918 952
f 952 918 1007
f 965 876 931
f 931 1020 965
f 931 876 842
f 842 897 931
f 1075 1020 931
f 1944 1999 2088
f 2088 2033 1944
f 1944 2033 1889
f 1889 2033 1978
f 1978 1834 1889
f 2067 1923 1978
f 1923 1834 1978
f 2122 2177 2266
f 2122 2033 2177
f 2266 2211 2122
f 2122 1978 2033
f 2122 2211 2067
f 2067 1978 2122
f 1622 1533 1677
f 1478 1533 1622
f 1745 1601 1656
f 1656 1601 1512
f 1813 1669 1724
f 1635 1779 1724
f 1724 1580 1635
f 1724 1669 1580
f 1779 1868 1724
f 1868 1813 1724
f 2135 1991 2046
f 2279 2224 2135
f 2135 2224 2080
f 2080 1991 2135
f 2135 2190 2279
f 2135 2046 2190
f 1161 1305 1250
f 1250 1106 1161
f 1394 1339 1250
f 1250 1305 1394
f 1339 1483 1428
f 1517 1373 1428
f 1428 1572 1517
f 1428 1483 1572
f 1428 1284 1339
f 1373 1284 1428
f 2512 2601 2457
f 2656 2601 2512
f 2512 2567 2656
f 2512 2423 2567
f 3266 3122 3177
f 3266 3410 3355
f 3355 3211 3266
f 3211 3122 3266
f 3177 3321 3266
f 3321 3410 3266
f 1593 1449 1504
f 1415 1559 1504
f 1504 1360 1415
f 1504 1449 1360
f 1559 1648 1504
f 1504 1648 1593
f 1949 2004 2093
f 2038 1949 2093
f 2093 2182 2038
f 2237 2182 2093
f 2093 2148 2237
f 2093 2004 2148
f 2195 2051 2106
f 2195 2339 2284
f 2195 2284 2140
f 2140 2051 2195
f 2195 2106 2250
f 2250 2339 2195
f 674 585 640
f 619 585 674
f 708 619 674
f 674 763 708
f 941 907 996
f 1085 941 996
f 962 1106 1051
f 1017 1106 962
f 1051 996 962
f 962 996 907
f 962 907 873
f 873 928 962
f 962 928 1017
f 1119 975 1030
f 1030 975 941
f 1030 941 1085
f 1085 1174 1030
f 1030 1174 1119
f 941 975 886
f 831 797 886
f 920 831 886
f 886 975 920
f 852 941 886
f 886 797 852
f 483 517 428
f 483 449 538
f 538 572 483
f 572 517 483
f 483 428 394
f 394 449 483
f 682 771 716
f 716 627 682
f 737 771 682
f 682 627 593
f 682 648 737
f 593 648 682
f 695 661 750
f 750 784 695
f 572 661 606
f 551 517 606
f 606 517 572
f 661 695 606
f 606 640 551
f 606 695 640
f 415 381 470
f 449 360 415
f 326 381 415
f 415 360 326
f 470 504 415
f 415 504 449
f 216 271 250
f 250 195 216
f 195 161 216
f 216 161 182
f 237 182 203
f 292 271 237
f 237 216 182
f 271 216 237
f 237 258 292
f 203 258 237
f 577 488 543
f 543 632 577
f 598 632 543
f 653 619 708
f 653 564 619
f 598 564 653
f 462 496 407
f 428 517 462
f 462 517 551
f 551 496 462
f 373 428 462
f 462 407 373
f 297 276 242
f 297 331 276
f 242 263 297
f 297 263 318
f 1009 975 1064
f 1064 1153 1009
f 1064 975 1119
f 1119 1208 1064
f 1208 1153 1064
f 1229 1174 1085
f 1318 1174 1229
f 1229 1373 1318
f 1229 1284 1373
f 1051 1106 1195
f 1106 1250 1195
f 1339 1284 1195
f 1195 1250 1339
f 1258 1347 1203
f 1203 1114 1258
f 1258 1114 1169
f 1258 1169 1313
f 1491 1347 1402
f 1313 1457 1402
f 1402 1258 1313
f 1347 1258 1402
f 1457 1546 1402
f 1546 1491 1402
f 559 525 614
f 669 703 614
f 614 580 669
f 614 525 580
f 703 648 614
f 614 648 559
f 402 436 347
f 402 368 457
f 457 491 402
f 491 436 402
f 402 347 313
f 313 368 402
f 624 590 679
f 679 734 768
f 679 645 734
f 590 645 679
f 768 713 679
f 679 713 624
f 844 933 878
f 878 789 844
f 899 933 844
f 844 810 899
f 611 645 556
f 577 666 611
f 611 522 577
f 556 522 611
f 700 611 666
f 645 611 700
f 700 789 734
f 734 645 700
f 399 488 433
f 488 522 433
f 2331 2475 2420
f 2276 2331 2420
f 2797 2742 2653
f 2598 2509 2653
f 2653 2742 2598
f 1721 1865 1810
f 1810 1865 1954
f 1954 1899 1810
f 1810 1899 1755
f 1810 1666 1721
f 1810 1755 1666
f 2153 2208 2297
f 2386 2242 2297
f 2297 2242 2153
f 2297 2441 2386
f 2352 2441 2297
f 2297 2208 2352
f 1234 1323 1179
f 1234 1090 1145
f 1179 1090 1234
f 1145 1289 1234
f 1234 1289 1378
f 1378 1323 1234
f 1645 1734 1590
f 1645 1590 1501
f 1501 1556 1645
f 1645 1789 1734
f 1077 1221 1166
f 1166 1022 1077
f 1132 1187 1276
f 1276 1221 1132
f 1043 1187 1132
f 1132 1221 1077
f 1132 988 1043
f 1077 988 1132
f 1310 1399 1255
f 1255 1166 1310
f 1310 1166 1221
f 1310 1221 1365
f 1454 1399 1310
f 1310 1365 1454
f 1111 1056 967
f 967 1022 1111
f 1200 1056 1111
f 1022 1166 1111
f 1255 1200 1111
f 1111 1166 1255
f 1302 1158 1213
f 1124 1268 1213
f 1213 1069 1124
f 1213 1158 1069
f 1357 1302 1213
f 1213 1268 1357
f 1904 1959 2048
f 2048 1959 2103
f 1993 2137 2082
f 2082 1938 1993
f 1904 2048 1993
f 1993 2048 2137
f 2226 2137 2281
f 2281 2370 2226
f 1090 946 1001
f 1001 946 912
f 1145 1090 1001
f 1001 1056 1145
f 967 1056 1001
f 1001 912 967
f 1082 1171 1027
f 1315 1171 1226
f 1370 1315 1226
f 1226 1281 1370
f 1226 1171 1082
f 938 849 904
f 904 993 938
f 938 1027 972
f 938 993 1082
f 1082 1027 938
f 959 1103 1048
f 1048 993 959
f 1048 1103 1192
f 726 781 815
f 781 870 815
f 815 760 726
f 815 870 904
f 904 849 815
f 849 760 815
f 705 760 794
f 794 760 849
f 553 608 642
f 642 587 553
f 553 587 498
f 519 608 553
f 553 464 519
f 498 464 553
f 574 608 519
f 574 540 629
f 519 485 574
f 485 540 574
f 642 608 697
f 786 731 697
f 697 731 642
f 1731 1587 1642
f 1731 1676 1587
f 1642 1786 1731
f 1998 1854 1909
f 1998 2142 2087
f 2087 2032 1943
f 1943 1998 2087
f 1854 1998 1943
f 1799 1854 1943
f 1943 1888 1799
f 1943 2032 1888
f 1765 1854 1710
f 1765 1710 1621
f 1621 1676 1765
f 1909 1854 1765
f 2087 2142 2231
f 2231 2176 2087
f 2320 2176 2231
f 2197 2108 2252
f 2053 1998 1909
f 2142 1998 2053
f 2053 2197 2142
f 2108 2197 2053
f 1409 1498 1354
f 1354 1265 1409
f 1409 1265 1320
f 1409 1320 1464
f 1464 1553 1409
f 1553 1498 1409
f 1354 1299 1210
f 1210 1265 1354
f 1155 1100 1011
f 1011 1066 1155
f 1244 1100 1155
f 1066 1210 1155
f 1155 1299 1244
f 1155 1210 1299
f 1121 977 1032
f 1121 1066 977
f 1121 1210 1066
f 1032 1176 1121
f 1176 1265 1121
f 1265 1210 1121
f 1257 1346 1202
f 1202 1113 1257
f 1257 1113 1168
f 1168 1312 1257
f 1401 1312 1456
f 1456 1545 1401
f 1401 1545 1490
f 1490 1346 1401
f 1346 1257 1401
f 1401 1257 1312
f 1134 990 1045
f 990 956 1045
f 1045 956 1100
f 1045 1189 1134
f 1100 1189 1045
f 922 956 867
f 867 833 922
f 867 901 812
f 867 956 901
f 1290 1235 1146
f 1146 1201 1290
f 1146 1235 1091
f 1091 1002 1146
f 1023 934 1078
f 1256 1201 1112
f 1345 1201 1256
f 1256 1400 1345
f 1023 1112 968
f 968 934 1023
f 1701 1790 1646
f 1701 1557 1612
f 1646 1557 1701
f 2222 2277 2366
f 1481 1570 1426
f 1337 1392 1481
f 1481 1426 1337
f 1481 1392 1536
f 1536 1625 1481
f 1625 1570 1481
f 1214 1159 1070
f 1235 1379 1324
f 1324 1180 1235
f 1324 1468 1413
f 1324 1379 1468
f 3421 3277 3332
f 3421 3565 3510
f 3332 3476 3421
f 3421 3476 3565
f 3222 3277 3366
f 3366 3311 3222
f 3455 3311 3366
f 3366 3510 3455
f 3366 3421 3510
f 3277 3421 3366
f 3353 3264 3408
f 3209 3264 3353
f 3531 3442 3586
f 3586 3675 3531
f 3387 3442 3531
f 3531 3476 3387
f 3175 3319 3264
f 3264 3120 3175
f 3031 3120 2976
f 3086 3175 3031
f 3031 3175 3120
f 3484 3628 3573
f 3539 3628 3484
f 3196 3340 3285
f 3196 3052 3107
f 3107 3251 3196
f 3251 3340 3196
f 3196 3141 3052
f 3285 3141 3196
f 3730 3641 3785
f 3785 3874 3730
f 3298 3154 3209
f 3298 3442 3387
f 3209 3353 3298
f 3298 3353 3442
f 3243 3387 3332
f 3099 3154 3243
f 3243 3298 3387
f 3154 3298 3243
f 3243 3188 3099
f 3332 3188 3243
f 2476 2531 2620
f 2387 2531 2476
f 1913 2057 2002
f 1913 1769 1824
f 1913 2002 1858
f 1858 1769 1913
f 1824 1735 1879
f 1735 1790 1879
f 1879 1790 1934
f 1934 2023 1879
f 2201 2057 2112
f 2256 2201 2112
f 2756 2612 2667
f 2578 2722 2667
f 2468 2612 2557
f 2557 2413 2468
f 2413 2324 2468
f 3044 2900 2955
f 3099 3044 2955
f 2345 2201 2256
f 2345 2290 2201
f 2345 2434 2290
f 2654 2709 2798
f 2798 2743 2654
f 2599 2743 2688
f 2688 2544 2599
f 2599 2544 2455
f 2654 2743 2599
f 2688 2743 2832
f 2976 2921 2832
f 2866 2921 3010
f 3099 2955 3010
f 3010 2955 2866
f 3010 3154 3099
f 3065 3154 3010
f 3010 2921 3065
f 1172 1117 1028
f 1028 1083 1172
f 939 1083 1028
f 1028 1117 973
f 973 939 1028
f 994 939 905
f 994 1083 939
f 1138 1083 994
f 905 960 994
f 609 698 643
f 685 630 596
f 685 651 740
f 596 651 685
f 740 774 685
f 685 774 719
f 719 630 685
f 1070 1159 1015
f 1159 1104 1015
f 1104 960 1015
f 1049 1193 1138
f 1049 1104 1193
f 1049 960 1104
f 1138 994 1049
f 1049 994 960
f 892 947 981
f 892 837 803
f 892 858 947
f 803 858 892
f 803 837 748
f 748 693 659
f 782 693 748
f 748 837 782
f 659 714 748
f 748 714 803
f 913 1002 947
f 947 858 913
f 913 968 1002
f 1544 1599 1688
f 1688 1633 1544
f 1777 1633 1688
f 1688 1599 1743
f 1688 1832 1777
f 1743 1832 1688
f 1455 1366 1510
f 1510 1599 1455
f 1455 1599 1544
f 1544 1400 1455
f 2469 2613 2558
f 2524 2613 2469
f 1948 1859 2003
f 1859 1914 2003
f 2003 1914 2058
f 1715 1626 1770
f 1715 1859 1804
f 1715 1770 1859
f 1715 1804 1660
f 1660 1571 1715
f 1571 1626 1715
f 1783 1927 1872
f 1783 1872 1728
f 1783 1694 1838
f 1838 1927 1783
f 1461 1372 1516
f 1694 1550 1605
f 1605 1516 1660
f 1605 1461 1516
f 1550 1461 1605
f 1660 1749 1605
f 1605 1749 1694
f 1639 1550 1694
f 1639 1783 1728
f 1694 1783 1639
f 1351 1296 1207
f 1207 1262 1351
f 2016 2071 2160
f 2160 2105 2016
f 2249 2105 2160
f 2304 2249 2160
f 2160 2215 2304
f 2071 2215 2160
f 1982 1927 1838
f 1982 2071 1927
f 1838 1893 1982
f 2126 2071 1982
f 1893 2037 1982
f 1982 2037 2126
f 2270 2126 2181
f 2126 2037 2181
f 3312 3223 3367
f 3024 2969 2880
f 3113 2969 3024
f 3278 3422 3367
f 3367 3223 3278
f 3278 3333 3422
f 3189 3333 3278
f 3244 3189 3100
f 3155 3244 3100
f 3100 3011 3155
f 2956 3011 3100
f 3100 3045 2956
f 3100 3189 3045
f 2799 2854 2943
f 2943 3087 3032
f 2998 3087 2943
f 2943 2854 2998
f 2477 2422 2333
f 2333 2388 2477
f 2244 2388 2333
f 2189 2244 2333
f 2278 2189 2333
f 2333 2422 2278
f 2778 2689 2833
f 2689 2744 2833
f 1778 1867 1723
f 1778 1634 1689
f 1778 1723 1634
f 1778 1689 1833
f 1833 1922 1778
f 1922 1867 1778
f 2401 2257 2312
f 2312 2456 2401
f 2223 2367 2312
f 2367 2456 2312
f 1990 2134 2079
f 2134 2223 2079
f 2079 1935 1990
f 2079 2024 1935
f 2113 2024 2168
f 2168 2257 2113
f 2024 2079 2168
f 2168 2312 2257
f 2223 2312 2168
f 2168 2079 2223
f 2346 2257 2401
f 2202 2257 2346
f 2346 2291 2202
f 2435 2291 2346
f 2723 2867 2812
f 2579 2634 2723
f 2778 2867 2723
f 2723 2634 2778
f 2723 2668 2579
f 2812 2668 2723
f 2401 2456 2545
f 2689 2634 2545
f 2600 2689 2545
f 2545 2456 2600
f 2265 2210 2121
f 2121 2176 2265
f 2032 2176 2121
f 1977 2032 2121
f 2121 2066 1977
f 2121 2210 2066
f 285 306 340
f 340 319 285
f 374 319 340
f 429 374 340
f 827 916 861
f 861 772 827
f 806 772 861
f 861 916 950
f 861 950 895
f 895 806 861
f 717 772 806
f 806 751 717
f 717 751 662
f 662 628 717
f 683 772 717
f 717 628 683
f 620 586 675
f 730 764 675
f 709 620 675
f 675 764 709
f 730 675 641
f 641 675 586
f 531 565 476
f 497 586 531
f 620 565 531
f 531 586 620
f 531 442 497
f 476 442 531
f 539 628 573
f 518 484 573
f 573 484 539
f 573 628 662
f 539 450 505
f 505 594 539
f 560 594 505
f 471 560 505
f 505 416 471
f 505 450 416
f 353 319 408
f 298 319 353
f 353 442 387
f 408 442 353
f 353 387 332
f 332 298 353
f 657 602 568
f 568 623 657
f 657 623 712
f 691 602 657
f 547 636 581
f 581 526 492
f 492 547 581
f 581 636 670
f 670 615 581
f 581 615 526
f 424 369 335
f 335 390 424
f 233 178 199
f 165 220 199
f 144 165 199
f 199 178 144
f 212 233 267
f 267 246 212
f 445 356 411
f 411 500 445
f 466 500 411
f 225 280 259
f 259 204 225
f 225 191 246
f 246 280 225
f 225 204 170
f 170 191 225
f 288 267 233
f 597 686 631
f 631 542 597
f 2055 1911 1966
f 2055 2199 2144
f 2110 2199 2055
f 2055 1966 2110
f 1822 1678 1733
f 1966 1911 1822
f 1733 1877 1822
f 1877 1966 1822
f 1445 1589 1534
f 1534 1390 1445
f 1301 1356 1445
f 1445 1390 1301
f 1555 1699 1644
f 1610 1699 1555
f 1322 1411 1267
f 1267 1178 1322
f 1322 1178 1233
f 2516 2660 2605
f 1665 1576 1720
f 1720 1809 1665
f 1665 1809 1754
f 1665 1754 1610
f 1610 1521 1665
f 1521 1576 1665
f 1042 1186 1131
f 1220 1076 1131
f 1097 1186 1042
f 953 1008 1097
f 1097 1042 953
f 1008 1152 1097
f 1097 1152 1241
f 1241 1186 1097
f 1707 1796 1652
f 987 1076 932
f 932 898 987
f 1042 1131 987
f 987 1131 1076
f 953 1042 987
f 987 898 953
f 1343 1487 1432
f 1343 1398 1487
f 1432 1288 1343
f 1275 1364 1220
f 1220 1131 1275
f 1275 1131 1186
f 1419 1364 1275
f 1686 1542 1597
f 1508 1652 1597
f 1453 1508 1597
f 1597 1542 1453
f 2084 1940 1995
f 2084 1995 2139
f 2029 1940 2084
f 2084 2173 2029
f 2029 1974 1885
f 1885 1940 2029
f 1796 1940 1885
f 1885 1974 1830
f 2063 2118 2207
f 2296 2152 2207
f 2207 2152 2063
f 2207 2351 2296
f 2262 2351 2207
f 2207 2118 2262
f 1000 1089 945
f 691 657 746
f 746 657 712
f 780 691 746
f 877 822 788
f 843 932 877
f 877 788 843
f 699 733 644
f 644 589 555
f 678 623 589
f 589 644 678
f 678 644 733
f 678 733 767
f 767 712 678
f 712 623 678
f 516 482 571
f 550 461 516
f 516 571 605
f 605 550 516
f 702 668 757
f 757 812 846
f 846 791 757
f 757 791 702
f 812 757 723
f 723 757 668
f 1079 1168 1024
f 1168 1113 1024
f 1024 935 1079
f 681 736 770
f 736 825 770
f 770 715 681
f 770 825 859
f 872 906 817
f 783 728 694
f 838 872 783
f 817 728 783
f 783 872 817
f 694 660 749
f 749 783 694
f 838 783 749
f 660 715 749
f 344 310 399
f 289 310 344
f 399 433 344
f 255 310 289
f 255 200 221
f 255 221 276
f 276 310 255
f 234 289 268
f 179 200 234
f 234 255 289
f 200 255 234
f 268 213 234
f 234 213 179
f 132 187 166
f 166 200 145
f 166 187 221
f 221 200 166
f 145 111 166
f 166 111 132
f 182 161 127
f 127 161 106
f 79 45 66
f 66 100 79
f 79 113 92
f 79 100 113
f 357 446 391
f 391 336 357
f 336 302 357
f 223 244 278
f 278 257 223
f 312 257 278
f 278 244 299
f 456 422 511
f 545 456 511
f 566 600 511
f 511 600 545
f 498 587 532
f 443 354 409
f 409 498 443
f 498 532 443
f 286 307 341
f 286 341 320
f 320 265 286
f 286 265 231
f 129 163 108
f 129 108 95
f 150 184 129
f 184 163 129
f 95 116 129
f 129 116 150
f 1252 1307 1396
f 1396 1341 1252
f 1163 1307 1252
f 1252 1341 1197
f 1197 1108 1252
f 1252 1108 1163
f 1197 1341 1286
f 1375 1231 1286
f 1286 1430 1375
f 1286 1341 1430
f 1286 1142 1197
f 1231 1142 1286
f 1684 1540 1595
f 1595 1739 1684
f 1396 1540 1485
f 1485 1341 1396
f 1430 1341 1485
f 1629 1540 1684
f 1684 1773 1629
f 1629 1485 1540
f 1951 1807 1862
f 1862 2006 1951
f 1828 1883 1972
f 1828 1739 1883
f 1828 1773 1684
f 1684 1739 1828
f 1273 1328 1417
f 1417 1362 1273
f 1506 1362 1417
f 1417 1328 1472
f 1417 1561 1506
f 1472 1561 1417
f 1451 1540 1396
f 1396 1307 1451
f 1307 1362 1451
f 1451 1362 1506
f 1506 1595 1451
f 1451 1595 1540
f 642 731 676
f 676 587 642
f 731 765 676
f 676 765 710
f 2335 2424 2280
f 2280 2191 2335
f 2212 2068 2123
f 2123 2267 2212
f 2212 2267 2356
f 1806 1717 1861
f 1717 1772 1861
f 2060 2005 1916
f 1916 1971 2060
f 1827 1971 1916
f 1916 1772 1827
f 1916 1861 1772
f 2005 1861 1916
f 2704 2848 2793
f 2560 2615 2704
f 2704 2759 2848
f 2615 2759 2704
f 2704 2793 2649
f 2649 2560 2704
f 2670 2615 2526
f 2526 2581 2670
f 2437 2581 2526
f 2526 2382 2437
f 2471 2382 2526
f 2526 2615 2471
f 2958 2814 2869
f 2979 3034 3123
f 2979 2890 3034
f 2285 2141 2196
f 2429 2374 2285
f 2285 2374 2230
f 2230 2141 2285
f 2285 2340 2429
f 2285 2196 2340
f 2010 2154 2099
f 1955 2010 2099
f 2387 2476 2332
f 2332 2476 2421
f 2332 2421 2277
f 2277 2188 2332
f 1395 1340 1251
f 1251 1306 1395
f 1484 1340 1395
f 1395 1306 1450
f 1395 1539 1484
f 1450 1539 1395
f 1416 1272 1327
f 1361 1306 1217
f 1217 1272 1361
f 1450 1306 1361
f 1361 1272 1416
f 1416 1505 1361
f 1361 1505 1450
f 1204 1060 1115
f 1005 916 971
f 971 1060 1005
f 950 916 1005
f 1403 1314 1458
f 1458 1547 1403
f 1128 1039 1183
f 1183 1272 1128
f 1238 1327 1183
f 1183 1327 1272
f 1848 1793 1704
f 1704 1793 1649
f 1649 1793 1738
f 1738 1827 1683
f 1882 1827 1738
f 1738 1793 1882
f 1683 1594 1738
f 1594 1649 1738
f 1992 2136 2081
f 1848 1903 1992
f 2047 2136 1992
f 1992 1903 2047
f 1992 1937 1848
f 2081 1937 1992
f 1958 1903 1814
f 1670 1725 1814
f 1552 1497 1408
f 1408 1463 1552
f 1641 1497 1552
f 1552 1463 1607
f 1552 1696 1641
f 1607 1696 1552
f 819 764 730
f 730 785 819
f 853 764 819
f 819 908 853
f 5728 5872 5817
f 5673 5728 5817
f 6016 6105 5961
f 5961 5872 6016
f 5961 6105 6050
f 5961 5817 5872
f 6050 5906 5961
f 5906 5817 5961
f 4406 4317 4461
f 4694 4639 4550
f 4461 4605 4550
f 4550 4605 4694
f 4550 4406 4461
f 4783 4639 4694
f 4694 4838 4783
f 4927 5071 5016
f 4927 4783 4838
f 4927 4838 4982
f 4982 5071 4927
f 4927 5016 4872
f 4872 4783 4927
f 4241 4097 4152
f 4186 4097 4241
f 4364 4275 4419
f 5050 5105 5194
f 4338 4482 4427
f 4427 4283 4338
f 4393 4482 4338
f 4770 4715 4626
f 4681 4770 4626
f 4626 4715 4571
f 4571 4482 4626
f 4987 5131 5076
f 4843 4898 4987
f 4987 4898 5042
f 5042 5131 4987
f 4987 4932 4843
f 5076 4932 4987
f 5021 4932 5076
f 5076 5165 5021
f 5385 5440 5529
f 5529 5474 5385
f 5207 5262 5351
f 5351 5296 5207
f 5440 5296 5351
f 5563 5508 5419
f 5419 5474 5563
f 5419 5364 5275
f 5419 5508 5364
f 5885 5974 5830
f 5885 5940 6029
f 6029 5974 5885
f 5673 5817 5762
f 5762 5817 5906
f 4589 4644 4733
f 4589 4500 4644
f 4733 4678 4589
f 4445 4500 4589
f 4589 4534 4445
f 4589 4678 4534
f 4618 4673 4762
f 4021 3966 3877
f 4021 4110 3966
f 4521 4576 4665
f 4665 4610 4521
f 4665 4754 4610
f 4665 4576 4720
f 4487 4432 4343
f 4487 4576 4432
f 4487 4343 4398
f 4398 4542 4487
f 3733 3678 3589
f 3733 3822 3678
f 3733 3589 3644
f 3877 3822 3733
f 3733 3788 3877
f 3644 3788 3733
f 3898 3843 3754
f 3665 3809 3754
f 3809 3898 3754
f 3754 3610 3665
f 3699 3610 3754
f 3754 3843 3699
f 2330 2474 2419
f 2186 2241 2330
f 2330 2275 2186
f 2419 2275 2330
f 2385 2241 2296
f 2296 2440 2385
f 2385 2330 2241
f 2474 2330 2385
f 2414 2359 2270
f 2414 2503 2359
f 2558 2503 2414
f 2414 2469 2558
f 2715 2660 2571
f 2482 2626 2571
f 2571 2626 2715
f 2427 2482 2571
f 2571 2516 2427
f 2660 2516 2571
f 4443 4498 4587
f 4587 4498 4642
f 3909 3998 3854
f 3854 3998 3943
f 3503 3592 3448
f 3414 3558 3503
f 3270 3126 3181
f 3181 3325 3270
f 3270 3325 3414
f 3270 3215 3126
f 3935 3880 3791
f 2893 2838 2749
f 2893 2982 2838
f 3236 3291 3380
f 3236 3147 3291
f 3380 3325 3236
f 3236 3325 3181
f 3202 3147 3058
f 3058 3113 3202
f 3058 2969 3113
f 2914 2969 3058
f 3058 3003 2914
f 3058 3147 3003
f 3990 4045 4134
f 3990 3901 4045
f 3613 3668 3757
f 3613 3524 3668
f 3613 3757 3702
f 3702 3558 3613
f 3435 3291 3346
f 3579 3524 3435
f 3380 3291 3435
f 3435 3524 3380
f 3435 3490 3579
f 3346 3490 3435
f 4155 4210 4299
f 4443 4388 4299
f 4299 4354 4443
f 4299 4210 4354
f 4244 4388 4333
f 4100 4155 4244
f 4155 4299 4244
f 4244 4299 4388
f 4333 4189 4244
f 4244 4189 4100
f 4367 4511 4456
f 4223 4278 4367
f 4367 4312 4223
f 4456 4312 4367
f 4566 4511 4422
f 4422 4477 4566
f 4333 4477 4422
f 4422 4278 4333
f 4422 4367 4278
f 4511 4367 4422
f 3367 3422 3511
f 3655 3600 3511
f 3422 3566 3511
f 3511 3566 3655
f 3744 3600 3655
f 3888 3833 3744
f 3744 3833 3689
f 3689 3600 3744
f 3668 3723 3812
f 3757 3668 3812
f 3812 3901 3757
f 3956 3901 3812
f 3812 3867 3956
f 3812 3723 3867
f 3922 3778 3833
f 4066 4011 3922
f 3867 3778 3922
f 3922 4011 3867
f 3922 3977 4066
f 3833 3977 3922
f 3697 3786 3642
f 3642 3553 3697
f 3697 3553 3608
f 3841 3786 3697
f 3697 3752 3841
f 3608 3752 3697
f 3608 3553 3464
f 3320 3375 3464
f 3464 3409 3320
f 3464 3553 3409
f 4231 4375 4320
f 4087 4142 4231
f 4142 4286 4231
f 4286 4375 4231
f 4176 4087 4231
f 4231 4320 4176
f 4545 4689 4634
f 4401 4456 4545
f 4545 4456 4600
f 4600 4689 4545
f 4545 4490 4401
f 4634 4490 4545
f 4202 4113 4257
f 4257 4346 4202
f 4202 4346 4291
f 4668 4579 4723
f 5257 5312 5401
f 5401 5490 5346
f 5346 5257 5401
f 5511 5600 5456
f 5456 5401 5312
f 5223 5079 5134
f 5079 4990 5134
f 6210 6155 6066
f 5922 5977 6066
f 6066 6011 5922
f 6155 6011 6066
f 6210 6066 6121
f 6121 6066 5977
f 5278 5189 5333
f 5223 5134 5278
f 5278 5134 5189
f 5333 5477 5422
f 5422 5278 5333
f 5566 5710 5655
f 5566 5422 5477
f 5621 5710 5566
f 5566 5477 5621
f 5566 5655 5511
f 5511 5422 5566
f 5210 5066 5121
f 5498 5354 5409
f 5553 5498 5409
f 5409 5320 5464
f 5464 5553 5409
f 4867 4922 5011
f 5100 4956 5011
f 5011 4956 4867
f 5011 4922 5066
f 5286 5375 5231
f 5231 5142 5286
f 5231 5375 5320
f 5087 5142 5231
f 5231 5176 5087
f 5320 5176 5231
f 4943 4998 5087
f 4854 4998 4943
f 5121 5066 4977
f 4833 4888 4977
f 4977 4922 4833
f 5066 4922 4977
f 4655 4710 4799
f 4799 4744 4655
f 4799 4888 4744
f 4799 4943 4888
f 4799 4710 4854
f 4854 4943 4799
f 4477 4388 4532
f 4532 4621 4477
f 4532 4388 4443
f 4676 4621 4532
f 4443 4587 4532
f 4532 4587 4676
f 4854 4710 4765
f 4710 4621 4765
f 4765 4621 4676
f 4909 4854 4765
f 4820 4909 4765
f 4765 4676 4820
f 3194 3338 3283
f 3283 3139 3194
f 3228 3139 3283
f 3283 3372 3228
f 2673 2817 2762
f 2817 2906 2762
f 2762 2618 2673
f 2707 2618 2762
f 3084 3173 3029
f 3029 2940 3084
f 3084 2940 2995
f 3228 3173 3084
f 3084 3139 3228
f 3084 2995 3139
f 3427 3571 3516
f 3427 3283 3338
f 3427 3338 3482
f 3482 3571 3427
f 3516 3372 3427
f 3372 3283 3427
f 3516 3571 3660
f 3660 3605 3516
f 3749 3605 3660
f 3804 3749 3660
f 3660 3715 3804
f 3660 3571 3715
f 3736 3681 3592
f 3736 3791 3880
f 3016 2961 2872
f 3016 3105 2961
f 2872 2927 3016
f 3160 3105 3016
f 3071 3160 3016
f 3016 2927 3071
f 4071 3927 3982
f 3927 3838 3982
f 3982 4126 4071
f 4037 4126 3982
f 4016 4160 4105
f 4016 3872 3927
f 4016 3927 4071
f 4071 4160 4016
f 4139 4283 4228
f 4139 3995 4050
f 4084 3995 4139
f 4139 4228 4084
f 4228 4283 4372
f 4461 4317 4372
f 4317 4228 4372
f 4372 4516 4461
f 4372 4427 4516
f 4372 4283 4427
f 3817 3872 3961
f 4050 3906 3961
f 3906 3817 3961
f 3961 4105 4050
f 3961 4016 4105
f 3872 4016 3961
f 4592 4736 4681
f 4592 4448 4503
f 4791 4736 4647
f 4647 4592 4503
f 4736 4592 4647
f 4613 4668 4757
f 4304 4448 4393
f 4325 4270 4181
f 4325 4380 4469
f 4503 4448 4359
f 4448 4304 4359
f 1835 1691 1746
f 1746 1657 1801
f 1602 1657 1746
f 1746 1691 1602
f 2691 2636 2547
f 2547 2602 2691
f 2513 2602 2458
f 2458 2369 2513
f 2513 2369 2424
f 2657 2602 2513
f 2568 2657 2513
f 2513 2424 2568
f 1780 1725 1636
f 1636 1691 1780
f 1780 1691 1835
f 1835 1924 1780
f 2034 1979 1890
f 1801 1945 1890
f 1890 1945 2034
f 1890 1746 1801
f 1890 1979 1835
f 1835 1746 1890
f 924 958 869
f 1013 958 924
f 1657 1513 1568
f 1568 1479 1623
f 1568 1424 1479
f 1568 1513 1424
f 1623 1712 1568
f 1568 1712 1657
f 2508 2364 2419
f 2652 2597 2508
f 2597 2453 2508
f 2453 2364 2508
f 2508 2563 2652
f 2419 2563 2508
f 5175 5264 5120
f 5175 5086 5230
f 5167 5311 5256
f 5167 5023 5078
f 5078 5222 5167
f 5167 5222 5311
f 5091 5002 5146
f 5256 5201 5112
f 5112 5167 5256
f 5023 5167 5112
f 4968 5023 5112
f 5434 5523 5379
f 5256 5311 5400
f 5400 5311 5455
f 5366 5222 5277
f 5154 5099 5010
f 5010 5065 5154
f 4921 5065 5010
f 4696 4641 4552
f 4696 4785 4641
f 4696 4552 4607
f 4840 4785 4696
f 4607 4751 4696
f 4696 4751 4840
f 4929 5073 5018
f 4929 4785 4840
f 5018 4874 4929
f 4874 4785 4929
f 5018 5073 5162
f 5251 5107 5162
f 5162 5107 5018
f 5162 5306 5251
f 5162 5073 5217
f 5217 5306 5162
f 5128 5073 4984
f 4984 4840 4895
f 4984 4929 4840
f 5073 4929 4984
f 3434 3290 3345
f 3489 3578 3434
f 3434 3345 3489
f 3235 3290 3379
f 3468 3324 3379
f 3379 3324 3235
f 3290 3434 3379
f 3023 2968 2879
f 2879 2934 3023
f 2879 2790 2934
f 2735 2790 2879
f 2879 2824 2735
f 2879 2968 2824
f 3413 3557 3502
f 3269 3324 3413
f 3468 3557 3413
f 3413 3324 3468
f 3413 3358 3269
f 3502 3358 3413
f 4039 3895 3950
f 4183 4128 4039
f 4039 4094 4183
f 3950 4094 4039
f 3950 3895 3806
f 3861 3950 3806
f 3806 3717 3861
f 3806 3895 3751
f 3984 4039 4128
f 3895 4039 3984
f 3230 3374 3319
f 3086 3141 3230
f 3230 3141 3285
f 3285 3374 3230
f 3230 3175 3086
f 3319 3175 3230
f 4539 4395 4450
f 4539 4683 4628
f 4539 4450 4594
f 4594 4683 4539
f 2384 2329 2240
f 2240 2151 2295
f 2295 2384 2240
f 2240 2096 2151
f 2185 2096 2240
f 2240 2329 2185
f 2371 2316 2227
f 2282 2371 2227
f 2227 2138 2282
f 2083 2138 2227
f 2227 2172 2083
f 2316 2172 2227
f 3146 3235 3091
f 3091 3235 3180
f 3180 3036 3091
f 3036 2947 3091
f 3002 3091 2947
f 3146 3091 3002
f 2913 3057 3002
f 3002 3057 3146
f 2858 2803 2714
f 2858 2947 2803
f 2858 2714 2769
f 2858 3002 2947
f 2858 2769 2913
f 2913 3002 2858
f 2159 2104 2015
f 1926 2070 2015
f 2015 2070 2159
f 2015 1871 1926
f 1960 1871 2015
f 2015 2104 1960
f 2604 2549 2460
f 2604 2693 2549
f 2460 2515 2604
f 2748 2693 2604
f 2515 2659 2604
f 2659 2748 2604
f 3858 3913 4002
f 4002 4146 4091
f 4057 4146 4002
f 4002 3913 4057
f 3570 3625 3714
f 3714 3659 3570
f 3803 3659 3714
f 3858 3803 3714
f 3714 3769 3858
f 3714 3625 3769
f 3096 3185 3041
f 3041 2952 3096
f 3185 3130 3041
f 3041 2897 2952
f 3041 3130 2986
f 2986 2897 3041
f 3164 3075 3219
f 3219 3308 3164
f 2876 2821 2732
f 2876 2965 2821
f 2732 2787 2876
f 2787 2931 2876
f 3541 3685 3630
f 3397 3452 3541
f 3541 3486 3397
f 3630 3486 3541
f 3630 3685 3774
f 3774 3719 3630
f 3863 3719 3774
f 3452 3507 3596
f 3596 3541 3452
f 3685 3541 3596
f 3740 3685 3596
f 3562 3507 3418
f 3329 3473 3418
f 3418 3473 3562
f 3363 3507 3452
f 3363 3308 3219
f 3452 3308 3363
f 3363 3418 3507
f 4104 4015 4159
f 4159 4248 4104
f 4159 4015 4070
f 4303 4248 4159
f 4070 4214 4159
f 4159 4214 4303
f 4659 4748 4604
f 4604 4748 4693
f 4693 4549 4604
f 4604 4549 4460
f 4282 4426 4371
f 4227 4282 4371
f 4371 4316 4227
f 4460 4316 4371
f 3664 3719 3808
f 3808 3753 3664
f 3808 3897 3753
f 3808 3719 3863
f 3651 3795 3740
f 3651 3507 3562
f 3740 3596 3651
f 3651 3596 3507
f 3884 3939 4028
f 3884 3795 3939
f 4028 3973 3884
f 3740 3795 3884
f 3562 3617 3706
f 3706 3651 3562
f 3795 3651 3706
f 3706 3617 3761
f 5439 5583 5528
f 5528 5384 5439
f 4926 4837 4981
f 4981 5070 4926
f 5392 5481 5337
f 5337 5248 5392
f 5481 5426 5337
f 5337 5193 5248
f 5049 4994 4905
f 4816 4960 4905
f 4905 4960 5049
f 4761 4816 4905
f 4905 4850 4761
f 4905 4994 4850
f 5138 4994 5049
f 5049 5193 5138
f 5227 5172 5083
f 5083 5138 5227
f 4994 5138 5083
f 4939 4994 5083
f 5083 5028 4939
f 5172 5028 5083
f 5282 5426 5371
f 5282 5138 5193
f 5193 5337 5282
f 5282 5337 5426
f 5282 5371 5227
f 5227 5138 5282
f 5659 5604 5515
f 5570 5659 5515
f 5515 5426 5570
f 5371 5426 5515
f 5515 5460 5371
f 5515 5604 5460
f 4405 4494 4350
f 4350 4494 4439
f 4439 4295 4350
f 4350 4295 4206
f 5153 5064 5208
f 5208 5297 5153
f 5009 5064 5153
f 5153 5098 5009
f 5530 5475 5386
f 5386 5441 5530
f 5386 5297 5441
f 5386 5475 5331
f 6127 6072 5983
f 5839 5894 5983
f 5983 5928 5839
f 6072 5928 5983
f 5894 5949 6038
f 6127 5983 6038
f 6038 5983 5894
f 6182 6127 6038
f 6038 6093 6182
f 6038 5949 6093
f 5661 5716 5805
f 5661 5572 5716
f 5805 5750 5661
f 5517 5572 5661
f 5661 5750 5606
f 5606 5517 5661
f 7017 7072 7106
f 5975 6030 6119
f 5818 5873 5962
f 5962 5907 5818
f 5873 5928 6017
f 6017 5962 5873
f 6106 5962 6017
f 6161 6106 6017
f 6017 6072 6161
f 6017 5928 6072
f 4404 4459 4548
f 4637 4493 4548
f 4548 4493 4404
f 4548 4459 4603
f 4514 4459 4370
f 4370 4281 4425
f 4425 4514 4370
f 4226 4281 4370
f 4370 4315 4226
f 4370 4459 4315
f 2718 2773 2862
f 2862 2807 2718
f 2951 2807 2862
f 3006 2951 2862
f 2862 2917 3006
f 2862 2773 2917
f 2896 2841 2752
f 2752 2807 2896
f 2663 2807 2752
f 2752 2841 2697
f 2574 2629 2718
f 2718 2663 2574
f 3205 3150 3061
f 3061 3116 3205
f 2972 3116 3061
f 2917 2972 3061
f 3006 2917 3061
f 3061 3150 3006
f 3810 3666 3721
f 3810 3899 3755
f 3755 3666 3810
f 3865 3810 3721
f 3200 3255 3344
f 3344 3289 3200
f 3200 3289 3145
f 3721 3666 3577
f 3433 3488 3577
f 3721 3577 3632
f 3632 3577 3488
f 4441 4386 4297
f 4297 4352 4441
f 4208 4352 4297
f 4297 4386 4242
f 3226 3370 3315
f 3315 3171 3226
f 3226 3171 3082
f 3116 3171 3260
f 3205 3116 3260
f 3260 3349 3205
f 3404 3349 3260
f 3315 3404 3260
f 3260 3171 3315
f 3789 3645 3700
f 3789 3933 3878
f 3878 3734 3789
f 3734 3645 3789
f 3789 3844 3933
f 3700 3844 3789
f 3433 3577 3522
f 3522 3577 3666
f 3378 3323 3234
f 3378 3467 3323
f 3234 3289 3378
f 3378 3522 3467
f 3378 3289 3433
f 3433 3522 3378
f 3700 3556 3611
f 3556 3467 3611
f 3467 3522 3611
f 3755 3700 3611
f 3611 3666 3755
f 3611 3522 3666
f 2692 2836 2781
f 2870 2726 2781
f 2980 2836 2891
f 2891 3035 2980
f 2802 2946 2891
f 2946 3035 2891
f 3069 3213 3158
f 3158 3213 3302
f 3391 3247 3302
f 3302 3247 3158
f 3302 3446 3391
f 2980 3035 3124
f 3124 3069 2980
f 3213 3069 3124
f 3501 3446 3357
f 3357 3412 3501
f 3446 3302 3357
f 3357 3302 3213
f 5687 5598 5742
f 5742 5831 5687
f 5598 5653 5742
f 5776 5920 5865
f 5865 5721 5776
f 5954 5810 5865
f 5810 5721 5865
f 6064 5920 5975
f 5975 6119 6064
f 5255 5310 5399
f 5255 5166 5310
f 5399 5344 5255
f 5255 5344 5200
f 4501 4645 4590
f 4645 4734 4590
f 4590 4446 4501
f 4535 4446 4590
f 4823 4734 4878
f 4878 4967 4823
f 4959 4815 4870
f 4815 4726 4870
f 5302 5446 5391
f 5226 5082 5137
f 5171 5082 5226
f 5226 5315 5171
f 5048 4904 4959
f 5048 5192 5137
f 5137 5082 4993
f 4993 5048 5137
f 4904 5048 4993
f 4849 4904 4993
f 4938 4849 4993
f 4993 5082 4938
f 5980 5925 5836
f 5925 5781 5836
f 5404 5315 5459
f 4124 4069 3980
f 3891 4035 3980
f 4035 4124 3980
f 3980 3836 3891
f 3925 3836 3980
f 3980 4069 3925
f 5090 5234 5179
f 5124 5179 5268
f 4603 4747 4692
f 4692 4548 4603
f 4637 4548 4692
f 1294 1383 1239
f 1239 1150 1294
f 1294 1150 1205
f 1205 1349 1294
f 1294 1349 1438
f 1438 1383 1294
f 1315 1459 1404
f 1260 1315 1404
f 1404 1349 1260
f 1370 1281 1425
f 1425 1281 1336
f 1391 1446 1535
f 1535 1446 1590
f 1590 1679 1535
f 1768 1857 1713
f 1857 1802 1713
f 1658 1747 1603
f 1569 1713 1658
f 1802 1747 1658
f 1658 1713 1802
f 1616 1561 1472
f 1705 1561 1616
f 1616 1760 1705
f 1671 1760 1616
f 1650 1561 1705
f 1739 1595 1650
f 1506 1561 1650
f 1650 1595 1506
f 2535 2624 2480
f 2480 2391 2535
f 2480 2624 2569
f 2336 2391 2480
f 2247 2391 2336
f 2103 2158 2247
f 2247 2158 2302
f 2302 2391 2247
f 1794 1938 1883
f 1883 1739 1794
f 1794 1650 1705
f 1739 1650 1794
f 2027 1938 2082
f 1883 1938 2027
f 1972 1883 2027
f 2027 2116 1972
f 2124 2069 1980
f 1891 2035 1980
f 1980 2035 2124
f 1980 1836 1891
f 1870 1781 1925
f 1925 1781 1836
f 1836 1980 1925
f 1925 1980 2069
f 2446 2590 2535
f 2302 2357 2446
f 2535 2391 2446
f 2446 2391 2302
f 2501 2357 2412
f 2501 2645 2590
f 2590 2446 2501
f 2501 2446 2357
f 2501 2412 2556
f 2556 2645 2501
f 2624 2679 2768
f 2857 2713 2768
f 2713 2624 2768
f 2768 2912 2857
f 2768 2679 2823
f 2823 2912 2768
f 3056 2912 2967
f 3056 3200 3145
f 3145 3001 3056
f 3001 2912 3056
f 3035 3090 3179
f 3179 3124 3035
f 3234 3323 3179
f 3179 3090 3234
f 2349 2493 2438
f 2438 2294 2349
f 2349 2294 2205
f 2637 2493 2548
f 2637 2781 2726
f 2637 2726 2582
f 2582 2493 2637
f 2637 2548 2692
f 2692 2781 2637
f 1951 2095 2040
f 2040 1896 1951
f 2129 1985 2040
f 2040 1985 1896
f 2184 2095 2239
f 2184 2040 2095
f 2184 2273 2129
f 2129 2040 2184
f 2129 2273 2218
f 2218 2074 2129
f 2163 2074 2218
f 2218 2307 2163
f 2938 3027 2883
f 2883 3027 2972
f 2883 2972 2828
f 2828 2739 2883
f 2561 2705 2650
f 2650 2739 2595
f 2472 2616 2561
f 2561 2417 2472
f 2472 2383 2527
f 2527 2616 2472
f 2815 2671 2726
f 2815 2959 2904
f 2815 2904 2760
f 2760 2671 2815
f 2815 2726 2870
f 2870 2959 2815
f 5695 5551 5606
f 5839 5784 5695
f 5784 5640 5695
f 5640 5551 5695
f 5695 5750 5839
f 5606 5750 5695
f 5284 5339 5428
f 5284 5195 5339
f 5428 5373 5284
f 5140 5195 5284
f 5373 5229 5284
f 5229 5140 5284
f 4640 4585 4496
f 4407 4551 4496
f 4551 4640 4496
f 4496 4352 4407
f 4496 4585 4441
f 4441 4352 4496
f 5140 5085 4996
f 4907 5051 4996
f 4996 5051 5140
f 4996 5085 4941
f 4852 4708 4763
f 4852 4996 4941
f 4941 4797 4852
f 4852 4797 4708
f 4852 4763 4907
f 4907 4996 4852
f 4687 4831 4776
f 4687 4632 4543
f 4776 4632 4687
f 4742 4831 4687
f 5174 5030 5085
f 5174 5318 5263
f 5263 5119 5174
f 5119 5030 5174
f 5229 5318 5174
f 5174 5085 5229
f 4742 4797 4886
f 4975 4831 4886
f 4886 4831 4742
f 4886 5030 4975
f 4941 5030 4886
f 4886 4797 4941
f 4140 3996 4051
f 4051 4195 4140
f 4229 4318 4174
f 3674 3585 3729
f 3674 3763 3619
f 3619 3708 3564
f 4860 4949 4805
f 4805 4716 4860
f 4949 4894 4805
f 4661 4716 4805
f 4572 4716 4661
f 4572 4661 4517
f 4517 4428 4572
f 4627 4716 4572
f 4750 4894 4839
f 4750 4606 4661
f 4661 4805 4750
f 4750 4805 4894
f 4839 4695 4750
f 4695 4606 4750
f 2323 2467 2412
f 2323 2268 2179
f 2412 2268 2323
f 1823 1912 1768
f 1768 1679 1823
f 1679 1734 1823
f 3166 3221 3310
f 3399 3255 3310
f 3310 3255 3166
f 3310 3454 3399
f 3132 2988 3043
f 3242 3386 3331
f 2810 2721 2865
f 2865 2954 2810
f 2865 2721 2776
f 3386 3242 3297
f 6921 6777 6832
f 6921 6866 6777
f 6777 6866 6722
f 6722 6633 6777
f 6578 6633 6722
f 6997 6853 6908
f 6908 6819 6963
f 6963 7052 6908
f 7052 6997 6908
f 6853 6709 6764
f 6819 6908 6764
f 6764 6908 6853
f 6764 6709 6620
f 6400 6544 6489
f 6489 6345 6400
f 6400 6345 6256
f 7353 7298 7264
f 7340 7374 7285
f 6963 6874 7018
f 6874 6929 7018
f 7018 7052 6963
f 7285 7230 7196
f 7196 7230 7141
f 7073 6929 6984
f 7073 7018 6929
f 7251 7196 7162
f 7251 7340 7285
f 7285 7196 7251
f 7348 7382 7293
f 7026 7060 6971
f 7026 6992 7081
f 6937 6992 7026
f 7026 6971 6882
f 6882 6937 7026
f 7623 7678 7657
f 7657 7678 7712
f 7568 7623 7657
f 6798 6942 6887
f 6887 6743 6798
f 6832 6743 6887
f 7387 7332 7298
f 7387 7353 7442
f 7298 7353 7387
f 7387 7421 7332
f 7154 7099 7065
f 7065 7120 7154
f 7154 7120 7209
f 7154 7209 7243
f 7243 7188 7154
f 7188 7099 7154
f 7065 7099 7010
f 7010 6921 7065
f 7010 7044 6955
f 7099 7044 7010
f 6955 6866 7010
f 6866 6921 7010
f 6968 7057 6913
f 6824 6879 6968
f 6968 6913 6824
f 7290 7256 7345
f 7379 7290 7345
f 7345 7434 7379
f 7112 7167 7201
f 7078 7167 7112
f 6756 6612 6667
f 6578 6722 6667
f 6667 6523 6578
f 6667 6612 6523
f 6329 6240 6384
f 6384 6473 6329
f 6329 6473 6418
f 6185 6240 6329
f 5931 5986 6075
f 6075 6164 6020
f 6020 5931 6075
f 5842 5986 5931
f 5842 5698 5753
f 5842 5787 5698
f 5931 5787 5842
f 6151 6240 6096
f 6096 6240 6185
f 5863 5774 5918
f 5719 5774 5863
f 6041 6096 6185
f 5952 6096 6041
f 5897 5842 5753
f 5986 5842 5897
f 5897 6041 5986
f 5952 6041 5897
f 5761 5905 5850
f 5850 5706 5761
f 6138 6083 5994
f 5994 6049 6138
f 5905 6049 5994
f 5994 5850 5905
f 5994 6083 5939
f 5939 5850 5994
f 6172 6227 6316
f 6172 6083 6227
f 5918 5973 6062
f 6062 6206 6151
f 5829 5973 5918
f 5918 5774 5829
f 5774 5685 5829
f 5363 5418 5507
f 5507 5452 5363
f 5596 5452 5507
f 6303 6214 6358
f 6358 6447 6303
f 6303 6447 6392
f 6303 6392 6248
f 6159 6015 6070
f 6070 6214 6159
f 6159 6303 6248
f 6214 6303 6159
f 6248 6193 6104
f 6104 6159 6248
f 6015 6159 6104
f 5960 6015 6104
f 6104 6049 5960
f 6193 6049 6104
f 5866 6010 5955
f 5866 5722 5777
f 5866 5777 5921
f 5921 6010 5866
f 6243 6332 6188
f 6099 6154 6243
f 6243 6188 6099
f 6243 6154 6298
f 5955 5900 5811
f 5811 5866 5955
f 5722 5866 5811
f 5667 5722 5811
f 5845 5790 5701
f 5557 5612 5701
f 5701 5646 5557
f 5790 5646 5701
f 5756 5612 5667
f 5756 5900 5845
f 5845 5701 5756
f 5756 5701 5612
f 5667 5811 5756
f 5756 5811 5900
f 5235 5180 5091
f 5091 5146 5235
f 5269 5180 5324
f 5324 5413 5269
f 5180 5235 5324
f 5324 5235 5379
f 5549 5638 5494
f 5494 5405 5549
f 5638 5583 5494
f 5350 5405 5494
f 5494 5439 5350
f 5583 5439 5494
f 5418 5473 5562
f 5562 5507 5418
f 5617 5706 5562
f 5562 5473 5617
f 7712 7678 7733
f 7733 7767 7712
f 7733 7678 7699
f 7699 7754 7733
f 7780 7746 7801
f 7746 7767 7801
f 7801 7767 7822
f 7822 7856 7801
f 4868 4813 4724
f 4724 4779 4868
f 4724 4635 4779
f 4724 4580 4635
f 4724 4813 4669
f 4669 4580 4724
f 5334 5478 5423
f 5190 5245 5334
f 5389 5478 5334
f 5334 5245 5389
f 5423 5279 5334
f 5334 5279 5190
f 5567 5622 5711
f 5711 5855 5800
f 5766 5855 5711
f 5711 5622 5766
f 4792 4936 4881
f 4881 4737 4792
f 4792 4737 4648
f 4313 4402 4258
f 4258 4402 4347
f 4347 4203 4258
f 4203 4114 4258
f 5093 5004 5148
f 4949 5004 5093
f 5038 4894 4949
f 4949 5093 5038
f 5038 5093 5182
f 4983 4894 5038
f 5627 5572 5483
f 5716 5572 5627
f 5805 5716 5860
f 5860 5949 5805
f 6444 6499 6588
f 6588 6533 6444
f 6177 6232 6321
f 6321 6266 6177
f 6088 6232 6177
f 5800 5855 5944
f 5944 5999 6088
f 5944 5855 5999
f 5457 5313 5368
f 5457 5601 5546
f 5368 5313 5224
f 5135 5279 5224
f 5224 5279 5368
f 5224 5080 5135
f 5169 5080 5224
f 5224 5313 5169
f 5512 5368 5423
f 5423 5567 5512
f 5512 5457 5368
f 5601 5457 5512
f 5114 5258 5203
f 5203 5059 5114
f 5148 5059 5203
f 5203 5292 5148
f 5402 5258 5313
f 5402 5457 5546
f 5313 5457 5402
f 6580 6724 6669
f 6525 6580 6669
f 6669 6813 6758
f 6669 6724 6813
f 6695 6551 6606
f 6606 6750 6695
f 6839 6784 6695
f 6695 6750 6839
f 6470 6381 6525
f 6182 6237 6326
f 6326 6237 6381
f 6381 6470 6326
f 6360 6504 6449
f 6593 6504 6648
f 6737 6593 6648
f 6648 6792 6737
f 6703 6792 6648
f 6211 6156 6067
f 6148 6237 6093
f 6148 6292 6237
f 6546 6690 6635
f 6546 6601 6690
f 6423 6334 6478
f 6423 6567 6512
f 6423 6478 6567
f 6580 6436 6491
f 6402 6546 6491
f 6347 6402 6491
f 6491 6436 6347
f 6635 6580 6491
f 6491 6546 6635
f 6109 6253 6198
f 6054 6109 6198
f 6342 6287 6198
f 6198 6253 6342
f 6198 6143 6054
f 6198 6287 6143
f 7248 7337 7282
f 7282 7337 7371
f 7371 7316 7282
f 7282 7316 7227
f 7117 7028 7083
f 7083 7172 7117
f 7083 7138 7172
f 6960 6816 6871
f 6769 6680 6824
f 6824 6913 6769
f 6913 6858 6769
f 6769 6625 6680
f 6939 6795 6850
f 6850 6795 6706
f 6706 6761 6850
f 6871 6816 6727
f 6405 6549 6494
f 6439 6350 6494
f 6494 6350 6405
f 6494 6549 6638
f 6604 6460 6515
f 6604 6549 6460
f 6837 6981 6926
f 6926 6981 7070
f 6507 6596 6452
f 6596 6541 6452
f 6452 6363 6507
f 6452 6541 6397
f 6397 6308 6452
f 6308 6363 6452
f 7067 6923 6978
f 6978 7033 7067
f 6978 6923 6834
f 6855 6944 6800
f 6711 6855 6800
f 6800 6656 6711
f 6745 6656 6800
f 7761 7795 7740
f 7740 7706 7761
f 7740 7795 7774
f 7774 7719 7740
f 7303 7358 7392
f 7303 7337 7248
f 7392 7337 7303
f 7269 7358 7303
f 6947 7036 6892
f 6892 6803 6947
f 6947 6803 6858
f 6947 6858 7002
f 7002 7036 6947
f 7146 7112 7201
f 7057 7112 7146
f 7235 7324 7269
f 7269 7180 7235
f 7290 7324 7235
f 7180 7146 7235
f 7201 7290 7235
f 7235 7146 7201
f 7125 7159 7070
f 7070 7036 7125
f 7041 7007 7096
f 6986 6897 7041
f 7096 7130 7041
f 7041 7075 6986
f 7130 7075 7041
f 6808 6719 6863
f 6664 6719 6808
f 7274 7240 7329
f 7329 7384 7418
f 7295 7384 7329
f 7329 7240 7295
f 7418 7363 7329
f 7329 7363 7274
f 7465 7554 7499
f 7465 7520 7554
f 7342 7253 7308
f 7308 7397 7342
f 7528 7617 7562
f 7562 7473 7528
f 7562 7507 7473
f 7562 7596 7507
f 7562 7617 7651
f 7651 7596 7562
f 1963 1874 2018
f 2018 2107 1963
f 1963 2107 2052
f 1819 1874 1963
f 2052 1908 1963
f 1963 1908 1819
f 2560 2505 2416
f 2471 2560 2416
f 2416 2505 2361
f 2361 2272 2416
f 2086 1942 1997
f 2230 2175 2086
f 2086 2141 2230
f 1997 2141 2086
f 2031 2175 2120
f 1887 1942 2031
f 2031 2086 2175
f 1942 2086 2031
f 2120 1976 2031
f 1976 1887 2031
f 2853 2709 2764
f 2764 2908 2853
f 2908 2997 2853
f 2853 2798 2709
f 2586 2531 2442
f 2497 2586 2442
f 2442 2353 2497
f 2442 2298 2353
f 2387 2298 2442
f 2442 2531 2387
f 3594 3738 3683
f 3450 3505 3594
f 3649 3738 3594
f 3594 3505 3649
f 3539 3450 3594
f 3594 3683 3539
f 3149 3005 3060
f 3293 3238 3149
f 3149 3238 3094
f 3094 3005 3149
f 3149 3204 3293
f 3149 3060 3204
f 2662 2717 2806
f 2751 2662 2806
f 2806 2717 2861
f 2861 2950 2806
f 2916 2772 2827
f 2827 2971 2916
f 2882 2971 2827
f 2450 2306 2361
f 2450 2594 2539
f 2539 2395 2450
f 2395 2306 2450
f 2361 2505 2450
f 2505 2594 2450
f 5492 5636 5581
f 5581 5670 5526
f 5903 5759 5814
f 5814 5759 5670
f 5259 5314 5403
f 5492 5348 5403
f 5403 5348 5259
f 5403 5547 5492
f 5458 5547 5403
f 5403 5314 5458
f 5170 5314 5259
f 5225 5314 5170
f 5170 5081 5225
f 5115 5170 5259
f 4916 4772 4827
f 5183 5094 5238
f 5238 5327 5183
f 5013 4869 4924
f 4869 4780 4924
f 4924 5068 5013
f 4979 5068 4924
f 5246 5191 5102
f 5013 5157 5102
f 5102 5157 5246
f 5102 4958 5013
f 5102 5191 5047
f 5047 4958 5102
f 5610 5555 5466
f 5521 5610 5466
f 5466 5377 5521
f 5466 5555 5411
f 5178 5233 5322
f 5322 5267 5178
f 5411 5267 5322
f 5322 5466 5411
f 5322 5233 5377
f 5377 5466 5322
f 4835 4890 4979
f 4835 4746 4890
f 4979 4924 4835
f 4691 4746 4835
f 4835 4780 4691
f 4835 4924 4780
f 4890 4945 5034
f 5034 5123 4979
f 4979 4890 5034
f 5178 5123 5034
f 5034 5089 5178
f 5034 4945 5089
f 4712 4623 4767
f 4568 4623 4712
f 4712 4657 4568
f 5733 5678 5589
f 5589 5644 5733
f 5589 5500 5644
f 5445 5500 5589
f 5589 5534 5445
f 5589 5678 5534
f 6309 6220 6364
f 6309 6453 6398
f 6309 6364 6453
f 6398 6254 6309
f 6254 6165 6309
f 6165 6220 6309
f 5953 6097 6042
f 6042 5898 5953
f 5987 5898 6042
f 6042 6131 5987
f 6186 6097 6241
f 6186 6330 6275
f 6241 6330 6186
f 6186 6042 6097
f 6275 6131 6186
f 6131 6042 6186
f 6207 6262 6351
f 6351 6296 6207
f 6118 6262 6207
f 6207 6063 6118
f 6207 6152 6063
f 6296 6152 6207
f 6474 6618 6563
f 6563 6419 6474
f 6474 6330 6385
f 6419 6330 6474
f 6961 6872 7016
f 7016 7050 6961
f 7050 6906 6961
f 6817 6872 6961
f 6961 6906 6817
f 7084 7050 7139
f 7194 7228 7139
f 7139 7105 7194
f 7139 7050 7105
f 7139 7228 7173
f 7173 7084 7139
f 7249 7160 7215
f 7202 7257 7291
f 6927 6872 6783
f 7016 6872 6927
f 7071 6982 7037
f 7071 7105 7016
f 7160 7105 7071
f 7016 6927 7071
f 7071 6927 6982
f 6885 7029 6974
f 6974 7029 7063
f 7063 6919 6974
f 6974 6830 6885
f 6919 6830 6974
f 6652 6508 6563
f 6652 6597 6508
f 6563 6707 6652
f 7398 7453 7487
f 7330 7419 7364
f 7364 7419 7453
f 7453 7398 7364
f 7364 7398 7309
f 6767 6911 6856
f 6945 6801 6856
f 6856 7000 6945
f 6856 6911 7000
f 6712 6767 6856
f 6856 6801 6712
f 7076 6932 6987
f 6987 7042 7076
f 6987 6898 7042
f 6987 6932 6843
f 6843 6898 6987
f 6576 6720 6665
f 6665 6754 6610
f 6665 6720 6809
f 6809 6754 6665
f 6665 6610 6521
f 6521 6576 6665
f 7152 7097 7063
f 7063 7118 7152
f 7152 7118 7207
f 7330 7364 7275
f 7275 7309 7220
f 7275 7364 7309
f 6699 6788 6644
f 6644 6555 6699
f 6500 6555 6644
f 6411 6555 6500
f 6411 6500 6356
f 6411 6267 6322
f 6356 6267 6411
f 6534 6678 6623
f 6623 6479 6534
f 6390 6445 6534
f 6534 6479 6390
f 7390 7479 7424
f 7424 7335 7390
f 7555 7589 7500
f 7589 7534 7500
f 7500 7466 7555
f 7411 7466 7500
f 6204 6259 6348
f 6348 6293 6204
f 6437 6293 6348
f 6348 6259 6403
f 6403 6492 6348
f 6348 6492 6437
f 6327 6238 6382
f 6238 6293 6382
f 6382 6471 6327
f 6382 6293 6437
f 6437 6526 6382
f 6382 6526 6471
f 6306 6450 6395
f 6361 6450 6306
f 6395 6484 6340
f 6285 6141 6196
f 6196 6340 6285
f 6285 6340 6429
f 6429 6340 6484
f 6429 6573 6518
f 6484 6573 6429
f 6374 6463 6319
f 6285 6429 6374
f 6518 6463 6374
f 6374 6429 6518
f 5531 5442 5586
f 5531 5476 5387
f 5387 5442 5531
f 5971 5916 5827
f 5738 5882 5827
f 5827 5882 5971
f 5827 5683 5738
f 5772 5683 5827
f 5827 5916 5772
f 6026 6081 6170
f 6170 6115 6026
f 6259 6115 6170
f 5992 6081 5937
f 5937 5848 5992
f 5992 5848 5903
f 5903 6047 5992
f 6102 6157 6246
f 6246 6301 6390
f 6246 6157 6301
f 6877 6932 7021
f 7021 6966 6877
f 7021 6932 7076
f 7076 7110 7021
f 7021 7110 7055
f 7055 6966 7021
f 7055 7110 7144
f 7110 7199 7144
f 7322 7377 7411
f 7288 7377 7322
f 7390 7335 7301
f 6725 6869 6814
f 6903 6759 6814
f 6814 6958 6903
f 6814 6869 6958
f 6670 6725 6814
f 6814 6759 6670
f 6314 6458 6403
f 6403 6259 6314
f 6259 6170 6314
f 5463 5408 5319
f 5230 5374 5319
f 5374 5463 5319
f 5319 5175 5230
f 5319 5408 5264
f 5264 5175 5319
f 5599 5510 5654
f 5552 5696 5641
f 5586 5497 5641
f 5641 5497 5552
f 5751 5607 5662
f 5751 5696 5607
f 5751 5806 5895
f 5662 5806 5751
f 5806 5717 5861
f 5861 5950 5806
f 5861 5717 5772
f 6005 5950 5861
f 5861 5916 6005
f 5772 5916 5861
f 4806 4950 4895
f 4895 4751 4806
f 4806 4751 4662
f 5183 5128 5039
f 5039 5094 5183
f 5039 4950 5094
f 4895 4950 5039
f 5039 4984 4895
f 5128 4984 5039
f 4374 4285 4429
f 4429 4518 4374
f 4649 4793 4738
f 4649 4738 4594
f 4594 4505 4649
f 4649 4704 4793
f 5505 5361 5416
f 5416 5560 5505
f 5471 5560 5416
f 5416 5327 5471
f 4335 4390 4479
f 4479 4623 4568
f 4534 4623 4479
f 4479 4390 4534
f 4445 4390 4301
f 4301 4356 4445
f 4212 4356 4301
f 4301 4157 4212
f 4301 4246 4157
f 4301 4390 4246
f 4047 4191 4136
f 4136 3992 4047
f 4081 3992 4136
f 4136 4225 4081
f 4170 4225 4314
f 4314 4259 4170
f 4314 4403 4259
f 4547 4403 4458
f 4403 4314 4458
f 4280 4191 4335
f 4280 4136 4191
f 4225 4136 4280
f 4793 4848 4937
f 4882 4793 4937
f 4992 5081 4937
f 4937 4848 4992
f 3772 3827 3916
f 3916 4005 3861
f 3861 3772 3916
f 4060 4005 3916
f 3971 4060 3916
f 3916 3827 3971
f 3636 3492 3547
f 3636 3547 3691
f 3581 3492 3636
f 5133 5222 5078
f 5078 4989 5133
f 5133 4989 5044
f 5133 5277 5222
f 4900 4845 4756
f 4900 4989 4845
f 4756 4811 4900
f 5044 4989 4900
f 4667 4811 4756
f 4667 4523 4578
f 4578 4722 4667
f 4722 4811 4667
f 4756 4612 4667
f 4612 4523 4667
f 4955 5099 5044
f 5044 4900 4955
f 4955 4900 4811
f 4955 5010 5099
f 4345 4489 4434
f 4201 4256 4345
f 4256 4400 4345
f 4400 4489 4345
f 4345 4290 4201
f 4345 4434 4290
f 4625 4680 4769
f 4625 4769 4714
f 4625 4570 4481
f 4714 4570 4625
f 3892 4036 3981
f 3748 3803 3892
f 3892 3837 3748
f 3892 3981 3837
f 4091 4036 3947
f 3947 4002 4091
f 3858 4002 3947
f 3947 3803 3858
f 3947 3892 3803
f 4036 3892 3947
f 6772 6683 6827
f 6772 6916 6861
f 6772 6827 6916
f 6628 6683 6772
f 6594 6683 6539
f 6594 6450 6505
f 6539 6450 6594
f 6594 6505 6649
f 6649 6738 6594
f 6738 6683 6594
f 6840 6696 6751
f 6696 6607 6751
f 6895 6840 6751
f 7888 7922 7901
f 7901 7935 7914
f 7901 7922 7935
f 7833 7854 7888
f 7799 7854 7833
f 7686 7652 7707
f 7707 7741 7686
f 7885 7830 7851
f 7851 7830 7796
f 7914 7927 7893
f 7927 7906 7893
f 7961 7940 7927
f 7953 7940 7961
f 7961 7974 7953
f 7961 7969 7982
f 7982 7974 7961
f 7948 7935 7956
f 7956 7969 7948
f 7948 7927 7914
f 7914 7935 7948
f 7948 7961 7927
f 7969 7961 7948
f 7956 7922 7943
f 7943 7964 7956
f 7930 7964 7943
f 7943 7909 7930
f 7943 7922 7909
f 7972 7964 7951
f 7951 7964 7930
f 7987 7979 7966
f 7966 7974 7987
f 7953 7974 7966
f 7945 7932 7966
f 7966 7932 7953
f 7966 7958 7945
f 7966 7979 7958
f 7793 7759 7814
f 7793 7848 7827
f 7814 7848 7793
f 7725 7746 7780
f 7780 7759 7725
f 7759 7704 7725
f 7840 7895 7874
f 7840 7861 7895
f 7874 7819 7840
f 7840 7819 7785
f 7900 7866 7887
f 7879 7866 7900
f 7900 7913 7879
f 7934 7913 7900
f 7798 7819 7853
f 7874 7887 7853
f 7853 7819 7874
f 7832 7866 7811
f 7777 7798 7832
f 7832 7811 7777
f 7798 7853 7832
f 7887 7866 7832
f 7832 7853 7887
f 7510 7599 7544
f 7578 7489 7544
f 7633 7578 7544
f 7544 7599 7633
f 7654 7709 7688
f 7688 7599 7654
f 7620 7675 7654
f 7675 7709 7654
f 7654 7565 7620
f 7599 7565 7654
f 5427 5571 5516
f 5516 5372 5427
f 5516 5605 5461
f 5461 5372 5516
f 5660 5715 5804
f 5660 5571 5715
f 5804 5749 5660
f 5660 5516 5571
f 5660 5749 5605
f 5605 5516 5660
f 5812 5867 5956
f 5791 5647 5702
f 5702 5647 5558
f 5990 5935 5846
f 5846 5702 5757
f 5846 5935 5791
f 5791 5702 5846
f 5249 5393 5338
f 5249 5105 5160
f 5249 5160 5304
f 5304 5393 5249
f 5194 5105 5249
f 5249 5338 5194
f 5626 5681 5770
f 5770 5715 5626
f 5859 5715 5770
f 5914 5859 5770
f 5770 5825 5914
f 5770 5681 5825
f 5092 5003 5147
f 5147 5236 5092
f 5147 5003 5058
f 5291 5236 5147
f 5058 5202 5147
f 5147 5202 5291
f 3487 3343 3398
f 3343 3254 3398
f 3398 3254 3309
f 3398 3542 3487
f 3309 3364 3453
f 3453 3398 3309
f 3542 3398 3453
f 3597 3542 3453
f 3453 3508 3597
f 3453 3364 3508
f 3021 3076 3165
f 3110 3021 3165
f 3165 3254 3110
f 3309 3254 3165
f 3220 3309 3165
f 3165 3076 3220
f 2631 2542 2686
f 2686 2775 2631
f 2686 2542 2597
f 2830 2775 2686
f 2597 2741 2686
f 2686 2741 2830
f 2919 2775 2830
f 2919 3063 3008
f 2919 3008 2864
f 2864 2775 2919
f 2919 2974 3063
f 2830 2974 2919
f 2885 2741 2796
f 3029 2974 2885
f 2830 2741 2885
f 2885 2974 2830
f 2885 2940 3029
f 2796 2940 2885
f 4116 4205 4061
f 4061 3972 4116
f 4116 4260 4205
f 4171 4260 4116
f 4294 4349 4438
f 4527 4383 4438
f 4438 4383 4294
f 4438 4349 4493
f 3485 3430 3341
f 3252 3396 3341
f 3341 3396 3485
f 3341 3430 3286
f 3375 3430 3519
f 3608 3464 3519
f 3519 3464 3375
f 3519 3663 3608
f 3574 3718 3663
f 3574 3430 3485
f 3574 3485 3629
f 3629 3718 3574
f 3663 3519 3574
f 3574 3519 3430
f 3862 3951 3807
f 3807 3718 3862
f 4006 4150 4095
f 4006 3862 3917
f 4061 4150 4006
f 4006 3917 4061
f 4095 3951 4006
f 3951 3862 4006
f 4726 4671 4582
f 4582 4493 4637
f 4637 4726 4582
f 4582 4438 4493
f 4582 4671 4527
f 4527 4438 4582
f 2765 2676 2820
f 2820 2909 2765
f 2820 2676 2731
f 2964 2909 2820
f 2731 2875 2820
f 2820 2875 2964
f 3053 2909 2964
f 2964 3108 3053
f 2998 2909 3053
f 3252 3163 3307
f 3307 3396 3252
f 3307 3163 3218
f 3451 3396 3307
f 3218 3362 3307
f 3362 3451 3307
f 3540 3396 3451
f 3540 3684 3629
f 3629 3485 3540
f 3485 3396 3540
f 3595 3684 3540
f 3540 3451 3595
f 7210 7176 7265
f 7299 7210 7265
f 7904 7938 7917
f 7917 7883 7904
f 7896 7883 7917
f 7930 7896 7917
f 7917 7951 7930
f 7938 7951 7917
f 7210 7244 7155
f 7100 7066 7155
f 7155 7244 7189
f 7189 7100 7155
f 7045 6901 6956
f 6956 6867 7011
f 7011 7045 6956
f 7168 7202 7113
f 7168 7257 7202
f 7718 7752 7697
f 7697 7676 7642
f 7870 7815 7836
f 7857 7891 7836
f 7836 7891 7870
f 7370 7425 7459
f 7425 7514 7459
f 7459 7514 7548
f 7184 7095 7150
f 7150 7239 7184
f 7574 7540 7629
f 7574 7608 7519
f 7519 7485 7574
f 7485 7540 7574
f 7464 7430 7519
f 7464 7498 7409
f 7705 7650 7671
f 7705 7760 7739
f 7739 7684 7705
f 7684 7650 7705
f 7561 7650 7595
f 7506 7561 7595
f 7595 7540 7506
f 7629 7540 7595
f 7595 7684 7629
f 7595 7650 7684
f 7137 7082 7048
f 7048 7103 7137
f 7116 7082 7171
f 7226 7260 7171
f 7171 7137 7226
f 7082 7137 7171
f 6993 6849 6904
f 6938 6849 6993
f 6993 6904 7048
f 7048 7082 6993
f 6671 6815 6760
f 6760 6849 6705
f 6760 6815 6904
f 6904 6849 6760
f 6705 6616 6760
f 6760 6616 6671
f 6938 6993 7027
f 7027 6993 7082
f 7027 7082 7116
f 6883 6972 6828
f 6739 6794 6883
f 6883 6828 6739
f 6794 6938 6883
f 6938 7027 6883
f 6883 7027 6972
f 7145 7179 7090
f 7090 7056 7145
f 7001 7056 7090
f 7090 7179 7124
f 6980 6925 6836
f 7069 6925 6980
f 6988 6899 7043
f 7043 7077 6988
f 7022 6878 6933
f 6967 6878 7022
f 6933 6988 7022
f 7022 6988 7077
f 7022 7056 6967
f 7153 7187 7098
f 7043 7009 7098
f 7166 7077 7132
f 7132 7077 7043
f 7043 7098 7132
f 7132 7098 7187
f 7242 7187 7153
f 7242 7208 7297
f 7153 7208 7242
f 7564 7653 7598
f 7687 7632 7598
f 7598 7653 7687
f 7323 7357 7268
f 7556 7645 7590
f 7268 7357 7302
f 7302 7213 7268
f 7428 7517 7462
f 7572 7517 7483
f 7483 7517 7428
f 7064 6975 7030
f 7153 7098 7064
f 7064 7098 7009
f 7064 7009 6920
f 6920 6975 7064
f 7119 7064 7030
f 7119 7208 7153
f 7153 7064 7119
f 7043 6899 6954
f 6954 7009 7043
f 6954 6865 7009
f 6954 6899 6810
f 6810 6865 6954
f 6611 6666 6755
f 6810 6899 6755
f 6755 6666 6810
f 6721 6666 6577
f 6810 6666 6721
f 6721 6865 6810
f 6776 6865 6721
f 6786 6697 6841
f 6786 6841 6930
f 6930 6875 6786
f 6786 6875 6731
f 6663 6519 6574
f 6485 6629 6574
f 6574 6430 6485
f 6574 6519 6430
f 6718 6663 6574
f 6574 6629 6718
f 6506 6362 6417
f 6417 6328 6472
f 6273 6328 6417
f 6417 6362 6273
f 6472 6561 6417
f 6417 6561 6506
f 6176 6320 6265
f 6320 6409 6265
f 6265 6121 6176
f 6210 6121 6265
f 5799 5710 5854
f 5854 5943 5799
f 5854 5710 5765
f 5998 5943 5854
f 5909 5998 5854
f 5854 5765 5909
f 6226 6137 6281
f 6281 6370 6226
f 6226 6370 6315
f 6315 6171 6226
f 6082 6137 6226
f 6226 6171 6082
f 5760 5815 5904
f 6048 5993 5904
f 5904 5959 6048
f 5815 5959 5904
f 5849 5705 5760
f 5794 5705 5849
f 5760 5904 5849
f 5849 5904 5993
f 6040 6184 6129
f 5985 6040 6129
f 6129 6273 6218
f 6129 6184 6273
f 6129 6218 6074
f 6074 5985 6129
f 4731 4875 4820
f 4731 4587 4642
f 4642 4786 4731
f 4786 4875 4731
f 4820 4676 4731
f 4676 4587 4731
f 6043 6187 6132
f 6043 5899 5954
f 5954 6098 6043
f 6043 6098 6187
f 6043 6132 5988
f 5988 5899 6043
f 6242 6153 6297
f 6242 6098 6153
f 6187 6098 6242
f 5467 5522 5611
f 5611 5556 5467
f 5467 5556 5412
f 5755 5899 5844
f 5611 5666 5755
f 5755 5666 5810
f 5810 5899 5755
f 5755 5700 5611
f 5844 5700 5755
f 6077 5933 5988
f 6077 6221 6166
f 5988 6132 6077
f 6132 6221 6077
f 5789 5933 5878
f 5412 5556 5501
f 5501 5556 5645
f 6674 6585 6729
f 6674 6818 6763
f 6729 6818 6674
f 6763 6619 6674
f 6674 6619 6530
f 6530 6585 6674
f 6671 6527 6582
f 6493 6637 6582
f 6582 6438 6493
f 6582 6527 6438
f 6582 6637 6726
f 6726 6671 6582
f 6488 6344 6399
f 6399 6344 6255
f 6179 6323 6268
f 6357 6213 6268
f 6412 6357 6268
f 6268 6323 6412
f 6124 6179 6268
f 6268 6213 6124
f 6734 6878 6823
f 6679 6624 6535
f 6768 6624 6679
f 6823 6768 6679
f 6679 6734 6823
f 6179 6035 6090
f 6090 6145 6234
f 6234 6179 6090
f 6247 6158 6302
f 6302 6158 6213
f 6357 6446 6302
f 6302 6213 6357
f 5129 5273 5218
f 4985 5040 5129
f 5184 5273 5129
f 5129 5040 5184
f 5129 5074 4985
f 5218 5074 5129
f 5472 5328 5383
f 5383 5527 5472
f 5383 5438 5527
f 5294 5438 5383
f 5095 5150 5239
f 5184 5095 5239
f 5239 5328 5184
f 5239 5383 5328
f 5239 5150 5294
f 5294 5383 5239
f 6244 6388 6333
f 6333 6422 6278
f 6333 6189 6244
f 6278 6189 6333
f 7121 7066 7032
f 7032 7087 7121
f 7087 7176 7121
f 7121 7176 7210
f 7210 7155 7121
f 7121 7155 7066
f 6799 6854 6943
f 6943 6888 6799
f 6710 6854 6799
f 6799 6888 6744
f 6799 6655 6710
f 6744 6655 6799
f 6634 6778 6723
f 6723 6778 6867
f 6710 6566 6621
f 6388 6532 6477
f 6566 6422 6477
f 6477 6621 6566
f 6532 6621 6477
f 6477 6333 6388
f 6422 6333 6477
f 6553 6697 6642
f 6642 6786 6731
f 6697 6786 6642
f 6354 6265 6409
f 6299 6210 6354
f 6210 6265 6354
f 6291 6346 6435
f 6435 6380 6291
f 6202 6346 6291
f 6291 6380 6236
f 6236 6147 6291
f 6291 6147 6202
f 6846 6935 6791
f 6702 6757 6846
f 6846 6791 6702
f 6757 6901 6846
f 6846 6901 6990
f 6990 6935 6846
f 6325 6380 6469
f 6469 6414 6325
f 6435 6490 6579
f 6579 6490 6634
f 6634 6723 6579
f 7755 7700 7721
f 7721 7742 7776
f 7810 7755 7776
f 7776 7755 7721
f 7776 7742 7797
f 7776 7831 7810
f 7797 7831 7776
f 7797 7742 7763
f 7729 7784 7763
f 7708 7653 7674
f 7708 7763 7742
f 7708 7742 7687
f 7687 7653 7708
f 7708 7674 7729
f 7729 7763 7708
f 7889 7868 7834
f 7834 7813 7779
f 7868 7813 7834
f 7826 7881 7860
f 7847 7881 7826
f 7839 7784 7805
f 7771 7826 7805
f 7860 7839 7805
f 7805 7826 7860
f 7737 7771 7716
f 7703 7758 7737
f 7703 7648 7669
f 7818 7852 7797
f 7797 7763 7818
f 7818 7763 7784
f 7818 7784 7839
f 7818 7839 7873
f 7873 7852 7818
f 7957 7949 7936
f 7936 7949 7915
f 7936 7923 7957
f 7902 7923 7936
f 7936 7915 7902
f 8000 7995 7998
f 7995 7990 7998
f 7999 8000 7998
f 7977 7964 7985
f 7985 7964 7972
f 7985 7990 7977
f 7972 7980 7985
f 7985 7980 7993
f 7985 7998 7990
f 7993 7998 7985
f 7938 7925 7959
f 7925 7946 7959
f 7959 7951 7938
f 7972 7951 7959
f 7959 7980 7972
f 7959 7946 7967
f 7967 7980 7959
f 7423 7457 7368
f 7423 7368 7334
f 7423 7478 7512
f 7512 7457 7423
f 7334 7389 7423
f 7389 7478 7423
f 7334 7279 7245
f 7279 7190 7245
f 7245 7300 7334
f 7245 7190 7156
f 7156 7211 7245
f 7211 7300 7245
f 6936 6792 6847
f 6758 6902 6847
f 6847 6703 6758
f 6847 6792 6703
f 6949 6805 6860
f 6881 6792 6936
f 6737 6792 6881
f 6936 6847 6991
f 6991 6847 6902
f 6805 6750 6661
f 6661 6750 6606
f 6894 6805 6949
f 6894 6983 6839
f 6839 6750 6894
f 6894 6750 6805
f 7533 7567 7478
f 7499 7588 7533
f 7533 7588 7622
f 7622 7567 7533
f 7533 7444 7499
f 7478 7444 7533
f 7779 7758 7724
f 7669 7690 7724
f 7724 7703 7669
f 7758 7703 7724
f 7779 7724 7745
f 7745 7724 7690
f 7622 7677 7656
f 7656 7690 7601
f 7656 7567 7622
f 7601 7567 7656
f 7436 7347 7402
f 7402 7347 7313
f 7313 7368 7402
f 7368 7457 7402
f 7436 7402 7491
f 7491 7402 7457
f 7614 7580 7669
f 7669 7648 7614
f 7614 7648 7559
f 7601 7690 7635
f 7635 7690 7669
f 7669 7580 7635
f 7504 7559 7593
f 7559 7648 7593
f 7884 7918 7897
f 7897 7863 7884
f 7897 7918 7931
f 7842 7863 7897
f 7897 7876 7842
f 7931 7910 7897
f 7910 7876 7897
f 7753 7719 7774
f 7774 7808 7753
f 7753 7698 7719
f 7732 7698 7753
f 6228 6317 6173
f 6173 6084 6228
f 6084 6139 6228
f 6495 6406 6550
f 6406 6461 6550
f 6550 6639 6495
f 6550 6461 6605
f 6605 6694 6550
f 6550 6694 6639
f 6673 6618 6529
f 6529 6584 6673
f 6440 6584 6529
f 6618 6474 6529
f 6385 6440 6529
f 6529 6474 6385
f 6702 6791 6647
f 6270 6414 6359
f 6215 6270 6359
f 6359 6304 6215
f 5309 5165 5220
f 5453 5398 5309
f 5254 5165 5309
f 5309 5398 5254
f 5309 5220 5364
f 5364 5453 5309
f 5308 5452 5397
f 5397 5253 5308
f 5219 5363 5308
f 5363 5452 5308
f 5287 5376 5232
f 4965 4876 5020
f 5198 5253 5342
f 5342 5287 5198
f 3216 3360 3305
f 3216 3072 3127
f 3216 3305 3161
f 3161 3072 3216
f 4360 4504 4449
f 4360 4415 4504
f 4360 4449 4305
f 4436 4347 4491
f 4491 4580 4436
f 4347 4402 4491
f 4635 4580 4491
f 4546 4635 4491
f 4491 4402 4546
f 3847 3792 3703
f 3703 3758 3847
f 3847 3758 3902
f 3902 3991 3847
f 3936 3847 3991
f 3792 3847 3936
f 3936 4025 3881
f 3881 3792 3936
f 4080 4135 4224
f 4080 3991 4135
f 4080 3936 3991
f 4025 3936 4080
f 2407 2551 2496
f 2263 2318 2407
f 2407 2352 2263
f 2496 2352 2407
f 2462 2318 2373
f 2462 2606 2551
f 2551 2407 2462
f 2462 2407 2318
f 2373 2517 2462
f 2517 2606 2462
f 2284 2339 2428
f 2428 2517 2373
f 2373 2284 2428
f 2572 2517 2428
f 2428 2483 2572
f 2428 2339 2483
f 2687 2543 2598
f 2598 2742 2687
f 2776 2721 2632
f 2632 2687 2776
f 2543 2687 2632
f 2632 2721 2577
f 2454 2543 2399
f 2399 2344 2255
f 2708 2852 2797
f 2797 2653 2708
f 2619 2763 2708
f 2763 2852 2708
f 2975 3030 3119
f 2928 2784 2839
f 2928 3072 3017
f 3017 2873 2928
f 2873 2784 2928
f 2928 2839 2983
f 2983 3072 2928
f 3250 3106 3161
f 3250 3394 3339
f 3161 3305 3250
f 3305 3394 3250
f 3339 3284 3195
f 3195 3250 3339
f 3106 3250 3195
f 3051 3106 3195
f 3140 3051 3195
f 3195 3284 3140
f 3174 3085 3229
f 3229 3318 3174
f 3229 3085 3140
f 3140 3284 3229
f 3496 3640 3585
f 3352 3407 3496
f 3496 3407 3551
f 3551 3640 3496
f 3839 3928 3784
f 3729 3640 3784
f 3627 3483 3538
f 3538 3483 3394
f 3716 3771 3860
f 3805 3716 3860
f 3771 3915 3860
f 4428 4373 4284
f 4339 4428 4284
f 4284 4195 4339
f 4284 4140 4195
f 4284 4373 4229
f 4229 4140 4284
f 4305 4250 4161
f 4161 4017 4072
f 4161 4250 4106
f 4106 4017 4161
f 3716 3661 3572
f 3627 3716 3572
f 3572 3483 3627
f 3428 3483 3572
f 3517 3428 3572
f 3572 3661 3517
f 3839 3894 3983
f 4072 3928 3983
f 3983 3928 3839
f 3983 3894 4038
f 3166 3022 3077
f 3077 3221 3166
f 2988 3132 3077
f 3077 3132 3221
f 2933 2878 2789
f 2933 3022 2878
f 2933 2789 2844
f 2933 3077 3022
f 2844 2988 2933
f 2988 3077 2933
f 4567 4711 4656
f 4423 4478 4567
f 4478 4622 4567
f 4622 4711 4567
f 4567 4512 4423
f 4656 4512 4567
f 3923 4067 4012
f 3923 3779 3834
f 3834 3978 3923
f 3978 4067 3923
f 4012 3868 3923
f 3868 3779 3923
f 3038 3182 3127
f 3038 3127 2983
f 2983 2894 3038
f 3004 3148 3093
f 3182 3038 3093
f 3127 3182 3271
f 3271 3216 3127
f 3360 3216 3271
f 3415 3360 3271
f 3271 3326 3415
f 3271 3182 3326
f 2970 2826 2881
f 2970 3025 3114
f 2970 2881 3025
f 2648 2504 2559
f 2792 2737 2648
f 2648 2703 2792
f 2648 2559 2703
f 2449 2504 2593
f 2682 2538 2593
f 2538 2449 2593
f 2593 2737 2682
f 2593 2648 2737
f 2504 2648 2593
f 2470 2525 2614
f 2703 2559 2614
f 2614 2559 2470
f 2614 2758 2703
f 2669 2758 2614
f 2614 2525 2669
f 131 110 97
f 165 110 131
f 84 97 63
f 71 105 84
f 50 71 84
f 84 63 50
f 418 329 384
f 384 329 350
f 384 473 418
f 779 813 724
f 1088 944 999
f 999 944 910
f 999 1143 1088
f 999 1054 1143
f 999 910 965
f 965 1054 999
f 1033 944 1088
f 1122 978 1033
f 1033 978 944
f 646 701 735
f 735 680 646
f 769 680 735
f 777 811 722
f 777 722 688
f 688 743 777
f 8 3 16
f 8 5 3
f 55 76 89
f 60 81 94
f 47 81 60
f 10 5 18
f 2 5 10
f 15 7 10
f 10 7 2
f 57 36 44
f 146 125 112
f 112 167 146
f 154 188 133
f 133 188 167
f 167 112 133
f 133 112 99
f 183 149 204
f 183 238 217
f 204 238 183
f 128 107 94
f 149 183 128
f 175 141 196
f 196 230 175
f 217 251 196
f 196 251 230
f 536 447 502
f 591 536 502
f 502 557 591
f 468 557 502
f 502 413 468
f 502 447 413
f 528 473 439
f 473 384 439
f 439 384 350
f 515 604 549
f 549 460 515
f 549 638 583
f 549 604 638
f 350 316 405
f 405 439 350
f 426 337 392
f 392 481 426
f 481 515 426
f 515 460 426
f 991 936 902
f 902 957 991
f 1059 970 1114
f 1203 1148 1059
f 1059 1114 1203
f 1059 1148 1004
f 1004 970 1059
f 635 601 690
f 745 779 690
f 656 745 690
f 690 601 656
f 724 635 690
f 690 779 724
f 512 601 546
f 546 491 457
f 457 512 546
f 580 491 546
f 546 635 580
f 546 601 635
f 813 847 758
f 758 703 669
f 792 703 758
f 758 847 792
f 669 724 758
f 724 813 758
f 1012 1156 1101
f 1101 957 1012
f 1067 978 1122
f 1067 1122 1211
f 1211 1156 1067
f 1012 978 1067
f 1067 1156 1012
f 1300 1389 1245
f 1245 1156 1300
f 1245 1101 1156
f 1410 1465 1554
f 1651 1740 1596
f 1507 1562 1651
f 1651 1596 1507
f 1562 1706 1651
f 1795 1740 1651
f 1651 1706 1795
f 2083 1939 1994
f 1994 2138 2083
f 1905 2049 1994
f 2049 2138 1994
f 1850 1939 1795
f 1850 1706 1761
f 1795 1706 1850
f 1850 1994 1939
f 1850 1761 1905
f 1905 1994 1850
f 1473 1384 1528
f 1617 1562 1473
f 1473 1528 1617
f 1562 1418 1473
f 1473 1418 1329
f 1329 1384 1473
f 1041 952 1096
f 1041 1096 1185
f 1800 1944 1889
f 1800 1889 1745
f 1745 1656 1800
f 1800 1656 1711
f 1910 1999 1855
f 1999 1944 1855
f 1855 1800 1711
f 1944 1800 1855
f 1567 1656 1512
f 1567 1423 1478
f 1512 1423 1567
f 1478 1622 1567
f 1567 1622 1711
f 1711 1656 1567
f 2368 2512 2457
f 2368 2224 2279
f 2279 2423 2368
f 2423 2512 2368
f 2457 2313 2368
f 2368 2313 2224
f 729 784 818
f 818 763 729
f 763 674 729
f 729 674 640
f 640 695 729
f 729 695 784
f 721 632 687
f 687 776 721
f 687 632 598
f 598 653 687
f 441 496 530
f 407 496 441
f 331 386 420
f 318 407 352
f 352 297 318
f 407 441 352
f 352 441 386
f 331 297 352
f 352 386 331
f 1051 1195 1140
f 1140 1229 1085
f 1284 1229 1140
f 1140 1195 1284
f 1085 996 1140
f 1140 996 1051
f 755 844 789
f 789 700 755
f 810 844 755
f 755 700 666
f 755 666 721
f 721 810 755
f 2509 2420 2564
f 2564 2653 2509
f 2564 2420 2475
f 2564 2708 2653
f 2564 2475 2619
f 2619 2708 2564
f 1789 1645 1700
f 1611 1755 1700
f 1700 1556 1611
f 1700 1645 1556
f 1700 1755 1844
f 1844 1789 1700
f 2137 2048 2192
f 2192 2281 2137
f 2192 2048 2103
f 2336 2281 2192
f 2103 2247 2192
f 2192 2247 2336
f 2425 2281 2336
f 2425 2480 2569
f 2336 2480 2425
f 2370 2281 2425
f 1205 1150 1061
f 1006 972 1061
f 1061 1150 1006
f 1116 1027 1171
f 1260 1205 1116
f 1116 1171 1260
f 1205 1061 1116
f 972 1027 1116
f 1116 1061 972
f 1137 1226 1082
f 1082 993 1137
f 993 1048 1137
f 1137 1048 1192
f 1192 1281 1137
f 1281 1226 1137
f 739 650 705
f 705 794 739
f 739 684 650
f 739 794 828
f 773 684 739
f 739 828 773
f 828 794 883
f 883 938 972
f 849 938 883
f 883 794 849
f 972 917 883
f 917 828 883
f 718 807 752
f 807 841 752
f 752 841 786
f 786 697 752
f 1875 1731 1786
f 1875 1786 1930
f 1676 1731 1820
f 1820 1765 1676
f 1909 1765 1820
f 1731 1875 1820
f 2320 2231 2375
f 1222 1078 1133
f 1044 1188 1133
f 1277 1222 1133
f 1133 1188 1277
f 989 1078 934
f 989 934 900
f 1044 1133 989
f 989 1133 1078
f 900 955 989
f 989 955 1044
f 1167 1078 1222
f 1167 1256 1112
f 1167 1112 1023
f 1023 1078 1167
f 1400 1256 1311
f 1222 1366 1311
f 1311 1167 1222
f 1256 1167 1311
f 1311 1455 1400
f 1366 1455 1311
f 1057 1146 1002
f 1002 968 1057
f 1057 968 1112
f 1112 1201 1057
f 1201 1146 1057
f 1612 1667 1756
f 1756 1701 1612
f 1667 1811 1756
f 2078 2023 1934
f 1934 1989 2078
f 2366 2455 2311
f 2311 2222 2366
f 2133 2078 1989
f 2222 2078 2133
f 2133 2188 2277
f 2277 2222 2133
f 1303 1447 1392
f 1303 1392 1248
f 1248 1159 1303
f 1159 1214 1303
f 1125 1214 1070
f 1125 1070 981
f 981 1036 1125
f 1036 1180 1125
f 3497 3353 3408
f 3497 3641 3586
f 3586 3442 3497
f 3442 3353 3497
f 3408 3552 3497
f 3497 3552 3641
f 3476 3531 3620
f 3565 3476 3620
f 3620 3531 3675
f 3395 3340 3251
f 3395 3484 3340
f 3251 3306 3395
f 3539 3484 3395
f 3395 3450 3539
f 3395 3306 3450
f 2565 2709 2654
f 2421 2476 2565
f 2620 2709 2565
f 2565 2476 2620
f 1968 2112 2057
f 1824 1879 1968
f 1968 1879 2023
f 2023 2112 1968
f 1968 1913 1824
f 2057 1913 1968
f 2866 2722 2777
f 2777 2921 2866
f 2688 2832 2777
f 2777 2832 2921
f 2523 2667 2612
f 2612 2468 2523
f 2523 2434 2578
f 2578 2667 2523
f 2811 2667 2722
f 2811 2955 2900
f 2811 2900 2756
f 2756 2667 2811
f 2811 2722 2866
f 2866 2955 2811
f 2578 2434 2489
f 2434 2345 2489
f 2743 2798 2887
f 2976 2832 2887
f 2887 2832 2743
f 2887 3031 2976
f 2510 2455 2366
f 2510 2599 2455
f 2366 2421 2510
f 2654 2599 2510
f 2510 2565 2654
f 2421 2565 2510
f 554 609 643
f 643 588 554
f 588 499 554
f 520 609 554
f 465 520 554
f 554 499 465
f 575 609 520
f 541 630 575
f 575 486 541
f 520 486 575
f 664 753 698
f 698 609 664
f 719 753 664
f 609 575 664
f 664 630 719
f 664 575 630
f 926 960 871
f 926 1015 960
f 871 837 926
f 981 1070 926
f 1070 1015 926
f 926 892 981
f 837 892 926
f 2236 2291 2380
f 2524 2469 2380
f 2380 2435 2524
f 2380 2291 2435
f 2147 2003 2058
f 2147 2291 2236
f 2147 2058 2202
f 2202 2291 2147
f 1372 1461 1317
f 1228 1372 1317
f 1317 1173 1228
f 1317 1262 1173
f 1406 1461 1550
f 1406 1317 1461
f 1406 1351 1262
f 1262 1317 1406
f 2236 2181 2092
f 2092 2147 2236
f 2003 2147 2092
f 1948 2003 2092
f 2092 2037 1948
f 2092 2181 2037
f 3456 3312 3367
f 3456 3600 3545
f 3367 3511 3456
f 3456 3511 3600
f 3545 3490 3401
f 3401 3456 3545
f 3312 3456 3401
f 3257 3312 3401
f 3401 3346 3257
f 3401 3490 3346
f 2791 2647 2702
f 2880 2736 2791
f 2791 2736 2647
f 3223 3312 3168
f 3168 3312 3257
f 3257 3113 3168
f 3113 3024 3168
f 3045 2990 2901
f 2901 2812 2956
f 2956 3045 2901
f 2757 2812 2901
f 2935 3024 2880
f 2880 2791 2935
f 3045 3189 3134
f 3189 3278 3134
f 3134 3278 3223
f 3134 2990 3045
f 2778 2833 2922
f 2922 2867 2778
f 3011 2867 2922
f 3121 3265 3210
f 3032 3176 3121
f 3176 3265 3121
f 2888 2833 2744
f 2888 2744 2799
f 2888 2943 3032
f 2799 2943 2888
f 2490 2346 2401
f 2490 2634 2579
f 2579 2435 2490
f 2435 2346 2490
f 2401 2545 2490
f 2490 2545 2634
f 429 340 395
f 395 484 429
f 395 450 484
f 361 450 395
f 395 306 361
f 395 340 306
f 662 751 696
f 751 785 696
f 730 641 696
f 696 785 730
f 518 573 607
f 607 573 662
f 662 696 607
f 607 696 641
f 552 586 497
f 552 641 586
f 552 607 641
f 518 607 552
f 552 463 518
f 497 463 552
f 895 929 840
f 840 785 751
f 840 806 895
f 840 751 806
f 458 403 369
f 369 424 458
f 458 424 513
f 492 403 458
f 458 547 492
f 458 513 547
f 479 390 445
f 479 424 390
f 445 534 479
f 513 424 479
f 568 513 479
f 479 534 568
f 330 351 385
f 296 351 330
f 385 419 330
f 330 419 364
f 301 356 335
f 246 267 301
f 335 280 301
f 301 280 246
f 364 398 309
f 309 330 364
f 432 466 377
f 466 411 377
f 720 686 775
f 720 631 686
f 775 809 720
f 809 754 720
f 699 644 610
f 610 644 555
f 487 542 576
f 542 631 576
f 1801 1712 1856
f 1856 1945 1801
f 2000 2055 2144
f 1911 2055 2000
f 2000 1856 1911
f 1945 1856 2000
f 1411 1555 1500
f 1589 1445 1500
f 1644 1589 1500
f 1500 1555 1644
f 1356 1411 1500
f 1500 1445 1356
f 1466 1555 1411
f 1411 1322 1466
f 1466 1521 1610
f 1610 1555 1466
f 1741 1652 1796
f 1741 1885 1830
f 1796 1885 1741
f 1830 1686 1741
f 1686 1597 1741
f 1741 1597 1652
f 1110 1165 1254
f 1254 1165 1309
f 1309 1398 1254
f 1398 1343 1254
f 1419 1275 1330
f 1241 1385 1330
f 1330 1186 1241
f 1330 1275 1186
f 1330 1474 1419
f 1385 1474 1330
f 2406 2351 2262
f 2694 2550 2605
f 2749 2838 2694
f 2694 2605 2749
f 1034 945 1089
f 1034 1178 1123
f 1089 1178 1034
f 801 712 767
f 801 746 712
f 767 822 856
f 856 801 767
f 856 945 890
f 890 801 856
f 780 746 835
f 890 924 835
f 835 801 890
f 746 801 835
f 835 869 780
f 835 924 869
f 822 877 911
f 911 856 822
f 1000 945 911
f 945 856 911
f 1563 1508 1419
f 1419 1474 1563
f 1563 1652 1508
f 1474 1618 1563
f 1707 1652 1563
f 1563 1618 1707
f 406 372 461
f 440 351 406
f 495 440 406
f 406 461 495
f 317 351 296
f 317 406 351
f 372 406 317
f 317 283 338
f 338 372 317
f 461 372 427
f 482 516 427
f 427 516 461
f 393 482 427
f 427 338 393
f 427 372 338
f 744 833 778
f 833 867 778
f 778 867 812
f 812 723 778
f 524 490 579
f 579 490 545
f 579 613 524
f 579 668 613
f 859 825 914
f 914 825 880
f 1147 1092 1003
f 1236 1092 1147
f 1202 1291 1147
f 1147 1291 1236
f 906 872 961
f 995 906 961
f 804 749 715
f 804 770 859
f 715 770 804
f 838 749 804
f 1215 1270 1359
f 1359 1304 1215
f 927 872 838
f 927 961 872
f 859 914 948
f 948 914 1003
f 1003 1092 948
f 948 1092 1037
f 106 72 93
f 93 127 106
f 37 45 58
f 45 79 58
f 71 37 58
f 92 71 58
f 58 79 92
f 289 344 323
f 268 289 323
f 323 302 268
f 323 357 302
f 501 446 412
f 446 357 412
f 357 323 412
f 333 278 299
f 299 354 333
f 312 278 333
f 477 443 532
f 477 511 422
f 566 511 477
f 477 532 566
f 307 286 252
f 218 273 252
f 273 307 252
f 197 218 252
f 252 231 197
f 252 286 231
f 1485 1629 1574
f 1663 1519 1574
f 1574 1519 1430
f 1430 1485 1574
f 1718 1629 1773
f 1718 1862 1807
f 1773 1862 1718
f 1718 1807 1663
f 1663 1574 1718
f 1718 1574 1629
f 1773 1828 1917
f 2006 1862 1917
f 1917 1862 1773
f 1917 2061 2006
f 1972 2061 1917
f 1917 1828 1972
f 621 532 587
f 587 676 621
f 566 532 621
f 621 676 710
f 621 655 566
f 710 655 621
f 2568 2424 2479
f 2424 2335 2479
f 2479 2335 2390
f 2479 2623 2568
f 2534 2623 2479
f 2479 2390 2534
f 2191 2102 2246
f 2246 2335 2191
f 2390 2335 2246
f 1806 1861 1950
f 2039 1895 1950
f 1950 1895 1806
f 1950 2094 2039
f 1950 2005 2094
f 1950 1861 2005
f 2725 2869 2814
f 2725 2581 2636
f 2670 2581 2725
f 2725 2814 2670
f 3013 2869 2924
f 3157 3102 3013
f 3013 3102 2958
f 2958 2869 3013
f 2924 2979 3068
f 3157 3013 3068
f 3068 3013 2924
f 3068 3212 3157
f 3123 3212 3068
f 3068 2979 3123
f 2188 2099 2243
f 2243 2332 2188
f 2243 2099 2154
f 2387 2332 2243
f 2243 2298 2387
f 2154 2298 2243
f 1382 1327 1238
f 1348 1204 1259
f 1170 1314 1259
f 1259 1115 1170
f 1259 1204 1115
f 1314 1403 1259
f 1259 1403 1348
f 1348 1403 1492
f 1492 1547 1636
f 1492 1403 1547
f 1149 1005 1060
f 1060 1204 1149
f 1094 1183 1039
f 1094 1039 950
f 950 1005 1094
f 1005 1149 1094
f 1238 1183 1094
f 1094 1149 1238
f 1848 1704 1759
f 1670 1814 1759
f 1759 1903 1848
f 1759 1814 1903
f 1560 1704 1649
f 1560 1505 1416
f 1649 1505 1560
f 874 819 785
f 874 840 929
f 785 840 874
f 874 929 963
f 963 908 874
f 908 819 874
f 4474 4419 4330
f 4186 4241 4330
f 4330 4275 4186
f 4330 4419 4275
f 5194 5283 5139
f 5139 5050 5194
f 5105 5050 4961
f 4872 5016 4961
f 5016 5105 4961
f 4961 5050 4906
f 4495 4550 4639
f 4406 4550 4495
f 4194 4338 4283
f 4050 4105 4194
f 4194 4139 4050
f 4283 4139 4194
f 4105 4160 4249
f 4249 4194 4105
f 4338 4194 4249
f 4393 4338 4249
f 4249 4304 4393
f 4160 4304 4249
f 4681 4626 4537
f 4537 4592 4681
f 4448 4592 4537
f 4393 4448 4537
f 4537 4482 4393
f 4537 4626 4482
f 5144 5233 5089
f 5288 5233 5144
f 5144 5199 5288
f 5144 5055 5199
f 4767 4911 4856
f 4856 4712 4767
f 4767 4678 4822
f 4822 4911 4767
f 4822 4678 4733
f 5055 4911 4966
f 4911 4822 4966
f 5110 5165 5254
f 5110 5021 5165
f 5254 5199 5110
f 5110 4966 5021
f 5199 5055 5110
f 5055 4966 5110
f 5474 5529 5618
f 5563 5474 5618
f 5618 5707 5563
f 5618 5762 5707
f 5618 5529 5673
f 5673 5762 5618
f 5406 5262 5317
f 5406 5351 5262
f 5406 5317 5461
f 5474 5419 5330
f 5385 5474 5330
f 5330 5241 5385
f 5186 5241 5330
f 5275 5186 5330
f 5330 5419 5275
f 5741 5885 5830
f 5597 5652 5741
f 5741 5686 5597
f 5830 5686 5741
f 5652 5707 5796
f 5796 5741 5652
f 5885 5741 5796
f 5940 5885 5796
f 5906 5995 5851
f 5851 5762 5906
f 5851 5995 5940
f 5707 5762 5851
f 5940 5796 5851
f 5851 5796 5707
f 4851 4762 4906
f 4885 4940 5029
f 5029 5118 4974
f 4974 4885 5029
f 4110 4021 4165
f 4165 4021 4076
f 4076 4220 4165
f 4165 4220 4309
f 3788 3843 3932
f 3877 3788 3932
f 3932 4021 3877
f 4076 4021 3932
f 3932 3987 4076
f 3843 3987 3932
f 4809 4665 4720
f 4809 4953 4898
f 4898 4754 4809
f 4754 4665 4809
f 4864 4953 4809
f 4809 4720 4864
f 4631 4487 4542
f 4775 4720 4631
f 4720 4576 4631
f 4576 4487 4631
f 4631 4542 4686
f 4686 4775 4631
f 2618 2474 2529
f 2474 2385 2529
f 2529 2385 2440
f 2673 2618 2529
f 2469 2414 2325
f 2236 2380 2325
f 2325 2380 2469
f 2325 2181 2236
f 2270 2181 2325
f 2325 2414 2270
f 3799 3854 3943
f 3799 3943 3888
f 3888 3744 3799
f 3799 3744 3655
f 3621 3532 3676
f 3422 3333 3477
f 3477 3566 3422
f 3477 3333 3388
f 3477 3621 3566
f 3388 3532 3477
f 3532 3621 3477
f 3359 3503 3448
f 3215 3270 3359
f 3414 3503 3359
f 3359 3270 3414
f 3448 3304 3359
f 3359 3304 3215
f 2859 3003 2948
f 2749 2660 2804
f 2804 2893 2749
f 2804 2660 2715
f 2804 2948 2893
f 2804 2715 2859
f 2859 2948 2804
f 4134 4223 4079
f 4079 3990 4134
f 4223 4168 4079
f 3935 3990 4079
f 4024 3935 4079
f 4079 4168 4024
f 3757 3901 3846
f 3901 3990 3846
f 3846 3990 3935
f 3702 3757 3846
f 3846 3791 3702
f 3935 3791 3846
f 3469 3613 3558
f 3469 3325 3380
f 3380 3524 3469
f 3524 3613 3469
f 3469 3558 3414
f 3414 3325 3469
f 4812 4956 4901
f 4812 4668 4723
f 4723 4867 4812
f 4867 4956 4812
f 4812 4901 4757
f 4757 4668 4812
f 5100 5189 5045
f 5045 4956 5100
f 5189 5134 5045
f 4901 4956 5045
f 5045 4990 4901
f 5045 5134 4990
f 3804 3715 3859
f 5600 5689 5545
f 5545 5456 5600
f 5545 5689 5634
f 5401 5456 5545
f 5634 5490 5545
f 5490 5401 5545
f 5888 5943 6032
f 6032 5977 5888
f 6032 6121 5977
f 6176 6121 6032
f 6032 6087 6176
f 6032 5943 6087
f 5511 5456 5367
f 5367 5422 5511
f 5278 5422 5367
f 5223 5278 5367
f 5367 5312 5223
f 5367 5456 5312
f 5299 5354 5443
f 5299 5210 5354
f 5265 5409 5354
f 5121 5176 5265
f 5265 5176 5320
f 5320 5409 5265
f 5265 5210 5121
f 5354 5210 5265
f 5087 5176 5032
f 5032 4943 5087
f 5032 5176 5121
f 4888 4943 5032
f 5121 4977 5032
f 5032 4977 4888
f 2707 2762 2851
f 2851 2796 2707
f 2851 2940 2796
f 2995 2940 2851
f 2851 2906 2995
f 2851 2762 2906
f 3791 3736 3647
f 3647 3558 3702
f 3702 3791 3647
f 3647 3503 3558
f 3592 3503 3647
f 3647 3736 3592
f 3893 3838 3749
f 3893 3982 3838
f 3893 3749 3804
f 4037 3982 3893
f 4558 4647 4503
f 4469 4613 4558
f 4668 4613 4524
f 4579 4668 4524
f 4524 4613 4469
f 4469 4380 4524
f 4215 4359 4304
f 4071 4126 4215
f 4126 4270 4215
f 4270 4359 4215
f 4215 4160 4071
f 4215 4304 4160
f 2924 2869 2780
f 2636 2691 2780
f 2780 2725 2636
f 2869 2725 2780
f 2746 2691 2602
f 2746 2602 2657
f 2746 2657 2801
f 2801 2890 2746
f 1869 1814 1725
f 1725 1780 1869
f 1958 1814 1869
f 2013 1958 1869
f 1869 1924 2013
f 1869 1780 1924
f 5086 5175 5031
f 5031 5175 5120
f 5031 4976 4887
f 5120 4976 5031
f 5290 5146 5201
f 5290 5434 5379
f 5379 5235 5290
f 5290 5235 5146
f 5201 5146 5057
f 4968 5112 5057
f 5057 5112 5201
f 4913 4968 5057
f 5057 5002 4913
f 5057 5146 5002
f 5544 5400 5455
f 5544 5688 5633
f 5633 5489 5544
f 5544 5489 5400
f 5455 5599 5544
f 5599 5688 5544
f 5421 5277 5332
f 5421 5332 5476
f 5421 5510 5366
f 5366 5277 5421
f 5332 5277 5188
f 5243 5332 5188
f 5188 5099 5243
f 5044 5099 5188
f 5188 5133 5044
f 5277 5133 5188
f 3523 3379 3434
f 3523 3667 3612
f 3523 3612 3468
f 3468 3379 3523
f 3578 3667 3523
f 3523 3434 3578
f 3662 3806 3751
f 3662 3518 3573
f 3573 3717 3662
f 3717 3806 3662
f 4073 4162 4018
f 4217 4162 4073
f 4073 4128 4217
f 4073 3984 4128
f 3751 3895 3840
f 3895 3984 3840
f 3607 3662 3751
f 3518 3662 3607
f 3573 3518 3429
f 3429 3484 3573
f 3340 3484 3429
f 3285 3340 3429
f 3429 3374 3285
f 3429 3518 3374
f 3109 3198 3054
f 3054 2965 3109
f 4007 3863 3918
f 3863 3774 3918
f 3918 4062 4007
f 3918 3973 4062
f 3274 3185 3329
f 3329 3418 3274
f 3418 3363 3274
f 3274 3130 3185
f 3219 3130 3274
f 3274 3363 3219
f 4515 4371 4426
f 4659 4604 4515
f 4515 4604 4460
f 4460 4371 4515
f 4515 4570 4659
f 4515 4426 4570
f 3952 3808 3863
f 4096 4041 3952
f 3952 4041 3897
f 3897 3808 3952
f 4007 4096 3952
f 3952 3863 4007
f 3850 3706 3761
f 3994 3939 3850
f 3939 3795 3850
f 3795 3706 3850
f 3761 3905 3850
f 3905 3994 3850
f 5295 5439 5384
f 5295 5151 5206
f 5206 5350 5295
f 5350 5439 5295
f 5240 5151 5295
f 5295 5384 5240
f 4837 4748 4892
f 4892 4981 4837
f 4892 4748 4803
f 4892 4803 4947
f 5214 5070 5125
f 5070 4981 5125
f 5125 5269 5214
f 5125 5180 5269
f 4405 4350 4261
f 4172 4316 4261
f 4261 4316 4405
f 4117 4172 4261
f 4261 4206 4117
f 4261 4350 4206
f 5098 5153 5242
f 5242 5331 5187
f 5187 5098 5242
f 5242 5386 5331
f 5242 5153 5297
f 5297 5386 5242
f 6962 6818 6873
f 6873 7017 6962
f 6729 6784 6873
f 6873 6818 6729
f 6852 6708 6763
f 6907 6818 6962
f 6996 6852 6907
f 6763 6818 6907
f 6907 6852 6763
f 7051 7017 7106
f 6962 7017 7051
f 7051 6907 6962
f 6996 6907 7051
f 7208 7119 7174
f 6352 6441 6297
f 6496 6441 6352
f 5763 5907 5852
f 5708 5763 5852
f 6606 6551 6462
f 2629 2574 2485
f 2540 2629 2485
f 2485 2396 2540
f 4009 3865 3920
f 3920 4064 4009
f 3831 3975 3920
f 3975 4064 3920
f 4098 4187 4043
f 4242 4187 4098
f 3810 3865 3954
f 4043 3899 3954
f 3899 3810 3954
f 3954 4098 4043
f 3954 3865 4009
f 4009 4098 3954
f 3255 3200 3111
f 3166 3255 3111
f 3111 3022 3166
f 2967 3022 3111
f 3111 3056 2967
f 3200 3056 3111
f 3831 3920 3776
f 3776 3920 3865
f 3776 3865 3721
f 3721 3632 3776
f 3454 3598 3543
f 3399 3454 3543
f 3543 3488 3399
f 3543 3632 3488
f 4153 4064 4208
f 4208 4297 4153
f 4153 4297 4242
f 4009 4064 4153
f 4242 4098 4153
f 4153 4098 4009
f 2747 2891 2836
f 2747 2603 2658
f 2747 2658 2802
f 2802 2891 2747
f 2747 2836 2692
f 2692 2603 2747
f 2925 2781 2836
f 2925 2836 2980
f 2980 3069 2925
f 2870 2781 2925
f 3213 3124 3268
f 3268 3357 3213
f 3124 3179 3268
f 3412 3357 3268
f 3268 3323 3412
f 3268 3179 3323
f 5975 5831 5886
f 5831 5742 5886
f 5886 6030 5975
f 5886 5941 6030
f 6208 6064 6119
f 6208 6352 6297
f 6297 6153 6208
f 6153 6064 6208
f 5022 5166 5111
f 5166 5255 5111
f 5111 5255 5200
f 5111 4967 5022
f 5200 5056 5111
f 5056 4967 5111
f 4679 4624 4535
f 4535 4590 4679
f 4679 4590 4734
f 4734 4823 4679
f 4768 4679 4823
f 4624 4679 4768
f 4857 4713 4768
f 4713 4624 4768
f 4912 4967 5056
f 4912 4823 4967
f 5056 5001 4912
f 4912 4768 4823
f 4912 5001 4857
f 4857 4768 4912
f 5014 4870 4925
f 4959 4870 5014
f 5137 5192 5281
f 5281 5226 5137
f 5192 5336 5281
f 5404 5459 5548
f 5637 5493 5548
f 5493 5404 5548
f 5069 5014 4925
f 5158 5014 5069
f 5179 5124 5035
f 4946 5090 5035
f 5090 5179 5035
f 4925 4870 4781
f 4637 4692 4781
f 4781 4726 4637
f 4781 4870 4726
f 1548 1404 1459
f 1548 1459 1603
f 1548 1603 1692
f 1692 1637 1548
f 1438 1349 1493
f 1349 1404 1493
f 1582 1438 1493
f 1404 1548 1493
f 1493 1637 1582
f 1493 1548 1637
f 1514 1459 1370
f 1370 1425 1514
f 1603 1459 1514
f 1514 1425 1569
f 1514 1658 1603
f 1569 1658 1514
f 1480 1336 1391
f 1480 1425 1336
f 1569 1425 1480
f 1391 1535 1480
f 1624 1713 1569
f 1569 1480 1624
f 1624 1480 1535
f 1624 1535 1679
f 1624 1679 1768
f 1768 1713 1624
f 1527 1616 1472
f 1472 1383 1527
f 1527 1383 1438
f 1527 1438 1582
f 1582 1671 1527
f 1671 1616 1527
f 1938 1794 1849
f 1849 1993 1938
f 1705 1760 1849
f 1849 1794 1705
f 1849 1760 1904
f 1904 1993 1849
f 2171 2027 2082
f 2116 2027 2171
f 2171 2082 2226
f 1870 1925 2014
f 2103 1959 2014
f 2014 1959 1870
f 2014 2158 2103
f 2014 2069 2158
f 2014 1925 2069
f 2205 2116 2260
f 2260 2349 2205
f 2116 2171 2260
f 2993 2904 3048
f 2904 2959 3048
f 2362 2218 2273
f 2273 2417 2362
f 2362 2451 2307
f 2307 2218 2362
f 2794 2650 2705
f 2938 2883 2794
f 2794 2883 2739
f 2739 2650 2794
f 2794 2849 2938
f 2705 2849 2794
f 2506 2650 2595
f 2506 2362 2417
f 2506 2417 2561
f 2561 2650 2506
f 2595 2451 2506
f 2451 2362 2506
f 2328 2472 2417
f 2328 2184 2239
f 2239 2383 2328
f 2383 2472 2328
f 2328 2417 2273
f 2273 2184 2328
f 4742 4687 4598
f 4598 4509 4653
f 4653 4742 4598
f 4598 4454 4509
f 4543 4454 4598
f 4598 4687 4543
f 3797 3708 3852
f 3852 3996 3941
f 3941 3797 3852
f 4119 4064 3975
f 4208 4064 4119
f 3818 3674 3729
f 3763 3674 3818
f 3585 3674 3530
f 3530 3674 3619
f 3619 3564 3475
f 3475 3530 3619
f 3386 3530 3475
f 3331 3386 3475
f 3653 3598 3509
f 3653 3742 3598
f 3509 3564 3653
f 3653 3797 3742
f 3653 3564 3708
f 3708 3797 3653
f 4627 4572 4483
f 4483 4538 4627
f 4394 4538 4483
f 4339 4394 4483
f 4483 4428 4339
f 4483 4572 4428
f 2179 2090 2234
f 2234 2323 2179
f 2056 1912 1967
f 1912 1823 1967
f 3187 3132 3043
f 3187 3242 3331
f 2954 2865 3009
f 6811 6722 6866
f 6955 6900 6811
f 6811 6866 6955
f 6900 6756 6811
f 6756 6667 6811
f 6811 6667 6722
f 6819 6764 6675
f 6675 6764 6620
f 6620 6531 6675
f 6675 6531 6586
f 6476 6565 6421
f 6421 6332 6476
f 6620 6565 6476
f 6476 6531 6620
f 6497 6586 6442
f 6586 6531 6442
f 6442 6353 6497
f 6298 6353 6442
f 6544 6400 6455
f 6366 6510 6455
f 6455 6510 6599
f 6599 6544 6455
f 6222 6366 6311
f 6311 6400 6256
f 6366 6455 6311
f 6311 6455 6400
f 6311 6167 6222
f 6256 6167 6311
f 7285 7374 7319
f 7319 7230 7285
f 7264 7230 7319
f 7319 7353 7264
f 7607 7641 7552
f 7641 7586 7552
f 7442 7353 7408
f 7353 7319 7408
f 7374 7463 7408
f 7408 7319 7374
f 7607 7552 7518
f 7518 7552 7463
f 7052 7018 7107
f 7162 7196 7107
f 7107 7073 7162
f 7018 7073 7107
f 7107 7141 7052
f 7107 7196 7141
f 7039 7073 6984
f 6895 6950 7039
f 7039 6984 6895
f 7039 6950 7005
f 7005 7094 7039
f 7382 7471 7416
f 7505 7539 7450
f 7450 7416 7505
f 7505 7416 7471
f 7437 7471 7382
f 7437 7382 7348
f 7348 7403 7437
f 7217 7251 7162
f 7272 7217 7183
f 7327 7293 7382
f 7382 7416 7327
f 7081 7136 7170
f 7170 7136 7225
f 7094 7060 7149
f 7149 7183 7094
f 7031 7120 7065
f 7031 6887 6942
f 7031 6942 6997
f 7264 7209 7175
f 7209 7120 7175
f 7175 7230 7264
f 7141 7230 7175
f 7476 7387 7442
f 7421 7387 7476
f 7442 7531 7476
f 7510 7421 7476
f 7531 7565 7476
f 7476 7565 7510
f 7400 7489 7434
f 7434 7345 7400
f 7078 7112 7023
f 7057 6968 7023
f 7023 7112 7057
f 6934 6989 7023
f 7023 6989 7078
f 7023 6879 6934
f 7023 6968 6879
f 6151 6096 6007
f 5918 6062 6007
f 6007 6062 6151
f 6007 5863 5918
f 6007 6096 5952
f 5952 5863 6007
f 6185 6329 6274
f 6418 6363 6274
f 6274 6329 6418
f 6130 6075 5986
f 5986 6041 6130
f 6130 6041 6185
f 6185 6274 6130
f 5753 5664 5808
f 5808 5897 5753
f 5808 5664 5719
f 5952 5897 5808
f 5719 5863 5808
f 5808 5863 5952
f 6261 6350 6206
f 6261 6172 6316
f 6316 6405 6261
f 6405 6350 6261
f 5939 6083 6028
f 6083 6172 6028
f 5740 5685 5596
f 5740 5829 5685
f 5468 5324 5379
f 5468 5612 5557
f 5557 5413 5468
f 5413 5324 5468
f 5379 5523 5468
f 5523 5612 5468
f 7822 7767 7788
f 7767 7733 7788
f 7788 7733 7754
f 7788 7754 7809
f 7809 7843 7788
f 7788 7843 7822
f 7835 7801 7856
f 7835 7890 7869
f 7835 7856 7890
f 7869 7814 7835
f 7835 7814 7780
f 7780 7801 7835
f 4936 4792 4847
f 4991 4936 4847
f 4902 4991 4847
f 4847 4758 4902
f 5237 5093 5148
f 5148 5292 5237
f 5292 5381 5237
f 5182 5093 5237
f 5360 5271 5415
f 5127 5038 5182
f 5182 5271 5127
f 4983 5038 5127
f 5127 5072 4983
f 5250 5305 5394
f 5483 5339 5394
f 5394 5339 5250
f 5716 5627 5771
f 5771 5860 5716
f 5470 5381 5525
f 6389 6334 6245
f 6478 6334 6389
f 6389 6533 6478
f 6389 6444 6533
f 6410 6499 6355
f 6499 6444 6355
f 6355 6266 6410
f 6211 6266 6355
f 6211 6067 6122
f 6122 6067 5978
f 6122 6266 6211
f 6122 6177 6266
f 5800 5944 5889
f 5978 5834 5889
f 5800 5889 5745
f 5745 5889 5834
f 5868 5724 5779
f 5779 5724 5635
f 5258 5402 5347
f 5347 5203 5258
f 5347 5436 5292
f 5292 5203 5347
f 6551 6695 6640
f 6729 6585 6640
f 6640 6784 6729
f 6640 6695 6784
f 6496 6551 6640
f 6640 6585 6496
f 6703 6648 6559
f 6559 6648 6504
f 6504 6360 6415
f 6415 6326 6470
f 6415 6559 6504
f 6470 6559 6415
f 6182 6326 6271
f 6271 6360 6216
f 6326 6415 6271
f 6271 6415 6360
f 6271 6127 6182
f 6271 6216 6127
f 6012 6156 6101
f 6012 6067 6156
f 5915 5771 5826
f 5860 5771 5915
f 6512 6601 6457
f 6601 6546 6457
f 6457 6546 6402
f 7248 7282 7193
f 7193 7159 7248
f 7227 7138 7193
f 7193 7282 7227
f 6994 7028 6939
f 6994 7083 7028
f 6939 6850 6994
f 7070 7159 7104
f 7159 7193 7104
f 7104 7193 7138
f 6714 6769 6858
f 6858 6803 6714
f 6625 6769 6714
f 6570 6625 6714
f 6761 6617 6672
f 6672 6816 6761
f 6672 6727 6816
f 6782 6727 6638
f 6871 6727 6782
f 6782 6926 6871
f 6837 6926 6782
f 6659 6714 6803
f 6570 6714 6659
f 6515 6570 6659
f 6659 6604 6515
f 7015 6960 6871
f 6871 6926 7015
f 7015 6926 7070
f 7070 7104 7015
f 6889 6944 7033
f 7033 6978 6889
f 6889 6800 6944
f 6889 6978 6834
f 6834 6745 6889
f 6745 6800 6889
f 7651 7706 7685
f 7706 7740 7685
f 7685 7740 7719
f 7685 7664 7630
f 7719 7664 7685
f 7630 7596 7685
f 7685 7596 7651
f 7269 7303 7214
f 7159 7125 7214
f 7248 7159 7214
f 7214 7303 7248
f 7214 7180 7269
f 7214 7125 7180
f 7091 7146 7180
f 7091 7125 7036
f 7180 7125 7091
f 7091 7036 7002
f 7002 7057 7091
f 7057 7146 7091
f 6952 7041 6897
f 6952 6808 6863
f 6897 6808 6952
f 6863 7007 6952
f 7007 7041 6952
f 6664 6808 6753
f 6753 6842 6698
f 6753 6897 6842
f 6753 6808 6897
f 6753 6609 6664
f 6698 6609 6753
f 7486 7520 7431
f 7520 7465 7431
f 7431 7397 7486
f 7431 7342 7397
f 7499 7444 7410
f 7410 7465 7499
f 7410 7444 7355
f 7355 7321 7410
f 7287 7198 7253
f 7253 7342 7287
f 7232 7198 7287
f 7321 7232 7287
f 7630 7575 7541
f 7541 7596 7630
f 7575 7486 7541
f 7507 7596 7541
f 7541 7486 7452
f 7452 7507 7541
f 2471 2416 2327
f 2238 2382 2327
f 2327 2382 2471
f 2327 2183 2238
f 2327 2272 2183
f 2327 2416 2272
f 2798 2853 2942
f 3031 2887 2942
f 2942 2887 2798
f 3086 3031 2942
f 2942 2997 3086
f 2942 2853 2997
f 2751 2806 2895
f 2895 2840 2751
f 2984 2840 2895
f 3039 2984 2895
f 2895 2950 3039
f 2895 2806 2950
f 2683 2827 2772
f 2539 2594 2683
f 2683 2628 2539
f 2772 2628 2683
f 2738 2594 2649
f 2882 2827 2738
f 2738 2683 2594
f 2827 2683 2738
f 2649 2793 2738
f 2793 2882 2738
f 5437 5348 5492
f 5492 5581 5437
f 5437 5581 5526
f 5725 5581 5636
f 5670 5581 5725
f 5725 5814 5670
f 4971 5115 5060
f 4827 4882 4971
f 4971 4916 4827
f 5060 4916 4971
f 5060 5115 5204
f 5259 5348 5204
f 5204 5115 5259
f 5005 4916 5060
f 5094 4950 5005
f 4657 4712 4801
f 4890 4746 4801
f 4746 4657 4801
f 4801 4945 4890
f 4801 4856 4945
f 4712 4856 4801
f 7270 7215 7181
f 7037 6982 6893
f 6885 6830 6741
f 6741 6830 6686
f 6686 6597 6741
f 6597 6652 6741
f 7432 7398 7487
f 7432 7466 7377
f 7487 7521 7432
f 7521 7466 7432
f 7241 7296 7330
f 7330 7275 7241
f 7207 7296 7241
f 7241 7152 7207
f 7042 7097 7131
f 7076 7042 7131
f 7131 7220 7165
f 7165 7076 7131
f 6822 6678 6733
f 6733 6644 6788
f 6877 6822 6733
f 6733 6788 6877
f 6500 6644 6589
f 6678 6534 6589
f 6589 6733 6678
f 6644 6733 6589
f 6589 6445 6500
f 6589 6534 6445
f 6555 6411 6466
f 6466 6377 6521
f 6322 6377 6466
f 6466 6411 6322
f 6521 6610 6466
f 6610 6555 6466
f 7369 7280 7335
f 7335 7424 7369
f 7314 7280 7369
f 7369 7403 7314
f 7636 7547 7602
f 7568 7657 7602
f 7513 7479 7568
f 7513 7424 7479
f 7568 7602 7513
f 7513 7602 7547
f 7445 7534 7479
f 7445 7500 7534
f 7445 7479 7390
f 7411 7500 7445
f 6217 6272 6361
f 6361 6306 6217
f 6128 6272 6217
f 6217 6306 6162
f 6128 6217 6073
f 6073 6217 6162
f 6018 6073 6162
f 5929 6073 6018
f 6230 6141 6285
f 6230 6374 6319
f 6285 6374 6230
f 6052 6196 6141
f 6340 6196 6251
f 6162 6306 6251
f 6251 6306 6395
f 6395 6340 6251
f 5675 5531 5586
f 6065 6010 5921
f 6154 6010 6065
f 6065 6209 6154
f 6065 6120 6209
f 5903 5814 5958
f 5958 6047 5903
f 5958 6013 6102
f 6102 6047 5958
f 6191 6047 6102
f 6102 6246 6191
f 7089 7144 7178
f 7089 7178 7123
f 7123 7034 7089
f 7089 7034 7000
f 7089 7000 7055
f 7055 7144 7089
f 7288 7322 7233
f 7178 7144 7233
f 7233 7267 7178
f 7233 7322 7267
f 7233 7199 7288
f 7233 7144 7199
f 7267 7301 7212
f 7212 7157 7123
f 7123 7178 7212
f 7178 7267 7212
f 7191 7157 7246
f 7246 7301 7335
f 7157 7212 7246
f 7246 7212 7301
f 7246 7280 7191
f 7335 7280 7246
f 7356 7301 7267
f 7356 7322 7411
f 7267 7322 7356
f 7411 7445 7356
f 7390 7301 7356
f 7356 7445 7390
f 5921 5777 5832
f 5777 5688 5832
f 5798 5654 5709
f 6141 6230 6086
f 5586 5641 5730
f 5730 5675 5586
f 5819 5675 5730
f 5696 5751 5840
f 5840 5751 5895
f 4628 4772 4717
f 4717 4806 4662
f 4340 4285 4196
f 4340 4429 4285
f 4196 4251 4340
f 4251 4395 4340
f 4662 4518 4573
f 4518 4429 4573
f 4573 4717 4662
f 4628 4717 4573
f 4704 4649 4560
f 4471 4615 4560
f 4615 4704 4560
f 4416 4471 4560
f 4560 4505 4416
f 4560 4649 4505
f 5272 5416 5361
f 5272 5128 5183
f 5183 5327 5272
f 5327 5416 5272
f 5217 5128 5272
f 5272 5361 5217
f 4424 4280 4335
f 4424 4479 4568
f 4335 4479 4424
f 5170 5115 5026
f 5081 5170 5026
f 5026 4937 5081
f 4882 4937 5026
f 5026 4971 4882
f 5115 4971 5026
f 3780 3636 3691
f 3924 3869 3780
f 3780 3835 3924
f 3691 3835 3780
f 3581 3636 3725
f 3814 3670 3725
f 3670 3581 3725
f 3725 3869 3814
f 3725 3780 3869
f 3636 3780 3725
f 5010 4955 4866
f 4777 4921 4866
f 4921 5010 4866
f 4866 4722 4777
f 4866 4811 4722
f 4866 4955 4811
f 4680 4625 4536
f 4591 4680 4536
f 4536 4625 4481
f 6662 6751 6607
f 6518 6573 6662
f 6662 6607 6518
f 6895 6751 6806
f 6806 6950 6895
f 6861 6950 6806
f 6751 6662 6806
f 7812 7833 7867
f 7888 7901 7867
f 7867 7833 7888
f 7812 7757 7778
f 7778 7744 7799
f 7799 7833 7778
f 7778 7833 7812
f 7668 7613 7579
f 7283 7249 7338
f 7796 7741 7762
f 7741 7707 7762
f 7872 7906 7885
f 7885 7851 7872
f 7872 7893 7906
f 7838 7893 7872
f 7817 7783 7838
f 7838 7872 7817
f 7817 7872 7851
f 7817 7851 7796
f 7796 7762 7817
f 7817 7762 7783
f 7736 7757 7791
f 7791 7757 7812
f 7859 7893 7838
f 7440 7474 7385
f 7385 7351 7440
f 7827 7861 7806
f 7861 7840 7806
f 7785 7751 7806
f 7806 7840 7785
f 7746 7725 7691
f 7691 7712 7746
f 7691 7657 7712
f 7636 7602 7691
f 7691 7602 7657
f 7670 7725 7704
f 7636 7691 7670
f 7670 7691 7725
f 7670 7704 7649
f 7649 7615 7670
f 7921 7900 7887
f 7921 7908 7942
f 7887 7908 7921
f 7934 7900 7921
f 7942 7955 7921
f 7921 7955 7934
f 7594 7628 7539
f 7539 7505 7594
f 7662 7641 7607
f 5901 5956 6045
f 5901 5812 5956
f 6045 5990 5901
f 5757 5812 5901
f 5990 5846 5901
f 5901 5846 5757
f 5867 5812 5723
f 5634 5778 5723
f 5723 5778 5867
f 5757 5702 5613
f 5469 5524 5613
f 5613 5558 5469
f 5613 5702 5558
f 3207 3118 3262
f 3063 3118 3207
f 3152 3296 3241
f 3008 3063 3152
f 3063 3207 3152
f 3152 3207 3296
f 3241 3097 3152
f 3152 3097 3008
f 3385 3529 3474
f 3241 3296 3385
f 3385 3330 3241
f 3474 3330 3385
f 4171 4116 4027
f 4027 4082 4171
f 3938 4082 4027
f 4027 3883 3938
f 4027 3972 3883
f 4027 4116 3972
f 3917 3862 3773
f 3773 3684 3828
f 3828 3917 3773
f 3629 3684 3773
f 3773 3718 3629
f 3773 3862 3718
f 3197 3053 3108
f 3197 3341 3286
f 3197 3108 3252
f 3252 3341 3197
f 2998 3053 3142
f 3142 3087 2998
f 3142 3231 3087
f 3286 3231 3142
f 3142 3197 3286
f 3053 3197 3142
f 7354 7388 7299
f 7299 7265 7354
f 7422 7388 7477
f 7655 7621 7676
f 7566 7621 7655
f 7655 7600 7566
f 7553 7608 7642
f 7519 7608 7553
f 7553 7464 7519
f 7498 7464 7553
f 7477 7388 7443
f 7388 7354 7443
f 7409 7498 7443
f 7443 7354 7409
f 7409 7354 7320
f 7320 7354 7265
f 7113 7024 7079
f 7079 7168 7113
f 7134 7168 7079
f 7079 7024 6990
f 6990 7045 7079
f 7045 7134 7079
f 7223 7312 7257
f 7257 7168 7223
f 7223 7168 7134
f 7223 7134 7189
f 7642 7608 7663
f 7663 7697 7642
f 7663 7574 7629
f 7608 7574 7663
f 7718 7697 7663
f 7663 7684 7718
f 7629 7684 7663
f 7676 7697 7731
f 7786 7765 7731
f 7731 7752 7786
f 7731 7697 7752
f 7370 7459 7404
f 7493 7459 7548
f 7527 7438 7493
f 7438 7404 7493
f 7493 7404 7459
f 7493 7582 7527
f 7548 7582 7493
f 7294 7383 7328
f 7328 7239 7294
f 7061 7150 7095
f 6917 6972 7061
f 7116 7150 7061
f 7061 7027 7116
f 6972 7027 7061
f 6891 6980 6836
f 6836 6747 6891
f 6747 6802 6891
f 7056 7022 7111
f 7166 7200 7111
f 7111 7077 7166
f 7111 7022 7077
f 7145 7056 7111
f 7111 7200 7145
f 7145 7200 7234
f 7234 7179 7145
f 7268 7179 7234
f 7234 7323 7268
f 7412 7446 7357
f 7357 7323 7412
f 7187 7242 7276
f 7255 7200 7166
f 7611 7577 7666
f 7666 7645 7611
f 7645 7556 7611
f 7158 7213 7247
f 7213 7302 7247
f 7357 7446 7391
f 7391 7302 7357
f 7480 7425 7391
f 7391 7446 7480
f 7585 7530 7496
f 7619 7530 7585
f 7585 7674 7619
f 7585 7640 7674
f 7640 7585 7551
f 7551 7585 7496
f 7496 7462 7551
f 7551 7462 7517
f 7428 7462 7373
f 7407 7352 7318
f 7318 7373 7407
f 7407 7373 7462
f 7441 7352 7407
f 7496 7441 7407
f 7407 7462 7496
f 6611 6755 6700
f 6700 6556 6611
f 6700 6645 6556
f 6632 6577 6488
f 6632 6721 6577
f 6776 6721 6632
f 5938 5993 6082
f 5938 5849 5993
f 5938 6082 6027
f 5794 5849 5938
f 5883 5794 5938
f 5938 6027 5883
f 6009 5865 5920
f 6153 6098 6009
f 5954 5865 6009
f 6009 6098 5954
f 6009 6064 6153
f 5920 6064 6009
f 6276 6187 6331
f 6187 6242 6331
f 6331 6420 6276
f 6920 6776 6831
f 6831 6742 6886
f 6831 6975 6920
f 6831 6886 6975
f 6886 6742 6797
f 6708 6852 6797
f 6653 6742 6598
f 6708 6797 6653
f 6653 6797 6742
f 5522 5467 5378
f 5289 5433 5378
f 5378 5433 5522
f 5378 5234 5289
f 5323 5467 5412
f 5323 5179 5234
f 5234 5378 5323
f 5323 5378 5467
f 5412 5268 5323
f 5268 5179 5323
f 6022 5878 5933
f 6166 6111 6022
f 6111 5967 6022
f 5967 5878 6022
f 6022 6077 6166
f 5933 6077 6022
f 5357 5501 5446
f 5357 5446 5302
f 5357 5268 5412
f 5412 5501 5357
f 5734 5645 5789
f 5789 5878 5734
f 5535 5391 5446
f 5446 5501 5590
f 5590 5535 5446
f 5679 5535 5590
f 5590 5734 5679
f 5590 5501 5645
f 5645 5734 5590
f 6645 6734 6590
f 6734 6679 6590
f 6501 6645 6590
f 6590 6679 6535
f 6590 6446 6501
f 6535 6446 6590
f 5946 6090 6035
f 5946 5802 5857
f 6056 6145 6001
f 6145 6090 6001
f 6001 5946 5857
f 6090 5946 6001
f 5658 5802 5747
f 6391 6336 6247
f 6247 6302 6391
f 6480 6336 6391
f 6391 6302 6446
f 6391 6535 6480
f 6391 6446 6535
f 6812 6723 6867
f 6867 6956 6812
f 6812 6956 6901
f 6812 6901 6757
f 6676 6621 6532
f 6731 6820 6676
f 6587 6676 6532
f 6587 6642 6731
f 6731 6676 6587
f 6435 6579 6524
f 6613 6469 6524
f 6524 6380 6435
f 6524 6469 6380
f 6668 6579 6723
f 6668 6812 6757
f 6723 6812 6668
f 6757 6613 6668
f 6613 6524 6668
f 6668 6524 6579
f 7842 7876 7821
f 7737 7758 7792
f 7792 7771 7737
f 7792 7826 7771
f 7792 7758 7813
f 7792 7813 7847
f 7847 7826 7792
f 7750 7784 7729
f 7750 7805 7784
f 7771 7805 7750
f 7750 7716 7771
f 7993 7980 7988
f 7988 7980 7967
f 6716 6860 6805
f 6805 6661 6716
f 6915 6860 6771
f 6860 6716 6771
f 6771 6716 6627
f 7258 7224 7313
f 7313 7347 7258
f 7046 7101 7135
f 7135 7080 7046
f 7046 7080 6991
f 7046 6991 6902
f 7012 7101 7046
f 6517 6661 6606
f 6606 6462 6517
f 7800 7834 7779
f 7779 7745 7800
f 7800 7745 7766
f 7766 7821 7800
f 7766 7745 7711
f 7711 7732 7766
f 7711 7677 7732
f 7711 7656 7677
f 7711 7745 7690
f 7690 7656 7711
f 7127 7093 7182
f 7182 7216 7127
f 7381 7470 7415
f 7415 7326 7381
f 7415 7470 7504
f 7525 7470 7436
f 7436 7491 7525
f 7525 7491 7580
f 7559 7470 7525
f 7525 7614 7559
f 7580 7614 7525
f 7580 7491 7546
f 7601 7635 7546
f 7546 7635 7580
f 7512 7601 7546
f 7546 7457 7512
f 7546 7491 7457
f 7504 7593 7538
f 7572 7483 7538
f 6736 6647 6791
f 6736 6880 6825
f 6736 6791 6880
f 6825 6681 6736
f 6592 6681 6537
f 6592 6736 6681
f 6647 6736 6592
f 6558 6613 6702
f 6702 6647 6558
f 6558 6469 6613
f 6414 6469 6558
f 5164 5308 5253
f 5020 5075 5164
f 5164 5075 5219
f 5219 5308 5164
f 5287 5232 5143
f 5143 5198 5287
f 5054 5198 5143
f 5143 4999 5054
f 5321 5376 5465
f 5321 5232 5376
f 5465 5410 5321
f 5177 5232 5321
f 5321 5266 5177
f 5410 5266 5321
f 4821 4766 4677
f 4677 4732 4821
f 4821 4732 4876
f 4876 4965 4821
f 5253 5198 5109
f 5020 5164 5109
f 5109 5164 5253
f 5109 4965 5020
f 5054 4965 5109
f 5109 5198 5054
f 4415 4360 4271
f 4271 4182 4326
f 4326 4415 4271
f 4216 4360 4305
f 4305 4161 4216
f 4216 4161 4072
f 4216 4271 4360
f 4313 4258 4169
f 4224 4313 4169
f 4169 4080 4224
f 4025 4080 4169
f 4169 4114 4025
f 4169 4258 4114
f 2056 1967 2111
f 2111 1967 2022
f 1933 1789 1844
f 2365 2221 2276
f 2365 2509 2454
f 2276 2420 2365
f 2365 2420 2509
f 2255 2111 2166
f 2166 2111 2022
f 2276 2221 2132
f 2132 2187 2276
f 2043 2187 2132
f 2454 2399 2310
f 2310 2365 2454
f 2221 2365 2310
f 2310 2166 2221
f 2310 2399 2255
f 2255 2166 2310
f 2344 2399 2488
f 2488 2632 2577
f 2543 2632 2488
f 2488 2399 2543
f 3030 2975 2886
f 2941 3030 2886
f 2886 2797 2941
f 2886 2742 2797
f 2831 2687 2742
f 2742 2886 2831
f 2831 2886 2975
f 2776 2687 2831
f 3373 3229 3284
f 3517 3462 3373
f 3462 3318 3373
f 3318 3229 3373
f 3373 3428 3517
f 3373 3284 3428
f 3839 3784 3695
f 3695 3750 3839
f 3695 3606 3750
f 3551 3606 3695
f 3695 3640 3551
f 3695 3784 3640
f 3873 4017 3962
f 3729 3784 3873
f 3928 4017 3873
f 3873 3784 3928
f 3873 3818 3729
f 3962 3818 3873
f 3682 3771 3627
f 3627 3538 3682
f 3449 3394 3305
f 3449 3538 3394
f 3305 3360 3449
f 4059 3915 3970
f 3970 4114 4059
f 3881 4025 3970
f 4025 4114 3970
f 4004 3860 3915
f 4148 4093 4004
f 4004 4059 4148
f 4004 3915 4059
f 3805 3860 3949
f 4038 3894 3949
f 3949 3894 3805
f 3949 4093 4038
f 3949 4004 4093
f 3860 4004 3949
f 4855 4999 4944
f 4855 4711 4766
f 4944 4800 4855
f 4800 4711 4855
f 5088 5232 5177
f 4944 4999 5088
f 5088 5143 5232
f 4999 5143 5088
f 5177 5033 5088
f 5088 5033 4944
f 2894 2805 2949
f 2949 3038 2894
f 2805 2860 2949
f 2949 3093 3038
f 2949 2860 3004
f 3004 3093 2949
f 3237 3093 3148
f 3381 3326 3237
f 3326 3182 3237
f 3182 3093 3237
f 3292 3381 3237
f 3237 3148 3292
f 2826 2970 2915
f 2771 2826 2915
f 2915 2860 2771
f 3004 2860 2915
f 186 220 165
f 165 131 186
f 834 779 745
f 834 800 889
f 745 800 834
f 711 745 656
f 711 800 745
f 711 622 677
f 656 622 711
f 790 735 701
f 790 701 756
f 756 845 790
f 769 735 824
f 824 858 769
f 824 913 858
f 735 790 824
f 811 777 866
f 921 955 866
f 866 955 900
f 900 811 866
f 887 921 832
f 832 777 743
f 921 866 832
f 832 866 777
f 798 887 832
f 832 743 798
f 21 16 29
f 21 8 16
f 29 50 42
f 50 63 42
f 42 21 29
f 63 76 42
f 76 55 42
f 68 55 89
f 68 81 47
f 81 68 102
f 89 123 102
f 102 68 89
f 94 81 115
f 115 128 94
f 149 128 115
f 81 102 115
f 170 149 115
f 73 60 94
f 94 107 73
f 73 86 52
f 107 86 73
f 39 73 52
f 60 73 39
f 47 60 39
f 57 44 78
f 99 112 78
f 23 44 36
f 23 36 15
f 15 10 23
f 99 86 120
f 107 141 120
f 120 86 107
f 154 133 120
f 120 133 99
f 175 154 120
f 120 141 175
f 162 128 183
f 162 183 217
f 217 196 162
f 162 196 141
f 162 141 107
f 107 128 162
f 460 549 494
f 494 405 460
f 439 405 494
f 528 439 494
f 583 528 494
f 494 549 583
f 371 316 337
f 337 426 371
f 371 405 316
f 460 405 371
f 371 426 460
f 1025 936 1080
f 936 991 1080
f 1080 1169 1025
f 1080 1224 1169
f 1046 991 957
f 957 1101 1046
f 1101 1245 1190
f 1190 1046 1101
f 1499 1410 1554
f 1643 1588 1499
f 1499 1554 1643
f 1499 1588 1444
f 1444 1300 1355
f 1355 1499 1444
f 1410 1499 1355
f 1355 1300 1211
f 1376 1465 1321
f 1465 1410 1321
f 1321 1232 1376
f 1130 1041 1185
f 1185 1274 1130
f 1130 1274 1219
f 1219 1075 1130
f 1075 931 986
f 986 1130 1075
f 1041 1130 986
f 986 931 897
f 897 952 986
f 952 1041 986
f 1766 1855 1711
f 1766 1622 1677
f 1711 1622 1766
f 1677 1821 1766
f 1766 1821 1910
f 1910 1855 1766
f 831 776 742
f 776 687 742
f 742 797 831
f 742 687 653
f 708 797 742
f 742 653 708
f 530 564 475
f 475 441 530
f 386 441 475
f 475 420 386
f 454 488 399
f 454 543 488
f 365 310 331
f 331 420 365
f 399 310 365
f 365 454 399
f 420 454 365
f 2370 2425 2514
f 2514 2603 2459
f 2459 2370 2514
f 2658 2603 2514
f 2569 2658 2514
f 2514 2425 2569
f 718 752 663
f 608 574 663
f 663 697 608
f 663 752 697
f 663 629 718
f 663 574 629
f 2019 1875 1930
f 2163 2108 2019
f 1930 2074 2019
f 2019 2074 2163
f 1964 1820 1875
f 2108 2053 1964
f 1964 2053 1909
f 1909 1820 1964
f 1964 2019 2108
f 1875 2019 1964
f 2320 2375 2464
f 2553 2409 2464
f 2464 2409 2320
f 1900 1756 1811
f 1900 1811 1955
f 1790 1701 1845
f 1701 1756 1845
f 1934 1790 1845
f 1845 1989 1934
f 1845 1900 1989
f 1756 1900 1845
f 2023 2078 2167
f 2256 2112 2167
f 2167 2112 2023
f 2167 2311 2256
f 2167 2078 2222
f 2222 2311 2167
f 2455 2544 2400
f 2400 2311 2455
f 2544 2489 2400
f 2256 2311 2400
f 2400 2345 2256
f 2400 2489 2345
f 1447 1303 1358
f 1413 1502 1358
f 1502 1447 1358
f 1358 1303 1214
f 3764 3620 3675
f 3764 3908 3853
f 3819 3908 3764
f 3764 3675 3819
f 3565 3620 3709
f 3709 3798 3654
f 3654 3565 3709
f 3853 3798 3709
f 3709 3764 3853
f 3620 3764 3709
f 2633 2777 2722
f 2633 2489 2544
f 2633 2544 2688
f 2688 2777 2633
f 2633 2722 2578
f 2578 2489 2633
f 2379 2523 2468
f 2235 2290 2379
f 2290 2434 2379
f 2434 2523 2379
f 2379 2324 2235
f 2379 2468 2324
f 1550 1639 1495
f 1495 1406 1550
f 1351 1406 1495
f 2846 2702 2757
f 2990 2935 2846
f 2846 2791 2702
f 2846 2935 2791
f 2757 2901 2846
f 2846 2901 2990
f 3079 2935 2990
f 3223 3168 3079
f 3079 3168 3024
f 3024 2935 3079
f 3079 3134 3223
f 2990 3134 3079
f 3155 3011 3066
f 3011 2922 3066
f 3066 3210 3155
f 3066 3121 3210
f 220 186 241
f 254 309 288
f 254 199 220
f 233 199 254
f 254 288 233
f 288 309 343
f 343 309 398
f 343 398 432
f 432 377 343
f 267 288 322
f 322 411 356
f 322 377 411
f 288 343 322
f 322 343 377
f 356 301 322
f 322 301 267
f 487 576 521
f 432 487 521
f 521 466 432
f 555 466 521
f 521 610 555
f 521 576 610
f 610 576 665
f 665 720 754
f 631 720 665
f 665 576 631
f 665 754 699
f 699 610 665
f 1767 1822 1911
f 1911 1856 1767
f 1678 1822 1767
f 1767 1856 1712
f 1623 1678 1767
f 1767 1712 1623
f 2144 2233 2089
f 2089 2000 2144
f 2089 2233 2178
f 1945 2000 2089
f 2178 2034 2089
f 2034 1945 2089
f 1377 1466 1322
f 1233 1288 1377
f 1377 1322 1233
f 1377 1288 1432
f 1432 1521 1377
f 1521 1466 1377
f 1110 1254 1199
f 1199 1288 1144
f 1199 1343 1288
f 1199 1254 1343
f 1144 1055 1199
f 1199 1055 1110
f 2262 2173 2317
f 2317 2406 2262
f 2440 2351 2495
f 2351 2406 2495
f 2495 2406 2550
f 2872 2728 2783
f 2783 2927 2872
f 2838 2927 2783
f 2783 2694 2838
f 979 1068 1013
f 1013 924 979
f 1123 1068 979
f 979 1034 1123
f 979 924 890
f 890 945 979
f 945 1034 979
f 966 911 877
f 966 932 1021
f 966 877 932
f 1021 1110 966
f 1110 1055 966
f 966 1055 1000
f 1000 911 966
f 1529 1474 1385
f 1529 1618 1474
f 1851 1707 1762
f 1707 1618 1762
f 1762 1906 1851
f 1817 1906 1762
f 744 778 689
f 600 655 689
f 689 655 744
f 689 778 723
f 969 1024 1113
f 1003 914 969
f 969 914 880
f 880 935 969
f 935 1024 969
f 1037 1092 1181
f 1181 1092 1236
f 1236 1325 1181
f 1325 1270 1181
f 1160 1304 1249
f 1160 1215 1304
f 1139 995 1050
f 995 961 1050
f 1050 1194 1139
f 893 927 838
f 838 804 893
f 893 804 859
f 859 948 893
f 59 93 72
f 38 46 59
f 59 72 38
f 169 190 224
f 224 203 169
f 501 412 467
f 556 501 467
f 467 522 556
f 467 433 522
f 378 412 323
f 378 344 433
f 378 323 344
f 433 467 378
f 378 467 412
f 312 333 367
f 367 333 422
f 401 312 367
f 367 456 401
f 367 422 456
f 354 443 388
f 388 333 354
f 422 333 388
f 388 477 422
f 443 477 388
f 2390 2246 2301
f 2301 2445 2390
f 2356 2445 2301
f 2301 2212 2356
f 1293 1382 1238
f 1238 1149 1293
f 1293 1149 1204
f 1293 1204 1348
f 1416 1327 1471
f 1327 1382 1471
f 1471 1560 1416
f 1581 1492 1636
f 1636 1725 1581
f 1581 1725 1670
f 1348 1492 1437
f 1437 1293 1348
f 1382 1293 1437
f 1492 1581 1437
f 4508 4652 4597
f 4364 4419 4508
f 4508 4453 4364
f 4597 4453 4508
f 4597 4652 4741
f 4686 4597 4741
f 4741 4830 4686
f 4741 4885 4830
f 4796 4940 4885
f 4885 4741 4796
f 4796 4741 4652
f 4796 4851 4940
f 4563 4419 4474
f 4563 4474 4618
f 4563 4508 4419
f 4652 4508 4563
f 5084 5029 4940
f 4906 5050 4995
f 5050 5139 4995
f 5139 5084 4995
f 4995 4851 4906
f 4940 4851 4995
f 4995 5084 4940
f 4817 4961 4906
f 4906 4762 4817
f 4817 4762 4673
f 4872 4961 4817
f 4474 4330 4385
f 4385 4330 4241
f 4529 4673 4618
f 4529 4385 4440
f 4618 4474 4529
f 4474 4385 4529
f 4584 4440 4495
f 4584 4495 4639
f 4673 4529 4584
f 4584 4529 4440
f 4495 4440 4351
f 4406 4495 4351
f 5000 4856 4911
f 5000 5144 5089
f 5089 4945 5000
f 4945 4856 5000
f 5000 4911 5055
f 5055 5144 5000
f 5021 4966 4877
f 4788 4932 4877
f 4932 5021 4877
f 4733 4788 4877
f 4877 4822 4733
f 4877 4966 4822
f 5550 5406 5461
f 5461 5605 5550
f 5605 5694 5550
f 5440 5351 5495
f 5351 5406 5495
f 5406 5550 5495
f 4110 4165 4254
f 4343 4199 4254
f 4199 4110 4254
f 4398 4343 4254
f 4254 4309 4398
f 4254 4165 4309
f 3765 3621 3676
f 3909 3854 3765
f 3676 3820 3765
f 3765 3820 3909
f 3566 3621 3710
f 3655 3566 3710
f 3710 3799 3655
f 3854 3799 3710
f 3710 3765 3854
f 3621 3765 3710
f 3092 2948 3003
f 3092 3236 3181
f 3003 3147 3092
f 3147 3236 3092
f 2893 2948 3037
f 3126 2982 3037
f 2982 2893 3037
f 3181 3126 3037
f 3037 3092 3181
f 2948 3092 3037
f 3804 3859 3948
f 3948 3893 3804
f 4037 3893 3948
f 3825 3736 3880
f 3681 3736 3825
f 3770 3914 3859
f 3626 3681 3770
f 3681 3825 3770
f 3770 3825 3914
f 3770 3715 3626
f 3770 3859 3715
f 4147 4202 4291
f 5388 5443 5532
f 5388 5299 5443
f 5532 5477 5388
f 5244 5299 5388
f 5388 5477 5333
f 5333 5244 5388
f 5155 5299 5244
f 5155 5011 5066
f 5066 5210 5155
f 5210 5299 5155
f 5155 5244 5100
f 5100 5011 5155
f 4414 4558 4503
f 4270 4325 4414
f 4414 4325 4469
f 4469 4558 4414
f 4503 4359 4414
f 4414 4359 4270
f 4702 4558 4613
f 4702 4846 4791
f 4791 4647 4702
f 4647 4558 4702
f 4757 4846 4702
f 4702 4613 4757
f 4579 4524 4435
f 4435 4346 4490
f 4490 4579 4435
f 4291 4346 4435
f 4435 4380 4291
f 4435 4524 4380
f 2691 2746 2835
f 2924 2780 2835
f 2835 2780 2691
f 2835 2979 2924
f 2890 2979 2835
f 2835 2746 2890
f 5086 5031 4942
f 4853 4997 4942
f 4997 5086 4942
f 4942 4798 4853
f 4887 4798 4942
f 4942 5031 4887
f 5633 5722 5578
f 5578 5489 5633
f 5578 5722 5667
f 5434 5489 5578
f 5667 5523 5578
f 5523 5434 5578
f 5345 5489 5434
f 5345 5201 5256
f 5256 5400 5345
f 5400 5489 5345
f 5345 5290 5201
f 5434 5290 5345
f 5565 5654 5510
f 5510 5421 5565
f 5565 5421 5476
f 5709 5654 5565
f 3785 3840 3929
f 4018 3874 3929
f 3874 3785 3929
f 3929 4073 4018
f 3984 4073 3929
f 3929 3840 3984
f 3374 3518 3463
f 3518 3607 3463
f 3463 3607 3552
f 3319 3374 3463
f 3408 3319 3463
f 3463 3552 3408
f 3696 3840 3785
f 3552 3607 3696
f 3751 3840 3696
f 3696 3607 3751
f 3696 3785 3641
f 3641 3552 3696
f 3342 3198 3253
f 3198 3109 3253
f 3253 3109 3164
f 3397 3342 3253
f 3253 3308 3397
f 3253 3164 3308
f 2965 2876 3020
f 3020 3109 2965
f 3020 2876 2931
f 3164 3109 3020
f 2931 3075 3020
f 3075 3164 3020
f 3829 3774 3685
f 3829 3918 3774
f 3829 3685 3740
f 3973 3918 3829
f 3740 3884 3829
f 3829 3884 3973
f 5180 5125 5036
f 4947 5091 5036
f 5091 5180 5036
f 5036 4892 4947
f 4981 4892 5036
f 5036 5125 4981
f 7017 6873 6928
f 6839 6983 6928
f 6928 6784 6839
f 6928 6873 6784
f 6928 6983 7072
f 7072 7017 6928
f 6941 6996 7030
f 6941 6852 6996
f 7030 6886 6941
f 6886 6797 6941
f 6941 6797 6852
f 7140 7195 7229
f 7229 7174 7140
f 7106 7195 7140
f 7140 7051 7106
f 7208 7174 7263
f 7318 7352 7263
f 7263 7229 7318
f 7263 7174 7229
f 7263 7352 7297
f 7297 7208 7263
f 6339 6483 6428
f 6394 6483 6339
f 6305 6360 6449
f 6449 6394 6305
f 6216 6360 6305
f 6161 6216 6305
f 6407 6551 6496
f 6407 6462 6551
f 6496 6352 6407
f 6051 5962 6106
f 5907 5962 6051
f 5996 5852 5907
f 5941 5852 5996
f 5907 6051 5996
f 5996 6051 6140
f 6428 6517 6373
f 6373 6517 6462
f 2430 2485 2574
f 3687 3543 3598
f 3831 3776 3687
f 3687 3776 3632
f 3632 3543 3687
f 3687 3742 3831
f 3598 3742 3687
f 2870 2925 3014
f 3014 2959 2870
f 3014 3069 3158
f 3014 2925 3069
f 5941 5886 5797
f 5708 5852 5797
f 5797 5852 5941
f 5797 5653 5708
f 5797 5742 5653
f 5797 5886 5742
f 5103 5014 5158
f 4959 5014 5103
f 5103 5048 4959
f 5192 5048 5103
f 5226 5281 5370
f 5315 5226 5370
f 5370 5459 5315
f 5692 5781 5637
f 5637 5548 5692
f 5692 5836 5781
f 5692 5747 5836
f 4980 5069 4925
f 5124 5069 4980
f 4980 5035 5124
f 5302 5158 5213
f 5158 5069 5213
f 5213 5069 5124
f 5213 5357 5302
f 5213 5124 5268
f 5268 5357 5213
f 2493 2349 2404
f 2349 2260 2404
f 2548 2493 2404
f 2404 2459 2548
f 2993 3048 3137
f 3082 2993 3137
f 3137 3226 3082
f 3103 3048 2959
f 2959 3014 3103
f 3158 3247 3103
f 3103 3014 3158
f 4085 3941 3996
f 4229 4174 4085
f 4085 4140 4229
f 3996 4140 4085
f 3797 3941 3886
f 3742 3797 3886
f 3886 3975 3831
f 3831 3742 3886
f 4263 4352 4208
f 4208 4119 4263
f 4263 4119 4174
f 4407 4352 4263
f 4263 4318 4407
f 4263 4174 4318
f 3763 3818 3907
f 3907 3996 3852
f 3852 3763 3907
f 4051 3996 3907
f 3907 3962 4051
f 3907 3818 3962
f 3585 3530 3441
f 3352 3496 3441
f 3441 3496 3585
f 3441 3297 3352
f 3386 3297 3441
f 3441 3530 3386
f 2145 2090 2001
f 2145 2234 2090
f 2001 2056 2145
f 2467 2323 2378
f 2323 2234 2378
f 1878 1823 1734
f 1878 1967 1823
f 1734 1789 1878
f 2022 1967 1878
f 1789 1933 1878
f 1878 1933 2022
f 3132 3187 3276
f 3221 3132 3276
f 3276 3187 3331
f 3242 3187 3098
f 2954 3009 3098
f 3043 2954 3098
f 3098 3187 3043
f 3153 3297 3242
f 3242 3098 3153
f 3153 3098 3009
f 6819 6675 6730
f 6641 6785 6730
f 6730 6586 6641
f 6730 6675 6586
f 6785 6874 6730
f 6730 6874 6819
f 6387 6476 6332
f 6387 6243 6298
f 6332 6243 6387
f 6298 6442 6387
f 6531 6476 6387
f 6387 6442 6531
f 7497 7586 7531
f 7497 7552 7586
f 7497 7531 7442
f 7463 7552 7497
f 7442 7408 7497
f 7497 7408 7463
f 7607 7518 7573
f 7573 7662 7607
f 7628 7662 7573
f 7539 7628 7573
f 7450 7539 7484
f 7539 7573 7484
f 7484 7573 7518
f 7361 7416 7450
f 7272 7327 7361
f 7361 7327 7416
f 7471 7437 7526
f 7128 7183 7217
f 7162 7073 7128
f 7128 7217 7162
f 7073 7039 7128
f 7128 7039 7094
f 7094 7183 7128
f 7293 7327 7238
f 7183 7149 7238
f 7272 7183 7238
f 7238 7327 7272
f 7238 7204 7293
f 7238 7149 7204
f 7115 7026 7081
f 7081 7170 7115
f 7060 7026 7115
f 7115 7170 7204
f 7115 7149 7060
f 7204 7149 7115
f 7259 7225 7314
f 7259 7170 7225
f 7204 7170 7259
f 7314 7348 7259
f 7348 7293 7259
f 7293 7204 7259
f 6976 7031 7065
f 6887 7031 6976
f 7065 6921 6976
f 6976 6921 6832
f 6832 6887 6976
f 7086 7031 6997
f 7086 6997 7052
f 7052 7141 7086
f 7141 7175 7086
f 7120 7031 7086
f 7086 7175 7120
f 7489 7400 7455
f 7510 7544 7455
f 7455 7544 7489
f 7455 7421 7510
f 7277 7332 7366
f 7332 7421 7366
f 7421 7455 7366
f 7366 7455 7400
f 7311 7345 7256
f 7311 7400 7345
f 7311 7366 7400
f 7311 7256 7222
f 7311 7222 7277
f 7277 7366 7311
f 6075 6130 6219
f 6219 6308 6164
f 6164 6075 6219
f 6219 6130 6274
f 6219 6363 6308
f 6219 6274 6363
f 6172 6261 6117
f 6117 6028 6172
f 6117 6261 6206
f 5973 6028 6117
f 6206 6062 6117
f 6117 6062 5973
f 5651 5562 5706
f 5507 5562 5651
f 5596 5507 5651
f 5651 5740 5596
f 5795 5850 5939
f 5706 5850 5795
f 5795 5651 5706
f 5740 5651 5795
f 5973 5829 5884
f 5829 5740 5884
f 5740 5795 5884
f 5884 6028 5973
f 5939 6028 5884
f 5884 5795 5939
f 4703 4847 4792
f 4559 4614 4703
f 4614 4758 4703
f 4758 4847 4703
f 4703 4648 4559
f 4703 4792 4648
f 5182 5237 5326
f 5415 5271 5326
f 5326 5271 5182
f 5326 5470 5415
f 5326 5237 5381
f 5381 5470 5326
f 5271 5360 5216
f 5216 5127 5271
f 5216 5360 5305
f 5072 5127 5216
f 5161 5072 5216
f 5216 5305 5161
f 5703 5648 5559
f 5415 5470 5559
f 5614 5470 5525
f 5614 5758 5703
f 5703 5559 5614
f 5614 5559 5470
f 5525 5580 5669
f 5669 5614 5525
f 5758 5614 5669
f 5580 5724 5669
f 6313 6457 6402
f 6347 6292 6203
f 6292 6148 6203
f 6300 6389 6245
f 6245 6156 6300
f 6300 6156 6211
f 6211 6355 6300
f 6444 6389 6300
f 6300 6355 6444
f 6177 6122 6033
f 6088 6177 6033
f 6033 5944 6088
f 6033 5889 5944
f 6033 6122 5978
f 5978 5889 6033
f 5601 5512 5656
f 5656 5745 5601
f 5656 5512 5567
f 5800 5745 5656
f 5656 5711 5800
f 5567 5711 5656
f 5690 5635 5546
f 5690 5779 5635
f 5546 5601 5690
f 5834 5779 5690
f 5601 5745 5690
f 5690 5745 5834
f 5491 5347 5402
f 5491 5635 5580
f 5580 5436 5491
f 5436 5347 5491
f 5546 5635 5491
f 5491 5402 5546
f 6703 6559 6614
f 6525 6669 6614
f 6614 6470 6525
f 6614 6559 6470
f 6758 6703 6614
f 6614 6669 6758
f 6067 6012 5923
f 5923 5834 5978
f 5978 6067 5923
f 5923 5779 5834
f 5868 5779 5923
f 5923 6012 5868
f 6004 6148 6093
f 5860 5915 6004
f 6093 5949 6004
f 5949 5860 6004
f 6905 6994 6850
f 6761 6816 6905
f 6905 6850 6761
f 6816 6960 6905
f 7049 7104 7138
f 7138 7083 7049
f 7083 6994 7049
f 7049 6905 6960
f 6994 6905 7049
f 6960 7015 7049
f 7049 7015 7104
f 6528 6672 6617
f 6528 6617 6473
f 6384 6439 6528
f 6528 6473 6384
f 6583 6494 6638
f 6638 6727 6583
f 6727 6672 6583
f 6672 6528 6583
f 6439 6494 6583
f 6583 6528 6439
f 6693 6782 6638
f 6638 6549 6693
f 6549 6604 6693
f 6837 6782 6693
f 7342 7431 7376
f 7376 7287 7342
f 7321 7287 7376
f 7376 7431 7465
f 7376 7410 7321
f 7465 7410 7376
f 5348 5437 5293
f 5293 5204 5348
f 4861 5005 4950
f 4861 4717 4772
f 4772 4916 4861
f 4916 5005 4861
f 4950 4806 4861
f 4806 4717 4861
f 7126 7181 7215
f 7126 7215 7160
f 7160 7071 7126
f 7126 7071 7037
f 7037 7092 7126
f 7092 7181 7126
f 7270 7181 7236
f 7202 7291 7236
f 7257 7312 7346
f 7346 7291 7257
f 7291 7346 7380
f 7380 7346 7435
f 6982 6927 6838
f 6838 6893 6982
f 6838 6927 6783
f 6783 6694 6838
f 7003 7092 7037
f 7058 7092 7003
f 6948 6893 6804
f 6804 6859 6948
f 7037 6893 6948
f 6948 7003 7037
f 6859 7003 6948
f 6770 6681 6825
f 6885 6741 6796
f 6707 6851 6796
f 6796 6652 6707
f 6796 6741 6652
f 6796 6940 6885
f 6851 6940 6796
f 7398 7432 7343
f 7288 7254 7343
f 7343 7377 7288
f 7343 7432 7377
f 7254 7309 7343
f 7309 7398 7343
f 7186 7241 7275
f 7186 7275 7220
f 7220 7131 7186
f 7186 7131 7097
f 7097 7152 7186
f 7152 7241 7186
f 7458 7513 7547
f 7424 7513 7458
f 7403 7369 7458
f 7458 7369 7424
f 6128 6073 5984
f 5895 6039 5984
f 5984 6039 6128
f 5984 5840 5895
f 5984 6073 5929
f 5929 5840 5984
f 6107 6251 6196
f 5963 6018 6107
f 6107 6018 6162
f 6162 6251 6107
f 6107 6052 5963
f 6196 6052 6107
f 5531 5675 5620
f 5476 5531 5620
f 5620 5565 5476
f 5709 5565 5620
f 6120 6065 5976
f 5976 5832 5887
f 5976 6065 5921
f 5921 5832 5976
f 5814 5725 5869
f 5869 5958 5814
f 5924 6013 5869
f 6013 5958 5869
f 6335 6191 6246
f 6335 6246 6390
f 6390 6479 6335
f 6479 6424 6335
f 6280 6335 6424
f 6191 6335 6280
f 5887 5832 5743
f 5743 5798 5887
f 5654 5798 5743
f 5599 5654 5743
f 5743 5688 5599
f 5743 5832 5688
f 6120 5976 6031
f 6031 5976 5887
f 6175 6230 6319
f 6175 6086 6230
f 6120 6031 6175
f 6175 6031 6086
f 5997 6052 6141
f 6141 6086 5997
f 5696 5840 5785
f 5785 5840 5929
f 5785 5641 5696
f 5785 5730 5641
f 4628 4573 4484
f 4484 4539 4628
f 4395 4539 4484
f 4484 4340 4395
f 4429 4340 4484
f 4484 4573 4429
f 4568 4657 4513
f 4513 4424 4568
f 4392 4536 4481
f 4392 4248 4303
f 4481 4337 4392
f 4337 4248 4392
f 4591 4536 4447
f 4358 4502 4447
f 4447 4502 4591
f 4447 4303 4358
f 4447 4392 4303
f 4536 4392 4447
f 6717 6772 6861
f 6861 6806 6717
f 6628 6772 6717
f 6717 6806 6662
f 6717 6573 6628
f 6717 6662 6573
f 7812 7867 7846
f 7846 7791 7812
f 7825 7791 7846
f 7702 7757 7736
f 7736 7681 7702
f 7673 7707 7652
f 7563 7474 7529
f 7495 7584 7529
f 7474 7440 7529
f 7529 7440 7495
f 7550 7584 7495
f 7783 7762 7728
f 7694 7749 7728
f 7728 7749 7783
f 7728 7673 7694
f 7728 7762 7707
f 7707 7673 7728
f 7804 7859 7838
f 7825 7859 7804
f 7838 7783 7804
f 7783 7749 7804
f 7560 7594 7505
f 7560 7526 7615
f 7560 7615 7649
f 7649 7594 7560
f 7560 7505 7471
f 7471 7526 7560
f 7641 7662 7696
f 7730 7675 7696
f 7675 7641 7696
f 7696 7751 7730
f 7696 7717 7751
f 7662 7717 7696
f 5579 5490 5634
f 5634 5723 5579
f 5579 5435 5490
f 5579 5524 5435
f 3351 3207 3262
f 3262 3406 3351
f 3351 3406 3495
f 3296 3207 3351
f 7388 7422 7333
f 7333 7244 7299
f 7299 7388 7333
f 7710 7655 7676
f 7710 7765 7744
f 7710 7731 7765
f 7676 7731 7710
f 7744 7778 7723
f 7723 7778 7757
f 7757 7702 7723
f 7723 7702 7668
f 7600 7655 7689
f 7689 7723 7668
f 7744 7723 7689
f 7689 7710 7744
f 7655 7710 7689
f 7587 7553 7642
f 7642 7676 7587
f 7676 7621 7587
f 7498 7553 7587
f 7341 7430 7375
f 7430 7464 7375
f 7375 7464 7409
f 7409 7320 7375
f 7590 7645 7679
f 7645 7700 7679
f 7781 7836 7815
f 7781 7815 7760
f 7370 7404 7315
f 7315 7260 7226
f 7315 7281 7370
f 7226 7281 7315
f 7239 7150 7205
f 7205 7294 7239
f 7260 7294 7205
f 7205 7150 7116
f 7116 7171 7205
f 7205 7171 7260
f 7349 7438 7383
f 7383 7294 7349
f 7349 7404 7438
f 7349 7294 7260
f 7260 7315 7349
f 7349 7315 7404
f 7006 7061 7095
f 7006 7040 6951
f 7095 7040 7006
f 6917 7061 7006
f 7006 6862 6917
f 7006 6951 6862
f 6946 6802 6857
f 6946 6891 6802
f 6857 7001 6946
f 7378 7412 7323
f 7446 7412 7501
f 7501 7535 7446
f 7590 7535 7501
f 7501 7556 7590
f 7577 7611 7522
f 7522 7611 7556
f 7221 7132 7187
f 7187 7276 7221
f 7166 7132 7221
f 7221 7276 7310
f 7221 7255 7166
f 7310 7255 7221
f 7331 7242 7297
f 7331 7276 7242
f 7344 7255 7310
f 7433 7378 7344
f 7564 7598 7509
f 7103 7158 7192
f 7158 7247 7192
f 7192 7137 7103
f 7192 7247 7281
f 7192 7281 7226
f 7226 7137 7192
f 7336 7247 7302
f 7302 7391 7336
f 7281 7247 7336
f 7336 7391 7425
f 7336 7425 7370
f 7370 7281 7336
f 7106 7072 7161
f 7161 7195 7106
f 7072 7127 7161
f 7161 7127 7216
f 7271 7216 7182
f 7182 7237 7271
f 7271 7237 7326
f 7428 7373 7339
f 6844 6700 6755
f 6844 6755 6899
f 6844 6988 6933
f 6899 6988 6844
f 6776 6632 6687
f 6598 6742 6687
f 6687 6831 6776
f 6742 6831 6687
f 6420 6331 6475
f 6530 6619 6475
f 6420 6475 6564
f 6564 6475 6619
f 6564 6619 6708
f 6708 6653 6564
f 5823 5878 5967
f 5823 5734 5878
f 5679 5734 5823
f 5823 5768 5679
f 5480 5336 5391
f 5391 5535 5480
f 5624 5535 5679
f 5679 5768 5624
f 5624 5480 5535
f 6598 6454 6509
f 6420 6564 6509
f 6509 6653 6598
f 6509 6564 6653
f 6543 6454 6598
f 6598 6687 6543
f 6543 6687 6632
f 6543 6632 6488
f 6488 6399 6543
f 6399 6454 6543
f 6276 6420 6365
f 6365 6221 6276
f 6420 6509 6365
f 6365 6509 6454
f 5891 5747 5802
f 5891 6035 5980
f 5980 5836 5891
f 5836 5747 5891
f 5891 5946 6035
f 5802 5946 5891
f 6765 6676 6820
f 6765 6820 6909
f 6909 6854 6765
f 6765 6854 6710
f 6710 6621 6765
f 6621 6676 6765
f 6443 6587 6532
f 6443 6532 6388
f 6443 6388 6299
f 6299 6354 6443
f 7889 7834 7855
f 7855 7876 7889
f 7855 7821 7876
f 7834 7800 7855
f 7855 7800 7821
f 7787 7753 7808
f 7787 7808 7842
f 7842 7821 7787
f 7732 7753 7787
f 7766 7732 7787
f 7787 7821 7766
f 7572 7661 7606
f 7606 7517 7572
f 7606 7551 7517
f 7640 7551 7606
f 7627 7661 7572
f 7572 7538 7627
f 7627 7538 7593
f 7729 7674 7695
f 7674 7640 7695
f 7695 7750 7729
f 7640 7606 7695
f 7695 7606 7661
f 7716 7750 7695
f 7695 7661 7716
f 7993 7988 7996
f 7999 7998 7996
f 7996 7998 7993
f 7996 7991 7999
f 7996 7983 7991
f 7996 7988 7983
f 7975 7967 7954
f 7975 7988 7967
f 7975 7954 7962
f 7962 7983 7975
f 7983 7988 7975
f 6915 6771 6826
f 6737 6881 6826
f 6826 6970 6915
f 6881 6970 6826
f 6682 6593 6737
f 6737 6826 6682
f 6682 6826 6771
f 6682 6771 6627
f 6915 6970 7059
f 7292 7258 7347
f 7292 7347 7381
f 7381 7326 7292
f 7326 7237 7292
f 7135 7224 7169
f 7169 7080 7135
f 7114 7080 7169
f 7224 7258 7169
f 6936 6991 7025
f 6991 7080 7025
f 7025 6881 6936
f 7025 6970 6881
f 7025 7080 7114
f 7114 7059 7025
f 7025 7059 6970
f 6957 7046 6902
f 6813 6868 6957
f 6957 6902 6813
f 6957 6868 7012
f 7012 7046 6957
f 6627 6483 6538
f 6449 6593 6538
f 6538 6394 6449
f 6538 6483 6394
f 6538 6682 6627
f 6593 6682 6538
f 6661 6517 6572
f 6572 6483 6627
f 6428 6483 6572
f 6572 6517 6428
f 6627 6716 6572
f 6572 6716 6661
f 7093 7127 7038
f 7072 6983 7038
f 7038 7127 7072
f 7038 6894 6949
f 6983 6894 7038
f 7449 7415 7504
f 7504 7538 7449
f 7449 7538 7483
f 6372 6461 6317
f 6317 6228 6372
f 6249 6105 6160
f 6160 6304 6249
f 6304 6393 6249
f 6249 6393 6338
f 6503 6359 6414
f 6414 6558 6503
f 6647 6592 6503
f 6503 6558 6647
f 4766 4821 4910
f 4910 4855 4766
f 4999 4855 4910
f 5054 4999 4910
f 4910 4965 5054
f 4910 4821 4965
f 4038 4182 4127
f 4182 4271 4127
f 4271 4216 4127
f 4127 3983 4038
f 4072 3983 4127
f 4127 4216 4072
f 2022 1933 2077
f 2077 2166 2022
f 2221 2166 2077
f 2077 2132 2221
f 3826 3915 3771
f 3771 3682 3826
f 3826 3970 3915
f 3881 3970 3826
f 3593 3682 3538
f 3538 3449 3593
f 3059 2915 2970
f 3203 3148 3059
f 3059 3148 3004
f 3004 2915 3059
f 3114 3203 3059
f 3059 2970 3114
f 152 186 131
f 889 978 923
f 923 834 889
f 923 978 1012
f 1012 957 923
f 800 711 766
f 677 732 766
f 766 711 677
f 879 824 790
f 879 845 934
f 879 790 845
f 934 968 879
f 968 913 879
f 913 824 879
f 34 68 47
f 55 68 34
f 34 42 55
f 21 42 34
f 5 8 13
f 8 21 13
f 18 5 13
f 21 34 13
f 170 115 136
f 136 115 102
f 136 191 170
f 157 191 136
f 123 157 136
f 136 102 123
f 65 78 44
f 65 44 52
f 52 86 65
f 65 86 99
f 99 78 65
f 91 78 112
f 91 112 125
f 70 57 91
f 57 78 91
f 104 70 91
f 91 125 104
f 44 23 31
f 52 44 31
f 31 10 18
f 31 23 10
f 31 39 52
f 18 39 31
f 1046 1190 1135
f 1224 1080 1135
f 1135 1080 991
f 991 1046 1135
f 1368 1224 1279
f 1279 1423 1368
f 1224 1135 1279
f 1279 1135 1190
f 1410 1355 1266
f 1266 1321 1410
f 1266 1355 1211
f 1211 1122 1266
f 509 475 564
f 543 454 509
f 420 475 509
f 509 454 420
f 509 564 598
f 598 543 509
f 2608 2697 2553
f 2553 2464 2608
f 2608 2752 2697
f 2663 2752 2608
f 2044 2133 1989
f 1989 1900 2044
f 2044 1900 1955
f 2188 2133 2044
f 1955 2099 2044
f 2044 2099 2188
f 1269 1358 1214
f 1269 1125 1180
f 1214 1125 1269
f 1180 1324 1269
f 1269 1324 1413
f 1413 1358 1269
f 3121 3066 2977
f 3032 3121 2977
f 2977 2888 3032
f 2833 2888 2977
f 2977 2922 2833
f 2977 3066 2922
f 330 309 275
f 296 330 275
f 275 241 296
f 220 241 275
f 275 254 220
f 309 254 275
f 296 241 262
f 262 317 296
f 283 317 262
f 2139 2283 2228
f 2228 2084 2139
f 2173 2084 2228
f 2228 2317 2173
f 2550 2406 2461
f 2406 2317 2461
f 2605 2550 2461
f 2461 2516 2605
f 2440 2495 2584
f 2673 2529 2584
f 2584 2529 2440
f 2584 2728 2673
f 2639 2495 2550
f 2639 2783 2728
f 2728 2584 2639
f 2639 2584 2495
f 2550 2694 2639
f 2694 2783 2639
f 1440 1529 1385
f 1440 1385 1296
f 1296 1351 1440
f 1351 1495 1440
f 1584 1639 1728
f 1584 1495 1639
f 1584 1440 1495
f 1529 1440 1584
f 634 689 723
f 634 723 668
f 668 579 634
f 634 579 545
f 545 600 634
f 600 689 634
f 1058 969 1113
f 1058 1113 1202
f 1202 1147 1058
f 1058 1147 1003
f 1003 969 1058
f 961 927 1016
f 93 59 80
f 46 67 80
f 80 59 46
f 127 93 114
f 93 80 114
f 2157 2301 2246
f 2013 2068 2157
f 2068 2212 2157
f 2212 2301 2157
f 2157 2102 2013
f 2157 2246 2102
f 1704 1560 1615
f 1560 1471 1615
f 1670 1759 1615
f 1615 1759 1704
f 1526 1471 1382
f 1382 1437 1526
f 1526 1615 1471
f 1526 1437 1581
f 1526 1581 1670
f 1670 1615 1526
f 4851 4796 4707
f 4618 4762 4707
f 4762 4851 4707
f 4707 4563 4618
f 4707 4796 4652
f 4652 4563 4707
f 5228 5084 5139
f 5228 5372 5317
f 5228 5283 5372
f 5228 5139 5283
f 5317 5262 5173
f 5173 5228 5317
f 5084 5228 5173
f 5029 5084 5173
f 5173 5262 5118
f 5118 5029 5173
f 4872 4817 4728
f 4728 4783 4872
f 4639 4783 4728
f 4728 4584 4639
f 4728 4817 4673
f 4673 4584 4728
f 4440 4385 4296
f 4296 4351 4440
f 4296 4241 4152
f 4296 4385 4241
f 4406 4351 4262
f 4173 4317 4262
f 4317 4406 4262
f 4118 4173 4262
f 5440 5495 5584
f 5673 5529 5584
f 5584 5529 5440
f 5584 5728 5673
f 5639 5495 5550
f 5783 5728 5639
f 5728 5584 5639
f 5639 5584 5495
f 5639 5694 5783
f 5639 5550 5694
f 3969 3825 3880
f 4024 4113 3969
f 3969 3880 4024
f 3914 3825 3969
f 4092 4181 4037
f 4037 3948 4092
f 4291 4380 4236
f 4236 4147 4291
f 4380 4325 4236
f 4236 4092 4147
f 4236 4325 4181
f 4181 4092 4236
f 7085 7140 7174
f 7085 7119 7030
f 7085 7174 7119
f 7030 6996 7085
f 6996 7051 7085
f 7051 7140 7085
f 6195 6051 6106
f 6140 6051 6195
f 6263 6407 6352
f 6263 6208 6119
f 6352 6208 6263
f 6085 5996 6140
f 6030 5941 6085
f 5941 5996 6085
f 2485 2430 2341
f 2252 2396 2341
f 2396 2485 2341
f 2341 2197 2252
f 2286 2430 2375
f 2142 2197 2286
f 2197 2341 2286
f 2286 2341 2430
f 2286 2231 2142
f 2286 2375 2231
f 2519 2574 2663
f 2519 2430 2574
f 2663 2608 2519
f 2375 2430 2519
f 2519 2464 2375
f 2519 2608 2464
f 5247 5103 5158
f 5391 5336 5247
f 5247 5336 5192
f 5192 5103 5247
f 5247 5158 5302
f 5302 5391 5247
f 5459 5370 5514
f 4836 4980 4925
f 4836 4692 4747
f 4925 4781 4836
f 4836 4781 4692
f 5035 4980 4891
f 4891 4802 4946
f 4946 5035 4891
f 4891 4747 4802
f 4891 4836 4747
f 4980 4836 4891
f 2459 2404 2315
f 2226 2370 2315
f 2315 2370 2459
f 2315 2171 2226
f 2315 2260 2171
f 2315 2404 2260
f 3370 3226 3281
f 3226 3137 3281
f 3425 3370 3281
f 3281 3336 3425
f 4030 3886 3941
f 4174 4119 4030
f 4030 4119 3975
f 3975 3886 4030
f 4030 4085 4174
f 3941 4085 4030
f 2255 2344 2200
f 2200 2111 2255
f 2056 2111 2200
f 2200 2145 2056
f 2234 2145 2289
f 2289 2378 2234
f 2145 2200 2289
f 2289 2200 2344
f 2611 2467 2522
f 2467 2378 2522
f 2522 2666 2611
f 2577 2666 2522
f 3420 3276 3331
f 3420 3564 3509
f 3331 3475 3420
f 3420 3475 3564
f 3221 3276 3365
f 3454 3310 3365
f 3365 3310 3221
f 3509 3454 3365
f 3365 3420 3509
f 3276 3420 3365
f 3064 3153 3009
f 3064 2975 3119
f 7450 7484 7395
f 7395 7361 7450
f 7306 7217 7272
f 7272 7361 7306
f 7251 7217 7306
f 7361 7395 7306
f 7340 7251 7306
f 7306 7395 7340
f 7492 7526 7437
f 7492 7458 7547
f 7492 7437 7403
f 7403 7458 7492
f 7615 7526 7581
f 7636 7670 7581
f 7581 7670 7615
f 7581 7547 7636
f 7581 7492 7547
f 7526 7492 7581
f 5826 5771 5682
f 5682 5771 5627
f 5648 5593 5504
f 5415 5559 5504
f 5504 5559 5648
f 5504 5360 5415
f 5868 6012 5957
f 5957 6012 6101
f 5758 5669 5813
f 5813 5902 5758
f 5813 5669 5724
f 5813 5957 5902
f 5813 5724 5868
f 5868 5957 5813
f 5703 5758 5847
f 5758 5902 5847
f 5737 5881 5826
f 5737 5593 5648
f 5826 5682 5737
f 5737 5682 5593
f 6347 6203 6258
f 6258 6402 6347
f 6258 6313 6402
f 6059 6203 6148
f 6148 6004 6059
f 6059 6004 5915
f 6837 6693 6748
f 6748 6659 6803
f 6604 6659 6748
f 6748 6693 6604
f 6892 6837 6748
f 6748 6803 6892
f 5382 5437 5526
f 5382 5293 5437
f 5526 5471 5382
f 5238 5293 5382
f 5471 5327 5382
f 5327 5238 5382
f 5149 5293 5238
f 5149 5005 5060
f 5060 5204 5149
f 5204 5293 5149
f 5149 5238 5094
f 5094 5005 5149
f 7202 7236 7147
f 7147 7092 7058
f 7147 7181 7092
f 7147 7236 7181
f 7113 7202 7147
f 7147 7058 7113
f 7566 7600 7511
f 7511 7477 7566
f 7511 7422 7477
f 7511 7456 7422
f 7422 7456 7367
f 7367 7333 7422
f 7435 7346 7401
f 7401 7490 7435
f 7456 7490 7401
f 7401 7346 7312
f 7312 7367 7401
f 7401 7367 7456
f 6749 6838 6694
f 6749 6694 6605
f 6605 6660 6749
f 6749 6660 6804
f 6804 6893 6749
f 6893 6838 6749
f 6914 6969 7058
f 7058 7003 6914
f 6825 6969 6914
f 6914 7003 6859
f 6914 6770 6825
f 6859 6770 6914
f 6715 6859 6804
f 6715 6770 6859
f 6804 6660 6715
f 5780 5725 5636
f 5780 5869 5725
f 5780 5636 5691
f 5924 5869 5780
f 5780 5835 5924
f 5691 5835 5780
f 6369 6280 6424
f 6369 6513 6458
f 6369 6424 6513
f 6458 6314 6369
f 6225 6170 6081
f 6225 6314 6170
f 6225 6369 6314
f 6280 6369 6225
f 6264 6175 6319
f 6264 6319 6408
f 6408 6353 6264
f 6353 6209 6264
f 6209 6120 6264
f 6120 6175 6264
f 5764 5675 5819
f 5709 5620 5764
f 5764 5620 5675
f 6086 6031 5942
f 5942 5997 6086
f 5887 5798 5942
f 5942 6031 5887
f 6052 5997 5908
f 5908 5819 5963
f 5963 6052 5908
f 5908 5764 5819
f 5929 6018 5874
f 5874 5785 5929
f 5874 6018 5963
f 5730 5785 5874
f 5963 5819 5874
f 5819 5730 5874
f 4602 4657 4746
f 4602 4513 4657
f 4602 4746 4691
f 4458 4513 4602
f 4691 4547 4602
f 4547 4458 4602
f 4280 4424 4369
f 4424 4513 4369
f 4369 4513 4458
f 4225 4280 4369
f 4369 4314 4225
f 4369 4458 4314
f 7880 7867 7901
f 7880 7846 7867
f 7880 7901 7914
f 7880 7859 7825
f 7825 7846 7880
f 7914 7893 7880
f 7893 7859 7880
f 7537 7503 7592
f 7660 7681 7715
f 7694 7660 7715
f 7715 7749 7694
f 7715 7681 7736
f 7579 7613 7524
f 7524 7490 7579
f 7435 7490 7524
f 7694 7673 7639
f 7639 7673 7584
f 7584 7550 7639
f 7584 7673 7618
f 7563 7529 7618
f 7618 7529 7584
f 7618 7652 7563
f 7618 7673 7652
f 7406 7351 7317
f 7406 7440 7351
f 7495 7440 7406
f 7304 7338 7249
f 7249 7215 7304
f 7304 7215 7270
f 7270 7359 7304
f 7325 7359 7270
f 7270 7236 7325
f 7325 7236 7291
f 7291 7380 7325
f 7414 7325 7380
f 7359 7325 7414
f 7448 7503 7537
f 7448 7414 7503
f 7359 7414 7448
f 7770 7791 7825
f 7825 7804 7770
f 7736 7791 7770
f 7770 7715 7736
f 7770 7804 7749
f 7749 7715 7770
f 7772 7793 7827
f 7827 7806 7772
f 7772 7806 7751
f 7751 7717 7772
f 7683 7662 7628
f 7683 7717 7662
f 7683 7594 7649
f 7628 7594 7683
f 7649 7704 7683
f 5668 5723 5812
f 5668 5579 5723
f 5668 5812 5757
f 5524 5579 5668
f 5668 5613 5524
f 5757 5613 5668
f 3296 3351 3440
f 3529 3385 3440
f 3440 3385 3296
f 3584 3529 3440
f 3495 3584 3440
f 3440 3351 3495
f 7600 7689 7634
f 7634 7668 7579
f 7634 7689 7668
f 7498 7587 7532
f 7477 7443 7532
f 7532 7443 7498
f 7566 7477 7532
f 7532 7621 7566
f 7532 7587 7621
f 7341 7375 7286
f 7197 7252 7286
f 7286 7252 7341
f 7286 7375 7320
f 7810 7844 7789
f 7789 7755 7810
f 7857 7836 7802
f 7747 7768 7802
f 7836 7781 7802
f 7802 7781 7747
f 7713 7768 7747
f 7713 7658 7679
f 7747 7692 7713
f 7713 7692 7658
f 7734 7679 7700
f 7734 7789 7768
f 7768 7713 7734
f 7734 7713 7679
f 7700 7755 7734
f 7755 7789 7734
f 7624 7658 7569
f 7679 7658 7624
f 7590 7679 7624
f 7624 7535 7590
f 7624 7569 7535
f 7671 7582 7637
f 7637 7692 7671
f 7637 7582 7548
f 7726 7692 7747
f 7747 7781 7726
f 7726 7781 7760
f 7671 7692 7726
f 7726 7705 7671
f 7760 7705 7726
f 7001 7090 7035
f 7035 6946 7001
f 7035 7090 7124
f 6980 6891 7035
f 6891 6946 7035
f 7124 7069 7035
f 7069 6980 7035
f 7467 7501 7412
f 7433 7522 7467
f 7556 7501 7467
f 7467 7522 7556
f 7467 7378 7433
f 7412 7378 7467
f 7488 7522 7433
f 7577 7522 7488
f 7386 7331 7297
f 7297 7352 7386
f 7386 7352 7441
f 7310 7276 7365
f 7276 7331 7365
f 7399 7344 7310
f 7310 7365 7399
f 7399 7365 7454
f 7433 7344 7399
f 7399 7488 7433
f 7454 7488 7399
f 7200 7255 7289
f 7255 7344 7289
f 7289 7234 7200
f 7289 7344 7378
f 7323 7234 7289
f 7289 7378 7323
f 7250 7161 7216
f 7195 7161 7250
f 7284 7339 7373
f 7318 7229 7284
f 7284 7373 7318
f 7229 7195 7284
f 7195 7250 7284
f 7284 7250 7339
f 6700 6844 6789
f 6878 6734 6789
f 6933 6878 6789
f 6789 6844 6933
f 6789 6734 6645
f 6645 6700 6789
f 6386 6475 6331
f 6386 6242 6297
f 6386 6331 6242
f 6297 6441 6386
f 6386 6441 6530
f 6530 6475 6386
f 5768 5823 5912
f 5857 5768 5912
f 5912 6001 5857
f 6056 6001 5912
f 5912 5967 6056
f 5912 5823 5967
f 5713 5768 5857
f 5713 5624 5768
f 5857 5802 5713
f 5713 5802 5658
f 6310 6454 6399
f 6310 6365 6454
f 6221 6365 6310
f 6310 6399 6255
f 6310 6255 6166
f 6166 6221 6310
f 6587 6443 6498
f 6498 6409 6553
f 6498 6354 6409
f 6498 6443 6354
f 6553 6642 6498
f 6642 6587 6498
f 7682 7593 7648
f 7682 7627 7593
f 7737 7716 7682
f 7716 7661 7682
f 7661 7627 7682
f 7682 7703 7737
f 7648 7703 7682
f 7004 7059 7093
f 7004 7038 6949
f 7093 7038 7004
f 6915 7059 7004
f 6949 6860 7004
f 7004 6860 6915
f 7258 7292 7203
f 7114 7169 7203
f 7203 7169 7258
f 7203 7292 7237
f 7415 7449 7360
f 7326 7415 7360
f 7360 7271 7326
f 6605 6461 6516
f 6461 6372 6516
f 6516 6660 6605
f 6283 6228 6139
f 6283 6372 6228
f 6359 6503 6448
f 6537 6393 6448
f 6448 6592 6537
f 6448 6503 6592
f 6304 6359 6448
f 6448 6393 6304
f 1988 1933 1844
f 1988 2077 1933
f 1844 1899 1988
f 2132 2077 1988
f 1988 1899 2043
f 2043 2132 1988
f 3737 3826 3682
f 3682 3593 3737
f 3737 3593 3648
f 3881 3826 3737
f 3737 3792 3881
f 3737 3648 3792
f 3504 3449 3360
f 3504 3593 3449
f 3504 3360 3415
f 3648 3593 3504
f 3415 3559 3504
f 3559 3648 3504
f 118 131 97
f 118 152 131
f 97 84 118
f 118 84 105
f 207 241 186
f 186 152 207
f 207 262 241
f 868 923 957
f 902 813 868
f 868 957 902
f 813 779 868
f 779 834 868
f 834 923 868
f 800 766 855
f 910 944 855
f 855 944 889
f 889 800 855
f 876 910 821
f 821 766 732
f 910 855 821
f 821 855 766
f 821 787 876
f 732 787 821
f 26 34 47
f 26 13 34
f 47 39 26
f 26 39 18
f 18 13 26
f 1423 1279 1334
f 1334 1245 1389
f 1334 1190 1245
f 1334 1279 1190
f 1478 1423 1334
f 1334 1389 1478
f 1177 1266 1122
f 1177 1033 1088
f 1122 1033 1177
f 1088 1232 1177
f 1232 1321 1177
f 1321 1266 1177
f 2516 2461 2372
f 2372 2283 2427
f 2427 2516 2372
f 2372 2228 2283
f 2317 2228 2372
f 2372 2461 2317
f 1673 1584 1728
f 1728 1817 1673
f 1817 1762 1673
f 1673 1762 1618
f 1618 1529 1673
f 1529 1584 1673
f 1071 1016 927
f 1160 1016 1071
f 1215 1160 1071
f 1194 1050 1105
f 1105 1016 1160
f 1105 1050 961
f 961 1016 1105
f 1249 1194 1105
f 1105 1160 1249
f 182 127 148
f 127 114 148
f 148 114 169
f 203 182 148
f 148 169 203
f 169 114 135
f 135 156 190
f 190 169 135
f 122 156 135
f 4351 4296 4207
f 4118 4262 4207
f 4207 4262 4351
f 4207 4063 4118
f 4152 4063 4207
f 4207 4296 4152
f 3914 3969 4058
f 4202 4147 4058
f 4113 4202 4058
f 4058 3969 4113
f 4147 4092 4003
f 3914 4058 4003
f 4003 4058 4147
f 3859 3914 4003
f 4003 3948 3859
f 4003 4092 3948
f 6339 6195 6250
f 6161 6305 6250
f 6250 6106 6161
f 6250 6195 6106
f 6394 6339 6250
f 6250 6305 6394
f 6284 6195 6339
f 6284 6339 6428
f 6428 6373 6284
f 6140 6195 6284
f 6407 6263 6318
f 6462 6407 6318
f 6318 6373 6462
f 5747 5692 5603
f 5658 5747 5603
f 5603 5514 5658
f 5459 5514 5603
f 5603 5548 5459
f 5603 5692 5548
f 5336 5480 5425
f 5425 5281 5336
f 5425 5370 5281
f 5425 5514 5370
f 3048 3103 3192
f 3192 3137 3048
f 3192 3281 3137
f 3336 3281 3192
f 3247 3336 3192
f 3192 3103 3247
f 2378 2289 2433
f 2433 2522 2378
f 2433 2289 2344
f 2577 2522 2433
f 2433 2488 2577
f 2344 2488 2433
f 2920 3064 3009
f 2776 2831 2920
f 2920 2831 2975
f 2975 3064 2920
f 2920 2865 2776
f 2920 3009 2865
f 3208 3064 3119
f 3352 3297 3208
f 3297 3153 3208
f 3153 3064 3208
f 3208 3263 3352
f 3119 3263 3208
f 7340 7395 7429
f 7429 7395 7484
f 7374 7340 7429
f 7429 7463 7374
f 7429 7518 7463
f 7429 7484 7518
f 5538 5682 5627
f 5538 5627 5483
f 5483 5394 5538
f 5593 5682 5538
f 6046 5957 6101
f 5902 5957 6046
f 6025 5881 5936
f 6368 6423 6512
f 6512 6457 6368
f 6457 6313 6368
f 6313 6224 6368
f 6169 6224 6313
f 6313 6258 6169
f 6203 6059 6114
f 6114 6258 6203
f 6025 6169 6114
f 6114 6169 6258
f 7579 7490 7545
f 7545 7634 7579
f 7600 7634 7545
f 7545 7511 7600
f 7456 7511 7545
f 7545 7490 7456
f 7333 7367 7278
f 7278 7223 7189
f 7312 7223 7278
f 7278 7367 7312
f 7189 7244 7278
f 7244 7333 7278
f 6681 6770 6626
f 6770 6715 6626
f 6537 6681 6626
f 6081 5992 6136
f 6136 6225 6081
f 6136 5992 6047
f 6047 6191 6136
f 6191 6280 6136
f 6280 6225 6136
f 5997 5942 5853
f 5853 5908 5997
f 5764 5908 5853
f 5709 5764 5853
f 5853 5798 5709
f 5853 5942 5798
f 7558 7592 7503
f 7558 7524 7613
f 7647 7702 7681
f 7681 7592 7647
f 7613 7668 7647
f 7668 7702 7647
f 7647 7558 7613
f 7592 7558 7647
f 7605 7639 7550
f 7605 7571 7660
f 7605 7660 7694
f 7694 7639 7605
f 7372 7406 7317
f 7372 7317 7283
f 7283 7338 7372
f 7338 7427 7372
f 7461 7372 7427
f 7406 7372 7461
f 7461 7550 7495
f 7495 7406 7461
f 7503 7414 7469
f 7469 7558 7503
f 7524 7558 7469
f 7435 7524 7469
f 7469 7380 7435
f 7469 7414 7380
f 7393 7427 7338
f 7338 7304 7393
f 7393 7304 7359
f 7359 7448 7393
f 7537 7571 7482
f 7482 7448 7537
f 7427 7393 7482
f 7482 7393 7448
f 7537 7592 7626
f 7626 7571 7537
f 7626 7592 7681
f 7626 7681 7660
f 7660 7571 7626
f 7738 7683 7704
f 7793 7772 7738
f 7738 7772 7717
f 7717 7683 7738
f 7738 7704 7759
f 7759 7793 7738
f 7231 7286 7320
f 7231 7265 7176
f 7231 7320 7265
f 7231 7176 7142
f 7142 7197 7231
f 7197 7286 7231
f 7768 7789 7823
f 7823 7802 7768
f 7857 7802 7823
f 7823 7789 7844
f 7823 7878 7857
f 7844 7878 7823
f 7603 7637 7548
f 7569 7658 7603
f 7658 7692 7603
f 7692 7637 7603
f 7548 7514 7603
f 7514 7569 7603
f 7577 7488 7543
f 7632 7577 7543
f 7543 7598 7632
f 7543 7509 7598
f 7454 7509 7543
f 7543 7488 7454
f 7420 7509 7454
f 7454 7365 7420
f 7331 7386 7420
f 7420 7365 7331
f 7148 7203 7237
f 7182 7093 7148
f 7148 7237 7182
f 7093 7059 7148
f 7148 7059 7114
f 7114 7203 7148
f 7394 7360 7449
f 7428 7339 7394
f 7394 7483 7428
f 7394 7449 7483
f 6427 6516 6372
f 6427 6283 6338
f 6372 6283 6427
f 6194 6249 6338
f 6338 6283 6194
f 6105 6249 6194
f 6050 6105 6194
f 6194 6139 6050
f 6194 6283 6139
f 139 105 160
f 139 118 105
f 262 207 228
f 249 283 228
f 283 262 228
f 982 1071 927
f 927 893 982
f 982 948 1037
f 982 893 948
f 1215 1071 1126
f 1037 1181 1126
f 1126 982 1037
f 1071 982 1126
f 1270 1215 1126
f 1126 1181 1270
f 101 114 80
f 101 135 114
f 122 135 101
f 101 80 67
f 101 88 122
f 67 88 101
f 6174 6318 6263
f 6030 6085 6174
f 6174 6119 6030
f 6174 6263 6119
f 6229 6284 6373
f 6373 6318 6229
f 6140 6284 6229
f 6318 6174 6229
f 6229 6085 6140
f 6229 6174 6085
f 5569 5425 5480
f 5569 5713 5658
f 5658 5514 5569
f 5514 5425 5569
f 5480 5624 5569
f 5624 5713 5569
f 5593 5538 5449
f 5360 5504 5449
f 5449 5504 5593
f 5305 5360 5449
f 5449 5394 5305
f 5449 5538 5394
f 6190 6046 6101
f 6190 6101 6245
f 6245 6334 6190
f 5792 5936 5881
f 5792 5648 5703
f 5703 5847 5792
f 5847 5936 5792
f 5792 5737 5648
f 5881 5737 5792
f 5991 5847 5902
f 5991 5936 5847
f 5902 6046 5991
f 5970 6114 6059
f 5826 5881 5970
f 5970 5881 6025
f 6025 6114 5970
f 5970 5915 5826
f 5970 6059 5915
f 6660 6516 6571
f 6571 6715 6660
f 6571 6626 6715
f 6516 6427 6571
f 7516 7482 7571
f 7550 7461 7516
f 7516 7461 7427
f 7427 7482 7516
f 7516 7605 7550
f 7571 7605 7516
f 7509 7420 7475
f 7475 7530 7564
f 7564 7509 7475
f 7441 7530 7475
f 7475 7386 7441
f 7475 7420 7386
f 7360 7394 7305
f 7305 7250 7216
f 7339 7250 7305
f 7305 7394 7339
f 7216 7271 7305
f 7271 7360 7305
f 173 207 152
f 152 118 173
f 118 139 173
f 173 228 207
f 6279 6368 6224
f 6279 6190 6334
f 6334 6423 6279
f 6423 6368 6279
f 6135 5991 6046
f 6046 6190 6135
f 6135 6279 6224
f 6190 6279 6135
f 5936 5991 6080
f 6025 5936 6080
f 6080 6169 6025
f 6224 6169 6080
f 6080 6135 6224
f 5991 6135 6080
f 6537 6626 6482
f 6626 6571 6482
f 6482 6393 6537
f 6482 6571 6427
f 6338 6393 6482
f 6482 6427 6338
f 228 173 194
f 160 215 194
f 194 139 160
f 194 173 139
f 194 215 249
f 249 228 194
