# Sloan beta-Gomboc, form 2, beta 0.04; cm; COM at origin; principal axes
v 3.08064 -0.02546 3.20246
v 3.16845 0.10926 3.12146
v 3.15321 -0.15065 3.12035
v 3.01528 0.09660 3.26938
v 3.27282 0.04101 3.00953
v 3.02086 -0.18748 3.24471
v 3.11076 0.25237 3.17877
v 3.26228 -0.17930 3.00286
v 2.91577 -0.00598 3.35438
v 3.28435 0.21182 2.99983
v 3.09576 -0.32019 3.15515
v 2.97681 0.26361 3.30426
v 3.36331 -0.05397 2.90203
v 2.89664 -0.20178 3.35448
v 3.19174 0.36831 3.09241
v 3.23912 -0.34205 3.00408
v 2.84761 0.13064 3.41704
v 3.38996 0.16661 2.88014
v 2.98037 -0.38902 3.25307
v 3.02490 0.41700 3.25254
v 3.38506 -0.21683 2.85880
v 2.79094 -0.10798 3.45200
v 3.30885 0.39200 2.96514
v 3.14718 -0.47367 3.07518
v 2.84555 0.30957 3.41646
v 3.46457 0.03105 2.78615
v 2.84619 -0.36648 3.37483
v 3.13068 0.52254 3.14096
v 3.34084 -0.39810 2.87984
v 2.72636 0.06083 3.51292
v 3.42908 0.32304 2.82967
v 3.00986 -0.54285 3.19482
v 2.90853 0.48679 3.35124
v 3.48791 -0.16289 2.73965
v 2.72301 -0.25460 3.49072
v 3.27049 0.55234 2.99150
v 3.23551 -0.55658 2.96270
v 2.71965 0.27198 3.51873
v 3.52371 0.16932 2.71490
v 2.85193 -0.52840 3.33966
v 3.02822 0.62286 3.22749
v 3.44824 -0.37919 2.75426
v 2.63683 -0.06661 3.57416
v 3.41738 0.49108 2.83007
v 3.08226 -0.65710 3.09631
v 2.77842 0.48785 3.45977
v 3.56917 -0.04842 2.64525
v 2.70039 -0.42241 3.48335
v 3.18734 0.68546 3.06065
v 3.34416 -0.57912 2.83355
v 2.60779 0.17228 3.60366
v 3.54316 0.33862 2.68458
v 2.90189 -0.67384 3.26161
v 2.89965 0.66921 3.33691
v 3.54993 -0.29862 2.63781
v 2.58184 -0.23143 3.59909
v 3.36137 0.65366 2.87395
v 3.18476 -0.72593 2.97062
v 2.64757 0.42738 3.56568
v 3.62225 0.11021 2.58114
v 2.72021 -0.59340 3.43374
v 3.06973 0.78050 3.16181
v 3.46054 -0.54328 2.70007
v 2.51901 0.02400 3.66306
v 3.52194 0.52133 2.69516
v 2.98828 -0.78974 3.14917
v 2.75742 0.65899 3.45681
v 3.63552 -0.16567 2.54019
v 2.56472 -0.41680 3.58533
v 3.26601 0.79534 2.95556
v 3.30646 -0.74352 2.82886
v 2.52753 0.31163 3.65787
v 3.64114 0.29839 2.55240
v 2.77965 -0.75169 3.34560
v 2.92741 0.82812 3.28486
v 3.57325 -0.45152 2.57339
v 2.46088 -0.15974 3.69010
v 3.46001 0.70106 2.74575
v 3.10322 -0.86508 3.01081
v 2.61326 0.59157 3.57553
v 3.69592 0.00968 2.46979
v 2.58720 -0.60674 3.53205
v 3.13737 0.90256 3.06822
v 3.43667 -0.70634 2.68181
v 2.42848 0.14872 3.72669
v 3.62159 0.50123 2.56239
v 2.87444 -0.88315 3.22398
v 2.77072 0.82174 3.41925
v 3.67169 -0.30855 2.46366
v 2.43898 -0.36493 3.68003
v 3.35935 0.86232 2.83359
v 3.23794 -0.89143 2.85568
v 2.47843 0.46945 3.68206
v 3.72364 0.21573 2.43330
v 2.64882 -0.78596 3.44060
v 2.98315 0.96414 3.20374
v 3.56473 -0.61381 2.54003
v 2.35893 -0.05090 3.76425
v 3.56159 0.70339 2.61224
v 2.99857 -0.97575 3.07554
v 2.61053 0.75824 3.55406
v 3.74632 -0.12178 2.37984
v 2.45653 -0.57685 3.63046
v 3.22426 0.99099 2.95371
v 3.38282 -0.86334 2.69363
v 2.36332 0.29845 3.76641
v 3.71322 0.43910 2.43536
v 2.74683 -0.94022 3.31452
v 2.81256 0.97191 3.35260
v 3.68017 -0.46853 2.41365
v 2.32538 -0.27469 3.76477
v 3.46166 0.88960 2.70062
v 3.14441 -1.01994 2.90842
v 2.45786 0.63819 3.67841
v 3.78900 0.09874 2.32938
v 2.51428 -0.78056 3.54151
v 3.06125 1.07494 3.09905
v 3.52765 -0.77860 2.53485
v 2.27696 0.08750 3.82009
v 3.66149 0.66516 2.47827
v 2.87629 -1.05691 3.15945
v 2.63599 0.92117 3.50431
v 3.77320 -0.27633 2.31198
v 2.33200 -0.50860 3.72489
v 3.32494 1.04533 2.82371
v 3.30297 -1.00906 2.73187
v 2.32331 0.46587 3.78201
v 3.79338 0.34063 2.31779
v 2.61048 -0.96167 3.41574
v 2.87882 1.10479 3.26075
v 3.66206 -0.63835 2.38948
v 2.22660 -0.15180 3.83652
v 3.56788 0.87870 2.56180
v 3.03033 -1.12562 2.98283
v 2.46437 0.81099 3.64798
v 3.83513 -0.04606 2.24304
v 2.38049 -0.73787 3.64375
v 3.15704 1.15760 2.97531
v 3.46438 -0.93960 2.55586
v 2.21645 0.24908 3.85577
v 3.75536 0.58975 2.34836
v 2.74104 -1.10699 3.25799
v 2.68699 1.07442 3.42861
v 3.77596 -0.44713 2.26716
v 2.21727 -0.40587 3.81142
v 3.43450 1.06473 2.68310
v 3.20047 -1.13859 2.79349
v 2.30858 0.64433 3.77297
v 3.85881 0.21076 2.21319
v 2.46998 -0.94781 3.52306
v 2.96582 1.21581 3.14713
v 3.61823 -0.81141 2.39063
v 2.14528 -0.00140 3.89232
v 3.67330 0.83089 2.42189
v 2.89973 -1.20522 3.07511
v 2.49669 0.98146 3.59169
v 3.86011 -0.21265 2.17652
v 2.25159 -0.65999 3.74303
v 3.26611 1.20941 2.83681
v 3.37708 -1.09105 2.60124
v 2.17878 0.42782 3.86956
v 3.83917 0.48045 2.22669
v 2.59717 -1.12457 3.36690
v 2.76096 1.21242 3.32926
v 3.75418 -0.62772 2.24614
v 2.11575 -0.27241 3.88642
v 3.54828 1.04862 2.53652
v 3.07854 -1.24744 2.87555
v 2.31912 0.82744 3.73898
v 3.90658 0.05440 2.12474
v 2.32962 -0.89910 3.63214
v 3.06989 1.30087 3.01523
v 3.54974 -0.98153 2.41640
v 2.08379 0.17143 3.92950
v 3.77350 0.74782 2.28538
v 2.75651 -1.25589 3.18153
v 2.55337 1.14349 3.51070
v 3.86242 -0.39514 2.13165
v 2.13148 -0.54924 3.83532
v 3.38412 1.22819 2.68777
v 3.26808 -1.22764 2.66896
v 2.16504 0.61778 3.86006
v 3.90927 0.34085 2.11708
v 2.44889 -1.10866 3.48205
v 2.85511 1.33005 3.20880
v 3.70783 -0.81195 2.24930
v 2.03056 -0.11216 3.94655
v 3.66175 0.99703 2.38848
v 2.94047 -1.33170 2.97499
v 2.35454 1.00901 3.68008
v 3.93421 -0.12340 2.05515
v 2.19349 -0.81647 3.73883
v 3.18723 1.35645 2.86868
v 3.45796 -1.14293 2.46574
v 2.04414 0.36148 3.94578
v 3.86434 0.63168 2.15648
v 2.60456 -1.27540 3.29834
v 2.63258 1.29135 3.40655
v 3.84100 -0.58766 2.10977
v 2.02375 -0.40835 3.91685
v 3.50670 1.21249 2.53250
v 3.13995 -1.34459 2.75674
v 2.17586 0.81301 3.82631
v 3.96242 0.17500 2.02293
v 2.30027 -1.05887 3.59935
v 2.96635 1.42277 3.07011
v 3.63732 -0.99384 2.27652
v 1.96442 0.07056 3.98882
v 3.77057 0.91073 2.24334
v 2.78970 -1.38802 3.08859
v 2.41401 1.18304 3.59682
v 3.93973 -0.31734 2.00663
v 2.06550 -0.70143 3.83914
v 3.31386 1.37979 2.71131
v 3.34466 -1.29027 2.53717
v 2.02786 0.56329 3.93933
v 3.94206 0.48531 2.03911
v 2.44780 -1.26215 3.42172
v 2.73205 1.41974 3.28127
v 3.79534 -0.78437 2.11168
v 1.93168 -0.24059 3.98414
v 3.62952 1.16167 2.37528
v 2.99556 -1.43772 2.86197
v 2.21134 1.00753 3.76792
v 3.99589 -0.01263 1.94719
v 2.15533 -0.97548 3.71480
v 3.09126 1.48667 2.91642
v 3.54359 -1.16773 2.32718
v 1.91962 0.27106 4.01067
v 3.87058 0.79127 2.10531
v 2.62980 -1.41375 3.21292
v 2.49616 1.34377 3.49032
v 3.92176 -0.52191 1.98083
v 1.94929 -0.55609 3.92927
v 3.44565 1.36891 2.54717
v 3.21204 -1.41866 2.62881
v 2.03594 0.77123 3.90885
v 4.00326 0.31220 1.93677
v 2.29015 -1.21525 3.54780
v 2.84908 1.52387 3.13734
v 3.72551 -0.97947 2.13762
v 1.85820 -0.04973 4.03405
v 3.74829 1.07596 2.22040
v 2.83803 -1.50343 2.98174
v 2.27104 1.19544 3.68504
v 4.00747 -0.21714 1.89228
v 2.01790 -0.85947 3.82448
v 3.22613 1.51860 2.75131
v 3.42808 -1.32824 2.40016
v 1.89799 0.48426 4.01003
v 3.95796 0.64100 1.97831
v 2.46449 -1.40692 3.34440
v 2.59909 1.48579 3.36221
v 3.87950 -0.73151 1.97883
v 1.84823 -0.38322 4.00570
v 3.57839 1.32272 2.38041
v 3.06266 -1.52374 2.73834
v 2.06885 0.97951 3.85361
v 4.04502 0.11645 1.85256
v 2.13551 -1.13456 3.67267
v 2.98053 1.59958 2.97772
v 3.63214 -1.16735 2.18727
v 1.80581 0.15989 4.06385
v 3.85887 0.95645 2.07202
v 2.67072 -1.53877 3.11287
v 2.35393 1.37097 3.57845
v 3.99552 -0.43327 1.86008
v 1.89167 -0.71252 3.92458
v 3.36700 1.51621 2.57862
v 3.29268 -1.47041 2.49383
v 1.90081 0.70476 3.98532
v 4.02918 0.46301 1.86596
v 2.29757 -1.36630 3.47928
v 2.72036 1.60413 3.21472
v 3.81274 -0.94047 2.00113
v 1.76539 -0.18625 4.06515
v 3.70784 1.24103 2.21524
v 2.89940 -1.60172 2.86310
v 2.12644 1.18230 3.77348
v 4.06495 -0.09732 1.78909
v 1.98771 -1.02064 3.79247
v 3.12288 1.64339 2.80577
v 3.51639 -1.34264 2.25975
v 1.77652 0.38349 4.07125
v 3.95734 0.80510 1.93413
v 2.49718 -1.54150 3.25193
v 2.45839 1.52862 3.44951
v 3.95899 -0.65559 1.85190
v 1.78009 -0.53705 4.01152
v 3.50974 1.47804 2.40239
v 3.13974 -1.58977 2.60612
v 1.92880 0.92691 3.93557
v 4.08119 0.26110 1.77149
v 2.13285 -1.29138 3.61377
v 2.85707 1.69440 3.05056
v 3.72186 -1.14319 2.04763
v 1.70341 0.03083 4.10476
v 3.82985 1.12456 2.05582
v 2.72549 -1.64944 3.00006
v 2.20794 1.37382 3.66897
v 4.06120 -0.32409 1.74841
v 1.85044 -0.87486 3.90340
v 3.27231 1.65265 2.62518
v 3.37996 -1.50029 2.35366
v 1.77188 0.61586 4.05447
v 4.04009 0.62469 1.81043
v 2.32113 -1.51009 3.39530
v 2.58223 1.66327 3.30021
v 3.89746 -0.87848 1.86843
v 1.68632 -0.33613 4.08195
v 3.65015 1.40354 2.22681
v 2.97199 -1.68233 2.73453
v 1.98207 1.14495 3.86039
v 4.11138 0.03965 1.69766
v 1.97417 -1.18243 3.74402
v 3.00587 1.75285 2.87291
v 3.60781 -1.33427 2.11767
v 1.66454 0.26346 4.12206
v 3.94042 0.97495 1.90619
v 2.54435 -1.66441 3.14594
v 2.31199 1.54847 3.54119
v 4.03250 -0.55848 1.73204
v 1.72723 -0.69928 4.00180
v 3.42477 1.62555 2.43993
v 3.22500 -1.63567 2.46710
v 1.79282 0.85148 4.01228
v 4.10389 0.41876 1.70428
v 2.14634 -1.44375 3.53925
v 2.72274 1.77029 3.13304
v 3.81110 -1.09637 1.90980
v 1.61317 -0.11350 4.13285
v 3.78404 1.29309 2.05604
v 2.79248 -1.74472 2.87619
v 2.06012 1.35306 3.76003
v 4.11772 -0.19646 1.64673
v 1.82523 -1.04047 3.86624
v 3.16305 1.77650 2.68535
v 3.47210 -1.50856 2.21003
v 1.65050 0.50661 4.11505
v 4.03580 0.79467 1.77017
v 2.35961 -1.64482 3.29721
v 2.43663 1.70097 3.39189
v 3.97820 -0.79497 1.74088
v 1.62135 -0.49670 4.08425
v 3.57605 1.56119 2.25415
v 3.05409 -1.74465 2.59774
v 1.83972 1.08461 3.94407
v 4.14596 0.19148 1.61862
v 1.97660 -1.34244 3.67996
v 2.87673 1.84567 2.95104
v 3.70064 -1.30378 1.97553
v 1.56307 0.12650 4.16157
v 3.90733 1.14800 1.89420
v 2.60457 -1.77423 3.02793
v 2.16182 1.54555 3.63536
v 4.09873 -0.44195 1.62039
v 1.68964 -0.86730 3.97670
v 3.32461 1.76321 2.49179
v 3.31671 -1.66128 2.32300
v 1.66248 0.75486 4.08230
v 4.11262 0.58701 1.65127
v 2.17501 -1.58962 3.45020
v 2.57935 1.82647 3.22338
v 3.89827 -1.02793 1.77525
v 1.53576 -0.27061 4.14758
v 3.72194 1.45961 2.07206
v 2.87017 -1.82363 2.74284
v 1.91233 1.30943 3.84983
v 4.16404 -0.05240 1.55590
v 1.81570 -1.20691 3.81361
v 3.04060 1.88610 2.75767
v 3.56742 -1.49545 2.06459
v 1.53795 0.37900 4.16593
v 4.01614 0.97045 1.74522
v 2.41182 -1.76879 3.18630
v 2.28544 1.71696 3.48791
v 4.05353 -0.69131 1.61977
v 1.57079 -0.66542 4.07190
v 3.48638 1.71173 2.29633
v 3.14410 -1.78812 2.45437
v 1.70109 1.00252 4.02292
v 4.16790 0.35595 1.55258
v 1.99435 -1.49847 3.60109
v 2.73709 1.92065 3.03853
v 3.79326 -1.25182 1.83487
v 1.47306 -0.02513 4.18898
v 3.85825 1.32178 1.89783
v 2.67651 -1.86966 2.89932
v 2.00975 1.52013 3.73021
v 4.15644 -0.30769 1.51802
v 1.66729 -1.03863 3.93644
v 3.21041 1.88909 2.55675
v 3.41325 -1.66645 2.17542
v 1.53923 0.63871 4.14426
v 4.10692 0.76348 1.61274
v 2.21793 -1.72705 3.34767
v 2.42865 1.86221 3.31980
v 3.98186 -0.93890 1.64539
v 1.47177 -0.43809 4.14852
v 3.64407 1.62174 2.10322
v 2.95708 -1.88526 2.60154
v 1.76634 1.24373 3.93669
v 4.19916 0.10611 1.47677
v 1.82145 -1.37183 3.74606
v 2.90638 1.97991 2.84068
v 3.66428 -1.46125 1.91890
v 1.43540 0.23505 4.20607
v 3.98099 1.14959 1.73552
v 2.47661 -1.88041 3.06382
v 2.13048 1.71108 3.58649
v 4.12206 -0.56889 1.50633
v 1.53486 -0.83986 4.04482
v 3.38200 1.85303 2.35237
v 3.24046 -1.81225 2.30598
v 1.56778 0.89996 4.09545
v 4.17650 0.53087 1.50008
v 2.02672 -1.64842 3.50825
v 2.58857 1.97672 3.13372
v 3.88408 -1.17906 1.69717
v 1.39536 -0.18919 4.20360
v 3.79343 1.49388 1.91671
v 2.75884 -1.94950 2.76152
v 1.85758 1.47260 3.82398
v 4.20448 -0.15741 1.42596
v 1.66003 -1.21090 3.88129
v 3.08336 2.00138 2.63356
v 3.51303 -1.65110 2.02594
v 1.42444 0.50472 4.19695
v 4.08641 0.94582 1.58894
v 2.27415 -1.85427 3.23274
v 2.27239 1.87699 3.42057
v 4.06041 -0.83032 1.52156
v 1.42167 -0.61358 4.13534
v 3.55104 1.77724 2.14880
v 3.05175 -1.92882 2.45377
v 1.62385 1.15689 4.01898
v 4.22216 0.27709 1.41010
v 1.84203 -1.53304 3.66419
v 2.76184 2.05652 2.93287
v 3.76112 -1.40628 1.77447
v 1.34392 0.07676 4.23454
v 3.93031 1.32971 1.74097
v 2.55282 -1.97825 2.93103
v 1.97354 1.68334 3.68584
v 4.18250 -0.42913 1.40173
v 1.51370 -1.01764 4.00306
v 3.26386 1.98307 2.42125
v 3.34164 -1.81666 2.15409
v 1.44129 0.77832 4.16024
v 4.17113 0.71403 1.46159
v 2.07296 -1.79034 3.40232
v 2.43280 2.01296 3.23498
v 3.97161 -1.08625 1.56385
v 1.33067 -0.36345 4.20485
v 3.71319 1.66197 1.95037
v 2.85022 -2.01270 2.61591
v 1.70706 1.40351 3.91499
v 4.24173 0.00714 1.34515
v 1.66765 -1.38183 3.81163
v 2.94469 2.09840 2.72091
v 3.61447 -1.61527 1.87605
v 1.31935 0.35469 4.23922
v 4.05079 1.13172 1.57999
v 2.34269 -1.96962 3.10651
v 2.11232 1.87041 3.52396
v 4.13250 -0.70335 1.40503
v 1.38584 -0.79476 4.10783
v 3.44354 1.92391 2.20801
v 3.15275 -1.95364 2.30099
v 1.48646 1.04995 4.09518
v 4.23220 0.45851 1.35655
v 1.87689 -1.68847 3.56868
v 2.60847 2.11471 3.03275
v 3.85639 -1.33100 1.63275
v 1.26442 -0.09381 4.25055
v 3.86418 1.50845 1.76136
v 2.63926 -2.06102 2.78919
v 1.81638 1.63391 3.78427
v 4.23360 -0.27354 1.30705
v 1.50730 -1.19647 3.94676
v 3.13299 2.09995 2.50184
v 3.44615 -1.80109 2.00018
v 1.32301 0.63910 4.21601
v 4.15127 0.90322 1.43746
v 2.13226 -1.92240 3.28422
v 2.27142 2.02865 3.34063
v 4.05436 -0.97423 1.43625
v 1.27958 -0.54571 4.19229
v 3.61799 1.82376 1.99825
v 2.94933 -2.05832 2.46387
v 1.55985 1.31359 4.00163
v 4.26719 0.18414 1.27643
v 1.68983 -1.54928 3.72792
v 2.79573 2.17863 2.81744
v 3.71607 -1.55911 1.72723
v 1.22506 0.19044 4.27009
v 3.99989 1.31884 1.58593
v 2.42251 -2.07160 2.97010
v 1.95017 1.84230 3.62826
v 4.19679 -0.55921 1.29702
v 1.36451 -0.97938 4.06591
v 3.32239 2.05969 2.27995
v 3.25864 -1.95920 2.14464
v 1.35570 0.92413 4.16387
v 4.22856 0.64829 1.31670
v 1.92544 -1.83615 3.46028
v 2.44779 2.15343 3.13875
v 3.94860 -1.23597 1.49515
v 1.19771 -0.27457 4.25344
v 3.78280 1.68349 1.79636
v 2.73473 -2.12756 2.63958
v 1.66072 1.56315 3.88011
v 4.27422 -0.10369 1.22330
v 1.51557 -1.37414 3.87616
v 2.99052 2.20192 2.59297
v 3.55248 -1.76540 1.84572
v 1.21422 0.48390 4.26159
v 4.11653 1.09618 1.42796
v 2.20376 -2.04294 3.15493
v 2.10613 2.02326 3.44903
v 4.13093 -0.84396 1.31568
v 1.24255 -0.73373 4.16561
v 3.50840 1.97708 2.05967
v 3.05482 -2.08560 2.30675
v 1.41759 1.20370 4.08237
v 4.27996 0.37169 1.22056
v 1.72615 -1.71117 3.63074
v 2.63787 2.24074 2.92171
v 3.81631 -1.48289 1.58090
v 1.14258 0.01391 4.28870
v 3.93369 1.50488 1.60664
v 2.51253 -2.15886 2.82468
v 1.78764 1.79268 3.73179
v 4.25203 -0.39924 1.19865
v 1.35777 -1.16520 4.00961
v 3.18849 2.18264 2.36362
v 3.36798 -1.94510 1.98614
v 1.23297 0.78077 4.22372
v 4.21063 0.84433 1.29101
v 1.98696 -1.97427 3.33980
v 2.28139 2.17181 3.24928
v 4.03629 -1.12185 1.36303
v 1.14443 -0.46341 4.24270
v 3.68650 1.85256 1.84552
v 2.83797 -2.17687 2.48348
v 1.50821 1.47164 3.97176
v 4.30329 0.07873 1.15140
v 1.53828 -1.54853 3.79165
v 2.83767 2.28737 2.69336
v 3.65916 -1.70961 1.69212
v 1.11608 0.31446 4.29594
v 4.06663 1.29067 1.43320
v 2.28653 -2.15041 3.01550
v 1.93859 1.99648 3.55851
v 4.19996 -0.69652 1.20335
v 1.21989 -0.92534 4.12467
v 3.38511 2.11982 2.13386
v 3.16533 -2.09390 2.14595
v 1.28178 1.07493 4.15577
v 4.27922 0.56785 1.17820
v 1.77608 -1.86558 3.52073
v 2.47256 2.28358 3.03224
v 3.91372 -1.38703 1.43846
v 1.07274 -0.17293 4.29434
v 3.85226 1.68754 1.64192
v 2.61162 -2.23018 2.67144
v 1.62644 1.72179 3.83291
v 4.29700 -0.22488 1.11097
v 1.36562 -1.35006 3.93913
v 3.04288 2.29094 2.45793
v 3.47933 -1.91109 1.82689
v 1.11959 0.62135 4.27354
v 4.17792 1.04444 1.27981
v 2.06068 -2.10113 3.20816
v 2.11090 2.16924 3.36273
v 4.11803 -0.98947 1.23767
v 1.10511 -0.65819 4.21796
v 3.57576 2.01347 1.90826
v 2.94772 -2.20808 2.32220
v 1.36047 1.36013 4.05768
v 4.31983 0.27195 1.09215
v 1.57509 -1.71761 3.69371
v 2.67575 2.35490 2.80165
v 3.76471 -1.63387 1.54080
v 1.02963 0.13258 4.31816
v 4.00143 1.48441 1.45318
v 2.37956 -2.24342 2.86700
v 1.77049 1.94821 3.66741
v 4.26015 -0.53311 1.10043
v 1.21178 -1.11836 4.06942
v 3.24895 2.25000 2.21989
v 3.27947 -2.08273 1.98282
v 1.15386 0.92850 4.22050
v 4.26429 0.77057 1.14986
v 1.83900 -2.01066 3.39865
v 2.30134 2.30620 3.14750
v 4.00685 -1.27208 1.30124
v 1.01626 -0.36804 4.28644
v 3.75585 1.86457 1.69141
v 2.71862 -2.28451 2.51161
v 1.46821 1.63007 3.93003
v 4.33059 -0.03771 1.03493
v 1.38789 -1.53187 3.85475
v 2.88671 2.38294 2.56166
v 3.59125 -1.85707 1.66830
v 1.01674 0.44750 4.31226
v 4.13007 1.24644 1.28331
v 2.14574 -2.21517 3.06630
v 1.93794 2.14528 3.47746
v 4.19246 -0.83979 1.12033
v 1.08012 -0.85677 4.17899
v 3.45118 2.16410 1.98388
v 3.06266 -2.22049 2.15706
v 1.21902 1.22958 4.13643
v 4.32298 0.47409 1.04627
v 1.62555 -1.87944 3.58292
v 2.50617 2.40327 2.91643
v 3.86767 -1.53848 1.39311
v 0.95574 -0.05982 4.32749
v 3.92096 1.67514 1.48777
v 2.48180 -2.32073 2.71056
v 1.60351 1.87858 3.77411
v 4.31027 -0.35508 1.00800
v 1.21825 -1.31067 3.99999
v 3.10088 2.36576 2.31673
v 3.39586 -2.05175 1.81873
v 1.03515 0.76580 4.27532
v 4.23462 0.97775 1.13597
v 1.91422 -2.14474 3.26532
v 2.12577 2.30787 3.26592
v 4.09428 -1.13874 1.17055
v 0.97370 -0.56934 4.26458
v 3.64486 2.03378 1.75460
v 2.83232 -2.32092 2.34641
v 1.31456 1.51818 4.02161
v 4.35180 0.16060 0.97141
v 1.42432 -1.70863 3.75690
v 2.72123 2.45715 2.67354
v 3.70230 -1.78310 1.51173
v 0.92549 0.26097 4.33894
v 4.06688 1.44808 1.30159
v 2.24121 -2.31497 2.91525
v 1.76419 2.09975 3.59186
v 4.25826 -0.67390 1.01217
v 1.06969 -1.05704 4.12571
v 3.31353 2.30244 2.07154
v 3.18148 -2.21354 1.98937
v 1.08532 1.08113 4.20665
v 4.31200 0.68319 1.01435
v 1.68911 -2.03220 3.45997
v 2.33040 2.43146 3.03619
v 3.96661 -1.42388 1.25039
v 0.89518 -0.26079 4.32333
v 3.82537 1.86061 1.53668
v 2.59215 -2.38121 2.54735
v 1.43928 1.78794 3.87702
v 4.34917 -0.16389 0.92704
v 1.23920 -1.50021 3.91661
v 2.94199 2.46540 2.42327
v 3.51307 -2.00078 1.65503
v 0.92688 0.58838 4.31915
v 4.18978 1.18724 1.13679
v 2.00092 -2.26622 3.12164
v 1.94748 2.28808 3.38589
v 4.17463 -0.98786 1.04764
v 0.94549 -0.77476 4.22849
v 3.51982 2.19302 1.83087
v 2.95145 -2.33864 2.17714
v 1.16703 1.38700 4.10619
v 4.35970 0.36824 0.92115
v 1.47451 -1.87841 3.64611
v 2.54779 2.51227 2.79218
v 3.81104 -1.68938 1.35853
v 0.84676 0.06357 4.35277
v 3.98829 1.64713 1.33458
v 2.34609 -2.39925 2.75608
v 1.59130 2.03268 3.70431
v 4.31418 -0.49305 0.91430
v 1.07391 -1.25690 4.05820
v 3.16369 2.42659 2.17028
v 3.30281 -2.18680 1.82047
v 0.96070 0.91610 4.26710
v 4.28628 0.89721 0.99686
v 1.76512 -2.17419 3.32562
v 2.14999 2.43865 3.15940
v 4.06011 -1.29067 1.11395
v 0.84855 -0.46829 4.30520
v 3.71499 2.03862 1.59949
v 2.70943 -2.42391 2.37856
v 1.27942 1.67688 3.97460
v 4.37580 0.03886 0.85846
v 1.27443 -1.68498 3.81966
v 2.77346 2.54737 2.53824
v 3.62970 -1.92977 1.49309
v 0.83014 0.39791 4.35100
v 4.12950 1.39683 1.15247
v 2.09825 -2.37367 2.96859
v 1.76809 2.24656 3.50581
v 4.24657 -0.82045 0.93369
v 0.93190 -0.98220 4.17804
v 3.38143 2.34025 1.91944
v 3.07473 -2.33705 2.00506
v 1.02708 1.23758 4.18241
v 4.35350 0.58332 0.88482
v 1.53796 -2.03938 3.52301
v 2.36782 2.54720 2.91613
v 3.91603 -1.57626 1.21003
v 0.78135 -0.14276 4.35312
v 3.89439 1.84134 1.38206
v 2.45932 -2.46687 2.58990
v 1.42091 1.94435 3.81321
v 4.35904 -0.29863 0.82775
v 1.09273 -1.45432 3.97664
v 3.00269 2.53479 2.27902
v 3.42527 -2.14003 1.65169
v 0.84642 0.73596 4.31664
v 4.24532 1.11403 0.99414
v 1.85283 -2.30382 3.18075
v 1.96651 2.42426 3.28448
v 4.14678 -1.13963 0.98503
v 0.81631 -0.68028 4.27278
v 3.59029 2.20701 1.67563
v 2.83244 -2.44799 2.20542
v 1.12547 1.54616 4.06538
v 4.38920 0.25143 0.80308
v 1.32358 -1.86306 3.70962
v 2.59662 2.61030 2.66032
v 3.74433 -1.83886 1.33423
v 0.74589 0.19616 4.37005
v 4.05366 1.60429 1.18300
v 2.20523 -2.46577 2.80718
v 1.58927 2.18327 3.62406
v 4.30883 -0.63767 0.82983
v 0.93306 -1.18959 4.11324
v 3.23051 2.47354 2.01940
v 3.20085 -2.31566 1.83147
v 0.89608 1.07117 4.24898
v 4.33253 0.80384 0.86292
v 1.61407 -2.18983 3.38832
v 2.18284 2.56106 3.04389
v 4.01587 -1.44426 1.06753
v 0.72990 -0.35605 4.33948
v 3.78544 2.02850 1.44368
v 2.57978 -2.51680 2.41789
v 1.25463 1.83524 3.91702
v 4.39174 -0.09215 0.75347
v 1.12598 -1.64729 3.88135
v 2.83168 2.62543 2.39656
v 3.54748 -2.07310 1.48434
v 0.74360 0.54232 4.35428
v 4.18878 1.33147 1.00639
v 1.95141 -2.41962 3.02626
v 1.78161 2.38793 3.40984
v 4.22528 -0.97166 0.86485
v 0.79879 -0.89470 4.22593
v 3.45190 2.36371 1.76438
v 2.95992 -2.45279 2.02918
v 0.97891 1.39680 4.14797
v 4.38851 0.47198 0.76158
v 1.38621 -2.03263 3.58707
v 2.41285 2.65303 2.78809
v 3.85552 -1.72830 1.17977
v 0.67496 -0.01497 4.37560
v 3.96227 1.80739 1.22824
v 2.32087 -2.54135 2.63850
v 1.41265 2.09838 3.73905
v 4.36019 -0.44082 0.73713
v 0.94898 -1.39491 4.03425
v 3.06804 2.59107 2.12974
v 3.32844 -2.27415 1.65768
v 0.77530 0.88918 4.30476
v 4.29623 1.02772 0.85586
v 1.70214 -2.32817 3.24286
v 1.99441 2.55318 3.17388
v 4.10915 -1.29406 0.93229
v 0.69292 -0.57427 4.31149
v 3.66186 2.20643 1.51892
v 2.70631 -2.54819 2.24121
v 1.09404 1.70607 4.01427
v 4.41128 0.12471 0.69229
v 1.17336 -1.83392 3.77277
v 2.65193 2.69710 2.52161
v 3.66801 -1.98606 1.31976
v 0.65323 0.33692 4.37915
v 4.11649 1.54732 1.03366
v 2.05996 -2.52026 2.86314
v 1.59691 2.32954 3.53386
v 4.29430 -0.78785 0.75455
v 0.79616 -1.10950 4.16459
v 3.30059 2.50673 1.86489
v 3.09059 -2.43775 1.85109
v 0.84114 1.22996 4.22108
v 4.37302 0.69857 0.73454
v 1.46175 -2.19197 3.45270
v 2.22366 2.67459 2.92007
v 3.96187 -1.59854 1.03101
v 0.61803 -0.23355 4.36713
v 3.85555 2.00390 1.28789
v 2.44408 -2.59935 2.46366
v 1.23985 1.99233 3.84924
v 4.39952 -0.23137 0.65656
v 0.97953 -1.59617 3.94136
v 2.89514 2.69118 2.24928
v 3.45613 -2.21234 1.48498
v 0.66589 0.69317 4.34872
v 4.24422 1.25280 0.86390
v 1.80138 -2.45291 3.08752
v 1.80417 2.52313 3.30452
v 4.19452 -1.12650 0.80553
v 0.67077 -0.79539 4.26894
v 3.52421 2.37303 1.60713
v 2.83768 -2.56029 2.06108
v 0.94061 1.55777 4.10353
v 4.41676 0.35017 0.64496
v 1.23447 -2.01236 3.65147
v 2.46482 2.74854 2.65278
v 3.78547 -1.87910 1.15925
v 0.57618 0.12160 4.39053
v 4.02841 1.75934 1.07588
v 2.17750 -2.60452 2.69243
v 1.41408 2.24920 3.65497
v 4.35261 -0.58943 0.65523
v 0.80847 -1.32265 4.08890
v 3.13731 2.63423 1.97619
v 3.22312 -2.40249 1.67244
v 0.71346 1.04701 4.28353
v 4.34211 0.92914 0.72242
v 1.54954 -2.33947 3.30728
v 2.03058 2.67424 3.05470
v 4.06197 -1.45018 0.88921
v 0.57564 -0.45758 4.34422
v 3.73384 2.19163 1.36148
v 2.57373 -2.63887 2.28381
v 1.07246 1.86576 3.95312
v 4.42576 -0.01091 0.58901
v 1.02445 -1.79146 3.83495
v 2.71302 2.77239 2.37679
v 3.58253 -2.13018 1.31469
v 0.56890 0.48485 4.37995
v 4.17624 1.47689 0.88716
v 1.91093 -2.56268 2.92322
v 1.61373 2.47071 3.43422
v 4.27065 -0.94257 0.68843
v 0.66366 -1.01736 4.21177
v 3.37322 2.52627 1.70751
v 2.97263 -2.55252 1.87875
v 0.79578 1.39147 4.18350
v 4.40740 0.58231 0.61212
v 1.30878 -2.18089 3.51807
v 2.27181 2.77874 2.78860
v 3.89842 -1.75258 1.00410
v 0.51318 -0.10172 4.38783
v 3.92467 1.96529 1.13279
v 2.30298 -2.67132 2.51521
v 1.23473 2.14726 3.77159
v 4.39902 -0.37779 0.56788
v 0.83562 -1.53217 3.99910
v 2.96312 2.74448 2.09715
v 3.35615 -2.34676 1.49452
v 0.59706 0.84946 4.33424
v 4.29533 1.16156 0.72553
v 1.64884 -2.47361 3.15166
v 1.83524 2.65148 3.19042
v 4.15444 -1.28396 0.75562
v 0.54821 -0.68504 4.30664
v 3.59766 2.36844 1.44843
v 2.70862 -2.65912 2.10015
v 0.91198 1.71953 4.04927
v 4.43798 0.21881 0.53527
v 1.08336 -1.97894 3.71555
v 2.52305 2.83338 2.51088
v 3.70623 -2.02781 1.14811
v 0.48521 0.26601 4.39769
v 4.09221 1.69774 0.92561
v 2.02985 -2.65624 2.75099
v 1.42477 2.39596 3.56137
v 4.33627 -0.74343 0.58209
v 0.67168 -1.23817 4.14006
v 3.20979 2.66425 1.81912
v 3.10985 -2.52442 1.69546
v 0.66088 1.20846 4.25295
v 4.38254 0.81912 0.59427
v 1.39567 -2.33788 3.37331
v 2.07443 2.78686 2.92755
v 4.00546 -1.60703 0.85560
v 0.46480 -0.33107 4.37063
v 3.80558 2.16296 1.20401
v 2.43531 -2.71971 2.33261
v 1.06046 2.02431 3.88220
v 4.43246 -0.15447 0.49346
v 0.87740 -1.73615 3.89554
v 2.77920 2.83592 2.22656
v 3.48830 -2.27044 1.31861
v 0.49300 0.63898 4.37229
v 4.23238 1.39365 0.74406
v 1.75882 -2.59300 2.98675
v 1.63926 2.60603 3.32561
v 4.23794 -1.10083 0.63142
v 0.53598 -0.91389 4.25429
v 3.44769 2.53226 1.54798
v 2.84751 -2.65945 1.91387
v 0.75988 1.55471 4.13633
v 4.43534 0.45593 0.49602
v 1.15579 -2.15686 3.58377
v 2.32666 2.87304 2.65013
v 3.82580 -1.90550 0.98654
v 0.41560 0.03855 4.40132
v 3.99219 1.91311 0.97906
v 2.15711 -2.73247 2.57187
v 1.23891 2.29915 3.68440
v 4.39017 -0.53043 0.48757
v 0.69478 -1.45584 4.05400
v 3.03492 2.78519 1.94088
v 3.24801 -2.47567 1.51248
v 0.53713 1.01022 4.31080
v 4.34166 1.05850 0.59179
v 1.49443 -2.48179 3.21802
v 1.87429 2.77233 3.06805
v 4.10519 -1.44311 0.71499
v 0.43149 -0.56444 4.33863
v 3.67159 2.35017 1.28899
v 2.57332 -2.74885 2.14577
v 0.89283 1.88113 3.98537
v 4.45193 0.07883 0.43278
v 0.93347 -1.93273 3.77870
v 2.58689 2.90718 2.36307
v 3.61816 -2.17361 1.14602
v 0.40222 0.41734 4.39686
v 4.15310 1.62316 0.77803
v 1.87857 -2.69639 2.81353
v 1.44432 2.53786 3.45868
v 4.31117 -0.90187 0.51776
v 0.53909 -1.14212 4.18720
v 3.28477 2.68113 1.65924
v 2.98914 -2.63935 1.72621
v 0.61751 1.37256 4.21307
v 4.41712 0.69847 0.47183
v 1.24115 -2.32359 3.44030
v 2.12537 2.89049 2.79301
v 3.93984 -1.76370 0.83125
v 0.36069 -0.19557 4.39037
v 3.87643 2.12076 1.04718
v 2.29166 -2.79038 2.38695
v 1.05778 2.18081 3.80178
v 4.43122 -0.30503 0.40583
v 0.73278 -1.66845 3.95394
v 2.84980 2.88746 2.07162
v 3.38573 -2.40611 1.33111
v 0.42563 0.79838 4.35605
v 4.28440 1.29825 0.60491
v 1.60426 -2.61122 3.05306
v 1.67303 2.73480 3.20851
v 4.19625 -1.26169 0.58348
v 0.41355 -0.79979 4.29170
v 3.52333 2.52482 1.38702
v 2.71580 -2.75804 1.95589
v 0.73330 1.71875 4.07970
v 4.45653 0.32029 0.38659
v 1.00339 -2.12017 3.64917
v 2.38760 2.95707 2.50528
v 3.74431 -2.05645 0.97803
v 0.32554 0.18640 4.40731
v 4.05750 1.84783 0.82732
v 2.00710 -2.78260 2.63300
v 1.25206 2.44717 3.58804
v 4.37288 -0.68835 0.41571
v 0.55750 -1.36775 4.10554
v 3.10988 2.81321 1.78118
v 3.13216 -2.59844 1.53842
v 0.48613 1.17450 4.27834
v 4.38276 0.94433 0.46313
v 1.33876 -2.47756 3.28593
v 1.92079 2.88506 2.93797
v 4.04692 -1.60302 0.68351
v 0.32096 -0.43435 4.36452
v 3.74533 2.31847 1.12948
v 2.43236 -2.82908 2.19737
v 0.88294 2.04166 3.91202
v 4.45838 -0.06889 0.33776
v 0.78537 -1.87413 3.84031
v 2.65570 2.96962 2.21002
v 3.52161 -2.31571 1.15262
v 0.32737 0.57467 4.38788
v 4.21054 1.53615 0.63372
v 1.72428 -2.72486 2.87939
v 1.47231 2.67414 3.34731
v 4.27731 -1.06380 0.46225
v 0.41114 -1.03512 4.22984
v 3.36160 2.68489 1.49727
v 2.86149 -2.74672 1.76418
v 0.58327 1.53836 4.16392
v 4.44551 0.56796 0.35550
v 1.08660 -2.29678 3.50760
v 2.18285 2.98462 2.65168
v 3.86533 -1.91934 0.81595
v 0.26361 -0.05189 4.40313
v 3.94577 2.06539 0.89164
v 2.14339 -2.85059 2.44625
v 1.06412 2.33440 3.71213
v 4.42189 -0.46168 0.32629
v 0.59109 -1.58883 4.00960
v 2.92415 2.92682 1.91265
v 3.27523 -2.53648 1.35178
v 0.36688 0.96212 4.33114
v 4.33181 1.19134 0.47021
v 1.44786 -2.61733 3.12151
v 1.71455 2.85632 3.08339
v 4.14567 -1.42424 0.54454
v 0.29675 -0.67576 4.32358
v 3.59948 2.50410 1.22531
v 2.57802 -2.84783 2.00428
v 0.71591 1.88266 4.01372
v 4.47070 0.17622 0.28414
v 0.85214 -2.07110 3.71365
v 2.45403 3.03040 2.35468
v 3.65424 -2.20461 0.97831
v 0.24319 0.34096 4.40559
v 4.12004 1.76991 0.67816
v 1.85356 -2.82151 2.69798
v 1.27382 2.59050 3.48284
v 4.34708 -0.85062 0.35240
v 0.42428 -1.26843 4.15318
v 3.18733 2.82848 1.61874
v 3.00907 -2.71443 1.57187
v 0.44405 1.34136 4.23686
v 4.41822 0.81977 0.34000
v 1.18245 -2.46100 3.35476
v 1.97422 2.98908 2.80070
v 3.97979 -1.76281 0.66102
v 0.21696 -0.29553 4.38394
v 3.81826 2.27361 0.97058
v 2.28631 -2.89946 2.25436
v 0.88210 2.20023 3.82945
v 4.45711 -0.22346 0.25042
v 0.63959 -1.80351 3.89979
v 2.72884 3.02042 2.05236
v 3.41694 -2.45338 1.16756
v 0.26080 0.73713 4.37058
v 4.26401 1.43727 0.49322
v 1.56760 -2.74157 2.94794
v 1.50834 2.80407 3.22767
v 4.23471 -1.22830 0.41555
v 0.28827 -0.91780 4.26752
v 3.43960 2.67558 1.33388
v 2.72740 -2.84599 1.80887
v 0.55811 1.70496 4.10557
v 4.46735 0.42839 0.24564
v 0.93259 -2.25768 3.57460
v 2.24629 3.06875 2.50412
v 3.78217 -2.07309 0.80946
v 0.17381 0.09915 4.40861
v 4.01301 1.99724 0.73801
v 1.99106 -2.90009 2.50988
v 1.07920 2.48424 3.61355
v 4.40434 -0.62352 0.25498
v 0.45287 -1.49778 4.06197
v 3.00162 2.95382 1.75032
v 3.15721 -2.66088 1.38021
v 0.31681 1.12929 4.29746
v 4.37417 1.07357 0.34044
v 1.29023 -2.61136 3.19146
v 1.76336 2.96995 2.95076
v 4.08628 -1.58757 0.51452
v 0.18597 -0.54251 4.34952
v 3.67548 2.47028 1.06352
v 2.43471 -2.92838 2.05847
v 0.70754 2.04554 3.93856
v 4.47756 0.02457 0.18894
v 0.70263 -2.00997 3.77662
v 2.52533 3.09268 2.19895
v 3.55588 -2.34920 0.98706
v 0.16877 0.50137 4.39592
v 4.17925 1.67983 0.53217
v 1.69706 -2.84905 2.76619
v 1.30382 2.72838 3.36919
v 4.31274 -1.01635 0.29768
v 0.29557 -1.15846 4.19644
v 3.26661 2.83094 1.45423
v 2.87920 -2.82307 1.61236
v 0.41088 1.50990 4.18636
v 4.44765 0.68556 0.22281
v 1.02610 -2.43227 3.42389
v 2.03405 3.08385 2.65680
v 3.90398 -1.92162 0.64737
v 0.11979 -0.14875 4.39656
v 3.88976 2.21587 0.81290
v 2.13573 -2.95965 2.31617
v 0.89007 2.35597 3.73789
v 4.44796 -0.38403 0.17097
v 0.49669 -1.72128 3.95659
v 2.80569 3.05933 1.89076
v 3.30452 -2.58591 1.19049
v 0.20263 0.90383 4.34482
v 4.31302 1.32712 0.35705
v 1.40911 -2.74648 3.01857
v 1.55195 2.92695 3.10022
v 4.18342 -1.39450 0.37765
v 0.17089 -0.79081 4.29981
v 3.51814 2.65329 1.16973
v 2.58737 -2.93669 1.85976
v 0.54191 1.87144 4.03812
v 4.48234 0.28054 0.14258
v 0.77972 -2.20652 3.64070
v 2.31511 3.14246 2.35094
v 3.69061 -2.22416 0.81156
v 0.09155 0.25674 4.40657
v 4.07758 1.91670 0.58689
v 1.83527 -2.93865 2.57727
v 1.10269 2.62953 3.50635
v 4.37849 -0.78967 0.19202
v 0.31860 -1.39579 4.11054
v 3.08155 2.96836 1.58529
v 3.03209 -2.77868 1.41599
v 0.27545 1.29899 4.25499
v 4.41103 0.94560 0.21607
v 1.13197 -2.59337 3.26229
v 1.81896 3.07509 2.81110
v 4.01822 -1.75083 0.49330
v 0.08156 -0.40074 4.36916
v 3.75073 2.42357 0.90229
v 2.28640 -2.99931 2.11794
v 0.70802 2.20652 3.85439
v 4.47689 -0.13385 0.10126
v 0.55539 -1.93712 3.83751
v 2.60091 3.14358 2.03871
v 3.44956 -2.48949 1.00398
v 0.10243 0.66678 4.37813
v 4.23461 1.57811 0.38989
v 1.53822 -2.86511 2.83703
v 1.34169 2.86006 3.24746
v 4.26984 -1.18465 0.25161
v 0.17183 -1.03842 4.23484
v 3.34708 2.82061 1.28830
v 2.74300 -2.92380 1.65943
v 0.38657 1.67921 4.12687
v 4.47069 0.54243 0.11194
v 0.87028 -2.39152 3.49271
v 2.09974 3.16885 2.50680
v 3.81967 -2.07863 0.64237
v 0.02974 0.00522 4.40207
v 3.95923 2.14559 0.65708
v 1.98116 -3.00935 2.38223
v 0.90660 2.50806 3.63759
v 4.43077 -0.54974 0.09959
v 0.35716 -1.62788 4.01017
v 2.88562 3.08615 1.72585
v 3.18470 -2.71261 1.22103
v 0.15294 1.07388 4.31050
v 4.35710 1.20627 0.22571
v 1.24942 -2.73958 3.09066
v 1.60272 3.04212 2.96540
v 4.12348 -1.56151 0.34850
v 0.05940 -0.65480 4.32628
v 3.59658 2.61815 1.00547
v 2.44190 -3.01835 1.91636
v 0.53454 2.03692 3.96168
v 4.49018 0.12519 0.04663
v 0.62853 -2.14355 3.70532
v 2.38874 3.20535 2.19272
v 3.59091 -2.37176 0.82198
v 0.01703 0.42005 4.39675
v 4.13891 1.82422 0.43885
v 1.67658 -2.96607 2.64783
v 1.13428 2.76948 3.39085
v 4.34424 -0.95926 0.13751
v 0.18874 -1.28337 4.15481
v 3.16332 2.97034 1.41820
v 2.90029 -2.88929 1.45868
v 0.24282 1.47033 4.20369
v 4.44201 0.80810 0.09752
v 0.97366 -2.56345 3.33341
v 1.88086 3.17117 2.66492
v 3.94161 -1.91317 0.48076
v -0.01617 -0.25119 4.38213
v 3.82462 2.36420 0.74224
v 2.13363 -3.06025 2.18214
v 0.71715 2.36474 3.76141
v 4.46848 -0.29821 0.02133
v 0.41095 -1.85289 3.89577
v 2.68016 3.18282 1.87458
v 3.33560 -2.62475 1.02875
v 0.04432 0.83635 4.35206
v 4.28561 1.46526 0.25184
v 1.37759 -2.86959 2.90990
v 1.38703 2.98484 3.11805
v 4.21838 -1.35466 0.21417
v 0.05346 -0.90891 4.26796
v 3.42811 2.79752 1.12161
v 2.60095 -3.01613 1.71259
v 0.37106 1.84842 4.05847
v 4.48701 0.39110 0.00775
v 0.71556 -2.33894 3.56065
v 2.17074 3.24364 2.35126
v 3.72708 -2.23304 0.64580
v -0.05292 0.16560 4.40021
v 4.02611 2.06310 0.50369
v 1.82318 -3.04832 2.45197
v 0.93140 2.65570 3.52883
v 4.40540 -0.71974 0.03642
v 0.22150 -1.52375 4.06002
v 2.96802 3.10072 1.55825
v 3.05787 -2.83285 1.25879
v 0.11180 1.24642 4.26755
v 4.39580 1.07534 0.09964
v 1.08909 -2.72087 3.16362
v 1.66018 3.14897 2.82367
v 4.05500 -1.72850 0.32801
v -0.04586 -0.51044 4.34657
v 3.67432 2.57030 0.84174
v 2.29149 -3.09055 1.97814
v 0.53588 2.20055 3.87640
v 4.49062 -0.03687 -0.04193
v 0.47957 -2.06908 3.76788
v 2.46661 3.25706 2.03005
v 3.48334 -2.51516 0.84046
v -0.04955 0.58827 4.37897
v 4.19648 1.72023 0.29444
v 1.51555 -2.98221 2.72096
v 1.17362 2.90337 3.26743
v 4.30156 -1.13144 0.09149
v 0.06376 -1.16108 4.19433
v 3.24630 2.95972 1.24970
v 2.76225 -2.99214 1.50786
v 0.21890 1.64245 4.14357
v 4.46671 0.66176 -0.01484
v 0.81586 -2.52172 3.40424
v 1.94855 3.25767 2.51273
v 3.85663 -2.07378 0.47674
v -0.10689 -0.09457 4.38813
v 3.89654 2.29244 0.58399
v 1.97692 -3.11089 2.25053
v 0.73469 2.51939 3.65985
v 4.45215 -0.46769 -0.05067
v 0.26983 -1.75769 3.95087
v 2.76248 3.21017 1.70716
v 3.21433 -2.75430 1.06103
v -0.00545 1.00922 4.31758
v 4.33178 1.34184 0.11851
v 1.21576 -2.86246 2.98421
v 1.43943 3.10206 2.98139
v 4.15839 -1.52553 0.18535
v -0.05913 -0.77053 4.29537
v 3.50910 2.76175 0.95479
v 2.45351 -3.09957 1.77139
v 0.36426 2.01667 3.98123
v 4.49631 0.23232 -0.08945
v 0.56249 -2.27475 3.62712
v 2.24651 3.30778 2.19074
v 3.62645 -2.38407 0.65746
v -0.12796 0.33161 4.39071
v 4.08983 1.96880 0.35331
v 1.66232 -3.07633 2.52484
v 0.96419 2.79811 3.41191
v 4.37175 -0.89320 -0.01844
v 0.09019 -1.40938 4.10565
v 3.05225 3.10291 1.38861
v 2.92444 -2.94602 1.30339
v 0.07925 1.42059 4.21593
v 4.42872 0.93497 -0.02071
v 0.92870 -2.69042 3.23687
v 1.72388 3.24692 2.67550
v 3.97806 -1.89463 0.31608
v -0.14453 -0.35843 4.36031
v 3.75074 2.50996 0.67915
v 2.13666 -3.15293 2.04460
v 0.54573 2.36148 3.78246
v 4.48342 -0.20486 -0.12287
v 0.33336 -1.98342 3.82786
v 2.54812 3.29729 1.86351
v 3.36820 -2.65364 0.86668
v -0.10803 0.76059 4.35306
v 4.24979 1.60522 0.15417
v 1.35276 -2.98695 2.79610
v 1.22033 3.03049 3.13643
v 4.25042 -1.30537 0.05400
v -0.05593 -1.02946 4.22864
v 3.32987 2.93651 1.08042
v 2.61839 -3.08672 1.56307
v 0.20364 1.81448 4.07467
v 4.48478 0.50728 -0.12062
v 0.65913 -2.46834 3.47418
v 2.02151 3.33411 2.35507
v 3.76344 -2.23187 0.48106
v -0.19035 0.06836 4.38687
v 3.96594 2.20862 0.42811
v 1.81681 -3.15095 2.32256
v 0.76041 2.66967 3.54995
v 4.42774 -0.64148 -0.11458
v 0.13252 -1.65193 4.00229
v 2.84726 3.22542 1.53707
v 3.08611 -2.87751 1.10045
v -0.04679 1.18455 4.27462
v 4.37267 1.20841 -0.00963
v 1.05329 -2.84369 3.05938
v 1.49845 3.21109 2.83790
v 4.08994 -1.69644 0.16510
v -0.16557 -0.62394 4.31669
v 3.58942 2.71343 0.78845
v 2.30117 -3.17369 1.83532
v 0.36602 2.18310 3.89529
v 4.49829 0.06685 -0.17937
v 0.41161 -2.19923 3.69158
v 2.32650 3.36090 2.02581
v 3.51801 -2.53100 0.67708
v -0.19519 0.50247 4.37337
v 4.14988 1.86310 0.20648
v 1.49913 -3.09322 2.60026
v 1.00463 2.93456 3.28716
v 4.32976 -1.06928 -0.06490
v -0.03633 -1.28526 4.14659
v 3.13773 3.09266 1.21754
v 2.78479 -3.05156 1.35440
v 0.05529 1.59553 4.15562
v 4.45545 0.78580 -0.13496
v 0.76880 -2.64833 3.30982
v 1.79331 3.33542 2.52140
v 3.89282 -2.05912 0.31259
v -0.23630 -0.19945 4.36719
v 3.82528 2.43735 0.51830
v 1.97791 -3.20515 2.11521
v 0.56390 2.51892 3.68005
v 4.46840 -0.37798 -0.19596
v 0.19041 -1.88693 3.88472
v 2.63271 3.32577 1.69371
v 3.24580 -2.78652 0.90035
v -0.15829 0.93617 4.31886
v 4.29836 1.47971 0.01854
v 1.18876 -2.98022 2.87268
v 1.27403 3.15016 2.99827
v 4.19083 -1.48021 0.02504
v -0.16993 -0.88910 4.25733
v 3.41343 2.90075 0.91097
v 2.46918 -3.17253 1.62385
v 0.19698 1.98558 3.99707
v 4.49592 0.34536 -0.21950
v 0.50402 -2.40350 3.54270
v 2.09922 3.40004 2.19247
v 3.66225 -2.38668 0.49353
v -0.26630 0.23685 4.37809
v 4.03227 2.11306 0.27516
v 1.65383 -3.18018 2.39769
v 0.79402 2.81482 3.43200
v 4.39513 -0.81876 -0.17025
v -0.00051 -1.53605 4.04956
v 2.93391 3.22844 1.36493
v 2.95131 -2.99377 1.14666
v -0.07966 1.36150 4.22310
v 4.40785 1.06558 -0.13214
v 0.89073 -2.81331 3.13485
v 1.56365 3.31134 2.68805
v 4.01310 -1.86657 0.15334
v -0.26552 -0.46977 4.33157
v 3.66848 2.65271 0.62320
v 2.14442 -3.23811 1.90389
v 0.37621 2.34690 3.80079
v 4.49272 -0.10457 -0.26175
v 0.26344 -2.11265 3.75350
v 2.41013 3.40268 1.85703
v 3.40203 -2.67310 0.70439
v -0.25442 0.67737 4.34802
v 4.20574 1.74643 0.06372
v 1.33417 -3.09883 2.67769
v 1.05238 3.06434 3.15493
v 4.27937 -1.24717 -0.10291
v -0.15763 -1.15193 4.18240
v 3.22384 3.06993 1.04566
v 2.63936 -3.14893 1.41142
v 0.03990 1.77041 4.08665
v 4.47564 0.62849 -0.24272
v 0.60994 -2.59471 3.38193
v 1.86799 3.41399 2.36186
v 3.79941 -2.22117 0.31739
v -0.32090 -0.03422 4.36691
v 3.89735 2.35274 0.35976
v 1.81576 -3.24689 2.18945
v 0.59016 2.67206 3.56940
v 4.44536 -0.55544 -0.26105
v 0.05122 -1.78000 3.93797
v 2.71978 3.34229 1.52123
v 3.11648 -2.91316 0.94112
v -0.20022 1.11420 4.27629
v 4.34171 1.34422 -0.11198
v 1.02409 -2.96198 2.95013
v 1.33431 3.26175 2.85334
v 4.12283 -1.65517 0.00458
v -0.27786 -0.74060 4.28002
v 3.49639 2.85254 0.74196
v 2.31508 -3.24914 1.68975
v 0.19880 2.15491 3.91087
v 4.49983 0.17673 -0.31118
v 0.35106 -2.32744 3.60924
v 2.18113 3.45509 2.02547
v 3.55329 -2.53747 0.51392
v -0.33452 0.41015 4.36158
v 4.09498 2.00616 0.12570
v 1.48851 -3.19840 2.47538
v 0.83522 2.95410 3.30629
v 4.35423 -0.99872 -0.21760
v -0.12882 -1.41053 4.09220
v 3.02183 3.21913 1.19134
v 2.81031 -3.10248 1.19926
v -0.10403 1.53924 4.16302
v 4.43693 0.91394 -0.24862
v 0.72864 -2.77141 3.21005
v 1.63457 3.40228 2.53229
v 3.92798 -2.03513 0.14996
v -0.35866 -0.30872 4.33967
v 3.74572 2.57981 0.45963
v 1.98374 -3.29247 1.97660
v 0.39465 2.50727 3.69792
v 4.47938 -0.28115 -0.33636
v 0.11848 -2.01535 3.81235
v 2.49684 3.43283 1.68498
v 3.27882 -2.80970 0.73912
v -0.30552 0.85553 4.31449
v 4.25693 1.61930 -0.07447
v 1.16797 -3.09307 2.75656
v 1.10707 3.18678 3.01559
v 4.22058 -1.42605 -0.13244
v -0.27331 -1.00995 4.21267
v 3.30998 3.03476 0.87357
v 2.48857 -3.23764 1.47400
v 0.03301 1.94438 4.00908
v 4.48896 0.46373 -0.34366
v 0.45267 -2.52974 3.45264
v 1.94741 3.48218 2.19739
v 3.69803 -2.38002 0.33029
v -0.39808 0.13653 4.35922
v 3.96641 2.25647 0.20409
v 1.65072 -3.27793 2.26679
v 0.62426 2.82014 3.45077
v 4.41418 -0.73645 -0.31796
v -0.08375 -1.66304 3.98712
v 2.80875 3.34668 1.34667
v 2.98058 -3.03293 0.98866
v -0.23376 1.29385 4.22527
v 4.37943 1.19933 -0.23695
v 0.85931 -2.93223 3.02790
v 1.40075 3.36468 2.70209
v 4.04646 -1.82942 -0.00744
v -0.37937 -0.58461 4.29634
v 3.57814 2.79201 0.57398
v 2.15654 -3.31615 1.76029
v 0.20897 2.32166 3.81620
v 4.49624 0.00211 -0.39540
v 0.20076 -2.24043 3.67328
v 2.26670 3.49890 1.85462
v 3.43681 -2.68353 0.54198
v -0.39484 0.58748 4.33715
v 4.15357 1.88833 -0.01976
v 1.32140 -3.20545 2.55509
v 0.88369 3.08680 3.17316
v 4.30498 -1.18056 -0.25655
v -0.25196 -1.27588 4.12978
v 3.11042 3.19744 1.01689
v 2.66351 -3.20313 1.25785
v -0.11992 1.71694 4.09436
v 4.45953 0.75415 -0.35869
v 0.56756 -2.71807 3.28444
v 1.71073 3.48339 2.37112
v 3.83472 -2.20134 0.15483
v -0.44470 -0.14145 4.34070
v 3.82055 2.49496 0.29831
v 1.81964 -3.33646 2.05295
v 0.42111 2.66341 3.58688
v 4.45809 -0.46214 -0.40303
v -0.02278 -1.90769 3.86764
v 2.58607 3.45112 1.51024
v 3.14868 -2.94015 0.78094
v -0.34837 1.03614 4.27267
v 4.30297 1.48218 -0.20762
v 1.00109 -3.07590 2.83633
v 1.16832 3.30124 2.86953
v 4.15339 -1.60512 -0.15352
v -0.38298 -0.85989 4.23701
v 3.39557 2.98719 0.70188
v 2.33286 -3.31724 1.54169
v 0.03454 2.11665 3.92299
v 4.49510 0.29221 -0.43746
v 0.29749 -2.45364 3.52141
v 2.03104 3.53959 2.02853
v 3.58888 -2.53495 0.35109
v -0.46760 0.31206 4.34387
v 4.03193 2.14887 0.05183
v 1.48332 -3.29802 2.34670
v 0.66590 2.96245 3.32445
v 4.37475 -0.92022 -0.36660
v -0.21404 -1.53652 4.03171
v 2.89902 3.33883 1.17063
v 2.83847 -3.14526 1.04258
v -0.25888 1.47433 4.16576
v 4.41111 1.04561 -0.35596
v 0.69497 -2.89103 3.10543
v 1.47289 3.45839 2.54496
v 3.96183 -2.00221 -0.01110
v -0.47414 -0.42175 4.30597
v 3.65812 2.71933 0.40763
v 1.99406 -3.37317 1.83499
v 0.22733 2.48505 3.71323
v 4.48492 -0.17774 -0.47191
v 0.05363 -2.14276 3.73430
v 2.35538 3.53118 1.68049
v 3.31307 -2.82419 0.57744
v -0.44709 0.76805 4.30463
v 4.20756 1.76002 -0.16072
v 1.15301 -3.20120 2.63627
v 0.93908 3.21226 3.03297
v 4.24734 -1.36348 -0.28707
v -0.36954 -1.13262 4.16190
v 3.19910 3.16336 0.84220
v 2.51134 -3.29521 1.32201
v -0.12736 1.89379 4.01718
v 4.47531 0.58686 -0.46200
v 0.40801 -2.65347 3.35747
v 1.79163 3.55422 2.20504
v 3.73348 -2.36446 0.16780
v -0.52338 0.03131 4.33440
v 3.89244 2.39846 0.13980
v 1.65262 -3.36981 2.13243
v 0.45537 2.81458 3.46793
v 4.42868 -0.64676 -0.46157
v -0.15987 -1.79006 3.91888
v 2.67723 3.45736 1.33339
v 3.01193 -3.06383 0.82952
v -0.38290 1.21840 4.22250
v 4.34344 1.33564 -0.33530
v 0.83405 -3.04729 2.91645
v 1.23571 3.40714 2.71717
v 4.07785 -1.78359 -0.16618
v -0.48630 -0.70237 4.25506
v 3.48001 2.92735 0.53116
v 2.17270 -3.38731 1.61404
v 0.04437 2.28640 3.82851
v 4.49379 0.11464 -0.52386
v 0.14494 -2.36664 3.58774
v 2.11836 3.58585 1.85582
v 3.47219 -2.68525 0.37955
v -0.52928 0.49161 4.32069
v 4.09339 2.03033 -0.09649
v 1.31408 -3.30702 2.42866
v 0.71479 3.09826 3.19075
v 4.32698 -1.10596 -0.40688
v -0.33924 -1.40090 4.07131
v 2.99003 3.31865 0.99370
v 2.69052 -3.24961 1.10251
v -0.27557 1.65480 4.09777
v 4.43636 0.88369 -0.46862
v 0.53158 -2.83847 3.18219
v 1.55028 3.54238 2.38242
v 3.86905 -2.17274 -0.00652
v -0.56187 -0.25271 4.30861
v 3.73577 2.63473 0.24347
v 1.82811 -3.41990 1.91335
v 0.25368 2.64428 3.60215
v 4.46568 -0.36208 -0.54051
v -0.08985 -2.03479 3.79182
v 2.44660 3.55168 1.50364
v 3.18238 -2.95878 0.62001
v -0.49115 0.95110 4.26391
v 4.25646 1.62171 -0.29671
v 0.98389 -3.18560 2.71838
v 1.00101 3.32983 2.88608
v 4.18131 -1.54669 -0.30915
v -0.48118 -0.98132 4.18815
v 3.28729 3.11693 0.66784
v 2.35420 -3.37824 1.39131
v -0.12643 2.06898 3.93155
v 4.48396 0.41274 -0.55824
v 0.25052 -2.57777 3.42861
v 1.87677 3.61435 2.03455
v 3.62445 -2.52375 0.18866
v -0.59447 0.20885 4.32053
v 3.96085 2.29063 -0.01537
v 1.48319 -3.39229 2.21452
v 0.49715 2.96005 3.34133
v 4.39103 -0.83424 -0.51188
v -0.29234 -1.66291 3.96564
v 2.76975 3.45142 1.15501
v 2.86894 -3.18015 0.88451
v -0.40906 1.40151 4.16391
v 4.37792 1.18022 -0.45708
v 0.66739 -3.00729 2.99638
v 1.30882 3.50392 2.55894
v 3.99403 -1.96069 -0.17050
v -0.58293 -0.53800 4.26650
v 3.56275 2.85538 0.36200
v 2.00853 -3.44747 1.69058
v 0.06235 2.45284 3.72578
v 4.48479 -0.06826 -0.60259
v -0.00451 -2.26903 3.65110
v 2.20882 3.62066 1.67980
v 3.34821 -2.83024 0.41543
v -0.58296 0.67444 4.28949
v 4.15030 1.90129 -0.24038
v 1.14352 -3.30478 2.51214
v 0.77058 3.22693 3.05001
v 4.27082 -1.29289 -0.43875
v -0.45892 -1.25671 4.10550
v 3.08118 3.28613 0.81646
v 2.53715 -3.34545 1.16804
v -0.28386 1.83447 4.02131
v 4.45484 0.71420 -0.57458
v 0.36967 -2.77468 3.25764
v 1.63243 3.61617 2.21495
v 3.76826 -2.34028 0.00615
v -0.64231 -0.07817 4.30399
v 3.81054 2.53847 0.08205
v 1.65919 -3.45604 1.99487
v 0.28780 2.79863 3.48320
v 4.43834 -0.55015 -0.60104
v -0.22922 -1.91688 3.84536
v 2.53982 3.56019 1.32464
v 3.04503 -3.08669 0.66936
v -0.52695 1.13583 4.21489
v 4.29985 1.47391 -0.42729
v 0.81457 -3.15862 2.80089
v 1.06909 3.43893 2.73290
v 4.10692 -1.72941 -0.32282
v -0.58652 -0.82257 4.20819
v 3.37440 3.05824 0.49440
v 2.19255 -3.45182 1.46531
v -0.11724 2.24173 3.83758
v 4.48519 0.23249 -0.64711
v 0.09559 -2.49121 3.49735
v 1.96563 3.66342 1.86017
v 3.50784 -2.67851 0.21721
v -0.65778 0.39045 4.29889
v 4.02527 2.17183 -0.16667
v 1.31186 -3.40372 2.29870
v 0.54616 3.09913 3.20737
v 4.34505 -1.02379 -0.55384
v -0.41976 -1.52668 4.00746
v 2.86306 3.43320 0.97569
v 2.72005 -3.28856 0.94555
v -0.42684 1.58467 4.09689
v 4.40603 1.01652 -0.57256
v 0.50164 -2.95596 3.07559
v 1.38719 3.59105 2.39530
v 3.90203 -2.13565 -0.16657
v -0.67259 -0.36744 4.27101
v 3.64323 2.77149 0.19497
v 1.84084 -3.49739 1.77083
v 0.08830 2.61523 3.61498
v 4.46788 -0.25574 -0.67346
v -0.15036 -2.16113 3.71102
v 2.30188 3.64375 1.50101
v 3.21722 -2.96925 0.45845
v -0.62851 0.85977 4.25017
v 4.20219 1.76219 -0.37937
v 0.97216 -3.29123 2.59660
v 0.83292 3.34780 2.90259
v 4.20626 -1.48022 -0.46219
v -0.57272 -1.10448 4.13390
v 3.17189 3.24129 0.63950
v 2.37875 -3.43233 1.23876
v -0.28382 2.01256 3.93647
v 4.46622 0.53778 -0.67352
v 0.20977 -2.69982 3.33126
v 1.71886 3.67935 2.04306
v 3.65963 -2.50410 0.02675
v -0.71521 0.10117 4.29187
v 3.88190 2.43086 -0.07610
v 1.48779 -3.48137 2.07906
v 0.32944 2.94737 3.35663
v 4.40277 -0.74119 -0.65334
v -0.36403 -1.78945 3.89447
v 2.63445 3.55657 1.14407
v 2.90138 -3.20732 0.72517
v -0.55443 1.32147 4.15753
v 4.33730 1.31717 -0.55203
v 0.64556 -3.12026 2.88327
v 1.14291 3.53900 2.57384
v 4.02422 -1.91087 -0.32813
v -0.68524 -0.65696 4.22168
v 3.45987 2.98744 0.32245
v 2.02683 -3.51554 1.54355
v -0.09993 2.41125 3.73541
v 4.47875 0.04680 -0.72837
v -0.05629 -2.39406 3.56320
v 2.05769 3.70111 1.68246
v 3.38388 -2.82805 0.25320
v -0.71313 0.57534 4.26931
v 4.08520 2.04248 -0.31360
v 1.13915 -3.40394 2.38445
v 0.60208 3.23114 3.06639
v 4.29067 -1.21465 -0.58740
v -0.54173 -1.38188 4.04395
v 2.95657 3.40267 0.79600
v 2.56567 -3.38855 1.01223
v -0.43626 1.76710 4.02148
v 4.42740 0.84516 -0.68140
v 0.33731 -2.89341 3.15355
v 1.47037 3.66807 2.22671
v 3.80198 -2.30773 -0.15452
v -0.75500 -0.19136 4.26833
v 3.72089 2.67592 0.03060
v 1.67010 -3.53678 1.85431
v 0.12200 2.77280 3.49635
v 4.44289 -0.44707 -0.73626
v -0.29215 -2.04331 3.76702
v 2.39698 3.65491 1.32003
v 3.07952 -3.10167 0.50830
v -0.66583 1.04684 4.20261
v 4.24862 1.61354 -0.51301
v 0.80053 -3.26631 2.68153
v 0.90143 3.46029 2.74887
v 4.13330 -1.66718 -0.47721
v -0.68028 -0.94478 4.15615
v 3.26160 3.18420 0.46339
v 2.21576 -3.50981 1.31424
v -0.27555 2.18827 3.84332
v 4.47022 0.35513 -0.76513
v 0.05237 -2.61411 3.40255
v 1.80906 3.73153 1.86726
v 3.54337 -2.66349 0.05506
v -0.78037 0.28459 4.27204
v 3.94933 2.31224 -0.23045
v 1.31442 -3.49567 2.16541
v 0.37830 3.08979 3.22272
v 4.35886 -0.93443 -0.69731
v -0.49384 -1.65295 3.93872
v 2.72993 3.54071 0.96249
v 2.75176 -3.32012 0.78707
v -0.57355 1.50722 4.09180
v 4.36841 1.15206 -0.67054
v 0.47739 -3.07059 2.96499
v 1.22202 3.62951 2.40936
v 3.93329 -2.09031 -0.32518
v -0.77702 -0.48514 4.22831
v 3.54314 2.90469 0.15255
v 1.85750 -3.56907 1.62557
v -0.07466 2.57678 3.62521
v 4.46442 -0.14359 -0.80177
v -0.20463 -2.28663 3.62567
v 2.15239 3.72713 1.50193
v 3.25285 -2.97172 0.29638
v -0.76039 0.76279 4.23166
v 4.14018 1.90302 -0.45571
v 0.96557 -3.39288 2.47125
v 0.66457 3.35545 2.91873
v 4.22786 -1.40603 -0.61253
v -0.65788 -1.22902 4.07471
v 3.04972 3.35982 0.61652
v 2.40618 -3.47963 1.08417
v -0.43737 1.94801 3.93772
v 4.44170 0.66678 -0.78326
v 0.17491 -2.81981 3.22975
v 1.55786 3.73455 2.05366
v 3.69404 -2.47619 -0.13451
v -0.82993 -0.01044 4.25822
v 3.79520 2.56896 -0.13056
v 1.49681 -3.56537 1.94052
v 0.16321 2.92486 3.37011
v 4.40965 -0.64149 -0.79086
v -0.42943 -1.91596 3.81866
v 2.49356 3.65398 1.13741
v 2.93543 -3.22690 0.56466
v -0.69486 1.23487 4.14676
v 4.28916 1.45586 -0.64087
v 0.62915 -3.23003 2.76638
v 0.97570 3.56382 2.58927
v 4.05200 -1.85300 -0.48386
v -0.78126 -0.77820 4.17192
v 3.34975 3.11498 0.28869
v 2.04862 -3.57749 1.39402
v -0.25916 2.36084 3.74202
v 4.46655 0.16692 -0.84915
v -0.10204 -2.51781 3.47101
v 1.90250 3.77239 1.68806
v 3.41970 -2.81777 0.09087
v -0.83763 0.47137 4.24435
v 4.01233 2.18300 -0.38051
v 1.13959 -3.49879 2.25340
v 0.43409 3.22525 3.08179
v 4.30652 -1.12910 -0.73287
v -0.61827 -1.50784 3.97769
v 2.82569 3.51255 0.78047
v 2.59656 -3.42457 0.85469
v -0.58435 1.69231 4.01771
v 4.39283 0.97918 -0.78244
v 0.31058 -3.00971 3.04553
v 1.30598 3.70998 2.23990
v 3.83426 -2.26698 -0.31408
v -0.86161 -0.30775 4.22781
v 3.62368 2.81024 -0.01475
v 1.68504 -3.61210 1.71088
v -0.04164 2.73761 3.50719
v 4.44199 -0.33796 -0.86714
v -0.34897 -2.16924 3.68429
v 2.24921 3.74127 1.31915
v 3.11502 -3.10888 0.34645
v -0.79947 0.95205 4.18583
v 4.18974 1.75391 -0.59251
v 0.79163 -3.37045 2.55859
v 0.73325 3.47145 2.76476
v 4.15662 -1.59718 -0.62922
v -0.76783 -1.06865 4.09939
v 3.14195 3.30473 0.43782
v 2.24201 -3.56136 1.16094
v -0.43026 2.12663 3.84570
v 4.44864 0.48203 -0.87782
v 0.01494 -2.73534 3.30369
v 1.64917 3.79011 1.87665
v 3.57840 -2.64034 -0.10674
v -0.89716 0.17462 4.24047
v 3.86566 2.45093 -0.28800
v 1.32146 -3.58296 2.02896
v 0.21167 3.07069 3.23655
v 4.36805 -0.83825 -0.83713
v -0.56179 -1.77950 3.86551
v 2.59107 3.64082 0.95373
v 2.78528 -3.34437 0.62718
v -0.71558 1.42309 4.08259
v 4.32341 1.28970 -0.76254
v 0.45853 -3.18244 2.85066
v 1.05531 3.65788 2.42422
v 3.96242 -2.03693 -0.48220
v -0.87537 -0.60536 4.18090
v 3.43577 3.03379 0.11597
v 1.87778 -3.63501 1.47766
v -0.23483 2.52951 3.63271
v 4.45500 -0.02612 -0.92534
v -0.25299 -2.41119 3.53616
v 1.99866 3.80164 1.50600
v 3.28886 -2.96626 0.13392
v -0.88683 0.66078 4.20863
v 4.07043 2.04356 -0.52579
v 0.96380 -3.49063 2.34252
v 0.49647 3.35309 2.93418
v 4.24572 -1.32444 -0.75999
v -0.73691 -1.35465 4.01101
v 2.92116 3.47208 0.59859
v 2.43615 -3.52017 0.92763
v -0.58686 1.87597 3.93532
v 4.41022 0.79916 -0.88740
v 0.14561 -2.93774 3.12439
v 1.39430 3.77998 2.06594
v 3.72727 -2.44016 -0.29497
v -0.93876 -0.12547 4.21995
v 3.70094 2.70433 -0.17892
v 1.50993 -3.64436 1.79901
v -0.00110 2.89300 3.38158
v 4.41132 -0.53557 -0.92430
v -0.48887 -2.04230 3.73862
v 2.34758 3.74334 1.13467
v 2.97071 -3.23893 0.40310
v -0.83029 1.14234 4.13177
v 4.23346 1.59567 -0.72360
v 0.61785 -3.33666 2.64594
v 0.80773 3.57860 2.60489
v 4.07697 -1.78732 -0.63750
v -0.87126 -0.90136 4.11765
v 3.23269 3.23748 0.26046
v 2.07359 -3.63334 1.24209
v -0.41506 2.30220 3.74554
v 4.44793 0.29159 -0.96483
v -0.14210 -2.64024 3.37488
v 1.74379 3.83439 1.69621
v 3.45525 -2.79947 -0.07141
v -0.95652 0.36310 4.21490
v 3.93176 2.32221 -0.44121
v 1.14454 -3.58939 2.11913
v 0.26707 3.20965 3.09596
v 4.31800 -1.03659 -0.87499
v -0.68882 -1.63440 3.90715
v 2.68894 3.61538 0.76953
v 2.62944 -3.45355 0.69551
v -0.72798 1.61074 4.01011
v 4.35100 1.11566 -0.87766
v 0.28917 -3.12360 2.93384
v 1.13981 3.74199 2.25415
v 3.86467 -2.21822 -0.47235
v -0.96233 -0.42690 4.18282
v 3.51913 2.94084 -0.05422
v 1.70370 -3.68205 1.56468
v -0.20274 2.69357 3.51559
v 4.43535 -0.22329 -0.99351
v -0.40001 -2.29459 3.59754
v 2.09700 3.81904 1.32163
v 3.15113 -3.10835 0.18394
v -0.92787 0.85206 4.16479
v 4.12318 1.89439 -0.66585
v 0.78755 -3.47110 2.43225
v 0.56507 3.47272 2.78024
v 4.17644 -1.51968 -0.77864
v -0.84942 -1.19389 4.03831
v 3.01579 3.41935 0.41742
v 2.27095 -3.60648 1.00550
v -0.58115 2.05743 3.84470
v 4.42025 0.61263 -0.98511
v -0.01699 -2.85489 3.20107
v 1.48651 3.83913 1.88798
v 3.61248 -2.60914 -0.26803
v -1.00826 0.06103 4.20451
v 3.77441 2.58730 -0.33944
v 1.33266 -3.66563 1.88946
v 0.04670 3.04227 3.24865
v 4.37225 -0.73566 -0.97314
v -0.62391 -1.90620 3.78823
v 2.44695 3.73322 0.94905
v 2.82023 -3.36130 0.46600
v -0.85281 1.33291 4.06942
v 4.27093 1.42884 -0.84856
v 0.44474 -3.29153 2.73280
v 0.88760 3.67635 2.43953
v 3.98899 -1.97570 -0.63744
v -0.96786 -0.72775 4.12919
v 3.32138 3.15823 0.08500
v 1.90135 -3.69519 1.32720
v -0.39189 2.47399 3.63740
v 4.43934 0.09617 -1.04403
v -0.29576 -2.53479 3.44283
v 1.84121 3.86712 1.51284
v 3.32484 -2.95294 -0.02876
v -1.00786 0.55428 4.18137
v 3.99302 2.18319 -0.58972
v 0.96656 -3.58451 2.21052
v 0.32910 3.34109 2.94867
v 4.25944 -1.23575 -0.90437
v -0.81012 -1.48115 3.94321
v 2.78661 3.57764 0.58540
v 2.46829 -3.55395 0.76925
v -0.73210 1.79705 3.92935
v 4.37158 0.93433 -0.98588
v 0.12158 -3.05366 3.01542
v 1.22875 3.81569 2.07954
v 3.75886 -2.39615 -0.45444
v -1.04188 -0.24346 4.17742
v 3.59929 2.83639 -0.22137
v 1.52686 -3.71834 1.65462
v -0.16311 2.85231 3.39089
v 4.40743 -0.42385 -1.05348
v -0.54266 -2.16837 3.65470
v 2.19698 3.82441 1.13548
v 3.00681 -3.24341 0.24063
v -0.96068 1.04447 4.11276
v 4.17014 1.73597 -0.80024
v 0.61137 -3.44018 2.52210
v 0.63953 3.58358 2.62037
v 4.09870 -1.71406 -0.78885
v -0.95547 -1.02614 4.05926
v 3.10902 3.35444 0.23750
v 2.10138 -3.68306 1.08785
v -0.56735 2.23595 3.74596
v 4.42265 0.42027 -1.07528
v -0.17677 -2.76135 3.27507
v 1.58210 3.88706 1.70652
v 3.49010 -2.77323 -0.23347
v -1.06992 0.25103 4.18130
v 3.84359 2.45948 -0.49581
v 1.15370 -3.67573 1.98174
v 0.10148 3.18477 3.10868
v 4.32471 -0.93748 -1.01354
v -0.75368 -1.76139 3.83270
v 2.54677 3.71081 0.76285
v 2.66395 -3.47546 0.53480
v -0.86703 1.52301 3.99880
v 4.30178 1.25398 -0.96701
v 0.27280 -3.23512 2.81865
v 0.97242 3.76423 2.26912
v 3.89275 -2.16159 -0.62913
v -1.05735 -0.54842 4.13372
v 3.40750 3.06717 -0.08802
v 1.72575 -3.74658 1.41579
v -0.36096 2.64126 3.52146
v 4.42264 -0.10353 -1.11521
v -0.44556 -2.41930 3.50709
v 1.94088 3.88804 1.32708
v 3.18744 -3.10009 0.02094
v -1.05107 0.74744 4.13976
v 4.04898 2.03434 -0.73306
v 0.78802 -3.56825 2.30263
v 0.39739 3.46442 2.79504
v 4.19235 -1.43495 -0.92526
v -0.92535 -1.32026 3.97332
v 2.88352 3.52761 0.40188
v 2.30223 -3.64510 0.84801
v -0.72802 1.98128 3.84039
v 4.38484 0.74636 -1.08688
v -0.04374 -2.97277 3.09490
v 1.32164 3.87861 1.90088
v 3.64518 -2.57000 -0.42862
v -1.11382 -0.05573 4.16450
v 3.67574 2.72072 -0.38494
v 1.34772 -3.74364 1.74698
v -0.11619 3.00502 3.25886
v 4.37111 -0.62705 -1.10511
v -0.68051 -2.03293 3.70722
v 2.29805 3.81759 0.94812
v 2.85621 -3.37088 0.30366
v -0.98522 1.23727 4.05249
v 4.21091 1.56883 -0.92856
v 0.43575 -3.39788 2.61154
v 0.71942 3.68514 2.45498
v 4.01254 -1.90683 -0.79066
v -1.05473 -0.85198 4.07356
v 3.20029 3.27748 0.05940
v 1.92788 -3.74955 1.17426
v -0.54558 2.41078 3.63925
v 4.41717 0.22277 -1.15767
v -0.33323 -2.65741 3.34592
v 1.68057 3.92348 1.52207
v 3.36035 -2.93175 -0.19150
v -1.12359 0.44383 4.15017
v 3.90800 2.32127 -0.64755
v 0.97357 -3.67451 2.07534
v 0.16292 3.31985 2.96199
v 4.26861 -1.14028 -1.04544
v -0.87780 -1.60835 3.87167
v 2.64648 3.67610 0.57662
v 2.50223 -3.58088 0.60912
v -0.87298 1.71187 3.91993
v 4.32566 1.07171 -1.07860
v 0.10253 -3.16756 2.90299
v 1.06174 3.84179 2.09412
v 3.78837 -2.34425 -0.61269
v -1.13950 -0.36404 4.13101
v 3.49050 2.96453 -0.25807
v 1.54726 -3.78723 1.50741
v -0.32247 2.80331 3.39793
v 4.39766 -0.30677 -1.17820
v -0.59108 -2.29412 3.56721
v 2.04228 3.89695 1.13948
v 3.04331 -3.24031 0.07740
v -1.08607 0.94183 4.09000
v 4.09921 1.87611 -0.87081
v 0.60943 -3.54057 2.39494
v 0.47159 3.57907 2.63544
v 4.11674 -1.63346 -0.93766
v -1.03417 -1.15229 3.99715
v 2.97911 3.46537 0.21954
v 2.13166 -3.72656 0.93137
v -0.71583 2.16266 3.74334
v 4.39047 0.55241 -1.18037
v -0.20633 -2.88115 3.17179
v 1.41799 3.93037 1.71865
v 3.52379 -2.73908 -0.39510
v -1.17797 0.13561 4.14387
v 3.74798 2.59419 -0.54443
v 1.16679 -3.75775 1.84127
v -0.06226 3.15107 3.11978
v 4.32626 -0.83214 -1.14829
v -0.81316 -1.88870 3.75468
v 2.39966 3.79851 0.76009
v 2.69967 -3.49020 0.37269
v -1.00146 1.42969 3.98397
v 4.24508 1.39353 -1.05043
v 0.26119 -3.34426 2.70008
v 0.80434 3.77691 2.28448
v 3.91805 -2.09726 -0.78417
v -1.14694 -0.67202 4.08091
v 3.28907 3.18866 -0.11634
v 1.75088 -3.80560 1.26427
v -0.51602 2.58122 3.52475
v 4.40358 0.02083 -1.23205
v -0.48593 -2.54335 3.41317
v 1.78138 3.94814 1.33517
v 3.22348 -3.08407 -0.14239
v -1.16915 0.63870 4.11102
v 3.96719 2.17311 -0.79419
v 0.79276 -3.66187 2.16977
v 0.23068 3.44693 2.80893
v 4.20392 -1.34330 -1.06882
v -0.99589 -1.44759 3.90476
v 2.74553 3.62908 0.39092
v 2.33546 -3.67711 0.68856
v -0.87073 1.89877 3.83289
v 4.34222 0.88264 -1.18300
v -0.06558 -3.08898 2.98533
v 1.15509 3.90862 1.91500
v 3.67601 -2.52297 -0.58827
v -1.21406 -0.17526 4.12083
v 3.56987 2.85062 -0.42462
v 1.36636 -3.81689 1.60156
v -0.27666 2.95945 3.26707
v 4.36425 -0.51284 -1.23283
v -0.73187 -2.15963 3.62277
v 2.14486 3.89371 0.95058
v 2.89279 -3.37302 0.14031
v -1.11280 1.13672 4.03203
v 4.14330 1.70904 -1.00253
v 0.43129 -3.50146 2.48696
v 0.55129 3.68452 2.47028
v 4.03263 -1.83051 -0.94161
v -1.13626 -0.97781 4.01438
v 3.07284 3.39105 0.03893
v 1.95701 -3.79796 1.01890
v -0.69566 2.34049 3.63832
v 4.38822 0.35314 -1.26609
v -0.36569 -2.77903 3.24563
v 1.51729 3.97067 1.53336
v 3.39492 -2.90271 -0.35408
v -1.23415 0.32986 4.11538
v 3.81552 2.45717 -0.69937
v 0.98455 -3.76052 1.93701
v -0.00163 3.28982 2.97396
v 4.27281 -1.03838 -1.18295
v -0.94023 -1.73614 3.79671
v 2.50125 3.76711 0.57195
v 2.53756 -3.60085 0.44735
v -1.00943 1.62101 3.90724
v 4.27232 1.21067 -1.16547
v 0.08820 -3.27942 2.78721
v 0.89382 3.85843 2.10935
v 3.81533 -2.28459 -0.76947
v -1.23184 -0.48689 4.08108
v 3.37482 3.08821 -0.28920
v 1.57085 -3.85091 1.35741
v -0.47888 2.74655 3.40266
v 4.38168 -0.18483 -1.29822
v -0.63443 -2.41950 3.47637
v 1.88401 3.96082 1.14634
v 3.07977 -3.22955 -0.08641
v -1.20653 0.83494 4.06375
v 4.02069 2.01546 -0.93529
v 0.61177 -3.63777 2.26452
v 0.30440 3.56542 2.64987
v 4.13064 -1.54578 -1.08366
v -1.10764 -1.27964 3.93163
v 2.84336 3.56983 0.20632
v 2.16404 -3.76369 0.77273
v -0.86035 2.08295 3.73775
v 4.35119 0.68742 -1.27993
v -0.23104 -2.99959 3.06518
v 1.25199 3.96437 1.73224
v 3.55584 -2.69704 -0.55606
v -1.28086 0.01725 4.10298
v 3.64510 2.72573 -0.58718
v 1.18351 -3.83534 1.69777
v -0.22379 3.10905 3.12914
v 4.32227 -0.72097 -1.27900
v -0.86754 -2.01625 3.67335
v 2.24808 3.87820 0.76093
v 2.73619 -3.49765 0.20933
v -1.13126 1.33137 3.96585
v 4.18084 1.53367 -1.12785
v 0.25409 -3.45097 2.57818
v 0.63608 3.78025 2.29997
v 3.94010 -2.02537 -0.93719
v -1.23134 -0.79742 4.02474
v 3.16418 3.30480 -0.13941
v 1.77873 -3.85893 1.11015
v -0.66769 2.51404 3.52550
v 4.37786 0.14927 -1.34381
v -0.52139 -2.66670 3.31596
v 1.61904 3.99926 1.34554
v 3.25880 -3.06024 -0.30582
v -1.28225 0.52632 4.07890
v 3.87790 2.31008 -0.84928
v 0.80150 -3.75185 2.03369
v 0.06538 3.42066 2.82173
v 4.21072 -1.24501 -1.20904
v -1.06134 -1.57575 3.83293
v 2.60228 3.72340 0.38425
v 2.37025 -3.70235 0.52727
v -1.00919 1.81049 3.82233
v 4.29227 1.02085 -1.27336
v -0.08275 -3.20349 2.87244
v 0.98742 3.92930 1.93003
v 3.70451 -2.46812 -0.74672
v -1.30920 -0.29723 4.07382
v 3.45703 2.97638 -0.45865
v 1.38825 -3.88521 1.45322
v -0.43438 2.90611 3.27322
v 4.35133 -0.39348 -1.35604
v -0.77828 -2.28625 3.53508
v 1.98792 3.96137 0.95612
v 2.92952 -3.36760 -0.02388
v -1.23565 1.03180 4.00831
v 4.06811 1.84883 -1.07044
v 0.43109 -3.60218 2.35908
v 0.38369 3.67481 2.48520
v 4.04878 -1.74696 -1.08999
v -1.21272 -1.10506 3.95197
v 2.93942 3.49845 0.02335
v 1.98840 -3.84024 0.86119
v -0.84199 2.26370 3.63466
v 4.35228 0.48672 -1.36910
v -0.39340 -2.89962 3.14207
v 1.35193 4.00871 1.54636
v 3.42807 -2.86578 -0.51626
v -1.33973 0.21280 4.07732
v 3.71572 2.59026 -0.74526
v 0.99921 -3.84242 1.79554
v -0.16418 3.25146 2.98444
v 4.27165 -0.93042 -1.31661
v -0.99770 -1.86443 3.71857
v 2.35139 3.85038 0.57108
v 2.57386 -3.61368 0.28411
v -1.14145 1.52504 3.89147
v 4.21148 1.35057 -1.24640
v 0.07832 -3.38918 2.66811
v 0.72552 3.86584 2.12495
v 3.83924 -2.21729 -0.92449
v -1.31916 -0.61173 4.02796
v 3.25258 3.20686 -0.31496
v 1.59727 -3.90917 1.20467
v -0.63209 2.68261 3.40509
v 4.35919 -0.05851 -1.41332
v -0.67297 -2.54449 3.38232
v 1.72270 4.01590 1.15571
v 3.11571 -3.21103 -0.25059
v -1.32218 0.72426 4.03433
v 3.93467 2.15337 -0.99372
v 0.61812 -3.73165 2.13081
v 0.13841 3.54303 2.66347
v 4.13996 -1.45127 -1.22654
v -1.17617 -1.40805 3.86300
v 2.70219 3.66742 0.19755
v 2.19815 -3.79425 0.61203
v -1.00083 1.99738 3.72936
v 4.30465 0.82471 -1.37380
v -0.25117 -3.11665 2.95529
v 1.08465 3.98916 1.74701
v 3.58577 -2.64714 -0.71607
v -1.37883 -0.10372 4.05896
v 3.53520 2.85350 -0.62419
v 1.20357 -3.90829 1.55122
v -0.38279 3.05923 3.13669
v 4.31239 -0.60438 -1.40537
v -0.91710 -2.14399 3.58890
v 2.09257 3.94966 0.76506
v 2.77304 -3.49766 0.04489
v -1.25649 1.22855 3.94469
v 4.10904 1.67375 -1.19923
v 0.25123 -3.55514 2.45296
v 0.46814 3.77459 2.31533
v 3.95842 -1.94611 -1.08788
v -1.31084 -0.92444 3.96550
v 3.03319 3.41510 -0.15745
v 1.80897 -3.90637 0.95350
v -0.81578 2.44030 3.52378
v 4.34526 0.28123 -1.45027
v -0.55218 -2.78933 3.21555
v 1.45441 4.04139 1.35787
v 3.29292 -3.02854 -0.46911
v -1.39055 0.41069 4.04371
v 3.78125 2.44460 -0.89839
v 0.81396 -3.83800 1.89438
v -0.09813 3.38608 2.83331
v 4.21233 -1.14044 -1.34561
v -1.12197 -1.70465 3.75807
v 2.45424 3.81023 0.38158
v 2.40619 -3.72061 0.36426
v -1.14341 1.71700 3.80894
v 4.23487 1.16036 -1.35783
v -0.09551 -3.31620 2.75624
v 0.81915 3.94085 1.94569
v 3.73018 -2.40555 -0.90365
v -1.39949 -0.42139 4.02382
v 3.33753 3.09747 -0.48718
v 1.41308 -3.94839 1.30199
v -0.58911 2.84554 3.27732
v 4.33204 -0.26945 -1.47447
v -0.82001 -2.41275 3.44429
v 1.82775 4.02044 0.96440
v 2.96593 -3.35450 -0.18867
v -1.35387 0.92297 3.98163
v 3.98541 1.98754 -1.13226
v 0.43493 -3.69989 2.22787
v 0.21708 3.65640 2.49954
v 4.06055 -1.65642 -1.23548
v -1.28439 -1.23359 3.88662
v 2.80045 3.59928 0.01239
v 2.02165 -3.87613 0.70122
v -0.98445 2.18099 3.62843
v 4.30916 0.62291 -1.46651
v -0.41659 -3.01912 3.03528
v 1.18503 4.03768 1.56078
v 3.45930 -2.82097 -0.67774
v -1.44056 0.09297 4.03632
v 3.60883 2.71993 -0.78532
v 1.01728 -3.91996 1.65090
v -0.32439 3.20530 2.99337
v 4.26475 -0.81679 -1.44611
v -1.05048 -1.99316 3.63745
v 2.19742 3.92565 0.57371
v 2.61070 -3.61918 0.11955
v -1.26908 1.42448 3.87288
v 4.14310 1.49078 -1.32129
v 0.07268 -3.49671 2.54566
v 0.55733 3.86430 2.14068
v 3.85963 -2.14248 -1.07742
v -1.40175 -0.73838 3.97196
v 3.12413 3.31999 -0.33554
v 1.62619 -3.96176 1.04922
v -0.78193 2.61207 3.40528
v 4.32992 0.07166 -1.52325
v -0.70696 -2.66903 3.28515
v 1.55892 4.06217 1.16727
v 3.15065 -3.18468 -0.41486
v -1.43321 0.61021 4.00205
v 3.84125 2.28919 -1.04612
v 0.62823 -3.82200 1.99378
v -0.02599 3.51235 2.67608
v 4.14427 -1.35027 -1.36597
v -1.24003 -1.53742 3.79149
v 2.55609 3.75779 0.19298
v 2.23356 -3.81798 0.44940
v -1.13724 1.90654 3.71834
v 4.25071 0.96365 -1.46184
v -0.26694 -3.23222 2.84210
v 0.91652 4.00493 1.76265
v 3.61308 -2.58944 -0.87482
v -1.47212 -0.22703 4.01212
v 3.41854 2.97693 -0.65558
v 1.22665 -3.97635 1.40162
v -0.53898 3.00218 3.14243
v 4.29626 -0.48284 -1.52711
v -0.96209 -2.27187 3.50146
v 1.93365 4.01275 0.77216
v 2.80978 -3.49005 -0.12039
v -1.37729 1.12173 3.92076
v 4.02971 1.81311 -1.26451
v 0.25241 -3.65660 2.32436
v 0.30098 3.76027 2.33035
v 3.97255 -1.85969 -1.23590
v -1.38571 -1.05293 3.90348
v 2.89652 3.51912 -0.17069
v 1.84121 -3.94762 0.79441
v -0.96021 2.36060 3.51969
v 4.30557 0.41615 -1.55124
v -0.57855 -2.91115 3.11195
v 1.28805 4.07459 1.37185
v 3.32533 -2.98893 -0.63194
v -1.49427 0.29216 4.00577
v 3.67745 2.57605 -0.94159
v 0.82988 -3.92008 1.75179
v -0.25949 3.34370 2.84356
v 4.20836 -1.02994 -1.47820
v -1.17806 -1.83422 3.68034
v 2.30192 3.88930 0.38261
v 2.44284 -3.73166 0.19972
v -1.27343 1.61885 3.79293
v 4.16997 1.30054 -1.43629
v -0.10407 -3.42700 2.63669
v 0.65080 3.94354 1.96172
v 3.75253 -2.33535 -1.05872
v -1.48521 -0.54751 3.97110
v 3.21172 3.21335 -0.51040
v 1.44053 -4.00612 1.14788
v -0.74065 2.77834 3.27940
v 4.30608 -0.14127 -1.58786
v -0.85728 -2.53907 3.35046
v 1.66492 4.07087 0.97511
v 3.00155 -3.33357 -0.35381
v -1.46764 0.81066 3.95228
v 3.89529 2.12453 -1.18801
v 0.44254 -3.79437 2.09326
v 0.05186 3.62974 2.51315
v 4.06750 -1.55915 -1.37772
v -1.35155 -1.36328 3.81852
v 2.65639 3.69315 0.00582
v 2.05638 -3.90537 0.53911
v -1.12303 2.09293 3.61979
v 4.25871 0.76112 -1.55814
v -0.43549 -3.13742 2.92522
v 1.01713 4.05774 1.57632
v 3.48813 -2.76827 -0.83820
v -1.53689 -0.02933 3.99268
v 3.49510 2.84559 -0.81967
v 1.03845 -3.99287 1.50310
v -0.48199 3.15189 3.00071
v 4.25175 -0.69791 -1.57114
v -1.09883 -2.12227 3.55343
v 2.03987 3.99275 0.57953
v 2.64760 -3.61714 -0.04610
v -1.39244 1.31982 3.85173
v 4.06721 1.63065 -1.39009
v 0.07105 -3.60183 2.41980
v 0.38972 3.85418 2.15634
v 3.87602 -2.06035 -1.22789
v -1.47987 -0.86668 3.91333
v 2.98986 3.42713 -0.35116
v 1.65725 -4.00836 0.89114
v -0.92829 2.53552 3.40334
v 4.29365 0.20512 -1.62777
v -0.73661 -2.79304 3.18486
v 1.39320 4.09965 1.18073
v 3.18409 -3.15038 -0.57894
v -1.53983 0.49315 3.96721
v 3.74063 2.42230 -1.09253
v 0.64185 -3.90856 1.85339
v -0.18845 3.47389 2.68763
v 4.14317 -1.24309 -1.50161
v -1.29950 -1.66768 3.71723
v 2.40554 3.84065 0.19231
v 2.26986 -3.83462 0.28502
v -1.26963 1.81095 3.70492
v 4.18931 1.10363 -1.54390
v -0.27856 -3.34616 2.72556
v 0.74810 4.01193 1.77891
v 3.63728 -2.52400 -1.03194
v -1.56101 -0.35246 3.96274
v 3.29546 3.09547 -0.68153
v 1.25245 -4.03920 1.24900
v -0.69217 2.93846 3.14638
v 4.27359 -0.35683 -1.64394
v -1.00276 -2.39982 3.41105
v 1.77188 4.06737 0.78192
v 2.84593 -3.47465 -0.28627
v -1.49380 1.01133 3.89437
v 3.94295 1.95112 -1.32368
v 0.25737 -3.75512 2.19231
v 0.13503 3.73774 2.34489
v 3.98204 -1.76634 -1.38088
v -1.45623 -1.18278 3.83886
v 2.75461 3.61645 -0.17937
v 1.87507 -3.98237 0.63297
v -1.10093 2.27549 3.51342
v 4.25861 0.55343 -1.64649
v -0.60070 -3.03206 3.00512
v 1.12049 4.09901 1.38720
v 3.35553 -2.94137 -0.79400
v -1.59365 0.17103 3.96538
v 3.56675 2.70384 -0.97897
v 0.84898 -3.99779 1.60591
v -0.41844 3.29408 2.85247
v 4.19844 -0.91393 -1.60648
v -1.22986 -1.96441 3.59983
v 2.14585 3.96042 0.38705
v 2.47975 -3.73524 0.03385
v -1.39935 1.51652 3.77456
v 4.09756 1.44073 -1.50864
v -0.10865 -3.53566 2.51370
v 0.48283 3.93771 1.97792
v 3.77109 -2.25766 -1.21156
v -1.56663 -0.67544 3.91591
v 3.07997 3.32354 -0.52850
v 1.47024 -4.05807 0.99096
v -0.88888 2.70510 3.27958
v 4.27322 -0.00947 -1.69593
v -0.89033 -2.66512 3.25356
v 1.49996 4.11268 0.98796
v 3.03588 -3.30470 -0.51900
v -1.57718 0.69523 3.92056
v 3.79791 2.25916 -1.23771
v 0.45370 -3.88533 1.95519
v -0.11161 3.59531 2.52592
v 4.06919 -1.45548 -1.51634
v -1.41447 -1.49406 3.74780
v 2.50772 3.77977 0.00334
v 2.09216 -3.92763 0.37503
v -1.25777 2.00008 3.60895
v 4.20083 0.90071 -1.64383
v -0.45029 -3.25438 2.81180
v 0.84875 4.06913 1.59273
v 3.51405 -2.70773 -0.99726
v -1.62899 -0.15390 3.94667
v 3.37485 2.96670 -0.84844
v 1.06244 -4.06080 1.35211
v -0.63677 3.09180 3.00650
v 4.23234 -0.57427 -1.69138
v -1.14298 -2.25169 3.46653
v 1.87928 4.05158 0.58824
v 2.68411 -3.60734 -0.21258
v -1.51170 1.21149 3.82830
v 3.98388 1.76952 -1.45273
v 0.07322 -3.70428 2.29043
v 0.22312 3.83589 2.17174
v 3.88796 -1.97109 -1.37552
v -1.55381 -0.99650 3.85223
v 2.85022 3.52787 -0.36204
v 1.69008 -4.04864 0.73052
v -1.07111 2.45353 3.39941
v 4.25019 0.34128 -1.72664
v -0.76212 -2.91641 3.08136
v 1.22610 4.12848 1.19580
v 3.21554 -3.10808 -0.74246
v -1.64229 0.37336 3.93008
v 3.63303 2.55210 -1.13302
v 0.65871 -3.99099 1.70958
v -0.34867 3.42818 2.69805
v 4.13627 -1.13013 -1.63310
v -1.35481 -1.79877 3.64030
v 2.25107 3.91578 0.19526
v 2.30660 -3.84388 0.11907
v -1.39810 1.71112 3.68934
v 4.12042 1.24398 -1.61985
v -0.28621 -3.45824 2.60555
v 0.57988 4.01048 1.79558
v 3.65788 -2.45091 -1.18705
v -1.64578 -0.47985 3.91103
v 3.16633 3.20864 -0.70221
v 1.28064 -4.09647 1.09339
v -0.84224 2.86867 3.14864
v 4.24413 -0.22688 -1.75555
v -1.03929 -2.52775 3.31764
v 1.60781 4.11354 0.79405
v 2.88098 -3.45129 -0.45243
v -1.60627 0.89771 3.86578
v 3.84891 2.08713 -1.37673
v 0.26591 -3.85037 2.05670
v -0.02936 3.70747 2.35883
v 3.98645 -1.66635 -1.52242
v -1.52266 -1.31390 3.77174
v 2.60795 3.70679 -0.18375
v 1.91016 -4.01028 0.46933
v -1.23799 2.18554 3.50515
v 4.20428 0.69244 -1.73582
v -0.61880 -3.15188 2.89494
v 0.95227 4.11485 1.40366
v 3.38304 -2.88586 -0.95489
v -1.68898 0.04751 3.92277
v 3.44944 2.82741 -1.01064
v 0.87098 -4.07073 1.45670
v -0.57475 3.23777 2.86004
v 4.18224 -0.79285 -1.73010
v -1.27757 -2.09513 3.51652
v 1.98657 4.02347 0.39459
v 2.51645 -3.73111 -0.13308
v -1.52135 1.41045 3.75411
v 4.01769 1.58030 -1.57481
v -0.10943 -3.64193 2.38713
v 0.31568 3.92376 1.99411
v 3.78537 -2.17266 -1.36176
v -1.64403 -0.80506 3.85840
v 2.94272 3.42762 -0.54169
v 1.50186 -4.10385 0.83130
v -1.03377 2.62638 3.27797
v 4.23326 0.12538 -1.79842
v -0.91932 -2.79078 3.15349
v 1.33344 4.14597 1.00265
v 3.06842 -3.26776 -0.68387
v -1.68273 0.57699 3.88673
v 3.69351 2.39082 -1.28139
v 0.46815 -3.97239 1.81359
v -0.27302 3.55365 2.53780
v 4.06525 -1.34575 -1.65097
v -1.47337 -1.62587 3.67451
v 2.35498 3.85888 0.00470
v 2.12856 -3.94260 0.20917
v -1.38876 1.90293 3.59614
v 4.13550 1.04104 -1.72341
v -0.46116 -3.36974 2.69489
v 0.68038 4.07216 1.60978
v 3.53657 -2.63940 -1.15453
v -1.71713 -0.28055 3.89849
v 3.24846 3.08275 -0.87179
v 1.08893 -4.12333 1.19796
v -0.78861 3.02563 3.01079
v 4.20624 -0.44636 -1.80651
v -1.18311 -2.38133 3.37669
v 1.71621 4.10213 0.59954
v 2.71973 -3.58957 -0.37957
v -1.62708 1.09988 3.80285
v 3.89322 1.90675 -1.50919
v 0.07898 -3.80372 2.15742
v 0.05790 3.80990 2.18677
v 3.89500 -1.87496 -1.51991
v -1.62381 -1.12779 3.78878
v 2.70570 3.62187 -0.36844
v 1.72429 -4.08219 0.56749
v -1.21044 2.36665 3.39369
v 4.19943 0.47953 -1.81964
v -0.78366 -3.03894 2.97452
v 1.05815 4.14885 1.21222
v 3.24449 -3.05772 -0.90507
v -1.74087 0.25109 3.89091
v 3.51875 2.67800 -1.16769
v 0.67856 -4.06888 1.56230
v -0.50643 3.37579 2.70735
v 4.12324 -1.01180 -1.76006
v -1.40618 -1.93061 3.56066
v 2.09323 3.98304 0.20153
v 2.34333 -3.84547 -0.04816
v -1.52282 1.60750 3.67184
v 4.04408 1.38407 -1.68959
v -0.29008 -3.56819 2.48192
v 0.41229 4.00099 1.81247
v 3.67440 -2.37033 -1.33973
v -1.72668 -0.60907 3.85715
v 3.03158 3.31599 -0.71781
v 1.31087 -4.14773 0.93486
v -0.98912 2.79340 3.14932
v 4.20765 -0.09353 -1.86165
v -1.07187 -2.65553 3.22110
v 1.44199 4.15133 0.80825
v 2.91446 -3.41982 -0.61852
v -1.71492 0.78119 3.83525
v 3.74778 2.22052 -1.42367
v 0.27780 -3.94198 1.91745
v -0.19187 3.67000 2.37209
v 3.98539 -1.56005 -1.66014
v -1.58523 -1.44624 3.70216
v 2.45707 3.78986 -0.18410
v 1.94604 -4.03098 0.30371
v -1.37147 2.09124 3.49509
v 4.14253 0.83257 -1.81906
v -0.63303 -3.27038 2.78124
v 0.78386 4.12243 1.42100
v 3.40735 -2.82242 -1.11421
v -1.78052 -0.07821 3.87815
v 3.32588 2.94623 -1.03676
v 0.89558 -4.13848 1.30418
v -0.72829 3.17537 2.86633
v 4.15947 -0.66718 -1.84872
v -1.32139 -2.22629 3.43034
v 1.82464 4.07842 0.40496
v 2.55248 -3.71902 -0.30076
v -1.63965 1.30103 3.73180
v 3.93050 1.71859 -1.63474
v -0.10660 -3.74544 2.25685
v 0.14974 3.90217 2.01015
v 3.79495 -2.08057 -1.50891
v -1.71766 -0.93630 3.79865
v 2.80044 3.52524 -0.55021
v 1.53501 -4.14304 0.66905
v -1.17532 2.54275 3.27476
v 4.18606 0.26268 -1.89508
v -0.94441 -2.91586 3.05009
v 1.16588 4.17093 1.01891
v 3.09867 -3.22269 -0.84805
v -1.78458 0.45616 3.85100
v 3.58235 2.51894 -1.31914
v 0.48567 -4.05515 1.66839
v -0.43215 3.50534 2.54876
v 4.05532 -1.23038 -1.78122
v -1.52847 -1.75862 3.59861
v 2.19871 3.93035 0.00959
v 2.16514 -3.94995 0.04178
v -1.51617 1.80193 3.58159
v 4.06273 1.18148 -1.79676
v -0.46827 -3.48322 2.57431
v 0.51246 4.06721 1.62728
v 3.55521 -2.56339 -1.30958
v -1.80158 -0.40917 3.84827
v 3.11633 3.19327 -0.88989
v 1.11758 -4.18003 1.04072
v -0.93744 2.95396 3.01371
v 4.17324 -0.31473 -1.91621
v -1.21938 -2.51105 3.28377
v 1.55122 4.14447 0.61314
v 2.75399 -3.56366 -0.54673
v -1.73883 0.98529 3.77563
v 3.79545 2.04172 -1.55947
v 0.08814 -3.89976 2.02067
v -0.10562 3.77674 2.20134
v 3.89674 -1.77227 -1.66063
v -1.69010 -1.26044 3.72296
v 2.55679 3.70886 -0.37061
v 1.75948 -4.10864 0.40226
v -1.34637 2.27540 3.38636
v 4.14128 0.61926 -1.90656
v -0.80137 -3.16040 2.86415
v 0.88983 4.16107 1.22974
v 3.27046 -2.99932 -1.06631
v -1.83585 0.12651 3.84986
v 3.39813 2.79949 -1.19666
v 0.70111 -4.14177 1.41154
v -0.66159 3.31733 2.71557
v 4.10377 -0.88858 -1.88212
v -1.45377 -2.06309 3.47821
v 1.93256 4.04239 0.21085
v 2.37959 -3.83911 -0.21638
v -1.64400 1.50047 3.65267
v 3.96040 1.52325 -1.75305
v -0.29033 -3.67563 2.35450
v 0.24572 3.98391 1.82944
v 3.68640 -2.28245 -1.48954
v -1.80398 -0.74005 3.80114
v 2.89168 3.41715 -0.72855
v 1.34279 -4.19254 0.77354
v -1.13285 2.71320 3.14858
v 4.16402 0.04261 -1.96198
v -1.10063 -2.78297 3.12124
v 1.27495 4.18093 0.82426
v 2.94587 -3.38013 -0.78414
v -1.82004 0.66202 3.80298
v 3.63983 2.35071 -1.46458
v 0.29281 -4.02949 1.77448
v -0.35227 3.62590 2.38466
v 3.97849 -1.44781 -1.79360
v -1.64413 -1.57970 3.63006
v 2.30249 3.86551 -0.18070
v 1.98229 -4.04412 0.13633
v -1.50154 1.99308 3.48348
v 4.07337 0.97317 -1.89606
v -0.64351 -3.38723 2.66384
v 0.61574 4.12213 1.43901
v 3.42799 -2.75114 -1.27152
v -1.86855 -0.20602 3.83161
v 3.19648 3.05984 -1.05747
v 0.92249 -4.20057 1.14837
v -0.87898 3.10749 2.87144
v 4.12991 -0.53745 -1.96200
v -1.36145 -2.35775 3.34111
v 1.66062 4.12531 0.41786
v 2.58734 -3.69874 -0.46884
v -1.75448 1.18858 3.70788
v 3.83615 1.85498 -1.68842
v -0.10033 -3.84577 2.12273
v -0.01468 3.87346 2.02595
v 3.79940 -1.98167 -1.65256
v -1.78773 -1.06906 3.73665
v 2.65365 3.61610 -0.55430
v 1.56932 -4.17523 0.50437
v -1.31365 2.45473 3.27012
v 4.13154 0.40182 -1.98569
v -0.96572 -3.04010 2.94316
v 0.99778 4.18785 1.03651
v 3.12616 -3.16943 -1.01110
v -1.88299 0.33293 3.81354
v 3.46478 2.64296 -1.35106
v 0.50599 -4.13310 1.51956
v -0.58884 3.45097 2.55885
v 4.03909 -1.10979 -1.90669
v -1.57992 -1.89222 3.51996
v 2.03945 3.99410 0.01775
v 2.20145 -3.94936 -0.12681
v -1.64022 1.69750 3.56554
v 3.98262 1.32137 -1.86379
v -0.47175 -3.59444 2.44989
v 0.34540 4.05474 1.64507
v 3.56953 -2.47988 -1.46195
v -1.88259 -0.53968 3.79605
v 2.97892 3.29790 -0.90297
v 1.14808 -4.23042 0.88048
v -1.08327 2.87737 3.01539
v 4.13316 -0.17994 -2.02020
v -1.25191 -2.64065 3.18755
v 1.38484 4.17875 0.62878
v 2.78638 -3.52945 -0.71364
v -1.84722 0.86798 3.74682
v 3.69080 2.17383 -1.60361
v 0.10049 -3.99191 1.88006
v -0.26720 3.73700 2.21542
v 3.89281 -1.66336 -1.79726
v -1.75287 -1.39440 3.65471
v 2.40405 3.78866 -0.36881
v 1.79522 -4.12758 0.23506
v -1.47906 2.18026 3.37764
v 4.07576 0.75983 -1.98722
v -0.81536 -3.28046 2.75004
v 0.72162 4.16548 1.24816
v 3.29297 -2.93290 -1.22576
v -1.92747 -0.00026 3.80704
v 3.27157 2.91607 -1.22008
v 0.72608 -4.20917 1.25734
v -0.81407 3.25339 2.72280
v 4.07762 -0.76095 -1.99894
v -1.49772 -2.19608 3.39276
v 1.76964 4.09387 0.22292
v 2.41489 -3.82453 -0.38522
v -1.76190 1.39036 3.63204
v 3.86954 1.66089 -1.81018
v -0.28712 -3.78012 2.22315
v 0.08051 3.95976 1.84637
v 3.69347 -2.18751 -1.63602
v -1.87788 -0.87271 3.74299
v 2.74713 3.51181 -0.73469
v 1.37602 -4.23045 0.60958
v -1.27352 2.62860 3.14659
v 4.11313 0.18096 -2.05628
v -1.12567 -2.90980 3.01785
v 1.10721 4.20261 0.84182
v 2.97471 -3.33214 -0.94885
v -1.92189 0.54036 3.76912
v 3.52540 2.47714 -1.49952
v 0.31073 -4.11241 1.62773
v -0.51041 3.57577 2.39653
v 3.96545 -1.33006 -1.92242
v -1.69951 -1.71420 3.55527
v 2.14478 3.93365 -0.17383
v 2.01848 -4.04934 -0.03248
v -1.62842 1.89145 3.47051
v 3.99688 1.11359 -1.96669
v -0.65037 -3.50206 2.54253
v 0.44829 4.11438 1.45753
v 3.44451 -2.67215 -1.42634
v -1.95330 -0.33582 3.78320
v 3.06169 3.16783 -1.07299
v 0.95139 -4.25649 0.98939
v -1.02686 3.03468 2.87548
v 4.09338 -0.40422 -2.06962
v -1.39786 -2.48930 3.24861
v 1.49504 4.16431 0.43300
v 2.62057 -3.67010 -0.63690
v -1.86612 1.07334 3.68252
v 3.73489 1.98886 -1.73586
v -0.09081 -3.94245 1.98464
v -0.17733 3.83821 2.04145
v 3.79835 -1.87627 -1.79226
v -1.85443 -1.20329 3.67229
v 2.50287 3.70000 -0.55424
v 1.60437 -4.19998 0.33751
v -1.44891 2.36281 3.26426
v 4.06969 0.54216 -2.07005
v -0.98335 -3.16317 2.83245
v 0.82962 4.19707 1.05522
v 3.15039 -3.10801 -1.17255
v -1.97822 0.20742 3.77443
v 3.34117 2.76241 -1.37728
v 0.52886 -4.20573 1.36712
v -0.74303 3.39113 2.56812
v 4.01631 -0.98447 -2.02701
v -1.62784 -2.02652 3.43836
v 1.87777 4.05016 0.02886
v 2.23702 -3.94055 -0.29627
v -1.76115 1.58995 3.54817
v 3.89532 1.46009 -1.92443
v -0.47174 -3.70294 2.32143
v 0.17951 4.03529 1.66303
v 3.57911 -2.38906 -1.61117
v -1.96036 -0.67199 3.74178
v 2.83674 3.39629 -0.91126
v 1.18007 -4.27402 0.71741
v -1.22621 2.79639 3.01599
v 4.08590 -0.04258 -2.11819
v -1.28079 -2.76987 3.08778
v 1.21759 4.20523 0.64619
v 2.81644 -3.48684 -0.87987
v -1.95251 0.74812 3.71654
v 3.57961 2.30253 -1.64167
v 0.11583 -4.07967 1.73554
v -0.42668 3.69126 2.22899
v 3.88289 -1.54863 -1.92936
v -1.81226 -1.52956 3.58384
v 2.24802 3.86116 -0.36335
v 1.83110 -4.13864 0.06619
v -1.60872 2.08163 3.36772
v 4.00293 0.90060 -2.06150
v -0.82573 -3.39871 2.63196
v 0.55392 4.16255 1.26729
v 3.31157 -2.85858 -1.38291
v -2.01598 -0.12913 3.76244
v 3.13952 3.02734 -1.23815
v 0.75319 -4.27055 1.09977
v -0.96390 3.18454 2.72913
v 4.04460 -0.62948 -2.11018
v -1.53810 -2.32937 3.30406
v 1.60500 4.13760 0.23745
v 2.44878 -3.80153 -0.55428
v -1.87677 1.27743 3.61010
v 3.77175 1.79639 -1.86098
v -0.28059 -3.88117 2.08771
v -0.08309 3.92913 1.86319
v 3.69522 -2.08580 -1.77872
v -1.94856 -1.00697 3.68257
v 2.59846 3.59977 -0.73647
v 1.41019 -4.26098 0.44322
v -1.41128 2.54011 3.14352
v 4.05496 0.32088 -2.14435
v -1.14706 -3.03569 2.91064
v 0.93924 4.21670 0.86071
v 3.00054 -3.27584 -1.11217
v -2.02074 0.41635 3.73372
v 3.40486 2.59932 -1.52864
v 0.33131 -4.19017 1.47720
v -0.66620 3.52021 2.40777
v 3.94599 -1.20725 -2.04620
v -1.75148 -1.84958 3.47757
v 1.98449 3.99429 -0.16379
v 2.05414 -4.04633 -0.20238
v -1.75235 1.78668 3.45637
v 3.91320 1.25321 -2.03089
v -0.65370 -3.61439 2.41710
v 0.28186 4.09972 1.47641
v 3.45649 -2.58563 -1.57819
v -2.03497 -0.46755 3.73282
v 2.92201 3.26988 -1.08354
v 0.98194 -4.30572 0.82737
v -1.17199 2.95750 2.87860
v 4.04975 -0.26806 -2.17130
v -1.43068 -2.62069 3.15256
v 1.32842 4.19565 0.45013
v 2.65168 -3.63295 -0.80450
v -1.97484 0.95551 3.65581
v 3.62702 2.11968 -1.77711
v -0.07822 -4.03491 1.84249
v -0.33804 3.79701 2.05663
v 3.79147 -1.76476 -1.92758
v -1.91787 -1.33888 3.60538
v 2.34867 3.77683 -0.55031
v 1.63975 -4.21687 0.16875
v -1.58130 2.26740 3.25733
v 4.00056 0.68308 -2.14800
v -0.99737 -3.28466 2.71771
v 0.66181 4.19904 1.07485
v 3.17093 -3.03850 -1.33192
v -2.07051 0.07972 3.73365
v 3.21199 2.87684 -1.39799
v 0.55400 -4.27249 1.21112
v -0.89471 3.32642 2.57667
v 3.98678 -0.85497 -2.14182
v -1.67228 -2.16132 3.35352
v 1.71422 4.09865 0.04265
v 2.27140 -3.92326 -0.46616
v -1.87923 1.47955 3.52962
v 3.80106 1.59703 -1.97866
v -0.46835 -3.80820 2.18878
v 0.01508 4.00940 1.68108
v 3.58355 -2.29123 -1.75677
v -2.03504 -0.80604 3.68531
v 2.69032 3.48824 -0.91501
v 1.21318 -4.31032 0.55172
v -1.36641 2.71151 3.01566
v 4.03143 0.09671 -2.20996
v -1.30605 -2.89836 2.98417
v 1.04995 4.22426 0.66512
v 2.84371 -3.43577 -1.04493
v -2.05497 0.62584 3.68485
v 3.46224 2.42730 -1.67377
v 0.13395 -4.16245 1.58708
v -0.58397 3.64013 2.24210
v 3.86670 -1.42853 -2.05653
v -1.86833 -1.66579 3.51009
v 2.08927 3.92637 -0.35451
v 1.86667 -4.14145 -0.10399
v -1.73560 1.97986 3.35676
v 3.92292 1.04093 -2.12930
v -0.83255 -3.51469 2.50967
v 0.38709 4.15279 1.28698
v 3.32582 -2.77650 -1.53729
v -2.10157 -0.26003 3.71598
v 3.00248 3.13295 -1.25107
v 0.78212 -4.32536 0.93896
v -1.11114 3.11135 2.73469
v 4.00459 -0.49473 -2.21552
v -1.57496 -2.46270 3.21179
v 1.43917 4.17383 0.25417
v 2.48079 -3.76994 -0.72310
v -1.98890 1.16186 3.58694
v 3.66730 1.92917 -1.90550
v -0.27090 -3.97820 1.94808
v -0.24491 3.89261 1.87987
v 3.69131 -1.97769 -1.91717
v -2.01611 -1.14274 3.61965
v 2.44623 3.68088 -0.73419
v 1.44491 -4.28372 0.27475
v -1.54634 2.44812 3.13953
v 3.98956 0.46174 -2.22599
v -1.16484 -3.16022 2.79934
v 0.77145 4.22365 0.88070
v 3.02288 -3.21127 -1.27362
v -2.11680 0.29007 3.69676
v 3.27865 2.71679 -1.55210
v 0.35430 -4.26221 1.32294
v -0.81965 3.45981 2.41843
v 3.91992 -1.07991 -2.16454
v -1.80006 -1.98565 3.39666
v 1.82218 4.04754 -0.15087
v 2.08884 -4.03479 -0.37295
v -1.87359 1.67903 3.44117
v 3.82255 1.39141 -2.08861
v -0.65362 -3.72369 2.28737
v 0.11673 4.07870 1.49556
v 3.46353 -2.49183 -1.72659
v -2.11370 -0.60114 3.68033
v 2.77797 3.36574 -1.08938
v 1.01380 -4.34775 0.66252
v -1.31454 2.87644 2.88093
v 3.99899 -0.12960 -2.26677
v -1.45993 -2.75156 3.05263
v 1.16126 4.21967 0.46898
v 2.68023 -3.58723 -0.97116
v -2.08089 0.83521 3.62780
v 3.51292 2.24690 -1.81229
v -0.06273 -4.12259 1.69625
v -0.49671 3.75047 2.07151
v 3.77849 -1.64756 -2.05807
v -1.97812 -1.47570 3.53564
v 2.19161 3.84658 -0.54280
v 1.67506 -4.22553 -0.00154
v -1.71107 2.16884 3.24949
v 3.92426 0.82393 -2.21942
v -1.00782 -3.40410 2.59869
v 0.49471 4.19426 1.09522
v 3.18735 -2.96102 -1.48869
v -2.16003 -0.05010 3.69111
v 3.07770 2.98591 -1.41341
v 0.58113 -4.33280 1.05170
v -1.04397 3.25740 2.58458
v 3.95037 -0.72182 -2.25080
v -1.71327 -2.29636 3.26512
v 1.54933 4.13980 0.05883
v 2.30414 -3.89729 -0.63605
v -1.99473 1.36648 3.50997
v 3.70012 1.73159 -2.02652
v -0.46173 -3.90965 2.05181
v -0.14772 3.97769 1.69915
v 3.58253 -2.18670 -1.89827
v -2.10674 -0.94174 3.62641
v 2.54021 3.57359 -0.91451
v 1.24704 -4.33887 0.38370
v -1.50406 2.62316 3.01454
v 3.96978 0.23732 -2.29531
v -1.32773 -3.02571 2.87642
v 0.88235 4.23626 0.68536
v 2.86772 -3.37627 -1.20832
v -2.15480 0.50122 3.65169
v 3.33912 2.54770 -1.70008
v 0.15462 -4.23966 1.43471
v -0.73906 3.58421 2.25478
v 3.84403 -1.30356 -2.17837
v -1.92113 -1.80288 3.43316
v 1.92835 3.98437 -0.34260
v 1.90152 -4.13571 -0.27507
v -1.85996 1.87520 3.34486
v 3.83594 1.18020 -2.19055
v -0.83591 -3.62786 2.38298
v 0.22139 4.13675 1.30711
v 3.33535 -2.68691 -1.68838
v -2.18437 -0.39291 3.66747
v 2.86096 3.23264 -1.25912
v 0.81256 -4.37306 0.77513
v -1.25596 3.03430 2.73960
v 3.95753 -0.35730 -2.31468
v -1.60830 -2.59573 3.11563
v 1.27264 4.20288 0.27281
v 2.51046 -3.72965 -0.89119
v -2.09852 1.04378 3.56257
v 3.55657 2.05869 -1.94383
v -0.25820 -4.07063 1.80420
v -0.40485 3.85080 1.89640
v 3.68146 -1.86359 -2.05092
v -2.08058 -1.27990 3.55394
v 2.29100 3.75513 -0.72815
v 1.47977 -4.29822 0.10451
v -1.67894 2.35299 3.13475
v 3.91703 0.60291 -2.30108
v -1.17906 -3.28291 2.68369
v 0.60422 4.22396 0.90162
v 3.04133 -3.13853 -1.43267
v -2.21026 0.16157 3.65811
v 3.14725 2.82921 -1.57011
v 0.37946 -4.32793 1.16506
v -0.97082 3.39513 2.42860
v 3.88708 -0.94859 -2.27712
v -1.84527 -2.12215 3.31218
v 1.65838 4.09361 -0.13538
v 2.12213 -4.01451 -0.54374
v -1.99242 1.56870 3.42498
v 3.72519 1.52760 -2.13987
v -0.65021 -3.82939 2.15319
v -0.04692 4.05193 1.51489
v 3.46530 -2.39106 -1.87104
v -2.18958 -0.73652 3.62547
v 2.63012 3.45525 -1.09079
v 1.04663 -4.38207 0.49512
v -1.45470 2.79193 2.88259
v 3.94110 0.01055 -2.35583
v -1.48561 -2.88151 2.94852
v 0.99398 4.23678 0.48932
v 2.70577 -3.53290 -1.13635
v -2.18448 0.71251 3.59841
v 3.39301 2.37008 -1.84153
v -0.04454 -4.20485 1.54593
v -0.65334 3.69919 2.08610
v 3.75918 -1.52516 -2.18334
v -2.03519 -1.61356 3.46272
v 2.03224 3.90932 -0.53204
v 1.70988 -4.22562 -0.17296
v -1.83849 2.06740 3.24083
v 3.84101 0.96409 -2.28426
v -1.01476 -3.52094 2.47516
v 0.32859 4.18331 1.11620
v 3.19926 -2.87579 -1.64236
v -2.24691 -0.18201 3.64658
v 2.93884 3.08933 -1.42377
v 0.60995 -4.38610 0.88904
v -1.19096 3.18456 2.59197
v 3.90700 -0.58564 -2.35364
v -1.75079 -2.43130 3.17280
v 1.38359 4.17391 0.07711
v 2.33478 -3.86251 -0.80542
v -2.10788 1.25086 3.48921
v 3.59286 1.86326 -2.06808
v -0.45199 -4.00667 1.91044
v -0.30879 3.94076 1.71721
v 3.57575 -2.07588 -2.03520
v -2.17548 -1.07899 3.56476
v 2.38697 3.65229 -0.91007
v 1.28127 -4.35922 0.21369
v -1.63941 2.53168 3.01274
v 3.90105 0.37861 -2.37408
v -1.34582 -3.15143 2.76424
v 0.71515 4.24173 0.70669
v 2.88807 -3.30840 -1.36951
v -2.25218 0.37431 3.61692
v 3.21073 2.66333 -1.72079
v 0.17762 -4.31069 1.27854
v -0.89204 3.52406 2.26711
v 3.81473 -1.17426 -2.29451
v -1.97061 -1.94059 3.35266
v 1.76580 4.03537 -0.32793
v 1.93520 -4.12116 -0.44660
v -1.98207 1.76783 3.33206
v 3.74225 1.31783 -2.24527
v -0.83587 -3.73762 2.25172
v 0.05703 4.11504 1.32758
v 3.33982 -2.59008 -1.83567
v -2.26445 -0.52770 3.61663
v 2.71552 3.32624 -1.26256
v 0.84417 -4.41312 0.60852
v -1.39854 2.95383 2.74395
v 3.90343 -0.21782 -2.40745
v -1.63808 -2.72804 3.01524
v 1.10586 4.22515 0.29311
v 2.53737 -3.68060 -1.05804
v -2.20583 0.92324 3.53692
v 3.43997 2.18449 -1.97611
v -0.24267 -4.15781 1.65608
v -0.56289 3.80432 1.91279
v 3.66545 -1.74395 -2.17956
v -2.14197 -1.41827 3.48507
v 2.13334 3.82258 -0.71867
v 1.51438 -4.30414 -0.06708
v -1.80935 2.25498 3.12925
v 3.83755 0.74377 -2.36953
v -1.18970 -3.40320 2.56344
v 0.43784 4.21818 0.92331
v 3.05550 -3.05780 -1.58879
v -2.30121 0.03089 3.61754
v 3.01118 2.93626 -1.58292
v 0.40650 -4.38675 1.00374
v -1.11987 3.32668 2.43837
v 3.84740 -0.81386 -2.38362
v -1.88704 -2.25875 3.22376
v 1.49359 4.13280 -0.11760
v 2.15359 -3.98531 -0.71424
v -2.10906 1.45578 3.40776
v 3.62149 1.66123 -2.18474
v -0.64358 -3.93084 2.01447
v -0.20899 4.02001 1.53437
v 3.46150 -2.28371 -2.01106
v -2.26262 -0.87358 3.56788
v 2.47903 3.53836 -1.08809
v 1.08005 -4.40824 0.32551
v -1.59273 2.70431 2.88368
v 3.87620 0.15176 -2.43830
v -1.50769 -3.01004 2.83990
v 0.82697 4.24747 0.51093
v 2.72788 -3.47003 -1.29954
v -2.28577 0.58744 3.56748
v 3.26775 2.48880 -1.86505
v -0.02386 -4.28107 1.39162
v -0.80800 3.64373 2.10046
v 3.73338 -1.39808 -2.30300
v -2.08902 -1.75222 3.38624
v 1.87110 3.96523 -0.51834
v 1.74378 -4.21684 -0.34506
v -1.96381 1.96324 3.23136
v 3.75105 1.10297 -2.34250
v -1.01822 -3.63456 2.34694
v 0.16366 4.16677 1.13767
v 3.20631 -2.78306 -1.79240
v -2.33119 -0.31595 3.59977
v 2.79595 3.18693 -1.42938
v 0.64016 -4.43184 0.72339
v -1.33586 3.10833 2.59892
v 3.85669 -0.44703 -2.45012
v -1.78477 -2.56572 3.07619
v 1.21745 4.20138 0.09722
v 2.36291 -3.81883 -0.97377
v -2.21889 1.13274 3.46723
v 3.47968 1.99153 -2.10348
v -0.43928 -4.09861 1.76467
v -0.46811 3.89922 1.73526
v 3.56297 -1.95921 -2.16713
v -2.24123 -1.21760 3.49996
v 2.23117 3.72441 -0.90202
v 1.31549 -4.37097 0.04209
v -1.77273 2.43733 3.01030
v 3.82541 0.51996 -2.44619
v -1.36030 -3.27497 2.64736
v 0.54865 4.24121 0.72895
v 2.90437 -3.23232 -1.52796
v -2.34721 0.24513 3.58029
v 3.07758 2.77390 -1.73615
v 0.20270 -4.37494 1.11872
v -1.04303 3.46019 2.27914
v 3.77871 -1.04119 -2.40463
v -2.01672 -2.07859 3.26819
v 1.60213 4.07965 -0.31081
v 1.96730 -4.09761 -0.61807
v -2.10214 1.65787 3.31833
v 3.64218 1.45326 -2.29352
v -0.83250 -3.84332 2.11578
v -0.10589 4.08826 1.34832
v 3.33891 -2.48637 -1.97869
v -2.34180 -0.66431 3.56311
v 2.56672 3.41367 -1.26173
v 0.87660 -4.44507 0.43948
v -1.53914 2.87029 2.74783
v 3.84237 -0.07690 -2.49364
v -1.66425 -2.85914 2.91027
v 0.93919 4.24113 0.31483
v 2.56110 -3.62283 -1.22309
v -2.31100 0.80028 3.50978
v 3.31796 2.30616 -2.00253
v -0.22449 -4.23910 1.50379
v -0.71909 3.75372 1.92906
v 3.64311 -1.61930 -2.30267
v -2.20020 -1.55762 3.41264
v 1.97378 3.88340 -0.70609
v 1.54832 -4.30116 -0.23958
v -1.93781 2.15426 3.12302
v 3.75139 0.88371 -2.43134
v -1.19680 -3.52049 2.43838
v 0.27250 4.20691 0.94563
v 3.06503 -2.96933 -1.74146
v -2.38971 -0.10192 3.57474
v 2.87098 3.03776 -1.59081
v 0.43513 -4.43810 0.83923
v -1.26698 3.25489 2.44779
v 3.80087 -0.67634 -2.48378
v -1.92529 -2.39504 3.13101
v 1.32826 4.16550 -0.09783
v 2.18278 -3.94710 -0.88394
v -2.22371 1.34033 3.38940
v 3.51182 1.79182 -2.22334
v -0.63384 -4.02739 1.87118
v -0.36944 3.98356 1.55395
v 3.45189 -2.17019 -2.14620
v -2.33276 -1.01216 3.50717
v 2.32525 3.61509 -1.08160
v 1.11371 -4.42582 0.15409
v -1.72886 2.61384 2.88422
v 3.80443 0.29340 -2.51409
v -1.52611 -3.13660 2.72650
v 0.66052 4.25229 0.53360
v 2.74618 -3.39873 -1.46019
v -2.38484 0.46002 3.53475
v 3.13766 2.60275 -1.88308
v -0.00092 -4.35064 1.23347
v -0.96082 3.58460 2.11463
v 3.70100 -1.26689 -2.41670
v -2.13951 -1.89137 3.30576
v 1.70871 4.01461 -0.50201
v 1.77635 -4.19897 -0.51733
v -2.08725 1.85646 3.22103
v 3.65471 1.24000 -2.39419
v -1.01824 -3.74433 2.21391
v 0.00005 4.14525 1.15953
v 3.20820 -2.68316 -1.93831
v -2.41287 -0.45183 3.55031
v 2.64959 3.27861 -1.43055
v 0.67144 -4.46952 0.55509
v -1.47892 3.02906 2.60547
v 3.79950 -0.30662 -2.54002
v -1.81512 -2.69915 2.97495
v 1.05130 4.22268 0.11891
v 2.38812 -3.76628 -1.14054
v -2.32789 1.01214 3.44384
v 3.36104 2.11600 -2.13291
v -0.42374 -4.18483 1.61454
v -0.62573 3.85363 1.75330
v 3.54403 -1.83719 -2.29364
v -2.30390 -1.35736 3.43160
v 2.07335 3.79009 -0.89070
v 1.34931 -4.37379 -0.13064
v -1.90424 2.34028 3.00723
v 3.74310 0.66076 -2.51160
v -1.37115 -3.39571 2.52557
v 0.38306 4.23531 0.75197
v 2.91627 -3.14826 -1.68314
v -2.43990 0.11371 3.54146
v 2.94022 2.87919 -1.74646
v 0.22959 -4.43181 0.95551
v -1.19224 3.39301 2.29091
v 3.73596 -0.90497 -2.50846
v -2.05932 -2.21649 3.17935
v 1.43779 4.11760 -0.29153
v 1.99740 -4.06492 -0.78895
v -2.22037 1.54534 3.30352
v 3.53614 1.58598 -2.33541
v -0.82588 -3.94431 1.97512
v -0.26733 4.05702 1.36928
v 3.33239 -2.37619 -2.11696
v -2.41635 -0.80259 3.50649
v 2.41512 3.49496 -1.25696
v 0.90952 -4.46845 0.26840
v -1.67798 2.78391 2.75124
v 3.77451 0.06482 -2.57313
v -1.68672 -2.98848 2.80043
v 0.77295 4.25135 0.33776
v 2.58128 -3.55645 -1.38580
v -2.41408 0.67489 3.48090
v 3.19106 2.42337 -2.02335
v -0.20384 -4.31385 1.34747
v -0.87360 3.69950 1.94522
v 3.61433 -1.49019 -2.41991
v -2.25513 -1.69763 3.33619
v 1.81284 3.93785 -0.69072
v 1.58121 -4.28902 -0.41248
v -2.06454 2.05092 3.11600
v 3.65885 1.02216 -2.48652
v -1.20035 -3.63413 2.30837
v 0.10835 4.19075 0.96847
v 3.06963 -2.87343 -1.89016
v -2.47571 -0.23680 3.52932
v 2.72723 3.13359 -1.59412
v 0.46507 -4.48144 0.67184
v -1.41240 3.18009 2.45690
v 3.74756 -0.53664 -2.57740
v -1.95991 -2.53054 3.03357
v 1.16280 4.19217 -0.07633
v 2.20932 -3.89985 -1.05226
v -2.33650 1.22235 3.36969
v 3.39666 1.91891 -2.25587
v -0.62112 -4.11838 1.72337
v -0.52833 3.94312 1.57361
v 3.43629 -2.05100 -2.27604
v -2.39988 -1.15207 3.44288
v 2.16934 3.68560 -1.07169
v 1.14722 -4.43445 -0.01871
v -1.86334 2.52068 2.88419
v 3.72603 0.43485 -2.58315
v -1.54084 -3.26057 2.60807
v 0.49485 4.25183 0.55716
v 2.76033 -3.31922 -1.61775
v -2.48170 0.33027 3.49986
v 3.00328 2.71171 -1.89592
v 0.02405 -4.41293 1.07171
v -1.11198 3.52223 2.12862
v 3.66201 -1.13218 -2.52417
v -2.18653 -2.03061 3.22088
v 1.54553 4.05780 -0.48339
v 1.80720 -4.17188 -0.68923
v -2.20900 1.74710 3.20967
v 3.55237 1.37468 -2.43944
v -1.01488 -3.84958 2.07600
v -0.16222 4.11934 1.18172
v 3.20469 -2.57651 -2.07962
v -2.49184 -0.58954 3.49775
v 2.50034 3.36438 -1.42763
v 0.70344 -4.49866 0.38452
v -1.62038 2.94699 2.61163
v 3.73558 -0.16504 -2.62322
v -1.84173 -2.83103 2.86876
v 0.88545 4.23836 0.14194
v 2.41003 -3.70492 -1.30516
v -2.43495 0.88904 3.41874
v 3.23744 2.23631 -2.15661
v -0.40556 -4.26465 1.46020
v -0.78179 3.80449 1.77132
v 3.51881 -1.71037 -2.41436
v -2.36332 -1.49798 3.35921
v 1.91403 3.84959 -0.87645
v 1.38234 -4.36741 -0.30400
v -2.03418 2.24060 3.00341
v 3.65443 0.80044 -2.57035
v -1.37836 -3.51301 2.39870
v 0.21853 4.22460 0.77562
v 2.92346 -3.05650 -1.83452
v -2.53020 -0.01990 3.50004
v 2.79921 2.97907 -1.75204
v 0.25801 -4.48075 0.78920
v -1.33988 3.32288 2.30244
v 3.68653 -0.76621 -2.60577
v -2.09828 -2.35381 3.08576
v 1.27318 4.14965 -0.27040
v 2.02512 -4.02307 -0.95868
v -2.33688 1.43022 3.28739
v 3.42456 1.71554 -2.37113
v -0.81610 -4.03990 1.82976
v -0.42734 4.02187 1.39042
v 3.32008 -2.26003 -2.25005
v -2.48796 -0.94236 3.44628
v 2.26128 3.57023 -1.24861
v 0.94256 -4.48287 0.09572
v -1.81533 2.69486 2.75414
v 3.70006 0.20672 -2.64586
v -1.70543 -3.11545 2.68547
v 0.60737 4.25639 0.36170
v 2.59755 -3.48163 -1.54561
v -2.51509 0.54706 3.44990
v 3.05979 2.53586 -2.03884
v -0.18095 -4.38146 1.18733
v -1.02659 3.64210 1.96129
v 3.57908 -1.35721 -2.53098
v -2.30661 -1.83795 3.25530
v 1.65099 3.98628 -0.67292
v 1.61264 -4.26757 -0.58525
v -2.18972 1.94496 3.10801
v 3.56031 1.15860 -2.53521
v -1.20039 -3.74343 2.17333
v -0.05460 4.17029 0.99173
v 3.06904 -2.77048 -2.03441
v -2.55909 -0.37365 3.48081
v 2.58047 3.22375 -1.59321
v 0.49599 -4.51630 0.50195
v -1.55635 3.10252 2.46568
v 3.68759 -0.39541 -2.66432
v -1.99076 -2.66471 2.93108
v 0.99750 4.21334 -0.05338
v 2.23283 -3.84362 -1.21866
v -2.44747 1.10179 3.34831
v 3.27649 2.04217 -2.28256
v -0.60554 -4.20312 1.57115
v -0.68579 3.89920 1.59333
v 3.41459 -1.92667 -2.40019
v -2.46382 -1.29301 3.37455
v 2.01181 3.75010 -1.05872
v 1.18022 -4.43384 -0.19236
v -1.99638 2.42488 2.88347
v 3.64129 0.57554 -2.64550
v -1.55181 -3.38131 2.48444
v 0.33010 4.24667 0.58145
v 2.77001 -3.23177 -1.77168
v -2.57629 0.19820 3.46240
v 2.86516 2.81552 -1.90391
v 0.05080 -4.46738 0.90665
v -1.26172 3.45693 2.14243
v 3.61646 -0.99458 -2.62516
v -2.22989 -2.16948 3.13119
v 1.38195 4.09525 -0.46279
v 1.83594 -4.13549 -0.86021
v -2.32915 1.63511 3.19706
v 3.44448 1.50653 -2.47843
v -1.00821 -3.94960 1.93323
v -0.32319 4.08961 1.20417
v 3.19559 -2.46356 -2.21587
v -2.56793 -0.72889 3.44162
v 2.34873 3.44434 -1.42101
v 0.73584 -4.51886 0.21213
v -1.76047 2.86225 2.61733
v 3.66513 -0.02291 -2.69965
v -1.86451 -2.96076 2.75733
v 0.72013 4.24897 0.16607
v 2.42830 -3.63492 -1.46709
v -2.54004 0.76341 3.39156
v 3.10941 2.35219 -2.17488
v -0.38491 -4.33745 1.30184
v -0.93646 3.75221 1.78931
v 3.48728 -1.57933 -2.52899
v -2.41930 -1.63909 3.28233
v 1.75368 3.90324 -0.85963
v 1.41420 -4.35164 -0.47746
v -2.16270 2.13828 2.99868
v 3.55977 0.93844 -2.62252
v -1.38191 -3.62617 2.26666
v 0.05508 4.20969 0.79977
v 2.92570 -2.95743 -1.98160
v -2.61798 -0.15562 3.45555
v 2.65511 3.07352 -1.75327
v 0.28768 -4.52126 0.62017
v -1.48619 3.25000 2.31369
v 3.63054 -0.62555 -2.69641
v -2.13343 -2.49002 2.98705
v 1.10862 4.17634 -0.24769
v 2.05008 -3.97207 -1.12669
v -2.45171 1.31248 3.26964
v 3.30793 1.84157 -2.40091
v -0.80330 -4.12942 1.67981
v -0.58604 3.98331 1.41168
v 3.30184 -2.13839 -2.37756
v -2.55642 -1.08335 3.38202
v 2.10572 3.63969 -1.23708
v 0.97537 -4.48804 -0.07806
v -1.95137 2.60317 2.75639
v 3.61932 0.34821 -2.71186
v -1.72028 -3.23939 2.56518
v 0.44259 4.25684 0.38645
v 2.60961 -3.39863 -1.70198
v -2.61391 0.41681 3.41634
v 2.92471 2.64348 -2.04936
v -0.15605 -4.44133 1.02367
v -1.17829 3.58182 1.97724
v 3.53740 -1.22098 -2.63563
v -2.35443 -1.97811 3.16955
v 1.48862 4.02912 -0.65302
v 1.64226 -4.23671 -0.75732
v -2.31344 1.83633 3.09879
v 3.45620 1.29255 -2.57755
v -1.19694 -3.84770 2.03328
v -0.21636 4.14608 1.01531
v 3.06306 -2.66093 -2.17373
v -2.63966 -0.51231 3.42873
v 2.43127 3.30832 -1.58846
v 0.52757 -4.54224 0.33001
v -1.69906 3.02231 2.47404
v 3.62117 -0.25327 -2.74447
v -2.01769 -2.79695 2.82328
v 0.83262 4.22955 -0.02921
v 2.25296 -3.77856 -1.38255
v -2.55660 0.97863 3.32487
v 3.15184 2.16129 -2.30372
v -0.58729 -4.28098 1.41472
v -0.84199 3.85220 1.61308
v 3.38673 -1.79779 -2.51833
v -2.52433 -1.43465 3.30171
v 1.85314 3.80894 -1.04306
v 1.21235 -4.42378 -0.36634
v -2.12814 2.32643 2.88187
v 3.55058 0.71491 -2.70123
v -1.55901 -3.49811 2.35551
v 0.16633 4.23738 0.60632
v 2.77497 -3.13674 -1.92148
v -2.66843 0.06389 3.42188
v 2.72387 2.91415 -1.90742
v 0.07904 -4.51347 0.73864
v -1.41026 3.38894 2.15601
v 3.56445 -0.85471 -2.71952
v -2.26941 -2.30746 3.03631
v 1.21831 4.12746 -0.44050
v 1.86221 -4.08981 -1.02969
v -2.44775 1.52042 3.18284
v 3.33151 1.63516 -2.51140
v -0.99831 -4.04371 1.78568
v -0.48298 4.05652 1.22680
v 3.18075 -2.34483 -2.34666
v -2.64093 -0.86965 3.38141
v 2.19530 3.51869 -1.41107
v 0.76829 -4.52979 0.03840
v -1.89939 2.77489 2.62242
v 3.58843 0.11917 -2.76933
v -1.88334 -3.08768 2.64047
v 0.55549 4.25508 0.19112
v 2.44262 -3.55652 -1.62575
v -2.64306 0.63524 3.36184
v 2.97751 2.46347 -2.18806
v -0.36201 -4.40262 1.13974
v -1.08996 3.69710 1.80723
v 3.44944 -1.44468 -2.63727
v -2.47162 -1.78027 3.20054
v 1.59271 3.95146 -0.84061
v 1.44452 -4.32636 -0.65045
v -2.28989 2.03326 2.99275
v 3.45953 1.07429 -2.66830
v -1.38183 -3.73449 2.12944
v -0.10731 4.19110 0.82432
v 2.92277 -2.85147 -2.12390
v -2.70302 -0.29331 3.40748
v 2.50847 3.16260 -1.75054
v 0.31829 -4.55289 0.44885
v -1.63140 3.17450 2.32457
v 3.56818 -0.48362 -2.78030
v -2.16460 -2.62452 2.88293
v 0.94437 4.19819 -0.22368
v 2.07194 -3.91206 -1.29242
v -2.56480 1.19203 3.24986
v 3.18678 1.96377 -2.42507
v -0.78759 -4.21219 1.52545
v -0.74361 3.94172 1.43302
v 3.27761 -2.01187 -2.49915
v -2.62148 -1.22524 3.31321
v 1.94891 3.70366 -1.22274
v 1.00759 -4.48370 -0.25240
v -2.08625 2.50882 2.75780
v 3.53264 0.48873 -2.77120
v -1.73122 -3.35963 2.43945
v 0.27866 4.25326 0.41187
v 2.61720 -3.30780 -1.85438
v -2.71039 0.28418 3.37974
v 2.78638 2.74616 -2.05530
v -0.12939 -4.49292 0.85685
v -1.32891 3.51886 1.99299
v 3.48937 -1.08212 -2.73368
v -2.39837 -2.11760 3.07854
v 1.32608 4.06686 -0.63134
v 1.66968 -4.19643 -0.92810
v -2.43572 1.72495 3.08801
v 3.34700 1.42359 -2.61381
v -1.19008 -3.94625 1.88828
v -0.37706 4.11859 1.03914
v 3.05156 -2.54529 -2.30773
v -2.71719 -0.65256 3.37255
v 2.28014 3.38748 -1.58028
v 0.55950 -4.55891 0.15651
v -1.84074 2.93946 2.48183
v 3.54857 -0.11082 -2.81786
v -2.04058 -2.92662 2.70993
v 0.66831 4.24138 -0.00406
v 2.26941 -3.70489 -1.54339
v -2.66375 0.85281 3.29891
v 3.02326 2.27609 -2.31969
v -0.56655 -4.35134 1.25434
v -0.99714 3.80241 1.63280
v 3.35273 -1.66495 -2.63019
v -2.58117 -1.57656 3.22390
v 1.69374 3.86249 -1.02508
v 1.24323 -4.40413 -0.54009
v -2.25869 2.22524 2.87911
v 3.45431 0.85245 -2.75051
v -1.56240 -3.61029 2.22124
v 0.00349 4.22450 0.63165
v 2.77501 -3.03454 -2.06666
v -2.75791 -0.07256 3.37778
v 2.57996 3.00764 -1.90687
v 0.10851 -4.55074 0.56812
v -1.55783 3.31833 2.16925
v 3.50617 -0.71321 -2.80714
v -2.30488 -2.44397 2.93593
v 1.05486 4.15496 -0.41683
v 1.88567 -4.03496 -1.19709
v -2.56472 1.40294 3.16662
v 3.21398 1.76026 -2.53866
v -0.98529 -4.13126 1.63355
v -0.64175 4.02047 1.24956
v 3.16011 -2.22088 -2.47164
v -2.71055 -1.01151 3.31663
v 2.04053 3.58773 -1.39823
v 0.80045 -4.53118 -0.13612
v -2.03729 2.68483 2.62670
v 3.50583 0.26063 -2.83233
v -1.89812 -3.21112 2.51804
v 0.39159 4.25726 0.21689
v 2.45271 -3.47004 -1.78064
v -2.74382 0.50456 3.32909
v 2.84229 2.57007 -2.19657
v -0.33709 -4.45962 0.97427
v -1.24251 3.63936 1.82498
v 3.40540 -1.30707 -2.73900
v -2.52001 -1.92100 3.11343
v 1.43146 3.99470 -0.81971
v 1.47296 -4.29156 -0.82238
v -2.41576 1.92541 2.98528
v 3.35419 1.20756 -2.70793
v -1.37814 -3.83729 1.98711
v -0.26875 4.16930 0.84916
v 2.91453 -2.73911 -2.26101
v -2.78505 -0.43277 3.35531
v 2.35982 3.24648 -1.74429
v 0.34952 -4.57528 0.27574
v -1.77570 3.09637 2.33491
v 3.49971 -0.34103 -2.85741
v -2.19163 -2.75668 2.77316
v 0.78056 4.21575 -0.19861
v 2.09040 -3.84325 -1.45528
v -2.67601 1.06882 3.22758
v 3.06165 2.08192 -2.44395
v -0.76916 -4.28761 1.36696
v -0.90025 3.89739 1.45436
v 3.24740 -1.88106 -2.61454
v -2.68287 -1.36762 3.23939
v 1.79126 3.76250 -1.20599
v 1.03887 -4.46971 -0.42673
v -2.22006 2.41168 2.75808
v 3.44040 0.62776 -2.82405
v -1.73819 -3.47545 2.30824
v 0.11556 4.24616 0.43779
v 2.62009 -3.20954 -2.00233
v -2.80426 0.14925 3.33955
v 2.64535 2.84393 -2.05708
v -0.10123 -4.53575 0.68729
v -1.47868 3.45332 2.00842
v 3.43518 -0.94129 -2.82504
v -2.43820 -2.25586 2.98195
v 1.16362 4.10000 -0.60819
v 1.69459 -4.14683 -1.09703
v -2.55648 1.61069 3.07523
v 3.23320 1.55141 -2.64428
v -1.17989 -4.03840 1.73850
v -0.53686 4.08819 1.06312
v 3.03445 -2.42412 -2.43602
v -2.79136 -0.79412 3.31178
v 2.12757 3.46151 -1.56910
v 0.59143 -4.56604 -0.01803
v -1.98151 2.85392 2.48883
v 3.47011 0.03135 -2.88455
v -2.05930 -3.05303 2.59089
v 0.50462 4.24935 0.02187
v 2.28191 -3.62292 -1.70063
v -2.76872 0.72434 3.26992
v 2.89129 2.38645 -2.33089
v -0.54352 -4.41364 1.09038
v -1.15147 3.75002 1.65238
v 3.31265 -1.52880 -2.73556
v -2.63406 -1.71827 3.14072
v 1.53396 3.91121 -1.00516
v 1.27252 -4.37485 -0.71301
v -2.38804 2.12117 2.87483
v 3.35293 0.98774 -2.79359
v -1.56199 -3.71714 2.08170
v -0.15851 4.20847 0.65731
v 2.76995 -2.92566 -2.20679
v -2.84442 -0.21096 3.32957
v 2.43394 3.09614 -1.90270
v 0.13889 -4.57880 0.39556
v -1.70459 3.24509 2.18197
v 3.44185 -0.57070 -2.88800
v -2.33611 -2.57838 2.82981
v 0.89175 4.17828 -0.39204
v 1.90600 -3.97112 -1.36184
v -2.67992 1.28259 3.14791
v 3.09243 1.88158 -2.56058
v -0.96931 -4.21160 1.47708
v -0.79971 3.98173 1.27233
v 3.13365 -2.09231 -2.59052
v -2.77649 -1.15408 3.24680
v 1.88481 3.65180 -1.38289
v 0.83197 -4.52288 -0.31087
v -2.17421 2.59196 2.62987
v 3.41771 0.40093 -2.88880
v -1.90878 -3.33037 2.39000
v 0.22840 4.25599 0.24320
v 2.45837 -3.37588 -1.93124
v -2.84203 0.37142 3.29275
v 2.70430 2.67199 -2.20082
v -0.31039 -4.50794 0.80583
v -1.39433 3.57904 1.84243
v 3.35530 -1.16712 -2.83407
v -2.56424 -2.06074 3.02067
v 1.27017 4.03347 -0.79728
v 1.49917 -4.24729 -0.99268
v -2.54022 1.81460 2.97584
v 3.24424 1.33789 -2.74170
v -1.37090 -3.93387 1.83982
v -0.42940 4.14464 0.87418
v 2.90088 -2.62092 -2.39255
v -2.86376 -0.57375 3.29852
v 2.20963 3.32541 -1.73494
v 0.38106 -4.58812 0.10136
v -1.91920 3.01552 2.34448
v 3.42543 -0.19837 -2.92784
v -2.21436 -2.88583 2.65759
v 0.61727 4.22955 -0.17272
v 2.10517 -3.76592 -1.61474
v -2.78513 0.94282 3.20228
v 2.93308 2.19589 -2.45798
v -0.74817 -4.35509 1.20466
v -1.05618 3.85049 1.47558
v 3.21127 -1.74660 -2.72354
v -2.74027 -1.51003 3.16016
v 1.63312 3.81666 -1.18722
v 1.06887 -4.44602 -0.60047
v -2.35276 2.31159 2.75685
v 3.34307 0.76485 -2.87065
v -1.74119 -3.58616 2.17161
v -0.04682 4.23597 0.46407
v 2.61813 -3.10433 -2.14537
v -2.89522 0.01218 3.29525
v 2.50214 2.93692 -2.05515
v -0.07186 -4.56943 0.51547
v -1.62777 3.38515 2.02336
v 3.37505 -0.79910 -2.90966
v -2.47369 -2.39226 2.87952
v 1.00139 4.12907 -0.58387
v 1.71666 -4.08808 -1.26351
v -2.67557 1.49344 3.05999
v 3.11535 1.67573 -2.66933
v -1.16650 -4.12351 1.58419
v -0.69596 4.05513 1.08715
v 3.01170 -2.29801 -2.55833
v -2.86184 -0.93661 3.24593
v 1.97397 3.53074 -1.55535
v 0.62303 -4.56344 -0.19303
v -2.12142 2.76550 2.49474
v 3.38616 0.17270 -2.94471
v -2.07374 -3.17549 2.46610
v 0.34154 4.25396 0.04838
v 2.29022 -3.53303 -1.85376
v -2.87122 0.59324 3.23737
v 2.75648 2.49238 -2.33776
v -0.51844 -4.46736 0.92323
v -1.30517 3.69507 1.67168
v 3.26664 -1.38998 -2.83434
v -2.68273 -1.85923 3.05182
v 1.37403 3.95558 -0.98363
v 1.29989 -4.33600 -0.88451
v -2.51608 2.01404 2.86860
v 3.24692 1.12039 -2.83076
v -1.55784 -3.81798 1.93704
v -0.31984 4.18964 0.68317
v 2.75970 -2.81066 -2.34148
v -2.92763 -0.35108 3.27673
v 2.28630 3.17986 -1.89536
v 0.16988 -4.59734 0.22151
v -1.85069 3.16911 2.19394
v 3.37180 -0.42779 -2.96219
v -2.36293 -2.71002 2.71777
v 0.72905 4.19792 -0.36637
v 1.92293 -3.89857 -1.52338
v -2.79309 1.15931 3.12619
v 2.96738 1.99899 -2.57756
v -0.95051 -4.28414 1.31659
v -0.95707 3.94043 1.29501
v 3.10144 -1.95977 -2.70308
v -2.83841 -1.29693 3.17151
v 1.72851 3.71132 -1.36546
v 0.86251 -4.50481 -0.48526
v -2.31015 2.49607 2.63155
v 3.32450 0.53961 -2.93900
v -1.91529 -3.44474 2.25638
v 0.06583 4.25170 0.26991
v 2.45942 -3.27452 -2.07710
v -2.93738 0.23594 3.25230
v 2.56405 2.76933 -2.20128
v -0.28219 -4.54718 0.63491
v -1.54558 3.51608 1.85941
v 3.29937 -1.02549 -2.92245
v -2.60405 -2.19888 2.92200
v 1.10902 4.06827 -0.77362
v 1.52285 -4.19372 -1.16075
v -2.66308 1.70070 2.96395
v 3.13020 1.46501 -2.77001
v -1.36022 -4.02360 1.68782
v -0.58947 4.11737 0.89926
v 2.88180 -2.49750 -2.51821
v -2.93877 -0.71589 3.23663
v 2.05832 3.39970 -1.72296
v 0.41258 -4.59122 -0.07372
v -2.06197 2.93175 2.35296
v 3.34571 -0.05621 -2.99172
v -2.23267 -3.01127 2.53614
v 0.45448 4.24007 -0.14620
v 2.11604 -3.68045 -1.77028
v -2.89183 0.81403 3.17341
v 2.80160 2.30565 -2.46761
v -0.72486 -4.41412 1.03896
v -1.21160 3.80103 1.49654
v 3.16934 -1.60914 -2.82600
v -2.79339 -1.65195 3.07514
v 1.47475 3.86658 -1.16680
v 1.09725 -4.41264 -0.77302
v -2.48426 2.20837 2.75368
v 3.24111 0.89961 -2.91131
v -1.74023 -3.69108 2.02968
v -0.20864 4.22303 0.49057
v 2.61120 -2.99270 -2.28314
v -2.98289 -0.12682 3.24631
v 2.35721 3.02531 -2.04998
v -0.04157 -4.59363 0.34191
v -1.77630 3.31421 2.03755
v 3.30926 -0.65618 -2.98762
v -2.50466 -2.52615 2.77109
v 0.83947 4.15455 -0.55863
v 1.73562 -4.02043 -1.42700
v -2.79271 1.37312 3.04176
v 2.99396 1.79639 -2.68940
v -1.15003 -4.20098 1.42567
v -0.85458 4.01954 1.11109
v 2.98337 -2.16761 -2.67441
v -2.92829 -1.07962 3.17458
v 1.81968 3.59556 -1.53945
v 0.65396 -4.55101 -0.36791
v -2.26046 2.67401 2.49917
v 3.29715 0.31273 -2.99856
v -2.08385 -3.29330 2.33559
v 0.17896 4.25561 0.07531
v 2.29418 -3.43568 -2.00233
v -2.97089 0.45963 3.20070
v 2.61934 2.59393 -2.34077
v -0.49157 -4.51208 0.75337
v -1.45842 3.63747 1.69050
v 3.21491 -1.24914 -2.92648
v -2.72688 -1.99885 2.95693
v 1.21414 3.99608 -0.96084
v 1.32503 -4.28771 -1.05401
v -2.64262 1.90370 2.85993
v 3.13681 1.25011 -2.86242
v -1.55000 -3.91216 1.78746
v -0.48068 4.16822 0.70910
v 2.74422 -2.69012 -2.47043
v -3.00716 -0.49260 3.21877
v 2.13745 3.25910 -1.88531
v 0.20117 -4.60613 0.04652
v -1.99615 3.09017 2.20484
v 3.29637 -0.28505 -3.02983
v -2.38518 -2.83821 2.59974
v 0.56674 4.21434 -0.34007
v 1.93623 -3.81767 -1.68120
v -2.90393 1.03307 3.10093
v 2.83938 2.11242 -2.59008
v -0.92912 -4.34836 1.15249
v -1.11403 3.89658 1.31743
v 3.06358 -1.82390 -2.80919
v -2.89600 -1.43954 3.09038
v 1.57187 3.76673 -1.34633
v 0.89176 -4.47697 -0.65870
v -2.44498 2.39695 2.63131
v 3.22667 0.67625 -2.98323
v -1.91763 -3.55353 2.11730
v -0.09628 4.24470 0.29685
v 2.45573 -3.16646 -2.21783
v -3.02947 0.09833 3.20721
v 2.42200 2.86227 -2.19844
v -0.25277 -4.57698 0.46202
v -1.69638 3.45033 1.87564
v 3.23786 -0.88279 -3.00421
v -2.63921 -2.33478 2.81721
v 0.94807 4.09957 -0.74903
v 1.54371 -4.13110 -1.32603
v -2.78409 1.58357 2.94908
v 3.01259 1.58873 -2.79327
v -1.34623 -4.10586 1.53140
v -0.74915 4.08758 0.92425
v 2.85731 -2.36946 -2.63776
v -3.00973 -0.85880 3.16920
v 1.90622 3.46972 -1.70876
v 0.44376 -4.58447 -0.24892
v -2.20395 2.84484 2.35999
v 3.26097 0.08495 -3.04929
v -2.24647 -3.13231 2.40883
v 0.29210 4.24767 -0.11926
v 2.12280 -3.58728 -1.92144
v -2.99576 0.68252 3.14044
v 2.66772 2.41125 -2.47332
v -0.69946 -4.46425 0.87032
v -1.36667 3.74892 1.51702
v 3.12181 -1.46933 -2.92188
v -2.84192 -1.79279 2.98405
v 1.31631 3.91272 -1.14507
v 1.12371 -4.36971 -0.94379
v -2.61435 2.10180 2.74810
v 3.13502 1.03170 -2.94641
v -1.73536 -3.78953 1.88267
v -0.37008 4.20753 0.51715
v 2.59925 -2.87525 -2.41528
v -3.06689 -0.26746 3.19223
v 2.21099 3.10939 -2.04204
v -0.01068 -4.60810 0.16718
v -1.92430 3.24025 2.05068
v 3.23815 -0.51310 -3.05906
v -2.53091 -2.65685 2.65655
v 0.67785 4.17687 -0.53274
v 1.75123 -3.94424 -1.58696
v -2.90757 1.24968 3.01999
v 2.86956 1.91330 -2.70495
v -1.13069 -4.27028 1.26332
v -1.01290 3.98141 1.13477
v 2.94955 -2.03357 -2.78413
v -2.99035 -1.22266 3.09734
v 1.66496 3.65637 -1.52180
v 0.68392 -4.52876 -0.54206
v -2.39848 2.57919 2.50171
v 3.20353 0.45102 -3.04643
v -2.08959 -3.40577 2.19947
v 0.01675 4.25458 0.10248
v 2.29364 -3.33139 -2.14593
v -3.06734 0.32365 3.15938
v 2.48034 2.69125 -2.34043
v -0.46316 -4.54745 0.58131
v -1.61132 3.57704 1.70860
v 3.15770 -1.10691 -3.01203
v -2.76628 -2.13650 2.85584
v 1.05435 4.03315 -0.93708
v 1.34765 -4.23021 -1.22094
v -2.76737 1.79000 2.84830
v 3.02309 1.37667 -2.88899
v -1.53860 -3.99906 1.63329
v -0.64125 4.14430 0.73496
v 2.72351 -2.56467 -2.59338
v -3.08260 -0.63514 3.15523
v 1.98772 3.33421 -1.87301
v 0.23242 -4.60506 -0.12882
v -2.14093 3.00801 2.21430
v 3.21595 -0.14301 -3.09117
v -2.40274 -2.96225 2.47573
v 0.40474 4.22790 -0.31332
v 1.94568 -3.72885 -1.83482
v -3.01203 0.90392 3.07156
v 2.70891 2.22189 -2.59864
v -0.90533 -4.40380 0.98523
v -1.27075 3.85006 1.33938
v 3.02024 -1.68537 -2.90879
v -2.94893 -1.58134 3.00312
v 1.41507 3.81846 -1.32586
v 0.91939 -4.43948 -0.83059
v -2.57849 2.29437 2.62868
v 3.12470 0.81050 -3.02187
v -1.91583 -3.65609 1.97297
v -0.25812 4.23517 0.32387
v 2.44724 -3.05232 -2.35309
v -3.11789 -0.04116 3.15696
v 2.27857 2.95105 -2.19279
v -0.22243 -4.59711 0.28772
v -1.84676 3.38151 1.89084
v 3.17111 -0.73963 -3.07946
v -2.66952 -2.46775 2.70622
v 0.78730 4.12777 -0.72375
v 1.56150 -4.05975 -1.48799
v -2.90288 1.46316 2.93070
v 2.89192 1.70892 -2.81197
v -1.32907 -4.18011 1.37095
v -0.90865 4.05523 0.94900
v 2.82748 -2.23748 -2.75104
v -3.07626 -1.00200 3.09585
v 1.75360 3.53584 -1.69279
v 0.47427 -4.56784 -0.42362
v -2.34502 2.75450 2.36515
v 3.17163 0.22466 -3.10086
v -2.25570 -3.24826 2.27577
v 0.12996 4.25263 -0.09207
v 2.12531 -3.48694 -2.06779
v -3.09650 0.54844 3.10282
v 2.53191 2.51281 -2.47562
v -0.67222 -4.50511 0.69925
v -1.52150 3.69393 1.53680
v 3.06891 -1.32782 -3.01122
v -2.88559 -1.93194 2.88670
v 1.15787 3.95552 -1.12235
v 1.14796 -4.31745 -1.11222
v -2.74273 1.99173 2.73959
v 3.02530 1.16090 -2.97640
v -1.72667 -3.88091 1.73087
v -0.53134 4.18954 0.54366
v 2.58227 -2.75261 -2.54156
v -3.14678 -0.40937 3.13257
v 2.06380 3.18946 -2.03181
v 0.02050 -4.61271 -0.00814
v -2.07172 3.16300 2.06240
v 3.16210 -0.37042 -3.12420
v -2.55232 -2.78368 2.53590
v 0.51642 4.19638 -0.50639
v 1.76327 -3.85993 -1.74292
v -3.01976 1.12313 2.99414
v 2.74263 2.02646 -2.71648
v -1.10867 -4.33093 1.09760
v -1.17109 3.94057 1.15800
v 2.91038 -1.89655 -2.88742
v -3.04767 -1.36517 3.01393
v 1.50998 3.71360 -1.50278
v 0.71258 -4.49678 -0.71490
v -2.53527 2.48079 2.50188
v 3.10577 0.58721 -3.08869
v -2.09097 -3.51225 2.05793
v -0.14530 4.25104 0.12973
v 2.28852 -3.22074 -2.28421
v -3.16013 0.18557 3.11291
v 2.33986 2.78458 -2.33723
v -0.43353 -4.57319 0.40760
v -1.76390 3.51349 1.72567
v 3.09533 -0.96391 -3.09112
v -2.80070 -2.27151 2.74846
v 0.89465 4.06719 -0.91262
v 1.36750 -4.16384 -1.38477
v -2.88998 1.67283 2.83318
v 2.90627 1.49995 -2.91096
v -1.52377 -4.07813 1.47489
v -0.80174 4.11782 0.76056
v 2.69764 -2.43498 -2.71017
v -3.15357 -0.77825 3.08576
v 1.83737 3.40554 -1.85889
v 0.26334 -4.59408 -0.30391
v -2.28489 2.92233 2.22190
v 3.13096 -0.00213 -3.14650
v -2.41556 -3.08147 2.34582
v 0.24289 4.23885 -0.28632
v 1.95115 -3.63263 -1.98382
v -3.11697 0.77198 3.03757
v 2.57642 2.32751 -2.60374
v -0.87942 -4.45008 0.81532
v -1.42733 3.80062 1.36063
v 2.97164 -1.54482 -3.00192
v -2.99689 -1.72174 2.90953
v 1.25816 3.86691 -1.30438
v 0.94511 -4.39254 -1.00035
v -2.71037 2.18814 2.62314
v 3.01908 0.94211 -3.05537
v -1.90997 -3.75179 1.82367
v -0.41989 4.22314 0.35082
v 2.43392 -2.93270 -2.48262
v -3.20220 -0.18219 3.10113
v 2.13409 3.03595 -2.18481
v -0.19147 -4.60740 0.11259
v -1.99666 3.30931 1.90464
v 3.09946 -0.59656 -3.14844
v -2.69483 -2.59714 2.58901
v 0.62664 4.15319 -0.69801
v 1.57600 -3.98010 -1.64615
v -3.01905 1.33943 2.90825
v 2.76867 1.82558 -2.82662
v -1.30896 -4.24587 1.20692
v -1.06812 4.02016 0.97329
v 2.79246 -2.10222 -2.85799
v -3.13798 -1.14496 3.01628
v 1.60061 3.59847 -1.67542
v 0.50380 -4.54142 -0.59725
v -2.48494 2.66046 2.36795
v 3.07816 0.36253 -3.14682
v -2.26036 -3.35845 2.13714
v -0.03210 4.25508 -0.06479
v 2.12348 -3.37999 -2.20899
v -3.19358 0.41201 3.06007
v 2.39454 2.61052 -2.47503
v -0.64344 -4.53642 0.52631
v -1.67612 3.63576 1.55555
v 3.01093 -1.18523 -3.09415
v -2.92416 -2.06875 2.78296
v 0.99941 3.99533 -1.09892
v 1.16972 -4.25617 -1.27776
v -2.86904 1.87802 2.72761
v 2.91244 1.28704 -3.00176
v -1.71429 -3.96466 1.57465
v -0.69263 4.16897 0.56991
v 2.56031 -2.62544 -2.66180
v -3.22217 -0.55212 3.06694
v 1.91590 3.26587 -2.01974
v 0.05166 -4.60741 -0.18344
v -2.21842 3.08212 2.07229
v 3.08151 -0.22862 -3.18336
v -2.56878 -2.90595 2.40923
v 0.35503 4.21330 -0.47979
v 1.77157 -3.76800 -1.89443
v -3.12882 0.99356 2.96368
v 2.61362 2.13594 -2.72453
v -1.08422 -4.38255 0.92901
v -1.32924 3.89678 1.18052
v 2.86608 -1.75722 -2.98431
v -3.09995 -1.50657 2.92412
v 1.35479 3.76762 -1.48274
v 0.73963 -4.45525 -0.88585
v -2.67051 2.37858 2.49916
v 3.00434 0.72099 -3.12580
v -2.08805 -3.61209 1.91127
v -0.30739 4.24499 0.15691
v 2.27879 -3.10436 -2.41690
v -3.24879 0.04568 3.06085
v 2.19825 2.87416 -2.33166
v -0.40296 -4.58913 0.23284
v -1.91611 3.44647 1.74136
v 3.02812 -0.82070 -3.16397
v -2.82997 -2.40322 2.63475
v 0.73494 4.09849 -0.88771
v 1.38434 -4.08898 -1.54499
v -3.01002 1.55215 2.81403
v 2.78681 1.61989 -2.92885
v -1.50570 -4.14888 1.31270
v -0.96230 4.08858 0.78572
v 2.66673 -2.30172 -2.82072
v -3.21968 -0.92141 3.01002
v 1.68656 3.47346 -1.84336
v 0.29359 -4.57327 -0.47815
v -2.42780 2.83281 2.22719
v 3.04184 0.13718 -3.19623
v -2.42358 -3.19520 2.21020
v 0.08100 4.24730 -0.25923
v 1.95250 -3.52957 -2.12783
v -3.21828 0.63744 2.99845
v 2.44231 2.42942 -2.60592
v -0.85165 -4.48691 0.64331
v -1.58380 3.74794 1.38088
v 2.91806 -1.40290 -3.08868
v -3.03963 -1.86010 2.80948
v 1.10114 3.91243 -1.28218
v 0.96866 -4.33646 -1.16745
v -2.84024 2.07809 2.61416
v 2.91029 1.07089 -3.08422
v -1.90016 -3.84006 1.66978
v -0.58179 4.20851 0.37752
v 2.41580 -2.80828 -2.60624
v -3.28196 -0.32434 3.03931
v 1.98880 3.11729 -2.17496
v -0.16022 -4.60778 -0.06276
v -2.14592 3.23338 1.91663
v 3.02332 -0.45408 -3.21146
v -2.71502 -2.72225 2.46566
v 0.46592 4.17605 -0.67202
v 1.58703 -3.89263 -1.80006
v -3.13212 1.21247 2.88122
v 2.64326 1.93873 -2.83776
v -1.28612 -4.30273 1.03981
v -1.22765 3.98208 0.99690
v 2.75243 -1.96435 -2.95861
v -3.19456 -1.28711 2.93027
v 1.44732 3.65796 -1.65701
v 0.53204 -4.50538 -0.76921
v -2.62340 2.56246 2.36792
v 2.98100 0.49824 -3.18762
v -2.26048 -3.46227 1.99322
v -0.19431 4.25503 -0.03760
v 2.11724 -3.26706 -2.34475
v -3.28655 0.27350 3.01173
v 2.25595 2.70461 -2.47206
v -0.61342 -4.55799 0.35208
v -1.83045 3.57405 1.57295
v 2.94818 -1.04215 -3.17087
v -2.95742 -2.20255 2.67281
v 0.84085 4.03244 -1.07502
v 1.18876 -4.18624 -1.43990
v -2.99283 1.76061 2.71164
v 2.79689 1.41004 -3.02301
v -1.69839 -4.04027 1.41445
v -0.85409 4.14560 0.59573
v 2.53347 -2.49442 -2.77591
v -3.29264 -0.69523 2.99503
v 1.76743 3.33895 -2.00623
v 0.08248 -4.59224 -0.35814
v -2.36415 2.99728 2.07989
v 2.99680 -0.08812 -3.23691
v -2.58026 -3.02300 2.27671
v 0.19351 4.22772 -0.45310
v 1.77602 -3.66901 -2.04114
v -3.23426 0.86114 2.92811
v 2.48291 2.24188 -2.72963
v -1.05761 -4.42482 0.75809
v -1.48737 3.84967 1.20207
v 2.81688 -1.61622 -3.07491
v -3.14688 -1.64624 2.82779
v 1.19938 3.81875 -1.46197
v 0.76482 -4.40446 -1.05434
v -2.80381 2.27238 2.49306
v 2.89970 0.85216 -3.15824
v -2.08093 -3.70474 1.75981
v -0.46970 4.23632 0.18384
v 2.26445 -2.98291 -2.54382
v -3.33289 -0.09563 3.00281
v 2.05573 2.96028 -2.32421
v -0.37177 -4.59520 0.05761
v -2.06777 3.37562 1.75528
v 2.95646 -0.67782 -3.23087
v -2.85394 -2.53095 2.51479
v 0.57507 4.12722 -0.86253
v 1.39797 -4.00613 -1.70116
v -3.12701 1.42801 2.79034
v 2.66514 1.73649 -2.94321
v -1.48461 -4.21088 1.14721
v -1.12302 4.05627 0.81020
v 2.63094 -2.16557 -2.92505
v -3.28056 -1.06407 2.92781
v 1.53534 3.53829 -1.82678
v 0.32287 -4.54278 -0.65097
v -2.56932 2.73917 2.22968
v 2.94903 0.27458 -3.24079
v -2.42685 -3.30280 2.06912
v -0.08113 4.25323 -0.23222
v 1.94968 -3.42029 -2.26657
v -3.31547 0.50055 2.95376
v 2.30689 2.52785 -2.60569
v -0.82231 -4.51407 0.46978
v -1.74008 3.69162 1.39980
v 2.85978 -1.26021 -3.16930
v -3.07693 -1.99576 2.70294
v 0.94390 3.95526 -1.25951
v 0.98977 -4.27159 -1.33136
v -2.96766 1.96412 2.60124
v 2.79875 1.19672 -3.10895
v -1.88656 -3.92040 1.51169
v -0.74396 4.19104 0.40378
v 2.39297 -2.67974 -2.72385
v -3.35677 -0.46715 2.97120
v 1.84284 3.19539 -2.16366
v -0.12900 -4.59829 -0.23774
v -2.29431 3.15335 1.92638
v 2.94307 -0.31266 -3.26888
v -2.73002 -2.84242 2.33634
v 0.30496 4.19640 -0.64594
v 1.59445 -3.79789 -1.94935
v -3.24162 1.08239 2.84913
v 2.51608 2.04848 -2.84592
v -1.26081 -4.35038 0.87014
v -1.38727 3.94061 1.01954
v 2.70761 -1.82454 -3.05302
v -3.24570 -1.42785 2.83768
v 1.29371 3.71460 -1.63786
v 0.55872 -4.45998 -0.93896
v -2.75999 2.46028 2.36454
v 2.88061 0.63157 -3.22374
v -2.25616 -3.55912 1.84434
v -0.35684 4.25232 -0.01064
v 2.10660 -3.14881 -2.47489
v -3.37492 0.13329 2.95741
v 2.11635 2.79535 -2.46716
v -0.58245 -4.56972 0.17714
v -1.98433 3.50837 1.58861
v 2.88102 -0.89913 -3.24170
v -2.98523 -2.33267 2.55631
v 0.68202 4.06699 -1.05086
v 1.20488 -4.10816 -1.59819
v -3.11362 1.63948 2.69115
v 2.67906 1.52988 -3.04071
v -1.67918 -4.10731 1.25073
v -1.01582 4.11910 0.62089
v 2.50188 -2.36024 -2.88390
v -3.35782 -0.83815 2.91661
v 1.61846 3.40900 -1.99166
v 0.11264 -4.56735 -0.53164
v -2.50857 2.90816 2.08474
v 2.90839 0.05070 -3.28529
v -2.58675 -3.13421 2.13859
v 0.03164 4.23959 -0.42649
v 1.77651 -3.56358 -2.18274
v -3.33560 0.72610 2.88700
v 2.35079 2.34445 -2.73230
v -1.02912 -4.45753 0.58542
v -1.64542 3.79882 1.22232
v 2.76307 -1.47418 -3.15942
v -3.18825 -1.78352 2.72489
v 1.04366 3.86721 -1.44072
v 0.78786 -4.34477 -1.21988
v -2.93473 2.16206 2.48305
v 2.79228 0.98059 -3.18655
v -2.06975 -3.78966 1.60399
v -0.63239 4.22476 0.21036
v 2.24556 -2.85709 -2.66485
v -3.41199 -0.23789 2.93847
v 1.91244 3.04323 -2.31528
v -0.34029 -4.59140 -0.11748
v -2.21865 3.30053 1.76700
v 2.88071 -0.53574 -3.29222
v -2.87254 -2.65404 2.38874
v 0.41486 4.15344 -0.83726
v 1.40825 -3.91582 -1.85290
v -3.24045 1.30050 2.76161
v 2.54160 1.84985 -2.95457
v -1.46074 -4.26382 0.97895
v -1.28393 4.02049 0.83375
v 2.59048 -2.02720 -3.02325
v -3.33592 -1.20563 2.83897
v 1.38370 3.60031 -1.80945
v 0.35088 -4.50285 -0.82180
v -2.70906 2.64118 2.22888
v 2.85295 0.40980 -3.28067
v -2.42542 -3.40370 1.92293
v -0.24370 4.25646 -0.20544
v 1.94265 -3.30545 -2.39983
v -3.40806 0.36166 2.90311
v 2.17036 2.62302 -2.60352
v -0.79172 -4.53146 0.29530
v -1.89601 3.63123 1.41702
v 2.79714 -1.11730 -3.24407
v -3.10862 -2.12806 2.58996
v 0.78630 3.99554 -1.23657
v 1.00823 -4.19841 -1.49164
v -3.09213 1.84623 2.58386
v 2.68487 1.31956 -3.13011
v -1.86937 -3.99236 1.34990
v -0.90650 4.17038 0.42941
v 2.36553 -2.54777 -2.83544
v -3.42622 -0.61008 2.89656
v 1.69628 3.27050 -2.15127
v -0.09811 -4.57905 -0.41176
v -2.44149 3.06889 1.93343
v 2.85912 -0.17267 -3.32116
v -2.73983 -2.95703 2.20127
v 0.14354 4.21417 -0.61992
v 1.59814 -3.69651 -2.09370
v -3.34701 0.94943 2.81152
v 2.38740 2.15498 -2.85163
v -1.23332 -4.38857 0.69849
v -1.54690 3.89531 1.04093
v 2.65826 -1.68341 -3.14141
v -3.29115 -1.56652 2.73846
v 1.13967 3.76858 -1.61823
v 0.58354 -4.40558 -1.10596
v -2.89426 2.35377 2.35732
v 2.77738 0.76234 -3.25572
v -2.24751 -3.64849 1.69090
v -0.51985 4.24667 0.01592
v 2.09159 -3.02593 -2.59927
v -3.45827 -0.00820 2.89680
v 1.97589 2.88298 -2.46079
v -0.55088 -4.57163 0.00210
v -2.13753 3.43833 1.60213
v 2.80980 -0.75665 -3.30699
v -3.00749 -2.45847 2.43361
v 0.52274 4.09901 -1.02661
v 1.21789 -4.02244 -1.75225
v -3.23089 1.51475 2.66569
v 2.55929 1.64662 -3.05540
v -1.65691 -4.16545 1.08404
v -1.17783 4.08906 0.64514
v 2.46573 -2.22357 -2.98584
v -3.41737 -0.98029 2.83153
v 1.46895 3.47626 -1.97633
v 0.14184 -4.53298 -0.70339
v -2.65130 2.81451 2.08636
v 2.81669 0.18757 -3.32902
v -2.58833 -3.23897 1.99520
v -0.13076 4.24873 -0.40009
v 1.77299 -3.45237 -2.31903
v -3.43234 0.58877 2.83996
v 2.21747 2.44385 -2.73301
v -0.99906 -4.48054 0.41157
v -1.80322 3.74379 1.24092
v 2.70495 -1.33167 -3.23812
v -3.22385 -1.91777 2.61547
v 0.88745 3.91312 -1.41920
v 0.80853 -4.27664 -1.38200
v -3.06274 2.04757 2.46865
v 2.68245 1.10620 -3.21127
v -2.05470 -3.86642 1.44427
v -0.79555 4.20995 0.23625
v 2.22221 -2.72757 -2.77999
v -3.48567 -0.38061 2.86759
v 1.76844 3.12325 -2.30527
v -0.30884 -4.57785 -0.29186
v -2.36840 3.22084 1.77609
v 2.80126 -0.39485 -3.34843
v -2.88574 -2.77186 2.25682
v 0.25408 4.17706 -0.81205
v 1.41504 -3.81866 -1.99989
v -3.34981 1.16982 2.72741
v 2.41649 1.96007 -2.96346
v -1.43439 -4.30743 0.80849
v -1.44496 3.98079 0.85608
v 2.54556 -1.88725 -3.11550
v -3.38546 -1.34546 2.74345
v 1.23152 3.65968 -1.79162
v 0.37734 -4.45384 -0.99011
v -2.84654 2.53865 2.22430
v 2.75399 0.54267 -3.31642
v -2.41942 -3.49735 1.77201
v -0.40685 4.25669 -0.17905
v 1.93143 -3.18574 -2.52748
v -3.49559 0.22119 2.84619
v 2.03287 2.71515 -2.59986
v -0.76021 -4.53906 0.12049
v -2.05135 3.56633 1.43216
v 2.73046 -0.97470 -3.31333
v -3.13459 -2.25634 2.47066
v 0.62813 4.03327 -1.21353
v 1.02384 -4.11745 -1.64788
v -3.21312 1.72446 2.56156
v 2.56898 1.43944 -3.14824
v -1.84882 -4.05560 1.18493
v -1.06943 4.14609 0.45417
v 2.33365 -2.41305 -2.94109
v -3.48996 -0.75258 2.81524
v 1.54906 3.34286 -2.13812
v -0.06788 -4.55028 -0.58426
v -2.58704 2.97971 1.93732
v 2.77186 -0.03443 -3.36878
v -2.74450 -3.06548 2.06079
v -0.01852 4.22917 -0.59411
v 1.59804 -3.58912 -2.23291
v -3.44781 0.81387 2.76802
v 2.25742 2.25841 -2.85536
v -1.20395 -4.41717 0.52544
v -1.70638 3.84570 1.06072
v 2.60465 -1.54156 -3.22405
v -3.33071 -1.70249 2.63265
v 0.98504 3.82000 -1.59832
v 0.60627 -4.34261 -1.26976
v -3.02570 2.24287 2.34577
v 2.67168 0.89046 -3.28411
v -2.23473 -3.72991 1.53338
v -0.68345 4.23769 0.04189
v 2.07226 -2.89911 -2.71789
v -3.53615 -0.15046 2.82966
v 1.83460 2.96773 -2.45330
v -0.51902 -4.56379 -0.17245
v -2.28970 3.36354 1.61308
v 2.73488 -0.61514 -3.36718
v -3.02415 -2.57930 2.30492
v 0.36279 4.12839 -1.00240
v 1.22764 -3.92969 -1.90175
v -3.34412 1.38656 2.63482
v 2.43785 1.76034 -3.06759
v -1.63185 -4.21441 0.91492
v -1.34007 4.05498 0.66822
v 2.42521 -2.08506 -3.08193
v -3.47102 -1.12105 2.73974
v 1.31879 3.54089 -1.96049
v 0.16978 -4.48944 -0.87286
v -2.79184 2.71611 2.08428
v 2.72207 0.32227 -3.36860
v -2.58508 -3.33675 1.84692
v -0.29386 4.25481 -0.37406
v 1.76547 -3.33605 -2.44985
v -3.52399 0.44954 2.78668
v 2.08308 2.54028 -2.73220
v -0.96777 -4.49383 0.23716
v -1.96052 3.68411 1.25749
v 2.64283 -1.18921 -3.31138
v -3.25358 -2.04833 2.49966
v 0.73057 3.95645 -1.39756
v 0.82661 -4.20057 -1.54028
v -3.18734 1.92895 2.44940
v 2.57052 1.22898 -3.23296
v -2.03601 -3.93464 1.28116
v -0.95921 4.19142 0.26132
v 2.19454 -2.59506 -2.88929
v -3.55359 -0.52322 2.79003
v 1.62368 3.20054 -2.29447
v -0.27774 -4.55475 -0.46494
v -2.51662 3.13626 1.78209
v 2.71847 -0.25550 -3.40000
v -2.89358 -2.88381 2.11934
v 0.09255 4.19785 -0.78702
v 1.41824 -3.71530 -2.14190
v -3.45458 1.03625 2.68737
v 2.28997 2.06731 -2.97036
v -1.40586 -4.34157 0.63640
v -1.60594 3.93665 0.87687
v 2.49645 -1.74632 -3.20207
v -3.42899 -1.48292 2.64129
v 1.07863 3.71648 -1.77350
v 0.40199 -4.39616 -1.15544
v -2.98125 2.43150 2.21547
v 2.65249 0.67305 -3.34856
v -2.40903 -3.58329 1.61683
v -0.57069 4.25353 -0.15320
v 1.91605 -3.06186 -2.64949
v -3.57763 0.07961 2.78276
v 1.89443 2.80444 -2.59506
v -0.72811 -4.53695 -0.05407
v -2.20575 3.49651 1.44481
v 2.66009 -0.83284 -3.37753
v -3.15478 -2.37998 2.34528
v 0.46918 4.06832 -1.19051
v 1.03644 -4.02928 -1.79976
v -3.33011 1.59896 2.53391
v 2.45131 1.55642 -3.16386
v -1.82519 -4.10982 1.01732
v -1.23269 4.11766 0.47781
v 2.29749 -2.27625 -3.04097
v -3.54770 -0.89403 2.72718
v 1.40109 3.41258 -2.12445
v -0.03861 -4.51230 -0.75471
v -2.73049 2.88558 1.93759
v 2.68162 0.10183 -3.41227
v -2.74411 -3.16722 1.91526
v -0.18138 4.24105 -0.56863
v 1.59412 -3.47642 -2.36681
v -3.54352 0.67610 2.71831
v 2.12626 2.35894 -2.85756
v -1.17303 -4.43612 0.35159
v -1.86547 3.79131 1.07856
v 2.54707 -1.39952 -3.30130
v -3.36423 -1.83510 2.52036
v 0.82962 3.86882 -1.57827
v 0.62668 -4.27158 -1.42994
v -3.15377 2.12758 2.32944
v 2.56380 1.01590 -3.30945
v -2.21804 -3.80300 1.37228
v -0.84765 4.22490 0.06708
v 2.04874 -2.76905 -2.83078
v -3.60820 -0.29296 2.75583
v 1.69243 3.04976 -2.44502
v -0.48721 -4.54639 -0.34595
v -2.44041 3.28365 1.62103
v 2.65660 -0.47495 -3.42275
v -3.03525 -2.69456 2.17054
v 0.20197 4.15489 -0.97835
v 1.23403 -3.83055 -2.04645
v -3.45278 1.25519 2.59817
v 2.31491 1.87116 -3.07778
v -1.60431 -4.25402 0.74396
v -1.50237 4.01636 0.68983
v 2.38057 -1.94534 -3.17240
v -3.51853 -1.25978 2.64125
v 1.16781 3.60293 -1.94434
v 0.19618 -4.43715 -1.03956
v -2.92969 2.61285 2.07804
v 2.62485 0.45464 -3.40458
v -2.57719 -3.42707 1.69420
v -0.45776 4.25742 -0.34853
v 1.75395 -3.21534 -2.57518
v -3.61013 0.30886 2.72690
v 1.94764 2.63391 -2.73025
v -0.93558 -4.49745 0.06275
v -2.11699 3.61936 1.27166
v 2.57701 -1.04727 -3.37959
v -3.27735 -2.17456 2.37766
v 0.57280 3.99707 -1.37592
v 0.84191 -4.11714 -1.69440
v -3.30797 1.80634 2.42488
v 2.45672 1.34898 -3.25212
v -2.01397 -3.99403 1.11520
v -1.12331 4.16864 0.28534
v 2.16270 -2.46022 -2.99292
v -3.61541 -0.66513 2.70570
v 1.47803 3.27519 -2.28312
v -0.24731 -4.52239 -0.63621
v -2.66283 3.04652 1.78456
v 2.63267 -0.11795 -3.44745
v -2.89614 -2.98933 1.97668
v -0.06989 4.21546 -0.76229
v 1.41781 -3.60642 -2.27877
v -3.55427 0.90015 2.64118
v 2.16216 2.17171 -2.97570
v -1.37549 -4.36615 0.46329
v -1.76663 3.88760 0.89579
v 2.44340 -1.60499 -3.28330
v -3.46633 -1.61737 2.53259
v 0.92484 3.77066 -1.75522
v 0.42456 -4.33029 -1.31736
v -3.11266 2.31970 2.20195
v 2.54874 0.80088 -3.37765
v -2.39446 -3.66113 1.45787
v -0.73525 4.24646 -0.12808
v 1.89660 -2.93451 -2.76590
v -3.65378 -0.06255 2.71265
v 1.75500 2.89103 -2.58945
v -0.69575 -4.52529 -0.22782
v -2.35881 3.42143 1.45454
v 2.58633 -0.69210 -3.43712
v -3.16920 -2.49836 2.21410
v 0.30924 4.10044 -1.16762
v 1.04589 -3.93454 -1.94702
v -3.44255 1.46998 2.50055
v 2.33204 1.67059 -3.17746
v -1.79880 -4.15483 0.84764
v -1.39612 4.08457 0.50006
v 2.25728 -2.13799 -3.13532
v -3.59920 -1.03380 2.63239
v 1.25216 3.47970 -2.11044
v -0.01061 -4.46549 -0.92262
v -2.87133 2.78636 1.93379
v 2.58872 0.23593 -3.45215
v -2.73883 -3.26176 1.76513
v -0.34516 4.24937 -0.54361
v 1.58636 -3.35910 -2.49535
v -3.63369 0.53655 2.66215
v 1.99392 2.45670 -2.85860
v -1.14093 -4.44547 0.17752
v -2.02382 3.73169 1.09408
v 2.48581 -1.25779 -3.37355
v -3.39163 -1.96373 2.40181
v 0.67319 3.91488 -1.55819
v 0.64455 -4.19305 -1.58615
v -3.27792 2.00802 2.30794
v 2.45396 1.13866 -3.33226
v -2.19770 -3.86746 1.20813
v -1.01240 4.20777 0.09128
v 2.02115 -2.63644 -2.93810
v -3.67409 -0.43511 2.67524
v 1.54926 3.12917 -2.43616
v -0.45578 -4.51972 -0.51787
v -2.58921 3.19842 1.62556
v 2.57526 -0.33639 -3.47420
v -3.04085 -2.80369 2.03084
v 0.04011 4.17814 -0.95454
v 1.23697 -3.72570 -2.18617
v -3.55636 1.12097 2.55542
v 2.19055 1.97921 -3.08639
v -1.57463 -4.28419 0.57174
v -1.66448 3.97268 0.70966
v 2.33202 -1.80497 -3.25760
v -3.55973 -1.39585 2.53616
v 1.01579 3.66231 -1.92800
v 0.22079 -4.37657 -1.20307
v -3.06431 2.50471 2.06721
v 2.52528 0.58460 -3.43749
v -2.56486 -3.50952 1.53753
v -0.62249 4.25603 -0.32367
v 1.73848 -3.09093 -2.69503
v -3.69034 0.16727 2.66048
v 1.81106 2.72487 -2.72745
v -0.90285 -4.49156 -0.11107
v -2.27220 3.54917 1.28303
v 2.50779 -0.90626 -3.44324
v -3.29517 -2.29586 2.24974
v 0.41392 4.03469 -1.35436
v 0.85428 -4.02698 -1.84408
v -3.42408 1.67994 2.39472
v 2.34121 1.46625 -3.26924
v -1.98886 -4.04438 0.94697
v -1.28769 4.14108 0.30804
v 2.12686 -2.32370 -3.09110
v -3.67090 -0.80573 2.61462
v 1.33131 3.34722 -2.27141
v -0.21786 -4.48115 -0.80516
v -2.80650 2.95146 1.78307
v 2.54413 0.01760 -3.49129
v -2.89358 -3.08794 1.82925
v -0.23337 4.22943 -0.73796
v 1.41370 -3.49272 -2.41043
v -3.64841 0.76194 2.58859
v 2.03304 2.27339 -2.97984
v -1.34362 -4.38121 0.28971
v -1.92670 3.83316 0.91250
v 2.38667 -1.46373 -3.35958
v -3.49741 -1.74817 2.41753
v 0.76990 3.82202 -1.73687
v 0.44485 -4.25680 -1.47553
v -3.24021 2.20336 2.18335
v 2.44292 0.92615 -3.40418
v -2.37598 -3.73054 1.29568
v -0.90047 4.23495 -0.10388
v 1.87317 -2.80437 -2.87685
v -3.72371 -0.20471 2.63577
v 1.61443 2.97500 -2.58323
v -0.66349 -4.50435 -0.40021
v -2.51004 3.34080 1.46096
v 2.50947 -0.55279 -3.49262
v -3.17793 -2.61092 2.07746
v 0.14816 4.12924 -1.14492
v 1.05208 -3.83390 -2.08947
v -3.54993 1.33783 2.46117
v 2.21123 1.78205 -3.18945
v -1.76997 -4.19054 0.67648
v -1.55948 4.04628 0.52062
v 2.21319 -1.99887 -3.22446
v -3.64427 -1.17127 2.53095
v 1.10208 3.54413 -2.09619
v 0.01586 -4.41031 -1.08756
v -3.00901 2.68200 1.92552
v 2.49339 0.36775 -3.48895
v -2.72886 -3.34868 1.61087
v -0.50988 4.25361 -0.51919
v 1.57478 -3.23787 -2.61856
v -3.71791 0.39574 2.59938
v 1.86033 2.55181 -2.85874
v -1.10798 -4.44534 0.00380
v -2.18103 3.66645 1.10691
v 2.42112 -1.11677 -3.44126
v -3.41291 -2.08775 2.27724
v 0.51553 3.95788 -1.53814
v 0.65970 -4.10763 -1.73813
v -3.39760 1.88437 2.28089
v 2.34229 1.25879 -3.35299
v -2.17404 -3.92305 1.04150
v -1.17755 4.18574 0.11425
v 1.98962 -2.50191 -3.04007
v -3.73356 -0.57630 2.58788
v 1.40488 3.20594 -2.42690
v -0.42506 -4.48412 -0.68770
v -2.73557 3.10764 1.62624
v 2.49112 -0.19965 -3.52206
v -3.04110 -2.90619 1.88623
v -0.12289 4.19768 -0.93108
v 1.23640 -3.61582 -2.32084
v -3.65439 0.98430 2.50633
v 2.06476 2.08458 -3.09377
v -1.54317 -4.30493 0.39884
v -1.82608 3.92346 0.72738
v 2.27980 -1.66447 -3.33790
v -3.59452 -1.52862 2.42466
v 0.86252 3.71883 -1.91154
v 0.24334 -4.30825 -1.36303
v -3.19512 2.39174 2.05140
v 2.42355 0.71212 -3.46782
v -2.54836 -3.58376 1.37743
v -0.78800 4.25010 -0.29964
v 1.71914 -2.96351 -2.80953
v -3.76427 0.02531 2.58731
v 1.67322 2.81320 -2.72401
v -0.86992 -4.47638 -0.28376
v -2.42570 3.47322 1.29119
v 2.43542 -0.76649 -3.50280
v -3.30710 -2.41166 2.11626
v 0.25376 4.06893 -1.33295
v 0.86359 -3.93075 -1.98914
v -3.53517 1.55005 2.35863
v 2.22404 1.58088 -3.28472
v -1.96104 -4.08556 0.77704
v -1.45211 4.10820 0.32916
v 2.08719 -2.18609 -3.18415
v -3.71985 -0.94437 2.51686
v 1.18330 3.41653 -2.25942
v -0.18970 -4.43146 -0.97137
v -2.94710 2.85103 1.77722
v 2.45308 0.15102 -3.53205
v -2.88609 -3.17918 1.67753
v -0.39792 4.23923 -0.71414
v 1.40591 -3.37489 -2.53689
v -3.73657 0.62211 2.52943
v 1.90254 2.37244 -2.98307
v -1.31063 -4.38685 0.11626
v -2.08573 3.77293 0.92663
v 2.32650 -1.32300 -3.43135
v -3.52220 -1.87472 2.29638
v 0.61362 3.87028 -1.71849
v 0.46264 -4.17628 -1.62965
v -3.36334 2.08264 2.15932
v 2.33516 1.04888 -3.42861
v -2.35389 -3.79127 1.13079
v -1.06620 4.21842 -0.08080
v 1.84589 -2.67209 -2.98254
v -3.78714 -0.34628 2.55213
v 1.47253 3.05631 -2.57655
v -0.63166 -4.47445 -0.57075
v -2.65892 3.25441 1.46367
v 2.42975 -0.41515 -3.54451
v -3.18110 -2.71714 1.93578
v -0.01420 4.15424 -1.12249
v 1.05492 -3.72805 -2.22704
v -3.65177 1.20291 2.41553
v 2.08887 1.89087 -3.20018
v -1.73908 -4.21693 0.50442
v -1.72244 4.00230 0.53918
v 2.16545 -1.85940 -3.30875
v -3.68280 -1.30579 2.42305
v 0.95061 3.60566 -2.08178
v 0.04051 -4.34729 -1.24917
v -3.14296 2.57256 1.91239
v 2.39580 0.49725 -3.52316
v -2.71447 -3.42763 1.45300
v -0.67551 4.25321 -0.49550
v 1.55944 -3.11340 -2.73653
v -3.79581 0.25419 2.52989
v 1.72534 2.64429 -2.85821
v -1.07455 -4.43596 -0.16904
v -2.33663 3.59526 1.11666
v 2.35324 -0.97682 -3.50489
v -3.42812 -2.20660 2.14700
v 0.35646 3.99744 -1.51816
v 0.67198 -4.01598 -1.88566
v -3.51229 1.75693 2.24801
v 2.22883 1.37633 -3.37205
v -2.14738 -3.96963 0.87295
v -1.34286 4.15825 0.13576
v 1.95430 -2.36607 -3.13697
v -3.78640 -0.71591 2.49382
v 1.25909 3.27995 -2.41731
v -0.39536 -4.44002 -0.85501
v -2.87894 3.01125 1.62268
v 2.40437 -0.06491 -3.56681
v -3.03621 -3.00161 1.73717
v -0.28708 4.21296 -0.90804
v 1.23229 -3.50161 -2.45046
v -3.74644 0.84567 2.45073
v 1.93745 2.18733 -3.10018
v -1.51029 -4.31633 0.22583
v -1.98676 3.86827 0.74265
v 2.22412 -1.52429 -3.41372
v -3.62287 -1.65748 2.30699
v 0.70776 3.77220 -1.89499
v 0.26361 -4.23277 -1.51915
v -3.32159 2.27411 2.03027
v 2.31976 0.83718 -3.49603
v -2.52800 -3.64953 1.21444
v -0.95415 4.23903 -0.27663
v 1.69602 -2.83373 -2.91888
v -3.83165 -0.11643 2.50738
v 1.53391 2.89885 -2.72006
v -0.83716 -4.45224 -0.45484
v -2.57695 3.39130 1.29577
v 2.36012 -0.62823 -3.55876
v -3.31327 -2.52143 1.97760
v 0.09221 4.09930 -1.31172
v 0.86971 -3.82912 -2.12948
v -3.64074 1.41705 2.31636
v 2.10518 1.69291 -3.29888
v -1.93087 -4.11755 0.60598
v -1.61625 4.06948 0.34841
v 2.04387 -2.04791 -3.27240
v -3.76215 -1.08044 2.41260
v 1.03377 3.48290 -2.24720
v -0.16310 -4.37385 -1.13446
v -3.08405 2.74524 1.76664
v 2.35966 0.28223 -3.57018
v -2.87394 -3.26270 1.52203
v -0.56349 4.24428 -0.69097
v 1.39446 -3.25362 -2.65825
v -3.81840 0.48120 2.46359
v 1.77050 2.46885 -2.98556
v -1.27688 -4.38328 -0.05654
v -2.24326 3.70656 0.93782
v 2.26309 -1.18314 -3.49907
v -3.54075 -1.99642 2.16945
v 0.45581 3.91502 -1.70012
v 0.47775 -4.08937 -1.77952
v -3.48153 1.95782 2.12954
v 2.22549 1.16909 -3.45133
v -2.32854 -3.84317 0.96379
v -1.23223 4.19630 -0.05907
v 1.81485 -2.53828 -3.08324
v -3.84387 -0.48664 2.46179
v 1.32906 3.13483 -2.56950
v -0.60060 -4.43601 -0.73900
v -2.80491 3.16216 1.46227
v 2.34733 -0.27936 -3.59329
v -3.17889 -2.81656 1.78949
v -0.17788 4.17491 -1.10040
v 1.05436 -3.61768 -2.35970
v -3.74764 1.06566 2.36344
v 1.96484 1.99710 -3.20988
v -1.70649 -4.23407 0.33201
v -1.88460 3.95220 0.55544
v 2.11422 -1.72004 -3.38861
v -3.71475 -1.43676 2.30891
v 0.79752 3.66397 -2.06721
v 0.06311 -4.27699 -1.40713
v -3.27263 2.45816 1.89405
v 2.29602 0.62439 -3.55521
v -2.69596 -3.49833 1.29206
v -0.84190 4.24756 -0.47272
v 1.54038 -2.98637 -2.84945
v -3.86711 0.11251 2.45367
v 1.58873 2.73408 -2.85710
v -1.04103 -4.41762 -0.34048
v -2.49009 3.51790 1.12298
v 2.28235 -0.83821 -3.56494
v -3.43736 -2.31973 2.01145
v 0.19587 4.03305 -1.49829
v 0.68125 -3.91876 -2.02864
v -3.62150 1.62605 2.20903
v 2.11355 1.49133 -3.38974
v -2.11810 -4.00715 0.70305
v -1.50801 4.12478 0.15553
v 1.91534 -2.22946 -3.22914
v -3.83247 -0.85330 2.39322
v 1.11162 3.35097 -2.40742
v -0.36699 -4.38791 -1.01941
v -3.01875 2.90923 1.61453
v 2.31515 0.06774 -3.60891
v -3.02640 -3.08955 1.58416
v -0.45243 4.22339 -0.88554
v 1.22461 -3.38376 -2.57510
v -3.83213 0.70559 2.38851
v 1.80846 2.28745 -3.10580
v -1.47640 -4.31856 0.05324
v -2.14606 3.80677 0.75513
v 2.16516 -1.38480 -3.48551
v -3.64481 -1.78183 2.18344
v 0.55134 3.82198 -1.87836
v 0.28139 -4.15077 -1.67121
v -3.44316 2.15206 2.00351
v 2.21391 0.95981 -3.52248
v -2.50410 -3.70666 1.04913
v -1.12072 4.22226 -0.25484
v 1.66919 -2.70221 -3.02332
v -3.89224 -0.25731 2.42075
v 1.39290 2.98169 -2.71566
v -0.80491 -4.41952 -0.62385
v -2.72541 3.30329 1.29640
v 2.28202 -0.49166 -3.61160
v -3.31385 -2.62469 1.83419
v -0.07079 4.12525 -1.29073
v 0.87257 -3.72278 -2.26506
v -3.74034 1.28140 2.26772
v 1.98451 1.80237 -3.31198
v -1.89874 -4.14038 0.43435
v -1.77972 4.02447 0.36549
v 1.99704 -1.90966 -3.35626
v -3.79774 -1.21330 2.30203
v 0.88249 3.54600 -2.23475
v -0.13835 -4.30885 -1.29411
v -3.21680 2.63421 1.75099
v 2.26393 0.41118 -3.60612
v -2.85742 -3.33820 1.36326
v -0.72995 4.24399 -0.66858
v 1.37936 -3.12957 -2.77466
v -3.89357 0.33979 2.39105
v 1.63670 2.56256 -2.98741
v -1.24277 -4.37075 -0.22818
v -2.39877 3.63381 0.94573
v 2.19660 -1.04445 -3.56320
v -3.55316 -2.11273 2.03711
v 0.29633 3.95575 -1.68175
v 0.49002 -3.99674 -1.92500
v -3.59427 1.82922 2.09378
v 2.11384 1.28680 -3.47263
v -2.30030 -3.88616 0.79521
v -1.39823 4.16807 -0.03894
v 1.78019 -2.40349 -3.17928
v -3.89373 -0.62514 2.36487
v 1.18379 3.21033 -2.56206
v -0.57063 -4.38949 -0.90456
v -2.94744 3.06403 1.45643
v 2.26231 -0.14554 -3.63941
v -3.17156 -2.90879 1.63909
v -0.34285 4.19064 -1.07873
v 1.05034 -3.50346 -2.48751
v -3.83714 0.92662 2.30479
v 1.83897 2.10071 -3.21873
v -1.67262 -4.24209 0.15980
v -2.04550 3.89560 0.56906
v 2.05966 -1.58119 -3.46445
v -3.74015 -1.56357 2.18881
v 0.64263 3.71865 -2.05247
v 0.08341 -4.20002 -1.56123
v -3.39748 2.33904 1.87021
v 2.19405 0.74917 -3.58545
v -2.67368 -3.56057 1.12858
v -1.00884 4.23609 -0.45103
v 1.51766 -2.85738 -2.95756
v -3.93156 -0.02869 2.37075
v 1.45028 2.82103 -2.85548
v -1.00777 -4.39067 -0.51009
v -2.64087 3.43421 1.12550
v 2.20858 -0.70115 -3.62184
v -3.44083 -2.42666 1.87103
v 0.03370 4.06416 -1.47855
v 0.68738 -3.81664 -2.16702
v -3.72476 1.49217 2.16377
v 1.99631 1.60379 -3.40631
v -2.08659 -4.03563 0.53237
v -1.67263 4.08487 0.17329
v 1.87287 -2.09256 -3.31696
v -3.87173 -0.98786 2.28627
v 0.96227 3.41868 -2.39720
v -0.34025 -4.32832 -1.18060
v -3.15445 2.80171 1.60145
v 2.22349 0.19824 -3.64878
v -3.01200 -3.16972 1.42770
v -0.61881 4.22838 -0.86370
v 1.21337 -3.26292 -2.69490
v -3.91115 0.56464 2.31962
v 1.67755 2.38487 -3.11072
v -1.44188 -4.31187 -0.11842
v -2.30346 3.73869 0.76448
v 2.10304 -1.24631 -3.55372
v -3.66045 -1.90113 2.05438
v 0.39311 3.86768 -1.86163
v 0.29650 -4.06287 -1.81906
v -3.55934 2.02592 1.97088
v 2.10595 1.07999 -3.54746
v -2.47707 -3.75503 0.88204
v -1.28740 4.19925 -0.23449
v 1.63873 -2.56950 -3.12316
v -3.94590 -0.39672 2.32753
v 1.24994 3.06147 -2.71080
v -0.77352 -4.37867 -0.79040
v -2.87052 3.20916 1.29274
v 2.20122 -0.35694 -3.66174
v -3.30910 -2.72104 1.68652
v -0.23522 4.14617 -1.27003
v 0.87207 -3.61240 -2.39593
v -3.83359 1.14359 2.21259
v 1.86186 1.90923 -3.32414
v -1.86507 -4.15418 0.26268
v -1.94206 3.97279 0.38010
v 1.94684 -1.77171 -3.43613
v -3.82663 -1.34236 2.18544
v 0.72926 3.60540 -2.22202
v -0.11570 -4.23706 -1.45009
v -3.34480 2.51817 1.72997
v 2.16587 0.53785 -3.64020
v -2.83687 -3.40545 1.20177
v -0.89710 4.23776 -0.64713
v 1.36065 -3.00335 -2.88634
v -3.96186 0.19847 2.31183
v 1.50090 2.65342 -2.98866
v -1.20867 -4.34962 -0.39820
v -2.55172 3.55451 0.95000
v 2.12713 -0.90715 -3.62417
v -3.55960 -2.22315 1.89977
v 0.13513 3.99190 -1.66339
v 0.49928 -3.89903 -2.06605
v -3.70111 1.69729 2.05184
v 2.00008 1.40202 -3.49273
v -2.26958 -3.92023 0.62563
v -1.56382 4.13326 -0.02066
v 1.74199 -2.26822 -3.27101
v -3.93667 -0.76118 2.26157
v 1.03648 3.28247 -2.55421
v -0.54208 -4.33541 -1.06710
v -3.08595 2.96013 1.44580
v 2.17473 -0.01376 -3.68324
v -3.15940 -2.99348 1.48507
v -0.50898 4.20083 -1.05757
v 1.04282 -3.38605 -2.61060
v -3.91995 0.78635 2.23953
v 1.71105 2.20161 -3.22679
v -1.63786 -4.24124 -0.01171
v -2.20463 3.83222 0.57972
v 2.00188 -1.44316 -3.53671
v -3.75909 -1.68566 2.06311
v 0.48579 3.76918 -2.03751
v 0.10119 -4.11702 -1.71130
v -3.51699 2.21552 1.84063
v 2.08982 0.87156 -3.61415
v -2.64800 -3.61424 0.96312
v -1.17603 4.21825 -0.43062
v 1.49133 -2.72699 -3.06113
v -3.98900 -0.16879 2.28124
v 1.30972 2.90490 -2.85329
v -0.97513 -4.35555 -0.67745
v -2.78841 3.34416 1.12389
v 2.13199 -0.56578 -3.67602
v -3.43876 -2.52696 1.72619
v -0.13004 4.09018 -1.45897
v 0.69028 -3.71030 -2.30083
v -3.82168 1.35578 2.11212
v 1.87692 1.71367 -3.42186
v -2.05328 -4.05517 0.36142
v -1.83625 4.03813 0.18874
v 1.82696 -1.95579 -3.40082
v -3.90416 -1.11897 2.17324
v 0.81082 3.48264 -2.38661
v -0.31542 -4.26182 -1.33831
v -3.28548 2.68888 1.58315
v 2.12936 0.32654 -3.68674
v -2.99334 -3.24186 1.26833
v -0.78602 4.22734 -0.84264
v 1.19855 -3.13970 -2.81006
v -3.98323 0.42343 2.24410
v 1.54450 2.47942 -3.11493
v -1.40713 -4.29657 -0.28870
v -2.45843 3.66385 0.77038
v 2.03785 -1.10905 -3.61875
v -3.66995 -2.01485 1.92021
v 0.23302 3.90875 -1.84479
v 0.30875 -3.96974 -1.96264
v -3.66966 1.89611 1.93219
v 1.99573 1.19771 -3.57115
v -2.44730 -3.79462 0.71372
v -1.45380 4.16950 -0.21583
v 1.60473 -2.43609 -3.21874
v -3.99254 -0.53402 2.22791
v 1.10478 3.13785 -2.70541
v -0.74333 -4.33018 -0.95414
v -3.01171 3.10898 1.28445
v 2.11773 -0.22414 -3.70955
v -3.29930 -2.81011 1.53506
v -0.40096 4.16147 -1.24970
v 0.86816 -3.49862 -2.52221
v -3.92014 1.00418 2.15092
v 1.73698 2.01339 -3.33543
v -1.83025 -4.15914 0.09149
v -2.10277 3.91416 0.39192
v 1.89334 -1.63441 -3.51242
v -3.84892 -1.46705 2.06316
v 0.57394 3.66061 -2.20896
v -0.09540 -4.15909 -1.60224
v -3.46753 2.39741 1.70335
v 2.06539 0.66221 -3.67267
v -2.81270 -3.46431 1.03809
v -1.06465 4.22505 -0.62681
v 1.33834 -2.87552 -2.99356
v -4.02308 0.05789 2.22604
v 1.36285 2.74117 -2.98924
v -1.17498 -4.32027 -0.56621
v -2.70155 3.46862 0.95031
v 2.05473 -0.77142 -3.68238
v -3.56031 -2.32723 1.75787
v -0.02778 4.02289 -1.64505
v 0.50542 -3.79690 -2.20267
v -3.80163 1.56250 2.00360
v 1.88403 1.51468 -3.51174
v -2.23681 -3.94546 0.45556
v -1.72855 4.09145 -0.00450
v 1.70031 -2.13286 -3.35880
v -3.97267 -0.89413 2.15214
v 0.88694 3.35082 -2.54586
v -0.51524 -4.27431 -1.22638
v -3.21989 2.85063 1.43011
v 2.08455 0.11591 -3.72509
v -3.14275 -3.07037 1.32796
v -0.67608 4.20489 -1.03705
v 1.03179 -3.26604 -2.72916
v -3.99581 0.64543 2.16767
v 1.58082 2.29963 -3.23405
v -1.60264 -4.23178 -0.18207
v -2.36146 3.76189 0.58709
v 1.94093 -1.30620 -3.60579
v -3.77171 -1.80250 1.93218
v 0.32695 3.81501 -2.02231
v 0.11626 -4.02862 -1.85727
v -3.63069 2.08799 1.80510
v 1.98317 0.99155 -3.64149
v -2.61934 -3.65928 0.79622
v -1.34309 4.19354 -0.41173
v 1.46142 -2.59570 -3.16048
v -4.03935 -0.30716 2.18531
v 1.16682 2.98533 -2.85047
v -0.94349 -4.31271 -0.84223
v -2.93214 3.24780 1.11782
v 2.05257 -0.43223 -3.72781
v -3.43144 -2.62025 1.57741
v -0.29524 4.11048 -1.43960
v 0.68984 -3.60035 -2.43017
v -3.91191 1.21742 2.05399
v 1.75516 1.82086 -3.43643
v -2.01859 -4.06594 0.19071
v -1.99837 3.98426 0.20159
v 1.77769 -1.81946 -3.48109
v -3.92985 -1.24604 2.05444
v 0.65714 3.54236 -2.37556
v -0.29277 -4.18901 -1.49237
v -3.41133 2.57102 1.55938
v 2.03266 0.45261 -3.72301
v -2.97082 -3.30580 1.10658
v -0.95376 4.21969 -0.82254
v 1.18016 -3.01465 -2.92085
v -4.04821 0.28257 2.16201
v 1.40903 2.57084 -3.11837
v -1.37255 -4.27304 -0.45718
v -2.61039 3.58219 0.77249
v 1.96961 -0.97320 -3.68099
v -3.67353 -2.12254 1.78134
v 0.07108 3.94457 -1.82783
v 0.31798 -3.87200 -2.10194
v -3.77370 1.76310 1.88729
v 1.88305 1.31292 -3.59366
v -2.41523 -3.82549 0.54469
v -1.61950 4.13262 -0.19912
v 1.56720 -2.30241 -3.31040
v -4.03214 -0.66861 2.12212
v 0.95724 3.21041 -2.69940
v -0.71467 -4.27457 -1.11483
v -3.14843 3.00293 1.27127
v 2.03148 -0.09334 -3.75531
v -3.28480 -2.89162 1.38033
v -0.56781 4.17054 -1.22984
v 0.86078 -3.38205 -2.64404
v -3.99973 0.86376 2.08269
v 1.60964 2.11468 -3.34580
v -1.79474 -4.15554 -0.07878
v -2.26131 3.84837 0.40065
v 1.83658 -1.49800 -3.58550
v -3.86475 -1.58681 1.93556
v 0.41646 3.71106 -2.19551
v -0.07767 -4.07555 -1.75044
v -3.58453 2.27232 1.67090
v 1.96234 0.78422 -3.70369
v -2.78530 -3.51470 0.87276
v -1.23221 4.20535 -0.60781
v 1.31244 -2.74657 -3.09662
v -4.07713 -0.08133 2.13381
v 1.22229 2.82546 -2.98907
v -1.14206 -4.28316 -0.73186
v -2.84768 3.37618 0.94635
v 1.97937 -0.63736 -3.73816
v -3.55557 -2.42458 1.61187
v -0.19230 4.04808 -1.62678
v 0.50830 -3.69097 -2.33494
v -3.89548 1.42539 1.94896
v 1.76543 1.62467 -3.52966
v -2.20241 -3.96199 0.28551
v -1.89194 4.04234 0.00924
v 1.65520 -1.99777 -3.44301
v -4.00182 -1.02340 2.03687
v 0.73500 3.41488 -2.53691
v -0.49042 -4.20677 -1.38220
v -3.34873 2.73581 1.40910
v 1.99163 0.24344 -3.76518
v -3.12202 -3.13927 1.16827
v -0.84388 4.20224 -1.01730
v 1.01719 -3.14400 -2.84340
v -4.06452 0.50450 2.08927
v 1.44801 2.39453 -3.24043
v -1.56736 -4.21408 -0.35086
v -2.51542 3.68452 0.59088
v 1.87681 -1.17049 -3.67202
v -3.77826 -1.91361 1.79644
v 0.16610 3.85554 -2.00683
v 0.12843 -3.93542 -1.99911
v -3.73817 1.95692 1.76348
v 1.87389 1.10906 -3.66754
v -2.58813 -3.69570 0.62839
v -1.50960 4.16156 -0.39458
v 1.42796 -2.46392 -3.25596
v -4.08257 -0.44317 2.08318
v 1.02138 3.06192 -2.84690
v -0.91318 -4.26267 -1.00415
v -3.07151 3.14530 1.10703
v 1.97025 -0.30056 -3.77749
v -3.41921 -2.70623 1.42519
v -0.46170 4.12447 -1.42053
v 0.68597 -3.48740 -2.55517
v -3.99518 1.07770 1.98937
v 1.63076 1.92518 -3.44999
v -1.98296 -4.06817 0.02070
v -2.15847 3.92303 0.21154
v 1.72506 -1.68386 -3.55814
v -3.94894 -1.36854 1.93022
v 0.50115 3.59728 -2.36396
v -0.27255 -4.11048 -1.64267
v -3.53150 2.44851 1.52993
v 1.93322 0.57639 -3.75773
v -2.94484 -3.36143 0.94297
v -1.12168 4.20494 -0.80358
v 1.15816 -2.88828 -3.02752
v -4.10597 0.14270 2.07349
v 1.27090 2.65880 -3.12093
v -1.33854 -4.24168 -0.62353
v -2.75880 3.49373 0.77051
v 1.89828 -0.83889 -3.74073
v -3.67149 -2.22379 1.63824
v -0.09262 3.97454 -1.81076
v 0.32403 -3.77026 -2.23702
v -3.87110 1.62741 1.83609
v 1.76765 1.42548 -3.61498
v -2.38130 -3.84773 0.37545
v -1.78400 4.08828 -0.18462
v 1.52617 -2.16879 -3.39849
v -4.06477 -0.79987 2.01042
v 0.80715 3.27865 -2.69266
v -0.68785 -4.21239 -1.27225
v -3.28015 2.89126 1.25292
v 1.94235 0.03540 -3.79923
v -3.26599 -2.96535 1.22284
v -0.73551 4.17281 -1.21057
v 0.84985 -3.26322 -2.76165
v -4.07215 0.72295 2.00797
v 1.47955 2.21283 -3.35517
v -1.75895 -4.14368 -0.24771
v -2.41712 3.77532 0.40597
v 1.77654 -1.36268 -3.65571
v -3.87433 -1.70117 1.80302
v 0.25682 3.75615 -2.18162
v -0.06273 -3.98706 -1.89468
v -3.69535 2.14335 1.63248
v 1.85649 0.90380 -3.73331
v -2.75513 -3.55661 0.70628
v -1.39938 4.17824 -0.59038
v 1.28295 -2.61693 -3.19582
v -4.12398 -0.21856 2.03536
v 1.07903 2.90588 -2.98801
v -1.11028 -4.23875 -0.89486
v -2.98958 3.27733 0.93784
v 1.90096 -0.50507 -3.79174
v -3.54573 -2.51487 1.46227
v -0.35824 4.06689 -1.60861
v 0.50781 -3.58182 -2.46299
v -3.98238 1.28654 1.88790
v 1.64403 1.73181 -3.54644
v -2.16685 -3.97003 0.11592
v -2.05345 3.98571 0.02028
v 1.60664 -1.86321 -3.52398
v -4.02423 -1.14843 1.91609
v 0.58060 3.47411 -2.52728
v -0.46789 -4.13335 -1.53444
v -3.47199 2.61602 1.38256
v 1.89581 0.36877 -3.80362
v -3.09761 -3.20004 1.00651
v -1.01201 4.19238 -0.99850
v 0.99898 -3.02041 -2.95360
v -4.12597 0.36418 2.00446
v 1.31238 2.48594 -3.24578
v -1.53245 -4.18852 -0.51773
v -2.66595 3.60011 0.59076
v 1.80947 -1.03618 -3.73571
v -3.77899 -2.01857 1.65632
v 0.00333 3.89016 -1.99107
v 0.13751 -3.83804 -2.13686
v -3.83905 1.82282 1.71565
v 1.76173 1.22397 -3.69228
v -2.55484 -3.72360 0.46013
v -1.67506 4.12197 -0.37945
v 1.39093 -2.33200 -3.34786
v -4.11871 -0.57621 1.97509
v 0.87323 3.13415 -2.84243
v -0.88454 -4.20595 -1.16301
v -3.20599 3.03690 1.09124
v 1.88489 -0.17084 -3.82523
v -3.40246 -2.78465 1.27001
v -0.62917 4.13158 -1.40186
v 0.67858 -3.37197 -2.67603
v -4.07127 0.93721 1.91829
v 1.50346 2.02638 -3.46240
v -1.94683 -4.06214 -0.14820
v -2.31598 3.85436 0.21829
v 1.66904 -1.54917 -3.63227
v -3.96164 -1.48595 1.80095
v 0.34283 3.64680 -2.35177
v -0.25501 -4.02680 -1.78915
v -3.64558 2.32180 1.49463
v 1.83081 0.69782 -3.79094
v -2.91586 -3.40873 0.77800
v -1.28936 4.18266 -0.78597
v 1.13253 -2.76099 -3.13037
v -4.15646 0.00445 1.97873
v 1.12991 2.74287 -3.12245
v -1.30549 -4.20296 -0.78744
v -2.90308 3.39861 0.76416
v 1.82375 -0.70621 -3.79820
v -3.66414 -2.31823 1.49136
v -0.25791 3.99806 -1.79361
v 0.32677 -3.66509 -2.36798
v -3.96157 1.48962 1.77854
v 1.64929 1.53522 -3.63502
v -2.34598 -3.86153 0.20645
v -1.94677 4.03623 -0.17261
v 1.48160 -2.03550 -3.48332
v -4.09055 -0.92723 1.89314
v 0.65444 3.34202 -2.68506
v -0.66317 -4.14420 -1.42627
v -3.40638 2.77432 1.22919
v 1.85015 0.16204 -3.84139
v -3.24329 -3.03113 1.06307
v -0.90371 4.16778 -1.19205
v 0.83531 -3.14261 -2.87526
v -4.13727 0.58239 1.92685
v 1.34648 2.30750 -3.36337
v -1.72331 -4.12392 -0.41494
v -2.56964 3.69502 0.40760
v 1.71314 -1.22859 -3.72330
v -3.87794 -1.80967 1.66596
v 0.09511 3.79529 -2.16728
v -0.05080 -3.89417 -2.03497
v -3.79963 2.01101 1.58796
v 1.74759 1.02084 -3.76150
v -2.72265 -3.59008 0.53915
v -1.56566 4.14337 -0.57474
v 1.24981 -2.48693 -3.29145
v -4.16367 -0.35319 1.93091
v 0.93291 2.98194 -2.98591
v -1.08002 -4.18754 -1.05499
v -3.12669 3.17230 0.92450
v 1.81936 -0.37460 -3.84330
v -3.53116 -2.59783 1.30953
v -0.52535 4.07874 -1.59066
v 0.50383 -3.46998 -2.58698
v -4.06210 1.14656 1.82044
v 1.51955 1.83585 -3.56193
v -2.13057 -3.96982 -0.05278
v -2.21253 3.92142 0.02832
v 1.55457 -1.72937 -3.60199
v -4.04010 -1.26869 1.79017
v 0.42372 3.52790 -2.51686
v -0.44791 -4.05462 -1.68303
v -3.58923 2.49170 1.35031
v 1.79686 0.49181 -3.84043
v -3.06997 -3.25262 0.84318
v -1.18006 4.17488 -0.98084
v 0.97710 -2.89568 -3.05999
v -4.18009 0.22512 1.91339
v 1.17372 2.57347 -3.24994
v -1.49830 -4.15551 -0.68238
v -2.81250 3.50879 0.58646
v 1.73879 -0.90334 -3.79704
v -3.77425 -2.11700 1.51226
v -0.16119 3.91827 -1.97505
v 0.14332 -3.73701 -2.27062
v -3.93302 1.68626 1.66157
v 1.64643 1.33610 -3.71561
v -2.51994 -3.74311 0.29188
v -1.83896 4.07451 -0.36660
v 1.35026 -2.20021 -3.43648
v -4.14790 -0.70571 1.86135
v 0.72230 3.20150 -2.83695
v -0.85791 -4.14306 -1.31865
v -3.33508 2.92293 1.07022
v 1.79630 -0.04313 -3.87111
v -3.38161 -2.85532 1.11237
v -0.79731 4.13129 -1.38373
v 0.66757 -3.25454 -2.79295
v -4.14004 0.79659 1.84085
v 1.37301 2.12412 -3.47349
v -1.91066 -4.04819 -0.31562
v -2.47036 3.77821 0.22154
v 1.60953 -1.41554 -3.70373
v -3.96821 -1.59779 1.66705
v 0.18228 3.69032 -2.33893
v -0.24038 -3.93855 -1.93184
v -3.75317 2.19137 1.45336
v 1.72519 0.81676 -3.82259
v -2.88435 -3.44770 0.61214
v -1.45632 4.15249 -0.76995
v 1.10319 -2.63312 -3.22965
v -4.19970 -0.13156 1.87793
v 0.98589 2.82257 -3.12276
v -1.27377 -4.15733 -0.94868
v -3.04271 3.29703 0.75317
v 1.74587 -0.57523 -3.85355
v -3.65188 -2.40558 1.34116
v -0.42453 4.01455 -1.77647
v 0.32605 -3.55701 -2.49499
v -4.04487 1.35033 1.71466
v 1.52768 1.64189 -3.65363
v -2.30973 -3.86711 0.03811
v -2.10728 3.97636 -0.16339
v 1.43341 -1.90274 -3.56515
v -4.10966 -1.05016 1.77062
v 0.49908 3.39993 -2.67650
v -0.64094 -4.07051 -1.57681
v -3.52668 2.65253 1.19989
v 1.75465 0.28647 -3.88180
v -3.21715 -3.08888 0.90153
v -1.07200 4.15499 -1.17446
v 0.81706 -3.02064 -2.98511
v -4.19502 0.44271 1.83947
v 1.21022 2.39830 -3.37022
v -1.68825 -4.09665 -0.58017
v -2.71832 3.60757 0.40525
v 1.64626 -1.09583 -3.78846
v -3.87590 -1.91190 1.52482
v -0.06852 3.82788 -2.15247
v -0.04206 -3.79742 -2.17138
v -3.89704 1.87585 1.53729
v 1.63538 1.13514 -3.78814
v -2.68833 -3.61525 0.37179
v -1.73054 4.10049 -0.56117
v 1.21296 -2.35685 -3.38379
v -4.19630 -0.48462 1.82074
v 0.78384 3.05310 -2.98260
v -1.05160 -4.13003 -1.21210
v -3.25854 3.06140 0.90611
v 1.73435 -0.24604 -3.89287
v -3.51229 -2.67325 1.15413
v -0.69329 4.08312 -1.57303
v 0.49622 -3.35591 -2.70710
v -4.13448 1.00609 1.74665
v 1.39176 1.93645 -3.57596
v -2.09404 -3.96167 -0.22024
v -2.36863 3.84946 0.03309
v 1.49888 -1.59642 -3.67726
v -4.04970 -1.38370 1.65948
v 0.26443 3.57567 -2.50561
v -0.43075 -3.97112 -1.82796
v -3.70005 2.36333 1.31220
v 1.69452 0.61244 -3.87554
v -3.03959 -3.29700 0.67875
v -1.34756 4.14936 -0.96455
v 0.95145 -2.77015 -3.16284
v -4.22691 0.08793 1.81626
v 1.03187 2.65664 -3.25272
v -1.46532 -4.11549 -0.84458
v -2.95452 3.41076 0.57772
v 1.66459 -0.77207 -3.85615
v -3.76440 -2.20858 1.36472
v -0.32720 3.93930 -1.95883
v 0.14571 -3.63283 -2.40050
v -4.01984 1.54785 1.60122
v 1.52772 1.44520 -3.73736
v -2.48390 -3.75443 0.12404
v -2.00076 4.01905 -0.35632
v 1.30587 -2.06875 -3.52205
v -4.17030 -0.83110 1.74227
v 0.56856 3.26338 -2.83032
v -0.83359 -4.07451 -1.47099
v -3.45834 2.80379 1.04380
v 1.70423 0.08248 -3.91511
v -3.35711 -2.91812 0.95273
v -0.96570 4.12315 -1.36631
v 0.65283 -3.13550 -2.90615
v -4.20140 0.65649 1.75715
v 1.23919 2.21800 -3.48307
v -1.87487 -4.02667 -0.48127
v -2.62104 3.69468 0.22101
v 1.54639 -1.28307 -3.77267
v -3.96895 -1.70366 1.52891
v 0.01965 3.72725 -2.32543
v -0.22888 -3.84622 -2.07077
v -3.85395 2.05777 1.40603
v 1.61608 0.93303 -3.85254
v -2.85078 -3.47843 0.44583
v -1.62205 4.11416 -0.75577
v 1.07006 -2.50494 -3.32562
v -4.23580 -0.26472 1.77136
v 0.83875 2.89737 -3.12170
v -1.24375 -4.10525 -1.10710
v -3.17719 3.18931 0.73730
v 1.66442 -0.44603 -3.90680
v -3.63511 -2.48559 1.18812
v -0.59216 4.02350 -1.75944
v 0.32171 -3.44645 -2.61818
v -4.12082 1.21018 1.64448
v 1.40258 1.74517 -3.67061
v -2.27303 -3.86472 -0.12922
v -2.26496 3.90860 -0.15723
v 1.38147 -1.77068 -3.64416
v -4.12235 -1.16814 1.64321
v 0.34115 3.45180 -2.66691
v -0.62142 -3.99186 -1.72384
v -3.64063 2.52636 1.16487
v 1.65558 0.40858 -3.92037
v -3.18805 -3.13855 0.73865
v -1.23991 4.13408 -1.15801
v 0.79499 -2.89762 -3.09143
v -4.24540 0.30454 1.74601
v 1.07060 2.48475 -3.37552
v -1.65419 -4.06228 -0.74316
v -2.86261 3.51315 0.39863
v 1.57571 -0.96448 -3.85128
v -3.86857 -2.00754 1.38003
v -0.23382 3.85333 -2.13725
v -0.03671 -3.69730 -2.30402
v -3.98733 1.73848 1.48042
v 1.51958 1.24647 -3.81304
v -2.65266 -3.63224 0.20463
v -1.89349 4.04944 -0.54993
v 1.17228 -2.22688 -3.47304
v -4.22203 -0.61228 1.70514
v 0.63179 3.11879 -2.97796
v -1.02537 -4.06670 -1.36608
v -3.38464 2.94503 0.88246
v 1.64570 -0.11946 -3.94044
v -3.48957 -2.74096 0.99652
v -0.86167 4.07955 -1.55589
v 0.48486 -3.23998 -2.82354
v -4.19943 0.86576 1.66661
v 1.26043 2.03323 -3.58830
v -2.05771 -3.94589 -0.38614
v -2.52118 3.76989 0.03428
v 1.43942 -1.46444 -3.74992
v -4.05332 -1.49302 1.52442
v 0.10289 3.61681 -2.49349
v -0.41665 -3.88331 -1.96927
v -3.80411 2.23145 1.26814
v 1.58851 0.73048 -3.90881
v -3.00694 -3.33321 0.51364
v -1.51401 4.11555 -0.94987
v 0.92193 -2.64407 -3.26236
v -4.26649 -0.04676 1.71330
v 0.88673 2.73491 -3.25394
v -1.43388 -4.06890 -1.00414
v -3.09152 3.30630 0.56427
v 1.58667 -0.64244 -3.91304
v -3.74986 -2.29303 1.21414
v -0.49440 3.95272 -1.94249
v 0.14449 -3.52594 -2.52666
v -4.09934 1.40821 1.53462
v 1.40534 1.55096 -3.75731
v -2.44719 -3.75778 -0.04300
v -2.15989 3.95552 -0.34888
v 1.25761 -1.93776 -3.60475
v -4.18615 -0.95186 1.61819
v 0.41207 3.31920 -2.82246
v -0.81188 -4.00080 -1.61997
v -3.57534 2.67995 1.01178
v 1.60843 0.20587 -3.95712
v -3.32943 -2.97296 0.79154
v -1.13390 4.10678 -1.34981
v 0.63423 -3.01518 -3.01582
v -4.25535 0.51754 1.66735
v 1.10184 2.30756 -3.49092
v -1.83990 -3.99795 -0.64489
v -2.76748 3.60393 0.21643
v 1.47943 -1.15184 -3.83916
v -3.96424 -1.80319 1.38695
v -0.14483 3.75701 -2.31129
v -0.22073 -3.75027 -2.20603
v -3.94765 1.92161 1.35258
v 1.50321 1.04640 -3.88059
v -2.81566 -3.50104 0.27949
v -1.78602 4.06749 -0.74370
v 1.03299 -2.37666 -3.41847
v -4.26490 -0.39445 1.65928
v 0.68846 2.96671 -3.11910
v -1.21579 -4.04719 -1.26256
v -3.30604 3.07581 0.71633
v 1.57916 -0.31869 -3.95790
v -3.61429 -2.55808 1.03267
v -0.76041 4.02443 -1.74268
v 0.31359 -3.33378 -2.73774
v -4.18934 1.06981 1.56808
v 1.27377 1.84466 -3.68573
v -2.23633 -3.85466 -0.29523
v -2.41926 3.83302 -0.15443
v 1.32563 -1.63939 -3.72049
v -4.12892 -1.28072 1.51128
v 0.18079 3.49702 -2.65624
v -0.60488 -3.90869 -1.86738
v -3.74791 2.39634 1.12401
v 1.55268 0.52818 -3.95694
v -3.15647 -3.18015 0.57487
v -1.40696 4.10474 -1.14294
v 0.76897 -2.77381 -3.19439
v -4.28848 0.16852 1.64668
v 0.92751 2.56634 -3.37906
v -1.62151 -4.02119 -0.90371
v -3.00201 3.41203 0.38750
v 1.50126 -0.83461 -3.91177
v -3.85636 -2.09627 1.23201
v -0.40048 3.87112 -2.12170
v -0.03496 -3.59420 -2.43301
v -4.07031 1.59952 1.41735
v 1.39995 1.35452 -3.83597
v -2.61613 -3.64127 0.03802
v -2.05395 3.99013 -0.54133
v 1.12761 -2.09717 -3.55935
v -4.24109 -0.73563 1.58445
v 0.47683 3.17841 -2.97188
v -1.00165 -3.99799 -1.51686
v -3.50459 2.82363 0.85336
v 1.55314 0.00500 -3.98587
v -3.46346 -2.80086 0.83715
v -1.03004 4.06766 -1.53942
v 0.46959 -3.12250 -2.93647
v -4.25693 0.72622 1.58047
v 1.12540 2.12572 -3.59871
v -2.02202 -3.92281 -0.55024
v -2.66964 3.68286 0.03161
v 1.37599 -1.33353 -3.82004
v -4.05132 -1.59625 1.38537
v -0.06068 3.65075 -2.48051
v -0.40585 -3.79166 -2.10701
v -3.90115 2.09665 1.21805
v 1.47857 0.84569 -3.94000
v -2.97252 -3.36135 0.34825
v -1.67888 4.07325 -0.93707
v 0.88838 -2.51764 -3.35871
v -4.29898 -0.17836 1.60476
v 0.73827 2.80774 -3.25343
v -1.40437 -4.01615 -1.16094
v -3.22301 3.19576 0.54589
v 1.50476 -0.51452 -3.96764
v -3.73107 -2.37015 1.06094
v -0.66240 3.95806 -1.92619
v 0.13948 -3.41668 -2.64923
v -4.17138 1.26798 1.46183
v 1.27909 1.65298 -3.77522
v -2.41030 -3.75340 -0.20895
v -2.31581 3.88395 -0.34458
v 1.20530 -1.80736 -3.68468
v -4.19573 -1.06752 1.48947
v 0.25298 3.36837 -2.81330
v -0.79308 -3.92234 -1.76561
v -3.68574 2.55192 0.97405
v 1.50862 0.32686 -3.99697
v -3.29907 -3.01984 0.62923
v -1.30142 4.08188 -1.33445
v 0.61160 -2.89381 -3.12214
v -4.30193 0.38038 1.57164
v 0.96086 2.39229 -3.49681
v -1.80617 -3.96239 -0.80628
v -2.90917 3.50621 0.20751
v 1.40841 -1.02192 -3.90320
v -3.95448 -1.89604 1.24158
v -0.31086 3.77906 -2.29660
v -0.21615 -3.65109 -2.33771
v -4.03406 1.78349 1.29299
v 1.38633 1.15655 -3.90650
v -2.77947 -3.51568 0.11346
v -1.94768 4.01241 -0.73402
v 0.99183 -2.24839 -3.50831
v -4.28721 -0.52019 1.54200
v 0.53509 3.03000 -3.11485
v -1.19023 -3.98356 -1.41500
v -3.42885 2.95698 0.69007
v 1.48983 -0.19332 -4.00672
v -3.58989 -2.62290 0.87523
v -0.92883 4.01694 -1.72635
v 0.30153 -3.21930 -2.85382
v -4.25038 0.92986 1.48557
v 1.14109 1.93992 -3.69873
v -2.20009 -3.83722 -0.45964
v -2.56963 3.74976 -0.15529
v 1.26566 -1.50897 -3.79417
v -4.12971 -1.38748 1.37522
v 0.01822 3.53502 -2.64450
v -0.59160 -3.82142 -2.00747
v -3.84821 2.26305 1.07722
v 1.44566 0.64506 -3.99126
v -3.12291 -3.21373 0.41058
v -1.57261 4.06679 -1.12951
v 0.73884 -2.64940 -3.29416
v -4.32439 0.03524 1.54170
v 0.78093 2.64250 -3.38067
v -1.59062 -3.97379 -1.06170
v -3.13604 3.30455 0.37161
v 1.42268 -0.70630 -3.96983
v -3.83972 -2.17786 1.08117
v -0.56814 3.88077 -2.10594
v -0.03699 -3.48847 -2.55846
v -4.14584 1.45960 1.34812
v 1.27626 1.45890 -3.85666
v -2.57922 -3.64253 -0.12773
v -2.21137 3.92259 -0.53564
v 1.07877 -1.96781 -3.64281
v -4.25375 -0.85417 1.45897
v 0.31907 3.23139 -2.96429
v -0.98074 -3.92434 -1.66444
v -3.61803 2.69772 0.81867
v 1.45640 0.12719 -4.02897
v -3.43446 -2.85290 0.67642
v -1.19791 4.04713 -1.52387
v 0.45024 -3.00372 -3.04604
v -4.30702 0.58810 1.48838
v 0.98656 2.21343 -3.60698
v -1.98739 -3.89278 -0.71232
v -2.81350 3.58861 0.02481
v 1.30835 -1.20374 -3.88757
v -4.04408 -1.69305 1.24273
v -0.22598 3.67696 -2.46675
v -0.39859 -3.69651 -2.24127
v -3.99093 1.95953 1.16190
v 1.36444 0.95778 -3.96887
v -2.93683 -3.38154 0.18294
v -1.84163 4.02237 -0.92643
v 0.85063 -2.39099 -3.45200
v -4.32458 -0.30630 1.49092
v 0.58654 2.87454 -3.25105
v -1.37713 -3.95765 -1.31489
v -3.34857 3.07959 0.52236
v 1.41861 -0.38844 -4.01981
v -3.70850 -2.43975 0.90554
v -0.83077 3.95490 -1.91008
v 0.13050 -3.30533 -2.76834
v -4.23593 1.12781 1.38292
v 1.14878 1.75083 -3.79082
v -2.37368 -3.74157 -0.37354
v -2.46796 3.80448 -0.34373
v 1.14874 -1.67760 -3.76184
v -4.19939 -1.17763 1.35645
v 0.09149 3.41031 -2.80284
v -0.77746 -3.83955 -1.90791
v -3.78922 2.42028 0.93047
v 1.40452 0.44523 -4.03440
v -3.26653 -3.05875 0.46616
v -1.46773 4.04822 -1.32049
v 0.58478 -2.77157 -3.22523
v -4.34127 0.24561 1.47022
v 0.81621 2.47163 -3.50057
v -1.77406 -3.92035 -0.96530
v -3.04562 3.40186 0.19402
v 1.33310 -0.89339 -3.96467
v -3.94008 -1.98193 1.09319
v -0.47807 3.79292 -2.28146
v -0.21535 -3.54902 -2.46593
v -4.11304 1.64406 1.22729
v 1.26522 1.26313 -3.92998
v -2.74269 -3.52253 -0.05195
v -2.10648 3.94890 -0.72705
v 0.94637 -2.12025 -3.59521
v -4.30300 -0.64143 1.41981
v 0.37874 3.08665 -3.10887
v -1.16738 -3.91475 -1.56439
v -3.54522 2.83330 0.65834
v 1.39613 -0.07010 -4.05304
v -3.56239 -2.67996 0.71620
v -1.09695 4.00072 -1.71069
v 0.28534 -3.10324 -2.96654
v -4.30395 0.79099 1.39708
v 1.00443 2.03044 -3.70938
v -2.16475 -3.81270 -0.62226
v -2.71555 3.65901 -0.16007
v 1.20135 -1.37948 -3.86513
v -4.12510 -1.48805 1.23538
v -0.14627 3.56527 -2.63172
v -0.58181 -3.73040 -2.14417
v -3.94130 2.12708 1.02443
v 1.33429 0.75892 -4.02308
v -3.08788 -3.23936 0.24612
v -1.73631 4.02009 -1.11801
v 0.70440 -2.52452 -3.39081
v -4.35331 -0.09471 1.43131
v 0.63090 2.71267 -3.38019
v -1.56187 -3.92043 -1.21701
v -3.26424 3.19112 0.35074
v 1.33967 -0.57967 -4.02530
v -3.81909 -2.25209 0.92791
v -0.73636 3.88186 -2.09013
v -0.04302 -3.38038 -2.68049
v -4.21386 1.31938 1.27279
v 1.14835 1.55919 -3.87486
v -2.54239 -3.63626 -0.29235
v -2.36519 3.84692 -0.53317
v 1.02553 -1.83888 -3.72339
v -4.26033 -0.96744 1.32904
v 0.15873 3.27714 -2.95517
v -0.96295 -3.84608 -1.80882
v -3.72462 2.56785 0.77825
v 1.35520 0.24689 -4.06948
v -3.40308 -2.89703 0.51470
v -1.36477 4.01772 -1.50947
v 0.42662 -2.88379 -3.15235
v -4.34978 0.45204 1.39051
v 0.84387 2.29580 -3.61290
v -1.95425 -3.85610 -0.87222
v -2.95227 3.48744 0.01361
v 1.23625 -1.07516 -3.95239
v -4.03204 -1.78309 1.09687
v -0.39266 3.69494 -2.45229
v -0.39511 -3.59818 -2.37212
v -4.07330 1.82074 1.09965
v 1.24591 1.06638 -3.99513
v -2.90036 -3.39389 0.01801
v -2.00168 3.96288 -0.91826
v 0.80846 -2.26421 -3.54226
v -4.34353 -0.43005 1.37204
v 0.43165 2.93472 -3.24672
v -1.35251 -3.89373 -1.46594
v -3.46780 2.95825 0.49351
v 1.32793 -0.26435 -4.06931
v -3.68263 -2.50170 0.74832
v -0.99904 3.94292 -1.89440
v 0.11735 -3.19212 -2.88409
v -4.29297 0.98835 1.29801
v 1.01431 1.84402 -3.80386
v -2.33779 -3.72253 -0.53656
v -2.61583 3.71728 -0.34660
v 1.08767 -1.54856 -3.83617
v -4.19747 -1.28178 1.21947
v -0.07212 3.44448 -2.79111
v -0.76529 -3.75272 -2.04692
v -3.88555 2.28561 0.88098
v 1.29589 0.56069 -4.06914
v -3.23230 -3.08974 0.30268
v -1.63229 4.00567 -1.30822
v 0.55356 -2.64859 -3.32515
v -4.37352 0.11385 1.36330
v 0.66792 2.54502 -3.50201
v -1.74398 -3.87216 -1.12183
v -3.17637 3.29126 0.17570
v 1.25320 -0.76636 -4.02339
v -3.92151 -2.06064 0.94215
v -0.64605 3.79817 -2.26603
v -0.21856 -3.44428 -2.59076
v -4.18449 1.50396 1.15548
v 1.13970 1.36569 -3.95076
v -2.70582 -3.52177 -0.21647
v -2.26186 3.87705 -0.72307
v 0.89638 -1.99230 -3.67913
v -4.31256 -0.75767 1.29301
v 0.21961 3.13608 -3.10112
v -1.14757 -3.84109 -1.71071
v -3.65485 2.70532 0.62098
v 1.29781 0.05076 -4.09659
v -3.53230 -2.72920 0.55593
v -1.26425 3.97550 -1.69594
v 0.26480 -2.98575 -3.07597
v -4.35014 0.65381 1.30276
v 0.86373 2.11569 -3.71747
v -2.13073 -3.78138 -0.78292
v -2.85651 3.56109 -0.16907
v 1.13241 -1.25099 -3.93324
v -4.11549 -1.58207 1.09212
v -0.31233 3.58726 -2.61801
v -0.57577 -3.63590 -2.27754
v -4.02700 1.98908 0.96560
v 1.21833 0.86940 -4.05209
v -3.05187 -3.25715 0.08180
v -1.89752 3.96460 -1.10875
v 0.66544 -2.39924 -3.48435
v -4.37545 -0.22077 1.31577
v 0.47753 2.77625 -3.37753
v -1.53563 -3.86144 -1.36958
v -3.38623 3.07221 0.32467
v 1.25197 -0.45486 -4.07793
v -3.79497 -2.31880 0.77259
v -0.90467 3.87403 -2.07450
v -0.05326 -3.27012 -2.79916
v -4.27436 1.17951 1.19143
v 1.01609 1.65489 -3.89028
v -2.50611 -3.62267 -0.45562
v -2.51489 3.76330 -0.53422
v 0.96765 -1.71044 -3.80101
v -4.26118 -1.07501 1.19497
v -0.00391 3.31512 -2.94453
v -0.94855 -3.76352 -1.95001
v -3.82412 2.43461 0.73199
v 1.24929 0.36381 -4.10711
v -3.36980 -2.93328 0.35231
v -1.53008 3.97928 -1.49653
v 0.39851 -2.76283 -3.25544
v -4.38537 0.31864 1.28706
v 0.69736 2.37227 -3.61628
v -1.92299 -3.81308 -1.02984
v -3.08547 3.37973 -0.00224
v 1.15941 -0.94788 -4.01430
v -4.01563 -1.86612 0.94814
v -0.56030 3.70424 -2.43730
v -0.39563 -3.49689 -2.49963
v -4.14815 1.68092 1.03133
v 1.12280 1.17108 -4.01848
v -2.86360 -3.39857 -0.14627
v -2.15851 3.89485 -0.91287
v 0.76164 -2.13736 -3.62945
v -4.35612 -0.54909 1.24841
v 0.27380 2.98771 -3.24037
v -1.33083 -3.82470 -1.61406
v -3.58036 2.83227 0.45914
v 1.23246 -0.14246 -4.11586
v -3.65395 -2.55592 0.58961
v -1.16669 3.92183 -1.87938
v 0.09979 -3.07717 -2.99653
v -4.34258 0.85023 1.20721
v 0.87563 1.93202 -3.81411
v -2.30306 -3.69654 -0.69782
v -2.75890 3.62263 -0.35349
v 1.02184 -1.42031 -3.90750
v -4.19039 -1.37961 1.07887
v -0.23749 3.47037 -2.77820
v -0.75685 -3.66213 -2.18268
v -3.97453 2.14854 0.82550
v 1.18250 0.67290 -4.10087
v -3.19689 -3.11287 0.13909
v -1.79454 3.95416 -1.29795
v 0.51771 -2.52493 -3.42188
v -4.39888 -0.01435 1.25111
v 0.51610 2.61187 -3.50104
v -1.71628 -3.81809 -1.27580
v -3.30102 3.17486 0.15233
v 1.16844 -0.64098 -4.07910
v -3.89924 -2.13196 0.78882
v -0.81432 3.79443 -2.25051
v -0.22602 -3.33706 -2.71225
v -4.24840 1.36384 1.07763
v 1.00967 1.46377 -3.96856
v -2.66931 -3.51358 -0.37987
v -2.41329 3.79701 -0.72240
v 0.84161 -1.86457 -3.75997
v -4.31623 -0.86848 1.16190
v 0.05798 3.17774 -3.09161
v -1.13109 -3.76284 -1.85395
v -3.75743 2.57361 0.57787
v 1.19460 0.16900 -4.13707
v -3.50010 -2.77058 0.39475
v -1.43021 3.94112 -1.68239
v 0.23971 -2.86693 -3.18213
v -4.38908 0.51896 1.20277
v 0.71903 2.19511 -3.72279
v -2.09845 -3.74351 -0.94148
v -2.99206 3.45633 -0.18255
v 1.05857 -1.12360 -3.99828
v -4.10133 -1.66926 0.94577
v -0.47957 3.60053 -2.60351
v -0.57375 -3.53813 -2.40762
v -4.10520 1.84968 0.90070
v 1.09762 0.97609 -4.07798
v -3.01536 -3.26720 -0.08212
v -2.05569 3.90037 -1.10203
v 0.62171 -2.27361 -3.57471
v -4.39111 -0.34243 1.19532
v 0.32099 2.83267 -3.37261
v -1.51224 -3.79706 -1.51938
v -3.50165 2.94832 0.29321
v 1.15931 -0.33209 -4.12743
v -3.76782 -2.37786 0.61554
v -1.07257 3.85701 -2.05928
v -0.06796 -3.15781 -2.91452
v -4.32736 1.04063 1.10413
v 0.87943 1.74549 -3.90269
v -2.47083 -3.60197 -0.61737
v -2.65996 3.67196 -0.53911
v 0.90485 -1.58254 -3.87550
v -4.25668 -1.17648 1.05708
v -0.16854 3.34480 -2.93245
v -0.93784 -3.67688 -2.08804
v -3.91630 2.29859 0.67979
v 1.13845 0.47762 -4.14152
v -3.33512 -2.96164 0.18956
v -1.69328 3.93171 -1.48533
v 0.36568 -2.64090 -3.35527
v -4.41398 0.18848 1.17821
v 0.54712 2.44226 -3.61700
v -1.89399 -3.76395 -1.18507
v -3.21269 3.26591 -0.02300
v 1.07755 -0.82205 -4.07303
v -3.99531 -1.94190 0.79688
v -0.72846 3.70450 -2.42197
v -0.40042 -3.39280 -2.62383
v -4.21543 1.54071 0.95695
v 0.99498 1.27140 -4.03862
v -2.82700 -3.39571 -0.30968
v -2.31156 3.81839 -0.91057
v 0.70991 -2.01048 -3.71343
v -4.36267 -0.66295 1.12029
v 0.11323 3.03294 -3.23202
v -1.31241 -3.75079 -1.75924
v -3.68596 2.70221 0.41911
v 1.13192 -0.02304 -4.15914
v -3.62295 -2.60231 0.42974
v -1.33319 3.89145 -1.86531
v 0.07760 -2.96058 -3.10567
v -4.38485 0.71409 1.11066
v 0.73275 2.01425 -3.82137
v -2.26991 -3.66380 -0.85721
v -2.89669 3.52087 -0.36469
v 0.95095 -1.29292 -3.97561
v -4.17855 -1.47080 0.93496
v -0.40425 3.48751 -2.76424
v -0.75240 -3.56795 -2.31521
v -4.05601 2.00970 0.76398
v 1.06417 0.78146 -4.12927
v -3.16077 -3.12820 -0.02436
v -1.95395 3.89372 -1.28999
v 0.47697 -2.40063 -3.51533
v -4.41763 -0.13844 1.13386
v 0.36091 2.67160 -3.49757
v -1.69133 -3.75839 -1.42715
v -3.41921 3.05315 0.12370
v 1.07854 -0.51744 -4.13150
v -3.87374 -2.19572 0.63351
v -0.98240 3.78139 -2.23515
v -0.23795 -3.22748 -2.83042
v -4.30477 1.22435 0.99379
v 0.87504 1.55684 -3.98311
v -2.63361 -3.49812 -0.54198
v -2.56025 3.70900 -0.72536
v 0.78178 -1.73715 -3.83754
v -4.31438 -0.97341 1.02676
v -0.10584 3.21110 -3.08041
v -1.11825 -3.68021 -1.99414
v -3.85276 2.43878 0.52889
v 1.08628 0.28428 -4.17413
v -3.46628 -2.80408 0.23294
v -1.59426 3.89745 -1.67036
v 0.20980 -2.74682 -3.28496
v -4.42092 0.38702 1.09726
v 0.57040 2.26811 -3.72522
v -2.06828 -3.69931 -1.09785
v -3.12176 3.34515 -0.20079
v 0.97955 -0.99744 -4.05998
v -4.08305 -1.74934 0.79664
v -0.64753 3.60469 -2.58841
v -0.57598 -3.43724 -2.53441
v -4.17581 1.70953 0.82974
v 0.97201 1.07852 -4.10044
v -2.97882 -3.26960 -0.24542
v -2.21027 3.82750 -1.09819
v 0.57294 -2.14768 -3.66176
v -4.40056 -0.45917 1.07021
v 0.16153 2.88135 -3.36544
v -1.49203 -3.72753 -1.66637
v -3.61018 2.82001 0.25618
v 1.06141 -0.21160 -4.17347
v -3.73814 -2.42914 0.45706
v -1.23955 3.83056 -2.04475
v -0.08734 -3.04353 -3.02654
v -4.37295 0.90337 1.01099
v 0.73838 1.83041 -3.91188
v -2.43695 -3.57434 -0.77746
v -2.79990 3.57322 -0.54812
v 0.83685 -1.45527 -3.94660
v -4.24724 -1.27149 0.91566
v -0.33476 3.36570 -2.91907
v -0.93109 -3.58633 -2.22291
v -4.00102 2.16045 0.62157
v 1.02249 0.58791 -4.17240
v -3.29953 -2.98215 0.02670
v -1.85383 3.87502 -1.47622
v 0.32786 -2.51803 -3.45173
v -4.43583 0.06213 1.06416
v 0.39332 2.50517 -3.61498
v -1.86760 -3.70892 -1.33785
v -3.33355 3.14645 -0.04890
v 0.99038 -0.69786 -4.12827
v -3.97154 -2.01021 0.64338
v -0.89663 3.69537 -2.40653
v -0.40972 -3.28601 -2.74471
v -4.27514 1.40077 0.87653
v 0.86239 1.36682 -4.05530
v -2.79103 -3.38544 -0.47203
v -2.46032 3.73372 -0.91170
v 0.65299 -1.88362 -3.79401
v -4.36352 -0.77118 0.98794
v -0.04974 3.06988 -3.22172
v -1.29756 -3.67219 -1.90146
v -3.78435 2.56866 0.37326
v 1.02610 0.09359 -4.19880
v -3.59012 -2.64083 0.26897
v -1.49801 3.85163 -1.85250
v 0.05053 -2.84238 -3.21142
v -4.41994 0.58054 1.00848
v 0.58574 2.09014 -3.82549
v -2.23873 -3.62450 -1.01460
v -3.02877 3.41237 -0.38050
v 0.87472 -1.16654 -4.04021
v -4.16239 -1.55503 0.78803
v -0.57196 3.49548 -2.74941
v -0.75220 -3.47030 -2.44449
v -4.12991 1.86973 0.69638
v 0.94076 0.88588 -4.15402
v -3.12442 -3.13578 -0.18744
v -2.10996 3.82440 -1.28469
v 0.43109 -2.27573 -3.60536
v -4.43002 -0.25790 1.01177
v 0.20259 2.72362 -3.49158
v -1.66945 -3.69323 -1.57583
v -3.53059 2.92665 0.08958
v 0.98325 -0.39599 -4.18023
v -3.84547 -2.25176 0.47650
v -1.14976 3.75881 -2.22023
v -0.25463 -3.11558 -2.94522
v -4.35367 1.08613 0.90404
v 0.73583 1.64434 -3.99421
v -2.59914 -3.47553 -0.70265
v -2.70225 3.61330 -0.73227
v 0.71661 -1.61009 -3.91158
v -4.30740 -1.07210 0.88787
v -0.27148 3.23567 -3.06764
v -1.10932 -3.59332 -2.13123
v -3.94064 2.30144 0.47391
v 0.97267 0.39620 -4.20743
v -3.43133 -2.82967 0.07075
v -1.75587 3.84447 -1.66016
v 0.17482 -2.62545 -3.38436
v -4.44589 0.25857 0.98641
v 0.41799 2.33409 -3.72464
v -2.04061 -3.64893 -1.25194
v -3.24521 3.22798 -0.22404
v 0.89506 -0.87270 -4.11799
v -4.06111 -1.82206 0.64502
v -0.81573 3.59938 -2.57294
v -0.58275 -3.33329 -2.65790
v -4.23881 1.56927 0.75270
v 0.84144 1.17618 -4.11921
v -2.94270 -3.26444 -0.40791
v -2.36073 3.74615 -1.09757
v 0.51884 -2.02148 -3.74526
v -4.40415 -0.57054 0.94066
v -0.00055 2.92175 -3.35605
v -1.47530 -3.65297 -1.81051
v -3.71156 2.68783 0.21340
v 0.95806 -0.09372 -4.21567
v -3.70640 -2.47255 0.29741
v -1.40505 3.79454 -2.03124
v -0.11168 -2.92731 -3.13512
v -4.41127 0.76836 0.91211
v 0.59301 1.90908 -3.91767
v -2.40488 -3.53990 -0.93575
v -2.93427 3.46743 -0.56157
v 0.76335 -1.32875 -4.01402
v -4.23327 -1.35971 0.77097
v -0.50216 3.37739 -2.90456
v -0.92858 -3.49196 -2.35459
v -4.07814 2.02079 0.55727
v 0.90127 0.69423 -4.19940
v -3.26348 -2.99483 -0.13607
v -2.01118 3.80924 -1.46953
v 0.28478 -2.39424 -3.54466
v -4.45118 -0.05987 0.94509
v 0.23616 2.56042 -3.61018
v -1.84419 -3.64813 -1.48811
v -3.44770 3.02185 -0.08018
v 0.89764 -0.57555 -4.17964
v -3.94479 -2.07087 0.48792
v -1.06432 3.67659 -2.39127
v -0.42379 -3.17655 -2.86220
v -4.32731 1.26173 0.79012
v 0.72501 1.45679 -4.06827
v -2.75610 -3.36785 -0.63318
v -2.60428 3.64107 -0.91660
v 0.59057 -1.75685 -3.87090
v -4.35904 -0.87337 0.85160
v -0.21474 3.09800 -3.20957
v -1.28658 -3.58899 -2.04068
v -3.87533 2.43222 0.32146
v 0.91480 0.20704 -4.23448
v -3.55592 -2.67140 0.10754
v -1.66060 3.80232 -1.84129
v 0.01829 -2.72258 -3.31365
v -4.44802 0.45015 0.90080
v 0.43474 2.15909 -3.82635
v -2.20989 -3.57876 -1.16990
v -3.15472 3.29755 -0.40118
v 0.79286 -1.04133 -4.10093
v -4.14235 -1.63202 0.63833
v -0.74013 3.49391 -2.73395
v -0.75654 -3.36923 -2.57049
v -4.19616 1.72929 0.62266
v 0.81220 0.98567 -4.17484
v -3.08828 -3.13566 -0.34997
v -2.26204 3.74636 -1.28240
v 0.37976 -2.15026 -3.69172
v -4.43637 -0.37224 0.88503
v 0.04143 2.76738 -3.48311
v -1.65097 -3.62272 -1.72180
v -3.63489 2.79593 0.04978
v 0.88232 -0.27695 -4.22493
v -3.81492 -2.29994 0.31805
v -1.31588 3.72651 -2.20607
v -0.27632 -3.00138 -3.05654
v -4.39519 0.94980 0.80843
v 0.59208 1.72568 -4.00165
v -2.56631 -3.44591 -0.86175
v -2.83882 3.51024 -0.74346
v 0.64579 -1.48351 -3.98176
v -4.29567 -1.16416 0.74545
v -0.43851 3.25098 -3.05346
v -1.10460 -3.50226 -2.26520
v -4.02093 2.16221 0.41285
v 0.85360 0.50431 -4.23664
v -3.39571 -2.84734 -0.09161
v -1.91448 3.78219 -1.65216
v 0.13447 -2.50284 -3.48011
v -4.46421 0.13417 0.87035
v 0.26202 2.39247 -3.72102
v -2.01578 -3.59249 -1.40369
v -3.36205 3.10533 -0.25256
v 0.80484 -0.74961 -4.17194
v -4.03595 -1.88721 0.49115
v -0.98368 3.58432 -2.55738
v -0.59431 -3.22630 -2.77799
v -4.29422 1.42955 0.66958
v 0.70588 1.26851 -4.13402
v -2.90743 -3.25177 -0.56944
v -2.50657 3.65654 -1.10052
v 0.45913 -1.89507 -3.82494
v -4.40221 -0.67608 0.80689
v -0.16490 2.95334 -3.34454
v -1.46238 -3.57347 -1.95176
v -3.80557 2.55238 0.16469
v 0.84903 0.02117 -4.25368
v -3.67306 -2.50798 0.13681
v -1.56854 3.74883 -2.01907
v -0.14125 -2.80913 -3.24011
v -4.44245 0.63618 0.80759
v 0.44342 1.98088 -3.91995
v -2.37500 -3.49874 -1.09217
v -3.06264 3.35499 -0.57977
v 0.68407 -1.20315 -4.07740
v -4.21519 -1.44083 0.62325
v -0.67026 3.37947 -2.88914
v -0.93059 -3.39380 -2.48300
v -4.14759 1.88028 0.48682
v 0.77468 0.79606 -4.22223
v -3.22743 -2.99966 -0.29856
v -2.16480 3.73449 -1.46564
v 0.23615 -2.26956 -3.63380
v -4.46032 -0.17703 0.82118
v 0.07594 2.60744 -3.60263
v -1.82407 -3.58165 -1.63580
v -3.55484 2.89264 -0.11707
v 0.79909 -0.45543 -4.22678
v -3.91550 -2.12370 0.33071
v -1.23098 3.64794 -2.37650
v -0.44292 -3.06441 -2.97617
v -4.37201 1.12422 0.69775
v 0.58288 1.54070 -4.07734
v -2.72262 -3.34299 -0.79299
v -2.74297 3.54075 -0.92560
v 0.52238 -1.63028 -3.94377
v -4.34960 -0.96912 0.71148
v -0.38139 3.11684 -3.19574
v -1.27976 -3.50124 -2.17684
v -3.95873 2.29351 0.26357
v 0.79785 0.31686 -4.26584
v -3.52082 -2.69395 -0.05435
v -1.82039 3.74348 -1.83204
v -0.01941 -2.60119 -3.41215
v -4.46930 0.32351 0.78775
v 0.27996 2.22048 -3.82390
v -2.18376 -3.52663 -1.32303
v -3.27416 3.17688 -0.42703
v 0.70510 -0.91753 -4.15740
v -4.11884 -1.70151 0.48611
v -0.90829 3.48248 -2.71813
v -0.76569 -3.26474 -2.69309
v -4.25476 1.58900 0.54279
v 0.67843 1.08027 -4.19146
v -3.05278 -3.12784 -0.51180
v -2.40967 3.65979 -1.28349
v 0.32268 -2.02427 -3.77411
v -4.43700 -0.48098 0.75384
v -0.12224 2.80232 -3.47225
v -1.63620 -3.54690 -1.86498
v -3.73185 2.66155 0.00410
v 0.77553 -0.16070 -4.26521
v -3.78252 -2.34011 0.15835
v -1.48020 3.68435 -2.19299
v -0.30332 -2.88486 -3.16420
v -4.42946 0.81598 0.70703
v 0.44391 1.80024 -4.00532
v -2.53550 -3.40930 -1.01918
v -2.96952 3.40019 -0.75925
v 0.56903 -1.35758 -4.04771
v -4.27960 -1.24925 0.59973
v -0.60650 3.25661 -3.03809
v -1.10439 -3.40702 -2.39594
v -4.09353 2.02172 0.34560
v 0.72897 0.60810 -4.26142
v -3.35985 -2.85703 -0.25398
v -2.06955 3.71068 -1.64674
v 0.08846 -2.37898 -3.57195
v -4.47614 0.01435 0.74924
v 0.10274 2.44264 -3.71438
v -1.99413 -3.53003 -1.55301
v -3.47194 2.97769 -0.28662
v 0.70863 -0.62847 -4.22145
v -4.00800 -1.94455 0.33525
v -1.15083 3.55924 -2.54204
v -0.61097 -3.11625 -2.89453
v -4.34206 1.29099 0.58039
v 0.56535 1.35490 -4.14468
v -2.87341 -3.23161 -0.72988
v -2.64729 3.55895 -1.10741
v 0.39350 -1.76855 -3.90043
v -4.39510 -0.77537 0.66909
v -0.33113 2.97560 -3.33107
v -1.45356 -3.48903 -2.09003
v -3.89201 2.41426 0.10990
v 0.73417 0.13263 -4.28713
v -3.63856 -2.53532 -0.02453
v -1.72945 3.69339 -2.00862
v -0.17636 -2.68899 -3.34127
v -4.46669 0.50743 0.69751
v 0.28982 2.04521 -3.91864
v -2.34767 -3.45090 -1.24660
v -3.18460 3.23632 -0.60302
v 0.59873 -1.07869 -4.13632
v -4.19340 -1.51453 0.47270
v -0.83858 3.37158 -2.87307
v -0.93742 -3.29183 -2.60803
v -4.20934 1.73953 0.41014
v 0.64269 0.89285 -4.24060
v -3.19180 -2.99660 -0.46061
v -2.31415 3.65091 -1.46493
v 0.18164 -2.14402 -3.71883
v -4.46353 -0.28883 0.69256
v -0.08704 2.64565 -3.59240
v -1.80757 -3.50950 -1.78083
v -3.65469 2.75938 -0.15980
v 0.69451 -0.33787 -4.26926
v -3.88411 -2.16849 0.17197
v -1.39608 3.60925 -2.36256
v -0.46741 -2.94957 -3.08643
v -4.40934 0.98887 0.59943
v 0.43610 1.61793 -4.08235
v -2.69098 -3.31086 -0.95136
v -2.87592 3.43308 -0.93905
v 0.44809 -1.50405 -4.01223
v -4.33558 -1.05805 0.56777
v -0.54924 3.12594 -3.18045
v -1.27741 -3.40892 -2.30984
v -4.03441 2.15314 0.19945
v 0.67514 0.42254 -4.29253
v -3.48523 -2.70840 -0.21652
v -1.97686 3.67517 -1.82513
v -0.06286 -2.47819 -3.50662
v -4.48402 0.20115 0.66942
v 0.12162 2.27372 -3.81813
v -2.16067 -3.46814 -1.47391
v -3.38675 3.05083 -0.45833
v 0.61117 -0.79542 -4.20921
v -4.09230 -1.76324 0.33155
v -1.07590 3.46090 -2.70225
v -0.77996 -3.15679 -2.81213
v -4.30572 1.44950 0.45673
v 0.53948 1.16907 -4.20365
v -3.01832 -3.11229 -0.67280
v -2.55236 3.56490 -1.28833
v 0.25954 -1.89783 -3.85215
v -4.43223 -0.58368 0.61835
v -0.28804 2.82793 -3.45913
v -1.62547 -3.46575 -2.00528
v -3.82126 2.52408 -0.04767
v 0.66271 -0.04766 -4.30069
v -3.74870 -2.37212 -0.00240
v -1.64218 3.63224 -2.18139
v -0.33592 -2.76599 -3.26796
v -4.45664 0.68524 0.59989
v 0.29147 1.86741 -4.00511
v -2.50707 -3.36569 -1.17483
v -3.09393 3.28354 -0.77998
v 0.48605 -1.23249 -4.10902
v -4.25957 -1.32703 0.45088
v -0.77496 3.25219 -3.02180
v -1.10897 -3.30755 -2.52333
v -4.15836 1.88061 0.27204
v 0.59871 0.70701 -4.28150
v -3.32416 -2.85866 -0.41619
v -2.22056 3.63006 -1.64428
v 0.03646 -2.25391 -3.65954
v -4.48193 -0.10038 0.62318
v -0.05955 2.48402 -3.70476
v -1.97599 -3.46151 -1.69981
v -3.57461 2.84558 -0.32648
v 0.60619 -0.50964 -4.26608
v -3.97769 -1.99385 0.17750
v -1.31667 3.52396 -2.52728
v -0.63303 -3.00309 -3.00732
v -4.38242 1.15422 0.48511
v 0.41993 1.43473 -4.15100
v -2.84103 -3.20390 -0.88912
v -2.78243 3.45367 -1.11860
v 0.32162 -1.64206 -3.97134
v -4.38315 -0.86800 0.52740
v -0.49882 2.98808 -3.31584
v -1.44915 -3.39960 -2.22520
v -3.97072 2.27407 0.04884
v 0.61333 0.24014 -4.31567
v -3.60332 -2.55443 -0.18647
v -1.88725 3.62822 -2.00029
v -0.21733 -2.56685 -3.43831
v -4.48418 0.38267 0.58194
v 0.13241 2.10142 -3.91372
v -2.32324 -3.39634 -1.39895
v -3.29980 3.11189 -0.63164
v 0.50704 -0.95564 -4.19036
v -4.16830 -1.58052 0.31950
v -1.00661 3.35341 -2.85667
v -0.94937 -3.18597 -2.72950
v -4.26335 1.59918 0.32715
v 0.50528 0.98398 -4.25427
v -3.15697 -2.98560 -0.62210
v -2.45873 3.55869 -1.46778
v 0.12095 -2.01768 -3.79935
v -4.46110 -0.39480 0.55936
v -0.25241 2.67450 -3.57962
v -1.79502 -3.43162 -1.92309
v -3.74701 2.62262 -0.20861
v 0.58368 -0.22330 -4.30671
v -3.85104 -2.20506 0.01185
v -1.55908 3.56040 -2.34984
v -0.49757 -2.83196 -3.19272
v -4.43943 0.85627 0.49519
v 0.28480 1.68786 -4.08321
v -2.66154 -3.27142 -1.10817
v -3.00272 3.31845 -0.95732
v 0.36741 -1.37837 -4.07585
v -4.31733 -1.13978 0.42062
v -0.71782 3.12488 -3.16393
v -1.27983 -3.31194 -2.43951
v -4.10228 2.01172 0.12896
v 0.54658 0.52352 -4.31424
v -3.44957 -2.71461 -0.37885
v -2.12946 3.59745 -1.82098
v -0.11241 -2.35359 -3.59672
v -4.49239 0.08362 0.54590
v -0.03999 2.31819 -3.80910
v -2.14097 -3.40322 -1.62241
v -3.49215 2.91991 -0.49538
v 0.51083 -0.67536 -4.25592
v -4.06311 -1.81693 0.17481
v -1.24244 3.42893 -2.68667
v -0.79965 -3.04530 -2.92738
v -4.34906 1.31141 0.36443
v 0.39540 1.25143 -4.21122
v -2.98527 -3.08893 -0.83285
v -2.68961 3.46196 -1.29731
v 0.19002 -1.77109 -3.92543
v -4.42237 -0.67989 0.47867
v -0.45557 2.84368 -3.44394
v -1.61909 -3.37920 -2.14256
v -3.90293 2.38413 -0.10572
v 0.54371 0.06164 -4.33100
v -3.71388 -2.39578 -0.16406
v -1.80126 3.57014 -2.17166
v -0.37445 -2.64471 -3.36749
v -4.47687 0.55818 0.48703
v 0.13497 1.92653 -4.00100
v -2.48138 -3.31500 -1.32860
v -3.21167 3.16072 -0.80598
v 0.39654 -1.10853 -4.16523
v -4.23595 -1.39715 0.29905
v -0.94339 3.23734 -3.00488
v -1.11867 -3.20376 -2.64716
v -4.21538 1.73948 0.19208
v 0.46280 0.80043 -4.29659
v -3.28904 -2.85210 -0.57813
v -2.36697 3.54046 -1.64520
v -0.02185 -2.12768 -3.74249
v -4.48185 -0.20951 0.49227
v -0.22450 2.51604 -3.69228
v -1.96168 -3.38685 -1.84397
v -3.66976 2.70955 -0.37240
v 0.49731 -0.39357 -4.30543
v -3.94541 -2.03487 0.01804
v -1.48064 3.47828 -2.51346
v -0.66081 -2.88673 -3.11607
v -4.41538 1.01984 0.38371
v 0.26975 1.50736 -4.15287
v -2.81065 -3.16856 -1.04703
v -2.91153 3.34101 -1.13447
v 0.24318 -1.51578 -4.03721
v -4.36670 -0.95356 0.38195
v -0.66751 2.99030 -3.29908
v -1.44947 -3.30509 -2.35710
v -4.04156 2.13242 -0.01865
v 0.48642 0.34315 -4.33895
v -3.56774 -2.56513 -0.34887
v -2.04139 3.55333 -1.99448
v -0.26449 -2.44273 -3.53084
v -4.49510 0.26244 0.46091
v -0.02853 2.14890 -3.90523
v -2.30205 -3.33495 -1.54911
v -3.40788 2.98215 -0.66596
v 0.40874 -0.83437 -4.23908
v -4.14027 -1.63848 0.16378
v -1.17383 3.32467 -2.84028
v -0.96676 -3.07613 -2.84715
v -4.30963 1.45984 0.23778
v 0.36249 1.06883 -4.26303
v -3.12333 -2.96650 -0.78291
v -2.59803 3.45805 -1.47461
v 0.05372 -1.89067 -3.87495
v -4.45333 -0.49447 0.42168
v -0.41978 2.69345 -3.56445
v -1.78672 -3.34789 -2.06242
v -3.83157 2.48292 -0.26374
v 0.46645 -0.11222 -4.33873
v -3.81668 -2.23317 -0.14950
v -1.71941 3.50129 -2.33874
v -0.53374 -2.71153 -3.29469
v -4.46238 0.72700 0.38500
v 0.12917 1.74982 -4.07985
v -2.63464 -3.22453 -1.26331
v -3.12293 3.19721 -0.98077
v 0.28002 -1.25349 -4.13417
v -4.29520 -1.21393 0.27017
v -0.88664 3.11327 -3.14648
v -1.28734 -3.21019 -2.56564
v -4.16225 1.86987 0.05194
v 0.41212 0.61919 -4.33068
v -3.41421 -2.71242 -0.54120
v -2.27765 3.51042 -1.82000
v -0.16840 -2.22744 -3.68203
v -4.49464 -0.02855 0.41723
v -0.20453 2.35328 -3.79688
v -2.12497 -3.33173 -1.76841
v -3.59008 2.78461 -0.53848
v 0.40384 -0.55778 -4.29710
v -4.03166 -1.86228 0.01602
v -1.40737 3.38634 -2.67176
v -0.82511 -2.93017 -3.03855
v -4.38483 1.17533 0.26582
v 0.24628 1.32670 -4.21404
v -2.95400 -3.05761 -0.99182
v -2.82096 3.35125 -1.31085
v 0.11378 -1.64420 -3.99349
v -4.40773 -0.76916 0.33491
v -0.62438 2.84910 -3.42692
v -1.61737 -3.28710 -2.27663
v -3.97669 2.24226 -0.17029
v 0.41838 0.16666 -4.35579
v -3.67842 -2.41087 -0.32650
v -1.95691 3.49802 -2.16423
v -0.41928 -2.52102 -3.46241
v -4.49032 0.43536 0.36846
v -0.02535 1.97695 -3.99299
v -2.45875 -3.25708 -1.48037
v -3.32236 3.03214 -0.83762
v 0.30023 -0.98603 -4.21589
v -4.20909 -1.45927 0.14436
v -1.11128 3.21173 -2.98768
v -1.13382 -3.09552 -2.76716
v -4.26454 1.59895 0.10556
v 0.32124 0.88771 -4.30647
v -3.25485 -2.83717 -0.73967
v -2.50828 3.44207 -1.64992
v -0.08684 -2.00038 -3.82033
v -4.47615 -0.31254 0.35655
v -0.39174 2.53811 -3.67710
v -1.95153 -3.30590 -1.98531
v -3.75715 2.57012 -0.42466
v 0.38179 -0.28073 -4.33908
v -3.91153 -2.06733 -0.14301
v -1.64220 3.42208 -2.50100
v -0.69466 -2.76711 -3.22043
v -4.44100 0.88845 0.27614
v 0.11495 1.57209 -4.15020
v -2.78260 -3.12540 -1.20351
v -3.03416 3.22133 -1.15543
v 0.15787 -1.38996 -4.09756
v -4.34607 -1.03163 0.23285
v -0.83673 2.98182 -3.28108
v -1.45485 -3.20532 -2.48550
v -4.10441 1.98988 -0.09279
v 0.35335 0.44105 -4.35668
v -3.53218 -2.56720 -0.51161
v -2.19133 3.46879 -1.99164
v -0.31820 -2.31662 -3.61845
v -4.49966 0.14731 0.33444
v -0.19272 2.18701 -3.89323
v -2.28441 -3.26657 -1.69692
v -3.50851 2.84757 -0.70630
v 0.30358 -0.71528 -4.28201
v -4.10965 -1.68807 0.00566
v -1.33970 3.28509 -2.82429
v -0.98994 -2.96217 -2.96068
v -4.34817 1.32212 0.14190
v 0.21438 1.14670 -4.26672
v -3.09122 -2.93911 -0.94293
v -2.73158 3.34923 -1.48585
v -0.02038 -1.76314 -3.94512
v -4.44048 -0.58737 0.27958
v -0.58874 2.70197 -3.54713
v -1.78302 -3.25814 -2.19864
v -3.90817 2.34085 -0.32544
v 0.34266 -0.00520 -4.36494
v -3.78137 -2.25255 -0.31200
v -1.87653 3.43184 -2.32969
v -0.57628 -2.58823 -3.39195
v -4.47831 0.60165 0.26883
v -0.03057 1.80312 -4.07227
v -2.61063 -3.17001 -1.41665
v -3.23616 3.06976 -1.00980
v 0.18564 -1.12974 -4.18669
v -4.26952 -1.28011 0.11648
v -1.05521 3.09071 -3.12844
v -1.30030 -3.10350 -2.68796
v -4.21422 1.72819 -0.03178
v 0.27174 0.70889 -4.34161
v -3.37950 -2.70158 -0.70346
v -2.42093 3.41419 -1.82265
v -0.23119 -2.09981 -3.76206
v -4.49098 -0.13486 0.28343
v -0.37168 2.37839 -3.78163
v -2.11302 -3.25348 -1.91174
v -3.68023 2.64544 -0.58795
v 0.28998 -0.44317 -4.33231
v -3.99828 -1.89899 -0.14473
v -1.57013 3.33295 -2.65794
v -0.85669 -2.81129 -3.14525
v -4.41308 1.04186 0.16080
v 0.09225 1.39417 -4.21198
v -2.92485 -3.01810 -1.14962
v -2.94595 3.23306 -1.32935
v 0.03048 -1.51740 -4.05581
v -4.38858 -0.85106 0.18713
v -0.79402 2.84367 -3.40833
v -1.62067 -3.18925 -2.40726
v -4.04235 2.09904 -0.24161
v 0.28664 0.26678 -4.37471
v -3.64268 -2.41711 -0.48964
v -2.10856 3.41586 -2.15954
v -0.47077 -2.39491 -3.55227
v -4.49714 0.31733 0.24415
v -0.18922 2.01800 -3.98114
v -2.43952 -3.19172 -1.62997
v -3.42563 2.89824 -0.87527
v 0.19683 -0.86540 -4.26050
v -4.17931 -1.51301 -0.01312
v -1.27811 3.17505 -2.97057
v -1.15477 -2.98267 -2.88301
v -4.30579 1.45962 0.01234
v 0.17409 0.96816 -4.31095
v -3.22193 -2.81363 -0.90072
v -2.64398 3.33505 -1.65890
v -0.15885 -1.87215 -3.89257
v -4.46506 -0.40897 0.21605
v -0.56087 2.54965 -3.65942
v -1.94588 -3.21843 -2.12364
v -3.83653 2.42783 -0.48358
v 0.25947 -0.17168 -4.36663
v -3.87639 -2.09090 -0.30555
v -1.80079 3.35520 -2.49034
v -0.73496 -2.64413 -3.31998
v -4.45937 0.76062 0.16231
v -0.04427 1.62823 -4.14295
v -2.75723 -3.07420 -1.35842
v -3.14989 3.09495 -1.18189
v 0.06536 -1.26491 -4.15188
v -4.32154 -1.10178 0.08013
v -1.00600 2.96222 -3.26217
v -1.46565 -3.10010 -2.61010
v -4.15914 1.84704 -0.17378
v 0.21408 0.53315 -4.36856
v -3.49698 -2.56035 -0.67460
v -2.33654 3.37463 -1.99223
v -0.37885 -2.18859 -3.70063
v -4.49801 0.03780 0.20251
v -0.35982 2.21508 -3.87784
v -2.27068 -3.19094 -1.84221
v -3.60136 2.70862 -0.75304
v 0.19131 -0.59885 -4.31870
v -4.07677 -1.72893 -0.15480
v -1.50369 3.23440 -2.80909
v -1.01929 -2.84395 -3.06969
v -4.37897 1.18661 0.03936
v 0.06106 1.21687 -4.26520
v -3.06097 -2.90316 -1.10203
v -2.85889 3.23244 -1.50195
v -0.10172 -1.63530 -4.00935
v -4.42278 -0.67301 0.13306
v -0.75884 2.69951 -3.52790
v -1.78425 -3.16214 -2.33147
v -3.97659 2.19694 -0.39402
v 0.21218 0.09716 -4.38497
v -3.74546 -2.26287 -0.47554
v -2.02989 3.35198 -2.32316
v -0.62558 -2.46202 -3.48401
v -4.48733 0.48079 0.14659
v -0.19418 1.84706 -4.06047
v -2.58982 -3.10759 -1.56804
v -3.34202 2.93648 -1.04480
v 0.08395 -1.00752 -4.23292
v -4.24056 -1.33789 -0.04040
v -1.22301 3.05683 -3.11018
v -1.31905 -2.99168 -2.80611
v -4.25812 1.58725 -0.12242
v 0.12546 0.79190 -4.34679
v -3.34578 -2.68179 -0.86555
v -2.55875 3.30888 -1.82939
v -0.30117 -1.97080 -3.83631
v -4.48161 -0.23476 0.14449
v -0.54105 2.39288 -3.76352
v -2.10544 -3.16820 -2.05217
v -3.76232 2.50289 -0.64414
v 0.16905 -0.33207 -4.36111
v -3.96328 -1.92666 -0.30736
v -1.73020 3.26854 -2.64565
v -0.89479 -2.68854 -3.24705
v -4.43381 0.91159 0.04923
v -0.06653 1.45310 -4.20499
v -2.89813 -2.97012 -1.30609
v -3.06413 3.10766 -1.35328
v -0.06023 -1.39098 -4.11186
v -4.36517 -0.92510 0.03532
v -0.96403 2.82693 -3.38849
v -1.62933 -3.08542 -2.53412
v -4.09977 1.95504 -0.31995
v 0.14841 0.36131 -4.38745
v -3.60697 -2.41416 -0.65338
v -2.25569 3.32367 -2.15807
v -0.52932 -2.26638 -3.63654
v -4.49743 0.20467 0.11401
v -0.35634 2.04898 -3.96552
v -2.42402 -3.11862 -1.77722
v -3.52113 2.75944 -0.91932
v 0.08608 -0.74711 -4.29859
v -4.14689 -1.55793 -0.17335
v -1.44333 3.12697 -2.95395
v -1.18193 -2.86504 -2.99431
v -4.33909 1.32207 -0.08779
v 0.02138 1.04103 -4.30986
v -3.19059 -2.78115 -1.06115
v -2.77358 3.21958 -1.67260
v -0.23830 -1.74318 -3.95865
v -4.44877 -0.49829 0.07075
v -0.73149 2.55007 -3.63947
v -1.94507 -3.12416 -2.25867
v -3.90764 2.28318 -0.54947
v 0.13015 -0.06706 -4.38768
v -3.84028 -2.10520 -0.46954
v -1.95586 3.27752 -2.48194
v -0.78212 -2.51773 -3.41421
v -4.47053 0.63695 0.04208
v -0.20771 1.67502 -4.13113
v -2.73486 -3.01462 -1.51159
v -3.25829 2.96220 -1.21429
v -0.03470 -1.14102 -4.19964
v -4.29336 -1.16354 -0.07620
v -1.17481 2.93104 -3.24270
v -1.48223 -2.98920 -2.73054
v -4.20561 1.70448 -0.26190
v 0.06858 0.61875 -4.37433
v -3.46244 -2.54422 -0.83775
v -2.47648 3.27092 -1.99673
v -0.44685 -2.05871 -3.77683
v -4.49029 -0.06553 0.06505
v -0.52949 2.23246 -3.85921
v -2.26119 -3.10775 -1.98474
v -3.68611 2.56573 -0.80655
v 0.07168 -0.48564 -4.34867
v -4.04189 -1.76062 -0.31757
v -1.66524 3.17235 -2.79512
v -1.05522 -2.72134 -3.17371
v -4.40201 1.05390 -0.07002
v -0.09737 1.27859 -4.25835
v -3.03291 -2.85830 -1.26010
v -2.97948 3.10793 -1.52338
v -0.19069 -1.50742 -4.06707
v -4.40044 -0.75088 -0.01789
v -0.92965 2.68553 -3.50706
v -1.79079 -3.05958 -2.46060
v -4.03662 2.05172 -0.46978
v 0.07487 0.19415 -4.39848
v -3.70923 -2.26373 -0.64007
v -2.17894 3.26164 -2.31962
v -0.68208 -2.33289 -3.57034
v -4.48951 0.36499 0.01818
v -0.36141 1.88090 -4.04454
v -2.57256 -3.03692 -1.71726
v -3.44011 2.79774 -1.08622
v -0.02537 -0.88727 -4.27231
v -4.20857 -1.38681 -0.20045
v -1.38951 3.01124 -3.09209
v -1.34403 -2.87449 -2.91967
v -4.29383 1.44764 -0.22021
v -0.02672 0.86747 -4.34601
v -3.31334 -2.65267 -1.02735
v -2.69062 3.19460 -1.84071
v -0.37877 -1.84060 -3.90417
v -4.46665 -0.32771 0.00032
v -0.71226 2.39611 -3.74277
v -2.10260 -3.07556 -2.18941
v -3.83606 2.35743 -0.70741
v 0.04082 -0.22511 -4.38308
v -3.92694 -1.94486 -0.47184
v -1.88699 3.19292 -2.63535
v -0.93984 -2.56183 -3.34342
v -4.44704 0.78511 -0.06906
v -0.22989 1.50272 -4.19302
v -2.87418 -2.91327 -1.46108
v -3.17503 2.97533 -1.38311
v -0.15873 -1.26531 -4.16107
v -4.33771 -0.99077 -0.12052
v -1.13392 2.79834 -3.36774
v -1.64375 -2.97531 -2.65685
v -4.14874 1.81080 -0.40563
v 0.00359 0.44952 -4.39372
v -3.57159 -2.40160 -0.81765
v -2.39774 3.22143 -2.16033
v -0.59539 -2.13550 -3.71465
v -4.49129 0.09794 -0.02206
v -0.52641 2.06918 -3.94628
v -2.41261 -3.03740 -1.92188
v -3.60848 2.61613 -0.97021
v -0.03233 -0.63169 -4.32963
v -4.11208 -1.59356 -0.33632
v -1.60642 3.06715 -2.93827
v -1.21570 -2.74241 -3.10055
v -4.36434 1.18688 -0.19506
v -0.13679 1.10552 -4.30304
v -3.16116 -2.73930 -1.22085
v -2.89656 3.09581 -1.69154
v -0.32559 -1.61372 -4.01796
v -4.42743 -0.57994 -0.07943
v -0.90317 2.53876 -3.61753
v -1.94950 -3.02275 -2.39008
v -3.97022 2.13668 -0.62272
v -0.00631 0.03246 -4.40183
v -3.80348 -2.10978 -0.63492
v -2.10685 3.18889 -2.47630
v -0.83660 -2.38786 -3.50257
v -4.47450 0.51802 -0.08470
v -0.37515 1.71169 -4.11475
v -2.71582 -2.94624 -1.66284
v -3.35893 2.82339 -1.25310
v -0.14267 -1.01871 -4.24025
v -4.26173 -1.21638 -0.23615
v -1.34266 2.88782 -3.22306
v -1.50504 -2.87233 -2.84637
v -4.24366 1.56275 -0.35745
v -0.08318 0.69705 -4.37376
v -3.42885 -2.51836 -1.00098
v -2.61060 3.15768 -2.00566
v -0.52266 -1.92712 -3.84643
v -4.47659 -0.16210 -0.07808
v -0.70139 2.23842 -3.83754
v -2.25630 -3.01660 -2.12423
v -3.76241 2.41935 -0.86726
v -0.05556 -0.37625 -4.37145
v -4.00526 -1.78264 -0.48263
v -1.82381 3.09864 -2.78287
v -1.09819 -2.59416 -3.27222
v -4.41722 0.92457 -0.18648
v -0.26077 1.33103 -4.24611
v -3.00734 -2.80407 -1.41697
v -3.09286 2.97587 -1.55065
v -0.28770 -1.37985 -4.11766
v -4.37362 -0.82042 -0.17335
v -1.10069 2.65944 -3.48492
v -1.80306 -2.95012 -2.58563
v -4.08802 1.90572 -0.55309
v -0.06937 0.28504 -4.40510
v -3.67294 -2.25463 -0.80553
v -2.32311 3.16071 -2.31960
v -0.74625 -2.20086 -3.65033
v -4.48486 0.25485 -0.11660
v -0.53199 1.90388 -4.02454
v -2.55920 -2.95754 -1.86410
v -3.53001 2.65387 -1.13453
v -0.14265 -0.76953 -4.30432
v -4.17375 -1.42631 -0.36371
v -1.55420 2.95351 -3.07460
v -1.37567 -2.75170 -3.02814
v -4.32121 1.30992 -0.32547
v -0.18477 0.93478 -4.33910
v -3.28248 -2.61372 -1.18876
v -2.81598 3.07141 -1.85716
v -0.46445 -1.70940 -3.96502
v -4.44622 -0.41314 -0.14920
v -0.88491 2.38739 -3.71961
v -2.10489 -2.97514 -2.32313
v -3.90112 2.20951 -0.77821
v -0.09492 -0.12297 -4.39776
v -3.88950 -1.95307 -0.63817
v -2.03996 3.10583 -2.62755
v -0.99233 -2.43105 -3.43379
v -4.45271 0.66300 -0.19432
v -0.39767 1.54220 -4.17606
v -2.85331 -2.84707 -1.61441
v -3.27818 2.83630 -1.41935
v -0.26542 -1.14080 -4.20283
v -4.30634 -1.04750 -0.28049
v -1.30319 2.75737 -3.34644
v -1.66439 -2.85859 -2.77498
v -4.18904 1.66686 -0.49901
v -0.14789 0.53061 -4.39320
v -3.53679 -2.37890 -0.98238
v -2.53414 3.10907 -2.16684
v -0.66946 -2.00236 -3.78595
v -4.47875 -0.00226 -0.16426
v -0.69911 2.07781 -3.92355
v -2.40564 -2.94760 -2.06366
v -3.68728 2.46868 -1.02841
v -0.15870 -0.51975 -4.35310
v -4.07507 -1.61934 -0.50206
v -1.76682 2.99520 -2.92398
v -1.25660 -2.61459 -3.20119
v -4.38142 1.05464 -0.30979
v -0.30036 1.16080 -4.29038
v -3.13391 -2.68756 -1.37968
v -3.01239 2.96385 -1.71626
v -0.42119 -1.48407 -4.06985
v -4.40114 -0.65334 -0.23462
v -1.07548 2.51506 -3.59389
v -1.95957 -2.91377 -2.51746
v -4.02395 1.98878 -0.70374
v -0.15011 0.12611 -4.40869
v -3.76621 -2.10405 -0.80168
v -2.25318 3.08909 -2.47394
v -0.89892 -2.25448 -3.58440
v -4.47123 0.40443 -0.21830
v -0.54637 1.73741 -4.09385
v -2.70045 -2.86855 -1.81192
v -3.45133 2.67879 -1.29886
v -0.25892 -0.89850 -4.27314
v -4.22679 -1.25972 -0.39983
v -1.50903 2.83204 -3.20366
v -1.53454 -2.74919 -2.95707
v -4.27307 1.42240 -0.46079
v -0.24124 0.76721 -4.36658
v -3.39649 -2.48220 -1.16419
v -2.73835 3.03490 -2.01959
v -0.60678 -1.79399 -3.90876
v -4.45694 -0.25130 -0.22706
v -0.87515 2.23220 -3.81301
v -2.25641 -2.91700 -2.26032
v -3.82987 2.26987 -0.93566
v -0.19070 -0.27138 -4.38653
v -3.96707 -1.79440 -0.65001
v -1.97882 3.01293 -2.77283
v -1.14871 -2.46227 -3.36458
v -4.42446 0.79921 -0.31033
v -0.42903 1.37332 -4.22841
v -2.98458 -2.73989 -1.57246
v -3.19850 2.83643 -1.58431
v -0.39321 -1.25295 -4.16046
v -4.34240 -0.88101 -0.33345
v -1.27150 2.62059 -3.46183
v -1.82149 -2.83336 -2.70609
v -4.13047 1.75942 -0.64439
v -0.22070 0.36900 -4.40450
v -3.63684 -2.23498 -0.97189
v -2.46182 3.04903 -2.32364
v -0.81863 -2.06596 -3.72328
v -4.47334 0.15099 -0.25799
v -0.70564 1.91513 -4.00059
v -2.55009 -2.86890 -2.00826
v -3.61127 2.50517 -1.19025
v -0.26826 -0.65490 -4.32837
v -4.13624 -1.45579 -0.53026
v -1.71652 2.88316 -3.05816
v -1.41449 -2.62303 -3.13092
v -4.34006 1.17465 -0.43857
v -0.34867 0.99292 -4.32585
v -3.25347 -2.56433 -1.34964
v -2.93427 2.93936 -1.87929
v -0.55871 -1.57747 -4.01815
v -4.42033 -0.49039 -0.30426
v -1.05862 2.36597 -3.69430
v -2.11274 -2.86645 -2.45291
v -3.95711 2.05956 -0.85701
v -0.23842 -0.02644 -4.40469
v -3.85113 -1.95064 -0.80635
v -2.18851 3.00698 -2.62278
v -1.05282 -2.29611 -3.51746
v -4.45069 0.54588 -0.32686
v -0.56969 1.57064 -4.15409
v -2.83587 -2.77090 -1.76584
v -3.37306 2.69076 -1.46257
v -0.38075 -1.01794 -4.23648
v -4.27116 -1.09464 -0.44472
v -1.47136 2.70340 -3.32499
v -1.69172 -2.73487 -2.88796
v -4.22037 1.52371 -0.60053
v -0.30612 0.60370 -4.38560
v -3.50282 -2.34539 -1.14752
v -2.66431 2.98647 -2.17820
v -0.75208 -1.86708 -3.84971
v -4.45975 -0.09528 -0.31283
v -0.87414 2.07403 -3.89748
v -2.40352 -2.84863 -2.20221
v -3.75708 2.31743 -1.09447
v -0.29337 -0.41199 -4.36844
v -4.03600 -1.63459 -0.67065
v -1.92396 2.91068 -2.91158
v -1.30516 -2.48135 -3.29556
v -4.39012 0.92592 -0.43235
v -0.46928 1.20592 -4.27175
v -3.10916 -2.62526 -1.53746
v -3.12052 2.82377 -1.74734
v -0.52561 -1.35458 -4.11363
v -4.36992 -0.71780 -0.39502
v -1.24798 2.47821 -3.56885
v -1.97578 -2.79674 -2.64031
v -4.06847 1.83995 -0.79304
v -0.30146 0.21306 -4.40782
v -3.72867 -2.08735 -0.96981
v -2.39426 2.97787 -2.47543
v -0.96964 -2.11757 -3.65899
v -4.46059 0.29681 -0.35903
v -0.72115 1.75124 -4.06849
v -2.68912 -2.78090 -1.95855
v -3.53499 2.52861 -1.35214
v -0.38390 -0.78097 -4.29764
v -4.18864 -1.29286 -0.56735
v -1.67339 2.76312 -3.18493
v -1.57127 -2.61941 -3.06203
v -4.29356 1.28394 -0.57238
v -0.40565 0.82829 -4.35256
v -3.36560 -2.43502 -1.32728
v -2.85913 2.90249 -2.03911
v -0.69979 -1.65954 -3.96307
v -4.43130 -0.33246 -0.38215
v -1.05042 2.21297 -3.78586
v -2.26198 -2.80837 -2.39259
v -3.88805 2.11763 -1.01230
v -0.33406 -0.17180 -4.39338
v -3.92745 -1.79518 -0.81978
v -2.12969 2.91480 -2.76553
v -1.20739 -2.32549 -3.45009
v -4.42355 0.67844 -0.44196
v -0.60204 1.40449 -4.20516
v -2.96495 -2.66507 -1.72636
v -3.29584 2.68969 -1.62499
v -0.50774 -1.12720 -4.19477
v -4.30680 -0.93195 -0.49842
v -1.44163 2.56827 -3.43816
v -1.84664 -2.70881 -2.82140
v -4.16361 1.61329 -0.74419
v -0.37929 0.44513 -4.39628
v -3.60111 -2.20402 -1.13912
v -2.59447 2.92636 -2.33235
v -0.89983 -1.92825 -3.78843
v -4.45483 0.05406 -0.40634
v -0.88212 1.91373 -3.97278
v -2.54565 -2.77034 -2.14937
v -3.68336 2.35189 -1.25401
v -0.40263 -0.54404 -4.34383
v -4.09612 -1.47449 -0.70024
v -1.87592 2.79962 -3.04326
v -1.46109 -2.48815 -3.22733
v -4.35007 1.04240 -0.55997
v -0.51845 1.04092 -4.30607
v -3.22660 -2.50374 -1.50987
v -3.04490 2.79836 -1.90776
v -0.66215 -1.44510 -4.06280
v -4.38893 -0.55877 -0.46514
v -1.23299 2.33100 -3.66712
v -2.12665 -2.74889 -2.57824
v -4.00359 1.90794 -0.94439
v -0.38997 0.06366 -4.40338
v -3.81198 -1.93678 -0.97643
v -2.33206 2.89597 -2.62161
v -1.12193 -2.15689 -3.59365
v -4.44076 0.43439 -0.46710
v -0.74581 1.58705 -4.12709
v -2.82220 -2.68402 -1.91508
v -3.45910 2.53882 -1.51341
v -0.50525 -0.89726 -4.26130
v -4.23216 -1.13143 -0.61342
v -1.63793 2.63571 -3.30379
v -1.72635 -2.60370 -2.99514
v -4.24237 1.38186 -0.71073
v -0.47125 0.66781 -4.37059
v -3.46989 -2.30028 -1.31299
v -2.78762 2.85343 -2.19503
v -0.84391 -1.72980 -3.90513
v -4.43416 -0.18042 -0.46815
v -1.05119 2.05690 -3.86826
v -2.40670 -2.73980 -2.33708
v -3.81736 2.16263 -1.16901
v -0.43677 -0.30916 -4.37504
v -3.99495 -1.63851 -0.84221
v -2.07727 2.81303 -2.90160
v -1.36203 -2.34241 -3.38291
v -4.39014 0.80131 -0.56323
v -0.64352 1.23985 -4.24698
v -3.08721 -2.55158 -1.69400
v -3.22032 2.67553 -1.78545
v -0.63946 -1.22565 -4.14848
v -4.33370 -0.77258 -0.56093
v -1.42025 2.42738 -3.54274
v -1.99867 -2.67106 -2.75804
v -4.10331 1.69057 -0.89123
v -0.46063 0.29238 -4.39877
v -3.69100 -2.05880 -1.13933
v -2.52946 2.85485 -2.48139
v -1.04946 -1.97711 -3.72549
v -4.44236 0.19585 -0.50734
v -0.89932 1.75217 -4.03870
v -2.68224 -2.68250 -2.10237
v -3.60932 2.37299 -1.41361
v -0.51813 -0.66676 -4.31304
v -4.14726 -1.31497 -0.73894
v -1.83522 2.68033 -3.16734
v -1.61589 -2.48257 -3.16052
v -4.30472 1.14792 -0.69277
v -0.57653 0.87925 -4.33140
v -3.33643 -2.37595 -1.49014
v -2.97230 2.76026 -2.06489
v -0.80235 -1.52399 -4.00850
v -4.39950 -0.40482 -0.54373
v -1.22688 2.17975 -3.75629
v -2.27350 -2.68999 -2.52051
v -3.93639 1.96294 -1.09785
v -0.48603 -0.07836 -4.39142
v -3.88649 -1.78408 -0.99205
v -2.27581 2.80371 -2.76154
v -1.27491 -2.18362 -3.52790
v -4.41414 0.56288 -0.58189
v -0.77975 1.42346 -4.17626
v -2.94880 -2.57872 -1.87841
v -3.38424 2.53565 -1.67338
v -0.63191 -1.00308 -4.21977
v -4.26674 -0.97241 -0.66853
v -1.61060 2.50161 -3.41427
v -1.87910 -2.57589 -2.93090
v -4.18696 1.46777 -0.85313
v -0.54539 0.51241 -4.38002
v -3.56594 -2.16081 -1.30719
v -2.72038 2.79234 -2.34638
v -0.99056 -1.78779 -3.84490
v -4.42907 -0.03520 -0.56209
v -1.06119 1.89861 -3.94122
v -2.54633 -2.66102 -2.28700
v -3.74567 2.19419 -1.32649
v -0.54627 -0.43770 -4.34997
v -4.05339 -1.48149 -0.87385
v -2.03184 2.70218 -3.03041
v -1.51616 -2.34669 -3.31655
v -4.35083 0.91372 -0.69028
v -0.69417 1.07767 -4.27952
v -3.20213 -2.43098 -1.66926
v -3.14718 2.64825 -1.94326
v -0.77546 -1.31266 -4.09808
v -4.35184 -0.61743 -0.63223
v -1.40763 2.28148 -3.63833
v -2.14720 -2.62174 -2.69852
v -4.03999 1.75499 -1.04106
v -0.54996 0.14635 -4.39326
v -3.77215 -1.91053 -1.14850
v -2.46993 2.77225 -2.62466
v -1.20042 -2.01328 -3.66149
v -4.42259 0.32920 -0.61558
v -0.92593 1.59028 -4.09502
v -2.81272 -2.58549 -2.06181
v -3.53562 2.38048 -1.57261
v -0.63953 -0.77940 -4.27648
v -4.18927 -1.15694 -0.78689
v -1.80238 2.55342 -3.28329
v -1.76894 -2.46451 -3.09578
v -4.25450 1.24178 -0.83028
v -0.64350 0.72185 -4.34776
v -3.43821 -2.24254 -1.47873
v -2.90338 2.70957 -2.21803
v -0.94571 -1.59067 -3.95126
v -4.40171 -0.25689 -0.63068
v -1.22999 2.02530 -3.83601
v -2.41572 -2.62024 -2.46776
v -3.86747 2.00448 -1.25279
v -0.58940 -0.21212 -4.37219
v -3.95191 -1.63009 -1.01694
v -2.22614 2.70153 -2.89460
v -1.42799 -2.19747 -3.46234
v -4.38103 0.68144 -0.70306
v -0.82311 1.26142 -4.21589
v -3.06837 -2.46549 -1.84907
v -3.31108 2.51897 -1.83136
v -0.76347 -1.09773 -4.17350
v -4.29229 -0.81674 -0.73273
v -1.59186 2.36153 -3.51590
v -2.02889 -2.53601 -2.86997
v -4.12785 1.54101 -0.99903
v -0.62797 0.36301 -4.38100
v -3.65333 -2.01734 -1.31029
v -2.65810 2.71947 -2.49248
v -1.13918 -1.83304 -3.78296
v -4.41617 0.10228 -0.66379
v -1.08071 1.73900 -4.00448
v -2.68026 -2.57234 -2.24297
v -3.67360 2.21196 -1.48408
v -0.66224 -0.55660 -4.31852
v -4.10256 -1.32503 -0.91489
v -1.99395 2.58279 -3.15138
v -1.66914 -2.33815 -3.25168
v -4.30601 1.01486 -0.82269
v -0.75405 0.91891 -4.30274
v -3.30921 -2.30387 -1.65265
v -3.07710 2.60785 -2.09769
v -0.91527 -1.38761 -4.04409
v -4.36125 -0.46749 -0.71230
v -1.40419 2.13138 -3.72449
v -2.29159 -2.56096 -2.64348
v -3.97422 1.80600 -1.19311
v -0.64712 0.00797 -4.37995
v -3.84420 -1.76000 -1.16697
v -2.41653 2.67891 -2.76149
v -1.35212 -2.03640 -3.59705
v -4.39576 0.45321 -0.73080
v -0.96216 1.42897 -4.14158
v -2.93651 -2.47973 -2.02828
v -3.46294 2.37413 -1.73031
v -0.76646 -0.88118 -4.23453
v -4.22200 -1.00136 -0.84419
v -1.77793 2.41955 -3.39056
v -1.91961 -2.43390 -3.03379
v -4.19987 1.32325 -0.97199
v -0.71934 0.56969 -4.35521
v -3.53146 -2.10418 -1.47612
v -2.83884 2.64642 -2.36647
v -1.09171 -1.64462 -3.89165
v -4.39564 -0.11596 -0.72587
v -1.24268 1.86851 -3.90595
v -2.55268 -2.53989 -2.42064
v -3.79745 2.03211 -1.40857
v -0.69983 -0.33674 -4.34598
v -4.00795 -1.47568 -1.05137
v -2.18367 2.58990 -3.02016
v -1.58056 -2.19818 -3.39765
v -4.34175 0.78920 -0.83025
v -0.87600 1.10189 -4.24587
v -3.18035 -2.34485 -1.82763
v -3.24033 2.48868 -1.98662
v -0.89951 -1.18050 -4.12297
v -4.30874 -0.66541 -0.80606
v -1.58220 2.21622 -3.60818
v -2.17507 -2.48408 -2.81301
v -4.06556 1.60095 -1.14788
v -0.71889 0.22057 -4.37364
v -3.73166 -1.87064 -1.32268
v -2.60144 2.63506 -2.63262
v -1.28921 -1.86509 -3.71991
v -4.39564 0.23108 -0.77303
v -1.11001 1.57899 -4.05777
v -2.80786 -2.47410 -2.20561
v -3.60182 2.21562 -1.64107
v -0.78439 -0.66502 -4.28105
v -4.14224 -1.17006 -0.96554
v -1.96420 2.45544 -3.26391
v -1.82034 -2.31661 -3.18896
v -4.25607 1.10393 -0.96003
v -0.82319 0.76455 -4.31662
v -3.40794 -2.17086 -1.64469
v -3.01079 2.55435 -2.24802
v -1.05840 -1.44986 -3.98703
v -4.36194 -0.32374 -0.80108
v -1.41032 1.97790 -3.80084
v -2.43120 -2.48886 -2.59363
v -3.90659 1.84304 -1.34674
v -0.75192 -0.12183 -4.35906
v -3.90679 -1.60806 -1.19509
v -2.36991 2.57521 -2.89120
v -1.50397 -2.04609 -3.53282
v -4.36213 0.56695 -0.85268
v -1.00819 1.26923 -4.17819
v -3.05300 -2.36567 -2.00238
v -3.39195 2.35372 -1.88596
v -0.89854 -0.97132 -4.18762
v -4.24533 -0.84919 -0.91098
v -1.76241 2.27939 -3.48862
v -2.06724 -2.39067 -2.97524
v -4.14131 1.39157 -1.11740
v -0.80400 0.42375 -4.35381
v -3.61570 -1.96160 -1.48278
v -2.77939 2.57096 -2.50948
v -1.23981 -1.68528 -3.83024
v -4.38141 0.01699 -0.82917
v -1.26527 1.71029 -3.96577
v -2.68372 -2.44917 -2.37982
v -3.72695 2.04540 -1.56450
v -0.81706 -0.45131 -4.31309
v -4.05431 -1.32177 -1.09561
v -2.14901 2.46931 -3.13756
v -1.73198 -2.18548 -3.33449
v -4.29666 0.88527 -0.96307
v -0.93853 0.94588 -4.26610
v -3.28418 -2.21735 -1.81468
v -3.17269 2.44468 -2.13840
v -1.03957 -1.25067 -4.06865
v -4.31605 -0.51942 -0.88855
v -1.58209 2.06644 -3.69065
v -2.31698 -2.42015 -2.76075
v -4.00063 1.64693 -1.29908
v -0.81801 0.08609 -4.35812
v -3.80049 -1.72151 -1.34479
v -2.55111 2.53940 -2.76607
v -1.44007 -1.88348 -3.65639
v -4.36769 0.35018 -0.88958
v -1.14936 1.41953 -4.10085
v -2.92850 -2.36666 -2.17561
v -3.53100 2.20480 -1.79675
v -0.91236 -0.76210 -4.23791
v -4.17222 -1.01755 -1.02599
v -1.94317 2.32073 -3.36740
v -1.96909 -2.28189 -3.12910
v -4.20145 1.18009 -1.10182
v -0.90164 0.61562 -4.32116
v -3.49776 -2.03260 -1.64594
v -2.94898 2.48777 -2.39347
v -1.20436 -1.49877 -3.92745
v -4.35392 -0.18722 -0.89851
v -1.42646 1.82188 -3.86695
v -2.56534 -2.40560 -2.54966
v -3.83771 1.86556 -1.50129
v -0.86417 -0.24210 -4.33082
v -3.95956 -1.45560 -1.23321
v -2.33075 2.46155 -3.01309
v -1.65534 -2.04198 -3.46947
v -4.32197 0.66945 -0.98091
v -1.06423 1.11205 -4.20466
v -3.16158 -2.24376 -1.98477
v -3.32339 2.31904 -2.03882
v -1.03537 -1.04901 -4.13621
v -4.25910 -0.70147 -0.98735
v -1.75636 2.13366 -3.57690
v -2.21113 -2.33475 -2.92086
v -4.07932 1.44599 -1.26596
v -0.89745 0.28506 -4.34366
v -3.69045 -1.81553 -1.49919
v -2.72576 2.48334 -2.64627
v -1.38946 -1.71205 -3.76764
v -4.35912 0.14090 -0.94041
v -1.29813 1.55155 -4.01512
v -2.80817 -2.34833 -2.34601
v -3.65665 2.04386 -1.71987
v -0.94084 -0.55491 -4.27382
v -4.09070 -1.16933 -1.14996
v -2.12284 2.34028 -3.24612
v -1.88158 -2.15907 -3.27357
v -4.24610 0.96873 -1.10112
v -1.01084 0.79441 -4.27650
v -3.37924 -2.08355 -1.81083
v -3.10891 2.38688 -2.28593
v -1.18320 -1.30748 -4.01108
v -4.31414 -0.37984 -0.98024
v -1.59203 1.91300 -3.76279
v -2.45390 -2.34423 -2.71392
v -3.93364 1.67825 -1.45201
v -0.92524 -0.03943 -4.33457
v -3.85937 -1.57079 -1.37707
v -2.50783 2.43274 -2.89208
v -1.59116 -1.88770 -3.59305
v -4.33250 0.45857 -1.01320
v -1.19905 1.26161 -4.13343
v -3.04150 -2.25039 -2.15364
v -3.46186 2.17918 -1.95035
v -1.04584 -0.84694 -4.18951
v -4.19225 -0.86852 -1.09645
v -1.93150 2.17929 -3.46120
v -2.11471 -2.23381 -3.07284
v -4.14258 1.24246 -1.24757
v -0.98944 0.47316 -4.31633
v -3.57811 -1.88978 -1.65695
v -2.89242 2.40815 -2.53325
v -1.35262 -1.53363 -3.86594
v -4.33723 -0.05902 -1.00453
v -1.45304 1.66423 -3.92238
v -2.69329 -2.31130 -2.51233
v -3.76822 1.87294 -1.65609
v -0.98368 -0.35182 -4.29548
v -4.00210 -1.30355 -1.28171
v -2.29978 2.33833 -3.12641
v -1.80557 -2.02365 -3.40770
v -4.27556 0.75969 -1.11516
v -1.13050 0.95847 -4.22082
v -3.26157 -2.11450 -1.97612
v -3.25799 2.26983 -2.18809
v -1.17656 -1.11340 -4.08075
v -4.26314 -0.55927 -1.07346
v -1.76036 1.98307 -3.65483
v -2.35057 -2.26604 -2.87140
v -4.01442 1.48568 -1.41708
v -0.99966 0.15468 -4.32480
v -3.75515 -1.66676 -1.52590
v -2.67871 2.38371 -2.77606
v -1.54009 -1.72433 -3.70448
v -4.32887 0.25467 -1.05947
v -1.34164 1.39325 -4.05365
v -2.92530 -2.23764 -2.31996
v -3.58724 2.02700 -1.87394
v -1.07089 -0.64654 -4.22850
v -4.11677 -1.01935 -1.21473
v -2.10584 2.20332 -3.34515
v -2.02869 -2.11863 -3.21564
v -4.19046 1.03858 -1.24397
v -1.09306 0.64857 -4.27695
v -3.46489 -1.94406 -1.81673
v -3.04977 2.31515 -2.42838
v -1.32995 -1.35013 -3.95076
v -4.30293 -0.24779 -1.08116
v -1.61255 1.75672 -3.82408
v -2.58510 -2.25635 -2.67330
v -3.86517 1.69417 -1.60603
v -1.04047 -0.15491 -4.30316
v -3.90780 -1.41936 -1.41998
v -2.47238 2.31539 -3.00984
v -1.74185 -1.87720 -3.53059
v -4.29026 0.55512 -1.14365
v -1.25940 1.10626 -4.15522
v -3.14613 -2.12563 -2.14045
v -3.39514 2.13833 -2.10109
v -1.18450 -0.91858 -4.13624
v -4.20206 -0.72406 -1.17716
v -1.92983 2.03176 -3.54465
v -2.25645 -2.17213 -3.02096
v -4.07990 1.29010 -1.39677
v -1.08667 0.33828 -4.30212
v -3.64835 -1.74308 -1.67836
v -2.84193 2.31549 -2.66652
v -1.50267 -1.55369 -3.80307
v -4.31185 0.05970 -1.11910
v -1.49054 1.50585 -3.96667
v -2.81429 -2.20609 -2.48242
v -3.69876 1.86453 -1.81041
v -1.11029 -0.44992 -4.25326
v -4.03397 -1.15287 -1.34101
v -2.27775 2.20593 -3.23038
v -1.95401 -1.99062 -3.34824
v -4.22319 0.83658 -1.25509
v -1.20724 0.80956 -4.22644
v -3.35225 -1.97834 -1.97716
v -3.19654 2.20581 -2.33294
v -1.32170 -1.16354 -4.02170
v -4.25726 -0.42374 -1.16943
v -1.77505 1.82838 -3.72176
v -2.48480 -2.18440 -2.82769
v -3.94713 1.50977 -1.57019
v -1.11064 0.03376 -4.29729
v -3.80922 -1.51610 -1.56347
v -2.63907 2.27220 -2.89799
v -1.69112 -1.72141 -3.64142
v -4.29075 0.35712 -1.18618
v -1.39622 1.23640 -4.08093
v -3.03432 -2.11731 -2.30247
v -3.51942 1.99426 -2.02592
v -1.20699 -0.72515 -4.17743
v -4.13213 -0.87290 -1.29026
v -2.09876 2.05895 -3.43387
v -2.17258 -2.06376 -3.16147
v -4.13008 1.09376 -1.39120
v -1.18539 0.50948 -4.26730
v -3.54042 -1.79946 -1.83309
v -2.99608 2.22932 -2.56488
v -1.47934 -1.37772 -3.88825
v -4.28230 -0.12448 -1.19138
v -1.64424 1.59845 -3.87394
v -2.70977 -2.15646 -2.63973
v -3.79583 1.69388 -1.76046
v -1.16364 -0.25921 -4.26401
v -3.94523 -1.26814 -1.47406
v -2.44557 2.18757 -3.11851
v -1.89151 -1.85134 -3.46970
v -4.24113 0.63866 -1.28069
v -1.33078 0.95453 -4.16589
v -3.24160 -1.99274 -2.13686
v -3.33162 2.08181 -2.24812
v -1.32802 -0.97597 -4.07847
v -4.20132 -0.58532 -1.26839
v -1.93891 1.87877 -3.61700
v -2.39356 -2.09653 -2.97429
v -4.01388 1.32197 -1.54889
v -1.19346 0.21217 -4.27845
v -3.70779 -1.59322 -1.71085
v -2.79833 2.20974 -2.79238
v -1.65397 -1.55811 -3.73946
v -4.27774 0.16769 -1.24219
v -1.53952 1.34767 -3.99927
v -2.92751 -2.09003 -2.46082
v -3.63002 1.83958 -1.96350
v -1.24385 -0.53525 -4.20437
v -4.05466 -1.00459 -1.41160
v -2.26548 2.06475 -3.32415
v -2.09994 -1.94232 -3.29188
v -4.16510 0.89893 -1.40036
v -1.29477 0.66648 -4.22125
v -3.43281 -1.83577 -1.98871
v -3.13988 2.12663 -2.47247
v -1.47043 -1.19842 -3.95954
v -4.24119 -0.29611 -1.27550
v -1.80113 1.67032 -3.77699
v -2.61299 -2.08962 -2.79059
v -3.87800 1.51725 -1.72465
v -1.23044 -0.07650 -4.26115
v -3.85196 -1.36438 -1.61259
v -2.60770 2.14888 -3.01114
v -1.84194 -1.70248 -3.57914
v -4.24479 0.44695 -1.32043
v -1.46239 1.08201 -4.09648
v -3.13438 -1.98753 -2.29444
v -3.45397 1.94495 -2.17501
v -1.34893 -0.78955 -4.12091
v -4.13631 -0.73111 -1.37698
v -2.10243 1.90767 -3.51145
v -2.31248 -1.99395 -3.11192
v -4.06532 1.13307 -1.54236
v -1.28809 0.37835 -4.24735
v -3.60500 -1.65033 -1.86073
v -2.94873 2.12914 -2.69448
v -1.63093 -1.38922 -3.82407
v -4.25204 -0.01121 -1.31103
v -1.68779 1.43904 -3.91168
v -2.82704 -2.04444 -2.61414
v -3.72624 1.67641 -1.91459
v -1.29474 -0.35105 -4.21721
v -3.97100 -1.11808 -1.53996
v -2.42831 2.04949 -3.21713
v -2.03945 -1.80935 -3.41116
v -4.18526 0.70784 -1.42411
v -1.41366 0.80757 -4.16499
v -3.32701 -1.85202 -2.14379
v -3.27210 2.00902 -2.39055
v -1.47614 -1.01791 -4.01659
v -4.18961 -0.45354 -1.37052
v -1.95954 1.72092 -3.67743
v -2.52519 -2.00659 -2.93373
v -3.94494 1.33689 -1.70342
v -1.31001 0.09608 -4.24518
v -3.75562 -1.44092 -1.75524
v -2.76258 2.09074 -2.90984
v -1.80600 -1.54585 -3.67574
v -4.23479 0.26357 -1.37384
v -1.60064 1.19067 -4.01955
v -3.03201 -1.96310 -2.44848
v -3.56270 1.79720 -2.11458
v -1.38430 -0.60648 -4.14897
v -4.06352 -0.85980 -1.49406
v -2.26390 1.91508 -3.40676
v -2.24262 -1.87801 -3.23944
v -4.10152 0.94535 -1.55067
v -1.39353 0.53042 -4.20485
v -3.50234 -1.68719 -2.01170
v -3.08888 2.03178 -2.60571
v -1.62238 -1.21680 -3.89471
v -4.21457 -0.17772 -1.39193
v -1.83941 1.50963 -3.81970
v -2.73424 -1.98134 -2.76108
v -3.80754 1.50694 -1.87985
v -1.35922 -0.17475 -4.21628
v -3.88257 -1.21246 -1.67404
v -2.58559 2.01372 -3.11447
v -1.99196 -1.66653 -3.51834
v -4.19096 0.52272 -1.46218
v -1.54078 0.93117 -4.09971
v -3.22449 -1.84838 -2.29689
v -3.39166 1.87825 -2.32030
v -1.49657 -0.83838 -4.05916
v -4.12871 -0.59521 -1.47544
v -2.11778 1.74990 -3.57689
v -2.44755 -1.90852 -3.06789
v -3.99649 1.15511 -1.69706
v -1.40155 0.25650 -4.21677
v -3.65769 -1.49726 -1.90061
v -2.90868 2.01420 -2.81617
v -1.78428 -1.38341 -3.75878
v -4.21187 0.09056 -1.44032
v -1.74403 1.27934 -3.93650
v -2.93592 -1.92003 -2.59757
v -3.65703 1.64062 -2.06770
v -1.43388 -0.42902 -4.16275
v -3.98428 -0.97020 -1.61843
v -2.42162 1.90121 -3.30465
v -2.18498 -1.75023 -3.35575
v -4.12268 0.76113 -1.57376
v -1.50867 0.66654 -4.15196
v -3.40131 -1.70368 -2.16229
v -3.21749 1.91917 -2.52741
v -1.62864 -1.04299 -3.95091
v -4.16636 -0.33007 -1.48404
v -1.99273 1.55878 -3.72493
v -2.65042 -1.90167 -2.90029
v -3.87351 1.33341 -1.85982
v -1.43667 -0.00855 -4.20204
v -3.79082 -1.28690 -1.81249
v -2.73569 1.95818 -3.01780
v -1.95824 -1.51566 -3.61254
v -4.18275 0.34577 -1.51419
v -1.67473 1.03582 -4.02670
v -3.12673 -1.82514 -2.44654
v -3.49754 1.73623 -2.26279
v -1.53168 -0.66211 -4.08713
v -4.05974 -0.71967 -1.58916
v -2.27410 1.75712 -3.47710
v -2.38123 -1.79673 -3.19184
v -4.03259 0.97425 -1.70576
v -1.50413 0.40271 -4.17674
v -3.55970 -1.53297 -2.04726
v -3.04453 1.92053 -2.73161
v -1.77727 -1.21721 -3.82762
v -4.17687 -0.07010 -1.51919
v -1.89094 1.34700 -3.84887
v -2.84750 -1.85899 -2.74028
v -3.73629 1.47738 -2.03516
v -1.49730 -0.25945 -4.16250
v -3.90000 -1.06121 -1.74881
v -2.57386 1.86647 -3.20681
v -2.14053 -1.61226 -3.45978
v -4.12909 0.58271 -1.61148
v -1.63225 0.78500 -4.08981
v -3.30347 -1.69981 -2.31102
v -3.33334 1.79301 -2.46085
v -1.64988 -0.87004 -3.99235
v -4.10850 -0.46653 -1.58639
v -2.14599 1.58596 -3.62904
v -2.57688 -1.80651 -3.03041
v -3.92383 1.15818 -1.85492
v -1.52637 0.14537 -4.17506
v -3.69728 -1.34072 -1.95390
v -2.87701 1.88383 -2.92875
v -1.93900 -1.35871 -3.69290
v -4.16128 0.17915 -1.57965
v -1.81401 1.12019 -3.94735
v -3.03525 -1.78271 -2.59125
v -3.58883 1.58499 -2.21903
v -1.58133 -0.49144 -4.10049
v -3.98401 -0.82554 -1.71051
v -2.42673 1.74262 -3.37978
v -2.32736 -1.67266 -3.30436
v -4.05331 0.79670 -1.72960
v -1.61667 0.53276 -4.12601
v -3.46323 -1.54778 -2.19369
v -3.16874 1.81115 -2.65761
v -1.78541 -1.04945 -3.88168
v -4.13076 -0.21645 -1.60967
v -2.03968 1.39279 -3.75827
v -2.76819 -1.78082 -2.87513
v -3.79992 1.30976 -2.01761
v -1.57404 -0.10009 -4.14856
v -3.81215 -1.13183 -1.88386
v -2.71889 1.81146 -3.11497
v -2.11018 -1.46589 -3.55050
v -4.12119 0.41241 -1.66356
v -1.76291 0.88414 -4.01964
v -3.21037 -1.67570 -2.45634
v -3.43529 1.65513 -2.40726
v -1.68621 -0.70029 -4.01877
v -4.04220 -0.58546 -1.69795
v -2.29741 1.59085 -3.53378
v -2.51491 -1.69706 -3.15009
v -3.95831 0.98364 -1.86548
v -1.62745 0.28483 -4.13608
v -3.60351 -1.37331 -2.09680
v -3.00795 1.79178 -2.84893
v -1.93491 -1.19775 -3.75863
v -4.12729 0.02501 -1.65797
v -1.95701 1.18303 -3.86319
v -2.95156 -1.72162 -2.72948
v -3.66471 1.42668 -2.18994
v -1.64524 -0.32876 -4.09935
v -3.90290 -0.91151 -1.83824
v -2.57386 1.70662 -3.28673
v -2.28705 -1.53790 -3.40424
v -4.05880 0.62486 -1.76857
v -1.73799 0.64470 -4.06565
v -3.36987 -1.54147 -2.33835
v -3.27993 1.68764 -2.59561
v -1.80904 -0.88244 -3.92047
v -4.07454 -0.34658 -1.71089
v -2.18851 1.41597 -3.66639
v -2.69941 -1.68645 -3.00067
v -3.84744 1.14011 -2.01568
v -1.66348 0.04670 -4.12141
v -3.72224 -1.18111 -2.02216
v -2.85499 1.73692 -3.03085
v -2.09481 -1.31304 -3.62689
v -4.09948 0.25254 -1.72967
v -1.89919 0.96237 -3.94282
v -3.12363 -1.63156 -2.59667
v -3.52225 1.50749 -2.36780
v -1.73764 -0.53620 -4.03002
v -3.96870 -0.68523 -1.81761
v -2.44515 1.57325 -3.44094
v -2.46579 -1.57469 -3.25794
v -3.97682 0.81222 -1.89178
v -1.73895 0.40763 -4.08593
v -3.51110 -1.38410 -2.23966
v -3.12694 1.68328 -2.77993
v -1.94656 -1.03500 -3.80899
v -4.08159 -0.11448 -1.74852
v -2.10205 1.22321 -3.77580
v -2.87723 -1.64252 -2.85965
v -3.72440 1.26353 -2.17640
v -1.72308 -0.17656 -4.08391
v -3.81786 -0.97628 -1.97104
v -2.71365 1.64946 -3.19975
v -2.26140 -1.39419 -3.49025
v -4.04932 0.46118 -1.82259
v -1.86679 0.73661 -3.99683
v -3.28129 -1.51391 -2.47962
v -3.37675 1.55169 -2.54700
v -1.84844 -0.71861 -3.94354
v -4.00931 -0.45858 -1.82193
v -2.33557 1.41590 -3.57500
v -2.64264 -1.57694 -3.11535
v -3.87842 0.97086 -2.02990
v -1.76490 0.17851 -4.08162
v -3.63186 -1.20812 -2.16224
v -2.98042 1.64374 -2.95621
v -2.09530 -1.15578 -3.68795
v -4.06453 0.10547 -1.80941
v -2.03950 1.01816 -3.86080
v -3.04491 -1.56765 -2.73034
v -3.59316 1.35215 -2.34363
v -1.80409 -0.38033 -4.02598
v -3.88933 -0.76421 -1.94421
v -2.58731 1.53304 -3.35238
v -2.43088 -1.44085 -3.35253
v -3.97931 0.64646 -1.93404
v -1.85977 0.51154 -4.02553
v -3.42175 -1.37255 -2.38087
v -3.23242 1.55970 -2.72338
v -1.97455 -0.87281 -3.84322
v -4.02506 -0.23713 -1.85059
v -2.24735 1.23963 -3.68689
v -2.81388 -1.54608 -2.98009
v -3.76717 1.09789 -2.17927
v -1.81440 -0.03744 -4.05443
v -3.73038 -1.01853 -2.10755
v -2.84422 1.57158 -3.12072
v -2.25157 -1.24337 -3.56112
v -4.02512 0.30817 -1.89158
v -2.00167 0.80656 -3.92082
v -3.19921 -1.46493 -2.61581
v -3.45787 1.40510 -2.51322
v -1.90389 -0.56053 -3.95047
v -3.93619 -0.55044 -1.94183
v -2.47895 1.39197 -3.48596
v -2.59942 -1.45341 -3.21756
v -3.89246 0.80452 -2.06085
v -1.87751 0.29282 -4.02983
v -3.54265 -1.21189 -2.30255
v -3.09337 1.53287 -2.89287
v -2.11255 -0.99633 -3.73262
v -4.01692 -0.02636 -1.90236
v -2.18219 1.04992 -3.77514
v -2.97596 -1.48426 -2.85561
v -3.64693 1.19125 -2.33593
v -1.88548 -0.23538 -4.00659
v -3.80543 -0.82064 -2.07655
v -2.72190 1.47015 -3.27005
v -2.41158 -1.29709 -3.43236
v -3.96568 0.48896 -1.99250
v -1.98879 0.59423 -3.95589
v -3.33722 -1.33804 -2.51874
v -3.32273 1.42248 -2.68097
v -2.01950 -0.71370 -3.86056
v -3.95856 -0.34062 -1.96349
v -2.39103 1.23115 -3.59822
v -2.76326 -1.43303 -3.08903
v -3.79221 0.93216 -2.19947
v -1.91876 0.08585 -4.01121
v -3.64201 -1.03681 -2.24634
v -2.96360 1.47342 -3.05160
v -2.25880 -1.08741 -3.61550
v -3.98644 0.16848 -1.97546
v -2.14118 0.85246 -3.83893
v -3.12550 -1.39433 -2.74509
v -3.52182 1.24972 -2.49577
v -1.97570 -0.41096 -3.94077
v -3.85632 -0.62002 -2.06963
v -2.61662 1.34354 -3.40121
v -2.57145 -1.31702 -3.30554
v -3.88906 0.64369 -2.10916
v -2.00047 0.38694 -3.96669
v -3.45634 -1.19126 -2.44148
v -3.19195 1.40525 -2.84274
v -2.14759 -0.83703 -3.75975
v -3.95719 -0.14033 -2.00819
v -2.32552 1.05592 -3.68746
v -2.91870 -1.38157 -2.97054
v -3.68236 1.02699 -2.34603
v -1.98178 -0.10428 -3.97171
v -3.71838 -0.85259 -2.21341
v -2.84682 1.38441 -3.19600
v -2.40948 -1.14501 -3.49572
v -3.93575 0.34247 -2.06753
v -2.12483 0.65313 -3.87803
v -3.25938 -1.27977 -2.65146
v -3.39608 1.27300 -2.65454
v -2.08218 -0.56036 -3.86006
v -3.88293 -0.42237 -2.08660
v -2.53112 1.19644 -3.51168
v -2.72731 -1.30397 -3.18449
v -3.79858 0.76885 -2.23811
v -2.03576 0.19031 -3.95447
v -3.55438 -1.02936 -2.38594
v -3.06965 1.35530 -2.99451
v -2.28455 -0.92834 -3.65178
v -3.93338 0.04496 -2.07434
v -2.28380 0.87197 -3.75254
v -3.06218 -1.30162 -2.86549
v -3.56698 1.08737 -2.49638
v -2.06432 -0.27288 -3.91382
v -3.77080 -0.66482 -2.20441
v -2.74644 1.26966 -3.32282
v -2.56068 -1.16883 -3.37727
v -3.86753 0.49116 -2.17571
v -2.13304 0.45783 -3.89281
v -3.37477 -1.14471 -2.57731
v -3.27401 1.26167 -2.80797
v -2.20171 -0.68036 -3.76789
v -3.88572 -0.23348 -2.12672
v -2.46767 1.03408 -3.59943
v -2.87529 -1.25949 -3.07300
v -3.69795 0.86158 -2.37550
v -2.09314 0.00973 -3.92100
v -3.62958 -0.85760 -2.35359
v -2.95975 1.27533 -3.13247
v -2.42655 -0.98617 -3.54059
v -3.88905 0.21002 -2.15980
v -2.26674 0.68522 -3.79289
v -3.19033 -1.19645 -2.77705
v -3.45036 1.11253 -2.64622
v -2.16368 -0.41572 -3.84049
v -3.79882 -0.47935 -2.21947
v -2.66552 1.13365 -3.42921
v -2.70835 -1.15925 -3.26414
v -3.78494 0.61055 -2.29665
v -2.16519 0.27245 -3.88419
v -3.46914 -0.99382 -2.52487
v -3.15990 1.21714 -2.95186
v -2.33073 -0.76827 -3.66796
v -3.86572 -0.05910 -2.18867
v -2.42804 0.86211 -3.66294
v -3.01160 -1.18581 -2.97473
v -3.59123 0.91973 -2.51722
v -2.17063 -0.14969 -3.86856
v -3.68059 -0.68164 -2.34545
v -2.86600 1.16881 -3.25305
v -2.56957 -1.00967 -3.43024
v -3.82665 0.34990 -2.26188
v -2.27464 0.50178 -3.80850
v -3.29995 -1.06993 -2.70818
v -3.33694 1.10247 -2.79114
v -2.27678 -0.52898 -3.75503
v -3.80253 -0.30221 -2.25818
v -2.60675 0.98144 -3.51273
v -2.84841 -1.11732 -3.16036
v -3.69159 0.69719 -2.42660
v -2.22015 0.10278 -3.85364
v -3.54030 -0.83231 -2.49604
v -3.05798 1.14163 -3.08206
v -2.46541 -0.82195 -3.56424
v -3.82450 0.09507 -2.27059
v -2.41359 0.68654 -3.70118
v -3.13247 -1.08580 -2.89324
v -3.48276 0.94182 -2.65885
v -2.26581 -0.28308 -3.79984
v -3.70651 -0.50750 -2.36209
v -2.79190 1.03989 -3.35293
v -2.70942 -0.99854 -3.32497
v -3.74909 0.45996 -2.37744
v -2.30740 0.32785 -3.79981
v -3.38803 -0.92653 -2.66163
v -3.23126 1.05794 -2.92662
v -2.40020 -0.60919 -3.66106
v -3.78247 -0.13960 -2.31968
v -2.57250 0.81857 -3.57126
v -2.97670 -1.04467 -3.07000
v -3.59148 0.74808 -2.56143
v -2.29639 -0.04544 -3.80299
v -3.58630 -0.66586 -2.49244
v -2.97247 1.03801 -3.19452
v -2.60165 -0.83967 -3.46095
v -3.76410 0.22335 -2.37018
v -2.42530 0.51366 -3.71346
v -3.23416 -0.96288 -2.83208
v -3.37713 0.92692 -2.79576
v -2.37593 -0.38572 -3.71789
v -3.70674 -0.34156 -2.40375
v -2.74083 0.89323 -3.42898
v -2.84169 -0.95293 -3.22914
v -3.65975 0.53572 -2.50291
v -2.36455 0.16981 -3.76763
v -3.45161 -0.77123 -2.64005
v -3.13800 0.98021 -3.04804
v -2.53023 -0.65309 -3.56251
v -3.73957 0.00204 -2.40271
v -2.56498 0.65099 -3.60292
v -3.08888 -0.94331 -2.99725
v -3.48892 0.76050 -2.69669
v -2.39208 -0.16636 -3.73442
v -3.60531 -0.50063 -2.51554
v -2.90762 0.90964 -3.28514
v -2.73511 -0.81983 -3.36252
v -3.68689 0.31992 -2.48476
v -2.46405 0.35007 -3.69929
v -3.31276 -0.82087 -2.79491
v -3.27923 0.87439 -2.92305
v -2.49800 -0.45276 -3.62600
v -3.68083 -0.19065 -2.47053
v -2.71624 0.73390 -3.47800
v -2.96169 -0.87305 -3.14744
v -3.56227 0.57257 -2.63441
v -2.44560 0.03437 -3.71285
v -3.48754 -0.60947 -2.64625
v -3.06211 0.87075 -3.15054
v -2.66290 -0.65710 -3.46354
v -3.67483 0.11576 -2.50590
v -2.58658 0.48501 -3.60565
v -3.18020 -0.81534 -2.94672
v -3.38858 0.73149 -2.82758
v -2.50544 -0.25360 -3.65010
v -3.59523 -0.34335 -2.56704
v -2.86808 0.75996 -3.34945
v -2.86106 -0.76036 -3.27379
v -3.59535 0.37827 -2.61153
v -2.53104 0.20291 -3.65787
v -3.36375 -0.66372 -2.78599
v -3.19433 0.78311 -3.03536
v -2.62902 -0.47843 -3.52750
v -3.62792 -0.06244 -2.56284
v -2.72223 0.56706 -3.49616
v -3.06409 -0.75846 -3.08518
v -3.46047 0.56486 -2.76783
v -2.55058 -0.07083 -3.63590
v -3.49176 -0.44697 -2.68394
v -3.00929 0.73034 -3.22844
v -2.79410 -0.61621 -3.36858
v -3.58875 0.19331 -2.62831
v -2.64076 0.32732 -3.57638
v -3.24481 -0.66205 -2.92412
v -3.29545 0.65645 -2.94884
v -2.63534 -0.29905 -3.55165
v -3.55261 -0.20155 -2.64996
v -2.85987 0.59157 -3.38157
v -2.97414 -0.65703 -3.20032
v -3.49136 0.38964 -2.74810
v -2.62916 0.08044 -3.58681
v -3.38072 -0.49467 -2.81148
v -3.12871 0.64954 -3.12623
v -2.76660 -0.45391 -3.42532
v -3.54522 0.03356 -2.68293
v -2.76531 0.39727 -3.47724
v -3.14200 -0.60575 -3.04941
v -3.35778 0.50307 -2.89919
v -2.68189 -0.13540 -3.53504
v -3.45705 -0.28941 -2.75997
v -2.98746 0.55644 -3.27370
v -2.91972 -0.52030 -3.28230
v -3.47922 0.22238 -2.77131
v -2.73509 0.18506 -3.50804
v -3.27349 -0.48103 -2.93873
v -3.21510 0.52440 -3.05429
v -2.78363 -0.28880 -3.43809
v -3.46882 -0.08448 -2.77234
v -2.89373 0.40308 -3.37074
v -3.06746 -0.49739 -3.14969
v -3.37371 0.33708 -2.89471
v -2.76801 -0.00571 -3.47733
v -3.35040 -0.31297 -2.88457
v -3.09162 0.45983 -3.18565
v -2.91150 -0.35871 -3.31992
v -3.42149 0.08153 -2.84103
v -2.86171 0.22534 -3.40520
v -3.18299 -0.39832 -3.05336
v -3.25485 0.36125 -3.02636
v -2.85288 -0.13827 -3.39830
v -3.36216 -0.13994 -2.89520
v -3.01392 0.32958 -3.26802
v -3.03741 -0.33522 -3.20899
v -3.32999 0.17259 -2.94930
v -2.89789 0.06541 -3.37297
v -3.24074 -0.24779 -3.01720
v -3.15375 0.28837 -3.13505
v -2.97134 -0.17750 -3.29122
v -3.30281 -0.00746 -2.97397
v -3.00964 0.16262 -3.27552
v -3.12749 -0.21002 -3.13935
v -3.21308 0.14432 -3.07607
v -3.01526 -0.02279 -3.26426
v -3.19668 -0.06828 -3.08351
v -3.11826 0.06842 -3.17047
f 3222 3167 3078
f 4101 4046 3957
f 1457 1313 1368
f 3815 3904 3760
f 2429 2573 2518
f 4082 3938 3993
f 5582 5637 5726
f 5671 5815 5760
f 5760 5616 5671
f 5582 5726 5671
f 5671 5726 5815
f 5493 5637 5582
f 5118 5063 4974
f 4046 4101 4190
f 3957 4046 3902
f 3902 3813 3957
f 4088 3944 3999
f 4012 4101 3957
f 3313 3169 3224
f 3224 3169 3080
f 1821 1677 1732
f 1910 2054 1999
f 3677 3622 3533
f 1876 1821 1732
f 1253 1308 1397
f 2177 2321 2266
f 1805 1661 1716
f 737 792 826
f 1357 1501 1446
f 1446 1302 1357
f 1391 1302 1446
f 1501 1590 1446
f 2235 2180 2091
f 2413 2557 2502
f 672 638 727
f 583 638 672
f 327 348 382
f 293 348 327
f 1084 1139 1228
f 919 885 974
f 851 885 796
f 707 796 741
f 529 440 495
f 190 245 224
f 11 6 19
f 121 108 142
f 535 624 569
f 1641 1785 1730
f 1654 1565 1709
f 1709 1798 1654
f 1654 1798 1743
f 1510 1565 1654
f 976 942 1031
f 2859 2770 2914
f 4032 4087 4176
f 3694 3639 3550
f 3783 3639 3694
f 3775 3720 3631
f 3864 3720 3775
f 3576 3432 3487
f 3576 3720 3665
f 3487 3631 3576
f 3576 3631 3720
f 3521 3576 3665
f 3432 3576 3521
f 1479 1534 1623
f 4222 4366 4311
f 4133 4044 4188
f 4510 4366 4421
f 4421 4565 4510
f 3989 4044 4133
f 3900 4044 3989
f 4154 4010 4065
f 4065 4120 4209
f 4209 4154 4065
f 3544 3633 3489
f 3544 3455 3599
f 3311 3167 3222
f 4065 4010 3921
f 3921 4010 3866
f 3976 3832 3887
f 3976 4120 4065
f 4065 3921 3976
f 3976 3921 3832
f 3256 3112 3167
f 3167 3311 3256
f 3256 3201 3112
f 3023 3078 3167
f 3167 3112 3023
f 2502 2591 2447
f 4107 3963 4018
f 4175 4230 4319
f 4086 4230 4175
f 3887 3832 3743
f 3743 3798 3887
f 3654 3798 3743
f 3599 3654 3743
f 3599 3455 3510
f 3510 3654 3599
f 2206 2261 2350
f 2439 2295 2350
f 2350 2295 2206
f 4151 4096 4007
f 4172 4083 4227
f 4570 4714 4659
f 4192 4247 4336
f 4171 4082 4226
f 3849 3938 3794
f 3993 3938 3849
f 3849 3904 3993
f 3849 3760 3904
f 3726 3870 3815
f 3726 3582 3637
f 3815 3760 3671
f 3671 3726 3815
f 3582 3726 3671
f 3527 3582 3671
f 3637 3582 3493
f 4132 3988 4043
f 4022 3967 3878
f 3933 4022 3878
f 3925 3870 3781
f 3637 3692 3781
f 3781 3726 3637
f 3870 3726 3781
f 3548 3692 3637
f 3637 3493 3548
f 3446 3535 3391
f 3946 3891 3802
f 3658 3713 3802
f 3802 3747 3658
f 3891 3747 3802
f 3946 3802 3857
f 3857 3802 3713
f 3569 3713 3658
f 3912 3967 4056
f 4200 4145 4056
f 4488 4399 4543
f 4577 4433 4488
f 4289 4433 4378
f 4289 4145 4200
f 4378 4433 4522
f 4522 4433 4577
f 4234 4289 4378
f 4145 4289 4234
f 4035 3891 3946
f 4844 4700 4755
f 4480 4425 4336
f 4187 4132 4043
f 5483 5428 5339
f 4784 4928 4873
f 4873 4928 5017
f 5161 5250 5106
f 5106 5017 5161
f 6934 6790 6845
f 5981 6036 6125
f 5672 5761 5617
f 5130 5041 5185
f 5185 5274 5130
f 6651 6562 6706
f 6829 6740 6884
f 6711 6567 6622
f 6787 6876 6732
f 6376 6431 6520
f 6410 6554 6499
f 7379 7468 7413
f 6918 6774 6829
f 7321 7355 7266
f 3191 3335 3280
f 3280 3335 3424
f 3259 3115 3170
f 3322 3466 3411
f 2856 2712 2767
f 2801 2712 2856
f 2767 2911 2856
f 1696 1785 1641
f 5890 5746 5801
f 5047 4992 4903
f 6398 6343 6254
f 4123 4212 4068
f 4157 4068 4212
f 4183 4094 4238
f 6416 6560 6505
f 6505 6560 6649
f 7680 7646 7701
f 7701 7646 7667
f 6118 6029 6173
f 3728 3639 3783
f 3330 3474 3419
f 3330 3186 3241
f 6807 6718 6862
f 6142 6197 6286
f 6108 6252 6197
f 5519 5608 5464
f 5527 5616 5472
f 5582 5671 5527
f 5527 5671 5616
f 5718 5862 5807
f 5985 5841 5896
f 4320 4265 4176
f 4409 4265 4320
f 5307 5362 5451
f 4074 4019 3930
f 4362 4307 4218
f 6260 6315 6404
f 6349 6404 6493
f 6260 6404 6349
f 5027 4883 4938
f 5027 5171 5116
f 4739 4883 4828
f 5404 5493 5349
f 7939 7905 7926
f 7926 7905 7892
f 7228 7194 7283
f 7283 7194 7249
f 5130 5274 5219
f 5876 6020 5965
f 4473 4418 4329
f 4562 4418 4473
f 4609 4554 4465
f 3703 3614 3758
f 3813 3902 3758
f 4033 3889 3944
f 3944 4088 4033
f 3944 3889 3800
f 3656 3711 3800
f 3800 3745 3656
f 3889 3745 3800
f 3999 3944 3855
f 3855 3910 3999
f 3944 3800 3855
f 3855 3800 3711
f 3402 3546 3491
f 4101 4012 4156
f 4156 4211 4300
f 3347 3402 3491
f 3080 3169 3025
f 3025 3169 3114
f 3313 3224 3368
f 3690 3546 3601
f 3601 3745 3690
f 3601 3512 3656
f 3656 3745 3601
f 3135 3224 3080
f 1965 2054 1910
f 1910 1821 1965
f 1821 1876 1965
f 1965 1876 2020
f 2109 1965 2020
f 2054 1965 2109
f 2088 1999 2143
f 2143 1999 2054
f 3609 3698 3554
f 3787 3698 3842
f 3821 3677 3732
f 4164 4020 4075
f 4075 4219 4164
f 4185 4329 4274
f 4274 4329 4418
f 256 311 290
f 300 245 266
f 266 321 300
f 206 185 151
f 240 185 206
f 240 206 261
f 261 206 227
f 261 227 282
f 376 321 342
f 334 389 423
f 703 792 737
f 881 826 792
f 1732 1643 1787
f 1787 1876 1732
f 1685 1630 1541
f 1397 1308 1452
f 1452 1541 1397
f 1363 1452 1308
f 1507 1452 1363
f 1588 1643 1732
f 1732 1677 1588
f 2101 1957 2012
f 2813 2868 2957
f 2957 2902 2813
f 2813 2758 2669
f 2902 2758 2813
f 2635 2546 2690
f 2944 3088 3033
f 3033 3088 3177
f 2800 2855 2944
f 2656 2800 2745
f 2465 2321 2376
f 2376 2520 2465
f 2266 2321 2410
f 2410 2321 2465
f 2533 2677 2622
f 1839 1784 1695
f 2203 2258 2347
f 2059 1915 1970
f 1881 2025 1970
f 2038 1894 1949
f 1949 1894 1805
f 1873 2017 1962
f 1441 1496 1585
f 1297 1386 1242
f 1297 1441 1386
f 1203 1292 1148
f 334 313 279
f 279 300 334
f 245 300 279
f 224 245 279
f 326 292 347
f 347 292 313
f 2334 2279 2190
f 2190 2245 2334
f 2101 2245 2190
f 1776 1687 1831
f 1598 1543 1454
f 1687 1543 1598
f 1433 1378 1289
f 1412 1501 1357
f 1522 1378 1433
f 1522 1666 1611
f 1611 1666 1755
f 1721 1666 1577
f 1577 1522 1433
f 1666 1522 1577
f 1454 1543 1399
f 603 569 658
f 658 569 624
f 891 925 836
f 980 925 891
f 768 857 802
f 857 891 802
f 836 747 802
f 802 891 836
f 823 857 768
f 878 933 967
f 1244 1388 1333
f 1134 1079 990
f 1858 2002 1947
f 2002 2091 1947
f 1714 1769 1858
f 1735 1591 1646
f 1536 1591 1680
f 1591 1735 1680
f 1824 1769 1680
f 1680 1735 1824
f 3222 3078 3133
f 3078 2989 3133
f 2324 2180 2235
f 342 308 397
f 782 816 727
f 905 850 816
f 816 850 761
f 727 816 761
f 761 672 727
f 1248 1337 1193
f 1392 1337 1248
f 1617 1672 1761
f 1727 1672 1583
f 1172 1316 1261
f 1227 1316 1172
f 1515 1604 1460
f 1460 1604 1549
f 1583 1439 1494
f 1494 1439 1350
f 1434 1290 1345
f 1948 1804 1859
f 2655 2600 2511
f 1880 1825 1736
f 1736 1825 1681
f 1990 1935 1846
f 1846 1901 1990
f 2223 2134 2278
f 1833 1977 1922
f 2278 2134 2189
f 848 759 814
f 793 759 848
f 387 421 332
f 416 382 471
f 327 382 416
f 416 361 327
f 471 382 437
f 437 382 348
f 1681 1537 1592
f 1592 1736 1681
f 1660 1516 1571
f 1571 1516 1427
f 1427 1516 1372
f 1173 1084 1228
f 940 885 851
f 974 885 940
f 1228 1139 1283
f 1283 1372 1228
f 1283 1338 1427
f 1427 1372 1283
f 885 919 830
f 775 741 830
f 830 796 885
f 741 796 830
f 864 919 953
f 775 830 864
f 864 830 919
f 953 919 1008
f 1008 919 974
f 626 592 681
f 686 741 775
f 1139 1084 995
f 1084 940 995
f 1249 1393 1338
f 673 707 618
f 563 529 618
f 652 597 563
f 563 618 652
f 652 618 707
f 652 707 741
f 741 686 652
f 652 686 597
f 762 707 673
f 762 817 851
f 851 796 762
f 796 707 762
f 351 440 385
f 25 46 38
f 38 17 25
f 25 17 12
f 41 75 54
f 19 6 14
f 16 11 24
f 121 142 176
f 176 142 197
f 95 108 74
f 19 14 27
f 32 11 19
f 24 11 32
f 87 108 121
f 87 74 108
f 53 74 87
f 459 370 425
f 404 370 459
f 535 569 480
f 425 391 480
f 231 176 197
f 210 176 231
f 998 909 964
f 1019 1108 964
f 1019 1074 1163
f 1163 1108 1019
f 3170 3115 3026
f 2259 2170 2314
f 2314 2170 2225
f 2657 2712 2801
f 2568 2712 2657
f 2429 2518 2374
f 2374 2518 2463
f 1743 1798 1887
f 1976 1832 1887
f 1887 1832 1743
f 895 950 984
f 1641 1730 1586
f 1586 1531 1442
f 1421 1565 1510
f 1620 1764 1709
f 1709 1565 1620
f 1298 1353 1442
f 1298 1209 1353
f 976 1031 1120
f 1120 1031 1175
f 887 942 976
f 1086 1031 942
f 1175 1031 1086
f 942 887 853
f 853 887 798
f 1107 963 1018
f 4233 4089 4144
f 5097 5186 5042
f 5008 4864 4919
f 4919 5063 5008
f 4974 5063 4919
f 4521 4610 4466
f 4466 4610 4555
f 4555 4411 4466
f 4466 4411 4322
f 4176 4265 4121
f 4121 4032 4176
f 3032 3087 3176
f 4019 4108 3964
f 5786 5642 5697
f 5697 5841 5786
f 5731 5642 5786
f 5553 5697 5642
f 5464 5608 5553
f 5608 5697 5553
f 4964 4909 4820
f 5053 4909 4964
f 3665 3720 3809
f 3809 3864 3953
f 3720 3864 3809
f 3775 3631 3686
f 3597 3741 3686
f 3953 3864 4008
f 4008 4063 4152
f 3432 3521 3377
f 3377 3521 3466
f 3466 3322 3377
f 3055 2911 2966
f 3055 3199 3144
f 3144 3089 3000
f 3000 3055 3144
f 2911 3055 3000
f 3000 2856 2911
f 3487 3432 3343
f 1623 1534 1678
f 869 814 780
f 1136 992 1047
f 1458 1314 1369
f 2309 2165 2220
f 2220 2165 2076
f 2432 2576 2521
f 2720 2576 2631
f 2178 2123 2034
f 2487 2576 2432
f 2631 2576 2487
f 2864 3008 2953
f 3042 2898 2953
f 4531 4675 4620
f 4531 4387 4442
f 4133 4188 4277
f 4277 4222 4133
f 4366 4222 4277
f 4277 4421 4366
f 4277 4188 4332
f 4332 4421 4277
f 4099 4188 4044
f 4010 4154 4099
f 3934 3989 4078
f 4078 4023 3934
f 4133 4222 4078
f 4078 3989 4133
f 3646 3701 3790
f 3845 3989 3934
f 3934 3790 3845
f 3845 3790 3701
f 3900 3989 3845
f 3900 3845 3756
f 3756 3845 3701
f 4455 4366 4510
f 4311 4366 4455
f 4887 4743 4798
f 5298 5243 5154
f 5387 5243 5298
f 4730 4675 4586
f 4442 4497 4586
f 4586 4531 4442
f 4675 4531 4586
f 4332 4387 4476
f 4476 4421 4332
f 4565 4421 4476
f 4620 4565 4476
f 4476 4531 4620
f 4387 4531 4476
f 4243 4387 4332
f 4243 4099 4154
f 4332 4188 4243
f 4188 4099 4243
f 4353 4497 4442
f 4154 4209 4298
f 4298 4243 4154
f 4387 4243 4298
f 4442 4387 4298
f 4298 4353 4442
f 4209 4353 4298
f 3633 3544 3688
f 3688 3544 3599
f 3599 3743 3688
f 3688 3743 3832
f 3489 3633 3578
f 3633 3722 3578
f 3400 3256 3311
f 3400 3544 3489
f 3455 3544 3400
f 3400 3311 3455
f 3078 3023 2934
f 2934 2989 3078
f 3201 3146 3057
f 3112 3201 3057
f 4183 4272 4128
f 4128 4272 4217
f 4217 4272 4361
f 4361 4306 4217
f 4361 4272 4416
f 3908 3819 3963
f 3908 3997 3853
f 4031 4175 4120
f 4031 3976 3887
f 4120 3976 4031
f 4086 4175 4031
f 2562 2617 2706
f 2206 2295 2151
f 2384 2295 2439
f 1842 1986 1931
f 1931 1787 1842
f 2020 1876 1931
f 1876 1787 1931
f 2020 1931 2075
f 2075 1931 1986
f 2219 2075 2130
f 2130 2075 1986
f 2130 2274 2219
f 2185 2274 2130
f 2596 2452 2507
f 1905 1960 2049
f 2536 2447 2591
f 2727 2583 2638
f 2727 2871 2816
f 2672 2727 2816
f 2583 2727 2672
f 2926 2871 2782
f 2782 2727 2638
f 2871 2727 2782
f 2460 2549 2405
f 2405 2350 2261
f 3426 3570 3515
f 3824 3680 3735
f 3646 3790 3735
f 3384 3329 3240
f 2774 2630 2685
f 2685 2829 2774
f 2719 2774 2863
f 2630 2774 2719
f 2685 2630 2541
f 2541 2596 2685
f 2452 2596 2541
f 2541 2630 2486
f 3062 3007 2918
f 2918 2774 2829
f 2918 3007 2863
f 2863 2774 2918
f 2842 2787 2698
f 3172 3083 3227
f 3028 3083 3172
f 3172 3117 3028
f 3261 3117 3172
f 3227 3083 3138
f 3138 3083 2994
f 2960 2905 2816
f 2816 2871 2960
f 3337 3193 3248
f 3248 3392 3337
f 3303 3392 3248
f 3515 3460 3371
f 3371 3426 3515
f 2973 3117 3062
f 3062 2918 2973
f 2973 2918 2829
f 3028 3117 2973
f 3439 3350 3494
f 3439 3528 3384
f 3062 3117 3206
f 3206 3117 3261
f 3261 3350 3206
f 4659 4714 4803
f 4803 4858 4947
f 4714 4858 4803
f 4062 4151 4007
f 4028 4172 4117
f 4083 4172 4028
f 4638 4693 4782
f 5619 5708 5564
f 5619 5763 5708
f 4247 4192 4103
f 4103 4158 4247
f 4336 4425 4281
f 4281 4192 4336
f 4137 4082 3993
f 4137 4226 4082
f 4137 4281 4226
f 4192 4281 4137
f 3527 3671 3616
f 3616 3671 3760
f 3472 3561 3417
f 3472 3616 3561
f 3527 3616 3472
f 4247 4158 4302
f 4221 4365 4310
f 3967 4022 4111
f 4200 4056 4111
f 4111 4056 3967
f 4022 3933 4077
f 4077 3933 3988
f 3988 4132 4077
f 4077 4132 4221
f 3658 3747 3603
f 3603 3747 3692
f 3692 3548 3603
f 3692 3747 3836
f 3925 3781 3836
f 3836 3781 3692
f 3836 3747 3891
f 3404 3548 3493
f 3590 3446 3501
f 3590 3734 3679
f 3590 3679 3535
f 3535 3446 3590
f 4001 3857 3912
f 3912 4056 4001
f 4001 4056 4145
f 3946 3857 4001
f 3768 3857 3713
f 3912 3857 3768
f 3480 3569 3425
f 3391 3535 3480
f 3679 3734 3823
f 3912 3768 3823
f 3823 3768 3679
f 3823 3967 3912
f 3878 3967 3823
f 3823 3734 3878
f 5132 5043 5187
f 5132 5221 5077
f 5564 5509 5420
f 5365 5509 5454
f 5365 5420 5509
f 4632 4721 4577
f 4577 4488 4632
f 4632 4488 4543
f 4632 4776 4721
f 4344 4488 4433
f 4344 4289 4200
f 4433 4289 4344
f 4399 4488 4344
f 4378 4522 4467
f 4755 4700 4611
f 4611 4467 4522
f 4666 4522 4577
f 4666 4810 4755
f 4755 4611 4666
f 4666 4611 4522
f 4577 4721 4666
f 4721 4810 4666
f 4755 4810 4899
f 4899 4844 4755
f 5043 4899 4954
f 4954 4899 4810
f 4124 4035 4179
f 4412 4501 4357
f 2802 2857 2946
f 2713 2857 2802
f 2658 2713 2802
f 2569 2713 2658
f 4818 4907 4763
f 4331 4475 4420
f 4331 4187 4242
f 4420 4365 4276
f 4276 4331 4420
f 4187 4331 4276
f 4132 4187 4276
f 4221 4132 4276
f 4276 4365 4221
f 4509 4365 4420
f 4420 4475 4564
f 4564 4509 4420
f 4653 4509 4564
f 4564 4475 4619
f 4839 4928 4784
f 4983 4928 4839
f 4386 4331 4242
f 4475 4331 4386
f 4784 4873 4729
f 4729 4873 4818
f 4962 5017 5106
f 4962 4873 5017
f 4818 4873 4962
f 4962 4907 4818
f 5017 4928 5072
f 5072 5161 5017
f 5072 4928 4983
f 6950 6861 7005
f 7413 7468 7502
f 6845 6790 6701
f 6790 6934 6879
f 6562 6418 6473
f 6227 6371 6316
f 6426 6515 6371
f 6316 6371 6460
f 6371 6515 6460
f 6591 6680 6536
f 6570 6426 6481
f 6515 6426 6570
f 6222 6277 6366
f 5536 5392 5447
f 5879 5824 5735
f 6133 6277 6222
f 5659 5803 5748
f 6002 6091 5947
f 5947 6091 6036
f 5549 5693 5638
f 5727 5638 5782
f 5782 5638 5693
f 5837 5981 5926
f 5837 5693 5748
f 5926 5782 5837
f 5837 5782 5693
f 6036 5981 5892
f 5892 5947 6036
f 5803 5947 5892
f 5748 5803 5892
f 5892 5837 5748
f 5981 5837 5892
f 5329 5185 5240
f 5274 5185 5329
f 5363 5219 5274
f 6512 6567 6656
f 6656 6567 6711
f 6690 6834 6779
f 6690 6745 6834
f 6779 6635 6690
f 5169 5114 5025
f 4470 4614 4559
f 6182 6093 6237
f 6376 6321 6232
f 7536 7570 7481
f 6774 6630 6685
f 6829 6774 6685
f 6685 6740 6829
f 6507 6418 6562
f 6562 6651 6507
f 6795 6884 6740
f 6795 6651 6706
f 6740 6651 6795
f 6939 6884 6795
f 7156 7122 7211
f 7266 7211 7177
f 7177 7211 7122
f 7067 7122 7156
f 6643 6732 6588
f 6588 6499 6643
f 6643 6499 6554
f 6554 6698 6643
f 6787 6732 6643
f 6643 6698 6787
f 6821 6732 6876
f 6876 6965 6821
f 6821 6965 6910
f 6711 6622 6766
f 6766 6855 6711
f 6910 6855 6766
f 6766 6821 6910
f 6376 6520 6465
f 6465 6554 6410
f 6410 6321 6465
f 6465 6321 6376
f 6609 6698 6554
f 6554 6465 6609
f 6609 6465 6520
f 6609 6520 6664
f 6575 6520 6431
f 6664 6520 6575
f 7714 7659 7680
f 7523 7468 7434
f 7468 7379 7434
f 6931 6876 6787
f 6774 6918 6863
f 7643 7554 7609
f 7232 7177 7143
f 7232 7321 7266
f 7266 7177 7232
f 7206 7261 7295
f 7261 7350 7295
f 7405 7371 7460
f 7130 7096 7185
f 3369 3280 3424
f 3369 3225 3280
f 3403 3348 3259
f 2623 2712 2568
f 2767 2712 2623
f 2623 2678 2767
f 2623 2534 2678
f 3233 3089 3144
f 3233 3377 3322
f 2039 1984 1895
f 1518 1662 1607
f 1573 1662 1518
f 1806 1662 1717
f 1717 1662 1573
f 3107 3052 2963
f 2641 2586 2497
f 3204 3348 3293
f 3115 3259 3204
f 3259 3348 3204
f 3115 3204 3060
f 2662 2518 2573
f 3073 2929 2984
f 5301 5212 5356
f 5835 5691 5746
f 5746 5890 5835
f 5746 5691 5602
f 5280 5225 5136
f 5136 4992 5047
f 6034 6178 6123
f 6322 6178 6233
f 6144 6288 6233
f 5445 5301 5356
f 6398 6453 6542
f 6487 6343 6398
f 6398 6542 6487
f 6487 6542 6631
f 6183 6128 6039
f 6094 6005 6149
f 6183 6039 6094
f 6123 6068 5979
f 5979 6034 6123
f 5890 6034 5979
f 5979 5835 5890
f 5979 6068 5924
f 5924 5835 5979
f 6267 6178 6322
f 6123 6178 6267
f 5230 5141 5285
f 5285 5374 5230
f 4162 4107 4018
f 4217 4306 4162
f 5526 5615 5471
f 4013 3869 3924
f 4013 4157 4102
f 3924 4068 4013
f 4068 4157 4013
f 4123 4068 3979
f 3979 3835 3890
f 3979 4068 3924
f 3924 3835 3979
f 4615 4670 4759
f 4060 4115 4204
f 3971 4115 4060
f 4327 4471 4416
f 4183 4238 4327
f 4327 4272 4183
f 4416 4272 4327
f 3814 3869 3958
f 4102 4047 3958
f 3958 4013 4102
f 3869 4013 3958
f 3814 3759 3670
f 3848 3759 3903
f 3903 3759 3814
f 3814 3958 3903
f 3903 3958 4047
f 4790 4735 4646
f 4913 4858 4769
f 4769 4858 4714
f 6780 6636 6691
f 6471 6560 6416
f 6416 6327 6471
f 7005 6861 6916
f 6649 6793 6738
f 6738 6793 6882
f 6641 6497 6552
f 6552 6497 6408
f 6895 6984 6840
f 6416 6505 6361
f 7597 7686 7631
f 7631 7542 7597
f 7453 7542 7487
f 7576 7521 7487
f 7487 7542 7576
f 7576 7542 7631
f 7317 7228 7283
f 7999 7997 8000
f 7916 7903 7937
f 7578 7633 7667
f 7667 7633 7688
f 6029 6118 5974
f 6325 6181 6236
f 5914 6003 5859
f 5749 5893 5838
f 5804 5893 5749
f 6016 6071 6160
f 6160 6071 6215
f 6215 6071 6126
f 6037 6181 6126
f 6092 6181 6037
f 6236 6181 6092
f 5346 5490 5435
f 4791 4846 4935
f 4935 4880 4791
f 5024 4880 4935
f 5414 5558 5503
f 5469 5558 5414
f 5880 5736 5791
f 5825 5969 5914
f 5825 5880 5969
f 5736 5880 5825
f 5503 5558 5647
f 5791 5736 5647
f 5181 5270 5126
f 5346 5435 5291
f 5291 5435 5380
f 4969 4880 5024
f 4825 4880 4969
f 4969 4914 4825
f 5058 4914 4969
f 3241 3186 3097
f 3097 2953 3008
f 3097 3186 3042
f 3042 2953 3097
f 3550 3639 3495
f 3550 3495 3406
f 4029 4173 4118
f 3885 3940 4029
f 4084 4029 3940
f 4173 4029 4084
f 3796 3940 3885
f 3885 3741 3796
f 3985 3930 3841
f 4074 3930 3985
f 4739 4595 4650
f 4705 4650 4561
f 2163 2307 2252
f 7074 7019 6930
f 6959 7048 6904
f 6281 6425 6370
f 6768 6823 6912
f 6514 6370 6425
f 6807 6862 6951
f 6663 6718 6807
f 6917 6862 6773
f 6773 6862 6718
f 6629 6773 6718
f 6684 6773 6629
f 6396 6252 6307
f 6307 6451 6396
f 6286 6197 6341
f 6197 6252 6341
f 6341 6396 6485
f 6252 6396 6341
f 6231 6142 6286
f 6197 6142 6053
f 6053 6108 6197
f 6053 5998 5909
f 6142 5998 6053
f 5684 5629 5540
f 6205 6294 6150
f 6205 6116 6260
f 6260 6349 6205
f 6205 6349 6294
f 6027 5972 5883
f 6116 5972 6027
f 5951 5807 5862
f 5896 5807 5951
f 5574 5629 5718
f 5608 5519 5663
f 5519 5574 5663
f 5718 5807 5663
f 5663 5574 5718
f 5862 5917 6006
f 6006 5951 5862
f 6095 5951 6006
f 6150 6095 6006
f 6150 6294 6239
f 6239 6095 6150
f 5451 5540 5396
f 5396 5307 5451
f 4409 4320 4464
f 5362 5307 5218
f 5307 5163 5218
f 4163 4108 4019
f 4163 4019 4074
f 4074 4218 4163
f 4163 4218 4307
f 4362 4218 4273
f 5145 5200 5289
f 6294 6349 6438
f 6438 6349 6493
f 6357 6412 6501
f 5815 5726 5870
f 4807 4663 4718
f 4807 4752 4663
f 5438 5294 5349
f 5582 5527 5438
f 5438 5493 5582
f 5349 5493 5438
f 5349 5294 5205
f 4972 4828 4883
f 4972 5027 5116
f 4883 5027 4972
f 4718 4629 4773
f 4451 4595 4540
f 4451 4307 4362
f 4396 4307 4451
f 4451 4540 4396
f 5260 5404 5349
f 5116 5171 5260
f 5260 5205 5116
f 5349 5205 5260
f 6257 6202 6113
f 7986 7991 7978
f 7978 7965 7986
f 7957 7965 7978
f 7994 7997 7999
f 7999 7991 7994
f 7994 7991 7986
f 7944 7965 7957
f 7957 7923 7944
f 7931 7965 7944
f 7931 7944 7910
f 7910 7944 7923
f 7941 7962 7954
f 7954 7920 7941
f 7986 7965 7973
f 7879 7892 7858
f 7871 7892 7905
f 7905 7884 7871
f 7905 7939 7918
f 7918 7884 7905
f 6008 5953 5864
f 5610 5754 5699
f 5465 5520 5609
f 5753 5698 5609
f 5609 5664 5753
f 5520 5664 5609
f 6020 5876 5931
f 5787 5876 5732
f 5787 5931 5876
f 3559 3614 3703
f 5211 5300 5156
f 4457 4368 4512
f 4512 4368 4423
f 4423 4368 4279
f 4779 4923 4868
f 4224 4279 4368
f 2661 2572 2716
f 2085 2174 2030
f 2585 2496 2640
f 2695 2750 2839
f 1946 1857 2001
f 2763 2818 2907
f 4808 4664 4719
f 4253 4397 4342
f 4342 4397 4486
f 4863 4808 4719
f 4096 4151 4240
f 4185 4096 4240
f 4240 4329 4185
f 4643 4554 4698
f 4698 4554 4609
f 4986 4842 4897
f 4986 5041 5130
f 4986 4897 5041
f 4499 4554 4643
f 3999 3910 4054
f 4609 4465 4520
f 4520 4664 4609
f 3525 3580 3669
f 3669 3614 3525
f 3669 3758 3614
f 3813 3758 3669
f 3669 3724 3813
f 3580 3724 3669
f 3957 3813 3868
f 3813 3724 3868
f 3868 4012 3957
f 3491 3546 3635
f 3635 3580 3491
f 3635 3724 3580
f 3635 3546 3690
f 4177 4033 4088
f 4177 4232 4321
f 4088 4232 4177
f 4122 4033 4177
f 3690 3745 3834
f 3834 3745 3889
f 4376 4465 4321
f 4321 4232 4376
f 4376 4232 4287
f 4376 4520 4465
f 3910 3855 3766
f 3766 3677 3821
f 3821 3910 3766
f 3622 3677 3766
f 3766 3711 3622
f 3766 3855 3711
f 4245 4156 4300
f 4101 4156 4245
f 4245 4190 4101
f 3203 3347 3292
f 3114 3169 3258
f 3258 3203 3114
f 3347 3203 3258
f 3402 3347 3258
f 3258 3169 3313
f 3313 3402 3258
f 3292 3347 3436
f 3525 3381 3436
f 3436 3381 3292
f 3436 3580 3525
f 3491 3580 3436
f 3436 3347 3491
f 2415 2271 2326
f 2470 2415 2326
f 2326 2271 2182
f 2182 2237 2326
f 3080 3025 2936
f 2792 2936 2881
f 2881 2936 3025
f 3457 3601 3546
f 3313 3368 3457
f 3457 3368 3512
f 3512 3601 3457
f 3457 3402 3313
f 3546 3402 3457
f 3190 3135 3046
f 2957 3101 3046
f 3046 3101 3190
f 3046 2902 2957
f 3279 3368 3224
f 3224 3135 3279
f 3279 3135 3190
f 3190 3334 3279
f 2991 3135 3080
f 3080 2936 2991
f 2902 3046 2991
f 2991 3046 3135
f 2088 2143 2232
f 2232 2177 2088
f 2321 2177 2232
f 2232 2376 2321
f 2232 2143 2287
f 2287 2376 2232
f 2198 2342 2287
f 2054 2109 2198
f 2198 2109 2253
f 2253 2342 2198
f 2198 2143 2054
f 2287 2143 2198
f 2609 2520 2664
f 2465 2520 2609
f 2287 2342 2431
f 2431 2376 2287
f 2520 2376 2431
f 2431 2342 2486
f 4075 4020 3931
f 3931 3986 4075
f 3842 3986 3931
f 3787 3842 3931
f 3698 3609 3753
f 3753 3842 3698
f 3753 3609 3664
f 3465 3321 3376
f 3465 3609 3554
f 3143 3088 2999
f 2999 3054 3143
f 2910 3054 2999
f 2999 2855 2910
f 2999 3088 2944
f 2944 2855 2999
f 3232 3088 3143
f 3376 3321 3232
f 3232 3321 3177
f 3177 3088 3232
f 3232 3287 3376
f 3143 3287 3232
f 3588 3677 3533
f 3588 3732 3677
f 3410 3465 3554
f 3321 3465 3410
f 3821 3732 3876
f 3876 3732 3787
f 3787 3931 3876
f 3876 3931 4020
f 4363 4274 4418
f 4219 4274 4363
f 503 414 469
f 346 312 401
f 291 312 346
f 380 469 414
f 410 376 465
f 321 376 410
f 910 876 965
f 612 578 667
f 209 154 175
f 209 264 243
f 222 243 277
f 277 256 222
f 311 256 277
f 332 311 277
f 290 269 235
f 235 256 290
f 269 214 235
f 7 20 12
f 15 20 7
f 41 20 28
f 28 20 15
f 28 49 41
f 413 379 468
f 324 269 290
f 324 413 358
f 379 413 324
f 358 303 324
f 324 303 269
f 345 311 400
f 290 311 345
f 345 324 290
f 379 324 345
f 282 303 337
f 358 392 337
f 337 303 358
f 510 421 476
f 421 387 476
f 400 311 366
f 366 311 332
f 332 421 366
f 138 117 104
f 62 75 41
f 41 49 62
f 122 109 143
f 316 261 282
f 282 337 316
f 282 227 248
f 248 303 282
f 269 303 248
f 248 214 269
f 287 308 342
f 342 321 287
f 287 321 266
f 266 232 287
f 368 313 334
f 334 423 368
f 368 423 457
f 1664 1609 1520
f 1397 1541 1486
f 1486 1541 1630
f 1774 1630 1685
f 1842 1787 1698
f 1698 1787 1643
f 1643 1554 1698
f 1698 1554 1609
f 1829 1973 1918
f 1829 1774 1685
f 1918 1774 1829
f 1685 1541 1596
f 1596 1452 1507
f 1541 1452 1596
f 1528 1439 1583
f 1528 1672 1617
f 1583 1672 1528
f 1172 1261 1117
f 1219 1363 1308
f 677 643 732
f 1342 1253 1397
f 1397 1486 1342
f 1533 1588 1677
f 1444 1588 1533
f 1512 1457 1368
f 1635 1546 1690
f 1690 1779 1635
f 2156 2245 2101
f 2101 2012 2156
f 2156 2012 2067
f 2067 2211 2156
f 2067 2012 1923
f 1868 2012 1957
f 1779 1923 1868
f 1868 1923 2012
f 1758 1703 1614
f 1792 1881 1737
f 1559 1415 1470
f 1470 1614 1559
f 1559 1614 1703
f 1572 1661 1517
f 1716 1661 1572
f 2821 2677 2732
f 2588 2444 2499
f 2732 2677 2588
f 2588 2533 2444
f 2677 2533 2588
f 2622 2677 2766
f 2910 2855 2766
f 2766 2821 2910
f 2677 2821 2766
f 3478 3334 3389
f 3533 3622 3478
f 3478 3389 3533
f 3245 3101 3156
f 3389 3334 3245
f 3190 3101 3245
f 3245 3334 3190
f 3156 3300 3245
f 3245 3300 3389
f 2622 2567 2478
f 2478 2533 2622
f 2690 2546 2601
f 2546 2457 2601
f 2601 2745 2690
f 2656 2745 2601
f 2402 2457 2546
f 2347 2258 2402
f 2491 2436 2347
f 2491 2580 2436
f 2347 2402 2491
f 2491 2635 2580
f 2546 2635 2491
f 2491 2402 2546
f 2779 2635 2690
f 2779 2923 2868
f 2868 2813 2724
f 2724 2779 2868
f 2635 2779 2724
f 2580 2635 2724
f 2724 2813 2669
f 2669 2580 2724
f 3355 3300 3211
f 3211 3300 3156
f 2656 2567 2711
f 2711 2800 2656
f 2711 2567 2622
f 2855 2800 2711
f 2622 2766 2711
f 2711 2766 2855
f 2889 2745 2800
f 2889 3033 2978
f 2944 3033 2889
f 2889 2800 2944
f 2690 2745 2834
f 2834 2779 2690
f 2923 2779 2834
f 2978 2923 2834
f 2834 2889 2978
f 2745 2889 2834
f 3067 2923 2978
f 3067 3211 3156
f 2868 2923 3012
f 3012 3101 2957
f 2957 2868 3012
f 3156 3101 3012
f 3012 3067 3156
f 2923 3067 3012
f 2499 2410 2554
f 2554 2410 2465
f 2465 2609 2554
f 2554 2609 2698
f 2355 2211 2266
f 2499 2444 2355
f 2266 2410 2355
f 2355 2410 2499
f 2300 2355 2444
f 2211 2355 2300
f 2245 2156 2300
f 2300 2156 2211
f 1839 1695 1750
f 1661 1805 1750
f 1750 1894 1839
f 1805 1894 1750
f 2169 2025 2080
f 2080 2224 2169
f 2258 2203 2114
f 2114 2169 2258
f 2025 2169 2114
f 2114 1970 2025
f 2114 2203 2059
f 2059 1970 2114
f 1915 1771 1826
f 1826 1970 1915
f 1737 1881 1826
f 1881 1970 1826
f 1538 1593 1682
f 1682 1593 1737
f 1737 1826 1682
f 1682 1826 1771
f 1860 1771 1915
f 1860 1949 1805
f 1860 1805 1716
f 1716 1771 1860
f 2059 2203 2148
f 1962 2017 2106
f 1928 2072 2017
f 1928 1784 1839
f 1928 1873 1784
f 2017 1873 1928
f 2305 2250 2161
f 2161 2216 2305
f 2072 2216 2161
f 2017 2072 2161
f 2161 2106 2017
f 2250 2106 2161
f 1983 1894 2038
f 1839 1894 1983
f 1983 1928 1839
f 2072 1928 1983
f 737 826 771
f 826 860 771
f 407 318 373
f 551 640 585
f 585 619 530
f 1009 954 920
f 1441 1297 1352
f 1496 1441 1352
f 1263 1119 1174
f 1174 1318 1263
f 1208 1119 1263
f 1263 1352 1208
f 1208 1352 1297
f 1373 1462 1318
f 1517 1462 1373
f 873 839 928
f 894 983 928
f 928 839 894
f 928 983 1072
f 1072 1017 928
f 915 860 826
f 826 881 915
f 750 716 805
f 805 860 894
f 716 771 805
f 805 771 860
f 805 839 750
f 894 839 805
f 1072 1216 1161
f 1161 1017 1072
f 1470 1415 1326
f 326 347 381
f 734 823 768
f 920 954 865
f 865 831 920
f 865 954 899
f 137 192 171
f 205 150 171
f 179 124 145
f 2046 1957 2101
f 2101 2190 2046
f 2046 1902 1957
f 1920 1776 1831
f 1509 1420 1564
f 1509 1598 1454
f 2475 2331 2386
f 2386 2530 2475
f 2475 2530 2619
f 2187 2331 2276
f 2119 2174 2263
f 2030 2174 2119
f 2386 2331 2242
f 2331 2187 2242
f 1200 1289 1145
f 1268 1412 1357
f 1268 1124 1179
f 1467 1522 1611
f 1378 1522 1467
f 1721 1577 1632
f 1632 1543 1687
f 1632 1776 1721
f 1687 1776 1632
f 1255 1399 1344
f 1433 1289 1344
f 1344 1200 1255
f 1289 1200 1344
f 1488 1577 1433
f 1433 1344 1488
f 1488 1344 1399
f 1488 1399 1543
f 1543 1632 1488
f 1488 1632 1577
f 1420 1276 1331
f 1242 1386 1331
f 1331 1187 1242
f 1276 1187 1331
f 1365 1276 1420
f 1365 1509 1454
f 1420 1509 1365
f 1386 1441 1530
f 1530 1441 1585
f 1585 1674 1530
f 1585 1496 1640
f 1496 1551 1640
f 1640 1695 1784
f 1640 1551 1695
f 1818 1873 1962
f 1962 1907 1818
f 1763 1674 1818
f 1818 1907 1763
f 1653 1509 1564
f 1598 1509 1653
f 1564 1708 1653
f 1653 1708 1797
f 1763 1907 1852
f 1852 1708 1763
f 1797 1708 1852
f 1247 1336 1192
f 1247 1302 1391
f 1391 1336 1247
f 1069 925 980
f 1069 1014 925
f 980 1124 1069
f 1904 1815 1959
f 1959 1815 1870
f 1734 1679 1590
f 713 658 624
f 768 802 713
f 747 658 713
f 713 802 747
f 1035 1090 1179
f 1179 1124 1035
f 1035 1124 980
f 1056 1200 1145
f 857 823 912
f 912 823 878
f 878 967 912
f 925 1014 959
f 595 561 650
f 705 650 616
f 616 650 561
f 582 616 527
f 527 616 561
f 781 747 836
f 917 972 1006
f 1006 951 917
f 1663 1807 1752
f 1896 1807 1951
f 1896 1752 1807
f 1553 1697 1642
f 1663 1752 1608
f 1608 1752 1697
f 1697 1553 1608
f 1608 1553 1464
f 1320 1231 1375
f 1375 1464 1320
f 1320 1176 1231
f 1888 1977 1833
f 2265 2320 2409
f 2265 2409 2354
f 1977 1888 2032
f 1299 1354 1443
f 1443 1388 1299
f 1299 1388 1244
f 1532 1388 1443
f 1443 1587 1532
f 1477 1532 1621
f 1388 1532 1477
f 1422 1333 1477
f 1477 1333 1388
f 1223 1079 1134
f 1456 1367 1511
f 1511 1367 1422
f 1833 1689 1744
f 1744 1655 1799
f 1744 1888 1833
f 1799 1888 1744
f 1799 1655 1710
f 846 812 901
f 922 977 1011
f 1189 1100 1244
f 1244 1333 1189
f 1892 1947 2036
f 2180 2125 2036
f 2036 2091 2180
f 2036 1947 2091
f 1659 1604 1515
f 1748 1604 1659
f 1892 1748 1803
f 1803 1947 1892
f 1748 1659 1803
f 1803 1659 1714
f 1858 1947 1803
f 1803 1714 1858
f 1769 1714 1625
f 1625 1680 1769
f 1536 1680 1625
f 1646 1591 1502
f 3730 3586 3641
f 2235 2091 2146
f 2146 2091 2002
f 2235 2146 2290
f 2290 2146 2201
f 3044 3133 2989
f 3099 3188 3044
f 3044 3188 3133
f 850 905 939
f 795 829 740
f 795 761 850
f 363 397 308
f 418 452 363
f 363 452 397
f 465 376 431
f 431 376 342
f 342 397 431
f 672 761 706
f 706 795 740
f 761 795 706
f 774 829 863
f 740 829 774
f 863 897 808
f 808 774 863
f 719 774 808
f 808 897 842
f 698 732 643
f 1036 947 1091
f 981 947 1036
f 727 638 693
f 693 782 727
f 816 782 871
f 871 905 816
f 2180 2324 2269
f 2269 2324 2413
f 2269 2125 2180
f 2269 2214 2125
f 2159 2303 2248
f 2159 2214 2303
f 1892 2036 1981
f 1981 2036 2125
f 1782 1926 1871
f 1871 1727 1782
f 1638 1727 1583
f 1583 1494 1638
f 1638 1494 1549
f 1782 1727 1638
f 1816 1960 1905
f 1905 1761 1816
f 1816 1871 1960
f 1727 1871 1816
f 1816 1761 1672
f 1672 1727 1816
f 1295 1240 1151
f 1350 1439 1295
f 1282 1193 1337
f 1337 1426 1282
f 1138 1193 1282
f 1282 1227 1138
f 1405 1494 1350
f 1350 1261 1405
f 1405 1261 1316
f 1316 1460 1405
f 1405 1460 1549
f 1549 1494 1405
f 1866 2010 1955
f 1722 1667 1578
f 1777 1866 1722
f 1510 1654 1599
f 1599 1654 1743
f 2058 2113 2202
f 1681 1825 1770
f 2016 1961 1872
f 1728 1872 1817
f 1817 1872 1961
f 1893 1804 1948
f 2587 2731 2676
f 2676 2532 2587
f 2642 2731 2587
f 2786 2731 2642
f 2553 2697 2642
f 2642 2697 2786
f 2710 2799 2655
f 2655 2511 2566
f 2566 2710 2655
f 1613 1524 1668
f 1490 1634 1579
f 1668 1524 1579
f 1668 1579 1723
f 1723 1579 1634
f 1545 1634 1490
f 1689 1634 1545
f 1202 1346 1291
f 1380 1236 1291
f 1435 1346 1490
f 1490 1579 1435
f 1435 1579 1524
f 1435 1524 1380
f 1380 1291 1435
f 1435 1291 1346
f 1558 1414 1469
f 1380 1524 1469
f 1469 1613 1558
f 1524 1613 1469
f 1325 1236 1380
f 1380 1469 1325
f 1325 1469 1414
f 2045 1901 1956
f 2045 2189 2134
f 2045 2134 1990
f 1990 1901 2045
f 1558 1613 1702
f 2367 2223 2278
f 2066 1922 1977
f 2066 2011 1922
f 2155 2011 2066
f 2244 2155 2299
f 848 814 903
f 814 869 903
f 285 264 230
f 230 209 175
f 264 209 230
f 285 230 251
f 442 408 497
f 442 476 387
f 594 560 649
f 649 683 594
f 526 560 471
f 471 437 526
f 526 437 492
f 738 793 827
f 738 683 649
f 518 429 484
f 463 429 518
f 497 408 463
f 374 463 408
f 429 463 374
f 725 691 780
f 780 814 725
f 725 814 759
f 759 670 725
f 704 670 759
f 759 793 704
f 704 738 649
f 793 738 704
f 335 369 314
f 348 293 314
f 293 259 314
f 385 440 474
f 440 529 474
f 474 529 563
f 563 597 508
f 508 474 563
f 1788 1877 1733
f 1733 1644 1788
f 1843 1932 1788
f 1788 1932 1877
f 2186 2042 2097
f 2097 2241 2186
f 1987 1898 2042
f 1843 1898 1987
f 1987 1932 1843
f 2076 1932 1987
f 1754 1898 1843
f 2042 1898 1953
f 1953 2097 2042
f 2008 2097 1953
f 1775 1686 1830
f 1631 1775 1720
f 1686 1775 1631
f 1796 1707 1851
f 1736 1592 1647
f 1558 1702 1647
f 1503 1414 1558
f 1558 1647 1503
f 1503 1647 1592
f 1359 1414 1503
f 1084 1173 1029
f 974 940 1029
f 1029 940 1084
f 1537 1393 1448
f 1359 1503 1448
f 1448 1592 1537
f 1448 1503 1592
f 1427 1338 1482
f 1338 1393 1482
f 1482 1571 1427
f 1482 1393 1537
f 775 864 809
f 1152 1296 1241
f 1207 1296 1152
f 503 592 537
f 537 626 571
f 592 626 537
f 359 393 338
f 482 537 571
f 584 529 495
f 495 550 584
f 673 618 584
f 584 618 529
f 647 702 736
f 647 736 681
f 681 592 647
f 647 613 702
f 736 702 791
f 846 880 791
f 935 880 846
f 846 901 935
f 935 901 990
f 935 990 1079
f 728 762 673
f 817 762 728
f 660 694 605
f 605 571 660
f 571 626 660
f 1270 1414 1359
f 1270 1325 1414
f 851 817 906
f 906 940 851
f 906 995 940
f 33 20 41
f 41 54 33
f 33 54 46
f 46 25 33
f 12 20 33
f 33 25 12
f 46 54 67
f 242 276 221
f 250 229 195
f 284 229 250
f 250 305 284
f 318 263 284
f 284 263 229
f 258 203 224
f 313 292 258
f 224 279 258
f 258 279 313
f 208 263 242
f 229 263 208
f 119 153 132
f 30 51 43
f 30 17 38
f 38 51 30
f 140 119 106
f 106 119 85
f 64 77 43
f 43 51 64
f 64 51 85
f 69 82 48
f 145 124 111
f 35 69 48
f 48 27 35
f 35 27 14
f 12 17 4
f 4 7 12
f 1 2 4
f 2 7 4
f 95 82 116
f 137 171 116
f 116 171 150
f 3 2 1
f 11 16 3
f 1 6 3
f 6 11 3
f 40 74 53
f 40 27 48
f 19 27 40
f 40 32 19
f 53 32 40
f 37 71 50
f 37 50 29
f 29 16 37
f 37 16 24
f 53 87 66
f 336 391 425
f 425 370 336
f 349 404 438
f 514 569 603
f 514 480 569
f 514 459 425
f 425 480 514
f 603 637 548
f 548 637 582
f 548 514 603
f 459 514 548
f 375 409 320
f 456 490 401
f 545 490 456
f 506 561 595
f 294 273 239
f 239 260 294
f 205 260 239
f 239 273 218
f 341 375 320
f 226 260 205
f 205 171 226
f 226 171 192
f 281 260 226
f 226 247 281
f 192 247 226
f 184 150 205
f 184 239 218
f 205 239 184
f 1032 977 943
f 909 998 943
f 1231 1176 1087
f 1087 1176 1032
f 1032 943 1087
f 1087 943 998
f 854 820 909
f 909 943 854
f 786 820 731
f 1053 998 964
f 964 1108 1053
f 1053 1108 1197
f 1095 1150 1239
f 1006 1150 1095
f 1095 951 1006
f 1095 1040 951
f 930 1019 964
f 1074 1019 930
f 744 710 799
f 2225 2170 2081
f 2081 2170 2026
f 2026 1882 1937
f 1937 2081 2026
f 2115 2170 2259
f 2026 2170 2115
f 2094 2183 2039
f 2238 2183 2094
f 2149 2293 2238
f 2238 2094 2149
f 2238 2293 2382
f 2293 2437 2382
f 2992 2848 2903
f 2903 3047 2992
f 2958 3047 2903
f 2937 2848 2992
f 2793 2848 2937
f 2937 2882 2793
f 3026 2882 2937
f 2636 2492 2547
f 2547 2492 2403
f 2259 2314 2403
f 1921 1832 1976
f 1777 1832 1921
f 1921 1866 1777
f 2010 1866 1921
f 848 903 937
f 937 903 992
f 1073 984 1128
f 1128 1217 1073
f 1175 1319 1264
f 1353 1209 1264
f 1264 1120 1175
f 1209 1120 1264
f 1353 1264 1408
f 1408 1264 1319
f 1675 1586 1730
f 1675 1819 1764
f 1730 1819 1675
f 1764 1620 1675
f 1531 1586 1675
f 1675 1620 1531
f 921 887 976
f 1442 1531 1387
f 1387 1298 1442
f 1298 1387 1243
f 976 1120 1065
f 1065 1120 1209
f 963 1107 1052
f 1018 963 929
f 895 984 929
f 1073 1018 929
f 929 984 1073
f 1251 1107 1162
f 1073 1217 1162
f 1162 1018 1073
f 1162 1107 1018
f 4749 4694 4605
f 4516 4605 4461
f 4571 4516 4427
f 4770 4681 4825
f 4825 4914 4770
f 5275 5364 5220
f 5063 5118 5207
f 6173 6029 6084
f 6029 5940 6084
f 5927 5783 5838
f 5927 6071 6016
f 5838 5783 5694
f 5694 5749 5838
f 5605 5749 5694
f 4178 4233 4322
f 4089 4233 4178
f 4644 4788 4733
f 4555 4610 4699
f 4699 4644 4555
f 4788 4644 4699
f 4843 4788 4699
f 4932 4788 4843
f 5042 4898 4953
f 4953 5097 5042
f 4953 4864 5008
f 5008 5097 4953
f 4754 4898 4843
f 4843 4699 4754
f 4754 4699 4610
f 5063 5207 5152
f 5008 5063 5152
f 5152 5097 5008
f 4686 4542 4597
f 4775 4919 4864
f 4974 4919 4830
f 4830 4775 4686
f 4919 4775 4830
f 4377 4432 4521
f 4521 4466 4377
f 4322 4233 4377
f 4377 4466 4322
f 4720 4775 4864
f 3555 3699 3644
f 3411 3466 3555
f 3466 3521 3610
f 3610 3555 3466
f 3699 3555 3610
f 3610 3521 3665
f 3644 3699 3788
f 3911 3966 4055
f 4055 4199 4144
f 4000 3856 3911
f 4144 4089 4000
f 4000 4089 3945
f 3945 3856 4000
f 4000 4055 4144
f 3911 4055 4000
f 2652 2707 2796
f 2563 2707 2652
f 2558 2702 2647
f 2914 2770 2825
f 2050 2194 2139
f 2139 1995 2050
f 2770 2859 2715
f 4354 4265 4409
f 3346 3202 3257
f 3257 3202 3113
f 3003 2859 2914
f 4100 4045 3956
f 4278 4223 4134
f 4087 4032 3943
f 4032 3888 3943
f 3689 3634 3545
f 3354 3210 3265
f 3265 3409 3354
f 3265 3176 3320
f 3320 3409 3265
f 4286 4142 4197
f 4197 4341 4286
f 4286 4341 4430
f 3909 3964 4053
f 4197 4142 4053
f 4053 4108 4197
f 4053 3964 4108
f 4723 4634 4778
f 4901 4846 4757
f 5744 5799 5888
f 5888 5833 5744
f 5655 5799 5744
f 5744 5600 5655
f 5655 5600 5511
f 5498 5553 5642
f 5676 5621 5532
f 5765 5621 5676
f 4998 4909 5053
f 4998 4854 4909
f 5286 5197 5341
f 5053 4964 5108
f 5108 5197 5053
f 5108 4964 5019
f 5019 5163 5108
f 4744 4600 4655
f 4710 4655 4566
f 3139 3050 3194
f 3050 3139 2995
f 3071 3126 3215
f 3537 3626 3482
f 3482 3393 3537
f 3537 3393 3448
f 3448 3592 3537
f 3071 3215 3160
f 3338 3393 3482
f 3550 3406 3461
f 4037 4181 4126
f 3953 4042 3898
f 3898 3809 3953
f 4131 4042 4186
f 4186 4275 4131
f 3830 3686 3741
f 3830 3741 3885
f 3775 3686 3830
f 3953 4008 4097
f 4186 4042 4097
f 4097 4042 3953
f 4097 4008 4152
f 1458 1602 1547
f 3110 3055 2966
f 3199 3055 3110
f 2966 2911 2822
f 2678 2733 2822
f 2767 2678 2822
f 2822 2911 2767
f 2966 2822 2877
f 2877 2822 2733
f 2233 2322 2178
f 2547 2403 2458
f 2458 2403 2314
f 2644 2500 2555
f 2555 2699 2644
f 2678 2534 2589
f 2589 2733 2678
f 2644 2733 2589
f 2589 2500 2644
f 3432 3377 3288
f 3288 3343 3432
f 3199 3343 3288
f 3144 3199 3288
f 3288 3233 3144
f 3377 3233 3288
f 1157 1301 1246
f 1212 1123 1267
f 1267 1356 1212
f 1212 1356 1301
f 1301 1157 1212
f 1534 1479 1390
f 1479 1335 1390
f 1246 1301 1390
f 1390 1335 1246
f 1288 1233 1144
f 1144 1233 1089
f 1089 1000 1144
f 992 1136 1081
f 1081 937 992
f 1225 1136 1280
f 1280 1369 1225
f 1225 1369 1314
f 1225 1314 1170
f 1170 1081 1225
f 1225 1081 1136
f 1280 1136 1191
f 1246 1335 1191
f 1191 1335 1280
f 1191 1136 1047
f 1280 1335 1424
f 1424 1369 1280
f 1424 1335 1479
f 2809 2898 2754
f 2809 2953 2898
f 2809 2720 2864
f 2864 2953 2809
f 2453 2398 2309
f 2343 2487 2432
f 2398 2487 2343
f 4764 4908 4853
f 4620 4675 4764
f 4853 4908 4997
f 5052 5141 4997
f 4997 4908 5052
f 4819 4675 4730
f 4730 4874 4819
f 4819 4764 4675
f 4908 4764 4819
f 3955 4099 4044
f 3955 4044 3900
f 3866 4010 3955
f 4010 4099 3955
f 3900 3756 3811
f 3811 3955 3900
f 3811 3722 3866
f 3866 3955 3811
f 4112 4256 4201
f 4201 4057 4112
f 4400 4256 4311
f 4311 4455 4400
f 4400 4455 4544
f 4023 4078 4167
f 4167 4112 4023
f 4256 4112 4167
f 4311 4256 4167
f 4167 4222 4311
f 4167 4078 4222
f 4146 4235 4091
f 4146 4290 4235
f 4201 4290 4146
f 4146 4057 4201
f 4510 4565 4654
f 4654 4798 4743
f 4853 4798 4709
f 4709 4764 4853
f 4620 4764 4709
f 4709 4565 4620
f 4709 4654 4565
f 4798 4654 4709
f 4879 4735 4790
f 4790 4934 4879
f 4824 4968 4913
f 4913 4769 4824
f 4735 4879 4824
f 4824 4879 4968
f 4963 5107 5052
f 4963 4819 4874
f 4963 4874 5018
f 5018 5107 4963
f 5052 4908 4963
f 4908 4819 4963
f 5353 5298 5209
f 5209 5264 5353
f 5120 5264 5209
f 5209 5298 5154
f 5387 5298 5442
f 5442 5298 5353
f 4319 4230 4374
f 4264 4209 4120
f 4264 4353 4209
f 4120 4175 4264
f 4264 4175 4319
f 3633 3688 3777
f 3866 3722 3777
f 3777 3722 3633
f 3777 3921 3866
f 3832 3921 3777
f 3777 3688 3832
f 3201 3256 3345
f 3345 3400 3489
f 3256 3400 3345
f 2913 2769 2824
f 2646 2591 2502
f 2646 2735 2591
f 2502 2557 2646
f 2646 2790 2735
f 2646 2557 2701
f 2701 2790 2646
f 3536 3392 3447
f 3447 3392 3303
f 3646 3502 3557
f 3557 3701 3646
f 3612 3756 3701
f 3701 3557 3612
f 3612 3557 3468
f 4306 4361 4450
f 4052 3908 3963
f 4052 4107 4196
f 3963 4107 4052
f 3997 3908 4052
f 4086 4031 3942
f 3853 3997 3942
f 3942 3997 4086
f 3942 3798 3853
f 3887 3798 3942
f 3942 4031 3887
f 3654 3510 3565
f 2994 3083 2939
f 2939 3083 3028
f 2850 2905 2994
f 2994 2939 2850
f 2206 2151 2062
f 1918 1973 2062
f 1918 2062 2007
f 2007 2062 2151
f 2528 2384 2439
f 2528 2672 2617
f 2439 2583 2528
f 2583 2672 2528
f 2473 2617 2562
f 2473 2528 2617
f 2384 2528 2473
f 2219 2274 2363
f 2363 2308 2219
f 2452 2308 2363
f 2507 2452 2363
f 2418 2562 2507
f 2507 2363 2418
f 2418 2363 2274
f 2418 2473 2562
f 2041 2130 1986
f 2185 2130 2041
f 2740 2829 2685
f 2685 2596 2740
f 2164 2308 2253
f 2020 2075 2164
f 2164 2075 2219
f 2219 2308 2164
f 2164 2109 2020
f 2253 2109 2164
f 2253 2308 2397
f 2486 2342 2397
f 2397 2342 2253
f 2397 2541 2486
f 2397 2308 2452
f 2452 2541 2397
f 2371 2515 2460
f 2282 2337 2426
f 2426 2371 2282
f 2515 2371 2426
f 2570 2515 2426
f 2248 2337 2193
f 2193 2337 2282
f 2570 2426 2481
f 2481 2426 2337
f 2892 3036 2981
f 3070 2926 2981
f 3180 3269 3125
f 3125 3036 3180
f 3269 3214 3125
f 3125 2981 3036
f 3125 3214 3070
f 3070 2981 3125
f 2816 2905 2761
f 2761 2672 2816
f 2905 2850 2761
f 2617 2672 2761
f 2761 2706 2617
f 2761 2850 2706
f 2926 2782 2837
f 2837 2981 2926
f 2892 2981 2837
f 2350 2405 2494
f 2494 2583 2439
f 2439 2350 2494
f 2638 2583 2494
f 2494 2549 2638
f 2494 2405 2549
f 3337 3392 3481
f 3481 3426 3337
f 3570 3426 3481
f 3481 3392 3536
f 3604 3748 3693
f 3604 3460 3515
f 3693 3549 3604
f 3604 3549 3460
f 3693 3748 3837
f 3837 3782 3693
f 3591 3735 3680
f 3591 3447 3502
f 3591 3502 3646
f 3646 3735 3591
f 3591 3680 3536
f 3536 3447 3591
f 3879 3735 3790
f 3934 4023 3879
f 3879 3790 3934
f 3824 3735 3879
f 3769 3680 3824
f 2808 2719 2863
f 2664 2719 2808
f 2486 2630 2575
f 2630 2719 2575
f 2575 2719 2664
f 2575 2431 2486
f 2664 2520 2575
f 2520 2431 2575
f 2931 2842 2986
f 2787 2842 2931
f 3185 3240 3329
f 3185 3096 3240
f 2994 2905 3049
f 3049 3138 2994
f 2905 2960 3049
f 3193 3138 3049
f 3015 2960 2871
f 3015 2871 2926
f 3015 2926 3070
f 3227 3138 3282
f 3282 3371 3227
f 3282 3138 3193
f 3426 3371 3282
f 3282 3193 3337
f 3337 3426 3282
f 3460 3549 3405
f 3405 3549 3494
f 3494 3350 3405
f 3405 3350 3261
f 3782 3727 3638
f 3693 3782 3638
f 3638 3549 3693
f 3494 3549 3638
f 3871 3727 3782
f 3617 3672 3761
f 3528 3672 3617
f 3816 3672 3727
f 3727 3871 3816
f 3761 3672 3816
f 3816 3905 3761
f 3905 4049 3994
f 3583 3672 3528
f 3528 3439 3583
f 3583 3439 3494
f 3727 3672 3583
f 3494 3638 3583
f 3583 3638 3727
f 3062 3206 3151
f 3151 3007 3062
f 3151 3096 3007
f 3240 3096 3151
f 3486 3342 3397
f 4185 4274 4130
f 4130 4274 4219
f 4130 4219 4075
f 4075 3986 4130
f 3431 3287 3342
f 3342 3486 3431
f 3376 3287 3431
f 3342 3287 3198
f 3198 3287 3143
f 3143 3054 3198
f 4117 4062 3973
f 3973 4028 4117
f 4528 4439 4583
f 4151 4062 4206
f 4206 4062 4117
f 4083 4028 3939
f 3939 3994 4083
f 5672 5617 5528
f 4782 4926 4871
f 4782 4693 4837
f 4837 4926 4782
f 5481 5392 5536
f 4583 4638 4727
f 4727 4871 4816
f 4727 4638 4782
f 4782 4871 4727
f 5098 4954 5009
f 5187 5043 5098
f 5043 4954 5098
f 5496 5585 5441
f 5441 5585 5530
f 5640 5585 5496
f 5907 5763 5818
f 5839 5750 5894
f 5894 5750 5805
f 5530 5585 5674
f 5674 5619 5530
f 5763 5619 5674
f 5818 5763 5674
f 5530 5619 5475
f 5475 5619 5564
f 5564 5420 5475
f 5475 5420 5331
f 4158 4103 4014
f 4014 3870 3925
f 3959 3904 3815
f 3815 3870 3959
f 3870 4014 3959
f 3959 4014 4103
f 4171 4226 4315
f 4658 4603 4514
f 3561 3616 3705
f 3794 3650 3705
f 3705 3650 3561
f 3705 3849 3794
f 3760 3849 3705
f 3705 3616 3760
f 2540 2684 2629
f 2896 3040 2985
f 3328 3472 3417
f 2951 3095 3040
f 3040 2896 2951
f 3006 3095 2951
f 4247 4302 4391
f 4336 4247 4391
f 4391 4480 4336
f 4535 4480 4391
f 4446 4302 4357
f 4357 4501 4446
f 4535 4391 4446
f 4446 4391 4302
f 2972 2917 2828
f 4255 4310 4399
f 4399 4344 4255
f 4200 4111 4255
f 4255 4344 4200
f 3658 3603 3514
f 3514 3569 3658
f 3425 3569 3514
f 3459 3603 3548
f 3459 3404 3315
f 3548 3404 3459
f 3459 3514 3603
f 3349 3404 3493
f 3349 3294 3205
f 3501 3412 3556
f 3844 3700 3755
f 3988 3933 3844
f 4090 4234 4179
f 3946 4001 4090
f 4145 4234 4090
f 4090 4001 4145
f 4090 4035 3946
f 4179 4035 4090
f 3624 3768 3713
f 3624 3480 3535
f 3535 3679 3624
f 3679 3768 3624
f 3713 3569 3624
f 3569 3480 3624
f 5632 5687 5776
f 5454 5509 5598
f 5420 5365 5276
f 5187 5331 5276
f 5331 5420 5276
f 5276 5132 5187
f 5221 5132 5276
f 5276 5365 5221
f 5543 5399 5454
f 5543 5687 5632
f 5454 5598 5543
f 5543 5598 5687
f 5454 5399 5310
f 5310 5365 5454
f 5221 5365 5310
f 4933 5022 4878
f 5077 5022 4933
f 5056 5200 5145
f 6069 5980 6124
f 4844 4899 4988
f 5077 4933 4988
f 4988 4933 4844
f 4988 5132 5077
f 5043 5132 4988
f 4988 4899 5043
f 5009 4954 4865
f 4865 4920 5009
f 4776 4920 4865
f 4721 4776 4865
f 4865 4810 4721
f 4865 4954 4810
f 4357 4302 4213
f 4213 4302 4158
f 4268 4412 4357
f 4268 4124 4179
f 4357 4213 4268
f 4268 4213 4124
f 4179 4234 4323
f 4323 4268 4179
f 4412 4268 4323
f 4467 4412 4323
f 4323 4234 4378
f 4378 4467 4323
f 4569 4713 4658
f 4425 4480 4569
f 4658 4514 4569
f 4569 4514 4425
f 4857 4946 4802
f 4802 4713 4857
f 4658 4713 4802
f 4624 4480 4535
f 4624 4569 4480
f 4713 4569 4624
f 1192 1336 1281
f 1870 1815 1726
f 2213 2302 2158
f 2268 2124 2179
f 2213 2124 2268
f 3001 2946 2857
f 2624 2713 2569
f 2993 3082 2938
f 2438 2582 2527
f 2595 2684 2540
f 5517 5373 5428
f 5606 5462 5517
f 5517 5462 5373
f 4818 4763 4674
f 4674 4729 4818
f 4674 4763 4619
f 5064 4920 4975
f 5009 4920 5064
f 4365 4509 4454
f 4454 4310 4365
f 4543 4399 4454
f 4399 4310 4454
f 4695 4839 4784
f 4462 4551 4407
f 4771 4627 4682
f 4771 4915 4860
f 4682 4826 4771
f 4771 4826 4915
f 4305 4449 4394
f 3263 3119 3174
f 3263 3407 3352
f 4784 4729 4640
f 4640 4695 4784
f 4551 4695 4640
f 6963 6819 6874
f 6421 6366 6277
f 6832 6777 6688
f 6743 6654 6798
f 6832 6688 6743
f 6599 6654 6743
f 6743 6688 6599
f 7557 7468 7523
f 7557 7502 7468
f 7604 7570 7659
f 7604 7638 7549
f 7680 7659 7625
f 7659 7570 7625
f 7625 7570 7536
f 6845 6701 6756
f 6756 6900 6845
f 6646 6701 6790
f 6557 6701 6646
f 6646 6502 6557
f 6591 6502 6646
f 7188 7243 7277
f 7222 7188 7277
f 7133 7188 7222
f 6434 6489 6578
f 6523 6434 6578
f 6295 6439 6384
f 6371 6227 6282
f 6282 6227 6138
f 6282 6426 6371
f 6206 6295 6151
f 6070 5981 6125
f 5926 5981 6070
f 6316 6460 6405
f 6392 6536 6481
f 6481 6536 6625
f 6625 6570 6481
f 6625 6536 6680
f 6358 6502 6447
f 6536 6392 6447
f 6591 6536 6447
f 6447 6502 6591
f 6413 6468 6557
f 6557 6502 6413
f 6324 6468 6413
f 6413 6502 6358
f 6413 6269 6324
f 6358 6269 6413
f 6180 6091 6235
f 6180 6235 6324
f 6324 6269 6180
f 6036 6091 6180
f 6125 6036 6180
f 6180 6269 6125
f 6277 6133 6188
f 5002 4858 4913
f 5002 5091 4947
f 4947 4858 5002
f 5214 5269 5358
f 5447 5358 5502
f 5879 5735 5790
f 6290 6235 6146
f 6002 6057 6146
f 6146 6091 6002
f 6235 6091 6146
f 5913 6057 6002
f 5913 5769 5824
f 6112 6057 5968
f 5879 6023 5968
f 5968 6023 6112
f 5968 5824 5879
f 5968 5913 5824
f 6057 5913 5968
f 6078 6133 6222
f 5989 6133 6078
f 5858 5947 5803
f 6002 5947 5858
f 5858 5913 6002
f 5769 5913 5858
f 5680 5735 5824
f 5824 5769 5680
f 5714 5659 5570
f 5803 5659 5714
f 5714 5858 5803
f 5769 5858 5714
f 5316 5172 5227
f 5227 5371 5316
f 5371 5460 5316
f 5604 5693 5549
f 5549 5460 5604
f 5748 5693 5604
f 5604 5659 5748
f 6193 6282 6138
f 5816 5761 5672
f 5672 5727 5816
f 5727 5782 5871
f 5871 5816 5727
f 5960 5816 5871
f 5871 5782 5926
f 5274 5329 5418
f 5418 5363 5274
f 7631 7686 7665
f 7665 7576 7631
f 7644 7589 7555
f 7644 7665 7699
f 6512 6656 6601
f 6601 6656 6745
f 6745 6690 6601
f 5478 5567 5423
f 5478 5389 5533
f 5533 5389 5444
f 5444 5389 5300
f 4313 4368 4457
f 4313 4224 4368
f 4093 4182 4038
f 4148 4059 4203
f 5067 4923 4978
f 5067 5211 5156
f 4868 4923 5012
f 5012 4957 4868
f 5101 4957 5012
f 5156 5101 5012
f 5012 5067 5156
f 4923 5067 5012
f 4525 4669 4614
f 4614 4470 4525
f 4614 4669 4758
f 4148 4203 4292
f 4292 4347 4436
f 4292 4203 4347
f 5004 4949 4860
f 4860 4915 5004
f 5004 5059 5148
f 4915 5059 5004
f 6478 6622 6567
f 5965 6020 6109
f 6109 6054 5965
f 6020 6164 6109
f 5821 5876 5965
f 5732 5876 5821
f 5821 5677 5732
f 5766 5677 5821
f 5999 6054 6143
f 6088 5999 6143
f 6143 6232 6088
f 7028 7117 7062
f 7028 6884 6939
f 7460 7371 7426
f 7515 7481 7570
f 7549 7460 7515
f 7460 7426 7515
f 7515 7426 7481
f 7515 7604 7549
f 7570 7604 7515
f 7481 7426 7392
f 6596 6507 6651
f 6596 6651 6740
f 6740 6685 6596
f 7109 7143 7054
f 6910 6965 7054
f 7143 7177 7088
f 7088 7177 7122
f 7088 7054 7143
f 6923 7067 7012
f 6779 6834 6923
f 6677 6766 6622
f 6588 6732 6677
f 6732 6821 6677
f 6821 6766 6677
f 6486 6575 6431
f 6486 6342 6397
f 6431 6342 6486
f 6630 6575 6486
f 7384 7295 7350
f 7583 7638 7672
f 7549 7638 7583
f 7693 7714 7748
f 7659 7714 7693
f 7672 7638 7693
f 7693 7604 7659
f 7638 7604 7693
f 6787 6698 6842
f 6842 6931 6787
f 6986 6931 6842
f 7020 6965 6876
f 6876 6931 7020
f 7109 7054 7020
f 7020 7054 6965
f 7185 7096 7151
f 7151 7096 7062
f 7151 7117 7206
f 7062 7117 7151
f 6774 6863 6719
f 6719 6630 6774
f 6664 6575 6719
f 6719 6575 6630
f 7007 6863 6918
f 7007 6918 7062
f 7062 7096 7007
f 7418 7384 7473
f 7549 7583 7494
f 7494 7583 7528
f 7494 7460 7549
f 7494 7405 7460
f 3513 3657 3602
f 3513 3369 3424
f 3568 3513 3424
f 3657 3513 3568
f 3945 3890 3801
f 3801 3856 3945
f 3445 3390 3301
f 3301 3356 3445
f 3081 3225 3170
f 3081 2937 2992
f 3170 3026 3081
f 3026 2937 3081
f 3602 3691 3547
f 3225 3369 3314
f 3170 3225 3314
f 3314 3259 3170
f 3314 3403 3259
f 3089 3034 2945
f 2945 3000 3089
f 2856 3000 2945
f 2801 2856 2945
f 2945 2890 2801
f 3034 2890 2945
f 3178 3034 3089
f 3089 3233 3178
f 3178 3233 3322
f 3123 3034 3178
f 3500 3356 3411
f 3644 3589 3500
f 3589 3445 3500
f 3500 3445 3356
f 3411 3555 3500
f 3500 3555 3644
f 2128 1984 2039
f 2039 2183 2128
f 2073 2217 2162
f 2073 1929 1984
f 1984 2128 2073
f 2073 2128 2217
f 2162 2018 2073
f 2073 2018 1929
f 1751 1696 1607
f 1607 1662 1751
f 1806 1895 1751
f 1751 1662 1806
f 1429 1518 1374
f 1374 1285 1429
f 1429 1285 1340
f 1429 1340 1484
f 1484 1573 1429
f 1573 1518 1429
f 1628 1573 1484
f 1628 1717 1573
f 3628 3717 3573
f 3539 3683 3628
f 2175 2264 2120
f 2497 2353 2408
f 2408 2353 2264
f 2908 2764 2819
f 2819 2963 2908
f 2908 2963 3052
f 2819 2764 2675
f 2675 2764 2620
f 3107 2963 3018
f 3018 2929 3073
f 2586 2641 2730
f 2819 2675 2730
f 2730 2675 2586
f 3327 3471 3416
f 3416 3272 3327
f 3382 3471 3327
f 3526 3471 3382
f 3704 3759 3848
f 3848 3793 3704
f 3704 3793 3649
f 3128 3272 3217
f 3128 2984 3039
f 3128 3217 3073
f 3073 2984 3128
f 3217 3272 3361
f 3361 3306 3217
f 3450 3306 3361
f 3272 3416 3361
f 2717 2662 2573
f 2916 2861 2772
f 2861 2717 2772
f 2505 2560 2649
f 2971 3060 2916
f 3115 3060 2971
f 2971 3026 3115
f 2971 2882 3026
f 5801 5746 5657
f 5746 5602 5657
f 5479 5568 5424
f 5458 5602 5547
f 5547 5602 5691
f 6178 6034 6089
f 6089 6233 6178
f 6000 6144 6089
f 6144 6233 6089
f 6322 6233 6377
f 6377 6233 6288
f 6199 6288 6144
f 6199 6254 6343
f 6343 6288 6199
f 4348 4492 4437
f 4437 4293 4348
f 4348 4293 4204
f 4526 4670 4615
f 4526 4615 4471
f 4979 5123 5068
f 5068 5123 5212
f 5267 5411 5356
f 5267 5123 5178
f 5356 5212 5267
f 5212 5123 5267
f 5699 5788 5644
f 5644 5788 5733
f 5301 5445 5390
f 5390 5246 5301
f 6055 6144 6000
f 6055 6199 6144
f 6021 5966 5877
f 5733 5788 5877
f 5699 5754 5843
f 5843 5788 5699
f 5801 5657 5712
f 5712 5657 5568
f 5801 5712 5856
f 5856 5712 5767
f 5479 5390 5534
f 5534 5390 5445
f 5911 6055 6000
f 5966 6055 5911
f 6000 5856 5911
f 5911 5856 5767
f 5898 5843 5754
f 5987 5843 5898
f 6364 6508 6453
f 6563 6508 6419
f 6508 6364 6419
f 6419 6364 6275
f 6440 6351 6495
f 6673 6728 6817
f 6872 6728 6783
f 6817 6728 6872
f 7160 7249 7194
f 7105 7160 7194
f 6631 6542 6686
f 6686 6775 6631
f 7165 7220 7254
f 6712 6568 6623
f 6623 6767 6712
f 6699 6843 6788
f 6877 6788 6932
f 6932 6788 6843
f 6576 6487 6631
f 6343 6487 6432
f 6521 6377 6432
f 6432 6576 6521
f 6487 6576 6432
f 6432 6288 6343
f 6432 6377 6288
f 6882 6793 6937
f 6937 6793 6848
f 6238 6327 6183
f 6238 6094 6149
f 6183 6094 6238
f 5670 5615 5526
f 5615 5670 5759
f 7110 7076 7165
f 6903 6958 7047
f 6945 7000 7034
f 7191 7102 7157
f 6924 6979 7068
f 7068 7157 7102
f 7123 7157 7068
f 7068 7034 7123
f 6979 7034 7068
f 6835 6979 6924
f 6924 6780 6835
f 6835 6780 6691
f 6691 6636 6547
f 6547 6602 6691
f 6547 6458 6602
f 6403 6458 6547
f 6657 6568 6712
f 6712 6801 6657
f 6602 6458 6513
f 6568 6657 6513
f 6513 6657 6602
f 6212 6267 6356
f 6356 6301 6212
f 6123 6267 6212
f 6212 6068 6123
f 5196 5107 5251
f 5052 5107 5196
f 5196 5141 5052
f 5196 5285 5141
f 5463 5374 5518
f 5497 5442 5353
f 5586 5442 5497
f 5332 5243 5387
f 5387 5476 5332
f 5518 5374 5429
f 5374 5285 5429
f 5683 5772 5628
f 5518 5662 5607
f 5607 5463 5518
f 5552 5463 5607
f 5573 5484 5628
f 5573 5429 5484
f 5573 5662 5518
f 5518 5429 5573
f 4251 4162 4306
f 4196 4107 4251
f 4107 4162 4251
f 4738 4882 4827
f 5560 5471 5615
f 4636 4492 4547
f 4547 4691 4636
f 3890 3835 3746
f 3746 3801 3890
f 3657 3801 3746
f 3602 3657 3746
f 3746 3691 3602
f 3746 3835 3691
f 4767 4623 4678
f 4678 4623 4534
f 4102 4157 4246
f 4191 4047 4102
f 4102 4246 4191
f 4191 4246 4335
f 4882 4738 4793
f 3649 3793 3738
f 4026 4115 3971
f 4170 4115 4026
f 4026 4081 4170
f 4005 3950 3861
f 4005 4094 3950
f 3772 3628 3683
f 3861 3717 3772
f 3717 3628 3772
f 4149 4293 4238
f 4149 4005 4060
f 4149 4060 4204
f 4204 4293 4149
f 4149 4238 4094
f 4094 4005 4149
f 3581 3670 3526
f 3848 3903 3992
f 3992 3903 4047
f 4845 4934 4790
f 4235 4290 4379
f 4324 4235 4379
f 4434 4379 4290
f 4591 4646 4735
f 4557 4646 4502
f 4502 4413 4557
f 4646 4591 4502
f 4358 4413 4502
f 4180 4235 4324
f 4091 4235 4180
f 4358 4303 4214
f 4070 4125 4214
f 6848 6793 6704
f 6649 6560 6704
f 6704 6793 6649
f 6636 6780 6725
f 6670 6581 6725
f 6725 6581 6636
f 6437 6581 6526
f 6526 6581 6670
f 6827 6738 6882
f 6882 6971 6827
f 6827 6971 6916
f 6539 6484 6395
f 6628 6484 6539
f 6408 6497 6353
f 6696 6785 6641
f 6641 6552 6696
f 6696 6840 6785
f 6463 6552 6408
f 6408 6319 6463
f 6272 6128 6183
f 6183 6327 6272
f 6272 6327 6416
f 6416 6361 6272
f 7652 7597 7563
f 7686 7597 7652
f 7809 7754 7775
f 7542 7453 7508
f 7563 7597 7508
f 7508 7597 7542
f 7330 7385 7419
f 7419 7508 7453
f 7173 7228 7262
f 7228 7317 7262
f 7262 7207 7173
f 7317 7351 7262
f 7799 7820 7854
f 7940 7906 7927
f 7945 7911 7932
f 7882 7869 7903
f 7882 7903 7916
f 7764 7730 7785
f 7916 7929 7895
f 7895 7882 7916
f 7924 7937 7903
f 7924 7911 7945
f 7945 7958 7924
f 7958 7937 7924
f 7950 7929 7916
f 7916 7937 7950
f 7950 7937 7958
f 7995 7987 7982
f 7523 7434 7489
f 7489 7578 7523
f 7667 7688 7722
f 7722 7701 7667
f 7743 7798 7777
f 7764 7798 7743
f 7777 7722 7743
f 7743 7722 7688
f 6063 5974 6118
f 6181 6325 6270
f 6215 6126 6270
f 6270 6126 6181
f 7058 7024 7113
f 5461 5317 5372
f 5838 5893 5982
f 5982 5927 5838
f 6071 5927 5982
f 5982 6126 6071
f 5982 5893 6037
f 6037 6126 5982
f 5715 5859 5804
f 6016 6160 6105
f 5948 5859 6003
f 6003 6092 5948
f 5948 6092 6037
f 5804 5859 5948
f 6037 5893 5948
f 5948 5893 5804
f 6058 6003 5914
f 5914 5969 6058
f 5969 6113 6058
f 6058 6113 6202
f 3940 3796 3851
f 3673 3728 3817
f 5469 5380 5524
f 5380 5435 5524
f 5626 5482 5537
f 5592 5448 5503
f 5503 5647 5592
f 5592 5647 5736
f 5592 5537 5448
f 5359 5448 5304
f 5503 5448 5359
f 5359 5414 5503
f 5270 5414 5359
f 5037 5181 5126
f 5037 4893 4948
f 4948 5092 5037
f 5037 5092 5181
f 5126 4982 5037
f 4982 4893 5037
f 5469 5414 5325
f 5325 5380 5469
f 5325 5414 5270
f 5270 5181 5325
f 5346 5291 5202
f 5202 5257 5346
f 3275 3330 3419
f 3186 3330 3275
f 2987 2898 3042
f 3639 3728 3584
f 3584 3495 3639
f 3584 3728 3673
f 3317 3173 3228
f 3317 3461 3406
f 3317 3406 3262
f 3262 3173 3317
f 3029 3173 3118
f 3118 3173 3262
f 3995 3906 4050
f 3995 3851 3906
f 3995 4084 3940
f 3940 3851 3995
f 4228 4317 4173
f 4173 4084 4228
f 3563 3508 3419
f 3419 3474 3563
f 3474 3618 3563
f 3794 3938 3883
f 3595 3650 3739
f 3739 3684 3595
f 3828 3684 3739
f 3739 3883 3828
f 3739 3650 3794
f 3794 3883 3739
f 3752 3663 3807
f 3608 3663 3752
f 4040 3985 3896
f 3896 3752 3807
f 3896 3985 3841
f 3841 3752 3896
f 4129 3985 4040
f 4129 4273 4218
f 4129 4218 4074
f 4074 3985 4129
f 3951 4095 4040
f 4040 3896 3951
f 3951 3896 3807
f 4506 4650 4595
f 4506 4451 4362
f 4595 4451 4506
f 4561 4650 4506
f 4849 4705 4760
f 4650 4705 4794
f 4794 4883 4739
f 4739 4650 4794
f 4938 4883 4794
f 4794 4849 4938
f 4794 4705 4849
f 4527 4472 4383
f 4383 4239 4294
f 4383 4472 4328
f 4328 4239 4383
f 4616 4705 4561
f 4561 4472 4616
f 4616 4472 4527
f 4616 4760 4705
f 3286 3375 3231
f 3231 3375 3320
f 3320 3176 3231
f 3231 3176 3087
f 2388 2532 2477
f 2388 2244 2299
f 2396 2252 2307
f 3506 3362 3417
f 3506 3650 3595
f 3417 3561 3506
f 3561 3650 3506
f 3417 3362 3273
f 3273 3328 3417
f 3273 3362 3218
f 3451 3506 3595
f 3362 3506 3451
f 6752 6663 6807
f 6608 6663 6752
f 7184 7218 7129
f 7074 7129 7163
f 7163 7129 7218
f 7273 7218 7184
f 7307 7218 7273
f 7930 7909 7896
f 7810 7865 7844
f 7244 7210 7299
f 7799 7744 7765
f 7786 7820 7765
f 7765 7820 7799
f 7752 7807 7786
f 7383 7417 7328
f 7506 7417 7472
f 7417 7383 7472
f 7307 7396 7341
f 7362 7396 7307
f 7307 7273 7362
f 7328 7417 7362
f 7362 7273 7328
f 7684 7739 7718
f 6459 6404 6315
f 6315 6370 6459
f 6459 6514 6603
f 6370 6514 6459
f 6857 6768 6912
f 6713 6768 6857
f 6726 6637 6781
f 6781 6870 6726
f 6912 6823 6967
f 7158 7069 7124
f 7103 7069 7158
f 7184 7129 7095
f 7074 6930 6985
f 6930 6841 6985
f 6430 6341 6485
f 6286 6341 6430
f 6553 6464 6608
f 6705 6794 6650
f 6650 6794 6739
f 6684 6629 6540
f 6540 6629 6485
f 6485 6396 6540
f 6540 6396 6451
f 6375 6231 6286
f 6286 6430 6375
f 6176 6231 6320
f 6320 6375 6464
f 6231 6375 6320
f 6087 5998 6142
f 6142 6231 6087
f 6087 6231 6176
f 6074 6019 5930
f 5930 5985 6074
f 5841 5985 5930
f 5786 5841 5930
f 6252 6108 6163
f 6108 6019 6163
f 6163 6019 6074
f 6074 6218 6163
f 6163 6218 6307
f 6307 6252 6163
f 5875 5731 5786
f 5786 5930 5875
f 5875 5930 6019
f 6045 5956 6100
f 6155 6210 6299
f 6299 6244 6155
f 6244 6100 6155
f 5883 5972 5828
f 5828 5972 5917
f 5629 5684 5773
f 5773 5862 5718
f 5718 5629 5773
f 5773 5917 5862
f 5773 5828 5917
f 5684 5828 5773
f 6116 6205 6061
f 6061 5972 6116
f 6061 6205 6150
f 5917 5972 6061
f 6150 6006 6061
f 6061 6006 5917
f 5794 5650 5705
f 5705 5616 5760
f 5595 5540 5451
f 5595 5684 5540
f 6040 5951 6095
f 6040 5985 5896
f 5896 5951 6040
f 5430 5574 5519
f 5430 5286 5341
f 5608 5663 5752
f 5752 5697 5608
f 5841 5697 5752
f 5896 5841 5752
f 5752 5807 5896
f 5752 5663 5807
f 5629 5574 5485
f 5540 5629 5485
f 5485 5396 5540
f 5341 5396 5485
f 5485 5430 5341
f 5574 5430 5485
f 4430 4341 4485
f 4485 4341 4396
f 4396 4540 4485
f 4540 4629 4485
f 4697 4752 4841
f 4985 4930 4841
f 4786 4642 4697
f 4697 4841 4786
f 4786 4841 4930
f 4608 4464 4519
f 4608 4752 4697
f 4519 4663 4608
f 4663 4752 4608
f 4697 4642 4553
f 4553 4608 4697
f 4464 4608 4553
f 4409 4464 4553
f 5074 5218 5163
f 5074 4930 4985
f 5019 4930 5074
f 5074 5163 5019
f 3841 3930 3786
f 3642 3786 3731
f 3642 3731 3587
f 3587 3731 3676
f 4108 4163 4252
f 4197 4108 4252
f 4252 4341 4197
f 4396 4341 4252
f 4252 4307 4396
f 4252 4163 4307
f 4040 4095 4184
f 4184 4129 4040
f 4273 4129 4184
f 4328 4273 4184
f 4184 4239 4328
f 4095 4239 4184
f 5344 5289 5200
f 6815 6671 6726
f 6726 6870 6815
f 6959 6904 6815
f 6815 6870 6959
f 5967 6111 6056
f 6433 6577 6522
f 6488 6577 6433
f 6255 6111 6166
f 6145 6289 6234
f 6878 6967 6823
f 6234 6289 6378
f 6378 6433 6522
f 6289 6433 6378
f 6501 6412 6556
f 6569 6514 6425
f 6425 6480 6569
f 6014 5870 5925
f 5925 6069 6014
f 5980 6069 5925
f 5815 5870 5959
f 5959 6103 6048
f 5959 5870 6014
f 6014 6103 5959
f 4896 4807 4951
f 4752 4807 4896
f 4985 4841 4896
f 4896 4841 4752
f 5095 4951 5006
f 5362 5218 5273
f 5273 5417 5362
f 5116 5205 5061
f 5061 4972 5116
f 4828 4773 4684
f 4739 4828 4684
f 4684 4595 4739
f 4540 4595 4684
f 4684 4629 4540
f 4684 4773 4629
f 5006 4951 4862
f 4718 4773 4862
f 4862 4807 4718
f 4951 4807 4862
f 5935 5990 6079
f 5935 5880 5791
f 6257 6113 6168
f 6079 6223 6168
f 5778 5833 5922
f 5922 5867 5778
f 6875 6930 7019
f 7019 6964 6875
f 7053 6964 7019
f 6998 6909 7053
f 7053 6909 6964
f 6998 7032 6943
f 7087 7032 6998
f 7087 7053 7142
f 6998 7053 7087
f 6689 6744 6833
f 6634 6545 6689
f 6388 6244 6299
f 6744 6689 6600
f 6600 6689 6545
f 6655 6566 6710
f 6744 6600 6655
f 6511 6566 6655
f 6655 6600 6511
f 6223 6278 6367
f 6312 6401 6257
f 6257 6168 6312
f 6312 6168 6223
f 6223 6367 6312
f 7530 7619 7564
f 7530 7441 7496
f 7666 7687 7721
f 7632 7687 7666
f 7970 7978 7991
f 7957 7978 7970
f 7968 7976 7989
f 7997 7994 7989
f 7989 7984 7997
f 7989 7976 7984
f 7926 7892 7913
f 7913 7947 7926
f 7934 7947 7913
f 7913 7892 7879
f 7955 7976 7968
f 7968 7947 7955
f 7955 7947 7934
f 7889 7923 7902
f 7889 7910 7923
f 7831 7865 7810
f 7928 7962 7941
f 7902 7915 7881
f 7865 7831 7886
f 7886 7899 7865
f 7920 7899 7886
f 7920 7954 7933
f 7912 7899 7933
f 7933 7899 7920
f 7967 7933 7954
f 7952 7973 7965
f 7952 7965 7931
f 7931 7918 7952
f 7952 7918 7939
f 7769 7803 7748
f 7748 7714 7769
f 7824 7858 7803
f 7803 7769 7824
f 7824 7769 7790
f 7824 7790 7845
f 7824 7845 7879
f 7879 7858 7824
f 7837 7858 7892
f 7892 7871 7837
f 7803 7858 7837
f 7837 7871 7816
f 7266 7355 7300
f 7300 7211 7266
f 7389 7300 7355
f 7334 7300 7389
f 7012 7067 7101
f 7101 7067 7156
f 7279 7368 7313
f 7334 7368 7279
f 7588 7554 7643
f 7499 7554 7588
f 7884 7829 7850
f 7816 7871 7850
f 7850 7871 7884
f 7795 7829 7774
f 7795 7761 7816
f 7816 7850 7795
f 7795 7850 7829
f 7677 7588 7643
f 7622 7588 7677
f 7643 7698 7677
f 7677 7698 7732
f 6495 6351 6406
f 6262 6118 6173
f 6173 6317 6262
f 6317 6406 6262
f 6262 6406 6351
f 6783 6728 6639
f 5597 5542 5453
f 6008 5864 5919
f 5919 6063 6008
f 5830 5974 5919
f 5974 6063 5919
f 5631 5542 5686
f 5686 5542 5597
f 5720 5576 5631
f 5487 5542 5631
f 5631 5576 5487
f 5432 5576 5521
f 5432 5377 5288
f 5521 5377 5432
f 5432 5487 5576
f 5541 5596 5685
f 5630 5774 5719
f 5541 5685 5630
f 5630 5685 5774
f 5698 5787 5643
f 5643 5787 5732
f 3648 3559 3703
f 3703 3792 3648
f 3614 3559 3470
f 3525 3614 3470
f 3470 3381 3525
f 3470 3326 3381
f 3470 3559 3415
f 3415 3326 3470
f 4593 4449 4504
f 4559 4648 4504
f 4504 4648 4593
f 4881 4826 4737
f 4593 4648 4737
f 4682 4593 4737
f 4737 4826 4682
f 5122 5067 4978
f 5211 5067 5122
f 5499 5444 5355
f 5300 5211 5355
f 5355 5444 5300
f 4978 4923 4834
f 4690 4745 4834
f 4834 4779 4690
f 4923 4779 4834
f 4800 4745 4656
f 4601 4745 4690
f 4457 4512 4601
f 4656 4745 4601
f 4601 4512 4656
f 4690 4546 4601
f 4601 4546 4457
f 4635 4546 4690
f 4690 4779 4635
f 4279 4224 4135
f 4046 4190 4135
f 4190 4279 4135
f 2983 2839 2894
f 2894 2839 2750
f 2140 2085 1996
f 1996 1852 1907
f 2229 2085 2140
f 2174 2085 2229
f 2572 2661 2517
f 2695 2640 2551
f 2551 2640 2496
f 2284 2229 2140
f 2373 2229 2284
f 2441 2530 2386
f 2585 2530 2441
f 2441 2496 2585
f 2441 2352 2496
f 2090 1946 2001
f 1891 1946 2035
f 2179 2124 2035
f 2035 2090 2179
f 1946 2090 2035
f 3174 3119 3030
f 2674 2530 2585
f 2818 2763 2674
f 2619 2530 2674
f 2674 2763 2619
f 3051 2996 2907
f 3140 2996 3051
f 3161 3017 3072
f 2983 3127 3072
f 3551 3407 3462
f 2734 2789 2878
f 2967 2823 2878
f 2878 2823 2734
f 4897 4842 4753
f 4753 4808 4897
f 4664 4808 4753
f 4609 4664 4753
f 4753 4698 4609
f 4842 4698 4753
f 4308 4164 4219
f 4452 4397 4308
f 4253 4164 4308
f 4308 4397 4253
f 4308 4363 4452
f 4219 4363 4308
f 4685 4630 4541
f 4452 4596 4541
f 4541 4596 4685
f 4541 4397 4452
f 4486 4397 4541
f 4541 4630 4486
f 5062 5151 5007
f 5206 5151 5062
f 5062 5117 5206
f 4973 5117 5062
f 4774 4630 4685
f 4774 4685 4829
f 4719 4630 4774
f 4774 4863 4719
f 5096 5185 5041
f 5240 5185 5096
f 5096 5151 5240
f 5007 5151 5096
f 4808 4863 4952
f 5041 4897 4952
f 4897 4808 4952
f 4952 5096 5041
f 4952 4863 5007
f 5007 5096 4952
f 4295 4240 4151
f 4151 4206 4295
f 4884 4795 4939
f 4884 4973 4829
f 4562 4706 4651
f 4651 4706 4795
f 4829 4685 4740
f 4685 4596 4740
f 4596 4651 4740
f 4740 4884 4829
f 4795 4884 4740
f 4740 4651 4795
f 4622 4533 4677
f 4478 4533 4622
f 4389 4533 4478
f 4389 4245 4300
f 4787 4698 4842
f 4643 4698 4787
f 4787 4732 4643
f 4876 4732 4787
f 5130 5219 5075
f 5075 4986 5130
f 4554 4499 4410
f 4321 4465 4410
f 4410 4465 4554
f 4300 4211 4355
f 4355 4410 4499
f 4444 4355 4499
f 4300 4355 4444
f 4444 4389 4300
f 4533 4389 4444
f 4643 4732 4588
f 4588 4499 4643
f 4588 4732 4677
f 4588 4444 4499
f 4677 4533 4588
f 4533 4444 4588
f 4109 4164 4253
f 4020 4164 4109
f 4287 4232 4143
f 3999 4054 4143
f 4143 4088 3999
f 4143 4232 4088
f 4431 4342 4486
f 4287 4342 4431
f 4431 4376 4287
f 4520 4376 4431
f 3779 3868 3724
f 3724 3635 3779
f 3779 3635 3690
f 3690 3834 3779
f 3978 3834 3889
f 3978 4033 4122
f 3889 4033 3978
f 4334 4478 4423
f 4190 4245 4334
f 4334 4389 4478
f 4245 4389 4334
f 4423 4279 4334
f 4334 4279 4190
f 2792 2881 2737
f 2415 2470 2559
f 2326 2237 2381
f 2381 2470 2326
f 2703 2758 2847
f 2792 2703 2847
f 2847 2936 2792
f 2847 2991 2936
f 2847 2758 2902
f 2902 2991 2847
f 3423 3279 3334
f 3334 3478 3423
f 3512 3368 3423
f 3368 3279 3423
f 2753 2609 2664
f 2664 2808 2753
f 2753 2842 2698
f 2698 2609 2753
f 3897 3986 3842
f 3842 3753 3897
f 3444 3588 3533
f 3444 3300 3355
f 3533 3389 3444
f 3389 3300 3444
f 3732 3588 3643
f 3787 3732 3643
f 3643 3698 3787
f 3554 3698 3643
f 3355 3410 3499
f 3499 3444 3355
f 3588 3444 3499
f 3499 3643 3588
f 3499 3410 3554
f 3554 3643 3499
f 3821 3876 3965
f 3965 3910 3821
f 3965 4054 3910
f 3965 4109 4054
f 3965 3876 4020
f 4020 4109 3965
f 4507 4363 4418
f 4507 4651 4596
f 4507 4596 4452
f 4452 4363 4507
f 4418 4562 4507
f 4562 4651 4507
f 155 134 121
f 155 189 134
f 121 176 155
f 155 176 210
f 210 189 155
f 92 113 126
f 126 113 147
f 435 490 524
f 524 469 435
f 469 380 435
f 401 490 435
f 435 346 401
f 435 380 346
f 325 270 291
f 325 414 359
f 325 380 414
f 291 346 325
f 346 380 325
f 215 270 249
f 257 202 223
f 257 312 291
f 291 270 236
f 236 257 291
f 202 257 236
f 270 215 236
f 134 189 168
f 168 202 147
f 168 189 223
f 223 202 168
f 168 113 134
f 147 113 168
f 295 274 240
f 240 261 295
f 295 316 350
f 261 316 295
f 253 274 308
f 308 287 253
f 253 232 198
f 253 287 232
f 355 389 334
f 334 300 355
f 355 300 321
f 321 410 355
f 588 643 677
f 622 588 677
f 533 588 622
f 389 355 444
f 444 355 410
f 457 423 512
f 455 489 400
f 455 421 510
f 400 366 455
f 455 366 421
f 578 489 544
f 544 455 510
f 489 455 544
f 400 489 434
f 434 345 400
f 379 345 434
f 468 379 434
f 578 612 523
f 523 489 578
f 468 434 523
f 523 434 489
f 667 756 701
f 701 612 667
f 701 646 612
f 654 620 709
f 722 756 667
f 243 264 298
f 332 277 298
f 298 277 243
f 222 167 188
f 154 209 188
f 188 243 222
f 188 209 243
f 256 235 201
f 222 256 201
f 201 167 222
f 146 167 201
f 591 625 536
f 510 476 565
f 620 654 565
f 159 138 104
f 227 206 172
f 172 206 151
f 151 117 172
f 117 138 172
f 75 62 96
f 96 109 75
f 104 117 83
f 83 70 104
f 117 96 83
f 83 96 62
f 49 70 83
f 83 62 49
f 164 143 109
f 198 143 164
f 122 143 177
f 198 232 177
f 177 143 198
f 1025 1169 1114
f 669 580 635
f 635 724 669
f 1897 1986 1842
f 1952 2041 1897
f 1897 2041 1986
f 1575 1664 1520
f 1575 1486 1630
f 1630 1774 1719
f 1719 1575 1630
f 1664 1575 1719
f 1609 1664 1753
f 1753 1698 1609
f 1842 1698 1753
f 1753 1897 1842
f 2138 2193 2282
f 2049 2193 2138
f 973 1117 1062
f 1062 1007 973
f 1151 1007 1062
f 1185 1240 1329
f 973 1007 918
f 863 829 918
f 1096 1007 1151
f 1096 1240 1185
f 1151 1240 1096
f 1431 1342 1486
f 1431 1575 1520
f 1486 1575 1431
f 1520 1376 1431
f 1287 1342 1431
f 1431 1376 1287
f 1020 1109 965
f 1253 1109 1164
f 1164 1075 1219
f 1109 1020 1164
f 1164 1020 1075
f 1308 1253 1164
f 1164 1219 1308
f 1287 1143 1198
f 1198 1109 1253
f 1253 1342 1198
f 1198 1342 1287
f 965 1109 1054
f 1109 1198 1054
f 1054 1198 1143
f 2088 2177 2033
f 1423 1512 1368
f 1745 1690 1601
f 1601 1690 1546
f 1601 1546 1457
f 1457 1512 1601
f 1745 1889 1834
f 1834 1923 1779
f 1834 1690 1745
f 1779 1690 1834
f 1813 1902 1758
f 1957 1902 1813
f 1813 1868 1957
f 1758 1614 1669
f 1669 1813 1758
f 1902 2046 1991
f 1936 2025 1881
f 1881 1792 1936
f 2080 2025 1936
f 1936 1991 2080
f 1847 1703 1758
f 1847 1792 1703
f 1847 1936 1792
f 1991 1936 1847
f 1758 1902 1847
f 1902 1991 1847
f 1216 1360 1305
f 1305 1161 1216
f 1271 1360 1216
f 1182 1326 1271
f 1415 1360 1271
f 1271 1326 1415
f 1394 1538 1483
f 1483 1339 1394
f 1716 1572 1627
f 1538 1682 1627
f 1627 1483 1538
f 1572 1483 1627
f 1627 1771 1716
f 1627 1682 1771
f 2423 2279 2334
f 2334 2478 2423
f 2423 2478 2567
f 2457 2402 2313
f 2313 2169 2224
f 2313 2402 2258
f 2258 2169 2313
f 3122 3033 3177
f 2978 3033 3122
f 3122 3067 2978
f 3211 3067 3122
f 2499 2554 2643
f 2732 2588 2643
f 2643 2588 2499
f 2643 2787 2732
f 2698 2787 2643
f 2643 2554 2698
f 2444 2533 2389
f 2389 2300 2444
f 2533 2478 2389
f 2245 2300 2389
f 2334 2245 2389
f 2389 2478 2334
f 1695 1551 1606
f 1517 1661 1606
f 1606 1462 1517
f 1551 1462 1606
f 1661 1750 1606
f 1606 1750 1695
f 1737 1593 1648
f 1648 1559 1703
f 1648 1792 1737
f 1703 1792 1648
f 1449 1593 1538
f 1449 1538 1394
f 1394 1305 1449
f 1449 1305 1360
f 2004 1860 1915
f 1949 1860 2004
f 2004 1915 2059
f 2059 2148 2004
f 1962 2106 2051
f 2051 1907 1962
f 2140 1996 2051
f 2051 1996 1907
f 2127 2216 2072
f 2072 1983 2127
f 2127 1983 2038
f 2271 2216 2127
f 2038 2182 2127
f 2127 2182 2271
f 763 818 852
f 852 818 907
f 907 941 852
f 907 818 873
f 750 839 784
f 784 839 873
f 873 818 784
f 708 763 797
f 797 763 852
f 975 1009 920
f 538 593 627
f 627 572 538
f 661 716 750
f 661 627 716
f 572 627 661
f 360 305 326
f 360 449 394
f 271 292 326
f 326 305 271
f 271 305 250
f 339 428 373
f 394 428 339
f 339 284 305
f 339 360 394
f 305 360 339
f 373 318 339
f 318 284 339
f 632 666 577
f 721 666 632
f 530 619 564
f 551 585 496
f 496 585 530
f 1043 954 1098
f 954 1009 1098
f 1098 1187 1043
f 1242 1187 1098
f 1263 1318 1407
f 1407 1352 1263
f 1496 1352 1407
f 1318 1462 1407
f 1407 1551 1496
f 1407 1462 1551
f 1153 1098 1009
f 1242 1098 1153
f 1153 1297 1242
f 1153 1208 1297
f 1182 1038 1093
f 1004 1148 1093
f 894 860 949
f 1004 1093 949
f 949 1093 1038
f 949 983 894
f 949 1038 983
f 949 915 1004
f 860 915 949
f 1127 1038 1182
f 1182 1271 1127
f 1127 1271 1216
f 1127 1216 1072
f 1072 983 1127
f 983 1038 1127
f 1017 1161 1106
f 1525 1436 1580
f 1580 1669 1525
f 1525 1669 1614
f 1525 1614 1470
f 1580 1436 1491
f 1491 1546 1635
f 1635 1580 1491
f 1347 1292 1203
f 1347 1436 1292
f 1347 1491 1436
f 1237 1148 1292
f 1237 1326 1182
f 1182 1093 1237
f 1237 1093 1148
f 1470 1326 1381
f 1292 1436 1381
f 1381 1237 1292
f 1326 1237 1381
f 1381 1525 1470
f 1436 1525 1381
f 525 491 580
f 525 559 470
f 593 559 648
f 648 703 737
f 470 559 504
f 538 449 504
f 504 593 538
f 504 559 593
f 436 381 347
f 470 381 436
f 436 525 470
f 491 525 436
f 590 624 535
f 535 501 590
f 590 501 556
f 878 823 789
f 823 734 789
f 831 865 776
f 810 865 899
f 721 776 810
f 810 776 865
f 645 590 556
f 124 179 158
f 137 124 158
f 158 192 137
f 213 247 192
f 192 158 213
f 213 158 179
f 268 247 213
f 446 480 391
f 535 480 446
f 446 501 535
f 522 488 577
f 2598 2454 2509
f 1721 1776 1865
f 2009 1954 1865
f 1865 1920 2009
f 1776 1920 1865
f 1899 1954 2043
f 1844 1755 1899
f 2263 2352 2208
f 2208 2119 2263
f 2064 2153 2009
f 2009 1920 2064
f 2064 2208 2153
f 2119 2208 2064
f 2098 2242 2187
f 2098 1954 2009
f 2009 2153 2098
f 2153 2242 2098
f 2098 2187 2043
f 2043 1954 2098
f 1412 1268 1323
f 1378 1467 1323
f 1323 1467 1412
f 1323 1268 1179
f 1501 1412 1556
f 1412 1467 1556
f 1556 1467 1611
f 1276 1365 1221
f 988 1077 933
f 988 933 899
f 899 954 988
f 988 954 1043
f 1022 967 933
f 933 1077 1022
f 1386 1530 1475
f 1564 1420 1475
f 1475 1331 1386
f 1420 1331 1475
f 1619 1708 1564
f 1564 1475 1619
f 1619 1475 1530
f 1619 1530 1674
f 1619 1674 1763
f 1763 1708 1619
f 1729 1818 1674
f 1729 1674 1585
f 1585 1640 1729
f 1729 1640 1784
f 1784 1873 1729
f 1873 1818 1729
f 1687 1598 1742
f 1598 1653 1742
f 1831 1687 1742
f 1742 1653 1797
f 1742 1886 1831
f 1797 1886 1742
f 2030 2119 1975
f 1975 1886 2030
f 2119 2064 1975
f 1831 1886 1975
f 1975 1920 1831
f 1975 2064 1920
f 1797 1852 1941
f 2030 1886 1941
f 1941 1886 1797
f 1941 2085 2030
f 1941 1996 2085
f 1852 1996 1941
f 1014 1069 1158
f 1302 1247 1158
f 2226 2082 2137
f 946 891 857
f 857 912 946
f 980 891 946
f 946 1035 980
f 1090 1035 946
f 1103 959 1014
f 1014 1158 1103
f 1103 1247 1192
f 1103 1158 1247
f 1171 1315 1260
f 904 959 993
f 595 650 684
f 773 718 684
f 671 616 582
f 582 637 671
f 671 637 726
f 726 760 671
f 705 616 671
f 671 760 705
f 836 925 870
f 870 781 836
f 925 959 870
f 870 959 904
f 692 637 603
f 603 658 692
f 692 658 747
f 747 781 692
f 692 781 726
f 726 637 692
f 862 917 951
f 951 896 862
f 828 862 773
f 917 862 828
f 595 684 629
f 629 684 718
f 1752 1896 1841
f 1697 1752 1841
f 2129 2074 1985
f 1985 1841 1896
f 1985 2074 1930
f 1930 1841 1985
f 1621 1532 1676
f 1676 1532 1587
f 1799 1710 1854
f 1642 1697 1786
f 1786 1841 1930
f 1697 1841 1786
f 2163 2252 2108
f 1443 1354 1498
f 1498 1587 1443
f 1642 1587 1498
f 1498 1553 1642
f 1176 1320 1265
f 2176 2320 2265
f 2176 2032 2087
f 2299 2354 2443
f 2443 2388 2299
f 2532 2388 2443
f 2587 2532 2443
f 2498 2354 2409
f 2498 2642 2587
f 2587 2443 2498
f 2498 2443 2354
f 2498 2409 2553
f 2553 2642 2498
f 1011 977 1066
f 1566 1477 1621
f 1621 1710 1566
f 1566 1710 1655
f 1655 1511 1566
f 1422 1477 1566
f 1566 1511 1422
f 1079 1223 1168
f 1312 1367 1456
f 1312 1223 1367
f 1312 1168 1223
f 990 901 956
f 1011 1100 956
f 956 922 1011
f 977 922 888
f 888 943 977
f 799 854 888
f 888 854 943
f 1367 1223 1278
f 1278 1189 1333
f 1278 1223 1134
f 1134 1189 1278
f 1278 1333 1422
f 1422 1367 1278
f 1345 1290 1201
f 1091 947 1002
f 900 934 845
f 1790 1735 1646
f 1515 1426 1570
f 1570 1659 1515
f 1714 1659 1570
f 1570 1625 1714
f 1447 1591 1536
f 1447 1502 1591
f 1536 1392 1447
f 1612 1468 1523
f 1523 1434 1578
f 1523 1667 1612
f 1578 1667 1523
f 1557 1502 1413
f 1413 1468 1557
f 1646 1502 1557
f 1557 1468 1612
f 1290 1434 1379
f 1379 1235 1290
f 1434 1523 1379
f 1379 1523 1468
f 3133 3188 3277
f 3222 3133 3277
f 3277 3188 3332
f 3730 3819 3675
f 3675 3586 3730
f 3408 3264 3319
f 3120 3264 3209
f 3209 3065 3120
f 3120 3065 2976
f 4018 3963 3874
f 3874 3819 3730
f 3963 3819 3874
f 3154 3065 3209
f 2366 2277 2421
f 2620 2764 2709
f 2057 2146 2002
f 2201 2146 2057
f 2989 2934 2845
f 2701 2756 2845
f 2845 2790 2701
f 2934 2790 2845
f 2701 2557 2612
f 2612 2756 2701
f 2900 3044 2989
f 2989 2845 2900
f 2900 2845 2756
f 2976 3065 2921
f 1138 1227 1083
f 1083 1227 1172
f 829 795 884
f 884 939 973
f 850 939 884
f 884 795 850
f 973 918 884
f 884 918 829
f 473 528 562
f 541 452 507
f 507 596 541
f 562 596 507
f 507 473 562
f 507 452 418
f 418 473 507
f 465 431 520
f 397 452 486
f 486 431 397
f 486 452 541
f 486 520 431
f 541 596 630
f 672 706 617
f 562 528 617
f 583 672 617
f 617 528 583
f 651 596 562
f 562 617 651
f 651 617 706
f 651 706 740
f 732 698 787
f 842 876 787
f 719 808 753
f 753 808 842
f 842 787 753
f 753 787 698
f 1248 1193 1104
f 1104 1159 1248
f 1091 1235 1180
f 1180 1036 1091
f 837 871 782
f 905 871 960
f 769 803 714
f 659 625 714
f 858 803 769
f 2214 2269 2358
f 2358 2447 2303
f 2303 2214 2358
f 2502 2447 2358
f 2358 2413 2502
f 2358 2269 2413
f 1837 1981 1926
f 1837 1926 1782
f 1837 1748 1892
f 1892 1981 1837
f 1926 1981 2070
f 2214 2159 2070
f 2125 2214 2070
f 2070 1981 2125
f 1549 1604 1693
f 1693 1638 1549
f 1782 1638 1693
f 1693 1604 1748
f 1693 1837 1782
f 1748 1837 1693
f 1206 1117 1261
f 1206 1261 1350
f 1350 1295 1206
f 1206 1295 1151
f 1151 1062 1206
f 1206 1062 1117
f 1371 1282 1426
f 1371 1426 1515
f 1515 1460 1371
f 1371 1460 1316
f 1316 1227 1371
f 1227 1282 1371
f 1633 1722 1578
f 1777 1722 1633
f 1667 1722 1811
f 1811 1866 1955
f 1811 1722 1866
f 1366 1421 1510
f 1277 1421 1366
f 1366 1222 1277
f 1489 1434 1345
f 1345 1400 1489
f 1578 1434 1489
f 1489 1400 1544
f 1489 1633 1578
f 1544 1633 1489
f 2579 2524 2435
f 2668 2524 2579
f 2668 2812 2757
f 1880 1935 2024
f 1914 1770 1825
f 1859 1770 1914
f 1969 1825 1880
f 2113 2058 1969
f 1969 1914 1825
f 2058 1914 1969
f 1880 2024 1969
f 1969 2024 2113
f 1626 1482 1537
f 1571 1482 1626
f 1626 1537 1681
f 1681 1770 1626
f 2016 1872 1927
f 1851 1995 1940
f 1940 1796 1851
f 1906 1995 1851
f 1906 2050 1995
f 1906 1817 1961
f 1961 2050 1906
f 1838 1694 1749
f 1660 1804 1749
f 1804 1893 1749
f 1749 1893 1838
f 2016 1927 2071
f 2037 1893 1948
f 2956 2812 2867
f 2867 3011 2956
f 2477 2532 2621
f 2621 2566 2477
f 2710 2566 2621
f 2765 2710 2621
f 2621 2676 2765
f 2532 2676 2621
f 2799 2710 2854
f 2854 2710 2765
f 2422 2566 2511
f 2422 2367 2278
f 2511 2367 2422
f 2477 2566 2422
f 2744 2600 2655
f 2744 2689 2600
f 2655 2799 2744
f 1956 1901 1812
f 1668 1723 1812
f 1867 2011 1956
f 1922 2011 1867
f 1956 1812 1867
f 1867 1812 1723
f 1689 1545 1600
f 1600 1511 1655
f 1456 1511 1600
f 1600 1545 1456
f 1600 1744 1689
f 1655 1744 1600
f 1880 1736 1791
f 1791 1935 1880
f 1736 1647 1791
f 1791 1647 1702
f 1791 1846 1935
f 1791 1702 1846
f 1757 1613 1668
f 1757 1702 1613
f 1846 1702 1757
f 1668 1812 1757
f 1901 1846 1757
f 1757 1812 1901
f 2202 2113 2257
f 2634 2689 2778
f 2456 2511 2600
f 2456 2367 2511
f 1956 2011 2100
f 2100 2045 1956
f 2189 2045 2100
f 2100 2244 2189
f 2100 2011 2155
f 2155 2244 2100
f 2210 2354 2299
f 2265 2354 2210
f 2299 2155 2210
f 2155 2066 2210
f 958 903 869
f 1047 992 958
f 992 903 958
f 272 251 217
f 272 293 327
f 285 251 306
f 251 272 306
f 327 361 306
f 306 272 327
f 772 738 827
f 683 738 772
f 764 798 709
f 764 853 798
f 560 526 615
f 670 704 615
f 649 560 615
f 615 704 649
f 539 594 628
f 628 594 683
f 539 484 450
f 361 416 450
f 319 264 285
f 319 298 264
f 319 374 408
f 691 725 636
f 636 725 670
f 636 602 691
f 547 602 636
f 492 437 403
f 403 437 348
f 348 314 403
f 403 314 369
f 568 602 513
f 513 602 547
f 178 233 212
f 212 157 178
f 178 123 144
f 178 157 123
f 356 390 335
f 445 390 356
f 238 259 293
f 238 204 259
f 293 272 238
f 238 272 217
f 191 157 212
f 212 246 191
f 280 314 259
f 335 314 280
f 453 364 419
f 419 508 453
f 474 508 419
f 385 474 419
f 398 364 453
f 398 487 432
f 453 487 398
f 453 508 542
f 542 487 453
f 542 508 597
f 1877 1932 2021
f 2110 1966 2021
f 2021 1966 1877
f 2021 2165 2110
f 2076 2165 2021
f 2021 1932 2076
f 1699 1788 1644
f 1610 1754 1699
f 1843 1788 1699
f 1699 1754 1843
f 1589 1678 1534
f 1589 1644 1733
f 1733 1678 1589
f 1411 1356 1267
f 2139 2194 2283
f 1576 1631 1720
f 1487 1631 1576
f 1432 1487 1576
f 1576 1521 1432
f 1898 1754 1809
f 1809 1953 1898
f 1021 932 1076
f 1398 1309 1453
f 1364 1309 1220
f 1453 1309 1364
f 1364 1508 1453
f 1419 1508 1364
f 1220 1309 1165
f 1165 1076 1220
f 1165 1110 1021
f 1021 1076 1165
f 2008 1953 1864
f 1953 1809 1864
f 1720 1775 1864
f 1864 1809 1720
f 1686 1631 1542
f 1542 1631 1487
f 1542 1398 1453
f 1487 1398 1542
f 2351 2440 2296
f 1919 2063 2008
f 1919 1775 1830
f 2008 1864 1919
f 1919 1864 1775
f 1974 1919 1830
f 2063 1919 1974
f 2008 2063 2152
f 2152 2097 2008
f 2241 2097 2152
f 2296 2241 2152
f 2029 2173 2118
f 2118 2173 2262
f 2118 1974 2029
f 2063 1974 2118
f 500 466 555
f 555 589 500
f 445 500 534
f 534 500 589
f 1144 1000 1055
f 898 932 843
f 843 809 898
f 898 864 953
f 898 809 864
f 733 822 767
f 788 822 733
f 699 788 733
f 568 534 623
f 623 534 589
f 1241 1296 1385
f 1118 1029 1173
f 1118 1262 1207
f 1173 1262 1118
f 974 1029 1118
f 754 809 843
f 754 788 699
f 843 788 754
f 1063 1008 974
f 1063 1152 1008
f 974 1118 1063
f 1207 1152 1063
f 1063 1118 1207
f 359 338 304
f 304 325 359
f 270 325 304
f 249 270 304
f 249 304 283
f 283 304 338
f 461 550 495
f 503 537 448
f 537 482 448
f 448 482 393
f 448 414 503
f 359 414 448
f 448 393 359
f 702 613 668
f 613 647 558
f 524 613 558
f 558 592 503
f 558 647 592
f 503 469 558
f 558 469 524
f 736 791 825
f 825 791 880
f 673 584 639
f 639 728 673
f 694 728 639
f 639 584 550
f 639 550 605
f 605 694 639
f 715 626 681
f 715 660 626
f 1393 1249 1304
f 1359 1448 1304
f 1304 1448 1393
f 1194 1283 1139
f 1338 1283 1194
f 1194 1249 1338
f 88 54 75
f 88 67 54
f 75 109 88
f 88 109 122
f 132 153 187
f 153 208 187
f 242 221 187
f 187 208 242
f 276 331 310
f 200 179 145
f 161 195 140
f 140 106 161
f 122 177 156
f 174 208 153
f 174 119 140
f 153 119 174
f 140 195 174
f 174 195 229
f 229 208 174
f 9 4 17
f 9 14 6
f 9 6 1
f 1 4 9
f 85 51 72
f 72 106 85
f 72 51 38
f 77 64 98
f 98 119 132
f 85 119 98
f 98 64 85
f 132 111 98
f 98 111 77
f 82 69 103
f 103 124 137
f 137 116 103
f 103 116 82
f 77 111 90
f 90 111 124
f 124 103 90
f 90 103 69
f 22 35 14
f 14 9 22
f 22 30 43
f 43 35 22
f 17 30 22
f 22 9 17
f 69 35 56
f 77 90 56
f 56 90 69
f 43 77 56
f 56 35 43
f 74 40 61
f 61 82 95
f 95 74 61
f 48 82 61
f 61 40 48
f 45 32 53
f 53 66 45
f 24 32 45
f 45 37 24
f 134 113 100
f 121 134 100
f 100 87 121
f 100 66 87
f 302 247 268
f 281 247 302
f 302 336 281
f 294 260 315
f 315 349 294
f 315 260 281
f 281 336 315
f 315 336 370
f 315 370 404
f 404 349 315
f 383 349 438
f 459 548 493
f 438 404 493
f 404 459 493
f 493 527 438
f 582 527 493
f 493 548 582
f 430 485 519
f 396 485 430
f 430 341 396
f 375 341 430
f 210 231 265
f 320 299 265
f 223 189 244
f 244 189 210
f 210 265 244
f 244 265 299
f 320 409 354
f 354 299 320
f 540 506 595
f 595 629 540
f 472 506 417
f 438 527 472
f 472 527 561
f 561 506 472
f 472 383 438
f 417 383 472
f 451 485 396
f 417 506 451
f 451 540 485
f 506 540 451
f 396 362 451
f 451 362 417
f 328 273 294
f 294 349 328
f 349 383 328
f 417 362 328
f 328 383 417
f 273 328 307
f 307 328 362
f 307 362 396
f 396 341 307
f 163 218 197
f 163 184 218
f 197 142 163
f 163 142 108
f 1663 1608 1519
f 1519 1608 1464
f 1519 1464 1375
f 1375 1430 1519
f 1218 1307 1163
f 1218 1074 1129
f 1163 1074 1218
f 1129 1273 1218
f 1362 1218 1273
f 1307 1218 1362
f 820 854 765
f 765 731 820
f 765 854 799
f 799 710 765
f 464 498 409
f 464 430 519
f 409 375 464
f 375 430 464
f 1142 1087 998
f 998 1053 1142
f 1231 1087 1142
f 1142 1053 1197
f 1184 1095 1239
f 1239 1328 1184
f 1184 1328 1273
f 1184 1273 1129
f 1129 1040 1184
f 1040 1095 1184
f 807 862 896
f 807 718 773
f 773 862 807
f 875 930 964
f 964 909 875
f 909 820 875
f 875 820 786
f 896 930 841
f 841 807 896
f 841 875 786
f 930 875 841
f 985 930 896
f 951 1040 985
f 985 896 951
f 1074 930 985
f 1129 1074 985
f 985 1040 1129
f 833 888 922
f 833 744 799
f 799 888 833
f 710 744 655
f 655 600 566
f 2225 2081 2136
f 2280 2225 2136
f 2136 2191 2280
f 2047 2191 2136
f 2060 2115 2204
f 2204 2149 2060
f 2293 2149 2204
f 2204 2115 2259
f 1971 2115 2060
f 1971 1827 1882
f 1971 1882 2026
f 2026 2115 1971
f 1683 1827 1772
f 1772 1628 1683
f 1717 1628 1772
f 2060 2149 2005
f 2005 2149 2094
f 2615 2560 2471
f 2581 2437 2492
f 2492 2636 2581
f 2492 2437 2348
f 2259 2403 2348
f 2348 2403 2492
f 2348 2204 2259
f 2348 2437 2293
f 2293 2204 2348
f 3280 3225 3136
f 3191 3280 3136
f 3136 3047 3191
f 2992 3047 3136
f 3136 3081 2992
f 3225 3081 3136
f 2958 2903 2814
f 2759 2903 2848
f 2759 2615 2670
f 2670 2814 2759
f 2759 2814 2903
f 3191 3047 3102
f 3102 3047 2958
f 3301 3157 3212
f 3212 3356 3301
f 3246 3390 3335
f 3246 3102 3157
f 3301 3390 3246
f 3246 3157 3301
f 3246 3335 3191
f 3191 3102 3246
f 1874 1730 1785
f 1874 1819 1730
f 1785 1929 1874
f 1929 2018 1874
f 1709 1764 1853
f 1853 1798 1709
f 2052 1997 1908
f 1764 1819 1908
f 1908 1853 1764
f 1997 1853 1908
f 2141 1997 2052
f 2052 2196 2141
f 2340 2196 2251
f 2251 2395 2340
f 2010 1921 2065
f 2065 2154 2010
f 2065 1921 1976
f 2065 1976 2120
f 1026 1115 971
f 971 937 1026
f 937 1081 1026
f 1170 1115 1026
f 1026 1081 1170
f 882 937 971
f 882 916 827
f 971 916 882
f 827 793 882
f 882 793 848
f 848 937 882
f 1251 1162 1306
f 1306 1162 1217
f 1594 1450 1505
f 1505 1649 1594
f 1217 1128 1272
f 971 1115 1060
f 1039 984 950
f 1039 1128 984
f 1848 1937 1793
f 1793 1937 1882
f 1903 1958 2047
f 2102 2191 2047
f 2047 1958 2102
f 2102 1958 2013
f 1374 1319 1230
f 1230 1285 1374
f 1141 1285 1230
f 1230 1319 1175
f 1175 1086 1230
f 1230 1086 1141
f 1196 1285 1141
f 1141 1052 1196
f 1196 1052 1107
f 1196 1107 1251
f 1251 1340 1196
f 1340 1285 1196
f 1641 1586 1497
f 1497 1586 1442
f 1442 1353 1497
f 1353 1408 1497
f 1463 1319 1374
f 1463 1408 1319
f 1463 1518 1607
f 1374 1518 1463
f 1099 1044 955
f 1476 1387 1531
f 1476 1620 1565
f 1531 1620 1476
f 1565 1421 1476
f 1099 1243 1188
f 1188 1044 1099
f 1332 1243 1387
f 1332 1476 1421
f 1387 1476 1332
f 1332 1421 1277
f 1277 1188 1332
f 1332 1188 1243
f 1099 955 1010
f 1010 955 921
f 1010 921 976
f 976 1065 1010
f 1154 1065 1209
f 1209 1298 1154
f 1298 1243 1154
f 1154 1243 1099
f 1099 1010 1154
f 1154 1010 1065
f 942 853 908
f 1141 1086 997
f 997 1052 1141
f 997 1086 942
f 942 908 997
f 963 1052 997
f 997 908 963
f 5872 5728 5783
f 5872 5927 6016
f 5783 5927 5872
f 4838 4694 4749
f 4838 4893 4982
f 4749 4893 4838
f 5071 4982 5126
f 5016 5071 5160
f 5016 5160 5105
f 4749 4605 4660
f 4605 4516 4660
f 4660 4516 4571
f 4571 4715 4660
f 4571 4427 4482
f 5131 5220 5076
f 5275 5220 5131
f 5131 5186 5275
f 5042 5186 5131
f 5076 5220 5165
f 5262 5207 5118
f 5597 5453 5508
f 5508 5453 5364
f 5597 5508 5652
f 5652 5508 5563
f 5707 5652 5563
f 5995 6084 5940
f 5995 6139 6084
f 5995 5906 6050
f 6050 6139 5995
f 4034 4178 4123
f 4034 3890 3945
f 3945 4089 4034
f 4089 4178 4034
f 4123 3979 4034
f 4034 3979 3890
f 4445 4356 4500
f 4500 4356 4411
f 4500 4411 4555
f 4555 4644 4500
f 4411 4356 4267
f 4322 4411 4267
f 4267 4178 4322
f 4123 4178 4267
f 4267 4212 4123
f 4267 4356 4212
f 5097 5152 5241
f 5186 5097 5241
f 5296 5152 5207
f 5296 5440 5385
f 5385 5241 5296
f 5296 5241 5152
f 4453 4597 4542
f 4453 4309 4364
f 4453 4542 4398
f 4398 4309 4453
f 4974 4830 4885
f 4110 4055 3966
f 4199 4055 4110
f 4432 4377 4288
f 4343 4432 4288
f 4288 4199 4343
f 4144 4199 4288
f 4288 4233 4144
f 4288 4377 4233
f 4521 4432 4576
f 3911 3856 3767
f 3623 3678 3767
f 3822 3966 3911
f 3911 3767 3822
f 3822 3767 3678
f 3877 3966 3822
f 3843 3788 3699
f 2707 2563 2618
f 2474 2563 2419
f 2474 2618 2563
f 2757 2702 2613
f 2613 2668 2757
f 2524 2668 2613
f 2613 2702 2558
f 2215 2126 2270
f 2270 2359 2215
f 2215 2359 2304
f 2215 2071 2126
f 2503 2647 2592
f 2558 2647 2503
f 2592 2647 2736
f 2880 2825 2736
f 2105 2249 2194
f 2105 1961 2016
f 2105 2050 1961
f 2194 2050 2105
f 2393 2249 2304
f 2393 2537 2482
f 2338 2482 2427
f 2194 2249 2338
f 2338 2393 2482
f 2249 2393 2338
f 2427 2283 2338
f 2338 2283 2194
f 2592 2537 2448
f 2448 2503 2592
f 2359 2503 2448
f 2304 2359 2448
f 2448 2393 2304
f 2537 2393 2448
f 2681 2537 2592
f 2681 2825 2770
f 2592 2736 2681
f 2681 2736 2825
f 2482 2537 2626
f 2770 2715 2626
f 2626 2681 2770
f 2537 2681 2626
f 2749 2605 2660
f 4443 4354 4498
f 4498 4354 4409
f 4409 4553 4498
f 4498 4553 4642
f 4210 4121 4265
f 4265 4354 4210
f 4066 4121 4210
f 4210 4155 4066
f 3244 3388 3333
f 3333 3189 3244
f 3532 3388 3443
f 3532 3587 3676
f 3443 3587 3532
f 3299 3244 3155
f 3299 3388 3244
f 3155 3210 3299
f 3443 3388 3299
f 3299 3210 3354
f 3354 3443 3299
f 3202 3346 3291
f 2969 2825 2880
f 2914 2825 2969
f 4168 4113 4024
f 4257 4113 4168
f 3880 3935 4024
f 2982 3126 3071
f 3202 3291 3147
f 3956 4045 3901
f 3579 3668 3524
f 4388 4477 4333
f 4333 4278 4189
f 4045 4100 4189
f 4134 4045 4189
f 4189 4278 4134
f 4655 4600 4511
f 4566 4655 4511
f 4600 4456 4511
f 3977 3833 3888
f 3977 4121 4066
f 4032 4121 3977
f 3977 3888 4032
f 3689 3545 3600
f 4087 3943 3998
f 3998 4142 4087
f 3909 4053 3998
f 3998 4053 4142
f 3490 3545 3634
f 3490 3634 3579
f 3778 3634 3689
f 3689 3833 3778
f 3579 3634 3723
f 3723 3668 3579
f 3634 3778 3723
f 3723 3778 3867
f 4011 4100 3956
f 3956 3867 4011
f 4011 4155 4100
f 4066 4155 4011
f 4375 4464 4320
f 4519 4464 4375
f 4375 4430 4519
f 4375 4286 4430
f 4723 4778 4867
f 4689 4778 4634
f 4833 4778 4689
f 4689 4744 4833
f 4600 4744 4689
f 4346 4257 4401
f 4401 4490 4346
f 4579 4634 4723
f 4579 4490 4634
f 5312 5257 5168
f 5168 5223 5312
f 5079 5223 5168
f 5168 5024 5079
f 5024 4935 5079
f 4846 4901 4990
f 4990 4935 4846
f 4990 5079 4935
f 5922 5833 5977
f 5833 5888 5977
f 5744 5833 5689
f 5689 5600 5744
f 5833 5778 5689
f 5689 5778 5634
f 5799 5655 5710
f 5710 5621 5765
f 5532 5621 5477
f 5354 5498 5443
f 5642 5731 5587
f 5587 5498 5642
f 5731 5676 5587
f 5443 5498 5587
f 5532 5443 5587
f 5587 5676 5532
f 5909 5765 5820
f 5765 5676 5820
f 5820 5676 5731
f 5731 5875 5820
f 4922 4778 4833
f 4922 4867 4778
f 5244 5189 5100
f 5333 5189 5244
f 5375 5519 5464
f 5464 5320 5375
f 5375 5430 5519
f 5286 5430 5375
f 5053 5197 5142
f 5197 5286 5142
f 5142 4998 5053
f 5087 4998 5142
f 5252 5108 5163
f 5252 5396 5341
f 5341 5197 5252
f 5197 5108 5252
f 5307 5396 5252
f 5252 5163 5307
f 4833 4744 4888
f 4312 4456 4401
f 4312 4168 4223
f 4401 4257 4312
f 4257 4168 4312
f 4566 4477 4621
f 4621 4710 4566
f 3516 3461 3372
f 3372 3317 3228
f 3461 3317 3372
f 2817 2872 2961
f 2927 2982 3071
f 2838 2982 2927
f 2728 2817 2673
f 2728 2872 2817
f 3050 2995 2906
f 2817 2961 2906
f 2906 2961 3050
f 3482 3626 3571
f 3626 3715 3571
f 3626 3537 3681
f 3681 3537 3592
f 3304 3160 3215
f 3448 3393 3304
f 3194 3050 3105
f 3050 2961 3105
f 3393 3338 3249
f 3249 3304 3393
f 3160 3304 3249
f 3249 3105 3160
f 3249 3338 3194
f 3194 3105 3249
f 3605 3461 3516
f 3605 3749 3694
f 3605 3694 3550
f 3550 3461 3605
f 3783 3694 3838
f 3838 3927 3783
f 3694 3749 3838
f 3783 3927 3872
f 3872 3728 3783
f 3872 3817 3728
f 4825 4681 4736
f 4736 4880 4825
f 4791 4880 4736
f 4270 4126 4181
f 3987 3898 4042
f 4042 4131 3987
f 3987 4131 4076
f 3987 3843 3898
f 4076 4131 4220
f 4364 4309 4220
f 4220 4275 4364
f 4220 4131 4275
f 3974 3830 3885
f 4118 4063 3974
f 3885 4029 3974
f 3974 4029 4118
f 4063 4008 3919
f 3919 3974 4063
f 3830 3974 3919
f 3775 3830 3919
f 3919 3864 3775
f 3919 4008 3864
f 1636 1547 1691
f 1691 1547 1602
f 1801 1657 1712
f 2843 2699 2754
f 2843 2987 2932
f 2754 2898 2843
f 2898 2987 2843
f 2466 2521 2610
f 2610 2555 2466
f 2699 2555 2610
f 2754 2699 2610
f 3021 2877 2932
f 3021 3110 2966
f 2966 2877 3021
f 2788 2733 2644
f 2788 2877 2733
f 2644 2699 2788
f 2932 2877 2788
f 2788 2843 2932
f 2699 2843 2788
f 2288 2343 2432
f 2199 2343 2288
f 2144 2199 2288
f 2288 2233 2144
f 2466 2322 2377
f 2322 2233 2377
f 2233 2288 2377
f 2377 2521 2466
f 2432 2521 2377
f 2377 2288 2432
f 2547 2458 2602
f 2369 2314 2225
f 2369 2458 2314
f 2369 2225 2280
f 2280 2424 2369
f 2411 2555 2500
f 2500 2356 2411
f 2411 2322 2466
f 2466 2555 2411
f 1924 2068 2013
f 1979 2034 2123
f 2123 2068 1979
f 1979 1924 1835
f 2068 1924 1979
f 2445 2589 2534
f 2534 2390 2445
f 2500 2589 2445
f 2445 2356 2500
f 2267 2123 2178
f 2267 2411 2356
f 2178 2322 2267
f 2322 2411 2267
f 1068 1157 1013
f 1123 1212 1068
f 1068 1212 1157
f 1178 1089 1233
f 1267 1123 1178
f 1013 1157 1102
f 1102 1191 1047
f 1102 1157 1246
f 1246 1191 1102
f 1047 958 1102
f 1102 958 1013
f 1513 1657 1602
f 1513 1602 1458
f 1458 1369 1513
f 1369 1424 1513
f 2131 2275 2220
f 2131 1987 2042
f 2131 2042 2186
f 2186 2275 2131
f 2131 2220 2076
f 2076 1987 2131
f 2665 2809 2754
f 2665 2521 2576
f 2576 2720 2665
f 2720 2809 2665
f 2754 2610 2665
f 2665 2610 2521
f 2398 2453 2542
f 2631 2487 2542
f 2542 2487 2398
f 2542 2453 2597
f 2364 2275 2419
f 2220 2275 2364
f 2309 2220 2364
f 2364 2453 2309
f 2398 2343 2254
f 2309 2398 2254
f 2254 2165 2309
f 2110 2165 2254
f 2254 2199 2110
f 2254 2343 2199
f 5086 5141 5230
f 5086 4997 5141
f 4633 4722 4578
f 4777 4722 4633
f 4633 4688 4777
f 4544 4688 4633
f 4832 4976 4921
f 4832 4688 4743
f 4832 4743 4887
f 4887 4976 4832
f 4832 4921 4777
f 4777 4688 4832
f 4743 4688 4599
f 4510 4654 4599
f 4599 4654 4743
f 4599 4455 4510
f 4544 4455 4599
f 4599 4688 4544
f 5366 5455 5311
f 5023 4934 5078
f 5023 4879 4934
f 4968 4879 5023
f 5366 5311 5222
f 5154 5243 5099
f 5065 4976 5120
f 5120 5209 5065
f 5065 5209 5154
f 4921 4976 5065
f 4408 4552 4497
f 4408 4264 4319
f 4497 4353 4408
f 4353 4264 4408
f 4497 4552 4641
f 4730 4586 4641
f 4641 4586 4497
f 4607 4552 4463
f 4319 4374 4463
f 4463 4408 4319
f 4552 4408 4463
f 4285 4374 4230
f 4785 4874 4730
f 4730 4641 4785
f 5073 5128 5217
f 3201 3345 3290
f 3290 3146 3201
f 3290 3235 3146
f 2680 2824 2769
f 2680 2536 2591
f 2591 2735 2680
f 2735 2824 2680
f 3112 3057 2968
f 2968 3023 3112
f 2968 3057 2913
f 2913 2824 2968
f 3303 3214 3358
f 3358 3447 3303
f 3358 3214 3269
f 3502 3447 3358
f 3180 3235 3324
f 3324 3269 3180
f 3756 3612 3667
f 3667 3811 3756
f 3667 3578 3722
f 3722 3811 3667
f 4683 4772 4628
f 4827 4772 4683
f 4594 4738 4683
f 4683 4738 4827
f 4306 4450 4395
f 4395 4251 4306
f 3997 4052 4141
f 4141 4230 4086
f 4086 3997 4141
f 4141 4285 4230
f 4141 4052 4196
f 4196 4285 4141
f 3332 3387 3476
f 2096 2007 2151
f 1952 2007 2096
f 2096 2041 1952
f 2185 2041 2096
f 2473 2418 2329
f 2384 2473 2329
f 2329 2274 2185
f 2329 2418 2274
f 2884 2939 3028
f 3028 2973 2884
f 2884 2973 2829
f 2829 2740 2884
f 2795 2884 2740
f 2939 2884 2795
f 2706 2850 2795
f 2795 2850 2939
f 2651 2596 2507
f 2651 2740 2596
f 2507 2562 2651
f 2651 2795 2740
f 2562 2706 2651
f 2706 2795 2651
f 2316 2405 2261
f 2460 2405 2316
f 2316 2371 2460
f 2947 3036 2892
f 2892 2803 2947
f 2104 2049 1960
f 2104 2193 2049
f 2104 2159 2248
f 2248 2193 2104
f 2625 2714 2570
f 2570 2481 2625
f 2625 2481 2536
f 2769 2714 2625
f 2625 2680 2769
f 2536 2680 2625
f 2392 2337 2248
f 2392 2481 2337
f 2248 2303 2392
f 2536 2481 2392
f 2303 2447 2392
f 2447 2536 2392
f 2659 2515 2570
f 2570 2714 2659
f 2714 2803 2659
f 2892 2837 2748
f 2748 2803 2892
f 2748 2659 2803
f 2693 2837 2782
f 2638 2549 2693
f 2693 2782 2638
f 2693 2748 2837
f 3981 4125 4070
f 3782 3837 3926
f 3926 3871 3782
f 4015 3871 3926
f 4070 4015 3926
f 3926 3981 4070
f 3837 3981 3926
f 3824 3879 3968
f 3968 4112 4057
f 4023 4112 3968
f 3968 3879 4023
f 3913 3769 3824
f 3824 3968 3913
f 3913 3968 4057
f 3858 3769 3913
f 3536 3680 3625
f 3680 3769 3625
f 3625 3481 3536
f 3570 3481 3625
f 3659 3803 3748
f 3515 3570 3659
f 3659 3604 3515
f 3748 3604 3659
f 2952 2808 2863
f 2863 3007 2952
f 3007 3096 2952
f 3075 2931 2986
f 2965 3054 2910
f 2910 2821 2965
f 3308 3452 3397
f 3130 3075 2986
f 3219 3075 3130
f 2960 3015 3104
f 3193 3049 3104
f 3104 3049 2960
f 3104 3248 3193
f 3159 3015 3070
f 3303 3248 3159
f 3248 3104 3159
f 3159 3104 3015
f 3070 3214 3159
f 3159 3214 3303
f 3460 3405 3316
f 3227 3371 3316
f 3316 3371 3460
f 3316 3172 3227
f 3261 3172 3316
f 3316 3405 3261
f 4193 4337 4282
f 4193 4049 4104
f 4248 4193 4104
f 4337 4193 4248
f 4282 4337 4426
f 4481 4570 4426
f 4426 4337 4481
f 4693 4638 4549
f 4549 4405 4460
f 3384 3528 3473
f 3528 3617 3473
f 3473 3617 3562
f 3473 3329 3384
f 4138 4282 4227
f 4138 3994 4049
f 4138 4193 4282
f 4049 4193 4138
f 4227 4083 4138
f 4083 3994 4138
f 3960 3816 3871
f 4104 4049 3960
f 3960 4049 3905
f 3905 3816 3960
f 3960 4015 4104
f 3960 3871 4015
f 3295 3151 3206
f 3295 3439 3384
f 3384 3240 3295
f 3240 3151 3295
f 3350 3439 3295
f 3295 3206 3350
f 3575 3431 3486
f 3575 3719 3664
f 3575 3486 3630
f 3630 3719 3575
f 3376 3431 3520
f 3520 3465 3376
f 3609 3465 3520
f 3664 3609 3520
f 3520 3575 3664
f 3431 3575 3520
f 4939 4795 4850
f 4795 4706 4850
f 4850 4706 4761
f 4672 4528 4583
f 4672 4816 4761
f 4583 4727 4672
f 4672 4727 4816
f 4761 4706 4617
f 4617 4672 4761
f 4528 4672 4617
f 4473 4528 4617
f 4617 4562 4473
f 4617 4706 4562
f 5672 5528 5583
f 5583 5727 5672
f 5583 5638 5727
f 5384 5329 5240
f 5172 5117 5028
f 5028 4884 4939
f 5028 5117 4973
f 4973 4884 5028
f 5214 5159 5070
f 5015 5159 5104
f 5015 4871 4926
f 4926 5070 5015
f 5015 5070 5159
f 5303 5159 5214
f 5303 5447 5392
f 5214 5358 5303
f 5303 5358 5447
f 5104 5159 5248
f 5248 5303 5392
f 5159 5303 5248
f 4748 4837 4693
f 4659 4803 4748
f 5193 5049 5104
f 5104 5248 5193
f 4939 4850 4994
f 4816 4871 4960
f 5104 5049 4960
f 4960 5015 5104
f 4871 5015 4960
f 5426 5481 5570
f 4494 4638 4583
f 4583 4439 4494
f 4494 4549 4638
f 4405 4549 4494
f 4460 4405 4316
f 4316 4172 4227
f 5585 5640 5729
f 5818 5674 5729
f 5729 5674 5585
f 5729 5873 5818
f 5729 5640 5784
f 5784 5873 5729
f 5928 5784 5839
f 5928 5873 5784
f 5949 5894 5805
f 5572 5428 5483
f 5572 5517 5428
f 4192 4137 4048
f 4048 4103 4192
f 4048 3959 4103
f 3904 3959 4048
f 3993 3904 4048
f 4048 4137 3993
f 4404 4315 4459
f 4459 4514 4603
f 2718 2629 2773
f 2773 2629 2684
f 2773 2684 2828
f 2828 2917 2773
f 2841 2896 2985
f 2985 2930 2841
f 2786 2697 2841
f 2841 2930 2786
f 3184 3095 3239
f 3239 3328 3184
f 3328 3273 3184
f 3040 3095 3184
f 2807 2951 2896
f 2807 2663 2718
f 3527 3472 3383
f 3239 3294 3383
f 3383 3328 3239
f 3472 3328 3383
f 3150 3294 3239
f 3150 3095 3006
f 3239 3095 3150
f 3205 3294 3150
f 4310 4255 4166
f 4221 4310 4166
f 4166 4077 4221
f 4022 4077 4166
f 4166 4111 4022
f 4166 4255 4111
f 4043 3988 3899
f 3988 3844 3899
f 3899 3844 3755
f 3598 3454 3509
f 3399 3344 3255
f 3433 3344 3488
f 3488 3344 3399
f 3289 3344 3433
f 3234 3145 3289
f 3370 3459 3315
f 3425 3514 3370
f 3514 3459 3370
f 3027 3116 2972
f 3027 3171 3116
f 2938 3082 3027
f 3082 3171 3027
f 3294 3349 3438
f 3527 3383 3438
f 3438 3383 3294
f 3438 3582 3527
f 3438 3493 3582
f 3438 3349 3493
f 3645 3556 3700
f 3501 3556 3645
f 3645 3590 3501
f 3734 3590 3645
f 3412 3323 3467
f 3467 3556 3412
f 5831 5776 5687
f 5776 5831 5920
f 5920 5831 5975
f 5632 5776 5721
f 5721 5577 5632
f 5653 5509 5564
f 5653 5598 5509
f 5564 5708 5653
f 5077 5221 5166
f 5221 5310 5166
f 5166 5022 5077
f 4789 4933 4878
f 4789 4645 4700
f 4700 4844 4789
f 4844 4933 4789
f 4501 4412 4556
f 4556 4645 4501
f 4556 4412 4467
f 4700 4645 4556
f 4556 4611 4700
f 4467 4611 4556
f 4734 4789 4878
f 4645 4789 4734
f 5001 5056 5145
f 5145 5090 5001
f 5001 4946 4857
f 5001 5090 4946
f 4878 5022 4967
f 5082 5027 4938
f 5171 5027 5082
f 5315 5260 5171
f 5404 5260 5315
f 4904 4815 4959
f 4904 4760 4815
f 4849 4760 4904
f 4069 4213 4158
f 4069 4014 3925
f 4158 4014 4069
f 4124 4213 4069
f 5145 5289 5234
f 5234 5090 5145
f 4747 4603 4658
f 4658 4802 4747
f 1349 1205 1260
f 1472 1328 1383
f 1383 1328 1239
f 1870 1726 1781
f 1692 1836 1781
f 1637 1726 1582
f 1692 1781 1637
f 1637 1781 1726
f 1459 1315 1370
f 1802 1946 1891
f 1857 1946 1802
f 1747 1836 1692
f 1692 1603 1747
f 1891 1836 1747
f 1747 1802 1891
f 1582 1726 1671
f 1671 1726 1815
f 2061 2205 2150
f 2150 2006 2061
f 1760 1815 1904
f 1760 1671 1815
f 2116 2061 1972
f 2205 2061 2116
f 2069 2124 2213
f 2213 2158 2069
f 2357 2302 2213
f 2213 2268 2357
f 2357 2268 2412
f 2734 2590 2645
f 2645 2789 2734
f 2734 2823 2679
f 2679 2590 2734
f 2535 2590 2679
f 2679 2624 2535
f 2912 3001 2857
f 2912 2823 2967
f 2946 3001 3090
f 3090 3035 2946
f 3090 3145 3234
f 3090 3001 3145
f 2493 2582 2438
f 2692 2548 2603
f 2548 2459 2603
f 3336 3480 3425
f 3391 3480 3336
f 3336 3247 3391
f 1951 2006 2095
f 2095 2006 2150
f 2150 2239 2095
f 2150 2205 2294
f 2294 2239 2150
f 2239 2294 2383
f 2438 2527 2383
f 2383 2294 2438
f 2451 2595 2540
f 2540 2396 2451
f 2451 2396 2307
f 2828 2684 2739
f 2684 2595 2739
f 2849 2705 2760
f 2849 2993 2938
f 2760 2904 2849
f 2849 2904 2993
f 2616 2705 2561
f 2760 2705 2616
f 2582 2726 2671
f 2671 2527 2582
f 2760 2616 2671
f 2671 2616 2527
f 5551 5462 5606
f 5407 5462 5551
f 5551 5496 5407
f 5551 5640 5496
f 5407 5263 5318
f 5318 5462 5407
f 5318 5229 5373
f 5373 5462 5318
f 5208 5263 5352
f 5352 5297 5208
f 5441 5297 5352
f 5496 5441 5352
f 5407 5496 5352
f 5352 5263 5407
f 5106 5250 5195
f 5250 5339 5195
f 4907 4962 5051
f 5051 5195 5140
f 5051 4962 5106
f 5106 5195 5051
f 4729 4674 4585
f 4585 4640 4729
f 4530 4674 4619
f 4530 4386 4441
f 4441 4585 4530
f 4530 4585 4674
f 4619 4475 4530
f 4475 4386 4530
f 5119 5263 5208
f 5119 5064 4975
f 5208 5064 5119
f 5085 5140 5229
f 4653 4564 4708
f 4708 4564 4619
f 4619 4763 4708
f 4831 4920 4776
f 4975 4920 4831
f 5030 5119 4975
f 4941 5085 5030
f 4797 4742 4653
f 4653 4708 4797
f 3619 3763 3708
f 3708 3763 3852
f 4517 4462 4373
f 4373 4428 4517
f 4606 4462 4517
f 4517 4661 4606
f 4606 4695 4551
f 4551 4462 4606
f 4318 4462 4407
f 4229 4373 4318
f 4318 4373 4462
f 4716 4771 4860
f 4627 4771 4716
f 4983 4839 4894
f 4538 4394 4449
f 4682 4627 4538
f 4538 4593 4682
f 4538 4449 4593
f 2556 2611 2700
f 2700 2645 2556
f 2789 2645 2700
f 2844 2789 2700
f 2700 2755 2844
f 2611 2755 2700
f 2556 2412 2467
f 2467 2611 2556
f 1912 2056 2001
f 1912 1857 1768
f 2001 1857 1912
f 2666 2810 2755
f 2666 2755 2611
f 2577 2721 2666
f 2666 2721 2810
f 3043 2988 2899
f 2899 2954 3043
f 2810 2954 2899
f 2755 2810 2899
f 2899 2988 2844
f 2844 2755 2899
f 6929 6840 6984
f 6785 6840 6929
f 6929 6874 6785
f 6366 6421 6510
f 6421 6565 6510
f 6510 6654 6599
f 6510 6565 6654
f 6798 6654 6709
f 6709 6853 6798
f 6654 6565 6709
f 6709 6565 6620
f 6586 6497 6641
f 6599 6688 6544
f 6633 6688 6777
f 6633 6544 6688
f 6578 6489 6633
f 6489 6544 6633
f 7060 7094 7005
f 7005 6916 7060
f 6916 6971 7060
f 7591 7557 7646
f 7591 7625 7536
f 7536 7502 7591
f 7502 7557 7591
f 7591 7646 7680
f 7680 7625 7591
f 7612 7578 7667
f 7667 7646 7612
f 7646 7557 7612
f 7523 7578 7612
f 7612 7557 7523
f 7264 7298 7209
f 7209 7298 7243
f 6798 6853 6942
f 6942 6853 6997
f 7277 7243 7332
f 7243 7298 7332
f 6735 6646 6790
f 6735 6879 6824
f 6790 6879 6735
f 6824 6680 6735
f 6735 6680 6591
f 6591 6646 6735
f 7099 7188 7133
f 7044 6900 6955
f 7133 7078 7044
f 7044 7099 7133
f 6989 6934 6845
f 6845 6900 6989
f 6900 7044 6989
f 6989 7044 7078
f 7002 6913 7057
f 7256 7290 7201
f 7167 7078 7133
f 7133 7222 7167
f 7222 7256 7167
f 7167 7256 7201
f 6290 6434 6379
f 6379 6468 6324
f 6379 6523 6468
f 6434 6523 6379
f 6379 6235 6290
f 6324 6235 6379
f 6612 6756 6701
f 6612 6701 6557
f 6557 6468 6612
f 6468 6523 6612
f 6489 6434 6345
f 6345 6434 6290
f 6112 6256 6201
f 6201 6057 6112
f 6201 6345 6290
f 6256 6345 6201
f 6290 6146 6201
f 6201 6146 6057
f 6240 6295 6384
f 6151 6295 6240
f 6426 6282 6337
f 6248 6392 6337
f 6337 6193 6248
f 6282 6193 6337
f 6481 6426 6337
f 6337 6392 6481
f 6439 6295 6350
f 6295 6206 6350
f 5761 5816 5905
f 5905 5816 5960
f 6138 6227 6083
f 5706 5617 5761
f 6214 6070 6125
f 6125 6269 6214
f 6214 6269 6358
f 5926 6070 6015
f 6015 5871 5926
f 5960 5871 6015
f 6010 6154 6099
f 6099 5955 6010
f 6298 6154 6209
f 6209 6353 6298
f 6332 6421 6277
f 6277 6188 6332
f 5722 5633 5777
f 5989 5845 5900
f 6044 6188 6133
f 6044 5900 5955
f 6099 6188 6044
f 6044 5955 6099
f 6044 6133 5989
f 5989 5900 6044
f 5612 5523 5667
f 5557 5502 5413
f 5413 5358 5269
f 5413 5502 5358
f 5934 5790 5845
f 5934 6078 6023
f 5934 6023 5879
f 5879 5790 5934
f 5934 5845 5989
f 5989 6078 5934
f 5646 5790 5735
f 5646 5502 5557
f 6023 6078 6167
f 6112 6023 6167
f 6167 6256 6112
f 6167 6078 6222
f 5735 5680 5591
f 5591 5646 5735
f 5502 5646 5591
f 5447 5502 5591
f 5536 5447 5591
f 5591 5680 5536
f 5570 5481 5625
f 5625 5714 5570
f 5625 5481 5536
f 5769 5714 5625
f 5536 5680 5625
f 5625 5680 5769
f 5172 5316 5261
f 5261 5117 5172
f 5261 5350 5206
f 5206 5117 5261
f 5405 5460 5549
f 5405 5316 5460
f 5405 5261 5316
f 5350 5261 5405
f 6049 6193 6138
f 6049 5905 5960
f 5473 5418 5329
f 5329 5384 5473
f 5473 5528 5617
f 5473 5384 5528
f 7720 7665 7686
f 7720 7775 7754
f 7720 7754 7699
f 7699 7665 7720
f 7576 7665 7610
f 7555 7521 7610
f 7521 7576 7610
f 7610 7644 7555
f 7665 7644 7610
f 7623 7589 7678
f 7589 7644 7678
f 7678 7644 7699
f 7746 7712 7767
f 7877 7911 7890
f 7911 7924 7890
f 7903 7869 7890
f 7890 7924 7903
f 7856 7822 7877
f 7877 7890 7856
f 7877 7822 7843
f 7809 7864 7843
f 7843 7864 7877
f 4868 4957 4813
f 4813 4957 4902
f 4902 4758 4813
f 4813 4758 4669
f 5245 5190 5101
f 5245 5101 5156
f 5156 5300 5245
f 5300 5389 5245
f 5046 5190 5135
f 4902 4957 5046
f 5046 4957 5101
f 5101 5190 5046
f 5046 4991 4902
f 5135 4991 5046
f 5567 5478 5622
f 5622 5478 5533
f 5533 5677 5622
f 5622 5677 5766
f 4915 4826 4970
f 4970 5059 4915
f 4970 4826 4881
f 5114 5059 4970
f 4881 5025 4970
f 4970 5025 5114
f 5080 4991 5135
f 5169 5025 5080
f 4936 5025 4881
f 4936 5080 5025
f 4991 5080 4936
f 4457 4546 4402
f 4402 4313 4457
f 4326 4182 4237
f 4182 4093 4237
f 4237 4093 4148
f 4148 4292 4237
f 4114 4203 4059
f 4381 4525 4470
f 4381 4237 4292
f 4436 4525 4381
f 4381 4292 4436
f 4381 4470 4326
f 4326 4237 4381
f 5250 5161 5305
f 6622 6478 6533
f 6588 6677 6533
f 6533 6677 6622
f 6266 6321 6410
f 5135 5190 5279
f 5423 5368 5279
f 5580 5635 5724
f 5258 5114 5169
f 5169 5313 5258
f 5436 5580 5525
f 5525 5381 5436
f 5436 5381 5292
f 6724 6635 6779
f 6724 6580 6635
f 6161 6072 6216
f 6216 6072 6127
f 6504 6593 6449
f 6245 6101 6156
f 6381 6237 6292
f 6525 6381 6436
f 6436 6580 6525
f 6381 6292 6436
f 6436 6292 6347
f 6418 6507 6363
f 6287 6431 6376
f 6287 6342 6431
f 6376 6232 6287
f 6232 6143 6287
f 6253 6109 6164
f 6164 6308 6253
f 6253 6308 6397
f 6397 6342 6253
f 5533 5444 5588
f 5588 5677 5533
f 5588 5444 5499
f 5732 5677 5588
f 5588 5643 5732
f 5499 5643 5588
f 5965 6054 5910
f 5910 5821 5965
f 5910 6054 5999
f 5766 5821 5910
f 5999 5855 5910
f 5910 5855 5766
f 6973 7028 7062
f 6884 7028 6973
f 7062 6918 6973
f 6829 6884 6973
f 6973 6918 6829
f 7413 7502 7447
f 7481 7392 7447
f 7447 7502 7536
f 7536 7481 7447
f 7337 7426 7371
f 7337 7392 7426
f 7261 7227 7316
f 7371 7405 7316
f 7316 7350 7261
f 7316 7405 7350
f 7172 7227 7261
f 7172 7261 7206
f 7206 7117 7172
f 7227 7172 7138
f 6858 6913 7002
f 6617 6761 6706
f 6706 6562 6617
f 6562 6473 6617
f 6549 6405 6460
f 6981 6837 6892
f 6541 6685 6630
f 6541 6596 6685
f 6541 6486 6397
f 6630 6486 6541
f 7122 7067 7033
f 7033 7088 7122
f 6910 7054 6999
f 7054 7088 6999
f 6999 6855 6910
f 6999 6944 6855
f 7088 7033 6999
f 7033 6944 6999
f 6779 6923 6868
f 6868 6724 6779
f 6813 6724 6868
f 6868 6923 7012
f 7706 7651 7672
f 7672 7651 7617
f 7617 7583 7672
f 7528 7583 7617
f 7816 7761 7782
f 7748 7803 7782
f 7782 7837 7816
f 7803 7837 7782
f 7672 7693 7727
f 7727 7706 7672
f 7761 7706 7727
f 7727 7782 7761
f 7727 7693 7748
f 7748 7782 7727
f 7324 7290 7379
f 7324 7379 7413
f 7413 7447 7358
f 7358 7447 7392
f 7358 7324 7413
f 7269 7324 7358
f 7070 6981 7036
f 7036 6981 6892
f 6986 6842 6897
f 7075 6931 6986
f 7075 7020 6931
f 7075 7130 7164
f 7075 7164 7109
f 7109 7020 7075
f 7185 7151 7240
f 7240 7274 7185
f 7206 7295 7240
f 7240 7151 7206
f 7520 7486 7575
f 7575 7609 7520
f 7520 7609 7554
f 7452 7486 7397
f 7507 7452 7418
f 7418 7473 7507
f 7643 7609 7664
f 7664 7698 7643
f 7664 7575 7630
f 7664 7609 7575
f 7719 7698 7664
f 7528 7473 7439
f 7439 7494 7528
f 7439 7473 7384
f 7439 7384 7350
f 7350 7405 7439
f 7405 7494 7439
f 7308 7274 7363
f 7418 7452 7363
f 7452 7397 7363
f 7363 7397 7308
f 7219 7274 7308
f 7219 7253 7164
f 7308 7253 7219
f 7164 7130 7219
f 7219 7130 7185
f 7185 7274 7219
f 7198 7232 7143
f 7198 7143 7109
f 7109 7164 7198
f 7164 7253 7198
f 3335 3390 3479
f 3424 3335 3479
f 3479 3568 3424
f 3623 3568 3479
f 3657 3568 3712
f 3712 3801 3657
f 3712 3568 3623
f 3856 3801 3712
f 3623 3767 3712
f 3712 3767 3856
f 3390 3445 3534
f 3623 3479 3534
f 3534 3479 3390
f 3534 3678 3623
f 3589 3678 3534
f 3534 3445 3589
f 3458 3547 3403
f 3403 3314 3458
f 3458 3314 3369
f 3602 3547 3458
f 3458 3513 3602
f 3369 3513 3458
f 3123 3178 3267
f 3267 3212 3123
f 3356 3212 3267
f 3411 3356 3267
f 3267 3322 3411
f 3267 3178 3322
f 2107 2196 2052
f 2107 2251 2196
f 2107 2018 2162
f 2162 2251 2107
f 2361 2217 2272
f 2217 2128 2272
f 2272 2128 2183
f 1785 1696 1840
f 1696 1751 1840
f 1840 1929 1785
f 1984 1929 1840
f 1840 1895 1984
f 1840 1751 1895
f 1539 1450 1594
f 1539 1594 1683
f 1683 1628 1539
f 1539 1628 1484
f 1942 1853 1997
f 1942 1887 1798
f 1798 1853 1942
f 2120 2264 2209
f 2264 2353 2209
f 2353 2298 2209
f 2209 2065 2120
f 2154 2065 2209
f 2209 2298 2154
f 2463 2408 2319
f 2319 2374 2463
f 2230 2374 2319
f 2319 2175 2230
f 2264 2175 2319
f 2319 2408 2264
f 2552 2641 2497
f 2497 2408 2552
f 2552 2408 2463
f 2552 2696 2641
f 2997 3141 3086
f 2997 2908 3052
f 3052 3141 2997
f 2531 2675 2620
f 2586 2675 2531
f 2463 2518 2607
f 2607 2552 2463
f 2696 2552 2607
f 2751 2696 2607
f 2518 2662 2607
f 2607 2662 2751
f 2840 2696 2751
f 2840 2984 2929
f 2641 2696 2785
f 2785 2730 2641
f 2785 2840 2929
f 2696 2840 2785
f 2874 2963 2819
f 2819 2730 2874
f 2730 2785 2874
f 2874 3018 2963
f 2929 3018 2874
f 2874 2785 2929
f 3073 3217 3162
f 3217 3306 3162
f 3162 3306 3251
f 3162 3018 3073
f 3162 3251 3107
f 3107 3018 3162
f 3759 3704 3615
f 3526 3670 3615
f 3615 3670 3759
f 3615 3471 3526
f 3560 3704 3649
f 3560 3416 3471
f 3471 3615 3560
f 3560 3615 3704
f 3505 3361 3416
f 3505 3560 3649
f 3416 3560 3505
f 3450 3361 3505
f 3039 3094 3183
f 3183 3128 3039
f 3272 3128 3183
f 3327 3272 3183
f 3293 3382 3238
f 3238 3382 3327
f 3327 3183 3238
f 3238 3183 3094
f 2916 3060 3005
f 3005 2861 2916
f 2950 3094 3039
f 2861 3005 2950
f 2950 3005 3094
f 2594 2505 2649
f 2628 2772 2717
f 2628 2717 2573
f 2162 2217 2306
f 2306 2251 2162
f 2395 2251 2306
f 2306 2217 2361
f 2340 2395 2484
f 2484 2573 2429
f 2429 2340 2484
f 2484 2628 2573
f 2484 2395 2539
f 2539 2628 2484
f 5280 5424 5369
f 5369 5225 5280
f 5513 5657 5602
f 5513 5369 5424
f 5568 5657 5513
f 5513 5424 5568
f 5513 5602 5458
f 5458 5369 5513
f 5636 5547 5691
f 5492 5547 5636
f 5314 5369 5458
f 5225 5369 5314
f 4992 5136 5081
f 5081 5136 5225
f 6110 5966 6021
f 6254 6199 6110
f 6110 6055 5966
f 6199 6055 6110
f 6021 6165 6110
f 6110 6165 6254
f 4259 4115 4170
f 4204 4115 4259
f 4259 4348 4204
f 4670 4725 4814
f 4903 4759 4814
f 4814 4759 4670
f 4725 4869 4814
f 4581 4725 4670
f 4437 4492 4581
f 4581 4492 4636
f 4636 4725 4581
f 4581 4526 4437
f 4670 4526 4581
f 4382 4526 4471
f 4238 4293 4382
f 4382 4293 4437
f 4437 4526 4382
f 4471 4327 4382
f 4382 4327 4238
f 4636 4691 4780
f 4780 4725 4636
f 4780 4869 4725
f 5013 5068 5157
f 5301 5246 5157
f 5212 5301 5157
f 5157 5068 5212
f 5191 5136 5047
f 5280 5136 5191
f 5479 5424 5335
f 5335 5390 5479
f 5246 5390 5335
f 5335 5191 5246
f 5335 5424 5280
f 5280 5191 5335
f 5699 5644 5555
f 5555 5610 5699
f 5356 5411 5500
f 5500 5445 5356
f 5411 5555 5500
f 5500 5555 5644
f 5178 5089 5233
f 5288 5377 5233
f 5932 5843 5987
f 5788 5843 5932
f 6021 5877 5932
f 5932 5877 5788
f 5945 6089 6034
f 5801 5856 5945
f 6000 6089 5945
f 5945 5856 6000
f 5945 5890 5801
f 5945 6034 5890
f 5767 5712 5623
f 5479 5534 5623
f 5623 5568 5479
f 5623 5712 5568
f 5767 5623 5678
f 5678 5623 5534
f 5966 5911 5822
f 5733 5877 5822
f 5822 5877 5966
f 5822 5678 5733
f 5822 5911 5767
f 5767 5678 5822
f 5987 6131 6076
f 6076 5932 5987
f 6076 6165 6021
f 6021 5932 6076
f 6275 6364 6220
f 6220 6131 6275
f 6165 6076 6220
f 6220 6076 6131
f 6097 5953 6008
f 6330 6419 6275
f 6330 6241 6385
f 6385 6241 6296
f 6296 6440 6385
f 6351 6440 6296
f 6618 6707 6563
f 7016 7105 7050
f 7050 7084 6995
f 6995 6851 6906
f 6906 7050 6995
f 6762 6851 6707
f 6707 6618 6762
f 6762 6618 6673
f 6762 6673 6817
f 6817 6906 6762
f 6762 6906 6851
f 6940 6851 6995
f 6885 6940 7029
f 6995 7084 7029
f 7029 6940 6995
f 6597 6686 6542
f 6453 6508 6597
f 6597 6542 6453
f 7309 7254 7220
f 7173 7207 7118
f 7063 7029 7118
f 7118 7084 7173
f 7118 7029 7084
f 6775 6919 6864
f 6953 6809 6864
f 6830 6919 6775
f 6775 6686 6830
f 7055 7000 6911
f 6767 6822 6911
f 6898 6809 6953
f 6953 7042 6898
f 6631 6775 6720
f 6720 6576 6631
f 6775 6864 6720
f 6720 6864 6809
f 6699 6610 6754
f 6754 6843 6699
f 6754 6898 6843
f 6809 6898 6754
f 7008 7042 6953
f 7008 6919 7063
f 6953 6864 7008
f 7008 6864 6919
f 7097 7008 7063
f 7042 7008 7097
f 6555 6610 6699
f 6356 6500 6445
f 6390 6301 6445
f 6445 6301 6356
f 6767 6623 6678
f 6678 6822 6767
f 7191 7225 7136
f 7081 7047 7136
f 7136 7102 7191
f 7136 7047 7102
f 7403 7348 7314
f 7568 7479 7534
f 7534 7623 7568
f 7534 7589 7623
f 7314 7225 7280
f 7280 7225 7191
f 7466 7521 7555
f 7411 7377 7466
f 6149 6204 6293
f 6293 6238 6149
f 6115 6259 6204
f 6115 5971 6026
f 6060 6204 6149
f 6149 6005 6060
f 6060 6115 6204
f 5971 6115 6060
f 5916 6060 6005
f 5971 6060 5916
f 6026 5971 5882
f 5882 5937 6026
f 5793 5937 5882
f 5738 5793 5882
f 5615 5759 5704
f 5704 5560 5615
f 6026 5937 6081
f 5848 5759 5903
f 5848 5704 5759
f 5848 5937 5793
f 5793 5704 5848
f 6068 6212 6157
f 6157 6212 6301
f 6013 6157 6102
f 5924 6068 6013
f 6068 6157 6013
f 7055 6911 6966
f 6966 6822 6877
f 6966 6911 6822
f 7199 7254 7288
f 7165 7254 7199
f 7199 7110 7165
f 6869 6780 6924
f 6869 6725 6780
f 6903 7047 6992
f 6992 7047 7081
f 6992 6848 6903
f 6992 6937 6848
f 7013 7068 7102
f 7102 7047 7013
f 7013 7047 6958
f 6924 7068 7013
f 7013 6869 6924
f 6958 6869 7013
f 6979 6835 6890
f 6890 6801 6945
f 6945 7034 6890
f 6890 7034 6979
f 6636 6581 6492
f 6492 6547 6636
f 6403 6547 6492
f 6492 6581 6437
f 6746 6657 6801
f 6801 6890 6746
f 6746 6890 6835
f 6746 6835 6691
f 6691 6602 6746
f 6602 6657 6746
f 6479 6623 6568
f 6568 6513 6424
f 6424 6479 6568
f 5408 5463 5552
f 5552 5497 5408
f 5353 5264 5408
f 5408 5497 5353
f 5777 5633 5688
f 5510 5455 5366
f 5510 5599 5455
f 5340 5196 5251
f 5484 5429 5340
f 5285 5196 5340
f 5340 5429 5285
f 5251 5395 5340
f 5340 5395 5484
f 5306 5395 5251
f 5450 5395 5306
f 5628 5484 5539
f 5484 5395 5539
f 5539 5395 5450
f 5539 5683 5628
f 5552 5607 5696
f 5628 5772 5717
f 5717 5573 5628
f 5717 5806 5662
f 5662 5573 5717
f 5950 6039 5895
f 5895 5806 5950
f 6005 6094 5950
f 5950 6094 6039
f 4607 4662 4751
f 4895 4840 4751
f 4518 4662 4607
f 4607 4463 4518
f 4518 4463 4374
f 4505 4361 4416
f 4594 4450 4505
f 4505 4450 4361
f 5361 5505 5450
f 5450 5306 5361
f 5361 5306 5217
f 5450 5505 5594
f 5594 5539 5450
f 5683 5539 5594
f 5738 5683 5594
f 5649 5793 5738
f 5505 5560 5649
f 5649 5704 5793
f 5560 5704 5649
f 5738 5594 5649
f 5649 5594 5505
f 4958 4869 5013
f 4958 4814 4869
f 5047 4903 4958
f 4903 4814 4958
f 4403 4547 4492
f 4492 4348 4403
f 4348 4259 4403
f 4335 4246 4390
f 4445 4534 4390
f 4170 4081 4225
f 4848 4903 4992
f 4848 4759 4903
f 4704 4848 4793
f 4615 4759 4704
f 4759 4848 4704
f 3683 3738 3827
f 3827 3772 3683
f 3882 3738 3793
f 3882 4026 3971
f 3971 3827 3882
f 3882 3827 3738
f 4081 4026 3937
f 3848 3992 3937
f 3937 3992 4081
f 3937 3793 3848
f 3937 3882 3793
f 4026 3882 3937
f 3437 3581 3526
f 3293 3348 3437
f 3437 3382 3293
f 3526 3382 3437
f 3348 3403 3492
f 3492 3437 3348
f 3581 3437 3492
f 3403 3547 3492
f 4701 4845 4790
f 4557 4612 4701
f 4701 4612 4756
f 4756 4845 4701
f 4790 4646 4701
f 4701 4646 4557
f 5078 4934 4989
f 4934 4845 4989
f 4324 4379 4468
f 4468 4413 4324
f 4557 4413 4468
f 4468 4612 4557
f 4578 4434 4489
f 4489 4633 4578
f 4489 4400 4544
f 4544 4633 4489
f 4379 4434 4523
f 4612 4468 4523
f 4523 4468 4379
f 4523 4434 4578
f 4735 4824 4680
f 4680 4591 4735
f 4680 4824 4769
f 4036 4180 4125
f 4125 3981 4036
f 4091 4180 4036
f 4125 4180 4269
f 4358 4214 4269
f 4269 4214 4125
f 4269 4413 4358
f 4324 4413 4269
f 4269 4180 4324
f 6848 6704 6759
f 6903 6848 6759
f 6615 6704 6560
f 6560 6471 6615
f 6471 6526 6615
f 6615 6526 6670
f 6670 6759 6615
f 6615 6759 6704
f 6738 6827 6683
f 6628 6539 6683
f 6573 6484 6628
f 6450 6539 6395
f 6450 6361 6505
f 6607 6696 6552
f 6607 6463 6518
f 6552 6463 6607
f 7885 7864 7830
f 7830 7864 7809
f 7809 7775 7830
f 7830 7775 7796
f 7796 7775 7741
f 7741 7720 7686
f 7775 7720 7741
f 7474 7419 7385
f 7563 7508 7474
f 7508 7419 7474
f 7296 7385 7330
f 7296 7351 7385
f 7207 7262 7296
f 7296 7262 7351
f 7956 7977 7969
f 7956 7935 7922
f 7888 7909 7922
f 7964 7977 7956
f 7982 7987 7974
f 7919 7940 7953
f 7953 7932 7919
f 7885 7906 7919
f 7906 7940 7919
f 7898 7911 7877
f 7898 7932 7911
f 7898 7919 7932
f 7877 7864 7898
f 7898 7864 7885
f 7885 7919 7898
f 7780 7814 7759
f 7848 7814 7869
f 7869 7882 7848
f 7848 7882 7827
f 7827 7882 7861
f 7882 7895 7861
f 7845 7790 7811
f 7764 7785 7819
f 7819 7798 7764
f 7879 7845 7866
f 7845 7811 7866
f 7908 7929 7942
f 7908 7887 7874
f 7908 7895 7929
f 7874 7895 7908
f 7984 7976 7963
f 7963 7955 7942
f 7976 7955 7963
f 7942 7929 7963
f 7929 7950 7963
f 7971 7979 7984
f 7958 7979 7971
f 7971 7950 7958
f 7984 7963 7971
f 7971 7963 7950
f 7997 7984 7992
f 7984 7979 7992
f 7992 7979 7987
f 7987 7995 7992
f 7992 8000 7997
f 7992 7995 8000
f 7620 7531 7586
f 7586 7675 7620
f 7586 7641 7675
f 7751 7785 7730
f 7599 7688 7633
f 7565 7531 7620
f 7565 7599 7510
f 7701 7722 7756
f 7756 7811 7790
f 7756 7722 7777
f 7777 7811 7756
f 7764 7743 7709
f 7709 7730 7764
f 7709 7675 7730
f 7709 7743 7688
f 6008 6063 6152
f 6152 6097 6008
f 6241 6097 6152
f 6152 6296 6241
f 5338 5482 5427
f 5427 5372 5283
f 5194 5338 5283
f 5283 5338 5427
f 5571 5482 5626
f 5626 5715 5571
f 5427 5482 5571
f 6003 6058 6147
f 6236 6092 6147
f 6147 6092 6003
f 6147 6058 6202
f 3762 3618 3673
f 3906 3851 3762
f 3673 3817 3762
f 3762 3817 3906
f 5393 5537 5482
f 5482 5338 5393
f 5304 5448 5393
f 5448 5537 5393
f 5537 5592 5681
f 5626 5537 5681
f 5736 5825 5681
f 5681 5592 5736
f 5215 5359 5304
f 5215 5071 5126
f 5126 5270 5215
f 5270 5359 5215
f 5304 5160 5215
f 5215 5160 5071
f 5003 5092 4948
f 5003 4914 5058
f 5181 5092 5236
f 5236 5325 5181
f 5380 5325 5236
f 5236 5291 5380
f 4948 4893 4804
f 4804 4660 4715
f 4804 4893 4749
f 4749 4660 4804
f 4859 4715 4770
f 4859 5003 4948
f 4948 4804 4859
f 4859 4804 4715
f 4859 4770 4914
f 4914 5003 4859
f 5058 4969 5113
f 5113 5202 5058
f 5113 4969 5024
f 5257 5202 5113
f 5113 5024 5168
f 5168 5257 5113
f 3542 3631 3487
f 3542 3686 3631
f 3597 3686 3542
f 3254 3343 3199
f 3199 3110 3254
f 3364 3309 3220
f 3220 3275 3364
f 3419 3508 3364
f 3364 3275 3419
f 3042 3186 3131
f 3186 3275 3131
f 3131 3275 3220
f 3131 2987 3042
f 2932 2987 3076
f 3076 3021 2932
f 3076 3131 3220
f 2987 3131 3076
f 3529 3618 3474
f 3673 3618 3529
f 3529 3584 3673
f 2775 2720 2631
f 2864 2720 2775
f 2741 2597 2652
f 2652 2796 2741
f 2974 3118 3063
f 3029 3118 2974
f 3652 3796 3741
f 3508 3563 3652
f 3652 3741 3597
f 3597 3508 3652
f 3707 3563 3618
f 3707 3851 3796
f 3796 3652 3707
f 3707 3652 3563
f 3618 3762 3707
f 3707 3762 3851
f 3828 3883 3972
f 4171 4315 4260
f 4260 4315 4404
f 4294 4205 4349
f 4205 4260 4349
f 4404 4493 4349
f 4349 4260 4404
f 3430 3375 3286
f 3807 3663 3718
f 4294 4239 4150
f 4061 4205 4150
f 4150 4205 4294
f 4150 4239 4095
f 3917 3972 4061
f 3828 3972 3917
f 4561 4506 4417
f 4328 4472 4417
f 4417 4472 4561
f 4417 4273 4328
f 4362 4273 4417
f 4417 4506 4362
f 4815 4760 4671
f 4671 4726 4815
f 4671 4616 4527
f 4760 4616 4671
f 3019 2930 3074
f 3074 3163 3019
f 3074 2930 2985
f 3218 3163 3074
f 2909 2854 2765
f 2998 2854 2909
f 2875 2731 2786
f 3019 2964 2875
f 2786 2930 2875
f 2875 2930 3019
f 3108 2964 3019
f 3108 3163 3252
f 3019 3163 3108
f 3129 3273 3218
f 2985 3040 3129
f 3040 3184 3129
f 3129 3184 3273
f 3129 3074 2985
f 3218 3074 3129
f 7176 7087 7142
f 7108 7019 7074
f 7074 7163 7108
f 7108 7053 7019
f 7108 7163 7197
f 7108 7197 7142
f 7142 7053 7108
f 7252 7218 7307
f 7252 7163 7218
f 7197 7163 7252
f 7307 7341 7252
f 7849 7870 7883
f 7883 7870 7904
f 7883 7828 7849
f 7807 7828 7862
f 7862 7883 7896
f 7828 7883 7862
f 7841 7862 7896
f 7807 7862 7841
f 7841 7820 7786
f 7786 7807 7841
f 7875 7896 7909
f 7888 7854 7875
f 7875 7909 7888
f 7875 7841 7896
f 7875 7854 7820
f 7820 7841 7875
f 7904 7870 7891
f 7100 7045 7011
f 6901 7045 6990
f 7134 7100 7189
f 7045 7100 7134
f 7815 7870 7849
f 7773 7828 7807
f 7718 7739 7773
f 7773 7752 7718
f 7807 7752 7773
f 7739 7760 7794
f 7794 7773 7739
f 7828 7773 7794
f 7760 7815 7794
f 7849 7828 7794
f 7794 7815 7849
f 7527 7616 7561
f 7506 7472 7561
f 7561 7472 7527
f 7514 7425 7480
f 7671 7616 7582
f 7582 7616 7527
f 7328 7273 7239
f 7239 7273 7184
f 7527 7472 7438
f 7438 7472 7383
f 7451 7485 7396
f 7451 7417 7506
f 7451 7362 7417
f 7396 7362 7451
f 7540 7451 7506
f 7485 7451 7540
f 7396 7485 7430
f 7430 7341 7396
f 7430 7485 7519
f 7650 7616 7671
f 7650 7561 7616
f 6917 6773 6828
f 6684 6739 6828
f 6828 6773 6684
f 6849 6938 6794
f 6849 6794 6705
f 6917 6828 6972
f 6548 6459 6603
f 6548 6637 6493
f 6493 6404 6548
f 6404 6459 6548
f 7001 6857 6912
f 6713 6857 6802
f 6692 6747 6836
f 6836 6781 6692
f 6603 6747 6692
f 6692 6781 6637
f 6692 6548 6603
f 6637 6548 6692
f 6912 6967 7056
f 7056 7001 6912
f 7577 7632 7666
f 6925 6781 6836
f 6870 6781 6925
f 7014 7069 7103
f 7014 7048 6959
f 7014 7103 7048
f 7014 6925 7069
f 6959 6870 7014
f 6870 6925 7014
f 7213 7158 7124
f 7213 7179 7268
f 7124 7179 7213
f 7480 7446 7535
f 7030 6975 6886
f 6865 6776 6920
f 6920 7009 6865
f 6666 6611 6522
f 6522 6577 6666
f 6752 6841 6697
f 6608 6752 6697
f 6697 6553 6608
f 7040 7095 7129
f 7040 7129 7074
f 7074 6985 7040
f 6807 6951 6896
f 6896 6985 6841
f 6951 7040 6896
f 6896 7040 6985
f 6896 6752 6807
f 6896 6841 6752
f 6519 6663 6608
f 6608 6464 6519
f 6464 6375 6519
f 6519 6375 6430
f 6362 6506 6451
f 6362 6451 6307
f 6307 6218 6362
f 6218 6273 6362
f 6650 6506 6561
f 6472 6616 6561
f 6705 6650 6561
f 6561 6616 6705
f 6595 6506 6650
f 6595 6739 6684
f 6595 6650 6739
f 6684 6540 6595
f 6595 6540 6451
f 6451 6506 6595
f 6464 6553 6409
f 6409 6320 6464
f 5943 5888 5799
f 5998 6087 5943
f 5964 6019 6108
f 5964 5875 6019
f 6108 6053 5964
f 5964 5820 5875
f 5964 6053 5909
f 5909 5820 5964
f 5956 5867 6011
f 6011 6100 5956
f 6011 5867 5922
f 6011 6155 6100
f 5883 5828 5739
f 5739 5794 5883
f 5739 5650 5794
f 5739 5595 5650
f 5739 5828 5684
f 5684 5595 5739
f 6048 6137 5993
f 5993 6137 6082
f 6171 6315 6260
f 6027 6082 6171
f 6260 6116 6171
f 6116 6027 6171
f 5561 5417 5472
f 5561 5705 5650
f 5472 5616 5561
f 5616 5705 5561
f 5472 5417 5328
f 5328 5273 5184
f 5417 5273 5328
f 5650 5595 5506
f 5506 5561 5650
f 5417 5561 5506
f 5362 5417 5506
f 5451 5362 5506
f 5506 5595 5451
f 6184 6040 6095
f 6095 6239 6184
f 6184 6328 6273
f 6239 6328 6184
f 6383 6239 6294
f 6383 6328 6239
f 6472 6328 6383
f 6294 6438 6383
f 4430 4485 4574
f 4519 4430 4574
f 4574 4663 4519
f 4718 4663 4574
f 4574 4629 4718
f 4574 4485 4629
f 4875 4930 5019
f 4875 4786 4930
f 5019 4964 4875
f 4875 4964 4820
f 3875 3930 4019
f 3875 3786 3930
f 4019 3964 3875
f 3875 3731 3786
f 3676 3731 3820
f 3820 3964 3909
f 3820 3875 3964
f 3731 3875 3820
f 3642 3587 3498
f 3498 3553 3642
f 3409 3553 3498
f 3354 3409 3498
f 3498 3443 3354
f 3498 3587 3443
f 6276 6132 6187
f 5666 5522 5577
f 5577 5721 5666
f 5666 5721 5810
f 5611 5522 5666
f 5488 5344 5399
f 5632 5577 5488
f 5488 5543 5632
f 5399 5543 5488
f 5289 5344 5433
f 5577 5522 5433
f 5433 5488 5577
f 5344 5488 5433
f 5988 5844 5899
f 5899 5810 5954
f 5700 5844 5789
f 5700 5556 5611
f 5789 5645 5700
f 5645 5556 5700
f 5789 5844 5933
f 5933 5844 5988
f 6763 6708 6619
f 6496 6585 6441
f 6441 6585 6530
f 6671 6616 6527
f 6527 6616 6472
f 6472 6383 6527
f 6527 6383 6438
f 6111 6255 6200
f 6056 6111 6200
f 6200 6145 6056
f 6289 6145 6200
f 6344 6433 6289
f 6289 6200 6344
f 6344 6200 6255
f 6488 6433 6344
f 6221 6132 6276
f 6234 6378 6323
f 6323 6179 6234
f 6501 6556 6645
f 6467 6556 6412
f 6412 6323 6467
f 6467 6323 6378
f 6467 6378 6522
f 6522 6611 6467
f 6611 6556 6467
f 6035 6179 6124
f 6124 5980 6035
f 6658 6569 6713
f 6713 6802 6658
f 6658 6802 6747
f 6658 6747 6603
f 6603 6514 6658
f 6514 6569 6658
f 6446 6357 6501
f 6624 6768 6713
f 6713 6569 6624
f 6624 6569 6480
f 6480 6535 6624
f 5781 5925 5870
f 5781 5726 5637
f 5781 5870 5726
f 6103 6247 6192
f 6048 6103 6192
f 6281 6137 6192
f 6192 6137 6048
f 6336 6480 6425
f 6336 6425 6281
f 6281 6192 6336
f 6336 6192 6247
f 6213 6069 6124
f 6158 6103 6014
f 6158 6247 6103
f 6014 6069 6158
f 6069 6213 6158
f 5040 4896 4951
f 4951 5095 5040
f 5040 5095 5184
f 4985 4896 5040
f 5150 5095 5006
f 5006 5061 5150
f 5150 5205 5294
f 5150 5061 5205
f 4917 5061 5006
f 4917 4773 4828
f 4828 4972 4917
f 4972 5061 4917
f 5006 4862 4917
f 4917 4862 4773
f 5880 5935 6024
f 5969 5880 6024
f 6024 6113 5969
f 6024 6168 6113
f 6024 5935 6079
f 6079 6168 6024
f 6422 6566 6511
f 6511 6367 6422
f 6422 6367 6278
f 6134 6278 6223
f 6134 5990 6045
f 6079 5990 6134
f 6134 6223 6079
f 6189 6100 6244
f 6045 6100 6189
f 6189 6134 6045
f 6278 6134 6189
f 6964 6909 6820
f 6820 6875 6964
f 6731 6875 6820
f 6833 6977 6922
f 7011 6867 6922
f 7066 7100 7011
f 7011 6922 7066
f 7066 6922 6977
f 7066 6977 7032
f 6854 6909 6998
f 6998 6943 6854
f 7032 6977 6888
f 6888 6943 7032
f 6888 6977 6833
f 6833 6744 6888
f 6634 6689 6778
f 6778 6689 6833
f 6833 6922 6778
f 6778 6922 6867
f 6456 6545 6401
f 6401 6312 6456
f 6456 6312 6367
f 6456 6367 6511
f 6511 6600 6456
f 6456 6600 6545
f 6346 6202 6257
f 6257 6401 6346
f 6380 6325 6236
f 6401 6545 6490
f 6490 6346 6401
f 6435 6346 6490
f 6490 6545 6634
f 7024 7058 6969
f 6969 6880 7024
f 6825 6880 6969
f 6990 7024 6935
f 7024 6880 6935
f 6880 6791 6935
f 6613 6757 6702
f 7569 7514 7480
f 7480 7535 7569
f 7700 7645 7666
f 7666 7721 7700
f 7742 7721 7687
f 7619 7674 7653
f 7564 7619 7653
f 7983 7970 7991
f 7962 7970 7983
f 7981 7989 7994
f 7981 7994 7986
f 7986 7973 7981
f 7968 7989 7981
f 7960 7952 7939
f 7973 7952 7960
f 7960 7939 7926
f 7926 7947 7960
f 7960 7981 7973
f 7960 7947 7968
f 7968 7981 7960
f 7868 7889 7902
f 7902 7881 7868
f 7868 7881 7847
f 7813 7868 7847
f 7779 7813 7758
f 7852 7831 7797
f 7873 7886 7852
f 7852 7886 7831
f 7915 7928 7894
f 7894 7839 7860
f 7873 7839 7894
f 7860 7881 7894
f 7894 7881 7915
f 7949 7970 7962
f 7962 7928 7949
f 7949 7928 7915
f 7957 7970 7949
f 7878 7844 7865
f 7865 7899 7878
f 7878 7899 7912
f 7912 7891 7878
f 7878 7891 7857
f 7907 7886 7873
f 7873 7894 7907
f 7907 7894 7928
f 7907 7928 7941
f 7941 7920 7907
f 7920 7886 7907
f 7925 7938 7904
f 7925 7891 7912
f 7904 7891 7925
f 7990 7995 7982
f 7982 7969 7990
f 7990 7969 7977
f 7933 7967 7946
f 7912 7933 7946
f 7946 7925 7912
f 7790 7769 7735
f 7701 7756 7735
f 7735 7756 7790
f 7680 7701 7735
f 7735 7714 7680
f 7735 7769 7714
f 7224 7279 7313
f 7135 7101 7190
f 7190 7224 7135
f 7279 7224 7190
f 7190 7101 7156
f 6758 6813 6902
f 7567 7601 7512
f 7512 7478 7567
f 7444 7478 7389
f 7444 7389 7355
f 7436 7381 7347
f 7470 7559 7504
f 7470 7381 7436
f 7863 7829 7884
f 7910 7889 7876
f 7774 7829 7808
f 7829 7863 7808
f 7808 7863 7842
f 6461 6406 6317
f 6728 6673 6584
f 6584 6639 6728
f 6495 6639 6584
f 6584 6440 6495
f 6783 6639 6694
f 6304 6160 6215
f 6414 6270 6325
f 5775 5919 5864
f 5631 5686 5775
f 5830 5919 5775
f 5775 5686 5830
f 5775 5720 5631
f 5864 5720 5775
f 5576 5720 5665
f 5521 5576 5665
f 5754 5610 5665
f 5665 5610 5521
f 5953 5898 5809
f 5809 5864 5953
f 5809 5720 5864
f 5809 5665 5720
f 5809 5898 5754
f 5754 5665 5809
f 5542 5487 5398
f 5398 5453 5542
f 5487 5432 5343
f 5254 5398 5343
f 5343 5398 5487
f 5343 5199 5254
f 5288 5199 5343
f 5343 5432 5288
f 5541 5397 5452
f 5452 5596 5541
f 5253 5397 5342
f 5376 5520 5465
f 5431 5287 5342
f 5520 5376 5431
f 5431 5376 5287
f 5575 5630 5719
f 5719 5664 5575
f 5575 5664 5520
f 5520 5431 5575
f 5486 5397 5541
f 5541 5630 5486
f 5630 5575 5486
f 5342 5397 5486
f 5486 5431 5342
f 5486 5575 5431
f 5698 5643 5554
f 5465 5609 5554
f 5554 5609 5698
f 5554 5643 5499
f 4559 4504 4415
f 4415 4470 4559
f 4326 4470 4415
f 4889 4800 4944
f 4745 4800 4889
f 4978 4834 4889
f 4889 4834 4745
f 5177 5122 5033
f 5033 4889 4944
f 5033 5122 4978
f 4978 4889 5033
f 5499 5355 5410
f 5465 5554 5410
f 5410 5554 5499
f 5211 5122 5266
f 5266 5355 5211
f 5266 5122 5177
f 5266 5410 5355
f 4580 4525 4436
f 4669 4525 4580
f 3991 3902 4046
f 4046 4135 3991
f 2394 2250 2305
f 2538 2483 2394
f 2305 2449 2394
f 2394 2449 2538
f 2627 2483 2538
f 2627 2771 2716
f 2716 2572 2627
f 2572 2483 2627
f 2682 2771 2627
f 2627 2538 2682
f 2750 2661 2805
f 2805 2894 2750
f 2805 2661 2716
f 2263 2174 2318
f 2174 2229 2318
f 2318 2229 2373
f 2695 2551 2606
f 2606 2750 2695
f 2606 2661 2750
f 2606 2517 2661
f 2250 2394 2339
f 2339 2394 2483
f 2543 2454 2598
f 2941 2996 3085
f 3174 3030 3085
f 3085 3030 2941
f 3085 2996 3140
f 2941 2797 2852
f 2852 2996 2941
f 2852 2763 2907
f 2907 2996 2852
f 2729 2873 2818
f 2585 2640 2729
f 2729 2674 2585
f 2818 2674 2729
f 2784 2640 2695
f 2695 2839 2784
f 2784 2729 2640
f 2873 2729 2784
f 3106 3017 3161
f 2907 2818 2962
f 2962 3051 2907
f 2818 2873 2962
f 2962 3106 3051
f 2962 2873 3017
f 3017 3106 2962
f 3339 3428 3284
f 3318 3462 3407
f 3318 3263 3174
f 3407 3263 3318
f 3729 3585 3640
f 3483 3428 3339
f 3339 3394 3483
f 3771 3716 3627
f 3962 4106 4051
f 4051 4106 4195
f 4250 4394 4339
f 4339 4195 4250
f 4250 4195 4106
f 4305 4394 4250
f 3805 3750 3661
f 3661 3716 3805
f 3606 3462 3517
f 3517 3661 3606
f 3606 3661 3750
f 3551 3462 3606
f 3894 3750 3805
f 3839 3750 3894
f 4017 3928 4072
f 4106 3962 4017
f 2967 2878 3022
f 4918 5062 5007
f 4918 4774 4829
f 4829 4973 4918
f 4973 5062 4918
f 5007 4863 4918
f 4863 4774 4918
f 4240 4295 4384
f 4473 4329 4384
f 4329 4240 4384
f 4384 4528 4473
f 4439 4528 4384
f 4384 4295 4439
f 4766 4622 4677
f 4711 4800 4656
f 4622 4766 4711
f 4931 4787 4842
f 4931 5075 5020
f 5020 4876 4931
f 4876 4787 4931
f 4842 4986 4931
f 4986 5075 4931
f 4266 4177 4321
f 4321 4410 4266
f 4410 4355 4266
f 4122 4177 4266
f 4266 4211 4122
f 4266 4355 4211
f 4253 4342 4198
f 4198 4109 4253
f 4198 4342 4287
f 4054 4109 4198
f 4287 4143 4198
f 4198 4143 4054
f 4575 4431 4486
f 4719 4664 4575
f 4664 4520 4575
f 4520 4431 4575
f 4575 4630 4719
f 4486 4630 4575
f 4211 4156 4067
f 4122 4211 4067
f 4067 3978 4122
f 4067 4156 4012
f 3148 3203 3292
f 2716 2771 2860
f 2860 2805 2716
f 2826 2737 2881
f 2826 2771 2682
f 2682 2737 2826
f 2271 2415 2360
f 2360 2216 2271
f 2305 2216 2360
f 2360 2449 2305
f 2415 2559 2504
f 2504 2360 2415
f 2449 2360 2504
f 2436 2381 2292
f 2347 2436 2292
f 2292 2203 2347
f 2292 2148 2203
f 2237 2148 2292
f 2292 2381 2237
f 2525 2381 2436
f 2525 2580 2669
f 2436 2580 2525
f 2470 2381 2525
f 3567 3423 3478
f 3567 3711 3656
f 3656 3512 3567
f 3512 3423 3567
f 3622 3711 3567
f 3567 3478 3622
f 2897 2753 2808
f 2808 2952 2897
f 2986 2842 2897
f 2842 2753 2897
f 4185 4130 4041
f 4041 4096 4185
f 4041 4130 3986
f 3986 3897 4041
f 144 123 110
f 110 123 89
f 110 165 144
f 63 97 76
f 76 110 89
f 97 110 76
f 105 71 92
f 92 126 105
f 105 126 160
f 202 236 181
f 181 236 215
f 147 202 181
f 181 215 160
f 181 126 147
f 160 126 181
f 274 295 329
f 308 274 329
f 329 363 308
f 418 363 329
f 329 295 350
f 274 253 219
f 219 185 240
f 240 274 219
f 219 253 198
f 198 164 219
f 219 164 185
f 499 588 533
f 533 444 499
f 499 410 465
f 499 444 410
f 478 512 423
f 478 444 533
f 478 423 389
f 389 444 478
f 533 622 567
f 567 478 533
f 512 478 567
f 567 622 656
f 578 544 633
f 688 722 633
f 667 578 633
f 633 722 667
f 468 523 557
f 557 523 612
f 557 646 591
f 612 646 557
f 680 714 625
f 769 714 680
f 680 625 591
f 591 646 680
f 599 654 688
f 688 633 599
f 599 633 544
f 599 565 654
f 599 544 510
f 510 565 599
f 688 654 743
f 709 798 743
f 743 654 709
f 756 722 811
f 900 845 811
f 811 845 756
f 2 3 5
f 36 28 15
f 49 28 36
f 36 70 49
f 36 57 70
f 170 204 149
f 447 536 481
f 447 481 392
f 447 392 358
f 358 413 447
f 659 693 604
f 604 693 638
f 481 536 570
f 570 515 481
f 570 536 625
f 570 625 659
f 659 604 570
f 570 604 515
f 125 159 104
f 214 159 180
f 146 201 180
f 180 125 146
f 159 125 180
f 180 235 214
f 180 201 235
f 193 159 214
f 193 248 227
f 214 248 193
f 227 172 193
f 138 159 193
f 193 172 138
f 130 164 109
f 109 96 130
f 151 185 130
f 185 164 130
f 130 117 151
f 130 96 117
f 245 190 211
f 266 245 211
f 190 156 211
f 211 156 177
f 211 232 266
f 211 177 232
f 1368 1313 1224
f 1313 1169 1224
f 1004 915 970
f 1025 1114 970
f 970 915 881
f 881 936 970
f 970 936 1025
f 601 567 656
f 512 567 601
f 847 813 902
f 902 936 847
f 847 881 792
f 847 936 881
f 889 944 978
f 1389 1300 1444
f 1444 1533 1389
f 1389 1533 1478
f 1211 1300 1156
f 1465 1376 1520
f 1520 1609 1465
f 1609 1554 1465
f 1232 1143 1287
f 1287 1376 1232
f 1088 1143 1232
f 1863 1719 1774
f 1863 2007 1952
f 1863 1774 1918
f 1918 2007 1863
f 1897 1753 1808
f 1952 1897 1808
f 1664 1719 1808
f 1808 1753 1664
f 1808 1863 1952
f 1719 1863 1808
f 2172 2028 2083
f 2172 2316 2261
f 2117 2261 2206
f 1973 2028 2117
f 2117 2172 2261
f 2028 2172 2117
f 2206 2062 2117
f 2117 2062 1973
f 1740 1829 1685
f 1685 1596 1740
f 1706 1562 1617
f 1617 1761 1706
f 2083 2028 1939
f 1884 2028 1973
f 1884 1740 1795
f 1884 1939 2028
f 1795 1939 1884
f 1973 1829 1884
f 1829 1740 1884
f 1185 1329 1274
f 1363 1219 1274
f 1507 1363 1418
f 1418 1562 1507
f 1363 1274 1418
f 1418 1274 1329
f 1240 1295 1384
f 1384 1329 1240
f 1384 1295 1439
f 1439 1528 1384
f 1007 1096 952
f 952 897 863
f 863 918 952
f 952 918 1007
f 965 876 931
f 931 1020 965
f 931 876 842
f 842 897 931
f 1075 1020 931
f 1944 1999 2088
f 2088 2033 1944
f 1944 2033 1889
f 1889 2033 1978
f 1978 1834 1889
f 2067 1923 1978
f 1923 1834 1978
f 2122 2177 2266
f 2122 2033 2177
f 2266 2211 2122
f 2122 1978 2033
f 2122 2211 2067
f 2067 1978 2122
f 1622 1533 1677
f 1478 1533 1622
f 1745 1601 1656
f 1656 1601 1512
f 1813 1669 1724
f 1635 1779 1724
f 1724 1580 1635
f 1724 1669 1580
f 1779 1868 1724
f 1868 1813 1724
f 2135 1991 2046
f 2279 2224 2135
f 2135 2224 2080
f 2080 1991 2135
f 2135 2190 2279
f 2135 2046 2190
f 1161 1305 1250
f 1250 1106 1161
f 1394 1339 1250
f 1250 1305 1394
f 1339 1483 1428
f 1517 1373 1428
f 1428 1572 1517
f 1428 1483 1572
f 1428 1284 1339
f 1373 1284 1428
f 2512 2601 2457
f 2656 2601 2512
f 2512 2567 2656
f 2512 2423 2567
f 3266 3122 3177
f 3266 3410 3355
f 3355 3211 3266
f 3211 3122 3266
f 3177 3321 3266
f 3321 3410 3266
f 1593 1449 1504
f 1415 1559 1504
f 1504 1360 1415
f 1504 1449 1360
f 1559 1648 1504
f 1504 1648 1593
f 1949 2004 2093
f 2038 1949 2093
f 2093 2182 2038
f 2237 2182 2093
f 2093 2148 2237
f 2093 2004 2148
f 2195 2051 2106
f 2195 2339 2284
f 2195 2284 2140
f 2140 2051 2195
f 2195 2106 2250
f 2250 2339 2195
f 674 585 640
f 619 585 674
f 708 619 674
f 674 763 708
f 941 907 996
f 1085 941 996
f 962 1106 1051
f 1017 1106 962
f 1051 996 962
f 962 996 907
f 962 907 873
f 873 928 962
f 962 928 1017
f 1119 975 1030
f 1030 975 941
f 1030 941 1085
f 1085 1174 1030
f 1030 1174 1119
f 941 975 886
f 831 797 886
f 920 831 886
f 886 975 920
f 852 941 886
f 886 797 852
f 483 517 428
f 483 449 538
f 538 572 483
f 572 517 483
f 483 428 394
f 394 449 483
f 682 771 716
f 716 627 682
f 737 771 682
f 682 627 593
f 682 648 737
f 593 648 682
f 695 661 750
f 750 784 695
f 572 661 606
f 551 517 606
f 606 517 572
f 661 695 606
f 606 640 551
f 606 695 640
f 415 381 470
f 449 360 415
f 326 381 415
f 415 360 326
f 470 504 415
f 415 504 449
f 216 271 250
f 250 195 216
f 195 161 216
f 216 161 182
f 237 182 203
f 292 271 237
f 237 216 182
f 271 216 237
f 237 258 292
f 203 258 237
f 577 488 543
f 543 632 577
f 598 632 543
f 653 619 708
f 653 564 619
f 598 564 653
f 462 496 407
f 428 517 462
f 462 517 551
f 551 496 462
f 373 428 462
f 462 407 373
f 297 276 242
f 297 331 276
f 242 263 297
f 297 263 318
f 1009 975 1064
f 1064 1153 1009
f 1064 975 1119
f 1119 1208 1064
f 1208 1153 1064
f 1229 1174 1085
f 1318 1174 1229
f 1229 1373 1318
f 1229 1284 1373
f 1051 1106 1195
f 1106 1250 1195
f 1339 1284 1195
f 1195 1250 1339
f 1258 1347 1203
f 1203 1114 1258
f 1258 1114 1169
f 1258 1169 1313
f 1491 1347 1402
f 1313 1457 1402
f 1402 1258 1313
f 1347 1258 1402
f 1457 1546 1402
f 1546 1491 1402
f 559 525 614
f 669 703 614
f 614 580 669
f 614 525 580
f 703 648 614
f 614 648 559
f 402 436 347
f 402 368 457
f 457 491 402
f 491 436 402
f 402 347 313
f 313 368 402
f 624 590 679
f 679 734 768
f 679 645 734
f 590 645 679
f 768 713 679
f 679 713 624
f 844 933 878
f 878 789 844
f 899 933 844
f 844 810 899
f 611 645 556
f 577 666 611
f 611 522 577
f 556 522 611
f 700 611 666
f 645 611 700
f 700 789 734
f 734 645 700
f 399 488 433
f 488 522 433
f 2331 2475 2420
f 2276 2331 2420
f 2797 2742 2653
f 2598 2509 2653
f 2653 2742 2598
f 1721 1865 1810
f 1810 1865 1954
f 1954 1899 1810
f 1810 1899 1755
f 1810 1666 1721
f 1810 1755 1666
f 2153 2208 2297
f 2386 2242 2297
f 2297 2242 2153
f 2297 2441 2386
f 2352 2441 2297
f 2297 2208 2352
f 1234 1323 1179
f 1234 1090 1145
f 1179 1090 1234
f 1145 1289 1234
f 1234 1289 1378
f 1378 1323 1234
f 1645 1734 1590
f 1645 1590 1501
f 1501 1556 1645
f 1645 1789 1734
f 1077 1221 1166
f 1166 1022 1077
f 1132 1187 1276
f 1276 1221 1132
f 1043 1187 1132
f 1132 1221 1077
f 1132 988 1043
f 1077 988 1132
f 1310 1399 1255
f 1255 1166 1310
f 1310 1166 1221
f 1310 1221 1365
f 1454 1399 1310
f 1310 1365 1454
f 1111 1056 967
f 967 1022 1111
f 1200 1056 1111
f 1022 1166 1111
f 1255 1200 1111
f 1111 1166 1255
f 1302 1158 1213
f 1124 1268 1213
f 1213 1069 1124
f 1213 1158 1069
f 1357 1302 1213
f 1213 1268 1357
f 1904 1959 2048
f 2048 1959 2103
f 1993 2137 2082
f 2082 1938 1993
f 1904 2048 1993
f 1993 2048 2137
f 2226 2137 2281
f 2281 2370 2226
f 1090 946 1001
f 1001 946 912
f 1145 1090 1001
f 1001 1056 1145
f 967 1056 1001
f 1001 912 967
f 1082 1171 1027
f 1315 1171 1226
f 1370 1315 1226
f 1226 1281 1370
f 1226 1171 1082
f 938 849 904
f 904 993 938
f 938 1027 972
f 938 993 1082
f 1082 1027 938
f 959 1103 1048
f 1048 993 959
f 1048 1103 1192
f 726 781 815
f 781 870 815
f 815 760 726
f 815 870 904
f 904 849 815
f 849 760 815
f 705 760 794
f 794 760 849
f 553 608 642
f 642 587 553
f 553 587 498
f 519 608 553
f 553 464 519
f 498 464 553
f 574 608 519
f 574 540 629
f 519 485 574
f 485 540 574
f 642 608 697
f 786 731 697
f 697 731 642
f 1731 1587 1642
f 1731 1676 1587
f 1642 1786 1731
f 1998 1854 1909
f 1998 2142 2087
f 2087 2032 1943
f 1943 1998 2087
f 1854 1998 1943
f 1799 1854 1943
f 1943 1888 1799
f 1943 2032 1888
f 1765 1854 1710
f 1765 1710 1621
f 1621 1676 1765
f 1909 1854 1765
f 2087 2142 2231
f 2231 2176 2087
f 2320 2176 2231
f 2197 2108 2252
f 2053 1998 1909
f 2142 1998 2053
f 2053 2197 2142
f 2108 2197 2053
f 1409 1498 1354
f 1354 1265 1409
f 1409 1265 1320
f 1409 1320 1464
f 1464 1553 1409
f 1553 1498 1409
f 1354 1299 1210
f 1210 1265 1354
f 1155 1100 1011
f 1011 1066 1155
f 1244 1100 1155
f 1066 1210 1155
f 1155 1299 1244
f 1155 1210 1299
f 1121 977 1032
f 1121 1066 977
f 1121 1210 1066
f 1032 1176 1121
f 1176 1265 1121
f 1265 1210 1121
f 1257 1346 1202
f 1202 1113 1257
f 1257 1113 1168
f 1168 1312 1257
f 1401 1312 1456
f 1456 1545 1401
f 1401 1545 1490
f 1490 1346 1401
f 1346 1257 1401
f 1401 1257 1312
f 1134 990 1045
f 990 956 1045
f 1045 956 1100
f 1045 1189 1134
f 1100 1189 1045
f 922 956 867
f 867 833 922
f 867 901 812
f 867 956 901
f 1290 1235 1146
f 1146 1201 1290
f 1146 1235 1091
f 1091 1002 1146
f 1023 934 1078
f 1256 1201 1112
f 1345 1201 1256
f 1256 1400 1345
f 1023 1112 968
f 968 934 1023
f 1701 1790 1646
f 1701 1557 1612
f 1646 1557 1701
f 2222 2277 2366
f 1481 1570 1426
f 1337 1392 1481
f 1481 1426 1337
f 1481 1392 1536
f 1536 1625 1481
f 1625 1570 1481
f 1214 1159 1070
f 1235 1379 1324
f 1324 1180 1235
f 1324 1468 1413
f 1324 1379 1468
f 3421 3277 3332
f 3421 3565 3510
f 3332 3476 3421
f 3421 3476 3565
f 3222 3277 3366
f 3366 3311 3222
f 3455 3311 3366
f 3366 3510 3455
f 3366 3421 3510
f 3277 3421 3366
f 3353 3264 3408
f 3209 3264 3353
f 3531 3442 3586
f 3586 3675 3531
f 3387 3442 3531
f 3531 3476 3387
f 3175 3319 3264
f 3264 3120 3175
f 3031 3120 2976
f 3086 3175 3031
f 3031 3175 3120
f 3484 3628 3573
f 3539 3628 3484
f 3196 3340 3285
f 3196 3052 3107
f 3107 3251 3196
f 3251 3340 3196
f 3196 3141 3052
f 3285 3141 3196
f 3730 3641 3785
f 3785 3874 3730
f 3298 3154 3209
f 3298 3442 3387
f 3209 3353 3298
f 3298 3353 3442
f 3243 3387 3332
f 3099 3154 3243
f 3243 3298 3387
f 3154 3298 3243
f 3243 3188 3099
f 3332 3188 3243
f 2476 2531 2620
f 2387 2531 2476
f 1913 2057 2002
f 1913 1769 1824
f 1913 2002 1858
f 1858 1769 1913
f 1824 1735 1879
f 1735 1790 1879
f 1879 1790 1934
f 1934 2023 1879
f 2201 2057 2112
f 2256 2201 2112
f 2756 2612 2667
f 2578 2722 2667
f 2468 2612 2557
f 2557 2413 2468
f 2413 2324 2468
f 3044 2900 2955
f 3099 3044 2955
f 2345 2201 2256
f 2345 2290 2201
f 2345 2434 2290
f 2654 2709 2798
f 2798 2743 2654
f 2599 2743 2688
f 2688 2544 2599
f 2599 2544 2455
f 2654 2743 2599
f 2688 2743 2832
f 2976 2921 2832
f 2866 2921 3010
f 3099 2955 3010
f 3010 2955 2866
f 3010 3154 3099
f 3065 3154 3010
f 3010 2921 3065
f 1172 1117 1028
f 1028 1083 1172
f 939 1083 1028
f 1028 1117 973
f 973 939 1028
f 994 939 905
f 994 1083 939
f 1138 1083 994
f 905 960 994
f 609 698 643
f 685 630 596
f 685 651 740
f 596 651 685
f 740 774 685
f 685 774 719
f 719 630 685
f 1070 1159 1015
f 1159 1104 1015
f 1104 960 1015
f 1049 1193 1138
f 1049 1104 1193
f 1049 960 1104
f 1138 994 1049
f 1049 994 960
f 892 947 981
f 892 837 803
f 892 858 947
f 803 858 892
f 803 837 748
f 748 693 659
f 782 693 748
f 748 837 782
f 659 714 748
f 748 714 803
f 913 1002 947
f 947 858 913
f 913 968 1002
f 1544 1599 1688
f 1688 1633 1544
f 1777 1633 1688
f 1688 1599 1743
f 1688 1832 1777
f 1743 1832 1688
f 1455 1366 1510
f 1510 1599 1455
f 1455 1599 1544
f 1544 1400 1455
f 2469 2613 2558
f 2524 2613 2469
f 1948 1859 2003
f 1859 1914 2003
f 2003 1914 2058
f 1715 1626 1770
f 1715 1859 1804
f 1715 1770 1859
f 1715 1804 1660
f 1660 1571 1715
f 1571 1626 1715
f 1783 1927 1872
f 1783 1872 1728
f 1783 1694 1838
f 1838 1927 1783
f 1461 1372 1516
f 1694 1550 1605
f 1605 1516 1660
f 1605 1461 1516
f 1550 1461 1605
f 1660 1749 1605
f 1605 1749 1694
f 1639 1550 1694
f 1639 1783 1728
f 1694 1783 1639
f 1351 1296 1207
f 1207 1262 1351
f 2016 2071 2160
f 2160 2105 2016
f 2249 2105 2160
f 2304 2249 2160
f 2160 2215 2304
f 2071 2215 2160
f 1982 1927 1838
f 1982 2071 1927
f 1838 1893 1982
f 2126 2071 1982
f 1893 2037 1982
f 1982 2037 2126
f 2270 2126 2181
f 2126 2037 2181
f 3312 3223 3367
f 3024 2969 2880
f 3113 2969 3024
f 3278 3422 3367
f 3367 3223 3278
f 3278 3333 3422
f 3189 3333 3278
f 3244 3189 3100
f 3155 3244 3100
f 3100 3011 3155
f 2956 3011 3100
f 3100 3045 2956
f 3100 3189 3045
f 2799 2854 2943
f 2943 3087 3032
f 2998 3087 2943
f 2943 2854 2998
f 2477 2422 2333
f 2333 2388 2477
f 2244 2388 2333
f 2189 2244 2333
f 2278 2189 2333
f 2333 2422 2278
f 2778 2689 2833
f 2689 2744 2833
f 1778 1867 1723
f 1778 1634 1689
f 1778 1723 1634
f 1778 1689 1833
f 1833 1922 1778
f 1922 1867 1778
f 2401 2257 2312
f 2312 2456 2401
f 2223 2367 2312
f 2367 2456 2312
f 1990 2134 2079
f 2134 2223 2079
f 2079 1935 1990
f 2079 2024 1935
f 2113 2024 2168
f 2168 2257 2113
f 2024 2079 2168
f 2168 2312 2257
f 2223 2312 2168
f 2168 2079 2223
f 2346 2257 2401
f 2202 2257 2346
f 2346 2291 2202
f 2435 2291 2346
f 2723 2867 2812
f 2579 2634 2723
f 2778 2867 2723
f 2723 2634 2778
f 2723 2668 2579
f 2812 2668 2723
f 2401 2456 2545
f 2689 2634 2545
f 2600 2689 2545
f 2545 2456 2600
f 2265 2210 2121
f 2121 2176 2265
f 2032 2176 2121
f 1977 2032 2121
f 2121 2066 1977
f 2121 2210 2066
f 285 306 340
f 340 319 285
f 374 319 340
f 429 374 340
f 827 916 861
f 861 772 827
f 806 772 861
f 861 916 950
f 861 950 895
f 895 806 861
f 717 772 806
f 806 751 717
f 717 751 662
f 662 628 717
f 683 772 717
f 717 628 683
f 620 586 675
f 730 764 675
f 709 620 675
f 675 764 709
f 730 675 641
f 641 675 586
f 531 565 476
f 497 586 531
f 620 565 531
f 531 586 620
f 531 442 497
f 476 442 531
f 539 628 573
f 518 484 573
f 573 484 539
f 573 628 662
f 539 450 505
f 505 594 539
f 560 594 505
f 471 560 505
f 505 416 471
f 505 450 416
f 353 319 408
f 298 319 353
f 353 442 387
f 408 442 353
f 353 387 332
f 332 298 353
f 657 602 568
f 568 623 657
f 657 623 712
f 691 602 657
f 547 636 581
f 581 526 492
f 492 547 581
f 581 636 670
f 670 615 581
f 581 615 526
f 424 369 335
f 335 390 424
f 233 178 199
f 165 220 199
f 144 165 199
f 199 178 144
f 212 233 267
f 267 246 212
f 445 356 411
f 411 500 445
f 466 500 411
f 225 280 259
f 259 204 225
f 225 191 246
f 246 280 225
f 225 204 170
f 170 191 225
f 288 267 233
f 597 686 631
f 631 542 597
f 2055 1911 1966
f 2055 2199 2144
f 2110 2199 2055
f 2055 1966 2110
f 1822 1678 1733
f 1966 1911 1822
f 1733 1877 1822
f 1877 1966 1822
f 1445 1589 1534
f 1534 1390 1445
f 1301 1356 1445
f 1445 1390 1301
f 1555 1699 1644
f 1610 1699 1555
f 1322 1411 1267
f 1267 1178 1322
f 1322 1178 1233
f 2516 2660 2605
f 1665 1576 1720
f 1720 1809 1665
f 1665 1809 1754
f 1665 1754 1610
f 1610 1521 1665
f 1521 1576 1665
f 1042 1186 1131
f 1220 1076 1131
f 1097 1186 1042
f 953 1008 1097
f 1097 1042 953
f 1008 1152 1097
f 1097 1152 1241
f 1241 1186 1097
f 1707 1796 1652
f 987 1076 932
f 932 898 987
f 1042 1131 987
f 987 1131 1076
f 953 1042 987
f 987 898 953
f 1343 1487 1432
f 1343 1398 1487
f 1432 1288 1343
f 1275 1364 1220
f 1220 1131 1275
f 1275 1131 1186
f 1419 1364 1275
f 1686 1542 1597
f 1508 1652 1597
f 1453 1508 1597
f 1597 1542 1453
f 2084 1940 1995
f 2084 1995 2139
f 2029 1940 2084
f 2084 2173 2029
f 2029 1974 1885
f 1885 1940 2029
f 1796 1940 1885
f 1885 1974 1830
f 2063 2118 2207
f 2296 2152 2207
f 2207 2152 2063
f 2207 2351 2296
f 2262 2351 2207
f 2207 2118 2262
f 1000 1089 945
f 691 657 746
f 746 657 712
f 780 691 746
f 877 822 788
f 843 932 877
f 877 788 843
f 699 733 644
f 644 589 555
f 678 623 589
f 589 644 678
f 678 644 733
f 678 733 767
f 767 712 678
f 712 623 678
f 516 482 571
f 550 461 516
f 516 571 605
f 605 550 516
f 702 668 757
f 757 812 846
f 846 791 757
f 757 791 702
f 812 757 723
f 723 757 668
f 1079 1168 1024
f 1168 1113 1024
f 1024 935 1079
f 681 736 770
f 736 825 770
f 770 715 681
f 770 825 859
f 872 906 817
f 783 728 694
f 838 872 783
f 817 728 783
f 783 872 817
f 694 660 749
f 749 783 694
f 838 783 749
f 660 715 749
f 344 310 399
f 289 310 344
f 399 433 344
f 255 310 289
f 255 200 221
f 255 221 276
f 276 310 255
f 234 289 268
f 179 200 234
f 234 255 289
f 200 255 234
f 268 213 234
f 234 213 179
f 132 187 166
f 166 200 145
f 166 187 221
f 221 200 166
f 145 111 166
f 166 111 132
f 182 161 127
f 127 161 106
f 79 45 66
f 66 100 79
f 79 113 92
f 79 100 113
f 357 446 391
f 391 336 357
f 336 302 357
f 223 244 278
f 278 257 223
f 312 257 278
f 278 244 299
f 456 422 511
f 545 456 511
f 566 600 511
f 511 600 545
f 498 587 532
f 443 354 409
f 409 498 443
f 498 532 443
f 286 307 341
f 286 341 320
f 320 265 286
f 286 265 231
f 129 163 108
f 129 108 95
f 150 184 129
f 184 163 129
f 95 116 129
f 129 116 150
f 1252 1307 1396
f 1396 1341 1252
f 1163 1307 1252
f 1252 1341 1197
f 1197 1108 1252
f 1252 1108 1163
f 1197 1341 1286
f 1375 1231 1286
f 1286 1430 1375
f 1286 1341 1430
f 1286 1142 1197
f 1231 1142 1286
f 1684 1540 1595
f 1595 1739 1684
f 1396 1540 1485
f 1485 1341 1396
f 1430 1341 1485
f 1629 1540 1684
f 1684 1773 1629
f 1629 1485 1540
f 1951 1807 1862
f 1862 2006 1951
f 1828 1883 1972
f 1828 1739 1883
f 1828 1773 1684
f 1684 1739 1828
f 1273 1328 1417
f 1417 1362 1273
f 1506 1362 1417
f 1417 1328 1472
f 1417 1561 1506
f 1472 1561 1417
f 1451 1540 1396
f 1396 1307 1451
f 1307 1362 1451
f 1451 1362 1506
f 1506 1595 1451
f 1451 1595 1540
f 642 731 676
f 676 587 642
f 731 765 676
f 676 765 710
f 2335 2424 2280
f 2280 2191 2335
f 2212 2068 2123
f 2123 2267 2212
f 2212 2267 2356
f 1806 1717 1861
f 1717 1772 1861
f 2060 2005 1916
f 1916 1971 2060
f 1827 1971 1916
f 1916 1772 1827
f 1916 1861 1772
f 2005 1861 1916
f 2704 2848 2793
f 2560 2615 2704
f 2704 2759 2848
f 2615 2759 2704
f 2704 2793 2649
f 2649 2560 2704
f 2670 2615 2526
f 2526 2581 2670
f 2437 2581 2526
f 2526 2382 2437
f 2471 2382 2526
f 2526 2615 2471
f 2958 2814 2869
f 2979 3034 3123
f 2979 2890 3034
f 2285 2141 2196
f 2429 2374 2285
f 2285 2374 2230
f 2230 2141 2285
f 2285 2340 2429
f 2285 2196 2340
f 2010 2154 2099
f 1955 2010 2099
f 2387 2476 2332
f 2332 2476 2421
f 2332 2421 2277
f 2277 2188 2332
f 1395 1340 1251
f 1251 1306 1395
f 1484 1340 1395
f 1395 1306 1450
f 1395 1539 1484
f 1450 1539 1395
f 1416 1272 1327
f 1361 1306 1217
f 1217 1272 1361
f 1450 1306 1361
f 1361 1272 1416
f 1416 1505 1361
f 1361 1505 1450
f 1204 1060 1115
f 1005 916 971
f 971 1060 1005
f 950 916 1005
f 1403 1314 1458
f 1458 1547 1403
f 1128 1039 1183
f 1183 1272 1128
f 1238 1327 1183
f 1183 1327 1272
f 1848 1793 1704
f 1704 1793 1649
f 1649 1793 1738
f 1738 1827 1683
f 1882 1827 1738
f 1738 1793 1882
f 1683 1594 1738
f 1594 1649 1738
f 1992 2136 2081
f 1848 1903 1992
f 2047 2136 1992
f 1992 1903 2047
f 1992 1937 1848
f 2081 1937 1992
f 1958 1903 1814
f 1670 1725 1814
f 1552 1497 1408
f 1408 1463 1552
f 1641 1497 1552
f 1552 1463 1607
f 1552 1696 1641
f 1607 1696 1552
f 819 764 730
f 730 785 819
f 853 764 819
f 819 908 853
f 5728 5872 5817
f 5673 5728 5817
f 6016 6105 5961
f 5961 5872 6016
f 5961 6105 6050
f 5961 5817 5872
f 6050 5906 5961
f 5906 5817 5961
f 4406 4317 4461
f 4694 4639 4550
f 4461 4605 4550
f 4550 4605 4694
f 4550 4406 4461
f 4783 4639 4694
f 4694 4838 4783
f 4927 5071 5016
f 4927 4783 4838
f 4927 4838 4982
f 4982 5071 4927
f 4927 5016 4872
f 4872 4783 4927
f 4241 4097 4152
f 4186 4097 4241
f 4364 4275 4419
f 5050 5105 5194
f 4338 4482 4427
f 4427 4283 4338
f 4393 4482 4338
f 4770 4715 4626
f 4681 4770 4626
f 4626 4715 4571
f 4571 4482 4626
f 4987 5131 5076
f 4843 4898 4987
f 4987 4898 5042
f 5042 5131 4987
f 4987 4932 4843
f 5076 4932 4987
f 5021 4932 5076
f 5076 5165 5021
f 5385 5440 5529
f 5529 5474 5385
f 5207 5262 5351
f 5351 5296 5207
f 5440 5296 5351
f 5563 5508 5419
f 5419 5474 5563
f 5419 5364 5275
f 5419 5508 5364
f 5885 5974 5830
f 5885 5940 6029
f 6029 5974 5885
f 5673 5817 5762
f 5762 5817 5906
f 4589 4644 4733
f 4589 4500 4644
f 4733 4678 4589
f 4445 4500 4589
f 4589 4534 4445
f 4589 4678 4534
f 4618 4673 4762
f 4021 3966 3877
f 4021 4110 3966
f 4521 4576 4665
f 4665 4610 4521
f 4665 4754 4610
f 4665 4576 4720
f 4487 4432 4343
f 4487 4576 4432
f 4487 4343 4398
f 4398 4542 4487
f 3733 3678 3589
f 3733 3822 3678
f 3733 3589 3644
f 3877 3822 3733
f 3733 3788 3877
f 3644 3788 3733
f 3898 3843 3754
f 3665 3809 3754
f 3809 3898 3754
f 3754 3610 3665
f 3699 3610 3754
f 3754 3843 3699
f 2330 2474 2419
f 2186 2241 2330
f 2330 2275 2186
f 2419 2275 2330
f 2385 2241 2296
f 2296 2440 2385
f 2385 2330 2241
f 2474 2330 2385
f 2414 2359 2270
f 2414 2503 2359
f 2558 2503 2414
f 2414 2469 2558
f 2715 2660 2571
f 2482 2626 2571
f 2571 2626 2715
f 2427 2482 2571
f 2571 2516 2427
f 2660 2516 2571
f 4443 4498 4587
f 4587 4498 4642
f 3909 3998 3854
f 3854 3998 3943
f 3503 3592 3448
f 3414 3558 3503
f 3270 3126 3181
f 3181 3325 3270
f 3270 3325 3414
f 3270 3215 3126
f 3935 3880 3791
f 2893 2838 2749
f 2893 2982 2838
f 3236 3291 3380
f 3236 3147 3291
f 3380 3325 3236
f 3236 3325 3181
f 3202 3147 3058
f 3058 3113 3202
f 3058 2969 3113
f 2914 2969 3058
f 3058 3003 2914
f 3058 3147 3003
f 3990 4045 4134
f 3990 3901 4045
f 3613 3668 3757
f 3613 3524 3668
f 3613 3757 3702
f 3702 3558 3613
f 3435 3291 3346
f 3579 3524 3435
f 3380 3291 3435
f 3435 3524 3380
f 3435 3490 3579
f 3346 3490 3435
f 4155 4210 4299
f 4443 4388 4299
f 4299 4354 4443
f 4299 4210 4354
f 4244 4388 4333
f 4100 4155 4244
f 4155 4299 4244
f 4244 4299 4388
f 4333 4189 4244
f 4244 4189 4100
f 4367 4511 4456
f 4223 4278 4367
f 4367 4312 4223
f 4456 4312 4367
f 4566 4511 4422
f 4422 4477 4566
f 4333 4477 4422
f 4422 4278 4333
f 4422 4367 4278
f 4511 4367 4422
f 3367 3422 3511
f 3655 3600 3511
f 3422 3566 3511
f 3511 3566 3655
f 3744 3600 3655
f 3888 3833 3744
f 3744 3833 3689
f 3689 3600 3744
f 3668 3723 3812
f 3757 3668 3812
f 3812 3901 3757
f 3956 3901 3812
f 3812 3867 3956
f 3812 3723 3867
f 3922 3778 3833
f 4066 4011 3922
f 3867 3778 3922
f 3922 4011 3867
f 3922 3977 4066
f 3833 3977 3922
f 3697 3786 3642
f 3642 3553 3697
f 3697 3553 3608
f 3841 3786 3697
f 3697 3752 3841
f 3608 3752 3697
f 3608 3553 3464
f 3320 3375 3464
f 3464 3409 3320
f 3464 3553 3409
f 4231 4375 4320
f 4087 4142 4231
f 4142 4286 4231
f 4286 4375 4231
f 4176 4087 4231
f 4231 4320 4176
f 4545 4689 4634
f 4401 4456 4545
f 4545 4456 4600
f 4600 4689 4545
f 4545 4490 4401
f 4634 4490 4545
f 4202 4113 4257
f 4257 4346 4202
f 4202 4346 4291
f 4668 4579 4723
f 5257 5312 5401
f 5401 5490 5346
f 5346 5257 5401
f 5511 5600 5456
f 5456 5401 5312
f 5223 5079 5134
f 5079 4990 5134
f 6210 6155 6066
f 5922 5977 6066
f 6066 6011 5922
f 6155 6011 6066
f 6210 6066 6121
f 6121 6066 5977
f 5278 5189 5333
f 5223 5134 5278
f 5278 5134 5189
f 5333 5477 5422
f 5422 5278 5333
f 5566 5710 5655
f 5566 5422 5477
f 5621 5710 5566
f 5566 5477 5621
f 5566 5655 5511
f 5511 5422 5566
f 5210 5066 5121
f 5498 5354 5409
f 5553 5498 5409
f 5409 5320 5464
f 5464 5553 5409
f 4867 4922 5011
f 5100 4956 5011
f 5011 4956 4867
f 5011 4922 5066
f 5286 5375 5231
f 5231 5142 5286
f 5231 5375 5320
f 5087 5142 5231
f 5231 5176 5087
f 5320 5176 5231
f 4943 4998 5087
f 4854 4998 4943
f 5121 5066 4977
f 4833 4888 4977
f 4977 4922 4833
f 5066 4922 4977
f 4655 4710 4799
f 4799 4744 4655
f 4799 4888 4744
f 4799 4943 4888
f 4799 4710 4854
f 4854 4943 4799
f 4477 4388 4532
f 4532 4621 4477
f 4532 4388 4443
f 4676 4621 4532
f 4443 4587 4532
f 4532 4587 4676
f 4854 4710 4765
f 4710 4621 4765
f 4765 4621 4676
f 4909 4854 4765
f 4820 4909 4765
f 4765 4676 4820
f 3194 3338 3283
f 3283 3139 3194
f 3228 3139 3283
f 3283 3372 3228
f 2673 2817 2762
f 2817 2906 2762
f 2762 2618 2673
f 2707 2618 2762
f 3084 3173 3029
f 3029 2940 3084
f 3084 2940 2995
f 3228 3173 3084
f 3084 3139 3228
f 3084 2995 3139
f 3427 3571 3516
f 3427 3283 3338
f 3427 3338 3482
f 3482 3571 3427
f 3516 3372 3427
f 3372 3283 3427
f 3516 3571 3660
f 3660 3605 3516
f 3749 3605 3660
f 3804 3749 3660
f 3660 3715 3804
f 3660 3571 3715
f 3736 3681 3592
f 3736 3791 3880
f 3016 2961 2872
f 3016 3105 2961
f 2872 2927 3016
f 3160 3105 3016
f 3071 3160 3016
f 3016 2927 3071
f 4071 3927 3982
f 3927 3838 3982
f 3982 4126 4071
f 4037 4126 3982
f 4016 4160 4105
f 4016 3872 3927
f 4016 3927 4071
f 4071 4160 4016
f 4139 4283 4228
f 4139 3995 4050
f 4084 3995 4139
f 4139 4228 4084
f 4228 4283 4372
f 4461 4317 4372
f 4317 4228 4372
f 4372 4516 4461
f 4372 4427 4516
f 4372 4283 4427
f 3817 3872 3961
f 4050 3906 3961
f 3906 3817 3961
f 3961 4105 4050
f 3961 4016 4105
f 3872 4016 3961
f 4592 4736 4681
f 4592 4448 4503
f 4791 4736 4647
f 4647 4592 4503
f 4736 4592 4647
f 4613 4668 4757
f 4304 4448 4393
f 4325 4270 4181
f 4325 4380 4469
f 4503 4448 4359
f 4448 4304 4359
f 1835 1691 1746
f 1746 1657 1801
f 1602 1657 1746
f 1746 1691 1602
f 2691 2636 2547
f 2547 2602 2691
f 2513 2602 2458
f 2458 2369 2513
f 2513 2369 2424
f 2657 2602 2513
f 2568 2657 2513
f 2513 2424 2568
f 1780 1725 1636
f 1636 1691 1780
f 1780 1691 1835
f 1835 1924 1780
f 2034 1979 1890
f 1801 1945 1890
f 1890 1945 2034
f 1890 1746 1801
f 1890 1979 1835
f 1835 1746 1890
f 924 958 869
f 1013 958 924
f 1657 1513 1568
f 1568 1479 1623
f 1568 1424 1479
f 1568 1513 1424
f 1623 1712 1568
f 1568 1712 1657
f 2508 2364 2419
f 2652 2597 2508
f 2597 2453 2508
f 2453 2364 2508
f 2508 2563 2652
f 2419 2563 2508
f 5175 5264 5120
f 5175 5086 5230
f 5167 5311 5256
f 5167 5023 5078
f 5078 5222 5167
f 5167 5222 5311
f 5091 5002 5146
f 5256 5201 5112
f 5112 5167 5256
f 5023 5167 5112
f 4968 5023 5112
f 5434 5523 5379
f 5256 5311 5400
f 5400 5311 5455
f 5366 5222 5277
f 5154 5099 5010
f 5010 5065 5154
f 4921 5065 5010
f 4696 4641 4552
f 4696 4785 4641
f 4696 4552 4607
f 4840 4785 4696
f 4607 4751 4696
f 4696 4751 4840
f 4929 5073 5018
f 4929 4785 4840
f 5018 4874 4929
f 4874 4785 4929
f 5018 5073 5162
f 5251 5107 5162
f 5162 5107 5018
f 5162 5306 5251
f 5162 5073 5217
f 5217 5306 5162
f 5128 5073 4984
f 4984 4840 4895
f 4984 4929 4840
f 5073 4929 4984
f 3434 3290 3345
f 3489 3578 3434
f 3434 3345 3489
f 3235 3290 3379
f 3468 3324 3379
f 3379 3324 3235
f 3290 3434 3379
f 3023 2968 2879
f 2879 2934 3023
f 2879 2790 2934
f 2735 2790 2879
f 2879 2824 2735
f 2879 2968 2824
f 3413 3557 3502
f 3269 3324 3413
f 3468 3557 3413
f 3413 3324 3468
f 3413 3358 3269
f 3502 3358 3413
f 4039 3895 3950
f 4183 4128 4039
f 4039 4094 4183
f 3950 4094 4039
f 3950 3895 3806
f 3861 3950 3806
f 3806 3717 3861
f 3806 3895 3751
f 3984 4039 4128
f 3895 4039 3984
f 3230 3374 3319
f 3086 3141 3230
f 3230 3141 3285
f 3285 3374 3230
f 3230 3175 3086
f 3319 3175 3230
f 4539 4395 4450
f 4539 4683 4628
f 4539 4450 4594
f 4594 4683 4539
f 2384 2329 2240
f 2240 2151 2295
f 2295 2384 2240
f 2240 2096 2151
f 2185 2096 2240
f 2240 2329 2185
f 2371 2316 2227
f 2282 2371 2227
f 2227 2138 2282
f 2083 2138 2227
f 2227 2172 2083
f 2316 2172 2227
f 3146 3235 3091
f 3091 3235 3180
f 3180 3036 3091
f 3036 2947 3091
f 3002 3091 2947
f 3146 3091 3002
f 2913 3057 3002
f 3002 3057 3146
f 2858 2803 2714
f 2858 2947 2803
f 2858 2714 2769
f 2858 3002 2947
f 2858 2769 2913
f 2913 3002 2858
f 2159 2104 2015
f 1926 2070 2015
f 2015 2070 2159
f 2015 1871 1926
f 1960 1871 2015
f 2015 2104 1960
f 2604 2549 2460
f 2604 2693 2549
f 2460 2515 2604
f 2748 2693 2604
f 2515 2659 2604
f 2659 2748 2604
f 3858 3913 4002
f 4002 4146 4091
f 4057 4146 4002
f 4002 3913 4057
f 3570 3625 3714
f 3714 3659 3570
f 3803 3659 3714
f 3858 3803 3714
f 3714 3769 3858
f 3714 3625 3769
f 3096 3185 3041
f 3041 2952 3096
f 3185 3130 3041
f 3041 2897 2952
f 3041 3130 2986
f 2986 2897 3041
f 3164 3075 3219
f 3219 3308 3164
f 2876 2821 2732
f 2876 2965 2821
f 2732 2787 2876
f 2787 2931 2876
f 3541 3685 3630
f 3397 3452 3541
f 3541 3486 3397
f 3630 3486 3541
f 3630 3685 3774
f 3774 3719 3630
f 3863 3719 3774
f 3452 3507 3596
f 3596 3541 3452
f 3685 3541 3596
f 3740 3685 3596
f 3562 3507 3418
f 3329 3473 3418
f 3418 3473 3562
f 3363 3507 3452
f 3363 3308 3219
f 3452 3308 3363
f 3363 3418 3507
f 4104 4015 4159
f 4159 4248 4104
f 4159 4015 4070
f 4303 4248 4159
f 4070 4214 4159
f 4159 4214 4303
f 4659 4748 4604
f 4604 4748 4693
f 4693 4549 4604
f 4604 4549 4460
f 4282 4426 4371
f 4227 4282 4371
f 4371 4316 4227
f 4460 4316 4371
f 3664 3719 3808
f 3808 3753 3664
f 3808 3897 3753
f 3808 3719 3863
f 3651 3795 3740
f 3651 3507 3562
f 3740 3596 3651
f 3651 3596 3507
f 3884 3939 4028
f 3884 3795 3939
f 4028 3973 3884
f 3740 3795 3884
f 3562 3617 3706
f 3706 3651 3562
f 3795 3651 3706
f 3706 3617 3761
f 5439 5583 5528
f 5528 5384 5439
f 4926 4837 4981
f 4981 5070 4926
f 5392 5481 5337
f 5337 5248 5392
f 5481 5426 5337
f 5337 5193 5248
f 5049 4994 4905
f 4816 4960 4905
f 4905 4960 5049
f 4761 4816 4905
f 4905 4850 4761
f 4905 4994 4850
f 5138 4994 5049
f 5049 5193 5138
f 5227 5172 5083
f 5083 5138 5227
f 4994 5138 5083
f 4939 4994 5083
f 5083 5028 4939
f 5172 5028 5083
f 5282 5426 5371
f 5282 5138 5193
f 5193 5337 5282
f 5282 5337 5426
f 5282 5371 5227
f 5227 5138 5282
f 5659 5604 5515
f 5570 5659 5515
f 5515 5426 5570
f 5371 5426 5515
f 5515 5460 5371
f 5515 5604 5460
f 4405 4494 4350
f 4350 4494 4439
f 4439 4295 4350
f 4350 4295 4206
f 5153 5064 5208
f 5208 5297 5153
f 5009 5064 5153
f 5153 5098 5009
f 5530 5475 5386
f 5386 5441 5530
f 5386 5297 5441
f 5386 5475 5331
f 6127 6072 5983
f 5839 5894 5983
f 5983 5928 5839
f 6072 5928 5983
f 5894 5949 6038
f 6127 5983 6038
f 6038 5983 5894
f 6182 6127 6038
f 6038 6093 6182
f 6038 5949 6093
f 5661 5716 5805
f 5661 5572 5716
f 5805 5750 5661
f 5517 5572 5661
f 5661 5750 5606
f 5606 5517 5661
f 7017 7072 7106
f 5975 6030 6119
f 5818 5873 5962
f 5962 5907 5818
f 5873 5928 6017
f 6017 5962 5873
f 6106 5962 6017
f 6161 6106 6017
f 6017 6072 6161
f 6017 5928 6072
f 4404 4459 4548
f 4637 4493 4548
f 4548 4493 4404
f 4548 4459 4603
f 4514 4459 4370
f 4370 4281 4425
f 4425 4514 4370
f 4226 4281 4370
f 4370 4315 4226
f 4370 4459 4315
f 2718 2773 2862
f 2862 2807 2718
f 2951 2807 2862
f 3006 2951 2862
f 2862 2917 3006
f 2862 2773 2917
f 2896 2841 2752
f 2752 2807 2896
f 2663 2807 2752
f 2752 2841 2697
f 2574 2629 2718
f 2718 2663 2574
f 3205 3150 3061
f 3061 3116 3205
f 2972 3116 3061
f 2917 2972 3061
f 3006 2917 3061
f 3061 3150 3006
f 3810 3666 3721
f 3810 3899 3755
f 3755 3666 3810
f 3865 3810 3721
f 3200 3255 3344
f 3344 3289 3200
f 3200 3289 3145
f 3721 3666 3577
f 3433 3488 3577
f 3721 3577 3632
f 3632 3577 3488
f 4441 4386 4297
f 4297 4352 4441
f 4208 4352 4297
f 4297 4386 4242
f 3226 3370 3315
f 3315 3171 3226
f 3226 3171 3082
f 3116 3171 3260
f 3205 3116 3260
f 3260 3349 3205
f 3404 3349 3260
f 3315 3404 3260
f 3260 3171 3315
f 3789 3645 3700
f 3789 3933 3878
f 3878 3734 3789
f 3734 3645 3789
f 3789 3844 3933
f 3700 3844 3789
f 3433 3577 3522
f 3522 3577 3666
f 3378 3323 3234
f 3378 3467 3323
f 3234 3289 3378
f 3378 3522 3467
f 3378 3289 3433
f 3433 3522 3378
f 3700 3556 3611
f 3556 3467 3611
f 3467 3522 3611
f 3755 3700 3611
f 3611 3666 3755
f 3611 3522 3666
f 2692 2836 2781
f 2870 2726 2781
f 2980 2836 2891
f 2891 3035 2980
f 2802 2946 2891
f 2946 3035 2891
f 3069 3213 3158
f 3158 3213 3302
f 3391 3247 3302
f 3302 3247 3158
f 3302 3446 3391
f 2980 3035 3124
f 3124 3069 2980
f 3213 3069 3124
f 3501 3446 3357
f 3357 3412 3501
f 3446 3302 3357
f 3357 3302 3213
f 5687 5598 5742
f 5742 5831 5687
f 5598 5653 5742
f 5776 5920 5865
f 5865 5721 5776
f 5954 5810 5865
f 5810 5721 5865
f 6064 5920 5975
f 5975 6119 6064
f 5255 5310 5399
f 5255 5166 5310
f 5399 5344 5255
f 5255 5344 5200
f 4501 4645 4590
f 4645 4734 4590
f 4590 4446 4501
f 4535 4446 4590
f 4823 4734 4878
f 4878 4967 4823
f 4959 4815 4870
f 4815 4726 4870
f 5302 5446 5391
f 5226 5082 5137
f 5171 5082 5226
f 5226 5315 5171
f 5048 4904 4959
f 5048 5192 5137
f 5137 5082 4993
f 4993 5048 5137
f 4904 5048 4993
f 4849 4904 4993
f 4938 4849 4993
f 4993 5082 4938
f 5980 5925 5836
f 5925 5781 5836
f 5404 5315 5459
f 4124 4069 3980
f 3891 4035 3980
f 4035 4124 3980
f 3980 3836 3891
f 3925 3836 3980
f 3980 4069 3925
f 5090 5234 5179
f 5124 5179 5268
f 4603 4747 4692
f 4692 4548 4603
f 4637 4548 4692
f 1294 1383 1239
f 1239 1150 1294
f 1294 1150 1205
f 1205 1349 1294
f 1294 1349 1438
f 1438 1383 1294
f 1315 1459 1404
f 1260 1315 1404
f 1404 1349 1260
f 1370 1281 1425
f 1425 1281 1336
f 1391 1446 1535
f 1535 1446 1590
f 1590 1679 1535
f 1768 1857 1713
f 1857 1802 1713
f 1658 1747 1603
f 1569 1713 1658
f 1802 1747 1658
f 1658 1713 1802
f 1616 1561 1472
f 1705 1561 1616
f 1616 1760 1705
f 1671 1760 1616
f 1650 1561 1705
f 1739 1595 1650
f 1506 1561 1650
f 1650 1595 1506
f 2535 2624 2480
f 2480 2391 2535
f 2480 2624 2569
f 2336 2391 2480
f 2247 2391 2336
f 2103 2158 2247
f 2247 2158 2302
f 2302 2391 2247
f 1794 1938 1883
f 1883 1739 1794
f 1794 1650 1705
f 1739 1650 1794
f 2027 1938 2082
f 1883 1938 2027
f 1972 1883 2027
f 2027 2116 1972
f 2124 2069 1980
f 1891 2035 1980
f 1980 2035 2124
f 1980 1836 1891
f 1870 1781 1925
f 1925 1781 1836
f 1836 1980 1925
f 1925 1980 2069
f 2446 2590 2535
f 2302 2357 2446
f 2535 2391 2446
f 2446 2391 2302
f 2501 2357 2412
f 2501 2645 2590
f 2590 2446 2501
f 2501 2446 2357
f 2501 2412 2556
f 2556 2645 2501
f 2624 2679 2768
f 2857 2713 2768
f 2713 2624 2768
f 2768 2912 2857
f 2768 2679 2823
f 2823 2912 2768
f 3056 2912 2967
f 3056 3200 3145
f 3145 3001 3056
f 3001 2912 3056
f 3035 3090 3179
f 3179 3124 3035
f 3234 3323 3179
f 3179 3090 3234
f 2349 2493 2438
f 2438 2294 2349
f 2349 2294 2205
f 2637 2493 2548
f 2637 2781 2726
f 2637 2726 2582
f 2582 2493 2637
f 2637 2548 2692
f 2692 2781 2637
f 1951 2095 2040
f 2040 1896 1951
f 2129 1985 2040
f 2040 1985 1896
f 2184 2095 2239
f 2184 2040 2095
f 2184 2273 2129
f 2129 2040 2184
f 2129 2273 2218
f 2218 2074 2129
f 2163 2074 2218
f 2218 2307 2163
f 2938 3027 2883
f 2883 3027 2972
f 2883 2972 2828
f 2828 2739 2883
f 2561 2705 2650
f 2650 2739 2595
f 2472 2616 2561
f 2561 2417 2472
f 2472 2383 2527
f 2527 2616 2472
f 2815 2671 2726
f 2815 2959 2904
f 2815 2904 2760
f 2760 2671 2815
f 2815 2726 2870
f 2870 2959 2815
f 5695 5551 5606
f 5839 5784 5695
f 5784 5640 5695
f 5640 5551 5695
f 5695 5750 5839
f 5606 5750 5695
f 5284 5339 5428
f 5284 5195 5339
f 5428 5373 5284
f 5140 5195 5284
f 5373 5229 5284
f 5229 5140 5284
f 4640 4585 4496
f 4407 4551 4496
f 4551 4640 4496
f 4496 4352 4407
f 4496 4585 4441
f 4441 4352 4496
f 5140 5085 4996
f 4907 5051 4996
f 4996 5051 5140
f 4996 5085 4941
f 4852 4708 4763
f 4852 4996 4941
f 4941 4797 4852
f 4852 4797 4708
f 4852 4763 4907
f 4907 4996 4852
f 4687 4831 4776
f 4687 4632 4543
f 4776 4632 4687
f 4742 4831 4687
f 5174 5030 5085
f 5174 5318 5263
f 5263 5119 5174
f 5119 5030 5174
f 5229 5318 5174
f 5174 5085 5229
f 4742 4797 4886
f 4975 4831 4886
f 4886 4831 4742
f 4886 5030 4975
f 4941 5030 4886
f 4886 4797 4941
f 4140 3996 4051
f 4051 4195 4140
f 4229 4318 4174
f 3674 3585 3729
f 3674 3763 3619
f 3619 3708 3564
f 4860 4949 4805
f 4805 4716 4860
f 4949 4894 4805
f 4661 4716 4805
f 4572 4716 4661
f 4572 4661 4517
f 4517 4428 4572
f 4627 4716 4572
f 4750 4894 4839
f 4750 4606 4661
f 4661 4805 4750
f 4750 4805 4894
f 4839 4695 4750
f 4695 4606 4750
f 2323 2467 2412
f 2323 2268 2179
f 2412 2268 2323
f 1823 1912 1768
f 1768 1679 1823
f 1679 1734 1823
f 3166 3221 3310
f 3399 3255 3310
f 3310 3255 3166
f 3310 3454 3399
f 3132 2988 3043
f 3242 3386 3331
f 2810 2721 2865
f 2865 2954 2810
f 2865 2721 2776
f 3386 3242 3297
f 6921 6777 6832
f 6921 6866 6777
f 6777 6866 6722
f 6722 6633 6777
f 6578 6633 6722
f 6997 6853 6908
f 6908 6819 6963
f 6963 7052 6908
f 7052 6997 6908
f 6853 6709 6764
f 6819 6908 6764
f 6764 6908 6853
f 6764 6709 6620
f 6400 6544 6489
f 6489 6345 6400
f 6400 6345 6256
f 7353 7298 7264
f 7340 7374 7285
f 6963 6874 7018
f 6874 6929 7018
f 7018 7052 6963
f 7285 7230 7196
f 7196 7230 7141
f 7073 6929 6984
f 7073 7018 6929
f 7251 7196 7162
f 7251 7340 7285
f 7285 7196 7251
f 7348 7382 7293
f 7026 7060 6971
f 7026 6992 7081
f 6937 6992 7026
f 7026 6971 6882
f 6882 6937 7026
f 7623 7678 7657
f 7657 7678 7712
f 7568 7623 7657
f 6798 6942 6887
f 6887 6743 6798
f 6832 6743 6887
f 7387 7332 7298
f 7387 7353 7442
f 7298 7353 7387
f 7387 7421 7332
f 7154 7099 7065
f 7065 7120 7154
f 7154 7120 7209
f 7154 7209 7243
f 7243 7188 7154
f 7188 7099 7154
f 7065 7099 7010
f 7010 6921 7065
f 7010 7044 6955
f 7099 7044 7010
f 6955 6866 7010
f 6866 6921 7010
f 6968 7057 6913
f 6824 6879 6968
f 6968 6913 6824
f 7290 7256 7345
f 7379 7290 7345
f 7345 7434 7379
f 7112 7167 7201
f 7078 7167 7112
f 6756 6612 6667
f 6578 6722 6667
f 6667 6523 6578
f 6667 6612 6523
f 6329 6240 6384
f 6384 6473 6329
f 6329 6473 6418
f 6185 6240 6329
f 5931 5986 6075
f 6075 6164 6020
f 6020 5931 6075
f 5842 5986 5931
f 5842 5698 5753
f 5842 5787 5698
f 5931 5787 5842
f 6151 6240 6096
f 6096 6240 6185
f 5863 5774 5918
f 5719 5774 5863
f 6041 6096 6185
f 5952 6096 6041
f 5897 5842 5753
f 5986 5842 5897
f 5897 6041 5986
f 5952 6041 5897
f 5761 5905 5850
f 5850 5706 5761
f 6138 6083 5994
f 5994 6049 6138
f 5905 6049 5994
f 5994 5850 5905
f 5994 6083 5939
f 5939 5850 5994
f 6172 6227 6316
f 6172 6083 6227
f 5918 5973 6062
f 6062 6206 6151
f 5829 5973 5918
f 5918 5774 5829
f 5774 5685 5829
f 5363 5418 5507
f 5507 5452 5363
f 5596 5452 5507
f 6303 6214 6358
f 6358 6447 6303
f 6303 6447 6392
f 6303 6392 6248
f 6159 6015 6070
f 6070 6214 6159
f 6159 6303 6248
f 6214 6303 6159
f 6248 6193 6104
f 6104 6159 6248
f 6015 6159 6104
f 5960 6015 6104
f 6104 6049 5960
f 6193 6049 6104
f 5866 6010 5955
f 5866 5722 5777
f 5866 5777 5921
f 5921 6010 5866
f 6243 6332 6188
f 6099 6154 6243
f 6243 6188 6099
f 6243 6154 6298
f 5955 5900 5811
f 5811 5866 5955
f 5722 5866 5811
f 5667 5722 5811
f 5845 5790 5701
f 5557 5612 5701
f 5701 5646 5557
f 5790 5646 5701
f 5756 5612 5667
f 5756 5900 5845
f 5845 5701 5756
f 5756 5701 5612
f 5667 5811 5756
f 5756 5811 5900
f 5235 5180 5091
f 5091 5146 5235
f 5269 5180 5324
f 5324 5413 5269
f 5180 5235 5324
f 5324 5235 5379
f 5549 5638 5494
f 5494 5405 5549
f 5638 5583 5494
f 5350 5405 5494
f 5494 5439 5350
f 5583 5439 5494
f 5418 5473 5562
f 5562 5507 5418
f 5617 5706 5562
f 5562 5473 5617
f 7712 7678 7733
f 7733 7767 7712
f 7733 7678 7699
f 7699 7754 7733
f 7780 7746 7801
f 7746 7767 7801
f 7801 7767 7822
f 7822 7856 7801
f 4868 4813 4724
f 4724 4779 4868
f 4724 4635 4779
f 4724 4580 4635
f 4724 4813 4669
f 4669 4580 4724
f 5334 5478 5423
f 5190 5245 5334
f 5389 5478 5334
f 5334 5245 5389
f 5423 5279 5334
f 5334 5279 5190
f 5567 5622 5711
f 5711 5855 5800
f 5766 5855 5711
f 5711 5622 5766
f 4792 4936 4881
f 4881 4737 4792
f 4792 4737 4648
f 4313 4402 4258
f 4258 4402 4347
f 4347 4203 4258
f 4203 4114 4258
f 5093 5004 5148
f 4949 5004 5093
f 5038 4894 4949
f 4949 5093 5038
f 5038 5093 5182
f 4983 4894 5038
f 5627 5572 5483
f 5716 5572 5627
f 5805 5716 5860
f 5860 5949 5805
f 6444 6499 6588
f 6588 6533 6444
f 6177 6232 6321
f 6321 6266 6177
f 6088 6232 6177
f 5800 5855 5944
f 5944 5999 6088
f 5944 5855 5999
f 5457 5313 5368
f 5457 5601 5546
f 5368 5313 5224
f 5135 5279 5224
f 5224 5279 5368
f 5224 5080 5135
f 5169 5080 5224
f 5224 5313 5169
f 5512 5368 5423
f 5423 5567 5512
f 5512 5457 5368
f 5601 5457 5512
f 5114 5258 5203
f 5203 5059 5114
f 5148 5059 5203
f 5203 5292 5148
f 5402 5258 5313
f 5402 5457 5546
f 5313 5457 5402
f 6580 6724 6669
f 6525 6580 6669
f 6669 6813 6758
f 6669 6724 6813
f 6695 6551 6606
f 6606 6750 6695
f 6839 6784 6695
f 6695 6750 6839
f 6470 6381 6525
f 6182 6237 6326
f 6326 6237 6381
f 6381 6470 6326
f 6360 6504 6449
f 6593 6504 6648
f 6737 6593 6648
f 6648 6792 6737
f 6703 6792 6648
f 6211 6156 6067
f 6148 6237 6093
f 6148 6292 6237
f 6546 6690 6635
f 6546 6601 6690
f 6423 6334 6478
f 6423 6567 6512
f 6423 6478 6567
f 6580 6436 6491
f 6402 6546 6491
f 6347 6402 6491
f 6491 6436 6347
f 6635 6580 6491
f 6491 6546 6635
f 6109 6253 6198
f 6054 6109 6198
f 6342 6287 6198
f 6198 6253 6342
f 6198 6143 6054
f 6198 6287 6143
f 7248 7337 7282
f 7282 7337 7371
f 7371 7316 7282
f 7282 7316 7227
f 7117 7028 7083
f 7083 7172 7117
f 7083 7138 7172
f 6960 6816 6871
f 6769 6680 6824
f 6824 6913 6769
f 6913 6858 6769
f 6769 6625 6680
f 6939 6795 6850
f 6850 6795 6706
f 6706 6761 6850
f 6871 6816 6727
f 6405 6549 6494
f 6439 6350 6494
f 6494 6350 6405
f 6494 6549 6638
f 6604 6460 6515
f 6604 6549 6460
f 6837 6981 6926
f 6926 6981 7070
f 6507 6596 6452
f 6596 6541 6452
f 6452 6363 6507
f 6452 6541 6397
f 6397 6308 6452
f 6308 6363 6452
f 7067 6923 6978
f 6978 7033 7067
f 6978 6923 6834
f 6855 6944 6800
f 6711 6855 6800
f 6800 6656 6711
f 6745 6656 6800
f 7761 7795 7740
f 7740 7706 7761
f 7740 7795 7774
f 7774 7719 7740
f 7303 7358 7392
f 7303 7337 7248
f 7392 7337 7303
f 7269 7358 7303
f 6947 7036 6892
f 6892 6803 6947
f 6947 6803 6858
f 6947 6858 7002
f 7002 7036 6947
f 7146 7112 7201
f 7057 7112 7146
f 7235 7324 7269
f 7269 7180 7235
f 7290 7324 7235
f 7180 7146 7235
f 7201 7290 7235
f 7235 7146 7201
f 7125 7159 7070
f 7070 7036 7125
f 7041 7007 7096
f 6986 6897 7041
f 7096 7130 7041
f 7041 7075 6986
f 7130 7075 7041
f 6808 6719 6863
f 6664 6719 6808
f 7274 7240 7329
f 7329 7384 7418
f 7295 7384 7329
f 7329 7240 7295
f 7418 7363 7329
f 7329 7363 7274
f 7465 7554 7499
f 7465 7520 7554
f 7342 7253 7308
f 7308 7397 7342
f 7528 7617 7562
f 7562 7473 7528
f 7562 7507 7473
f 7562 7596 7507
f 7562 7617 7651
f 7651 7596 7562
f 1963 1874 2018
f 2018 2107 1963
f 1963 2107 2052
f 1819 1874 1963
f 2052 1908 1963
f 1963 1908 1819
f 2560 2505 2416
f 2471 2560 2416
f 2416 2505 2361
f 2361 2272 2416
f 2086 1942 1997
f 2230 2175 2086
f 2086 2141 2230
f 1997 2141 2086
f 2031 2175 2120
f 1887 1942 2031
f 2031 2086 2175
f 1942 2086 2031
f 2120 1976 2031
f 1976 1887 2031
f 2853 2709 2764
f 2764 2908 2853
f 2908 2997 2853
f 2853 2798 2709
f 2586 2531 2442
f 2497 2586 2442
f 2442 2353 2497
f 2442 2298 2353
f 2387 2298 2442
f 2442 2531 2387
f 3594 3738 3683
f 3450 3505 3594
f 3649 3738 3594
f 3594 3505 3649
f 3539 3450 3594
f 3594 3683 3539
f 3149 3005 3060
f 3293 3238 3149
f 3149 3238 3094
f 3094 3005 3149
f 3149 3204 3293
f 3149 3060 3204
f 2662 2717 2806
f 2751 2662 2806
f 2806 2717 2861
f 2861 2950 2806
f 2916 2772 2827
f 2827 2971 2916
f 2882 2971 2827
f 2450 2306 2361
f 2450 2594 2539
f 2539 2395 2450
f 2395 2306 2450
f 2361 2505 2450
f 2505 2594 2450
f 5492 5636 5581
f 5581 5670 5526
f 5903 5759 5814
f 5814 5759 5670
f 5259 5314 5403
f 5492 5348 5403
f 5403 5348 5259
f 5403 5547 5492
f 5458 5547 5403
f 5403 5314 5458
f 5170 5314 5259
f 5225 5314 5170
f 5170 5081 5225
f 5115 5170 5259
f 4916 4772 4827
f 5183 5094 5238
f 5238 5327 5183
f 5013 4869 4924
f 4869 4780 4924
f 4924 5068 5013
f 4979 5068 4924
f 5246 5191 5102
f 5013 5157 5102
f 5102 5157 5246
f 5102 4958 5013
f 5102 5191 5047
f 5047 4958 5102
f 5610 5555 5466
f 5521 5610 5466
f 5466 5377 5521
f 5466 5555 5411
f 5178 5233 5322
f 5322 5267 5178
f 5411 5267 5322
f 5322 5466 5411
f 5322 5233 5377
f 5377 5466 5322
f 4835 4890 4979
f 4835 4746 4890
f 4979 4924 4835
f 4691 4746 4835
f 4835 4780 4691
f 4835 4924 4780
f 4890 4945 5034
f 5034 5123 4979
f 4979 4890 5034
f 5178 5123 5034
f 5034 5089 5178
f 5034 4945 5089
f 4712 4623 4767
f 4568 4623 4712
f 4712 4657 4568
f 5733 5678 5589
f 5589 5644 5733
f 5589 5500 5644
f 5445 5500 5589
f 5589 5534 5445
f 5589 5678 5534
f 6309 6220 6364
f 6309 6453 6398
f 6309 6364 6453
f 6398 6254 6309
f 6254 6165 6309
f 6165 6220 6309
f 5953 6097 6042
f 6042 5898 5953
f 5987 5898 6042
f 6042 6131 5987
f 6186 6097 6241
f 6186 6330 6275
f 6241 6330 6186
f 6186 6042 6097
f 6275 6131 6186
f 6131 6042 6186
f 6207 6262 6351
f 6351 6296 6207
f 6118 6262 6207
f 6207 6063 6118
f 6207 6152 6063
f 6296 6152 6207
f 6474 6618 6563
f 6563 6419 6474
f 6474 6330 6385
f 6419 6330 6474
f 6961 6872 7016
f 7016 7050 6961
f 7050 6906 6961
f 6817 6872 6961
f 6961 6906 6817
f 7084 7050 7139
f 7194 7228 7139
f 7139 7105 7194
f 7139 7050 7105
f 7139 7228 7173
f 7173 7084 7139
f 7249 7160 7215
f 7202 7257 7291
f 6927 6872 6783
f 7016 6872 6927
f 7071 6982 7037
f 7071 7105 7016
f 7160 7105 7071
f 7016 6927 7071
f 7071 6927 6982
f 6885 7029 6974
f 6974 7029 7063
f 7063 6919 6974
f 6974 6830 6885
f 6919 6830 6974
f 6652 6508 6563
f 6652 6597 6508
f 6563 6707 6652
f 7398 7453 7487
f 7330 7419 7364
f 7364 7419 7453
f 7453 7398 7364
f 7364 7398 7309
f 6767 6911 6856
f 6945 6801 6856
f 6856 7000 6945
f 6856 6911 7000
f 6712 6767 6856
f 6856 6801 6712
f 7076 6932 6987
f 6987 7042 7076
f 6987 6898 7042
f 6987 6932 6843
f 6843 6898 6987
f 6576 6720 6665
f 6665 6754 6610
f 6665 6720 6809
f 6809 6754 6665
f 6665 6610 6521
f 6521 6576 6665
f 7152 7097 7063
f 7063 7118 7152
f 7152 7118 7207
f 7330 7364 7275
f 7275 7309 7220
f 7275 7364 7309
f 6699 6788 6644
f 6644 6555 6699
f 6500 6555 6644
f 6411 6555 6500
f 6411 6500 6356
f 6411 6267 6322
f 6356 6267 6411
f 6534 6678 6623
f 6623 6479 6534
f 6390 6445 6534
f 6534 6479 6390
f 7390 7479 7424
f 7424 7335 7390
f 7555 7589 7500
f 7589 7534 7500
f 7500 7466 7555
f 7411 7466 7500
f 6204 6259 6348
f 6348 6293 6204
f 6437 6293 6348
f 6348 6259 6403
f 6403 6492 6348
f 6348 6492 6437
f 6327 6238 6382
f 6238 6293 6382
f 6382 6471 6327
f 6382 6293 6437
f 6437 6526 6382
f 6382 6526 6471
f 6306 6450 6395
f 6361 6450 6306
f 6395 6484 6340
f 6285 6141 6196
f 6196 6340 6285
f 6285 6340 6429
f 6429 6340 6484
f 6429 6573 6518
f 6484 6573 6429
f 6374 6463 6319
f 6285 6429 6374
f 6518 6463 6374
f 6374 6429 6518
f 5531 5442 5586
f 5531 5476 5387
f 5387 5442 5531
f 5971 5916 5827
f 5738 5882 5827
f 5827 5882 5971
f 5827 5683 5738
f 5772 5683 5827
f 5827 5916 5772
f 6026 6081 6170
f 6170 6115 6026
f 6259 6115 6170
f 5992 6081 5937
f 5937 5848 5992
f 5992 5848 5903
f 5903 6047 5992
f 6102 6157 6246
f 6246 6301 6390
f 6246 6157 6301
f 6877 6932 7021
f 7021 6966 6877
f 7021 6932 7076
f 7076 7110 7021
f 7021 7110 7055
f 7055 6966 7021
f 7055 7110 7144
f 7110 7199 7144
f 7322 7377 7411
f 7288 7377 7322
f 7390 7335 7301
f 6725 6869 6814
f 6903 6759 6814
f 6814 6958 6903
f 6814 6869 6958
f 6670 6725 6814
f 6814 6759 6670
f 6314 6458 6403
f 6403 6259 6314
f 6259 6170 6314
f 5463 5408 5319
f 5230 5374 5319
f 5374 5463 5319
f 5319 5175 5230
f 5319 5408 5264
f 5264 5175 5319
f 5599 5510 5654
f 5552 5696 5641
f 5586 5497 5641
f 5641 5497 5552
f 5751 5607 5662
f 5751 5696 5607
f 5751 5806 5895
f 5662 5806 5751
f 5806 5717 5861
f 5861 5950 5806
f 5861 5717 5772
f 6005 5950 5861
f 5861 5916 6005
f 5772 5916 5861
f 4806 4950 4895
f 4895 4751 4806
f 4806 4751 4662
f 5183 5128 5039
f 5039 5094 5183
f 5039 4950 5094
f 4895 4950 5039
f 5039 4984 4895
f 5128 4984 5039
f 4374 4285 4429
f 4429 4518 4374
f 4649 4793 4738
f 4649 4738 4594
f 4594 4505 4649
f 4649 4704 4793
f 5505 5361 5416
f 5416 5560 5505
f 5471 5560 5416
f 5416 5327 5471
f 4335 4390 4479
f 4479 4623 4568
f 4534 4623 4479
f 4479 4390 4534
f 4445 4390 4301
f 4301 4356 4445
f 4212 4356 4301
f 4301 4157 4212
f 4301 4246 4157
f 4301 4390 4246
f 4047 4191 4136
f 4136 3992 4047
f 4081 3992 4136
f 4136 4225 4081
f 4170 4225 4314
f 4314 4259 4170
f 4314 4403 4259
f 4547 4403 4458
f 4403 4314 4458
f 4280 4191 4335
f 4280 4136 4191
f 4225 4136 4280
f 4793 4848 4937
f 4882 4793 4937
f 4992 5081 4937
f 4937 4848 4992
f 3772 3827 3916
f 3916 4005 3861
f 3861 3772 3916
f 4060 4005 3916
f 3971 4060 3916
f 3916 3827 3971
f 3636 3492 3547
f 3636 3547 3691
f 3581 3492 3636
f 5133 5222 5078
f 5078 4989 5133
f 5133 4989 5044
f 5133 5277 5222
f 4900 4845 4756
f 4900 4989 4845
f 4756 4811 4900
f 5044 4989 4900
f 4667 4811 4756
f 4667 4523 4578
f 4578 4722 4667
f 4722 4811 4667
f 4756 4612 4667
f 4612 4523 4667
f 4955 5099 5044
f 5044 4900 4955
f 4955 4900 4811
f 4955 5010 5099
f 4345 4489 4434
f 4201 4256 4345
f 4256 4400 4345
f 4400 4489 4345
f 4345 4290 4201
f 4345 4434 4290
f 4625 4680 4769
f 4625 4769 4714
f 4625 4570 4481
f 4714 4570 4625
f 3892 4036 3981
f 3748 3803 3892
f 3892 3837 3748
f 3892 3981 3837
f 4091 4036 3947
f 3947 4002 4091
f 3858 4002 3947
f 3947 3803 3858
f 3947 3892 3803
f 4036 3892 3947
f 6772 6683 6827
f 6772 6916 6861
f 6772 6827 6916
f 6628 6683 6772
f 6594 6683 6539
f 6594 6450 6505
f 6539 6450 6594
f 6594 6505 6649
f 6649 6738 6594
f 6738 6683 6594
f 6840 6696 6751
f 6696 6607 6751
f 6895 6840 6751
f 7888 7922 7901
f 7901 7935 7914
f 7901 7922 7935
f 7833 7854 7888
f 7799 7854 7833
f 7686 7652 7707
f 7707 7741 7686
f 7885 7830 7851
f 7851 7830 7796
f 7914 7927 7893
f 7927 7906 7893
f 7961 7940 7927
f 7953 7940 7961
f 7961 7974 7953
f 7961 7969 7982
f 7982 7974 7961
f 7948 7935 7956
f 7956 7969 7948
f 7948 7927 7914
f 7914 7935 7948
f 7948 7961 7927
f 7969 7961 7948
f 7956 7922 7943
f 7943 7964 7956
f 7930 7964 7943
f 7943 7909 7930
f 7943 7922 7909
f 7972 7964 7951
f 7951 7964 7930
f 7987 7979 7966
f 7966 7974 7987
f 7953 7974 7966
f 7945 7932 7966
f 7966 7932 7953
f 7966 7958 7945
f 7966 7979 7958
f 7793 7759 7814
f 7793 7848 7827
f 7814 7848 7793
f 7725 7746 7780
f 7780 7759 7725
f 7759 7704 7725
f 7840 7895 7874
f 7840 7861 7895
f 7874 7819 7840
f 7840 7819 7785
f 7900 7866 7887
f 7879 7866 7900
f 7900 7913 7879
f 7934 7913 7900
f 7798 7819 7853
f 7874 7887 7853
f 7853 7819 7874
f 7832 7866 7811
f 7777 7798 7832
f 7832 7811 7777
f 7798 7853 7832
f 7887 7866 7832
f 7832 7853 7887
f 7510 7599 7544
f 7578 7489 7544
f 7633 7578 7544
f 7544 7599 7633
f 7654 7709 7688
f 7688 7599 7654
f 7620 7675 7654
f 7675 7709 7654
f 7654 7565 7620
f 7599 7565 7654
f 5427 5571 5516
f 5516 5372 5427
f 5516 5605 5461
f 5461 5372 5516
f 5660 5715 5804
f 5660 5571 5715
f 5804 5749 5660
f 5660 5516 5571
f 5660 5749 5605
f 5605 5516 5660
f 5812 5867 5956
f 5791 5647 5702
f 5702 5647 5558
f 5990 5935 5846
f 5846 5702 5757
f 5846 5935 5791
f 5791 5702 5846
f 5249 5393 5338
f 5249 5105 5160
f 5249 5160 5304
f 5304 5393 5249
f 5194 5105 5249
f 5249 5338 5194
f 5626 5681 5770
f 5770 5715 5626
f 5859 5715 5770
f 5914 5859 5770
f 5770 5825 5914
f 5770 5681 5825
f 5092 5003 5147
f 5147 5236 5092
f 5147 5003 5058
f 5291 5236 5147
f 5058 5202 5147
f 5147 5202 5291
f 3487 3343 3398
f 3343 3254 3398
f 3398 3254 3309
f 3398 3542 3487
f 3309 3364 3453
f 3453 3398 3309
f 3542 3398 3453
f 3597 3542 3453
f 3453 3508 3597
f 3453 3364 3508
f 3021 3076 3165
f 3110 3021 3165
f 3165 3254 3110
f 3309 3254 3165
f 3220 3309 3165
f 3165 3076 3220
f 2631 2542 2686
f 2686 2775 2631
f 2686 2542 2597
f 2830 2775 2686
f 2597 2741 2686
f 2686 2741 2830
f 2919 2775 2830
f 2919 3063 3008
f 2919 3008 2864
f 2864 2775 2919
f 2919 2974 3063
f 2830 2974 2919
f 2885 2741 2796
f 3029 2974 2885
f 2830 2741 2885
f 2885 2974 2830
f 2885 2940 3029
f 2796 2940 2885
f 4116 4205 4061
f 4061 3972 4116
f 4116 4260 4205
f 4171 4260 4116
f 4294 4349 4438
f 4527 4383 4438
f 4438 4383 4294
f 4438 4349 4493
f 3485 3430 3341
f 3252 3396 3341
f 3341 3396 3485
f 3341 3430 3286
f 3375 3430 3519
f 3608 3464 3519
f 3519 3464 3375
f 3519 3663 3608
f 3574 3718 3663
f 3574 3430 3485
f 3574 3485 3629
f 3629 3718 3574
f 3663 3519 3574
f 3574 3519 3430
f 3862 3951 3807
f 3807 3718 3862
f 4006 4150 4095
f 4006 3862 3917
f 4061 4150 4006
f 4006 3917 4061
f 4095 3951 4006
f 3951 3862 4006
f 4726 4671 4582
f 4582 4493 4637
f 4637 4726 4582
f 4582 4438 4493
f 4582 4671 4527
f 4527 4438 4582
f 2765 2676 2820
f 2820 2909 2765
f 2820 2676 2731
f 2964 2909 2820
f 2731 2875 2820
f 2820 2875 2964
f 3053 2909 2964
f 2964 3108 3053
f 2998 2909 3053
f 3252 3163 3307
f 3307 3396 3252
f 3307 3163 3218
f 3451 3396 3307
f 3218 3362 3307
f 3362 3451 3307
f 3540 3396 3451
f 3540 3684 3629
f 3629 3485 3540
f 3485 3396 3540
f 3595 3684 3540
f 3540 3451 3595
f 7210 7176 7265
f 7299 7210 7265
f 7904 7938 7917
f 7917 7883 7904
f 7896 7883 7917
f 7930 7896 7917
f 7917 7951 7930
f 7938 7951 7917
f 7210 7244 7155
f 7100 7066 7155
f 7155 7244 7189
f 7189 7100 7155
f 7045 6901 6956
f 6956 6867 7011
f 7011 7045 6956
f 7168 7202 7113
f 7168 7257 7202
f 7718 7752 7697
f 7697 7676 7642
f 7870 7815 7836
f 7857 7891 7836
f 7836 7891 7870
f 7370 7425 7459
f 7425 7514 7459
f 7459 7514 7548
f 7184 7095 7150
f 7150 7239 7184
f 7574 7540 7629
f 7574 7608 7519
f 7519 7485 7574
f 7485 7540 7574
f 7464 7430 7519
f 7464 7498 7409
f 7705 7650 7671
f 7705 7760 7739
f 7739 7684 7705
f 7684 7650 7705
f 7561 7650 7595
f 7506 7561 7595
f 7595 7540 7506
f 7629 7540 7595
f 7595 7684 7629
f 7595 7650 7684
f 7137 7082 7048
f 7048 7103 7137
f 7116 7082 7171
f 7226 7260 7171
f 7171 7137 7226
f 7082 7137 7171
f 6993 6849 6904
f 6938 6849 6993
f 6993 6904 7048
f 7048 7082 6993
f 6671 6815 6760
f 6760 6849 6705
f 6760 6815 6904
f 6904 6849 6760
f 6705 6616 6760
f 6760 6616 6671
f 6938 6993 7027
f 7027 6993 7082
f 7027 7082 7116
f 6883 6972 6828
f 6739 6794 6883
f 6883 6828 6739
f 6794 6938 6883
f 6938 7027 6883
f 6883 7027 6972
f 7145 7179 7090
f 7090 7056 7145
f 7001 7056 7090
f 7090 7179 7124
f 6980 6925 6836
f 7069 6925 6980
f 6988 6899 7043
f 7043 7077 6988
f 7022 6878 6933
f 6967 6878 7022
f 6933 6988 7022
f 7022 6988 7077
f 7022 7056 6967
f 7153 7187 7098
f 7043 7009 7098
f 7166 7077 7132
f 7132 7077 7043
f 7043 7098 7132
f 7132 7098 7187
f 7242 7187 7153
f 7242 7208 7297
f 7153 7208 7242
f 7564 7653 7598
f 7687 7632 7598
f 7598 7653 7687
f 7323 7357 7268
f 7556 7645 7590
f 7268 7357 7302
f 7302 7213 7268
f 7428 7517 7462
f 7572 7517 7483
f 7483 7517 7428
f 7064 6975 7030
f 7153 7098 7064
f 7064 7098 7009
f 7064 7009 6920
f 6920 6975 7064
f 7119 7064 7030
f 7119 7208 7153
f 7153 7064 7119
f 7043 6899 6954
f 6954 7009 7043
f 6954 6865 7009
f 6954 6899 6810
f 6810 6865 6954
f 6611 6666 6755
f 6810 6899 6755
f 6755 6666 6810
f 6721 6666 6577
f 6810 6666 6721
f 6721 6865 6810
f 6776 6865 6721
f 6786 6697 6841
f 6786 6841 6930
f 6930 6875 6786
f 6786 6875 6731
f 6663 6519 6574
f 6485 6629 6574
f 6574 6430 6485
f 6574 6519 6430
f 6718 6663 6574
f 6574 6629 6718
f 6506 6362 6417
f 6417 6328 6472
f 6273 6328 6417
f 6417 6362 6273
f 6472 6561 6417
f 6417 6561 6506
f 6176 6320 6265
f 6320 6409 6265
f 6265 6121 6176
f 6210 6121 6265
f 5799 5710 5854
f 5854 5943 5799
f 5854 5710 5765
f 5998 5943 5854
f 5909 5998 5854
f 5854 5765 5909
f 6226 6137 6281
f 6281 6370 6226
f 6226 6370 6315
f 6315 6171 6226
f 6082 6137 6226
f 6226 6171 6082
f 5760 5815 5904
f 6048 5993 5904
f 5904 5959 6048
f 5815 5959 5904
f 5849 5705 5760
f 5794 5705 5849
f 5760 5904 5849
f 5849 5904 5993
f 6040 6184 6129
f 5985 6040 6129
f 6129 6273 6218
f 6129 6184 6273
f 6129 6218 6074
f 6074 5985 6129
f 4731 4875 4820
f 4731 4587 4642
f 4642 4786 4731
f 4786 4875 4731
f 4820 4676 4731
f 4676 4587 4731
f 6043 6187 6132
f 6043 5899 5954
f 5954 6098 6043
f 6043 6098 6187
f 6043 6132 5988
f 5988 5899 6043
f 6242 6153 6297
f 6242 6098 6153
f 6187 6098 6242
f 5467 5522 5611
f 5611 5556 5467
f 5467 5556 5412
f 5755 5899 5844
f 5611 5666 5755
f 5755 5666 5810
f 5810 5899 5755
f 5755 5700 5611
f 5844 5700 5755
f 6077 5933 5988
f 6077 6221 6166
f 5988 6132 6077
f 6132 6221 6077
f 5789 5933 5878
f 5412 5556 5501
f 5501 5556 5645
f 6674 6585 6729
f 6674 6818 6763
f 6729 6818 6674
f 6763 6619 6674
f 6674 6619 6530
f 6530 6585 6674
f 6671 6527 6582
f 6493 6637 6582
f 6582 6438 6493
f 6582 6527 6438
f 6582 6637 6726
f 6726 6671 6582
f 6488 6344 6399
f 6399 6344 6255
f 6179 6323 6268
f 6357 6213 6268
f 6412 6357 6268
f 6268 6323 6412
f 6124 6179 6268
f 6268 6213 6124
f 6734 6878 6823
f 6679 6624 6535
f 6768 6624 6679
f 6823 6768 6679
f 6679 6734 6823
f 6179 6035 6090
f 6090 6145 6234
f 6234 6179 6090
f 6247 6158 6302
f 6302 6158 6213
f 6357 6446 6302
f 6302 6213 6357
f 5129 5273 5218
f 4985 5040 5129
f 5184 5273 5129
f 5129 5040 5184
f 5129 5074 4985
f 5218 5074 5129
f 5472 5328 5383
f 5383 5527 5472
f 5383 5438 5527
f 5294 5438 5383
f 5095 5150 5239
f 5184 5095 5239
f 5239 5328 5184
f 5239 5383 5328
f 5239 5150 5294
f 5294 5383 5239
f 6244 6388 6333
f 6333 6422 6278
f 6333 6189 6244
f 6278 6189 6333
f 7121 7066 7032
f 7032 7087 7121
f 7087 7176 7121
f 7121 7176 7210
f 7210 7155 7121
f 7121 7155 7066
f 6799 6854 6943
f 6943 6888 6799
f 6710 6854 6799
f 6799 6888 6744
f 6799 6655 6710
f 6744 6655 6799
f 6634 6778 6723
f 6723 6778 6867
f 6710 6566 6621
f 6388 6532 6477
f 6566 6422 6477
f 6477 6621 6566
f 6532 6621 6477
f 6477 6333 6388
f 6422 6333 6477
f 6553 6697 6642
f 6642 6786 6731
f 6697 6786 6642
f 6354 6265 6409
f 6299 6210 6354
f 6210 6265 6354
f 6291 6346 6435
f 6435 6380 6291
f 6202 6346 6291
f 6291 6380 6236
f 6236 6147 6291
f 6291 6147 6202
f 6846 6935 6791
f 6702 6757 6846
f 6846 6791 6702
f 6757 6901 6846
f 6846 6901 6990
f 6990 6935 6846
f 6325 6380 6469
f 6469 6414 6325
f 6435 6490 6579
f 6579 6490 6634
f 6634 6723 6579
f 7755 7700 7721
f 7721 7742 7776
f 7810 7755 7776
f 7776 7755 7721
f 7776 7742 7797
f 7776 7831 7810
f 7797 7831 7776
f 7797 7742 7763
f 7729 7784 7763
f 7708 7653 7674
f 7708 7763 7742
f 7708 7742 7687
f 7687 7653 7708
f 7708 7674 7729
f 7729 7763 7708
f 7889 7868 7834
f 7834 7813 7779
f 7868 7813 7834
f 7826 7881 7860
f 7847 7881 7826
f 7839 7784 7805
f 7771 7826 7805
f 7860 7839 7805
f 7805 7826 7860
f 7737 7771 7716
f 7703 7758 7737
f 7703 7648 7669
f 7818 7852 7797
f 7797 7763 7818
f 7818 7763 7784
f 7818 7784 7839
f 7818 7839 7873
f 7873 7852 7818
f 7957 7949 7936
f 7936 7949 7915
f 7936 7923 7957
f 7902 7923 7936
f 7936 7915 7902
f 8000 7995 7998
f 7995 7990 7998
f 7999 8000 7998
f 7977 7964 7985
f 7985 7964 7972
f 7985 7990 7977
f 7972 7980 7985
f 7985 7980 7993
f 7985 7998 7990
f 7993 7998 7985
f 7938 7925 7959
f 7925 7946 7959
f 7959 7951 7938
f 7972 7951 7959
f 7959 7980 7972
f 7959 7946 7967
f 7967 7980 7959
f 7423 7457 7368
f 7423 7368 7334
f 7423 7478 7512
f 7512 7457 7423
f 7334 7389 7423
f 7389 7478 7423
f 7334 7279 7245
f 7279 7190 7245
f 7245 7300 7334
f 7245 7190 7156
f 7156 7211 7245
f 7211 7300 7245
f 6936 6792 6847
f 6758 6902 6847
f 6847 6703 6758
f 6847 6792 6703
f 6949 6805 6860
f 6881 6792 6936
f 6737 6792 6881
f 6936 6847 6991
f 6991 6847 6902
f 6805 6750 6661
f 6661 6750 6606
f 6894 6805 6949
f 6894 6983 6839
f 6839 6750 6894
f 6894 6750 6805
f 7533 7567 7478
f 7499 7588 7533
f 7533 7588 7622
f 7622 7567 7533
f 7533 7444 7499
f 7478 7444 7533
f 7779 7758 7724
f 7669 7690 7724
f 7724 7703 7669
f 7758 7703 7724
f 7779 7724 7745
f 7745 7724 7690
f 7622 7677 7656
f 7656 7690 7601
f 7656 7567 7622
f 7601 7567 7656
f 7436 7347 7402
f 7402 7347 7313
f 7313 7368 7402
f 7368 7457 7402
f 7436 7402 7491
f 7491 7402 7457
f 7614 7580 7669
f 7669 7648 7614
f 7614 7648 7559
f 7601 7690 7635
f 7635 7690 7669
f 7669 7580 7635
f 7504 7559 7593
f 7559 7648 7593
f 7884 7918 7897
f 7897 7863 7884
f 7897 7918 7931
f 7842 7863 7897
f 7897 7876 7842
f 7931 7910 7897
f 7910 7876 7897
f 7753 7719 7774
f 7774 7808 7753
f 7753 7698 7719
f 7732 7698 7753
f 6228 6317 6173
f 6173 6084 6228
f 6084 6139 6228
f 6495 6406 6550
f 6406 6461 6550
f 6550 6639 6495
f 6550 6461 6605
f 6605 6694 6550
f 6550 6694 6639
f 6673 6618 6529
f 6529 6584 6673
f 6440 6584 6529
f 6618 6474 6529
f 6385 6440 6529
f 6529 6474 6385
f 6702 6791 6647
f 6270 6414 6359
f 6215 6270 6359
f 6359 6304 6215
f 5309 5165 5220
f 5453 5398 5309
f 5254 5165 5309
f 5309 5398 5254
f 5309 5220 5364
f 5364 5453 5309
f 5308 5452 5397
f 5397 5253 5308
f 5219 5363 5308
f 5363 5452 5308
f 5287 5376 5232
f 4965 4876 5020
f 5198 5253 5342
f 5342 5287 5198
f 3216 3360 3305
f 3216 3072 3127
f 3216 3305 3161
f 3161 3072 3216
f 4360 4504 4449
f 4360 4415 4504
f 4360 4449 4305
f 4436 4347 4491
f 4491 4580 4436
f 4347 4402 4491
f 4635 4580 4491
f 4546 4635 4491
f 4491 4402 4546
f 3847 3792 3703
f 3703 3758 3847
f 3847 3758 3902
f 3902 3991 3847
f 3936 3847 3991
f 3792 3847 3936
f 3936 4025 3881
f 3881 3792 3936
f 4080 4135 4224
f 4080 3991 4135
f 4080 3936 3991
f 4025 3936 4080
f 2407 2551 2496
f 2263 2318 2407
f 2407 2352 2263
f 2496 2352 2407
f 2462 2318 2373
f 2462 2606 2551
f 2551 2407 2462
f 2462 2407 2318
f 2373 2517 2462
f 2517 2606 2462
f 2284 2339 2428
f 2428 2517 2373
f 2373 2284 2428
f 2572 2517 2428
f 2428 2483 2572
f 2428 2339 2483
f 2687 2543 2598
f 2598 2742 2687
f 2776 2721 2632
f 2632 2687 2776
f 2543 2687 2632
f 2632 2721 2577
f 2454 2543 2399
f 2399 2344 2255
f 2708 2852 2797
f 2797 2653 2708
f 2619 2763 2708
f 2763 2852 2708
f 2975 3030 3119
f 2928 2784 2839
f 2928 3072 3017
f 3017 2873 2928
f 2873 2784 2928
f 2928 2839 2983
f 2983 3072 2928
f 3250 3106 3161
f 3250 3394 3339
f 3161 3305 3250
f 3305 3394 3250
f 3339 3284 3195
f 3195 3250 3339
f 3106 3250 3195
f 3051 3106 3195
f 3140 3051 3195
f 3195 3284 3140
f 3174 3085 3229
f 3229 3318 3174
f 3229 3085 3140
f 3140 3284 3229
f 3496 3640 3585
f 3352 3407 3496
f 3496 3407 3551
f 3551 3640 3496
f 3839 3928 3784
f 3729 3640 3784
f 3627 3483 3538
f 3538 3483 3394
f 3716 3771 3860
f 3805 3716 3860
f 3771 3915 3860
f 4428 4373 4284
f 4339 4428 4284
f 4284 4195 4339
f 4284 4140 4195
f 4284 4373 4229
f 4229 4140 4284
f 4305 4250 4161
f 4161 4017 4072
f 4161 4250 4106
f 4106 4017 4161
f 3716 3661 3572
f 3627 3716 3572
f 3572 3483 3627
f 3428 3483 3572
f 3517 3428 3572
f 3572 3661 3517
f 3839 3894 3983
f 4072 3928 3983
f 3983 3928 3839
f 3983 3894 4038
f 3166 3022 3077
f 3077 3221 3166
f 2988 3132 3077
f 3077 3132 3221
f 2933 2878 2789
f 2933 3022 2878
f 2933 2789 2844
f 2933 3077 3022
f 2844 2988 2933
f 2988 3077 2933
f 4567 4711 4656
f 4423 4478 4567
f 4478 4622 4567
f 4622 4711 4567
f 4567 4512 4423
f 4656 4512 4567
f 3923 4067 4012
f 3923 3779 3834
f 3834 3978 3923
f 3978 4067 3923
f 4012 3868 3923
f 3868 3779 3923
f 3038 3182 3127
f 3038 3127 2983
f 2983 2894 3038
f 3004 3148 3093
f 3182 3038 3093
f 3127 3182 3271
f 3271 3216 3127
f 3360 3216 3271
f 3415 3360 3271
f 3271 3326 3415
f 3271 3182 3326
f 2970 2826 2881
f 2970 3025 3114
f 2970 2881 3025
f 2648 2504 2559
f 2792 2737 2648
f 2648 2703 2792
f 2648 2559 2703
f 2449 2504 2593
f 2682 2538 2593
f 2538 2449 2593
f 2593 2737 2682
f 2593 2648 2737
f 2504 2648 2593
f 2470 2525 2614
f 2703 2559 2614
f 2614 2559 2470
f 2614 2758 2703
f 2669 2758 2614
f 2614 2525 2669
f 131 110 97
f 165 110 131
f 84 97 63
f 71 105 84
f 50 71 84
f 84 63 50
f 418 329 384
f 384 329 350
f 384 473 418
f 779 813 724
f 1088 944 999
f 999 944 910
f 999 1143 1088
f 999 1054 1143
f 999 910 965
f 965 1054 999
f 1033 944 1088
f 1122 978 1033
f 1033 978 944
f 646 701 735
f 735 680 646
f 769 680 735
f 777 811 722
f 777 722 688
f 688 743 777
f 8 3 16
f 8 5 3
f 55 76 89
f 60 81 94
f 47 81 60
f 10 5 18
f 2 5 10
f 15 7 10
f 10 7 2
f 57 36 44
f 146 125 112
f 112 167 146
f 154 188 133
f 133 188 167
f 167 112 133
f 133 112 99
f 183 149 204
f 183 238 217
f 204 238 183
f 128 107 94
f 149 183 128
f 175 141 196
f 196 230 175
f 217 251 196
f 196 251 230
f 536 447 502
f 591 536 502
f 502 557 591
f 468 557 502
f 502 413 468
f 502 447 413
f 528 473 439
f 473 384 439
f 439 384 350
f 515 604 549
f 549 460 515
f 549 638 583
f 549 604 638
f 350 316 405
f 405 439 350
f 426 337 392
f 392 481 426
f 481 515 426
f 515 460 426
f 991 936 902
f 902 957 991
f 1059 970 1114
f 1203 1148 1059
f 1059 1114 1203
f 1059 1148 1004
f 1004 970 1059
f 635 601 690
f 745 779 690
f 656 745 690
f 690 601 656
f 724 635 690
f 690 779 724
f 512 601 546
f 546 491 457
f 457 512 546
f 580 491 546
f 546 635 580
f 546 601 635
f 813 847 758
f 758 703 669
f 792 703 758
f 758 847 792
f 669 724 758
f 724 813 758
f 1012 1156 1101
f 1101 957 1012
f 1067 978 1122
f 1067 1122 1211
f 1211 1156 1067
f 1012 978 1067
f 1067 1156 1012
f 1300 1389 1245
f 1245 1156 1300
f 1245 1101 1156
f 1410 1465 1554
f 1651 1740 1596
f 1507 1562 1651
f 1651 1596 1507
f 1562 1706 1651
f 1795 1740 1651
f 1651 1706 1795
f 2083 1939 1994
f 1994 2138 2083
f 1905 2049 1994
f 2049 2138 1994
f 1850 1939 1795
f 1850 1706 1761
f 1795 1706 1850
f 1850 1994 1939
f 1850 1761 1905
f 1905 1994 1850
f 1473 1384 1528
f 1617 1562 1473
f 1473 1528 1617
f 1562 1418 1473
f 1473 1418 1329
f 1329 1384 1473
f 1041 952 1096
f 1041 1096 1185
f 1800 1944 1889
f 1800 1889 1745
f 1745 1656 1800
f 1800 1656 1711
f 1910 1999 1855
f 1999 1944 1855
f 1855 1800 1711
f 1944 1800 1855
f 1567 1656 1512
f 1567 1423 1478
f 1512 1423 1567
f 1478 1622 1567
f 1567 1622 1711
f 1711 1656 1567
f 2368 2512 2457
f 2368 2224 2279
f 2279 2423 2368
f 2423 2512 2368
f 2457 2313 2368
f 2368 2313 2224
f 729 784 818
f 818 763 729
f 763 674 729
f 729 674 640
f 640 695 729
f 729 695 784
f 721 632 687
f 687 776 721
f 687 632 598
f 598 653 687
f 441 496 530
f 407 496 441
f 331 386 420
f 318 407 352
f 352 297 318
f 407 441 352
f 352 441 386
f 331 297 352
f 352 386 331
f 1051 1195 1140
f 1140 1229 1085
f 1284 1229 1140
f 1140 1195 1284
f 1085 996 1140
f 1140 996 1051
f 755 844 789
f 789 700 755
f 810 844 755
f 755 700 666
f 755 666 721
f 721 810 755
f 2509 2420 2564
f 2564 2653 2509
f 2564 2420 2475
f 2564 2708 2653
f 2564 2475 2619
f 2619 2708 2564
f 1789 1645 1700
f 1611 1755 1700
f 1700 1556 1611
f 1700 1645 1556
f 1700 1755 1844
f 1844 1789 1700
f 2137 2048 2192
f 2192 2281 2137
f 2192 2048 2103
f 2336 2281 2192
f 2103 2247 2192
f 2192 2247 2336
f 2425 2281 2336
f 2425 2480 2569
f 2336 2480 2425
f 2370 2281 2425
f 1205 1150 1061
f 1006 972 1061
f 1061 1150 1006
f 1116 1027 1171
f 1260 1205 1116
f 1116 1171 1260
f 1205 1061 1116
f 972 1027 1116
f 1116 1061 972
f 1137 1226 1082
f 1082 993 1137
f 993 1048 1137
f 1137 1048 1192
f 1192 1281 1137
f 1281 1226 1137
f 739 650 705
f 705 794 739
f 739 684 650
f 739 794 828
f 773 684 739
f 739 828 773
f 828 794 883
f 883 938 972
f 849 938 883
f 883 794 849
f 972 917 883
f 917 828 883
f 718 807 752
f 807 841 752
f 752 841 786
f 786 697 752
f 1875 1731 1786
f 1875 1786 1930
f 1676 1731 1820
f 1820 1765 1676
f 1909 1765 1820
f 1731 1875 1820
f 2320 2231 2375
f 1222 1078 1133
f 1044 1188 1133
f 1277 1222 1133
f 1133 1188 1277
f 989 1078 934
f 989 934 900
f 1044 1133 989
f 989 1133 1078
f 900 955 989
f 989 955 1044
f 1167 1078 1222
f 1167 1256 1112
f 1167 1112 1023
f 1023 1078 1167
f 1400 1256 1311
f 1222 1366 1311
f 1311 1167 1222
f 1256 1167 1311
f 1311 1455 1400
f 1366 1455 1311
f 1057 1146 1002
f 1002 968 1057
f 1057 968 1112
f 1112 1201 1057
f 1201 1146 1057
f 1612 1667 1756
f 1756 1701 1612
f 1667 1811 1756
f 2078 2023 1934
f 1934 1989 2078
f 2366 2455 2311
f 2311 2222 2366
f 2133 2078 1989
f 2222 2078 2133
f 2133 2188 2277
f 2277 2222 2133
f 1303 1447 1392
f 1303 1392 1248
f 1248 1159 1303
f 1159 1214 1303
f 1125 1214 1070
f 1125 1070 981
f 981 1036 1125
f 1036 1180 1125
f 3497 3353 3408
f 3497 3641 3586
f 3586 3442 3497
f 3442 3353 3497
f 3408 3552 3497
f 3497 3552 3641
f 3476 3531 3620
f 3565 3476 3620
f 3620 3531 3675
f 3395 3340 3251
f 3395 3484 3340
f 3251 3306 3395
f 3539 3484 3395
f 3395 3450 3539
f 3395 3306 3450
f 2565 2709 2654
f 2421 2476 2565
f 2620 2709 2565
f 2565 2476 2620
f 1968 2112 2057
f 1824 1879 1968
f 1968 1879 2023
f 2023 2112 1968
f 1968 1913 1824
f 2057 1913 1968
f 2866 2722 2777
f 2777 2921 2866
f 2688 2832 2777
f 2777 2832 2921
f 2523 2667 2612
f 2612 2468 2523
f 2523 2434 2578
f 2578 2667 2523
f 2811 2667 2722
f 2811 2955 2900
f 2811 2900 2756
f 2756 2667 2811
f 2811 2722 2866
f 2866 2955 2811
f 2578 2434 2489
f 2434 2345 2489
f 2743 2798 2887
f 2976 2832 2887
f 2887 2832 2743
f 2887 3031 2976
f 2510 2455 2366
f 2510 2599 2455
f 2366 2421 2510
f 2654 2599 2510
f 2510 2565 2654
f 2421 2565 2510
f 554 609 643
f 643 588 554
f 588 499 554
f 520 609 554
f 465 520 554
f 554 499 465
f 575 609 520
f 541 630 575
f 575 486 541
f 520 486 575
f 664 753 698
f 698 609 664
f 719 753 664
f 609 575 664
f 664 630 719
f 664 575 630
f 926 960 871
f 926 1015 960
f 871 837 926
f 981 1070 926
f 1070 1015 926
f 926 892 981
f 837 892 926
f 2236 2291 2380
f 2524 2469 2380
f 2380 2435 2524
f 2380 2291 2435
f 2147 2003 2058
f 2147 2291 2236
f 2147 2058 2202
f 2202 2291 2147
f 1372 1461 1317
f 1228 1372 1317
f 1317 1173 1228
f 1317 1262 1173
f 1406 1461 1550
f 1406 1317 1461
f 1406 1351 1262
f 1262 1317 1406
f 2236 2181 2092
f 2092 2147 2236
f 2003 2147 2092
f 1948 2003 2092
f 2092 2037 1948
f 2092 2181 2037
f 3456 3312 3367
f 3456 3600 3545
f 3367 3511 3456
f 3456 3511 3600
f 3545 3490 3401
f 3401 3456 3545
f 3312 3456 3401
f 3257 3312 3401
f 3401 3346 3257
f 3401 3490 3346
f 2791 2647 2702
f 2880 2736 2791
f 2791 2736 2647
f 3223 3312 3168
f 3168 3312 3257
f 3257 3113 3168
f 3113 3024 3168
f 3045 2990 2901
f 2901 2812 2956
f 2956 3045 2901
f 2757 2812 2901
f 2935 3024 2880
f 2880 2791 2935
f 3045 3189 3134
f 3189 3278 3134
f 3134 3278 3223
f 3134 2990 3045
f 2778 2833 2922
f 2922 2867 2778
f 3011 2867 2922
f 3121 3265 3210
f 3032 3176 3121
f 3176 3265 3121
f 2888 2833 2744
f 2888 2744 2799
f 2888 2943 3032
f 2799 2943 2888
f 2490 2346 2401
f 2490 2634 2579
f 2579 2435 2490
f 2435 2346 2490
f 2401 2545 2490
f 2490 2545 2634
f 429 340 395
f 395 484 429
f 395 450 484
f 361 450 395
f 395 306 361
f 395 340 306
f 662 751 696
f 751 785 696
f 730 641 696
f 696 785 730
f 518 573 607
f 607 573 662
f 662 696 607
f 607 696 641
f 552 586 497
f 552 641 586
f 552 607 641
f 518 607 552
f 552 463 518
f 497 463 552
f 895 929 840
f 840 785 751
f 840 806 895
f 840 751 806
f 458 403 369
f 369 424 458
f 458 424 513
f 492 403 458
f 458 547 492
f 458 513 547
f 479 390 445
f 479 424 390
f 445 534 479
f 513 424 479
f 568 513 479
f 479 534 568
f 330 351 385
f 296 351 330
f 385 419 330
f 330 419 364
f 301 356 335
f 246 267 301
f 335 280 301
f 301 280 246
f 364 398 309
f 309 330 364
f 432 466 377
f 466 411 377
f 720 686 775
f 720 631 686
f 775 809 720
f 809 754 720
f 699 644 610
f 610 644 555
f 487 542 576
f 542 631 576
f 1801 1712 1856
f 1856 1945 1801
f 2000 2055 2144
f 1911 2055 2000
f 2000 1856 1911
f 1945 1856 2000
f 1411 1555 1500
f 1589 1445 1500
f 1644 1589 1500
f 1500 1555 1644
f 1356 1411 1500
f 1500 1445 1356
f 1466 1555 1411
f 1411 1322 1466
f 1466 1521 1610
f 1610 1555 1466
f 1741 1652 1796
f 1741 1885 1830
f 1796 1885 1741
f 1830 1686 1741
f 1686 1597 1741
f 1741 1597 1652
f 1110 1165 1254
f 1254 1165 1309
f 1309 1398 1254
f 1398 1343 1254
f 1419 1275 1330
f 1241 1385 1330
f 1330 1186 1241
f 1330 1275 1186
f 1330 1474 1419
f 1385 1474 1330
f 2406 2351 2262
f 2694 2550 2605
f 2749 2838 2694
f 2694 2605 2749
f 1034 945 1089
f 1034 1178 1123
f 1089 1178 1034
f 801 712 767
f 801 746 712
f 767 822 856
f 856 801 767
f 856 945 890
f 890 801 856
f 780 746 835
f 890 924 835
f 835 801 890
f 746 801 835
f 835 869 780
f 835 924 869
f 822 877 911
f 911 856 822
f 1000 945 911
f 945 856 911
f 1563 1508 1419
f 1419 1474 1563
f 1563 1652 1508
f 1474 1618 1563
f 1707 1652 1563
f 1563 1618 1707
f 406 372 461
f 440 351 406
f 495 440 406
f 406 461 495
f 317 351 296
f 317 406 351
f 372 406 317
f 317 283 338
f 338 372 317
f 461 372 427
f 482 516 427
f 427 516 461
f 393 482 427
f 427 338 393
f 427 372 338
f 744 833 778
f 833 867 778
f 778 867 812
f 812 723 778
f 524 490 579
f 579 490 545
f 579 613 524
f 579 668 613
f 859 825 914
f 914 825 880
f 1147 1092 1003
f 1236 1092 1147
f 1202 1291 1147
f 1147 1291 1236
f 906 872 961
f 995 906 961
f 804 749 715
f 804 770 859
f 715 770 804
f 838 749 804
f 1215 1270 1359
f 1359 1304 1215
f 927 872 838
f 927 961 872
f 859 914 948
f 948 914 1003
f 1003 1092 948
f 948 1092 1037
f 106 72 93
f 93 127 106
f 37 45 58
f 45 79 58
f 71 37 58
f 92 71 58
f 58 79 92
f 289 344 323
f 268 289 323
f 323 302 268
f 323 357 302
f 501 446 412
f 446 357 412
f 357 323 412
f 333 278 299
f 299 354 333
f 312 278 333
f 477 443 532
f 477 511 422
f 566 511 477
f 477 532 566
f 307 286 252
f 218 273 252
f 273 307 252
f 197 218 252
f 252 231 197
f 252 286 231
f 1485 1629 1574
f 1663 1519 1574
f 1574 1519 1430
f 1430 1485 1574
f 1718 1629 1773
f 1718 1862 1807
f 1773 1862 1718
f 1718 1807 1663
f 1663 1574 1718
f 1718 1574 1629
f 1773 1828 1917
f 2006 1862 1917
f 1917 1862 1773
f 1917 2061 2006
f 1972 2061 1917
f 1917 1828 1972
f 621 532 587
f 587 676 621
f 566 532 621
f 621 676 710
f 621 655 566
f 710 655 621
f 2568 2424 2479
f 2424 2335 2479
f 2479 2335 2390
f 2479 2623 2568
f 2534 2623 2479
f 2479 2390 2534
f 2191 2102 2246
f 2246 2335 2191
f 2390 2335 2246
f 1806 1861 1950
f 2039 1895 1950
f 1950 1895 1806
f 1950 2094 2039
f 1950 2005 2094
f 1950 1861 2005
f 2725 2869 2814
f 2725 2581 2636
f 2670 2581 2725
f 2725 2814 2670
f 3013 2869 2924
f 3157 3102 3013
f 3013 3102 2958
f 2958 2869 3013
f 2924 2979 3068
f 3157 3013 3068
f 3068 3013 2924
f 3068 3212 3157
f 3123 3212 3068
f 3068 2979 3123
f 2188 2099 2243
f 2243 2332 2188
f 2243 2099 2154
f 2387 2332 2243
f 2243 2298 2387
f 2154 2298 2243
f 1382 1327 1238
f 1348 1204 1259
f 1170 1314 1259
f 1259 1115 1170
f 1259 1204 1115
f 1314 1403 1259
f 1259 1403 1348
f 1348 1403 1492
f 1492 1547 1636
f 1492 1403 1547
f 1149 1005 1060
f 1060 1204 1149
f 1094 1183 1039
f 1094 1039 950
f 950 1005 1094
f 1005 1149 1094
f 1238 1183 1094
f 1094 1149 1238
f 1848 1704 1759
f 1670 1814 1759
f 1759 1903 1848
f 1759 1814 1903
f 1560 1704 1649
f 1560 1505 1416
f 1649 1505 1560
f 874 819 785
f 874 840 929
f 785 840 874
f 874 929 963
f 963 908 874
f 908 819 874
f 4474 4419 4330
f 4186 4241 4330
f 4330 4275 4186
f 4330 4419 4275
f 5194 5283 5139
f 5139 5050 5194
f 5105 5050 4961
f 4872 5016 4961
f 5016 5105 4961
f 4961 5050 4906
f 4495 4550 4639
f 4406 4550 4495
f 4194 4338 4283
f 4050 4105 4194
f 4194 4139 4050
f 4283 4139 4194
f 4105 4160 4249
f 4249 4194 4105
f 4338 4194 4249
f 4393 4338 4249
f 4249 4304 4393
f 4160 4304 4249
f 4681 4626 4537
f 4537 4592 4681
f 4448 4592 4537
f 4393 4448 4537
f 4537 4482 4393
f 4537 4626 4482
f 5144 5233 5089
f 5288 5233 5144
f 5144 5199 5288
f 5144 5055 5199
f 4767 4911 4856
f 4856 4712 4767
f 4767 4678 4822
f 4822 4911 4767
f 4822 4678 4733
f 5055 4911 4966
f 4911 4822 4966
f 5110 5165 5254
f 5110 5021 5165
f 5254 5199 5110
f 5110 4966 5021
f 5199 5055 5110
f 5055 4966 5110
f 5474 5529 5618
f 5563 5474 5618
f 5618 5707 5563
f 5618 5762 5707
f 5618 5529 5673
f 5673 5762 5618
f 5406 5262 5317
f 5406 5351 5262
f 5406 5317 5461
f 5474 5419 5330
f 5385 5474 5330
f 5330 5241 5385
f 5186 5241 5330
f 5275 5186 5330
f 5330 5419 5275
f 5741 5885 5830
f 5597 5652 5741
f 5741 5686 5597
f 5830 5686 5741
f 5652 5707 5796
f 5796 5741 5652
f 5885 5741 5796
f 5940 5885 5796
f 5906 5995 5851
f 5851 5762 5906
f 5851 5995 5940
f 5707 5762 5851
f 5940 5796 5851
f 5851 5796 5707
f 4851 4762 4906
f 4885 4940 5029
f 5029 5118 4974
f 4974 4885 5029
f 4110 4021 4165
f 4165 4021 4076
f 4076 4220 4165
f 4165 4220 4309
f 3788 3843 3932
f 3877 3788 3932
f 3932 4021 3877
f 4076 4021 3932
f 3932 3987 4076
f 3843 3987 3932
f 4809 4665 4720
f 4809 4953 4898
f 4898 4754 4809
f 4754 4665 4809
f 4864 4953 4809
f 4809 4720 4864
f 4631 4487 4542
f 4775 4720 4631
f 4720 4576 4631
f 4576 4487 4631
f 4631 4542 4686
f 4686 4775 4631
f 2618 2474 2529
f 2474 2385 2529
f 2529 2385 2440
f 2673 2618 2529
f 2469 2414 2325
f 2236 2380 2325
f 2325 2380 2469
f 2325 2181 2236
f 2270 2181 2325
f 2325 2414 2270
f 3799 3854 3943
f 3799 3943 3888
f 3888 3744 3799
f 3799 3744 3655
f 3621 3532 3676
f 3422 3333 3477
f 3477 3566 3422
f 3477 3333 3388
f 3477 3621 3566
f 3388 3532 3477
f 3532 3621 3477
f 3359 3503 3448
f 3215 3270 3359
f 3414 3503 3359
f 3359 3270 3414
f 3448 3304 3359
f 3359 3304 3215
f 2859 3003 2948
f 2749 2660 2804
f 2804 2893 2749
f 2804 2660 2715
f 2804 2948 2893
f 2804 2715 2859
f 2859 2948 2804
f 4134 4223 4079
f 4079 3990 4134
f 4223 4168 4079
f 3935 3990 4079
f 4024 3935 4079
f 4079 4168 4024
f 3757 3901 3846
f 3901 3990 3846
f 3846 3990 3935
f 3702 3757 3846
f 3846 3791 3702
f 3935 3791 3846
f 3469 3613 3558
f 3469 3325 3380
f 3380 3524 3469
f 3524 3613 3469
f 3469 3558 3414
f 3414 3325 3469
f 4812 4956 4901
f 4812 4668 4723
f 4723 4867 4812
f 4867 4956 4812
f 4812 4901 4757
f 4757 4668 4812
f 5100 5189 5045
f 5045 4956 5100
f 5189 5134 5045
f 4901 4956 5045
f 5045 4990 4901
f 5045 5134 4990
f 3804 3715 3859
f 5600 5689 5545
f 5545 5456 5600
f 5545 5689 5634
f 5401 5456 5545
f 5634 5490 5545
f 5490 5401 5545
f 5888 5943 6032
f 6032 5977 5888
f 6032 6121 5977
f 6176 6121 6032
f 6032 6087 6176
f 6032 5943 6087
f 5511 5456 5367
f 5367 5422 5511
f 5278 5422 5367
f 5223 5278 5367
f 5367 5312 5223
f 5367 5456 5312
f 5299 5354 5443
f 5299 5210 5354
f 5265 5409 5354
f 5121 5176 5265
f 5265 5176 5320
f 5320 5409 5265
f 5265 5210 5121
f 5354 5210 5265
f 5087 5176 5032
f 5032 4943 5087
f 5032 5176 5121
f 4888 4943 5032
f 5121 4977 5032
f 5032 4977 4888
f 2707 2762 2851
f 2851 2796 2707
f 2851 2940 2796
f 2995 2940 2851
f 2851 2906 2995
f 2851 2762 2906
f 3791 3736 3647
f 3647 3558 3702
f 3702 3791 3647
f 3647 3503 3558
f 3592 3503 3647
f 3647 3736 3592
f 3893 3838 3749
f 3893 3982 3838
f 3893 3749 3804
f 4037 3982 3893
f 4558 4647 4503
f 4469 4613 4558
f 4668 4613 4524
f 4579 4668 4524
f 4524 4613 4469
f 4469 4380 4524
f 4215 4359 4304
f 4071 4126 4215
f 4126 4270 4215
f 4270 4359 4215
f 4215 4160 4071
f 4215 4304 4160
f 2924 2869 2780
f 2636 2691 2780
f 2780 2725 2636
f 2869 2725 2780
f 2746 2691 2602
f 2746 2602 2657
f 2746 2657 2801
f 2801 2890 2746
f 1869 1814 1725
f 1725 1780 1869
f 1958 1814 1869
f 2013 1958 1869
f 1869 1924 2013
f 1869 1780 1924
f 5086 5175 5031
f 5031 5175 5120
f 5031 4976 4887
f 5120 4976 5031
f 5290 5146 5201
f 5290 5434 5379
f 5379 5235 5290
f 5290 5235 5146
f 5201 5146 5057
f 4968 5112 5057
f 5057 5112 5201
f 4913 4968 5057
f 5057 5002 4913
f 5057 5146 5002
f 5544 5400 5455
f 5544 5688 5633
f 5633 5489 5544
f 5544 5489 5400
f 5455 5599 5544
f 5599 5688 5544
f 5421 5277 5332
f 5421 5332 5476
f 5421 5510 5366
f 5366 5277 5421
f 5332 5277 5188
f 5243 5332 5188
f 5188 5099 5243
f 5044 5099 5188
f 5188 5133 5044
f 5277 5133 5188
f 3523 3379 3434
f 3523 3667 3612
f 3523 3612 3468
f 3468 3379 3523
f 3578 3667 3523
f 3523 3434 3578
f 3662 3806 3751
f 3662 3518 3573
f 3573 3717 3662
f 3717 3806 3662
f 4073 4162 4018
f 4217 4162 4073
f 4073 4128 4217
f 4073 3984 4128
f 3751 3895 3840
f 3895 3984 3840
f 3607 3662 3751
f 3518 3662 3607
f 3573 3518 3429
f 3429 3484 3573
f 3340 3484 3429
f 3285 3340 3429
f 3429 3374 3285
f 3429 3518 3374
f 3109 3198 3054
f 3054 2965 3109
f 4007 3863 3918
f 3863 3774 3918
f 3918 4062 4007
f 3918 3973 4062
f 3274 3185 3329
f 3329 3418 3274
f 3418 3363 3274
f 3274 3130 3185
f 3219 3130 3274
f 3274 3363 3219
f 4515 4371 4426
f 4659 4604 4515
f 4515 4604 4460
f 4460 4371 4515
f 4515 4570 4659
f 4515 4426 4570
f 3952 3808 3863
f 4096 4041 3952
f 3952 4041 3897
f 3897 3808 3952
f 4007 4096 3952
f 3952 3863 4007
f 3850 3706 3761
f 3994 3939 3850
f 3939 3795 3850
f 3795 3706 3850
f 3761 3905 3850
f 3905 3994 3850
f 5295 5439 5384
f 5295 5151 5206
f 5206 5350 5295
f 5350 5439 5295
f 5240 5151 5295
f 5295 5384 5240
f 4837 4748 4892
f 4892 4981 4837
f 4892 4748 4803
f 4892 4803 4947
f 5214 5070 5125
f 5070 4981 5125
f 5125 5269 5214
f 5125 5180 5269
f 4405 4350 4261
f 4172 4316 4261
f 4261 4316 4405
f 4117 4172 4261
f 4261 4206 4117
f 4261 4350 4206
f 5098 5153 5242
f 5242 5331 5187
f 5187 5098 5242
f 5242 5386 5331
f 5242 5153 5297
f 5297 5386 5242
f 6962 6818 6873
f 6873 7017 6962
f 6729 6784 6873
f 6873 6818 6729
f 6852 6708 6763
f 6907 6818 6962
f 6996 6852 6907
f 6763 6818 6907
f 6907 6852 6763
f 7051 7017 7106
f 6962 7017 7051
f 7051 6907 6962
f 6996 6907 7051
f 7208 7119 7174
f 6352 6441 6297
f 6496 6441 6352
f 5763 5907 5852
f 5708 5763 5852
f 6606 6551 6462
f 2629 2574 2485
f 2540 2629 2485
f 2485 2396 2540
f 4009 3865 3920
f 3920 4064 4009
f 3831 3975 3920
f 3975 4064 3920
f 4098 4187 4043
f 4242 4187 4098
f 3810 3865 3954
f 4043 3899 3954
f 3899 3810 3954
f 3954 4098 4043
f 3954 3865 4009
f 4009 4098 3954
f 3255 3200 3111
f 3166 3255 3111
f 3111 3022 3166
f 2967 3022 3111
f 3111 3056 2967
f 3200 3056 3111
f 3831 3920 3776
f 3776 3920 3865
f 3776 3865 3721
f 3721 3632 3776
f 3454 3598 3543
f 3399 3454 3543
f 3543 3488 3399
f 3543 3632 3488
f 4153 4064 4208
f 4208 4297 4153
f 4153 4297 4242
f 4009 4064 4153
f 4242 4098 4153
f 4153 4098 4009
f 2747 2891 2836
f 2747 2603 2658
f 2747 2658 2802
f 2802 2891 2747
f 2747 2836 2692
f 2692 2603 2747
f 2925 2781 2836
f 2925 2836 2980
f 2980 3069 2925
f 2870 2781 2925
f 3213 3124 3268
f 3268 3357 3213
f 3124 3179 3268
f 3412 3357 3268
f 3268 3323 3412
f 3268 3179 3323
f 5975 5831 5886
f 5831 5742 5886
f 5886 6030 5975
f 5886 5941 6030
f 6208 6064 6119
f 6208 6352 6297
f 6297 6153 6208
f 6153 6064 6208
f 5022 5166 5111
f 5166 5255 5111
f 5111 5255 5200
f 5111 4967 5022
f 5200 5056 5111
f 5056 4967 5111
f 4679 4624 4535
f 4535 4590 4679
f 4679 4590 4734
f 4734 4823 4679
f 4768 4679 4823
f 4624 4679 4768
f 4857 4713 4768
f 4713 4624 4768
f 4912 4967 5056
f 4912 4823 4967
f 5056 5001 4912
f 4912 4768 4823
f 4912 5001 4857
f 4857 4768 4912
f 5014 4870 4925
f 4959 4870 5014
f 5137 5192 5281
f 5281 5226 5137
f 5192 5336 5281
f 5404 5459 5548
f 5637 5493 5548
f 5493 5404 5548
f 5069 5014 4925
f 5158 5014 5069
f 5179 5124 5035
f 4946 5090 5035
f 5090 5179 5035
f 4925 4870 4781
f 4637 4692 4781
f 4781 4726 4637
f 4781 4870 4726
f 1548 1404 1459
f 1548 1459 1603
f 1548 1603 1692
f 1692 1637 1548
f 1438 1349 1493
f 1349 1404 1493
f 1582 1438 1493
f 1404 1548 1493
f 1493 1637 1582
f 1493 1548 1637
f 1514 1459 1370
f 1370 1425 1514
f 1603 1459 1514
f 1514 1425 1569
f 1514 1658 1603
f 1569 1658 1514
f 1480 1336 1391
f 1480 1425 1336
f 1569 1425 1480
f 1391 1535 1480
f 1624 1713 1569
f 1569 1480 1624
f 1624 1480 1535
f 1624 1535 1679
f 1624 1679 1768
f 1768 1713 1624
f 1527 1616 1472
f 1472 1383 1527
f 1527 1383 1438
f 1527 1438 1582
f 1582 1671 1527
f 1671 1616 1527
f 1938 1794 1849
f 1849 1993 1938
f 1705 1760 1849
f 1849 1794 1705
f 1849 1760 1904
f 1904 1993 1849
f 2171 2027 2082
f 2116 2027 2171
f 2171 2082 2226
f 1870 1925 2014
f 2103 1959 2014
f 2014 1959 1870
f 2014 2158 2103
f 2014 2069 2158
f 2014 1925 2069
f 2205 2116 2260
f 2260 2349 2205
f 2116 2171 2260
f 2993 2904 3048
f 2904 2959 3048
f 2362 2218 2273
f 2273 2417 2362
f 2362 2451 2307
f 2307 2218 2362
f 2794 2650 2705
f 2938 2883 2794
f 2794 2883 2739
f 2739 2650 2794
f 2794 2849 2938
f 2705 2849 2794
f 2506 2650 2595
f 2506 2362 2417
f 2506 2417 2561
f 2561 2650 2506
f 2595 2451 2506
f 2451 2362 2506
f 2328 2472 2417
f 2328 2184 2239
f 2239 2383 2328
f 2383 2472 2328
f 2328 2417 2273
f 2273 2184 2328
f 4742 4687 4598
f 4598 4509 4653
f 4653 4742 4598
f 4598 4454 4509
f 4543 4454 4598
f 4598 4687 4543
f 3797 3708 3852
f 3852 3996 3941
f 3941 3797 3852
f 4119 4064 3975
f 4208 4064 4119
f 3818 3674 3729
f 3763 3674 3818
f 3585 3674 3530
f 3530 3674 3619
f 3619 3564 3475
f 3475 3530 3619
f 3386 3530 3475
f 3331 3386 3475
f 3653 3598 3509
f 3653 3742 3598
f 3509 3564 3653
f 3653 3797 3742
f 3653 3564 3708
f 3708 3797 3653
f 4627 4572 4483
f 4483 4538 4627
f 4394 4538 4483
f 4339 4394 4483
f 4483 4428 4339
f 4483 4572 4428
f 2179 2090 2234
f 2234 2323 2179
f 2056 1912 1967
f 1912 1823 1967
f 3187 3132 3043
f 3187 3242 3331
f 2954 2865 3009
f 6811 6722 6866
f 6955 6900 6811
f 6811 6866 6955
f 6900 6756 6811
f 6756 6667 6811
f 6811 6667 6722
f 6819 6764 6675
f 6675 6764 6620
f 6620 6531 6675
f 6675 6531 6586
f 6476 6565 6421
f 6421 6332 6476
f 6620 6565 6476
f 6476 6531 6620
f 6497 6586 6442
f 6586 6531 6442
f 6442 6353 6497
f 6298 6353 6442
f 6544 6400 6455
f 6366 6510 6455
f 6455 6510 6599
f 6599 6544 6455
f 6222 6366 6311
f 6311 6400 6256
f 6366 6455 6311
f 6311 6455 6400
f 6311 6167 6222
f 6256 6167 6311
f 7285 7374 7319
f 7319 7230 7285
f 7264 7230 7319
f 7319 7353 7264
f 7607 7641 7552
f 7641 7586 7552
f 7442 7353 7408
f 7353 7319 7408
f 7374 7463 7408
f 7408 7319 7374
f 7607 7552 7518
f 7518 7552 7463
f 7052 7018 7107
f 7162 7196 7107
f 7107 7073 7162
f 7018 7073 7107
f 7107 7141 7052
f 7107 7196 7141
f 7039 7073 6984
f 6895 6950 7039
f 7039 6984 6895
f 7039 6950 7005
f 7005 7094 7039
f 7382 7471 7416
f 7505 7539 7450
f 7450 7416 7505
f 7505 7416 7471
f 7437 7471 7382
f 7437 7382 7348
f 7348 7403 7437
f 7217 7251 7162
f 7272 7217 7183
f 7327 7293 7382
f 7382 7416 7327
f 7081 7136 7170
f 7170 7136 7225
f 7094 7060 7149
f 7149 7183 7094
f 7031 7120 7065
f 7031 6887 6942
f 7031 6942 6997
f 7264 7209 7175
f 7209 7120 7175
f 7175 7230 7264
f 7141 7230 7175
f 7476 7387 7442
f 7421 7387 7476
f 7442 7531 7476
f 7510 7421 7476
f 7531 7565 7476
f 7476 7565 7510
f 7400 7489 7434
f 7434 7345 7400
f 7078 7112 7023
f 7057 6968 7023
f 7023 7112 7057
f 6934 6989 7023
f 7023 6989 7078
f 7023 6879 6934
f 7023 6968 6879
f 6151 6096 6007
f 5918 6062 6007
f 6007 6062 6151
f 6007 5863 5918
f 6007 6096 5952
f 5952 5863 6007
f 6185 6329 6274
f 6418 6363 6274
f 6274 6329 6418
f 6130 6075 5986
f 5986 6041 6130
f 6130 6041 6185
f 6185 6274 6130
f 5753 5664 5808
f 5808 5897 5753
f 5808 5664 5719
f 5952 5897 5808
f 5719 5863 5808
f 5808 5863 5952
f 6261 6350 6206
f 6261 6172 6316
f 6316 6405 6261
f 6405 6350 6261
f 5939 6083 6028
f 6083 6172 6028
f 5740 5685 5596
f 5740 5829 5685
f 5468 5324 5379
f 5468 5612 5557
f 5557 5413 5468
f 5413 5324 5468
f 5379 5523 5468
f 5523 5612 5468
f 7822 7767 7788
f 7767 7733 7788
f 7788 7733 7754
f 7788 7754 7809
f 7809 7843 7788
f 7788 7843 7822
f 7835 7801 7856
f 7835 7890 7869
f 7835 7856 7890
f 7869 7814 7835
f 7835 7814 7780
f 7780 7801 7835
f 4936 4792 4847
f 4991 4936 4847
f 4902 4991 4847
f 4847 4758 4902
f 5237 5093 5148
f 5148 5292 5237
f 5292 5381 5237
f 5182 5093 5237
f 5360 5271 5415
f 5127 5038 5182
f 5182 5271 5127
f 4983 5038 5127
f 5127 5072 4983
f 5250 5305 5394
f 5483 5339 5394
f 5394 5339 5250
f 5716 5627 5771
f 5771 5860 5716
f 5470 5381 5525
f 6389 6334 6245
f 6478 6334 6389
f 6389 6533 6478
f 6389 6444 6533
f 6410 6499 6355
f 6499 6444 6355
f 6355 6266 6410
f 6211 6266 6355
f 6211 6067 6122
f 6122 6067 5978
f 6122 6266 6211
f 6122 6177 6266
f 5800 5944 5889
f 5978 5834 5889
f 5800 5889 5745
f 5745 5889 5834
f 5868 5724 5779
f 5779 5724 5635
f 5258 5402 5347
f 5347 5203 5258
f 5347 5436 5292
f 5292 5203 5347
f 6551 6695 6640
f 6729 6585 6640
f 6640 6784 6729
f 6640 6695 6784
f 6496 6551 6640
f 6640 6585 6496
f 6703 6648 6559
f 6559 6648 6504
f 6504 6360 6415
f 6415 6326 6470
f 6415 6559 6504
f 6470 6559 6415
f 6182 6326 6271
f 6271 6360 6216
f 6326 6415 6271
f 6271 6415 6360
f 6271 6127 6182
f 6271 6216 6127
f 6012 6156 6101
f 6012 6067 6156
f 5915 5771 5826
f 5860 5771 5915
f 6512 6601 6457
f 6601 6546 6457
f 6457 6546 6402
f 7248 7282 7193
f 7193 7159 7248
f 7227 7138 7193
f 7193 7282 7227
f 6994 7028 6939
f 6994 7083 7028
f 6939 6850 6994
f 7070 7159 7104
f 7159 7193 7104
f 7104 7193 7138
f 6714 6769 6858
f 6858 6803 6714
f 6625 6769 6714
f 6570 6625 6714
f 6761 6617 6672
f 6672 6816 6761
f 6672 6727 6816
f 6782 6727 6638
f 6871 6727 6782
f 6782 6926 6871
f 6837 6926 6782
f 6659 6714 6803
f 6570 6714 6659
f 6515 6570 6659
f 6659 6604 6515
f 7015 6960 6871
f 6871 6926 7015
f 7015 6926 7070
f 7070 7104 7015
f 6889 6944 7033
f 7033 6978 6889
f 6889 6800 6944
f 6889 6978 6834
f 6834 6745 6889
f 6745 6800 6889
f 7651 7706 7685
f 7706 7740 7685
f 7685 7740 7719
f 7685 7664 7630
f 7719 7664 7685
f 7630 7596 7685
f 7685 7596 7651
f 7269 7303 7214
f 7159 7125 7214
f 7248 7159 7214
f 7214 7303 7248
f 7214 7180 7269
f 7214 7125 7180
f 7091 7146 7180
f 7091 7125 7036
f 7180 7125 7091
f 7091 7036 7002
f 7002 7057 7091
f 7057 7146 7091
f 6952 7041 6897
f 6952 6808 6863
f 6897 6808 6952
f 6863 7007 6952
f 7007 7041 6952
f 6664 6808 6753
f 6753 6842 6698
f 6753 6897 6842
f 6753 6808 6897
f 6753 6609 6664
f 6698 6609 6753
f 7486 7520 7431
f 7520 7465 7431
f 7431 7397 7486
f 7431 7342 7397
f 7499 7444 7410
f 7410 7465 7499
f 7410 7444 7355
f 7355 7321 7410
f 7287 7198 7253
f 7253 7342 7287
f 7232 7198 7287
f 7321 7232 7287
f 7630 7575 7541
f 7541 7596 7630
f 7575 7486 7541
f 7507 7596 7541
f 7541 7486 7452
f 7452 7507 7541
f 2471 2416 2327
f 2238 2382 2327
f 2327 2382 2471
f 2327 2183 2238
f 2327 2272 2183
f 2327 2416 2272
f 2798 2853 2942
f 3031 2887 2942
f 2942 2887 2798
f 3086 3031 2942
f 2942 2997 3086
f 2942 2853 2997
f 2751 2806 2895
f 2895 2840 2751
f 2984 2840 2895
f 3039 2984 2895
f 2895 2950 3039
f 2895 2806 2950
f 2683 2827 2772
f 2539 2594 2683
f 2683 2628 2539
f 2772 2628 2683
f 2738 2594 2649
f 2882 2827 2738
f 2738 2683 2594
f 2827 2683 2738
f 2649 2793 2738
f 2793 2882 2738
f 5437 5348 5492
f 5492 5581 5437
f 5437 5581 5526
f 5725 5581 5636
f 5670 5581 5725
f 5725 5814 5670
f 4971 5115 5060
f 4827 4882 4971
f 4971 4916 4827
f 5060 4916 4971
f 5060 5115 5204
f 5259 5348 5204
f 5204 5115 5259
f 5005 4916 5060
f 5094 4950 5005
f 4657 4712 4801
f 4890 4746 4801
f 4746 4657 4801
f 4801 4945 4890
f 4801 4856 4945
f 4712 4856 4801
f 7270 7215 7181
f 7037 6982 6893
f 6885 6830 6741
f 6741 6830 6686
f 6686 6597 6741
f 6597 6652 6741
f 7432 7398 7487
f 7432 7466 7377
f 7487 7521 7432
f 7521 7466 7432
f 7241 7296 7330
f 7330 7275 7241
f 7207 7296 7241
f 7241 7152 7207
f 7042 7097 7131
f 7076 7042 7131
f 7131 7220 7165
f 7165 7076 7131
f 6822 6678 6733
f 6733 6644 6788
f 6877 6822 6733
f 6733 6788 6877
f 6500 6644 6589
f 6678 6534 6589
f 6589 6733 6678
f 6644 6733 6589
f 6589 6445 6500
f 6589 6534 6445
f 6555 6411 6466
f 6466 6377 6521
f 6322 6377 6466
f 6466 6411 6322
f 6521 6610 6466
f 6610 6555 6466
f 7369 7280 7335
f 7335 7424 7369
f 7314 7280 7369
f 7369 7403 7314
f 7636 7547 7602
f 7568 7657 7602
f 7513 7479 7568
f 7513 7424 7479
f 7568 7602 7513
f 7513 7602 7547
f 7445 7534 7479
f 7445 7500 7534
f 7445 7479 7390
f 7411 7500 7445
f 6217 6272 6361
f 6361 6306 6217
f 6128 6272 6217
f 6217 6306 6162
f 6128 6217 6073
f 6073 6217 6162
f 6018 6073 6162
f 5929 6073 6018
f 6230 6141 6285
f 6230 6374 6319
f 6285 6374 6230
f 6052 6196 6141
f 6340 6196 6251
f 6162 6306 6251
f 6251 6306 6395
f 6395 6340 6251
f 5675 5531 5586
f 6065 6010 5921
f 6154 6010 6065
f 6065 6209 6154
f 6065 6120 6209
f 5903 5814 5958
f 5958 6047 5903
f 5958 6013 6102
f 6102 6047 5958
f 6191 6047 6102
f 6102 6246 6191
f 7089 7144 7178
f 7089 7178 7123
f 7123 7034 7089
f 7089 7034 7000
f 7089 7000 7055
f 7055 7144 7089
f 7288 7322 7233
f 7178 7144 7233
f 7233 7267 7178
f 7233 7322 7267
f 7233 7199 7288
f 7233 7144 7199
f 7267 7301 7212
f 7212 7157 7123
f 7123 7178 7212
f 7178 7267 7212
f 7191 7157 7246
f 7246 7301 7335
f 7157 7212 7246
f 7246 7212 7301
f 7246 7280 7191
f 7335 7280 7246
f 7356 7301 7267
f 7356 7322 7411
f 7267 7322 7356
f 7411 7445 7356
f 7390 7301 7356
f 7356 7445 7390
f 5921 5777 5832
f 5777 5688 5832
f 5798 5654 5709
f 6141 6230 6086
f 5586 5641 5730
f 5730 5675 5586
f 5819 5675 5730
f 5696 5751 5840
f 5840 5751 5895
f 4628 4772 4717
f 4717 4806 4662
f 4340 4285 4196
f 4340 4429 4285
f 4196 4251 4340
f 4251 4395 4340
f 4662 4518 4573
f 4518 4429 4573
f 4573 4717 4662
f 4628 4717 4573
f 4704 4649 4560
f 4471 4615 4560
f 4615 4704 4560
f 4416 4471 4560
f 4560 4505 4416
f 4560 4649 4505
f 5272 5416 5361
f 5272 5128 5183
f 5183 5327 5272
f 5327 5416 5272
f 5217 5128 5272
f 5272 5361 5217
f 4424 4280 4335
f 4424 4479 4568
f 4335 4479 4424
f 5170 5115 5026
f 5081 5170 5026
f 5026 4937 5081
f 4882 4937 5026
f 5026 4971 4882
f 5115 4971 5026
f 3780 3636 3691
f 3924 3869 3780
f 3780 3835 3924
f 3691 3835 3780
f 3581 3636 3725
f 3814 3670 3725
f 3670 3581 3725
f 3725 3869 3814
f 3725 3780 3869
f 3636 3780 3725
f 5010 4955 4866
f 4777 4921 4866
f 4921 5010 4866
f 4866 4722 4777
f 4866 4811 4722
f 4866 4955 4811
f 4680 4625 4536
f 4591 4680 4536
f 4536 4625 4481
f 6662 6751 6607
f 6518 6573 6662
f 6662 6607 6518
f 6895 6751 6806
f 6806 6950 6895
f 6861 6950 6806
f 6751 6662 6806
f 7812 7833 7867
f 7888 7901 7867
f 7867 7833 7888
f 7812 7757 7778
f 7778 7744 7799
f 7799 7833 7778
f 7778 7833 7812
f 7668 7613 7579
f 7283 7249 7338
f 7796 7741 7762
f 7741 7707 7762
f 7872 7906 7885
f 7885 7851 7872
f 7872 7893 7906
f 7838 7893 7872
f 7817 7783 7838
f 7838 7872 7817
f 7817 7872 7851
f 7817 7851 7796
f 7796 7762 7817
f 7817 7762 7783
f 7736 7757 7791
f 7791 7757 7812
f 7859 7893 7838
f 7440 7474 7385
f 7385 7351 7440
f 7827 7861 7806
f 7861 7840 7806
f 7785 7751 7806
f 7806 7840 7785
f 7746 7725 7691
f 7691 7712 7746
f 7691 7657 7712
f 7636 7602 7691
f 7691 7602 7657
f 7670 7725 7704
f 7636 7691 7670
f 7670 7691 7725
f 7670 7704 7649
f 7649 7615 7670
f 7921 7900 7887
f 7921 7908 7942
f 7887 7908 7921
f 7934 7900 7921
f 7942 7955 7921
f 7921 7955 7934
f 7594 7628 7539
f 7539 7505 7594
f 7662 7641 7607
f 5901 5956 6045
f 5901 5812 5956
f 6045 5990 5901
f 5757 5812 5901
f 5990 5846 5901
f 5901 5846 5757
f 5867 5812 5723
f 5634 5778 5723
f 5723 5778 5867
f 5757 5702 5613
f 5469 5524 5613
f 5613 5558 5469
f 5613 5702 5558
f 3207 3118 3262
f 3063 3118 3207
f 3152 3296 3241
f 3008 3063 3152
f 3063 3207 3152
f 3152 3207 3296
f 3241 3097 3152
f 3152 3097 3008
f 3385 3529 3474
f 3241 3296 3385
f 3385 3330 3241
f 3474 3330 3385
f 4171 4116 4027
f 4027 4082 4171
f 3938 4082 4027
f 4027 3883 3938
f 4027 3972 3883
f 4027 4116 3972
f 3917 3862 3773
f 3773 3684 3828
f 3828 3917 3773
f 3629 3684 3773
f 3773 3718 3629
f 3773 3862 3718
f 3197 3053 3108
f 3197 3341 3286
f 3197 3108 3252
f 3252 3341 3197
f 2998 3053 3142
f 3142 3087 2998
f 3142 3231 3087
f 3286 3231 3142
f 3142 3197 3286
f 3053 3197 3142
f 7354 7388 7299
f 7299 7265 7354
f 7422 7388 7477
f 7655 7621 7676
f 7566 7621 7655
f 7655 7600 7566
f 7553 7608 7642
f 7519 7608 7553
f 7553 7464 7519
f 7498 7464 7553
f 7477 7388 7443
f 7388 7354 7443
f 7409 7498 7443
f 7443 7354 7409
f 7409 7354 7320
f 7320 7354 7265
f 7113 7024 7079
f 7079 7168 7113
f 7134 7168 7079
f 7079 7024 6990
f 6990 7045 7079
f 7045 7134 7079
f 7223 7312 7257
f 7257 7168 7223
f 7223 7168 7134
f 7223 7134 7189
f 7642 7608 7663
f 7663 7697 7642
f 7663 7574 7629
f 7608 7574 7663
f 7718 7697 7663
f 7663 7684 7718
f 7629 7684 7663
f 7676 7697 7731
f 7786 7765 7731
f 7731 7752 7786
f 7731 7697 7752
f 7370 7459 7404
f 7493 7459 7548
f 7527 7438 7493
f 7438 7404 7493
f 7493 7404 7459
f 7493 7582 7527
f 7548 7582 7493
f 7294 7383 7328
f 7328 7239 7294
f 7061 7150 7095
f 6917 6972 7061
f 7116 7150 7061
f 7061 7027 7116
f 6972 7027 7061
f 6891 6980 6836
f 6836 6747 6891
f 6747 6802 6891
f 7056 7022 7111
f 7166 7200 7111
f 7111 7077 7166
f 7111 7022 7077
f 7145 7056 7111
f 7111 7200 7145
f 7145 7200 7234
f 7234 7179 7145
f 7268 7179 7234
f 7234 7323 7268
f 7412 7446 7357
f 7357 7323 7412
f 7187 7242 7276
f 7255 7200 7166
f 7611 7577 7666
f 7666 7645 7611
f 7645 7556 7611
f 7158 7213 7247
f 7213 7302 7247
f 7357 7446 7391
f 7391 7302 7357
f 7480 7425 7391
f 7391 7446 7480
f 7585 7530 7496
f 7619 7530 7585
f 7585 7674 7619
f 7585 7640 7674
f 7640 7585 7551
f 7551 7585 7496
f 7496 7462 7551
f 7551 7462 7517
f 7428 7462 7373
f 7407 7352 7318
f 7318 7373 7407
f 7407 7373 7462
f 7441 7352 7407
f 7496 7441 7407
f 7407 7462 7496
f 6611 6755 6700
f 6700 6556 6611
f 6700 6645 6556
f 6632 6577 6488
f 6632 6721 6577
f 6776 6721 6632
f 5938 5993 6082
f 5938 5849 5993
f 5938 6082 6027
f 5794 5849 5938
f 5883 5794 5938
f 5938 6027 5883
f 6009 5865 5920
f 6153 6098 6009
f 5954 5865 6009
f 6009 6098 5954
f 6009 6064 6153
f 5920 6064 6009
f 6276 6187 6331
f 6187 6242 6331
f 6331 6420 6276
f 6920 6776 6831
f 6831 6742 6886
f 6831 6975 6920
f 6831 6886 6975
f 6886 6742 6797
f 6708 6852 6797
f 6653 6742 6598
f 6708 6797 6653
f 6653 6797 6742
f 5522 5467 5378
f 5289 5433 5378
f 5378 5433 5522
f 5378 5234 5289
f 5323 5467 5412
f 5323 5179 5234
f 5234 5378 5323
f 5323 5378 5467
f 5412 5268 5323
f 5268 5179 5323
f 6022 5878 5933
f 6166 6111 6022
f 6111 5967 6022
f 5967 5878 6022
f 6022 6077 6166
f 5933 6077 6022
f 5357 5501 5446
f 5357 5446 5302
f 5357 5268 5412
f 5412 5501 5357
f 5734 5645 5789
f 5789 5878 5734
f 5535 5391 5446
f 5446 5501 5590
f 5590 5535 5446
f 5679 5535 5590
f 5590 5734 5679
f 5590 5501 5645
f 5645 5734 5590
f 6645 6734 6590
f 6734 6679 6590
f 6501 6645 6590
f 6590 6679 6535
f 6590 6446 6501
f 6535 6446 6590
f 5946 6090 6035
f 5946 5802 5857
f 6056 6145 6001
f 6145 6090 6001
f 6001 5946 5857
f 6090 5946 6001
f 5658 5802 5747
f 6391 6336 6247
f 6247 6302 6391
f 6480 6336 6391
f 6391 6302 6446
f 6391 6535 6480
f 6391 6446 6535
f 6812 6723 6867
f 6867 6956 6812
f 6812 6956 6901
f 6812 6901 6757
f 6676 6621 6532
f 6731 6820 6676
f 6587 6676 6532
f 6587 6642 6731
f 6731 6676 6587
f 6435 6579 6524
f 6613 6469 6524
f 6524 6380 6435
f 6524 6469 6380
f 6668 6579 6723
f 6668 6812 6757
f 6723 6812 6668
f 6757 6613 6668
f 6613 6524 6668
f 6668 6524 6579
f 7842 7876 7821
f 7737 7758 7792
f 7792 7771 7737
f 7792 7826 7771
f 7792 7758 7813
f 7792 7813 7847
f 7847 7826 7792
f 7750 7784 7729
f 7750 7805 7784
f 7771 7805 7750
f 7750 7716 7771
f 7993 7980 7988
f 7988 7980 7967
f 6716 6860 6805
f 6805 6661 6716
f 6915 6860 6771
f 6860 6716 6771
f 6771 6716 6627
f 7258 7224 7313
f 7313 7347 7258
f 7046 7101 7135
f 7135 7080 7046
f 7046 7080 6991
f 7046 6991 6902
f 7012 7101 7046
f 6517 6661 6606
f 6606 6462 6517
f 7800 7834 7779
f 7779 7745 7800
f 7800 7745 7766
f 7766 7821 7800
f 7766 7745 7711
f 7711 7732 7766
f 7711 7677 7732
f 7711 7656 7677
f 7711 7745 7690
f 7690 7656 7711
f 7127 7093 7182
f 7182 7216 7127
f 7381 7470 7415
f 7415 7326 7381
f 7415 7470 7504
f 7525 7470 7436
f 7436 7491 7525
f 7525 7491 7580
f 7559 7470 7525
f 7525 7614 7559
f 7580 7614 7525
f 7580 7491 7546
f 7601 7635 7546
f 7546 7635 7580
f 7512 7601 7546
f 7546 7457 7512
f 7546 7491 7457
f 7504 7593 7538
f 7572 7483 7538
f 6736 6647 6791
f 6736 6880 6825
f 6736 6791 6880
f 6825 6681 6736
f 6592 6681 6537
f 6592 6736 6681
f 6647 6736 6592
f 6558 6613 6702
f 6702 6647 6558
f 6558 6469 6613
f 6414 6469 6558
f 5164 5308 5253
f 5020 5075 5164
f 5164 5075 5219
f 5219 5308 5164
f 5287 5232 5143
f 5143 5198 5287
f 5054 5198 5143
f 5143 4999 5054
f 5321 5376 5465
f 5321 5232 5376
f 5465 5410 5321
f 5177 5232 5321
f 5321 5266 5177
f 5410 5266 5321
f 4821 4766 4677
f 4677 4732 4821
f 4821 4732 4876
f 4876 4965 4821
f 5253 5198 5109
f 5020 5164 5109
f 5109 5164 5253
f 5109 4965 5020
f 5054 4965 5109
f 5109 5198 5054
f 4415 4360 4271
f 4271 4182 4326
f 4326 4415 4271
f 4216 4360 4305
f 4305 4161 4216
f 4216 4161 4072
f 4216 4271 4360
f 4313 4258 4169
f 4224 4313 4169
f 4169 4080 4224
f 4025 4080 4169
f 4169 4114 4025
f 4169 4258 4114
f 2056 1967 2111
f 2111 1967 2022
f 1933 1789 1844
f 2365 2221 2276
f 2365 2509 2454
f 2276 2420 2365
f 2365 2420 2509
f 2255 2111 2166
f 2166 2111 2022
f 2276 2221 2132
f 2132 2187 2276
f 2043 2187 2132
f 2454 2399 2310
f 2310 2365 2454
f 2221 2365 2310
f 2310 2166 2221
f 2310 2399 2255
f 2255 2166 2310
f 2344 2399 2488
f 2488 2632 2577
f 2543 2632 2488
f 2488 2399 2543
f 3030 2975 2886
f 2941 3030 2886
f 2886 2797 2941
f 2886 2742 2797
f 2831 2687 2742
f 2742 2886 2831
f 2831 2886 2975
f 2776 2687 2831
f 3373 3229 3284
f 3517 3462 3373
f 3462 3318 3373
f 3318 3229 3373
f 3373 3428 3517
f 3373 3284 3428
f 3839 3784 3695
f 3695 3750 3839
f 3695 3606 3750
f 3551 3606 3695
f 3695 3640 3551
f 3695 3784 3640
f 3873 4017 3962
f 3729 3784 3873
f 3928 4017 3873
f 3873 3784 3928
f 3873 3818 3729
f 3962 3818 3873
f 3682 3771 3627
f 3627 3538 3682
f 3449 3394 3305
f 3449 3538 3394
f 3305 3360 3449
f 4059 3915 3970
f 3970 4114 4059
f 3881 4025 3970
f 4025 4114 3970
f 4004 3860 3915
f 4148 4093 4004
f 4004 4059 4148
f 4004 3915 4059
f 3805 3860 3949
f 4038 3894 3949
f 3949 3894 3805
f 3949 4093 4038
f 3949 4004 4093
f 3860 4004 3949
f 4855 4999 4944
f 4855 4711 4766
f 4944 4800 4855
f 4800 4711 4855
f 5088 5232 5177
f 4944 4999 5088
f 5088 5143 5232
f 4999 5143 5088
f 5177 5033 5088
f 5088 5033 4944
f 2894 2805 2949
f 2949 3038 2894
f 2805 2860 2949
f 2949 3093 3038
f 2949 2860 3004
f 3004 3093 2949
f 3237 3093 3148
f 3381 3326 3237
f 3326 3182 3237
f 3182 3093 3237
f 3292 3381 3237
f 3237 3148 3292
f 2826 2970 2915
f 2771 2826 2915
f 2915 2860 2771
f 3004 2860 2915
f 186 220 165
f 165 131 186
f 834 779 745
f 834 800 889
f 745 800 834
f 711 745 656
f 711 800 745
f 711 622 677
f 656 622 711
f 790 735 701
f 790 701 756
f 756 845 790
f 769 735 824
f 824 858 769
f 824 913 858
f 735 790 824
f 811 777 866
f 921 955 866
f 866 955 900
f 900 811 866
f 887 921 832
f 832 777 743
f 921 866 832
f 832 866 777
f 798 887 832
f 832 743 798
f 21 16 29
f 21 8 16
f 29 50 42
f 50 63 42
f 42 21 29
f 63 76 42
f 76 55 42
f 68 55 89
f 68 81 47
f 81 68 102
f 89 123 102
f 102 68 89
f 94 81 115
f 115 128 94
f 149 128 115
f 81 102 115
f 170 149 115
f 73 60 94
f 94 107 73
f 73 86 52
f 107 86 73
f 39 73 52
f 60 73 39
f 47 60 39
f 57 44 78
f 99 112 78
f 23 44 36
f 23 36 15
f 15 10 23
f 99 86 120
f 107 141 120
f 120 86 107
f 154 133 120
f 120 133 99
f 175 154 120
f 120 141 175
f 162 128 183
f 162 183 217
f 217 196 162
f 162 196 141
f 162 141 107
f 107 128 162
f 460 549 494
f 494 405 460
f 439 405 494
f 528 439 494
f 583 528 494
f 494 549 583
f 371 316 337
f 337 426 371
f 371 405 316
f 460 405 371
f 371 426 460
f 1025 936 1080
f 936 991 1080
f 1080 1169 1025
f 1080 1224 1169
f 1046 991 957
f 957 1101 1046
f 1101 1245 1190
f 1190 1046 1101
f 1499 1410 1554
f 1643 1588 1499
f 1499 1554 1643
f 1499 1588 1444
f 1444 1300 1355
f 1355 1499 1444
f 1410 1499 1355
f 1355 1300 1211
f 1376 1465 1321
f 1465 1410 1321
f 1321 1232 1376
f 1130 1041 1185
f 1185 1274 1130
f 1130 1274 1219
f 1219 1075 1130
f 1075 931 986
f 986 1130 1075
f 1041 1130 986
f 986 931 897
f 897 952 986
f 952 1041 986
f 1766 1855 1711
f 1766 1622 1677
f 1711 1622 1766
f 1677 1821 1766
f 1766 1821 1910
f 1910 1855 1766
f 831 776 742
f 776 687 742
f 742 797 831
f 742 687 653
f 708 797 742
f 742 653 708
f 530 564 475
f 475 441 530
f 386 441 475
f 475 420 386
f 454 488 399
f 454 543 488
f 365 310 331
f 331 420 365
f 399 310 365
f 365 454 399
f 420 454 365
f 2370 2425 2514
f 2514 2603 2459
f 2459 2370 2514
f 2658 2603 2514
f 2569 2658 2514
f 2514 2425 2569
f 718 752 663
f 608 574 663
f 663 697 608
f 663 752 697
f 663 629 718
f 663 574 629
f 2019 1875 1930
f 2163 2108 2019
f 1930 2074 2019
f 2019 2074 2163
f 1964 1820 1875
f 2108 2053 1964
f 1964 2053 1909
f 1909 1820 1964
f 1964 2019 2108
f 1875 2019 1964
f 2320 2375 2464
f 2553 2409 2464
f 2464 2409 2320
f 1900 1756 1811
f 1900 1811 1955
f 1790 1701 1845
f 1701 1756 1845
f 1934 1790 1845
f 1845 1989 1934
f 1845 1900 1989
f 1756 1900 1845
f 2023 2078 2167
f 2256 2112 2167
f 2167 2112 2023
f 2167 2311 2256
f 2167 2078 2222
f 2222 2311 2167
f 2455 2544 2400
f 2400 2311 2455
f 2544 2489 2400
f 2256 2311 2400
f 2400 2345 2256
f 2400 2489 2345
f 1447 1303 1358
f 1413 1502 1358
f 1502 1447 1358
f 1358 1303 1214
f 3764 3620 3675
f 3764 3908 3853
f 3819 3908 3764
f 3764 3675 3819
f 3565 3620 3709
f 3709 3798 3654
f 3654 3565 3709
f 3853 3798 3709
f 3709 3764 3853
f 3620 3764 3709
f 2633 2777 2722
f 2633 2489 2544
f 2633 2544 2688
f 2688 2777 2633
f 2633 2722 2578
f 2578 2489 2633
f 2379 2523 2468
f 2235 2290 2379
f 2290 2434 2379
f 2434 2523 2379
f 2379 2324 2235
f 2379 2468 2324
f 1550 1639 1495
f 1495 1406 1550
f 1351 1406 1495
f 2846 2702 2757
f 2990 2935 2846
f 2846 2791 2702
f 2846 2935 2791
f 2757 2901 2846
f 2846 2901 2990
f 3079 2935 2990
f 3223 3168 3079
f 3079 3168 3024
f 3024 2935 3079
f 3079 3134 3223
f 2990 3134 3079
f 3155 3011 3066
f 3011 2922 3066
f 3066 3210 3155
f 3066 3121 3210
f 220 186 241
f 254 309 288
f 254 199 220
f 233 199 254
f 254 288 233
f 288 309 343
f 343 309 398
f 343 398 432
f 432 377 343
f 267 288 322
f 322 411 356
f 322 377 411
f 288 343 322
f 322 343 377
f 356 301 322
f 322 301 267
f 487 576 521
f 432 487 521
f 521 466 432
f 555 466 521
f 521 610 555
f 521 576 610
f 610 576 665
f 665 720 754
f 631 720 665
f 665 576 631
f 665 754 699
f 699 610 665
f 1767 1822 1911
f 1911 1856 1767
f 1678 1822 1767
f 1767 1856 1712
f 1623 1678 1767
f 1767 1712 1623
f 2144 2233 2089
f 2089 2000 2144
f 2089 2233 2178
f 1945 2000 2089
f 2178 2034 2089
f 2034 1945 2089
f 1377 1466 1322
f 1233 1288 1377
f 1377 1322 1233
f 1377 1288 1432
f 1432 1521 1377
f 1521 1466 1377
f 1110 1254 1199
f 1199 1288 1144
f 1199 1343 1288
f 1199 1254 1343
f 1144 1055 1199
f 1199 1055 1110
f 2262 2173 2317
f 2317 2406 2262
f 2440 2351 2495
f 2351 2406 2495
f 2495 2406 2550
f 2872 2728 2783
f 2783 2927 2872
f 2838 2927 2783
f 2783 2694 2838
f 979 1068 1013
f 1013 924 979
f 1123 1068 979
f 979 1034 1123
f 979 924 890
f 890 945 979
f 945 1034 979
f 966 911 877
f 966 932 1021
f 966 877 932
f 1021 1110 966
f 1110 1055 966
f 966 1055 1000
f 1000 911 966
f 1529 1474 1385
f 1529 1618 1474
f 1851 1707 1762
f 1707 1618 1762
f 1762 1906 1851
f 1817 1906 1762
f 744 778 689
f 600 655 689
f 689 655 744
f 689 778 723
f 969 1024 1113
f 1003 914 969
f 969 914 880
f 880 935 969
f 935 1024 969
f 1037 1092 1181
f 1181 1092 1236
f 1236 1325 1181
f 1325 1270 1181
f 1160 1304 1249
f 1160 1215 1304
f 1139 995 1050
f 995 961 1050
f 1050 1194 1139
f 893 927 838
f 838 804 893
f 893 804 859
f 859 948 893
f 59 93 72
f 38 46 59
f 59 72 38
f 169 190 224
f 224 203 169
f 501 412 467
f 556 501 467
f 467 522 556
f 467 433 522
f 378 412 323
f 378 344 433
f 378 323 344
f 433 467 378
f 378 467 412
f 312 333 367
f 367 333 422
f 401 312 367
f 367 456 401
f 367 422 456
f 354 443 388
f 388 333 354
f 422 333 388
f 388 477 422
f 443 477 388
f 2390 2246 2301
f 2301 2445 2390
f 2356 2445 2301
f 2301 2212 2356
f 1293 1382 1238
f 1238 1149 1293
f 1293 1149 1204
f 1293 1204 1348
f 1416 1327 1471
f 1327 1382 1471
f 1471 1560 1416
f 1581 1492 1636
f 1636 1725 1581
f 1581 1725 1670
f 1348 1492 1437
f 1437 1293 1348
f 1382 1293 1437
f 1492 1581 1437
f 4508 4652 4597
f 4364 4419 4508
f 4508 4453 4364
f 4597 4453 4508
f 4597 4652 4741
f 4686 4597 4741
f 4741 4830 4686
f 4741 4885 4830
f 4796 4940 4885
f 4885 4741 4796
f 4796 4741 4652
f 4796 4851 4940
f 4563 4419 4474
f 4563 4474 4618
f 4563 4508 4419
f 4652 4508 4563
f 5084 5029 4940
f 4906 5050 4995
f 5050 5139 4995
f 5139 5084 4995
f 4995 4851 4906
f 4940 4851 4995
f 4995 5084 4940
f 4817 4961 4906
f 4906 4762 4817
f 4817 4762 4673
f 4872 4961 4817
f 4474 4330 4385
f 4385 4330 4241
f 4529 4673 4618
f 4529 4385 4440
f 4618 4474 4529
f 4474 4385 4529
f 4584 4440 4495
f 4584 4495 4639
f 4673 4529 4584
f 4584 4529 4440
f 4495 4440 4351
f 4406 4495 4351
f 5000 4856 4911
f 5000 5144 5089
f 5089 4945 5000
f 4945 4856 5000
f 5000 4911 5055
f 5055 5144 5000
f 5021 4966 4877
f 4788 4932 4877
f 4932 5021 4877
f 4733 4788 4877
f 4877 4822 4733
f 4877 4966 4822
f 5550 5406 5461
f 5461 5605 5550
f 5605 5694 5550
f 5440 5351 5495
f 5351 5406 5495
f 5406 5550 5495
f 4110 4165 4254
f 4343 4199 4254
f 4199 4110 4254
f 4398 4343 4254
f 4254 4309 4398
f 4254 4165 4309
f 3765 3621 3676
f 3909 3854 3765
f 3676 3820 3765
f 3765 3820 3909
f 3566 3621 3710
f 3655 3566 3710
f 3710 3799 3655
f 3854 3799 3710
f 3710 3765 3854
f 3621 3765 3710
f 3092 2948 3003
f 3092 3236 3181
f 3003 3147 3092
f 3147 3236 3092
f 2893 2948 3037
f 3126 2982 3037
f 2982 2893 3037
f 3181 3126 3037
f 3037 3092 3181
f 2948 3092 3037
f 3804 3859 3948
f 3948 3893 3804
f 4037 3893 3948
f 3825 3736 3880
f 3681 3736 3825
f 3770 3914 3859
f 3626 3681 3770
f 3681 3825 3770
f 3770 3825 3914
f 3770 3715 3626
f 3770 3859 3715
f 4147 4202 4291
f 5388 5443 5532
f 5388 5299 5443
f 5532 5477 5388
f 5244 5299 5388
f 5388 5477 5333
f 5333 5244 5388
f 5155 5299 5244
f 5155 5011 5066
f 5066 5210 5155
f 5210 5299 5155
f 5155 5244 5100
f 5100 5011 5155
f 4414 4558 4503
f 4270 4325 4414
f 4414 4325 4469
f 4469 4558 4414
f 4503 4359 4414
f 4414 4359 4270
f 4702 4558 4613
f 4702 4846 4791
f 4791 4647 4702
f 4647 4558 4702
f 4757 4846 4702
f 4702 4613 4757
f 4579 4524 4435
f 4435 4346 4490
f 4490 4579 4435
f 4291 4346 4435
f 4435 4380 4291
f 4435 4524 4380
f 2691 2746 2835
f 2924 2780 2835
f 2835 2780 2691
f 2835 2979 2924
f 2890 2979 2835
f 2835 2746 2890
f 5086 5031 4942
f 4853 4997 4942
f 4997 5086 4942
f 4942 4798 4853
f 4887 4798 4942
f 4942 5031 4887
f 5633 5722 5578
f 5578 5489 5633
f 5578 5722 5667
f 5434 5489 5578
f 5667 5523 5578
f 5523 5434 5578
f 5345 5489 5434
f 5345 5201 5256
f 5256 5400 5345
f 5400 5489 5345
f 5345 5290 5201
f 5434 5290 5345
f 5565 5654 5510
f 5510 5421 5565
f 5565 5421 5476
f 5709 5654 5565
f 3785 3840 3929
f 4018 3874 3929
f 3874 3785 3929
f 3929 4073 4018
f 3984 4073 3929
f 3929 3840 3984
f 3374 3518 3463
f 3518 3607 3463
f 3463 3607 3552
f 3319 3374 3463
f 3408 3319 3463
f 3463 3552 3408
f 3696 3840 3785
f 3552 3607 3696
f 3751 3840 3696
f 3696 3607 3751
f 3696 3785 3641
f 3641 3552 3696
f 3342 3198 3253
f 3198 3109 3253
f 3253 3109 3164
f 3397 3342 3253
f 3253 3308 3397
f 3253 3164 3308
f 2965 2876 3020
f 3020 3109 2965
f 3020 2876 2931
f 3164 3109 3020
f 2931 3075 3020
f 3075 3164 3020
f 3829 3774 3685
f 3829 3918 3774
f 3829 3685 3740
f 3973 3918 3829
f 3740 3884 3829
f 3829 3884 3973
f 5180 5125 5036
f 4947 5091 5036
f 5091 5180 5036
f 5036 4892 4947
f 4981 4892 5036
f 5036 5125 4981
f 7017 6873 6928
f 6839 6983 6928
f 6928 6784 6839
f 6928 6873 6784
f 6928 6983 7072
f 7072 7017 6928
f 6941 6996 7030
f 6941 6852 6996
f 7030 6886 6941
f 6886 6797 6941
f 6941 6797 6852
f 7140 7195 7229
f 7229 7174 7140
f 7106 7195 7140
f 7140 7051 7106
f 7208 7174 7263
f 7318 7352 7263
f 7263 7229 7318
f 7263 7174 7229
f 7263 7352 7297
f 7297 7208 7263
f 6339 6483 6428
f 6394 6483 6339
f 6305 6360 6449
f 6449 6394 6305
f 6216 6360 6305
f 6161 6216 6305
f 6407 6551 6496
f 6407 6462 6551
f 6496 6352 6407
f 6051 5962 6106
f 5907 5962 6051
f 5996 5852 5907
f 5941 5852 5996
f 5907 6051 5996
f 5996 6051 6140
f 6428 6517 6373
f 6373 6517 6462
f 2430 2485 2574
f 3687 3543 3598
f 3831 3776 3687
f 3687 3776 3632
f 3632 3543 3687
f 3687 3742 3831
f 3598 3742 3687
f 2870 2925 3014
f 3014 2959 2870
f 3014 3069 3158
f 3014 2925 3069
f 5941 5886 5797
f 5708 5852 5797
f 5797 5852 5941
f 5797 5653 5708
f 5797 5742 5653
f 5797 5886 5742
f 5103 5014 5158
f 4959 5014 5103
f 5103 5048 4959
f 5192 5048 5103
f 5226 5281 5370
f 5315 5226 5370
f 5370 5459 5315
f 5692 5781 5637
f 5637 5548 5692
f 5692 5836 5781
f 5692 5747 5836
f 4980 5069 4925
f 5124 5069 4980
f 4980 5035 5124
f 5302 5158 5213
f 5158 5069 5213
f 5213 5069 5124
f 5213 5357 5302
f 5213 5124 5268
f 5268 5357 5213
f 2493 2349 2404
f 2349 2260 2404
f 2548 2493 2404
f 2404 2459 2548
f 2993 3048 3137
f 3082 2993 3137
f 3137 3226 3082
f 3103 3048 2959
f 2959 3014 3103
f 3158 3247 3103
f 3103 3014 3158
f 4085 3941 3996
f 4229 4174 4085
f 4085 4140 4229
f 3996 4140 4085
f 3797 3941 3886
f 3742 3797 3886
f 3886 3975 3831
f 3831 3742 3886
f 4263 4352 4208
f 4208 4119 4263
f 4263 4119 4174
f 4407 4352 4263
f 4263 4318 4407
f 4263 4174 4318
f 3763 3818 3907
f 3907 3996 3852
f 3852 3763 3907
f 4051 3996 3907
f 3907 3962 4051
f 3907 3818 3962
f 3585 3530 3441
f 3352 3496 3441
f 3441 3496 3585
f 3441 3297 3352
f 3386 3297 3441
f 3441 3530 3386
f 2145 2090 2001
f 2145 2234 2090
f 2001 2056 2145
f 2467 2323 2378
f 2323 2234 2378
f 1878 1823 1734
f 1878 1967 1823
f 1734 1789 1878
f 2022 1967 1878
f 1789 1933 1878
f 1878 1933 2022
f 3132 3187 3276
f 3221 3132 3276
f 3276 3187 3331
f 3242 3187 3098
f 2954 3009 3098
f 3043 2954 3098
f 3098 3187 3043
f 3153 3297 3242
f 3242 3098 3153
f 3153 3098 3009
f 6819 6675 6730
f 6641 6785 6730
f 6730 6586 6641
f 6730 6675 6586
f 6785 6874 6730
f 6730 6874 6819
f 6387 6476 6332
f 6387 6243 6298
f 6332 6243 6387
f 6298 6442 6387
f 6531 6476 6387
f 6387 6442 6531
f 7497 7586 7531
f 7497 7552 7586
f 7497 7531 7442
f 7463 7552 7497
f 7442 7408 7497
f 7497 7408 7463
f 7607 7518 7573
f 7573 7662 7607
f 7628 7662 7573
f 7539 7628 7573
f 7450 7539 7484
f 7539 7573 7484
f 7484 7573 7518
f 7361 7416 7450
f 7272 7327 7361
f 7361 7327 7416
f 7471 7437 7526
f 7128 7183 7217
f 7162 7073 7128
f 7128 7217 7162
f 7073 7039 7128
f 7128 7039 7094
f 7094 7183 7128
f 7293 7327 7238
f 7183 7149 7238
f 7272 7183 7238
f 7238 7327 7272
f 7238 7204 7293
f 7238 7149 7204
f 7115 7026 7081
f 7081 7170 7115
f 7060 7026 7115
f 7115 7170 7204
f 7115 7149 7060
f 7204 7149 7115
f 7259 7225 7314
f 7259 7170 7225
f 7204 7170 7259
f 7314 7348 7259
f 7348 7293 7259
f 7293 7204 7259
f 6976 7031 7065
f 6887 7031 6976
f 7065 6921 6976
f 6976 6921 6832
f 6832 6887 6976
f 7086 7031 6997
f 7086 6997 7052
f 7052 7141 7086
f 7141 7175 7086
f 7120 7031 7086
f 7086 7175 7120
f 7489 7400 7455
f 7510 7544 7455
f 7455 7544 7489
f 7455 7421 7510
f 7277 7332 7366
f 7332 7421 7366
f 7421 7455 7366
f 7366 7455 7400
f 7311 7345 7256
f 7311 7400 7345
f 7311 7366 7400
f 7311 7256 7222
f 7311 7222 7277
f 7277 7366 7311
f 6075 6130 6219
f 6219 6308 6164
f 6164 6075 6219
f 6219 6130 6274
f 6219 6363 6308
f 6219 6274 6363
f 6172 6261 6117
f 6117 6028 6172
f 6117 6261 6206
f 5973 6028 6117
f 6206 6062 6117
f 6117 6062 5973
f 5651 5562 5706
f 5507 5562 5651
f 5596 5507 5651
f 5651 5740 5596
f 5795 5850 5939
f 5706 5850 5795
f 5795 5651 5706
f 5740 5651 5795
f 5973 5829 5884
f 5829 5740 5884
f 5740 5795 5884
f 5884 6028 5973
f 5939 6028 5884
f 5884 5795 5939
f 4703 4847 4792
f 4559 4614 4703
f 4614 4758 4703
f 4758 4847 4703
f 4703 4648 4559
f 4703 4792 4648
f 5182 5237 5326
f 5415 5271 5326
f 5326 5271 5182
f 5326 5470 5415
f 5326 5237 5381
f 5381 5470 5326
f 5271 5360 5216
f 5216 5127 5271
f 5216 5360 5305
f 5072 5127 5216
f 5161 5072 5216
f 5216 5305 5161
f 5703 5648 5559
f 5415 5470 5559
f 5614 5470 5525
f 5614 5758 5703
f 5703 5559 5614
f 5614 5559 5470
f 5525 5580 5669
f 5669 5614 5525
f 5758 5614 5669
f 5580 5724 5669
f 6313 6457 6402
f 6347 6292 6203
f 6292 6148 6203
f 6300 6389 6245
f 6245 6156 6300
f 6300 6156 6211
f 6211 6355 6300
f 6444 6389 6300
f 6300 6355 6444
f 6177 6122 6033
f 6088 6177 6033
f 6033 5944 6088
f 6033 5889 5944
f 6033 6122 5978
f 5978 5889 6033
f 5601 5512 5656
f 5656 5745 5601
f 5656 5512 5567
f 5800 5745 5656
f 5656 5711 5800
f 5567 5711 5656
f 5690 5635 5546
f 5690 5779 5635
f 5546 5601 5690
f 5834 5779 5690
f 5601 5745 5690
f 5690 5745 5834
f 5491 5347 5402
f 5491 5635 5580
f 5580 5436 5491
f 5436 5347 5491
f 5546 5635 5491
f 5491 5402 5546
f 6703 6559 6614
f 6525 6669 6614
f 6614 6470 6525
f 6614 6559 6470
f 6758 6703 6614
f 6614 6669 6758
f 6067 6012 5923
f 5923 5834 5978
f 5978 6067 5923
f 5923 5779 5834
f 5868 5779 5923
f 5923 6012 5868
f 6004 6148 6093
f 5860 5915 6004
f 6093 5949 6004
f 5949 5860 6004
f 6905 6994 6850
f 6761 6816 6905
f 6905 6850 6761
f 6816 6960 6905
f 7049 7104 7138
f 7138 7083 7049
f 7083 6994 7049
f 7049 6905 6960
f 6994 6905 7049
f 6960 7015 7049
f 7049 7015 7104
f 6528 6672 6617
f 6528 6617 6473
f 6384 6439 6528
f 6528 6473 6384
f 6583 6494 6638
f 6638 6727 6583
f 6727 6672 6583
f 6672 6528 6583
f 6439 6494 6583
f 6583 6528 6439
f 6693 6782 6638
f 6638 6549 6693
f 6549 6604 6693
f 6837 6782 6693
f 7342 7431 7376
f 7376 7287 7342
f 7321 7287 7376
f 7376 7431 7465
f 7376 7410 7321
f 7465 7410 7376
f 5348 5437 5293
f 5293 5204 5348
f 4861 5005 4950
f 4861 4717 4772
f 4772 4916 4861
f 4916 5005 4861
f 4950 4806 4861
f 4806 4717 4861
f 7126 7181 7215
f 7126 7215 7160
f 7160 7071 7126
f 7126 7071 7037
f 7037 7092 7126
f 7092 7181 7126
f 7270 7181 7236
f 7202 7291 7236
f 7257 7312 7346
f 7346 7291 7257
f 7291 7346 7380
f 7380 7346 7435
f 6982 6927 6838
f 6838 6893 6982
f 6838 6927 6783
f 6783 6694 6838
f 7003 7092 7037
f 7058 7092 7003
f 6948 6893 6804
f 6804 6859 6948
f 7037 6893 6948
f 6948 7003 7037
f 6859 7003 6948
f 6770 6681 6825
f 6885 6741 6796
f 6707 6851 6796
f 6796 6652 6707
f 6796 6741 6652
f 6796 6940 6885
f 6851 6940 6796
f 7398 7432 7343
f 7288 7254 7343
f 7343 7377 7288
f 7343 7432 7377
f 7254 7309 7343
f 7309 7398 7343
f 7186 7241 7275
f 7186 7275 7220
f 7220 7131 7186
f 7186 7131 7097
f 7097 7152 7186
f 7152 7241 7186
f 7458 7513 7547
f 7424 7513 7458
f 7403 7369 7458
f 7458 7369 7424
f 6128 6073 5984
f 5895 6039 5984
f 5984 6039 6128
f 5984 5840 5895
f 5984 6073 5929
f 5929 5840 5984
f 6107 6251 6196
f 5963 6018 6107
f 6107 6018 6162
f 6162 6251 6107
f 6107 6052 5963
f 6196 6052 6107
f 5531 5675 5620
f 5476 5531 5620
f 5620 5565 5476
f 5709 5565 5620
f 6120 6065 5976
f 5976 5832 5887
f 5976 6065 5921
f 5921 5832 5976
f 5814 5725 5869
f 5869 5958 5814
f 5924 6013 5869
f 6013 5958 5869
f 6335 6191 6246
f 6335 6246 6390
f 6390 6479 6335
f 6479 6424 6335
f 6280 6335 6424
f 6191 6335 6280
f 5887 5832 5743
f 5743 5798 5887
f 5654 5798 5743
f 5599 5654 5743
f 5743 5688 5599
f 5743 5832 5688
f 6120 5976 6031
f 6031 5976 5887
f 6175 6230 6319
f 6175 6086 6230
f 6120 6031 6175
f 6175 6031 6086
f 5997 6052 6141
f 6141 6086 5997
f 5696 5840 5785
f 5785 5840 5929
f 5785 5641 5696
f 5785 5730 5641
f 4628 4573 4484
f 4484 4539 4628
f 4395 4539 4484
f 4484 4340 4395
f 4429 4340 4484
f 4484 4573 4429
f 4568 4657 4513
f 4513 4424 4568
f 4392 4536 4481
f 4392 4248 4303
f 4481 4337 4392
f 4337 4248 4392
f 4591 4536 4447
f 4358 4502 4447
f 4447 4502 4591
f 4447 4303 4358
f 4447 4392 4303
f 4536 4392 4447
f 6717 6772 6861
f 6861 6806 6717
f 6628 6772 6717
f 6717 6806 6662
f 6717 6573 6628
f 6717 6662 6573
f 7812 7867 7846
f 7846 7791 7812
f 7825 7791 7846
f 7702 7757 7736
f 7736 7681 7702
f 7673 7707 7652
f 7563 7474 7529
f 7495 7584 7529
f 7474 7440 7529
f 7529 7440 7495
f 7550 7584 7495
f 7783 7762 7728
f 7694 7749 7728
f 7728 7749 7783
f 7728 7673 7694
f 7728 7762 7707
f 7707 7673 7728
f 7804 7859 7838
f 7825 7859 7804
f 7838 7783 7804
f 7783 7749 7804
f 7560 7594 7505
f 7560 7526 7615
f 7560 7615 7649
f 7649 7594 7560
f 7560 7505 7471
f 7471 7526 7560
f 7641 7662 7696
f 7730 7675 7696
f 7675 7641 7696
f 7696 7751 7730
f 7696 7717 7751
f 7662 7717 7696
f 5579 5490 5634
f 5634 5723 5579
f 5579 5435 5490
f 5579 5524 5435
f 3351 3207 3262
f 3262 3406 3351
f 3351 3406 3495
f 3296 3207 3351
f 7388 7422 7333
f 7333 7244 7299
f 7299 7388 7333
f 7710 7655 7676
f 7710 7765 7744
f 7710 7731 7765
f 7676 7731 7710
f 7744 7778 7723
f 7723 7778 7757
f 7757 7702 7723
f 7723 7702 7668
f 7600 7655 7689
f 7689 7723 7668
f 7744 7723 7689
f 7689 7710 7744
f 7655 7710 7689
f 7587 7553 7642
f 7642 7676 7587
f 7676 7621 7587
f 7498 7553 7587
f 7341 7430 7375
f 7430 7464 7375
f 7375 7464 7409
f 7409 7320 7375
f 7590 7645 7679
f 7645 7700 7679
f 7781 7836 7815
f 7781 7815 7760
f 7370 7404 7315
f 7315 7260 7226
f 7315 7281 7370
f 7226 7281 7315
f 7239 7150 7205
f 7205 7294 7239
f 7260 7294 7205
f 7205 7150 7116
f 7116 7171 7205
f 7205 7171 7260
f 7349 7438 7383
f 7383 7294 7349
f 7349 7404 7438
f 7349 7294 7260
f 7260 7315 7349
f 7349 7315 7404
f 7006 7061 7095
f 7006 7040 6951
f 7095 7040 7006
f 6917 7061 7006
f 7006 6862 6917
f 7006 6951 6862
f 6946 6802 6857
f 6946 6891 6802
f 6857 7001 6946
f 7378 7412 7323
f 7446 7412 7501
f 7501 7535 7446
f 7590 7535 7501
f 7501 7556 7590
f 7577 7611 7522
f 7522 7611 7556
f 7221 7132 7187
f 7187 7276 7221
f 7166 7132 7221
f 7221 7276 7310
f 7221 7255 7166
f 7310 7255 7221
f 7331 7242 7297
f 7331 7276 7242
f 7344 7255 7310
f 7433 7378 7344
f 7564 7598 7509
f 7103 7158 7192
f 7158 7247 7192
f 7192 7137 7103
f 7192 7247 7281
f 7192 7281 7226
f 7226 7137 7192
f 7336 7247 7302
f 7302 7391 7336
f 7281 7247 7336
f 7336 7391 7425
f 7336 7425 7370
f 7370 7281 7336
f 7106 7072 7161
f 7161 7195 7106
f 7072 7127 7161
f 7161 7127 7216
f 7271 7216 7182
f 7182 7237 7271
f 7271 7237 7326
f 7428 7373 7339
f 6844 6700 6755
f 6844 6755 6899
f 6844 6988 6933
f 6899 6988 6844
f 6776 6632 6687
f 6598 6742 6687
f 6687 6831 6776
f 6742 6831 6687
f 6420 6331 6475
f 6530 6619 6475
f 6420 6475 6564
f 6564 6475 6619
f 6564 6619 6708
f 6708 6653 6564
f 5823 5878 5967
f 5823 5734 5878
f 5679 5734 5823
f 5823 5768 5679
f 5480 5336 5391
f 5391 5535 5480
f 5624 5535 5679
f 5679 5768 5624
f 5624 5480 5535
f 6598 6454 6509
f 6420 6564 6509
f 6509 6653 6598
f 6509 6564 6653
f 6543 6454 6598
f 6598 6687 6543
f 6543 6687 6632
f 6543 6632 6488
f 6488 6399 6543
f 6399 6454 6543
f 6276 6420 6365
f 6365 6221 6276
f 6420 6509 6365
f 6365 6509 6454
f 5891 5747 5802
f 5891 6035 5980
f 5980 5836 5891
f 5836 5747 5891
f 5891 5946 6035
f 5802 5946 5891
f 6765 6676 6820
f 6765 6820 6909
f 6909 6854 6765
f 6765 6854 6710
f 6710 6621 6765
f 6621 6676 6765
f 6443 6587 6532
f 6443 6532 6388
f 6443 6388 6299
f 6299 6354 6443
f 7889 7834 7855
f 7855 7876 7889
f 7855 7821 7876
f 7834 7800 7855
f 7855 7800 7821
f 7787 7753 7808
f 7787 7808 7842
f 7842 7821 7787
f 7732 7753 7787
f 7766 7732 7787
f 7787 7821 7766
f 7572 7661 7606
f 7606 7517 7572
f 7606 7551 7517
f 7640 7551 7606
f 7627 7661 7572
f 7572 7538 7627
f 7627 7538 7593
f 7729 7674 7695
f 7674 7640 7695
f 7695 7750 7729
f 7640 7606 7695
f 7695 7606 7661
f 7716 7750 7695
f 7695 7661 7716
f 7993 7988 7996
f 7999 7998 7996
f 7996 7998 7993
f 7996 7991 7999
f 7996 7983 7991
f 7996 7988 7983
f 7975 7967 7954
f 7975 7988 7967
f 7975 7954 7962
f 7962 7983 7975
f 7983 7988 7975
f 6915 6771 6826
f 6737 6881 6826
f 6826 6970 6915
f 6881 6970 6826
f 6682 6593 6737
f 6737 6826 6682
f 6682 6826 6771
f 6682 6771 6627
f 6915 6970 7059
f 7292 7258 7347
f 7292 7347 7381
f 7381 7326 7292
f 7326 7237 7292
f 7135 7224 7169
f 7169 7080 7135
f 7114 7080 7169
f 7224 7258 7169
f 6936 6991 7025
f 6991 7080 7025
f 7025 6881 6936
f 7025 6970 6881
f 7025 7080 7114
f 7114 7059 7025
f 7025 7059 6970
f 6957 7046 6902
f 6813 6868 6957
f 6957 6902 6813
f 6957 6868 7012
f 7012 7046 6957
f 6627 6483 6538
f 6449 6593 6538
f 6538 6394 6449
f 6538 6483 6394
f 6538 6682 6627
f 6593 6682 6538
f 6661 6517 6572
f 6572 6483 6627
f 6428 6483 6572
f 6572 6517 6428
f 6627 6716 6572
f 6572 6716 6661
f 7093 7127 7038
f 7072 6983 7038
f 7038 7127 7072
f 7038 6894 6949
f 6983 6894 7038
f 7449 7415 7504
f 7504 7538 7449
f 7449 7538 7483
f 6372 6461 6317
f 6317 6228 6372
f 6249 6105 6160
f 6160 6304 6249
f 6304 6393 6249
f 6249 6393 6338
f 6503 6359 6414
f 6414 6558 6503
f 6647 6592 6503
f 6503 6558 6647
f 4766 4821 4910
f 4910 4855 4766
f 4999 4855 4910
f 5054 4999 4910
f 4910 4965 5054
f 4910 4821 4965
f 4038 4182 4127
f 4182 4271 4127
f 4271 4216 4127
f 4127 3983 4038
f 4072 3983 4127
f 4127 4216 4072
f 2022 1933 2077
f 2077 2166 2022
f 2221 2166 2077
f 2077 2132 2221
f 3826 3915 3771
f 3771 3682 3826
f 3826 3970 3915
f 3881 3970 3826
f 3593 3682 3538
f 3538 3449 3593
f 3059 2915 2970
f 3203 3148 3059
f 3059 3148 3004
f 3004 2915 3059
f 3114 3203 3059
f 3059 2970 3114
f 152 186 131
f 889 978 923
f 923 834 889
f 923 978 1012
f 1012 957 923
f 800 711 766
f 677 732 766
f 766 711 677
f 879 824 790
f 879 845 934
f 879 790 845
f 934 968 879
f 968 913 879
f 913 824 879
f 34 68 47
f 55 68 34
f 34 42 55
f 21 42 34
f 5 8 13
f 8 21 13
f 18 5 13
f 21 34 13
f 170 115 136
f 136 115 102
f 136 191 170
f 157 191 136
f 123 157 136
f 136 102 123
f 65 78 44
f 65 44 52
f 52 86 65
f 65 86 99
f 99 78 65
f 91 78 112
f 91 112 125
f 70 57 91
f 57 78 91
f 104 70 91
f 91 125 104
f 44 23 31
f 52 44 31
f 31 10 18
f 31 23 10
f 31 39 52
f 18 39 31
f 1046 1190 1135
f 1224 1080 1135
f 1135 1080 991
f 991 1046 1135
f 1368 1224 1279
f 1279 1423 1368
f 1224 1135 1279
f 1279 1135 1190
f 1410 1355 1266
f 1266 1321 1410
f 1266 1355 1211
f 1211 1122 1266
f 509 475 564
f 543 454 509
f 420 475 509
f 509 454 420
f 509 564 598
f 598 543 509
f 2608 2697 2553
f 2553 2464 2608
f 2608 2752 2697
f 2663 2752 2608
f 2044 2133 1989
f 1989 1900 2044
f 2044 1900 1955
f 2188 2133 2044
f 1955 2099 2044
f 2044 2099 2188
f 1269 1358 1214
f 1269 1125 1180
f 1214 1125 1269
f 1180 1324 1269
f 1269 1324 1413
f 1413 1358 1269
f 3121 3066 2977
f 3032 3121 2977
f 2977 2888 3032
f 2833 2888 2977
f 2977 2922 2833
f 2977 3066 2922
f 330 309 275
f 296 330 275
f 275 241 296
f 220 241 275
f 275 254 220
f 309 254 275
f 296 241 262
f 262 317 296
f 283 317 262
f 2139 2283 2228
f 2228 2084 2139
f 2173 2084 2228
f 2228 2317 2173
f 2550 2406 2461
f 2406 2317 2461
f 2605 2550 2461
f 2461 2516 2605
f 2440 2495 2584
f 2673 2529 2584
f 2584 2529 2440
f 2584 2728 2673
f 2639 2495 2550
f 2639 2783 2728
f 2728 2584 2639
f 2639 2584 2495
f 2550 2694 2639
f 2694 2783 2639
f 1440 1529 1385
f 1440 1385 1296
f 1296 1351 1440
f 1351 1495 1440
f 1584 1639 1728
f 1584 1495 1639
f 1584 1440 1495
f 1529 1440 1584
f 634 689 723
f 634 723 668
f 668 579 634
f 634 579 545
f 545 600 634
f 600 689 634
f 1058 969 1113
f 1058 1113 1202
f 1202 1147 1058
f 1058 1147 1003
f 1003 969 1058
f 961 927 1016
f 93 59 80
f 46 67 80
f 80 59 46
f 127 93 114
f 93 80 114
f 2157 2301 2246
f 2013 2068 2157
f 2068 2212 2157
f 2212 2301 2157
f 2157 2102 2013
f 2157 2246 2102
f 1704 1560 1615
f 1560 1471 1615
f 1670 1759 1615
f 1615 1759 1704
f 1526 1471 1382
f 1382 1437 1526
f 1526 1615 1471
f 1526 1437 1581
f 1526 1581 1670
f 1670 1615 1526
f 4851 4796 4707
f 4618 4762 4707
f 4762 4851 4707
f 4707 4563 4618
f 4707 4796 4652
f 4652 4563 4707
f 5228 5084 5139
f 5228 5372 5317
f 5228 5283 5372
f 5228 5139 5283
f 5317 5262 5173
f 5173 5228 5317
f 5084 5228 5173
f 5029 5084 5173
f 5173 5262 5118
f 5118 5029 5173
f 4872 4817 4728
f 4728 4783 4872
f 4639 4783 4728
f 4728 4584 4639
f 4728 4817 4673
f 4673 4584 4728
f 4440 4385 4296
f 4296 4351 4440
f 4296 4241 4152
f 4296 4385 4241
f 4406 4351 4262
f 4173 4317 4262
f 4317 4406 4262
f 4118 4173 4262
f 5440 5495 5584
f 5673 5529 5584
f 5584 5529 5440
f 5584 5728 5673
f 5639 5495 5550
f 5783 5728 5639
f 5728 5584 5639
f 5639 5584 5495
f 5639 5694 5783
f 5639 5550 5694
f 3969 3825 3880
f 4024 4113 3969
f 3969 3880 4024
f 3914 3825 3969
f 4092 4181 4037
f 4037 3948 4092
f 4291 4380 4236
f 4236 4147 4291
f 4380 4325 4236
f 4236 4092 4147
f 4236 4325 4181
f 4181 4092 4236
f 7085 7140 7174
f 7085 7119 7030
f 7085 7174 7119
f 7030 6996 7085
f 6996 7051 7085
f 7051 7140 7085
f 6195 6051 6106
f 6140 6051 6195
f 6263 6407 6352
f 6263 6208 6119
f 6352 6208 6263
f 6085 5996 6140
f 6030 5941 6085
f 5941 5996 6085
f 2485 2430 2341
f 2252 2396 2341
f 2396 2485 2341
f 2341 2197 2252
f 2286 2430 2375
f 2142 2197 2286
f 2197 2341 2286
f 2286 2341 2430
f 2286 2231 2142
f 2286 2375 2231
f 2519 2574 2663
f 2519 2430 2574
f 2663 2608 2519
f 2375 2430 2519
f 2519 2464 2375
f 2519 2608 2464
f 5247 5103 5158
f 5391 5336 5247
f 5247 5336 5192
f 5192 5103 5247
f 5247 5158 5302
f 5302 5391 5247
f 5459 5370 5514
f 4836 4980 4925
f 4836 4692 4747
f 4925 4781 4836
f 4836 4781 4692
f 5035 4980 4891
f 4891 4802 4946
f 4946 5035 4891
f 4891 4747 4802
f 4891 4836 4747
f 4980 4836 4891
f 2459 2404 2315
f 2226 2370 2315
f 2315 2370 2459
f 2315 2171 2226
f 2315 2260 2171
f 2315 2404 2260
f 3370 3226 3281
f 3226 3137 3281
f 3425 3370 3281
f 3281 3336 3425
f 4030 3886 3941
f 4174 4119 4030
f 4030 4119 3975
f 3975 3886 4030
f 4030 4085 4174
f 3941 4085 4030
f 2255 2344 2200
f 2200 2111 2255
f 2056 2111 2200
f 2200 2145 2056
f 2234 2145 2289
f 2289 2378 2234
f 2145 2200 2289
f 2289 2200 2344
f 2611 2467 2522
f 2467 2378 2522
f 2522 2666 2611
f 2577 2666 2522
f 3420 3276 3331
f 3420 3564 3509
f 3331 3475 3420
f 3420 3475 3564
f 3221 3276 3365
f 3454 3310 3365
f 3365 3310 3221
f 3509 3454 3365
f 3365 3420 3509
f 3276 3420 3365
f 3064 3153 3009
f 3064 2975 3119
f 7450 7484 7395
f 7395 7361 7450
f 7306 7217 7272
f 7272 7361 7306
f 7251 7217 7306
f 7361 7395 7306
f 7340 7251 7306
f 7306 7395 7340
f 7492 7526 7437
f 7492 7458 7547
f 7492 7437 7403
f 7403 7458 7492
f 7615 7526 7581
f 7636 7670 7581
f 7581 7670 7615
f 7581 7547 7636
f 7581 7492 7547
f 7526 7492 7581
f 5826 5771 5682
f 5682 5771 5627
f 5648 5593 5504
f 5415 5559 5504
f 5504 5559 5648
f 5504 5360 5415
f 5868 6012 5957
f 5957 6012 6101
f 5758 5669 5813
f 5813 5902 5758
f 5813 5669 5724
f 5813 5957 5902
f 5813 5724 5868
f 5868 5957 5813
f 5703 5758 5847
f 5758 5902 5847
f 5737 5881 5826
f 5737 5593 5648
f 5826 5682 5737
f 5737 5682 5593
f 6347 6203 6258
f 6258 6402 6347
f 6258 6313 6402
f 6059 6203 6148
f 6148 6004 6059
f 6059 6004 5915
f 6837 6693 6748
f 6748 6659 6803
f 6604 6659 6748
f 6748 6693 6604
f 6892 6837 6748
f 6748 6803 6892
f 5382 5437 5526
f 5382 5293 5437
f 5526 5471 5382
f 5238 5293 5382
f 5471 5327 5382
f 5327 5238 5382
f 5149 5293 5238
f 5149 5005 5060
f 5060 5204 5149
f 5204 5293 5149
f 5149 5238 5094
f 5094 5005 5149
f 7202 7236 7147
f 7147 7092 7058
f 7147 7181 7092
f 7147 7236 7181
f 7113 7202 7147
f 7147 7058 7113
f 7566 7600 7511
f 7511 7477 7566
f 7511 7422 7477
f 7511 7456 7422
f 7422 7456 7367
f 7367 7333 7422
f 7435 7346 7401
f 7401 7490 7435
f 7456 7490 7401
f 7401 7346 7312
f 7312 7367 7401
f 7401 7367 7456
f 6749 6838 6694
f 6749 6694 6605
f 6605 6660 6749
f 6749 6660 6804
f 6804 6893 6749
f 6893 6838 6749
f 6914 6969 7058
f 7058 7003 6914
f 6825 6969 6914
f 6914 7003 6859
f 6914 6770 6825
f 6859 6770 6914
f 6715 6859 6804
f 6715 6770 6859
f 6804 6660 6715
f 5780 5725 5636
f 5780 5869 5725
f 5780 5636 5691
f 5924 5869 5780
f 5780 5835 5924
f 5691 5835 5780
f 6369 6280 6424
f 6369 6513 6458
f 6369 6424 6513
f 6458 6314 6369
f 6225 6170 6081
f 6225 6314 6170
f 6225 6369 6314
f 6280 6369 6225
f 6264 6175 6319
f 6264 6319 6408
f 6408 6353 6264
f 6353 6209 6264
f 6209 6120 6264
f 6120 6175 6264
f 5764 5675 5819
f 5709 5620 5764
f 5764 5620 5675
f 6086 6031 5942
f 5942 5997 6086
f 5887 5798 5942
f 5942 6031 5887
f 6052 5997 5908
f 5908 5819 5963
f 5963 6052 5908
f 5908 5764 5819
f 5929 6018 5874
f 5874 5785 5929
f 5874 6018 5963
f 5730 5785 5874
f 5963 5819 5874
f 5819 5730 5874
f 4602 4657 4746
f 4602 4513 4657
f 4602 4746 4691
f 4458 4513 4602
f 4691 4547 4602
f 4547 4458 4602
f 4280 4424 4369
f 4424 4513 4369
f 4369 4513 4458
f 4225 4280 4369
f 4369 4314 4225
f 4369 4458 4314
f 7880 7867 7901
f 7880 7846 7867
f 7880 7901 7914
f 7880 7859 7825
f 7825 7846 7880
f 7914 7893 7880
f 7893 7859 7880
f 7537 7503 7592
f 7660 7681 7715
f 7694 7660 7715
f 7715 7749 7694
f 7715 7681 7736
f 7579 7613 7524
f 7524 7490 7579
f 7435 7490 7524
f 7694 7673 7639
f 7639 7673 7584
f 7584 7550 7639
f 7584 7673 7618
f 7563 7529 7618
f 7618 7529 7584
f 7618 7652 7563
f 7618 7673 7652
f 7406 7351 7317
f 7406 7440 7351
f 7495 7440 7406
f 7304 7338 7249
f 7249 7215 7304
f 7304 7215 7270
f 7270 7359 7304
f 7325 7359 7270
f 7270 7236 7325
f 7325 7236 7291
f 7291 7380 7325
f 7414 7325 7380
f 7359 7325 7414
f 7448 7503 7537
f 7448 7414 7503
f 7359 7414 7448
f 7770 7791 7825
f 7825 7804 7770
f 7736 7791 7770
f 7770 7715 7736
f 7770 7804 7749
f 7749 7715 7770
f 7772 7793 7827
f 7827 7806 7772
f 7772 7806 7751
f 7751 7717 7772
f 7683 7662 7628
f 7683 7717 7662
f 7683 7594 7649
f 7628 7594 7683
f 7649 7704 7683
f 5668 5723 5812
f 5668 5579 5723
f 5668 5812 5757
f 5524 5579 5668
f 5668 5613 5524
f 5757 5613 5668
f 3296 3351 3440
f 3529 3385 3440
f 3440 3385 3296
f 3584 3529 3440
f 3495 3584 3440
f 3440 3351 3495
f 7600 7689 7634
f 7634 7668 7579
f 7634 7689 7668
f 7498 7587 7532
f 7477 7443 7532
f 7532 7443 7498
f 7566 7477 7532
f 7532 7621 7566
f 7532 7587 7621
f 7341 7375 7286
f 7197 7252 7286
f 7286 7252 7341
f 7286 7375 7320
f 7810 7844 7789
f 7789 7755 7810
f 7857 7836 7802
f 7747 7768 7802
f 7836 7781 7802
f 7802 7781 7747
f 7713 7768 7747
f 7713 7658 7679
f 7747 7692 7713
f 7713 7692 7658
f 7734 7679 7700
f 7734 7789 7768
f 7768 7713 7734
f 7734 7713 7679
f 7700 7755 7734
f 7755 7789 7734
f 7624 7658 7569
f 7679 7658 7624
f 7590 7679 7624
f 7624 7535 7590
f 7624 7569 7535
f 7671 7582 7637
f 7637 7692 7671
f 7637 7582 7548
f 7726 7692 7747
f 7747 7781 7726
f 7726 7781 7760
f 7671 7692 7726
f 7726 7705 7671
f 7760 7705 7726
f 7001 7090 7035
f 7035 6946 7001
f 7035 7090 7124
f 6980 6891 7035
f 6891 6946 7035
f 7124 7069 7035
f 7069 6980 7035
f 7467 7501 7412
f 7433 7522 7467
f 7556 7501 7467
f 7467 7522 7556
f 7467 7378 7433
f 7412 7378 7467
f 7488 7522 7433
f 7577 7522 7488
f 7386 7331 7297
f 7297 7352 7386
f 7386 7352 7441
f 7310 7276 7365
f 7276 7331 7365
f 7399 7344 7310
f 7310 7365 7399
f 7399 7365 7454
f 7433 7344 7399
f 7399 7488 7433
f 7454 7488 7399
f 7200 7255 7289
f 7255 7344 7289
f 7289 7234 7200
f 7289 7344 7378
f 7323 7234 7289
f 7289 7378 7323
f 7250 7161 7216
f 7195 7161 7250
f 7284 7339 7373
f 7318 7229 7284
f 7284 7373 7318
f 7229 7195 7284
f 7195 7250 7284
f 7284 7250 7339
f 6700 6844 6789
f 6878 6734 6789
f 6933 6878 6789
f 6789 6844 6933
f 6789 6734 6645
f 6645 6700 6789
f 6386 6475 6331
f 6386 6242 6297
f 6386 6331 6242
f 6297 6441 6386
f 6386 6441 6530
f 6530 6475 6386
f 5768 5823 5912
f 5857 5768 5912
f 5912 6001 5857
f 6056 6001 5912
f 5912 5967 6056
f 5912 5823 5967
f 5713 5768 5857
f 5713 5624 5768
f 5857 5802 5713
f 5713 5802 5658
f 6310 6454 6399
f 6310 6365 6454
f 6221 6365 6310
f 6310 6399 6255
f 6310 6255 6166
f 6166 6221 6310
f 6587 6443 6498
f 6498 6409 6553
f 6498 6354 6409
f 6498 6443 6354
f 6553 6642 6498
f 6642 6587 6498
f 7682 7593 7648
f 7682 7627 7593
f 7737 7716 7682
f 7716 7661 7682
f 7661 7627 7682
f 7682 7703 7737
f 7648 7703 7682
f 7004 7059 7093
f 7004 7038 6949
f 7093 7038 7004
f 6915 7059 7004
f 6949 6860 7004
f 7004 6860 6915
f 7258 7292 7203
f 7114 7169 7203
f 7203 7169 7258
f 7203 7292 7237
f 7415 7449 7360
f 7326 7415 7360
f 7360 7271 7326
f 6605 6461 6516
f 6461 6372 6516
f 6516 6660 6605
f 6283 6228 6139
f 6283 6372 6228
f 6359 6503 6448
f 6537 6393 6448
f 6448 6592 6537
f 6448 6503 6592
f 6304 6359 6448
f 6448 6393 6304
f 1988 1933 1844
f 1988 2077 1933
f 1844 1899 1988
f 2132 2077 1988
f 1988 1899 2043
f 2043 2132 1988
f 3737 3826 3682
f 3682 3593 3737
f 3737 3593 3648
f 3881 3826 3737
f 3737 3792 3881
f 3737 3648 3792
f 3504 3449 3360
f 3504 3593 3449
f 3504 3360 3415
f 3648 3593 3504
f 3415 3559 3504
f 3559 3648 3504
f 118 131 97
f 118 152 131
f 97 84 118
f 118 84 105
f 207 241 186
f 186 152 207
f 207 262 241
f 868 923 957
f 902 813 868
f 868 957 902
f 813 779 868
f 779 834 868
f 834 923 868
f 800 766 855
f 910 944 855
f 855 944 889
f 889 800 855
f 876 910 821
f 821 766 732
f 910 855 821
f 821 855 766
f 821 787 876
f 732 787 821
f 26 34 47
f 26 13 34
f 47 39 26
f 26 39 18
f 18 13 26
f 1423 1279 1334
f 1334 1245 1389
f 1334 1190 1245
f 1334 1279 1190
f 1478 1423 1334
f 1334 1389 1478
f 1177 1266 1122
f 1177 1033 1088
f 1122 1033 1177
f 1088 1232 1177
f 1232 1321 1177
f 1321 1266 1177
f 2516 2461 2372
f 2372 2283 2427
f 2427 2516 2372
f 2372 2228 2283
f 2317 2228 2372
f 2372 2461 2317
f 1673 1584 1728
f 1728 1817 1673
f 1817 1762 1673
f 1673 1762 1618
f 1618 1529 1673
f 1529 1584 1673
f 1071 1016 927
f 1160 1016 1071
f 1215 1160 1071
f 1194 1050 1105
f 1105 1016 1160
f 1105 1050 961
f 961 1016 1105
f 1249 1194 1105
f 1105 1160 1249
f 182 127 148
f 127 114 148
f 148 114 169
f 203 182 148
f 148 169 203
f 169 114 135
f 135 156 190
f 190 169 135
f 122 156 135
f 4351 4296 4207
f 4118 4262 4207
f 4207 4262 4351
f 4207 4063 4118
f 4152 4063 4207
f 4207 4296 4152
f 3914 3969 4058
f 4202 4147 4058
f 4113 4202 4058
f 4058 3969 4113
f 4147 4092 4003
f 3914 4058 4003
f 4003 4058 4147
f 3859 3914 4003
f 4003 3948 3859
f 4003 4092 3948
f 6339 6195 6250
f 6161 6305 6250
f 6250 6106 6161
f 6250 6195 6106
f 6394 6339 6250
f 6250 6305 6394
f 6284 6195 6339
f 6284 6339 6428
f 6428 6373 6284
f 6140 6195 6284
f 6407 6263 6318
f 6462 6407 6318
f 6318 6373 6462
f 5747 5692 5603
f 5658 5747 5603
f 5603 5514 5658
f 5459 5514 5603
f 5603 5548 5459
f 5603 5692 5548
f 5336 5480 5425
f 5425 5281 5336
f 5425 5370 5281
f 5425 5514 5370
f 3048 3103 3192
f 3192 3137 3048
f 3192 3281 3137
f 3336 3281 3192
f 3247 3336 3192
f 3192 3103 3247
f 2378 2289 2433
f 2433 2522 2378
f 2433 2289 2344
f 2577 2522 2433
f 2433 2488 2577
f 2344 2488 2433
f 2920 3064 3009
f 2776 2831 2920
f 2920 2831 2975
f 2975 3064 2920
f 2920 2865 2776
f 2920 3009 2865
f 3208 3064 3119
f 3352 3297 3208
f 3297 3153 3208
f 3153 3064 3208
f 3208 3263 3352
f 3119 3263 3208
f 7340 7395 7429
f 7429 7395 7484
f 7374 7340 7429
f 7429 7463 7374
f 7429 7518 7463
f 7429 7484 7518
f 5538 5682 5627
f 5538 5627 5483
f 5483 5394 5538
f 5593 5682 5538
f 6046 5957 6101
f 5902 5957 6046
f 6025 5881 5936
f 6368 6423 6512
f 6512 6457 6368
f 6457 6313 6368
f 6313 6224 6368
f 6169 6224 6313
f 6313 6258 6169
f 6203 6059 6114
f 6114 6258 6203
f 6025 6169 6114
f 6114 6169 6258
f 7579 7490 7545
f 7545 7634 7579
f 7600 7634 7545
f 7545 7511 7600
f 7456 7511 7545
f 7545 7490 7456
f 7333 7367 7278
f 7278 7223 7189
f 7312 7223 7278
f 7278 7367 7312
f 7189 7244 7278
f 7244 7333 7278
f 6681 6770 6626
f 6770 6715 6626
f 6537 6681 6626
f 6081 5992 6136
f 6136 6225 6081
f 6136 5992 6047
f 6047 6191 6136
f 6191 6280 6136
f 6280 6225 6136
f 5997 5942 5853
f 5853 5908 5997
f 5764 5908 5853
f 5709 5764 5853
f 5853 5798 5709
f 5853 5942 5798
f 7558 7592 7503
f 7558 7524 7613
f 7647 7702 7681
f 7681 7592 7647
f 7613 7668 7647
f 7668 7702 7647
f 7647 7558 7613
f 7592 7558 7647
f 7605 7639 7550
f 7605 7571 7660
f 7605 7660 7694
f 7694 7639 7605
f 7372 7406 7317
f 7372 7317 7283
f 7283 7338 7372
f 7338 7427 7372
f 7461 7372 7427
f 7406 7372 7461
f 7461 7550 7495
f 7495 7406 7461
f 7503 7414 7469
f 7469 7558 7503
f 7524 7558 7469
f 7435 7524 7469
f 7469 7380 7435
f 7469 7414 7380
f 7393 7427 7338
f 7338 7304 7393
f 7393 7304 7359
f 7359 7448 7393
f 7537 7571 7482
f 7482 7448 7537
f 7427 7393 7482
f 7482 7393 7448
f 7537 7592 7626
f 7626 7571 7537
f 7626 7592 7681
f 7626 7681 7660
f 7660 7571 7626
f 7738 7683 7704
f 7793 7772 7738
f 7738 7772 7717
f 7717 7683 7738
f 7738 7704 7759
f 7759 7793 7738
f 7231 7286 7320
f 7231 7265 7176
f 7231 7320 7265
f 7231 7176 7142
f 7142 7197 7231
f 7197 7286 7231
f 7768 7789 7823
f 7823 7802 7768
f 7857 7802 7823
f 7823 7789 7844
f 7823 7878 7857
f 7844 7878 7823
f 7603 7637 7548
f 7569 7658 7603
f 7658 7692 7603
f 7692 7637 7603
f 7548 7514 7603
f 7514 7569 7603
f 7577 7488 7543
f 7632 7577 7543
f 7543 7598 7632
f 7543 7509 7598
f 7454 7509 7543
f 7543 7488 7454
f 7420 7509 7454
f 7454 7365 7420
f 7331 7386 7420
f 7420 7365 7331
f 7148 7203 7237
f 7182 7093 7148
f 7148 7237 7182
f 7093 7059 7148
f 7148 7059 7114
f 7114 7203 7148
f 7394 7360 7449
f 7428 7339 7394
f 7394 7483 7428
f 7394 7449 7483
f 6427 6516 6372
f 6427 6283 6338
f 6372 6283 6427
f 6194 6249 6338
f 6338 6283 6194
f 6105 6249 6194
f 6050 6105 6194
f 6194 6139 6050
f 6194 6283 6139
f 139 105 160
f 139 118 105
f 262 207 228
f 249 283 228
f 283 262 228
f 982 1071 927
f 927 893 982
f 982 948 1037
f 982 893 948
f 1215 1071 1126
f 1037 1181 1126
f 1126 982 1037
f 1071 982 1126
f 1270 1215 1126
f 1126 1181 1270
f 101 114 80
f 101 135 114
f 122 135 101
f 101 80 67
f 101 88 122
f 67 88 101
f 6174 6318 6263
f 6030 6085 6174
f 6174 6119 6030
f 6174 6263 6119
f 6229 6284 6373
f 6373 6318 6229
f 6140 6284 6229
f 6318 6174 6229
f 6229 6085 6140
f 6229 6174 6085
f 5569 5425 5480
f 5569 5713 5658
f 5658 5514 5569
f 5514 5425 5569
f 5480 5624 5569
f 5624 5713 5569
f 5593 5538 5449
f 5360 5504 5449
f 5449 5504 5593
f 5305 5360 5449
f 5449 5394 5305
f 5449 5538 5394
f 6190 6046 6101
f 6190 6101 6245
f 6245 6334 6190
f 5792 5936 5881
f 5792 5648 5703
f 5703 5847 5792
f 5847 5936 5792
f 5792 5737 5648
f 5881 5737 5792
f 5991 5847 5902
f 5991 5936 5847
f 5902 6046 5991
f 5970 6114 6059
f 5826 5881 5970
f 5970 5881 6025
f 6025 6114 5970
f 5970 5915 5826
f 5970 6059 5915
f 6660 6516 6571
f 6571 6715 6660
f 6571 6626 6715
f 6516 6427 6571
f 7516 7482 7571
f 7550 7461 7516
f 7516 7461 7427
f 7427 7482 7516
f 7516 7605 7550
f 7571 7605 7516
f 7509 7420 7475
f 7475 7530 7564
f 7564 7509 7475
f 7441 7530 7475
f 7475 7386 7441
f 7475 7420 7386
f 7360 7394 7305
f 7305 7250 7216
f 7339 7250 7305
f 7305 7394 7339
f 7216 7271 7305
f 7271 7360 7305
f 173 207 152
f 152 118 173
f 118 139 173
f 173 228 207
f 6279 6368 6224
f 6279 6190 6334
f 6334 6423 6279
f 6423 6368 6279
f 6135 5991 6046
f 6046 6190 6135
f 6135 6279 6224
f 6190 6279 6135
f 5936 5991 6080
f 6025 5936 6080
f 6080 6169 6025
f 6224 6169 6080
f 6080 6135 6224
f 5991 6135 6080
f 6537 6626 6482
f 6626 6571 6482
f 6482 6393 6537
f 6482 6571 6427
f 6338 6393 6482
f 6482 6427 6338
f 228 173 194
f 160 215 194
f 194 139 160
f 194 173 139
f 194 215 249
f 249 228 194
