# Sloan beta-Gomboc, form 1, beta 0.08; cm; COM at origin; principal axes
v -2.93332 -0.06351 -3.15686
v -2.83028 0.05210 -3.23729
v -3.02877 0.04269 -3.08051
v -2.83646 -0.15364 -3.22587
v -2.88235 0.20043 -3.19662
v -3.05244 -0.13403 -3.05325
v -2.71763 -0.02639 -3.31770
v -3.04982 0.19891 -3.06180
v -2.90795 -0.28021 -3.15717
v -2.75042 0.21414 -3.29649
v -3.15241 -0.02095 -2.96935
v -2.70243 -0.20274 -3.31661
v -2.95356 0.33738 -3.13776
v -3.05242 -0.29475 -3.03303
v -2.62760 0.08734 -3.38369
v -3.16996 0.18281 -2.95593
v -2.79477 -0.36797 -3.22852
v -2.78409 0.36900 -3.26937
v -3.19476 -0.16843 -2.91595
v -2.58318 -0.13444 -3.40277
v -3.07532 0.38392 -3.03454
v -2.96906 -0.43261 -3.07776
v -2.60953 0.25373 -3.39851
v -3.26250 0.07002 -2.86470
v -2.65361 -0.36718 -3.32745
v -2.88611 0.48685 -3.18664
v -3.16414 -0.34435 -2.91671
v -2.50356 0.01278 -3.46497
v -3.20856 0.34014 -2.91517
v -2.83113 -0.51558 -3.16866
v -2.66200 0.42948 -3.35947
v -3.30292 -0.10825 -2.80881
v -2.51860 -0.27936 -3.42920
v -3.03119 0.53785 -3.06424
v -3.06494 -0.50647 -2.97177
v -2.48273 0.20900 -3.48610
v -3.32042 0.20988 -2.80513
v -2.66618 -0.52119 -3.28736
v -2.77800 0.57589 -3.26758
v -3.27602 -0.31717 -2.80303
v -2.41834 -0.11485 -3.51140
v -3.19070 0.50260 -2.92234
v -2.91087 -0.61872 -3.07407
v -2.53054 0.42006 -3.45456
v -3.38325 0.01020 -2.72769
v -2.50349 -0.43972 -3.41287
v -2.94108 0.65913 -3.13177
v -3.17855 -0.51827 -2.85352
v -2.37500 0.10530 -3.55451
v -3.33370 0.37609 -2.78499
v -2.72420 -0.65438 -3.20943
v -2.64611 0.60879 -3.36627
v -3.37796 -0.22952 -2.70080
v -2.37136 -0.27478 -3.52317
v -3.12633 0.65453 -2.96919
v -3.01950 -0.67446 -2.95708
v -2.40229 0.35086 -3.54369
v -3.43103 0.16931 -2.67675
v -2.53241 -0.59875 -3.35851
v -2.81744 0.73913 -3.22637
v -3.29697 -0.47209 -2.73419
v -2.29392 -0.04255 -3.59719
v -3.30345 0.55100 -2.80324
v -2.81822 -0.75545 -3.10203
v -2.50367 0.58531 -3.47112
v -3.46003 -0.09206 -2.61851
v -2.36420 -0.45039 -3.49916
v -3.02235 0.78153 -3.04947
v -3.14529 -0.67864 -2.82804
v -2.28841 0.22981 -3.61719
v -3.44139 0.35377 -2.65997
v -2.60105 -0.74166 -3.27025
v -2.67133 0.77027 -3.33811
v -3.40856 -0.37173 -2.62386
v -2.24595 -0.22087 -3.60879
v -3.23117 0.71846 -2.85818
v -2.93934 -0.81478 -2.97328
v -2.36278 0.50662 -3.57143
v -3.51359 0.08429 -2.56348
v -2.39732 -0.62625 -3.43950
v -2.88627 0.87120 -3.15618
v -3.27699 -0.62898 -2.69690
v -2.19852 0.06614 -3.66678
v -3.41114 0.54839 -2.67973
v -2.70410 -0.85548 -3.15330
v -2.51392 0.74768 -3.45689
v -3.50269 -0.22293 -2.53171
v -2.23560 -0.41562 -3.58585
v -3.12021 0.86354 -2.94635
v -3.07812 -0.82516 -2.83184
v -2.23463 0.37670 -3.65731
v -3.53174 0.28717 -2.54140
v -2.46919 -0.78789 -3.34618
v -2.72693 0.91372 -3.28110
v -3.40363 -0.52597 -2.57339
v -2.14038 -0.12905 -3.68597
v -3.33937 0.73788 -2.73628
v -2.83476 -0.92937 -3.01423
v -2.35651 0.66982 -3.57247
v -3.57002 -0.03394 -2.46572
v -2.26507 -0.61246 -3.52704
v -2.97607 0.97297 -3.06232
v -3.22446 -0.78227 -2.68687
v -2.12925 0.20252 -3.72002
v -3.50975 0.50284 -2.55591
v -2.57619 -0.92213 -3.22311
v -2.55437 0.90240 -3.41488
v -3.51466 -0.37316 -2.46672
v -2.11957 -0.34300 -3.67030
v -3.22774 0.90731 -2.82754
v -2.98483 -0.95496 -2.86081
v -2.21021 0.53873 -3.67490
v -3.60280 0.18455 -2.43232
v -2.33414 -0.79717 -3.43329
v -2.80634 1.03583 -3.19881
v -3.36790 -0.68490 -2.54781
v -2.05503 -0.00618 -3.75238
v -3.44538 0.71658 -2.60841
v -2.71265 -1.01753 -3.07600
v -2.37947 0.83407 -3.54754
v -3.60040 -0.17715 -2.38524
v -2.13931 -0.56192 -3.61755
v -3.08049 1.04288 -2.94911
v -3.14493 -0.92670 -2.70175
v -2.08534 0.35997 -3.75501
v -3.59532 0.41978 -2.43609
v -2.44019 -0.95635 -3.30770
v -2.62035 1.04406 -3.34698
v -3.49796 -0.53511 -2.42394
v -2.01835 -0.23744 -3.74914
v -3.33907 0.91346 -2.69788
v -2.87119 -1.06488 -2.91207
v -2.21333 0.70931 -3.66895
v -3.65248 0.05259 -2.33603
v -2.20029 -0.77164 -3.52784
v -2.90428 1.13265 -3.09443
v -3.30496 -0.84213 -2.54631
v -1.99091 0.14226 -3.80496
v -3.54424 0.65747 -2.47939
v -2.57840 -1.07799 -3.15538
v -2.42869 0.99307 -3.49698
v -3.60470 -0.33819 -2.32396
v -2.02328 -0.47774 -3.70725
v -3.19397 1.07909 -2.82082
v -3.04295 -1.05761 -2.73972
v -2.06666 0.53240 -3.76947
v -3.66433 0.30412 -2.32445
v -2.30072 -0.95838 -3.40358
v -2.70782 1.16728 -3.25513
v -3.45448 -0.70205 -2.40387
v -1.93410 -0.10305 -3.81866
v -3.44887 0.88261 -2.56217
v -2.74199 -1.15206 -2.98311
v -2.24256 0.88197 -3.63847
v -3.67917 -0.10251 -2.25552
v -2.07140 -0.71277 -3.62604
v -3.01585 1.20051 -2.97140
v -3.21811 -0.99212 -2.56810
v -1.94916 0.31109 -3.84051
v -3.63154 0.56360 -2.35384
v -2.43651 -1.10948 -3.24932
v -2.50144 1.14065 -3.42147
v -3.58328 -0.51050 -2.28348
v -1.91990 -0.36262 -3.79218
v -3.31127 1.08023 -2.68188
v -2.92259 -1.17098 -2.79903
v -2.07311 0.71373 -3.76128
v -3.71392 0.16084 -2.22481
v -2.16175 -0.92830 -3.50720
v -2.81278 1.26704 -3.14174
v -3.38628 -0.86796 -2.40672
v -1.86889 0.05614 -3.87509
v -3.55227 0.81596 -2.42516
v -2.60146 -1.21402 -3.07143
v -2.29642 1.05033 -3.58293
v -3.68186 -0.27472 -2.19337
v -1.95081 -0.62196 -3.72395
v -3.13624 1.23638 -2.83351
v -3.11060 -1.13001 -2.61224
v -1.93077 0.49501 -3.85604
v -3.70352 0.43851 -2.23611
v -2.29093 -1.11089 -3.35467
v -2.59475 1.27095 -3.32232
v -3.53699 -0.68795 -2.26495
v -1.83185 -0.21938 -3.86825
v -3.42742 1.04576 -2.53688
v -2.78760 -1.26337 -2.87783
v -2.10437 0.89778 -3.72882
v -3.74196 -0.00487 -2.14051
v -2.02678 -0.86629 -3.61483
v -2.93110 1.33897 -3.00980
v -3.29568 -1.02746 -2.43235
v -1.82456 0.23578 -3.91477
v -3.64491 0.71554 -2.29147
v -2.45334 -1.24866 -3.17440
v -2.37307 1.20810 -3.50250
v -3.66026 -0.45813 -2.15158
v -1.84159 -0.50081 -3.81742
v -3.26067 1.23810 -2.68494
v -2.98561 -1.25160 -2.67753
v -1.93644 0.68836 -3.84897
v -3.75710 0.28632 -2.13015
v -2.14518 -1.08136 -3.46808
v -2.70536 1.37860 -3.20155
v -3.46722 -0.86488 -2.26905
v -1.76160 -0.05125 -3.93142
v -3.53773 0.97614 -2.39048
v -2.64147 -1.33184 -2.97402
v -2.15967 1.07824 -3.67116
v -3.74708 -0.18764 -2.07434
v -1.89906 -0.77284 -3.72248
v -3.05845 1.37952 -2.86283
v -3.18525 -1.17578 -2.48025
v -1.80267 0.43105 -3.93438
v -3.72299 0.58420 -2.16548
v -2.30108 -1.25421 -3.28911
v -2.47018 1.34927 -3.39817
v -3.61478 -0.64707 -2.13163
v -1.74660 -0.35139 -3.90222
v -3.38445 1.20458 -2.53013
v -2.84628 -1.35327 -2.76247
v -1.96643 0.88518 -3.81738
v -3.78994 0.11164 -2.03944
v -2.00255 -1.02035 -3.58587
v -2.82960 1.45890 -3.06188
v -3.37576 -1.03613 -2.29596
v -1.71136 0.13796 -3.97779
v -3.63793 0.87280 -2.24725
v -2.48745 -1.37387 -3.08524
v -2.23773 1.24882 -3.58821
v -3.72869 -0.38200 -2.02853
v -1.78167 -0.64887 -3.82597
v -3.19037 1.38613 -2.70485
v -3.05763 -1.30870 -2.54954
v -1.80439 0.63663 -3.93112
v -3.78334 0.42552 -2.05118
v -2.14788 -1.22926 -3.41234
v -2.58492 1.46828 -3.27170
v -3.54639 -0.83616 -2.13442
v -1.66854 -0.17639 -3.97416
v -3.50303 1.13579 -2.37365
v -2.69557 -1.43184 -2.86525
v -2.02047 1.07926 -3.76011
v -3.80049 -0.08056 -1.96690
v -1.86618 -0.92775 -3.70408
v -2.96346 1.50799 -2.90668
v -3.26471 -1.19703 -2.34544
v -1.68307 0.34380 -4.00388
v -3.72419 0.73815 -2.11156
v -2.32859 -1.38730 -3.20876
v -2.33664 1.40343 -3.48072
v -3.68687 -0.58257 -2.00472
v -1.67760 -0.49594 -3.92099
v -3.32232 1.35731 -2.54019
v -2.91548 -1.42251 -2.63896
v -1.83038 0.84670 -3.90286
v -3.82352 0.24375 -1.95212
v -1.99681 -1.17278 -3.54049
v -2.71397 1.56021 -3.12567
v -3.45654 -1.02039 -2.16035
v -1.60989 0.02077 -4.02923
v -3.61217 1.03279 -2.22004
v -2.53637 -1.48454 -2.98366
v -2.09765 1.26429 -3.67686
v -3.78794 -0.28514 -1.91487
v -1.73915 -0.80399 -3.81850
v -3.10268 1.52301 -2.73985
v -3.13636 -1.34337 -2.41680
v -1.67822 0.56114 -4.00669
v -3.79332 0.57543 -1.98746
v -2.16784 -1.37031 -3.34144
v -2.45391 1.53635 -3.35030
v -3.62235 -0.78417 -2.00398
v -1.58971 -0.31632 -4.00324
v -3.44987 1.29271 -2.37339
v -2.76144 -1.51389 -2.74687
v -1.88074 1.05512 -3.84824
v -3.84183 0.04355 -1.87133
v -1.85094 -1.08420 -3.66959
v -2.85354 1.62094 -2.96331
v -3.34701 -1.19517 -2.20936
v -1.57286 0.23591 -4.06375
v -3.70806 0.89765 -2.07371
v -2.37142 -1.50889 -3.11512
v -2.19641 1.43410 -3.56820
v -3.75219 -0.49693 -1.88514
v -1.62451 -0.65021 -3.92474
v -3.24288 1.50215 -2.56567
v -2.99302 -1.47139 -2.50899
v -1.69784 0.78432 -3.98392
v -3.84277 0.38859 -1.87857
v -2.00812 -1.32147 -3.47974
v -2.58647 1.64245 -3.19939
v -3.53632 -0.98193 -2.02688
v -1.52069 -0.11310 -4.06856
v -3.56881 1.19306 -2.20899
v -2.59804 -1.57985 -2.87124
v -1.95489 1.25556 -3.76679
v -3.83729 -0.17015 -1.81126
v -1.71335 -0.96355 -3.79542
v -2.99955 1.64734 -2.78845
v -3.21978 -1.35633 -2.28094
v -1.55925 0.46411 -4.07459
v -3.78743 0.73335 -1.93876
v -2.20345 -1.50275 -3.25659
v -2.31452 1.58282 -3.43561
v -3.69372 -0.71089 -1.87892
v -1.52529 -0.46833 -4.01841
v -3.37966 1.44476 -2.38863
v -2.83701 -1.57764 -2.62052
v -1.74232 1.00722 -3.93404
v -3.87069 0.18208 -1.78801
v -1.85240 -1.23983 -3.61972
v -2.73072 1.71739 -3.03111
v -3.43030 -1.17131 -2.07350
v -1.47301 0.10977 -4.11316
v -3.67527 1.06016 -2.05143
v -2.42780 -1.61767 -3.00959
v -2.05156 1.44174 -3.65892
v -3.80963 -0.39233 -1.77381
v -1.58716 -0.81157 -3.91354
v -3.14768 1.63732 -2.60531
v -3.07689 -1.50002 -2.37417
v -1.57039 0.69979 -4.05926
v -3.84761 0.54359 -1.81889
v -2.03524 -1.46435 -3.40456
v -2.44913 1.70511 -3.28138
v -3.61351 -0.92222 -1.89690
v -1.44438 -0.26114 -4.09525
v -3.50880 1.35129 -2.21333
v -2.67061 -1.65895 -2.74947
v -1.81139 1.22349 -3.85639
v -3.87597 -0.03933 -1.71836
v -1.70376 -1.12504 -3.75713
v -2.88270 1.75773 -2.84923
v -3.30601 -1.34812 -2.14348
v -1.44876 0.34755 -4.13373
v -3.76591 0.89673 -1.90489
v -2.25325 -1.62490 -3.15894
v -2.16877 1.60762 -3.52595
v -3.75914 -0.61805 -1.76033
v -1.47552 -0.62986 -4.01945
v -3.29358 1.58991 -2.41841
v -2.92040 -1.62269 -2.48771
v -1.60696 0.93686 -4.01605
v -3.88664 0.33264 -1.71734
v -1.86968 -1.39237 -3.55513
v -2.59683 1.79635 -3.10857
v -3.51287 -1.12642 -1.93930
v -1.38448 -0.03236 -4.15130
v -3.62640 1.22327 -2.04426
v -2.49611 -1.71236 -2.89346
v -1.90406 1.42671 -3.75123
v -3.85815 -0.27075 -1.67163
v -1.56540 -0.97750 -3.88747
v -3.03817 1.76109 -2.65794
v -3.16524 -1.50847 -2.23603
v -1.44953 0.59474 -4.12760
v -3.83794 0.70628 -1.77319
v -2.07703 -1.59945 -3.31587
v -2.30388 1.74764 -3.37006
v -3.68660 -0.84258 -1.77165
v -1.38154 -0.42094 -4.10878
v -3.43301 1.50529 -2.23237
v -2.75234 -1.72099 -2.61976
v -1.66900 1.16893 -3.94412
v -3.90323 0.10513 -1.63680
v -1.70988 -1.28610 -3.70401
v -2.75376 1.85284 -2.92084
v -3.39328 -1.31928 -2.00590
v -1.34795 0.21342 -4.18309
v -3.72900 1.06319 -1.88569
v -2.31586 -1.73515 -3.04964
v -2.01859 1.61069 -3.61970
v -3.81735 -0.50733 -1.64931
v -1.44062 -0.79847 -4.00617
v -3.19281 1.72621 -2.46177
v -3.00982 -1.64868 -2.34993
v -1.47633 0.84530 -4.09287
v -3.88926 0.49292 -1.65967
v -1.90199 -1.53965 -3.47649
v -2.45364 1.85693 -3.19418
v -3.59310 -1.06143 -1.80811
v -1.30814 -0.18829 -4.17742
v -3.56199 1.38472 -2.05176
v -2.57479 -1.79176 -2.76805
v -1.75579 1.38946 -3.84354
v -3.89676 -0.13413 -1.57943
v -1.55910 -1.14558 -3.84667
v -2.91574 1.87187 -2.72238
v -3.25631 -1.49685 -2.09604
v -1.33667 0.47083 -4.18774
v -3.81369 0.87435 -1.74155
v -2.13239 -1.72490 -3.21461
v -2.15255 1.76961 -3.46385
v -3.75415 -0.74435 -1.65234
v -1.33269 -0.59017 -4.10872
v -3.34232 1.65296 -2.26537
v -2.84155 -1.76526 -2.48352
v -1.52947 1.09276 -4.02848
v -3.91840 0.26113 -1.56717
v -1.73121 -1.44443 -3.63650
v -2.61430 1.93144 -3.00193
v -3.47992 -1.27037 -1.86961
v -1.25794 0.06369 -4.22171
v -3.67695 1.23043 -1.88094
v -2.38994 -1.83199 -2.92982
v -1.86584 1.59206 -3.71527
v -3.86717 -0.38036 -1.54684
v -1.42074 -0.97174 -3.97845
v -3.07846 1.85185 -2.51772
v -3.10356 -1.65536 -2.20864
v -1.35197 0.73384 -4.16315
v -3.87820 0.66069 -1.61531
v -1.94846 -1.67961 -3.38453
v -2.30286 1.89831 -3.28648
v -3.66945 -0.97734 -1.68123
v -1.24478 -0.35584 -4.19086
v -3.48264 1.54231 -2.07340
v -2.66232 -1.85481 -2.63466
v -1.60854 1.33048 -3.93430
v -3.92458 0.01564 -1.49798
v -1.56801 -1.31347 -3.79134
v -2.78176 1.96814 -2.79744
v -3.34841 -1.46537 -1.95566
v -1.23315 0.32974 -4.23856
v -3.77483 1.04553 -1.72396
v -2.20018 -1.83896 -3.10175
v -1.99693 1.77068 -3.56119
v -3.81485 -0.62888 -1.54012
v -1.29827 -0.76650 -4.09472
v -3.23758 1.79233 -2.31156
v -2.93662 -1.79112 -2.34218
v -1.39447 0.99595 -4.10804
v -3.92089 0.42659 -1.50996
v -1.76715 -1.59784 -3.55512
v -2.46589 1.99242 -3.09113
v -3.56433 -1.20203 -1.73600
v -1.17977 -0.09967 -4.24872
v -3.61008 1.39624 -1.89033
v -2.47412 -1.91407 -2.80067
v -1.71230 1.55188 -3.81110
v -3.90753 -0.23881 -1.45385
v -1.41592 -1.14735 -3.93626
v -2.95170 1.96511 -2.58525
v -3.19996 -1.64255 -2.06529
v -1.23537 0.60387 -4.22564
v -3.85319 0.83378 -1.58447
v -2.00820 -1.81031 -3.28006
v -2.14618 1.91984 -3.38398
v -3.74050 -0.87519 -1.55990
v -1.19507 -0.53281 -4.19104
v -3.38897 1.69398 -2.10863
v -2.75716 -1.90056 -2.49462
v -1.46402 1.25040 -4.02202
v -3.94079 0.17667 -1.42795
v -1.59182 -1.47890 -3.72177
v -2.63761 2.04857 -2.88189
v -3.43992 -1.41433 -1.81628
v -1.14016 0.17320 -4.27902
v -3.72143 1.21763 -1.72036
v -2.27923 -1.94001 -2.97834
v -1.83878 1.75065 -3.66055
v -3.86747 -0.49757 -1.43604
v -1.27857 -0.94765 -4.06651
v -3.11975 1.92153 -2.37009
v -3.03594 -1.79811 -2.19712
v -1.26556 0.87957 -4.18141
v -3.91021 0.59944 -1.46559
v -1.81704 -1.74425 -3.46047
v -2.31009 2.03484 -3.18707
v -3.64500 -1.11501 -1.60637
v -1.11431 -0.27465 -4.26337
v -3.52878 1.55850 -1.91352
v -2.56702 -1.98016 -2.66341
v -1.55970 1.49044 -3.90566
v -3.93745 -0.08437 -1.37119
v -1.42610 -1.32298 -3.87968
v -2.81372 2.06442 -2.66328
v -3.29739 -1.61028 -1.92128
v -1.12789 0.45688 -4.27914
v -3.81407 1.01006 -1.56727
v -2.08023 -1.92994 -3.16394
v -1.98528 1.92101 -3.48520
v -3.80490 -0.75613 -1.44530
v -1.15957 -0.71701 -4.17751
v -3.28169 1.83775 -2.15679
v -2.85782 -1.92825 -2.34926
v -1.32389 1.14999 -4.10525
v -3.94472 0.34704 -1.36994
v -1.63010 -1.63967 -3.63838
v -2.48470 2.11191 -2.97447
v -3.52928 -1.34419 -1.67929
v -1.05879 0.00304 -4.30816
v -3.65366 1.38851 -1.73058
v -2.36831 -2.02659 -2.84547
v -1.67979 1.70950 -3.76042
v -3.91088 -0.35189 -1.34107
v -1.27379 -1.13132 -4.02398
v -2.98981 2.03882 -2.44007
v -3.13792 -1.78591 -2.04976
v -1.14423 0.74484 -4.24731
v -3.88598 0.77765 -1.43436
v -1.88012 -1.88166 -3.35326
v -2.14846 2.05789 -3.28833
v -3.72049 -1.01019 -1.48198
v -1.06235 -0.45916 -4.26498
v -3.43354 1.71515 -1.95005
v -2.66724 -2.02922 -2.51932
v -1.40974 1.40818 -3.99747
v -3.95606 0.08122 -1.29959
v -1.45110 -1.49640 -3.80892
v -2.66576 2.14836 -2.75069
v -3.39429 -1.55867 -1.77802
v -1.03077 0.29444 -4.32256
v -3.76078 1.18742 -1.56374
v -2.16350 -2.03680 -3.03714
v -1.82180 1.90147 -3.58865
v -3.86139 -0.62140 -1.33852
v -1.13869 -0.90622 -4.14992
v -3.16158 1.97174 -2.21716
v -2.96274 -1.93726 -2.19997
v -1.18971 1.03015 -4.18260
v -3.93578 0.52482 -1.32442
v -1.68232 -1.79369 -3.54167
v -2.32448 2.15714 -3.07388
v -3.61499 -1.25554 -1.54600
v -0.99001 -0.17885 -4.32516
v -3.57177 1.55611 -1.75434
v -2.46614 -2.09738 -2.70430
v -1.52165 1.64735 -3.85929
v -3.94406 -0.19340 -1.25610
v -1.28396 -1.31527 -3.96711
v -2.84883 2.14259 -2.52053
v -3.24100 -1.75437 -1.90149
v -1.03187 0.59307 -4.30449
v -3.84794 0.95916 -1.41648
v -1.95554 -2.00822 -3.23427
v -1.98258 2.06094 -3.39349
v -3.78947 -0.88855 -1.36403
v -1.02451 -0.65112 -4.25303
v -3.32492 1.86425 -1.99936
v -2.77332 -2.06034 -2.36968
v -1.26401 1.30572 -4.08507
v -3.96262 0.25618 -1.23970
v -1.49059 -1.66542 -3.72428
v -2.50911 2.21562 -2.84631
v -3.48913 -1.48805 -1.63688
v -0.94515 0.11825 -4.35490
v -3.69338 1.36378 -1.57379
v -2.25689 -2.12936 -2.90069
v -1.65741 1.86107 -3.69285
v -3.90884 -0.47233 -1.24057
v -1.13271 -1.09822 -4.10806
v -3.02952 2.09421 -2.28893
v -3.07042 -1.92716 -2.04812
v -1.06296 0.89194 -4.25275
v -3.91353 0.70807 -1.29179
v -1.74781 -1.93894 -3.43227
v -2.15841 2.18334 -3.17878
v -3.69563 -1.14912 -1.41768
v -0.93464 -0.37051 -4.32929
v -3.47615 1.71841 -1.79130
v -2.57140 -2.15124 -2.55606
v -1.36600 1.56451 -3.95567
v -3.96612 -0.02372 -1.18194
v -1.30900 -1.49727 -3.89601
v -2.69793 2.23136 -2.61042
v -3.34363 -1.70353 -1.75370
v -0.92975 0.42573 -4.35183
v -3.79594 1.14195 -1.41206
v -2.04233 -2.12218 -3.10441
v -1.81404 2.04355 -3.50112
v -3.85066 -0.75122 -1.25363
v -1.00129 -0.84836 -4.22709
v -3.20362 2.00392 -2.06082
v -2.88380 -2.07283 -2.21585
v -1.12409 1.18383 -4.16707
v -3.95650 0.43866 -1.19207
v -1.54414 -1.82793 -3.62620
v -2.34512 2.26510 -2.94890
v -3.58041 -1.39889 -1.49917
v -0.87204 -0.06990 -4.37527
v -3.61204 1.53714 -1.59726
v -2.35920 -2.20623 -2.75570
v -1.49372 1.79980 -3.79632
v -3.94618 -0.31038 -1.15238
v -1.14176 -1.29079 -4.05184
v -2.88647 2.20352 -2.37121
v -3.17932 -1.89770 -1.89510
v -0.94504 0.73657 -4.31444
v -3.87764 0.89482 -1.27230
v -1.82580 -2.07352 -3.31090
v -1.98798 2.18980 -3.28780
v -3.76986 -1.02581 -1.29556
v -0.89340 -0.56990 -4.31994
v -3.36727 1.87348 -1.84097
v -2.68269 -2.18719 -2.40201
v -1.21443 1.46148 -4.04815
v -3.97625 0.15546 -1.11926
v -1.34868 -1.67515 -3.81093
v -2.53831 2.30380 -2.70863
v -3.44432 -1.63360 -1.60777
v -0.83904 0.24440 -4.38829
v -3.72997 1.32402 -1.42108
v -2.13944 -2.22196 -2.96464
v -1.64442 2.00543 -3.60976
v -3.90290 -0.59944 -1.15184
v -0.99303 -1.04871 -4.18688
v -3.07041 2.13243 -2.13370
v -2.99719 -2.06615 -2.05917
v -0.99144 1.04344 -4.24214
v -3.93719 0.62680 -1.15714
v -1.61115 -1.98189 -3.51524
v -2.17517 2.29583 -3.05717
v -3.66674 -1.29183 -1.36620
v -0.81232 -0.26813 -4.38289
v -3.51705 1.70551 -1.63383
v -2.46914 -2.26619 -2.60335
v -1.33233 1.71788 -3.89760
v -3.97250 -0.13707 -1.07477
v -1.16581 -1.48174 -3.98130
v -2.73346 2.29817 -2.46303
v -3.28793 -1.84882 -1.74229
v -0.83725 0.56539 -4.36651
v -3.82789 1.08310 -1.26613
v -1.91541 -2.19566 -3.17840
v -1.81473 2.17599 -3.39953
v -3.83639 -0.88663 -1.18076
v -0.86682 -0.77493 -4.29663
v -3.24573 2.01947 -1.90280
v -2.79860 -2.20445 -2.24346
v -1.06848 1.33891 -4.13530
v -3.97380 0.34237 -1.06867
v -1.40262 -1.84679 -3.71224
v -2.37123 2.35873 -2.81400
v -3.54159 -1.54495 -1.46502
v -0.76078 0.05078 -4.41293
v -3.65012 1.50337 -1.44343
v -2.24572 -2.30610 -2.81604
v -1.47531 1.94651 -3.71797
v -3.94512 -0.43457 -1.05961
v -0.99993 -1.25000 -4.13225
v -2.92616 2.24810 -2.21718
v -3.11201 -2.03998 -1.90103
v -0.86747 0.88567 -4.30900
v -3.90431 0.81870 -1.13522
v -1.69094 -2.12538 -3.39206
v -2.00070 2.30702 -3.16982
v -3.74674 -1.16766 -1.23918
v -0.76675 -0.47447 -4.37709
v -3.40883 1.86698 -1.68311
v -2.58539 -2.30821 -2.44488
v -1.17481 1.61568 -3.99527
v -3.98697 0.04597 -1.00850
v -1.20472 -1.66888 -3.89662
v -2.57162 2.37678 -2.56333
v -3.39475 -1.78063 -1.59105
v -0.74077 0.37989 -4.40789
v -3.76422 1.27095 -1.27332
v -2.01563 -2.30371 -3.03570
v -1.64018 2.14154 -3.51258
v -3.89404 -0.73276 -1.07437
v -0.85532 -0.98349 -4.25903
v -3.11223 2.15463 -1.97611
v -2.91767 -2.20240 -2.08175
v -0.92961 1.19764 -4.21579
v -3.95821 0.53522 -1.03063
v -1.47032 -2.01015 -3.60043
v -2.19802 2.39514 -2.92530
v -3.63401 -1.43814 -1.32676
v -0.69591 -0.15332 -4.42493
v -3.55664 1.67808 -1.47886
v -2.35996 -2.37332 -2.65975
v -1.30826 1.86688 -3.82430
v -3.97637 -0.25807 -0.97780
v -1.02204 -1.45004 -4.06317
v -2.77184 2.34943 -2.31033
v -3.22674 -1.99416 -1.74281
v -0.75350 0.71176 -4.36646
v -3.85761 1.01244 -1.12652
v -1.78266 -2.25659 -3.25746
v -1.82317 2.29805 -3.28547
v -3.81914 -1.02735 -1.11929
v -0.73592 -0.68690 -4.35736
v -3.28789 2.01973 -1.74459
v -2.70654 -2.33140 -2.28157
v -1.02269 1.49376 -4.08791
v -3.98887 0.23705 -0.95417
v -1.25816 -1.85011 -3.79812
v -2.40215 2.43815 -2.67102
v -3.49831 -1.69345 -1.44274
v -0.65670 0.18169 -4.43759
v -3.68667 1.45644 -1.29380
v -2.12539 -2.39617 -2.88382
v -1.46588 2.08629 -3.62551
v -3.94174 -0.56548 -0.97737
v -0.85914 -1.19341 -4.20691
v -2.96758 2.27729 -2.06013
v -3.03843 -2.18063 -1.91826
v -0.79925 1.03868 -4.28834
v -3.92905 0.73215 -1.00553
v -1.55112 -2.16325 -3.47611
v -2.02005 2.41218 -3.04124
v -3.72024 -1.31390 -1.19424
v -0.64520 -0.36600 -4.42356
v -3.44986 1.84625 -1.52703
v -2.48084 -2.42252 -2.49698
v -1.14483 1.76685 -3.92733
v -3.99580 -0.07151 -0.90719
v -1.05927 -1.64667 -3.97977
v -2.60851 2.43502 -2.41219
v -3.33990 -1.92874 -1.58588
v -0.65073 0.52314 -4.41341
v -3.79696 1.20610 -1.13115
v -1.88538 -2.37381 -3.11231
v -1.64408 2.26850 -3.40276
v -3.88274 -0.87198 -1.00763
v -0.72029 -0.90332 -4.32327
v -3.15489 2.16199 -1.81765
v -2.83118 -2.33510 -2.11476
v -0.87743 1.35289 -4.17419
v -3.97764 0.43440 -0.91232
v -1.32569 -2.02334 -3.68622
v -2.22629 2.48120 -2.78489
v -3.59720 -1.58775 -1.29868
v -0.58597 -0.02746 -4.45474
v -3.59542 1.63763 -1.32738
v -2.24347 -2.47169 -2.72389
v -1.29337 2.01025 -3.73690
v -3.97849 -0.38621 -0.89067
v -0.87841 -1.40252 -4.14020
v -2.81269 2.38593 -2.15403
v -3.15937 -2.13893 -1.75437
v -0.67872 0.86321 -4.35171
v -3.88605 0.93128 -0.99360
v -1.64424 -2.30425 -3.34002
v -1.83873 2.40916 -3.16052
v -3.79896 -1.17311 -1.06866
v -0.60932 -0.58527 -4.40826
v -3.33027 2.00605 -1.58749
v -2.60701 -2.45275 -2.32901
v -0.98653 1.64688 -4.02566
v -4.00266 0.12347 -0.84845
v -1.11134 -1.83774 -3.88229
v -2.43730 2.50361 -2.52166
v -3.45001 -1.84395 -1.43160
v -0.56027 0.32134 -4.44885
v -3.72237 1.39776 -1.14907
v -1.99805 -2.47549 -2.95761
v -1.46492 2.21812 -3.52027
v -3.93642 -0.70279 -0.90522
v -0.72018 -1.12161 -4.27456
v -3.01056 2.29210 -1.90160
v -2.95783 -2.31882 -1.94582
v -0.74046 1.19397 -4.25279
v -3.95282 0.63622 -0.88335
v -1.40672 -2.18660 -3.56149
v -2.04539 2.50503 -2.90373
v -3.69003 -1.46420 -1.16013
v -0.52944 -0.24573 -4.45860
v -3.49076 1.81266 -1.37378
v -2.36863 -2.52909 -2.55708
v -1.12416 1.91363 -3.84533
v -4.00342 -0.19646 -0.81507
v -0.91307 -1.60866 -4.05895
v -2.64855 2.47911 -2.25685
v -3.27901 -2.07726 -1.59146
v -0.56924 0.67255 -4.40479
v -3.82904 1.13071 -0.99501
v -1.74880 -2.43141 -3.19301
v -1.65552 2.38560 -3.28177
v -3.86897 -1.01683 -0.95113
v -0.58877 -0.80909 -4.37855
v -3.19843 2.15572 -1.65967
v -2.73704 -2.46326 -2.15715
v -0.83483 1.50763 -4.11794
v -3.99635 0.32514 -0.80212
v -1.17788 -2.02119 -3.77112
v -2.25943 2.55410 -2.63764
v -3.55565 -1.74021 -1.28130
v -0.48312 0.10803 -4.47185
v -3.63397 1.58552 -1.18017
v -2.11949 -2.56023 -2.79443
v -1.28721 2.14685 -3.63661
v -3.97919 -0.52116 -0.81299
v -0.73575 -1.33961 -4.21110
v -2.85576 2.40851 -1.99563
v -3.08500 -2.28227 -1.77611
v -0.61311 1.01810 -4.32249
v -3.91408 0.84066 -0.86756
v -1.50051 -2.33798 -3.42462
v -1.86080 2.50892 -3.02625
v -3.77548 -1.32363 -1.02832
v -0.48779 -0.47117 -4.44851
v -3.37313 1.97971 -1.43258
v -2.49950 -2.56737 -2.38464
v -0.95977 1.79683 -3.94942
v -4.01576 0.00215 -0.75126
v -0.96294 -1.80970 -3.96336
v -2.47625 2.55556 -2.36757
v -3.39587 -1.99580 -1.43090
v -0.47197 0.46818 -4.44653
v -3.75797 1.32856 -1.00975
v -1.86377 -2.54312 -3.03603
v -1.47189 2.34117 -3.40363
v -3.92912 -0.84624 -0.84272
v -0.58392 -1.03534 -4.33411
v -3.05506 2.29360 -1.74293
v -2.86948 -2.45351 -1.98276
v -0.69114 1.34996 -4.20286
v -3.97638 0.53171 -0.76867
v -1.25834 -2.19498 -3.64676
v -2.07616 2.58553 -2.75890
v -3.65542 -1.61813 -1.13628
v -0.42016 -0.11498 -4.48162
v -3.53201 1.76752 -1.22417
v -2.24849 -2.62679 -2.62394
v -1.11246 2.05482 -3.75037
v -4.01012 -0.32855 -0.73178
v -0.76702 -1.55516 -4.13287
v -2.69144 2.50976 -2.09884
v -3.21121 -2.22534 -1.60705
v -0.49664 0.82653 -4.38212
v -3.86120 1.04583 -0.86513
v -1.60621 -2.47571 -3.27641
v -1.67395 2.49229 -3.15112
v -3.85232 -1.16703 -0.90440
v -0.46160 -0.70177 -4.42398
v -3.24306 2.13701 -1.50328
v -2.63469 -2.58572 -2.20790
v -0.80167 1.66042 -4.04780
v -4.01487 0.20794 -0.69985
v -1.02765 -2.00353 -3.85375
v -2.29694 2.61411 -2.48511
v -3.50851 -1.89489 -1.27404
v -0.38792 0.25172 -4.47596
v -3.67293 1.52293 -1.03776
v -1.98804 -2.63790 -2.87012
v -1.28932 2.27574 -3.52471
v -3.97837 -0.66266 -0.74438
v -0.59499 -1.26189 -4.27475
v -2.90096 2.41811 -1.83650
v -3.00285 -2.42311 -1.80722
v -0.55683 1.17487 -4.27915
v -3.94237 0.74136 -0.74842
v -1.35203 -2.35720 -3.50987
v -1.88884 2.59711 -2.88422
v -3.74797 -1.47849 -0.99779
v -0.37212 -0.34580 -4.47748
v -3.41688 1.94193 -1.28073
v -2.38370 -2.67408 -2.44738
v -0.94216 1.94234 -3.86017
v -4.02843 -0.12656 -0.66233
v -0.81383 -1.76611 -4.04003
v -2.51864 2.59454 -2.21025
v -3.33496 -2.14814 -1.44000
v -0.39220 0.62069 -4.43060
v -3.79414 1.24986 -0.87612
v -1.72285 -2.59812 -3.11778
v -1.48628 2.45476 -3.27701
v -3.91937 -0.99556 -0.78945
v -0.45127 -0.93544 -4.38462
v -3.10120 2.28288 -1.58526
v -2.77275 -2.58349 -2.02819
v -0.65126 1.50518 -4.13915
v -4.00022 0.41913 -0.66133
v -1.10673 -2.18811 -3.73059
v -2.11188 2.65379 -2.60831
v -3.61549 -1.77510 -1.12220
v -0.31801 0.02490 -4.49226
v -3.57416 1.71196 -1.07880
v -2.12038 -2.71446 -2.69642
v -1.10932 2.18936 -3.64362
v -4.01578 -0.46756 -0.65700
v -0.62204 -1.48658 -4.20041
v -2.73703 2.52779 -1.93952
v -3.13563 -2.37191 -1.63194
v -0.43316 0.98355 -4.34563
v -3.89411 0.95222 -0.74159
v -1.45815 -2.50600 -3.36119
v -1.69884 2.58823 -3.01230
v -3.83203 -1.32222 -0.86701
v -0.33962 -0.58246 -4.45886
v -3.28908 2.10700 -1.34938
v -2.52374 -2.70122 -2.26603
v -0.77777 1.80992 -3.96463
v -4.03342 0.08314 -0.60527
v -0.87590 -1.97035 -3.93285
v -2.33848 2.66168 -2.32883
v -3.45477 -2.05097 -1.27634
v -0.30088 0.40211 -4.46695
v -3.71292 1.45086 -0.90048
v -1.84933 -2.70367 -2.94973
v -1.29925 2.39613 -3.40253
v -3.97556 -0.81051 -0.68448
v -0.45708 -1.17007 -4.33018
v -2.94832 2.41574 -1.67780
v -2.91219 -2.56026 -1.84691
v -0.50993 1.33203 -4.22220
v -3.97141 0.63391 -0.63607
v -1.19955 -2.36145 -3.59447
v -1.92235 2.67374 -2.73595
v -3.71547 -1.63713 -0.97666
v -0.26304 -0.21043 -4.49469
v -3.46198 1.89383 -1.13257
v -2.25949 -2.77165 -2.51615
v -0.93336 2.08228 -3.75897
v -4.04052 -0.26248 -0.58135
v -0.66500 -1.70725 -4.11117
v -2.56427 2.62128 -2.05108
v -3.26633 -2.29995 -1.45831
v -0.32132 0.77734 -4.40121
v -3.83147 1.16242 -0.74829
v -1.57576 -2.63966 -3.20161
v -1.50758 2.55843 -3.14182
v -3.90641 -1.15045 -0.74507
v -0.32313 -0.82290 -4.42532
v -3.14921 2.26103 -1.42953
v -2.66716 -2.70751 -2.08125
v -0.62074 1.65824 -4.06244
v -4.02455 0.29881 -0.56113
v -0.95280 -2.16580 -3.81173
v -2.15215 2.71012 -2.45343
v -3.56922 -1.93431 -1.11742
v -0.22361 0.17248 -4.49028
v -3.61775 1.64697 -0.93805
v -1.98446 -2.79101 -2.77339
v -1.11434 2.31638 -3.52631
v -4.01992 -0.61329 -0.59040
v -0.47915 -1.40350 -4.26055
v -2.78528 2.53410 -1.78010
v -3.05149 -2.51579 -1.66546
v -0.37897 1.14209 -4.29574
v -3.92818 0.85043 -0.62432
v -1.30533 -2.52170 -3.44611
v -1.72970 2.67329 -2.86678
v -3.80712 -1.48189 -0.83863
v -0.22366 -0.45233 -4.48263
v -3.33687 2.06677 -1.19864
v -2.40400 -2.80850 -2.33059
v -0.76291 1.95492 -3.86940
v -4.05188 -0.04908 -0.51810
v -0.72361 -1.92178 -4.00726
v -2.38376 2.69738 -2.17014
v -3.39345 -2.20744 -1.28772
v -0.22243 0.55772 -4.44484
v -3.75447 1.37008 -0.76850
v -1.70380 -2.75661 -3.03210
v -1.31651 2.50745 -3.27142
v -3.96998 -0.96442 -0.63299
v -0.32298 -1.06501 -4.37657
v -2.99800 2.40241 -1.52052
v -2.81248 -2.69243 -1.89442
v -0.47242 1.48816 -4.15230
v -4.00138 0.51863 -0.53033
v -1.04393 -2.35045 -3.67722
v -1.96092 2.73898 -2.58289
v -3.67689 -1.79883 -0.96454
v -0.16124 -0.06641 -4.49981
v -3.50892 1.83637 -0.98852
v -2.12697 -2.85890 -2.58993
v -0.93303 2.21568 -3.64698
v -4.05157 -0.40544 -0.50804
v -0.51746 -1.63357 -4.17575
v -2.61304 2.63658 -1.89125
v -3.18914 -2.45003 -1.48525
v -0.25959 0.93663 -4.35864
v -3.87037 1.06680 -0.62622
v -1.42318 -2.66706 -3.28633
v -1.53533 2.65193 -2.99948
v -3.88921 -1.31045 -0.70927
v -0.20040 -0.69876 -4.45559
v -3.19939 2.22908 -1.27646
v -2.55245 -2.82423 -2.14108
v -0.59940 1.80788 -3.97358
v -4.04924 0.17090 -0.46783
v -0.79751 -2.12806 -3.88903
v -2.19666 2.75499 -2.29563
v -3.51553 -2.09481 -1.12154
v -0.13747 0.32632 -4.47561
v -3.66328 1.57333 -0.80209
v -1.84112 -2.85538 -2.85374
v -1.12709 2.43520 -3.39973
v -4.02174 -0.76553 -0.53174
v -0.33935 -1.30665 -4.31242
v -2.83628 2.52964 -1.62156
v -2.95817 -2.65566 -1.70695
v -0.33415 1.30073 -4.23298
v -3.96359 0.74075 -0.51315
v -1.14859 -2.52237 -3.52998
v -1.76611 2.74752 -2.71597
v -3.77645 -1.64538 -0.81894
v -0.11447 -0.31263 -4.49488
v -3.38687 2.01727 -1.05153
v -2.27548 -2.90630 -2.40064
v -0.75678 2.09437 -3.76317
v -4.06975 -0.18861 -0.43809
v -0.57183 -1.85814 -4.07595
v -2.43264 2.72193 -2.01028
v -3.32363 -2.36315 -1.30770
v -0.15293 0.71708 -4.40983
v -3.79797 1.28115 -0.64180
v -1.55208 -2.79589 -3.11609
v -1.34066 2.60932 -3.13274
v -3.96059 -1.12403 -0.58966
v -0.19364 -0.94766 -4.41322
v -3.05024 2.37912 -1.36540
v -2.70337 -2.81826 -1.94900
v -0.44421 1.64197 -4.07020
v -4.03215 0.39566 -0.43097
v -0.88616 -2.32404 -3.75697
v -2.00421 2.79319 -2.42639
v -3.63114 -1.96268 -0.96111
v -0.06732 0.08490 -4.49270
v -3.55814 1.77033 -0.84881
v -1.98644 -2.93470 -2.66771
v -0.94078 2.34176 -3.52541
v -4.06076 -0.55530 -0.44217
v -0.37227 -1.54566 -4.23286
v -2.66497 2.64132 -1.73181
v -3.10270 -2.59710 -1.52028
v -0.20716 1.09714 -4.30332
v -3.91101 0.96330 -0.50977
v -1.26591 -2.67974 -3.37081
v -1.56909 2.73519 -2.85139
v -3.86663 -1.47498 -0.68183
v -0.08389 -0.56421 -4.47496
v -3.25213 2.18795 -1.12655
v -2.42856 -2.93237 -2.20684
v -0.58701 1.95300 -3.87354
v -4.07382 0.03549 -0.38118
v -0.64192 -2.07506 -3.96146
v -2.24523 2.78903 -2.13614
v -3.45346 -2.25550 -1.13419
v -0.06002 0.48500 -4.44835
v -3.71110 1.49159 -0.67096
v -1.69089 -2.90667 -2.93643
v -1.14713 2.54532 -3.26519
v -4.02019 -0.92399 -0.48080
v -0.20362 -1.19687 -4.35530
v -2.89021 2.51537 -1.46472
v -2.85523 -2.79018 -1.75578
v -0.29870 1.45813 -4.15801
v -4.00024 0.62333 -0.40788
v -0.98889 -2.50776 -3.61171
v -1.80770 2.81119 -2.56122
v -3.73889 -1.81184 -0.80771
v -0.01274 -0.16469 -4.49539
v -3.43947 1.95928 -0.90831
v -2.13842 -2.99344 -2.47525
v -0.75904 2.22742 -3.64707
v -4.08625 -0.33535 -0.36504
v -0.42161 -1.77987 -4.13799
v -2.48509 2.73614 -1.85032
v -3.24453 -2.51683 -1.33582
v -0.09263 0.87875 -4.36224
v -3.84359 1.18437 -0.52026
v -1.39492 -2.82085 -3.20062
v -1.37125 2.70158 -2.98785
v -3.94621 -1.28882 -0.55433
v -0.06994 -0.81908 -4.43961
v -3.10536 2.34677 -1.21299
v -2.58472 -2.93642 -2.00991
v -0.42515 1.79226 -3.97678
v -4.06326 0.26503 -0.33779
v -0.72727 -2.28227 -3.83270
v -2.05199 2.83690 -2.26770
v -3.57716 -2.12764 -0.96609
v 0.01820 0.24208 -4.47334
v -3.60999 1.69627 -0.71349
v -1.83839 -2.99805 -2.74849
v -0.95620 2.45993 -3.39549
v -4.06707 -0.71182 -0.38359
v -0.23043 -1.44424 -4.28172
v -2.72019 2.63638 -1.57359
v -3.00647 -2.73981 -1.56284
v -0.16412 1.25750 -4.23583
v -3.95330 0.85204 -0.39875
v -1.10488 -2.67732 -3.45397
v -1.60847 2.80836 -2.69888
v -3.83746 -1.64327 -0.66258
v 0.02563 -0.42048 -4.48309
v -3.30778 2.13845 -0.98011
v -2.29564 -3.03066 -2.27769
v -0.58330 2.09263 -3.76337
v -4.09751 -0.10740 -0.30101
v -0.48712 -2.00713 -4.02805
v -2.29775 2.81296 -1.97605
v -3.38214 -2.41515 -1.15500
v 0.00839 0.64707 -4.40873
v -3.76140 1.40208 -0.54455
v -1.53451 -2.94410 -3.02041
v -1.17403 2.64647 -3.12400
v -4.01410 -1.08822 -0.43746
v -0.07291 -1.07512 -4.38857
v -2.94733 2.49216 -1.31015
v -2.74244 -2.91798 -1.81128
v -0.27252 1.61305 -4.07162
v -4.03769 0.49817 -0.30830
v -0.82726 -2.47776 -3.69024
v -1.85420 2.86469 -2.40380
v -3.69332 -1.98031 -0.80473
v 0.08094 -0.00985 -4.48404
v -3.49502 1.89338 -0.76906
v -1.99323 -3.06881 -2.55351
v -0.76931 2.35337 -3.52228
v -4.10035 -0.48915 -0.29882
v -0.27402 -1.68759 -4.19254
v -2.54118 2.74085 -1.69111
v -3.15553 -2.66716 -1.37164
v -0.04167 1.04136 -4.30255
v -3.89125 1.07987 -0.40370
v -1.23321 -2.83096 -3.28463
v -1.40790 2.78425 -2.83806
v -3.92562 -1.45811 -0.52687
v 0.04730 -0.68045 -4.45532
v -3.16368 2.30615 -1.06365
v -2.45660 -3.04561 -2.07639
v -0.41498 1.93803 -3.87301
v -4.09399 0.12674 -0.25061
v -0.56836 -2.22534 -3.90341
v -2.10410 2.87074 -2.10794
v -3.51402 -2.29253 -0.97920
v 0.09490 0.40374 -4.44188
v -3.66465 1.61454 -0.58248
v -1.68348 -3.04806 -2.83130
v -0.97887 2.56981 -3.25851
v -4.06928 -0.87467 -0.33219
v -0.09296 -1.33017 -4.32167
v -2.77890 2.62265 -1.41723
v -2.90014 -2.87678 -1.61238
v -0.13044 1.41643 -4.15686
v -3.99685 0.73301 -0.29297
v -0.94111 -2.65957 -3.53478
v -1.65316 2.87175 -2.54319
v -3.80056 -1.81443 -0.65136
v 0.12750 -0.26887 -4.47979
v -3.36665 2.08115 -0.83725
v -2.15402 -3.11794 -2.35279
v -0.58792 2.22600 -3.64420
v -4.11931 -0.25767 -0.22721
v -0.33417 -1.92476 -4.08795
v -2.35423 2.82757 -1.81628
v -3.30088 -2.57244 -1.18361
v 0.06753 0.81117 -4.35711
v -3.81412 1.30491 -0.42270
v -1.37281 -2.96702 -3.10468
v -1.20739 2.73857 -2.97745
v -4.00220 -1.25766 -0.40167
v 0.05190 -0.94248 -4.41175
v -3.00792 2.46080 -1.15824
v -2.61978 -3.03772 -1.87279
v -0.25545 1.76443 -3.97469
v -4.07525 0.36521 -0.21425
v -0.66478 -2.43243 -3.76461
v -1.90540 2.90862 -2.24481
v -3.63873 -2.14965 -0.80980
v 0.16607 0.15053 -4.46088
v -3.55368 1.81993 -0.63374
v -1.84052 -3.13144 -2.63450
v -0.78722 2.47173 -3.39002
v -4.11085 -0.64976 -0.23937
v -0.13009 -1.58204 -4.23891
v -2.60103 2.73690 -1.53334
v -3.05625 -2.81274 -1.41469
v -0.00013 1.20362 -4.23134
v -3.94060 0.96761 -0.29193
v -1.06795 -2.82588 -3.36714
v -1.45025 2.85755 -2.68462
v -3.89761 -1.63109 -0.50721
v 0.15733 -0.53298 -4.46008
v -3.22549 2.25787 -0.91750
v -2.31927 -3.14459 -2.14769
v -0.41344 2.07841 -3.75994
v -4.12334 -0.01921 -0.16932
v -0.41053 -2.15360 -3.96825
v -2.16051 2.89547 -1.94803
v -3.44097 -2.45606 -1.00018
v 0.16248 0.56851 -4.39857
v -3.72209 1.52526 -0.45561
v -1.52251 -3.08398 -2.91517
v -1.00840 2.67120 -3.11572
v -4.06613 -1.04336 -0.28798
v 0.03922 -1.20442 -4.35216
v -2.84134 2.60091 -1.26314
v -2.78361 -3.00664 -1.66833
v -0.10602 1.57281 -4.06719
v -4.04098 0.60609 -0.19225
v -0.77568 -2.62643 -3.61227
v -1.70293 2.92585 -2.38548
v -3.75485 -1.98739 -0.64809
v 0.22114 -0.11069 -4.46503
v -3.42893 2.01643 -0.69793
v -2.00424 -3.19315 -2.43129
v -0.60051 2.35253 -3.51719
v -4.13802 -0.41518 -0.15973
v -0.18415 -1.82857 -4.14041
v -2.41477 2.83367 -1.65752
v -3.20919 -2.72600 -1.21966
v 0.11728 0.97598 -4.29400
v -3.86895 1.20004 -0.30521
v -1.20676 -2.97497 -3.18826
v -1.24686 2.82174 -2.82678
v -3.98324 -1.43156 -0.37341
v 0.17000 -0.80009 -4.42450
v -3.07225 2.42193 -1.00918
v -2.48744 -3.14812 -1.93964
v -0.24724 1.91131 -3.86820
v -4.11194 0.22437 -0.12564
v -0.50258 -2.37203 -3.83392
v -1.96122 2.94363 -2.08524
v -3.57430 -2.31864 -0.82275
v 0.24226 0.31508 -4.42608
v -3.61545 1.73906 -0.50217
v -1.68102 -3.18049 -2.71731
v -0.81235 2.58221 -3.25153
v -4.11647 -0.81679 -0.18670
v 0.00920 -1.46410 -4.27648
v -2.66486 2.72508 -1.37747
v -2.94648 -2.95220 -1.46449
v 0.03205 1.36432 -4.14934
v -3.99100 0.84743 -0.18478
v -0.90021 -2.80542 -3.44718
v -1.49805 2.92188 -2.52869
v -3.86104 -1.80678 -0.49533
v 0.25951 -0.37794 -4.45376
v -3.29097 2.20233 -0.77454
v -2.17318 -3.23223 -2.22303
v -0.42017 2.21271 -3.63868
v -4.15012 -0.17276 -0.09392
v -0.25486 -2.06757 -4.02642
v -2.22124 2.91185 -1.78874
v -3.35740 -2.61690 -1.02875
v 0.22071 0.73505 -4.34384
v -3.78202 1.42837 -0.33270
v -1.35639 -3.10524 -2.99918
v -1.04441 2.76414 -2.96835
v -4.05633 -1.21725 -0.25099
v 0.16524 -1.06807 -4.37278
v -2.90774 2.57179 -1.11154
v -2.65696 -3.12806 -1.73010
v -0.09067 1.72561 -3.96774
v -4.08476 0.47114 -0.09650
v -0.60970 -2.57800 -3.68554
v -1.75764 2.97127 -2.22674
v -3.69942 -2.16098 -0.65265
v 0.30609 0.05272 -4.43889
v -3.49462 1.94446 -0.56201
v -1.84698 -3.25533 -2.51234
v -0.62068 2.47183 -3.38352
v -4.15235 -0.57965 -0.09863
v -0.03810 -1.71933 -4.18477
v -2.47951 2.83204 -1.50030
v -3.10679 -2.87446 -1.26276
v 0.15759 1.14027 -4.22002
v -3.92529 1.08727 -0.19190
v -1.03739 -2.96763 -3.27022
v -1.29212 2.89628 -2.67315
v -3.95604 -1.60904 -0.35270
v 0.28068 -0.64917 -4.42660
v -3.14049 2.37596 -0.86296
v -2.34579 -3.24796 -2.01113
v -0.24760 2.05293 -3.75320
v -4.14661 0.07564 -0.04245
v -0.34177 -2.29693 -3.89736
v -2.02163 2.97046 -1.92588
v -3.49934 -2.48597 -0.84338
v 0.30923 0.48248 -4.37997
v -3.68009 1.65071 -0.37417
v -1.51560 -3.21525 -2.80105
v -0.84432 2.68474 -3.10800
v -4.11588 -0.98971 -0.14092
v 0.14291 -1.33475 -4.30477
v -2.73287 2.70603 -1.22375
v -2.82622 -3.08417 -1.52054
v 0.05500 1.52240 -4.05736
v -4.04158 0.71914 -0.08214
v -0.73108 -2.76957 -3.52384
v -1.55109 2.97777 -2.37128
v -3.81494 -1.98407 -0.49120
v 0.35329 -0.21664 -4.43636
v -3.36015 2.13971 -0.63464
v -2.01893 -3.30750 -2.30162
v -0.43483 2.34046 -3.51038
v -4.17305 -0.33372 -0.02446
v -0.10243 -1.96790 -4.07723
v -2.28640 2.92064 -1.63061
v -3.26296 -2.77366 -1.06460
v 0.26951 0.90211 -4.27822
v -3.84392 1.32366 -0.21354
v -1.18613 -3.11139 -3.08239
v -1.08656 2.84882 -2.81757
v -4.03865 -1.39555 -0.22131
v 0.28431 -0.92227 -4.38323
v -2.97827 2.53576 -0.96247
v -2.52049 -3.23978 -1.79706
v -0.08414 1.87400 -3.85949
v -4.12708 0.32807 -0.00572
v -0.44429 -2.51456 -3.75375
v -1.81720 3.00869 -2.06780
v -3.63352 -2.33395 -0.66495
v 0.38198 0.22004 -4.40160
v -3.56355 1.86517 -0.42928
v -1.68305 -3.30371 -2.59510
v -0.64805 2.58370 -3.24439
v -4.16096 -0.75063 -0.04404
v 0.10303 -1.59792 -4.22049
v -2.54864 2.82334 -1.34490
v -2.99359 -3.01642 -1.31248
v 0.18855 1.30291 -4.13592
v -3.98231 0.96636 -0.08266
v -0.86580 -2.94488 -3.34964
v -1.34294 2.96265 -2.51761
v -3.91954 -1.78907 -0.33961
v 0.38331 -0.49098 -4.41798
v -3.21270 2.32310 -0.71948
v -2.19535 -3.33615 -2.08654
v -0.25618 2.18871 -3.63078
v -4.17798 -0.08091 0.03524
v -0.18343 -2.20768 -3.95419
v -2.08670 2.98986 -1.76733
v -3.41340 -2.65028 -0.87149
v 0.36680 0.65144 -4.32300
v -3.74713 1.55465 -0.24952
v -1.34523 -3.23518 -2.88482
v -0.88279 2.77942 -2.96061
v -4.10781 -1.16783 -0.10215
v 0.27021 -1.19505 -4.32343
v -2.80521 2.68024 -1.07226
v -2.69568 -3.20736 -1.58230
v 0.06891 1.67695 -3.95632
v -4.09125 0.58254 0.01600
v -0.56169 -2.71847 -3.59626
v -1.60926 3.02585 -2.21328
v -3.75848 -2.16176 -0.49479
v 0.43824 -0.05038 -4.40802
v -3.43289 2.06996 -0.49759
v -1.85729 -3.36950 -2.38266
v -0.45701 2.46138 -3.37618
v -4.19079 -0.50178 0.03889
v 0.04574 -1.85539 -4.12007
v -2.35614 2.92251 -1.47399
v -3.15746 -2.92496 -1.10741
v 0.30887 1.06852 -4.20237
v -3.90700 1.21082 -0.09802
v -1.01281 -3.10219 -3.16393
v -1.13459 2.92562 -2.66443
v -4.01198 -1.57732 -0.19905
v 0.39575 -0.76820 -4.38334
v -3.05302 2.49303 -0.81583
v -2.37466 -3.34064 -1.86855
v -0.08611 2.01731 -3.74347
v -4.16667 0.17685 0.08002
v -0.28057 -2.43654 -3.81614
v -1.88164 3.03882 -1.90931
v -3.55658 -2.50496 -0.68484
v 0.44857 0.38997 -4.35351
v -3.63526 1.77833 -0.29954
v -1.51336 -3.33761 -2.67870
v -0.68225 2.68818 -3.10095
v -4.16255 -0.92754 0.00386
v 0.23831 -1.46534 -4.24714
v -2.62229 2.80807 -1.19144
v -2.86970 -3.15055 -1.36836
v 0.21031 1.46292 -4.04254
v -4.03898 0.83704 0.02255
v -0.69311 -2.90673 -3.42568
v -1.39916 3.02143 -2.36106
v -3.87285 -1.97051 -0.33418
v 0.47739 -0.32679 -4.39867
v -3.28876 2.26334 -0.57852
v -2.03682 -3.41170 -2.16511
v -0.27261 2.31827 -3.50208
v -4.20471 -0.24506 0.10724
v -0.02863 -2.10496 -4.00377
v -2.15652 3.00248 -1.60997
v -3.31620 -2.81017 -0.90682
v 0.41490 0.82076 -4.25573
v -3.81584 1.45054 -0.12809
v -1.17095 -3.23991 -2.96775
v -0.92745 2.86654 -2.81043
v -4.09111 -1.35030 -0.07057
v 0.39034 -1.04616 -4.33220
v -2.88199 2.64798 -0.92292
v -2.55523 -3.32052 -1.64917
v 0.07407 1.82720 -3.84720
v -4.13877 0.43753 0.10955
v -0.39318 -2.65243 -3.66367
v -1.67253 3.06682 -2.05536
v -3.69100 -2.33856 -0.50605
v 0.51402 0.11956 -4.36900
v -3.50881 1.99286 -0.36316
v -1.68912 -3.41748 -2.46534
v -0.48635 2.57536 -3.23725
v -4.20200 -0.67645 0.09591
v 0.18870 -1.73092 -4.15444
v -2.43058 2.91799 -1.31903
v -3.04091 -3.06943 -1.15678
v 0.33889 1.23324 -4.11705
v -3.97028 1.08953 0.01391
v -0.83754 -3.07754 -3.24292
v -1.18829 2.99506 -2.50988
v -3.97533 -1.76149 -0.18433
v 0.49897 -0.60712 -4.37309
v -3.13189 2.44364 -0.67142
v -2.22007 -3.42956 -1.94391
v -0.09623 2.15505 -3.62078
v -4.20219 0.01757 0.16052
v -0.11964 -2.34450 -3.87200
v -1.95102 3.06235 -1.75170
v -3.46825 -2.67263 -0.71217
v 0.50571 0.56130 -4.29511
v -3.70912 1.68357 -0.17260
v -1.33893 -3.35655 -2.76230
v -0.72294 2.78545 -2.95428
v -4.15590 -1.10964 0.04485
v 0.36694 -1.32266 -4.26441
v -2.70057 2.78655 -1.03986
v -2.73540 -3.27557 -1.42991
v 0.22309 1.61947 -3.94079
v -4.09410 0.69910 0.12364
v -0.52046 -2.85337 -3.49751
v -1.46069 3.07326 -2.20424
v -3.81523 -2.15212 -0.33643
v 0.56251 -0.15787 -4.36886
v -3.36836 2.19643 -0.43985
v -1.87101 -3.47376 -2.24609
v -0.29652 2.44142 -3.36820
v -4.22545 -0.41645 0.17333
v 0.12163 -1.98958 -4.04553
v -2.23121 3.00891 -1.45399
v -3.20767 -2.96429 -0.94907
v 0.45357 0.98936 -4.17885
v -3.88528 1.33800 -0.00980
v -0.99386 -3.22921 -3.04900
v -0.97804 2.94655 -2.65843
v -4.06472 -1.53613 -0.04636
v 0.50264 -0.88926 -4.33096
v -2.96314 2.60929 -0.77552
v -2.40540 -3.42253 -1.72055
v 0.07080 1.97259 -3.73104
v -4.18282 0.28409 0.19834
v -0.22667 -2.57190 -3.72532
v -1.74090 3.10132 -1.89802
v -3.61206 -2.51312 -0.52490
v 0.58045 0.29192 -4.31971
v -3.58730 1.90800 -0.23115
v -1.51538 -3.45083 -2.54883
v -0.52250 2.68253 -3.09466
v -4.20544 -0.85710 0.14636
v 0.32558 -1.59550 -4.17997
v -2.50982 2.90744 -1.16570
v -2.91352 -3.20576 -1.21230
v 0.35975 1.39536 -4.02312
v -4.03260 0.95949 0.12221
v -0.66145 -3.03749 -3.31854
v -1.24751 3.05773 -2.35470
v -3.92791 -1.94688 -0.17725
v 0.59349 -0.44029 -4.35257
v -3.21463 2.38735 -0.52899
v -2.05747 -3.50560 -2.02241
v -0.11413 2.28694 -3.49251
v -4.23228 -0.14950 0.23553
v 0.03748 -2.23915 -3.92075
v -2.02541 3.07984 -1.59522
v -3.36836 -2.83560 -0.74672
v 0.55337 0.73289 -4.22700
v -3.78424 1.58045 -0.04837
v -1.16083 -3.36019 -2.84506
v -0.76984 2.87587 -2.80538
v -4.13992 -1.29604 0.07870
v 0.48819 -1.17102 -4.27208
v -2.78345 2.75885 -0.88997
v -2.59116 -3.39028 -1.49656
v 0.22719 1.77189 -3.83167
v -4.14636 0.55242 0.22044
v -0.34898 -2.78514 -3.56440
v -1.52750 3.11878 -2.04769
v -3.74614 -2.33260 -0.34637
v 0.63840 0.01451 -4.32887
v -3.45096 2.12199 -0.30325
v -1.69882 -3.52161 -2.32870
v -0.32753 2.55817 -3.23025
v -4.23891 -0.59455 0.23319
v 0.26643 -1.86244 -4.07904
v -2.31086 3.00950 -1.29941
v -3.08791 -3.11127 -0.99790
v 0.48294 1.15625 -4.09315
v -3.95435 1.21664 0.10531
v -0.81508 -3.20303 -3.12773
v -1.03438 3.01999 -2.50542
v -4.02777 -1.72423 -0.02969
v 0.60656 -0.72559 -4.31974
v -3.04845 2.56398 -0.62982
v -2.24687 -3.51235 -1.79578
v 0.05946 2.11273 -3.60892
v -4.22205 0.12236 0.28208
v -0.06321 -2.47749 -3.78059
v -1.81443 3.12997 -1.74153
v -3.52138 -2.68407 -0.55121
v 0.63740 0.46555 -4.26067
v -3.66758 1.81491 -0.10144
v -1.33712 -3.46909 -2.63233
v -0.56512 2.78316 -2.94943
v -4.19993 -1.04294 0.18992
v 0.45558 -1.45020 -4.19638
v -2.59385 2.89097 -1.01382
v -2.77566 -3.33268 -1.27349
v 0.37172 1.55413 -3.92151
v -4.09269 0.82048 0.22669
v -0.48569 -2.98227 -3.39004
v -1.31219 3.11427 -2.19946
v -3.86907 -2.13224 -0.17790
v 0.67896 -0.26894 -4.32200
v -3.30076 2.32378 -0.38828
v -1.88772 -3.56794 -2.10331
v -0.13942 2.41290 -3.35976
v -4.25564 -0.32396 0.30471
v 0.18980 -2.12131 -3.96187
v -2.10490 3.09172 -1.43989
v -3.25691 -2.99250 -0.78823
v 0.59164 0.90370 -4.14990
v -3.85958 1.46850 0.07314
v -0.98018 -3.34835 -2.92616
v -0.82272 2.95994 -2.65511
v -4.11365 -1.48571 0.10516
v 0.60144 -1.01161 -4.27010
v -2.87076 2.72483 -0.74150
v -2.43756 -3.49358 -1.56773
v 0.22296 1.91970 -3.71622
v -4.19442 0.39703 0.31266
v -0.17977 -2.70252 -3.62565
v -1.59962 3.15862 -1.89173
v -3.66522 -2.51059 -0.36394
v 0.70488 0.18917 -4.27911
v -3.53582 2.03950 -0.16854
v -1.52127 -3.55468 -2.41214
v -0.36529 2.66871 -3.08925
v -4.24388 -0.77869 0.28649
v 0.40491 -1.72456 -4.10394
v -2.39547 3.00445 -1.14605
v -2.95721 -3.24982 -1.05291
v 0.50323 1.32062 -3.99950
v -4.02183 1.08614 0.21711
v -0.63578 -3.16147 -3.20316
v -1.09636 3.08746 -2.35205
v -3.97954 -1.91338 -0.02072
v 0.70167 -0.55636 -4.29865
v -3.13753 2.51167 -0.48552
v -2.08045 -3.58908 -1.87417
v 0.04045 2.24743 -3.48191
v -4.25512 -0.04738 0.36043
v 0.09615 -2.36991 -3.82890
v -1.89319 3.15321 -1.58598
v -3.41891 -2.85005 -0.58479
v 0.68490 0.63935 -4.19250
v -3.74865 1.71307 0.02600
v -1.15542 -3.47198 -2.71503
v -0.61396 2.87766 -2.80245
v -4.18447 -1.23303 0.22631
v 0.57802 -1.29616 -4.20352
v -2.68256 2.86848 -0.86311
v -2.62784 -3.44904 -1.33982
v 0.37511 1.70897 -3.81323
v -4.14922 0.67239 0.32709
v -0.31138 -2.91225 -3.45668
v -1.38231 3.16527 -2.04456
v -3.79838 -2.31625 -0.18629
v 0.75514 -0.09429 -4.28172
v -3.38963 2.25238 -0.24910
v -1.71177 -3.61592 -2.18587
v -0.17174 2.53302 -3.22354
v -4.27102 -0.50525 0.36770
v 0.33640 -1.99190 -3.99495
v -2.18951 3.09820 -1.28558
v -3.13412 -3.14199 -0.83637
v 0.62067 1.07283 -4.06462
v -3.93396 1.34733 0.19182
v -0.79811 -3.32101 -3.00481
v -0.88142 3.03822 -2.50415
v -4.07628 -1.67752 0.12401
v 0.70619 -0.84563 -4.25850
v -2.96216 2.68410 -0.59416
v -2.27535 -3.58446 -1.64278
v 0.21078 2.06263 -3.59548
v -4.23694 0.23309 0.39996
v -0.01391 -2.60614 -3.68065
v -1.67707 3.19324 -1.73649
v -3.57230 -2.68473 -0.38904
v 0.76189 0.36499 -4.22017
v -3.62204 1.94838 -0.03567
v -1.33942 -3.57258 -2.49563
v -0.40950 2.77340 -2.94612
v -4.23929 -0.96801 0.33287
v 0.53631 -1.57701 -4.12001
v -2.48498 2.99367 -0.99366
v -2.81599 -3.37871 -1.11364
v 0.51473 1.48179 -3.89885
v -4.08641 0.94630 0.32532
v -0.45707 -3.10478 -3.27455
v -1.16391 3.14956 -2.19875
v -3.91949 -2.10232 -0.01955
v 0.78767 -0.38282 -4.26797
v -3.22977 2.45180 -0.34241
v -1.90702 -3.65193 -1.95500
v 0.01415 2.37670 -3.35103
v -4.28076 -0.22467 0.43298
v 0.25046 -2.25001 -3.86978
v -1.97721 3.17130 -1.43127
v -3.30472 -3.00969 -0.62540
v 0.72305 0.81236 -4.11596
v -3.82938 1.60198 0.15110
v -0.97143 -3.45934 -2.79613
v -0.66879 2.96657 -2.65445
v -4.15818 -1.42631 0.25524
v 0.69232 -1.13456 -4.20135
v -2.77567 2.83961 -0.71328
v -2.47073 -3.55375 -1.41072
v 0.37029 1.85952 -3.69928
v -4.20085 0.51529 0.42305
v -0.13962 -2.82795 -3.51783
v -1.45788 3.21125 -1.89017
v -3.71557 -2.49755 -0.20241
v 0.82190 0.08250 -4.23222
v -3.48038 2.17253 -0.11133
v -1.53066 -3.64901 -2.26932
v -0.21075 2.64756 -3.08482
v -4.27729 -0.69262 0.42409
v 0.47649 -1.85194 -4.01970
v -2.27919 3.09927 -1.13205
v -3.00031 -3.28280 -0.89075
v 0.64072 1.23954 -3.97205
v -4.00610 1.21662 0.30743
v -0.61578 -3.27832 -3.08025
v -0.94583 3.11130 -2.35299
v -4.02721 -1.87024 0.13508
v 0.80204 -0.67430 -4.23747
v -3.05714 2.63614 -0.44767
v -2.10537 -3.66207 -1.72105
v 0.19104 2.20056 -3.47048
v -4.27262 0.06094 0.48190
v 0.14762 -2.49675 -3.72889
v -1.75990 3.22296 -1.58191
v -3.46739 -2.85365 -0.42151
v 0.80950 0.54093 -4.15269
v -3.70854 1.84806 0.09532
v -1.15437 -3.57503 -2.57838
v -0.45990 2.87270 -2.80163
v -4.22420 -1.16156 0.37201
v 0.66000 -1.42093 -4.12713
v -2.57914 2.97687 -0.84190
v -2.66486 -3.49681 -1.17958
v 0.51778 1.63928 -3.79219
v -4.14675 0.79705 0.42959
v -0.28009 -3.03338 -3.34122
v -1.23702 3.20682 -2.04574
v -3.84726 -2.28971 -0.02623
v 0.86434 -0.20611 -4.22809
v -3.32442 2.38373 -0.20032
v -1.72759 -3.70029 -2.03756
v -0.01909 2.50072 -3.21726
v -4.29779 -0.40888 0.49930
v 0.39885 -2.11873 -3.90286
v -2.06646 3.18429 -1.27715
v -3.17909 -3.16169 -0.67273
v 0.75207 0.98376 -4.03187
v -3.90855 1.48122 0.27362
v -0.78628 -3.43121 -2.87487
v -0.72949 3.05044 -2.50597
v -4.12036 -1.62163 0.27645
v 0.79801 -0.96659 -4.18997
v -2.87272 2.80385 -0.56401
v -2.30511 -3.64586 -1.48557
v 0.35766 2.00557 -3.58069
v -4.24627 0.34938 0.51412
v 0.02856 -2.73002 -3.57289
v -1.53893 3.25257 -1.73627
v -3.62055 -2.67479 -0.22617
v 0.87924 0.26038 -4.17408
v -3.57202 2.08361 0.02501
v -1.34547 -3.66683 -2.35288
v -0.25615 2.75694 -2.94439
v -4.27345 -0.88520 0.47348
v 0.60933 -1.70251 -4.03590
v -2.37377 3.09467 -0.97894
v -2.85600 -3.41372 -0.95094
v 0.65212 1.40325 -3.87314
v -4.07470 1.07617 0.41961
v -0.43431 -3.22056 -3.15176
v -1.01590 3.17971 -2.20191
v -3.96599 -2.06260 0.13822
v 0.88873 -0.49881 -4.20732
v -3.15500 2.58025 -0.30185
v -1.92854 -3.72566 -1.80184
v 0.16414 2.33361 -3.34221
v -4.30024 -0.11893 0.55801
v 0.30388 -2.37520 -3.76991
v -1.84809 3.24788 -1.42776
v -3.35066 -3.01601 -0.46112
v 0.84786 0.71611 -4.07745
v -3.79415 1.73802 0.22426
v -0.96727 -3.56195 -2.65962
v -0.51631 2.96713 -2.65638
v -4.19783 -1.35825 0.40357
v 0.77542 -1.25748 -4.12531
v -2.67760 2.95353 -0.69044
v -2.50451 -3.60307 -1.25017
v 0.51278 1.79282 -3.68051
v -4.20156 0.63846 0.52949
v -0.10591 -2.94780 -3.40255
v -1.31570 3.25964 -1.89306
v -3.76267 -2.47422 -0.04076
v 0.93162 -0.02737 -4.17951
v -3.42053 2.30675 -0.05921
v -1.54319 -3.73366 -2.12107
v -0.05892 2.61982 -3.08145
v -4.30516 -0.59924 0.55895
v 0.54054 -1.97709 -3.92788
v -2.16081 3.19196 -1.12327
v -3.04243 -3.30479 -0.72641
v 0.77225 1.15289 -3.94114
v -3.98487 1.35049 0.39327
v -0.60112 -3.38776 -2.95051
v -0.79594 3.12982 -2.35737
v -4.07047 -1.81775 0.28975
v 0.89474 -0.79345 -4.16959
v -2.97310 2.76049 -0.41507
v -2.13184 -3.72453 -1.56372
v 0.33763 2.14712 -3.45845
v -4.28425 0.17505 0.59982
v 0.19216 -2.61922 -3.62140
v -1.62545 3.28936 -1.58265
v -3.51339 -2.84659 -0.25742
v 0.92725 0.43837 -4.10801
v -3.66343 1.98499 0.15980
v -1.15732 -3.66917 -2.43580
v -0.30770 2.86165 -2.80292
v -4.25864 -1.08198 0.51551
v 0.73431 -1.54475 -4.04351
v -2.47294 3.08392 -0.82590
v -2.70182 -3.53366 -1.01644
v 0.65524 1.56358 -3.76886
v -4.13844 0.92595 0.52794
v -0.25481 -3.14816 -3.21871
v -1.09162 3.24389 -2.05099
v -3.89232 -2.25325 0.13337
v 0.96611 -0.32029 -4.16847
v -3.25489 2.51570 -0.15659
v -1.74589 -3.77463 -1.88442
v 0.13043 2.46201 -3.21154
v -4.31871 -0.30583 0.62781
v 0.45402 -2.24245 -3.80340
v -1.94156 3.26784 -1.27370
v -3.22243 -3.17052 -0.50756
v 0.87721 0.88978 -3.99530
v -3.87761 1.61785 0.35085
v -0.77926 -3.53337 -2.73861
v -0.57858 3.05724 -2.51079
v -4.15955 -1.55689 0.42727
v 0.88217 -1.08785 -4.11470
v -2.77980 2.92297 -0.53900
v -2.33575 -3.69656 -1.32480
v 0.50014 1.94229 -3.56481
v -4.24955 0.47081 0.62449
v 0.06446 -2.84871 -3.45798
v -1.39994 3.30822 -1.74053
v -3.66571 -2.65446 -0.06307
v 0.98955 0.15241 -4.12287
v -3.51706 2.22019 0.08083
v -1.35493 -3.75170 -2.20480
v -0.10506 2.73445 -2.94429
v -4.30194 -0.79485 0.61148
v 0.67484 -1.82617 -3.94469
v -2.26001 3.19389 -0.96926
v -2.89528 -3.43782 -0.78601
v 0.78394 1.31925 -3.84471
v -4.05705 1.20963 0.50960
v -0.41708 -3.32929 -3.02237
v -0.86812 3.20517 -2.20875
v -4.00815 -2.01337 0.29498
v 0.98231 -0.61628 -4.14057
v -3.07605 2.70876 -0.26629
v -1.95191 -3.78907 -1.64448
v 0.31058 2.28433 -3.33345
v -4.31362 -0.00715 0.67962
v 0.35030 -2.49642 -3.66293
v -1.71739 3.32156 -1.42899
v -3.39433 -3.01165 -0.29593
v 0.96614 0.61565 -4.03479
v -3.75340 1.87618 0.29277
v -0.96736 -3.65596 -2.51732
v -0.36523 2.96219 -2.66086
v -4.23215 -1.28186 0.54981
v 0.85095 -1.37982 -4.04257
v -2.57624 3.06635 -0.67260
v -2.53850 -3.64159 -1.08670
v 0.65049 1.72033 -3.66019
v -4.19606 0.76610 0.63191
v -0.07835 -3.06169 -3.28048
v -1.17297 3.30409 -1.90011
v -3.80612 -2.44084 0.12052
v 1.03416 -0.13980 -4.12148
v -3.35583 2.44173 -0.01193
v -1.55848 -3.80855 -1.96807
v 0.09024 2.58615 -3.07923
v -4.32704 -0.49896 0.69082
v 0.59730 -2.09952 -3.82912
v -2.04010 3.28246 -1.11933
v -3.08317 -3.31595 -0.56048
v 0.89790 1.06135 -3.90714
v -3.95767 1.48729 0.47468
v -0.59148 -3.48952 -2.81464
v -0.64665 3.14350 -2.36502
v -4.10891 -1.75623 0.44291
v 0.97995 -0.91321 -4.09554
v -2.88506 2.88439 -0.38736
v -2.15950 -3.77648 -1.40284
v 0.48027 2.08777 -3.44600
v -4.28955 0.29453 0.71406
v 0.23005 -2.73691 -3.50708
v -1.48971 3.35255 -1.58784
v -3.55651 -2.82910 -0.09302
v 1.03827 0.33231 -4.05889
v -3.61285 2.12343 0.21959
v -1.16393 -3.75424 -2.28799
v -0.15731 2.84509 -2.80630
v -4.28736 -0.99466 0.65649
v 0.80118 -1.66711 -3.95326
v -2.36367 3.18942 -0.81474
v -2.73833 -3.55968 -0.85104
v 0.78755 1.48255 -3.74354
v -4.12382 1.05865 0.62211
v -0.23523 -3.25629 -3.08982
v -0.94600 3.27678 -2.06006
v -3.93319 -2.20714 0.29205
v 1.06062 -0.43619 -4.10337
v -3.18065 2.64787 -0.11766
v -1.76633 -3.83890 -1.72715
v 0.27687 2.41753 -3.20650
v -4.33336 -0.19652 0.75301
v 0.50215 -2.36260 -3.69720
v -1.81460 3.34883 -1.27486
v -3.26375 -3.16867 -0.34143
v 0.99620 0.79155 -3.95528
v -3.84070 1.75677 0.42356
v -0.77672 -3.62729 -2.59671
v -0.42863 3.05907 -2.51847
v -4.19346 -1.48363 0.57610
v 0.95888 -1.20887 -4.03325
v -2.68306 3.04115 -0.51877
v -2.36692 -3.73661 -1.16112
v 0.63829 1.87346 -3.54806
v -4.24633 0.59693 0.73093
v 0.09409 -2.96186 -3.33658
v -1.25995 3.36037 -1.74896
v -3.70741 -2.62401 0.09973
v 1.09296 0.04169 -4.06699
v -3.45672 2.35766 0.13198
v -1.36742 -3.82709 -2.05205
v 0.04382 2.70649 -2.94583
v -4.32437 -0.69737 0.74657
v 0.73308 -1.94751 -3.84696
v -2.14341 3.29114 -0.96424
v -2.93347 -3.45113 -0.61945
v 0.91030 1.23044 -3.81390
v -4.03303 1.34620 0.59526
v -0.40505 -3.43073 -2.88704
v -0.72047 3.22626 -2.21905
v -4.04561 -1.95495 0.45030
v 1.06858 -0.73467 -4.06824
v -2.99254 2.83694 -0.23545
v -1.97675 -3.84217 -1.48360
v 0.45356 2.22951 -3.32491
v -4.32048 0.11021 0.79763
v 0.39000 -2.61328 -3.54946
v -1.58491 3.39235 -1.43457
v -3.43537 -2.99682 -0.13039
v 1.07804 0.51159 -3.98837
v -3.70672 2.01597 0.35673
v -0.97134 -3.74123 -2.36991
v -0.21549 2.95224 -2.66780
v -4.26078 -1.19753 0.69361
v 0.91913 -1.50105 -3.95367
v -2.47128 3.17776 -0.65940
v -2.57236 -3.66940 -0.92095
v 0.78351 1.64267 -3.63857
v -4.18393 0.89774 0.73021
v -0.05663 -3.16934 -3.15230
v -1.02957 3.34479 -1.91101
v -3.84554 -2.39771 0.28095
v 1.12969 -0.25420 -4.05858
v -3.28587 2.57702 0.03071
v -1.57619 -3.87362 -1.81099
v 0.23680 2.54712 -3.07820
v -4.34254 -0.39220 0.81945
v 0.64702 -2.21880 -3.72401
v -1.91683 3.37061 -1.11985
v -3.12217 -3.31645 -0.39354
v 1.01780 0.96557 -3.87038
v -3.92407 1.62652 0.55167
v -0.58653 -3.58340 -2.67330
v -0.49784 3.15267 -2.37576
v -4.14216 -1.68602 0.59413
v 1.05785 -1.03305 -4.01585
v -2.79264 3.00745 -0.36428
v -2.18799 -3.81796 -1.23905
v 0.61907 2.02315 -3.43332
v -4.28815 0.41891 0.82444
v 0.26157 -2.84947 -3.38657
v -1.35248 3.41252 -1.59714
v -3.59640 -2.80142 0.07114
v 1.14272 0.22336 -4.00575
v -3.55642 2.26287 0.27482
v -1.17384 -3.83013 -2.13561
v -0.00862 2.82351 -2.81173
v -4.31001 -0.90000 0.79463
v 0.86084 -1.78753 -3.85693
v -2.25104 3.29308 -0.80807
v -2.77406 -3.57502 -0.68398
v 0.91486 1.39681 -3.71653
v -4.10248 1.19465 0.71200
v -0.22103 -3.35751 -2.95522
v -0.80004 3.30571 -2.07266
v -3.96951 -2.15171 0.44935
v 1.14804 -0.55330 -4.03328
v -3.10131 2.77979 -0.08331
v -1.78854 -3.89309 -1.56639
v 0.42035 2.36784 -3.20221
v -4.34136 -0.08140 0.87464
v 0.54353 -2.47881 -3.58486
v -1.68535 3.42713 -1.28026
v -3.30271 -3.15636 -0.17489
v 1.10919 0.68966 -3.91218
v -3.79742 1.89746 0.49179
v -0.77830 -3.71281 -2.44985
v -0.27953 3.05631 -2.52886
v -4.22174 -1.40225 0.72254
v 1.02837 -1.32915 -3.94615
v -2.58217 3.15800 -0.50303
v -2.39825 -3.76610 -0.99514
v 0.77225 1.79967 -3.53065
v -4.23625 0.72724 0.83331
v 0.11776 -3.06917 -3.20932
v -1.11879 3.40905 -1.76122
v -3.74531 -2.58373 0.26174
v 1.18967 -0.07120 -4.00687
v -3.39064 2.49553 0.17858
v -1.38261 -3.89294 -1.89529
v 0.19063 2.67356 -2.94900
v -4.34039 -0.59320 0.87846
v 0.78432 -2.06609 -3.74329
v -2.02372 3.38616 -0.96352
v -2.97022 -3.45385 -0.45184
v 1.03136 1.13739 -3.78102
v -4.00227 1.48538 0.67655
v -0.39790 -3.52467 -2.74644
v -0.57282 3.24323 -2.23255
v -4.07802 -1.88770 0.60374
v 1.14776 -0.85346 -3.99081
v -2.90413 2.96434 -0.20909
v -2.00272 -3.88500 -1.31985
v 0.59320 2.16967 -3.31670
v -4.32048 0.23269 0.91181
v 0.42327 -2.72543 -3.43011
v -1.45044 3.46012 -1.44416
v -3.47344 -2.97178 0.03497
v 1.18374 0.40451 -3.93860
v -3.65373 2.15689 0.41619
v -0.97889 -3.81764 -2.21805
v -0.06695 2.93764 -2.67707
v -4.28339 -1.10567 0.83462
v 0.98020 -1.62074 -3.85917
v -2.36242 3.28739 -0.65054
v -2.60573 -3.68664 -0.75353
v 0.91201 1.56043 -3.61589
v -4.16484 1.03286 0.82429
v -0.04044 -3.27048 -3.01863
v -0.88532 3.38179 -1.92546
v -3.88061 -2.34517 0.44005
v 1.21841 -0.37006 -3.99128
v -3.21033 2.71212 0.06887
v -1.59597 -3.92885 -1.65049
v 0.38093 2.50320 -3.07839
v -4.35134 -0.27940 0.94454
v 0.68999 -2.33454 -3.61314
v -1.79074 3.45617 -1.12446
v -3.15910 -3.30652 -0.22616
v 1.13213 0.86608 -3.83122
v -3.88373 1.76768 0.62423
v -0.58593 -3.66923 -2.52715
v -0.34936 3.15759 -2.38937
v -4.16990 -1.60752 0.74302
v 1.12870 -1.15251 -3.93103
v -2.69554 3.12921 -0.34554
v -2.21694 -3.84905 -1.07300
v 0.75419 1.95377 -3.42057
v -4.27970 0.54770 0.93077
v 0.28704 -2.95660 -3.26048
v -1.21358 3.46922 -1.61019
v -3.63274 -2.76387 0.23456
v 1.24081 0.11203 -3.94902
v -3.49378 2.40279 0.32558
v -1.18671 -3.89677 -1.97933
v 0.13851 2.79729 -2.81911
v -4.32628 -0.79843 0.92960
v 0.91356 -1.90561 -3.75510
v -2.13478 3.39455 -0.80555
v -2.80864 -3.57984 -0.51586
v 1.03734 1.30688 -3.68808
v -4.07413 1.33343 0.79755
v -0.21188 -3.45161 -2.81554
v -0.65356 3.33076 -2.08850
v -4.00096 -2.08734 0.60482
v 1.22862 -0.67111 -3.95865
v -3.01656 2.91095 -0.05335
v -1.81218 -3.93722 -1.40280
v 0.56102 2.31340 -3.19873
v -4.34241 0.03905 0.99246
v 0.57845 -2.59072 -3.46699
v -1.55359 3.50250 -1.28954
v -3.33898 -3.13384 -0.00849
v 1.21639 0.58463 -3.86637
v -3.74744 2.03939 0.55556
v -0.78368 -3.78980 -2.29867
v -0.13110 3.04922 -2.54179
v -4.24410 -1.31316 0.86621
v 1.09087 -1.44826 -3.85392
v -2.47684 3.27309 -0.49150
v -2.42940 -3.78516 -0.82750
v 0.90220 1.72143 -3.51278
v -4.21900 0.86125 0.93147
v 0.13577 -3.17037 -3.07682
v -0.97628 3.45421 -1.77697
v -3.77909 -2.53396 0.42247
v 1.27988 -0.18579 -3.94296
v -3.31849 2.63327 0.22076
v -1.40014 -3.94923 -1.73519
v 0.33552 2.63603 -2.95374
v -4.34972 -0.48279 1.00684
v 0.82882 -2.18156 -3.63425
v -1.90068 3.47860 -0.96676
v -3.00519 -3.44620 -0.28377
v 1.14732 1.04063 -3.74636
v -3.96447 1.62663 0.75340
v -0.39530 -3.61092 -2.60119
v -0.42499 3.25617 -2.24900
v -4.10509 -1.81203 0.75487
v 1.22008 -0.97221 -3.90878
v -2.81053 3.09044 -0.18700
v -2.02947 -3.91763 -1.15384
v 0.72971 2.10528 -3.30891
v -4.31333 0.35979 1.02195
v 0.45041 -2.83257 -3.30549
v -1.31376 3.52468 -1.45739
v -3.50822 -2.93684 0.19962
v 1.28346 0.29488 -3.88584
v -3.59413 2.29838 0.47120
v -0.98964 -3.88512 -2.06239
v 0.08056 2.91868 -2.68852
v -4.29969 -1.00672 0.97247
v 1.03441 -1.73849 -3.75959
v -2.24939 3.39482 -0.64571
v -2.63827 -3.69348 -0.58504
v 1.03619 1.47408 -3.59237
v -4.13850 1.17096 0.91401
v -0.02946 -3.36489 -2.88010
v -0.74005 3.41507 -1.94313
v -3.91104 -2.28357 0.59736
v 1.30056 -0.48691 -3.92003
v -3.12889 2.84650 0.10269
v -1.61746 -3.97429 -1.48720
v 0.52279 2.45478 -3.07978
v -4.35318 -0.16107 1.06584
v 0.72648 -2.44642 -3.49707
v -1.66161 3.53881 -1.13282
v -3.19363 -3.28641 -0.05889
v 1.24112 0.76338 -3.78996
v -3.83638 1.91022 0.69230
v -0.58934 -3.74690 -2.37683
v -0.20106 3.15839 -2.40561
v -4.19186 -1.52116 0.88916
v 1.19275 -1.27118 -3.84157
v -2.59349 3.24919 -0.33094
v -2.24603 -3.86987 -0.90528
v 0.88584 1.88008 -3.40786
v -4.26396 0.68038 1.03287
v 0.30675 -3.05805 -3.12942
v -1.07279 3.52245 -1.62663
v -3.66521 -2.71677 0.39672
v 1.33276 -0.00121 -3.88908
v -3.42467 2.54266 0.37191
v -1.20220 -3.95414 -1.81977
v 0.28426 2.76671 -2.82832
v -4.33590 -0.69044 1.06106
v 0.95961 -2.02100 -3.64829
v -2.01463 3.49342 -0.80688
v -2.84176 -3.57437 -0.34726
v 1.15521 1.21325 -3.65844
v -4.03848 1.47445 0.87865
v -0.20745 -3.53843 -2.67141
v -0.50640 3.35193 -2.10729
v -4.02728 -2.01441 0.75801
v 1.30259 -0.78920 -3.87996
v -2.92614 3.04083 -0.02761
v -1.83690 -3.97138 -1.23699
v 0.69909 2.25461 -3.19610
v -4.33628 0.16433 1.10624
v 0.60719 -2.69806 -3.34414
v -1.41910 3.57465 -1.30234
v -3.37225 -3.10141 0.15722
v 1.31804 0.47692 -3.81819
v -3.69052 2.18201 0.61485
v -0.79252 -3.85820 -2.14381
v 0.01680 3.03794 -2.55702
v -4.26027 -1.21681 1.00674
v 1.14667 -1.56583 -3.75707
v -2.36683 3.38592 -0.48392
v -2.46004 -3.79395 -0.65879
v 1.02835 1.63917 -3.49459
v -4.19435 0.99842 1.02524
v 0.14846 -3.26527 -2.93969
v -0.83222 3.49569 -1.79586
v -3.80847 -2.47506 0.58142
v 1.36386 -0.30165 -3.87565
v -3.24004 2.77033 0.25861
v -1.41968 -3.99598 -1.57236
v 0.47868 2.59419 -2.95998
v -4.35210 -0.36664 1.13141
v 0.86688 -2.29360 -3.52038
v -1.77407 3.56807 -0.97364
v -3.03807 -3.42841 -0.11581
v 1.25841 0.94060 -3.71019
v -3.91939 1.76941 0.82575
v -0.39692 -3.68938 -2.45193
v -0.27681 3.26512 -2.26809
v -4.12656 -1.72834 0.90329
v 1.28582 -1.09053 -3.82261
v -2.71149 3.21474 -0.16900
v -2.05666 -3.94018 -0.98620
v 0.86327 2.03672 -3.30160
v -4.29882 0.49098 1.12782
v 0.47174 -2.93445 -3.17617
v -1.17469 3.58576 -1.47391
v -3.53942 -2.89233 0.36305
v 1.37745 0.18315 -3.83046
v -3.52771 2.43990 0.52176
v -1.00327 -3.94365 -1.90355
v 0.22721 2.89552 -2.70197
v -4.30945 -0.90116 1.10682
v 1.08207 -1.85397 -3.65546
v -2.13196 3.49957 -0.64465
v -2.66967 -3.69012 -0.41606
v 1.15628 1.38405 -3.56819
v -4.10470 1.31147 0.99924
v -0.02335 -3.45242 -2.73731
v -0.59358 3.44450 -1.96366
v -3.93657 -2.21333 0.75241
v 1.37642 -0.60437 -3.84524
v -3.04135 2.97961 0.13228
v -1.64033 -4.00998 -1.32175
v 0.66258 2.40215 -3.08232
v -4.34783 -0.03771 1.18306
v 0.75681 -2.55416 -3.37637
v -1.52923 3.61815 -1.14459
v -3.22546 -3.25642 0.10771
v 1.34502 0.65788 -3.74690
v -3.78180 2.05358 0.75587
v -0.59643 -3.81632 -2.22295
v -0.05275 3.15512 -2.42420
v -4.20781 -1.42738 1.03217
v 1.25027 -1.38871 -3.74795
v -2.48628 3.36686 -0.32025
v -2.27493 -3.88058 -0.73651
v 1.01422 1.80245 -3.39528
v -4.24073 0.81643 1.13054
v 0.32103 -3.15362 -2.99397
v -0.92996 3.57196 -1.64611
v -3.69356 -2.66049 0.55714
v 1.41885 -0.11598 -3.82631
v -3.34888 2.68191 0.41389
v -1.21996 -4.00226 -1.65756
v 0.42880 2.73196 -2.83921
v -4.33867 -0.57652 1.18871
v 0.99928 -2.13339 -3.53702
v -1.89041 3.58922 -0.81177
v -2.87310 -3.55884 -0.17874
v 1.26872 1.11631 -3.62782
v -3.99537 1.61717 0.95518
v -0.20742 -3.61783 -2.52342
v -0.35838 3.36913 -2.12867
v -4.04821 -1.93336 0.90849
v 1.37024 -0.90723 -3.79763
v -2.82984 3.16889 -0.00596
v -1.86237 -3.99566 -1.06957
v 0.83477 2.19176 -3.19427
v -4.32277 0.29392 1.21572
v 0.63009 -2.80060 -3.21689
v -1.28171 3.64322 -1.31832
v -3.40224 -3.05940 0.32172
v 1.41439 0.36692 -3.76794
v -3.62648 2.32477 0.66965
v -0.80447 -3.91797 -1.98587
v 0.16437 3.02256 -2.57431
v -4.27005 -1.11368 1.14377
v 1.19606 -1.68156 -3.65609
v -2.25194 3.49601 -0.48007
v -2.48985 -3.79268 -0.48960
v 1.15095 1.55325 -3.47620
v -4.16213 1.13820 1.11447
v 0.15613 -3.35370 -2.79851
v -0.68646 3.53328 -1.81752
v -3.83319 -2.40743 0.73814
v 1.44188 -0.41842 -3.80534
v -3.15509 2.90615 0.29219
v -1.44088 -4.03325 -1.40741
v 0.62031 2.54826 -2.96757
v -4.34737 -0.24526 1.25188
v 0.89881 -2.40196 -3.40221
v -1.64371 3.65413 -0.98385
v -3.06857 -3.40078 0.05152
v 1.36489 0.83767 -3.67274
v -3.86686 1.91316 0.89353
v -0.40241 -3.75997 -2.29924
v -0.12812 3.27001 -2.28950
v -4.14222 -1.63711 1.04857
v 1.34527 -1.20810 -3.73275
v -2.60684 3.33669 -0.15491
v -2.08398 -3.95281 -0.81751
v 0.99412 1.96429 -3.29477
v -4.27677 0.62574 1.22923
v 0.48756 -3.03090 -3.04271
v -1.03307 3.64301 -1.49336
v -3.56678 -2.83859 0.52474
v 1.46599 0.06966 -3.77280
v -3.45430 2.58089 0.56790
v -1.01944 -3.99322 -1.74214
v 0.37317 2.86825 -2.71717
v -4.31248 -0.78949 1.23733
v 1.12346 -1.96689 -3.54726
v -2.00999 3.60115 -0.64711
v -2.69961 -3.67681 -0.24716
v 1.27254 1.29067 -3.54350
v -4.06329 1.45386 1.07985
v -0.02180 -3.53295 -2.59085
v -0.44574 3.46990 -1.98671
v -3.95694 -2.13485 0.90477
v 1.44626 -0.72210 -3.76732
v -2.94755 3.11090 0.15775
v -1.66425 -4.03603 -1.15471
v 0.80051 2.34554 -3.08591
v -4.33514 0.09016 1.29595
v 0.78127 -2.65756 -3.25156
v -1.39346 3.69378 -1.15946
v -3.25432 -3.21686 0.27312
v 1.44410 0.54993 -3.70229
v -3.71987 2.19719 0.81487
v -0.60685 -3.87747 -2.06611
v 0.09573 3.14773 -2.44484
v -4.21753 -1.32667 1.17168
v 1.30157 -1.50481 -3.65063
v -2.37374 3.48171 -0.31328
v -2.30331 -3.88137 -0.56725
v 1.13959 1.72118 -3.38287
v -4.20986 0.95527 1.22361
v 0.33021 -3.24316 -2.85469
v -0.78492 3.61747 -1.66827
v -3.71753 -2.59542 0.71534
v 1.49937 -0.23193 -3.76105
v -3.26627 2.81997 0.45154
v -1.23967 -4.04118 -1.49329
v 0.57233 2.69315 -2.85156
v -4.33442 -0.45718 1.31223
v 1.03290 -2.24256 -3.42181
v -1.76197 3.68148 -0.81993
v -2.90238 -3.53354 -0.01086
v 1.37815 1.01639 -3.59640
v -3.94465 1.76101 1.02707
v -0.21146 -3.68975 -2.37215
v -0.20936 3.38219 -2.15229
v -4.06354 -1.84463 1.05586
v 1.43188 -1.02489 -3.71209
v -2.72754 3.29458 0.01175
v -1.88826 -4.01023 -0.90113
v 0.96826 2.12506 -3.19318
v -4.30173 0.42725 1.32067
v 0.64744 -2.89815 -3.08577
v -1.14127 3.70782 -1.33713
v -3.42868 -3.00817 0.48453
v 1.50575 0.25496 -3.71591
v -3.55519 2.46709 0.71996
v -0.81920 -3.96912 -1.82544
v 0.31176 3.00305 -2.59337
v -4.27326 -1.00426 1.27696
v 1.23934 -1.79518 -3.55144
v -2.13206 3.60281 -0.47972
v -2.51853 -3.78157 -0.32048
v 1.27025 1.46395 -3.45768
v -4.12221 1.28003 1.19901
v 0.15913 -3.43555 -2.65384
v -0.53885 3.56670 -1.84160
v -3.85304 -2.33149 0.89218
v 1.51424 -0.53579 -3.73240
v -3.06355 3.04018 0.32160
v -1.46342 -4.06113 -1.24093
v 0.76060 2.49834 -2.97633
v -4.33536 -0.11919 1.36798
v 0.92492 -2.50643 -3.28024
v -1.50949 3.73633 -0.99709
v -3.09640 -3.36363 0.21768
v 1.46706 0.73216 -3.63422
v -3.80680 2.05731 0.95666
v -0.41145 -3.82265 -2.14371
v 0.02121 3.27070 -2.31290
v -4.15186 -1.53879 1.19035
v 1.39874 -1.32466 -3.63964
v -2.49647 3.45576 -0.14457
v -2.11109 -3.95569 -0.64835
v 1.12248 1.88821 -3.28839
v -4.24707 0.76349 1.32597
v 0.49821 -3.12177 -2.90564
v -0.88877 3.69608 -1.51538
v -3.59004 -2.77603 0.68424
v 1.54938 -0.04528 -3.71314
v -3.37380 2.72077 0.60965
v -1.03781 -4.03390 -1.57873
v 0.51862 2.83689 -2.73387
v -4.30862 -0.67221 1.36370
v 1.15891 -2.07706 -3.43547
v -1.88335 3.69906 -0.65282
v -2.72780 -3.65382 -0.07888
v 1.38523 1.19423 -3.51839
v -4.01417 1.59754 1.15573
v -0.02446 -3.60641 -2.44126
v -0.29644 3.49102 -2.01191
v -3.97197 -2.04860 1.05402
v 1.51041 -0.83983 -3.68665
v -2.84740 3.23981 0.17922
v -1.68889 -4.05258 -0.98668
v 0.93678 2.28506 -3.09038
v -4.31498 0.22198 1.40427
v 0.80021 -2.75644 -3.12315
v -1.25418 3.76526 -1.17710
v -3.27994 -3.16808 0.43685
v 1.53866 0.43982 -3.65636
v -3.65048 2.34049 0.86929
v -0.62029 -3.93035 -1.90687
v 0.24450 3.13612 -2.46718
v -4.22087 -1.21951 1.30732
v 1.34697 -1.61925 -3.55006
v -2.25581 3.59319 -0.30984
v -2.33088 -3.87248 -0.39806
v 1.26219 1.63649 -3.37062
v -4.17125 1.09636 1.31192
v 0.33461 -3.32656 -2.71211
v -0.63758 3.65861 -1.69273
v -3.73689 -2.52197 0.87088
v 1.57464 -0.34880 -3.69364
v -3.17679 2.95629 0.48493
v -1.26099 -4.07099 -1.32754
v 0.71501 2.65031 -2.86513
v -4.32301 -0.33295 1.43134
v 1.06078 -2.34832 -3.30313
v -1.62922 3.76971 -0.83110
v -2.92932 -3.49878 0.15587
v 1.48376 0.91374 -3.56430
v -3.88626 1.90541 1.09422
v -0.21922 -3.75417 -2.21817
v -0.05922 3.39089 -2.17780
v -4.07310 -1.74870 1.19972
v 1.48782 -1.14195 -3.62373
v -2.61917 3.41734 0.02564
v -1.91427 -4.01524 -0.73222
v 1.09978 2.05467 -3.19270
v -4.27308 0.56379 1.42090
v 0.65959 -2.99059 -2.95129
v -0.99771 3.76803 -1.35845
v -3.45133 -2.94809 0.64515
v 1.59242 0.14130 -3.66234
v -3.47660 2.60840 0.76576
v -0.83638 -4.01170 -1.66308
v 0.45910 2.97934 -2.61388
v -4.26974 -0.88908 1.40597
v 1.27684 -1.90650 -3.44358
v -2.00711 3.70583 -0.48266
v -2.54578 -3.76090 -0.15196
v 1.38650 1.37149 -3.43904
v -4.07452 1.42334 1.27872
v 0.15778 -3.51077 -2.50621
v -0.38932 3.59563 -1.86772
v -3.86780 -2.24769 1.04312
v 1.58128 -0.65352 -3.65717
v -2.96536 3.17185 0.34690
v -1.48697 -4.07977 -1.07347
v 0.89970 2.44450 -2.98604
v -4.31598 0.01103 1.47946
v 0.94554 -2.60687 -3.15497
v -1.37134 3.81418 -1.01307
v -3.12131 -3.31730 0.38217
v 1.56520 0.62430 -3.59477
v -3.73914 2.20128 1.01510
v -0.42371 -3.87745 -1.98588
v 0.17130 3.26699 -2.33790
v -4.15532 -1.43390 1.32826
v 1.44655 -1.44000 -3.54367
v -2.38034 3.57139 -0.13781
v -2.13770 -3.94905 -0.47925
v 1.24857 1.80863 -3.28234
v -4.20965 0.90368 1.41787
v 0.50402 -3.20698 -2.76550
v -0.74173 3.74457 -1.53964
v -3.60900 -2.70506 0.84109
v 1.62795 -0.16144 -3.65177
v -3.28619 2.85897 0.64701
v -1.05806 -4.06578 -1.41388
v 0.66368 2.80137 -2.75175
v -4.29775 -0.54988 1.48563
v 1.18875 -2.18430 -3.32055
v -1.75201 3.79279 -0.66156
v -2.75397 -3.62145 0.08827
v 1.49462 1.09493 -3.49291
v -3.95730 1.74195 1.22676
v -0.03101 -3.67277 -2.28909
v -0.14558 3.50755 -2.03888
v -3.98147 -1.95504 1.19975
v 1.56920 -0.95737 -3.60360
v -2.74087 3.36579 0.19677
v -1.71395 -4.05982 -0.81819
v 1.07155 2.22080 -3.09554
v -4.28727 0.35719 1.50779
v 0.81395 -2.85070 -2.99164
v -1.11136 3.83214 -1.19720
v -3.30207 -3.11046 0.59843
v 1.62900 0.32779 -3.60929
v -3.57363 2.48291 0.91909
v -0.63641 -3.97501 -1.74578
v 0.39367 3.12012 -2.49088
v -4.21769 -1.10644 1.43878
v 1.38680 -1.73186 -3.44664
v -2.13245 3.70078 -0.30974
v -2.35734 -3.85416 -0.22946
v 1.38223 1.54852 -3.35845
v -4.12486 1.23911 1.39530
v 0.33456 -3.40379 -2.56675
v -0.48789 3.69502 -1.71915
v -3.75145 -2.44060 1.02332
v 1.64497 -0.46637 -3.62435
v -3.08040 3.09030 0.51410
v -1.28361 -4.09184 -1.16083
v 0.85697 2.60340 -2.87963
v -4.30435 -0.20440 1.54579
v 1.08325 -2.45054 -3.18145
v -1.49215 3.85341 -0.84502
v -2.95365 -3.45489 0.32096
v 1.58585 0.80857 -3.53158
v -3.82018 2.04979 1.15656
v -0.23038 -3.81109 -2.06200
v 0.09209 3.39497 -2.20481
v -4.07671 -1.64607 1.33969
v 1.53840 -1.25822 -3.53291
v -2.50473 3.53663 0.03585
v -1.94009 -4.01093 -0.56338
v 1.22951 1.98065 -3.19266
v -4.23675 0.70295 1.51621
v 0.66687 -3.07785 -2.81394
v -0.85100 3.82342 -1.38195
v -3.46997 -2.87957 0.80314
v 1.67471 0.02615 -3.60744
v -3.39071 2.74813 0.80707
v -0.85569 -4.04581 -1.49934
v 0.60649 2.95128 -2.63548
v -4.25940 -0.76867 1.53050
v 1.30890 -2.01539 -3.33292
v -1.87710 3.80453 -0.48866
v -2.57133 -3.73095 0.01545
v 1.49994 1.27604 -3.42025
v -4.01904 1.56755 1.35349
v 0.15241 -3.57934 -2.35614
v -0.23783 3.61973 -1.89550
v -3.87730 -2.15649 1.19055
v 1.64331 -0.77143 -3.57994
v -2.86054 3.30060 0.36818
v -1.51123 -4.08933 -0.90557
v 1.03778 2.38671 -2.99643
v -4.28916 0.14483 1.58609
v 0.96101 -2.70319 -3.02685
v -1.22924 3.88722 -1.03151
v -3.14306 -3.26215 0.54452
v 1.65961 0.51429 -3.55450
v -3.66389 2.34450 1.06879
v -0.43886 -3.92440 -1.82628
v 0.32220 3.25865 -2.36415
v -4.15248 -1.32295 1.46197
v 1.48905 -1.55398 -3.44522
v -2.25847 3.68306 -0.13449
v -2.16353 -3.93315 -0.31073
v 1.37259 1.72563 -3.27650
v -4.16448 1.04573 1.50476
v 0.50531 -3.28648 -2.62275
v -0.59193 3.78806 -1.56577
v -3.62344 -2.62611 0.99487
v 1.70201 -0.27862 -3.58889
v -3.19148 2.99494 0.68004
v -1.07988 -4.08899 -1.24812
v 0.80846 2.76159 -2.77047
v -4.27979 -0.42304 1.60284
v 1.21332 -2.28851 -3.20293
v -1.61598 3.88184 -0.67308
v -2.77786 -3.58004 0.25379
v 1.60095 0.99293 -3.46705
v -3.89268 1.88650 1.29287
v -0.04112 -3.73207 -2.13485
v 0.00686 3.51920 -2.06724
v -3.98528 -1.85467 1.34161
v 1.62295 -1.07453 -3.51846
v -2.62799 3.48829 0.21054
v -1.73912 -4.05794 -0.64977
v 1.20499 2.15275 -3.10114
v -4.25197 0.49522 1.60631
v 0.82281 -2.94028 -2.85749
v -0.96501 3.89396 -1.21945
v -3.32051 -3.04442 0.75738
v 1.71542 0.21399 -3.56121
v -3.48935 2.62386 0.96425
v -0.65489 -4.01155 -1.58336
v 0.54329 3.09953 -2.51556
v -4.20788 -0.98798 1.56573
v 1.42140 -1.84252 -3.34076
v -2.00370 3.80396 -0.31279
v -2.38242 -3.82670 -0.06196
v 1.49994 1.45739 -3.34625
v -4.07070 1.38295 1.47365
v 0.33039 -3.47483 -2.41911
v -0.33584 3.72632 -1.74715
v -3.76102 -2.35177 1.17227
v 1.71069 -0.58449 -3.55343
v -2.97718 3.22143 0.53912
v -1.30721 -4.10388 -0.99370
v 0.99832 2.55234 -2.89473
v -4.27839 -0.07207 1.65532
v 1.10066 -2.54916 -3.05718
v -1.35079 3.93212 -0.86142
v -2.97513 -3.40223 0.48394
v 1.68466 0.70103 -3.49828
v -3.74643 2.19357 1.21404
v -0.24461 -3.86058 -1.90415
v 0.24461 3.39414 -2.23294
v -4.07426 -1.53725 1.47545
v 1.58397 -1.37359 -3.43997
v -2.38426 3.65192 0.04252
v -1.96543 -3.99754 -0.39511
v 1.35760 1.90305 -3.19283
v -4.19273 0.84417 1.60642
v 0.66960 -3.15991 -2.67418
v -0.70116 3.87356 -1.40728
v -3.48440 -2.80306 0.95807
v 1.75292 -0.09034 -3.55135
v -3.29758 2.88573 0.84389
v -0.87682 -4.07158 -1.33473
v 0.75398 2.91870 -2.65779
v -4.24214 -0.64358 1.65029
v 1.33585 -2.12176 -3.21986
v -1.74208 3.89842 -0.49752
v -2.59493 -3.69206 0.18125
v 1.61079 1.17768 -3.40120
v -3.95581 1.71208 1.42322
v 0.14335 -3.64129 -2.20412
v -0.08438 3.63863 -1.92458
v -3.88138 -2.05839 1.33411
v 1.70068 -0.88938 -3.50097
v -2.74915 3.42590 0.38554
v -1.53591 -4.09003 -0.73774
v 1.17492 2.32493 -3.00719
v -4.25487 0.28165 1.68764
v 0.97165 -2.79536 -2.89632
v -1.08327 3.95499 -1.05211
v -3.16142 -3.19859 0.70429
v 1.75055 0.40226 -3.51345
v -3.58112 2.48640 1.11772
v -0.45658 -3.96362 -1.66541
v 0.47392 3.24543 -2.39123
v -4.14324 -1.20647 1.59115
v 1.52657 -1.66649 -3.34464
v -2.13093 3.79024 -0.13443
v -2.18829 -3.90826 -0.14330
v 1.49471 1.63927 -3.27064
v -4.11157 1.18906 1.58651
v 0.50242 -3.36029 -2.47788
v -0.43942 3.82616 -1.59344
v -3.63319 -2.53965 1.14516
v 1.77187 -0.39670 -3.52469
v -3.08976 3.12811 0.70877
v -1.10295 -4.10369 -1.08195
v 0.95299 2.71740 -2.78966
v -4.25469 -0.29225 1.71509
v 1.23295 -2.38963 -3.08299
v -1.47534 3.96572 -0.68714
v -2.79923 -3.52993 0.41723
v 1.70448 0.88833 -3.44074
v -3.82036 2.03063 1.35399
v -0.05446 -3.78438 -1.97901
v 0.16085 3.52562 -2.09659
v -3.98328 -1.74800 1.47925
v 1.67202 -1.19123 -3.43151
v -2.50886 3.60677 0.22063
v -1.76412 -4.04719 -0.48191
v 1.33720 2.08088 -3.10688
v -4.20908 0.63550 1.69967
v 0.82715 -3.02518 -2.72112
v -0.81518 3.95028 -1.24355
v -3.33505 -2.97036 0.91331
v 1.79821 0.09856 -3.51218
v -3.39770 2.76279 1.00480
v -0.67541 -4.04011 -1.42010
v 0.69336 3.07412 -2.54081
v -4.19136 -0.86469 1.68790
v 1.45111 -1.95117 -3.23276
v -1.86965 3.90222 -0.31880
v -2.40587 -3.79042 0.10397
v 1.61549 1.36314 -3.33383
v -4.00880 1.52731 1.54684
v 0.32244 -3.53974 -2.26964
v -0.18149 3.75213 -1.77637
v -3.76547 -2.25595 1.31736
v 1.77214 -0.70303 -3.48107
v -2.86720 3.34916 0.56006
v -1.33151 -4.10732 -0.82664
v 1.13910 2.49701 -2.91006
v -4.24510 0.06346 1.75972
v 1.11335 -2.64415 -2.93073
v -1.20522 4.00536 -0.88004
v -2.99356 -3.34121 0.64436
v 1.78046 0.59122 -3.46435
v -3.66510 2.33618 1.26661
v -0.26161 -3.90275 -1.74509
v 0.39829 3.38810 -2.26177
v -4.06564 -1.42277 1.60668
v 1.62485 -1.48796 -3.34518
v -2.25788 3.76268 0.04580
v -1.99002 -3.97535 -0.22789
v 1.48419 1.82185 -3.19292
v -4.14105 0.98686 1.69139
v 0.66813 -3.23679 -2.53246
v -0.54828 3.91803 -1.43414
v -3.49444 -2.71899 1.10954
v 1.82737 -0.20806 -3.49417
v -3.19730 3.02063 0.87627
v -0.89946 -4.08917 -1.16972
v 0.90158 2.88140 -2.68043
v -4.21793 -0.51437 1.76507
v 1.35806 -2.22556 -3.10475
v -1.60216 3.98701 -0.50903
v -2.61632 -3.64457 0.34500
v 1.71925 1.07649 -3.38176
v -3.88488 1.85636 1.48784
v 0.13093 -3.69672 -2.05061
v 0.07096 3.65199 -1.95457
v -3.87992 -1.95388 1.47345
v 1.75373 -1.00729 -3.42048
v -2.63131 3.54720 0.39907
v -1.56070 -4.08209 -0.57046
v 1.31119 2.25905 -3.01796
v -4.21310 0.42090 1.78395
v 0.97783 -2.88337 -2.76379
v -0.93352 4.01704 -1.07459
v -3.17619 -3.12703 0.86105
v 1.83829 0.28831 -3.47161
v -3.49091 2.62642 1.16188
v -0.47655 -3.99524 -1.50375
v 0.62643 3.22706 -2.41875
v -4.12751 -1.08500 1.71552
v 1.55947 -1.77749 -3.24222
v -1.99785 3.89244 -0.13745
v -2.21174 -3.87470 0.02260
v 1.61505 1.54954 -3.26452
v -4.05098 1.33308 1.66299
v 0.49568 -3.42847 -2.33131
v -0.28430 3.85848 -1.62229
v -3.63810 -2.44615 1.29160
v 1.83786 -0.51558 -3.45927
v -2.98115 3.25795 0.73326
v -1.12698 -4.11010 -0.91585
v 1.09730 2.66863 -2.80894
v -4.22243 -0.15807 1.82215
v 1.24800 -2.48767 -2.96110
v -1.33021 4.04396 -0.70351
v -2.81785 -3.47151 0.57815
v 1.80539 0.78119 -3.41386
v -3.74045 2.17375 1.41008
v -0.07072 -3.82980 -1.82204
v 0.31633 3.52650 -2.12656
v -3.97537 -1.63554 1.61234
v 1.71673 -1.30740 -3.34299
v -2.38363 3.72073 0.22717
v -1.78868 -4.02785 -0.31507
v 1.46824 2.00513 -3.11244
v -4.15863 0.77745 1.78769
v 0.82730 -3.10543 -2.58295
v -0.66201 4.00068 -1.26918
v -3.34551 -2.88874 1.06581
v 1.87765 -0.01841 -3.46221
v -3.29883 2.89915 1.04074
v -0.69768 -4.06086 -1.25647
v 0.84386 3.04365 -2.56623
v -4.16809 -0.73711 1.80503
v 1.47630 -2.05778 -3.12297
v -1.73047 3.99508 -0.32757
v -2.42744 -3.74565 0.26788
v 1.72902 1.26579 -3.32098
v -3.93923 1.67159 1.61479
v 0.31102 -3.59861 -2.11876
v -0.02496 3.77208 -1.80645
v -3.76465 -2.15365 1.45823
v 1.82964 -0.82194 -3.40741
v -2.75062 3.47295 0.57702
v -1.35622 -4.10241 -0.66011
v 1.27933 2.43728 -2.92525
v -4.20448 0.20161 1.85881
v 1.12165 -2.73554 -2.80248
v -1.05560 4.07268 -0.90061
v -3.00871 -3.27222 0.80181
v 1.87345 0.47920 -3.42969
v -3.57631 2.47706 1.31427
v -0.28105 -3.93774 -1.58527
v 0.55305 3.37656 -2.29092
v -4.05078 -1.30316 1.73308
v 1.66140 -1.60130 -3.24880
v -2.12576 3.86843 0.04584
v -2.01361 -3.94466 -0.06218
v 1.60935 1.73699 -3.19264
v -4.08177 1.13044 1.77100
v 0.66278 -3.30857 -2.38916
v -0.39249 3.95643 -1.46219
v -3.49994 -2.62785 1.25719
v 1.89834 -0.32693 -3.43595
v -3.09003 3.15229 0.90425
v -0.92331 -4.09881 -1.00477
v 1.04925 2.83918 -2.70299
v -4.18675 -0.38161 1.87461
v 1.37585 -2.32682 -2.98790
v -1.45751 4.06983 -0.52295
v -2.63530 -3.58887 0.50627
v 1.82546 0.97248 -3.36171
v -3.80636 1.99982 1.54728
v 0.11546 -3.74573 -1.89602
v 0.22807 3.65948 -1.98510
v -3.87281 -1.84350 1.60824
v 1.80276 -1.12510 -3.33862
v -2.50720 3.66401 0.40889
v -1.58535 -4.06580 -0.40417
v 1.44660 2.18897 -3.02838
v -4.16391 0.56201 1.87485
v 0.97986 -2.96730 -2.62960
v -0.78015 4.07294 -1.09868
v -3.18721 -3.04792 1.01442
v 1.92305 0.17251 -3.42891
v -3.39342 2.76400 1.20129
v -0.49849 -4.01945 -1.34173
v 0.77964 3.20327 -2.44630
v -4.10526 -0.95910 1.83482
v 1.58810 -1.88696 -3.13821
v -1.85941 3.98918 -0.14338
v -2.23363 -3.83280 0.18653
v 1.73370 1.45642 -3.25784
v -3.98278 1.47723 1.73412
v 0.48542 -3.49113 -2.18343
v -0.12670 3.88463 -1.65200
v -3.63804 -2.34610 1.43385
v 1.90027 -0.63519 -3.39272
v -2.86582 3.38392 0.75361
v -1.15170 -4.10846 -0.75025
v 1.24133 2.61510 -2.82789
v -4.18301 -0.02110 1.92383
v 1.25880 -2.58266 -2.83759
v -1.18079 4.11614 -0.72194
v -2.83353 -3.40519 0.73614
v 1.90386 0.67156 -3.38623
v -3.65306 2.31530 1.46109
v -0.08959 -3.86850 -1.66435
v 0.47317 3.52153 -2.15674
v -3.96147 -1.51785 1.74060
v 1.75743 -1.42300 -3.25307
v -2.25247 3.82967 0.23032
v -1.81254 -4.00022 -0.14969
v 1.59815 1.92541 -3.11743
v -4.10068 0.92048 1.87025
v 0.82358 -3.18113 -2.44335
v -0.50568 4.04477 -1.29606
v -3.35173 -2.80001 1.21451
v 1.95397 -0.13687 -3.41127
v -3.19289 3.03238 1.07212
v -0.72140 -4.07402 -1.09289
v 0.99469 3.00789 -2.59140
v -4.13806 -0.60582 1.91688
v 1.49729 -2.16238 -3.01163
v -1.58633 4.08209 -0.33890
v -2.44691 -3.69279 0.42936
v 1.84063 1.16534 -3.30740
v -3.86212 1.81523 1.67745
v 0.29646 -3.65157 -1.96689
v 0.13362 3.78583 -1.83704
v -3.75846 -2.04538 1.59457
v 1.88347 -0.94116 -3.33253
v -2.62764 3.59229 0.59010
v -1.38107 -4.08941 -0.49454
v 1.41897 2.37300 -2.93989
v -4.15659 0.34180 1.95240
v 1.12592 -2.82340 -2.67273
v -0.90213 4.13367 -0.92287
v -3.02042 -3.19571 0.95591
v 1.96382 0.36502 -3.39415
v -3.48021 2.61565 1.35701
v -0.30263 -3.96574 -1.42512
v 0.70878 3.35924 -2.31998
v -4.02963 -1.17899 1.85439
v 1.69395 -1.71362 -3.15101
v -1.98810 3.96868 0.04281
v -2.03595 -3.90581 0.10162
v 1.73310 1.64842 -3.19162
v -4.01497 1.27433 1.84514
v 0.65389 -3.37537 -2.24467
v -0.23397 3.98841 -1.49111
v -3.50077 -2.53011 1.40066
v 1.96607 -0.44690 -3.37665
v -2.97595 3.28019 0.92791
v -0.94810 -4.10072 -0.84031
v 1.19688 2.79183 -2.72504
v -4.14860 -0.24587 1.97873
v 1.38959 -2.42558 -2.86959
v -1.30834 4.14646 -0.53906
v -2.65165 -3.52533 0.66467
v 1.92954 0.86567 -3.34079
v -3.72039 2.14188 1.60152
v 0.09725 -3.78850 -1.74076
v 0.38679 3.66077 -2.01579
v -3.85999 -1.72776 1.73821
v 1.84809 -1.24279 -3.25551
v -2.37703 3.77582 0.41514
v -1.60961 -4.04146 -0.23929
v 1.58113 2.11458 -3.03804
v -4.10734 0.70440 1.96020
v 0.97809 -3.04723 -2.49411
v -0.62338 4.12232 -1.12407
v -3.19430 -2.96170 1.16403
v 2.00505 0.05489 -3.38521
v -3.28883 2.89859 1.23596
v -0.52209 -4.03646 -1.17976
v 0.93342 3.17382 -2.47346
v -4.07646 -0.82933 1.94882
v 1.61277 -1.99494 -3.03282
v -1.71584 4.08001 -0.15203
v -2.25374 -3.78294 0.34808
v 1.85071 1.35987 -3.25026
v -3.90711 1.62092 1.79983
v 0.47195 -3.54841 -2.03463
v 0.03317 3.90429 -1.68220
v -3.63290 -2.24001 1.57159
v 1.95935 -0.75552 -3.32502
v -2.74399 3.50553 0.76989
v -1.17683 -4.09903 -0.58557
v 1.38500 2.55665 -2.84610
v -4.13649 0.11811 2.01997
v 1.26570 -2.67468 -2.71273
v -1.02729 4.18183 -0.74218
v -2.84609 -3.33139 0.89084
v 2.00001 0.55945 -3.35760
v -3.55836 2.45474 1.50704
v -0.11077 -3.90067 -1.50633
v 0.63119 3.51042 -2.18677
v -3.94154 -1.39545 1.86377
v 1.79442 -1.53805 -3.16187
v -2.11562 3.93312 0.23021
v -1.83547 -3.96464 0.01382
v 1.72688 1.84163 -3.12149
v -4.03534 1.06401 1.94725
v 0.81633 -3.25241 -2.30263
v -0.34639 4.08219 -1.32386
v -3.35359 -2.70467 1.35907
v 2.02738 -0.25679 -3.35924
v -3.08009 3.16198 1.09900
v -0.74630 -4.07982 -0.92977
v 1.14571 2.96663 -2.61592
v -4.10126 -0.47137 2.02326
v 1.51442 -2.26501 -2.89897
v -1.43749 4.16281 -0.35258
v -2.46408 -3.63220 0.58804
v 1.95036 1.06175 -3.29278
v -3.77761 1.95766 1.73476
v 0.27907 -3.69880 -1.81438
v 0.29402 3.79306 -1.86777
v -3.74682 -1.93166 1.72609
v 1.93392 -1.06068 -3.25646
v -2.49848 3.70670 0.59942
v -1.40581 -4.06863 -0.33032
v 1.55793 2.30402 -2.95357
v -4.10148 0.48346 2.04038
v 1.12647 -2.90783 -2.54178
v -0.74503 4.18795 -0.94656
v -3.02852 -3.11211 1.10630
v 2.05170 0.24869 -3.35752
v -3.37699 2.75142 1.39486
v -0.32608 -3.98698 -1.26499
v 0.86528 3.33588 -2.34856
v -4.00217 -1.05080 1.97038
v 1.72282 -1.82493 -3.05196
v -1.84515 4.06300 0.03689
v -2.05683 -3.85917 0.26311
v 1.85542 1.55607 -3.18949
v -3.94079 1.41796 1.91375
v 0.64176 -3.43733 -2.09930
v -0.07297 4.01361 -1.52057
v -3.49681 -2.42627 1.53966
v 2.03079 -0.56795 -3.31619
v -2.85530 3.40382 0.94732
v -0.97357 -4.09519 -0.67671
v 1.34436 2.73918 -2.74618
v -4.10352 -0.10773 2.07723
v 1.39958 -2.52192 -2.75005
v -1.15492 4.21649 -0.55713
v -2.66520 -3.45440 0.81984
v 2.03156 0.75605 -3.31872
v -3.62715 2.28200 1.65054
v 0.07661 -3.82524 -1.58517
v 0.54690 3.65559 -2.04628
v -3.84138 -1.60721 1.86308
v 1.89002 -1.36036 -3.17118
v -2.24104 3.88217 0.41795
v -1.63322 -4.00941 -0.07620
v 1.71468 2.03574 -3.04653
v -4.04351 0.84749 2.03989
v 0.97285 -3.12330 -2.35759
v -0.46346 4.16480 -1.15050
v -3.19733 -2.86886 1.30957
v 2.08441 -0.06453 -3.34034
v -3.17734 3.02968 1.26596
v -0.54708 -4.04652 -1.01820
v 1.08758 3.13848 -2.49984
v -4.04111 -0.69625 2.05732
v 1.63382 -2.10147 -2.92620
v -1.56740 4.16450 -0.16320
v -2.27186 -3.72551 0.50690
v 1.96606 1.25985 -3.24143
v -3.82411 1.76360 1.86007
v 0.45559 -3.60049 -1.88521
v 0.19507 3.91713 -1.71258
v -3.62259 -2.12839 1.70453
v 2.01534 -0.87653 -3.25612
v -2.61589 3.62228 0.78222
v -1.20213 -4.08212 -0.42218
v 1.52817 2.49312 -2.86315
v -4.08291 0.25897 2.11041
v 1.26903 -2.76383 -2.58675
v -0.86999 4.24066 -0.76398
v -2.85535 -3.25055 1.04190
v 2.09392 0.44486 -3.32771
v -3.45657 2.59150 1.54794
v -0.13397 -3.92654 -1.34833
v 0.79018 3.49291 -2.21624
v -3.91553 -1.26891 1.98160
v 1.82799 -1.65255 -3.06947
v -1.97336 4.03063 0.22703
v -1.85724 -3.92146 0.17511
v 1.85437 1.75370 -3.12419
v -3.96271 1.20748 2.01860
v 0.80587 -3.31942 -2.16110
v -0.18442 4.11259 -1.35229
v -3.35096 -2.60319 1.49921
v 2.09806 -0.37813 -3.30598
v -2.96067 3.28743 1.12145
v -0.77211 -4.07855 -0.76746
v 1.29674 2.91966 -2.63936
v -4.05774 -0.33435 2.12400
v 1.52802 -2.36576 -2.78515
v -1.28423 4.23686 -0.36838
v -2.47877 -3.56432 0.74355
v 2.05824 0.95500 -3.27678
v -3.68588 2.09833 1.78671
v 0.25914 -3.74052 -1.66155
v 0.45601 3.79350 -1.89830
v -3.72969 -1.81303 1.85253
v 1.98123 -1.18049 -3.17917
v -2.36342 3.81570 0.60511
v -1.43021 -4.04040 -0.16781
v 1.69608 2.23022 -2.96586
v -4.03925 0.62601 2.12261
v 1.12365 -2.98897 -2.40986
v -0.58461 4.23517 -0.97140
v -3.03288 -3.02190 1.25268
v 2.13720 0.13024 -3.31953
v -3.26687 2.88383 1.42786
v -0.35111 -4.00171 -1.10525
v 1.02233 3.30627 -2.37627
v -3.96840 -0.91915 2.08085
v 1.74830 -1.93527 -2.95173
v -1.69720 4.15095 0.02826
v -2.07605 -3.80511 0.42194
v 1.97625 1.45987 -3.18585
v -3.85937 1.56077 1.97677
v 0.62672 -3.49466 -1.95335
v 0.09025 4.03174 -1.55027
v -3.48799 -2.31685 1.67390
v 2.09268 -0.69005 -3.25446
v -2.72833 3.52269 0.96259
v -0.99946 -4.08252 -0.51433
v 1.49149 2.68104 -2.76597
v -4.05159 0.03226 2.16999
v 1.40616 -2.61594 -2.62945
v -0.99752 4.27955 -0.57692
v -2.67578 -3.37649 0.97144
v 2.13153 0.64362 -3.29514
v -3.52683 2.41963 1.69436
v 0.05381 -3.85617 -1.42958
v 0.70815 3.64367 -2.07619
v -3.81697 -1.48239 1.98263
v 1.92878 -1.47783 -3.08563
v -2.09954 3.98262 0.41749
v -1.65599 -3.96998 0.08475
v 1.84713 1.95238 -3.05343
v -3.97254 0.99070 2.11384
v 0.96444 -3.19567 -2.22028
v -0.30067 4.20008 -1.17766
v -3.19619 -2.76986 1.45072
v 2.16127 -0.18571 -3.29405
v -3.05922 3.15676 1.29135
v -0.57321 -4.04992 -0.85739
v 1.24191 3.09705 -2.52504
v -3.99926 -0.56042 2.16013
v 1.65154 -2.20661 -2.81847
v -1.41440 4.24225 -0.17668
v -2.28783 -3.66089 0.66265
v 2.07969 1.15631 -3.23094
v -3.73397 1.90469 1.91482
v 0.43663 -3.64760 -1.73547
v 0.35873 3.92289 -1.74280
v -3.60707 -2.01177 1.83243
v 2.06844 -0.99821 -3.18591
v -2.48183 3.73370 0.79073
v -1.22736 -4.05807 -0.26042
v 1.67067 2.42437 -2.87860
v -4.02238 0.40091 2.19504
v 1.26909 -2.85025 -2.45984
v -0.70919 4.29229 -0.78708
v -2.86120 -3.16313 1.18901
v 2.18563 0.32780 -3.29624
v -3.34789 2.72508 1.58383
v -0.15891 -3.94638 -1.19065
v 0.94988 3.46880 -2.24479
v -3.88347 -1.13876 2.09391
v 1.85841 -1.76654 -2.97586
v -1.82598 4.12179 0.22095
v -1.87766 -3.87106 0.33384
v 1.98050 1.66155 -3.12512
v -3.88297 1.35032 2.08426
v 0.79251 -3.38235 -2.01898
v -0.02006 4.13569 -1.38105
v -3.34377 -2.49608 1.63463
v 2.16613 -0.50087 -3.25125
v -2.83490 3.40823 1.13958
v -0.79859 -4.07052 -0.60629
v 1.44756 2.86683 -2.66133
v -4.00755 -0.19532 2.21893
v 1.53838 -2.46470 -2.67029
v -1.12686 4.30385 -0.38608
v -2.49081 -3.48956 0.89559
v 2.16420 0.84510 -3.25900
v -3.58713 2.23668 1.83332
v 0.23696 -3.77695 -1.50868
v 0.61930 3.78690 -1.92828
v -3.70702 -1.69002 1.97368
v 2.02562 -1.30059 -3.10057
v -2.22276 3.91885 0.60733
v -1.45405 -4.00507 -0.00735
v 1.83325 2.15150 -2.97633
v -3.97002 0.76889 2.19902
v 1.11775 -3.06697 -2.27717
v -0.42116 4.27501 -0.99711
v -3.03339 -2.92554 1.39475
v 2.22036 0.00968 -3.27990
v -3.15012 3.01237 1.45609
v -0.37746 -4.01023 -0.94618
v 1.17969 3.27020 -2.40271
v -3.92835 -0.78460 2.18561
v 1.77067 -2.04470 -2.85034
v -1.54457 4.23216 0.01713
v -2.09342 -3.74404 0.57781
v 2.09548 1.35980 -3.18028
v -3.77091 1.70219 2.03418
v 0.60905 -3.54757 -1.80705
v 0.25538 4.04254 -1.57988
v -3.47423 -2.20236 1.80314
v 2.15190 -0.81317 -3.19124
v -2.59534 3.63634 0.97385
v -1.02554 -4.06304 -0.35348
v 1.63805 2.61729 -2.78400
v -3.99287 0.17350 2.25689
v 1.40963 -2.70776 -2.50791
v -0.83649 4.33531 -0.59818
v -2.68326 -3.29207 1.11918
v 2.22942 0.52838 -3.26971
v -3.41969 2.55424 1.73301
v 0.02913 -3.88158 -1.27426
v 0.87025 3.62482 -2.10518
v -3.78676 -1.35384 2.09666
v 1.96461 -1.59519 -2.99879
v -1.95283 4.07675 0.41393
v -1.67771 -3.92358 0.24325
v 1.97832 1.86440 -3.05832
v -3.89457 1.13348 2.18200
v 0.95318 -3.26453 -2.08238
v -0.13535 4.22786 -1.20527
v -3.19079 -2.66522 1.58723
v 2.23568 -0.30862 -3.24607
v -2.93473 3.27933 1.31223
v -0.60021 -4.04698 -0.69763
v 1.39614 3.04938 -2.54865
v -3.95096 -0.42242 2.25712
v 1.66621 -2.31044 -2.70965
v -1.25718 4.31292 -0.19225
v -2.30148 -3.58954 0.81502
v 2.19152 1.04924 -3.21839
v -3.63688 2.04367 1.96408
v 0.41536 -3.68998 -1.58564
v 0.52383 3.92135 -1.77252
v -3.58630 -1.89068 1.95505
v 2.11882 -1.12055 -3.11423
v -2.34210 3.83935 0.79557
v -1.25231 -4.02724 -0.10058
v 1.81227 2.35029 -2.89206
v -3.95502 0.54336 2.27377
v 1.26619 -2.93407 -2.33213
v -0.54524 4.33641 -0.81122
v -2.86351 -3.06961 1.33189
v 2.27512 0.20831 -3.26284
v -3.23260 2.85495 1.61477
v -0.18534 -3.96048 -1.03357
v 1.11001 3.43789 -2.27205
v -3.84537 -1.00558 2.20051
v 1.88592 -1.88004 -2.88101
v -1.67383 4.20621 0.21216
v -1.89655 -3.81385 0.48972
v 2.10511 1.56514 -3.12386
v -3.79628 1.49197 2.14419
v 0.77654 -3.44143 -1.87648
v 0.14635 4.15124 -1.40983
v -3.33195 -2.38386 1.76511
v 2.23167 -0.62498 -3.19482
v -2.70308 3.52393 1.15350
v -0.82550 -4.05607 -0.44653
v 1.59791 2.80800 -2.68141
v -3.95079 -0.05485 2.30796
v 1.54579 -2.56195 -2.55445
v -0.96573 4.36347 -0.40544
v -2.50008 -3.40838 1.04388
v 2.26818 0.73203 -3.23907
v -3.48161 2.37221 1.87461
v 0.21281 -3.80838 -1.35600
v 0.78356 3.77307 -1.95736
v -3.67881 -1.56317 2.08932
v 2.06726 -1.42096 -3.02052
v -2.07683 4.01574 0.60624
v -1.47713 -3.96304 0.15080
v 1.96922 2.06777 -2.98457
v -3.89394 0.91152 2.26955
v 1.10907 -3.14201 -2.14384
v -0.25505 4.30719 -1.02343
v -3.02995 -2.82353 1.53225
v 2.30119 -0.11295 -3.23830
v -3.02701 3.13656 1.47962
v -0.40489 -4.01285 -0.78804
v 1.33705 3.22754 -2.42752
v -3.88208 -0.64771 2.28454
v 1.79017 -2.15326 -2.74778
v -1.38761 4.30626 0.00371
v -2.10879 -3.67639 0.73043
v 2.21297 1.25583 -3.17237
v -3.67559 1.84168 2.08598
v 0.58905 -3.59629 -1.66060
v 0.42208 4.04578 -1.60909
v -3.45552 -2.08332 1.92715
v 2.20853 -0.93729 -3.12633
v -2.45666 3.74432 0.98124
v -1.05161 -4.03713 -0.19443
v 1.78380 2.54784 -2.79988
v -3.92751 0.31545 2.33782
v 1.41027 -2.79750 -2.38552
v -0.67219 4.38345 -0.62066
v -2.68753 -3.20160 1.26281
v 2.32517 0.41035 -3.24204
v -3.30597 2.68531 1.76655
v 0.00284 -3.90174 -1.11943
v 1.03289 3.59886 -2.13289
v -3.75076 -1.22212 2.20499
v 1.99770 -1.71245 -2.91054
v -1.80127 4.16417 0.40745
v -1.69820 -3.87059 0.39903
v 2.10803 1.77178 -3.06078
v -3.80979 1.27526 2.24433
v 0.93935 -3.33008 -1.94402
v 0.03215 4.24790 -1.23304
v -3.18107 -2.55542 1.71887
v 2.30768 -0.43323 -3.19610
v -2.80419 3.39693 1.32872
v -0.62788 -4.03803 -0.53916
v 1.54998 2.99535 -2.57030
v -3.89629 -0.28281 2.34817
v 1.67808 -2.41302 -2.59974
v -1.09609 4.37616 -0.20967
v -2.31267 -3.51188 0.96377
v 2.30140 0.93865 -3.20339
v -3.53310 2.18000 2.00789
v 0.39205 -3.72788 -1.43592
v 0.69003 3.91230 -1.80142
v -3.56026 -1.76566 2.07222
v 2.16659 -1.24350 -3.04086
v -2.19705 3.93883 0.79689
v -1.27679 -3.98999 0.05707
v 1.95273 2.27083 -2.90309
v -3.88097 0.68576 2.34655
v 1.26062 -3.01545 -2.20371
v -0.37850 4.37276 -0.83613
v -2.86219 -2.97045 1.47032
v 2.36234 0.08641 -3.22715
v -3.11099 2.98063 1.64085
v -0.21301 -3.96916 -0.87731
v 1.27024 3.40005 -2.29766
v -3.80128 -0.86991 2.30127
v 1.91071 -1.99307 -2.78482
v -1.51726 4.28353 0.20087
v -1.91376 -3.75025 0.64249
v 2.22800 1.46444 -3.12000
v -3.70286 1.63189 2.19840
v 0.75823 -3.49686 -1.73375
v 0.31445 4.15903 -1.43833
v -3.31546 -2.26703 1.89044
v 2.29473 -0.75040 -3.13640
v -2.56554 3.63408 1.16335
v -0.85264 -4.03555 -0.28843
v 1.74750 2.74309 -2.69922
v -3.88756 0.08651 2.39099
v 1.55050 -2.65758 -2.43763
v -0.80122 4.41541 -0.42621
v -2.50645 -3.32123 1.18817
v 2.37004 0.61582 -3.21658
v -3.36957 2.50438 1.91064
v 0.18694 -3.83510 -1.20371
v 0.94847 3.75184 -1.98522
v -3.64508 -1.43303 2.19929
v 2.10629 -1.54158 -2.93883
v -1.92598 4.10599 0.60202
v -1.49928 -3.91468 0.30637
v 2.10375 1.97901 -2.99018
v -3.81120 1.05336 2.33417
v 1.09788 -3.21426 -2.00996
v -0.08664 4.33149 -1.05006
v -3.02249 -2.71637 1.66498
v 2.37965 -0.23758 -3.19437
v -2.89786 3.25593 1.49857
v -0.43316 -4.00990 -0.63106
v 1.49411 3.17817 -2.45032
v -3.82966 -0.50905 2.37751
v 1.80700 -2.26098 -2.64396
v -1.22670 4.37292 -0.01178
v -2.12203 -3.60259 0.87956
v 2.32852 1.14796 -3.16172
v -3.57367 1.97872 2.13218
v 0.56699 -3.64108 -1.51415
v 0.58999 4.04128 -1.63758
v -3.43182 -1.96027 2.04577
v 2.26265 -1.06234 -3.05944
v -2.31261 3.84622 0.98490
v -1.07747 -4.00515 -0.03741
v 1.92845 2.47262 -2.81321
v -3.85563 0.45754 2.41274
v 1.40833 -2.88526 -2.26228
v -0.50499 4.42373 -0.64410
v -2.68849 -3.10555 1.40210
v 2.41867 0.28959 -3.21174
v -3.18596 2.81237 1.79507
v -0.02482 -3.91698 -0.96528
v 1.19572 3.56566 -2.15898
v -3.70902 -1.08776 2.30750
v 2.02819 -1.82958 -2.82072
v -1.64523 4.24454 0.39826
v -1.71732 -3.81143 0.55186
v 2.23604 1.67449 -3.06040
v -3.71839 1.41552 2.30083
v 0.92322 -3.39251 -1.80532
v 0.20145 4.26000 -1.26068
v -3.16698 -2.44099 1.84544
v 2.37723 -0.55945 -3.14381
v -2.66792 3.50911 1.34094
v -0.65599 -4.02342 -0.38218
v 1.70313 2.93489 -2.58961
v -3.83536 -0.14213 2.43318
v 1.68738 -2.51441 -2.48868
v -0.93153 4.43169 -0.22872
v -2.32129 -3.42837 1.10867
v 2.40917 0.82457 -3.18552
v -3.42287 2.31316 2.04629
v 0.36697 -3.76159 -1.28646
v 0.85697 3.89560 -1.82917
v -3.52897 -1.63722 2.18377
v 2.21183 -1.36700 -2.96557
v -2.04705 4.03174 0.79488
v -1.30062 -3.94674 0.21232
v 2.09177 2.18596 -2.91133
v -3.80040 0.82757 2.41334
v 1.25261 -3.09452 -2.07459
v -0.20937 4.40109 -0.86155
v -2.85717 -2.86616 1.60409
v 2.44720 -0.03781 -3.18879
v -2.98335 3.10165 1.66217
v -0.24168 -3.97274 -0.72204
v 1.43022 3.35519 -2.32128
v -3.75127 -0.73229 2.39607
v 1.93295 -2.10562 -2.68713
v -1.35667 4.35343 0.18730
v -1.92914 -3.68069 0.79194
v 2.34894 1.35949 -3.11313
v -3.60293 1.76954 2.24690
v 0.73786 -3.54887 -1.59087
v 0.48386 4.15888 -1.46624
v -3.29429 -2.14611 2.01044
v 2.35531 -0.87704 -3.07567
v -2.42263 3.73826 1.16927
v -0.87981 -4.00935 -0.13217
v 1.89603 2.67205 -2.71439
v -3.81801 0.22820 2.46795
v 1.55273 -2.75167 -2.31978
v -0.63373 4.45941 -0.44814
v -2.50984 -3.22858 1.32827
v 2.46964 0.49655 -3.19114
v -3.25130 2.63270 1.94148
v 0.15961 -3.85738 -1.05194
v 1.11364 3.72310 -2.01151
v -3.60586 -1.30013 2.30348
v 2.14280 -1.66239 -2.85528
v -1.77060 4.18923 0.59488
v -1.52035 -3.86043 0.45917
v 2.23657 1.88521 -2.99275
v -3.72197 1.19387 2.39286
v 1.08445 -3.28388 -1.87558
v 0.08366 4.34770 -1.07673
v -3.01099 -2.60455 1.79276
v 2.45567 -0.36414 -3.14776
v -2.76299 3.37002 1.51307
v -0.46207 -4.00175 -0.47540
v 1.65051 3.12203 -2.47077
v -3.77119 -0.36914 2.46443
v 1.82136 -2.36788 -2.53875
v -1.06224 4.43186 -0.02910
v -2.13302 -3.52308 1.02501
v 2.44193 1.03625 -3.14792
v -3.46539 2.11279 2.17285
v 0.54311 -3.68218 -1.36779
v 0.75872 4.02892 -1.66505
v -3.40316 -1.83371 2.15883
v 2.31426 -1.18824 -2.99028
v -2.16359 3.94164 0.98502
v -1.10294 -3.96751 0.11741
v 2.07168 2.39162 -2.82361
v -3.77740 0.59923 2.48161
v 1.40405 -2.97116 -2.13816
v -0.33530 4.45591 -0.66824
v -2.68607 -3.00441 1.53687
v 2.50977 0.16618 -3.17844
v -3.05996 2.93493 1.81865
v -0.05362 -3.92761 -0.81196
v 1.35837 3.52515 -2.18311
v -3.66161 -0.95132 2.40406
v 2.05620 -1.94655 -2.72912
v -1.48511 4.31751 0.38656
v -1.73492 -3.74655 0.70156
v 2.36209 1.57258 -3.05678
v -3.62061 1.55372 2.35152
v 0.90505 -3.45201 -1.66630
v 0.37214 4.26400 -1.28789
v -3.14852 -2.32242 1.96679
v 2.44429 -0.68720 -3.08884
v -2.52628 3.61546 1.34904
v -0.68434 -4.00355 -0.22686
v 1.85523 2.86796 -2.60623
v -3.76830 -0.00093 2.51211
v 1.69428 -2.61463 -2.37636
v -0.76390 4.47925 -0.24913
v -2.32725 -3.33948 1.24954
v 2.51461 0.70708 -3.16440
v -3.30648 2.44267 2.07936
v 0.34035 -3.79137 -1.13734
v 1.02424 3.87114 -1.85547
v -3.49247 -1.50592 2.28957
v 2.25457 -1.49098 -2.88807
v -1.89248 4.11771 0.78972
v -1.32364 -3.89789 0.36501
v 2.22909 2.09569 -2.91638
v -3.71351 0.96825 2.47413
v 1.24242 -3.17140 -1.94478
v -0.03825 4.42123 -0.88718
v -2.84842 -2.75721 1.73304
v 2.52957 -0.16425 -3.14739
v -2.85002 3.21755 1.67885
v -0.27116 -3.97158 -0.56789
v 1.58960 3.30325 -2.34255
v -3.69545 -0.59328 2.48484
v 1.95278 -2.21765 -2.58778
v -1.19247 4.41562 0.17167
v -1.94259 -3.60561 0.93789
v 2.46770 1.25033 -3.10286
v -3.49675 1.90443 2.28974
v 0.71567 -3.59770 -1.44790
v 0.65416 4.15066 -1.49327
v -3.26844 -2.02162 2.12498
v 2.41338 -1.00481 -3.01230
v -2.27472 3.83609 1.17144
v -0.90684 -3.97786 0.02208
v 2.04315 2.59489 -2.72655
v -3.74229 0.36968 2.53882
v 1.55269 -2.84427 -2.20083
v -0.46367 4.49526 -0.47098
v -2.51018 -3.13092 1.46401
v 2.56677 0.37431 -3.16236
v -3.12710 2.75672 1.96723
v 0.13103 -3.87555 -0.90080
v 1.27869 3.68679 -2.03593
v -3.56124 -1.16500 2.40176
v 2.17685 -1.78330 -2.76960
v -1.61109 4.26514 0.58501
v -1.54020 -3.80071 0.60905
v 2.36739 1.78643 -2.99191
v -3.62649 1.33252 2.44565
v 1.06901 -3.35102 -1.74067
v 0.25543 4.35567 -1.10315
v -2.99541 -2.48857 1.91544
v 2.52915 -0.49250 -3.09811
v -2.62276 3.47842 1.52325
v -0.49142 -3.98875 -0.32119
v 1.80590 3.05910 -2.48851
v -3.70681 -0.22855 2.54525
v 1.83338 -2.47392 -2.43200
v -0.89465 4.48281 -0.04802
v -2.14166 -3.43834 1.16663
v 2.55295 0.92079 -3.13057
v -3.35103 2.24340 2.20805
v 0.51765 -3.71984 -1.22158
v 0.92786 4.00859 -1.69118
v -3.36956 -1.70419 2.26623
v 2.36337 -1.31486 -2.91854
v -2.00996 4.03024 0.98178
v -1.12787 -3.92460 0.26988
v 2.21319 2.30488 -2.83072
v -3.69301 0.73999 2.54442
v 1.39763 -3.05526 -2.01309
v -0.16356 4.47980 -0.69280
v -2.68024 -2.89865 1.66697
v 2.59831 0.04025 -3.14173
v -2.92832 3.05254 1.83742
v -0.08335 -3.93396 -0.65954
v 1.52045 3.47728 -2.20496
v -3.60862 -0.81333 2.49462
v 2.08181 -2.06327 -2.63551
v -1.32131 4.38281 0.37259
v -1.75089 -3.67637 0.84797
v 2.48589 1.46612 -3.04956
v -3.51668 1.68935 2.39645
v 0.88506 -3.50877 -1.52697
v 0.54380 4.25977 -1.31438
v -3.12567 -2.20023 2.08280
v 2.50878 -0.81632 -3.03084
v -2.37964 3.71557 1.35318
v -0.71277 -3.97877 -0.07331
v 2.00594 2.79457 -2.61981
v -3.69527 0.14025 2.58491
v 1.69896 -2.71368 -2.26264
v -0.59364 4.51861 -0.27067
v -2.33048 -3.24567 1.38625
v 2.61752 0.58630 -3.13962
v -3.18423 2.56806 2.10719
v 0.31242 -3.81751 -0.98862
v 1.19145 3.83888 -1.87999
v -3.45082 -1.37227 2.38955
v 2.29484 -1.61531 -2.80808
v -1.73374 4.19644 0.78163
v -1.34573 -3.84386 0.51500
v 2.36438 2.00008 -2.91788
v -3.62051 1.10727 2.52894
v 1.23025 -3.24620 -1.81418
v 0.13441 4.43301 -0.91276
v -2.83591 -2.64412 1.85704
v 2.60930 -0.29278 -3.10257
v -2.71135 3.32791 1.69103
v -0.30123 -3.96600 -0.41496
v 1.74799 3.24423 -2.36115
v -3.63394 -0.45340 2.56751
v 1.97028 -2.32910 -2.48653
v -1.02507 4.46983 0.15423
v -1.95401 -3.52548 1.08023
v 2.58401 1.13708 -3.08882
v -3.38459 2.03606 2.32699
v 0.69188 -3.64352 -1.30484
v 0.82494 4.13430 -1.51912
v -3.23795 -1.89408 2.23397
v 2.46886 -1.13354 -2.94595
v -2.12221 3.92719 1.17005
v -0.93356 -3.94147 0.17422
v 2.18853 2.51165 -2.73536
v -3.66058 0.51044 2.60359
v 1.55054 -2.93539 -2.08062
v -0.29149 4.52276 -0.49445
v -2.50743 -3.02871 1.59528
v 2.66124 0.24922 -3.12986
v -2.99730 2.87596 1.98801
v 0.10143 -3.88989 -0.75033
v 1.44323 3.64287 -2.05816
v -3.51129 -1.02817 2.49409
v 2.20847 -1.90419 -2.68154
v -1.44788 4.33342 0.57265
v -1.55871 -3.73595 0.75589
v 2.49592 1.68275 -2.98729
v -3.52500 1.46881 2.49258
v 1.05177 -3.41581 -1.60519
v 0.42825 4.35528 -1.12904
v -2.97576 -2.36895 2.03291
v 2.59994 -0.62250 -3.04505
v -2.47754 3.58074 1.52929
v -0.52102 -3.97126 -0.16849
v 1.95990 2.98943 -2.50323
v -3.63666 -0.08778 2.61995
v 1.84318 -2.57904 -2.32350
v -0.72436 4.52556 -0.06827
v -2.14790 -3.34882 1.30429
v 2.66135 0.80169 -3.10932
v -3.23089 2.37007 2.23788
v 0.49084 -3.75430 -1.07552
v 1.09699 3.98024 -1.71568
v -3.33110 -1.57220 2.36789
v 2.40991 -1.44206 -2.84390
v -1.85216 4.11167 0.97538
v -1.15212 -3.87684 0.41990
v 2.35262 2.21246 -2.83419
v -3.60266 0.87931 2.60119
v 1.38925 -3.13759 -1.88696
v 0.00979 4.49525 -0.71751
v -2.67097 -2.78878 1.79231
v 2.68410 -0.08806 -3.10127
v -2.79138 3.16479 1.85152
v -0.11380 -3.93634 -0.50808
v 1.68158 3.42207 -2.22420
v -3.55018 -0.67431 2.57913
v 2.10506 -2.17963 -2.53962
v -1.15429 4.44016 0.35658
v -1.76514 -3.60135 0.99101
v 2.60715 1.35522 -3.03837
v -3.40689 1.82192 2.43567
v 0.86347 -3.56293 -1.38728
v 0.71600 4.24724 -1.33986
v -3.09849 -2.07492 2.19338
v 2.57057 -0.94665 -2.96948
v -2.22839 3.80909 1.35355
v -0.74111 -3.94948 0.07839
v 2.15489 2.71480 -2.63002
v -3.61644 0.28089 2.65160
v 1.70153 -2.81151 -2.14733
v -0.42120 4.54959 -0.29307
v -2.33094 -3.14742 1.51869
v 2.71765 0.46236 -3.11084
v -3.05644 2.68886 2.12990
v 0.28339 -3.84025 -0.84030
v 1.35818 3.79879 -1.90244
v -3.40412 -1.23679 2.48364
v 2.33259 -1.73983 -2.72528
v -1.57126 4.26760 0.77081
v -1.36675 -3.78509 0.66221
v 2.49730 1.89924 -2.91549
v -3.52163 1.24415 2.57782
v 1.21629 -3.31897 -1.68272
v 0.30817 4.43632 -0.93800
v -2.81964 -2.52737 1.97601
v 2.68623 -0.42322 -3.05398
v -2.56772 3.43235 1.69888
v -0.33172 -3.95636 -0.26327
v 1.90501 3.17818 -2.37677
v -3.56688 -0.31317 2.64408
v 1.98552 -2.43984 -2.38316
v -0.85494 4.51584 0.13522
v -1.96334 -3.44074 1.21886
v 2.69757 1.01987 -3.07065
v -3.26674 2.16396 2.35873
v 0.66670 -3.68653 -1.16164
v 0.99576 4.10974 -1.54349
v -3.20288 -1.76400 2.33733
v 2.52166 -1.26307 -2.87630
v -1.96549 4.01124 1.16528
v -0.95984 -3.90057 0.32421
v 2.33180 2.42242 -2.74049
v -3.57309 0.64995 2.66228
v 1.54643 -3.02501 -1.95901
v -0.11763 4.54176 -0.51830
v -2.50156 -2.92244 1.72198
v 2.75283 0.12148 -3.09328
v -2.86225 2.99002 2.00395
v 0.07100 -3.90067 -0.60053
v 1.60682 3.59137 -2.07788
v -3.45613 -0.89016 2.58042
v 2.23766 -2.02491 -2.59079
v -1.28139 4.39382 0.55802
v -1.57580 -3.66659 0.89962
v 2.62182 1.57430 -2.97857
v -3.41776 1.60226 2.53371
v 1.03291 -3.47833 -1.46905
v 0.60166 4.34645 -1.15411
v -2.95208 -2.24616 2.14512
v 2.66790 -0.75395 -2.98823
v -2.32772 3.67660 1.53136
v -0.55073 -3.94965 -0.01734
v 2.11213 2.91307 -2.51460
v -3.56092 0.05264 2.68853
v 1.85084 -2.68316 -2.21303
v -0.55184 4.55991 -0.08962
v -2.15168 -3.25499 1.43794
v 2.76683 0.67914 -3.08382
v -3.10529 2.49237 2.26244
v 0.46287 -3.78574 -0.92957
v 1.26568 3.94386 -1.73824
v -3.28785 -1.43827 2.46377
v 2.45383 -1.56964 -2.76605
v -1.69059 4.18563 0.96605
v -1.17556 -3.82465 0.56745
v 2.48964 2.11450 -2.83371
v -3.50660 1.01668 2.65198
v 1.37907 -3.21816 -1.75960
v 0.18431 4.50215 -0.74210
v -2.65827 -2.67526 1.91282
v 2.76693 -0.21855 -3.05670
v -2.64950 3.27127 1.86112
v -0.14480 -3.93505 -0.35756
v 1.84133 3.35957 -2.24055
v -3.48642 -0.53476 2.65757
v 2.12598 -2.29546 -2.44120
v -0.98448 4.48934 0.33877
v -1.77760 -3.52192 1.13062
v 2.72557 1.24004 -3.02288
v -3.29151 1.95097 2.46928
v 0.84046 -3.61460 -1.24714
v 0.88829 4.22636 -1.36405
v -3.06702 -1.94700 2.29848
v 2.62953 -1.07799 -2.90441
v -2.07294 3.89568 1.35035
v -0.76921 -3.91604 0.22824
v 2.30170 2.62873 -2.63656
v -3.53201 0.42050 2.71219
v 1.70210 -2.90804 -2.03023
v -0.24702 4.57204 -0.31606
v -2.32860 -3.04519 1.64681
v 2.81476 0.33547 -3.07771
v -2.92346 2.80466 2.14761
v 0.25345 -3.85981 -0.69236
v 1.52400 3.75090 -1.92252
v -3.35246 -1.09998 2.57183
v 2.36778 -1.86434 -2.63938
v -1.40548 4.33095 0.75750
v -1.38662 -3.72199 0.80661
v 2.62753 1.79332 -2.90890
v -3.41714 1.37839 2.62084
v 1.20069 -3.38973 -1.55024
v 0.48258 4.43109 -0.96263
v -2.79966 -2.40745 2.08990
v 2.76016 -0.55535 -3.00128
v -2.41950 3.53048 1.70257
v -0.36245 -3.94298 -0.11282
v 2.06024 3.10518 -2.38910
v -3.49443 -0.17311 2.71456
v 1.99855 -2.54973 -2.27740
v -0.68251 4.55347 0.11489
v -1.97052 -3.35185 1.35374
v 2.80811 0.89890 -3.04803
v -3.14351 2.28768 2.38510
v 0.64032 -3.72686 -1.01824
v 1.16618 4.07698 -1.56610
v -3.16330 -1.63186 2.43504
v 2.57168 -1.39316 -2.80302
v -1.80501 4.08792 1.15736
v -0.98555 -3.85556 0.47201
v 2.47261 2.32734 -2.74164
v -3.48005 0.78772 2.71495
v 1.54047 -3.11305 -1.83579
v 0.05744 4.55216 -0.54224
v -2.49257 -2.81258 1.84410
v 2.84130 -0.00871 -3.05230
v -2.72231 3.09849 2.01522
v 0.03992 -3.90816 -0.45136
v 1.76906 3.53234 -2.09481
v -3.39589 -0.75148 2.66076
v 2.26438 -2.14525 -2.49707
v -1.11208 4.44609 0.54136
v -1.59138 -3.59307 1.04022
v 2.74478 1.46127 -2.96543
v -3.30505 1.73239 2.56916
v 1.01261 -3.53862 -1.33211
v 0.77520 4.32915 -1.17808
v -2.92441 -2.12072 2.25204
v 2.73286 -0.88661 -2.92734
v -2.17371 3.76566 1.52965
v -0.58037 -3.92425 0.13226
v 2.26220 2.83014 -2.52233
v -3.47977 0.19222 2.75102
v 1.85642 -2.78612 -2.10036
v -0.37753 4.58571 -0.11178
v -2.15299 -3.15731 1.56754
v 2.86915 0.55334 -3.05375
v -2.97457 2.60986 2.28188
v 0.43394 -3.81434 -0.78365
v 1.43349 3.89949 -1.75859
v -3.23992 -1.30289 2.55386
v 2.49502 -1.69736 -2.68467
v -1.52570 4.25187 0.95400
v -1.19810 -3.76841 0.71250
v 2.62388 2.01114 -2.82897
v -3.40507 1.15163 2.69685
v 1.36720 -3.29691 -1.63085
v 0.35952 4.50043 -0.76629
v -2.64215 -2.55859 2.02848
v 2.84659 -0.35097 -3.00770
v -2.50308 3.37162 1.86637
v -0.17618 -3.93036 -0.20796
v 1.99931 3.28987 -2.25370
v -3.41750 -0.39520 2.72997
v 2.14456 -2.41055 -2.33997
v -0.81233 4.53017 0.31942
v -1.78821 -3.43854 1.26679
v 2.84084 1.12080 -3.00279
v -3.17086 2.07605 2.49741
v 0.81622 -3.66384 -1.10644
v 1.06022 4.19713 -1.38666
v -3.03133 -1.81695 2.39811
v 2.68553 -1.21007 -2.83532
v -1.91371 3.97503 1.34379
v -0.79694 -3.87882 0.37625
v 2.44600 2.53653 -2.63912
v -3.44221 0.55858 2.76675
v 1.70074 -3.00313 -1.91112
v -0.07159 4.58584 -0.33937
v -2.32346 -2.93946 1.77061
v 2.90857 0.20585 -3.03993
v -2.78564 2.91507 2.16050
v 0.22278 -3.87640 -0.54470
v 1.68848 3.69527 -1.93995
v -3.29598 -0.96235 2.65413
v 2.40035 -1.98859 -2.55009
v -1.23685 4.38625 0.74193
v -1.40525 -3.65497 0.94822
v 2.75473 1.68251 -2.89781
v -3.30731 1.50953 2.65808
v 1.18360 -3.45845 -1.41659
v 0.65718 4.41729 -0.98637
v -2.77599 -2.28483 2.19872
v 2.83089 -0.68891 -2.94416
v -2.26712 3.62197 1.70230
v -0.39328 -3.92614 0.03642
v 2.21329 3.02535 -2.39787
v -3.41679 -0.03368 2.77899
v 2.00937 -2.65857 -2.16902
v -0.50827 4.58255 0.09351
v -1.97553 -3.25926 1.48489
v 2.91533 0.77438 -3.02065
v -3.01524 2.40680 2.40622
v 0.61293 -3.76460 -0.87452
v 1.33575 4.03606 -1.58666
v -3.11933 -1.49817 2.52712
v 2.61878 -1.52355 -2.72581
v -1.64118 4.15699 1.14651
v -1.01057 -3.80682 0.61768
v 2.61058 2.22658 -2.73852
v -3.38169 0.92330 2.76168
v 1.53276 -3.19941 -1.71078
v 0.23326 4.55387 -0.56600
v -2.48049 -2.69960 1.96162
v 2.92641 -0.14109 -3.00661
v -2.57786 3.20100 2.02199
v 0.00837 -3.91257 -0.30275
v 1.92952 3.46588 -2.10867
v -3.33074 -0.61259 2.73515
v 2.28859 -2.26495 -2.40011
v -0.94040 4.49005 0.52292
v -1.60539 -3.51580 1.17772
v 2.86448 1.34387 -2.94757
v -3.18718 1.85877 2.59902
v 0.99102 -3.59667 -1.19422
v 0.94843 4.30338 -1.20066
v -2.89284 -1.99308 2.35367
v 2.79464 -1.02022 -2.86206
v -2.01593 3.84763 1.52438
v -0.60981 -3.89538 0.28038
v 2.40972 2.74080 -2.52613
v -3.39343 0.33049 2.80750
v 1.85995 -2.88772 -1.98525
v -0.20192 4.60285 -0.13450
v -2.15180 -3.05623 1.69312
v 2.96802 0.42454 -3.01881
v -2.83907 2.72215 2.29635
v 0.40421 -3.84021 -0.63767
v 1.59997 3.84720 -1.77644
v -3.18743 -1.16655 2.63820
v 2.53339 -1.82496 -2.59947
v -1.35793 4.31013 0.93947
v -1.21965 -3.70853 0.85510
v 2.75501 1.90261 -2.81968
v -3.29833 1.28371 2.73590
v 1.35377 -3.37374 -1.50053
v 0.53496 4.49005 -0.78980
v -2.62267 -2.43923 2.13932
v 2.92285 -0.48505 -2.95398
v -2.35250 3.46549 1.86748
v -0.20776 -3.92253 -0.05920
v 2.15509 3.21311 -2.26337
v -3.34361 -0.25609 2.79639
v 2.16076 -2.52467 -2.23566
v -0.63833 4.56248 0.29878
v -1.79693 -3.35164 1.39956
v 2.95266 0.99772 -2.97781
v -3.04525 2.19675 2.52018
v 0.79089 -3.71069 -0.96503
v 1.23133 4.15959 -1.40740
v -2.99154 -1.68524 2.49229
v 2.73839 -1.34262 -2.76193
v -1.75113 4.04687 1.33408
v -0.82418 -3.83816 0.52248
v 2.58741 2.43838 -2.63744
v -3.34726 0.69467 2.81536
v 1.69752 -3.09659 -1.78978
v 0.10464 4.59092 -0.36273
v -2.31554 -2.83068 1.89012
v 2.99885 0.07379 -2.99720
v -2.64337 3.01970 2.16873
v 0.19155 -3.89015 -0.39724
v 1.85119 3.63201 -1.95443
v -3.23483 -0.82436 2.73058
v 2.43021 -2.11231 -2.45712
v -1.06583 4.43330 0.72436
v -1.42257 -3.58444 1.08707
v 2.87855 1.56704 -2.88194
v -3.19243 1.63715 2.68969
v 1.16514 -3.52505 -1.28158
v 0.83148 4.39490 -1.00893
v -2.74872 -2.16000 2.30250
v 2.89824 -0.82362 -2.88233
v -2.11096 3.70651 1.69828
v -0.42405 -3.90612 0.18456
v 2.36376 2.93887 -2.40278
v -3.33417 0.10463 2.83744
v 2.01798 -2.76610 -2.05775
v -0.33267 4.60298 0.07135
v -1.97834 -3.16340 1.61235
v 3.01894 0.64659 -2.98825
v -2.88228 2.52093 2.42224
v 0.58466 -3.79980 -0.73034
v 1.50401 3.98705 -1.60490
v -3.07107 -1.36338 2.61362
v 2.66284 -1.65394 -2.64439
v -1.47447 4.21818 1.13297
v -1.03481 -3.75469 0.76127
v 2.74535 2.12036 -2.73085
v -3.27829 1.05623 2.80257
v 1.52337 -3.28389 -1.58376
v 0.40934 4.54685 -0.58930
v -2.46535 -2.58396 2.07462
v 3.00792 -0.27537 -2.95595
v -2.42929 3.29722 2.02444
v -0.02350 -3.91407 -0.15461
v 2.08778 3.39215 -2.11917
v -3.26084 -0.47398 2.80365
v 2.31024 -2.38375 -2.29964
v -0.76683 4.52554 0.50297
v -1.61779 -3.43519 1.31217
v 2.98060 1.22235 -2.92473
v -3.06445 1.98099 2.62345
v 0.96827 -3.65243 -1.05523
v 1.12085 4.26917 -1.22158
v -2.85744 -1.86372 2.45009
v 2.85306 -1.15445 -2.79213
v -1.85480 3.92222 1.51577
v -0.63892 -3.86333 0.42710
v 2.55429 2.64526 -2.52575
v -3.30214 0.46699 2.85806
v 1.86146 -2.98773 -1.86747
v -0.02548 4.61125 -0.15750
v -2.14813 -2.95219 1.81473
v 3.06316 0.29304 -2.97874
v -2.69918 2.82887 2.30602
v 0.37384 -3.86343 -0.49148
v 1.76469 3.78710 -1.79151
v -3.13054 -1.02969 2.71686
v 2.56882 -1.95211 -2.51020
v -1.18775 4.36023 0.92271
v -1.24011 -3.64537 0.99534
v 2.88267 1.78914 -2.80560
v -3.18669 1.41249 2.76927
v 1.33887 -3.44849 -1.36842
v 0.71015 4.47101 -0.81235
v -2.59989 -2.31763 2.24540
v 2.99550 -0.62049 -2.89527
v -2.19818 3.55257 1.86466
v -0.23941 -3.91174 0.08884
v 2.30825 3.12945 -2.26931
v -3.26495 -0.11789 2.85691
v 2.17457 -2.63752 -2.12803
v -0.46295 4.58615 0.27711
v -1.80375 -3.26161 1.52900
v 3.06073 0.87110 -2.94769
v -2.91503 2.31267 2.53776
v 0.76462 -3.75510 -0.82277
v 1.40115 4.11382 -1.42601
v -2.94774 -1.55234 2.58110
v 2.78797 -1.47530 -2.68396
v -1.58566 4.11097 1.32147
v -0.85081 -3.79435 0.66702
v 2.72555 2.33450 -2.63125
v -3.24743 0.82835 2.85814
v 1.69247 -3.18820 -1.66599
v 0.28117 4.58723 -0.38587
v -2.30487 -2.71928 2.00542
v 3.08533 -0.06041 -2.94929
v -2.49701 3.11823 2.17250
v 0.15993 -3.90118 -0.24984
v 2.01168 3.56127 -1.96571
v -3.16918 -0.68646 2.80129
v 2.45727 -2.23518 -2.36023
v -0.89289 4.47193 0.70505
v -1.43852 -3.51077 1.22327
v 2.99867 1.44718 -2.86104
v -3.07282 1.76083 2.71579
v 1.14541 -3.58940 -1.14505
v 1.00503 4.36398 -1.03004
v -2.71793 -2.03339 2.40133
v 2.96199 -0.95914 -2.81555
v -1.95148 3.78382 1.69071
v -0.45462 -3.88313 0.33169
v 2.51124 2.84593 -2.40359
v -3.24678 0.24139 2.89003
v 2.02438 -2.87205 -1.94337
v -0.15621 4.61466 0.04866
v -1.97896 -3.06470 1.73621
v 3.11866 0.51584 -2.95058
v -2.74498 2.62970 2.43335
v 0.55569 -3.83245 -0.58555
v 1.67051 3.93007 -1.62053
v -3.01867 -1.22796 2.69463
v 2.70371 -1.78400 -2.55852
v -1.30532 4.27130 1.11698
v -1.05816 -3.69949 0.90289
v 2.87656 2.00894 -2.71840
v -3.17011 1.18608 2.83775
v 1.51237 -3.36630 -1.45452
v 0.58521 4.53112 -0.61188
v -2.44721 -2.46610 2.18316
v 3.08560 -0.41122 -2.90005
v -2.27701 3.38682 2.02279
v -0.05552 -3.91279 -0.00678
v 2.24340 3.31131 -2.12607
v -3.18640 -0.33609 2.86637
v 2.32925 -2.50130 -2.19543
v -0.59185 4.55243 0.48176
v -1.62853 -3.35164 1.44369
v 3.09281 1.09702 -2.89669
v -2.93721 2.09867 2.64260
v 0.94447 -3.70579 -0.91495
v 1.29202 4.22660 -1.24058
v -2.81833 -1.73308 2.54139
v 2.90795 -1.28898 -2.71731
v -1.69077 3.98919 1.50405
v -0.66758 -3.82835 0.57255
v 2.69553 2.54374 -2.52092
v -3.20614 0.60129 2.90282
v 1.86095 -3.08587 -1.74680
v 0.15130 4.61086 -0.18051
v -2.14200 -2.84561 1.93250
v 3.15432 0.15915 -2.93331
v -2.55525 2.92968 2.31110
v 0.34299 -3.88402 -0.34495
v 1.92719 3.71934 -1.80354
v -3.06940 -0.89278 2.78993
v 2.60120 -2.07849 -2.41662
v -1.01562 4.40199 0.90399
v -1.25941 -3.57926 1.13333
v 3.00651 1.67101 -2.78648
v -3.07043 1.53757 2.79710
v 1.32256 -3.52096 -1.23435
v 0.88460 4.44335 -0.83368
v -2.57388 -2.19423 2.34682
v 3.06432 -0.75693 -2.83134
v -2.04054 3.63260 1.85812
v -0.27097 -3.89816 0.23628
v 2.45839 3.03913 -2.27125
v -3.18173 0.01897 2.91166
v 2.18593 -2.74879 -2.01686
v -0.28666 4.60109 0.25470
v -1.80863 -3.16887 1.65524
v 3.16473 0.74125 -2.91221
v -2.78056 2.42346 2.55033
v 0.73754 -3.79699 -0.67948
v 1.56922 4.05994 -1.44222
v -2.90009 -1.41869 2.66464
v 2.83410 -1.60777 -2.60120
v -1.41775 4.16711 1.30620
v -0.87673 -3.74766 0.81001
v 2.86004 2.22517 -2.62032
v -3.14299 0.95919 2.89523
v 1.68562 -3.27769 -1.53954
v 0.45752 4.57477 -0.40851
v -2.29149 -2.60569 2.11662
v 3.16777 -0.19640 -2.89596
v -2.34698 3.21034 2.17202
v 0.12806 -3.90952 -0.10235
v 2.16952 3.48324 -1.97354
v -3.09923 -0.54910 2.86637
v 2.48144 -2.35684 -2.25919
v -0.71849 4.50202 0.68424
v -1.45304 -3.43432 1.35695
v 3.11476 1.32325 -2.83490
v -2.94880 1.88020 2.73656
v 1.12453 -3.65130 -1.00680
v 1.17734 4.32460 -1.04944
v -2.68372 -1.90543 2.49533
v 3.02196 -1.09511 -2.74360
v -1.78909 3.85367 1.67985
v -0.48486 -3.85737 0.47795
v 2.65534 2.74679 -2.40006
v -3.15487 0.37619 2.93689
v 2.02854 -2.97609 -1.82566
v 0.02063 4.61755 0.02573
v -1.97740 -2.96354 1.85661
v 3.21421 0.38245 -2.90743
v -2.60371 2.73278 2.43975
v 0.52613 -3.86249 -0.44001
v 1.83481 3.86527 -1.63332
v -2.96230 -1.09233 2.77027
v 2.74127 -1.91336 -2.46797
v -1.13421 4.31619 1.09879
v -1.08053 -3.64152 1.04268
v 3.00385 1.89261 -2.70094
v -3.05747 1.31248 2.86739
v 1.49979 -3.44635 -1.32288
v 0.76038 4.50669 -0.63346
v -2.42614 -2.34642 2.28740
v 3.15923 -0.54828 -2.83874
v -2.12143 3.46955 2.01726
v -0.08755 -3.90880 0.14085
v 2.39597 3.22359 -2.12910
v -3.10763 -0.19933 2.92344
v 2.34557 -2.61726 -2.08727
v -0.41593 4.57062 0.45957
v -1.63758 -3.26549 1.57241
v 3.20082 0.96821 -2.86321
v -2.80580 2.21144 2.65667
v 0.91975 -3.75657 -0.77323
v 1.46147 4.17580 -1.25737
v -2.77565 -1.60158 2.62770
v 2.95914 -1.42342 -2.63740
v -1.52429 4.04834 1.48947
v -0.69565 -3.79063 0.71685
v 2.83306 2.43653 -2.51143
v -3.10569 0.73300 2.94193
v 1.85843 -3.18181 -1.62304
v 0.32794 4.60167 -0.20326
v -2.13344 -2.73689 2.04656
v 3.24123 0.02324 -2.88233
v -2.40770 3.02429 2.31179
v 0.31180 -3.90194 -0.19793
v 2.08704 3.64411 -1.81229
v -3.00420 -0.75622 2.85757
v 2.63042 -2.20371 -2.31852
v -0.84202 4.43529 0.88355
v -1.27747 -3.51051 1.26921
v 3.12620 1.54856 -2.76212
v -2.94988 1.65858 2.81958
v 1.30494 -3.59090 -1.09814
v 1.05786 4.40713 -0.85351
v -2.54475 -2.06944 2.44375
v 3.12911 -0.89399 -2.76201
v -1.88001 3.70532 1.84810
v -0.30230 -3.88188 0.38327
v 2.60511 2.94238 -2.26897
v -3.09420 0.15409 2.96079
v 2.19480 -2.85810 -1.90196
v -0.10996 4.60726 0.23180
v -1.81158 -3.07377 1.77842
v 3.26439 0.60852 -2.87116
v -2.64218 2.52879 2.55808
v 0.70977 -3.83620 -0.53501
v 1.73510 3.99809 -1.45576
v -2.84872 -1.28469 2.74308
v 2.87665 -1.73963 -2.51345
v -1.24785 4.21512 1.28852
v -0.90181 -3.69833 0.95158
v 2.99053 2.11068 -2.60443
v -3.03422 1.08682 2.92680
v 1.67700 -3.36472 -1.41027
v 0.63321 4.55358 -0.43039
v -2.27546 -2.49031 2.22390
v 3.24593 -0.33381 -2.83703
v -2.19368 3.29577 2.16750
v 0.09608 -3.91517 0.04536
v 2.32429 3.39814 -1.97765
v -3.02518 -0.41268 2.92598
v 2.50264 -2.47692 -2.15383
v -0.54314 4.52348 0.66222
v -1.46608 -3.35539 1.48825
v 3.22650 1.19558 -2.80331
v -2.82070 1.99491 2.75220
v 1.10256 -3.71052 -0.86668
v 1.34794 4.27687 -1.06684
v -2.64621 -1.77654 2.58465
v 3.07796 -1.23113 -2.66630
v -1.62425 3.91584 1.66594
v -0.51463 -3.82895 0.62350
v 2.79566 2.64173 -2.39196
v -3.05870 0.50862 2.97820
v 2.03045 -3.07786 -1.70446
v 0.19736 4.61164 0.00282
v -1.97366 -2.86030 1.97371
v 3.30533 0.24681 -2.85862
v -2.45886 2.82988 2.44164
v 0.49613 -3.88979 -0.29355
v 1.99644 3.79284 -1.64299
v -2.90212 -0.95689 2.84071
v 2.77539 -2.04161 -2.37259
v -0.96159 4.35270 1.07868
v -1.10183 -3.58101 1.18080
v 3.12688 1.77170 -2.67827
v -2.94066 1.43507 2.89168
v 1.48570 -3.52376 -1.18867
v 0.93438 4.47365 -0.65377
v -2.40222 -2.22533 2.38751
v 3.22859 -0.68614 -2.77182
v -1.96297 3.54515 2.00809
v -0.11945 -3.90212 0.28845
v 2.54507 3.12925 -2.12805
v -3.02475 -0.06409 2.97505
v 2.35912 -2.73124 -1.97499
v -0.23956 4.58008 0.43665
v -1.64491 -3.17707 1.69851
v 3.30433 0.83629 -2.82413
v -2.67057 2.31898 2.66585
v 0.89421 -3.80456 -0.62990
v 1.62872 4.11690 -1.27170
v -2.72952 -1.46963 2.70921
v 3.00647 -1.55737 -2.55222
v -1.35581 4.09950 1.47228
v -0.72301 -3.75032 0.86017
v 2.96651 2.32393 -2.49706
v -3.00108 0.86174 2.97560
v 1.85391 -3.27520 -1.49603
v 0.50395 4.58373 -0.22548
v -2.12249 -2.62639 2.15709
v 3.32366 -0.11430 -2.82562
v -2.25691 3.11242 2.30831
v 0.28041 -3.91710 -0.05026
v 2.24379 3.56163 -1.81749
v -2.93514 -0.62041 2.91996
v 2.65639 -2.32736 -2.21575
v -0.66742 4.46002 0.86166
v -1.29423 -3.43936 1.40316
v 3.24141 1.42213 -2.73232
v -2.82537 1.77518 2.83689
v 1.28605 -3.65802 -0.95963
v 1.22942 4.36249 -0.87158
v -2.51258 -1.94365 2.53636
v 3.18969 -1.03128 -2.68712
v -1.71703 3.77053 1.83485
v -0.33324 -3.86295 0.52995
v 2.74799 2.83949 -2.26223
v -3.00259 0.28708 3.00450
v 2.20114 -2.96507 -1.78316
v 0.06668 4.60464 0.20869
v -1.81258 -2.97664 1.89873
v 3.35943 0.47332 -2.82438
v -2.50029 2.62836 2.56125
v 0.68144 -3.87255 -0.38920
v 1.89832 3.92847 -1.46639
v -2.79381 -1.15074 2.81660
v 2.91547 -1.87048 -2.42057
v -1.07643 4.25486 1.26871
v -0.92595 -3.64651 1.09192
v 3.11666 1.99138 -2.58338
v -2.92143 1.21088 2.95306
v 1.66663 -3.44897 -1.27800
v 0.80775 4.52373 -0.45122
v -2.25683 -2.37349 2.32743
v 3.31959 -0.47223 -2.77235
v -2.03752 3.37427 2.15920
v 0.06416 -3.91805 0.19345
v 2.47556 3.30622 -1.97784
v -2.94723 -0.27756 2.98031
v 2.52079 -2.59500 -2.04399
v -0.36729 4.53625 0.63926
v -1.47758 -3.27425 1.61737
v 3.33358 1.06456 -2.76610
v -2.68888 2.10466 2.76292
v 1.07961 -3.76678 -0.72453
v 1.51637 4.22094 -1.08201
v -2.60552 -1.64709 2.66951
v 3.12983 -1.36680 -2.58350
v -1.45741 3.97016 1.64923
v -0.54378 -3.79794 0.76848
v 2.93183 2.53106 -2.37908
v -2.95854 0.63835 3.01416
v 2.03008 -3.17697 -1.57961
v 0.37351 4.59695 -0.01978
v -1.96776 -2.75531 2.08771
v 3.39175 0.10932 -2.80399
v -2.31083 2.92072 2.43927
v 0.46583 -3.91419 -0.14603
v 2.15497 3.71300 -1.64930
v -2.83831 -0.82202 2.90616
v 2.80595 -2.16835 -2.27222
v -0.78795 4.38074 1.05690
v -1.12196 -3.51815 1.31741
v 3.24532 1.64658 -2.65019
v -2.82000 1.55350 2.91083
v 1.47014 -3.59816 -1.05175
v 1.10672 4.43210 -0.67254
v -2.37552 -2.10319 2.48368
v 3.29348 -0.82440 -2.69916
v -1.80207 3.61343 1.99552
v -0.15105 -3.89272 0.43616
v 2.69030 3.02857 -2.12269
v -2.93799 0.06926 3.02140
v 2.36986 -2.84283 -1.85845
v -0.06321 4.58077 0.41330
v -1.65049 -3.08667 1.82218
v 3.40304 0.70164 -2.77929
v -2.53189 2.42103 2.67038
v 0.86795 -3.84949 -0.48483
v 1.79332 4.05011 -1.28332
v -2.68010 -1.33758 2.78611
v 3.04978 -1.69040 -2.46166
v -1.18579 4.14252 1.45275
v -0.74953 -3.70753 1.00266
v 3.09551 2.20629 -2.47762
v -2.89260 0.98719 3.00402
v 1.84738 -3.36565 -1.36564
v 0.67886 4.55708 -0.24689
v -2.10918 -2.51445 2.26430
v 3.40136 -0.25305 -2.76304
v -2.10329 3.19384 2.30093
v 0.24897 -3.92934 0.09819
v 2.39703 3.47216 -1.81893
v -2.86241 -0.48570 2.97730
v 2.67900 -2.44902 -2.10818
v -0.49230 4.47613 0.83861
v -1.30960 -3.36604 1.53536
v 3.35183 1.29211 -2.69692
v -2.69722 1.88709 2.84928
v 1.26598 -3.72197 -0.81869
v 1.39884 4.30955 -0.88762
v -2.47750 -1.81721 2.62487
v 3.24586 -1.16835 -2.60654
v -1.55203 3.82806 1.81863
v -0.36367 -3.84135 0.67648
v 2.88666 2.73079 -2.25085
v -2.90717 0.41762 3.04299
v 2.20492 -3.06929 -1.66035
v 0.24276 4.59325 0.18565
v -1.81162 -2.87777 2.01638
v 3.44960 0.33604 -2.77173
v -2.35526 2.72193 2.56006
v 0.65266 -3.90579 -0.24195
v 2.05843 3.85129 -1.47386
v -2.73551 -1.01719 2.88543
v 2.95045 -1.99986 -2.32244
v -0.90395 4.28625 1.24702
v -0.94903 -3.59233 1.23117
v 3.23810 1.86764 -2.55701
v -2.80492 1.33108 2.97423
v 1.65455 -3.53004 -1.14264
v 0.98067 4.48531 -0.47075
v -2.23567 -2.25557 2.42746
v 3.38854 -0.61121 -2.70181
v -1.87893 3.44565 2.14736
v 0.03244 -3.91804 0.34204
v 2.62293 3.20777 -1.97387
v -2.86563 -0.14410 3.02960
v 2.53582 -2.71065 -1.92956
v -0.19143 4.54030 0.61562
v -1.48748 -3.19113 1.74450
v 3.43573 0.93059 -2.72312
v -2.55368 2.20916 2.76895
v 1.05576 -3.81976 -0.58025
v 1.68217 4.15700 -1.09467
v -2.56178 -1.51742 2.75013
v 3.17741 -1.50166 -2.49511
v -1.28900 4.01651 1.62999
v -0.57217 -3.76436 0.91304
v 3.06347 2.41513 -2.36124
v -2.85467 0.76504 3.04499
v 2.02743 -3.27300 -1.45101
v 0.54858 4.57355 -0.04182
v -1.95970 -2.64886 2.19883
v 3.47324 -0.02958 -2.74342
v -2.15999 3.00509 2.43288
v 0.43535 -3.93546 0.00266
v 2.30998 3.62601 -1.65204
v -2.77107 -0.68806 2.96685
v 2.83286 -2.29312 -2.16678
v -0.61376 4.40025 1.03374
v -1.14081 -3.45309 1.45271
v 3.35884 1.51764 -2.61657
v -2.69582 1.66751 2.92507
v 1.45316 -3.66920 -0.91201
v 1.27693 4.38219 -0.68952
v -2.34614 -1.98032 2.57617
v 3.35372 -0.96260 -2.62067
v -1.63915 3.67421 1.97983
v -0.18220 -3.88048 0.58410
v 2.83126 2.92187 -2.11282
v -2.84762 0.20040 3.06273
v 2.37773 -2.95158 -1.73756
v 0.11262 4.57273 0.38978
v -1.65426 -2.99451 1.94363
v 3.49670 0.56470 -2.72855
v -2.39013 2.51732 2.67051
v 0.84108 -3.89108 -0.33791
v 1.95482 3.97563 -1.29199
v -2.62753 -1.20578 2.85867
v 3.08896 -1.82205 -2.36563
v -1.01469 4.17731 1.43115
v -0.77507 -3.66229 1.14449
v 3.21971 2.08399 -2.45293
v -2.78054 1.10904 3.02745
v 1.83886 -3.45275 -1.23178
v 0.85217 4.52183 -0.26722
v -2.09354 -2.40137 2.36844
v 3.47413 -0.39257 -2.69451
v -1.94725 3.26836 2.28989
v 0.21762 -3.93848 0.24753
v 2.54633 3.37599 -1.81639
v -2.78624 -0.35243 3.02986
v 2.69818 -2.56823 -1.99574
v -0.31713 4.48360 0.81466
v -1.32349 -3.29070 1.66600
v 3.45717 1.15891 -2.65578
v -2.56579 1.99402 2.85699
v 1.24480 -3.78241 -0.67522
v 1.56564 4.24850 -0.90138
v -2.43959 -1.69045 2.70955
v 3.29748 -1.30475 -2.52019
v -1.38546 3.87777 1.79972
v -0.39340 -3.81702 0.82298
v 3.02074 2.61662 -2.23463
v -2.80821 0.54539 3.07653
v 2.20613 -3.17032 -1.53345
v 0.41781 4.57315 0.16294
v -1.80867 -2.77742 2.13160
v 3.53464 0.19713 -2.71310
v -2.20747 2.80926 2.55479
v 0.62356 -3.93564 -0.09313
v 2.21500 3.76682 -1.47794
v -2.67401 -0.88436 2.94983
v 2.98147 -2.12733 -2.21899
v -0.73089 4.30922 1.22374
v -0.97091 -3.53586 1.36952
v 3.35450 1.73985 -2.52515
v -2.68500 1.44713 2.99056
v 1.64079 -3.60752 -1.00409
v 1.15149 4.43847 -0.48871
v -2.21203 -2.13686 2.52422
v 3.45260 -0.75031 -2.62531
v -1.71833 3.50974 2.13225
v 0.00107 -3.91498 0.49125
v 2.76598 3.10313 -1.96555
v -2.78059 -0.01261 3.07410
v 2.54768 -2.82342 -1.81048
v -0.01605 4.53566 0.59159
v -1.49570 -3.10621 1.86984
v 3.53265 0.79410 -2.67426
v -2.41547 2.30818 2.77055
v 1.03110 -3.86912 -0.43375
v 1.84487 4.08527 -1.10460
v -2.51513 -1.38786 2.82678
v 3.22057 -1.63526 -2.40105
v -1.11949 4.05477 1.60850
v -0.59965 -3.72817 1.05732
v 3.19023 2.29432 -2.33827
v -2.74736 0.88842 3.07096
v 2.02250 -3.36553 -1.31859
v 0.72209 4.54154 -0.06301
v -1.94949 -2.54121 2.30731
v 3.54959 -0.16945 -2.67682
v -2.00677 3.08279 2.42274
v 0.40484 -3.95334 0.15261
v 2.46102 3.53216 -1.65099
v -2.70060 -0.55531 3.02306
v 2.85604 -2.41546 -2.05620
v -0.43947 4.41120 1.00946
v -1.15826 -3.38591 1.58685
v 3.46715 1.38530 -2.57726
v -2.56845 1.77684 2.93468
v 1.43482 -3.73647 -0.76939
v 1.44455 4.32409 -0.70444
v -2.31415 -1.85701 2.66524
v 3.40914 -1.10028 -2.53628
v -1.47465 3.72737 1.96128
v -0.21275 -3.86528 0.73240
v 2.96757 2.80951 -2.09825
v -2.75387 0.32904 3.09931
v 2.38272 -3.05705 -1.61227
v 0.28745 4.55600 0.36637
v -1.65618 -2.90080 2.06308
v 3.58506 0.42592 -2.67183
v -2.24566 2.60765 2.66650
v 0.81371 -3.92897 -0.18907
v 2.11278 3.89372 -1.29748
v -2.57197 -1.07453 2.92716
v 3.12389 -1.95186 -2.26406
v -0.84296 4.20381 1.40776
v -0.79948 -3.61459 1.28579
v 3.33878 1.95742 -2.42286
v -2.66520 1.22703 3.04615
v 1.82840 -3.53607 -1.09439
v 1.02342 4.47813 -0.28622
v -2.07560 -2.28740 2.46976
v 3.54178 -0.53238 -2.61993
v -1.78921 3.33581 2.27546
v 0.18653 -3.94426 0.39786
v 2.69128 3.27344 -1.80968
v -2.70683 -0.22087 3.07792
v 2.71389 -2.68454 -1.87838
v -0.14239 4.48245 0.79009
v -1.33578 -3.21346 1.79527
v 3.55713 1.02297 -2.60879
v -2.43142 2.09576 2.86029
v 1.22258 -3.83894 -0.52919
v 1.72936 4.17957 -0.91263
v -2.39897 -1.56365 2.79067
v 3.34440 -1.44000 -2.42803
v -1.21777 3.91959 1.77837
v -0.42229 -3.78983 0.96958
v 3.14986 2.49736 -2.21340
v -2.70597 0.67013 3.10539
v 2.20476 -3.26770 -1.40242
v 0.59135 4.54444 0.14085
v -1.80369 -2.67577 2.24461
v 3.61434 0.05706 -2.64841
v -2.05732 2.89019 2.54570
v 0.59428 -3.96178 0.05730
v 2.36761 3.67534 -1.47843
v -2.60946 -0.75254 3.01009
v 3.00845 -2.25241 -2.11019
v -0.55769 4.32374 1.19914
v -0.99144 -3.47710 1.50710
v 3.46556 1.60844 -2.48768
v -2.56201 1.55879 3.00234
v 1.62541 -3.68100 -0.86232
v 1.31975 4.38339 -0.50484
v -2.18595 -2.01759 2.61799
v 3.51159 -0.88905 -2.54280
v -1.55614 3.56642 2.11416
v -0.02978 -3.90865 0.64117
v 2.90434 2.99263 -1.95269
v -2.69236 0.11666 3.11410
v 2.55634 -2.93284 -1.68673
v 0.15839 4.52238 0.56744
v -1.50215 -3.01962 1.99360
v 3.62410 0.65556 -2.61943
v -2.27461 2.40152 2.76802
v 1.00575 -3.91449 -0.28498
v 2.00404 4.00599 -1.11156
v -2.46567 -1.25867 2.89976
v 3.25920 -1.76710 -2.30130
v -0.94932 4.08489 1.58504
v -0.62605 -3.68927 1.20145
v 3.31177 2.16904 -2.31002
v -2.63691 1.00824 3.09237
v 2.01532 -3.45410 -1.18233
v 0.89359 4.50105 -0.08310
v -1.93711 -2.43257 2.41340
v 3.62059 -0.30980 -2.60414
v -1.85155 3.15368 2.40914
v 0.37445 -3.96753 0.30389
v 2.60769 3.43177 -1.64593
v -2.62707 -0.42405 3.07508
v 2.87542 -2.53490 -1.94048
v -0.26557 4.41362 0.98436
v -1.17417 -3.31666 1.72001
v 3.56995 1.25000 -2.53215
v -2.43823 1.88127 2.93994
v 1.41520 -3.79956 -0.62387
v 1.60911 4.25802 -0.71706
v -2.27961 -1.73353 2.75117
v 3.45960 -1.23694 -2.44595
v -1.30900 3.77282 1.94016
v -0.24251 -3.84692 0.88112
v 3.09886 2.69187 -2.07883
v -2.65701 0.45494 3.13144
v 2.38481 -3.15878 -1.48257
v 0.46083 4.53068 0.34333
v -1.65616 -2.80567 2.18074
v 3.66788 0.28577 -2.60904
v -2.09887 2.69185 2.65865
v 0.78598 -3.96282 -0.03829
v 2.26677 3.80468 -1.29957
v -2.51356 -0.94408 2.99189
v 3.15448 -2.07935 -2.15697
v -0.67107 4.22200 1.38286
v -0.82257 -3.56436 1.42669
v 3.45240 1.82702 -2.38728
v -2.54688 1.34095 3.06043
v 1.81601 -3.61518 -0.95347
v 1.19214 4.42614 -0.30363
v -2.05535 -2.17275 2.56851
v 3.60412 -0.67199 -2.53929
v -1.62958 3.39610 2.25795
v 0.15585 -3.94642 0.54921
v 2.83150 3.16487 -1.79859
v -2.62439 -0.09129 3.12178
v 2.72607 -2.79747 -1.75610
v 0.03146 4.47272 0.76519
v -1.34634 -3.13436 1.92334
v 3.65147 0.88477 -2.55586
v -2.29446 2.19212 2.85948
v 1.19944 -3.89117 -0.38056
v 1.88956 4.10299 -0.92112
v -2.35571 -1.43705 2.86852
v 3.38651 -1.57361 -2.33004
v -1.04938 3.95344 1.75490
v -0.45013 -3.75963 1.11635
v 3.27368 2.37343 -2.18703
v -2.60072 0.79161 3.12988
v 2.20081 -3.36099 -1.26727
v 0.76292 4.50725 0.11962
v -1.79664 -2.57299 2.35565
v 3.68848 -0.08369 -2.57762
v -1.90520 2.96458 2.53309
v 0.56496 -3.98386 0.20938
v 2.51583 3.57717 -1.47510
v -2.54205 -0.62197 3.06653
v 3.03133 -2.37462 -1.99605
v -0.38483 4.32984 1.17351
v -1.01046 -3.41602 1.64405
v 3.57099 1.47387 -2.44450
v -2.43624 1.66588 3.00987
v 1.60848 -3.75005 -0.71734
v 1.48499 4.32027 -0.51891
v -2.15746 -1.89800 2.70906
v 3.56537 -1.02693 -2.45428
v -1.39277 3.61561 2.09337
v -0.05992 -3.89879 0.79183
v 3.03762 2.87668 -1.93513
v -2.60116 0.24345 3.14994
v 2.56178 -3.03843 -1.55833
v 0.33142 4.50056 0.54344
v -1.50672 -2.93143 2.11596
v 3.70984 0.51544 -2.55855
v -2.13146 2.48903 2.76165
v 0.97981 -3.95545 -0.13394
v 2.15924 3.91945 -1.11533
v -2.41353 -1.13009 2.96938
v 3.29319 -1.89670 -2.19587
v -0.77894 4.10687 1.55989
v -0.65117 -3.64753 1.34550
v 3.42776 2.03972 -2.27637
v -2.52359 1.12429 3.10953
v 2.00592 -3.53826 -1.04227
v 1.06260 4.45225 -0.10183
v -1.92251 -2.32309 2.51736
v 3.68607 -0.45013 -2.52535
v -1.69473 3.21765 2.39237
v 0.34434 -3.97772 0.45650
v 2.74960 3.32519 -1.63669
v -2.55068 -0.29451 3.12326
v 2.89097 -2.65095 -1.81964
v -0.09251 4.40755 0.95870
v -1.18838 -3.24531 1.85233
v 3.66696 1.11222 -2.48117
v -2.30548 1.98065 2.94116
v 1.39439 -3.85804 -0.47545
v 1.77018 4.18423 -0.72716
v -2.24257 -1.61008 2.83426
v 3.50497 -1.37210 -2.34969
v -1.14263 3.81052 1.91677
v -0.27129 -3.82516 1.03033
v 3.22478 2.56936 -2.05440
v -2.55727 0.57788 3.15946
v 2.38402 -3.25629 -1.34851
v 0.63229 4.49690 0.32094
v -1.65411 -2.70921 2.29682
v 3.74495 0.14475 -2.54014
v -1.95011 2.76981 2.64726
v 0.75802 -3.99224 0.11445
v 2.41637 3.70881 -1.29806
v -2.45243 -0.81467 3.05318
v 3.18066 -2.20400 -2.04438
v -0.49946 4.23191 1.35674
v -0.84418 -3.51150 1.56728
v 3.56027 1.69324 -2.34607
v -2.42589 1.45061 3.07061
v 1.80178 -3.68961 -0.80906
v 1.35788 4.36607 -0.31920
v -2.03279 -2.05761 2.66497
v 3.66100 -0.81090 -2.45257
v -1.46875 3.44913 2.23764
v 0.12576 -3.94465 0.70161
v 2.96660 3.05066 -1.78297
v -2.53914 0.03610 3.16179
v 2.73472 -2.90653 -1.62896
v 0.20396 4.45451 0.74022
v -1.35504 -3.05343 2.05036
v 3.73993 0.74478 -2.49694
v -2.15526 2.28297 2.85487
v 1.17547 -3.93866 -0.22938
v 2.04581 4.01905 -0.92664
v -2.30989 -1.31087 2.94342
v 3.42370 -1.70507 -2.22625
v -0.88074 3.97932 1.72958
v -0.47675 -3.72622 1.26333
v 3.39186 2.24526 -2.15538
v -2.49272 0.90965 3.15035
v 2.19434 -3.44971 -1.12805
v 0.93205 4.46175 0.09953
v -1.78742 -2.46918 2.46494
v 3.75688 -0.22461 -2.50070
v -1.75147 3.03234 2.51726
v 0.53575 -4.00154 0.36308
v 2.65926 3.47267 -1.46779
v -2.47191 -0.49288 3.11948
v 3.05007 -2.49345 -1.87662
v -0.21275 4.32757 1.14713
v -1.02779 -3.35254 1.78048
v 3.67051 1.33660 -2.39552
v -2.30803 1.76823 3.01349
v 1.59007 -3.81422 -0.56919
v 1.64677 4.24936 -0.53067
v -2.12657 -1.77824 2.79769
v 3.61381 -1.16343 -2.35976
v -1.22866 3.65727 2.07020
v -0.08918 -3.88513 0.94326
v 3.16547 2.75566 -1.91272
v -2.50722 0.36760 3.18196
v 2.56402 -3.13973 -1.42534
v 0.50258 4.47031 0.51987
v -1.50925 -2.84168 2.23709
v 3.78965 0.37425 -2.49160
v -1.98638 2.57061 2.75175
v 0.95342 -3.99163 0.01931
v 2.31006 3.82597 -1.11570
v -2.35878 -1.00232 3.03596
v 3.32249 -2.02354 -2.08481
v -0.60879 4.12071 1.53335
v -0.67481 -3.60278 1.48952
v 3.53791 1.90682 -2.23721
v -2.40770 1.23642 3.12278
v 1.99437 -3.61756 -0.89845
v 1.22868 4.39534 -0.11895
v -1.90564 -2.21291 2.61941
v 3.74586 -0.58993 -2.44045
v -1.53671 3.27465 2.37273
v 0.31468 -3.98355 0.61044
v 2.88637 3.21282 -1.62309
v -2.47160 -0.16688 3.16792
v 2.90267 -2.76311 -1.69375
v 0.07927 4.39309 0.93278
v -1.20071 -3.17182 1.98390
v 3.75796 0.97246 -2.42425
v -2.17054 2.07484 2.93867
v 1.37249 -3.91149 -0.32422
v 1.92733 4.10299 -0.73450
v -2.20306 -1.48683 2.91481
v 3.54516 -1.50522 -2.24755
v -0.97595 3.84045 1.89140
v -0.29890 -3.79977 1.18002
v 3.34499 2.44242 -2.02483
v -2.45489 0.69769 3.18372
v 2.38038 -3.34910 -1.21015
v 0.80137 4.45483 0.29946
v -1.64989 -2.61149 2.41150
v 3.81609 0.00336 -2.46513
v -1.79977 2.84143 2.63265
v 0.72997 -4.01686 0.26907
v 2.56118 3.60648 -1.29275
v -2.38869 -0.68648 3.11138
v 3.20240 -2.32533 -1.92635
v -0.32856 4.23358 1.32969
v -0.86408 -3.45585 1.70762
v 3.66211 1.55657 -2.29916
v -2.30253 1.55588 3.07703
v 1.78578 -3.75892 -0.66124
v 1.52020 4.29816 -0.33268
v -2.00786 -1.94208 2.75940
v 3.71230 -0.94860 -2.35980
v -1.30714 3.49490 2.21486
v 0.09645 -3.93864 0.85503
v 3.09623 2.93123 -1.76267
v -2.45125 0.16114 3.19831
v 2.73985 -3.01123 -1.49705
v 0.37466 4.42794 0.71547
v -1.36169 -2.97062 2.17646
v 3.82228 0.60352 -2.43198
v -2.01415 2.36821 2.84681
v 1.15080 -3.98102 -0.07572
v 2.19770 3.92806 -0.92897
v -2.26156 -1.18526 3.01569
v 3.45591 -1.83388 -2.11672
v -0.71226 3.99727 1.70272
v -0.50192 -3.68935 1.41054
v 3.50411 2.11331 -2.11835
v -2.38223 1.02409 3.16716
v 2.18539 -3.53339 -0.98487
v 1.09830 4.40813 0.08083
v -1.77593 -2.36442 2.57268
v 3.81938 -0.36517 -2.41766
v -1.59653 3.09341 2.49855
v 0.50683 -4.01445 0.51835
v 2.79754 3.36221 -1.45630
v -2.39919 -0.36542 3.16930
v 3.06463 -2.60840 -1.75198
v -0.04189 4.31702 1.12029
v -1.04322 -3.28653 1.91643
v 3.76386 1.19714 -2.34068
v -2.17766 1.86574 3.01354
v 1.57028 -3.87307 -0.41798
v 1.80465 4.17093 -0.53990
v -2.09324 -1.65846 2.88418
v 3.65680 -1.29804 -2.25928
v -1.06419 3.69141 2.04494
v -0.11733 -3.86737 1.09540
v 3.28756 2.63003 -1.88533
v -2.41074 0.48893 3.21052
v 2.56308 -3.23624 -1.28786
v 0.67144 4.43182 0.49699
v -1.50960 -2.75035 2.35712
v 3.86333 0.23251 -2.41855
v -1.83971 2.64618 2.73868
v 0.92673 -4.02262 0.17470
v 2.45609 3.72590 -1.11248
v -2.30151 -0.87552 3.09984
v 3.34703 -2.14712 -1.96819
v -0.43928 4.12650 1.50571
v -0.69677 -3.55481 1.63352
v 3.64191 1.77081 -2.19246
v -2.28950 1.34451 3.13249
v 1.98073 -3.69153 -0.75101
v 1.39140 4.33056 -0.13420
v -1.88641 -2.10210 2.71977
v 3.79982 -0.72868 -2.34948
v -1.37787 3.32465 2.35057
v 0.28566 -3.98469 0.76561
v 3.01762 3.09505 -1.60499
v -2.38998 -0.04131 3.20945
v 2.91052 -2.87089 -1.56292
v 0.24932 4.37038 0.90687
v -1.21095 -3.09608 2.11482
v 3.84269 0.83121 -2.36137
v -2.03372 2.16377 2.93285
v 1.34963 -3.95948 -0.17027
v 2.08013 4.01461 -0.73887
v -2.16107 -1.36391 2.99311
v 3.58009 -1.63580 -2.13959
v -0.80938 3.86266 1.86436
v -0.32512 -3.77046 1.33016
v 3.45919 2.31151 -1.99003
v -2.35010 0.81425 3.20459
v 2.37394 -3.43675 -1.06763
v 0.96764 4.40466 0.27915
v -1.64337 -2.51251 2.52494
v 3.88112 -0.13785 -2.38401
v -1.64819 2.90668 2.61516
v 0.70202 -4.03628 0.42549
v 2.70081 3.49804 -1.28346
v -2.32243 -0.55965 3.16682
v 3.21966 -2.44281 -1.80299
v -0.15880 4.22712 1.30201
v -0.88207 -3.39724 1.84771
v 3.75766 1.41750 -2.24649
v -2.17705 1.65667 3.08008
v 1.76810 -3.82268 -0.51014
v 1.67868 4.22268 -0.34385
v -1.98049 -1.82627 2.85202
v 3.75791 -1.08454 -2.26104
v -1.14513 3.53340 2.18992
v 0.06813 -3.92806 1.00937
v 3.22005 2.80699 -1.73755
v -2.36090 0.28368 3.23170
v 2.74147 -3.11109 -1.36048
v 0.54313 4.39320 0.69120
v -1.36610 -2.88587 2.30172
v 3.89834 0.46151 -2.36097
v -1.87146 2.44779 2.83566
v 1.12559 -4.01783 0.08029
v 2.34482 3.83037 -0.92793
v -2.21074 -1.06036 3.08564
v 3.48308 -1.95950 -2.00156
v -0.54436 4.00735 1.67463
v -0.52542 -3.64879 1.55794
v 3.61012 1.97807 -2.07586
v -2.26949 1.13484 3.18068
v 2.17405 -3.61158 -0.83785
v 1.26126 4.34665 0.06377
v -1.76202 -2.25872 2.67903
v 3.87583 -0.50484 -2.32854
v -1.44073 3.14779 2.47730
v 0.47837 -4.02221 0.67507
v 2.93028 3.24621 -1.44049
v -2.32398 -0.23974 3.21635
v 3.07504 -2.71898 -1.62227
v 0.12733 4.29834 1.09328
v -1.05651 -3.21784 2.05194
v 3.85081 1.05600 -2.27996
v -2.04544 1.95836 3.01039
v 1.54925 -3.92617 -0.26385
v 1.95824 4.08530 -0.54637
v -2.05742 -1.53874 2.96876
v 3.69427 -1.43023 -2.15294
v -0.89976 3.71807 2.01792
v -0.14418 -3.84520 1.24818
v 3.40356 2.50024 -1.85285
v -2.31190 0.60734 3.23601
v 2.55902 -3.32749 -1.14605
v 0.83757 4.38528 0.47507
v -1.50756 -2.65739 2.47616
v 3.93071 0.09074 -2.33943
v -1.69179 2.71572 2.72278
v 0.89990 -4.04802 0.33209
v 2.59696 3.61961 -1.10548
v -2.24174 -0.74981 3.16134
v 3.36681 -2.26691 -1.84615
v -0.27084 4.12433 1.47729
v -0.71679 -3.50340 1.77747
v 3.73950 1.63221 -2.14206
v -2.16923 1.44847 3.13906
v 1.96512 -3.75973 -0.60009
v 1.55032 4.25820 -0.14736
v -1.86467 -1.99069 2.81863
v 3.84786 -0.86582 -2.25249
v -1.21857 3.36768 2.32621
v 0.25749 -3.98078 0.92191
v 3.14303 2.97231 -1.58224
v -2.30594 0.08207 3.24822
v 2.91455 -2.97379 -1.42730
v 0.41722 4.33958 0.88125
v -1.21888 -3.01796 2.24510
v 3.92097 0.68902 -2.29250
v -1.89532 2.24740 2.92405
v 1.32595 -4.00158 -0.01377
v 2.22820 3.91944 -0.74007
v -2.11657 -1.24142 3.06943
v 3.60971 -1.76329 -2.02593
v -0.64331 3.87724 1.83598
v -0.34971 -3.73695 1.48065
v 3.56707 2.17711 -1.94989
v -2.24310 0.92746 3.22247
v 2.36478 -3.51877 -0.92111
v 1.13068 4.34665 0.26027
v -1.63434 -2.41223 2.63723
v 3.93989 -0.27835 -2.29683
v -1.49572 2.96558 2.59516
v 0.67433 -4.05013 0.58355
v 2.83491 3.38392 -1.27005
v -2.25371 -0.43430 3.21986
v 3.23245 -2.55595 -1.67444
v 0.00940 4.21268 1.27398
v -0.89788 -3.33547 1.98753
v 3.84668 1.27654 -2.18803
v -2.04974 1.75292 3.08014
v 1.74888 -3.88042 -0.35592
v 1.83291 4.13995 -0.35249
v -1.95057 -1.71021 2.94304
v 3.79773 -1.21819 -2.15638
v -0.98309 3.56470 2.16316
v 0.04101 -3.91257 1.16453
v 3.33772 2.67843 -1.70750
v -2.26823 0.40363 3.26236
v 2.73965 -3.20561 -1.21942
v 0.70895 4.35048 0.66769
v -1.36803 -2.79907 2.42618
v 3.96792 0.31928 -2.28395
v -1.72750 2.52170 2.82177
v 1.09999 -4.04868 0.23849
v 2.48679 3.72635 -0.92331
v -2.15739 -0.93627 3.15355
v 3.50520 -2.08141 -1.88089
v -0.37743 4.00968 1.64561
v -0.54699 -3.60428 1.70544
v 3.70962 1.84002 -2.02783
v -2.15471 1.24183 3.19131
v 2.16041 -3.68381 -0.68719
v 1.42050 4.27757 0.04859
v -1.74551 -2.15208 2.78413
v 3.92613 -0.64309 -2.23342
v -1.28442 3.19553 2.45385
v 0.45060 -4.02446 0.83309
v 3.05715 3.12509 -1.42023
v -2.24637 -0.11593 3.26098
v 3.08132 -2.82467 -1.48765
v 0.29450 4.27170 1.06638
v -1.06743 -3.14630 2.18696
v 3.93115 0.91371 -2.21333
v -1.91163 2.04604 3.00445
v 1.52712 -3.97310 -0.10698
v 2.10713 3.99280 -0.54989
v -2.01902 -1.41915 3.05167
v 3.72615 -1.55944 -2.04085
v -0.73574 3.73735 1.98947
v -0.16947 -3.81832 1.40148
v 3.51318 2.36678 -1.81519
v -2.21087 0.72275 3.25882
v 2.55192 -3.41299 -1.00008
v 1.00056 4.33094 0.45437
v -1.50292 -2.56274 2.59425
v 3.99164 -0.05049 -2.25429
v -1.54293 2.77925 2.70443
v 0.87312 -4.06744 0.49130
v 2.73229 3.50750 -1.09456
v -2.17949 -0.62528 3.22077
v 3.38182 -2.38240 -1.71883
v -0.10384 4.11435 1.44838
v -0.73462 -3.44832 1.92128
v 3.83045 1.49153 -2.08597
v -2.04712 1.54827 3.14287
v 1.94764 -3.82170 -0.44589
v 1.70507 4.17855 -0.15821
v -1.84029 -1.87871 2.91614
v 3.88987 -1.00083 -2.14960
v -1.05917 3.40383 2.30001
v 0.23039 -3.97148 1.07918
v 3.26226 2.84508 -1.55474
v -2.21959 0.20319 3.28459
v 2.91482 -3.07132 -1.28706
v 0.58259 4.30090 0.85620
v -1.22425 -2.93734 2.37472
v 3.99259 0.54643 -2.21768
v -1.75562 2.32573 2.91266
v 1.30162 -4.03740 0.14509
v 2.37115 3.81785 -0.73791
v -2.06947 -1.11943 3.14402
v 3.63399 -1.88716 -1.90670
v -0.47811 3.88430 1.80658
v -0.37242 -3.69896 1.63138
v 3.66835 2.03971 -1.90437
v -2.13406 1.03727 3.23777
v 2.35300 -3.59469 -0.77079
v 1.29010 4.28106 0.24305
v -1.62259 -2.31062 2.74846
v 3.99229 -0.41759 -2.20367
v -1.34267 3.01818 2.57300
v 0.64712 -4.05804 0.74306
v 2.96313 3.26454 -1.25236
v -2.18255 -0.31051 3.27082
v 3.24081 -2.66421 -1.54089
v 0.17566 4.19043 1.24591
v -0.91127 -3.27034 2.12698
v 3.92895 1.13424 -2.12377
v -1.92083 1.84463 3.07760
v 1.72826 -3.93174 -0.19881
v 1.98251 4.05031 -0.35838
v -1.91795 -1.59395 3.03264
v 3.83172 -1.34900 -2.04594
v -0.82136 3.58892 2.13492
v 0.01534 -3.89186 1.32033
v 3.44896 2.54601 -1.67243
v -2.17335 0.52092 3.29067
v 2.73447 -3.29432 -1.07409
v 0.87174 4.30003 0.64520
v -1.36724 -2.71012 2.54983
v 4.03086 0.17740 -2.20095
v -1.58255 2.58998 2.80555
v 1.07418 -4.07319 0.39866
v 2.62325 3.61640 -0.91496
v -2.10148 -0.81303 3.21971
v 3.52225 -2.19909 -1.75487
v -0.21184 4.00441 1.61599
v -0.56639 -3.55555 1.85290
v 3.80238 1.69970 -1.97425
v -2.03808 1.34503 3.19947
v 2.14459 -3.74964 -0.53311
v 1.57564 4.20121 0.03551
v -1.72622 -2.04447 2.88807
v 3.97017 -0.77934 -2.13239
v -1.12792 3.23670 2.42857
v 0.42372 -4.02085 0.99221
v 3.17782 2.99931 -1.39538
v -2.16639 0.00594 3.30355
v 3.08352 -2.92498 -1.34832
v 0.45925 4.23731 1.03988
v -1.07570 -3.07174 2.32144
v 4.00469 0.77082 -2.14083
v -1.77649 2.12882 2.99611
v 1.50404 -4.01345 0.05239
v 2.25096 3.89381 -0.55026
v -1.97791 -1.29971 3.13310
v 3.75242 -1.68514 -1.92315
v -0.57249 3.74939 1.95992
v -0.19295 -3.78643 1.55511
v 3.61614 2.23014 -1.77228
v -2.10778 0.83512 3.27936
v 2.54188 -3.49229 -0.85019
v 1.16002 4.26907 0.43513
v -1.49542 -2.46629 2.71140
v 4.04600 -0.19064 -2.16319
v -1.39342 2.83686 2.68402
v 0.84659 -4.08051 0.65210
v 2.86176 3.39000 -1.07955
v -2.11470 -0.50198 3.27843
v 3.39208 -2.49306 -1.58643
v 0.06133 4.09676 1.41928
v -0.74999 -3.38932 2.06481
v 3.91453 1.34931 -2.02419
v -1.92338 1.64390 3.14434
v 1.92846 -3.87703 -0.28865
v 1.85526 4.09195 -0.16652
v -1.81305 -1.76612 3.01241
v 3.92580 -1.13313 -2.04092
v -0.89999 3.43320 2.27232
v 0.20459 -3.95646 1.23720
v 3.37501 2.71382 -1.52238
v -2.13097 0.32199 3.31893
v 2.91140 -3.16299 -1.14245
v 0.74503 4.25460 0.83200
v -1.22677 -2.85404 2.50362
v 4.05741 0.40398 -2.13694
v -1.61487 2.39882 2.89911
v 1.27681 -4.06654 0.30606
v 2.50864 3.71023 -0.73223
v -2.01968 -0.99797 3.21710
v 3.65292 -2.00689 -1.78208
v -0.31412 3.88402 1.77647
v -0.39299 -3.65621 1.78215
v 3.76281 1.89985 -1.85341
v -2.02312 1.14366 3.25087
v 2.33873 -3.66406 -0.61692
v 1.44552 4.20821 0.22774
v -1.60789 -2.20759 2.85864
v 4.03821 -0.55501 -2.10461
v -1.18934 3.06457 2.54908
v 0.62061 -4.05965 0.90379
v 3.08516 3.14035 -1.23028
v -2.10892 -0.18834 3.32002
v 3.24477 -2.76711 -1.40254
v 0.33962 4.16061 1.21808
v -0.92194 -3.20163 2.26594
v 4.00429 0.99114 -2.05371
v -1.79053 1.93181 3.07290
v 1.70639 -3.97622 -0.03907
v 2.12711 3.95412 -0.36134
v -1.88245 -1.47746 3.12094
v 3.85983 -1.47643 -1.92988
v -0.66029 3.60619 2.10555
v -0.00863 -3.86562 1.47655
v 3.55349 2.41023 -1.63227
v -2.07634 0.63552 3.31701
v 2.72603 -3.37675 -0.92472
v 1.03112 4.24214 0.62399
v -1.36345 -2.61887 2.67260
v 4.08704 0.03642 -2.11205
v -1.43688 2.65270 2.78740
v 1.04838 -4.09097 0.56055
v 2.75387 3.50096 -0.90274
v -2.04290 -0.69071 3.28433
v 3.53426 -2.31199 -1.62372
v -0.04794 3.99176 1.58608
v -0.58333 -3.50237 2.00014
v 3.88816 1.55765 -1.91509
v -1.91975 1.44445 3.20556
v 2.12675 -3.80864 -0.37587
v 1.72632 4.11789 0.02476
v -1.70389 -1.93584 2.99087
v 4.00789 -0.91305 -2.02558
v -0.97153 3.27145 2.40184
v 0.39797 -4.01107 1.15218
v 3.29201 2.86935 -1.36585
v -2.08405 0.12583 3.34439
v 3.08171 -3.01941 -1.20451
v 0.62120 4.19544 1.01406
v -1.08103 -2.99397 2.45522
v 4.07127 0.62789 -2.06249
v -1.64023 2.20674 2.98580
v 1.48021 -4.04682 0.21399
v 2.38938 3.78872 -0.54731
v -1.93391 -1.18045 3.21320
v 3.77307 -1.80680 -1.80003
v -0.41032 3.75436 1.92963
v -0.21437 -3.74925 1.70885
v 3.71219 2.09084 -1.72408
v -2.00271 0.94443 3.29800
v 2.52903 -3.56493 -0.69664
v 1.31560 4.19998 0.41760
v -1.48478 -2.36794 2.82755
v 4.09367 -0.32915 -2.06625
v -1.24354 2.88863 2.66194
v 0.82053 -4.08689 0.81422
v 2.98505 3.26757 -1.06034
v -2.04731 -0.37997 3.33458
v 3.39765 -2.59838 -1.44916
v 0.22434 4.07179 1.39032
v -0.76261 -3.32620 2.20788
v 3.99155 1.20609 -1.95673
v -1.79816 1.73541 3.14389
v 1.90773 -3.92529 -0.12866
v 2.00055 3.99879 -0.17210
v -1.78272 -1.65291 3.10748
v 3.95560 -1.26219 -1.92661
v -0.74132 3.45595 2.24352
v 0.18034 -3.93543 1.39572
v 3.48103 2.57904 -1.48509
v -2.04010 0.43844 3.35158
v 2.90440 -3.24832 -0.99370
v 0.90420 4.20096 0.80890
v -1.22616 -2.76792 2.63167
v 4.11529 0.26224 -2.05037
v -1.47330 2.46675 2.88379
v 1.25174 -4.08864 0.46885
v 2.64034 3.59702 -0.72286
v -1.96703 -0.87706 3.28884
v 3.66652 -2.12192 -1.65228
v -0.15169 3.87660 1.74601
v -0.41113 -3.60846 1.93274
v 3.85020 1.75806 -1.79700
v -1.91039 1.24664 3.26219
v 2.32211 -3.72645 -0.45978
v 1.59659 4.12843 0.21456
v -1.58996 -2.10307 2.96773
v 4.07759 -0.69004 -1.99981
v -1.03600 3.10491 2.52378
v 0.59503 -4.05464 1.06547
v 3.20069 3.01184 -1.20370
v -2.03278 -0.06782 3.36773
v 3.24442 -2.86412 -1.25965
v 0.50094 4.12347 1.19080
v -0.92960 -3.12916 2.40423
v 4.07251 0.84780 -1.97792
v -1.65900 2.01454 3.06645
v 1.68348 -4.01347 0.12303
v 2.26639 3.85178 -0.36117
v -1.84385 -1.36075 3.20801
v 3.88205 -1.59992 -1.80838
v -0.50015 3.61670 2.07542
v -0.03064 -3.83357 1.63294
v 3.65106 2.27162 -1.58697
v -1.97724 0.74741 3.34174
v 2.71444 -3.45243 -0.77160
v 1.18675 4.17711 0.60432
v -1.35636 -2.52521 2.79439
v 4.13634 -0.10309 -2.01734
v -1.29071 2.70999 2.76773
v 1.02280 -4.10170 0.72386
v 2.87835 3.38046 -0.88649
v -1.98151 -0.56932 3.34762
v 3.54128 -2.41962 -1.48765
v 0.11396 3.97197 1.55620
v -0.59751 -3.44449 2.14694
v 3.96677 1.41440 -1.85035
v -1.79983 1.54011 3.21000
v 2.10705 -3.86039 -0.21576
v 1.87220 4.02800 0.01655
v -1.67825 -1.82613 3.09251
v 4.03925 -1.04366 -1.91315
v -0.81552 3.29994 2.37404
v 0.37360 -3.99479 1.31271
v 3.39943 2.73570 -1.33156
v -1.99930 0.24370 3.38379
v 3.07600 -3.10747 -1.05650
v 0.78003 4.14637 0.98920
v -1.08311 -2.91282 2.58815
v 4.13074 0.48548 -1.97839
v -1.50302 2.27990 2.97393
v 1.45584 -4.07285 0.37752
v 2.52209 3.67797 -0.54087
v -1.88683 -1.06135 3.29205
v 3.78812 -1.92386 -1.67170
v -0.24954 3.75250 1.89894
v -0.23343 -3.70652 1.86244
v 3.80111 1.94943 -1.67058
v -1.89572 1.05068 3.31513
v 2.51350 -3.63047 -0.53973
v 1.46697 4.12403 0.40203
v -1.47072 -2.26760 2.94261
v 4.13459 -0.46543 -1.96358
v -1.09351 2.93473 2.63861
v 0.79517 -4.08624 0.97736
v 3.10187 3.14068 -1.03681
v -1.97719 -0.25927 3.38942
v 3.39860 -2.69785 -1.30730
v 0.38488 4.03971 1.36178
v -0.77218 -3.25874 2.35026
v 4.06134 1.06243 -1.88362
v -1.67160 1.82284 3.14194
v 1.88564 -3.96610 0.03377
v 2.14061 3.89945 -0.17475
v -1.74906 -1.53904 3.20136
v 3.97926 -1.38743 -1.80686
v -0.58344 3.47229 2.21397
v 0.15792 -3.90809 1.55444
v 3.58005 2.44125 -1.44282
v -1.94697 0.55251 3.38287
v 2.89394 -3.32685 -0.84113
v 1.05978 4.14031 0.78717
v -1.22211 -2.67884 2.75869
v 4.16611 0.12179 -1.95805
v -1.33110 2.52964 2.86713
v 1.22663 -4.10333 0.63315
v 2.76595 3.47867 -0.70967
v -1.91132 -0.75671 3.35935
v 3.67484 -2.23174 -1.51753
v 0.00892 3.86231 1.71552
v -0.42656 -3.55546 2.08288
v 3.93033 1.61489 -1.73515
v -1.79594 1.34623 3.27212
v 2.30332 -3.78143 -0.29969
v 1.74299 4.04211 0.20372
v -1.56850 -1.99699 3.07565
v 4.11038 -0.82213 -1.88941
v -0.88288 3.13935 2.49750
v 0.57063 -4.04271 1.22776
v 3.30947 2.87950 -1.17253
v -1.95401 0.05103 3.41418
v 3.23985 -2.95478 -1.11249
v 0.65931 4.07932 1.16436
v -0.93393 -3.05275 2.54161
v 4.13349 0.70480 -1.89644
v -1.52640 2.09289 3.05867
v 1.65972 -4.04311 0.28713
v 2.40004 3.74372 -0.35772
v -1.80190 -1.24380 3.29387
v 3.89840 -1.71892 -1.68166
v -0.34123 3.62070 2.04489
v -0.05041 -3.79546 1.78918
v 3.74145 2.13072 -1.53650
v -1.87602 0.85659 3.36520
v 2.69987 -3.52091 -0.61504
v 1.33833 4.10531 0.58643
v -1.34566 -2.42901 2.91503
v 4.17869 -0.24057 -1.91697
v -1.14423 2.76199 2.74696
v 0.99767 -4.10504 0.88825
v 2.99641 3.25540 -0.86612
v -1.91713 -0.44888 3.40972
v 3.54338 -2.52143 -1.34693
v 0.27356 3.94530 1.52668
v -0.60864 -3.38172 2.29301
v 4.03805 1.27052 -1.78009
v -1.67841 1.63207 3.21318
v 2.08568 -3.90450 -0.05313
v 2.01299 3.93195 0.01107
v -1.64902 -1.71529 3.19293
v 4.06422 -1.17059 -1.79530
v -0.66011 3.32237 2.34557
v 0.35089 -3.97176 1.47348
v 3.49986 2.59889 -1.29245
v -1.91205 0.35953 3.42201
v 3.06652 -3.18870 -0.90459
v 0.93545 4.09045 0.96557
v -1.08164 -2.82814 2.71998
v 4.18300 0.34416 -1.88863
v -1.36502 2.34841 2.96093
v 1.43113 -4.09119 0.54263
v 2.64879 3.56200 -0.53080
v -1.83641 -0.94242 3.36971
v 3.79760 -2.03579 -1.53840
v -0.09040 3.74405 1.86819
v -0.24985 -3.65801 2.01556
v 3.88271 1.80645 -1.61176
v -1.78679 1.15389 3.33110
v 2.49548 -3.68848 -0.37979
v 1.61383 4.04160 0.38863
v -1.45292 -2.16518 3.05642
v 4.16870 -0.59893 -1.85535
v -0.94352 2.97533 2.61444
v 0.77077 -4.07828 1.14117
v 3.21197 3.00983 -1.00888
v -1.90417 -0.13990 3.44312
v 3.39502 -2.79098 -1.16112
v 0.54266 4.00084 1.33399
v -0.77839 -3.18677 2.49168
v 4.12376 0.91891 -1.80493
v -1.54378 1.90627 3.13890
v 1.86241 -3.99908 0.19829
v 2.27517 3.79437 -0.17430
v -1.71177 -1.42448 3.29399
v 3.99678 -1.50832 -1.68189
v -0.42657 3.48246 2.18407
v 0.13760 -3.87420 1.71302
v 3.67186 2.30100 -1.39554
v -1.85149 0.66421 3.41308
v 2.88017 -3.39813 -0.68504
v 1.21148 4.07301 0.76708
v -1.21429 -2.58668 2.88447
v 4.20981 -0.01680 -1.86013
v -1.18841 2.58763 2.84956
v 1.20171 -4.11032 0.79859
v 2.88522 3.35566 -0.69253
v -1.85234 -0.63695 3.42869
v 3.67795 -2.33581 -1.37810
v 0.16744 3.84143 1.68534
v -0.43897 -3.49701 2.23225
v 4.00304 1.47090 -1.66789
v -1.67977 1.44247 3.28101
v 2.28254 -3.82862 -0.13701
v 1.88445 3.94966 0.19545
v -1.54319 -1.88928 3.18224
v 4.13655 -0.95069 -1.77360
v -0.73018 3.16812 2.47066
v 0.54768 -4.02360 1.39031
v 3.41127 2.74385 -1.13671
v -1.87246 0.16817 3.45958
v 3.23119 -3.03858 -0.96138
v 0.81447 4.02849 1.13904
v -0.93462 -2.97224 2.67781
v 4.18712 0.56269 -1.80939
v -1.39280 2.16697 3.04998
v 1.63535 -4.06480 0.45288
v 2.52780 3.63041 -0.35081
v -1.75632 -1.12660 3.37848
v 3.90891 -1.83290 -1.54996
v -0.18373 3.61844 2.01433
v -0.06763 -3.75107 1.94494
v 3.82447 1.98806 -1.48086
v -1.77263 0.96305 3.38768
v 2.68247 -3.58177 -0.45538
v 1.48558 4.02712 0.57055
v -1.33102 -2.33019 3.03429
v 4.21404 -0.37542 -1.81108
v -0.99759 2.80888 2.72551
v 0.97327 -4.10070 1.05335
v 3.10780 3.12626 -0.84151
v -1.84956 -0.32942 3.47071
v 3.54065 -2.61694 -1.20187
v 0.43063 3.91210 1.49784
v -0.61640 -3.31387 2.43805
v 4.10185 1.12658 -1.70435
v -1.55551 1.72038 3.21548
v 2.06285 -3.94059 0.11165
v 2.14842 3.83016 0.00852
v -1.61588 -1.60328 3.29199
v 4.08281 -1.29329 -1.67223
v -0.50551 3.33899 2.31682
v 0.33011 -3.94172 1.63412
v 3.59308 2.45946 -1.24849
v -1.82217 0.47331 3.45926
v 3.05340 -3.26263 -0.74912
v 1.08721 4.02803 0.94346
v -1.07627 -2.73982 2.85044
v 4.22796 0.20451 -1.79332
v -1.22632 2.41240 2.94721
v 1.40634 -4.10152 0.70893
v 2.76924 3.44130 -0.51697
v -1.78239 -0.82368 3.44615
v 3.80158 -2.14206 -1.40041
v 0.06689 3.72933 1.83776
v -0.26332 -3.60354 2.16786
v 3.95682 1.66246 -1.54765
v -1.67590 1.25408 3.34623
v 2.47515 -3.73856 -0.21720
v 1.75592 3.95310 0.37763
v -1.43104 -2.06061 3.16876
v 4.19598 -0.72907 -1.74175
v -0.79372 3.01062 2.58984
v 0.74761 -4.06274 1.30525
v 3.31512 2.87554 -0.97646
v -1.82806 -0.02190 3.49579
v 3.38704 -2.87727 -1.01094
v 0.69746 3.95553 1.30724
v -0.78090 -3.11015 2.63181
v 4.17869 0.77610 -1.72075
v -1.41474 1.98578 3.13515
v 1.83825 -4.02389 0.36451
v 2.40397 3.68401 -0.17058
v -1.67054 -1.30922 3.38525
v 4.00821 -1.62429 -1.55194
v -0.27090 3.48672 2.15420
v 0.11968 -3.83355 1.87110
v 3.75629 2.15882 -1.34323
v -1.75354 0.77351 3.44244
v 2.86326 -3.46170 -0.52581
v 1.35907 3.99946 0.74888
v -1.20237 -2.49133 3.00873
v 4.24631 -0.15296 -1.75674
v -1.04533 2.64088 2.83149
v 1.17724 -4.10929 0.96478
v 2.99790 3.22848 -0.67134
v -1.78981 -0.51779 3.49687
v 3.67593 -2.43363 -1.23430
v 0.32367 3.81429 1.65582
v -0.44804 -3.43296 2.38051
v 4.06820 1.32665 -1.59526
v -1.56185 1.53539 3.28922
v 2.25998 -3.86762 0.02788
v 2.02073 3.85150 0.18994
v -1.51371 -1.77990 3.28732
v 4.15611 -1.07517 -1.65260
v -0.57803 3.19144 2.44367
v 0.52648 -3.99706 1.55273
v 3.50588 2.60542 -1.09619
v -1.78795 0.28358 3.50405
v 3.21858 -3.11507 -0.80666
v 0.96620 3.97138 1.11514
v -0.93134 -2.88751 2.81251
v 4.23330 0.42207 -1.71686
v -1.25825 2.23688 3.04077
v 1.61060 -4.07823 0.61986
v 2.64944 3.51231 -0.34032
v -1.70680 -1.00915 3.46174
v 3.91365 -1.94131 -1.41355
v -0.02784 3.61023 1.98412
v -0.08202 -3.70020 2.09983
v 3.89997 1.84422 -1.42007
v -1.66697 1.06680 3.40946
v 2.66245 -3.63460 -0.29302
v 1.62828 3.94296 0.55694
v -1.31210 -2.22868 3.15192
v 4.24235 -0.50709 -1.69986
v -0.85090 2.85084 2.70380
v 0.94985 -4.08842 1.21874
v 3.21232 2.99356 -0.81260
v -1.77852 -0.21098 3.53062
v 3.53321 -2.70564 -1.05278
v 0.58497 3.87271 1.47000
v -0.62047 -3.24082 2.58168
v 4.15807 0.98317 -1.62322
v -1.43111 1.80511 3.21727
v 2.03879 -3.96830 0.27818
v 2.27826 3.72310 0.00907
v -1.57851 -1.49010 3.38950
v 4.09506 -1.41122 -1.54419
v -0.35184 3.35006 2.28821
v 0.31156 -3.90446 1.79422
v 3.67891 2.31793 -1.19965
v -1.72948 0.58500 3.49572
v 3.03682 -3.32882 -0.59045
v 1.23508 3.95953 0.92313
v -1.06667 -2.64775 2.97923
v 4.26557 0.06712 -1.69261
v -1.08697 2.47200 2.93319
v 1.38173 -4.10355 0.87601
v 2.88323 3.31635 -0.49926
v -1.72447 -0.70515 3.52129
v 3.80016 -2.24214 -1.25802
v 0.22214 3.70865 1.80801
v -0.27353 -3.54293 2.31897
v 4.02331 1.51804 -1.47831
v -1.56296 1.35126 3.36081
v 2.45272 -3.78032 -0.05234
v 1.89304 3.85897 0.36924
v -1.40474 -1.95385 3.27939
v 4.21643 -0.85529 -1.62299
v -0.64422 3.04085 2.56523
v 0.72596 -4.03938 1.46921
v 3.41115 2.73834 -0.93951
v -1.74861 0.09469 3.54749
v 3.37480 -2.95624 -0.85712
v 0.84909 3.90415 1.28186
v -0.77940 -3.02876 2.77029
v 4.22606 0.63458 -1.63120
v -1.28446 2.06146 3.13107
v 1.81342 -4.04020 0.53200
v 2.52681 3.56885 -0.16344
v -1.62504 -1.19327 3.47497
v 4.01361 -1.73480 -1.41729
v -0.11657 3.48537 2.12475
v 0.10447 -3.78596 2.02826
v 3.83318 2.01528 -1.28591
v -1.65297 0.88039 3.47114
v 2.84339 -3.51717 -0.36382
v 1.50235 3.92007 0.73282
v -1.18601 -2.39275 3.13116
v 4.27560 -0.28610 -1.64808
v -0.90192 2.68956 2.81334
v 1.15350 -4.10001 1.13128
v 3.10382 3.09764 -0.64601
v -1.72345 -0.39928 3.56383
v 3.66891 -2.52470 -1.08644
v 0.47744 3.78125 1.62730
v -0.45345 -3.36317 2.52725
v 4.12568 1.18274 -1.51736
v -1.44211 1.62502 3.29705
v 2.23587 -3.89808 0.19457
v 2.15163 3.74812 0.18737
v -1.47971 -1.66885 3.39063
v 4.16910 -1.19501 -1.52665
v -0.42653 3.20958 2.41693
v 0.50730 -3.96289 1.71458
v 3.59316 2.46475 -1.05095
v -1.70025 0.39719 3.54767
v 3.20219 -3.18379 -0.64871
v 1.11432 3.90838 1.09295
v -0.92374 -2.79850 2.94535
v 4.27199 0.28351 -1.61902
v -1.12275 2.30274 3.03143
v 1.58573 -4.08310 0.78764
v 2.76477 3.38992 -0.32612
v -1.65303 -0.89150 3.54351
v 3.91271 -2.04363 -1.27274
v 0.12630 3.59640 1.95464
v -0.09325 -3.64272 2.25344
v 3.96782 1.69976 -1.35417
v -1.55889 1.16781 3.43074
v 2.64000 -3.67900 -0.12835
v 1.76624 3.85328 0.54581
v -1.28856 -2.12446 3.26761
v 4.26363 -0.63500 -1.58352
v -0.70421 2.88808 2.68225
v 0.92771 -4.06797 1.38400
v 3.30981 2.85784 -0.77931
v -1.70376 -0.09362 3.58942
v 3.52121 -2.78705 -0.90002
v 0.73642 3.82751 1.44351
v -0.62051 -3.16247 2.72353
v 4.20662 0.84085 -1.53681
v -1.30514 1.88629 3.21885
v 2.01374 -3.98733 0.44602
v 2.40234 3.61125 0.01288
v -1.53655 -1.37576 3.48524
v 4.10102 -1.52381 -1.41147
v -0.19921 3.35587 2.26012
v 0.29554 -3.85984 1.95335
v 3.75724 2.17489 -1.14594
v -1.63376 0.69454 3.53148
v 3.01697 -3.38684 -0.42899
v 1.37892 3.88537 0.90486
v -1.05251 -2.55191 3.10597
v 4.29581 -0.06744 -1.58669
v -0.94697 2.52736 2.91924
v 1.35758 -4.09703 1.04341
v 2.99059 3.18769 -0.47756
v -1.66234 -0.58689 3.59500
v 3.79344 -2.33554 -1.11157
v 0.37524 3.68237 1.77929
v -0.28015 -3.47609 2.46845
v 4.08209 1.37375 -1.40379
v -1.44781 1.44540 3.37506
v 2.42842 -3.81340 0.11434
v 2.02502 3.75969 0.36366
v -1.37368 -1.84490 3.38800
v 4.23009 -0.97701 -1.49931
v -0.49506 3.06622 2.54102
v 0.70613 -4.00802 1.63257
v 3.49992 2.59877 -0.89799
v -1.66555 0.20979 3.59821
v 3.35847 -3.02745 -0.70005
v 0.99740 3.84711 1.25815
v -0.77354 -2.94254 2.90674
v 4.26582 0.49494 -1.53640
v -1.15288 2.13337 3.12699
v 1.78818 -4.04772 0.70032
v 2.64353 3.44939 -0.15275
v -1.57493 -1.07668 3.56294
v 4.01306 -1.83933 -1.27823
v 0.03634 3.47872 2.09612
v 0.09227 -3.73130 2.18405
v 3.90243 1.87095 -1.22360
v -1.54957 0.98478 3.49931
v 2.82078 -3.56413 -0.19950
v 1.64116 3.83530 0.71915
v -1.16485 -2.29092 3.25141
v 4.29768 -0.41566 -1.53435
v -0.75818 2.73383 2.79549
v 1.13078 -4.08224 1.29763
v 3.20282 2.96370 -0.61646
v -1.65295 -0.28151 3.62946
v 3.65703 -2.60852 -0.93490
v 0.62864 3.74268 1.60014
v -0.45488 -3.28757 2.67206
v 4.17544 1.03973 -1.43427
v -1.32042 1.71135 3.30474
v 2.21047 -3.91968 0.36259
v 2.27700 3.64000 0.18793
v -1.44085 -1.55616 3.49188
v 4.17556 -1.30966 -1.39602
v -0.27575 3.22278 2.39085
v 0.49046 -3.92094 1.87541
v 3.67297 2.32242 -1.00099
v -1.60910 0.50893 3.59047
v 3.18221 -3.24432 -0.48793
v 1.25870 3.83992 1.07276
v -0.91149 -2.70518 3.07593
v 4.30316 0.14759 -1.51604
v -0.98625 2.36464 3.02230
v 1.56104 -4.07915 0.95576
v 2.87365 3.26378 -0.30809
v -1.59466 -0.77372 3.62357
v 3.90620 -2.13935 -1.12787
v 0.27863 3.57727 1.92627
v -0.10100 -3.57853 2.40531
v 4.02794 1.55525 -1.28322
v -1.44820 1.26603 3.45167
v 2.61537 -3.71462 0.03818
v 1.89933 3.75856 0.53738
v -1.26006 -2.01753 3.38101
v 4.27792 -0.75858 -1.46229
v -0.55752 2.92078 2.66124
v 0.90714 -4.03917 1.54864
v 3.40014 2.71965 -0.74160
v -1.62496 0.02256 3.64701
v 3.50481 -2.86072 -0.74397
v 0.88488 3.77691 1.41868
v -0.61620 -3.07878 2.86316
v 4.24747 0.70020 -1.44525
v -1.17749 1.96394 3.22052
v 1.98798 -3.99736 0.61470
v 2.52053 3.49511 0.02011
v -1.48967 -1.26033 3.57891
v 4.10079 -1.63054 -1.27434
v -0.04766 3.35671 2.23297
v 0.28237 -3.80771 2.11104
v 3.82795 2.03089 -1.08738
v -1.53479 0.80183 3.56659
v 2.99405 -3.43630 -0.26516
v 1.51860 3.80600 0.88890
v -1.03343 -2.45229 3.23028
v 4.31868 -0.19859 -1.47576
v -0.80628 2.57859 2.90574
v 1.33416 -4.08173 1.21066
v 3.09120 3.05585 -0.45180
v -1.59566 -0.46899 3.66710
v 3.78157 -2.42176 -0.96142
v 0.52611 3.65085 1.75198
v -0.28286 -3.40295 2.61585
v 4.13310 1.23018 -1.32421
v -1.33030 1.53647 3.38918
v 2.40251 -3.83748 0.28239
v 2.15174 3.65575 0.36110
v -1.33752 -1.73382 3.49425
v 4.23701 -1.09370 -1.37098
v -0.34626 3.08697 2.51762
v 0.68841 -3.96850 1.79486
v 3.58131 2.45741 -0.85188
v -1.57860 0.32329 3.64788
v 3.33823 -3.09045 -0.54011
v 1.14232 3.78485 1.23642
v -0.76299 -2.85148 3.04072
v 4.29796 0.35774 -1.43654
v -1.01991 2.20154 3.12321
v 1.76280 -4.04619 0.86898
v 2.75402 3.32616 -0.13836
v -1.51988 -0.95954 3.64887
v 4.00667 -1.93736 -1.13511
v 0.18778 3.46709 2.06870
v 0.08340 -3.66947 2.33800
v 3.96396 1.72640 -1.15637
v -1.44312 1.08660 3.52703
v 2.79566 -3.60221 -0.03329
v 1.77542 3.74563 0.70811
v -1.13857 -2.18586 3.36908
v 4.31259 -0.54106 -1.41577
v -0.61406 2.77384 2.77833
v 1.10937 -4.05579 1.46333
v 3.29482 2.82718 -0.58264
v -1.57798 -0.16458 3.69360
v 3.64045 -2.68463 -0.78006
v 0.77721 3.69898 1.57469
v -0.45199 -3.20611 2.81448
v 4.21744 0.89820 -1.34613
v -1.19662 1.79436 3.31252
v 2.18403 -3.93211 0.53148
v 2.39674 3.52764 0.19180
v -1.39678 -1.44189 3.59074
v 4.17559 -1.41857 -1.26102
v -0.12568 3.23131 2.36583
v 0.47628 -3.87109 2.03473
v 3.74525 2.17898 -0.94630
v -1.51423 0.61866 3.63240
v 3.15885 -3.29624 -0.32476
v 1.39927 3.76645 1.05487
v -0.89425 -2.60755 3.20384
v 4.32684 0.01489 -1.40809
v -0.84866 2.42262 3.01371
v 1.53679 -4.06616 1.12372
v 2.97599 3.13442 -0.28612
v -1.53136 -0.65592 3.70168
v 3.89426 -2.22796 -0.97928
v 0.42910 3.55320 1.89939
v -0.10495 -3.50756 2.55498
v 4.08028 1.41127 -1.20731
v -1.33469 1.36137 3.47237
v 2.58880 -3.74110 0.20609
v 2.02748 3.65929 0.53189
v -1.22623 -1.90796 3.49173
v 4.28528 -0.87728 -1.33645
v -0.41080 2.94912 2.64116
v 0.88846 -4.00187 1.71217
v 3.48323 2.57953 -0.69944
v -1.54182 0.13743 3.70326
v 3.48419 -2.92618 -0.58505
v 1.03032 3.72133 1.39586
v -0.60720 -2.98973 3.00011
v 4.28062 0.56182 -1.34870
v -1.04801 2.03805 3.22250
v 1.96177 -3.99813 0.78373
v 2.63274 3.37523 0.03092
v -1.43752 -1.14390 3.67020
v 4.09447 -1.73087 -1.13316
v 0.10281 3.35284 2.20714
v 0.27237 -3.74799 2.26679
v 3.89100 1.88651 -1.02402
v -1.43229 0.90676 3.60103
v 2.96830 -3.47680 -0.09943
v 1.65408 3.72190 0.87554
v -1.00910 -2.34893 3.35174
v 4.33422 -0.32578 -1.36003
v -0.66480 2.62578 2.89302
v 1.31179 -4.05746 1.37724
v 3.18501 2.92138 -0.42190
v -1.52410 -0.35160 3.73735
v 3.76471 -2.50032 -0.80795
v 0.67474 3.61448 1.72644
v -0.28133 -3.32347 2.76070
v 4.17632 1.08790 -1.23966
v -1.21022 1.62438 3.40328
v 2.37525 -3.85224 0.45132
v 2.27314 3.54765 0.36176
v -1.29590 -1.62069 3.59777
v 4.23728 -1.20479 -1.23830
v -0.19776 3.10330 2.49539
v 0.67314 -3.92071 1.95557
v 3.65529 2.31480 -0.80118
v -1.48746 0.43503 3.69639
v 3.31430 -3.14483 -0.37777
v 1.28380 3.71780 1.21699
v -0.74742 -2.75561 3.17177
v 4.32249 0.22357 -1.33178
v -0.88540 2.26598 3.11998
v 1.73759 -4.03538 1.03747
v 2.85823 3.19969 -0.12016
v -1.45954 -0.84197 3.73248
v 3.99459 -2.02838 -0.98827
v 0.33778 3.45079 2.04287
v 0.07820 -3.60043 2.48962
v 4.01775 1.58221 -1.08429
v -1.33335 1.18569 3.55430
v 2.76828 -3.63106 0.13433
v 1.90508 3.65155 0.69994
v -1.10681 -2.07767 3.48376
v 4.32040 -0.66175 -1.29262
v -0.46949 2.80970 2.76219
v 1.08960 -4.02051 1.62788
v 3.37977 2.68866 -0.54449
v -1.49823 -0.04867 3.75603
v 3.61935 -2.75257 -0.62232
v 0.92315 3.65055 1.55129
v -0.44445 -3.11883 2.95402
v 4.25168 0.75874 -1.25307
v -1.07052 1.87397 3.32053
v 2.15684 -3.93510 0.70071
v 2.51082 3.41158 0.19914
v -1.34716 -1.32619 3.68684
v 4.16930 -1.52123 -1.12197
v 0.02372 3.23538 2.34225
v 0.46508 -3.81326 2.19202
v 3.80997 2.03501 -0.88694
v -1.41534 0.72623 3.67338
v 3.13234 -3.33917 -0.15966
v 1.53602 3.68845 1.03955
v -0.87168 -2.50568 3.32861
v 4.34306 -0.11402 -1.29541
v -0.70983 2.47673 3.00593
v 1.51331 -4.04394 1.29099
v 3.07176 3.00238 -0.26014
v -1.46279 -0.53826 3.77754
v 3.87705 -2.30898 -0.82737
v 0.57774 3.52454 1.87437
v -0.10477 -3.42981 2.70192
v 4.12485 1.26841 -1.12653
v -1.21811 1.45367 3.49287
v 2.56055 -3.75813 0.37490
v 2.15066 3.55598 0.52956
v -1.18676 -1.79587 3.59936
v 4.28580 -0.99055 -1.20628
v -0.26395 2.97324 2.62236
v 0.87197 -3.95593 1.87404
v 3.55908 2.43807 -0.65282
v -1.45401 0.25080 3.75798
v 3.45957 -2.98303 -0.42369
v 1.17273 3.66119 1.37538
v -0.59318 -2.89538 3.13391
v 4.30609 0.42626 -1.24732
v -0.91651 2.10854 3.22497
v 1.93542 -3.98942 0.95259
v 2.73897 3.25213 0.04544
v -1.37976 -1.02663 3.75875
v 4.08220 -1.82432 -0.98826
v 0.25225 3.34455 2.18302
v 0.26586 -3.68064 2.42007
v 3.94639 1.74232 -0.95591
v -1.32597 1.00912 3.63474
v 2.93997 -3.50801 0.06774
v 1.78535 3.63355 0.86504
v -0.97919 -2.24194 3.46989
v 4.34252 -0.44843 -1.23976
v -0.52241 2.66895 2.88137
v 1.29078 -4.02407 1.54262
v 3.27199 2.78483 -0.38778
v -1.44734 -0.23491 3.80547
v 3.74305 -2.57076 -0.65158
v 0.82117 3.57362 1.70305
v -0.27523 -3.23770 2.90248
v 4.21178 0.94750 -1.15029
v -1.08734 1.70899 3.41745
v 2.34691 -3.85740 0.62060
v 2.38923 3.43593 0.36582
v -1.24849 -1.50567 3.69813
v 4.23103 -1.30978 -1.10157
v -0.04948 3.11536 2.47471
v 0.66062 -3.86456 2.11416
v 3.72185 2.17153 -0.74592
v -1.39182 0.54481 3.74355
v 3.28690 -3.19019 -0.21347
v 1.42187 3.64641 1.20017
v -0.72648 -2.65502 3.29943
v 4.33948 0.09299 -1.22235
v -0.74917 2.32664 3.11752
v 1.71283 -4.01510 1.20525
v 2.95615 3.07055 -0.09804
v -1.39359 -0.72417 3.81340
v 3.97698 -2.11190 -0.83810
v 0.48638 3.43012 2.01902
v 0.07700 -3.52418 2.63836
v 4.06383 1.43895 -1.00744
v -1.22001 1.28188 3.58110
v 2.73890 -3.65036 0.30286
v 2.03018 3.55356 0.69491
v -1.06924 -1.96648 3.59500
v 4.32120 -0.77719 -1.16516
v -0.32433 2.84147 2.74739
v 1.07177 -3.97629 1.79072
v 3.45768 2.54870 -0.50199
v -1.41338 0.06601 3.81649
v 3.59395 -2.81192 -0.46213
v 1.06650 3.59778 1.53030
v -0.43194 -3.02576 3.09018
v 4.27822 0.62191 -1.15528
v -0.94191 1.95003 3.32889
v 2.12919 -3.92842 0.86978
v 2.61926 3.29235 0.21013
v -1.29166 -1.20923 3.77979
v 4.15685 -1.61712 -0.97921
v 0.17256 3.23520 2.32049
v 0.45718 -3.74740 2.34673
v 3.86715 1.89108 -0.82292
v -1.31213 0.83139 3.71324
v 3.10292 -3.37274 0.00689
v 1.66899 3.60637 1.02712
v -0.84346 -2.39970 3.44977
v 4.35193 -0.23860 -1.17824
v -0.56960 2.52690 2.99918
v 1.49091 -4.01232 1.45702
v 3.16098 2.86824 -0.23003
v -1.38863 -0.42097 3.85081
v 3.85476 -2.38196 -0.67254
v 0.72463 3.49158 1.85160
v -0.10013 -3.34532 2.84562
v 4.16169 1.12723 -1.04101
v -1.09821 1.54275 3.51316
v 2.53091 -3.76544 0.54407
v 2.26893 3.44914 0.53060
v -1.14130 -1.68143 3.70346
v 4.27960 -1.09787 -1.07208
v -0.11686 2.99322 2.60517
v 0.85802 -3.90131 2.03371
v 3.62770 2.29583 -0.60172
v -1.36124 0.36242 3.81091
v 3.43118 -3.03086 -0.26037
v 1.31218 3.59692 1.35757
v -0.57381 -2.79584 3.26404
v 4.32397 0.29410 -1.14134
v -0.78279 2.17529 3.22807
v 1.90923 -3.97101 1.12073
v 2.83926 3.12636 0.06381
v -1.31608 -0.90874 3.84417
v 4.06417 -1.91038 -0.84003
v 0.40077 3.33204 2.16098
v 0.26319 -3.60568 2.57035
v 3.99418 1.59889 -0.88313
v -1.21557 1.10869 3.66760
v 2.90932 -3.52958 0.23583
v 1.91248 3.54144 0.85768
v -0.94336 -2.13148 3.58426
v 4.34367 -0.56602 -1.11523
v -0.37894 2.70810 2.87103
v 1.27145 -3.98144 1.70624
v 3.35220 2.64677 -0.34941
v -1.36505 -0.11916 3.87114
v 3.71680 -2.63265 -0.49273
v 0.96547 3.52861 1.68216
v -0.26423 -3.14569 3.04066
v 4.23956 0.80953 -1.05625
v -0.96141 1.79009 3.43170
v 2.31780 -3.85271 0.78971
v 2.50008 3.32111 0.37349
v -1.19496 -1.38895 3.79492
v 4.21840 -1.40814 -0.96115
v 0.09870 3.12329 2.45592
v 0.65120 -3.80002 2.27006
v 3.78106 2.02816 -0.68610
v -1.29137 0.65235 3.78916
v 3.25628 -3.22617 -0.04770
v 1.55663 3.57112 1.18629
v -0.69986 -2.54984 3.42317
v 4.34904 -0.03345 -1.10847
v -0.61104 2.38338 3.11598
v 1.68886 -3.98518 1.37177
v 3.04786 2.93927 -0.07187
v -1.32169 -0.60639 3.89126
v 3.95403 -2.18747 -0.68500
v 0.63371 3.40531 1.99752
v 0.08011 -3.44075 2.78369
v 4.10226 1.29719 -0.92593
v -1.10283 1.37490 3.60733
v 2.70781 -3.65982 0.47177
v 2.15078 3.45217 0.69326
v -1.02555 -1.85248 3.70233
v 4.31513 -0.88685 -1.03370
v -0.17843 2.86915 2.73421
v 1.05622 -3.92306 1.95129
v 3.52862 2.40787 -0.45510
v -1.32311 0.17918 3.87467
v 3.56448 -2.86227 -0.29995
v 1.20738 3.54104 1.51209
v -0.41412 -2.92704 3.22243
v 4.29716 0.48828 -1.05292
v -0.81054 2.02234 3.33762
v 2.10140 -3.91185 1.03810
v 2.72214 3.17049 0.22493
v -1.22995 -1.09125 3.86914
v 4.13840 -1.70576 -0.83311
v 0.32096 3.23092 2.30089
v 0.45292 -3.67354 2.49830
v 3.91689 1.74777 -0.75432
v -1.20433 0.93388 3.75180
v 3.07087 -3.39663 0.17437
v 1.79828 3.52068 1.01788
v -0.80926 -2.28978 3.56681
v 4.35356 -0.35829 -1.05683
v -0.42778 2.57304 2.99366
v 1.46990 -3.97119 1.62124
v 3.24375 2.73254 -0.19574
v -1.30857 -0.30432 3.92113
v 3.82761 -2.44646 -0.51522
v 0.86988 3.45463 1.83144
v -0.09070 -3.25416 2.98551
v 4.19091 0.98830 -0.95089
v -0.97473 1.62834 3.53318
v 2.50018 -3.76276 0.71307
v 2.38238 3.33929 0.53524
v -1.08955 -1.56486 3.80357
v 4.26686 -1.19873 -0.93420
v 0.03064 3.00909 2.58989
v 0.84692 -3.83795 2.19061
v 3.68920 2.15337 -0.54616
v -1.26320 0.47200 3.86178
v 3.39927 -3.06930 -0.09555
v 1.44880 3.52889 1.34279
v -0.54877 -2.69124 3.38997
v 4.33438 0.16589 -1.03094
v -0.64663 2.23809 3.23186
v 1.88352 -3.94274 1.28756
v 2.93372 2.99848 0.08619
v -1.24614 -0.79051 3.92604
v 4.04056 -1.98859 -0.68886
v 0.54851 3.31550 2.14138
v 0.26467 -3.52313 2.71704
v 4.03446 1.45680 -0.80576
v -1.10079 1.20515 3.69944
v 2.87663 -3.54123 0.40431
v 2.03559 3.44605 0.85373
v -0.90130 -2.01776 3.69434
v 4.33785 -0.67800 -0.98671
v -0.23422 2.74313 2.86223
v 1.25413 -3.92950 1.86751
v 3.42574 2.50777 -0.30671
v -1.27694 -0.00466 3.93402
v 3.68620 -2.68559 -0.33188
v 1.10779 3.47977 1.66414
v -0.24800 -3.04759 3.17468
v 4.25977 0.67457 -0.95770
v -0.83219 1.86741 3.44600
v 2.28823 -3.83798 0.95807
v 2.60580 3.20372 0.38497
v -1.13502 -1.27081 3.88767
v 4.19959 -1.49939 -0.81738
v 0.24694 3.12713 2.43932
v 0.64521 -3.72712 2.42269
v 3.83303 1.88527 -0.62176
v -1.18584 0.75734 3.83296
v 3.22272 -3.25242 0.11902
v 1.68820 3.49236 1.17567
v -0.66724 -2.44026 3.54246
v 4.35130 -0.15520 -0.99038
v -0.47079 2.43601 3.11546
v 1.66600 -3.94550 1.53643
v 3.13349 2.80643 -0.04155
v -1.24355 -0.48892 3.96565
v 3.92597 -2.25464 -0.52941
v 0.77989 3.37659 1.97872
v 0.08789 -3.35025 2.92502
v 4.13319 1.15751 -0.83988
v -0.98153 1.46444 3.63284
v 2.67531 -3.65917 0.64050
v 2.26705 3.34786 0.69524
v -0.97542 -1.73592 3.80525
v 4.30238 -0.99021 -0.89856
v -0.03162 2.89267 2.72286
v 1.04328 -3.86077 2.10897
v 3.59273 2.26672 -0.40379
v -1.22713 0.29050 3.93025
v 3.53120 -2.90324 -0.13626
v 1.34591 3.48068 1.49699
v -0.39067 -2.82283 3.35020
v 4.30864 0.35839 -0.94620
v -0.67619 2.09063 3.34674
v 2.07377 -3.88522 1.20511
v 2.81962 3.04655 0.24372
v -1.16175 -0.97254 3.95447
v 4.11417 -1.78667 -0.68406
v 0.46907 3.22260 2.28376
v 0.45263 -3.59172 2.64612
v 3.95931 1.60563 -0.68119
v -1.09165 1.03332 3.78881
v 3.03648 -3.41052 0.34226
v 1.92406 3.43182 1.01213
v -0.76877 -2.17615 3.67920
v 4.34812 -0.47257 -0.93145
v -0.28418 2.61495 2.98950
v 1.45063 -3.92047 1.78305
v 3.32023 2.59585 -0.15716
v -1.22232 -0.18865 3.98812
v 3.79585 -2.50206 -0.35587
v 1.01365 3.41390 1.81426
v -0.07614 -3.15648 3.12102
v 4.21266 0.85218 -0.85631
v -0.84743 1.71009 3.55281
v 2.46867 -3.74988 0.88131
v 2.49119 3.22694 0.54373
v -1.03120 -1.44645 3.89918
v 4.24777 -1.29263 -0.79297
v 0.17871 3.02081 2.57676
v 0.83903 -3.76587 2.34411
v 3.74374 2.01128 -0.48612
v -1.15961 0.57916 3.91027
v 3.36411 -3.09800 0.07024
v 1.58274 3.45749 1.33137
v -0.51773 -2.58181 3.51115
v 4.33750 0.04216 -0.91637
v -0.50781 2.29666 3.23639
v 1.85862 -3.90448 1.45251
v 3.02251 2.86902 0.11271
v -1.16968 -0.67226 4.00393
v 4.01161 -2.05850 -0.53517
v 0.69561 3.29502 2.12454
v 0.27065 -3.43312 2.85956
v 4.06740 1.31661 -0.72389
v -0.98139 1.29813 3.73005
v 2.84222 -3.54268 0.57262
v 2.15487 3.34782 0.85351
v -0.85271 -1.90104 3.79961
v 4.32523 -0.78388 -0.85452
v -0.08806 2.77387 2.85513
v 1.23916 -3.86819 2.02582
v 3.49280 2.36839 -0.25963
v -1.18273 0.10821 3.99372
v 3.65151 -2.72918 -0.16949
v 1.24828 3.42734 1.64936
v -0.22622 -2.94356 3.30398
v 4.27259 0.54315 -0.85482
v -0.69945 1.94059 3.46026
v 2.25851 -3.81300 1.12510
v 2.70659 3.08428 0.40048
v -1.06836 -1.15156 3.97589
v 4.17481 -1.58307 -0.67066
v 0.39540 3.12684 2.42518
v 0.64298 -3.64588 2.57145
v 3.87795 1.74342 -0.55293
v -1.07495 0.85938 3.87464
v 3.18651 -3.26864 0.28616
v 1.81677 3.41049 1.16866
v -0.62831 -2.32654 3.65677
v 4.34647 -0.27174 -0.86834
v -0.32821 2.48427 3.11603
v 1.64459 -3.89597 1.69863
v 3.21323 2.67256 -0.00694
v -1.15890 -0.37214 4.03615
v 3.89305 -2.31300 -0.37175
v 0.92511 3.34406 1.96297
v 0.10065 -3.25281 3.06175
v 4.15679 1.02044 -0.74940
v -0.85588 1.55009 3.65745
v 2.64171 -3.64821 0.80848
v 2.37917 3.24111 0.70114
v -0.91856 -1.61711 3.90325
v 4.28316 -1.08680 -0.76008
v 0.11629 2.91187 2.71355
v 1.03330 -3.78943 2.26317
v 3.65020 2.12583 -0.34805
v -1.12519 0.39958 3.98287
v 3.49439 -2.93448 0.02843
v 1.48230 3.41696 1.48538
v -0.36128 -2.71335 3.47292
v 4.31287 0.23278 -0.83532
v -0.53864 2.15453 3.35618
v 2.04665 -3.84839 1.37019
v 2.91191 2.92104 0.26670
v -1.08676 -0.85347 4.03528
v 4.08440 -1.85941 -0.53248
v 0.61706 3.21025 2.26942
v 0.45665 -3.50204 2.78960
v 3.99463 1.46522 -0.60360
v -0.97386 1.12931 3.82403
v 3.00004 -3.41415 0.51001
v 2.04652 3.34018 1.01019
v -0.72170 -2.05911 3.78640
v 4.33585 -0.58095 -0.80240
v -0.13861 2.65238 2.98679
v 1.43343 -3.86011 1.94184
v 3.39062 2.45871 -0.11419
v -1.12961 -0.07435 4.05135
v 3.75973 -2.54839 -0.19497
v 1.15611 3.36956 1.80039
v -0.05614 -3.05245 3.25155
v 4.22715 0.71940 -0.75742
v -0.71607 1.78761 3.57190
v 2.43670 -3.72661 1.04822
v 2.59557 3.11257 0.55631
v -0.96597 -1.32655 3.98981
v 4.22258 -1.37912 -0.64877
v 0.32753 3.02822 2.56601
v 0.83468 -3.68513 2.49361
v 3.79155 1.87009 -0.42161
v -1.05022 0.68348 3.95606
v 3.32600 -3.11665 0.23648
v 1.71421 3.38300 1.32368
v -0.48040 -2.46780 3.62701
v 4.33354 -0.07658 -0.79785
v -0.36614 2.35064 3.24162
v 1.83487 -3.85613 1.61495
v 3.10589 2.73852 0.14355
v -1.08642 -0.55438 4.07738
v 3.97759 -2.11972 -0.37940
v 0.84225 3.27064 2.11078
v 0.28146 -3.33576 2.99728
v 4.09324 1.17885 -0.63762
v -0.85713 1.38719 3.75918
v 2.80640 -3.53371 0.74019
v 2.27053 3.24719 0.85730
v -0.79730 -1.78166 3.89954
v 4.30607 -0.88317 -0.71897
v 0.05973 2.80006 2.84985
v 1.22688 -3.79754 2.18055
v 3.55363 2.22917 -0.20810
v -1.08216 0.21902 4.04986
v 3.61301 -2.76309 -0.00607
v 1.38714 3.37152 1.63816
v -0.19857 -2.83383 3.42794
v 4.27827 0.41580 -0.74779
v -0.56297 2.00923 3.47436
v 2.22899 -3.77765 1.29019
v 2.80269 2.96328 0.42023
v -0.99472 -1.03159 4.05911
v 4.14433 -1.65872 -0.52137
v 0.54427 3.12232 2.41377
v 0.64486 -3.55643 2.71570
v 3.91606 1.60314 -0.47965
v -0.95848 0.95800 3.91391
v 3.14795 -3.27455 0.45319
v 1.94256 3.32586 1.16559
v -0.58277 -2.20897 3.76551
v 4.33480 -0.38259 -0.74263
v -0.18313 2.52778 3.11769
v 1.62496 -3.83654 1.85774
v 3.28736 2.53820 0.03208
v -1.06747 -0.25648 4.10232
v 3.85555 -2.36216 -0.21250
v 1.06954 3.30780 1.95060
v 0.11871 -3.14861 3.19327
v 4.17334 0.88652 -0.65463
v -0.72566 1.63139 3.68095
v 2.60734 -3.62672 0.97512
v 2.48741 3.13235 0.71125
v -0.85470 -1.49640 3.99580
v 4.25772 -1.17615 -0.61859
v 0.26547 2.92650 2.70644
v 1.02661 -3.70909 2.41324
v 3.70133 1.98574 -0.28782
v -1.01703 0.50594 4.03215
v 3.45434 -2.95569 0.19360
v 1.61673 3.35011 1.47761
v -0.32564 -2.59885 3.59001
v 4.31011 0.11195 -0.72049
v -0.39770 2.21362 3.36586
v 2.02037 -3.80127 1.53274
v 2.99929 2.79446 0.29407
v -1.00475 -0.73445 4.11111
v 4.04937 -1.92359 -0.37877
v 0.76511 3.19376 2.25813
v 0.46532 -3.40464 2.92810
v 4.02313 1.32709 -0.52160
v -0.85072 1.22135 3.85714
v 2.96188 -3.40727 0.67703
v 2.16590 3.24612 1.01242
v -0.66775 -1.93898 3.88786
v 4.31700 -0.68294 -0.66998
v 0.00911 2.68495 2.98557
v 1.41865 -3.79011 2.09695
v 3.45523 2.32167 -0.06674
v -1.03021 0.03810 4.11040
v 3.71957 -2.58508 -0.03298
v 1.29746 3.32168 1.79019
v -0.03038 -2.94231 3.37649
v 4.23466 0.59048 -0.65438
v -0.58046 1.86040 3.59026
v 2.40462 -3.69280 1.21317
v 2.69580 2.99664 0.57326
v -0.89360 -1.20555 4.07492
v 4.19156 -1.45776 -0.50196
v 0.47726 3.03109 2.55782
v 0.83420 -3.59580 2.63845
v 3.83291 1.73035 -0.35263
v -0.93482 0.78445 3.99877
v 3.28527 -3.12497 0.40262
v 1.84343 3.30567 1.32006
v -0.43647 -2.34952 3.73695
v 4.32279 -0.18983 -0.67564
v -0.22143 2.39959 3.24750
v 1.81261 -3.79765 1.77425
v 3.18415 2.60748 0.17889
v -0.99612 -0.43734 4.14591
v 3.93878 -2.17185 -0.22198
v 0.98861 3.24226 2.10040
v 0.29741 -3.23126 3.12957
v 4.11227 1.04406 -0.54704
v -0.72781 1.47181 3.78656
v 2.76950 -3.51411 0.90644
v 2.38284 3.14452 0.86544
v -0.73480 -1.66000 3.99357
v 4.28065 -0.97542 -0.58038
v 0.20929 2.82133 2.84647
v 1.21764 -3.71757 2.33105
v 3.60854 2.09064 -0.15203
v -0.97503 0.32728 4.10202
v 3.57103 -2.78699 0.15788
v 1.52457 3.31240 1.63090
v -0.16475 -2.71868 3.54597
v 4.27710 0.29302 -0.63680
v -0.42259 2.07280 3.48814
v 2.20001 -3.73181 1.45271
v 2.89442 2.84119 0.44450
v -0.91386 -0.91134 4.13680
v 4.10844 -1.72595 -0.36991
v 0.69370 3.11334 2.40528
v 0.65118 -3.45888 2.85479
v 3.94770 1.46499 -0.40193
v -0.83622 1.05269 3.95040
v 3.10738 -3.26991 0.61952
v 2.06580 3.23872 1.16682
v -0.53034 -2.08791 3.86812
v 4.31658 -0.48726 -0.61350
v -0.03539 2.56608 3.12044
v 1.60747 -3.76719 2.01310
v 3.35619 2.40385 0.07568
v -0.96906 -0.14243 4.16370
v 3.81378 -2.40179 -0.05212
v 1.21335 3.26773 1.94191
v 0.14241 -3.03790 3.31895
v 4.18313 0.75627 -0.55566
v -0.59070 1.70781 3.70308
v 2.57255 -3.59455 1.13982
v 2.59203 3.02197 0.72587
v -0.78358 -1.37424 4.08235
v 4.22639 -1.25784 -0.47445
v 0.41606 2.93621 2.70163
v 1.02356 -3.61985 2.55853
v 3.74644 1.84697 -0.22305
v -0.90248 0.60906 4.07769
v 3.41140 -2.96657 0.35873
v 1.74942 3.28024 1.47403
v -0.28345 -2.47968 3.70084
v 4.30068 -0.00360 -0.60193
v -0.25321 2.26736 3.37565
v 1.99529 -3.74378 1.69210
v 3.08207 2.66729 0.32606
v -0.91547 -0.61597 4.18146
v 4.00939 -1.97881 -0.22336
v 0.91336 3.17293 2.25012
v 0.47895 -3.29972 3.06097
v 4.04515 1.19174 -0.43524
v -0.72207 1.30889 3.88783
v 2.92235 -3.38970 0.84275
v 2.28247 3.14992 1.01915
v -0.60666 -1.81617 3.98298
v 4.29190 -0.77810 -0.53446
v 0.15912 2.71221 2.98587
v 1.40665 -3.71050 2.24774
v 3.51440 2.18522 -0.01465
v -0.92391 0.14818 4.16484
v 3.67569 -2.61183 0.12959
v 1.43787 3.27023 1.78398
v 0.00145 -2.82633 3.49520
v 4.23554 0.46593 -0.54733
v -0.44044 1.92789 3.60768
v 2.37277 -3.64834 1.37556
v 2.79219 2.87953 0.59489
v -0.81386 -1.08393 4.15399
v 4.15504 -1.52815 -0.35293
v 0.62803 3.02908 2.55234
v 0.83794 -3.49804 2.77798
v 3.86821 1.59257 -0.27913
v -0.81323 0.88152 4.03803
v 3.24224 -3.12272 0.56813
v 1.97061 3.22565 1.32089
v -0.38568 -2.22733 3.84038
v 4.30559 -0.29712 -0.54996
v -0.07354 2.44297 3.25394
v 1.79220 -3.72901 1.92975
v 3.25764 2.47638 0.21894
v -0.89859 -0.32166 4.20904
v 3.89553 -2.21455 -0.06337
v 1.13484 3.20972 2.09366
v 0.31885 -3.11984 3.25578
v 4.12486 0.91274 -0.45220
v -0.59328 1.55141 3.81191
v 2.73188 -3.48372 1.07076
v 2.49208 3.04012 0.87828
v -0.66497 -1.53649 4.08114
v 4.24931 -1.06020 -0.43908
v 0.36077 2.83723 2.84503
v 1.21179 -3.62838 2.47664
v 3.65791 1.95332 -0.09132
v -0.86115 0.43243 4.14977
v 3.52590 -2.80060 0.32184
v 1.66075 3.24998 1.62792
v -0.12446 -2.59843 3.65742
v 4.26945 0.17529 -0.52201
v -0.27817 2.13074 3.50142
v 2.17193 -3.67541 1.61203
v 2.98210 2.71840 0.47357
v -0.82556 -0.79131 4.20845
v 4.06750 -1.78438 -0.21668
v 0.84380 3.09956 2.39990
v 0.66227 -3.35344 2.98806
v 3.97325 1.32944 -0.31975
v -0.70803 1.14284 3.98378
v 3.06516 -3.25451 0.78459
v 2.18674 3.14924 1.17272
v -0.47076 -1.96376 3.96398
v 4.29218 -0.58531 -0.48121
v 0.11514 2.59865 3.12420
v 1.59247 -3.68797 2.16407
v 3.42010 2.27000 0.12406
v -0.86348 -0.03054 4.21981
v 3.76810 -2.43155 0.10891
v 1.35668 3.22371 1.93722
v 0.17205 -2.92095 3.43812
v 4.18658 0.63017 -0.45261
v -0.45086 1.77873 3.72360
v 2.53769 -3.55160 1.30196
v 2.69336 2.91029 0.74536
v -0.70498 -1.25109 4.16234
v 4.18952 -1.33146 -0.32801
v 0.56817 2.94055 2.69921
v 1.02449 -3.52182 2.69836
v 3.78594 1.71001 -0.15364
v -0.78137 0.70834 4.11909
v 3.36592 -2.96689 0.52327
v 1.88058 3.20739 1.47502
v -0.23443 -2.35619 3.80479
v 4.28497 -0.11343 -0.47982
v -0.10507 2.31517 3.38541
v 1.97176 -3.67592 1.84763
v 3.16064 2.53994 0.36295
v -0.81875 -0.49857 4.24580
v 3.96483 -2.02473 -0.06669
v 1.06194 3.14745 2.24562
v 0.49789 -3.18749 3.18753
v 4.06111 1.05967 -0.34452
v -0.58777 1.39130 3.91577
v 2.88181 -3.36125 1.00658
v 2.39648 3.05178 1.03077
v -0.53818 -1.69112 4.07119
v 4.26092 -0.86601 -0.39615
v 0.31151 2.73361 2.98765
v 1.39776 -3.62137 2.39353
v 3.56854 2.04983 0.04224
v -0.81056 0.25529 4.21419
v 3.62845 -2.62836 0.29224
v 1.57748 3.21508 1.78209
v 0.03965 -2.70485 3.60703
v 4.23020 0.34621 -0.43638
v -0.29592 1.98947 3.62393
v 2.34152 -3.59316 1.53473
v 2.88507 2.76158 0.62151
v -0.72653 -0.96221 4.22646
v 4.11339 -1.58991 -0.20204
v 0.77994 3.02175 2.54969
v 0.84625 -3.39201 2.91152
v 3.89786 1.45723 -0.20105
v -0.68531 0.97405 4.07346
v 3.19729 -3.10969 0.73243
v 2.09597 3.14299 1.32654
v -0.32774 -2.10166 3.93666
v 4.28236 -0.39803 -0.42103
v 0.07759 2.48016 3.26083
v 1.77400 -3.65024 2.08079
v 3.32676 2.34562 0.26396
v -0.79364 -0.20791 4.26627
v 3.84821 -2.24751 0.09597
v 1.28103 3.17271 2.09081
v 0.34607 -3.00179 3.37523
v 4.13146 0.78537 -0.35316
v -0.45343 1.62533 3.83492
v 2.69390 -3.44243 1.23254
v 2.59854 2.93419 0.89618
v -0.58756 -1.41163 4.16166
v 4.21245 -1.13712 -0.29538
v 0.51421 2.84721 2.84556
v 1.20968 -3.53008 2.61665
v 3.70217 1.81765 -0.02581
v -0.74038 0.53382 4.19268
v 3.47801 -2.80368 0.48529
v 1.79583 3.18416 1.62958
v -0.07741 -2.47346 3.76164
v 4.25575 0.06306 -0.40356
v -0.12963 2.18237 3.51399
v 2.14510 -3.60843 1.76750
v 3.06609 2.59527 0.50776
v -0.72963 -0.67207 4.27351
v 4.02189 -1.83368 -0.06209
v 0.99465 3.08056 2.39779
v 0.67847 -3.24032 3.11483
v 3.99317 1.19699 -0.23308
v -0.57380 1.22778 4.01368
v 3.02165 -3.22820 0.94782
v 2.30560 3.05751 1.18369
v -0.40378 -1.83699 4.05248
v 4.26203 -0.67634 -0.34602
v 0.26850 2.62485 3.12889
v 1.58033 -3.59895 2.30995
v 3.47953 2.13706 0.17745
v -0.75057 0.07856 4.27018
v 3.71890 -2.45119 0.27011
v 1.49965 3.17545 1.93679
v 0.20794 -2.79809 3.55013
v 4.18414 0.50867 -0.34553
v -0.30607 1.84346 3.74222
v 2.50314 -3.49777 1.46090
v 2.79169 2.79755 0.77009
v -0.61867 -1.12750 4.23521
v 4.14753 -1.39666 -0.17960
v 0.72185 2.93895 2.69924
v 1.02976 -3.41519 2.83204
v 3.82029 1.57533 -0.07947
v -0.65360 0.80311 4.15593
v 3.31827 -2.95644 0.68668
v 2.01034 3.13146 1.48094
v -0.17832 -2.22881 3.90122
v 4.26343 -0.21711 -0.35434
v 0.04678 2.35635 3.39495
v 1.95016 -3.59769 1.99866
v 3.23536 2.41277 0.40506
v -0.71441 -0.38286 4.30363
v 3.91610 -2.06106 0.09083
v 1.21089 3.11689 2.24482
v 0.52245 -3.06824 3.30710
v 4.07148 0.93134 -0.24944
v -0.44776 1.46788 3.94063
v 2.84064 -3.32181 1.16792
v 2.50818 2.95180 1.04766
v -0.46209 -1.56436 4.15186
v 4.22452 -0.94628 -0.25532
v 0.46631 2.74851 2.99088
v 1.39236 -3.52282 2.53363
v 3.61811 1.91594 0.10416
v -0.69004 0.35878 4.25800
v 3.57826 -2.63442 0.45447
v 1.71640 3.15597 1.78483
v 0.08452 -2.57824 3.71131
v 4.21912 0.23175 -0.32163
v -0.14684 2.04439 3.63874
v 2.31125 -3.52721 1.69005
v 2.97478 2.64306 0.65352
v -0.63144 -0.84097 4.29178
v 4.06706 -1.64272 -0.04966
v 0.93300 3.00852 2.54998
v 0.85945 -3.27795 3.03836
v 3.92237 1.32480 -0.11827
v -0.55100 1.06133 4.10466
v 3.15082 -3.08572 0.89496
v 2.21968 3.05763 1.33739
v -0.26241 -1.97298 4.02516
v 4.25355 -0.49215 -0.28905
v 0.23199 2.51047 3.26801
v 1.75838 -3.56140 2.22669
v 3.39191 2.21559 0.31427
v -0.68114 -0.09674 4.31710
v 3.79724 -2.27045 0.25561
v 1.42724 3.13082 2.09209
v 0.37940 -2.87744 3.48724
v 4.13257 0.66238 -0.24992
v -0.30823 1.69283 3.85527
v 2.65596 -3.39015 1.39117
v 2.70246 2.82687 0.91957
v -0.50238 -1.28598 4.23453
v 4.17054 -1.20584 -0.14957
v 0.66963 2.85061 2.84806
v 1.21166 -3.42284 2.75039
v 3.74180 1.68407 0.04472
v -0.61263 0.63076 4.23030
v 3.42776 -2.79603 0.64771
v 1.92991 3.11470 1.63621
v -0.02333 -2.34419 3.85798
v 4.23652 -0.04326 -0.28157
v 0.02304 2.22696 3.52564
v 2.11993 -3.53088 1.91845
v 3.14676 2.47208 0.54744
v -0.62592 -0.55424 4.33144
v 3.97206 -1.87355 0.09349
v 1.14626 3.05577 2.39909
v 0.70010 -3.11979 3.23439
v 4.00797 1.06806 -0.14183
v -0.43347 1.30678 4.03972
v 2.97726 -3.19084 1.10862
v 2.42256 2.96348 1.20013
v -0.32916 -1.70812 4.13299
v 4.22661 -0.75998 -0.20814
v 0.42469 2.64394 3.13443
v 1.57140 -3.50022 2.45007
v 3.53490 2.00540 0.23616
v -0.63024 0.18419 4.31431
v 3.66660 -2.46045 0.43104
v 1.64228 3.12256 1.94089
v 0.25037 -2.66970 3.65428
v 4.17635 0.39221 -0.23445
v -0.15632 1.90124 3.75864
v 2.46930 -3.43304 1.61601
v 2.88730 2.68389 0.80046
v -0.52450 -1.00407 4.30035
v 4.10089 -1.45311 -0.02954
v 0.87706 2.93077 2.70175
v 1.03970 -3.30017 2.95887
v 3.85000 1.44333 -0.00034
v -0.51909 0.89263 4.18778
v 3.26890 -2.93505 0.84843
v 2.13881 3.05226 1.49216
v -0.11485 -2.09801 3.98946
v 4.23658 -0.31425 -0.22562
v 0.20231 2.39014 3.40409
v 1.93087 -3.50915 2.14452
v 3.30663 2.28606 0.45274
v -0.60232 -0.26950 4.35440
v 3.86366 -2.08751 0.24881
v 1.36020 3.08071 2.24791
v 0.55295 -2.94229 3.41898
v 4.07681 0.80717 -0.14991
v -0.30201 1.53785 3.96204
v 2.79926 -3.27130 1.32616
v 2.61775 2.84996 1.07027
v -0.37818 -1.43644 4.22437
v 4.18321 -1.01858 -0.11219
v 0.62347 2.75617 2.99549
v 1.39080 -3.41503 2.66734
v 3.66357 1.78391 0.17139
v -0.56226 0.45792 4.29579
v 3.52556 -2.62982 0.61582
v 1.85465 3.09252 1.79250
v 0.13632 -2.44692 3.80735
v 4.20286 0.12296 -0.20311
v 0.00677 2.09189 3.65187
v 2.28235 -3.45050 1.84087
v 3.06162 2.52413 0.69132
v -0.52842 -0.72085 4.34935
v 4.01653 -1.68629 0.10389
v 1.08717 2.98876 2.55326
v 0.87789 -3.15612 3.15781
v 3.94225 1.19567 -0.03061
v -0.41025 1.14260 4.13122
v 3.10325 -3.05068 1.05517
v 2.34183 2.96939 1.35386
v -0.18946 -1.84179 4.10521
v 4.21973 -0.57912 -0.15417
v 0.38962 2.53310 3.27535
v 1.74572 -3.46259 2.36677
v 3.45352 2.08658 0.37021
v -0.56099 0.01114 4.36099
v 3.74309 -2.28315 0.41513
v 1.57341 3.08352 2.09772
v 0.41913 -2.74714 3.59110
v 4.12875 0.54418 -0.14240
v -0.15768 1.75311 3.87263
v 2.61846 -3.32684 1.54602
v 2.80406 2.71818 0.94887
v -0.40925 -1.16014 4.29912
v 4.12410 -1.26604 -0.00190
v 0.82695 2.84669 2.85249
v 1.21808 -3.30688 2.87714
v 3.77731 1.55295 0.12053
v -0.47786 0.72249 4.26217
v 3.37560 -2.77749 0.80861
v 2.06299 3.04125 1.64816
v 0.03804 -2.21110 3.94573
v 4.21231 -0.14329 -0.15610
v 0.17979 2.26368 3.53613
v 2.09679 -3.44281 2.06422
v 3.22441 2.34899 0.59304
v -0.51429 -0.43852 4.38166
v 3.91852 -1.90372 0.24971
v 1.29853 3.02455 2.40393
v 0.72749 -2.99218 3.34603
v 4.01821 0.94307 -0.04582
v -0.28706 1.37903 4.06152
v 2.93243 -3.14234 1.26644
v 2.53772 2.86701 1.22246
v -0.24670 -1.57772 4.20484
v 4.18650 -0.83588 -0.06774
v 0.58360 2.65514 3.14069
v 1.56607 -3.39195 2.58372
v 3.58666 1.87533 0.30053
v -0.50241 0.28560 4.35169
v 3.61168 -2.45915 0.59124
v 1.78451 3.06452 1.94981
v 0.29963 -2.53619 3.74985
v 4.16378 0.28117 -0.11932
v -0.00166 1.95124 3.77258
v 2.43657 -3.35739 1.76666
v 2.98042 2.56935 0.83695
v -0.42229 -0.88145 4.35717
v 4.05015 -1.50053 0.12191
v 1.03369 2.91524 2.70677
v 1.05467 -3.17701 3.07814
v 3.87560 1.31440 0.08401
v -0.37785 0.97610 4.21420
v 3.21824 -2.90260 1.00800
v 2.26600 2.96944 1.50906
v -0.04379 -1.96431 4.06882
v 4.20504 -0.40449 -0.09374
v 0.36143 2.41570 3.41265
v 1.91427 -3.41041 2.28454
v 3.37478 2.16001 0.50644
v -0.48238 -0.15922 4.39755
v 3.80801 -2.10388 0.40686
v 1.50975 3.03825 2.25504
v 0.58970 -2.81000 3.52244
v 4.07769 0.68755 -0.04579
v -0.15056 1.60039 3.97965
v 2.75808 -3.20967 1.48072
v 2.72529 2.74616 1.09903
v -0.28626 -1.30798 4.28809
v 4.13756 -1.08260 0.03305
v 0.78287 2.75576 3.00141
v 1.39345 -3.29818 2.79397
v 3.70539 1.65405 0.24430
v -0.42719 0.55191 4.32707
v 3.47084 -2.61439 0.77582
v 1.99214 3.02424 1.80542
v 0.19533 -2.31137 3.89444
v 4.18204 0.02020 -0.08080
v 0.16482 2.13108 3.66305
v 2.25523 -3.36309 1.98655
v 3.14580 2.40484 0.73540
v -0.41735 -0.60255 4.39859
v 3.96236 -1.72037 0.25831
v 1.24228 2.96169 2.55963
v 0.90189 -3.02681 3.26914
v 3.95808 1.07021 0.06217
v -0.26310 1.21701 4.15273
v 3.05504 -3.00448 1.21252
v 2.46242 2.87797 1.37636
v -0.10866 -1.70869 4.17615
v 4.18150 -0.65862 -0.01648
v 0.55032 2.54718 3.28269
v 1.73640 -3.35396 2.50034
v 3.51194 1.95880 0.43223
v -0.43312 0.11495 4.39743
v 3.68629 -2.28542 0.57414
v 1.71942 3.03016 2.10791
v 0.46556 -2.61133 3.68610
v 4.12063 0.43115 -0.03049
v -0.00188 1.80530 3.88668
v 2.58185 -3.25250 1.69650
v 2.90344 2.60801 0.98459
v -0.30800 -1.03479 4.35481
v 4.07372 -1.31744 0.14742
v 0.98599 2.83461 2.85884
v 1.22931 -3.18244 2.99619
v 3.80918 1.42460 0.20198
v -0.33607 0.80818 4.28783
v 3.32204 -2.74792 0.96751
v 2.19498 2.96332 1.66578
v 0.10695 -2.07471 4.02420
v 4.18378 -0.23669 -0.02712
v 0.34047 2.29164 3.54524
v 2.07611 -3.34430 2.20417
v 3.29930 2.22612 0.64506
v -0.39465 -0.32564 4.42359
v 3.86182 -1.92398 0.40626
v 1.45129 2.98613 2.41241
v 0.76097 -2.85784 3.44902
v 4.02449 0.82235 0.05519
v -0.13463 1.44365 4.07869
v 2.88762 -3.08267 1.42071
v 2.65106 2.76782 1.25115
v -0.15620 -1.44640 4.26738
v 4.14232 -0.90375 0.07509
v 0.74507 2.65755 3.14756
v 1.56472 -3.27432 2.71021
v 3.63520 1.74707 0.37103
v -0.36705 0.38196 4.38181
v 3.55469 -2.44713 0.75031
v 1.92617 3.00070 1.96378
v 0.35600 -2.39804 3.83614
v 4.14709 0.17590 -0.00002
v 0.15778 1.99254 3.78374
v 2.40540 -3.27088 1.91225
v 3.07115 2.45387 0.88005
v -0.31191 -0.76035 4.40502
v 3.99591 -1.53868 0.27452
v 1.19154 2.89151 2.71431
v 1.07501 -3.04602 3.18912
v 3.89761 1.18885 0.17395
v -0.22990 1.05264 4.23475
v 3.16681 -2.85900 1.16490
v 2.39178 2.88256 1.53205
v 0.03509 -1.82830 4.13860
v 4.16944 -0.48750 0.04132
v 0.52395 2.43209 3.42042
v 1.90079 -3.30158 2.41804
v 3.44010 2.03474 0.56667
v -0.35455 -0.05282 4.43252
v 3.74975 -2.10997 0.56466
v 1.65932 2.98876 2.26640
v 0.63301 -2.67178 3.61677
v 4.07473 0.57282 0.06317
v 0.00647 1.65455 3.99311
v 2.71760 -3.13692 1.63105
v 2.83080 2.64012 1.13446
v -0.18617 -1.17965 4.34232
v 4.08823 -1.13805 0.18027
v 0.94426 2.74638 3.00858
v 1.40069 -3.17252 2.91280
v 3.74400 1.52662 0.32333
v -0.28485 0.63989 4.35134
v 3.41464 -2.58802 0.93405
v 2.12868 2.95050 1.82390
v 0.26181 -2.17211 3.97186
v 4.15730 -0.07618 0.04541
v 0.32714 2.16103 3.67201
v 2.23035 -3.26505 2.12646
v 3.22748 2.28517 0.78629
v -0.29813 -0.48684 4.43887
v 3.90517 -1.74473 0.41337
v 1.39809 2.92646 2.56914
v 0.93181 -2.89039 3.37162
v 3.97040 0.94874 0.16043
v -0.10963 1.28365 4.16876
v 3.00671 -2.94708 1.36653
v 2.58131 2.78292 1.40533
v -0.01982 -1.57428 4.23725
v 4.13955 -0.73033 0.12401
v 0.71386 2.55177 3.28987
v 1.73084 -3.23568 2.62672
v 3.56748 1.83239 0.50086
v -0.29751 0.21385 4.42583
v 3.62742 -2.27710 0.73230
v 1.86499 2.96998 2.12288
v 0.51899 -2.47044 3.77149
v 4.10883 0.32362 0.08606
v 0.15903 1.84843 3.89709
v 2.54660 -3.16716 1.84204
v 3.00060 2.49614 1.02723
v -0.19851 -0.91063 4.40093
v 4.02008 -1.35978 0.29826
v 1.14647 2.81344 2.86708
v 1.24572 -3.04980 3.10682
v 3.83788 1.29927 0.28954
v -0.18731 0.88691 4.30678
v 3.26762 -2.70726 1.12398
v 2.32566 2.88031 1.68944
v 0.18364 -1.93558 4.09266
v 4.15162 -0.32312 0.10546
v 0.50487 2.30987 3.55273
v 2.05831 -3.23549 2.33764
v 3.37159 2.10343 0.70405
v -0.26695 -0.21642 4.45663
v 3.80262 -1.93415 0.56290
v 1.60422 2.93964 2.42465
v 0.80086 -2.71716 3.54263
v 4.02738 0.70624 0.16156
v 0.02369 1.49968 4.09082
v 2.84334 -3.01182 1.57092
v 2.76244 2.66549 1.28668
v -0.05749 -1.31485 4.31989
v 4.09478 -0.96331 0.22031
v 0.90880 2.65018 3.15492
v 1.56774 -3.14755 2.82885
v 3.68085 1.62080 0.44818
v -0.22418 0.47239 4.40412
v 3.49622 -2.42428 0.90791
v 2.06695 2.93035 1.98310
v 0.41975 -2.25574 3.91240
v 4.12694 0.07674 0.12369
v 0.32180 2.02414 3.79180
v 2.37626 -3.17357 2.05217
v 3.15949 2.33726 0.93035
v -0.19328 -0.64155 4.44326
v 3.93886 -1.56732 0.42815
v 1.35026 2.85865 2.72439
v 1.10109 -2.90752 3.29109
v 3.91651 1.06694 0.26992
v -0.07535 1.12131 4.24897
v 3.11515 -2.80422 1.31868
v 2.51588 2.79103 1.56153
v 0.12200 -1.69058 4.19809
v 4.13051 -0.56300 0.17965
v 0.68961 2.43831 3.42720
v 1.89085 -3.18285 2.54437
v 3.50274 1.91027 0.63400
v -0.21878 0.04884 4.45871
v 3.68951 -2.10563 0.72198
v 1.80855 2.93136 2.28213
v 0.68319 -2.52808 3.70121
v 4.06855 0.46331 0.17733
v 0.16891 1.69936 4.00202
v 2.67831 -3.05307 1.77660
v 2.93411 2.53149 1.17707
v -0.07776 -1.05218 4.38640
v 4.03593 -1.18470 0.32946
v 1.10733 2.72702 3.01690
v 1.41292 -3.03832 3.02313
v 3.77973 1.40177 0.40904
v -0.13528 0.72093 4.36808
v 3.35756 -2.55062 1.09015
v 2.26390 2.87058 1.84826
v 0.33601 -2.02968 4.03887
v 4.12937 -0.16587 0.17577
v 0.49347 2.18069 3.67847
v 2.20816 -3.15651 2.25998
v 3.30663 2.16496 0.84460
v -0.17070 -0.37455 4.46955
v 3.84565 -1.75919 0.56893
v 1.55419 2.88211 2.58185
v 0.96799 -2.74722 3.46452
v 3.97972 0.83154 0.26465
v 0.05003 1.34151 4.17886
v 2.95881 -2.87848 1.51672
v 2.69820 2.68371 1.44125
v 0.07725 -1.43925 4.28781
v 4.09460 -0.79398 0.26741
v 0.87993 2.54581 3.29673
v 1.72946 -3.10798 2.74525
v 3.62031 1.70739 0.57671
v -0.15418 0.30693 4.44563
v 3.56715 -2.25806 0.88937
v 2.00971 2.90213 2.14285
v 0.57971 -2.32499 3.84652
v 4.09401 0.22191 0.20762
v 0.32482 1.88147 3.90349
v 2.51322 -3.07090 1.98208
v 3.09534 2.38225 1.07739
v -0.08064 -0.78847 4.43678
v 3.96391 -1.39286 0.45060
v 1.30800 2.78215 2.87716
v 1.26769 -2.90928 3.20832
v 3.86375 1.17717 0.38376
v -0.03168 0.95770 4.31852
v 3.21295 -2.65544 1.27765
v 2.45461 2.79151 1.71951
v 0.26834 -1.79433 4.15037
v 4.11653 -0.40229 0.24188
v 0.67268 2.31728 3.55836
v 2.04388 -3.11653 2.46402
v 3.44124 1.98082 0.77066
v -0.13114 -0.11174 4.48013
v 3.74161 -1.93405 0.71948
v 1.75688 2.88411 2.44077
v 0.84750 -2.57057 3.62611
v 4.02743 0.59501 0.27376
v 0.18772 1.54607 4.09750
v 2.80016 -2.92980 1.71662
v 2.87153 2.55952 1.32958
v 0.04960 -1.18378 4.36166
v 4.04462 -1.01429 0.36803
v 1.07441 2.63197 3.16265
v 1.57557 -3.01192 2.93896
v 3.72378 1.49657 0.53263
v -0.07385 0.55593 4.41805
v 3.43693 -2.39049 1.06377
v 2.20638 2.85261 2.00803
v 0.49117 -2.10986 3.97787
v 4.10400 -0.01601 0.25218
v 0.49012 2.04497 3.79645
v 2.34966 -3.06558 2.18588
v 3.24525 2.21921 0.98846
v -0.06629 -0.52589 4.47121
v 3.87976 -1.58627 0.58278
v 1.50939 2.81560 2.73704
v 1.13327 -2.76188 3.38332
v 3.93270 0.94888 0.37253
v 0.08566 1.18107 4.25635
v 3.06390 -2.73822 1.46898
v 2.63789 2.69415 1.59795
v 0.21716 -1.55183 4.24651
v 4.08899 -0.63069 0.32149
v 0.85802 2.43326 3.43280
v 1.88492 -3.05441 2.66290
v 3.56268 1.78651 0.70913
v -0.07509 0.14483 4.47548
v 3.62802 -2.09072 0.87864
v 1.95693 2.86508 2.30242
v 0.74057 -2.37937 3.77500
v 4.05970 0.35929 0.29717
v 0.33652 1.73371 4.00599
v 2.64080 -2.95818 1.91691
v 3.03486 2.41977 1.22746
v 0.03911 -0.92635 4.41958
v 3.98144 -1.22229 0.48072
v 1.27160 2.69659 3.02632
v 1.43054 -2.89587 3.12426
v 3.81278 1.27962 0.50210
v 0.02141 0.79401 4.37672
v 3.30029 -2.50213 1.24386
v 2.39730 2.78361 1.87884
v 0.41820 -1.88470 4.09469
v 4.09891 -0.24856 0.31065
v 0.66347 2.18896 3.68214
v 2.18919 -3.03759 2.38657
v 3.38305 2.04394 0.91100
v -0.03500 -0.26656 4.48995
v 3.78458 -1.76357 0.72495
v 1.71008 2.82759 2.59785
v 1.01079 -2.59773 3.54709
v 3.98645 0.71882 0.37544
v 0.21567 1.38952 4.18258
v 2.91197 -2.79867 1.66271
v 2.81263 2.57965 1.48460
v 0.18275 -1.30432 4.32707
v 4.04744 -0.84930 0.41396
v 1.04807 2.52818 3.30310
v 1.73272 -2.97108 2.85527
v 3.67041 1.58377 0.66050
v -0.00318 0.39320 4.45620
v 3.50622 -2.22821 1.04516
v 2.15301 2.82563 2.16806
v 0.64802 -2.17551 3.91043
v 4.07675 0.12631 0.33468
v 0.49518 1.90328 3.90553
v 2.48229 -2.96379 2.11615
v 3.18729 2.26587 1.13571
v 0.04570 -0.66913 4.46166
v 3.90602 -1.41643 0.60455
v 1.47006 2.73962 2.88908
v 1.29563 -2.76123 3.29999
v 3.88703 1.05842 0.48536
v 0.13067 1.01948 4.32251
v 3.15873 -2.59243 1.42824
v 2.58127 2.69608 1.75641
v 0.36130 -1.65162 4.19654
v 4.07925 -0.47390 0.38254
v 0.84347 2.31272 3.56188
v 2.03333 -2.98761 2.58274
v 3.50806 1.85806 0.84562
v 0.01279 -0.01255 4.49343
v 3.67960 -1.92353 0.87597
v 1.90866 2.81849 2.46091
v 0.90124 -2.41855 3.69871
v 4.02505 0.48891 0.39244
v 0.35718 1.58170 4.09828
v 2.75871 -2.83667 1.85739
v 2.97781 2.44926 1.38041
v 0.16523 -1.05399 4.39192
v 3.99266 -1.05644 0.51851
v 1.24138 2.60175 3.17064
v 1.58867 -2.86769 3.03988
v 3.76400 1.37439 0.62514
v 0.08384 0.63152 4.42299
v 3.37759 -2.34568 1.21774
v 2.34383 2.76651 2.03888
v 0.57054 -1.96097 4.03178
v 4.07889 -0.10205 0.38597
v 0.66236 2.05384 3.79735
v 2.32619 -2.94703 2.31288
v 3.32800 2.09933 1.05509
v 0.06912 -0.41426 4.48813
v 3.81942 -1.59531 0.73852
v 1.66835 2.76122 2.75228
v 1.17197 -2.60950 3.46509
v 3.94639 0.83486 0.48252
v 0.25292 1.23078 4.25639
v 3.01375 -2.66101 1.61551
v 2.75715 2.59112 1.64179
v 0.32079 -1.41276 4.28311
v 4.04564 -0.69026 0.46724
v 1.02871 2.41573 3.43699
v 1.88352 -2.91648 2.77304
v 3.61971 1.66329 0.79283
v 0.07650 0.23413 4.48219
v 3.56610 -2.06511 1.03463
v 2.10379 2.78885 2.32747
v 0.80549 -2.22618 3.83739
v 4.04865 0.26106 0.42337
v 0.50897 1.75641 4.00462
v 2.60569 -2.85233 2.05157
v 3.13249 2.30436 1.28625
v 0.16457 -0.80300 4.44110
v 3.92559 -1.25057 0.63430
v 1.43649 2.65387 3.03676
v 1.45403 -2.74551 3.21553
v 3.84317 1.16023 0.60332
v 0.18507 0.85802 4.37668
v 3.24360 -2.44249 1.39501
v 2.52816 2.68864 1.91602
v 0.50865 -1.73782 4.13855
v 4.06660 -0.32395 0.45059
v 0.83669 2.18458 3.68273
v 2.17402 -2.90848 2.50570
v 3.45629 1.92177 0.98625
v 0.10900 -0.16383 4.49934
v 3.72281 -1.75767 0.88156
v 1.86506 2.76171 2.61722
v 1.06062 -2.44235 3.61860
v 3.99086 0.61082 0.49357
v 0.38702 1.42648 4.17941
v 2.86690 -2.70767 1.80422
v 2.92388 2.46996 1.53595
v 0.29687 -1.17026 4.35423
v 3.99883 -0.89597 0.56406
v 1.21773 2.49762 3.30883
v 1.74116 -2.82526 2.95620
v 3.71755 1.46141 0.75306
v 0.15544 0.47159 4.45688
v 3.44544 -2.18742 1.19968
v 2.29413 2.73939 2.19877
v 0.72427 -2.02255 3.96244
v 4.05754 0.03713 0.46795
v 0.66972 1.91261 3.90281
v 2.45445 -2.84596 2.24383
v 3.27583 2.14644 1.20288
v 0.18061 -0.55352 4.47478
v 3.84723 -1.43025 0.76036
v 1.63196 2.68462 2.90281
v 1.33000 -2.60601 3.38114
v 3.90772 0.94314 0.59518
v 0.29955 1.07108 4.31818
v 3.10573 -2.51820 1.57560
v 2.70484 2.59308 1.80058
v 0.46277 -1.50815 4.23038
v 4.04045 -0.53762 0.52799
v 1.01675 2.29490 3.56302
v 2.02724 -2.84891 2.69327
v 3.57155 1.73487 0.92974
v 0.16482 0.08012 4.49580
v 3.61744 -1.90242 1.03249
v 2.05881 2.74158 2.48521
v 0.96248 -2.26157 3.75968
v 4.02054 0.38821 0.51840
v 0.53176 1.60531 4.09269
v 2.71971 -2.73246 1.99296
v 3.08050 2.33395 1.43980
v 0.28956 -0.92631 4.40988
v 3.93970 -1.08943 0.67217
v 1.40908 2.55822 3.17876
v 1.60756 -2.71516 3.13099
v 3.80126 1.25422 0.72661
v 0.24876 0.69802 4.41830
v 3.31903 -2.28975 1.36978
v 2.47845 2.67097 2.07598
v 0.65818 -1.80970 4.07333
v 4.05213 -0.18103 0.52578
v 0.83807 2.04944 3.79414
v 2.30650 -2.81805 2.43274
v 3.40708 1.97710 1.13101
v 0.21301 -0.30764 4.49325
v 3.75871 -1.59418 0.89565
v 1.82636 2.69425 2.77014
v 1.21765 -2.45078 3.53570
v 3.95762 0.72502 0.60077
v 0.42618 1.26922 4.24852
v 2.96549 -2.57255 1.75810
v 2.87278 2.48101 1.69355
v 0.43312 -1.27413 4.30705
v 4.00115 -0.74137 0.61750
v 1.20109 2.38437 3.43956
v 1.88725 -2.76929 2.87427
v 3.67331 1.54039 0.88600
v 0.23594 0.31565 4.47809
v 3.50462 -2.02862 1.19008
v 2.24826 2.70147 2.35749
v 0.87834 -2.06903 3.88760
v 4.03570 0.16890 0.55676
v 0.68587 1.76615 3.99744
v 2.57373 -2.73558 2.18029
v 3.22614 2.18455 1.35414
v 0.29876 -0.68305 4.45016
v 3.86921 -1.26921 0.79066
v 1.60128 2.59754 3.04814
v 1.48391 -2.58757 3.29630
v 3.87061 1.04359 0.71364
v 0.35554 0.91174 4.36730
v 3.18833 -2.37160 1.54359
v 2.65554 2.58460 1.96020
v 0.60767 -1.58969 4.16963
v 4.03296 -0.39164 0.59634
v 1.01261 2.16620 3.67991
v 2.16332 -2.76931 2.61696
v 3.52562 1.79798 1.07122
v 0.26133 -0.06742 4.49695
v 3.66123 -1.74124 1.03905
v 2.01828 2.68320 2.64006
v 1.11793 -2.28154 3.67833
v 3.99295 0.50774 0.61999
v 0.56377 1.45109 4.16880
v 2.82441 -2.60549 1.94109
v 3.03099 2.35375 1.59589
v 0.41982 -1.03790 4.36846
v 3.94952 -0.93362 0.71834
v 1.38823 2.45274 3.31372
v 1.75537 -2.67076 3.04747
v 3.76119 1.34013 0.85537
v 0.32156 0.54092 4.44696
v 3.38573 -2.13551 1.35305
v 2.43212 2.64221 2.23527
v 0.80883 -1.86672 4.00176
v 4.03670 -0.04528 0.60830
v 0.84798 1.90808 3.89491
v 2.43046 -2.71747 2.36482
v 3.36002 2.02332 1.27970
v 0.32420 -0.44261 4.47532
v 3.78844 -1.43398 0.91852
v 1.79290 2.61577 2.91834
v 1.37135 -2.44401 3.45110
v 3.92554 0.83140 0.71425
v 0.47471 1.11120 4.30488
v 3.05484 -2.43264 1.71972
v 2.82429 2.48143 1.85249
v 0.57304 -1.36465 4.25106
v 4.00071 -0.59302 0.67902
v 1.19189 2.26240 3.56149
v 2.02630 -2.70061 2.79517
v 3.63094 1.61084 1.02397
v 0.32496 0.16515 4.48644
v 3.55606 -1.87044 1.18936
v 2.20636 2.65206 2.51384
v 1.03167 -2.10013 3.80827
v 4.01391 0.29319 0.65265
v 0.71108 1.61551 4.08019
v 2.68401 -2.61717 2.12316
v 3.17855 2.21274 1.50842
v 0.42280 -0.80162 4.41468
v 3.88650 -1.11287 0.82966
v 1.57672 2.49994 3.18687
v 1.63285 -2.55463 3.21173
v 3.83496 1.13594 0.83806
v 0.42079 0.75419 4.40324
v 3.26220 -2.22252 1.52007
v 2.60917 2.56477 2.11969
v 0.75448 -1.65669 4.10170
v 4.02404 -0.25254 0.67254
v 1.01670 2.03031 3.78642
v 2.29137 -2.67874 2.54517
v 3.48148 1.85191 1.21710
v 0.36548 -0.20707 4.48574
v 3.69855 -1.58255 1.05467
v 1.98250 2.61327 2.79069
v 1.27084 -2.28614 3.59446
v 3.96608 0.61952 0.72837
v 0.60514 1.29500 4.23211
v 2.92005 -2.47276 1.89677
v 2.98365 2.36276 1.75382
v 0.55444 -1.13674 4.31748
v 3.95614 -0.78356 0.77308
v 1.37443 2.33770 3.44025
v 1.89680 -2.61303 2.96611
v 3.72262 1.41747 0.98965
v 0.40317 0.38818 4.46240
v 3.44455 -1.98096 1.34533
v 2.38927 2.60159 2.39272
v 0.95957 -1.90848 3.92486
v 4.02086 0.08318 0.69841
v 0.86676 1.76147 3.98393
v 2.54579 -2.60794 2.30291
v 3.31466 2.05952 1.43191
v 0.44185 -0.56744 4.44588
v 3.81311 -1.27778 0.95048
v 1.76507 2.52610 3.06040
v 1.52082 -2.42236 3.36599
v 3.89450 0.92970 0.83419
v 0.53261 0.95384 4.34787
v 3.13549 -2.28927 1.68978
v 2.77824 2.47026 2.01183
v 0.71563 -1.44104 4.18708
v 3.99836 -0.45118 0.74889
v 1.19058 2.13228 3.67331
v 2.15788 -2.62020 2.72002
v 3.58996 1.67205 1.16685
v 0.42205 0.02155 4.48192
v 3.60079 -1.71390 1.19796
v 2.16868 2.59059 2.66648
v 1.18328 -2.11575 3.72558
v 3.99241 0.40983 0.75585
v 0.74556 1.46187 4.15013
v 2.78547 -2.49202 2.07333
v 3.13269 2.22999 1.66508
v 0.55188 -0.90810 4.36888
v 3.90015 -0.96174 0.87768
v 1.55875 2.39197 3.31757
v 1.77608 -2.50780 3.12862
v 3.80040 1.21971 0.96852
v 0.49510 0.59990 4.42562
v 3.32810 -2.07219 1.50565
v 2.56576 2.53273 2.27788
v 0.90218 -1.70862 4.02759
v 4.01425 -0.12047 0.75686
v 1.02942 1.88812 3.88133
v 2.41122 -2.57834 2.47896
v 3.43860 1.89573 1.36703
v 0.47664 -0.33746 4.46239
v 3.73048 -1.42714 1.07975
v 1.95184 2.53151 2.93565
v 1.42031 -2.27555 3.50928
v 3.93983 0.72328 0.84375
v 0.65591 1.13841 4.28189
v 3.00709 -2.33557 1.86079
v 2.93827 2.35995 1.91271
v 0.69249 -1.22190 4.25769
v 3.96039 -0.63957 0.83667
v 1.36814 2.21358 3.55697
v 2.03135 -2.54284 2.88811
v 3.68503 1.48553 1.12937
v 0.49322 0.24132 4.46450
v 3.49646 -1.82718 1.34715
v 2.35011 2.54843 2.54699
v 1.10939 -1.93474 3.84375
v 4.00485 0.20418 0.79640
v 0.89469 1.61074 4.06017
v 2.65259 -2.49071 2.24801
v 3.27055 2.08464 1.58705
v 0.56520 -0.68089 4.40540
v 3.83374 -1.12618 0.99191
v 1.74336 2.42527 3.19484
v 1.66531 -2.38632 3.28161
v 3.86413 1.01944 0.96072
v 0.59977 0.79862 4.37700
v 3.20815 -2.14367 1.66899
v 2.73462 2.44654 2.17043
v 0.85991 -1.50261 4.11606
v 3.99467 -0.31606 0.82744
v 1.19761 1.99481 3.77373
v 2.28173 -2.52910 2.64999
v 3.54980 1.72308 1.31433
v 0.52666 -0.11371 4.46467
v 3.63982 -1.55985 1.21635
v 2.13560 2.51666 2.81396
v 1.33223 -2.11595 3.64075
v 3.97107 0.51857 0.86661
v 0.78947 1.30658 4.20643
v 2.87848 -2.36141 2.03171
v 3.08827 2.23520 1.82325
v 0.68512 -1.00144 4.31349
v 3.91099 -0.81618 0.93508
v 1.54787 2.27400 3.43878
v 1.91306 -2.44784 3.04824
v 3.76637 1.29419 1.10496
v 0.57819 0.45040 4.43422
v 3.38694 -1.92169 1.50097
v 2.52547 2.48768 2.43344
v 1.04979 -1.74508 3.94840
v 4.00380 0.00436 0.84963
v 1.05111 1.74068 3.96352
v 2.52290 -2.46929 2.41944
v 3.39649 1.92834 1.52046
v 0.59412 -0.45723 4.42731
v 3.75799 -1.27562 1.11474
v 1.92678 2.43782 3.07344
v 1.56554 -2.25014 3.42407
v 3.91377 0.81855 0.96628
v 0.71610 0.98281 4.31756
v 3.08616 -2.19514 1.83398
v 2.89476 2.34425 2.07143
v 0.83303 -1.29258 4.19002
v 3.96283 -0.50191 0.90950
v 1.36985 2.08106 3.66250
v 2.15870 -2.46115 2.81472
v 3.64777 1.54336 1.27426
v 0.59127 0.10183 4.45329
v 3.54242 -1.67503 1.35909
v 2.31497 2.48220 2.69662
v 1.25738 -1.94539 3.75966
v 3.98851 0.31743 0.90252
v 0.93200 1.45718 4.12268
v 2.75118 -2.36702 2.20115
v 3.22734 2.09752 1.74429
v 0.69343 -0.78180 4.35454
v 3.85113 -0.97958 1.04322
v 1.72829 2.31352 3.32015
v 1.80422 -2.33652 3.19929
v 3.83380 1.09991 1.09381
v 0.67600 0.64708 4.39194
v 3.27364 -1.99693 1.65811
v 2.69354 2.40936 2.32697
v 1.00494 -1.54882 4.03910
v 3.98984 -0.18786 0.91502
v 1.21340 1.85096 3.86151
v 2.39783 -2.42842 2.58628
v 3.50988 1.76279 1.46589
v 0.63818 -0.23919 4.43499
v 3.67410 -1.40896 1.24508
v 2.10757 2.43004 2.95472
v 1.47773 -2.10093 3.55512
v 3.94944 0.61892 0.98511
v 0.84289 1.15108 4.24837
v 2.96363 -2.22655 1.99924
v 3.04512 2.22722 1.98185
v 0.82165 -1.08068 4.24936
v 3.91956 -0.67648 1.00228
v 1.54464 2.14658 3.54905
v 2.04343 -2.37559 2.97192
v 3.73216 1.35841 1.24717
v 0.66970 0.30726 4.42897
v 3.43962 -1.77193 1.50671
v 2.48860 2.42896 2.58489
v 1.19640 -1.76583 3.86539
v 3.99254 0.12168 0.95114
v 1.08210 1.58921 4.03192
v 2.62664 -2.35278 2.36774
v 3.35470 1.94852 1.67659
v 0.71718 -0.56513 4.38105
v 3.78186 -1.12847 1.16013
v 1.90787 2.33229 3.20247
v 1.70591 -2.21038 3.34023
v 3.88725 0.90460 1.09598
v 0.78561 0.82974 4.33865
v 3.15804 -2.05258 1.81721
v 2.85314 2.31467 2.22868
v 0.97515 -1.34809 4.11554
v 3.96364 -0.37081 0.99197
v 1.38007 1.94101 3.75551
v 2.27876 -2.36897 2.74723
v 3.61019 1.58979 1.42385
v 0.69679 -0.02879 4.42899
v 3.58331 -1.52523 1.38177
v 2.28429 2.40252 2.84002
v 1.40273 -1.94051 3.67397
v 3.97137 0.42245 1.01702
v 0.97888 1.30219 4.17063
v 2.84205 -2.23803 2.16338
v 3.18476 2.09692 1.90258
v 0.82573 -0.86909 4.29409
v 3.86578 -0.83829 1.10492
v 1.72043 2.19127 3.43479
v 1.93715 -2.27368 3.12045
v 3.80274 1.17014 1.23329
v 0.76106 0.50081 4.39251
v 3.33283 -1.84998 1.65791
v 2.65521 2.35793 2.47996
v 1.14982 -1.57930 3.95745
v 3.98368 -0.06690 1.01199
v 1.23836 1.70185 3.93548
v 2.50633 -2.31928 2.53012
v 3.46964 1.78991 1.62079
v 0.75596 -0.35354 4.39337
v 3.70435 -1.26170 1.28472
v 2.08514 2.33067 3.08713
v 1.61914 -2.07104 3.47013
v 3.92679 0.71017 1.11143
v 0.90585 0.99692 4.27538
v 3.04160 -2.08851 1.97690
v 3.00319 2.20492 2.13959
v 0.96059 -1.14503 4.17753
v 3.92599 -0.54289 1.07974
v 1.54958 2.01046 3.64694
v 2.16704 -2.29195 2.90105
v 3.69701 1.41119 1.39473
v 0.76923 0.17203 4.40997
v 3.48698 -1.62362 1.52358
v 2.45555 2.35605 2.73062
v 1.34122 -1.77079 3.77994
v 3.97991 0.23099 1.06168
v 1.12267 1.43505 4.08559
v 2.72289 -2.22991 2.32503
v 3.31285 1.95495 1.83442
v 0.84508 -0.65996 4.32436
v 3.80255 -0.98601 1.21648
v 1.89570 2.21521 3.32114
v 1.84100 -2.15687 3.25924
v 3.85939 0.98047 1.23274
v 0.86431 0.68081 4.34485
v 3.22350 -1.90879 1.81137
v 2.81359 2.27025 2.38297
v 1.11800 -1.38789 4.03547
v 3.96257 -0.24658 1.08448
v 1.39926 1.79445 3.83472
v 2.39166 -2.26731 2.68700
v 3.57161 1.62349 1.57745
v 0.80925 -0.14907 4.39199
v 3.61983 -1.37825 1.41587
v 2.25861 2.30918 2.97550
v 1.54479 -1.92028 3.58815
v 3.95260 0.51854 1.14001
v 1.03546 1.14729 4.20331
v 2.92581 -2.10478 2.13580
v 3.14268 2.08159 2.06065
v 0.96130 -0.94181 4.22505
v 3.87780 -0.70258 1.17752
v 1.72039 2.05914 3.53723
v 2.06393 -2.19858 3.04656
v 3.77007 1.22890 1.37881
v 0.85464 0.36144 4.37868
v 3.38647 -1.70351 1.66923
v 2.62003 2.29155 2.62777
v 1.29378 -1.59377 3.87250
v 3.97556 0.04636 1.11867
v 1.27285 1.54877 3.99456
v 2.60763 -2.20269 2.48283
v 3.42863 1.80302 1.77807
v 0.87937 -0.45543 4.34048
v 3.73098 -1.11842 1.33591
v 2.06892 2.21867 3.20952
v 1.75601 -2.02672 3.38732
v 3.90214 0.79133 1.24552
v 0.97832 0.84571 4.28702
v 3.11310 -1.94816 1.96571
v 2.96258 2.16722 2.29500
v 1.10117 -1.19375 4.09922
v 3.92998 -0.41571 1.16795
v 1.56326 1.86657 3.73107
v 2.28397 -2.19783 2.83710
v 3.66014 1.45111 1.54701
v 0.87635 0.04627 4.37750
v 3.52963 -1.47725 1.55236
v 2.42686 2.26855 2.86890
v 1.48361 -1.75997 3.69357
v 3.96502 0.33160 1.18144
v 1.17307 1.27970 4.12367
v 2.81219 -2.10164 2.29254
v 3.27072 1.94625 1.99271
v 0.97712 -0.74061 4.25818
v 3.82008 -0.84849 1.28439
v 1.89093 2.08704 3.42782
v 1.97059 -2.09024 3.18268
v 3.82921 1.04488 1.37627
v 0.95203 0.53769 4.33603
v 3.28325 -1.76444 1.81740
v 2.77644 2.21013 2.53266
v 1.26085 -1.41154 3.95122
v 3.95892 -0.12966 1.18745
v 1.42791 1.64260 3.89891
v 2.49769 -2.15710 2.63545
v 3.53147 1.64293 1.73415
v 0.92810 -0.25759 4.34285
v 3.65232 -1.23442 1.46211
v 2.23857 2.20213 3.10132
v 1.68312 -1.88497 3.50382
v 3.93114 0.60469 1.27152
v 1.10185 0.99411 4.22015
v 3.00315 -1.96808 2.11957
v 3.10112 2.05027 2.21705
v 1.09942 -0.99907 4.14859
v 3.88679 -0.57272 1.26158
v 1.72880 1.91792 3.62596
v 2.18457 -2.11199 2.97922
v 3.73489 1.27472 1.52981
v 0.95645 0.23059 4.35063
v 3.43513 -1.55799 1.69295
v 2.58849 2.20964 2.76863
v 1.43624 -1.59208 3.78580
v 3.96449 0.15122 1.23534
v 1.31726 1.39314 4.03776
v 2.70220 -2.07954 2.44574
v 3.38649 1.80060 1.93653
v 1.00778 -0.54361 4.27716
v 3.75396 -0.97933 1.39934
v 2.05963 2.09435 3.32014
v 1.88812 -1.96844 3.30837
v 3.87439 0.86110 1.38715
v 1.06028 0.69915 4.28301
v 3.17879 -1.80613 1.96674
v 2.92356 2.11304 2.44641
v 1.24272 -1.22625 4.01580
v 3.93073 -0.29537 1.26736
v 1.58628 1.71598 3.80007
v 2.39448 -2.09403 2.78161
v 3.62084 1.47656 1.70315
v 0.99064 -0.06849 4.33203
v 3.56786 -1.33309 1.59389
v 2.40316 2.16621 2.99791
v 1.62315 -1.73345 3.60795
v 3.94666 0.42249 1.31052
v 1.23355 1.12474 4.14545
v 2.89515 -1.96872 2.27155
v 3.22823 1.92098 2.15002
v 1.11268 -0.80605 4.18363
v 3.83399 -0.71616 1.36451
v 1.89426 1.94841 3.52087
v 2.09470 -2.01109 3.11223
v 3.79564 1.09630 1.52608
v 1.04861 0.40205 4.31222
v 3.33778 -1.61994 1.83632
v 2.74214 2.13352 2.67593
v 1.40317 -1.41870 3.86434
v 3.95158 -0.02075 1.30121
v 1.46651 1.48677 3.94694
v 2.59733 -2.03910 2.59407
v 3.48927 1.64646 1.89280
v 1.05286 -0.35295 4.28235
v 3.68063 -1.09393 1.52129
v 2.22491 2.08146 3.21564
v 1.81752 -1.83487 3.42272
v 3.90571 0.67958 1.41141
v 1.17818 0.84432 4.22071
v 3.07462 -1.82847 2.11586
v 3.06025 2.00170 2.37010
v 1.23953 -1.04009 4.06608
v 3.89185 -0.44912 1.35766
v 1.74635 1.76855 3.69949
v 2.29935 -2.01455 2.92007
v 3.69633 1.30587 1.68549
v 1.06623 0.10988 4.30869
v 3.47900 -1.41363 1.73002
v 2.56122 2.11174 2.90066
v 1.57680 -1.57412 3.69906
v 3.94910 0.24668 1.36218
v 1.37199 1.23649 4.06420
v 2.79062 -1.95043 2.42028
v 3.34301 1.78103 2.09477
v 1.14072 -0.61689 4.20448
v 3.77268 -0.84463 1.47576
v 2.05803 1.95814 3.41725
v 2.01549 -1.89661 3.23505
v 3.84230 0.91788 1.53593
v 1.15173 0.55895 4.26323
v 3.23908 -1.66271 1.98111
v 2.88652 2.04139 2.59199
v 1.38477 -1.24197 3.92884
v 3.92698 -0.18253 1.37844
v 1.61924 1.55992 3.85265
v 2.49901 -1.98114 2.73619
v 3.57845 1.48571 1.86208
v 1.11178 -0.17075 4.27423
v 3.60142 -1.19126 1.64907
v 2.38522 2.04891 3.11574
v 1.75967 -1.69132 3.52488
v 3.92338 0.50232 1.44888
v 1.30439 0.97183 4.15032
v 2.97228 -1.83154 2.26338
v 3.18544 1.87766 2.30470
v 1.25130 -0.85529 4.10201
v 3.84323 -0.58935 1.45751
v 1.90650 1.80009 3.59865
v 2.21357 -1.91989 3.04965
v 3.75764 1.13288 1.68146
v 1.15395 0.27561 4.27362
v 3.38718 -1.47538 1.86918
v 2.71131 2.03970 2.81084
v 1.54464 -1.40904 3.77659
v 3.93899 0.07917 1.42606
v 1.51563 1.32841 3.97776
v 2.69108 -1.91375 2.56438
v 3.44465 1.63224 2.05204
v 1.18320 -0.43381 4.21145
v 3.70407 -0.95688 1.59426
v 2.21847 1.94739 3.31660
v 1.94802 -1.77017 3.34671
v 3.87486 0.74153 1.55939
v 1.26463 0.69966 4.20471
v 3.14056 -1.68610 2.12596
v 3.02040 1.93462 2.51795
v 1.38129 -1.06410 3.97906
v 3.89152 -0.33238 1.46633
v 1.77382 1.61209 3.75634
v 2.40866 -1.90665 2.87085
v 3.65354 1.32035 1.84486
v 1.18382 0.00093 4.25341
v 3.51770 -1.27041 1.78146
v 2.53900 1.99745 3.02183
v 1.71536 -1.53973 3.61414
v 3.92773 0.33136 1.49928
v 1.43749 1.08044 4.07310
v 2.87332 -1.81559 2.40790
v 3.29813 1.74257 2.25115
v 1.27789 -0.67410 4.12370
v 3.78595 -0.71458 1.56595
v 2.06503 1.81060 3.49906
v 2.13839 -1.81147 3.16923
v 3.80457 0.95969 1.69126
v 1.25278 0.42687 4.22773
v 3.29393 -1.51787 2.01004
v 2.85205 1.95124 2.72974
v 1.52715 -1.24036 3.84010
v 3.91697 -0.07815 1.50161
v 1.66289 1.39970 3.88756
v 2.59803 -1.85940 2.70252
v 3.53244 1.47652 2.02248
v 1.23961 -0.25899 4.20496
v 3.62943 -1.05174 1.71889
v 2.37393 1.91660 3.22037
v 1.89328 -1.63353 3.44631
v 3.89348 0.56934 1.59635
v 1.38599 0.82269 4.13782
v 3.04382 -1.69008 2.26945
v 3.14257 1.81471 2.45489
v 1.39281 -0.88735 4.01486
v 3.84612 -0.46861 1.56408
v 1.92854 1.64295 3.65952
v 2.32764 -1.81678 2.99681
v 3.71412 1.15246 1.84153
v 1.26814 0.16007 4.22064
v 3.43094 -1.33061 1.91717
v 2.68472 1.92797 2.93530
v 1.68529 -1.38214 3.68984
v 3.91923 0.16870 1.56224
v 1.57593 1.16905 3.99039
v 2.77933 -1.78105 2.54802
v 3.39738 1.59827 2.21027
v 1.31903 -0.49881 4.13134
v 3.72119 -0.82340 1.68197
v 2.22024 1.80021 3.40223
v 2.07498 -1.69084 3.27777
v 3.83705 0.78844 1.71499
v 1.36155 0.56193 4.17202
v 3.20083 -1.54075 2.15121
v 2.98206 1.84766 2.65858
v 1.52466 -1.07029 3.88926
v 3.88379 -0.22341 1.58818
v 1.81209 1.44969 3.79507
v 2.51297 -1.78826 2.83337
v 3.60575 1.31588 2.00670
v 1.30932 -0.09460 4.18553
v 3.55018 -1.12816 1.84843
v 2.52277 1.86640 3.13004
v 1.85218 -1.48858 3.53302
v 3.89840 0.40344 1.64663
v 1.51440 0.92664 4.06377
v 2.95047 -1.67474 2.41017
v 3.25192 1.68333 2.40382
v 1.41931 -0.71403 4.03626
v 3.79181 -0.58960 1.67080
v 2.08167 1.65232 3.56371
v 2.25729 -1.71285 3.11288
v 3.75987 0.98417 1.85238
v 1.36377 0.30471 4.17673
v 3.34269 -1.37121 2.05486
v 2.82086 1.84153 2.85749
v 1.67004 -1.22069 3.75146
v 3.89843 0.01639 1.63728
v 1.71812 1.23669 3.90361
v 2.69190 -1.72849 2.68235
v 3.48234 1.44665 2.18285
v 1.37432 -0.33167 4.12526
v 3.65023 -0.91448 1.80447
v 2.37038 1.76923 3.30969
v 2.02444 -1.55969 3.37426
v 3.85509 0.62131 1.75266
v 1.47899 0.67910 4.10759
v 3.10950 -1.54380 2.29127
v 3.10001 1.73042 2.59853
v 1.53741 -0.90114 3.92385
v 3.84032 -0.35476 1.68503
v 1.96149 1.47788 3.70180
v 2.43738 -1.70136 2.95562
v 3.66401 1.15245 2.00518
v 1.39157 0.05721 4.15380
v 3.46777 -1.18519 1.98161
v 2.66333 1.79755 3.04706
v 1.82553 -1.33732 3.60612
v 3.88995 0.24599 1.70995
v 1.64834 1.01023 3.98390
v 2.86217 -1.64036 2.54668
v 3.34733 1.54223 2.36570
v 1.46066 -0.54648 4.04334
v 3.72974 -0.69374 1.78550
v 2.23141 1.64017 3.47050
v 2.19893 -1.59631 3.21792
v 3.79055 0.81773 1.87764
v 1.46961 0.43293 4.12262
v 3.25456 -1.39167 2.19313
v 2.94590 1.73932 2.78974
v 1.67010 -1.05761 3.79856
v 3.86600 -0.12355 1.72384
v 1.86235 1.28249 3.81422
v 2.61264 -1.65865 2.80950
v 3.55220 1.28975 2.16960
v 1.44325 -0.17500 4.10589
v 3.57444 -0.98657 1.93225
v 2.51369 1.71810 3.22299
v 1.98785 -1.41986 3.45779
v 3.85878 0.46057 1.80418
v 1.60372 0.77680 4.03561
v 3.02166 -1.52695 2.42877
v 3.20459 1.60108 2.55074
v 1.56553 -0.73527 3.94374
v 3.78753 -0.47037 1.79133
v 2.10928 1.48387 3.60931
v 2.37275 -1.59989 3.06801
v 3.70671 0.98843 2.01838
v 1.48549 0.19431 4.11052
v 3.38378 -1.22193 2.11710
v 2.79391 1.71096 2.97288
v 1.81411 -1.18188 3.66493
v 3.86856 0.09919 1.78592
v 1.78620 1.07224 3.89958
v 2.78064 -1.58730 2.67752
v 3.42775 1.39332 2.34146
v 1.51662 -0.38710 4.03631
v 3.66115 -0.77948 1.90714
v 2.37592 1.60658 3.38145
v 2.15386 -1.46876 3.31083
v 3.80600 0.65542 1.91745
v 1.58448 0.54285 4.05932
v 3.16825 -1.39152 2.33055
v 3.05829 1.62267 2.73334
v 1.68591 -0.89523 3.83075
v 3.82269 -0.24904 1.82128
v 2.00684 1.30568 3.72375
v 2.54319 -1.57237 2.92808
v 3.60616 1.12971 2.17119
v 1.52523 -0.03110 4.07375
v 3.49531 -1.03841 2.06409
v 2.64834 1.64739 3.14367
v 1.96625 -1.27328 3.52748
v 3.84828 0.30855 1.86942
v 1.73427 0.85347 3.95735
v 2.93906 -1.49018 2.56221
v 3.29446 1.46134 2.51633
v 1.60911 -0.57512 3.94886
v 3.72647 -0.56836 1.90621
v 2.25358 1.46734 3.51921
v 2.32061 -1.48514 3.16926
v 3.73340 0.82613 2.04667
v 1.59012 0.31456 4.05651
v 3.29986 -1.23754 2.25349
v 2.91279 1.60764 2.90898
v 1.81868 -1.02448 3.70885
v 3.83474 -0.03468 1.87415
v 1.92626 1.11150 3.81224
v 2.70765 -1.51605 2.80123
v 3.49209 1.23860 2.33201
v 1.58689 -0.23834 4.01543
v 3.58735 -0.84522 2.03460
v 2.51326 1.55172 3.29820
v 2.12339 -1.33190 3.39053
v 3.80607 0.49968 1.97192
v 1.70708 0.63258 3.98794
v 3.08556 -1.37035 2.46562
v 3.15647 1.49301 2.68963
v 1.71788 -0.73596 3.84774
v 3.76931 -0.35794 1.92889
v 2.14970 1.30552 3.63377
v 2.48527 -1.47059 3.03669
v 3.64342 0.96879 2.18827
v 1.61955 0.09765 4.02942
v 3.41438 -1.06877 2.19867
v 2.77243 1.55773 3.07331
v 1.96071 -1.12199 3.58247
v 3.82378 0.16768 1.94821
v 1.86907 0.90755 3.87412
v 2.86358 -1.43354 2.69007
v 3.36823 1.31300 2.49644
v 1.66817 -0.42321 3.93923
v 3.65826 -0.64680 2.02869
v 2.39239 1.42804 3.43315
v 2.28253 -1.35848 3.25811
v 3.74356 0.66799 2.09045
v 1.70443 0.41575 3.99263
v 3.21778 -1.23115 2.38935
v 3.01815 1.48867 2.85683
v 1.83999 -0.86744 3.73728
v 3.78899 -0.15325 1.97415
v 2.06674 1.12683 3.72340
v 2.64507 -1.42711 2.91627
v 3.53919 1.08018 2.33825
v 1.67113 -0.10273 3.98102
v 3.50975 -0.88928 2.16670
v 2.64140 1.47578 3.22241
v 2.10892 -1.18750 3.45591
v 3.79057 0.35304 2.04116
v 1.83606 0.70016 3.90960
v 3.00839 -1.32771 2.59679
v 3.23873 1.35183 2.65997
v 1.76644 -0.58234 3.84920
v 3.70672 -0.44798 2.04596
v 2.28898 1.28125 3.54590
v 2.44071 -1.35429 3.13387
v 3.66311 0.80935 2.22152
v 1.72554 0.20879 3.97351
v 3.33333 -1.07627 2.33462
v 2.88393 1.44977 3.01357
v 1.97240 -0.96815 3.62188
v 3.78543 0.04056 2.04036
v 2.00647 0.93738 3.78728
v 2.79722 -1.35704 2.81075
v 3.42440 1.15792 2.49228
v 1.74280 -0.28219 3.91484
v 3.58407 -0.70359 2.15782
v 2.52360 1.36561 3.35284
v 2.26024 -1.22135 3.33321
v 3.73660 0.51659 2.15015
v 1.82737 0.49554 3.91979
v 3.13942 -1.20177 2.52315
v 3.10800 1.35514 2.81803
v 1.87893 -0.71320 3.74959
v 3.73182 -0.25390 2.08548
v 2.20574 1.11692 3.63459
v 2.59497 -1.32095 3.02105
v 3.56775 0.92026 2.36120
v 1.76907 0.01701 3.93337
v 3.42983 -0.90979 2.30224
v 2.75814 1.37886 3.15584
v 2.11204 -1.03742 3.50580
v 3.75921 0.21824 2.12534
v 1.97003 0.74344 3.82545
v 2.93882 -1.26301 2.72244
v 3.30319 1.20065 2.64582
v 1.83218 -0.43703 3.83478
v 3.63573 -0.51661 2.17176
v 2.42254 1.23193 3.46184
v 2.41157 -1.22438 3.21805
v 3.66411 0.65390 2.27175
v 1.84255 0.29961 3.90660
v 3.25391 -1.05930 2.47054
v 2.98058 1.32405 2.96621
v 2.00269 -0.81397 3.64472
v 3.73325 -0.06996 2.14578
v 2.14478 0.94104 3.69821
v 2.74221 -1.26049 2.92252
v 3.46116 0.99802 2.50518
v 1.83325 -0.15491 3.87558
v 3.50507 -0.73626 2.29259
v 2.64493 1.27951 3.28008
v 2.25577 -1.07513 3.39307
v 3.71166 0.37470 2.22634
v 1.95794 0.55129 3.83884
v 3.06681 -1.14806 2.65328
v 3.18006 1.20802 2.79431
v 1.93666 -0.56432 3.74499
v 3.66355 -0.33369 2.20778
v 2.34125 1.08012 3.54740
v 2.55969 -1.19782 3.11379
v 3.57609 0.76114 2.40208
v 1.88061 0.11789 3.87265
v 3.34911 -0.90439 2.43997
v 2.86101 1.26080 3.10039
v 2.13469 -0.88347 3.53879
v 3.71139 0.09833 2.22483
v 2.10765 0.75987 3.73662
v 2.87915 -1.17525 2.84076
v 3.34752 1.04085 2.64893
v 1.91600 -0.30292 3.80389
v 3.55705 -0.56078 2.30566
v 2.54811 1.15617 3.38338
v 2.40032 -1.08159 3.28744
v 3.64490 0.50514 2.34004
v 1.97014 0.36699 3.82913
v 3.17801 -1.01566 2.60492
v 3.05973 1.18079 2.93321
v 2.05346 -0.66171 3.64969
v 3.66692 -0.16052 2.26462
v 2.28228 0.91607 3.60829
v 2.70115 -1.14324 3.02343
v 3.47617 0.83515 2.53687
v 1.94019 -0.04460 3.82109
v 3.42233 -0.74168 2.43212
v 2.75375 1.16862 3.21686
v 2.27170 -0.92098 3.43585
v 3.66734 0.24545 2.32000
v 2.09533 0.57974 3.75048
v 3.00225 -1.06799 2.77800
v 3.23146 1.04795 2.78777
v 2.01497 -0.42354 3.72230
v 3.58419 -0.38895 2.34097
v 2.47117 1.01402 3.46347
v 2.54216 -1.05746 3.19237
v 3.56181 0.60518 2.46260
v 2.00616 0.19633 3.79870
v 3.26909 -0.86985 2.57870
v 2.94703 1.12075 3.05826
v 2.17958 -0.72734 3.55301
v 3.64586 -0.00305 2.34044
v 2.24771 0.74600 3.64407
v 2.83214 -1.06254 2.94974
v 3.36860 0.87355 2.67152
v 2.01960 -0.18329 3.75545
v 3.47103 -0.57645 2.44732
v 2.66308 1.05161 3.31244
v 2.41024 -0.92606 3.33969
v 3.60301 0.36600 2.42811
v 2.10841 0.40691 3.74117
v 3.10765 -0.94196 2.73624
v 3.11794 1.01946 2.91707
v 2.12759 -0.51366 3.63484
v 3.58536 -0.22688 2.39756
v 2.41728 0.85876 3.51880
v 2.67734 -1.00360 3.11111
v 3.46596 0.67094 2.58979
v 2.06522 0.04484 3.75036
v 3.33664 -0.71530 2.57575
v 2.84688 1.03058 3.16548
v 2.31176 -0.75955 3.45894
v 3.60107 0.13255 2.43289
v 2.23930 0.57629 3.65500
v 2.94841 -0.95795 2.89533
v 3.25817 0.87472 2.80130
v 2.11696 -0.29387 3.67942
v 3.49287 -0.41462 2.48556
v 2.59320 0.91453 3.38447
v 2.54640 -0.89836 3.25394
v 3.52099 0.45473 2.54551
v 2.14724 0.24758 3.71057
v 3.19114 -0.80094 2.71738
v 3.01223 0.95633 3.03228
v 2.25109 -0.57031 3.54546
v 3.55988 -0.08118 2.47406
v 2.38949 0.69642 3.54839
v 2.80135 -0.92100 3.04681
v 3.36159 0.69898 2.71704
v 2.14643 -0.08212 3.68715
v 3.37710 -0.55740 2.59705
v 2.76435 0.91360 3.25123
v 2.44635 -0.75655 3.37131
v 3.53386 0.23986 2.53917
v 2.25878 0.41342 3.64180
v 3.04504 -0.83204 2.86286
v 3.15014 0.83759 2.92136
v 2.23030 -0.37197 3.59660
v 3.48565 -0.26286 2.54662
v 2.54842 0.76251 3.43073
v 2.67559 -0.83730 3.18215
v 3.42452 0.50636 2.66819
v 2.21226 0.10797 3.66075
v 3.24795 -0.64931 2.72345
v 2.92000 0.85993 3.12898
v 2.38239 -0.59004 3.45790
v 3.50740 0.04087 2.56886
v 2.39105 0.53321 3.55161
v 2.90874 -0.81052 3.00281
v 3.25348 0.68590 2.83961
v 2.24907 -0.17882 3.61194
v 3.38651 -0.40233 2.64373
v 2.70493 0.77334 3.31208
v 2.57904 -0.71579 3.29383
v 3.44592 0.31188 2.65628
v 2.30834 0.26399 3.60517
v 3.11607 -0.68753 2.85542
v 3.05037 0.76097 3.02681
v 2.35768 -0.41233 3.51023
v 3.44685 -0.12879 2.63042
v 2.53376 0.60066 3.44902
v 2.79216 -0.74140 3.12816
v 3.31725 0.51492 2.79200
v 2.30466 -0.00513 3.59331
v 3.27212 -0.49196 2.75712
v 2.84772 0.73123 3.20265
v 2.51812 -0.56783 3.37562
v 3.42726 0.13084 2.68055
v 2.42647 0.37531 3.52733
v 2.99249 -0.67224 2.98318
v 3.14698 0.62717 2.95265
v 2.37323 -0.23808 3.52678
v 3.35956 -0.25719 2.71777
v 2.67549 0.61252 3.34412
v 2.70457 -0.63247 3.23042
v 3.33864 0.33985 2.78152
v 2.39205 0.13522 3.54464
v 3.15333 -0.52660 2.87743
v 2.96574 0.64179 3.11245
v 2.49777 -0.40679 3.42265
v 3.37223 -0.02168 2.73815
v 2.55667 0.43317 3.43583
v 2.88844 -0.60636 3.09677
v 3.20265 0.47146 2.91319
v 2.42816 -0.08284 3.50783
v 3.25454 -0.33377 2.82326
v 2.80401 0.56824 3.24773
v 2.65468 -0.49390 3.30163
v 3.31654 0.17707 2.80947
v 2.50436 0.22869 3.47169
v 3.04195 -0.50290 2.99438
v 3.04800 0.51317 3.05132
v 2.52204 -0.24784 3.43101
v 3.28605 -0.13040 2.82478
v 2.68747 0.42993 3.34066
v 2.81580 -0.49441 3.18576
v 3.21058 0.30864 2.91452
v 2.52063 0.03645 3.45476
v 3.14198 -0.34783 2.93814
v 2.90584 0.46831 3.17165
v 2.65216 -0.33733 3.33331
v 3.24981 0.04460 2.87684
v 2.63381 0.26005 3.38122
v 2.95131 -0.41648 3.09649
v 3.08154 0.35412 3.03038
v 2.59692 -0.10830 3.39568
v 3.17324 -0.17681 2.93636
v 2.80586 0.35454 3.25308
v 2.79000 -0.33872 3.23709
v 3.15958 0.15469 2.96577
v 2.65220 0.09751 3.36672
v 3.03195 -0.28075 3.05360
v 2.96260 0.30640 3.13128
v 2.71567 -0.17261 3.31034
v 3.12813 -0.03292 2.99139
v 2.77668 0.19922 3.27706
v 2.90028 -0.24505 3.16806
v 3.03720 0.16255 3.07294
v 2.75060 -0.01181 3.29479
v 3.02109 -0.11404 3.08196
v 2.89660 0.15070 3.18605
v 2.86037 -0.09749 3.21169
v 2.96658 0.01576 3.13148
f 3222 3167 3078
f 4101 4046 3957
f 1457 1313 1368
f 3815 3904 3760
f 2429 2573 2518
f 4082 3938 3993
f 5582 5637 5726
f 5671 5815 5760
f 5760 5616 5671
f 5582 5726 5671
f 5671 5726 5815
f 5493 5637 5582
f 5118 5063 4974
f 4046 4101 4190
f 3957 4046 3902
f 3902 3813 3957
f 4088 3944 3999
f 4012 4101 3957
f 3313 3169 3224
f 3224 3169 3080
f 1821 1677 1732
f 1910 2054 1999
f 3677 3622 3533
f 1876 1821 1732
f 1253 1308 1397
f 2177 2321 2266
f 1805 1661 1716
f 737 792 826
f 1357 1501 1446
f 1446 1302 1357
f 1391 1302 1446
f 1501 1590 1446
f 2235 2180 2091
f 2413 2557 2502
f 672 638 727
f 583 638 672
f 327 348 382
f 293 348 327
f 1084 1139 1228
f 919 885 974
f 851 885 796
f 707 796 741
f 529 440 495
f 190 245 224
f 11 6 19
f 121 108 142
f 535 624 569
f 1641 1785 1730
f 1654 1565 1709
f 1709 1798 1654
f 1654 1798 1743
f 1510 1565 1654
f 976 942 1031
f 2859 2770 2914
f 4032 4087 4176
f 3694 3639 3550
f 3783 3639 3694
f 3775 3720 3631
f 3864 3720 3775
f 3576 3432 3487
f 3576 3720 3665
f 3487 3631 3576
f 3576 3631 3720
f 3521 3576 3665
f 3432 3576 3521
f 1479 1534 1623
f 4222 4366 4311
f 4133 4044 4188
f 4510 4366 4421
f 4421 4565 4510
f 3989 4044 4133
f 3900 4044 3989
f 4154 4010 4065
f 4065 4120 4209
f 4209 4154 4065
f 3544 3633 3489
f 3544 3455 3599
f 3311 3167 3222
f 4065 4010 3921
f 3921 4010 3866
f 3976 3832 3887
f 3976 4120 4065
f 4065 3921 3976
f 3976 3921 3832
f 3256 3112 3167
f 3167 3311 3256
f 3256 3201 3112
f 3023 3078 3167
f 3167 3112 3023
f 2502 2591 2447
f 4107 3963 4018
f 4175 4230 4319
f 4086 4230 4175
f 3887 3832 3743
f 3743 3798 3887
f 3654 3798 3743
f 3599 3654 3743
f 3599 3455 3510
f 3510 3654 3599
f 2206 2261 2350
f 2439 2295 2350
f 2350 2295 2206
f 4151 4096 4007
f 4172 4083 4227
f 4570 4714 4659
f 4192 4247 4336
f 4171 4082 4226
f 3849 3938 3794
f 3993 3938 3849
f 3849 3904 3993
f 3849 3760 3904
f 3726 3870 3815
f 3726 3582 3637
f 3815 3760 3671
f 3671 3726 3815
f 3582 3726 3671
f 3527 3582 3671
f 3637 3582 3493
f 4132 3988 4043
f 4022 3967 3878
f 3933 4022 3878
f 3925 3870 3781
f 3637 3692 3781
f 3781 3726 3637
f 3870 3726 3781
f 3548 3692 3637
f 3637 3493 3548
f 3446 3535 3391
f 3946 3891 3802
f 3658 3713 3802
f 3802 3747 3658
f 3891 3747 3802
f 3946 3802 3857
f 3857 3802 3713
f 3569 3713 3658
f 3912 3967 4056
f 4200 4145 4056
f 4488 4399 4543
f 4577 4433 4488
f 4289 4433 4378
f 4289 4145 4200
f 4378 4433 4522
f 4522 4433 4577
f 4234 4289 4378
f 4145 4289 4234
f 4035 3891 3946
f 4844 4700 4755
f 4480 4425 4336
f 4187 4132 4043
f 5483 5428 5339
f 4784 4928 4873
f 4873 4928 5017
f 5161 5250 5106
f 5106 5017 5161
f 6934 6790 6845
f 5981 6036 6125
f 5672 5761 5617
f 5130 5041 5185
f 5185 5274 5130
f 6651 6562 6706
f 6829 6740 6884
f 6711 6567 6622
f 6787 6876 6732
f 6376 6431 6520
f 6410 6554 6499
f 7379 7468 7413
f 6918 6774 6829
f 7321 7355 7266
f 3191 3335 3280
f 3280 3335 3424
f 3259 3115 3170
f 3322 3466 3411
f 2856 2712 2767
f 2801 2712 2856
f 2767 2911 2856
f 1696 1785 1641
f 5890 5746 5801
f 5047 4992 4903
f 6398 6343 6254
f 4123 4212 4068
f 4157 4068 4212
f 4183 4094 4238
f 6416 6560 6505
f 6505 6560 6649
f 7680 7646 7701
f 7701 7646 7667
f 6118 6029 6173
f 3728 3639 3783
f 3330 3474 3419
f 3330 3186 3241
f 6807 6718 6862
f 6142 6197 6286
f 6108 6252 6197
f 5519 5608 5464
f 5527 5616 5472
f 5582 5671 5527
f 5527 5671 5616
f 5718 5862 5807
f 5985 5841 5896
f 4320 4265 4176
f 4409 4265 4320
f 5307 5362 5451
f 4074 4019 3930
f 4362 4307 4218
f 6260 6315 6404
f 6349 6404 6493
f 6260 6404 6349
f 5027 4883 4938
f 5027 5171 5116
f 4739 4883 4828
f 5404 5493 5349
f 7939 7905 7926
f 7926 7905 7892
f 7228 7194 7283
f 7283 7194 7249
f 5130 5274 5219
f 5876 6020 5965
f 4473 4418 4329
f 4562 4418 4473
f 4609 4554 4465
f 3703 3614 3758
f 3813 3902 3758
f 4033 3889 3944
f 3944 4088 4033
f 3944 3889 3800
f 3656 3711 3800
f 3800 3745 3656
f 3889 3745 3800
f 3999 3944 3855
f 3855 3910 3999
f 3944 3800 3855
f 3855 3800 3711
f 3402 3546 3491
f 4101 4012 4156
f 4156 4211 4300
f 3347 3402 3491
f 3080 3169 3025
f 3025 3169 3114
f 3313 3224 3368
f 3690 3546 3601
f 3601 3745 3690
f 3601 3512 3656
f 3656 3745 3601
f 3135 3224 3080
f 1965 2054 1910
f 1910 1821 1965
f 1821 1876 1965
f 1965 1876 2020
f 2109 1965 2020
f 2054 1965 2109
f 2088 1999 2143
f 2143 1999 2054
f 3609 3698 3554
f 3787 3698 3842
f 3821 3677 3732
f 4164 4020 4075
f 4075 4219 4164
f 4185 4329 4274
f 4274 4329 4418
f 256 311 290
f 300 245 266
f 266 321 300
f 206 185 151
f 240 185 206
f 240 206 261
f 261 206 227
f 261 227 282
f 376 321 342
f 334 389 423
f 703 792 737
f 881 826 792
f 1732 1643 1787
f 1787 1876 1732
f 1685 1630 1541
f 1397 1308 1452
f 1452 1541 1397
f 1363 1452 1308
f 1507 1452 1363
f 1588 1643 1732
f 1732 1677 1588
f 2101 1957 2012
f 2813 2868 2957
f 2957 2902 2813
f 2813 2758 2669
f 2902 2758 2813
f 2635 2546 2690
f 2944 3088 3033
f 3033 3088 3177
f 2800 2855 2944
f 2656 2800 2745
f 2465 2321 2376
f 2376 2520 2465
f 2266 2321 2410
f 2410 2321 2465
f 2533 2677 2622
f 1839 1784 1695
f 2203 2258 2347
f 2059 1915 1970
f 1881 2025 1970
f 2038 1894 1949
f 1949 1894 1805
f 1873 2017 1962
f 1441 1496 1585
f 1297 1386 1242
f 1297 1441 1386
f 1203 1292 1148
f 334 313 279
f 279 300 334
f 245 300 279
f 224 245 279
f 326 292 347
f 347 292 313
f 2334 2279 2190
f 2190 2245 2334
f 2101 2245 2190
f 1776 1687 1831
f 1598 1543 1454
f 1687 1543 1598
f 1433 1378 1289
f 1412 1501 1357
f 1522 1378 1433
f 1522 1666 1611
f 1611 1666 1755
f 1721 1666 1577
f 1577 1522 1433
f 1666 1522 1577
f 1454 1543 1399
f 603 569 658
f 658 569 624
f 891 925 836
f 980 925 891
f 768 857 802
f 857 891 802
f 836 747 802
f 802 891 836
f 823 857 768
f 878 933 967
f 1244 1388 1333
f 1134 1079 990
f 1858 2002 1947
f 2002 2091 1947
f 1714 1769 1858
f 1735 1591 1646
f 1536 1591 1680
f 1591 1735 1680
f 1824 1769 1680
f 1680 1735 1824
f 3222 3078 3133
f 3078 2989 3133
f 2324 2180 2235
f 342 308 397
f 782 816 727
f 905 850 816
f 816 850 761
f 727 816 761
f 761 672 727
f 1248 1337 1193
f 1392 1337 1248
f 1617 1672 1761
f 1727 1672 1583
f 1172 1316 1261
f 1227 1316 1172
f 1515 1604 1460
f 1460 1604 1549
f 1583 1439 1494
f 1494 1439 1350
f 1434 1290 1345
f 1948 1804 1859
f 2655 2600 2511
f 1880 1825 1736
f 1736 1825 1681
f 1990 1935 1846
f 1846 1901 1990
f 2223 2134 2278
f 1833 1977 1922
f 2278 2134 2189
f 848 759 814
f 793 759 848
f 387 421 332
f 416 382 471
f 327 382 416
f 416 361 327
f 471 382 437
f 437 382 348
f 1681 1537 1592
f 1592 1736 1681
f 1660 1516 1571
f 1571 1516 1427
f 1427 1516 1372
f 1173 1084 1228
f 940 885 851
f 974 885 940
f 1228 1139 1283
f 1283 1372 1228
f 1283 1338 1427
f 1427 1372 1283
f 885 919 830
f 775 741 830
f 830 796 885
f 741 796 830
f 864 919 953
f 775 830 864
f 864 830 919
f 953 919 1008
f 1008 919 974
f 626 592 681
f 686 741 775
f 1139 1084 995
f 1084 940 995
f 1249 1393 1338
f 673 707 618
f 563 529 618
f 652 597 563
f 563 618 652
f 652 618 707
f 652 707 741
f 741 686 652
f 652 686 597
f 762 707 673
f 762 817 851
f 851 796 762
f 796 707 762
f 351 440 385
f 25 46 38
f 38 17 25
f 25 17 12
f 41 75 54
f 19 6 14
f 16 11 24
f 121 142 176
f 176 142 197
f 95 108 74
f 19 14 27
f 32 11 19
f 24 11 32
f 87 108 121
f 87 74 108
f 53 74 87
f 459 370 425
f 404 370 459
f 535 569 480
f 425 391 480
f 231 176 197
f 210 176 231
f 998 909 964
f 1019 1108 964
f 1019 1074 1163
f 1163 1108 1019
f 3170 3115 3026
f 2259 2170 2314
f 2314 2170 2225
f 2657 2712 2801
f 2568 2712 2657
f 2429 2518 2374
f 2374 2518 2463
f 1743 1798 1887
f 1976 1832 1887
f 1887 1832 1743
f 895 950 984
f 1641 1730 1586
f 1586 1531 1442
f 1421 1565 1510
f 1620 1764 1709
f 1709 1565 1620
f 1298 1353 1442
f 1298 1209 1353
f 976 1031 1120
f 1120 1031 1175
f 887 942 976
f 1086 1031 942
f 1175 1031 1086
f 942 887 853
f 853 887 798
f 1107 963 1018
f 4233 4089 4144
f 5097 5186 5042
f 5008 4864 4919
f 4919 5063 5008
f 4974 5063 4919
f 4521 4610 4466
f 4466 4610 4555
f 4555 4411 4466
f 4466 4411 4322
f 4176 4265 4121
f 4121 4032 4176
f 3032 3087 3176
f 4019 4108 3964
f 5786 5642 5697
f 5697 5841 5786
f 5731 5642 5786
f 5553 5697 5642
f 5464 5608 5553
f 5608 5697 5553
f 4964 4909 4820
f 5053 4909 4964
f 3665 3720 3809
f 3809 3864 3953
f 3720 3864 3809
f 3775 3631 3686
f 3597 3741 3686
f 3953 3864 4008
f 4008 4063 4152
f 3432 3521 3377
f 3377 3521 3466
f 3466 3322 3377
f 3055 2911 2966
f 3055 3199 3144
f 3144 3089 3000
f 3000 3055 3144
f 2911 3055 3000
f 3000 2856 2911
f 3487 3432 3343
f 1623 1534 1678
f 869 814 780
f 1136 992 1047
f 1458 1314 1369
f 2309 2165 2220
f 2220 2165 2076
f 2432 2576 2521
f 2720 2576 2631
f 2178 2123 2034
f 2487 2576 2432
f 2631 2576 2487
f 2864 3008 2953
f 3042 2898 2953
f 4531 4675 4620
f 4531 4387 4442
f 4133 4188 4277
f 4277 4222 4133
f 4366 4222 4277
f 4277 4421 4366
f 4277 4188 4332
f 4332 4421 4277
f 4099 4188 4044
f 4010 4154 4099
f 3934 3989 4078
f 4078 4023 3934
f 4133 4222 4078
f 4078 3989 4133
f 3646 3701 3790
f 3845 3989 3934
f 3934 3790 3845
f 3845 3790 3701
f 3900 3989 3845
f 3900 3845 3756
f 3756 3845 3701
f 4455 4366 4510
f 4311 4366 4455
f 4887 4743 4798
f 5298 5243 5154
f 5387 5243 5298
f 4730 4675 4586
f 4442 4497 4586
f 4586 4531 4442
f 4675 4531 4586
f 4332 4387 4476
f 4476 4421 4332
f 4565 4421 4476
f 4620 4565 4476
f 4476 4531 4620
f 4387 4531 4476
f 4243 4387 4332
f 4243 4099 4154
f 4332 4188 4243
f 4188 4099 4243
f 4353 4497 4442
f 4154 4209 4298
f 4298 4243 4154
f 4387 4243 4298
f 4442 4387 4298
f 4298 4353 4442
f 4209 4353 4298
f 3633 3544 3688
f 3688 3544 3599
f 3599 3743 3688
f 3688 3743 3832
f 3489 3633 3578
f 3633 3722 3578
f 3400 3256 3311
f 3400 3544 3489
f 3455 3544 3400
f 3400 3311 3455
f 3078 3023 2934
f 2934 2989 3078
f 3201 3146 3057
f 3112 3201 3057
f 4183 4272 4128
f 4128 4272 4217
f 4217 4272 4361
f 4361 4306 4217
f 4361 4272 4416
f 3908 3819 3963
f 3908 3997 3853
f 4031 4175 4120
f 4031 3976 3887
f 4120 3976 4031
f 4086 4175 4031
f 2562 2617 2706
f 2206 2295 2151
f 2384 2295 2439
f 1842 1986 1931
f 1931 1787 1842
f 2020 1876 1931
f 1876 1787 1931
f 2020 1931 2075
f 2075 1931 1986
f 2219 2075 2130
f 2130 2075 1986
f 2130 2274 2219
f 2185 2274 2130
f 2596 2452 2507
f 1905 1960 2049
f 2536 2447 2591
f 2727 2583 2638
f 2727 2871 2816
f 2672 2727 2816
f 2583 2727 2672
f 2926 2871 2782
f 2782 2727 2638
f 2871 2727 2782
f 2460 2549 2405
f 2405 2350 2261
f 3426 3570 3515
f 3824 3680 3735
f 3646 3790 3735
f 3384 3329 3240
f 2774 2630 2685
f 2685 2829 2774
f 2719 2774 2863
f 2630 2774 2719
f 2685 2630 2541
f 2541 2596 2685
f 2452 2596 2541
f 2541 2630 2486
f 3062 3007 2918
f 2918 2774 2829
f 2918 3007 2863
f 2863 2774 2918
f 2842 2787 2698
f 3172 3083 3227
f 3028 3083 3172
f 3172 3117 3028
f 3261 3117 3172
f 3227 3083 3138
f 3138 3083 2994
f 2960 2905 2816
f 2816 2871 2960
f 3337 3193 3248
f 3248 3392 3337
f 3303 3392 3248
f 3515 3460 3371
f 3371 3426 3515
f 2973 3117 3062
f 3062 2918 2973
f 2973 2918 2829
f 3028 3117 2973
f 3439 3350 3494
f 3439 3528 3384
f 3062 3117 3206
f 3206 3117 3261
f 3261 3350 3206
f 4659 4714 4803
f 4803 4858 4947
f 4714 4858 4803
f 4062 4151 4007
f 4028 4172 4117
f 4083 4172 4028
f 4638 4693 4782
f 5619 5708 5564
f 5619 5763 5708
f 4247 4192 4103
f 4103 4158 4247
f 4336 4425 4281
f 4281 4192 4336
f 4137 4082 3993
f 4137 4226 4082
f 4137 4281 4226
f 4192 4281 4137
f 3527 3671 3616
f 3616 3671 3760
f 3472 3561 3417
f 3472 3616 3561
f 3527 3616 3472
f 4247 4158 4302
f 4221 4365 4310
f 3967 4022 4111
f 4200 4056 4111
f 4111 4056 3967
f 4022 3933 4077
f 4077 3933 3988
f 3988 4132 4077
f 4077 4132 4221
f 3658 3747 3603
f 3603 3747 3692
f 3692 3548 3603
f 3692 3747 3836
f 3925 3781 3836
f 3836 3781 3692
f 3836 3747 3891
f 3404 3548 3493
f 3590 3446 3501
f 3590 3734 3679
f 3590 3679 3535
f 3535 3446 3590
f 4001 3857 3912
f 3912 4056 4001
f 4001 4056 4145
f 3946 3857 4001
f 3768 3857 3713
f 3912 3857 3768
f 3480 3569 3425
f 3391 3535 3480
f 3679 3734 3823
f 3912 3768 3823
f 3823 3768 3679
f 3823 3967 3912
f 3878 3967 3823
f 3823 3734 3878
f 5132 5043 5187
f 5132 5221 5077
f 5564 5509 5420
f 5365 5509 5454
f 5365 5420 5509
f 4632 4721 4577
f 4577 4488 4632
f 4632 4488 4543
f 4632 4776 4721
f 4344 4488 4433
f 4344 4289 4200
f 4433 4289 4344
f 4399 4488 4344
f 4378 4522 4467
f 4755 4700 4611
f 4611 4467 4522
f 4666 4522 4577
f 4666 4810 4755
f 4755 4611 4666
f 4666 4611 4522
f 4577 4721 4666
f 4721 4810 4666
f 4755 4810 4899
f 4899 4844 4755
f 5043 4899 4954
f 4954 4899 4810
f 4124 4035 4179
f 4412 4501 4357
f 2802 2857 2946
f 2713 2857 2802
f 2658 2713 2802
f 2569 2713 2658
f 4818 4907 4763
f 4331 4475 4420
f 4331 4187 4242
f 4420 4365 4276
f 4276 4331 4420
f 4187 4331 4276
f 4132 4187 4276
f 4221 4132 4276
f 4276 4365 4221
f 4509 4365 4420
f 4420 4475 4564
f 4564 4509 4420
f 4653 4509 4564
f 4564 4475 4619
f 4839 4928 4784
f 4983 4928 4839
f 4386 4331 4242
f 4475 4331 4386
f 4784 4873 4729
f 4729 4873 4818
f 4962 5017 5106
f 4962 4873 5017
f 4818 4873 4962
f 4962 4907 4818
f 5017 4928 5072
f 5072 5161 5017
f 5072 4928 4983
f 6950 6861 7005
f 7413 7468 7502
f 6845 6790 6701
f 6790 6934 6879
f 6562 6418 6473
f 6227 6371 6316
f 6426 6515 6371
f 6316 6371 6460
f 6371 6515 6460
f 6591 6680 6536
f 6570 6426 6481
f 6515 6426 6570
f 6222 6277 6366
f 5536 5392 5447
f 5879 5824 5735
f 6133 6277 6222
f 5659 5803 5748
f 6002 6091 5947
f 5947 6091 6036
f 5549 5693 5638
f 5727 5638 5782
f 5782 5638 5693
f 5837 5981 5926
f 5837 5693 5748
f 5926 5782 5837
f 5837 5782 5693
f 6036 5981 5892
f 5892 5947 6036
f 5803 5947 5892
f 5748 5803 5892
f 5892 5837 5748
f 5981 5837 5892
f 5329 5185 5240
f 5274 5185 5329
f 5363 5219 5274
f 6512 6567 6656
f 6656 6567 6711
f 6690 6834 6779
f 6690 6745 6834
f 6779 6635 6690
f 5169 5114 5025
f 4470 4614 4559
f 6182 6093 6237
f 6376 6321 6232
f 7536 7570 7481
f 6774 6630 6685
f 6829 6774 6685
f 6685 6740 6829
f 6507 6418 6562
f 6562 6651 6507
f 6795 6884 6740
f 6795 6651 6706
f 6740 6651 6795
f 6939 6884 6795
f 7156 7122 7211
f 7266 7211 7177
f 7177 7211 7122
f 7067 7122 7156
f 6643 6732 6588
f 6588 6499 6643
f 6643 6499 6554
f 6554 6698 6643
f 6787 6732 6643
f 6643 6698 6787
f 6821 6732 6876
f 6876 6965 6821
f 6821 6965 6910
f 6711 6622 6766
f 6766 6855 6711
f 6910 6855 6766
f 6766 6821 6910
f 6376 6520 6465
f 6465 6554 6410
f 6410 6321 6465
f 6465 6321 6376
f 6609 6698 6554
f 6554 6465 6609
f 6609 6465 6520
f 6609 6520 6664
f 6575 6520 6431
f 6664 6520 6575
f 7714 7659 7680
f 7523 7468 7434
f 7468 7379 7434
f 6931 6876 6787
f 6774 6918 6863
f 7643 7554 7609
f 7232 7177 7143
f 7232 7321 7266
f 7266 7177 7232
f 7206 7261 7295
f 7261 7350 7295
f 7405 7371 7460
f 7130 7096 7185
f 3369 3280 3424
f 3369 3225 3280
f 3403 3348 3259
f 2623 2712 2568
f 2767 2712 2623
f 2623 2678 2767
f 2623 2534 2678
f 3233 3089 3144
f 3233 3377 3322
f 2039 1984 1895
f 1518 1662 1607
f 1573 1662 1518
f 1806 1662 1717
f 1717 1662 1573
f 3107 3052 2963
f 2641 2586 2497
f 3204 3348 3293
f 3115 3259 3204
f 3259 3348 3204
f 3115 3204 3060
f 2662 2518 2573
f 3073 2929 2984
f 5301 5212 5356
f 5835 5691 5746
f 5746 5890 5835
f 5746 5691 5602
f 5280 5225 5136
f 5136 4992 5047
f 6034 6178 6123
f 6322 6178 6233
f 6144 6288 6233
f 5445 5301 5356
f 6398 6453 6542
f 6487 6343 6398
f 6398 6542 6487
f 6487 6542 6631
f 6183 6128 6039
f 6094 6005 6149
f 6183 6039 6094
f 6123 6068 5979
f 5979 6034 6123
f 5890 6034 5979
f 5979 5835 5890
f 5979 6068 5924
f 5924 5835 5979
f 6267 6178 6322
f 6123 6178 6267
f 5230 5141 5285
f 5285 5374 5230
f 4162 4107 4018
f 4217 4306 4162
f 5526 5615 5471
f 4013 3869 3924
f 4013 4157 4102
f 3924 4068 4013
f 4068 4157 4013
f 4123 4068 3979
f 3979 3835 3890
f 3979 4068 3924
f 3924 3835 3979
f 4615 4670 4759
f 4060 4115 4204
f 3971 4115 4060
f 4327 4471 4416
f 4183 4238 4327
f 4327 4272 4183
f 4416 4272 4327
f 3814 3869 3958
f 4102 4047 3958
f 3958 4013 4102
f 3869 4013 3958
f 3814 3759 3670
f 3848 3759 3903
f 3903 3759 3814
f 3814 3958 3903
f 3903 3958 4047
f 4790 4735 4646
f 4913 4858 4769
f 4769 4858 4714
f 6780 6636 6691
f 6471 6560 6416
f 6416 6327 6471
f 7005 6861 6916
f 6649 6793 6738
f 6738 6793 6882
f 6641 6497 6552
f 6552 6497 6408
f 6895 6984 6840
f 6416 6505 6361
f 7597 7686 7631
f 7631 7542 7597
f 7453 7542 7487
f 7576 7521 7487
f 7487 7542 7576
f 7576 7542 7631
f 7317 7228 7283
f 7999 7997 8000
f 7916 7903 7937
f 7578 7633 7667
f 7667 7633 7688
f 6029 6118 5974
f 6325 6181 6236
f 5914 6003 5859
f 5749 5893 5838
f 5804 5893 5749
f 6016 6071 6160
f 6160 6071 6215
f 6215 6071 6126
f 6037 6181 6126
f 6092 6181 6037
f 6236 6181 6092
f 5346 5490 5435
f 4791 4846 4935
f 4935 4880 4791
f 5024 4880 4935
f 5414 5558 5503
f 5469 5558 5414
f 5880 5736 5791
f 5825 5969 5914
f 5825 5880 5969
f 5736 5880 5825
f 5503 5558 5647
f 5791 5736 5647
f 5181 5270 5126
f 5346 5435 5291
f 5291 5435 5380
f 4969 4880 5024
f 4825 4880 4969
f 4969 4914 4825
f 5058 4914 4969
f 3241 3186 3097
f 3097 2953 3008
f 3097 3186 3042
f 3042 2953 3097
f 3550 3639 3495
f 3550 3495 3406
f 4029 4173 4118
f 3885 3940 4029
f 4084 4029 3940
f 4173 4029 4084
f 3796 3940 3885
f 3885 3741 3796
f 3985 3930 3841
f 4074 3930 3985
f 4739 4595 4650
f 4705 4650 4561
f 2163 2307 2252
f 7074 7019 6930
f 6959 7048 6904
f 6281 6425 6370
f 6768 6823 6912
f 6514 6370 6425
f 6807 6862 6951
f 6663 6718 6807
f 6917 6862 6773
f 6773 6862 6718
f 6629 6773 6718
f 6684 6773 6629
f 6396 6252 6307
f 6307 6451 6396
f 6286 6197 6341
f 6197 6252 6341
f 6341 6396 6485
f 6252 6396 6341
f 6231 6142 6286
f 6197 6142 6053
f 6053 6108 6197
f 6053 5998 5909
f 6142 5998 6053
f 5684 5629 5540
f 6205 6294 6150
f 6205 6116 6260
f 6260 6349 6205
f 6205 6349 6294
f 6027 5972 5883
f 6116 5972 6027
f 5951 5807 5862
f 5896 5807 5951
f 5574 5629 5718
f 5608 5519 5663
f 5519 5574 5663
f 5718 5807 5663
f 5663 5574 5718
f 5862 5917 6006
f 6006 5951 5862
f 6095 5951 6006
f 6150 6095 6006
f 6150 6294 6239
f 6239 6095 6150
f 5451 5540 5396
f 5396 5307 5451
f 4409 4320 4464
f 5362 5307 5218
f 5307 5163 5218
f 4163 4108 4019
f 4163 4019 4074
f 4074 4218 4163
f 4163 4218 4307
f 4362 4218 4273
f 5145 5200 5289
f 6294 6349 6438
f 6438 6349 6493
f 6357 6412 6501
f 5815 5726 5870
f 4807 4663 4718
f 4807 4752 4663
f 5438 5294 5349
f 5582 5527 5438
f 5438 5493 5582
f 5349 5493 5438
f 5349 5294 5205
f 4972 4828 4883
f 4972 5027 5116
f 4883 5027 4972
f 4718 4629 4773
f 4451 4595 4540
f 4451 4307 4362
f 4396 4307 4451
f 4451 4540 4396
f 5260 5404 5349
f 5116 5171 5260
f 5260 5205 5116
f 5349 5205 5260
f 6257 6202 6113
f 7986 7991 7978
f 7978 7965 7986
f 7957 7965 7978
f 7994 7997 7999
f 7999 7991 7994
f 7994 7991 7986
f 7944 7965 7957
f 7957 7923 7944
f 7931 7965 7944
f 7931 7944 7910
f 7910 7944 7923
f 7941 7962 7954
f 7954 7920 7941
f 7986 7965 7973
f 7879 7892 7858
f 7871 7892 7905
f 7905 7884 7871
f 7905 7939 7918
f 7918 7884 7905
f 6008 5953 5864
f 5610 5754 5699
f 5465 5520 5609
f 5753 5698 5609
f 5609 5664 5753
f 5520 5664 5609
f 6020 5876 5931
f 5787 5876 5732
f 5787 5931 5876
f 3559 3614 3703
f 5211 5300 5156
f 4457 4368 4512
f 4512 4368 4423
f 4423 4368 4279
f 4779 4923 4868
f 4224 4279 4368
f 2661 2572 2716
f 2085 2174 2030
f 2585 2496 2640
f 2695 2750 2839
f 1946 1857 2001
f 2763 2818 2907
f 4808 4664 4719
f 4253 4397 4342
f 4342 4397 4486
f 4863 4808 4719
f 4096 4151 4240
f 4185 4096 4240
f 4240 4329 4185
f 4643 4554 4698
f 4698 4554 4609
f 4986 4842 4897
f 4986 5041 5130
f 4986 4897 5041
f 4499 4554 4643
f 3999 3910 4054
f 4609 4465 4520
f 4520 4664 4609
f 3525 3580 3669
f 3669 3614 3525
f 3669 3758 3614
f 3813 3758 3669
f 3669 3724 3813
f 3580 3724 3669
f 3957 3813 3868
f 3813 3724 3868
f 3868 4012 3957
f 3491 3546 3635
f 3635 3580 3491
f 3635 3724 3580
f 3635 3546 3690
f 4177 4033 4088
f 4177 4232 4321
f 4088 4232 4177
f 4122 4033 4177
f 3690 3745 3834
f 3834 3745 3889
f 4376 4465 4321
f 4321 4232 4376
f 4376 4232 4287
f 4376 4520 4465
f 3910 3855 3766
f 3766 3677 3821
f 3821 3910 3766
f 3622 3677 3766
f 3766 3711 3622
f 3766 3855 3711
f 4245 4156 4300
f 4101 4156 4245
f 4245 4190 4101
f 3203 3347 3292
f 3114 3169 3258
f 3258 3203 3114
f 3347 3203 3258
f 3402 3347 3258
f 3258 3169 3313
f 3313 3402 3258
f 3292 3347 3436
f 3525 3381 3436
f 3436 3381 3292
f 3436 3580 3525
f 3491 3580 3436
f 3436 3347 3491
f 2415 2271 2326
f 2470 2415 2326
f 2326 2271 2182
f 2182 2237 2326
f 3080 3025 2936
f 2792 2936 2881
f 2881 2936 3025
f 3457 3601 3546
f 3313 3368 3457
f 3457 3368 3512
f 3512 3601 3457
f 3457 3402 3313
f 3546 3402 3457
f 3190 3135 3046
f 2957 3101 3046
f 3046 3101 3190
f 3046 2902 2957
f 3279 3368 3224
f 3224 3135 3279
f 3279 3135 3190
f 3190 3334 3279
f 2991 3135 3080
f 3080 2936 2991
f 2902 3046 2991
f 2991 3046 3135
f 2088 2143 2232
f 2232 2177 2088
f 2321 2177 2232
f 2232 2376 2321
f 2232 2143 2287
f 2287 2376 2232
f 2198 2342 2287
f 2054 2109 2198
f 2198 2109 2253
f 2253 2342 2198
f 2198 2143 2054
f 2287 2143 2198
f 2609 2520 2664
f 2465 2520 2609
f 2287 2342 2431
f 2431 2376 2287
f 2520 2376 2431
f 2431 2342 2486
f 4075 4020 3931
f 3931 3986 4075
f 3842 3986 3931
f 3787 3842 3931
f 3698 3609 3753
f 3753 3842 3698
f 3753 3609 3664
f 3465 3321 3376
f 3465 3609 3554
f 3143 3088 2999
f 2999 3054 3143
f 2910 3054 2999
f 2999 2855 2910
f 2999 3088 2944
f 2944 2855 2999
f 3232 3088 3143
f 3376 3321 3232
f 3232 3321 3177
f 3177 3088 3232
f 3232 3287 3376
f 3143 3287 3232
f 3588 3677 3533
f 3588 3732 3677
f 3410 3465 3554
f 3321 3465 3410
f 3821 3732 3876
f 3876 3732 3787
f 3787 3931 3876
f 3876 3931 4020
f 4363 4274 4418
f 4219 4274 4363
f 503 414 469
f 346 312 401
f 291 312 346
f 380 469 414
f 410 376 465
f 321 376 410
f 910 876 965
f 612 578 667
f 209 154 175
f 209 264 243
f 222 243 277
f 277 256 222
f 311 256 277
f 332 311 277
f 290 269 235
f 235 256 290
f 269 214 235
f 7 20 12
f 15 20 7
f 41 20 28
f 28 20 15
f 28 49 41
f 413 379 468
f 324 269 290
f 324 413 358
f 379 413 324
f 358 303 324
f 324 303 269
f 345 311 400
f 290 311 345
f 345 324 290
f 379 324 345
f 282 303 337
f 358 392 337
f 337 303 358
f 510 421 476
f 421 387 476
f 400 311 366
f 366 311 332
f 332 421 366
f 138 117 104
f 62 75 41
f 41 49 62
f 122 109 143
f 316 261 282
f 282 337 316
f 282 227 248
f 248 303 282
f 269 303 248
f 248 214 269
f 287 308 342
f 342 321 287
f 287 321 266
f 266 232 287
f 368 313 334
f 334 423 368
f 368 423 457
f 1664 1609 1520
f 1397 1541 1486
f 1486 1541 1630
f 1774 1630 1685
f 1842 1787 1698
f 1698 1787 1643
f 1643 1554 1698
f 1698 1554 1609
f 1829 1973 1918
f 1829 1774 1685
f 1918 1774 1829
f 1685 1541 1596
f 1596 1452 1507
f 1541 1452 1596
f 1528 1439 1583
f 1528 1672 1617
f 1583 1672 1528
f 1172 1261 1117
f 1219 1363 1308
f 677 643 732
f 1342 1253 1397
f 1397 1486 1342
f 1533 1588 1677
f 1444 1588 1533
f 1512 1457 1368
f 1635 1546 1690
f 1690 1779 1635
f 2156 2245 2101
f 2101 2012 2156
f 2156 2012 2067
f 2067 2211 2156
f 2067 2012 1923
f 1868 2012 1957
f 1779 1923 1868
f 1868 1923 2012
f 1758 1703 1614
f 1792 1881 1737
f 1559 1415 1470
f 1470 1614 1559
f 1559 1614 1703
f 1572 1661 1517
f 1716 1661 1572
f 2821 2677 2732
f 2588 2444 2499
f 2732 2677 2588
f 2588 2533 2444
f 2677 2533 2588
f 2622 2677 2766
f 2910 2855 2766
f 2766 2821 2910
f 2677 2821 2766
f 3478 3334 3389
f 3533 3622 3478
f 3478 3389 3533
f 3245 3101 3156
f 3389 3334 3245
f 3190 3101 3245
f 3245 3334 3190
f 3156 3300 3245
f 3245 3300 3389
f 2622 2567 2478
f 2478 2533 2622
f 2690 2546 2601
f 2546 2457 2601
f 2601 2745 2690
f 2656 2745 2601
f 2402 2457 2546
f 2347 2258 2402
f 2491 2436 2347
f 2491 2580 2436
f 2347 2402 2491
f 2491 2635 2580
f 2546 2635 2491
f 2491 2402 2546
f 2779 2635 2690
f 2779 2923 2868
f 2868 2813 2724
f 2724 2779 2868
f 2635 2779 2724
f 2580 2635 2724
f 2724 2813 2669
f 2669 2580 2724
f 3355 3300 3211
f 3211 3300 3156
f 2656 2567 2711
f 2711 2800 2656
f 2711 2567 2622
f 2855 2800 2711
f 2622 2766 2711
f 2711 2766 2855
f 2889 2745 2800
f 2889 3033 2978
f 2944 3033 2889
f 2889 2800 2944
f 2690 2745 2834
f 2834 2779 2690
f 2923 2779 2834
f 2978 2923 2834
f 2834 2889 2978
f 2745 2889 2834
f 3067 2923 2978
f 3067 3211 3156
f 2868 2923 3012
f 3012 3101 2957
f 2957 2868 3012
f 3156 3101 3012
f 3012 3067 3156
f 2923 3067 3012
f 2499 2410 2554
f 2554 2410 2465
f 2465 2609 2554
f 2554 2609 2698
f 2355 2211 2266
f 2499 2444 2355
f 2266 2410 2355
f 2355 2410 2499
f 2300 2355 2444
f 2211 2355 2300
f 2245 2156 2300
f 2300 2156 2211
f 1839 1695 1750
f 1661 1805 1750
f 1750 1894 1839
f 1805 1894 1750
f 2169 2025 2080
f 2080 2224 2169
f 2258 2203 2114
f 2114 2169 2258
f 2025 2169 2114
f 2114 1970 2025
f 2114 2203 2059
f 2059 1970 2114
f 1915 1771 1826
f 1826 1970 1915
f 1737 1881 1826
f 1881 1970 1826
f 1538 1593 1682
f 1682 1593 1737
f 1737 1826 1682
f 1682 1826 1771
f 1860 1771 1915
f 1860 1949 1805
f 1860 1805 1716
f 1716 1771 1860
f 2059 2203 2148
f 1962 2017 2106
f 1928 2072 2017
f 1928 1784 1839
f 1928 1873 1784
f 2017 1873 1928
f 2305 2250 2161
f 2161 2216 2305
f 2072 2216 2161
f 2017 2072 2161
f 2161 2106 2017
f 2250 2106 2161
f 1983 1894 2038
f 1839 1894 1983
f 1983 1928 1839
f 2072 1928 1983
f 737 826 771
f 826 860 771
f 407 318 373
f 551 640 585
f 585 619 530
f 1009 954 920
f 1441 1297 1352
f 1496 1441 1352
f 1263 1119 1174
f 1174 1318 1263
f 1208 1119 1263
f 1263 1352 1208
f 1208 1352 1297
f 1373 1462 1318
f 1517 1462 1373
f 873 839 928
f 894 983 928
f 928 839 894
f 928 983 1072
f 1072 1017 928
f 915 860 826
f 826 881 915
f 750 716 805
f 805 860 894
f 716 771 805
f 805 771 860
f 805 839 750
f 894 839 805
f 1072 1216 1161
f 1161 1017 1072
f 1470 1415 1326
f 326 347 381
f 734 823 768
f 920 954 865
f 865 831 920
f 865 954 899
f 137 192 171
f 205 150 171
f 179 124 145
f 2046 1957 2101
f 2101 2190 2046
f 2046 1902 1957
f 1920 1776 1831
f 1509 1420 1564
f 1509 1598 1454
f 2475 2331 2386
f 2386 2530 2475
f 2475 2530 2619
f 2187 2331 2276
f 2119 2174 2263
f 2030 2174 2119
f 2386 2331 2242
f 2331 2187 2242
f 1200 1289 1145
f 1268 1412 1357
f 1268 1124 1179
f 1467 1522 1611
f 1378 1522 1467
f 1721 1577 1632
f 1632 1543 1687
f 1632 1776 1721
f 1687 1776 1632
f 1255 1399 1344
f 1433 1289 1344
f 1344 1200 1255
f 1289 1200 1344
f 1488 1577 1433
f 1433 1344 1488
f 1488 1344 1399
f 1488 1399 1543
f 1543 1632 1488
f 1488 1632 1577
f 1420 1276 1331
f 1242 1386 1331
f 1331 1187 1242
f 1276 1187 1331
f 1365 1276 1420
f 1365 1509 1454
f 1420 1509 1365
f 1386 1441 1530
f 1530 1441 1585
f 1585 1674 1530
f 1585 1496 1640
f 1496 1551 1640
f 1640 1695 1784
f 1640 1551 1695
f 1818 1873 1962
f 1962 1907 1818
f 1763 1674 1818
f 1818 1907 1763
f 1653 1509 1564
f 1598 1509 1653
f 1564 1708 1653
f 1653 1708 1797
f 1763 1907 1852
f 1852 1708 1763
f 1797 1708 1852
f 1247 1336 1192
f 1247 1302 1391
f 1391 1336 1247
f 1069 925 980
f 1069 1014 925
f 980 1124 1069
f 1904 1815 1959
f 1959 1815 1870
f 1734 1679 1590
f 713 658 624
f 768 802 713
f 747 658 713
f 713 802 747
f 1035 1090 1179
f 1179 1124 1035
f 1035 1124 980
f 1056 1200 1145
f 857 823 912
f 912 823 878
f 878 967 912
f 925 1014 959
f 595 561 650
f 705 650 616
f 616 650 561
f 582 616 527
f 527 616 561
f 781 747 836
f 917 972 1006
f 1006 951 917
f 1663 1807 1752
f 1896 1807 1951
f 1896 1752 1807
f 1553 1697 1642
f 1663 1752 1608
f 1608 1752 1697
f 1697 1553 1608
f 1608 1553 1464
f 1320 1231 1375
f 1375 1464 1320
f 1320 1176 1231
f 1888 1977 1833
f 2265 2320 2409
f 2265 2409 2354
f 1977 1888 2032
f 1299 1354 1443
f 1443 1388 1299
f 1299 1388 1244
f 1532 1388 1443
f 1443 1587 1532
f 1477 1532 1621
f 1388 1532 1477
f 1422 1333 1477
f 1477 1333 1388
f 1223 1079 1134
f 1456 1367 1511
f 1511 1367 1422
f 1833 1689 1744
f 1744 1655 1799
f 1744 1888 1833
f 1799 1888 1744
f 1799 1655 1710
f 846 812 901
f 922 977 1011
f 1189 1100 1244
f 1244 1333 1189
f 1892 1947 2036
f 2180 2125 2036
f 2036 2091 2180
f 2036 1947 2091
f 1659 1604 1515
f 1748 1604 1659
f 1892 1748 1803
f 1803 1947 1892
f 1748 1659 1803
f 1803 1659 1714
f 1858 1947 1803
f 1803 1714 1858
f 1769 1714 1625
f 1625 1680 1769
f 1536 1680 1625
f 1646 1591 1502
f 3730 3586 3641
f 2235 2091 2146
f 2146 2091 2002
f 2235 2146 2290
f 2290 2146 2201
f 3044 3133 2989
f 3099 3188 3044
f 3044 3188 3133
f 850 905 939
f 795 829 740
f 795 761 850
f 363 397 308
f 418 452 363
f 363 452 397
f 465 376 431
f 431 376 342
f 342 397 431
f 672 761 706
f 706 795 740
f 761 795 706
f 774 829 863
f 740 829 774
f 863 897 808
f 808 774 863
f 719 774 808
f 808 897 842
f 698 732 643
f 1036 947 1091
f 981 947 1036
f 727 638 693
f 693 782 727
f 816 782 871
f 871 905 816
f 2180 2324 2269
f 2269 2324 2413
f 2269 2125 2180
f 2269 2214 2125
f 2159 2303 2248
f 2159 2214 2303
f 1892 2036 1981
f 1981 2036 2125
f 1782 1926 1871
f 1871 1727 1782
f 1638 1727 1583
f 1583 1494 1638
f 1638 1494 1549
f 1782 1727 1638
f 1816 1960 1905
f 1905 1761 1816
f 1816 1871 1960
f 1727 1871 1816
f 1816 1761 1672
f 1672 1727 1816
f 1295 1240 1151
f 1350 1439 1295
f 1282 1193 1337
f 1337 1426 1282
f 1138 1193 1282
f 1282 1227 1138
f 1405 1494 1350
f 1350 1261 1405
f 1405 1261 1316
f 1316 1460 1405
f 1405 1460 1549
f 1549 1494 1405
f 1866 2010 1955
f 1722 1667 1578
f 1777 1866 1722
f 1510 1654 1599
f 1599 1654 1743
f 2058 2113 2202
f 1681 1825 1770
f 2016 1961 1872
f 1728 1872 1817
f 1817 1872 1961
f 1893 1804 1948
f 2587 2731 2676
f 2676 2532 2587
f 2642 2731 2587
f 2786 2731 2642
f 2553 2697 2642
f 2642 2697 2786
f 2710 2799 2655
f 2655 2511 2566
f 2566 2710 2655
f 1613 1524 1668
f 1490 1634 1579
f 1668 1524 1579
f 1668 1579 1723
f 1723 1579 1634
f 1545 1634 1490
f 1689 1634 1545
f 1202 1346 1291
f 1380 1236 1291
f 1435 1346 1490
f 1490 1579 1435
f 1435 1579 1524
f 1435 1524 1380
f 1380 1291 1435
f 1435 1291 1346
f 1558 1414 1469
f 1380 1524 1469
f 1469 1613 1558
f 1524 1613 1469
f 1325 1236 1380
f 1380 1469 1325
f 1325 1469 1414
f 2045 1901 1956
f 2045 2189 2134
f 2045 2134 1990
f 1990 1901 2045
f 1558 1613 1702
f 2367 2223 2278
f 2066 1922 1977
f 2066 2011 1922
f 2155 2011 2066
f 2244 2155 2299
f 848 814 903
f 814 869 903
f 285 264 230
f 230 209 175
f 264 209 230
f 285 230 251
f 442 408 497
f 442 476 387
f 594 560 649
f 649 683 594
f 526 560 471
f 471 437 526
f 526 437 492
f 738 793 827
f 738 683 649
f 518 429 484
f 463 429 518
f 497 408 463
f 374 463 408
f 429 463 374
f 725 691 780
f 780 814 725
f 725 814 759
f 759 670 725
f 704 670 759
f 759 793 704
f 704 738 649
f 793 738 704
f 335 369 314
f 348 293 314
f 293 259 314
f 385 440 474
f 440 529 474
f 474 529 563
f 563 597 508
f 508 474 563
f 1788 1877 1733
f 1733 1644 1788
f 1843 1932 1788
f 1788 1932 1877
f 2186 2042 2097
f 2097 2241 2186
f 1987 1898 2042
f 1843 1898 1987
f 1987 1932 1843
f 2076 1932 1987
f 1754 1898 1843
f 2042 1898 1953
f 1953 2097 2042
f 2008 2097 1953
f 1775 1686 1830
f 1631 1775 1720
f 1686 1775 1631
f 1796 1707 1851
f 1736 1592 1647
f 1558 1702 1647
f 1503 1414 1558
f 1558 1647 1503
f 1503 1647 1592
f 1359 1414 1503
f 1084 1173 1029
f 974 940 1029
f 1029 940 1084
f 1537 1393 1448
f 1359 1503 1448
f 1448 1592 1537
f 1448 1503 1592
f 1427 1338 1482
f 1338 1393 1482
f 1482 1571 1427
f 1482 1393 1537
f 775 864 809
f 1152 1296 1241
f 1207 1296 1152
f 503 592 537
f 537 626 571
f 592 626 537
f 359 393 338
f 482 537 571
f 584 529 495
f 495 550 584
f 673 618 584
f 584 618 529
f 647 702 736
f 647 736 681
f 681 592 647
f 647 613 702
f 736 702 791
f 846 880 791
f 935 880 846
f 846 901 935
f 935 901 990
f 935 990 1079
f 728 762 673
f 817 762 728
f 660 694 605
f 605 571 660
f 571 626 660
f 1270 1414 1359
f 1270 1325 1414
f 851 817 906
f 906 940 851
f 906 995 940
f 33 20 41
f 41 54 33
f 33 54 46
f 46 25 33
f 12 20 33
f 33 25 12
f 46 54 67
f 242 276 221
f 250 229 195
f 284 229 250
f 250 305 284
f 318 263 284
f 284 263 229
f 258 203 224
f 313 292 258
f 224 279 258
f 258 279 313
f 208 263 242
f 229 263 208
f 119 153 132
f 30 51 43
f 30 17 38
f 38 51 30
f 140 119 106
f 106 119 85
f 64 77 43
f 43 51 64
f 64 51 85
f 69 82 48
f 145 124 111
f 35 69 48
f 48 27 35
f 35 27 14
f 12 17 4
f 4 7 12
f 1 2 4
f 2 7 4
f 95 82 116
f 137 171 116
f 116 171 150
f 3 2 1
f 11 16 3
f 1 6 3
f 6 11 3
f 40 74 53
f 40 27 48
f 19 27 40
f 40 32 19
f 53 32 40
f 37 71 50
f 37 50 29
f 29 16 37
f 37 16 24
f 53 87 66
f 336 391 425
f 425 370 336
f 349 404 438
f 514 569 603
f 514 480 569
f 514 459 425
f 425 480 514
f 603 637 548
f 548 637 582
f 548 514 603
f 459 514 548
f 375 409 320
f 456 490 401
f 545 490 456
f 506 561 595
f 294 273 239
f 239 260 294
f 205 260 239
f 239 273 218
f 341 375 320
f 226 260 205
f 205 171 226
f 226 171 192
f 281 260 226
f 226 247 281
f 192 247 226
f 184 150 205
f 184 239 218
f 205 239 184
f 1032 977 943
f 909 998 943
f 1231 1176 1087
f 1087 1176 1032
f 1032 943 1087
f 1087 943 998
f 854 820 909
f 909 943 854
f 786 820 731
f 1053 998 964
f 964 1108 1053
f 1053 1108 1197
f 1095 1150 1239
f 1006 1150 1095
f 1095 951 1006
f 1095 1040 951
f 930 1019 964
f 1074 1019 930
f 744 710 799
f 2225 2170 2081
f 2081 2170 2026
f 2026 1882 1937
f 1937 2081 2026
f 2115 2170 2259
f 2026 2170 2115
f 2094 2183 2039
f 2238 2183 2094
f 2149 2293 2238
f 2238 2094 2149
f 2238 2293 2382
f 2293 2437 2382
f 2992 2848 2903
f 2903 3047 2992
f 2958 3047 2903
f 2937 2848 2992
f 2793 2848 2937
f 2937 2882 2793
f 3026 2882 2937
f 2636 2492 2547
f 2547 2492 2403
f 2259 2314 2403
f 1921 1832 1976
f 1777 1832 1921
f 1921 1866 1777
f 2010 1866 1921
f 848 903 937
f 937 903 992
f 1073 984 1128
f 1128 1217 1073
f 1175 1319 1264
f 1353 1209 1264
f 1264 1120 1175
f 1209 1120 1264
f 1353 1264 1408
f 1408 1264 1319
f 1675 1586 1730
f 1675 1819 1764
f 1730 1819 1675
f 1764 1620 1675
f 1531 1586 1675
f 1675 1620 1531
f 921 887 976
f 1442 1531 1387
f 1387 1298 1442
f 1298 1387 1243
f 976 1120 1065
f 1065 1120 1209
f 963 1107 1052
f 1018 963 929
f 895 984 929
f 1073 1018 929
f 929 984 1073
f 1251 1107 1162
f 1073 1217 1162
f 1162 1018 1073
f 1162 1107 1018
f 4749 4694 4605
f 4516 4605 4461
f 4571 4516 4427
f 4770 4681 4825
f 4825 4914 4770
f 5275 5364 5220
f 5063 5118 5207
f 6173 6029 6084
f 6029 5940 6084
f 5927 5783 5838
f 5927 6071 6016
f 5838 5783 5694
f 5694 5749 5838
f 5605 5749 5694
f 4178 4233 4322
f 4089 4233 4178
f 4644 4788 4733
f 4555 4610 4699
f 4699 4644 4555
f 4788 4644 4699
f 4843 4788 4699
f 4932 4788 4843
f 5042 4898 4953
f 4953 5097 5042
f 4953 4864 5008
f 5008 5097 4953
f 4754 4898 4843
f 4843 4699 4754
f 4754 4699 4610
f 5063 5207 5152
f 5008 5063 5152
f 5152 5097 5008
f 4686 4542 4597
f 4775 4919 4864
f 4974 4919 4830
f 4830 4775 4686
f 4919 4775 4830
f 4377 4432 4521
f 4521 4466 4377
f 4322 4233 4377
f 4377 4466 4322
f 4720 4775 4864
f 3555 3699 3644
f 3411 3466 3555
f 3466 3521 3610
f 3610 3555 3466
f 3699 3555 3610
f 3610 3521 3665
f 3644 3699 3788
f 3911 3966 4055
f 4055 4199 4144
f 4000 3856 3911
f 4144 4089 4000
f 4000 4089 3945
f 3945 3856 4000
f 4000 4055 4144
f 3911 4055 4000
f 2652 2707 2796
f 2563 2707 2652
f 2558 2702 2647
f 2914 2770 2825
f 2050 2194 2139
f 2139 1995 2050
f 2770 2859 2715
f 4354 4265 4409
f 3346 3202 3257
f 3257 3202 3113
f 3003 2859 2914
f 4100 4045 3956
f 4278 4223 4134
f 4087 4032 3943
f 4032 3888 3943
f 3689 3634 3545
f 3354 3210 3265
f 3265 3409 3354
f 3265 3176 3320
f 3320 3409 3265
f 4286 4142 4197
f 4197 4341 4286
f 4286 4341 4430
f 3909 3964 4053
f 4197 4142 4053
f 4053 4108 4197
f 4053 3964 4108
f 4723 4634 4778
f 4901 4846 4757
f 5744 5799 5888
f 5888 5833 5744
f 5655 5799 5744
f 5744 5600 5655
f 5655 5600 5511
f 5498 5553 5642
f 5676 5621 5532
f 5765 5621 5676
f 4998 4909 5053
f 4998 4854 4909
f 5286 5197 5341
f 5053 4964 5108
f 5108 5197 5053
f 5108 4964 5019
f 5019 5163 5108
f 4744 4600 4655
f 4710 4655 4566
f 3139 3050 3194
f 3050 3139 2995
f 3071 3126 3215
f 3537 3626 3482
f 3482 3393 3537
f 3537 3393 3448
f 3448 3592 3537
f 3071 3215 3160
f 3338 3393 3482
f 3550 3406 3461
f 4037 4181 4126
f 3953 4042 3898
f 3898 3809 3953
f 4131 4042 4186
f 4186 4275 4131
f 3830 3686 3741
f 3830 3741 3885
f 3775 3686 3830
f 3953 4008 4097
f 4186 4042 4097
f 4097 4042 3953
f 4097 4008 4152
f 1458 1602 1547
f 3110 3055 2966
f 3199 3055 3110
f 2966 2911 2822
f 2678 2733 2822
f 2767 2678 2822
f 2822 2911 2767
f 2966 2822 2877
f 2877 2822 2733
f 2233 2322 2178
f 2547 2403 2458
f 2458 2403 2314
f 2644 2500 2555
f 2555 2699 2644
f 2678 2534 2589
f 2589 2733 2678
f 2644 2733 2589
f 2589 2500 2644
f 3432 3377 3288
f 3288 3343 3432
f 3199 3343 3288
f 3144 3199 3288
f 3288 3233 3144
f 3377 3233 3288
f 1157 1301 1246
f 1212 1123 1267
f 1267 1356 1212
f 1212 1356 1301
f 1301 1157 1212
f 1534 1479 1390
f 1479 1335 1390
f 1246 1301 1390
f 1390 1335 1246
f 1288 1233 1144
f 1144 1233 1089
f 1089 1000 1144
f 992 1136 1081
f 1081 937 992
f 1225 1136 1280
f 1280 1369 1225
f 1225 1369 1314
f 1225 1314 1170
f 1170 1081 1225
f 1225 1081 1136
f 1280 1136 1191
f 1246 1335 1191
f 1191 1335 1280
f 1191 1136 1047
f 1280 1335 1424
f 1424 1369 1280
f 1424 1335 1479
f 2809 2898 2754
f 2809 2953 2898
f 2809 2720 2864
f 2864 2953 2809
f 2453 2398 2309
f 2343 2487 2432
f 2398 2487 2343
f 4764 4908 4853
f 4620 4675 4764
f 4853 4908 4997
f 5052 5141 4997
f 4997 4908 5052
f 4819 4675 4730
f 4730 4874 4819
f 4819 4764 4675
f 4908 4764 4819
f 3955 4099 4044
f 3955 4044 3900
f 3866 4010 3955
f 4010 4099 3955
f 3900 3756 3811
f 3811 3955 3900
f 3811 3722 3866
f 3866 3955 3811
f 4112 4256 4201
f 4201 4057 4112
f 4400 4256 4311
f 4311 4455 4400
f 4400 4455 4544
f 4023 4078 4167
f 4167 4112 4023
f 4256 4112 4167
f 4311 4256 4167
f 4167 4222 4311
f 4167 4078 4222
f 4146 4235 4091
f 4146 4290 4235
f 4201 4290 4146
f 4146 4057 4201
f 4510 4565 4654
f 4654 4798 4743
f 4853 4798 4709
f 4709 4764 4853
f 4620 4764 4709
f 4709 4565 4620
f 4709 4654 4565
f 4798 4654 4709
f 4879 4735 4790
f 4790 4934 4879
f 4824 4968 4913
f 4913 4769 4824
f 4735 4879 4824
f 4824 4879 4968
f 4963 5107 5052
f 4963 4819 4874
f 4963 4874 5018
f 5018 5107 4963
f 5052 4908 4963
f 4908 4819 4963
f 5353 5298 5209
f 5209 5264 5353
f 5120 5264 5209
f 5209 5298 5154
f 5387 5298 5442
f 5442 5298 5353
f 4319 4230 4374
f 4264 4209 4120
f 4264 4353 4209
f 4120 4175 4264
f 4264 4175 4319
f 3633 3688 3777
f 3866 3722 3777
f 3777 3722 3633
f 3777 3921 3866
f 3832 3921 3777
f 3777 3688 3832
f 3201 3256 3345
f 3345 3400 3489
f 3256 3400 3345
f 2913 2769 2824
f 2646 2591 2502
f 2646 2735 2591
f 2502 2557 2646
f 2646 2790 2735
f 2646 2557 2701
f 2701 2790 2646
f 3536 3392 3447
f 3447 3392 3303
f 3646 3502 3557
f 3557 3701 3646
f 3612 3756 3701
f 3701 3557 3612
f 3612 3557 3468
f 4306 4361 4450
f 4052 3908 3963
f 4052 4107 4196
f 3963 4107 4052
f 3997 3908 4052
f 4086 4031 3942
f 3853 3997 3942
f 3942 3997 4086
f 3942 3798 3853
f 3887 3798 3942
f 3942 4031 3887
f 3654 3510 3565
f 2994 3083 2939
f 2939 3083 3028
f 2850 2905 2994
f 2994 2939 2850
f 2206 2151 2062
f 1918 1973 2062
f 1918 2062 2007
f 2007 2062 2151
f 2528 2384 2439
f 2528 2672 2617
f 2439 2583 2528
f 2583 2672 2528
f 2473 2617 2562
f 2473 2528 2617
f 2384 2528 2473
f 2219 2274 2363
f 2363 2308 2219
f 2452 2308 2363
f 2507 2452 2363
f 2418 2562 2507
f 2507 2363 2418
f 2418 2363 2274
f 2418 2473 2562
f 2041 2130 1986
f 2185 2130 2041
f 2740 2829 2685
f 2685 2596 2740
f 2164 2308 2253
f 2020 2075 2164
f 2164 2075 2219
f 2219 2308 2164
f 2164 2109 2020
f 2253 2109 2164
f 2253 2308 2397
f 2486 2342 2397
f 2397 2342 2253
f 2397 2541 2486
f 2397 2308 2452
f 2452 2541 2397
f 2371 2515 2460
f 2282 2337 2426
f 2426 2371 2282
f 2515 2371 2426
f 2570 2515 2426
f 2248 2337 2193
f 2193 2337 2282
f 2570 2426 2481
f 2481 2426 2337
f 2892 3036 2981
f 3070 2926 2981
f 3180 3269 3125
f 3125 3036 3180
f 3269 3214 3125
f 3125 2981 3036
f 3125 3214 3070
f 3070 2981 3125
f 2816 2905 2761
f 2761 2672 2816
f 2905 2850 2761
f 2617 2672 2761
f 2761 2706 2617
f 2761 2850 2706
f 2926 2782 2837
f 2837 2981 2926
f 2892 2981 2837
f 2350 2405 2494
f 2494 2583 2439
f 2439 2350 2494
f 2638 2583 2494
f 2494 2549 2638
f 2494 2405 2549
f 3337 3392 3481
f 3481 3426 3337
f 3570 3426 3481
f 3481 3392 3536
f 3604 3748 3693
f 3604 3460 3515
f 3693 3549 3604
f 3604 3549 3460
f 3693 3748 3837
f 3837 3782 3693
f 3591 3735 3680
f 3591 3447 3502
f 3591 3502 3646
f 3646 3735 3591
f 3591 3680 3536
f 3536 3447 3591
f 3879 3735 3790
f 3934 4023 3879
f 3879 3790 3934
f 3824 3735 3879
f 3769 3680 3824
f 2808 2719 2863
f 2664 2719 2808
f 2486 2630 2575
f 2630 2719 2575
f 2575 2719 2664
f 2575 2431 2486
f 2664 2520 2575
f 2520 2431 2575
f 2931 2842 2986
f 2787 2842 2931
f 3185 3240 3329
f 3185 3096 3240
f 2994 2905 3049
f 3049 3138 2994
f 2905 2960 3049
f 3193 3138 3049
f 3015 2960 2871
f 3015 2871 2926
f 3015 2926 3070
f 3227 3138 3282
f 3282 3371 3227
f 3282 3138 3193
f 3426 3371 3282
f 3282 3193 3337
f 3337 3426 3282
f 3460 3549 3405
f 3405 3549 3494
f 3494 3350 3405
f 3405 3350 3261
f 3782 3727 3638
f 3693 3782 3638
f 3638 3549 3693
f 3494 3549 3638
f 3871 3727 3782
f 3617 3672 3761
f 3528 3672 3617
f 3816 3672 3727
f 3727 3871 3816
f 3761 3672 3816
f 3816 3905 3761
f 3905 4049 3994
f 3583 3672 3528
f 3528 3439 3583
f 3583 3439 3494
f 3727 3672 3583
f 3494 3638 3583
f 3583 3638 3727
f 3062 3206 3151
f 3151 3007 3062
f 3151 3096 3007
f 3240 3096 3151
f 3486 3342 3397
f 4185 4274 4130
f 4130 4274 4219
f 4130 4219 4075
f 4075 3986 4130
f 3431 3287 3342
f 3342 3486 3431
f 3376 3287 3431
f 3342 3287 3198
f 3198 3287 3143
f 3143 3054 3198
f 4117 4062 3973
f 3973 4028 4117
f 4528 4439 4583
f 4151 4062 4206
f 4206 4062 4117
f 4083 4028 3939
f 3939 3994 4083
f 5672 5617 5528
f 4782 4926 4871
f 4782 4693 4837
f 4837 4926 4782
f 5481 5392 5536
f 4583 4638 4727
f 4727 4871 4816
f 4727 4638 4782
f 4782 4871 4727
f 5098 4954 5009
f 5187 5043 5098
f 5043 4954 5098
f 5496 5585 5441
f 5441 5585 5530
f 5640 5585 5496
f 5907 5763 5818
f 5839 5750 5894
f 5894 5750 5805
f 5530 5585 5674
f 5674 5619 5530
f 5763 5619 5674
f 5818 5763 5674
f 5530 5619 5475
f 5475 5619 5564
f 5564 5420 5475
f 5475 5420 5331
f 4158 4103 4014
f 4014 3870 3925
f 3959 3904 3815
f 3815 3870 3959
f 3870 4014 3959
f 3959 4014 4103
f 4171 4226 4315
f 4658 4603 4514
f 3561 3616 3705
f 3794 3650 3705
f 3705 3650 3561
f 3705 3849 3794
f 3760 3849 3705
f 3705 3616 3760
f 2540 2684 2629
f 2896 3040 2985
f 3328 3472 3417
f 2951 3095 3040
f 3040 2896 2951
f 3006 3095 2951
f 4247 4302 4391
f 4336 4247 4391
f 4391 4480 4336
f 4535 4480 4391
f 4446 4302 4357
f 4357 4501 4446
f 4535 4391 4446
f 4446 4391 4302
f 2972 2917 2828
f 4255 4310 4399
f 4399 4344 4255
f 4200 4111 4255
f 4255 4344 4200
f 3658 3603 3514
f 3514 3569 3658
f 3425 3569 3514
f 3459 3603 3548
f 3459 3404 3315
f 3548 3404 3459
f 3459 3514 3603
f 3349 3404 3493
f 3349 3294 3205
f 3501 3412 3556
f 3844 3700 3755
f 3988 3933 3844
f 4090 4234 4179
f 3946 4001 4090
f 4145 4234 4090
f 4090 4001 4145
f 4090 4035 3946
f 4179 4035 4090
f 3624 3768 3713
f 3624 3480 3535
f 3535 3679 3624
f 3679 3768 3624
f 3713 3569 3624
f 3569 3480 3624
f 5632 5687 5776
f 5454 5509 5598
f 5420 5365 5276
f 5187 5331 5276
f 5331 5420 5276
f 5276 5132 5187
f 5221 5132 5276
f 5276 5365 5221
f 5543 5399 5454
f 5543 5687 5632
f 5454 5598 5543
f 5543 5598 5687
f 5454 5399 5310
f 5310 5365 5454
f 5221 5365 5310
f 4933 5022 4878
f 5077 5022 4933
f 5056 5200 5145
f 6069 5980 6124
f 4844 4899 4988
f 5077 4933 4988
f 4988 4933 4844
f 4988 5132 5077
f 5043 5132 4988
f 4988 4899 5043
f 5009 4954 4865
f 4865 4920 5009
f 4776 4920 4865
f 4721 4776 4865
f 4865 4810 4721
f 4865 4954 4810
f 4357 4302 4213
f 4213 4302 4158
f 4268 4412 4357
f 4268 4124 4179
f 4357 4213 4268
f 4268 4213 4124
f 4179 4234 4323
f 4323 4268 4179
f 4412 4268 4323
f 4467 4412 4323
f 4323 4234 4378
f 4378 4467 4323
f 4569 4713 4658
f 4425 4480 4569
f 4658 4514 4569
f 4569 4514 4425
f 4857 4946 4802
f 4802 4713 4857
f 4658 4713 4802
f 4624 4480 4535
f 4624 4569 4480
f 4713 4569 4624
f 1192 1336 1281
f 1870 1815 1726
f 2213 2302 2158
f 2268 2124 2179
f 2213 2124 2268
f 3001 2946 2857
f 2624 2713 2569
f 2993 3082 2938
f 2438 2582 2527
f 2595 2684 2540
f 5517 5373 5428
f 5606 5462 5517
f 5517 5462 5373
f 4818 4763 4674
f 4674 4729 4818
f 4674 4763 4619
f 5064 4920 4975
f 5009 4920 5064
f 4365 4509 4454
f 4454 4310 4365
f 4543 4399 4454
f 4399 4310 4454
f 4695 4839 4784
f 4462 4551 4407
f 4771 4627 4682
f 4771 4915 4860
f 4682 4826 4771
f 4771 4826 4915
f 4305 4449 4394
f 3263 3119 3174
f 3263 3407 3352
f 4784 4729 4640
f 4640 4695 4784
f 4551 4695 4640
f 6963 6819 6874
f 6421 6366 6277
f 6832 6777 6688
f 6743 6654 6798
f 6832 6688 6743
f 6599 6654 6743
f 6743 6688 6599
f 7557 7468 7523
f 7557 7502 7468
f 7604 7570 7659
f 7604 7638 7549
f 7680 7659 7625
f 7659 7570 7625
f 7625 7570 7536
f 6845 6701 6756
f 6756 6900 6845
f 6646 6701 6790
f 6557 6701 6646
f 6646 6502 6557
f 6591 6502 6646
f 7188 7243 7277
f 7222 7188 7277
f 7133 7188 7222
f 6434 6489 6578
f 6523 6434 6578
f 6295 6439 6384
f 6371 6227 6282
f 6282 6227 6138
f 6282 6426 6371
f 6206 6295 6151
f 6070 5981 6125
f 5926 5981 6070
f 6316 6460 6405
f 6392 6536 6481
f 6481 6536 6625
f 6625 6570 6481
f 6625 6536 6680
f 6358 6502 6447
f 6536 6392 6447
f 6591 6536 6447
f 6447 6502 6591
f 6413 6468 6557
f 6557 6502 6413
f 6324 6468 6413
f 6413 6502 6358
f 6413 6269 6324
f 6358 6269 6413
f 6180 6091 6235
f 6180 6235 6324
f 6324 6269 6180
f 6036 6091 6180
f 6125 6036 6180
f 6180 6269 6125
f 6277 6133 6188
f 5002 4858 4913
f 5002 5091 4947
f 4947 4858 5002
f 5214 5269 5358
f 5447 5358 5502
f 5879 5735 5790
f 6290 6235 6146
f 6002 6057 6146
f 6146 6091 6002
f 6235 6091 6146
f 5913 6057 6002
f 5913 5769 5824
f 6112 6057 5968
f 5879 6023 5968
f 5968 6023 6112
f 5968 5824 5879
f 5968 5913 5824
f 6057 5913 5968
f 6078 6133 6222
f 5989 6133 6078
f 5858 5947 5803
f 6002 5947 5858
f 5858 5913 6002
f 5769 5913 5858
f 5680 5735 5824
f 5824 5769 5680
f 5714 5659 5570
f 5803 5659 5714
f 5714 5858 5803
f 5769 5858 5714
f 5316 5172 5227
f 5227 5371 5316
f 5371 5460 5316
f 5604 5693 5549
f 5549 5460 5604
f 5748 5693 5604
f 5604 5659 5748
f 6193 6282 6138
f 5816 5761 5672
f 5672 5727 5816
f 5727 5782 5871
f 5871 5816 5727
f 5960 5816 5871
f 5871 5782 5926
f 5274 5329 5418
f 5418 5363 5274
f 7631 7686 7665
f 7665 7576 7631
f 7644 7589 7555
f 7644 7665 7699
f 6512 6656 6601
f 6601 6656 6745
f 6745 6690 6601
f 5478 5567 5423
f 5478 5389 5533
f 5533 5389 5444
f 5444 5389 5300
f 4313 4368 4457
f 4313 4224 4368
f 4093 4182 4038
f 4148 4059 4203
f 5067 4923 4978
f 5067 5211 5156
f 4868 4923 5012
f 5012 4957 4868
f 5101 4957 5012
f 5156 5101 5012
f 5012 5067 5156
f 4923 5067 5012
f 4525 4669 4614
f 4614 4470 4525
f 4614 4669 4758
f 4148 4203 4292
f 4292 4347 4436
f 4292 4203 4347
f 5004 4949 4860
f 4860 4915 5004
f 5004 5059 5148
f 4915 5059 5004
f 6478 6622 6567
f 5965 6020 6109
f 6109 6054 5965
f 6020 6164 6109
f 5821 5876 5965
f 5732 5876 5821
f 5821 5677 5732
f 5766 5677 5821
f 5999 6054 6143
f 6088 5999 6143
f 6143 6232 6088
f 7028 7117 7062
f 7028 6884 6939
f 7460 7371 7426
f 7515 7481 7570
f 7549 7460 7515
f 7460 7426 7515
f 7515 7426 7481
f 7515 7604 7549
f 7570 7604 7515
f 7481 7426 7392
f 6596 6507 6651
f 6596 6651 6740
f 6740 6685 6596
f 7109 7143 7054
f 6910 6965 7054
f 7143 7177 7088
f 7088 7177 7122
f 7088 7054 7143
f 6923 7067 7012
f 6779 6834 6923
f 6677 6766 6622
f 6588 6732 6677
f 6732 6821 6677
f 6821 6766 6677
f 6486 6575 6431
f 6486 6342 6397
f 6431 6342 6486
f 6630 6575 6486
f 7384 7295 7350
f 7583 7638 7672
f 7549 7638 7583
f 7693 7714 7748
f 7659 7714 7693
f 7672 7638 7693
f 7693 7604 7659
f 7638 7604 7693
f 6787 6698 6842
f 6842 6931 6787
f 6986 6931 6842
f 7020 6965 6876
f 6876 6931 7020
f 7109 7054 7020
f 7020 7054 6965
f 7185 7096 7151
f 7151 7096 7062
f 7151 7117 7206
f 7062 7117 7151
f 6774 6863 6719
f 6719 6630 6774
f 6664 6575 6719
f 6719 6575 6630
f 7007 6863 6918
f 7007 6918 7062
f 7062 7096 7007
f 7418 7384 7473
f 7549 7583 7494
f 7494 7583 7528
f 7494 7460 7549
f 7494 7405 7460
f 3513 3657 3602
f 3513 3369 3424
f 3568 3513 3424
f 3657 3513 3568
f 3945 3890 3801
f 3801 3856 3945
f 3445 3390 3301
f 3301 3356 3445
f 3081 3225 3170
f 3081 2937 2992
f 3170 3026 3081
f 3026 2937 3081
f 3602 3691 3547
f 3225 3369 3314
f 3170 3225 3314
f 3314 3259 3170
f 3314 3403 3259
f 3089 3034 2945
f 2945 3000 3089
f 2856 3000 2945
f 2801 2856 2945
f 2945 2890 2801
f 3034 2890 2945
f 3178 3034 3089
f 3089 3233 3178
f 3178 3233 3322
f 3123 3034 3178
f 3500 3356 3411
f 3644 3589 3500
f 3589 3445 3500
f 3500 3445 3356
f 3411 3555 3500
f 3500 3555 3644
f 2128 1984 2039
f 2039 2183 2128
f 2073 2217 2162
f 2073 1929 1984
f 1984 2128 2073
f 2073 2128 2217
f 2162 2018 2073
f 2073 2018 1929
f 1751 1696 1607
f 1607 1662 1751
f 1806 1895 1751
f 1751 1662 1806
f 1429 1518 1374
f 1374 1285 1429
f 1429 1285 1340
f 1429 1340 1484
f 1484 1573 1429
f 1573 1518 1429
f 1628 1573 1484
f 1628 1717 1573
f 3628 3717 3573
f 3539 3683 3628
f 2175 2264 2120
f 2497 2353 2408
f 2408 2353 2264
f 2908 2764 2819
f 2819 2963 2908
f 2908 2963 3052
f 2819 2764 2675
f 2675 2764 2620
f 3107 2963 3018
f 3018 2929 3073
f 2586 2641 2730
f 2819 2675 2730
f 2730 2675 2586
f 3327 3471 3416
f 3416 3272 3327
f 3382 3471 3327
f 3526 3471 3382
f 3704 3759 3848
f 3848 3793 3704
f 3704 3793 3649
f 3128 3272 3217
f 3128 2984 3039
f 3128 3217 3073
f 3073 2984 3128
f 3217 3272 3361
f 3361 3306 3217
f 3450 3306 3361
f 3272 3416 3361
f 2717 2662 2573
f 2916 2861 2772
f 2861 2717 2772
f 2505 2560 2649
f 2971 3060 2916
f 3115 3060 2971
f 2971 3026 3115
f 2971 2882 3026
f 5801 5746 5657
f 5746 5602 5657
f 5479 5568 5424
f 5458 5602 5547
f 5547 5602 5691
f 6178 6034 6089
f 6089 6233 6178
f 6000 6144 6089
f 6144 6233 6089
f 6322 6233 6377
f 6377 6233 6288
f 6199 6288 6144
f 6199 6254 6343
f 6343 6288 6199
f 4348 4492 4437
f 4437 4293 4348
f 4348 4293 4204
f 4526 4670 4615
f 4526 4615 4471
f 4979 5123 5068
f 5068 5123 5212
f 5267 5411 5356
f 5267 5123 5178
f 5356 5212 5267
f 5212 5123 5267
f 5699 5788 5644
f 5644 5788 5733
f 5301 5445 5390
f 5390 5246 5301
f 6055 6144 6000
f 6055 6199 6144
f 6021 5966 5877
f 5733 5788 5877
f 5699 5754 5843
f 5843 5788 5699
f 5801 5657 5712
f 5712 5657 5568
f 5801 5712 5856
f 5856 5712 5767
f 5479 5390 5534
f 5534 5390 5445
f 5911 6055 6000
f 5966 6055 5911
f 6000 5856 5911
f 5911 5856 5767
f 5898 5843 5754
f 5987 5843 5898
f 6364 6508 6453
f 6563 6508 6419
f 6508 6364 6419
f 6419 6364 6275
f 6440 6351 6495
f 6673 6728 6817
f 6872 6728 6783
f 6817 6728 6872
f 7160 7249 7194
f 7105 7160 7194
f 6631 6542 6686
f 6686 6775 6631
f 7165 7220 7254
f 6712 6568 6623
f 6623 6767 6712
f 6699 6843 6788
f 6877 6788 6932
f 6932 6788 6843
f 6576 6487 6631
f 6343 6487 6432
f 6521 6377 6432
f 6432 6576 6521
f 6487 6576 6432
f 6432 6288 6343
f 6432 6377 6288
f 6882 6793 6937
f 6937 6793 6848
f 6238 6327 6183
f 6238 6094 6149
f 6183 6094 6238
f 5670 5615 5526
f 5615 5670 5759
f 7110 7076 7165
f 6903 6958 7047
f 6945 7000 7034
f 7191 7102 7157
f 6924 6979 7068
f 7068 7157 7102
f 7123 7157 7068
f 7068 7034 7123
f 6979 7034 7068
f 6835 6979 6924
f 6924 6780 6835
f 6835 6780 6691
f 6691 6636 6547
f 6547 6602 6691
f 6547 6458 6602
f 6403 6458 6547
f 6657 6568 6712
f 6712 6801 6657
f 6602 6458 6513
f 6568 6657 6513
f 6513 6657 6602
f 6212 6267 6356
f 6356 6301 6212
f 6123 6267 6212
f 6212 6068 6123
f 5196 5107 5251
f 5052 5107 5196
f 5196 5141 5052
f 5196 5285 5141
f 5463 5374 5518
f 5497 5442 5353
f 5586 5442 5497
f 5332 5243 5387
f 5387 5476 5332
f 5518 5374 5429
f 5374 5285 5429
f 5683 5772 5628
f 5518 5662 5607
f 5607 5463 5518
f 5552 5463 5607
f 5573 5484 5628
f 5573 5429 5484
f 5573 5662 5518
f 5518 5429 5573
f 4251 4162 4306
f 4196 4107 4251
f 4107 4162 4251
f 4738 4882 4827
f 5560 5471 5615
f 4636 4492 4547
f 4547 4691 4636
f 3890 3835 3746
f 3746 3801 3890
f 3657 3801 3746
f 3602 3657 3746
f 3746 3691 3602
f 3746 3835 3691
f 4767 4623 4678
f 4678 4623 4534
f 4102 4157 4246
f 4191 4047 4102
f 4102 4246 4191
f 4191 4246 4335
f 4882 4738 4793
f 3649 3793 3738
f 4026 4115 3971
f 4170 4115 4026
f 4026 4081 4170
f 4005 3950 3861
f 4005 4094 3950
f 3772 3628 3683
f 3861 3717 3772
f 3717 3628 3772
f 4149 4293 4238
f 4149 4005 4060
f 4149 4060 4204
f 4204 4293 4149
f 4149 4238 4094
f 4094 4005 4149
f 3581 3670 3526
f 3848 3903 3992
f 3992 3903 4047
f 4845 4934 4790
f 4235 4290 4379
f 4324 4235 4379
f 4434 4379 4290
f 4591 4646 4735
f 4557 4646 4502
f 4502 4413 4557
f 4646 4591 4502
f 4358 4413 4502
f 4180 4235 4324
f 4091 4235 4180
f 4358 4303 4214
f 4070 4125 4214
f 6848 6793 6704
f 6649 6560 6704
f 6704 6793 6649
f 6636 6780 6725
f 6670 6581 6725
f 6725 6581 6636
f 6437 6581 6526
f 6526 6581 6670
f 6827 6738 6882
f 6882 6971 6827
f 6827 6971 6916
f 6539 6484 6395
f 6628 6484 6539
f 6408 6497 6353
f 6696 6785 6641
f 6641 6552 6696
f 6696 6840 6785
f 6463 6552 6408
f 6408 6319 6463
f 6272 6128 6183
f 6183 6327 6272
f 6272 6327 6416
f 6416 6361 6272
f 7652 7597 7563
f 7686 7597 7652
f 7809 7754 7775
f 7542 7453 7508
f 7563 7597 7508
f 7508 7597 7542
f 7330 7385 7419
f 7419 7508 7453
f 7173 7228 7262
f 7228 7317 7262
f 7262 7207 7173
f 7317 7351 7262
f 7799 7820 7854
f 7940 7906 7927
f 7945 7911 7932
f 7882 7869 7903
f 7882 7903 7916
f 7764 7730 7785
f 7916 7929 7895
f 7895 7882 7916
f 7924 7937 7903
f 7924 7911 7945
f 7945 7958 7924
f 7958 7937 7924
f 7950 7929 7916
f 7916 7937 7950
f 7950 7937 7958
f 7995 7987 7982
f 7523 7434 7489
f 7489 7578 7523
f 7667 7688 7722
f 7722 7701 7667
f 7743 7798 7777
f 7764 7798 7743
f 7777 7722 7743
f 7743 7722 7688
f 6063 5974 6118
f 6181 6325 6270
f 6215 6126 6270
f 6270 6126 6181
f 7058 7024 7113
f 5461 5317 5372
f 5838 5893 5982
f 5982 5927 5838
f 6071 5927 5982
f 5982 6126 6071
f 5982 5893 6037
f 6037 6126 5982
f 5715 5859 5804
f 6016 6160 6105
f 5948 5859 6003
f 6003 6092 5948
f 5948 6092 6037
f 5804 5859 5948
f 6037 5893 5948
f 5948 5893 5804
f 6058 6003 5914
f 5914 5969 6058
f 5969 6113 6058
f 6058 6113 6202
f 3940 3796 3851
f 3673 3728 3817
f 5469 5380 5524
f 5380 5435 5524
f 5626 5482 5537
f 5592 5448 5503
f 5503 5647 5592
f 5592 5647 5736
f 5592 5537 5448
f 5359 5448 5304
f 5503 5448 5359
f 5359 5414 5503
f 5270 5414 5359
f 5037 5181 5126
f 5037 4893 4948
f 4948 5092 5037
f 5037 5092 5181
f 5126 4982 5037
f 4982 4893 5037
f 5469 5414 5325
f 5325 5380 5469
f 5325 5414 5270
f 5270 5181 5325
f 5346 5291 5202
f 5202 5257 5346
f 3275 3330 3419
f 3186 3330 3275
f 2987 2898 3042
f 3639 3728 3584
f 3584 3495 3639
f 3584 3728 3673
f 3317 3173 3228
f 3317 3461 3406
f 3317 3406 3262
f 3262 3173 3317
f 3029 3173 3118
f 3118 3173 3262
f 3995 3906 4050
f 3995 3851 3906
f 3995 4084 3940
f 3940 3851 3995
f 4228 4317 4173
f 4173 4084 4228
f 3563 3508 3419
f 3419 3474 3563
f 3474 3618 3563
f 3794 3938 3883
f 3595 3650 3739
f 3739 3684 3595
f 3828 3684 3739
f 3739 3883 3828
f 3739 3650 3794
f 3794 3883 3739
f 3752 3663 3807
f 3608 3663 3752
f 4040 3985 3896
f 3896 3752 3807
f 3896 3985 3841
f 3841 3752 3896
f 4129 3985 4040
f 4129 4273 4218
f 4129 4218 4074
f 4074 3985 4129
f 3951 4095 4040
f 4040 3896 3951
f 3951 3896 3807
f 4506 4650 4595
f 4506 4451 4362
f 4595 4451 4506
f 4561 4650 4506
f 4849 4705 4760
f 4650 4705 4794
f 4794 4883 4739
f 4739 4650 4794
f 4938 4883 4794
f 4794 4849 4938
f 4794 4705 4849
f 4527 4472 4383
f 4383 4239 4294
f 4383 4472 4328
f 4328 4239 4383
f 4616 4705 4561
f 4561 4472 4616
f 4616 4472 4527
f 4616 4760 4705
f 3286 3375 3231
f 3231 3375 3320
f 3320 3176 3231
f 3231 3176 3087
f 2388 2532 2477
f 2388 2244 2299
f 2396 2252 2307
f 3506 3362 3417
f 3506 3650 3595
f 3417 3561 3506
f 3561 3650 3506
f 3417 3362 3273
f 3273 3328 3417
f 3273 3362 3218
f 3451 3506 3595
f 3362 3506 3451
f 6752 6663 6807
f 6608 6663 6752
f 7184 7218 7129
f 7074 7129 7163
f 7163 7129 7218
f 7273 7218 7184
f 7307 7218 7273
f 7930 7909 7896
f 7810 7865 7844
f 7244 7210 7299
f 7799 7744 7765
f 7786 7820 7765
f 7765 7820 7799
f 7752 7807 7786
f 7383 7417 7328
f 7506 7417 7472
f 7417 7383 7472
f 7307 7396 7341
f 7362 7396 7307
f 7307 7273 7362
f 7328 7417 7362
f 7362 7273 7328
f 7684 7739 7718
f 6459 6404 6315
f 6315 6370 6459
f 6459 6514 6603
f 6370 6514 6459
f 6857 6768 6912
f 6713 6768 6857
f 6726 6637 6781
f 6781 6870 6726
f 6912 6823 6967
f 7158 7069 7124
f 7103 7069 7158
f 7184 7129 7095
f 7074 6930 6985
f 6930 6841 6985
f 6430 6341 6485
f 6286 6341 6430
f 6553 6464 6608
f 6705 6794 6650
f 6650 6794 6739
f 6684 6629 6540
f 6540 6629 6485
f 6485 6396 6540
f 6540 6396 6451
f 6375 6231 6286
f 6286 6430 6375
f 6176 6231 6320
f 6320 6375 6464
f 6231 6375 6320
f 6087 5998 6142
f 6142 6231 6087
f 6087 6231 6176
f 6074 6019 5930
f 5930 5985 6074
f 5841 5985 5930
f 5786 5841 5930
f 6252 6108 6163
f 6108 6019 6163
f 6163 6019 6074
f 6074 6218 6163
f 6163 6218 6307
f 6307 6252 6163
f 5875 5731 5786
f 5786 5930 5875
f 5875 5930 6019
f 6045 5956 6100
f 6155 6210 6299
f 6299 6244 6155
f 6244 6100 6155
f 5883 5972 5828
f 5828 5972 5917
f 5629 5684 5773
f 5773 5862 5718
f 5718 5629 5773
f 5773 5917 5862
f 5773 5828 5917
f 5684 5828 5773
f 6116 6205 6061
f 6061 5972 6116
f 6061 6205 6150
f 5917 5972 6061
f 6150 6006 6061
f 6061 6006 5917
f 5794 5650 5705
f 5705 5616 5760
f 5595 5540 5451
f 5595 5684 5540
f 6040 5951 6095
f 6040 5985 5896
f 5896 5951 6040
f 5430 5574 5519
f 5430 5286 5341
f 5608 5663 5752
f 5752 5697 5608
f 5841 5697 5752
f 5896 5841 5752
f 5752 5807 5896
f 5752 5663 5807
f 5629 5574 5485
f 5540 5629 5485
f 5485 5396 5540
f 5341 5396 5485
f 5485 5430 5341
f 5574 5430 5485
f 4430 4341 4485
f 4485 4341 4396
f 4396 4540 4485
f 4540 4629 4485
f 4697 4752 4841
f 4985 4930 4841
f 4786 4642 4697
f 4697 4841 4786
f 4786 4841 4930
f 4608 4464 4519
f 4608 4752 4697
f 4519 4663 4608
f 4663 4752 4608
f 4697 4642 4553
f 4553 4608 4697
f 4464 4608 4553
f 4409 4464 4553
f 5074 5218 5163
f 5074 4930 4985
f 5019 4930 5074
f 5074 5163 5019
f 3841 3930 3786
f 3642 3786 3731
f 3642 3731 3587
f 3587 3731 3676
f 4108 4163 4252
f 4197 4108 4252
f 4252 4341 4197
f 4396 4341 4252
f 4252 4307 4396
f 4252 4163 4307
f 4040 4095 4184
f 4184 4129 4040
f 4273 4129 4184
f 4328 4273 4184
f 4184 4239 4328
f 4095 4239 4184
f 5344 5289 5200
f 6815 6671 6726
f 6726 6870 6815
f 6959 6904 6815
f 6815 6870 6959
f 5967 6111 6056
f 6433 6577 6522
f 6488 6577 6433
f 6255 6111 6166
f 6145 6289 6234
f 6878 6967 6823
f 6234 6289 6378
f 6378 6433 6522
f 6289 6433 6378
f 6501 6412 6556
f 6569 6514 6425
f 6425 6480 6569
f 6014 5870 5925
f 5925 6069 6014
f 5980 6069 5925
f 5815 5870 5959
f 5959 6103 6048
f 5959 5870 6014
f 6014 6103 5959
f 4896 4807 4951
f 4752 4807 4896
f 4985 4841 4896
f 4896 4841 4752
f 5095 4951 5006
f 5362 5218 5273
f 5273 5417 5362
f 5116 5205 5061
f 5061 4972 5116
f 4828 4773 4684
f 4739 4828 4684
f 4684 4595 4739
f 4540 4595 4684
f 4684 4629 4540
f 4684 4773 4629
f 5006 4951 4862
f 4718 4773 4862
f 4862 4807 4718
f 4951 4807 4862
f 5935 5990 6079
f 5935 5880 5791
f 6257 6113 6168
f 6079 6223 6168
f 5778 5833 5922
f 5922 5867 5778
f 6875 6930 7019
f 7019 6964 6875
f 7053 6964 7019
f 6998 6909 7053
f 7053 6909 6964
f 6998 7032 6943
f 7087 7032 6998
f 7087 7053 7142
f 6998 7053 7087
f 6689 6744 6833
f 6634 6545 6689
f 6388 6244 6299
f 6744 6689 6600
f 6600 6689 6545
f 6655 6566 6710
f 6744 6600 6655
f 6511 6566 6655
f 6655 6600 6511
f 6223 6278 6367
f 6312 6401 6257
f 6257 6168 6312
f 6312 6168 6223
f 6223 6367 6312
f 7530 7619 7564
f 7530 7441 7496
f 7666 7687 7721
f 7632 7687 7666
f 7970 7978 7991
f 7957 7978 7970
f 7968 7976 7989
f 7997 7994 7989
f 7989 7984 7997
f 7989 7976 7984
f 7926 7892 7913
f 7913 7947 7926
f 7934 7947 7913
f 7913 7892 7879
f 7955 7976 7968
f 7968 7947 7955
f 7955 7947 7934
f 7889 7923 7902
f 7889 7910 7923
f 7831 7865 7810
f 7928 7962 7941
f 7902 7915 7881
f 7865 7831 7886
f 7886 7899 7865
f 7920 7899 7886
f 7920 7954 7933
f 7912 7899 7933
f 7933 7899 7920
f 7967 7933 7954
f 7952 7973 7965
f 7952 7965 7931
f 7931 7918 7952
f 7952 7918 7939
f 7769 7803 7748
f 7748 7714 7769
f 7824 7858 7803
f 7803 7769 7824
f 7824 7769 7790
f 7824 7790 7845
f 7824 7845 7879
f 7879 7858 7824
f 7837 7858 7892
f 7892 7871 7837
f 7803 7858 7837
f 7837 7871 7816
f 7266 7355 7300
f 7300 7211 7266
f 7389 7300 7355
f 7334 7300 7389
f 7012 7067 7101
f 7101 7067 7156
f 7279 7368 7313
f 7334 7368 7279
f 7588 7554 7643
f 7499 7554 7588
f 7884 7829 7850
f 7816 7871 7850
f 7850 7871 7884
f 7795 7829 7774
f 7795 7761 7816
f 7816 7850 7795
f 7795 7850 7829
f 7677 7588 7643
f 7622 7588 7677
f 7643 7698 7677
f 7677 7698 7732
f 6495 6351 6406
f 6262 6118 6173
f 6173 6317 6262
f 6317 6406 6262
f 6262 6406 6351
f 6783 6728 6639
f 5597 5542 5453
f 6008 5864 5919
f 5919 6063 6008
f 5830 5974 5919
f 5974 6063 5919
f 5631 5542 5686
f 5686 5542 5597
f 5720 5576 5631
f 5487 5542 5631
f 5631 5576 5487
f 5432 5576 5521
f 5432 5377 5288
f 5521 5377 5432
f 5432 5487 5576
f 5541 5596 5685
f 5630 5774 5719
f 5541 5685 5630
f 5630 5685 5774
f 5698 5787 5643
f 5643 5787 5732
f 3648 3559 3703
f 3703 3792 3648
f 3614 3559 3470
f 3525 3614 3470
f 3470 3381 3525
f 3470 3326 3381
f 3470 3559 3415
f 3415 3326 3470
f 4593 4449 4504
f 4559 4648 4504
f 4504 4648 4593
f 4881 4826 4737
f 4593 4648 4737
f 4682 4593 4737
f 4737 4826 4682
f 5122 5067 4978
f 5211 5067 5122
f 5499 5444 5355
f 5300 5211 5355
f 5355 5444 5300
f 4978 4923 4834
f 4690 4745 4834
f 4834 4779 4690
f 4923 4779 4834
f 4800 4745 4656
f 4601 4745 4690
f 4457 4512 4601
f 4656 4745 4601
f 4601 4512 4656
f 4690 4546 4601
f 4601 4546 4457
f 4635 4546 4690
f 4690 4779 4635
f 4279 4224 4135
f 4046 4190 4135
f 4190 4279 4135
f 2983 2839 2894
f 2894 2839 2750
f 2140 2085 1996
f 1996 1852 1907
f 2229 2085 2140
f 2174 2085 2229
f 2572 2661 2517
f 2695 2640 2551
f 2551 2640 2496
f 2284 2229 2140
f 2373 2229 2284
f 2441 2530 2386
f 2585 2530 2441
f 2441 2496 2585
f 2441 2352 2496
f 2090 1946 2001
f 1891 1946 2035
f 2179 2124 2035
f 2035 2090 2179
f 1946 2090 2035
f 3174 3119 3030
f 2674 2530 2585
f 2818 2763 2674
f 2619 2530 2674
f 2674 2763 2619
f 3051 2996 2907
f 3140 2996 3051
f 3161 3017 3072
f 2983 3127 3072
f 3551 3407 3462
f 2734 2789 2878
f 2967 2823 2878
f 2878 2823 2734
f 4897 4842 4753
f 4753 4808 4897
f 4664 4808 4753
f 4609 4664 4753
f 4753 4698 4609
f 4842 4698 4753
f 4308 4164 4219
f 4452 4397 4308
f 4253 4164 4308
f 4308 4397 4253
f 4308 4363 4452
f 4219 4363 4308
f 4685 4630 4541
f 4452 4596 4541
f 4541 4596 4685
f 4541 4397 4452
f 4486 4397 4541
f 4541 4630 4486
f 5062 5151 5007
f 5206 5151 5062
f 5062 5117 5206
f 4973 5117 5062
f 4774 4630 4685
f 4774 4685 4829
f 4719 4630 4774
f 4774 4863 4719
f 5096 5185 5041
f 5240 5185 5096
f 5096 5151 5240
f 5007 5151 5096
f 4808 4863 4952
f 5041 4897 4952
f 4897 4808 4952
f 4952 5096 5041
f 4952 4863 5007
f 5007 5096 4952
f 4295 4240 4151
f 4151 4206 4295
f 4884 4795 4939
f 4884 4973 4829
f 4562 4706 4651
f 4651 4706 4795
f 4829 4685 4740
f 4685 4596 4740
f 4596 4651 4740
f 4740 4884 4829
f 4795 4884 4740
f 4740 4651 4795
f 4622 4533 4677
f 4478 4533 4622
f 4389 4533 4478
f 4389 4245 4300
f 4787 4698 4842
f 4643 4698 4787
f 4787 4732 4643
f 4876 4732 4787
f 5130 5219 5075
f 5075 4986 5130
f 4554 4499 4410
f 4321 4465 4410
f 4410 4465 4554
f 4300 4211 4355
f 4355 4410 4499
f 4444 4355 4499
f 4300 4355 4444
f 4444 4389 4300
f 4533 4389 4444
f 4643 4732 4588
f 4588 4499 4643
f 4588 4732 4677
f 4588 4444 4499
f 4677 4533 4588
f 4533 4444 4588
f 4109 4164 4253
f 4020 4164 4109
f 4287 4232 4143
f 3999 4054 4143
f 4143 4088 3999
f 4143 4232 4088
f 4431 4342 4486
f 4287 4342 4431
f 4431 4376 4287
f 4520 4376 4431
f 3779 3868 3724
f 3724 3635 3779
f 3779 3635 3690
f 3690 3834 3779
f 3978 3834 3889
f 3978 4033 4122
f 3889 4033 3978
f 4334 4478 4423
f 4190 4245 4334
f 4334 4389 4478
f 4245 4389 4334
f 4423 4279 4334
f 4334 4279 4190
f 2792 2881 2737
f 2415 2470 2559
f 2326 2237 2381
f 2381 2470 2326
f 2703 2758 2847
f 2792 2703 2847
f 2847 2936 2792
f 2847 2991 2936
f 2847 2758 2902
f 2902 2991 2847
f 3423 3279 3334
f 3334 3478 3423
f 3512 3368 3423
f 3368 3279 3423
f 2753 2609 2664
f 2664 2808 2753
f 2753 2842 2698
f 2698 2609 2753
f 3897 3986 3842
f 3842 3753 3897
f 3444 3588 3533
f 3444 3300 3355
f 3533 3389 3444
f 3389 3300 3444
f 3732 3588 3643
f 3787 3732 3643
f 3643 3698 3787
f 3554 3698 3643
f 3355 3410 3499
f 3499 3444 3355
f 3588 3444 3499
f 3499 3643 3588
f 3499 3410 3554
f 3554 3643 3499
f 3821 3876 3965
f 3965 3910 3821
f 3965 4054 3910
f 3965 4109 4054
f 3965 3876 4020
f 4020 4109 3965
f 4507 4363 4418
f 4507 4651 4596
f 4507 4596 4452
f 4452 4363 4507
f 4418 4562 4507
f 4562 4651 4507
f 155 134 121
f 155 189 134
f 121 176 155
f 155 176 210
f 210 189 155
f 92 113 126
f 126 113 147
f 435 490 524
f 524 469 435
f 469 380 435
f 401 490 435
f 435 346 401
f 435 380 346
f 325 270 291
f 325 414 359
f 325 380 414
f 291 346 325
f 346 380 325
f 215 270 249
f 257 202 223
f 257 312 291
f 291 270 236
f 236 257 291
f 202 257 236
f 270 215 236
f 134 189 168
f 168 202 147
f 168 189 223
f 223 202 168
f 168 113 134
f 147 113 168
f 295 274 240
f 240 261 295
f 295 316 350
f 261 316 295
f 253 274 308
f 308 287 253
f 253 232 198
f 253 287 232
f 355 389 334
f 334 300 355
f 355 300 321
f 321 410 355
f 588 643 677
f 622 588 677
f 533 588 622
f 389 355 444
f 444 355 410
f 457 423 512
f 455 489 400
f 455 421 510
f 400 366 455
f 455 366 421
f 578 489 544
f 544 455 510
f 489 455 544
f 400 489 434
f 434 345 400
f 379 345 434
f 468 379 434
f 578 612 523
f 523 489 578
f 468 434 523
f 523 434 489
f 667 756 701
f 701 612 667
f 701 646 612
f 654 620 709
f 722 756 667
f 243 264 298
f 332 277 298
f 298 277 243
f 222 167 188
f 154 209 188
f 188 243 222
f 188 209 243
f 256 235 201
f 222 256 201
f 201 167 222
f 146 167 201
f 591 625 536
f 510 476 565
f 620 654 565
f 159 138 104
f 227 206 172
f 172 206 151
f 151 117 172
f 117 138 172
f 75 62 96
f 96 109 75
f 104 117 83
f 83 70 104
f 117 96 83
f 83 96 62
f 49 70 83
f 83 62 49
f 164 143 109
f 198 143 164
f 122 143 177
f 198 232 177
f 177 143 198
f 1025 1169 1114
f 669 580 635
f 635 724 669
f 1897 1986 1842
f 1952 2041 1897
f 1897 2041 1986
f 1575 1664 1520
f 1575 1486 1630
f 1630 1774 1719
f 1719 1575 1630
f 1664 1575 1719
f 1609 1664 1753
f 1753 1698 1609
f 1842 1698 1753
f 1753 1897 1842
f 2138 2193 2282
f 2049 2193 2138
f 973 1117 1062
f 1062 1007 973
f 1151 1007 1062
f 1185 1240 1329
f 973 1007 918
f 863 829 918
f 1096 1007 1151
f 1096 1240 1185
f 1151 1240 1096
f 1431 1342 1486
f 1431 1575 1520
f 1486 1575 1431
f 1520 1376 1431
f 1287 1342 1431
f 1431 1376 1287
f 1020 1109 965
f 1253 1109 1164
f 1164 1075 1219
f 1109 1020 1164
f 1164 1020 1075
f 1308 1253 1164
f 1164 1219 1308
f 1287 1143 1198
f 1198 1109 1253
f 1253 1342 1198
f 1198 1342 1287
f 965 1109 1054
f 1109 1198 1054
f 1054 1198 1143
f 2088 2177 2033
f 1423 1512 1368
f 1745 1690 1601
f 1601 1690 1546
f 1601 1546 1457
f 1457 1512 1601
f 1745 1889 1834
f 1834 1923 1779
f 1834 1690 1745
f 1779 1690 1834
f 1813 1902 1758
f 1957 1902 1813
f 1813 1868 1957
f 1758 1614 1669
f 1669 1813 1758
f 1902 2046 1991
f 1936 2025 1881
f 1881 1792 1936
f 2080 2025 1936
f 1936 1991 2080
f 1847 1703 1758
f 1847 1792 1703
f 1847 1936 1792
f 1991 1936 1847
f 1758 1902 1847
f 1902 1991 1847
f 1216 1360 1305
f 1305 1161 1216
f 1271 1360 1216
f 1182 1326 1271
f 1415 1360 1271
f 1271 1326 1415
f 1394 1538 1483
f 1483 1339 1394
f 1716 1572 1627
f 1538 1682 1627
f 1627 1483 1538
f 1572 1483 1627
f 1627 1771 1716
f 1627 1682 1771
f 2423 2279 2334
f 2334 2478 2423
f 2423 2478 2567
f 2457 2402 2313
f 2313 2169 2224
f 2313 2402 2258
f 2258 2169 2313
f 3122 3033 3177
f 2978 3033 3122
f 3122 3067 2978
f 3211 3067 3122
f 2499 2554 2643
f 2732 2588 2643
f 2643 2588 2499
f 2643 2787 2732
f 2698 2787 2643
f 2643 2554 2698
f 2444 2533 2389
f 2389 2300 2444
f 2533 2478 2389
f 2245 2300 2389
f 2334 2245 2389
f 2389 2478 2334
f 1695 1551 1606
f 1517 1661 1606
f 1606 1462 1517
f 1551 1462 1606
f 1661 1750 1606
f 1606 1750 1695
f 1737 1593 1648
f 1648 1559 1703
f 1648 1792 1737
f 1703 1792 1648
f 1449 1593 1538
f 1449 1538 1394
f 1394 1305 1449
f 1449 1305 1360
f 2004 1860 1915
f 1949 1860 2004
f 2004 1915 2059
f 2059 2148 2004
f 1962 2106 2051
f 2051 1907 1962
f 2140 1996 2051
f 2051 1996 1907
f 2127 2216 2072
f 2072 1983 2127
f 2127 1983 2038
f 2271 2216 2127
f 2038 2182 2127
f 2127 2182 2271
f 763 818 852
f 852 818 907
f 907 941 852
f 907 818 873
f 750 839 784
f 784 839 873
f 873 818 784
f 708 763 797
f 797 763 852
f 975 1009 920
f 538 593 627
f 627 572 538
f 661 716 750
f 661 627 716
f 572 627 661
f 360 305 326
f 360 449 394
f 271 292 326
f 326 305 271
f 271 305 250
f 339 428 373
f 394 428 339
f 339 284 305
f 339 360 394
f 305 360 339
f 373 318 339
f 318 284 339
f 632 666 577
f 721 666 632
f 530 619 564
f 551 585 496
f 496 585 530
f 1043 954 1098
f 954 1009 1098
f 1098 1187 1043
f 1242 1187 1098
f 1263 1318 1407
f 1407 1352 1263
f 1496 1352 1407
f 1318 1462 1407
f 1407 1551 1496
f 1407 1462 1551
f 1153 1098 1009
f 1242 1098 1153
f 1153 1297 1242
f 1153 1208 1297
f 1182 1038 1093
f 1004 1148 1093
f 894 860 949
f 1004 1093 949
f 949 1093 1038
f 949 983 894
f 949 1038 983
f 949 915 1004
f 860 915 949
f 1127 1038 1182
f 1182 1271 1127
f 1127 1271 1216
f 1127 1216 1072
f 1072 983 1127
f 983 1038 1127
f 1017 1161 1106
f 1525 1436 1580
f 1580 1669 1525
f 1525 1669 1614
f 1525 1614 1470
f 1580 1436 1491
f 1491 1546 1635
f 1635 1580 1491
f 1347 1292 1203
f 1347 1436 1292
f 1347 1491 1436
f 1237 1148 1292
f 1237 1326 1182
f 1182 1093 1237
f 1237 1093 1148
f 1470 1326 1381
f 1292 1436 1381
f 1381 1237 1292
f 1326 1237 1381
f 1381 1525 1470
f 1436 1525 1381
f 525 491 580
f 525 559 470
f 593 559 648
f 648 703 737
f 470 559 504
f 538 449 504
f 504 593 538
f 504 559 593
f 436 381 347
f 470 381 436
f 436 525 470
f 491 525 436
f 590 624 535
f 535 501 590
f 590 501 556
f 878 823 789
f 823 734 789
f 831 865 776
f 810 865 899
f 721 776 810
f 810 776 865
f 645 590 556
f 124 179 158
f 137 124 158
f 158 192 137
f 213 247 192
f 192 158 213
f 213 158 179
f 268 247 213
f 446 480 391
f 535 480 446
f 446 501 535
f 522 488 577
f 2598 2454 2509
f 1721 1776 1865
f 2009 1954 1865
f 1865 1920 2009
f 1776 1920 1865
f 1899 1954 2043
f 1844 1755 1899
f 2263 2352 2208
f 2208 2119 2263
f 2064 2153 2009
f 2009 1920 2064
f 2064 2208 2153
f 2119 2208 2064
f 2098 2242 2187
f 2098 1954 2009
f 2009 2153 2098
f 2153 2242 2098
f 2098 2187 2043
f 2043 1954 2098
f 1412 1268 1323
f 1378 1467 1323
f 1323 1467 1412
f 1323 1268 1179
f 1501 1412 1556
f 1412 1467 1556
f 1556 1467 1611
f 1276 1365 1221
f 988 1077 933
f 988 933 899
f 899 954 988
f 988 954 1043
f 1022 967 933
f 933 1077 1022
f 1386 1530 1475
f 1564 1420 1475
f 1475 1331 1386
f 1420 1331 1475
f 1619 1708 1564
f 1564 1475 1619
f 1619 1475 1530
f 1619 1530 1674
f 1619 1674 1763
f 1763 1708 1619
f 1729 1818 1674
f 1729 1674 1585
f 1585 1640 1729
f 1729 1640 1784
f 1784 1873 1729
f 1873 1818 1729
f 1687 1598 1742
f 1598 1653 1742
f 1831 1687 1742
f 1742 1653 1797
f 1742 1886 1831
f 1797 1886 1742
f 2030 2119 1975
f 1975 1886 2030
f 2119 2064 1975
f 1831 1886 1975
f 1975 1920 1831
f 1975 2064 1920
f 1797 1852 1941
f 2030 1886 1941
f 1941 1886 1797
f 1941 2085 2030
f 1941 1996 2085
f 1852 1996 1941
f 1014 1069 1158
f 1302 1247 1158
f 2226 2082 2137
f 946 891 857
f 857 912 946
f 980 891 946
f 946 1035 980
f 1090 1035 946
f 1103 959 1014
f 1014 1158 1103
f 1103 1247 1192
f 1103 1158 1247
f 1171 1315 1260
f 904 959 993
f 595 650 684
f 773 718 684
f 671 616 582
f 582 637 671
f 671 637 726
f 726 760 671
f 705 616 671
f 671 760 705
f 836 925 870
f 870 781 836
f 925 959 870
f 870 959 904
f 692 637 603
f 603 658 692
f 692 658 747
f 747 781 692
f 692 781 726
f 726 637 692
f 862 917 951
f 951 896 862
f 828 862 773
f 917 862 828
f 595 684 629
f 629 684 718
f 1752 1896 1841
f 1697 1752 1841
f 2129 2074 1985
f 1985 1841 1896
f 1985 2074 1930
f 1930 1841 1985
f 1621 1532 1676
f 1676 1532 1587
f 1799 1710 1854
f 1642 1697 1786
f 1786 1841 1930
f 1697 1841 1786
f 2163 2252 2108
f 1443 1354 1498
f 1498 1587 1443
f 1642 1587 1498
f 1498 1553 1642
f 1176 1320 1265
f 2176 2320 2265
f 2176 2032 2087
f 2299 2354 2443
f 2443 2388 2299
f 2532 2388 2443
f 2587 2532 2443
f 2498 2354 2409
f 2498 2642 2587
f 2587 2443 2498
f 2498 2443 2354
f 2498 2409 2553
f 2553 2642 2498
f 1011 977 1066
f 1566 1477 1621
f 1621 1710 1566
f 1566 1710 1655
f 1655 1511 1566
f 1422 1477 1566
f 1566 1511 1422
f 1079 1223 1168
f 1312 1367 1456
f 1312 1223 1367
f 1312 1168 1223
f 990 901 956
f 1011 1100 956
f 956 922 1011
f 977 922 888
f 888 943 977
f 799 854 888
f 888 854 943
f 1367 1223 1278
f 1278 1189 1333
f 1278 1223 1134
f 1134 1189 1278
f 1278 1333 1422
f 1422 1367 1278
f 1345 1290 1201
f 1091 947 1002
f 900 934 845
f 1790 1735 1646
f 1515 1426 1570
f 1570 1659 1515
f 1714 1659 1570
f 1570 1625 1714
f 1447 1591 1536
f 1447 1502 1591
f 1536 1392 1447
f 1612 1468 1523
f 1523 1434 1578
f 1523 1667 1612
f 1578 1667 1523
f 1557 1502 1413
f 1413 1468 1557
f 1646 1502 1557
f 1557 1468 1612
f 1290 1434 1379
f 1379 1235 1290
f 1434 1523 1379
f 1379 1523 1468
f 3133 3188 3277
f 3222 3133 3277
f 3277 3188 3332
f 3730 3819 3675
f 3675 3586 3730
f 3408 3264 3319
f 3120 3264 3209
f 3209 3065 3120
f 3120 3065 2976
f 4018 3963 3874
f 3874 3819 3730
f 3963 3819 3874
f 3154 3065 3209
f 2366 2277 2421
f 2620 2764 2709
f 2057 2146 2002
f 2201 2146 2057
f 2989 2934 2845
f 2701 2756 2845
f 2845 2790 2701
f 2934 2790 2845
f 2701 2557 2612
f 2612 2756 2701
f 2900 3044 2989
f 2989 2845 2900
f 2900 2845 2756
f 2976 3065 2921
f 1138 1227 1083
f 1083 1227 1172
f 829 795 884
f 884 939 973
f 850 939 884
f 884 795 850
f 973 918 884
f 884 918 829
f 473 528 562
f 541 452 507
f 507 596 541
f 562 596 507
f 507 473 562
f 507 452 418
f 418 473 507
f 465 431 520
f 397 452 486
f 486 431 397
f 486 452 541
f 486 520 431
f 541 596 630
f 672 706 617
f 562 528 617
f 583 672 617
f 617 528 583
f 651 596 562
f 562 617 651
f 651 617 706
f 651 706 740
f 732 698 787
f 842 876 787
f 719 808 753
f 753 808 842
f 842 787 753
f 753 787 698
f 1248 1193 1104
f 1104 1159 1248
f 1091 1235 1180
f 1180 1036 1091
f 837 871 782
f 905 871 960
f 769 803 714
f 659 625 714
f 858 803 769
f 2214 2269 2358
f 2358 2447 2303
f 2303 2214 2358
f 2502 2447 2358
f 2358 2413 2502
f 2358 2269 2413
f 1837 1981 1926
f 1837 1926 1782
f 1837 1748 1892
f 1892 1981 1837
f 1926 1981 2070
f 2214 2159 2070
f 2125 2214 2070
f 2070 1981 2125
f 1549 1604 1693
f 1693 1638 1549
f 1782 1638 1693
f 1693 1604 1748
f 1693 1837 1782
f 1748 1837 1693
f 1206 1117 1261
f 1206 1261 1350
f 1350 1295 1206
f 1206 1295 1151
f 1151 1062 1206
f 1206 1062 1117
f 1371 1282 1426
f 1371 1426 1515
f 1515 1460 1371
f 1371 1460 1316
f 1316 1227 1371
f 1227 1282 1371
f 1633 1722 1578
f 1777 1722 1633
f 1667 1722 1811
f 1811 1866 1955
f 1811 1722 1866
f 1366 1421 1510
f 1277 1421 1366
f 1366 1222 1277
f 1489 1434 1345
f 1345 1400 1489
f 1578 1434 1489
f 1489 1400 1544
f 1489 1633 1578
f 1544 1633 1489
f 2579 2524 2435
f 2668 2524 2579
f 2668 2812 2757
f 1880 1935 2024
f 1914 1770 1825
f 1859 1770 1914
f 1969 1825 1880
f 2113 2058 1969
f 1969 1914 1825
f 2058 1914 1969
f 1880 2024 1969
f 1969 2024 2113
f 1626 1482 1537
f 1571 1482 1626
f 1626 1537 1681
f 1681 1770 1626
f 2016 1872 1927
f 1851 1995 1940
f 1940 1796 1851
f 1906 1995 1851
f 1906 2050 1995
f 1906 1817 1961
f 1961 2050 1906
f 1838 1694 1749
f 1660 1804 1749
f 1804 1893 1749
f 1749 1893 1838
f 2016 1927 2071
f 2037 1893 1948
f 2956 2812 2867
f 2867 3011 2956
f 2477 2532 2621
f 2621 2566 2477
f 2710 2566 2621
f 2765 2710 2621
f 2621 2676 2765
f 2532 2676 2621
f 2799 2710 2854
f 2854 2710 2765
f 2422 2566 2511
f 2422 2367 2278
f 2511 2367 2422
f 2477 2566 2422
f 2744 2600 2655
f 2744 2689 2600
f 2655 2799 2744
f 1956 1901 1812
f 1668 1723 1812
f 1867 2011 1956
f 1922 2011 1867
f 1956 1812 1867
f 1867 1812 1723
f 1689 1545 1600
f 1600 1511 1655
f 1456 1511 1600
f 1600 1545 1456
f 1600 1744 1689
f 1655 1744 1600
f 1880 1736 1791
f 1791 1935 1880
f 1736 1647 1791
f 1791 1647 1702
f 1791 1846 1935
f 1791 1702 1846
f 1757 1613 1668
f 1757 1702 1613
f 1846 1702 1757
f 1668 1812 1757
f 1901 1846 1757
f 1757 1812 1901
f 2202 2113 2257
f 2634 2689 2778
f 2456 2511 2600
f 2456 2367 2511
f 1956 2011 2100
f 2100 2045 1956
f 2189 2045 2100
f 2100 2244 2189
f 2100 2011 2155
f 2155 2244 2100
f 2210 2354 2299
f 2265 2354 2210
f 2299 2155 2210
f 2155 2066 2210
f 958 903 869
f 1047 992 958
f 992 903 958
f 272 251 217
f 272 293 327
f 285 251 306
f 251 272 306
f 327 361 306
f 306 272 327
f 772 738 827
f 683 738 772
f 764 798 709
f 764 853 798
f 560 526 615
f 670 704 615
f 649 560 615
f 615 704 649
f 539 594 628
f 628 594 683
f 539 484 450
f 361 416 450
f 319 264 285
f 319 298 264
f 319 374 408
f 691 725 636
f 636 725 670
f 636 602 691
f 547 602 636
f 492 437 403
f 403 437 348
f 348 314 403
f 403 314 369
f 568 602 513
f 513 602 547
f 178 233 212
f 212 157 178
f 178 123 144
f 178 157 123
f 356 390 335
f 445 390 356
f 238 259 293
f 238 204 259
f 293 272 238
f 238 272 217
f 191 157 212
f 212 246 191
f 280 314 259
f 335 314 280
f 453 364 419
f 419 508 453
f 474 508 419
f 385 474 419
f 398 364 453
f 398 487 432
f 453 487 398
f 453 508 542
f 542 487 453
f 542 508 597
f 1877 1932 2021
f 2110 1966 2021
f 2021 1966 1877
f 2021 2165 2110
f 2076 2165 2021
f 2021 1932 2076
f 1699 1788 1644
f 1610 1754 1699
f 1843 1788 1699
f 1699 1754 1843
f 1589 1678 1534
f 1589 1644 1733
f 1733 1678 1589
f 1411 1356 1267
f 2139 2194 2283
f 1576 1631 1720
f 1487 1631 1576
f 1432 1487 1576
f 1576 1521 1432
f 1898 1754 1809
f 1809 1953 1898
f 1021 932 1076
f 1398 1309 1453
f 1364 1309 1220
f 1453 1309 1364
f 1364 1508 1453
f 1419 1508 1364
f 1220 1309 1165
f 1165 1076 1220
f 1165 1110 1021
f 1021 1076 1165
f 2008 1953 1864
f 1953 1809 1864
f 1720 1775 1864
f 1864 1809 1720
f 1686 1631 1542
f 1542 1631 1487
f 1542 1398 1453
f 1487 1398 1542
f 2351 2440 2296
f 1919 2063 2008
f 1919 1775 1830
f 2008 1864 1919
f 1919 1864 1775
f 1974 1919 1830
f 2063 1919 1974
f 2008 2063 2152
f 2152 2097 2008
f 2241 2097 2152
f 2296 2241 2152
f 2029 2173 2118
f 2118 2173 2262
f 2118 1974 2029
f 2063 1974 2118
f 500 466 555
f 555 589 500
f 445 500 534
f 534 500 589
f 1144 1000 1055
f 898 932 843
f 843 809 898
f 898 864 953
f 898 809 864
f 733 822 767
f 788 822 733
f 699 788 733
f 568 534 623
f 623 534 589
f 1241 1296 1385
f 1118 1029 1173
f 1118 1262 1207
f 1173 1262 1118
f 974 1029 1118
f 754 809 843
f 754 788 699
f 843 788 754
f 1063 1008 974
f 1063 1152 1008
f 974 1118 1063
f 1207 1152 1063
f 1063 1118 1207
f 359 338 304
f 304 325 359
f 270 325 304
f 249 270 304
f 249 304 283
f 283 304 338
f 461 550 495
f 503 537 448
f 537 482 448
f 448 482 393
f 448 414 503
f 359 414 448
f 448 393 359
f 702 613 668
f 613 647 558
f 524 613 558
f 558 592 503
f 558 647 592
f 503 469 558
f 558 469 524
f 736 791 825
f 825 791 880
f 673 584 639
f 639 728 673
f 694 728 639
f 639 584 550
f 639 550 605
f 605 694 639
f 715 626 681
f 715 660 626
f 1393 1249 1304
f 1359 1448 1304
f 1304 1448 1393
f 1194 1283 1139
f 1338 1283 1194
f 1194 1249 1338
f 88 54 75
f 88 67 54
f 75 109 88
f 88 109 122
f 132 153 187
f 153 208 187
f 242 221 187
f 187 208 242
f 276 331 310
f 200 179 145
f 161 195 140
f 140 106 161
f 122 177 156
f 174 208 153
f 174 119 140
f 153 119 174
f 140 195 174
f 174 195 229
f 229 208 174
f 9 4 17
f 9 14 6
f 9 6 1
f 1 4 9
f 85 51 72
f 72 106 85
f 72 51 38
f 77 64 98
f 98 119 132
f 85 119 98
f 98 64 85
f 132 111 98
f 98 111 77
f 82 69 103
f 103 124 137
f 137 116 103
f 103 116 82
f 77 111 90
f 90 111 124
f 124 103 90
f 90 103 69
f 22 35 14
f 14 9 22
f 22 30 43
f 43 35 22
f 17 30 22
f 22 9 17
f 69 35 56
f 77 90 56
f 56 90 69
f 43 77 56
f 56 35 43
f 74 40 61
f 61 82 95
f 95 74 61
f 48 82 61
f 61 40 48
f 45 32 53
f 53 66 45
f 24 32 45
f 45 37 24
f 134 113 100
f 121 134 100
f 100 87 121
f 100 66 87
f 302 247 268
f 281 247 302
f 302 336 281
f 294 260 315
f 315 349 294
f 315 260 281
f 281 336 315
f 315 336 370
f 315 370 404
f 404 349 315
f 383 349 438
f 459 548 493
f 438 404 493
f 404 459 493
f 493 527 438
f 582 527 493
f 493 548 582
f 430 485 519
f 396 485 430
f 430 341 396
f 375 341 430
f 210 231 265
f 320 299 265
f 223 189 244
f 244 189 210
f 210 265 244
f 244 265 299
f 320 409 354
f 354 299 320
f 540 506 595
f 595 629 540
f 472 506 417
f 438 527 472
f 472 527 561
f 561 506 472
f 472 383 438
f 417 383 472
f 451 485 396
f 417 506 451
f 451 540 485
f 506 540 451
f 396 362 451
f 451 362 417
f 328 273 294
f 294 349 328
f 349 383 328
f 417 362 328
f 328 383 417
f 273 328 307
f 307 328 362
f 307 362 396
f 396 341 307
f 163 218 197
f 163 184 218
f 197 142 163
f 163 142 108
f 1663 1608 1519
f 1519 1608 1464
f 1519 1464 1375
f 1375 1430 1519
f 1218 1307 1163
f 1218 1074 1129
f 1163 1074 1218
f 1129 1273 1218
f 1362 1218 1273
f 1307 1218 1362
f 820 854 765
f 765 731 820
f 765 854 799
f 799 710 765
f 464 498 409
f 464 430 519
f 409 375 464
f 375 430 464
f 1142 1087 998
f 998 1053 1142
f 1231 1087 1142
f 1142 1053 1197
f 1184 1095 1239
f 1239 1328 1184
f 1184 1328 1273
f 1184 1273 1129
f 1129 1040 1184
f 1040 1095 1184
f 807 862 896
f 807 718 773
f 773 862 807
f 875 930 964
f 964 909 875
f 909 820 875
f 875 820 786
f 896 930 841
f 841 807 896
f 841 875 786
f 930 875 841
f 985 930 896
f 951 1040 985
f 985 896 951
f 1074 930 985
f 1129 1074 985
f 985 1040 1129
f 833 888 922
f 833 744 799
f 799 888 833
f 710 744 655
f 655 600 566
f 2225 2081 2136
f 2280 2225 2136
f 2136 2191 2280
f 2047 2191 2136
f 2060 2115 2204
f 2204 2149 2060
f 2293 2149 2204
f 2204 2115 2259
f 1971 2115 2060
f 1971 1827 1882
f 1971 1882 2026
f 2026 2115 1971
f 1683 1827 1772
f 1772 1628 1683
f 1717 1628 1772
f 2060 2149 2005
f 2005 2149 2094
f 2615 2560 2471
f 2581 2437 2492
f 2492 2636 2581
f 2492 2437 2348
f 2259 2403 2348
f 2348 2403 2492
f 2348 2204 2259
f 2348 2437 2293
f 2293 2204 2348
f 3280 3225 3136
f 3191 3280 3136
f 3136 3047 3191
f 2992 3047 3136
f 3136 3081 2992
f 3225 3081 3136
f 2958 2903 2814
f 2759 2903 2848
f 2759 2615 2670
f 2670 2814 2759
f 2759 2814 2903
f 3191 3047 3102
f 3102 3047 2958
f 3301 3157 3212
f 3212 3356 3301
f 3246 3390 3335
f 3246 3102 3157
f 3301 3390 3246
f 3246 3157 3301
f 3246 3335 3191
f 3191 3102 3246
f 1874 1730 1785
f 1874 1819 1730
f 1785 1929 1874
f 1929 2018 1874
f 1709 1764 1853
f 1853 1798 1709
f 2052 1997 1908
f 1764 1819 1908
f 1908 1853 1764
f 1997 1853 1908
f 2141 1997 2052
f 2052 2196 2141
f 2340 2196 2251
f 2251 2395 2340
f 2010 1921 2065
f 2065 2154 2010
f 2065 1921 1976
f 2065 1976 2120
f 1026 1115 971
f 971 937 1026
f 937 1081 1026
f 1170 1115 1026
f 1026 1081 1170
f 882 937 971
f 882 916 827
f 971 916 882
f 827 793 882
f 882 793 848
f 848 937 882
f 1251 1162 1306
f 1306 1162 1217
f 1594 1450 1505
f 1505 1649 1594
f 1217 1128 1272
f 971 1115 1060
f 1039 984 950
f 1039 1128 984
f 1848 1937 1793
f 1793 1937 1882
f 1903 1958 2047
f 2102 2191 2047
f 2047 1958 2102
f 2102 1958 2013
f 1374 1319 1230
f 1230 1285 1374
f 1141 1285 1230
f 1230 1319 1175
f 1175 1086 1230
f 1230 1086 1141
f 1196 1285 1141
f 1141 1052 1196
f 1196 1052 1107
f 1196 1107 1251
f 1251 1340 1196
f 1340 1285 1196
f 1641 1586 1497
f 1497 1586 1442
f 1442 1353 1497
f 1353 1408 1497
f 1463 1319 1374
f 1463 1408 1319
f 1463 1518 1607
f 1374 1518 1463
f 1099 1044 955
f 1476 1387 1531
f 1476 1620 1565
f 1531 1620 1476
f 1565 1421 1476
f 1099 1243 1188
f 1188 1044 1099
f 1332 1243 1387
f 1332 1476 1421
f 1387 1476 1332
f 1332 1421 1277
f 1277 1188 1332
f 1332 1188 1243
f 1099 955 1010
f 1010 955 921
f 1010 921 976
f 976 1065 1010
f 1154 1065 1209
f 1209 1298 1154
f 1298 1243 1154
f 1154 1243 1099
f 1099 1010 1154
f 1154 1010 1065
f 942 853 908
f 1141 1086 997
f 997 1052 1141
f 997 1086 942
f 942 908 997
f 963 1052 997
f 997 908 963
f 5872 5728 5783
f 5872 5927 6016
f 5783 5927 5872
f 4838 4694 4749
f 4838 4893 4982
f 4749 4893 4838
f 5071 4982 5126
f 5016 5071 5160
f 5016 5160 5105
f 4749 4605 4660
f 4605 4516 4660
f 4660 4516 4571
f 4571 4715 4660
f 4571 4427 4482
f 5131 5220 5076
f 5275 5220 5131
f 5131 5186 5275
f 5042 5186 5131
f 5076 5220 5165
f 5262 5207 5118
f 5597 5453 5508
f 5508 5453 5364
f 5597 5508 5652
f 5652 5508 5563
f 5707 5652 5563
f 5995 6084 5940
f 5995 6139 6084
f 5995 5906 6050
f 6050 6139 5995
f 4034 4178 4123
f 4034 3890 3945
f 3945 4089 4034
f 4089 4178 4034
f 4123 3979 4034
f 4034 3979 3890
f 4445 4356 4500
f 4500 4356 4411
f 4500 4411 4555
f 4555 4644 4500
f 4411 4356 4267
f 4322 4411 4267
f 4267 4178 4322
f 4123 4178 4267
f 4267 4212 4123
f 4267 4356 4212
f 5097 5152 5241
f 5186 5097 5241
f 5296 5152 5207
f 5296 5440 5385
f 5385 5241 5296
f 5296 5241 5152
f 4453 4597 4542
f 4453 4309 4364
f 4453 4542 4398
f 4398 4309 4453
f 4974 4830 4885
f 4110 4055 3966
f 4199 4055 4110
f 4432 4377 4288
f 4343 4432 4288
f 4288 4199 4343
f 4144 4199 4288
f 4288 4233 4144
f 4288 4377 4233
f 4521 4432 4576
f 3911 3856 3767
f 3623 3678 3767
f 3822 3966 3911
f 3911 3767 3822
f 3822 3767 3678
f 3877 3966 3822
f 3843 3788 3699
f 2707 2563 2618
f 2474 2563 2419
f 2474 2618 2563
f 2757 2702 2613
f 2613 2668 2757
f 2524 2668 2613
f 2613 2702 2558
f 2215 2126 2270
f 2270 2359 2215
f 2215 2359 2304
f 2215 2071 2126
f 2503 2647 2592
f 2558 2647 2503
f 2592 2647 2736
f 2880 2825 2736
f 2105 2249 2194
f 2105 1961 2016
f 2105 2050 1961
f 2194 2050 2105
f 2393 2249 2304
f 2393 2537 2482
f 2338 2482 2427
f 2194 2249 2338
f 2338 2393 2482
f 2249 2393 2338
f 2427 2283 2338
f 2338 2283 2194
f 2592 2537 2448
f 2448 2503 2592
f 2359 2503 2448
f 2304 2359 2448
f 2448 2393 2304
f 2537 2393 2448
f 2681 2537 2592
f 2681 2825 2770
f 2592 2736 2681
f 2681 2736 2825
f 2482 2537 2626
f 2770 2715 2626
f 2626 2681 2770
f 2537 2681 2626
f 2749 2605 2660
f 4443 4354 4498
f 4498 4354 4409
f 4409 4553 4498
f 4498 4553 4642
f 4210 4121 4265
f 4265 4354 4210
f 4066 4121 4210
f 4210 4155 4066
f 3244 3388 3333
f 3333 3189 3244
f 3532 3388 3443
f 3532 3587 3676
f 3443 3587 3532
f 3299 3244 3155
f 3299 3388 3244
f 3155 3210 3299
f 3443 3388 3299
f 3299 3210 3354
f 3354 3443 3299
f 3202 3346 3291
f 2969 2825 2880
f 2914 2825 2969
f 4168 4113 4024
f 4257 4113 4168
f 3880 3935 4024
f 2982 3126 3071
f 3202 3291 3147
f 3956 4045 3901
f 3579 3668 3524
f 4388 4477 4333
f 4333 4278 4189
f 4045 4100 4189
f 4134 4045 4189
f 4189 4278 4134
f 4655 4600 4511
f 4566 4655 4511
f 4600 4456 4511
f 3977 3833 3888
f 3977 4121 4066
f 4032 4121 3977
f 3977 3888 4032
f 3689 3545 3600
f 4087 3943 3998
f 3998 4142 4087
f 3909 4053 3998
f 3998 4053 4142
f 3490 3545 3634
f 3490 3634 3579
f 3778 3634 3689
f 3689 3833 3778
f 3579 3634 3723
f 3723 3668 3579
f 3634 3778 3723
f 3723 3778 3867
f 4011 4100 3956
f 3956 3867 4011
f 4011 4155 4100
f 4066 4155 4011
f 4375 4464 4320
f 4519 4464 4375
f 4375 4430 4519
f 4375 4286 4430
f 4723 4778 4867
f 4689 4778 4634
f 4833 4778 4689
f 4689 4744 4833
f 4600 4744 4689
f 4346 4257 4401
f 4401 4490 4346
f 4579 4634 4723
f 4579 4490 4634
f 5312 5257 5168
f 5168 5223 5312
f 5079 5223 5168
f 5168 5024 5079
f 5024 4935 5079
f 4846 4901 4990
f 4990 4935 4846
f 4990 5079 4935
f 5922 5833 5977
f 5833 5888 5977
f 5744 5833 5689
f 5689 5600 5744
f 5833 5778 5689
f 5689 5778 5634
f 5799 5655 5710
f 5710 5621 5765
f 5532 5621 5477
f 5354 5498 5443
f 5642 5731 5587
f 5587 5498 5642
f 5731 5676 5587
f 5443 5498 5587
f 5532 5443 5587
f 5587 5676 5532
f 5909 5765 5820
f 5765 5676 5820
f 5820 5676 5731
f 5731 5875 5820
f 4922 4778 4833
f 4922 4867 4778
f 5244 5189 5100
f 5333 5189 5244
f 5375 5519 5464
f 5464 5320 5375
f 5375 5430 5519
f 5286 5430 5375
f 5053 5197 5142
f 5197 5286 5142
f 5142 4998 5053
f 5087 4998 5142
f 5252 5108 5163
f 5252 5396 5341
f 5341 5197 5252
f 5197 5108 5252
f 5307 5396 5252
f 5252 5163 5307
f 4833 4744 4888
f 4312 4456 4401
f 4312 4168 4223
f 4401 4257 4312
f 4257 4168 4312
f 4566 4477 4621
f 4621 4710 4566
f 3516 3461 3372
f 3372 3317 3228
f 3461 3317 3372
f 2817 2872 2961
f 2927 2982 3071
f 2838 2982 2927
f 2728 2817 2673
f 2728 2872 2817
f 3050 2995 2906
f 2817 2961 2906
f 2906 2961 3050
f 3482 3626 3571
f 3626 3715 3571
f 3626 3537 3681
f 3681 3537 3592
f 3304 3160 3215
f 3448 3393 3304
f 3194 3050 3105
f 3050 2961 3105
f 3393 3338 3249
f 3249 3304 3393
f 3160 3304 3249
f 3249 3105 3160
f 3249 3338 3194
f 3194 3105 3249
f 3605 3461 3516
f 3605 3749 3694
f 3605 3694 3550
f 3550 3461 3605
f 3783 3694 3838
f 3838 3927 3783
f 3694 3749 3838
f 3783 3927 3872
f 3872 3728 3783
f 3872 3817 3728
f 4825 4681 4736
f 4736 4880 4825
f 4791 4880 4736
f 4270 4126 4181
f 3987 3898 4042
f 4042 4131 3987
f 3987 4131 4076
f 3987 3843 3898
f 4076 4131 4220
f 4364 4309 4220
f 4220 4275 4364
f 4220 4131 4275
f 3974 3830 3885
f 4118 4063 3974
f 3885 4029 3974
f 3974 4029 4118
f 4063 4008 3919
f 3919 3974 4063
f 3830 3974 3919
f 3775 3830 3919
f 3919 3864 3775
f 3919 4008 3864
f 1636 1547 1691
f 1691 1547 1602
f 1801 1657 1712
f 2843 2699 2754
f 2843 2987 2932
f 2754 2898 2843
f 2898 2987 2843
f 2466 2521 2610
f 2610 2555 2466
f 2699 2555 2610
f 2754 2699 2610
f 3021 2877 2932
f 3021 3110 2966
f 2966 2877 3021
f 2788 2733 2644
f 2788 2877 2733
f 2644 2699 2788
f 2932 2877 2788
f 2788 2843 2932
f 2699 2843 2788
f 2288 2343 2432
f 2199 2343 2288
f 2144 2199 2288
f 2288 2233 2144
f 2466 2322 2377
f 2322 2233 2377
f 2233 2288 2377
f 2377 2521 2466
f 2432 2521 2377
f 2377 2288 2432
f 2547 2458 2602
f 2369 2314 2225
f 2369 2458 2314
f 2369 2225 2280
f 2280 2424 2369
f 2411 2555 2500
f 2500 2356 2411
f 2411 2322 2466
f 2466 2555 2411
f 1924 2068 2013
f 1979 2034 2123
f 2123 2068 1979
f 1979 1924 1835
f 2068 1924 1979
f 2445 2589 2534
f 2534 2390 2445
f 2500 2589 2445
f 2445 2356 2500
f 2267 2123 2178
f 2267 2411 2356
f 2178 2322 2267
f 2322 2411 2267
f 1068 1157 1013
f 1123 1212 1068
f 1068 1212 1157
f 1178 1089 1233
f 1267 1123 1178
f 1013 1157 1102
f 1102 1191 1047
f 1102 1157 1246
f 1246 1191 1102
f 1047 958 1102
f 1102 958 1013
f 1513 1657 1602
f 1513 1602 1458
f 1458 1369 1513
f 1369 1424 1513
f 2131 2275 2220
f 2131 1987 2042
f 2131 2042 2186
f 2186 2275 2131
f 2131 2220 2076
f 2076 1987 2131
f 2665 2809 2754
f 2665 2521 2576
f 2576 2720 2665
f 2720 2809 2665
f 2754 2610 2665
f 2665 2610 2521
f 2398 2453 2542
f 2631 2487 2542
f 2542 2487 2398
f 2542 2453 2597
f 2364 2275 2419
f 2220 2275 2364
f 2309 2220 2364
f 2364 2453 2309
f 2398 2343 2254
f 2309 2398 2254
f 2254 2165 2309
f 2110 2165 2254
f 2254 2199 2110
f 2254 2343 2199
f 5086 5141 5230
f 5086 4997 5141
f 4633 4722 4578
f 4777 4722 4633
f 4633 4688 4777
f 4544 4688 4633
f 4832 4976 4921
f 4832 4688 4743
f 4832 4743 4887
f 4887 4976 4832
f 4832 4921 4777
f 4777 4688 4832
f 4743 4688 4599
f 4510 4654 4599
f 4599 4654 4743
f 4599 4455 4510
f 4544 4455 4599
f 4599 4688 4544
f 5366 5455 5311
f 5023 4934 5078
f 5023 4879 4934
f 4968 4879 5023
f 5366 5311 5222
f 5154 5243 5099
f 5065 4976 5120
f 5120 5209 5065
f 5065 5209 5154
f 4921 4976 5065
f 4408 4552 4497
f 4408 4264 4319
f 4497 4353 4408
f 4353 4264 4408
f 4497 4552 4641
f 4730 4586 4641
f 4641 4586 4497
f 4607 4552 4463
f 4319 4374 4463
f 4463 4408 4319
f 4552 4408 4463
f 4285 4374 4230
f 4785 4874 4730
f 4730 4641 4785
f 5073 5128 5217
f 3201 3345 3290
f 3290 3146 3201
f 3290 3235 3146
f 2680 2824 2769
f 2680 2536 2591
f 2591 2735 2680
f 2735 2824 2680
f 3112 3057 2968
f 2968 3023 3112
f 2968 3057 2913
f 2913 2824 2968
f 3303 3214 3358
f 3358 3447 3303
f 3358 3214 3269
f 3502 3447 3358
f 3180 3235 3324
f 3324 3269 3180
f 3756 3612 3667
f 3667 3811 3756
f 3667 3578 3722
f 3722 3811 3667
f 4683 4772 4628
f 4827 4772 4683
f 4594 4738 4683
f 4683 4738 4827
f 4306 4450 4395
f 4395 4251 4306
f 3997 4052 4141
f 4141 4230 4086
f 4086 3997 4141
f 4141 4285 4230
f 4141 4052 4196
f 4196 4285 4141
f 3332 3387 3476
f 2096 2007 2151
f 1952 2007 2096
f 2096 2041 1952
f 2185 2041 2096
f 2473 2418 2329
f 2384 2473 2329
f 2329 2274 2185
f 2329 2418 2274
f 2884 2939 3028
f 3028 2973 2884
f 2884 2973 2829
f 2829 2740 2884
f 2795 2884 2740
f 2939 2884 2795
f 2706 2850 2795
f 2795 2850 2939
f 2651 2596 2507
f 2651 2740 2596
f 2507 2562 2651
f 2651 2795 2740
f 2562 2706 2651
f 2706 2795 2651
f 2316 2405 2261
f 2460 2405 2316
f 2316 2371 2460
f 2947 3036 2892
f 2892 2803 2947
f 2104 2049 1960
f 2104 2193 2049
f 2104 2159 2248
f 2248 2193 2104
f 2625 2714 2570
f 2570 2481 2625
f 2625 2481 2536
f 2769 2714 2625
f 2625 2680 2769
f 2536 2680 2625
f 2392 2337 2248
f 2392 2481 2337
f 2248 2303 2392
f 2536 2481 2392
f 2303 2447 2392
f 2447 2536 2392
f 2659 2515 2570
f 2570 2714 2659
f 2714 2803 2659
f 2892 2837 2748
f 2748 2803 2892
f 2748 2659 2803
f 2693 2837 2782
f 2638 2549 2693
f 2693 2782 2638
f 2693 2748 2837
f 3981 4125 4070
f 3782 3837 3926
f 3926 3871 3782
f 4015 3871 3926
f 4070 4015 3926
f 3926 3981 4070
f 3837 3981 3926
f 3824 3879 3968
f 3968 4112 4057
f 4023 4112 3968
f 3968 3879 4023
f 3913 3769 3824
f 3824 3968 3913
f 3913 3968 4057
f 3858 3769 3913
f 3536 3680 3625
f 3680 3769 3625
f 3625 3481 3536
f 3570 3481 3625
f 3659 3803 3748
f 3515 3570 3659
f 3659 3604 3515
f 3748 3604 3659
f 2952 2808 2863
f 2863 3007 2952
f 3007 3096 2952
f 3075 2931 2986
f 2965 3054 2910
f 2910 2821 2965
f 3308 3452 3397
f 3130 3075 2986
f 3219 3075 3130
f 2960 3015 3104
f 3193 3049 3104
f 3104 3049 2960
f 3104 3248 3193
f 3159 3015 3070
f 3303 3248 3159
f 3248 3104 3159
f 3159 3104 3015
f 3070 3214 3159
f 3159 3214 3303
f 3460 3405 3316
f 3227 3371 3316
f 3316 3371 3460
f 3316 3172 3227
f 3261 3172 3316
f 3316 3405 3261
f 4193 4337 4282
f 4193 4049 4104
f 4248 4193 4104
f 4337 4193 4248
f 4282 4337 4426
f 4481 4570 4426
f 4426 4337 4481
f 4693 4638 4549
f 4549 4405 4460
f 3384 3528 3473
f 3528 3617 3473
f 3473 3617 3562
f 3473 3329 3384
f 4138 4282 4227
f 4138 3994 4049
f 4138 4193 4282
f 4049 4193 4138
f 4227 4083 4138
f 4083 3994 4138
f 3960 3816 3871
f 4104 4049 3960
f 3960 4049 3905
f 3905 3816 3960
f 3960 4015 4104
f 3960 3871 4015
f 3295 3151 3206
f 3295 3439 3384
f 3384 3240 3295
f 3240 3151 3295
f 3350 3439 3295
f 3295 3206 3350
f 3575 3431 3486
f 3575 3719 3664
f 3575 3486 3630
f 3630 3719 3575
f 3376 3431 3520
f 3520 3465 3376
f 3609 3465 3520
f 3664 3609 3520
f 3520 3575 3664
f 3431 3575 3520
f 4939 4795 4850
f 4795 4706 4850
f 4850 4706 4761
f 4672 4528 4583
f 4672 4816 4761
f 4583 4727 4672
f 4672 4727 4816
f 4761 4706 4617
f 4617 4672 4761
f 4528 4672 4617
f 4473 4528 4617
f 4617 4562 4473
f 4617 4706 4562
f 5672 5528 5583
f 5583 5727 5672
f 5583 5638 5727
f 5384 5329 5240
f 5172 5117 5028
f 5028 4884 4939
f 5028 5117 4973
f 4973 4884 5028
f 5214 5159 5070
f 5015 5159 5104
f 5015 4871 4926
f 4926 5070 5015
f 5015 5070 5159
f 5303 5159 5214
f 5303 5447 5392
f 5214 5358 5303
f 5303 5358 5447
f 5104 5159 5248
f 5248 5303 5392
f 5159 5303 5248
f 4748 4837 4693
f 4659 4803 4748
f 5193 5049 5104
f 5104 5248 5193
f 4939 4850 4994
f 4816 4871 4960
f 5104 5049 4960
f 4960 5015 5104
f 4871 5015 4960
f 5426 5481 5570
f 4494 4638 4583
f 4583 4439 4494
f 4494 4549 4638
f 4405 4549 4494
f 4460 4405 4316
f 4316 4172 4227
f 5585 5640 5729
f 5818 5674 5729
f 5729 5674 5585
f 5729 5873 5818
f 5729 5640 5784
f 5784 5873 5729
f 5928 5784 5839
f 5928 5873 5784
f 5949 5894 5805
f 5572 5428 5483
f 5572 5517 5428
f 4192 4137 4048
f 4048 4103 4192
f 4048 3959 4103
f 3904 3959 4048
f 3993 3904 4048
f 4048 4137 3993
f 4404 4315 4459
f 4459 4514 4603
f 2718 2629 2773
f 2773 2629 2684
f 2773 2684 2828
f 2828 2917 2773
f 2841 2896 2985
f 2985 2930 2841
f 2786 2697 2841
f 2841 2930 2786
f 3184 3095 3239
f 3239 3328 3184
f 3328 3273 3184
f 3040 3095 3184
f 2807 2951 2896
f 2807 2663 2718
f 3527 3472 3383
f 3239 3294 3383
f 3383 3328 3239
f 3472 3328 3383
f 3150 3294 3239
f 3150 3095 3006
f 3239 3095 3150
f 3205 3294 3150
f 4310 4255 4166
f 4221 4310 4166
f 4166 4077 4221
f 4022 4077 4166
f 4166 4111 4022
f 4166 4255 4111
f 4043 3988 3899
f 3988 3844 3899
f 3899 3844 3755
f 3598 3454 3509
f 3399 3344 3255
f 3433 3344 3488
f 3488 3344 3399
f 3289 3344 3433
f 3234 3145 3289
f 3370 3459 3315
f 3425 3514 3370
f 3514 3459 3370
f 3027 3116 2972
f 3027 3171 3116
f 2938 3082 3027
f 3082 3171 3027
f 3294 3349 3438
f 3527 3383 3438
f 3438 3383 3294
f 3438 3582 3527
f 3438 3493 3582
f 3438 3349 3493
f 3645 3556 3700
f 3501 3556 3645
f 3645 3590 3501
f 3734 3590 3645
f 3412 3323 3467
f 3467 3556 3412
f 5831 5776 5687
f 5776 5831 5920
f 5920 5831 5975
f 5632 5776 5721
f 5721 5577 5632
f 5653 5509 5564
f 5653 5598 5509
f 5564 5708 5653
f 5077 5221 5166
f 5221 5310 5166
f 5166 5022 5077
f 4789 4933 4878
f 4789 4645 4700
f 4700 4844 4789
f 4844 4933 4789
f 4501 4412 4556
f 4556 4645 4501
f 4556 4412 4467
f 4700 4645 4556
f 4556 4611 4700
f 4467 4611 4556
f 4734 4789 4878
f 4645 4789 4734
f 5001 5056 5145
f 5145 5090 5001
f 5001 4946 4857
f 5001 5090 4946
f 4878 5022 4967
f 5082 5027 4938
f 5171 5027 5082
f 5315 5260 5171
f 5404 5260 5315
f 4904 4815 4959
f 4904 4760 4815
f 4849 4760 4904
f 4069 4213 4158
f 4069 4014 3925
f 4158 4014 4069
f 4124 4213 4069
f 5145 5289 5234
f 5234 5090 5145
f 4747 4603 4658
f 4658 4802 4747
f 1349 1205 1260
f 1472 1328 1383
f 1383 1328 1239
f 1870 1726 1781
f 1692 1836 1781
f 1637 1726 1582
f 1692 1781 1637
f 1637 1781 1726
f 1459 1315 1370
f 1802 1946 1891
f 1857 1946 1802
f 1747 1836 1692
f 1692 1603 1747
f 1891 1836 1747
f 1747 1802 1891
f 1582 1726 1671
f 1671 1726 1815
f 2061 2205 2150
f 2150 2006 2061
f 1760 1815 1904
f 1760 1671 1815
f 2116 2061 1972
f 2205 2061 2116
f 2069 2124 2213
f 2213 2158 2069
f 2357 2302 2213
f 2213 2268 2357
f 2357 2268 2412
f 2734 2590 2645
f 2645 2789 2734
f 2734 2823 2679
f 2679 2590 2734
f 2535 2590 2679
f 2679 2624 2535
f 2912 3001 2857
f 2912 2823 2967
f 2946 3001 3090
f 3090 3035 2946
f 3090 3145 3234
f 3090 3001 3145
f 2493 2582 2438
f 2692 2548 2603
f 2548 2459 2603
f 3336 3480 3425
f 3391 3480 3336
f 3336 3247 3391
f 1951 2006 2095
f 2095 2006 2150
f 2150 2239 2095
f 2150 2205 2294
f 2294 2239 2150
f 2239 2294 2383
f 2438 2527 2383
f 2383 2294 2438
f 2451 2595 2540
f 2540 2396 2451
f 2451 2396 2307
f 2828 2684 2739
f 2684 2595 2739
f 2849 2705 2760
f 2849 2993 2938
f 2760 2904 2849
f 2849 2904 2993
f 2616 2705 2561
f 2760 2705 2616
f 2582 2726 2671
f 2671 2527 2582
f 2760 2616 2671
f 2671 2616 2527
f 5551 5462 5606
f 5407 5462 5551
f 5551 5496 5407
f 5551 5640 5496
f 5407 5263 5318
f 5318 5462 5407
f 5318 5229 5373
f 5373 5462 5318
f 5208 5263 5352
f 5352 5297 5208
f 5441 5297 5352
f 5496 5441 5352
f 5407 5496 5352
f 5352 5263 5407
f 5106 5250 5195
f 5250 5339 5195
f 4907 4962 5051
f 5051 5195 5140
f 5051 4962 5106
f 5106 5195 5051
f 4729 4674 4585
f 4585 4640 4729
f 4530 4674 4619
f 4530 4386 4441
f 4441 4585 4530
f 4530 4585 4674
f 4619 4475 4530
f 4475 4386 4530
f 5119 5263 5208
f 5119 5064 4975
f 5208 5064 5119
f 5085 5140 5229
f 4653 4564 4708
f 4708 4564 4619
f 4619 4763 4708
f 4831 4920 4776
f 4975 4920 4831
f 5030 5119 4975
f 4941 5085 5030
f 4797 4742 4653
f 4653 4708 4797
f 3619 3763 3708
f 3708 3763 3852
f 4517 4462 4373
f 4373 4428 4517
f 4606 4462 4517
f 4517 4661 4606
f 4606 4695 4551
f 4551 4462 4606
f 4318 4462 4407
f 4229 4373 4318
f 4318 4373 4462
f 4716 4771 4860
f 4627 4771 4716
f 4983 4839 4894
f 4538 4394 4449
f 4682 4627 4538
f 4538 4593 4682
f 4538 4449 4593
f 2556 2611 2700
f 2700 2645 2556
f 2789 2645 2700
f 2844 2789 2700
f 2700 2755 2844
f 2611 2755 2700
f 2556 2412 2467
f 2467 2611 2556
f 1912 2056 2001
f 1912 1857 1768
f 2001 1857 1912
f 2666 2810 2755
f 2666 2755 2611
f 2577 2721 2666
f 2666 2721 2810
f 3043 2988 2899
f 2899 2954 3043
f 2810 2954 2899
f 2755 2810 2899
f 2899 2988 2844
f 2844 2755 2899
f 6929 6840 6984
f 6785 6840 6929
f 6929 6874 6785
f 6366 6421 6510
f 6421 6565 6510
f 6510 6654 6599
f 6510 6565 6654
f 6798 6654 6709
f 6709 6853 6798
f 6654 6565 6709
f 6709 6565 6620
f 6586 6497 6641
f 6599 6688 6544
f 6633 6688 6777
f 6633 6544 6688
f 6578 6489 6633
f 6489 6544 6633
f 7060 7094 7005
f 7005 6916 7060
f 6916 6971 7060
f 7591 7557 7646
f 7591 7625 7536
f 7536 7502 7591
f 7502 7557 7591
f 7591 7646 7680
f 7680 7625 7591
f 7612 7578 7667
f 7667 7646 7612
f 7646 7557 7612
f 7523 7578 7612
f 7612 7557 7523
f 7264 7298 7209
f 7209 7298 7243
f 6798 6853 6942
f 6942 6853 6997
f 7277 7243 7332
f 7243 7298 7332
f 6735 6646 6790
f 6735 6879 6824
f 6790 6879 6735
f 6824 6680 6735
f 6735 6680 6591
f 6591 6646 6735
f 7099 7188 7133
f 7044 6900 6955
f 7133 7078 7044
f 7044 7099 7133
f 6989 6934 6845
f 6845 6900 6989
f 6900 7044 6989
f 6989 7044 7078
f 7002 6913 7057
f 7256 7290 7201
f 7167 7078 7133
f 7133 7222 7167
f 7222 7256 7167
f 7167 7256 7201
f 6290 6434 6379
f 6379 6468 6324
f 6379 6523 6468
f 6434 6523 6379
f 6379 6235 6290
f 6324 6235 6379
f 6612 6756 6701
f 6612 6701 6557
f 6557 6468 6612
f 6468 6523 6612
f 6489 6434 6345
f 6345 6434 6290
f 6112 6256 6201
f 6201 6057 6112
f 6201 6345 6290
f 6256 6345 6201
f 6290 6146 6201
f 6201 6146 6057
f 6240 6295 6384
f 6151 6295 6240
f 6426 6282 6337
f 6248 6392 6337
f 6337 6193 6248
f 6282 6193 6337
f 6481 6426 6337
f 6337 6392 6481
f 6439 6295 6350
f 6295 6206 6350
f 5761 5816 5905
f 5905 5816 5960
f 6138 6227 6083
f 5706 5617 5761
f 6214 6070 6125
f 6125 6269 6214
f 6214 6269 6358
f 5926 6070 6015
f 6015 5871 5926
f 5960 5871 6015
f 6010 6154 6099
f 6099 5955 6010
f 6298 6154 6209
f 6209 6353 6298
f 6332 6421 6277
f 6277 6188 6332
f 5722 5633 5777
f 5989 5845 5900
f 6044 6188 6133
f 6044 5900 5955
f 6099 6188 6044
f 6044 5955 6099
f 6044 6133 5989
f 5989 5900 6044
f 5612 5523 5667
f 5557 5502 5413
f 5413 5358 5269
f 5413 5502 5358
f 5934 5790 5845
f 5934 6078 6023
f 5934 6023 5879
f 5879 5790 5934
f 5934 5845 5989
f 5989 6078 5934
f 5646 5790 5735
f 5646 5502 5557
f 6023 6078 6167
f 6112 6023 6167
f 6167 6256 6112
f 6167 6078 6222
f 5735 5680 5591
f 5591 5646 5735
f 5502 5646 5591
f 5447 5502 5591
f 5536 5447 5591
f 5591 5680 5536
f 5570 5481 5625
f 5625 5714 5570
f 5625 5481 5536
f 5769 5714 5625
f 5536 5680 5625
f 5625 5680 5769
f 5172 5316 5261
f 5261 5117 5172
f 5261 5350 5206
f 5206 5117 5261
f 5405 5460 5549
f 5405 5316 5460
f 5405 5261 5316
f 5350 5261 5405
f 6049 6193 6138
f 6049 5905 5960
f 5473 5418 5329
f 5329 5384 5473
f 5473 5528 5617
f 5473 5384 5528
f 7720 7665 7686
f 7720 7775 7754
f 7720 7754 7699
f 7699 7665 7720
f 7576 7665 7610
f 7555 7521 7610
f 7521 7576 7610
f 7610 7644 7555
f 7665 7644 7610
f 7623 7589 7678
f 7589 7644 7678
f 7678 7644 7699
f 7746 7712 7767
f 7877 7911 7890
f 7911 7924 7890
f 7903 7869 7890
f 7890 7924 7903
f 7856 7822 7877
f 7877 7890 7856
f 7877 7822 7843
f 7809 7864 7843
f 7843 7864 7877
f 4868 4957 4813
f 4813 4957 4902
f 4902 4758 4813
f 4813 4758 4669
f 5245 5190 5101
f 5245 5101 5156
f 5156 5300 5245
f 5300 5389 5245
f 5046 5190 5135
f 4902 4957 5046
f 5046 4957 5101
f 5101 5190 5046
f 5046 4991 4902
f 5135 4991 5046
f 5567 5478 5622
f 5622 5478 5533
f 5533 5677 5622
f 5622 5677 5766
f 4915 4826 4970
f 4970 5059 4915
f 4970 4826 4881
f 5114 5059 4970
f 4881 5025 4970
f 4970 5025 5114
f 5080 4991 5135
f 5169 5025 5080
f 4936 5025 4881
f 4936 5080 5025
f 4991 5080 4936
f 4457 4546 4402
f 4402 4313 4457
f 4326 4182 4237
f 4182 4093 4237
f 4237 4093 4148
f 4148 4292 4237
f 4114 4203 4059
f 4381 4525 4470
f 4381 4237 4292
f 4436 4525 4381
f 4381 4292 4436
f 4381 4470 4326
f 4326 4237 4381
f 5250 5161 5305
f 6622 6478 6533
f 6588 6677 6533
f 6533 6677 6622
f 6266 6321 6410
f 5135 5190 5279
f 5423 5368 5279
f 5580 5635 5724
f 5258 5114 5169
f 5169 5313 5258
f 5436 5580 5525
f 5525 5381 5436
f 5436 5381 5292
f 6724 6635 6779
f 6724 6580 6635
f 6161 6072 6216
f 6216 6072 6127
f 6504 6593 6449
f 6245 6101 6156
f 6381 6237 6292
f 6525 6381 6436
f 6436 6580 6525
f 6381 6292 6436
f 6436 6292 6347
f 6418 6507 6363
f 6287 6431 6376
f 6287 6342 6431
f 6376 6232 6287
f 6232 6143 6287
f 6253 6109 6164
f 6164 6308 6253
f 6253 6308 6397
f 6397 6342 6253
f 5533 5444 5588
f 5588 5677 5533
f 5588 5444 5499
f 5732 5677 5588
f 5588 5643 5732
f 5499 5643 5588
f 5965 6054 5910
f 5910 5821 5965
f 5910 6054 5999
f 5766 5821 5910
f 5999 5855 5910
f 5910 5855 5766
f 6973 7028 7062
f 6884 7028 6973
f 7062 6918 6973
f 6829 6884 6973
f 6973 6918 6829
f 7413 7502 7447
f 7481 7392 7447
f 7447 7502 7536
f 7536 7481 7447
f 7337 7426 7371
f 7337 7392 7426
f 7261 7227 7316
f 7371 7405 7316
f 7316 7350 7261
f 7316 7405 7350
f 7172 7227 7261
f 7172 7261 7206
f 7206 7117 7172
f 7227 7172 7138
f 6858 6913 7002
f 6617 6761 6706
f 6706 6562 6617
f 6562 6473 6617
f 6549 6405 6460
f 6981 6837 6892
f 6541 6685 6630
f 6541 6596 6685
f 6541 6486 6397
f 6630 6486 6541
f 7122 7067 7033
f 7033 7088 7122
f 6910 7054 6999
f 7054 7088 6999
f 6999 6855 6910
f 6999 6944 6855
f 7088 7033 6999
f 7033 6944 6999
f 6779 6923 6868
f 6868 6724 6779
f 6813 6724 6868
f 6868 6923 7012
f 7706 7651 7672
f 7672 7651 7617
f 7617 7583 7672
f 7528 7583 7617
f 7816 7761 7782
f 7748 7803 7782
f 7782 7837 7816
f 7803 7837 7782
f 7672 7693 7727
f 7727 7706 7672
f 7761 7706 7727
f 7727 7782 7761
f 7727 7693 7748
f 7748 7782 7727
f 7324 7290 7379
f 7324 7379 7413
f 7413 7447 7358
f 7358 7447 7392
f 7358 7324 7413
f 7269 7324 7358
f 7070 6981 7036
f 7036 6981 6892
f 6986 6842 6897
f 7075 6931 6986
f 7075 7020 6931
f 7075 7130 7164
f 7075 7164 7109
f 7109 7020 7075
f 7185 7151 7240
f 7240 7274 7185
f 7206 7295 7240
f 7240 7151 7206
f 7520 7486 7575
f 7575 7609 7520
f 7520 7609 7554
f 7452 7486 7397
f 7507 7452 7418
f 7418 7473 7507
f 7643 7609 7664
f 7664 7698 7643
f 7664 7575 7630
f 7664 7609 7575
f 7719 7698 7664
f 7528 7473 7439
f 7439 7494 7528
f 7439 7473 7384
f 7439 7384 7350
f 7350 7405 7439
f 7405 7494 7439
f 7308 7274 7363
f 7418 7452 7363
f 7452 7397 7363
f 7363 7397 7308
f 7219 7274 7308
f 7219 7253 7164
f 7308 7253 7219
f 7164 7130 7219
f 7219 7130 7185
f 7185 7274 7219
f 7198 7232 7143
f 7198 7143 7109
f 7109 7164 7198
f 7164 7253 7198
f 3335 3390 3479
f 3424 3335 3479
f 3479 3568 3424
f 3623 3568 3479
f 3657 3568 3712
f 3712 3801 3657
f 3712 3568 3623
f 3856 3801 3712
f 3623 3767 3712
f 3712 3767 3856
f 3390 3445 3534
f 3623 3479 3534
f 3534 3479 3390
f 3534 3678 3623
f 3589 3678 3534
f 3534 3445 3589
f 3458 3547 3403
f 3403 3314 3458
f 3458 3314 3369
f 3602 3547 3458
f 3458 3513 3602
f 3369 3513 3458
f 3123 3178 3267
f 3267 3212 3123
f 3356 3212 3267
f 3411 3356 3267
f 3267 3322 3411
f 3267 3178 3322
f 2107 2196 2052
f 2107 2251 2196
f 2107 2018 2162
f 2162 2251 2107
f 2361 2217 2272
f 2217 2128 2272
f 2272 2128 2183
f 1785 1696 1840
f 1696 1751 1840
f 1840 1929 1785
f 1984 1929 1840
f 1840 1895 1984
f 1840 1751 1895
f 1539 1450 1594
f 1539 1594 1683
f 1683 1628 1539
f 1539 1628 1484
f 1942 1853 1997
f 1942 1887 1798
f 1798 1853 1942
f 2120 2264 2209
f 2264 2353 2209
f 2353 2298 2209
f 2209 2065 2120
f 2154 2065 2209
f 2209 2298 2154
f 2463 2408 2319
f 2319 2374 2463
f 2230 2374 2319
f 2319 2175 2230
f 2264 2175 2319
f 2319 2408 2264
f 2552 2641 2497
f 2497 2408 2552
f 2552 2408 2463
f 2552 2696 2641
f 2997 3141 3086
f 2997 2908 3052
f 3052 3141 2997
f 2531 2675 2620
f 2586 2675 2531
f 2463 2518 2607
f 2607 2552 2463
f 2696 2552 2607
f 2751 2696 2607
f 2518 2662 2607
f 2607 2662 2751
f 2840 2696 2751
f 2840 2984 2929
f 2641 2696 2785
f 2785 2730 2641
f 2785 2840 2929
f 2696 2840 2785
f 2874 2963 2819
f 2819 2730 2874
f 2730 2785 2874
f 2874 3018 2963
f 2929 3018 2874
f 2874 2785 2929
f 3073 3217 3162
f 3217 3306 3162
f 3162 3306 3251
f 3162 3018 3073
f 3162 3251 3107
f 3107 3018 3162
f 3759 3704 3615
f 3526 3670 3615
f 3615 3670 3759
f 3615 3471 3526
f 3560 3704 3649
f 3560 3416 3471
f 3471 3615 3560
f 3560 3615 3704
f 3505 3361 3416
f 3505 3560 3649
f 3416 3560 3505
f 3450 3361 3505
f 3039 3094 3183
f 3183 3128 3039
f 3272 3128 3183
f 3327 3272 3183
f 3293 3382 3238
f 3238 3382 3327
f 3327 3183 3238
f 3238 3183 3094
f 2916 3060 3005
f 3005 2861 2916
f 2950 3094 3039
f 2861 3005 2950
f 2950 3005 3094
f 2594 2505 2649
f 2628 2772 2717
f 2628 2717 2573
f 2162 2217 2306
f 2306 2251 2162
f 2395 2251 2306
f 2306 2217 2361
f 2340 2395 2484
f 2484 2573 2429
f 2429 2340 2484
f 2484 2628 2573
f 2484 2395 2539
f 2539 2628 2484
f 5280 5424 5369
f 5369 5225 5280
f 5513 5657 5602
f 5513 5369 5424
f 5568 5657 5513
f 5513 5424 5568
f 5513 5602 5458
f 5458 5369 5513
f 5636 5547 5691
f 5492 5547 5636
f 5314 5369 5458
f 5225 5369 5314
f 4992 5136 5081
f 5081 5136 5225
f 6110 5966 6021
f 6254 6199 6110
f 6110 6055 5966
f 6199 6055 6110
f 6021 6165 6110
f 6110 6165 6254
f 4259 4115 4170
f 4204 4115 4259
f 4259 4348 4204
f 4670 4725 4814
f 4903 4759 4814
f 4814 4759 4670
f 4725 4869 4814
f 4581 4725 4670
f 4437 4492 4581
f 4581 4492 4636
f 4636 4725 4581
f 4581 4526 4437
f 4670 4526 4581
f 4382 4526 4471
f 4238 4293 4382
f 4382 4293 4437
f 4437 4526 4382
f 4471 4327 4382
f 4382 4327 4238
f 4636 4691 4780
f 4780 4725 4636
f 4780 4869 4725
f 5013 5068 5157
f 5301 5246 5157
f 5212 5301 5157
f 5157 5068 5212
f 5191 5136 5047
f 5280 5136 5191
f 5479 5424 5335
f 5335 5390 5479
f 5246 5390 5335
f 5335 5191 5246
f 5335 5424 5280
f 5280 5191 5335
f 5699 5644 5555
f 5555 5610 5699
f 5356 5411 5500
f 5500 5445 5356
f 5411 5555 5500
f 5500 5555 5644
f 5178 5089 5233
f 5288 5377 5233
f 5932 5843 5987
f 5788 5843 5932
f 6021 5877 5932
f 5932 5877 5788
f 5945 6089 6034
f 5801 5856 5945
f 6000 6089 5945
f 5945 5856 6000
f 5945 5890 5801
f 5945 6034 5890
f 5767 5712 5623
f 5479 5534 5623
f 5623 5568 5479
f 5623 5712 5568
f 5767 5623 5678
f 5678 5623 5534
f 5966 5911 5822
f 5733 5877 5822
f 5822 5877 5966
f 5822 5678 5733
f 5822 5911 5767
f 5767 5678 5822
f 5987 6131 6076
f 6076 5932 5987
f 6076 6165 6021
f 6021 5932 6076
f 6275 6364 6220
f 6220 6131 6275
f 6165 6076 6220
f 6220 6076 6131
f 6097 5953 6008
f 6330 6419 6275
f 6330 6241 6385
f 6385 6241 6296
f 6296 6440 6385
f 6351 6440 6296
f 6618 6707 6563
f 7016 7105 7050
f 7050 7084 6995
f 6995 6851 6906
f 6906 7050 6995
f 6762 6851 6707
f 6707 6618 6762
f 6762 6618 6673
f 6762 6673 6817
f 6817 6906 6762
f 6762 6906 6851
f 6940 6851 6995
f 6885 6940 7029
f 6995 7084 7029
f 7029 6940 6995
f 6597 6686 6542
f 6453 6508 6597
f 6597 6542 6453
f 7309 7254 7220
f 7173 7207 7118
f 7063 7029 7118
f 7118 7084 7173
f 7118 7029 7084
f 6775 6919 6864
f 6953 6809 6864
f 6830 6919 6775
f 6775 6686 6830
f 7055 7000 6911
f 6767 6822 6911
f 6898 6809 6953
f 6953 7042 6898
f 6631 6775 6720
f 6720 6576 6631
f 6775 6864 6720
f 6720 6864 6809
f 6699 6610 6754
f 6754 6843 6699
f 6754 6898 6843
f 6809 6898 6754
f 7008 7042 6953
f 7008 6919 7063
f 6953 6864 7008
f 7008 6864 6919
f 7097 7008 7063
f 7042 7008 7097
f 6555 6610 6699
f 6356 6500 6445
f 6390 6301 6445
f 6445 6301 6356
f 6767 6623 6678
f 6678 6822 6767
f 7191 7225 7136
f 7081 7047 7136
f 7136 7102 7191
f 7136 7047 7102
f 7403 7348 7314
f 7568 7479 7534
f 7534 7623 7568
f 7534 7589 7623
f 7314 7225 7280
f 7280 7225 7191
f 7466 7521 7555
f 7411 7377 7466
f 6149 6204 6293
f 6293 6238 6149
f 6115 6259 6204
f 6115 5971 6026
f 6060 6204 6149
f 6149 6005 6060
f 6060 6115 6204
f 5971 6115 6060
f 5916 6060 6005
f 5971 6060 5916
f 6026 5971 5882
f 5882 5937 6026
f 5793 5937 5882
f 5738 5793 5882
f 5615 5759 5704
f 5704 5560 5615
f 6026 5937 6081
f 5848 5759 5903
f 5848 5704 5759
f 5848 5937 5793
f 5793 5704 5848
f 6068 6212 6157
f 6157 6212 6301
f 6013 6157 6102
f 5924 6068 6013
f 6068 6157 6013
f 7055 6911 6966
f 6966 6822 6877
f 6966 6911 6822
f 7199 7254 7288
f 7165 7254 7199
f 7199 7110 7165
f 6869 6780 6924
f 6869 6725 6780
f 6903 7047 6992
f 6992 7047 7081
f 6992 6848 6903
f 6992 6937 6848
f 7013 7068 7102
f 7102 7047 7013
f 7013 7047 6958
f 6924 7068 7013
f 7013 6869 6924
f 6958 6869 7013
f 6979 6835 6890
f 6890 6801 6945
f 6945 7034 6890
f 6890 7034 6979
f 6636 6581 6492
f 6492 6547 6636
f 6403 6547 6492
f 6492 6581 6437
f 6746 6657 6801
f 6801 6890 6746
f 6746 6890 6835
f 6746 6835 6691
f 6691 6602 6746
f 6602 6657 6746
f 6479 6623 6568
f 6568 6513 6424
f 6424 6479 6568
f 5408 5463 5552
f 5552 5497 5408
f 5353 5264 5408
f 5408 5497 5353
f 5777 5633 5688
f 5510 5455 5366
f 5510 5599 5455
f 5340 5196 5251
f 5484 5429 5340
f 5285 5196 5340
f 5340 5429 5285
f 5251 5395 5340
f 5340 5395 5484
f 5306 5395 5251
f 5450 5395 5306
f 5628 5484 5539
f 5484 5395 5539
f 5539 5395 5450
f 5539 5683 5628
f 5552 5607 5696
f 5628 5772 5717
f 5717 5573 5628
f 5717 5806 5662
f 5662 5573 5717
f 5950 6039 5895
f 5895 5806 5950
f 6005 6094 5950
f 5950 6094 6039
f 4607 4662 4751
f 4895 4840 4751
f 4518 4662 4607
f 4607 4463 4518
f 4518 4463 4374
f 4505 4361 4416
f 4594 4450 4505
f 4505 4450 4361
f 5361 5505 5450
f 5450 5306 5361
f 5361 5306 5217
f 5450 5505 5594
f 5594 5539 5450
f 5683 5539 5594
f 5738 5683 5594
f 5649 5793 5738
f 5505 5560 5649
f 5649 5704 5793
f 5560 5704 5649
f 5738 5594 5649
f 5649 5594 5505
f 4958 4869 5013
f 4958 4814 4869
f 5047 4903 4958
f 4903 4814 4958
f 4403 4547 4492
f 4492 4348 4403
f 4348 4259 4403
f 4335 4246 4390
f 4445 4534 4390
f 4170 4081 4225
f 4848 4903 4992
f 4848 4759 4903
f 4704 4848 4793
f 4615 4759 4704
f 4759 4848 4704
f 3683 3738 3827
f 3827 3772 3683
f 3882 3738 3793
f 3882 4026 3971
f 3971 3827 3882
f 3882 3827 3738
f 4081 4026 3937
f 3848 3992 3937
f 3937 3992 4081
f 3937 3793 3848
f 3937 3882 3793
f 4026 3882 3937
f 3437 3581 3526
f 3293 3348 3437
f 3437 3382 3293
f 3526 3382 3437
f 3348 3403 3492
f 3492 3437 3348
f 3581 3437 3492
f 3403 3547 3492
f 4701 4845 4790
f 4557 4612 4701
f 4701 4612 4756
f 4756 4845 4701
f 4790 4646 4701
f 4701 4646 4557
f 5078 4934 4989
f 4934 4845 4989
f 4324 4379 4468
f 4468 4413 4324
f 4557 4413 4468
f 4468 4612 4557
f 4578 4434 4489
f 4489 4633 4578
f 4489 4400 4544
f 4544 4633 4489
f 4379 4434 4523
f 4612 4468 4523
f 4523 4468 4379
f 4523 4434 4578
f 4735 4824 4680
f 4680 4591 4735
f 4680 4824 4769
f 4036 4180 4125
f 4125 3981 4036
f 4091 4180 4036
f 4125 4180 4269
f 4358 4214 4269
f 4269 4214 4125
f 4269 4413 4358
f 4324 4413 4269
f 4269 4180 4324
f 6848 6704 6759
f 6903 6848 6759
f 6615 6704 6560
f 6560 6471 6615
f 6471 6526 6615
f 6615 6526 6670
f 6670 6759 6615
f 6615 6759 6704
f 6738 6827 6683
f 6628 6539 6683
f 6573 6484 6628
f 6450 6539 6395
f 6450 6361 6505
f 6607 6696 6552
f 6607 6463 6518
f 6552 6463 6607
f 7885 7864 7830
f 7830 7864 7809
f 7809 7775 7830
f 7830 7775 7796
f 7796 7775 7741
f 7741 7720 7686
f 7775 7720 7741
f 7474 7419 7385
f 7563 7508 7474
f 7508 7419 7474
f 7296 7385 7330
f 7296 7351 7385
f 7207 7262 7296
f 7296 7262 7351
f 7956 7977 7969
f 7956 7935 7922
f 7888 7909 7922
f 7964 7977 7956
f 7982 7987 7974
f 7919 7940 7953
f 7953 7932 7919
f 7885 7906 7919
f 7906 7940 7919
f 7898 7911 7877
f 7898 7932 7911
f 7898 7919 7932
f 7877 7864 7898
f 7898 7864 7885
f 7885 7919 7898
f 7780 7814 7759
f 7848 7814 7869
f 7869 7882 7848
f 7848 7882 7827
f 7827 7882 7861
f 7882 7895 7861
f 7845 7790 7811
f 7764 7785 7819
f 7819 7798 7764
f 7879 7845 7866
f 7845 7811 7866
f 7908 7929 7942
f 7908 7887 7874
f 7908 7895 7929
f 7874 7895 7908
f 7984 7976 7963
f 7963 7955 7942
f 7976 7955 7963
f 7942 7929 7963
f 7929 7950 7963
f 7971 7979 7984
f 7958 7979 7971
f 7971 7950 7958
f 7984 7963 7971
f 7971 7963 7950
f 7997 7984 7992
f 7984 7979 7992
f 7992 7979 7987
f 7987 7995 7992
f 7992 8000 7997
f 7992 7995 8000
f 7620 7531 7586
f 7586 7675 7620
f 7586 7641 7675
f 7751 7785 7730
f 7599 7688 7633
f 7565 7531 7620
f 7565 7599 7510
f 7701 7722 7756
f 7756 7811 7790
f 7756 7722 7777
f 7777 7811 7756
f 7764 7743 7709
f 7709 7730 7764
f 7709 7675 7730
f 7709 7743 7688
f 6008 6063 6152
f 6152 6097 6008
f 6241 6097 6152
f 6152 6296 6241
f 5338 5482 5427
f 5427 5372 5283
f 5194 5338 5283
f 5283 5338 5427
f 5571 5482 5626
f 5626 5715 5571
f 5427 5482 5571
f 6003 6058 6147
f 6236 6092 6147
f 6147 6092 6003
f 6147 6058 6202
f 3762 3618 3673
f 3906 3851 3762
f 3673 3817 3762
f 3762 3817 3906
f 5393 5537 5482
f 5482 5338 5393
f 5304 5448 5393
f 5448 5537 5393
f 5537 5592 5681
f 5626 5537 5681
f 5736 5825 5681
f 5681 5592 5736
f 5215 5359 5304
f 5215 5071 5126
f 5126 5270 5215
f 5270 5359 5215
f 5304 5160 5215
f 5215 5160 5071
f 5003 5092 4948
f 5003 4914 5058
f 5181 5092 5236
f 5236 5325 5181
f 5380 5325 5236
f 5236 5291 5380
f 4948 4893 4804
f 4804 4660 4715
f 4804 4893 4749
f 4749 4660 4804
f 4859 4715 4770
f 4859 5003 4948
f 4948 4804 4859
f 4859 4804 4715
f 4859 4770 4914
f 4914 5003 4859
f 5058 4969 5113
f 5113 5202 5058
f 5113 4969 5024
f 5257 5202 5113
f 5113 5024 5168
f 5168 5257 5113
f 3542 3631 3487
f 3542 3686 3631
f 3597 3686 3542
f 3254 3343 3199
f 3199 3110 3254
f 3364 3309 3220
f 3220 3275 3364
f 3419 3508 3364
f 3364 3275 3419
f 3042 3186 3131
f 3186 3275 3131
f 3131 3275 3220
f 3131 2987 3042
f 2932 2987 3076
f 3076 3021 2932
f 3076 3131 3220
f 2987 3131 3076
f 3529 3618 3474
f 3673 3618 3529
f 3529 3584 3673
f 2775 2720 2631
f 2864 2720 2775
f 2741 2597 2652
f 2652 2796 2741
f 2974 3118 3063
f 3029 3118 2974
f 3652 3796 3741
f 3508 3563 3652
f 3652 3741 3597
f 3597 3508 3652
f 3707 3563 3618
f 3707 3851 3796
f 3796 3652 3707
f 3707 3652 3563
f 3618 3762 3707
f 3707 3762 3851
f 3828 3883 3972
f 4171 4315 4260
f 4260 4315 4404
f 4294 4205 4349
f 4205 4260 4349
f 4404 4493 4349
f 4349 4260 4404
f 3430 3375 3286
f 3807 3663 3718
f 4294 4239 4150
f 4061 4205 4150
f 4150 4205 4294
f 4150 4239 4095
f 3917 3972 4061
f 3828 3972 3917
f 4561 4506 4417
f 4328 4472 4417
f 4417 4472 4561
f 4417 4273 4328
f 4362 4273 4417
f 4417 4506 4362
f 4815 4760 4671
f 4671 4726 4815
f 4671 4616 4527
f 4760 4616 4671
f 3019 2930 3074
f 3074 3163 3019
f 3074 2930 2985
f 3218 3163 3074
f 2909 2854 2765
f 2998 2854 2909
f 2875 2731 2786
f 3019 2964 2875
f 2786 2930 2875
f 2875 2930 3019
f 3108 2964 3019
f 3108 3163 3252
f 3019 3163 3108
f 3129 3273 3218
f 2985 3040 3129
f 3040 3184 3129
f 3129 3184 3273
f 3129 3074 2985
f 3218 3074 3129
f 7176 7087 7142
f 7108 7019 7074
f 7074 7163 7108
f 7108 7053 7019
f 7108 7163 7197
f 7108 7197 7142
f 7142 7053 7108
f 7252 7218 7307
f 7252 7163 7218
f 7197 7163 7252
f 7307 7341 7252
f 7849 7870 7883
f 7883 7870 7904
f 7883 7828 7849
f 7807 7828 7862
f 7862 7883 7896
f 7828 7883 7862
f 7841 7862 7896
f 7807 7862 7841
f 7841 7820 7786
f 7786 7807 7841
f 7875 7896 7909
f 7888 7854 7875
f 7875 7909 7888
f 7875 7841 7896
f 7875 7854 7820
f 7820 7841 7875
f 7904 7870 7891
f 7100 7045 7011
f 6901 7045 6990
f 7134 7100 7189
f 7045 7100 7134
f 7815 7870 7849
f 7773 7828 7807
f 7718 7739 7773
f 7773 7752 7718
f 7807 7752 7773
f 7739 7760 7794
f 7794 7773 7739
f 7828 7773 7794
f 7760 7815 7794
f 7849 7828 7794
f 7794 7815 7849
f 7527 7616 7561
f 7506 7472 7561
f 7561 7472 7527
f 7514 7425 7480
f 7671 7616 7582
f 7582 7616 7527
f 7328 7273 7239
f 7239 7273 7184
f 7527 7472 7438
f 7438 7472 7383
f 7451 7485 7396
f 7451 7417 7506
f 7451 7362 7417
f 7396 7362 7451
f 7540 7451 7506
f 7485 7451 7540
f 7396 7485 7430
f 7430 7341 7396
f 7430 7485 7519
f 7650 7616 7671
f 7650 7561 7616
f 6917 6773 6828
f 6684 6739 6828
f 6828 6773 6684
f 6849 6938 6794
f 6849 6794 6705
f 6917 6828 6972
f 6548 6459 6603
f 6548 6637 6493
f 6493 6404 6548
f 6404 6459 6548
f 7001 6857 6912
f 6713 6857 6802
f 6692 6747 6836
f 6836 6781 6692
f 6603 6747 6692
f 6692 6781 6637
f 6692 6548 6603
f 6637 6548 6692
f 6912 6967 7056
f 7056 7001 6912
f 7577 7632 7666
f 6925 6781 6836
f 6870 6781 6925
f 7014 7069 7103
f 7014 7048 6959
f 7014 7103 7048
f 7014 6925 7069
f 6959 6870 7014
f 6870 6925 7014
f 7213 7158 7124
f 7213 7179 7268
f 7124 7179 7213
f 7480 7446 7535
f 7030 6975 6886
f 6865 6776 6920
f 6920 7009 6865
f 6666 6611 6522
f 6522 6577 6666
f 6752 6841 6697
f 6608 6752 6697
f 6697 6553 6608
f 7040 7095 7129
f 7040 7129 7074
f 7074 6985 7040
f 6807 6951 6896
f 6896 6985 6841
f 6951 7040 6896
f 6896 7040 6985
f 6896 6752 6807
f 6896 6841 6752
f 6519 6663 6608
f 6608 6464 6519
f 6464 6375 6519
f 6519 6375 6430
f 6362 6506 6451
f 6362 6451 6307
f 6307 6218 6362
f 6218 6273 6362
f 6650 6506 6561
f 6472 6616 6561
f 6705 6650 6561
f 6561 6616 6705
f 6595 6506 6650
f 6595 6739 6684
f 6595 6650 6739
f 6684 6540 6595
f 6595 6540 6451
f 6451 6506 6595
f 6464 6553 6409
f 6409 6320 6464
f 5943 5888 5799
f 5998 6087 5943
f 5964 6019 6108
f 5964 5875 6019
f 6108 6053 5964
f 5964 5820 5875
f 5964 6053 5909
f 5909 5820 5964
f 5956 5867 6011
f 6011 6100 5956
f 6011 5867 5922
f 6011 6155 6100
f 5883 5828 5739
f 5739 5794 5883
f 5739 5650 5794
f 5739 5595 5650
f 5739 5828 5684
f 5684 5595 5739
f 6048 6137 5993
f 5993 6137 6082
f 6171 6315 6260
f 6027 6082 6171
f 6260 6116 6171
f 6116 6027 6171
f 5561 5417 5472
f 5561 5705 5650
f 5472 5616 5561
f 5616 5705 5561
f 5472 5417 5328
f 5328 5273 5184
f 5417 5273 5328
f 5650 5595 5506
f 5506 5561 5650
f 5417 5561 5506
f 5362 5417 5506
f 5451 5362 5506
f 5506 5595 5451
f 6184 6040 6095
f 6095 6239 6184
f 6184 6328 6273
f 6239 6328 6184
f 6383 6239 6294
f 6383 6328 6239
f 6472 6328 6383
f 6294 6438 6383
f 4430 4485 4574
f 4519 4430 4574
f 4574 4663 4519
f 4718 4663 4574
f 4574 4629 4718
f 4574 4485 4629
f 4875 4930 5019
f 4875 4786 4930
f 5019 4964 4875
f 4875 4964 4820
f 3875 3930 4019
f 3875 3786 3930
f 4019 3964 3875
f 3875 3731 3786
f 3676 3731 3820
f 3820 3964 3909
f 3820 3875 3964
f 3731 3875 3820
f 3642 3587 3498
f 3498 3553 3642
f 3409 3553 3498
f 3354 3409 3498
f 3498 3443 3354
f 3498 3587 3443
f 6276 6132 6187
f 5666 5522 5577
f 5577 5721 5666
f 5666 5721 5810
f 5611 5522 5666
f 5488 5344 5399
f 5632 5577 5488
f 5488 5543 5632
f 5399 5543 5488
f 5289 5344 5433
f 5577 5522 5433
f 5433 5488 5577
f 5344 5488 5433
f 5988 5844 5899
f 5899 5810 5954
f 5700 5844 5789
f 5700 5556 5611
f 5789 5645 5700
f 5645 5556 5700
f 5789 5844 5933
f 5933 5844 5988
f 6763 6708 6619
f 6496 6585 6441
f 6441 6585 6530
f 6671 6616 6527
f 6527 6616 6472
f 6472 6383 6527
f 6527 6383 6438
f 6111 6255 6200
f 6056 6111 6200
f 6200 6145 6056
f 6289 6145 6200
f 6344 6433 6289
f 6289 6200 6344
f 6344 6200 6255
f 6488 6433 6344
f 6221 6132 6276
f 6234 6378 6323
f 6323 6179 6234
f 6501 6556 6645
f 6467 6556 6412
f 6412 6323 6467
f 6467 6323 6378
f 6467 6378 6522
f 6522 6611 6467
f 6611 6556 6467
f 6035 6179 6124
f 6124 5980 6035
f 6658 6569 6713
f 6713 6802 6658
f 6658 6802 6747
f 6658 6747 6603
f 6603 6514 6658
f 6514 6569 6658
f 6446 6357 6501
f 6624 6768 6713
f 6713 6569 6624
f 6624 6569 6480
f 6480 6535 6624
f 5781 5925 5870
f 5781 5726 5637
f 5781 5870 5726
f 6103 6247 6192
f 6048 6103 6192
f 6281 6137 6192
f 6192 6137 6048
f 6336 6480 6425
f 6336 6425 6281
f 6281 6192 6336
f 6336 6192 6247
f 6213 6069 6124
f 6158 6103 6014
f 6158 6247 6103
f 6014 6069 6158
f 6069 6213 6158
f 5040 4896 4951
f 4951 5095 5040
f 5040 5095 5184
f 4985 4896 5040
f 5150 5095 5006
f 5006 5061 5150
f 5150 5205 5294
f 5150 5061 5205
f 4917 5061 5006
f 4917 4773 4828
f 4828 4972 4917
f 4972 5061 4917
f 5006 4862 4917
f 4917 4862 4773
f 5880 5935 6024
f 5969 5880 6024
f 6024 6113 5969
f 6024 6168 6113
f 6024 5935 6079
f 6079 6168 6024
f 6422 6566 6511
f 6511 6367 6422
f 6422 6367 6278
f 6134 6278 6223
f 6134 5990 6045
f 6079 5990 6134
f 6134 6223 6079
f 6189 6100 6244
f 6045 6100 6189
f 6189 6134 6045
f 6278 6134 6189
f 6964 6909 6820
f 6820 6875 6964
f 6731 6875 6820
f 6833 6977 6922
f 7011 6867 6922
f 7066 7100 7011
f 7011 6922 7066
f 7066 6922 6977
f 7066 6977 7032
f 6854 6909 6998
f 6998 6943 6854
f 7032 6977 6888
f 6888 6943 7032
f 6888 6977 6833
f 6833 6744 6888
f 6634 6689 6778
f 6778 6689 6833
f 6833 6922 6778
f 6778 6922 6867
f 6456 6545 6401
f 6401 6312 6456
f 6456 6312 6367
f 6456 6367 6511
f 6511 6600 6456
f 6456 6600 6545
f 6346 6202 6257
f 6257 6401 6346
f 6380 6325 6236
f 6401 6545 6490
f 6490 6346 6401
f 6435 6346 6490
f 6490 6545 6634
f 7024 7058 6969
f 6969 6880 7024
f 6825 6880 6969
f 6990 7024 6935
f 7024 6880 6935
f 6880 6791 6935
f 6613 6757 6702
f 7569 7514 7480
f 7480 7535 7569
f 7700 7645 7666
f 7666 7721 7700
f 7742 7721 7687
f 7619 7674 7653
f 7564 7619 7653
f 7983 7970 7991
f 7962 7970 7983
f 7981 7989 7994
f 7981 7994 7986
f 7986 7973 7981
f 7968 7989 7981
f 7960 7952 7939
f 7973 7952 7960
f 7960 7939 7926
f 7926 7947 7960
f 7960 7981 7973
f 7960 7947 7968
f 7968 7981 7960
f 7868 7889 7902
f 7902 7881 7868
f 7868 7881 7847
f 7813 7868 7847
f 7779 7813 7758
f 7852 7831 7797
f 7873 7886 7852
f 7852 7886 7831
f 7915 7928 7894
f 7894 7839 7860
f 7873 7839 7894
f 7860 7881 7894
f 7894 7881 7915
f 7949 7970 7962
f 7962 7928 7949
f 7949 7928 7915
f 7957 7970 7949
f 7878 7844 7865
f 7865 7899 7878
f 7878 7899 7912
f 7912 7891 7878
f 7878 7891 7857
f 7907 7886 7873
f 7873 7894 7907
f 7907 7894 7928
f 7907 7928 7941
f 7941 7920 7907
f 7920 7886 7907
f 7925 7938 7904
f 7925 7891 7912
f 7904 7891 7925
f 7990 7995 7982
f 7982 7969 7990
f 7990 7969 7977
f 7933 7967 7946
f 7912 7933 7946
f 7946 7925 7912
f 7790 7769 7735
f 7701 7756 7735
f 7735 7756 7790
f 7680 7701 7735
f 7735 7714 7680
f 7735 7769 7714
f 7224 7279 7313
f 7135 7101 7190
f 7190 7224 7135
f 7279 7224 7190
f 7190 7101 7156
f 6758 6813 6902
f 7567 7601 7512
f 7512 7478 7567
f 7444 7478 7389
f 7444 7389 7355
f 7436 7381 7347
f 7470 7559 7504
f 7470 7381 7436
f 7863 7829 7884
f 7910 7889 7876
f 7774 7829 7808
f 7829 7863 7808
f 7808 7863 7842
f 6461 6406 6317
f 6728 6673 6584
f 6584 6639 6728
f 6495 6639 6584
f 6584 6440 6495
f 6783 6639 6694
f 6304 6160 6215
f 6414 6270 6325
f 5775 5919 5864
f 5631 5686 5775
f 5830 5919 5775
f 5775 5686 5830
f 5775 5720 5631
f 5864 5720 5775
f 5576 5720 5665
f 5521 5576 5665
f 5754 5610 5665
f 5665 5610 5521
f 5953 5898 5809
f 5809 5864 5953
f 5809 5720 5864
f 5809 5665 5720
f 5809 5898 5754
f 5754 5665 5809
f 5542 5487 5398
f 5398 5453 5542
f 5487 5432 5343
f 5254 5398 5343
f 5343 5398 5487
f 5343 5199 5254
f 5288 5199 5343
f 5343 5432 5288
f 5541 5397 5452
f 5452 5596 5541
f 5253 5397 5342
f 5376 5520 5465
f 5431 5287 5342
f 5520 5376 5431
f 5431 5376 5287
f 5575 5630 5719
f 5719 5664 5575
f 5575 5664 5520
f 5520 5431 5575
f 5486 5397 5541
f 5541 5630 5486
f 5630 5575 5486
f 5342 5397 5486
f 5486 5431 5342
f 5486 5575 5431
f 5698 5643 5554
f 5465 5609 5554
f 5554 5609 5698
f 5554 5643 5499
f 4559 4504 4415
f 4415 4470 4559
f 4326 4470 4415
f 4889 4800 4944
f 4745 4800 4889
f 4978 4834 4889
f 4889 4834 4745
f 5177 5122 5033
f 5033 4889 4944
f 5033 5122 4978
f 4978 4889 5033
f 5499 5355 5410
f 5465 5554 5410
f 5410 5554 5499
f 5211 5122 5266
f 5266 5355 5211
f 5266 5122 5177
f 5266 5410 5355
f 4580 4525 4436
f 4669 4525 4580
f 3991 3902 4046
f 4046 4135 3991
f 2394 2250 2305
f 2538 2483 2394
f 2305 2449 2394
f 2394 2449 2538
f 2627 2483 2538
f 2627 2771 2716
f 2716 2572 2627
f 2572 2483 2627
f 2682 2771 2627
f 2627 2538 2682
f 2750 2661 2805
f 2805 2894 2750
f 2805 2661 2716
f 2263 2174 2318
f 2174 2229 2318
f 2318 2229 2373
f 2695 2551 2606
f 2606 2750 2695
f 2606 2661 2750
f 2606 2517 2661
f 2250 2394 2339
f 2339 2394 2483
f 2543 2454 2598
f 2941 2996 3085
f 3174 3030 3085
f 3085 3030 2941
f 3085 2996 3140
f 2941 2797 2852
f 2852 2996 2941
f 2852 2763 2907
f 2907 2996 2852
f 2729 2873 2818
f 2585 2640 2729
f 2729 2674 2585
f 2818 2674 2729
f 2784 2640 2695
f 2695 2839 2784
f 2784 2729 2640
f 2873 2729 2784
f 3106 3017 3161
f 2907 2818 2962
f 2962 3051 2907
f 2818 2873 2962
f 2962 3106 3051
f 2962 2873 3017
f 3017 3106 2962
f 3339 3428 3284
f 3318 3462 3407
f 3318 3263 3174
f 3407 3263 3318
f 3729 3585 3640
f 3483 3428 3339
f 3339 3394 3483
f 3771 3716 3627
f 3962 4106 4051
f 4051 4106 4195
f 4250 4394 4339
f 4339 4195 4250
f 4250 4195 4106
f 4305 4394 4250
f 3805 3750 3661
f 3661 3716 3805
f 3606 3462 3517
f 3517 3661 3606
f 3606 3661 3750
f 3551 3462 3606
f 3894 3750 3805
f 3839 3750 3894
f 4017 3928 4072
f 4106 3962 4017
f 2967 2878 3022
f 4918 5062 5007
f 4918 4774 4829
f 4829 4973 4918
f 4973 5062 4918
f 5007 4863 4918
f 4863 4774 4918
f 4240 4295 4384
f 4473 4329 4384
f 4329 4240 4384
f 4384 4528 4473
f 4439 4528 4384
f 4384 4295 4439
f 4766 4622 4677
f 4711 4800 4656
f 4622 4766 4711
f 4931 4787 4842
f 4931 5075 5020
f 5020 4876 4931
f 4876 4787 4931
f 4842 4986 4931
f 4986 5075 4931
f 4266 4177 4321
f 4321 4410 4266
f 4410 4355 4266
f 4122 4177 4266
f 4266 4211 4122
f 4266 4355 4211
f 4253 4342 4198
f 4198 4109 4253
f 4198 4342 4287
f 4054 4109 4198
f 4287 4143 4198
f 4198 4143 4054
f 4575 4431 4486
f 4719 4664 4575
f 4664 4520 4575
f 4520 4431 4575
f 4575 4630 4719
f 4486 4630 4575
f 4211 4156 4067
f 4122 4211 4067
f 4067 3978 4122
f 4067 4156 4012
f 3148 3203 3292
f 2716 2771 2860
f 2860 2805 2716
f 2826 2737 2881
f 2826 2771 2682
f 2682 2737 2826
f 2271 2415 2360
f 2360 2216 2271
f 2305 2216 2360
f 2360 2449 2305
f 2415 2559 2504
f 2504 2360 2415
f 2449 2360 2504
f 2436 2381 2292
f 2347 2436 2292
f 2292 2203 2347
f 2292 2148 2203
f 2237 2148 2292
f 2292 2381 2237
f 2525 2381 2436
f 2525 2580 2669
f 2436 2580 2525
f 2470 2381 2525
f 3567 3423 3478
f 3567 3711 3656
f 3656 3512 3567
f 3512 3423 3567
f 3622 3711 3567
f 3567 3478 3622
f 2897 2753 2808
f 2808 2952 2897
f 2986 2842 2897
f 2842 2753 2897
f 4185 4130 4041
f 4041 4096 4185
f 4041 4130 3986
f 3986 3897 4041
f 144 123 110
f 110 123 89
f 110 165 144
f 63 97 76
f 76 110 89
f 97 110 76
f 105 71 92
f 92 126 105
f 105 126 160
f 202 236 181
f 181 236 215
f 147 202 181
f 181 215 160
f 181 126 147
f 160 126 181
f 274 295 329
f 308 274 329
f 329 363 308
f 418 363 329
f 329 295 350
f 274 253 219
f 219 185 240
f 240 274 219
f 219 253 198
f 198 164 219
f 219 164 185
f 499 588 533
f 533 444 499
f 499 410 465
f 499 444 410
f 478 512 423
f 478 444 533
f 478 423 389
f 389 444 478
f 533 622 567
f 567 478 533
f 512 478 567
f 567 622 656
f 578 544 633
f 688 722 633
f 667 578 633
f 633 722 667
f 468 523 557
f 557 523 612
f 557 646 591
f 612 646 557
f 680 714 625
f 769 714 680
f 680 625 591
f 591 646 680
f 599 654 688
f 688 633 599
f 599 633 544
f 599 565 654
f 599 544 510
f 510 565 599
f 688 654 743
f 709 798 743
f 743 654 709
f 756 722 811
f 900 845 811
f 811 845 756
f 2 3 5
f 36 28 15
f 49 28 36
f 36 70 49
f 36 57 70
f 170 204 149
f 447 536 481
f 447 481 392
f 447 392 358
f 358 413 447
f 659 693 604
f 604 693 638
f 481 536 570
f 570 515 481
f 570 536 625
f 570 625 659
f 659 604 570
f 570 604 515
f 125 159 104
f 214 159 180
f 146 201 180
f 180 125 146
f 159 125 180
f 180 235 214
f 180 201 235
f 193 159 214
f 193 248 227
f 214 248 193
f 227 172 193
f 138 159 193
f 193 172 138
f 130 164 109
f 109 96 130
f 151 185 130
f 185 164 130
f 130 117 151
f 130 96 117
f 245 190 211
f 266 245 211
f 190 156 211
f 211 156 177
f 211 232 266
f 211 177 232
f 1368 1313 1224
f 1313 1169 1224
f 1004 915 970
f 1025 1114 970
f 970 915 881
f 881 936 970
f 970 936 1025
f 601 567 656
f 512 567 601
f 847 813 902
f 902 936 847
f 847 881 792
f 847 936 881
f 889 944 978
f 1389 1300 1444
f 1444 1533 1389
f 1389 1533 1478
f 1211 1300 1156
f 1465 1376 1520
f 1520 1609 1465
f 1609 1554 1465
f 1232 1143 1287
f 1287 1376 1232
f 1088 1143 1232
f 1863 1719 1774
f 1863 2007 1952
f 1863 1774 1918
f 1918 2007 1863
f 1897 1753 1808
f 1952 1897 1808
f 1664 1719 1808
f 1808 1753 1664
f 1808 1863 1952
f 1719 1863 1808
f 2172 2028 2083
f 2172 2316 2261
f 2117 2261 2206
f 1973 2028 2117
f 2117 2172 2261
f 2028 2172 2117
f 2206 2062 2117
f 2117 2062 1973
f 1740 1829 1685
f 1685 1596 1740
f 1706 1562 1617
f 1617 1761 1706
f 2083 2028 1939
f 1884 2028 1973
f 1884 1740 1795
f 1884 1939 2028
f 1795 1939 1884
f 1973 1829 1884
f 1829 1740 1884
f 1185 1329 1274
f 1363 1219 1274
f 1507 1363 1418
f 1418 1562 1507
f 1363 1274 1418
f 1418 1274 1329
f 1240 1295 1384
f 1384 1329 1240
f 1384 1295 1439
f 1439 1528 1384
f 1007 1096 952
f 952 897 863
f 863 918 952
f 952 918 1007
f 965 876 931
f 931 1020 965
f 931 876 842
f 842 897 931
f 1075 1020 931
f 1944 1999 2088
f 2088 2033 1944
f 1944 2033 1889
f 1889 2033 1978
f 1978 1834 1889
f 2067 1923 1978
f 1923 1834 1978
f 2122 2177 2266
f 2122 2033 2177
f 2266 2211 2122
f 2122 1978 2033
f 2122 2211 2067
f 2067 1978 2122
f 1622 1533 1677
f 1478 1533 1622
f 1745 1601 1656
f 1656 1601 1512
f 1813 1669 1724
f 1635 1779 1724
f 1724 1580 1635
f 1724 1669 1580
f 1779 1868 1724
f 1868 1813 1724
f 2135 1991 2046
f 2279 2224 2135
f 2135 2224 2080
f 2080 1991 2135
f 2135 2190 2279
f 2135 2046 2190
f 1161 1305 1250
f 1250 1106 1161
f 1394 1339 1250
f 1250 1305 1394
f 1339 1483 1428
f 1517 1373 1428
f 1428 1572 1517
f 1428 1483 1572
f 1428 1284 1339
f 1373 1284 1428
f 2512 2601 2457
f 2656 2601 2512
f 2512 2567 2656
f 2512 2423 2567
f 3266 3122 3177
f 3266 3410 3355
f 3355 3211 3266
f 3211 3122 3266
f 3177 3321 3266
f 3321 3410 3266
f 1593 1449 1504
f 1415 1559 1504
f 1504 1360 1415
f 1504 1449 1360
f 1559 1648 1504
f 1504 1648 1593
f 1949 2004 2093
f 2038 1949 2093
f 2093 2182 2038
f 2237 2182 2093
f 2093 2148 2237
f 2093 2004 2148
f 2195 2051 2106
f 2195 2339 2284
f 2195 2284 2140
f 2140 2051 2195
f 2195 2106 2250
f 2250 2339 2195
f 674 585 640
f 619 585 674
f 708 619 674
f 674 763 708
f 941 907 996
f 1085 941 996
f 962 1106 1051
f 1017 1106 962
f 1051 996 962
f 962 996 907
f 962 907 873
f 873 928 962
f 962 928 1017
f 1119 975 1030
f 1030 975 941
f 1030 941 1085
f 1085 1174 1030
f 1030 1174 1119
f 941 975 886
f 831 797 886
f 920 831 886
f 886 975 920
f 852 941 886
f 886 797 852
f 483 517 428
f 483 449 538
f 538 572 483
f 572 517 483
f 483 428 394
f 394 449 483
f 682 771 716
f 716 627 682
f 737 771 682
f 682 627 593
f 682 648 737
f 593 648 682
f 695 661 750
f 750 784 695
f 572 661 606
f 551 517 606
f 606 517 572
f 661 695 606
f 606 640 551
f 606 695 640
f 415 381 470
f 449 360 415
f 326 381 415
f 415 360 326
f 470 504 415
f 415 504 449
f 216 271 250
f 250 195 216
f 195 161 216
f 216 161 182
f 237 182 203
f 292 271 237
f 237 216 182
f 271 216 237
f 237 258 292
f 203 258 237
f 577 488 543
f 543 632 577
f 598 632 543
f 653 619 708
f 653 564 619
f 598 564 653
f 462 496 407
f 428 517 462
f 462 517 551
f 551 496 462
f 373 428 462
f 462 407 373
f 297 276 242
f 297 331 276
f 242 263 297
f 297 263 318
f 1009 975 1064
f 1064 1153 1009
f 1064 975 1119
f 1119 1208 1064
f 1208 1153 1064
f 1229 1174 1085
f 1318 1174 1229
f 1229 1373 1318
f 1229 1284 1373
f 1051 1106 1195
f 1106 1250 1195
f 1339 1284 1195
f 1195 1250 1339
f 1258 1347 1203
f 1203 1114 1258
f 1258 1114 1169
f 1258 1169 1313
f 1491 1347 1402
f 1313 1457 1402
f 1402 1258 1313
f 1347 1258 1402
f 1457 1546 1402
f 1546 1491 1402
f 559 525 614
f 669 703 614
f 614 580 669
f 614 525 580
f 703 648 614
f 614 648 559
f 402 436 347
f 402 368 457
f 457 491 402
f 491 436 402
f 402 347 313
f 313 368 402
f 624 590 679
f 679 734 768
f 679 645 734
f 590 645 679
f 768 713 679
f 679 713 624
f 844 933 878
f 878 789 844
f 899 933 844
f 844 810 899
f 611 645 556
f 577 666 611
f 611 522 577
f 556 522 611
f 700 611 666
f 645 611 700
f 700 789 734
f 734 645 700
f 399 488 433
f 488 522 433
f 2331 2475 2420
f 2276 2331 2420
f 2797 2742 2653
f 2598 2509 2653
f 2653 2742 2598
f 1721 1865 1810
f 1810 1865 1954
f 1954 1899 1810
f 1810 1899 1755
f 1810 1666 1721
f 1810 1755 1666
f 2153 2208 2297
f 2386 2242 2297
f 2297 2242 2153
f 2297 2441 2386
f 2352 2441 2297
f 2297 2208 2352
f 1234 1323 1179
f 1234 1090 1145
f 1179 1090 1234
f 1145 1289 1234
f 1234 1289 1378
f 1378 1323 1234
f 1645 1734 1590
f 1645 1590 1501
f 1501 1556 1645
f 1645 1789 1734
f 1077 1221 1166
f 1166 1022 1077
f 1132 1187 1276
f 1276 1221 1132
f 1043 1187 1132
f 1132 1221 1077
f 1132 988 1043
f 1077 988 1132
f 1310 1399 1255
f 1255 1166 1310
f 1310 1166 1221
f 1310 1221 1365
f 1454 1399 1310
f 1310 1365 1454
f 1111 1056 967
f 967 1022 1111
f 1200 1056 1111
f 1022 1166 1111
f 1255 1200 1111
f 1111 1166 1255
f 1302 1158 1213
f 1124 1268 1213
f 1213 1069 1124
f 1213 1158 1069
f 1357 1302 1213
f 1213 1268 1357
f 1904 1959 2048
f 2048 1959 2103
f 1993 2137 2082
f 2082 1938 1993
f 1904 2048 1993
f 1993 2048 2137
f 2226 2137 2281
f 2281 2370 2226
f 1090 946 1001
f 1001 946 912
f 1145 1090 1001
f 1001 1056 1145
f 967 1056 1001
f 1001 912 967
f 1082 1171 1027
f 1315 1171 1226
f 1370 1315 1226
f 1226 1281 1370
f 1226 1171 1082
f 938 849 904
f 904 993 938
f 938 1027 972
f 938 993 1082
f 1082 1027 938
f 959 1103 1048
f 1048 993 959
f 1048 1103 1192
f 726 781 815
f 781 870 815
f 815 760 726
f 815 870 904
f 904 849 815
f 849 760 815
f 705 760 794
f 794 760 849
f 553 608 642
f 642 587 553
f 553 587 498
f 519 608 553
f 553 464 519
f 498 464 553
f 574 608 519
f 574 540 629
f 519 485 574
f 485 540 574
f 642 608 697
f 786 731 697
f 697 731 642
f 1731 1587 1642
f 1731 1676 1587
f 1642 1786 1731
f 1998 1854 1909
f 1998 2142 2087
f 2087 2032 1943
f 1943 1998 2087
f 1854 1998 1943
f 1799 1854 1943
f 1943 1888 1799
f 1943 2032 1888
f 1765 1854 1710
f 1765 1710 1621
f 1621 1676 1765
f 1909 1854 1765
f 2087 2142 2231
f 2231 2176 2087
f 2320 2176 2231
f 2197 2108 2252
f 2053 1998 1909
f 2142 1998 2053
f 2053 2197 2142
f 2108 2197 2053
f 1409 1498 1354
f 1354 1265 1409
f 1409 1265 1320
f 1409 1320 1464
f 1464 1553 1409
f 1553 1498 1409
f 1354 1299 1210
f 1210 1265 1354
f 1155 1100 1011
f 1011 1066 1155
f 1244 1100 1155
f 1066 1210 1155
f 1155 1299 1244
f 1155 1210 1299
f 1121 977 1032
f 1121 1066 977
f 1121 1210 1066
f 1032 1176 1121
f 1176 1265 1121
f 1265 1210 1121
f 1257 1346 1202
f 1202 1113 1257
f 1257 1113 1168
f 1168 1312 1257
f 1401 1312 1456
f 1456 1545 1401
f 1401 1545 1490
f 1490 1346 1401
f 1346 1257 1401
f 1401 1257 1312
f 1134 990 1045
f 990 956 1045
f 1045 956 1100
f 1045 1189 1134
f 1100 1189 1045
f 922 956 867
f 867 833 922
f 867 901 812
f 867 956 901
f 1290 1235 1146
f 1146 1201 1290
f 1146 1235 1091
f 1091 1002 1146
f 1023 934 1078
f 1256 1201 1112
f 1345 1201 1256
f 1256 1400 1345
f 1023 1112 968
f 968 934 1023
f 1701 1790 1646
f 1701 1557 1612
f 1646 1557 1701
f 2222 2277 2366
f 1481 1570 1426
f 1337 1392 1481
f 1481 1426 1337
f 1481 1392 1536
f 1536 1625 1481
f 1625 1570 1481
f 1214 1159 1070
f 1235 1379 1324
f 1324 1180 1235
f 1324 1468 1413
f 1324 1379 1468
f 3421 3277 3332
f 3421 3565 3510
f 3332 3476 3421
f 3421 3476 3565
f 3222 3277 3366
f 3366 3311 3222
f 3455 3311 3366
f 3366 3510 3455
f 3366 3421 3510
f 3277 3421 3366
f 3353 3264 3408
f 3209 3264 3353
f 3531 3442 3586
f 3586 3675 3531
f 3387 3442 3531
f 3531 3476 3387
f 3175 3319 3264
f 3264 3120 3175
f 3031 3120 2976
f 3086 3175 3031
f 3031 3175 3120
f 3484 3628 3573
f 3539 3628 3484
f 3196 3340 3285
f 3196 3052 3107
f 3107 3251 3196
f 3251 3340 3196
f 3196 3141 3052
f 3285 3141 3196
f 3730 3641 3785
f 3785 3874 3730
f 3298 3154 3209
f 3298 3442 3387
f 3209 3353 3298
f 3298 3353 3442
f 3243 3387 3332
f 3099 3154 3243
f 3243 3298 3387
f 3154 3298 3243
f 3243 3188 3099
f 3332 3188 3243
f 2476 2531 2620
f 2387 2531 2476
f 1913 2057 2002
f 1913 1769 1824
f 1913 2002 1858
f 1858 1769 1913
f 1824 1735 1879
f 1735 1790 1879
f 1879 1790 1934
f 1934 2023 1879
f 2201 2057 2112
f 2256 2201 2112
f 2756 2612 2667
f 2578 2722 2667
f 2468 2612 2557
f 2557 2413 2468
f 2413 2324 2468
f 3044 2900 2955
f 3099 3044 2955
f 2345 2201 2256
f 2345 2290 2201
f 2345 2434 2290
f 2654 2709 2798
f 2798 2743 2654
f 2599 2743 2688
f 2688 2544 2599
f 2599 2544 2455
f 2654 2743 2599
f 2688 2743 2832
f 2976 2921 2832
f 2866 2921 3010
f 3099 2955 3010
f 3010 2955 2866
f 3010 3154 3099
f 3065 3154 3010
f 3010 2921 3065
f 1172 1117 1028
f 1028 1083 1172
f 939 1083 1028
f 1028 1117 973
f 973 939 1028
f 994 939 905
f 994 1083 939
f 1138 1083 994
f 905 960 994
f 609 698 643
f 685 630 596
f 685 651 740
f 596 651 685
f 740 774 685
f 685 774 719
f 719 630 685
f 1070 1159 1015
f 1159 1104 1015
f 1104 960 1015
f 1049 1193 1138
f 1049 1104 1193
f 1049 960 1104
f 1138 994 1049
f 1049 994 960
f 892 947 981
f 892 837 803
f 892 858 947
f 803 858 892
f 803 837 748
f 748 693 659
f 782 693 748
f 748 837 782
f 659 714 748
f 748 714 803
f 913 1002 947
f 947 858 913
f 913 968 1002
f 1544 1599 1688
f 1688 1633 1544
f 1777 1633 1688
f 1688 1599 1743
f 1688 1832 1777
f 1743 1832 1688
f 1455 1366 1510
f 1510 1599 1455
f 1455 1599 1544
f 1544 1400 1455
f 2469 2613 2558
f 2524 2613 2469
f 1948 1859 2003
f 1859 1914 2003
f 2003 1914 2058
f 1715 1626 1770
f 1715 1859 1804
f 1715 1770 1859
f 1715 1804 1660
f 1660 1571 1715
f 1571 1626 1715
f 1783 1927 1872
f 1783 1872 1728
f 1783 1694 1838
f 1838 1927 1783
f 1461 1372 1516
f 1694 1550 1605
f 1605 1516 1660
f 1605 1461 1516
f 1550 1461 1605
f 1660 1749 1605
f 1605 1749 1694
f 1639 1550 1694
f 1639 1783 1728
f 1694 1783 1639
f 1351 1296 1207
f 1207 1262 1351
f 2016 2071 2160
f 2160 2105 2016
f 2249 2105 2160
f 2304 2249 2160
f 2160 2215 2304
f 2071 2215 2160
f 1982 1927 1838
f 1982 2071 1927
f 1838 1893 1982
f 2126 2071 1982
f 1893 2037 1982
f 1982 2037 2126
f 2270 2126 2181
f 2126 2037 2181
f 3312 3223 3367
f 3024 2969 2880
f 3113 2969 3024
f 3278 3422 3367
f 3367 3223 3278
f 3278 3333 3422
f 3189 3333 3278
f 3244 3189 3100
f 3155 3244 3100
f 3100 3011 3155
f 2956 3011 3100
f 3100 3045 2956
f 3100 3189 3045
f 2799 2854 2943
f 2943 3087 3032
f 2998 3087 2943
f 2943 2854 2998
f 2477 2422 2333
f 2333 2388 2477
f 2244 2388 2333
f 2189 2244 2333
f 2278 2189 2333
f 2333 2422 2278
f 2778 2689 2833
f 2689 2744 2833
f 1778 1867 1723
f 1778 1634 1689
f 1778 1723 1634
f 1778 1689 1833
f 1833 1922 1778
f 1922 1867 1778
f 2401 2257 2312
f 2312 2456 2401
f 2223 2367 2312
f 2367 2456 2312
f 1990 2134 2079
f 2134 2223 2079
f 2079 1935 1990
f 2079 2024 1935
f 2113 2024 2168
f 2168 2257 2113
f 2024 2079 2168
f 2168 2312 2257
f 2223 2312 2168
f 2168 2079 2223
f 2346 2257 2401
f 2202 2257 2346
f 2346 2291 2202
f 2435 2291 2346
f 2723 2867 2812
f 2579 2634 2723
f 2778 2867 2723
f 2723 2634 2778
f 2723 2668 2579
f 2812 2668 2723
f 2401 2456 2545
f 2689 2634 2545
f 2600 2689 2545
f 2545 2456 2600
f 2265 2210 2121
f 2121 2176 2265
f 2032 2176 2121
f 1977 2032 2121
f 2121 2066 1977
f 2121 2210 2066
f 285 306 340
f 340 319 285
f 374 319 340
f 429 374 340
f 827 916 861
f 861 772 827
f 806 772 861
f 861 916 950
f 861 950 895
f 895 806 861
f 717 772 806
f 806 751 717
f 717 751 662
f 662 628 717
f 683 772 717
f 717 628 683
f 620 586 675
f 730 764 675
f 709 620 675
f 675 764 709
f 730 675 641
f 641 675 586
f 531 565 476
f 497 586 531
f 620 565 531
f 531 586 620
f 531 442 497
f 476 442 531
f 539 628 573
f 518 484 573
f 573 484 539
f 573 628 662
f 539 450 505
f 505 594 539
f 560 594 505
f 471 560 505
f 505 416 471
f 505 450 416
f 353 319 408
f 298 319 353
f 353 442 387
f 408 442 353
f 353 387 332
f 332 298 353
f 657 602 568
f 568 623 657
f 657 623 712
f 691 602 657
f 547 636 581
f 581 526 492
f 492 547 581
f 581 636 670
f 670 615 581
f 581 615 526
f 424 369 335
f 335 390 424
f 233 178 199
f 165 220 199
f 144 165 199
f 199 178 144
f 212 233 267
f 267 246 212
f 445 356 411
f 411 500 445
f 466 500 411
f 225 280 259
f 259 204 225
f 225 191 246
f 246 280 225
f 225 204 170
f 170 191 225
f 288 267 233
f 597 686 631
f 631 542 597
f 2055 1911 1966
f 2055 2199 2144
f 2110 2199 2055
f 2055 1966 2110
f 1822 1678 1733
f 1966 1911 1822
f 1733 1877 1822
f 1877 1966 1822
f 1445 1589 1534
f 1534 1390 1445
f 1301 1356 1445
f 1445 1390 1301
f 1555 1699 1644
f 1610 1699 1555
f 1322 1411 1267
f 1267 1178 1322
f 1322 1178 1233
f 2516 2660 2605
f 1665 1576 1720
f 1720 1809 1665
f 1665 1809 1754
f 1665 1754 1610
f 1610 1521 1665
f 1521 1576 1665
f 1042 1186 1131
f 1220 1076 1131
f 1097 1186 1042
f 953 1008 1097
f 1097 1042 953
f 1008 1152 1097
f 1097 1152 1241
f 1241 1186 1097
f 1707 1796 1652
f 987 1076 932
f 932 898 987
f 1042 1131 987
f 987 1131 1076
f 953 1042 987
f 987 898 953
f 1343 1487 1432
f 1343 1398 1487
f 1432 1288 1343
f 1275 1364 1220
f 1220 1131 1275
f 1275 1131 1186
f 1419 1364 1275
f 1686 1542 1597
f 1508 1652 1597
f 1453 1508 1597
f 1597 1542 1453
f 2084 1940 1995
f 2084 1995 2139
f 2029 1940 2084
f 2084 2173 2029
f 2029 1974 1885
f 1885 1940 2029
f 1796 1940 1885
f 1885 1974 1830
f 2063 2118 2207
f 2296 2152 2207
f 2207 2152 2063
f 2207 2351 2296
f 2262 2351 2207
f 2207 2118 2262
f 1000 1089 945
f 691 657 746
f 746 657 712
f 780 691 746
f 877 822 788
f 843 932 877
f 877 788 843
f 699 733 644
f 644 589 555
f 678 623 589
f 589 644 678
f 678 644 733
f 678 733 767
f 767 712 678
f 712 623 678
f 516 482 571
f 550 461 516
f 516 571 605
f 605 550 516
f 702 668 757
f 757 812 846
f 846 791 757
f 757 791 702
f 812 757 723
f 723 757 668
f 1079 1168 1024
f 1168 1113 1024
f 1024 935 1079
f 681 736 770
f 736 825 770
f 770 715 681
f 770 825 859
f 872 906 817
f 783 728 694
f 838 872 783
f 817 728 783
f 783 872 817
f 694 660 749
f 749 783 694
f 838 783 749
f 660 715 749
f 344 310 399
f 289 310 344
f 399 433 344
f 255 310 289
f 255 200 221
f 255 221 276
f 276 310 255
f 234 289 268
f 179 200 234
f 234 255 289
f 200 255 234
f 268 213 234
f 234 213 179
f 132 187 166
f 166 200 145
f 166 187 221
f 221 200 166
f 145 111 166
f 166 111 132
f 182 161 127
f 127 161 106
f 79 45 66
f 66 100 79
f 79 113 92
f 79 100 113
f 357 446 391
f 391 336 357
f 336 302 357
f 223 244 278
f 278 257 223
f 312 257 278
f 278 244 299
f 456 422 511
f 545 456 511
f 566 600 511
f 511 600 545
f 498 587 532
f 443 354 409
f 409 498 443
f 498 532 443
f 286 307 341
f 286 341 320
f 320 265 286
f 286 265 231
f 129 163 108
f 129 108 95
f 150 184 129
f 184 163 129
f 95 116 129
f 129 116 150
f 1252 1307 1396
f 1396 1341 1252
f 1163 1307 1252
f 1252 1341 1197
f 1197 1108 1252
f 1252 1108 1163
f 1197 1341 1286
f 1375 1231 1286
f 1286 1430 1375
f 1286 1341 1430
f 1286 1142 1197
f 1231 1142 1286
f 1684 1540 1595
f 1595 1739 1684
f 1396 1540 1485
f 1485 1341 1396
f 1430 1341 1485
f 1629 1540 1684
f 1684 1773 1629
f 1629 1485 1540
f 1951 1807 1862
f 1862 2006 1951
f 1828 1883 1972
f 1828 1739 1883
f 1828 1773 1684
f 1684 1739 1828
f 1273 1328 1417
f 1417 1362 1273
f 1506 1362 1417
f 1417 1328 1472
f 1417 1561 1506
f 1472 1561 1417
f 1451 1540 1396
f 1396 1307 1451
f 1307 1362 1451
f 1451 1362 1506
f 1506 1595 1451
f 1451 1595 1540
f 642 731 676
f 676 587 642
f 731 765 676
f 676 765 710
f 2335 2424 2280
f 2280 2191 2335
f 2212 2068 2123
f 2123 2267 2212
f 2212 2267 2356
f 1806 1717 1861
f 1717 1772 1861
f 2060 2005 1916
f 1916 1971 2060
f 1827 1971 1916
f 1916 1772 1827
f 1916 1861 1772
f 2005 1861 1916
f 2704 2848 2793
f 2560 2615 2704
f 2704 2759 2848
f 2615 2759 2704
f 2704 2793 2649
f 2649 2560 2704
f 2670 2615 2526
f 2526 2581 2670
f 2437 2581 2526
f 2526 2382 2437
f 2471 2382 2526
f 2526 2615 2471
f 2958 2814 2869
f 2979 3034 3123
f 2979 2890 3034
f 2285 2141 2196
f 2429 2374 2285
f 2285 2374 2230
f 2230 2141 2285
f 2285 2340 2429
f 2285 2196 2340
f 2010 2154 2099
f 1955 2010 2099
f 2387 2476 2332
f 2332 2476 2421
f 2332 2421 2277
f 2277 2188 2332
f 1395 1340 1251
f 1251 1306 1395
f 1484 1340 1395
f 1395 1306 1450
f 1395 1539 1484
f 1450 1539 1395
f 1416 1272 1327
f 1361 1306 1217
f 1217 1272 1361
f 1450 1306 1361
f 1361 1272 1416
f 1416 1505 1361
f 1361 1505 1450
f 1204 1060 1115
f 1005 916 971
f 971 1060 1005
f 950 916 1005
f 1403 1314 1458
f 1458 1547 1403
f 1128 1039 1183
f 1183 1272 1128
f 1238 1327 1183
f 1183 1327 1272
f 1848 1793 1704
f 1704 1793 1649
f 1649 1793 1738
f 1738 1827 1683
f 1882 1827 1738
f 1738 1793 1882
f 1683 1594 1738
f 1594 1649 1738
f 1992 2136 2081
f 1848 1903 1992
f 2047 2136 1992
f 1992 1903 2047
f 1992 1937 1848
f 2081 1937 1992
f 1958 1903 1814
f 1670 1725 1814
f 1552 1497 1408
f 1408 1463 1552
f 1641 1497 1552
f 1552 1463 1607
f 1552 1696 1641
f 1607 1696 1552
f 819 764 730
f 730 785 819
f 853 764 819
f 819 908 853
f 5728 5872 5817
f 5673 5728 5817
f 6016 6105 5961
f 5961 5872 6016
f 5961 6105 6050
f 5961 5817 5872
f 6050 5906 5961
f 5906 5817 5961
f 4406 4317 4461
f 4694 4639 4550
f 4461 4605 4550
f 4550 4605 4694
f 4550 4406 4461
f 4783 4639 4694
f 4694 4838 4783
f 4927 5071 5016
f 4927 4783 4838
f 4927 4838 4982
f 4982 5071 4927
f 4927 5016 4872
f 4872 4783 4927
f 4241 4097 4152
f 4186 4097 4241
f 4364 4275 4419
f 5050 5105 5194
f 4338 4482 4427
f 4427 4283 4338
f 4393 4482 4338
f 4770 4715 4626
f 4681 4770 4626
f 4626 4715 4571
f 4571 4482 4626
f 4987 5131 5076
f 4843 4898 4987
f 4987 4898 5042
f 5042 5131 4987
f 4987 4932 4843
f 5076 4932 4987
f 5021 4932 5076
f 5076 5165 5021
f 5385 5440 5529
f 5529 5474 5385
f 5207 5262 5351
f 5351 5296 5207
f 5440 5296 5351
f 5563 5508 5419
f 5419 5474 5563
f 5419 5364 5275
f 5419 5508 5364
f 5885 5974 5830
f 5885 5940 6029
f 6029 5974 5885
f 5673 5817 5762
f 5762 5817 5906
f 4589 4644 4733
f 4589 4500 4644
f 4733 4678 4589
f 4445 4500 4589
f 4589 4534 4445
f 4589 4678 4534
f 4618 4673 4762
f 4021 3966 3877
f 4021 4110 3966
f 4521 4576 4665
f 4665 4610 4521
f 4665 4754 4610
f 4665 4576 4720
f 4487 4432 4343
f 4487 4576 4432
f 4487 4343 4398
f 4398 4542 4487
f 3733 3678 3589
f 3733 3822 3678
f 3733 3589 3644
f 3877 3822 3733
f 3733 3788 3877
f 3644 3788 3733
f 3898 3843 3754
f 3665 3809 3754
f 3809 3898 3754
f 3754 3610 3665
f 3699 3610 3754
f 3754 3843 3699
f 2330 2474 2419
f 2186 2241 2330
f 2330 2275 2186
f 2419 2275 2330
f 2385 2241 2296
f 2296 2440 2385
f 2385 2330 2241
f 2474 2330 2385
f 2414 2359 2270
f 2414 2503 2359
f 2558 2503 2414
f 2414 2469 2558
f 2715 2660 2571
f 2482 2626 2571
f 2571 2626 2715
f 2427 2482 2571
f 2571 2516 2427
f 2660 2516 2571
f 4443 4498 4587
f 4587 4498 4642
f 3909 3998 3854
f 3854 3998 3943
f 3503 3592 3448
f 3414 3558 3503
f 3270 3126 3181
f 3181 3325 3270
f 3270 3325 3414
f 3270 3215 3126
f 3935 3880 3791
f 2893 2838 2749
f 2893 2982 2838
f 3236 3291 3380
f 3236 3147 3291
f 3380 3325 3236
f 3236 3325 3181
f 3202 3147 3058
f 3058 3113 3202
f 3058 2969 3113
f 2914 2969 3058
f 3058 3003 2914
f 3058 3147 3003
f 3990 4045 4134
f 3990 3901 4045
f 3613 3668 3757
f 3613 3524 3668
f 3613 3757 3702
f 3702 3558 3613
f 3435 3291 3346
f 3579 3524 3435
f 3380 3291 3435
f 3435 3524 3380
f 3435 3490 3579
f 3346 3490 3435
f 4155 4210 4299
f 4443 4388 4299
f 4299 4354 4443
f 4299 4210 4354
f 4244 4388 4333
f 4100 4155 4244
f 4155 4299 4244
f 4244 4299 4388
f 4333 4189 4244
f 4244 4189 4100
f 4367 4511 4456
f 4223 4278 4367
f 4367 4312 4223
f 4456 4312 4367
f 4566 4511 4422
f 4422 4477 4566
f 4333 4477 4422
f 4422 4278 4333
f 4422 4367 4278
f 4511 4367 4422
f 3367 3422 3511
f 3655 3600 3511
f 3422 3566 3511
f 3511 3566 3655
f 3744 3600 3655
f 3888 3833 3744
f 3744 3833 3689
f 3689 3600 3744
f 3668 3723 3812
f 3757 3668 3812
f 3812 3901 3757
f 3956 3901 3812
f 3812 3867 3956
f 3812 3723 3867
f 3922 3778 3833
f 4066 4011 3922
f 3867 3778 3922
f 3922 4011 3867
f 3922 3977 4066
f 3833 3977 3922
f 3697 3786 3642
f 3642 3553 3697
f 3697 3553 3608
f 3841 3786 3697
f 3697 3752 3841
f 3608 3752 3697
f 3608 3553 3464
f 3320 3375 3464
f 3464 3409 3320
f 3464 3553 3409
f 4231 4375 4320
f 4087 4142 4231
f 4142 4286 4231
f 4286 4375 4231
f 4176 4087 4231
f 4231 4320 4176
f 4545 4689 4634
f 4401 4456 4545
f 4545 4456 4600
f 4600 4689 4545
f 4545 4490 4401
f 4634 4490 4545
f 4202 4113 4257
f 4257 4346 4202
f 4202 4346 4291
f 4668 4579 4723
f 5257 5312 5401
f 5401 5490 5346
f 5346 5257 5401
f 5511 5600 5456
f 5456 5401 5312
f 5223 5079 5134
f 5079 4990 5134
f 6210 6155 6066
f 5922 5977 6066
f 6066 6011 5922
f 6155 6011 6066
f 6210 6066 6121
f 6121 6066 5977
f 5278 5189 5333
f 5223 5134 5278
f 5278 5134 5189
f 5333 5477 5422
f 5422 5278 5333
f 5566 5710 5655
f 5566 5422 5477
f 5621 5710 5566
f 5566 5477 5621
f 5566 5655 5511
f 5511 5422 5566
f 5210 5066 5121
f 5498 5354 5409
f 5553 5498 5409
f 5409 5320 5464
f 5464 5553 5409
f 4867 4922 5011
f 5100 4956 5011
f 5011 4956 4867
f 5011 4922 5066
f 5286 5375 5231
f 5231 5142 5286
f 5231 5375 5320
f 5087 5142 5231
f 5231 5176 5087
f 5320 5176 5231
f 4943 4998 5087
f 4854 4998 4943
f 5121 5066 4977
f 4833 4888 4977
f 4977 4922 4833
f 5066 4922 4977
f 4655 4710 4799
f 4799 4744 4655
f 4799 4888 4744
f 4799 4943 4888
f 4799 4710 4854
f 4854 4943 4799
f 4477 4388 4532
f 4532 4621 4477
f 4532 4388 4443
f 4676 4621 4532
f 4443 4587 4532
f 4532 4587 4676
f 4854 4710 4765
f 4710 4621 4765
f 4765 4621 4676
f 4909 4854 4765
f 4820 4909 4765
f 4765 4676 4820
f 3194 3338 3283
f 3283 3139 3194
f 3228 3139 3283
f 3283 3372 3228
f 2673 2817 2762
f 2817 2906 2762
f 2762 2618 2673
f 2707 2618 2762
f 3084 3173 3029
f 3029 2940 3084
f 3084 2940 2995
f 3228 3173 3084
f 3084 3139 3228
f 3084 2995 3139
f 3427 3571 3516
f 3427 3283 3338
f 3427 3338 3482
f 3482 3571 3427
f 3516 3372 3427
f 3372 3283 3427
f 3516 3571 3660
f 3660 3605 3516
f 3749 3605 3660
f 3804 3749 3660
f 3660 3715 3804
f 3660 3571 3715
f 3736 3681 3592
f 3736 3791 3880
f 3016 2961 2872
f 3016 3105 2961
f 2872 2927 3016
f 3160 3105 3016
f 3071 3160 3016
f 3016 2927 3071
f 4071 3927 3982
f 3927 3838 3982
f 3982 4126 4071
f 4037 4126 3982
f 4016 4160 4105
f 4016 3872 3927
f 4016 3927 4071
f 4071 4160 4016
f 4139 4283 4228
f 4139 3995 4050
f 4084 3995 4139
f 4139 4228 4084
f 4228 4283 4372
f 4461 4317 4372
f 4317 4228 4372
f 4372 4516 4461
f 4372 4427 4516
f 4372 4283 4427
f 3817 3872 3961
f 4050 3906 3961
f 3906 3817 3961
f 3961 4105 4050
f 3961 4016 4105
f 3872 4016 3961
f 4592 4736 4681
f 4592 4448 4503
f 4791 4736 4647
f 4647 4592 4503
f 4736 4592 4647
f 4613 4668 4757
f 4304 4448 4393
f 4325 4270 4181
f 4325 4380 4469
f 4503 4448 4359
f 4448 4304 4359
f 1835 1691 1746
f 1746 1657 1801
f 1602 1657 1746
f 1746 1691 1602
f 2691 2636 2547
f 2547 2602 2691
f 2513 2602 2458
f 2458 2369 2513
f 2513 2369 2424
f 2657 2602 2513
f 2568 2657 2513
f 2513 2424 2568
f 1780 1725 1636
f 1636 1691 1780
f 1780 1691 1835
f 1835 1924 1780
f 2034 1979 1890
f 1801 1945 1890
f 1890 1945 2034
f 1890 1746 1801
f 1890 1979 1835
f 1835 1746 1890
f 924 958 869
f 1013 958 924
f 1657 1513 1568
f 1568 1479 1623
f 1568 1424 1479
f 1568 1513 1424
f 1623 1712 1568
f 1568 1712 1657
f 2508 2364 2419
f 2652 2597 2508
f 2597 2453 2508
f 2453 2364 2508
f 2508 2563 2652
f 2419 2563 2508
f 5175 5264 5120
f 5175 5086 5230
f 5167 5311 5256
f 5167 5023 5078
f 5078 5222 5167
f 5167 5222 5311
f 5091 5002 5146
f 5256 5201 5112
f 5112 5167 5256
f 5023 5167 5112
f 4968 5023 5112
f 5434 5523 5379
f 5256 5311 5400
f 5400 5311 5455
f 5366 5222 5277
f 5154 5099 5010
f 5010 5065 5154
f 4921 5065 5010
f 4696 4641 4552
f 4696 4785 4641
f 4696 4552 4607
f 4840 4785 4696
f 4607 4751 4696
f 4696 4751 4840
f 4929 5073 5018
f 4929 4785 4840
f 5018 4874 4929
f 4874 4785 4929
f 5018 5073 5162
f 5251 5107 5162
f 5162 5107 5018
f 5162 5306 5251
f 5162 5073 5217
f 5217 5306 5162
f 5128 5073 4984
f 4984 4840 4895
f 4984 4929 4840
f 5073 4929 4984
f 3434 3290 3345
f 3489 3578 3434
f 3434 3345 3489
f 3235 3290 3379
f 3468 3324 3379
f 3379 3324 3235
f 3290 3434 3379
f 3023 2968 2879
f 2879 2934 3023
f 2879 2790 2934
f 2735 2790 2879
f 2879 2824 2735
f 2879 2968 2824
f 3413 3557 3502
f 3269 3324 3413
f 3468 3557 3413
f 3413 3324 3468
f 3413 3358 3269
f 3502 3358 3413
f 4039 3895 3950
f 4183 4128 4039
f 4039 4094 4183
f 3950 4094 4039
f 3950 3895 3806
f 3861 3950 3806
f 3806 3717 3861
f 3806 3895 3751
f 3984 4039 4128
f 3895 4039 3984
f 3230 3374 3319
f 3086 3141 3230
f 3230 3141 3285
f 3285 3374 3230
f 3230 3175 3086
f 3319 3175 3230
f 4539 4395 4450
f 4539 4683 4628
f 4539 4450 4594
f 4594 4683 4539
f 2384 2329 2240
f 2240 2151 2295
f 2295 2384 2240
f 2240 2096 2151
f 2185 2096 2240
f 2240 2329 2185
f 2371 2316 2227
f 2282 2371 2227
f 2227 2138 2282
f 2083 2138 2227
f 2227 2172 2083
f 2316 2172 2227
f 3146 3235 3091
f 3091 3235 3180
f 3180 3036 3091
f 3036 2947 3091
f 3002 3091 2947
f 3146 3091 3002
f 2913 3057 3002
f 3002 3057 3146
f 2858 2803 2714
f 2858 2947 2803
f 2858 2714 2769
f 2858 3002 2947
f 2858 2769 2913
f 2913 3002 2858
f 2159 2104 2015
f 1926 2070 2015
f 2015 2070 2159
f 2015 1871 1926
f 1960 1871 2015
f 2015 2104 1960
f 2604 2549 2460
f 2604 2693 2549
f 2460 2515 2604
f 2748 2693 2604
f 2515 2659 2604
f 2659 2748 2604
f 3858 3913 4002
f 4002 4146 4091
f 4057 4146 4002
f 4002 3913 4057
f 3570 3625 3714
f 3714 3659 3570
f 3803 3659 3714
f 3858 3803 3714
f 3714 3769 3858
f 3714 3625 3769
f 3096 3185 3041
f 3041 2952 3096
f 3185 3130 3041
f 3041 2897 2952
f 3041 3130 2986
f 2986 2897 3041
f 3164 3075 3219
f 3219 3308 3164
f 2876 2821 2732
f 2876 2965 2821
f 2732 2787 2876
f 2787 2931 2876
f 3541 3685 3630
f 3397 3452 3541
f 3541 3486 3397
f 3630 3486 3541
f 3630 3685 3774
f 3774 3719 3630
f 3863 3719 3774
f 3452 3507 3596
f 3596 3541 3452
f 3685 3541 3596
f 3740 3685 3596
f 3562 3507 3418
f 3329 3473 3418
f 3418 3473 3562
f 3363 3507 3452
f 3363 3308 3219
f 3452 3308 3363
f 3363 3418 3507
f 4104 4015 4159
f 4159 4248 4104
f 4159 4015 4070
f 4303 4248 4159
f 4070 4214 4159
f 4159 4214 4303
f 4659 4748 4604
f 4604 4748 4693
f 4693 4549 4604
f 4604 4549 4460
f 4282 4426 4371
f 4227 4282 4371
f 4371 4316 4227
f 4460 4316 4371
f 3664 3719 3808
f 3808 3753 3664
f 3808 3897 3753
f 3808 3719 3863
f 3651 3795 3740
f 3651 3507 3562
f 3740 3596 3651
f 3651 3596 3507
f 3884 3939 4028
f 3884 3795 3939
f 4028 3973 3884
f 3740 3795 3884
f 3562 3617 3706
f 3706 3651 3562
f 3795 3651 3706
f 3706 3617 3761
f 5439 5583 5528
f 5528 5384 5439
f 4926 4837 4981
f 4981 5070 4926
f 5392 5481 5337
f 5337 5248 5392
f 5481 5426 5337
f 5337 5193 5248
f 5049 4994 4905
f 4816 4960 4905
f 4905 4960 5049
f 4761 4816 4905
f 4905 4850 4761
f 4905 4994 4850
f 5138 4994 5049
f 5049 5193 5138
f 5227 5172 5083
f 5083 5138 5227
f 4994 5138 5083
f 4939 4994 5083
f 5083 5028 4939
f 5172 5028 5083
f 5282 5426 5371
f 5282 5138 5193
f 5193 5337 5282
f 5282 5337 5426
f 5282 5371 5227
f 5227 5138 5282
f 5659 5604 5515
f 5570 5659 5515
f 5515 5426 5570
f 5371 5426 5515
f 5515 5460 5371
f 5515 5604 5460
f 4405 4494 4350
f 4350 4494 4439
f 4439 4295 4350
f 4350 4295 4206
f 5153 5064 5208
f 5208 5297 5153
f 5009 5064 5153
f 5153 5098 5009
f 5530 5475 5386
f 5386 5441 5530
f 5386 5297 5441
f 5386 5475 5331
f 6127 6072 5983
f 5839 5894 5983
f 5983 5928 5839
f 6072 5928 5983
f 5894 5949 6038
f 6127 5983 6038
f 6038 5983 5894
f 6182 6127 6038
f 6038 6093 6182
f 6038 5949 6093
f 5661 5716 5805
f 5661 5572 5716
f 5805 5750 5661
f 5517 5572 5661
f 5661 5750 5606
f 5606 5517 5661
f 7017 7072 7106
f 5975 6030 6119
f 5818 5873 5962
f 5962 5907 5818
f 5873 5928 6017
f 6017 5962 5873
f 6106 5962 6017
f 6161 6106 6017
f 6017 6072 6161
f 6017 5928 6072
f 4404 4459 4548
f 4637 4493 4548
f 4548 4493 4404
f 4548 4459 4603
f 4514 4459 4370
f 4370 4281 4425
f 4425 4514 4370
f 4226 4281 4370
f 4370 4315 4226
f 4370 4459 4315
f 2718 2773 2862
f 2862 2807 2718
f 2951 2807 2862
f 3006 2951 2862
f 2862 2917 3006
f 2862 2773 2917
f 2896 2841 2752
f 2752 2807 2896
f 2663 2807 2752
f 2752 2841 2697
f 2574 2629 2718
f 2718 2663 2574
f 3205 3150 3061
f 3061 3116 3205
f 2972 3116 3061
f 2917 2972 3061
f 3006 2917 3061
f 3061 3150 3006
f 3810 3666 3721
f 3810 3899 3755
f 3755 3666 3810
f 3865 3810 3721
f 3200 3255 3344
f 3344 3289 3200
f 3200 3289 3145
f 3721 3666 3577
f 3433 3488 3577
f 3721 3577 3632
f 3632 3577 3488
f 4441 4386 4297
f 4297 4352 4441
f 4208 4352 4297
f 4297 4386 4242
f 3226 3370 3315
f 3315 3171 3226
f 3226 3171 3082
f 3116 3171 3260
f 3205 3116 3260
f 3260 3349 3205
f 3404 3349 3260
f 3315 3404 3260
f 3260 3171 3315
f 3789 3645 3700
f 3789 3933 3878
f 3878 3734 3789
f 3734 3645 3789
f 3789 3844 3933
f 3700 3844 3789
f 3433 3577 3522
f 3522 3577 3666
f 3378 3323 3234
f 3378 3467 3323
f 3234 3289 3378
f 3378 3522 3467
f 3378 3289 3433
f 3433 3522 3378
f 3700 3556 3611
f 3556 3467 3611
f 3467 3522 3611
f 3755 3700 3611
f 3611 3666 3755
f 3611 3522 3666
f 2692 2836 2781
f 2870 2726 2781
f 2980 2836 2891
f 2891 3035 2980
f 2802 2946 2891
f 2946 3035 2891
f 3069 3213 3158
f 3158 3213 3302
f 3391 3247 3302
f 3302 3247 3158
f 3302 3446 3391
f 2980 3035 3124
f 3124 3069 2980
f 3213 3069 3124
f 3501 3446 3357
f 3357 3412 3501
f 3446 3302 3357
f 3357 3302 3213
f 5687 5598 5742
f 5742 5831 5687
f 5598 5653 5742
f 5776 5920 5865
f 5865 5721 5776
f 5954 5810 5865
f 5810 5721 5865
f 6064 5920 5975
f 5975 6119 6064
f 5255 5310 5399
f 5255 5166 5310
f 5399 5344 5255
f 5255 5344 5200
f 4501 4645 4590
f 4645 4734 4590
f 4590 4446 4501
f 4535 4446 4590
f 4823 4734 4878
f 4878 4967 4823
f 4959 4815 4870
f 4815 4726 4870
f 5302 5446 5391
f 5226 5082 5137
f 5171 5082 5226
f 5226 5315 5171
f 5048 4904 4959
f 5048 5192 5137
f 5137 5082 4993
f 4993 5048 5137
f 4904 5048 4993
f 4849 4904 4993
f 4938 4849 4993
f 4993 5082 4938
f 5980 5925 5836
f 5925 5781 5836
f 5404 5315 5459
f 4124 4069 3980
f 3891 4035 3980
f 4035 4124 3980
f 3980 3836 3891
f 3925 3836 3980
f 3980 4069 3925
f 5090 5234 5179
f 5124 5179 5268
f 4603 4747 4692
f 4692 4548 4603
f 4637 4548 4692
f 1294 1383 1239
f 1239 1150 1294
f 1294 1150 1205
f 1205 1349 1294
f 1294 1349 1438
f 1438 1383 1294
f 1315 1459 1404
f 1260 1315 1404
f 1404 1349 1260
f 1370 1281 1425
f 1425 1281 1336
f 1391 1446 1535
f 1535 1446 1590
f 1590 1679 1535
f 1768 1857 1713
f 1857 1802 1713
f 1658 1747 1603
f 1569 1713 1658
f 1802 1747 1658
f 1658 1713 1802
f 1616 1561 1472
f 1705 1561 1616
f 1616 1760 1705
f 1671 1760 1616
f 1650 1561 1705
f 1739 1595 1650
f 1506 1561 1650
f 1650 1595 1506
f 2535 2624 2480
f 2480 2391 2535
f 2480 2624 2569
f 2336 2391 2480
f 2247 2391 2336
f 2103 2158 2247
f 2247 2158 2302
f 2302 2391 2247
f 1794 1938 1883
f 1883 1739 1794
f 1794 1650 1705
f 1739 1650 1794
f 2027 1938 2082
f 1883 1938 2027
f 1972 1883 2027
f 2027 2116 1972
f 2124 2069 1980
f 1891 2035 1980
f 1980 2035 2124
f 1980 1836 1891
f 1870 1781 1925
f 1925 1781 1836
f 1836 1980 1925
f 1925 1980 2069
f 2446 2590 2535
f 2302 2357 2446
f 2535 2391 2446
f 2446 2391 2302
f 2501 2357 2412
f 2501 2645 2590
f 2590 2446 2501
f 2501 2446 2357
f 2501 2412 2556
f 2556 2645 2501
f 2624 2679 2768
f 2857 2713 2768
f 2713 2624 2768
f 2768 2912 2857
f 2768 2679 2823
f 2823 2912 2768
f 3056 2912 2967
f 3056 3200 3145
f 3145 3001 3056
f 3001 2912 3056
f 3035 3090 3179
f 3179 3124 3035
f 3234 3323 3179
f 3179 3090 3234
f 2349 2493 2438
f 2438 2294 2349
f 2349 2294 2205
f 2637 2493 2548
f 2637 2781 2726
f 2637 2726 2582
f 2582 2493 2637
f 2637 2548 2692
f 2692 2781 2637
f 1951 2095 2040
f 2040 1896 1951
f 2129 1985 2040
f 2040 1985 1896
f 2184 2095 2239
f 2184 2040 2095
f 2184 2273 2129
f 2129 2040 2184
f 2129 2273 2218
f 2218 2074 2129
f 2163 2074 2218
f 2218 2307 2163
f 2938 3027 2883
f 2883 3027 2972
f 2883 2972 2828
f 2828 2739 2883
f 2561 2705 2650
f 2650 2739 2595
f 2472 2616 2561
f 2561 2417 2472
f 2472 2383 2527
f 2527 2616 2472
f 2815 2671 2726
f 2815 2959 2904
f 2815 2904 2760
f 2760 2671 2815
f 2815 2726 2870
f 2870 2959 2815
f 5695 5551 5606
f 5839 5784 5695
f 5784 5640 5695
f 5640 5551 5695
f 5695 5750 5839
f 5606 5750 5695
f 5284 5339 5428
f 5284 5195 5339
f 5428 5373 5284
f 5140 5195 5284
f 5373 5229 5284
f 5229 5140 5284
f 4640 4585 4496
f 4407 4551 4496
f 4551 4640 4496
f 4496 4352 4407
f 4496 4585 4441
f 4441 4352 4496
f 5140 5085 4996
f 4907 5051 4996
f 4996 5051 5140
f 4996 5085 4941
f 4852 4708 4763
f 4852 4996 4941
f 4941 4797 4852
f 4852 4797 4708
f 4852 4763 4907
f 4907 4996 4852
f 4687 4831 4776
f 4687 4632 4543
f 4776 4632 4687
f 4742 4831 4687
f 5174 5030 5085
f 5174 5318 5263
f 5263 5119 5174
f 5119 5030 5174
f 5229 5318 5174
f 5174 5085 5229
f 4742 4797 4886
f 4975 4831 4886
f 4886 4831 4742
f 4886 5030 4975
f 4941 5030 4886
f 4886 4797 4941
f 4140 3996 4051
f 4051 4195 4140
f 4229 4318 4174
f 3674 3585 3729
f 3674 3763 3619
f 3619 3708 3564
f 4860 4949 4805
f 4805 4716 4860
f 4949 4894 4805
f 4661 4716 4805
f 4572 4716 4661
f 4572 4661 4517
f 4517 4428 4572
f 4627 4716 4572
f 4750 4894 4839
f 4750 4606 4661
f 4661 4805 4750
f 4750 4805 4894
f 4839 4695 4750
f 4695 4606 4750
f 2323 2467 2412
f 2323 2268 2179
f 2412 2268 2323
f 1823 1912 1768
f 1768 1679 1823
f 1679 1734 1823
f 3166 3221 3310
f 3399 3255 3310
f 3310 3255 3166
f 3310 3454 3399
f 3132 2988 3043
f 3242 3386 3331
f 2810 2721 2865
f 2865 2954 2810
f 2865 2721 2776
f 3386 3242 3297
f 6921 6777 6832
f 6921 6866 6777
f 6777 6866 6722
f 6722 6633 6777
f 6578 6633 6722
f 6997 6853 6908
f 6908 6819 6963
f 6963 7052 6908
f 7052 6997 6908
f 6853 6709 6764
f 6819 6908 6764
f 6764 6908 6853
f 6764 6709 6620
f 6400 6544 6489
f 6489 6345 6400
f 6400 6345 6256
f 7353 7298 7264
f 7340 7374 7285
f 6963 6874 7018
f 6874 6929 7018
f 7018 7052 6963
f 7285 7230 7196
f 7196 7230 7141
f 7073 6929 6984
f 7073 7018 6929
f 7251 7196 7162
f 7251 7340 7285
f 7285 7196 7251
f 7348 7382 7293
f 7026 7060 6971
f 7026 6992 7081
f 6937 6992 7026
f 7026 6971 6882
f 6882 6937 7026
f 7623 7678 7657
f 7657 7678 7712
f 7568 7623 7657
f 6798 6942 6887
f 6887 6743 6798
f 6832 6743 6887
f 7387 7332 7298
f 7387 7353 7442
f 7298 7353 7387
f 7387 7421 7332
f 7154 7099 7065
f 7065 7120 7154
f 7154 7120 7209
f 7154 7209 7243
f 7243 7188 7154
f 7188 7099 7154
f 7065 7099 7010
f 7010 6921 7065
f 7010 7044 6955
f 7099 7044 7010
f 6955 6866 7010
f 6866 6921 7010
f 6968 7057 6913
f 6824 6879 6968
f 6968 6913 6824
f 7290 7256 7345
f 7379 7290 7345
f 7345 7434 7379
f 7112 7167 7201
f 7078 7167 7112
f 6756 6612 6667
f 6578 6722 6667
f 6667 6523 6578
f 6667 6612 6523
f 6329 6240 6384
f 6384 6473 6329
f 6329 6473 6418
f 6185 6240 6329
f 5931 5986 6075
f 6075 6164 6020
f 6020 5931 6075
f 5842 5986 5931
f 5842 5698 5753
f 5842 5787 5698
f 5931 5787 5842
f 6151 6240 6096
f 6096 6240 6185
f 5863 5774 5918
f 5719 5774 5863
f 6041 6096 6185
f 5952 6096 6041
f 5897 5842 5753
f 5986 5842 5897
f 5897 6041 5986
f 5952 6041 5897
f 5761 5905 5850
f 5850 5706 5761
f 6138 6083 5994
f 5994 6049 6138
f 5905 6049 5994
f 5994 5850 5905
f 5994 6083 5939
f 5939 5850 5994
f 6172 6227 6316
f 6172 6083 6227
f 5918 5973 6062
f 6062 6206 6151
f 5829 5973 5918
f 5918 5774 5829
f 5774 5685 5829
f 5363 5418 5507
f 5507 5452 5363
f 5596 5452 5507
f 6303 6214 6358
f 6358 6447 6303
f 6303 6447 6392
f 6303 6392 6248
f 6159 6015 6070
f 6070 6214 6159
f 6159 6303 6248
f 6214 6303 6159
f 6248 6193 6104
f 6104 6159 6248
f 6015 6159 6104
f 5960 6015 6104
f 6104 6049 5960
f 6193 6049 6104
f 5866 6010 5955
f 5866 5722 5777
f 5866 5777 5921
f 5921 6010 5866
f 6243 6332 6188
f 6099 6154 6243
f 6243 6188 6099
f 6243 6154 6298
f 5955 5900 5811
f 5811 5866 5955
f 5722 5866 5811
f 5667 5722 5811
f 5845 5790 5701
f 5557 5612 5701
f 5701 5646 5557
f 5790 5646 5701
f 5756 5612 5667
f 5756 5900 5845
f 5845 5701 5756
f 5756 5701 5612
f 5667 5811 5756
f 5756 5811 5900
f 5235 5180 5091
f 5091 5146 5235
f 5269 5180 5324
f 5324 5413 5269
f 5180 5235 5324
f 5324 5235 5379
f 5549 5638 5494
f 5494 5405 5549
f 5638 5583 5494
f 5350 5405 5494
f 5494 5439 5350
f 5583 5439 5494
f 5418 5473 5562
f 5562 5507 5418
f 5617 5706 5562
f 5562 5473 5617
f 7712 7678 7733
f 7733 7767 7712
f 7733 7678 7699
f 7699 7754 7733
f 7780 7746 7801
f 7746 7767 7801
f 7801 7767 7822
f 7822 7856 7801
f 4868 4813 4724
f 4724 4779 4868
f 4724 4635 4779
f 4724 4580 4635
f 4724 4813 4669
f 4669 4580 4724
f 5334 5478 5423
f 5190 5245 5334
f 5389 5478 5334
f 5334 5245 5389
f 5423 5279 5334
f 5334 5279 5190
f 5567 5622 5711
f 5711 5855 5800
f 5766 5855 5711
f 5711 5622 5766
f 4792 4936 4881
f 4881 4737 4792
f 4792 4737 4648
f 4313 4402 4258
f 4258 4402 4347
f 4347 4203 4258
f 4203 4114 4258
f 5093 5004 5148
f 4949 5004 5093
f 5038 4894 4949
f 4949 5093 5038
f 5038 5093 5182
f 4983 4894 5038
f 5627 5572 5483
f 5716 5572 5627
f 5805 5716 5860
f 5860 5949 5805
f 6444 6499 6588
f 6588 6533 6444
f 6177 6232 6321
f 6321 6266 6177
f 6088 6232 6177
f 5800 5855 5944
f 5944 5999 6088
f 5944 5855 5999
f 5457 5313 5368
f 5457 5601 5546
f 5368 5313 5224
f 5135 5279 5224
f 5224 5279 5368
f 5224 5080 5135
f 5169 5080 5224
f 5224 5313 5169
f 5512 5368 5423
f 5423 5567 5512
f 5512 5457 5368
f 5601 5457 5512
f 5114 5258 5203
f 5203 5059 5114
f 5148 5059 5203
f 5203 5292 5148
f 5402 5258 5313
f 5402 5457 5546
f 5313 5457 5402
f 6580 6724 6669
f 6525 6580 6669
f 6669 6813 6758
f 6669 6724 6813
f 6695 6551 6606
f 6606 6750 6695
f 6839 6784 6695
f 6695 6750 6839
f 6470 6381 6525
f 6182 6237 6326
f 6326 6237 6381
f 6381 6470 6326
f 6360 6504 6449
f 6593 6504 6648
f 6737 6593 6648
f 6648 6792 6737
f 6703 6792 6648
f 6211 6156 6067
f 6148 6237 6093
f 6148 6292 6237
f 6546 6690 6635
f 6546 6601 6690
f 6423 6334 6478
f 6423 6567 6512
f 6423 6478 6567
f 6580 6436 6491
f 6402 6546 6491
f 6347 6402 6491
f 6491 6436 6347
f 6635 6580 6491
f 6491 6546 6635
f 6109 6253 6198
f 6054 6109 6198
f 6342 6287 6198
f 6198 6253 6342
f 6198 6143 6054
f 6198 6287 6143
f 7248 7337 7282
f 7282 7337 7371
f 7371 7316 7282
f 7282 7316 7227
f 7117 7028 7083
f 7083 7172 7117
f 7083 7138 7172
f 6960 6816 6871
f 6769 6680 6824
f 6824 6913 6769
f 6913 6858 6769
f 6769 6625 6680
f 6939 6795 6850
f 6850 6795 6706
f 6706 6761 6850
f 6871 6816 6727
f 6405 6549 6494
f 6439 6350 6494
f 6494 6350 6405
f 6494 6549 6638
f 6604 6460 6515
f 6604 6549 6460
f 6837 6981 6926
f 6926 6981 7070
f 6507 6596 6452
f 6596 6541 6452
f 6452 6363 6507
f 6452 6541 6397
f 6397 6308 6452
f 6308 6363 6452
f 7067 6923 6978
f 6978 7033 7067
f 6978 6923 6834
f 6855 6944 6800
f 6711 6855 6800
f 6800 6656 6711
f 6745 6656 6800
f 7761 7795 7740
f 7740 7706 7761
f 7740 7795 7774
f 7774 7719 7740
f 7303 7358 7392
f 7303 7337 7248
f 7392 7337 7303
f 7269 7358 7303
f 6947 7036 6892
f 6892 6803 6947
f 6947 6803 6858
f 6947 6858 7002
f 7002 7036 6947
f 7146 7112 7201
f 7057 7112 7146
f 7235 7324 7269
f 7269 7180 7235
f 7290 7324 7235
f 7180 7146 7235
f 7201 7290 7235
f 7235 7146 7201
f 7125 7159 7070
f 7070 7036 7125
f 7041 7007 7096
f 6986 6897 7041
f 7096 7130 7041
f 7041 7075 6986
f 7130 7075 7041
f 6808 6719 6863
f 6664 6719 6808
f 7274 7240 7329
f 7329 7384 7418
f 7295 7384 7329
f 7329 7240 7295
f 7418 7363 7329
f 7329 7363 7274
f 7465 7554 7499
f 7465 7520 7554
f 7342 7253 7308
f 7308 7397 7342
f 7528 7617 7562
f 7562 7473 7528
f 7562 7507 7473
f 7562 7596 7507
f 7562 7617 7651
f 7651 7596 7562
f 1963 1874 2018
f 2018 2107 1963
f 1963 2107 2052
f 1819 1874 1963
f 2052 1908 1963
f 1963 1908 1819
f 2560 2505 2416
f 2471 2560 2416
f 2416 2505 2361
f 2361 2272 2416
f 2086 1942 1997
f 2230 2175 2086
f 2086 2141 2230
f 1997 2141 2086
f 2031 2175 2120
f 1887 1942 2031
f 2031 2086 2175
f 1942 2086 2031
f 2120 1976 2031
f 1976 1887 2031
f 2853 2709 2764
f 2764 2908 2853
f 2908 2997 2853
f 2853 2798 2709
f 2586 2531 2442
f 2497 2586 2442
f 2442 2353 2497
f 2442 2298 2353
f 2387 2298 2442
f 2442 2531 2387
f 3594 3738 3683
f 3450 3505 3594
f 3649 3738 3594
f 3594 3505 3649
f 3539 3450 3594
f 3594 3683 3539
f 3149 3005 3060
f 3293 3238 3149
f 3149 3238 3094
f 3094 3005 3149
f 3149 3204 3293
f 3149 3060 3204
f 2662 2717 2806
f 2751 2662 2806
f 2806 2717 2861
f 2861 2950 2806
f 2916 2772 2827
f 2827 2971 2916
f 2882 2971 2827
f 2450 2306 2361
f 2450 2594 2539
f 2539 2395 2450
f 2395 2306 2450
f 2361 2505 2450
f 2505 2594 2450
f 5492 5636 5581
f 5581 5670 5526
f 5903 5759 5814
f 5814 5759 5670
f 5259 5314 5403
f 5492 5348 5403
f 5403 5348 5259
f 5403 5547 5492
f 5458 5547 5403
f 5403 5314 5458
f 5170 5314 5259
f 5225 5314 5170
f 5170 5081 5225
f 5115 5170 5259
f 4916 4772 4827
f 5183 5094 5238
f 5238 5327 5183
f 5013 4869 4924
f 4869 4780 4924
f 4924 5068 5013
f 4979 5068 4924
f 5246 5191 5102
f 5013 5157 5102
f 5102 5157 5246
f 5102 4958 5013
f 5102 5191 5047
f 5047 4958 5102
f 5610 5555 5466
f 5521 5610 5466
f 5466 5377 5521
f 5466 5555 5411
f 5178 5233 5322
f 5322 5267 5178
f 5411 5267 5322
f 5322 5466 5411
f 5322 5233 5377
f 5377 5466 5322
f 4835 4890 4979
f 4835 4746 4890
f 4979 4924 4835
f 4691 4746 4835
f 4835 4780 4691
f 4835 4924 4780
f 4890 4945 5034
f 5034 5123 4979
f 4979 4890 5034
f 5178 5123 5034
f 5034 5089 5178
f 5034 4945 5089
f 4712 4623 4767
f 4568 4623 4712
f 4712 4657 4568
f 5733 5678 5589
f 5589 5644 5733
f 5589 5500 5644
f 5445 5500 5589
f 5589 5534 5445
f 5589 5678 5534
f 6309 6220 6364
f 6309 6453 6398
f 6309 6364 6453
f 6398 6254 6309
f 6254 6165 6309
f 6165 6220 6309
f 5953 6097 6042
f 6042 5898 5953
f 5987 5898 6042
f 6042 6131 5987
f 6186 6097 6241
f 6186 6330 6275
f 6241 6330 6186
f 6186 6042 6097
f 6275 6131 6186
f 6131 6042 6186
f 6207 6262 6351
f 6351 6296 6207
f 6118 6262 6207
f 6207 6063 6118
f 6207 6152 6063
f 6296 6152 6207
f 6474 6618 6563
f 6563 6419 6474
f 6474 6330 6385
f 6419 6330 6474
f 6961 6872 7016
f 7016 7050 6961
f 7050 6906 6961
f 6817 6872 6961
f 6961 6906 6817
f 7084 7050 7139
f 7194 7228 7139
f 7139 7105 7194
f 7139 7050 7105
f 7139 7228 7173
f 7173 7084 7139
f 7249 7160 7215
f 7202 7257 7291
f 6927 6872 6783
f 7016 6872 6927
f 7071 6982 7037
f 7071 7105 7016
f 7160 7105 7071
f 7016 6927 7071
f 7071 6927 6982
f 6885 7029 6974
f 6974 7029 7063
f 7063 6919 6974
f 6974 6830 6885
f 6919 6830 6974
f 6652 6508 6563
f 6652 6597 6508
f 6563 6707 6652
f 7398 7453 7487
f 7330 7419 7364
f 7364 7419 7453
f 7453 7398 7364
f 7364 7398 7309
f 6767 6911 6856
f 6945 6801 6856
f 6856 7000 6945
f 6856 6911 7000
f 6712 6767 6856
f 6856 6801 6712
f 7076 6932 6987
f 6987 7042 7076
f 6987 6898 7042
f 6987 6932 6843
f 6843 6898 6987
f 6576 6720 6665
f 6665 6754 6610
f 6665 6720 6809
f 6809 6754 6665
f 6665 6610 6521
f 6521 6576 6665
f 7152 7097 7063
f 7063 7118 7152
f 7152 7118 7207
f 7330 7364 7275
f 7275 7309 7220
f 7275 7364 7309
f 6699 6788 6644
f 6644 6555 6699
f 6500 6555 6644
f 6411 6555 6500
f 6411 6500 6356
f 6411 6267 6322
f 6356 6267 6411
f 6534 6678 6623
f 6623 6479 6534
f 6390 6445 6534
f 6534 6479 6390
f 7390 7479 7424
f 7424 7335 7390
f 7555 7589 7500
f 7589 7534 7500
f 7500 7466 7555
f 7411 7466 7500
f 6204 6259 6348
f 6348 6293 6204
f 6437 6293 6348
f 6348 6259 6403
f 6403 6492 6348
f 6348 6492 6437
f 6327 6238 6382
f 6238 6293 6382
f 6382 6471 6327
f 6382 6293 6437
f 6437 6526 6382
f 6382 6526 6471
f 6306 6450 6395
f 6361 6450 6306
f 6395 6484 6340
f 6285 6141 6196
f 6196 6340 6285
f 6285 6340 6429
f 6429 6340 6484
f 6429 6573 6518
f 6484 6573 6429
f 6374 6463 6319
f 6285 6429 6374
f 6518 6463 6374
f 6374 6429 6518
f 5531 5442 5586
f 5531 5476 5387
f 5387 5442 5531
f 5971 5916 5827
f 5738 5882 5827
f 5827 5882 5971
f 5827 5683 5738
f 5772 5683 5827
f 5827 5916 5772
f 6026 6081 6170
f 6170 6115 6026
f 6259 6115 6170
f 5992 6081 5937
f 5937 5848 5992
f 5992 5848 5903
f 5903 6047 5992
f 6102 6157 6246
f 6246 6301 6390
f 6246 6157 6301
f 6877 6932 7021
f 7021 6966 6877
f 7021 6932 7076
f 7076 7110 7021
f 7021 7110 7055
f 7055 6966 7021
f 7055 7110 7144
f 7110 7199 7144
f 7322 7377 7411
f 7288 7377 7322
f 7390 7335 7301
f 6725 6869 6814
f 6903 6759 6814
f 6814 6958 6903
f 6814 6869 6958
f 6670 6725 6814
f 6814 6759 6670
f 6314 6458 6403
f 6403 6259 6314
f 6259 6170 6314
f 5463 5408 5319
f 5230 5374 5319
f 5374 5463 5319
f 5319 5175 5230
f 5319 5408 5264
f 5264 5175 5319
f 5599 5510 5654
f 5552 5696 5641
f 5586 5497 5641
f 5641 5497 5552
f 5751 5607 5662
f 5751 5696 5607
f 5751 5806 5895
f 5662 5806 5751
f 5806 5717 5861
f 5861 5950 5806
f 5861 5717 5772
f 6005 5950 5861
f 5861 5916 6005
f 5772 5916 5861
f 4806 4950 4895
f 4895 4751 4806
f 4806 4751 4662
f 5183 5128 5039
f 5039 5094 5183
f 5039 4950 5094
f 4895 4950 5039
f 5039 4984 4895
f 5128 4984 5039
f 4374 4285 4429
f 4429 4518 4374
f 4649 4793 4738
f 4649 4738 4594
f 4594 4505 4649
f 4649 4704 4793
f 5505 5361 5416
f 5416 5560 5505
f 5471 5560 5416
f 5416 5327 5471
f 4335 4390 4479
f 4479 4623 4568
f 4534 4623 4479
f 4479 4390 4534
f 4445 4390 4301
f 4301 4356 4445
f 4212 4356 4301
f 4301 4157 4212
f 4301 4246 4157
f 4301 4390 4246
f 4047 4191 4136
f 4136 3992 4047
f 4081 3992 4136
f 4136 4225 4081
f 4170 4225 4314
f 4314 4259 4170
f 4314 4403 4259
f 4547 4403 4458
f 4403 4314 4458
f 4280 4191 4335
f 4280 4136 4191
f 4225 4136 4280
f 4793 4848 4937
f 4882 4793 4937
f 4992 5081 4937
f 4937 4848 4992
f 3772 3827 3916
f 3916 4005 3861
f 3861 3772 3916
f 4060 4005 3916
f 3971 4060 3916
f 3916 3827 3971
f 3636 3492 3547
f 3636 3547 3691
f 3581 3492 3636
f 5133 5222 5078
f 5078 4989 5133
f 5133 4989 5044
f 5133 5277 5222
f 4900 4845 4756
f 4900 4989 4845
f 4756 4811 4900
f 5044 4989 4900
f 4667 4811 4756
f 4667 4523 4578
f 4578 4722 4667
f 4722 4811 4667
f 4756 4612 4667
f 4612 4523 4667
f 4955 5099 5044
f 5044 4900 4955
f 4955 4900 4811
f 4955 5010 5099
f 4345 4489 4434
f 4201 4256 4345
f 4256 4400 4345
f 4400 4489 4345
f 4345 4290 4201
f 4345 4434 4290
f 4625 4680 4769
f 4625 4769 4714
f 4625 4570 4481
f 4714 4570 4625
f 3892 4036 3981
f 3748 3803 3892
f 3892 3837 3748
f 3892 3981 3837
f 4091 4036 3947
f 3947 4002 4091
f 3858 4002 3947
f 3947 3803 3858
f 3947 3892 3803
f 4036 3892 3947
f 6772 6683 6827
f 6772 6916 6861
f 6772 6827 6916
f 6628 6683 6772
f 6594 6683 6539
f 6594 6450 6505
f 6539 6450 6594
f 6594 6505 6649
f 6649 6738 6594
f 6738 6683 6594
f 6840 6696 6751
f 6696 6607 6751
f 6895 6840 6751
f 7888 7922 7901
f 7901 7935 7914
f 7901 7922 7935
f 7833 7854 7888
f 7799 7854 7833
f 7686 7652 7707
f 7707 7741 7686
f 7885 7830 7851
f 7851 7830 7796
f 7914 7927 7893
f 7927 7906 7893
f 7961 7940 7927
f 7953 7940 7961
f 7961 7974 7953
f 7961 7969 7982
f 7982 7974 7961
f 7948 7935 7956
f 7956 7969 7948
f 7948 7927 7914
f 7914 7935 7948
f 7948 7961 7927
f 7969 7961 7948
f 7956 7922 7943
f 7943 7964 7956
f 7930 7964 7943
f 7943 7909 7930
f 7943 7922 7909
f 7972 7964 7951
f 7951 7964 7930
f 7987 7979 7966
f 7966 7974 7987
f 7953 7974 7966
f 7945 7932 7966
f 7966 7932 7953
f 7966 7958 7945
f 7966 7979 7958
f 7793 7759 7814
f 7793 7848 7827
f 7814 7848 7793
f 7725 7746 7780
f 7780 7759 7725
f 7759 7704 7725
f 7840 7895 7874
f 7840 7861 7895
f 7874 7819 7840
f 7840 7819 7785
f 7900 7866 7887
f 7879 7866 7900
f 7900 7913 7879
f 7934 7913 7900
f 7798 7819 7853
f 7874 7887 7853
f 7853 7819 7874
f 7832 7866 7811
f 7777 7798 7832
f 7832 7811 7777
f 7798 7853 7832
f 7887 7866 7832
f 7832 7853 7887
f 7510 7599 7544
f 7578 7489 7544
f 7633 7578 7544
f 7544 7599 7633
f 7654 7709 7688
f 7688 7599 7654
f 7620 7675 7654
f 7675 7709 7654
f 7654 7565 7620
f 7599 7565 7654
f 5427 5571 5516
f 5516 5372 5427
f 5516 5605 5461
f 5461 5372 5516
f 5660 5715 5804
f 5660 5571 5715
f 5804 5749 5660
f 5660 5516 5571
f 5660 5749 5605
f 5605 5516 5660
f 5812 5867 5956
f 5791 5647 5702
f 5702 5647 5558
f 5990 5935 5846
f 5846 5702 5757
f 5846 5935 5791
f 5791 5702 5846
f 5249 5393 5338
f 5249 5105 5160
f 5249 5160 5304
f 5304 5393 5249
f 5194 5105 5249
f 5249 5338 5194
f 5626 5681 5770
f 5770 5715 5626
f 5859 5715 5770
f 5914 5859 5770
f 5770 5825 5914
f 5770 5681 5825
f 5092 5003 5147
f 5147 5236 5092
f 5147 5003 5058
f 5291 5236 5147
f 5058 5202 5147
f 5147 5202 5291
f 3487 3343 3398
f 3343 3254 3398
f 3398 3254 3309
f 3398 3542 3487
f 3309 3364 3453
f 3453 3398 3309
f 3542 3398 3453
f 3597 3542 3453
f 3453 3508 3597
f 3453 3364 3508
f 3021 3076 3165
f 3110 3021 3165
f 3165 3254 3110
f 3309 3254 3165
f 3220 3309 3165
f 3165 3076 3220
f 2631 2542 2686
f 2686 2775 2631
f 2686 2542 2597
f 2830 2775 2686
f 2597 2741 2686
f 2686 2741 2830
f 2919 2775 2830
f 2919 3063 3008
f 2919 3008 2864
f 2864 2775 2919
f 2919 2974 3063
f 2830 2974 2919
f 2885 2741 2796
f 3029 2974 2885
f 2830 2741 2885
f 2885 2974 2830
f 2885 2940 3029
f 2796 2940 2885
f 4116 4205 4061
f 4061 3972 4116
f 4116 4260 4205
f 4171 4260 4116
f 4294 4349 4438
f 4527 4383 4438
f 4438 4383 4294
f 4438 4349 4493
f 3485 3430 3341
f 3252 3396 3341
f 3341 3396 3485
f 3341 3430 3286
f 3375 3430 3519
f 3608 3464 3519
f 3519 3464 3375
f 3519 3663 3608
f 3574 3718 3663
f 3574 3430 3485
f 3574 3485 3629
f 3629 3718 3574
f 3663 3519 3574
f 3574 3519 3430
f 3862 3951 3807
f 3807 3718 3862
f 4006 4150 4095
f 4006 3862 3917
f 4061 4150 4006
f 4006 3917 4061
f 4095 3951 4006
f 3951 3862 4006
f 4726 4671 4582
f 4582 4493 4637
f 4637 4726 4582
f 4582 4438 4493
f 4582 4671 4527
f 4527 4438 4582
f 2765 2676 2820
f 2820 2909 2765
f 2820 2676 2731
f 2964 2909 2820
f 2731 2875 2820
f 2820 2875 2964
f 3053 2909 2964
f 2964 3108 3053
f 2998 2909 3053
f 3252 3163 3307
f 3307 3396 3252
f 3307 3163 3218
f 3451 3396 3307
f 3218 3362 3307
f 3362 3451 3307
f 3540 3396 3451
f 3540 3684 3629
f 3629 3485 3540
f 3485 3396 3540
f 3595 3684 3540
f 3540 3451 3595
f 7210 7176 7265
f 7299 7210 7265
f 7904 7938 7917
f 7917 7883 7904
f 7896 7883 7917
f 7930 7896 7917
f 7917 7951 7930
f 7938 7951 7917
f 7210 7244 7155
f 7100 7066 7155
f 7155 7244 7189
f 7189 7100 7155
f 7045 6901 6956
f 6956 6867 7011
f 7011 7045 6956
f 7168 7202 7113
f 7168 7257 7202
f 7718 7752 7697
f 7697 7676 7642
f 7870 7815 7836
f 7857 7891 7836
f 7836 7891 7870
f 7370 7425 7459
f 7425 7514 7459
f 7459 7514 7548
f 7184 7095 7150
f 7150 7239 7184
f 7574 7540 7629
f 7574 7608 7519
f 7519 7485 7574
f 7485 7540 7574
f 7464 7430 7519
f 7464 7498 7409
f 7705 7650 7671
f 7705 7760 7739
f 7739 7684 7705
f 7684 7650 7705
f 7561 7650 7595
f 7506 7561 7595
f 7595 7540 7506
f 7629 7540 7595
f 7595 7684 7629
f 7595 7650 7684
f 7137 7082 7048
f 7048 7103 7137
f 7116 7082 7171
f 7226 7260 7171
f 7171 7137 7226
f 7082 7137 7171
f 6993 6849 6904
f 6938 6849 6993
f 6993 6904 7048
f 7048 7082 6993
f 6671 6815 6760
f 6760 6849 6705
f 6760 6815 6904
f 6904 6849 6760
f 6705 6616 6760
f 6760 6616 6671
f 6938 6993 7027
f 7027 6993 7082
f 7027 7082 7116
f 6883 6972 6828
f 6739 6794 6883
f 6883 6828 6739
f 6794 6938 6883
f 6938 7027 6883
f 6883 7027 6972
f 7145 7179 7090
f 7090 7056 7145
f 7001 7056 7090
f 7090 7179 7124
f 6980 6925 6836
f 7069 6925 6980
f 6988 6899 7043
f 7043 7077 6988
f 7022 6878 6933
f 6967 6878 7022
f 6933 6988 7022
f 7022 6988 7077
f 7022 7056 6967
f 7153 7187 7098
f 7043 7009 7098
f 7166 7077 7132
f 7132 7077 7043
f 7043 7098 7132
f 7132 7098 7187
f 7242 7187 7153
f 7242 7208 7297
f 7153 7208 7242
f 7564 7653 7598
f 7687 7632 7598
f 7598 7653 7687
f 7323 7357 7268
f 7556 7645 7590
f 7268 7357 7302
f 7302 7213 7268
f 7428 7517 7462
f 7572 7517 7483
f 7483 7517 7428
f 7064 6975 7030
f 7153 7098 7064
f 7064 7098 7009
f 7064 7009 6920
f 6920 6975 7064
f 7119 7064 7030
f 7119 7208 7153
f 7153 7064 7119
f 7043 6899 6954
f 6954 7009 7043
f 6954 6865 7009
f 6954 6899 6810
f 6810 6865 6954
f 6611 6666 6755
f 6810 6899 6755
f 6755 6666 6810
f 6721 6666 6577
f 6810 6666 6721
f 6721 6865 6810
f 6776 6865 6721
f 6786 6697 6841
f 6786 6841 6930
f 6930 6875 6786
f 6786 6875 6731
f 6663 6519 6574
f 6485 6629 6574
f 6574 6430 6485
f 6574 6519 6430
f 6718 6663 6574
f 6574 6629 6718
f 6506 6362 6417
f 6417 6328 6472
f 6273 6328 6417
f 6417 6362 6273
f 6472 6561 6417
f 6417 6561 6506
f 6176 6320 6265
f 6320 6409 6265
f 6265 6121 6176
f 6210 6121 6265
f 5799 5710 5854
f 5854 5943 5799
f 5854 5710 5765
f 5998 5943 5854
f 5909 5998 5854
f 5854 5765 5909
f 6226 6137 6281
f 6281 6370 6226
f 6226 6370 6315
f 6315 6171 6226
f 6082 6137 6226
f 6226 6171 6082
f 5760 5815 5904
f 6048 5993 5904
f 5904 5959 6048
f 5815 5959 5904
f 5849 5705 5760
f 5794 5705 5849
f 5760 5904 5849
f 5849 5904 5993
f 6040 6184 6129
f 5985 6040 6129
f 6129 6273 6218
f 6129 6184 6273
f 6129 6218 6074
f 6074 5985 6129
f 4731 4875 4820
f 4731 4587 4642
f 4642 4786 4731
f 4786 4875 4731
f 4820 4676 4731
f 4676 4587 4731
f 6043 6187 6132
f 6043 5899 5954
f 5954 6098 6043
f 6043 6098 6187
f 6043 6132 5988
f 5988 5899 6043
f 6242 6153 6297
f 6242 6098 6153
f 6187 6098 6242
f 5467 5522 5611
f 5611 5556 5467
f 5467 5556 5412
f 5755 5899 5844
f 5611 5666 5755
f 5755 5666 5810
f 5810 5899 5755
f 5755 5700 5611
f 5844 5700 5755
f 6077 5933 5988
f 6077 6221 6166
f 5988 6132 6077
f 6132 6221 6077
f 5789 5933 5878
f 5412 5556 5501
f 5501 5556 5645
f 6674 6585 6729
f 6674 6818 6763
f 6729 6818 6674
f 6763 6619 6674
f 6674 6619 6530
f 6530 6585 6674
f 6671 6527 6582
f 6493 6637 6582
f 6582 6438 6493
f 6582 6527 6438
f 6582 6637 6726
f 6726 6671 6582
f 6488 6344 6399
f 6399 6344 6255
f 6179 6323 6268
f 6357 6213 6268
f 6412 6357 6268
f 6268 6323 6412
f 6124 6179 6268
f 6268 6213 6124
f 6734 6878 6823
f 6679 6624 6535
f 6768 6624 6679
f 6823 6768 6679
f 6679 6734 6823
f 6179 6035 6090
f 6090 6145 6234
f 6234 6179 6090
f 6247 6158 6302
f 6302 6158 6213
f 6357 6446 6302
f 6302 6213 6357
f 5129 5273 5218
f 4985 5040 5129
f 5184 5273 5129
f 5129 5040 5184
f 5129 5074 4985
f 5218 5074 5129
f 5472 5328 5383
f 5383 5527 5472
f 5383 5438 5527
f 5294 5438 5383
f 5095 5150 5239
f 5184 5095 5239
f 5239 5328 5184
f 5239 5383 5328
f 5239 5150 5294
f 5294 5383 5239
f 6244 6388 6333
f 6333 6422 6278
f 6333 6189 6244
f 6278 6189 6333
f 7121 7066 7032
f 7032 7087 7121
f 7087 7176 7121
f 7121 7176 7210
f 7210 7155 7121
f 7121 7155 7066
f 6799 6854 6943
f 6943 6888 6799
f 6710 6854 6799
f 6799 6888 6744
f 6799 6655 6710
f 6744 6655 6799
f 6634 6778 6723
f 6723 6778 6867
f 6710 6566 6621
f 6388 6532 6477
f 6566 6422 6477
f 6477 6621 6566
f 6532 6621 6477
f 6477 6333 6388
f 6422 6333 6477
f 6553 6697 6642
f 6642 6786 6731
f 6697 6786 6642
f 6354 6265 6409
f 6299 6210 6354
f 6210 6265 6354
f 6291 6346 6435
f 6435 6380 6291
f 6202 6346 6291
f 6291 6380 6236
f 6236 6147 6291
f 6291 6147 6202
f 6846 6935 6791
f 6702 6757 6846
f 6846 6791 6702
f 6757 6901 6846
f 6846 6901 6990
f 6990 6935 6846
f 6325 6380 6469
f 6469 6414 6325
f 6435 6490 6579
f 6579 6490 6634
f 6634 6723 6579
f 7755 7700 7721
f 7721 7742 7776
f 7810 7755 7776
f 7776 7755 7721
f 7776 7742 7797
f 7776 7831 7810
f 7797 7831 7776
f 7797 7742 7763
f 7729 7784 7763
f 7708 7653 7674
f 7708 7763 7742
f 7708 7742 7687
f 7687 7653 7708
f 7708 7674 7729
f 7729 7763 7708
f 7889 7868 7834
f 7834 7813 7779
f 7868 7813 7834
f 7826 7881 7860
f 7847 7881 7826
f 7839 7784 7805
f 7771 7826 7805
f 7860 7839 7805
f 7805 7826 7860
f 7737 7771 7716
f 7703 7758 7737
f 7703 7648 7669
f 7818 7852 7797
f 7797 7763 7818
f 7818 7763 7784
f 7818 7784 7839
f 7818 7839 7873
f 7873 7852 7818
f 7957 7949 7936
f 7936 7949 7915
f 7936 7923 7957
f 7902 7923 7936
f 7936 7915 7902
f 8000 7995 7998
f 7995 7990 7998
f 7999 8000 7998
f 7977 7964 7985
f 7985 7964 7972
f 7985 7990 7977
f 7972 7980 7985
f 7985 7980 7993
f 7985 7998 7990
f 7993 7998 7985
f 7938 7925 7959
f 7925 7946 7959
f 7959 7951 7938
f 7972 7951 7959
f 7959 7980 7972
f 7959 7946 7967
f 7967 7980 7959
f 7423 7457 7368
f 7423 7368 7334
f 7423 7478 7512
f 7512 7457 7423
f 7334 7389 7423
f 7389 7478 7423
f 7334 7279 7245
f 7279 7190 7245
f 7245 7300 7334
f 7245 7190 7156
f 7156 7211 7245
f 7211 7300 7245
f 6936 6792 6847
f 6758 6902 6847
f 6847 6703 6758
f 6847 6792 6703
f 6949 6805 6860
f 6881 6792 6936
f 6737 6792 6881
f 6936 6847 6991
f 6991 6847 6902
f 6805 6750 6661
f 6661 6750 6606
f 6894 6805 6949
f 6894 6983 6839
f 6839 6750 6894
f 6894 6750 6805
f 7533 7567 7478
f 7499 7588 7533
f 7533 7588 7622
f 7622 7567 7533
f 7533 7444 7499
f 7478 7444 7533
f 7779 7758 7724
f 7669 7690 7724
f 7724 7703 7669
f 7758 7703 7724
f 7779 7724 7745
f 7745 7724 7690
f 7622 7677 7656
f 7656 7690 7601
f 7656 7567 7622
f 7601 7567 7656
f 7436 7347 7402
f 7402 7347 7313
f 7313 7368 7402
f 7368 7457 7402
f 7436 7402 7491
f 7491 7402 7457
f 7614 7580 7669
f 7669 7648 7614
f 7614 7648 7559
f 7601 7690 7635
f 7635 7690 7669
f 7669 7580 7635
f 7504 7559 7593
f 7559 7648 7593
f 7884 7918 7897
f 7897 7863 7884
f 7897 7918 7931
f 7842 7863 7897
f 7897 7876 7842
f 7931 7910 7897
f 7910 7876 7897
f 7753 7719 7774
f 7774 7808 7753
f 7753 7698 7719
f 7732 7698 7753
f 6228 6317 6173
f 6173 6084 6228
f 6084 6139 6228
f 6495 6406 6550
f 6406 6461 6550
f 6550 6639 6495
f 6550 6461 6605
f 6605 6694 6550
f 6550 6694 6639
f 6673 6618 6529
f 6529 6584 6673
f 6440 6584 6529
f 6618 6474 6529
f 6385 6440 6529
f 6529 6474 6385
f 6702 6791 6647
f 6270 6414 6359
f 6215 6270 6359
f 6359 6304 6215
f 5309 5165 5220
f 5453 5398 5309
f 5254 5165 5309
f 5309 5398 5254
f 5309 5220 5364
f 5364 5453 5309
f 5308 5452 5397
f 5397 5253 5308
f 5219 5363 5308
f 5363 5452 5308
f 5287 5376 5232
f 4965 4876 5020
f 5198 5253 5342
f 5342 5287 5198
f 3216 3360 3305
f 3216 3072 3127
f 3216 3305 3161
f 3161 3072 3216
f 4360 4504 4449
f 4360 4415 4504
f 4360 4449 4305
f 4436 4347 4491
f 4491 4580 4436
f 4347 4402 4491
f 4635 4580 4491
f 4546 4635 4491
f 4491 4402 4546
f 3847 3792 3703
f 3703 3758 3847
f 3847 3758 3902
f 3902 3991 3847
f 3936 3847 3991
f 3792 3847 3936
f 3936 4025 3881
f 3881 3792 3936
f 4080 4135 4224
f 4080 3991 4135
f 4080 3936 3991
f 4025 3936 4080
f 2407 2551 2496
f 2263 2318 2407
f 2407 2352 2263
f 2496 2352 2407
f 2462 2318 2373
f 2462 2606 2551
f 2551 2407 2462
f 2462 2407 2318
f 2373 2517 2462
f 2517 2606 2462
f 2284 2339 2428
f 2428 2517 2373
f 2373 2284 2428
f 2572 2517 2428
f 2428 2483 2572
f 2428 2339 2483
f 2687 2543 2598
f 2598 2742 2687
f 2776 2721 2632
f 2632 2687 2776
f 2543 2687 2632
f 2632 2721 2577
f 2454 2543 2399
f 2399 2344 2255
f 2708 2852 2797
f 2797 2653 2708
f 2619 2763 2708
f 2763 2852 2708
f 2975 3030 3119
f 2928 2784 2839
f 2928 3072 3017
f 3017 2873 2928
f 2873 2784 2928
f 2928 2839 2983
f 2983 3072 2928
f 3250 3106 3161
f 3250 3394 3339
f 3161 3305 3250
f 3305 3394 3250
f 3339 3284 3195
f 3195 3250 3339
f 3106 3250 3195
f 3051 3106 3195
f 3140 3051 3195
f 3195 3284 3140
f 3174 3085 3229
f 3229 3318 3174
f 3229 3085 3140
f 3140 3284 3229
f 3496 3640 3585
f 3352 3407 3496
f 3496 3407 3551
f 3551 3640 3496
f 3839 3928 3784
f 3729 3640 3784
f 3627 3483 3538
f 3538 3483 3394
f 3716 3771 3860
f 3805 3716 3860
f 3771 3915 3860
f 4428 4373 4284
f 4339 4428 4284
f 4284 4195 4339
f 4284 4140 4195
f 4284 4373 4229
f 4229 4140 4284
f 4305 4250 4161
f 4161 4017 4072
f 4161 4250 4106
f 4106 4017 4161
f 3716 3661 3572
f 3627 3716 3572
f 3572 3483 3627
f 3428 3483 3572
f 3517 3428 3572
f 3572 3661 3517
f 3839 3894 3983
f 4072 3928 3983
f 3983 3928 3839
f 3983 3894 4038
f 3166 3022 3077
f 3077 3221 3166
f 2988 3132 3077
f 3077 3132 3221
f 2933 2878 2789
f 2933 3022 2878
f 2933 2789 2844
f 2933 3077 3022
f 2844 2988 2933
f 2988 3077 2933
f 4567 4711 4656
f 4423 4478 4567
f 4478 4622 4567
f 4622 4711 4567
f 4567 4512 4423
f 4656 4512 4567
f 3923 4067 4012
f 3923 3779 3834
f 3834 3978 3923
f 3978 4067 3923
f 4012 3868 3923
f 3868 3779 3923
f 3038 3182 3127
f 3038 3127 2983
f 2983 2894 3038
f 3004 3148 3093
f 3182 3038 3093
f 3127 3182 3271
f 3271 3216 3127
f 3360 3216 3271
f 3415 3360 3271
f 3271 3326 3415
f 3271 3182 3326
f 2970 2826 2881
f 2970 3025 3114
f 2970 2881 3025
f 2648 2504 2559
f 2792 2737 2648
f 2648 2703 2792
f 2648 2559 2703
f 2449 2504 2593
f 2682 2538 2593
f 2538 2449 2593
f 2593 2737 2682
f 2593 2648 2737
f 2504 2648 2593
f 2470 2525 2614
f 2703 2559 2614
f 2614 2559 2470
f 2614 2758 2703
f 2669 2758 2614
f 2614 2525 2669
f 131 110 97
f 165 110 131
f 84 97 63
f 71 105 84
f 50 71 84
f 84 63 50
f 418 329 384
f 384 329 350
f 384 473 418
f 779 813 724
f 1088 944 999
f 999 944 910
f 999 1143 1088
f 999 1054 1143
f 999 910 965
f 965 1054 999
f 1033 944 1088
f 1122 978 1033
f 1033 978 944
f 646 701 735
f 735 680 646
f 769 680 735
f 777 811 722
f 777 722 688
f 688 743 777
f 8 3 16
f 8 5 3
f 55 76 89
f 60 81 94
f 47 81 60
f 10 5 18
f 2 5 10
f 15 7 10
f 10 7 2
f 57 36 44
f 146 125 112
f 112 167 146
f 154 188 133
f 133 188 167
f 167 112 133
f 133 112 99
f 183 149 204
f 183 238 217
f 204 238 183
f 128 107 94
f 149 183 128
f 175 141 196
f 196 230 175
f 217 251 196
f 196 251 230
f 536 447 502
f 591 536 502
f 502 557 591
f 468 557 502
f 502 413 468
f 502 447 413
f 528 473 439
f 473 384 439
f 439 384 350
f 515 604 549
f 549 460 515
f 549 638 583
f 549 604 638
f 350 316 405
f 405 439 350
f 426 337 392
f 392 481 426
f 481 515 426
f 515 460 426
f 991 936 902
f 902 957 991
f 1059 970 1114
f 1203 1148 1059
f 1059 1114 1203
f 1059 1148 1004
f 1004 970 1059
f 635 601 690
f 745 779 690
f 656 745 690
f 690 601 656
f 724 635 690
f 690 779 724
f 512 601 546
f 546 491 457
f 457 512 546
f 580 491 546
f 546 635 580
f 546 601 635
f 813 847 758
f 758 703 669
f 792 703 758
f 758 847 792
f 669 724 758
f 724 813 758
f 1012 1156 1101
f 1101 957 1012
f 1067 978 1122
f 1067 1122 1211
f 1211 1156 1067
f 1012 978 1067
f 1067 1156 1012
f 1300 1389 1245
f 1245 1156 1300
f 1245 1101 1156
f 1410 1465 1554
f 1651 1740 1596
f 1507 1562 1651
f 1651 1596 1507
f 1562 1706 1651
f 1795 1740 1651
f 1651 1706 1795
f 2083 1939 1994
f 1994 2138 2083
f 1905 2049 1994
f 2049 2138 1994
f 1850 1939 1795
f 1850 1706 1761
f 1795 1706 1850
f 1850 1994 1939
f 1850 1761 1905
f 1905 1994 1850
f 1473 1384 1528
f 1617 1562 1473
f 1473 1528 1617
f 1562 1418 1473
f 1473 1418 1329
f 1329 1384 1473
f 1041 952 1096
f 1041 1096 1185
f 1800 1944 1889
f 1800 1889 1745
f 1745 1656 1800
f 1800 1656 1711
f 1910 1999 1855
f 1999 1944 1855
f 1855 1800 1711
f 1944 1800 1855
f 1567 1656 1512
f 1567 1423 1478
f 1512 1423 1567
f 1478 1622 1567
f 1567 1622 1711
f 1711 1656 1567
f 2368 2512 2457
f 2368 2224 2279
f 2279 2423 2368
f 2423 2512 2368
f 2457 2313 2368
f 2368 2313 2224
f 729 784 818
f 818 763 729
f 763 674 729
f 729 674 640
f 640 695 729
f 729 695 784
f 721 632 687
f 687 776 721
f 687 632 598
f 598 653 687
f 441 496 530
f 407 496 441
f 331 386 420
f 318 407 352
f 352 297 318
f 407 441 352
f 352 441 386
f 331 297 352
f 352 386 331
f 1051 1195 1140
f 1140 1229 1085
f 1284 1229 1140
f 1140 1195 1284
f 1085 996 1140
f 1140 996 1051
f 755 844 789
f 789 700 755
f 810 844 755
f 755 700 666
f 755 666 721
f 721 810 755
f 2509 2420 2564
f 2564 2653 2509
f 2564 2420 2475
f 2564 2708 2653
f 2564 2475 2619
f 2619 2708 2564
f 1789 1645 1700
f 1611 1755 1700
f 1700 1556 1611
f 1700 1645 1556
f 1700 1755 1844
f 1844 1789 1700
f 2137 2048 2192
f 2192 2281 2137
f 2192 2048 2103
f 2336 2281 2192
f 2103 2247 2192
f 2192 2247 2336
f 2425 2281 2336
f 2425 2480 2569
f 2336 2480 2425
f 2370 2281 2425
f 1205 1150 1061
f 1006 972 1061
f 1061 1150 1006
f 1116 1027 1171
f 1260 1205 1116
f 1116 1171 1260
f 1205 1061 1116
f 972 1027 1116
f 1116 1061 972
f 1137 1226 1082
f 1082 993 1137
f 993 1048 1137
f 1137 1048 1192
f 1192 1281 1137
f 1281 1226 1137
f 739 650 705
f 705 794 739
f 739 684 650
f 739 794 828
f 773 684 739
f 739 828 773
f 828 794 883
f 883 938 972
f 849 938 883
f 883 794 849
f 972 917 883
f 917 828 883
f 718 807 752
f 807 841 752
f 752 841 786
f 786 697 752
f 1875 1731 1786
f 1875 1786 1930
f 1676 1731 1820
f 1820 1765 1676
f 1909 1765 1820
f 1731 1875 1820
f 2320 2231 2375
f 1222 1078 1133
f 1044 1188 1133
f 1277 1222 1133
f 1133 1188 1277
f 989 1078 934
f 989 934 900
f 1044 1133 989
f 989 1133 1078
f 900 955 989
f 989 955 1044
f 1167 1078 1222
f 1167 1256 1112
f 1167 1112 1023
f 1023 1078 1167
f 1400 1256 1311
f 1222 1366 1311
f 1311 1167 1222
f 1256 1167 1311
f 1311 1455 1400
f 1366 1455 1311
f 1057 1146 1002
f 1002 968 1057
f 1057 968 1112
f 1112 1201 1057
f 1201 1146 1057
f 1612 1667 1756
f 1756 1701 1612
f 1667 1811 1756
f 2078 2023 1934
f 1934 1989 2078
f 2366 2455 2311
f 2311 2222 2366
f 2133 2078 1989
f 2222 2078 2133
f 2133 2188 2277
f 2277 2222 2133
f 1303 1447 1392
f 1303 1392 1248
f 1248 1159 1303
f 1159 1214 1303
f 1125 1214 1070
f 1125 1070 981
f 981 1036 1125
f 1036 1180 1125
f 3497 3353 3408
f 3497 3641 3586
f 3586 3442 3497
f 3442 3353 3497
f 3408 3552 3497
f 3497 3552 3641
f 3476 3531 3620
f 3565 3476 3620
f 3620 3531 3675
f 3395 3340 3251
f 3395 3484 3340
f 3251 3306 3395
f 3539 3484 3395
f 3395 3450 3539
f 3395 3306 3450
f 2565 2709 2654
f 2421 2476 2565
f 2620 2709 2565
f 2565 2476 2620
f 1968 2112 2057
f 1824 1879 1968
f 1968 1879 2023
f 2023 2112 1968
f 1968 1913 1824
f 2057 1913 1968
f 2866 2722 2777
f 2777 2921 2866
f 2688 2832 2777
f 2777 2832 2921
f 2523 2667 2612
f 2612 2468 2523
f 2523 2434 2578
f 2578 2667 2523
f 2811 2667 2722
f 2811 2955 2900
f 2811 2900 2756
f 2756 2667 2811
f 2811 2722 2866
f 2866 2955 2811
f 2578 2434 2489
f 2434 2345 2489
f 2743 2798 2887
f 2976 2832 2887
f 2887 2832 2743
f 2887 3031 2976
f 2510 2455 2366
f 2510 2599 2455
f 2366 2421 2510
f 2654 2599 2510
f 2510 2565 2654
f 2421 2565 2510
f 554 609 643
f 643 588 554
f 588 499 554
f 520 609 554
f 465 520 554
f 554 499 465
f 575 609 520
f 541 630 575
f 575 486 541
f 520 486 575
f 664 753 698
f 698 609 664
f 719 753 664
f 609 575 664
f 664 630 719
f 664 575 630
f 926 960 871
f 926 1015 960
f 871 837 926
f 981 1070 926
f 1070 1015 926
f 926 892 981
f 837 892 926
f 2236 2291 2380
f 2524 2469 2380
f 2380 2435 2524
f 2380 2291 2435
f 2147 2003 2058
f 2147 2291 2236
f 2147 2058 2202
f 2202 2291 2147
f 1372 1461 1317
f 1228 1372 1317
f 1317 1173 1228
f 1317 1262 1173
f 1406 1461 1550
f 1406 1317 1461
f 1406 1351 1262
f 1262 1317 1406
f 2236 2181 2092
f 2092 2147 2236
f 2003 2147 2092
f 1948 2003 2092
f 2092 2037 1948
f 2092 2181 2037
f 3456 3312 3367
f 3456 3600 3545
f 3367 3511 3456
f 3456 3511 3600
f 3545 3490 3401
f 3401 3456 3545
f 3312 3456 3401
f 3257 3312 3401
f 3401 3346 3257
f 3401 3490 3346
f 2791 2647 2702
f 2880 2736 2791
f 2791 2736 2647
f 3223 3312 3168
f 3168 3312 3257
f 3257 3113 3168
f 3113 3024 3168
f 3045 2990 2901
f 2901 2812 2956
f 2956 3045 2901
f 2757 2812 2901
f 2935 3024 2880
f 2880 2791 2935
f 3045 3189 3134
f 3189 3278 3134
f 3134 3278 3223
f 3134 2990 3045
f 2778 2833 2922
f 2922 2867 2778
f 3011 2867 2922
f 3121 3265 3210
f 3032 3176 3121
f 3176 3265 3121
f 2888 2833 2744
f 2888 2744 2799
f 2888 2943 3032
f 2799 2943 2888
f 2490 2346 2401
f 2490 2634 2579
f 2579 2435 2490
f 2435 2346 2490
f 2401 2545 2490
f 2490 2545 2634
f 429 340 395
f 395 484 429
f 395 450 484
f 361 450 395
f 395 306 361
f 395 340 306
f 662 751 696
f 751 785 696
f 730 641 696
f 696 785 730
f 518 573 607
f 607 573 662
f 662 696 607
f 607 696 641
f 552 586 497
f 552 641 586
f 552 607 641
f 518 607 552
f 552 463 518
f 497 463 552
f 895 929 840
f 840 785 751
f 840 806 895
f 840 751 806
f 458 403 369
f 369 424 458
f 458 424 513
f 492 403 458
f 458 547 492
f 458 513 547
f 479 390 445
f 479 424 390
f 445 534 479
f 513 424 479
f 568 513 479
f 479 534 568
f 330 351 385
f 296 351 330
f 385 419 330
f 330 419 364
f 301 356 335
f 246 267 301
f 335 280 301
f 301 280 246
f 364 398 309
f 309 330 364
f 432 466 377
f 466 411 377
f 720 686 775
f 720 631 686
f 775 809 720
f 809 754 720
f 699 644 610
f 610 644 555
f 487 542 576
f 542 631 576
f 1801 1712 1856
f 1856 1945 1801
f 2000 2055 2144
f 1911 2055 2000
f 2000 1856 1911
f 1945 1856 2000
f 1411 1555 1500
f 1589 1445 1500
f 1644 1589 1500
f 1500 1555 1644
f 1356 1411 1500
f 1500 1445 1356
f 1466 1555 1411
f 1411 1322 1466
f 1466 1521 1610
f 1610 1555 1466
f 1741 1652 1796
f 1741 1885 1830
f 1796 1885 1741
f 1830 1686 1741
f 1686 1597 1741
f 1741 1597 1652
f 1110 1165 1254
f 1254 1165 1309
f 1309 1398 1254
f 1398 1343 1254
f 1419 1275 1330
f 1241 1385 1330
f 1330 1186 1241
f 1330 1275 1186
f 1330 1474 1419
f 1385 1474 1330
f 2406 2351 2262
f 2694 2550 2605
f 2749 2838 2694
f 2694 2605 2749
f 1034 945 1089
f 1034 1178 1123
f 1089 1178 1034
f 801 712 767
f 801 746 712
f 767 822 856
f 856 801 767
f 856 945 890
f 890 801 856
f 780 746 835
f 890 924 835
f 835 801 890
f 746 801 835
f 835 869 780
f 835 924 869
f 822 877 911
f 911 856 822
f 1000 945 911
f 945 856 911
f 1563 1508 1419
f 1419 1474 1563
f 1563 1652 1508
f 1474 1618 1563
f 1707 1652 1563
f 1563 1618 1707
f 406 372 461
f 440 351 406
f 495 440 406
f 406 461 495
f 317 351 296
f 317 406 351
f 372 406 317
f 317 283 338
f 338 372 317
f 461 372 427
f 482 516 427
f 427 516 461
f 393 482 427
f 427 338 393
f 427 372 338
f 744 833 778
f 833 867 778
f 778 867 812
f 812 723 778
f 524 490 579
f 579 490 545
f 579 613 524
f 579 668 613
f 859 825 914
f 914 825 880
f 1147 1092 1003
f 1236 1092 1147
f 1202 1291 1147
f 1147 1291 1236
f 906 872 961
f 995 906 961
f 804 749 715
f 804 770 859
f 715 770 804
f 838 749 804
f 1215 1270 1359
f 1359 1304 1215
f 927 872 838
f 927 961 872
f 859 914 948
f 948 914 1003
f 1003 1092 948
f 948 1092 1037
f 106 72 93
f 93 127 106
f 37 45 58
f 45 79 58
f 71 37 58
f 92 71 58
f 58 79 92
f 289 344 323
f 268 289 323
f 323 302 268
f 323 357 302
f 501 446 412
f 446 357 412
f 357 323 412
f 333 278 299
f 299 354 333
f 312 278 333
f 477 443 532
f 477 511 422
f 566 511 477
f 477 532 566
f 307 286 252
f 218 273 252
f 273 307 252
f 197 218 252
f 252 231 197
f 252 286 231
f 1485 1629 1574
f 1663 1519 1574
f 1574 1519 1430
f 1430 1485 1574
f 1718 1629 1773
f 1718 1862 1807
f 1773 1862 1718
f 1718 1807 1663
f 1663 1574 1718
f 1718 1574 1629
f 1773 1828 1917
f 2006 1862 1917
f 1917 1862 1773
f 1917 2061 2006
f 1972 2061 1917
f 1917 1828 1972
f 621 532 587
f 587 676 621
f 566 532 621
f 621 676 710
f 621 655 566
f 710 655 621
f 2568 2424 2479
f 2424 2335 2479
f 2479 2335 2390
f 2479 2623 2568
f 2534 2623 2479
f 2479 2390 2534
f 2191 2102 2246
f 2246 2335 2191
f 2390 2335 2246
f 1806 1861 1950
f 2039 1895 1950
f 1950 1895 1806
f 1950 2094 2039
f 1950 2005 2094
f 1950 1861 2005
f 2725 2869 2814
f 2725 2581 2636
f 2670 2581 2725
f 2725 2814 2670
f 3013 2869 2924
f 3157 3102 3013
f 3013 3102 2958
f 2958 2869 3013
f 2924 2979 3068
f 3157 3013 3068
f 3068 3013 2924
f 3068 3212 3157
f 3123 3212 3068
f 3068 2979 3123
f 2188 2099 2243
f 2243 2332 2188
f 2243 2099 2154
f 2387 2332 2243
f 2243 2298 2387
f 2154 2298 2243
f 1382 1327 1238
f 1348 1204 1259
f 1170 1314 1259
f 1259 1115 1170
f 1259 1204 1115
f 1314 1403 1259
f 1259 1403 1348
f 1348 1403 1492
f 1492 1547 1636
f 1492 1403 1547
f 1149 1005 1060
f 1060 1204 1149
f 1094 1183 1039
f 1094 1039 950
f 950 1005 1094
f 1005 1149 1094
f 1238 1183 1094
f 1094 1149 1238
f 1848 1704 1759
f 1670 1814 1759
f 1759 1903 1848
f 1759 1814 1903
f 1560 1704 1649
f 1560 1505 1416
f 1649 1505 1560
f 874 819 785
f 874 840 929
f 785 840 874
f 874 929 963
f 963 908 874
f 908 819 874
f 4474 4419 4330
f 4186 4241 4330
f 4330 4275 4186
f 4330 4419 4275
f 5194 5283 5139
f 5139 5050 5194
f 5105 5050 4961
f 4872 5016 4961
f 5016 5105 4961
f 4961 5050 4906
f 4495 4550 4639
f 4406 4550 4495
f 4194 4338 4283
f 4050 4105 4194
f 4194 4139 4050
f 4283 4139 4194
f 4105 4160 4249
f 4249 4194 4105
f 4338 4194 4249
f 4393 4338 4249
f 4249 4304 4393
f 4160 4304 4249
f 4681 4626 4537
f 4537 4592 4681
f 4448 4592 4537
f 4393 4448 4537
f 4537 4482 4393
f 4537 4626 4482
f 5144 5233 5089
f 5288 5233 5144
f 5144 5199 5288
f 5144 5055 5199
f 4767 4911 4856
f 4856 4712 4767
f 4767 4678 4822
f 4822 4911 4767
f 4822 4678 4733
f 5055 4911 4966
f 4911 4822 4966
f 5110 5165 5254
f 5110 5021 5165
f 5254 5199 5110
f 5110 4966 5021
f 5199 5055 5110
f 5055 4966 5110
f 5474 5529 5618
f 5563 5474 5618
f 5618 5707 5563
f 5618 5762 5707
f 5618 5529 5673
f 5673 5762 5618
f 5406 5262 5317
f 5406 5351 5262
f 5406 5317 5461
f 5474 5419 5330
f 5385 5474 5330
f 5330 5241 5385
f 5186 5241 5330
f 5275 5186 5330
f 5330 5419 5275
f 5741 5885 5830
f 5597 5652 5741
f 5741 5686 5597
f 5830 5686 5741
f 5652 5707 5796
f 5796 5741 5652
f 5885 5741 5796
f 5940 5885 5796
f 5906 5995 5851
f 5851 5762 5906
f 5851 5995 5940
f 5707 5762 5851
f 5940 5796 5851
f 5851 5796 5707
f 4851 4762 4906
f 4885 4940 5029
f 5029 5118 4974
f 4974 4885 5029
f 4110 4021 4165
f 4165 4021 4076
f 4076 4220 4165
f 4165 4220 4309
f 3788 3843 3932
f 3877 3788 3932
f 3932 4021 3877
f 4076 4021 3932
f 3932 3987 4076
f 3843 3987 3932
f 4809 4665 4720
f 4809 4953 4898
f 4898 4754 4809
f 4754 4665 4809
f 4864 4953 4809
f 4809 4720 4864
f 4631 4487 4542
f 4775 4720 4631
f 4720 4576 4631
f 4576 4487 4631
f 4631 4542 4686
f 4686 4775 4631
f 2618 2474 2529
f 2474 2385 2529
f 2529 2385 2440
f 2673 2618 2529
f 2469 2414 2325
f 2236 2380 2325
f 2325 2380 2469
f 2325 2181 2236
f 2270 2181 2325
f 2325 2414 2270
f 3799 3854 3943
f 3799 3943 3888
f 3888 3744 3799
f 3799 3744 3655
f 3621 3532 3676
f 3422 3333 3477
f 3477 3566 3422
f 3477 3333 3388
f 3477 3621 3566
f 3388 3532 3477
f 3532 3621 3477
f 3359 3503 3448
f 3215 3270 3359
f 3414 3503 3359
f 3359 3270 3414
f 3448 3304 3359
f 3359 3304 3215
f 2859 3003 2948
f 2749 2660 2804
f 2804 2893 2749
f 2804 2660 2715
f 2804 2948 2893
f 2804 2715 2859
f 2859 2948 2804
f 4134 4223 4079
f 4079 3990 4134
f 4223 4168 4079
f 3935 3990 4079
f 4024 3935 4079
f 4079 4168 4024
f 3757 3901 3846
f 3901 3990 3846
f 3846 3990 3935
f 3702 3757 3846
f 3846 3791 3702
f 3935 3791 3846
f 3469 3613 3558
f 3469 3325 3380
f 3380 3524 3469
f 3524 3613 3469
f 3469 3558 3414
f 3414 3325 3469
f 4812 4956 4901
f 4812 4668 4723
f 4723 4867 4812
f 4867 4956 4812
f 4812 4901 4757
f 4757 4668 4812
f 5100 5189 5045
f 5045 4956 5100
f 5189 5134 5045
f 4901 4956 5045
f 5045 4990 4901
f 5045 5134 4990
f 3804 3715 3859
f 5600 5689 5545
f 5545 5456 5600
f 5545 5689 5634
f 5401 5456 5545
f 5634 5490 5545
f 5490 5401 5545
f 5888 5943 6032
f 6032 5977 5888
f 6032 6121 5977
f 6176 6121 6032
f 6032 6087 6176
f 6032 5943 6087
f 5511 5456 5367
f 5367 5422 5511
f 5278 5422 5367
f 5223 5278 5367
f 5367 5312 5223
f 5367 5456 5312
f 5299 5354 5443
f 5299 5210 5354
f 5265 5409 5354
f 5121 5176 5265
f 5265 5176 5320
f 5320 5409 5265
f 5265 5210 5121
f 5354 5210 5265
f 5087 5176 5032
f 5032 4943 5087
f 5032 5176 5121
f 4888 4943 5032
f 5121 4977 5032
f 5032 4977 4888
f 2707 2762 2851
f 2851 2796 2707
f 2851 2940 2796
f 2995 2940 2851
f 2851 2906 2995
f 2851 2762 2906
f 3791 3736 3647
f 3647 3558 3702
f 3702 3791 3647
f 3647 3503 3558
f 3592 3503 3647
f 3647 3736 3592
f 3893 3838 3749
f 3893 3982 3838
f 3893 3749 3804
f 4037 3982 3893
f 4558 4647 4503
f 4469 4613 4558
f 4668 4613 4524
f 4579 4668 4524
f 4524 4613 4469
f 4469 4380 4524
f 4215 4359 4304
f 4071 4126 4215
f 4126 4270 4215
f 4270 4359 4215
f 4215 4160 4071
f 4215 4304 4160
f 2924 2869 2780
f 2636 2691 2780
f 2780 2725 2636
f 2869 2725 2780
f 2746 2691 2602
f 2746 2602 2657
f 2746 2657 2801
f 2801 2890 2746
f 1869 1814 1725
f 1725 1780 1869
f 1958 1814 1869
f 2013 1958 1869
f 1869 1924 2013
f 1869 1780 1924
f 5086 5175 5031
f 5031 5175 5120
f 5031 4976 4887
f 5120 4976 5031
f 5290 5146 5201
f 5290 5434 5379
f 5379 5235 5290
f 5290 5235 5146
f 5201 5146 5057
f 4968 5112 5057
f 5057 5112 5201
f 4913 4968 5057
f 5057 5002 4913
f 5057 5146 5002
f 5544 5400 5455
f 5544 5688 5633
f 5633 5489 5544
f 5544 5489 5400
f 5455 5599 5544
f 5599 5688 5544
f 5421 5277 5332
f 5421 5332 5476
f 5421 5510 5366
f 5366 5277 5421
f 5332 5277 5188
f 5243 5332 5188
f 5188 5099 5243
f 5044 5099 5188
f 5188 5133 5044
f 5277 5133 5188
f 3523 3379 3434
f 3523 3667 3612
f 3523 3612 3468
f 3468 3379 3523
f 3578 3667 3523
f 3523 3434 3578
f 3662 3806 3751
f 3662 3518 3573
f 3573 3717 3662
f 3717 3806 3662
f 4073 4162 4018
f 4217 4162 4073
f 4073 4128 4217
f 4073 3984 4128
f 3751 3895 3840
f 3895 3984 3840
f 3607 3662 3751
f 3518 3662 3607
f 3573 3518 3429
f 3429 3484 3573
f 3340 3484 3429
f 3285 3340 3429
f 3429 3374 3285
f 3429 3518 3374
f 3109 3198 3054
f 3054 2965 3109
f 4007 3863 3918
f 3863 3774 3918
f 3918 4062 4007
f 3918 3973 4062
f 3274 3185 3329
f 3329 3418 3274
f 3418 3363 3274
f 3274 3130 3185
f 3219 3130 3274
f 3274 3363 3219
f 4515 4371 4426
f 4659 4604 4515
f 4515 4604 4460
f 4460 4371 4515
f 4515 4570 4659
f 4515 4426 4570
f 3952 3808 3863
f 4096 4041 3952
f 3952 4041 3897
f 3897 3808 3952
f 4007 4096 3952
f 3952 3863 4007
f 3850 3706 3761
f 3994 3939 3850
f 3939 3795 3850
f 3795 3706 3850
f 3761 3905 3850
f 3905 3994 3850
f 5295 5439 5384
f 5295 5151 5206
f 5206 5350 5295
f 5350 5439 5295
f 5240 5151 5295
f 5295 5384 5240
f 4837 4748 4892
f 4892 4981 4837
f 4892 4748 4803
f 4892 4803 4947
f 5214 5070 5125
f 5070 4981 5125
f 5125 5269 5214
f 5125 5180 5269
f 4405 4350 4261
f 4172 4316 4261
f 4261 4316 4405
f 4117 4172 4261
f 4261 4206 4117
f 4261 4350 4206
f 5098 5153 5242
f 5242 5331 5187
f 5187 5098 5242
f 5242 5386 5331
f 5242 5153 5297
f 5297 5386 5242
f 6962 6818 6873
f 6873 7017 6962
f 6729 6784 6873
f 6873 6818 6729
f 6852 6708 6763
f 6907 6818 6962
f 6996 6852 6907
f 6763 6818 6907
f 6907 6852 6763
f 7051 7017 7106
f 6962 7017 7051
f 7051 6907 6962
f 6996 6907 7051
f 7208 7119 7174
f 6352 6441 6297
f 6496 6441 6352
f 5763 5907 5852
f 5708 5763 5852
f 6606 6551 6462
f 2629 2574 2485
f 2540 2629 2485
f 2485 2396 2540
f 4009 3865 3920
f 3920 4064 4009
f 3831 3975 3920
f 3975 4064 3920
f 4098 4187 4043
f 4242 4187 4098
f 3810 3865 3954
f 4043 3899 3954
f 3899 3810 3954
f 3954 4098 4043
f 3954 3865 4009
f 4009 4098 3954
f 3255 3200 3111
f 3166 3255 3111
f 3111 3022 3166
f 2967 3022 3111
f 3111 3056 2967
f 3200 3056 3111
f 3831 3920 3776
f 3776 3920 3865
f 3776 3865 3721
f 3721 3632 3776
f 3454 3598 3543
f 3399 3454 3543
f 3543 3488 3399
f 3543 3632 3488
f 4153 4064 4208
f 4208 4297 4153
f 4153 4297 4242
f 4009 4064 4153
f 4242 4098 4153
f 4153 4098 4009
f 2747 2891 2836
f 2747 2603 2658
f 2747 2658 2802
f 2802 2891 2747
f 2747 2836 2692
f 2692 2603 2747
f 2925 2781 2836
f 2925 2836 2980
f 2980 3069 2925
f 2870 2781 2925
f 3213 3124 3268
f 3268 3357 3213
f 3124 3179 3268
f 3412 3357 3268
f 3268 3323 3412
f 3268 3179 3323
f 5975 5831 5886
f 5831 5742 5886
f 5886 6030 5975
f 5886 5941 6030
f 6208 6064 6119
f 6208 6352 6297
f 6297 6153 6208
f 6153 6064 6208
f 5022 5166 5111
f 5166 5255 5111
f 5111 5255 5200
f 5111 4967 5022
f 5200 5056 5111
f 5056 4967 5111
f 4679 4624 4535
f 4535 4590 4679
f 4679 4590 4734
f 4734 4823 4679
f 4768 4679 4823
f 4624 4679 4768
f 4857 4713 4768
f 4713 4624 4768
f 4912 4967 5056
f 4912 4823 4967
f 5056 5001 4912
f 4912 4768 4823
f 4912 5001 4857
f 4857 4768 4912
f 5014 4870 4925
f 4959 4870 5014
f 5137 5192 5281
f 5281 5226 5137
f 5192 5336 5281
f 5404 5459 5548
f 5637 5493 5548
f 5493 5404 5548
f 5069 5014 4925
f 5158 5014 5069
f 5179 5124 5035
f 4946 5090 5035
f 5090 5179 5035
f 4925 4870 4781
f 4637 4692 4781
f 4781 4726 4637
f 4781 4870 4726
f 1548 1404 1459
f 1548 1459 1603
f 1548 1603 1692
f 1692 1637 1548
f 1438 1349 1493
f 1349 1404 1493
f 1582 1438 1493
f 1404 1548 1493
f 1493 1637 1582
f 1493 1548 1637
f 1514 1459 1370
f 1370 1425 1514
f 1603 1459 1514
f 1514 1425 1569
f 1514 1658 1603
f 1569 1658 1514
f 1480 1336 1391
f 1480 1425 1336
f 1569 1425 1480
f 1391 1535 1480
f 1624 1713 1569
f 1569 1480 1624
f 1624 1480 1535
f 1624 1535 1679
f 1624 1679 1768
f 1768 1713 1624
f 1527 1616 1472
f 1472 1383 1527
f 1527 1383 1438
f 1527 1438 1582
f 1582 1671 1527
f 1671 1616 1527
f 1938 1794 1849
f 1849 1993 1938
f 1705 1760 1849
f 1849 1794 1705
f 1849 1760 1904
f 1904 1993 1849
f 2171 2027 2082
f 2116 2027 2171
f 2171 2082 2226
f 1870 1925 2014
f 2103 1959 2014
f 2014 1959 1870
f 2014 2158 2103
f 2014 2069 2158
f 2014 1925 2069
f 2205 2116 2260
f 2260 2349 2205
f 2116 2171 2260
f 2993 2904 3048
f 2904 2959 3048
f 2362 2218 2273
f 2273 2417 2362
f 2362 2451 2307
f 2307 2218 2362
f 2794 2650 2705
f 2938 2883 2794
f 2794 2883 2739
f 2739 2650 2794
f 2794 2849 2938
f 2705 2849 2794
f 2506 2650 2595
f 2506 2362 2417
f 2506 2417 2561
f 2561 2650 2506
f 2595 2451 2506
f 2451 2362 2506
f 2328 2472 2417
f 2328 2184 2239
f 2239 2383 2328
f 2383 2472 2328
f 2328 2417 2273
f 2273 2184 2328
f 4742 4687 4598
f 4598 4509 4653
f 4653 4742 4598
f 4598 4454 4509
f 4543 4454 4598
f 4598 4687 4543
f 3797 3708 3852
f 3852 3996 3941
f 3941 3797 3852
f 4119 4064 3975
f 4208 4064 4119
f 3818 3674 3729
f 3763 3674 3818
f 3585 3674 3530
f 3530 3674 3619
f 3619 3564 3475
f 3475 3530 3619
f 3386 3530 3475
f 3331 3386 3475
f 3653 3598 3509
f 3653 3742 3598
f 3509 3564 3653
f 3653 3797 3742
f 3653 3564 3708
f 3708 3797 3653
f 4627 4572 4483
f 4483 4538 4627
f 4394 4538 4483
f 4339 4394 4483
f 4483 4428 4339
f 4483 4572 4428
f 2179 2090 2234
f 2234 2323 2179
f 2056 1912 1967
f 1912 1823 1967
f 3187 3132 3043
f 3187 3242 3331
f 2954 2865 3009
f 6811 6722 6866
f 6955 6900 6811
f 6811 6866 6955
f 6900 6756 6811
f 6756 6667 6811
f 6811 6667 6722
f 6819 6764 6675
f 6675 6764 6620
f 6620 6531 6675
f 6675 6531 6586
f 6476 6565 6421
f 6421 6332 6476
f 6620 6565 6476
f 6476 6531 6620
f 6497 6586 6442
f 6586 6531 6442
f 6442 6353 6497
f 6298 6353 6442
f 6544 6400 6455
f 6366 6510 6455
f 6455 6510 6599
f 6599 6544 6455
f 6222 6366 6311
f 6311 6400 6256
f 6366 6455 6311
f 6311 6455 6400
f 6311 6167 6222
f 6256 6167 6311
f 7285 7374 7319
f 7319 7230 7285
f 7264 7230 7319
f 7319 7353 7264
f 7607 7641 7552
f 7641 7586 7552
f 7442 7353 7408
f 7353 7319 7408
f 7374 7463 7408
f 7408 7319 7374
f 7607 7552 7518
f 7518 7552 7463
f 7052 7018 7107
f 7162 7196 7107
f 7107 7073 7162
f 7018 7073 7107
f 7107 7141 7052
f 7107 7196 7141
f 7039 7073 6984
f 6895 6950 7039
f 7039 6984 6895
f 7039 6950 7005
f 7005 7094 7039
f 7382 7471 7416
f 7505 7539 7450
f 7450 7416 7505
f 7505 7416 7471
f 7437 7471 7382
f 7437 7382 7348
f 7348 7403 7437
f 7217 7251 7162
f 7272 7217 7183
f 7327 7293 7382
f 7382 7416 7327
f 7081 7136 7170
f 7170 7136 7225
f 7094 7060 7149
f 7149 7183 7094
f 7031 7120 7065
f 7031 6887 6942
f 7031 6942 6997
f 7264 7209 7175
f 7209 7120 7175
f 7175 7230 7264
f 7141 7230 7175
f 7476 7387 7442
f 7421 7387 7476
f 7442 7531 7476
f 7510 7421 7476
f 7531 7565 7476
f 7476 7565 7510
f 7400 7489 7434
f 7434 7345 7400
f 7078 7112 7023
f 7057 6968 7023
f 7023 7112 7057
f 6934 6989 7023
f 7023 6989 7078
f 7023 6879 6934
f 7023 6968 6879
f 6151 6096 6007
f 5918 6062 6007
f 6007 6062 6151
f 6007 5863 5918
f 6007 6096 5952
f 5952 5863 6007
f 6185 6329 6274
f 6418 6363 6274
f 6274 6329 6418
f 6130 6075 5986
f 5986 6041 6130
f 6130 6041 6185
f 6185 6274 6130
f 5753 5664 5808
f 5808 5897 5753
f 5808 5664 5719
f 5952 5897 5808
f 5719 5863 5808
f 5808 5863 5952
f 6261 6350 6206
f 6261 6172 6316
f 6316 6405 6261
f 6405 6350 6261
f 5939 6083 6028
f 6083 6172 6028
f 5740 5685 5596
f 5740 5829 5685
f 5468 5324 5379
f 5468 5612 5557
f 5557 5413 5468
f 5413 5324 5468
f 5379 5523 5468
f 5523 5612 5468
f 7822 7767 7788
f 7767 7733 7788
f 7788 7733 7754
f 7788 7754 7809
f 7809 7843 7788
f 7788 7843 7822
f 7835 7801 7856
f 7835 7890 7869
f 7835 7856 7890
f 7869 7814 7835
f 7835 7814 7780
f 7780 7801 7835
f 4936 4792 4847
f 4991 4936 4847
f 4902 4991 4847
f 4847 4758 4902
f 5237 5093 5148
f 5148 5292 5237
f 5292 5381 5237
f 5182 5093 5237
f 5360 5271 5415
f 5127 5038 5182
f 5182 5271 5127
f 4983 5038 5127
f 5127 5072 4983
f 5250 5305 5394
f 5483 5339 5394
f 5394 5339 5250
f 5716 5627 5771
f 5771 5860 5716
f 5470 5381 5525
f 6389 6334 6245
f 6478 6334 6389
f 6389 6533 6478
f 6389 6444 6533
f 6410 6499 6355
f 6499 6444 6355
f 6355 6266 6410
f 6211 6266 6355
f 6211 6067 6122
f 6122 6067 5978
f 6122 6266 6211
f 6122 6177 6266
f 5800 5944 5889
f 5978 5834 5889
f 5800 5889 5745
f 5745 5889 5834
f 5868 5724 5779
f 5779 5724 5635
f 5258 5402 5347
f 5347 5203 5258
f 5347 5436 5292
f 5292 5203 5347
f 6551 6695 6640
f 6729 6585 6640
f 6640 6784 6729
f 6640 6695 6784
f 6496 6551 6640
f 6640 6585 6496
f 6703 6648 6559
f 6559 6648 6504
f 6504 6360 6415
f 6415 6326 6470
f 6415 6559 6504
f 6470 6559 6415
f 6182 6326 6271
f 6271 6360 6216
f 6326 6415 6271
f 6271 6415 6360
f 6271 6127 6182
f 6271 6216 6127
f 6012 6156 6101
f 6012 6067 6156
f 5915 5771 5826
f 5860 5771 5915
f 6512 6601 6457
f 6601 6546 6457
f 6457 6546 6402
f 7248 7282 7193
f 7193 7159 7248
f 7227 7138 7193
f 7193 7282 7227
f 6994 7028 6939
f 6994 7083 7028
f 6939 6850 6994
f 7070 7159 7104
f 7159 7193 7104
f 7104 7193 7138
f 6714 6769 6858
f 6858 6803 6714
f 6625 6769 6714
f 6570 6625 6714
f 6761 6617 6672
f 6672 6816 6761
f 6672 6727 6816
f 6782 6727 6638
f 6871 6727 6782
f 6782 6926 6871
f 6837 6926 6782
f 6659 6714 6803
f 6570 6714 6659
f 6515 6570 6659
f 6659 6604 6515
f 7015 6960 6871
f 6871 6926 7015
f 7015 6926 7070
f 7070 7104 7015
f 6889 6944 7033
f 7033 6978 6889
f 6889 6800 6944
f 6889 6978 6834
f 6834 6745 6889
f 6745 6800 6889
f 7651 7706 7685
f 7706 7740 7685
f 7685 7740 7719
f 7685 7664 7630
f 7719 7664 7685
f 7630 7596 7685
f 7685 7596 7651
f 7269 7303 7214
f 7159 7125 7214
f 7248 7159 7214
f 7214 7303 7248
f 7214 7180 7269
f 7214 7125 7180
f 7091 7146 7180
f 7091 7125 7036
f 7180 7125 7091
f 7091 7036 7002
f 7002 7057 7091
f 7057 7146 7091
f 6952 7041 6897
f 6952 6808 6863
f 6897 6808 6952
f 6863 7007 6952
f 7007 7041 6952
f 6664 6808 6753
f 6753 6842 6698
f 6753 6897 6842
f 6753 6808 6897
f 6753 6609 6664
f 6698 6609 6753
f 7486 7520 7431
f 7520 7465 7431
f 7431 7397 7486
f 7431 7342 7397
f 7499 7444 7410
f 7410 7465 7499
f 7410 7444 7355
f 7355 7321 7410
f 7287 7198 7253
f 7253 7342 7287
f 7232 7198 7287
f 7321 7232 7287
f 7630 7575 7541
f 7541 7596 7630
f 7575 7486 7541
f 7507 7596 7541
f 7541 7486 7452
f 7452 7507 7541
f 2471 2416 2327
f 2238 2382 2327
f 2327 2382 2471
f 2327 2183 2238
f 2327 2272 2183
f 2327 2416 2272
f 2798 2853 2942
f 3031 2887 2942
f 2942 2887 2798
f 3086 3031 2942
f 2942 2997 3086
f 2942 2853 2997
f 2751 2806 2895
f 2895 2840 2751
f 2984 2840 2895
f 3039 2984 2895
f 2895 2950 3039
f 2895 2806 2950
f 2683 2827 2772
f 2539 2594 2683
f 2683 2628 2539
f 2772 2628 2683
f 2738 2594 2649
f 2882 2827 2738
f 2738 2683 2594
f 2827 2683 2738
f 2649 2793 2738
f 2793 2882 2738
f 5437 5348 5492
f 5492 5581 5437
f 5437 5581 5526
f 5725 5581 5636
f 5670 5581 5725
f 5725 5814 5670
f 4971 5115 5060
f 4827 4882 4971
f 4971 4916 4827
f 5060 4916 4971
f 5060 5115 5204
f 5259 5348 5204
f 5204 5115 5259
f 5005 4916 5060
f 5094 4950 5005
f 4657 4712 4801
f 4890 4746 4801
f 4746 4657 4801
f 4801 4945 4890
f 4801 4856 4945
f 4712 4856 4801
f 7270 7215 7181
f 7037 6982 6893
f 6885 6830 6741
f 6741 6830 6686
f 6686 6597 6741
f 6597 6652 6741
f 7432 7398 7487
f 7432 7466 7377
f 7487 7521 7432
f 7521 7466 7432
f 7241 7296 7330
f 7330 7275 7241
f 7207 7296 7241
f 7241 7152 7207
f 7042 7097 7131
f 7076 7042 7131
f 7131 7220 7165
f 7165 7076 7131
f 6822 6678 6733
f 6733 6644 6788
f 6877 6822 6733
f 6733 6788 6877
f 6500 6644 6589
f 6678 6534 6589
f 6589 6733 6678
f 6644 6733 6589
f 6589 6445 6500
f 6589 6534 6445
f 6555 6411 6466
f 6466 6377 6521
f 6322 6377 6466
f 6466 6411 6322
f 6521 6610 6466
f 6610 6555 6466
f 7369 7280 7335
f 7335 7424 7369
f 7314 7280 7369
f 7369 7403 7314
f 7636 7547 7602
f 7568 7657 7602
f 7513 7479 7568
f 7513 7424 7479
f 7568 7602 7513
f 7513 7602 7547
f 7445 7534 7479
f 7445 7500 7534
f 7445 7479 7390
f 7411 7500 7445
f 6217 6272 6361
f 6361 6306 6217
f 6128 6272 6217
f 6217 6306 6162
f 6128 6217 6073
f 6073 6217 6162
f 6018 6073 6162
f 5929 6073 6018
f 6230 6141 6285
f 6230 6374 6319
f 6285 6374 6230
f 6052 6196 6141
f 6340 6196 6251
f 6162 6306 6251
f 6251 6306 6395
f 6395 6340 6251
f 5675 5531 5586
f 6065 6010 5921
f 6154 6010 6065
f 6065 6209 6154
f 6065 6120 6209
f 5903 5814 5958
f 5958 6047 5903
f 5958 6013 6102
f 6102 6047 5958
f 6191 6047 6102
f 6102 6246 6191
f 7089 7144 7178
f 7089 7178 7123
f 7123 7034 7089
f 7089 7034 7000
f 7089 7000 7055
f 7055 7144 7089
f 7288 7322 7233
f 7178 7144 7233
f 7233 7267 7178
f 7233 7322 7267
f 7233 7199 7288
f 7233 7144 7199
f 7267 7301 7212
f 7212 7157 7123
f 7123 7178 7212
f 7178 7267 7212
f 7191 7157 7246
f 7246 7301 7335
f 7157 7212 7246
f 7246 7212 7301
f 7246 7280 7191
f 7335 7280 7246
f 7356 7301 7267
f 7356 7322 7411
f 7267 7322 7356
f 7411 7445 7356
f 7390 7301 7356
f 7356 7445 7390
f 5921 5777 5832
f 5777 5688 5832
f 5798 5654 5709
f 6141 6230 6086
f 5586 5641 5730
f 5730 5675 5586
f 5819 5675 5730
f 5696 5751 5840
f 5840 5751 5895
f 4628 4772 4717
f 4717 4806 4662
f 4340 4285 4196
f 4340 4429 4285
f 4196 4251 4340
f 4251 4395 4340
f 4662 4518 4573
f 4518 4429 4573
f 4573 4717 4662
f 4628 4717 4573
f 4704 4649 4560
f 4471 4615 4560
f 4615 4704 4560
f 4416 4471 4560
f 4560 4505 4416
f 4560 4649 4505
f 5272 5416 5361
f 5272 5128 5183
f 5183 5327 5272
f 5327 5416 5272
f 5217 5128 5272
f 5272 5361 5217
f 4424 4280 4335
f 4424 4479 4568
f 4335 4479 4424
f 5170 5115 5026
f 5081 5170 5026
f 5026 4937 5081
f 4882 4937 5026
f 5026 4971 4882
f 5115 4971 5026
f 3780 3636 3691
f 3924 3869 3780
f 3780 3835 3924
f 3691 3835 3780
f 3581 3636 3725
f 3814 3670 3725
f 3670 3581 3725
f 3725 3869 3814
f 3725 3780 3869
f 3636 3780 3725
f 5010 4955 4866
f 4777 4921 4866
f 4921 5010 4866
f 4866 4722 4777
f 4866 4811 4722
f 4866 4955 4811
f 4680 4625 4536
f 4591 4680 4536
f 4536 4625 4481
f 6662 6751 6607
f 6518 6573 6662
f 6662 6607 6518
f 6895 6751 6806
f 6806 6950 6895
f 6861 6950 6806
f 6751 6662 6806
f 7812 7833 7867
f 7888 7901 7867
f 7867 7833 7888
f 7812 7757 7778
f 7778 7744 7799
f 7799 7833 7778
f 7778 7833 7812
f 7668 7613 7579
f 7283 7249 7338
f 7796 7741 7762
f 7741 7707 7762
f 7872 7906 7885
f 7885 7851 7872
f 7872 7893 7906
f 7838 7893 7872
f 7817 7783 7838
f 7838 7872 7817
f 7817 7872 7851
f 7817 7851 7796
f 7796 7762 7817
f 7817 7762 7783
f 7736 7757 7791
f 7791 7757 7812
f 7859 7893 7838
f 7440 7474 7385
f 7385 7351 7440
f 7827 7861 7806
f 7861 7840 7806
f 7785 7751 7806
f 7806 7840 7785
f 7746 7725 7691
f 7691 7712 7746
f 7691 7657 7712
f 7636 7602 7691
f 7691 7602 7657
f 7670 7725 7704
f 7636 7691 7670
f 7670 7691 7725
f 7670 7704 7649
f 7649 7615 7670
f 7921 7900 7887
f 7921 7908 7942
f 7887 7908 7921
f 7934 7900 7921
f 7942 7955 7921
f 7921 7955 7934
f 7594 7628 7539
f 7539 7505 7594
f 7662 7641 7607
f 5901 5956 6045
f 5901 5812 5956
f 6045 5990 5901
f 5757 5812 5901
f 5990 5846 5901
f 5901 5846 5757
f 5867 5812 5723
f 5634 5778 5723
f 5723 5778 5867
f 5757 5702 5613
f 5469 5524 5613
f 5613 5558 5469
f 5613 5702 5558
f 3207 3118 3262
f 3063 3118 3207
f 3152 3296 3241
f 3008 3063 3152
f 3063 3207 3152
f 3152 3207 3296
f 3241 3097 3152
f 3152 3097 3008
f 3385 3529 3474
f 3241 3296 3385
f 3385 3330 3241
f 3474 3330 3385
f 4171 4116 4027
f 4027 4082 4171
f 3938 4082 4027
f 4027 3883 3938
f 4027 3972 3883
f 4027 4116 3972
f 3917 3862 3773
f 3773 3684 3828
f 3828 3917 3773
f 3629 3684 3773
f 3773 3718 3629
f 3773 3862 3718
f 3197 3053 3108
f 3197 3341 3286
f 3197 3108 3252
f 3252 3341 3197
f 2998 3053 3142
f 3142 3087 2998
f 3142 3231 3087
f 3286 3231 3142
f 3142 3197 3286
f 3053 3197 3142
f 7354 7388 7299
f 7299 7265 7354
f 7422 7388 7477
f 7655 7621 7676
f 7566 7621 7655
f 7655 7600 7566
f 7553 7608 7642
f 7519 7608 7553
f 7553 7464 7519
f 7498 7464 7553
f 7477 7388 7443
f 7388 7354 7443
f 7409 7498 7443
f 7443 7354 7409
f 7409 7354 7320
f 7320 7354 7265
f 7113 7024 7079
f 7079 7168 7113
f 7134 7168 7079
f 7079 7024 6990
f 6990 7045 7079
f 7045 7134 7079
f 7223 7312 7257
f 7257 7168 7223
f 7223 7168 7134
f 7223 7134 7189
f 7642 7608 7663
f 7663 7697 7642
f 7663 7574 7629
f 7608 7574 7663
f 7718 7697 7663
f 7663 7684 7718
f 7629 7684 7663
f 7676 7697 7731
f 7786 7765 7731
f 7731 7752 7786
f 7731 7697 7752
f 7370 7459 7404
f 7493 7459 7548
f 7527 7438 7493
f 7438 7404 7493
f 7493 7404 7459
f 7493 7582 7527
f 7548 7582 7493
f 7294 7383 7328
f 7328 7239 7294
f 7061 7150 7095
f 6917 6972 7061
f 7116 7150 7061
f 7061 7027 7116
f 6972 7027 7061
f 6891 6980 6836
f 6836 6747 6891
f 6747 6802 6891
f 7056 7022 7111
f 7166 7200 7111
f 7111 7077 7166
f 7111 7022 7077
f 7145 7056 7111
f 7111 7200 7145
f 7145 7200 7234
f 7234 7179 7145
f 7268 7179 7234
f 7234 7323 7268
f 7412 7446 7357
f 7357 7323 7412
f 7187 7242 7276
f 7255 7200 7166
f 7611 7577 7666
f 7666 7645 7611
f 7645 7556 7611
f 7158 7213 7247
f 7213 7302 7247
f 7357 7446 7391
f 7391 7302 7357
f 7480 7425 7391
f 7391 7446 7480
f 7585 7530 7496
f 7619 7530 7585
f 7585 7674 7619
f 7585 7640 7674
f 7640 7585 7551
f 7551 7585 7496
f 7496 7462 7551
f 7551 7462 7517
f 7428 7462 7373
f 7407 7352 7318
f 7318 7373 7407
f 7407 7373 7462
f 7441 7352 7407
f 7496 7441 7407
f 7407 7462 7496
f 6611 6755 6700
f 6700 6556 6611
f 6700 6645 6556
f 6632 6577 6488
f 6632 6721 6577
f 6776 6721 6632
f 5938 5993 6082
f 5938 5849 5993
f 5938 6082 6027
f 5794 5849 5938
f 5883 5794 5938
f 5938 6027 5883
f 6009 5865 5920
f 6153 6098 6009
f 5954 5865 6009
f 6009 6098 5954
f 6009 6064 6153
f 5920 6064 6009
f 6276 6187 6331
f 6187 6242 6331
f 6331 6420 6276
f 6920 6776 6831
f 6831 6742 6886
f 6831 6975 6920
f 6831 6886 6975
f 6886 6742 6797
f 6708 6852 6797
f 6653 6742 6598
f 6708 6797 6653
f 6653 6797 6742
f 5522 5467 5378
f 5289 5433 5378
f 5378 5433 5522
f 5378 5234 5289
f 5323 5467 5412
f 5323 5179 5234
f 5234 5378 5323
f 5323 5378 5467
f 5412 5268 5323
f 5268 5179 5323
f 6022 5878 5933
f 6166 6111 6022
f 6111 5967 6022
f 5967 5878 6022
f 6022 6077 6166
f 5933 6077 6022
f 5357 5501 5446
f 5357 5446 5302
f 5357 5268 5412
f 5412 5501 5357
f 5734 5645 5789
f 5789 5878 5734
f 5535 5391 5446
f 5446 5501 5590
f 5590 5535 5446
f 5679 5535 5590
f 5590 5734 5679
f 5590 5501 5645
f 5645 5734 5590
f 6645 6734 6590
f 6734 6679 6590
f 6501 6645 6590
f 6590 6679 6535
f 6590 6446 6501
f 6535 6446 6590
f 5946 6090 6035
f 5946 5802 5857
f 6056 6145 6001
f 6145 6090 6001
f 6001 5946 5857
f 6090 5946 6001
f 5658 5802 5747
f 6391 6336 6247
f 6247 6302 6391
f 6480 6336 6391
f 6391 6302 6446
f 6391 6535 6480
f 6391 6446 6535
f 6812 6723 6867
f 6867 6956 6812
f 6812 6956 6901
f 6812 6901 6757
f 6676 6621 6532
f 6731 6820 6676
f 6587 6676 6532
f 6587 6642 6731
f 6731 6676 6587
f 6435 6579 6524
f 6613 6469 6524
f 6524 6380 6435
f 6524 6469 6380
f 6668 6579 6723
f 6668 6812 6757
f 6723 6812 6668
f 6757 6613 6668
f 6613 6524 6668
f 6668 6524 6579
f 7842 7876 7821
f 7737 7758 7792
f 7792 7771 7737
f 7792 7826 7771
f 7792 7758 7813
f 7792 7813 7847
f 7847 7826 7792
f 7750 7784 7729
f 7750 7805 7784
f 7771 7805 7750
f 7750 7716 7771
f 7993 7980 7988
f 7988 7980 7967
f 6716 6860 6805
f 6805 6661 6716
f 6915 6860 6771
f 6860 6716 6771
f 6771 6716 6627
f 7258 7224 7313
f 7313 7347 7258
f 7046 7101 7135
f 7135 7080 7046
f 7046 7080 6991
f 7046 6991 6902
f 7012 7101 7046
f 6517 6661 6606
f 6606 6462 6517
f 7800 7834 7779
f 7779 7745 7800
f 7800 7745 7766
f 7766 7821 7800
f 7766 7745 7711
f 7711 7732 7766
f 7711 7677 7732
f 7711 7656 7677
f 7711 7745 7690
f 7690 7656 7711
f 7127 7093 7182
f 7182 7216 7127
f 7381 7470 7415
f 7415 7326 7381
f 7415 7470 7504
f 7525 7470 7436
f 7436 7491 7525
f 7525 7491 7580
f 7559 7470 7525
f 7525 7614 7559
f 7580 7614 7525
f 7580 7491 7546
f 7601 7635 7546
f 7546 7635 7580
f 7512 7601 7546
f 7546 7457 7512
f 7546 7491 7457
f 7504 7593 7538
f 7572 7483 7538
f 6736 6647 6791
f 6736 6880 6825
f 6736 6791 6880
f 6825 6681 6736
f 6592 6681 6537
f 6592 6736 6681
f 6647 6736 6592
f 6558 6613 6702
f 6702 6647 6558
f 6558 6469 6613
f 6414 6469 6558
f 5164 5308 5253
f 5020 5075 5164
f 5164 5075 5219
f 5219 5308 5164
f 5287 5232 5143
f 5143 5198 5287
f 5054 5198 5143
f 5143 4999 5054
f 5321 5376 5465
f 5321 5232 5376
f 5465 5410 5321
f 5177 5232 5321
f 5321 5266 5177
f 5410 5266 5321
f 4821 4766 4677
f 4677 4732 4821
f 4821 4732 4876
f 4876 4965 4821
f 5253 5198 5109
f 5020 5164 5109
f 5109 5164 5253
f 5109 4965 5020
f 5054 4965 5109
f 5109 5198 5054
f 4415 4360 4271
f 4271 4182 4326
f 4326 4415 4271
f 4216 4360 4305
f 4305 4161 4216
f 4216 4161 4072
f 4216 4271 4360
f 4313 4258 4169
f 4224 4313 4169
f 4169 4080 4224
f 4025 4080 4169
f 4169 4114 4025
f 4169 4258 4114
f 2056 1967 2111
f 2111 1967 2022
f 1933 1789 1844
f 2365 2221 2276
f 2365 2509 2454
f 2276 2420 2365
f 2365 2420 2509
f 2255 2111 2166
f 2166 2111 2022
f 2276 2221 2132
f 2132 2187 2276
f 2043 2187 2132
f 2454 2399 2310
f 2310 2365 2454
f 2221 2365 2310
f 2310 2166 2221
f 2310 2399 2255
f 2255 2166 2310
f 2344 2399 2488
f 2488 2632 2577
f 2543 2632 2488
f 2488 2399 2543
f 3030 2975 2886
f 2941 3030 2886
f 2886 2797 2941
f 2886 2742 2797
f 2831 2687 2742
f 2742 2886 2831
f 2831 2886 2975
f 2776 2687 2831
f 3373 3229 3284
f 3517 3462 3373
f 3462 3318 3373
f 3318 3229 3373
f 3373 3428 3517
f 3373 3284 3428
f 3839 3784 3695
f 3695 3750 3839
f 3695 3606 3750
f 3551 3606 3695
f 3695 3640 3551
f 3695 3784 3640
f 3873 4017 3962
f 3729 3784 3873
f 3928 4017 3873
f 3873 3784 3928
f 3873 3818 3729
f 3962 3818 3873
f 3682 3771 3627
f 3627 3538 3682
f 3449 3394 3305
f 3449 3538 3394
f 3305 3360 3449
f 4059 3915 3970
f 3970 4114 4059
f 3881 4025 3970
f 4025 4114 3970
f 4004 3860 3915
f 4148 4093 4004
f 4004 4059 4148
f 4004 3915 4059
f 3805 3860 3949
f 4038 3894 3949
f 3949 3894 3805
f 3949 4093 4038
f 3949 4004 4093
f 3860 4004 3949
f 4855 4999 4944
f 4855 4711 4766
f 4944 4800 4855
f 4800 4711 4855
f 5088 5232 5177
f 4944 4999 5088
f 5088 5143 5232
f 4999 5143 5088
f 5177 5033 5088
f 5088 5033 4944
f 2894 2805 2949
f 2949 3038 2894
f 2805 2860 2949
f 2949 3093 3038
f 2949 2860 3004
f 3004 3093 2949
f 3237 3093 3148
f 3381 3326 3237
f 3326 3182 3237
f 3182 3093 3237
f 3292 3381 3237
f 3237 3148 3292
f 2826 2970 2915
f 2771 2826 2915
f 2915 2860 2771
f 3004 2860 2915
f 186 220 165
f 165 131 186
f 834 779 745
f 834 800 889
f 745 800 834
f 711 745 656
f 711 800 745
f 711 622 677
f 656 622 711
f 790 735 701
f 790 701 756
f 756 845 790
f 769 735 824
f 824 858 769
f 824 913 858
f 735 790 824
f 811 777 866
f 921 955 866
f 866 955 900
f 900 811 866
f 887 921 832
f 832 777 743
f 921 866 832
f 832 866 777
f 798 887 832
f 832 743 798
f 21 16 29
f 21 8 16
f 29 50 42
f 50 63 42
f 42 21 29
f 63 76 42
f 76 55 42
f 68 55 89
f 68 81 47
f 81 68 102
f 89 123 102
f 102 68 89
f 94 81 115
f 115 128 94
f 149 128 115
f 81 102 115
f 170 149 115
f 73 60 94
f 94 107 73
f 73 86 52
f 107 86 73
f 39 73 52
f 60 73 39
f 47 60 39
f 57 44 78
f 99 112 78
f 23 44 36
f 23 36 15
f 15 10 23
f 99 86 120
f 107 141 120
f 120 86 107
f 154 133 120
f 120 133 99
f 175 154 120
f 120 141 175
f 162 128 183
f 162 183 217
f 217 196 162
f 162 196 141
f 162 141 107
f 107 128 162
f 460 549 494
f 494 405 460
f 439 405 494
f 528 439 494
f 583 528 494
f 494 549 583
f 371 316 337
f 337 426 371
f 371 405 316
f 460 405 371
f 371 426 460
f 1025 936 1080
f 936 991 1080
f 1080 1169 1025
f 1080 1224 1169
f 1046 991 957
f 957 1101 1046
f 1101 1245 1190
f 1190 1046 1101
f 1499 1410 1554
f 1643 1588 1499
f 1499 1554 1643
f 1499 1588 1444
f 1444 1300 1355
f 1355 1499 1444
f 1410 1499 1355
f 1355 1300 1211
f 1376 1465 1321
f 1465 1410 1321
f 1321 1232 1376
f 1130 1041 1185
f 1185 1274 1130
f 1130 1274 1219
f 1219 1075 1130
f 1075 931 986
f 986 1130 1075
f 1041 1130 986
f 986 931 897
f 897 952 986
f 952 1041 986
f 1766 1855 1711
f 1766 1622 1677
f 1711 1622 1766
f 1677 1821 1766
f 1766 1821 1910
f 1910 1855 1766
f 831 776 742
f 776 687 742
f 742 797 831
f 742 687 653
f 708 797 742
f 742 653 708
f 530 564 475
f 475 441 530
f 386 441 475
f 475 420 386
f 454 488 399
f 454 543 488
f 365 310 331
f 331 420 365
f 399 310 365
f 365 454 399
f 420 454 365
f 2370 2425 2514
f 2514 2603 2459
f 2459 2370 2514
f 2658 2603 2514
f 2569 2658 2514
f 2514 2425 2569
f 718 752 663
f 608 574 663
f 663 697 608
f 663 752 697
f 663 629 718
f 663 574 629
f 2019 1875 1930
f 2163 2108 2019
f 1930 2074 2019
f 2019 2074 2163
f 1964 1820 1875
f 2108 2053 1964
f 1964 2053 1909
f 1909 1820 1964
f 1964 2019 2108
f 1875 2019 1964
f 2320 2375 2464
f 2553 2409 2464
f 2464 2409 2320
f 1900 1756 1811
f 1900 1811 1955
f 1790 1701 1845
f 1701 1756 1845
f 1934 1790 1845
f 1845 1989 1934
f 1845 1900 1989
f 1756 1900 1845
f 2023 2078 2167
f 2256 2112 2167
f 2167 2112 2023
f 2167 2311 2256
f 2167 2078 2222
f 2222 2311 2167
f 2455 2544 2400
f 2400 2311 2455
f 2544 2489 2400
f 2256 2311 2400
f 2400 2345 2256
f 2400 2489 2345
f 1447 1303 1358
f 1413 1502 1358
f 1502 1447 1358
f 1358 1303 1214
f 3764 3620 3675
f 3764 3908 3853
f 3819 3908 3764
f 3764 3675 3819
f 3565 3620 3709
f 3709 3798 3654
f 3654 3565 3709
f 3853 3798 3709
f 3709 3764 3853
f 3620 3764 3709
f 2633 2777 2722
f 2633 2489 2544
f 2633 2544 2688
f 2688 2777 2633
f 2633 2722 2578
f 2578 2489 2633
f 2379 2523 2468
f 2235 2290 2379
f 2290 2434 2379
f 2434 2523 2379
f 2379 2324 2235
f 2379 2468 2324
f 1550 1639 1495
f 1495 1406 1550
f 1351 1406 1495
f 2846 2702 2757
f 2990 2935 2846
f 2846 2791 2702
f 2846 2935 2791
f 2757 2901 2846
f 2846 2901 2990
f 3079 2935 2990
f 3223 3168 3079
f 3079 3168 3024
f 3024 2935 3079
f 3079 3134 3223
f 2990 3134 3079
f 3155 3011 3066
f 3011 2922 3066
f 3066 3210 3155
f 3066 3121 3210
f 220 186 241
f 254 309 288
f 254 199 220
f 233 199 254
f 254 288 233
f 288 309 343
f 343 309 398
f 343 398 432
f 432 377 343
f 267 288 322
f 322 411 356
f 322 377 411
f 288 343 322
f 322 343 377
f 356 301 322
f 322 301 267
f 487 576 521
f 432 487 521
f 521 466 432
f 555 466 521
f 521 610 555
f 521 576 610
f 610 576 665
f 665 720 754
f 631 720 665
f 665 576 631
f 665 754 699
f 699 610 665
f 1767 1822 1911
f 1911 1856 1767
f 1678 1822 1767
f 1767 1856 1712
f 1623 1678 1767
f 1767 1712 1623
f 2144 2233 2089
f 2089 2000 2144
f 2089 2233 2178
f 1945 2000 2089
f 2178 2034 2089
f 2034 1945 2089
f 1377 1466 1322
f 1233 1288 1377
f 1377 1322 1233
f 1377 1288 1432
f 1432 1521 1377
f 1521 1466 1377
f 1110 1254 1199
f 1199 1288 1144
f 1199 1343 1288
f 1199 1254 1343
f 1144 1055 1199
f 1199 1055 1110
f 2262 2173 2317
f 2317 2406 2262
f 2440 2351 2495
f 2351 2406 2495
f 2495 2406 2550
f 2872 2728 2783
f 2783 2927 2872
f 2838 2927 2783
f 2783 2694 2838
f 979 1068 1013
f 1013 924 979
f 1123 1068 979
f 979 1034 1123
f 979 924 890
f 890 945 979
f 945 1034 979
f 966 911 877
f 966 932 1021
f 966 877 932
f 1021 1110 966
f 1110 1055 966
f 966 1055 1000
f 1000 911 966
f 1529 1474 1385
f 1529 1618 1474
f 1851 1707 1762
f 1707 1618 1762
f 1762 1906 1851
f 1817 1906 1762
f 744 778 689
f 600 655 689
f 689 655 744
f 689 778 723
f 969 1024 1113
f 1003 914 969
f 969 914 880
f 880 935 969
f 935 1024 969
f 1037 1092 1181
f 1181 1092 1236
f 1236 1325 1181
f 1325 1270 1181
f 1160 1304 1249
f 1160 1215 1304
f 1139 995 1050
f 995 961 1050
f 1050 1194 1139
f 893 927 838
f 838 804 893
f 893 804 859
f 859 948 893
f 59 93 72
f 38 46 59
f 59 72 38
f 169 190 224
f 224 203 169
f 501 412 467
f 556 501 467
f 467 522 556
f 467 433 522
f 378 412 323
f 378 344 433
f 378 323 344
f 433 467 378
f 378 467 412
f 312 333 367
f 367 333 422
f 401 312 367
f 367 456 401
f 367 422 456
f 354 443 388
f 388 333 354
f 422 333 388
f 388 477 422
f 443 477 388
f 2390 2246 2301
f 2301 2445 2390
f 2356 2445 2301
f 2301 2212 2356
f 1293 1382 1238
f 1238 1149 1293
f 1293 1149 1204
f 1293 1204 1348
f 1416 1327 1471
f 1327 1382 1471
f 1471 1560 1416
f 1581 1492 1636
f 1636 1725 1581
f 1581 1725 1670
f 1348 1492 1437
f 1437 1293 1348
f 1382 1293 1437
f 1492 1581 1437
f 4508 4652 4597
f 4364 4419 4508
f 4508 4453 4364
f 4597 4453 4508
f 4597 4652 4741
f 4686 4597 4741
f 4741 4830 4686
f 4741 4885 4830
f 4796 4940 4885
f 4885 4741 4796
f 4796 4741 4652
f 4796 4851 4940
f 4563 4419 4474
f 4563 4474 4618
f 4563 4508 4419
f 4652 4508 4563
f 5084 5029 4940
f 4906 5050 4995
f 5050 5139 4995
f 5139 5084 4995
f 4995 4851 4906
f 4940 4851 4995
f 4995 5084 4940
f 4817 4961 4906
f 4906 4762 4817
f 4817 4762 4673
f 4872 4961 4817
f 4474 4330 4385
f 4385 4330 4241
f 4529 4673 4618
f 4529 4385 4440
f 4618 4474 4529
f 4474 4385 4529
f 4584 4440 4495
f 4584 4495 4639
f 4673 4529 4584
f 4584 4529 4440
f 4495 4440 4351
f 4406 4495 4351
f 5000 4856 4911
f 5000 5144 5089
f 5089 4945 5000
f 4945 4856 5000
f 5000 4911 5055
f 5055 5144 5000
f 5021 4966 4877
f 4788 4932 4877
f 4932 5021 4877
f 4733 4788 4877
f 4877 4822 4733
f 4877 4966 4822
f 5550 5406 5461
f 5461 5605 5550
f 5605 5694 5550
f 5440 5351 5495
f 5351 5406 5495
f 5406 5550 5495
f 4110 4165 4254
f 4343 4199 4254
f 4199 4110 4254
f 4398 4343 4254
f 4254 4309 4398
f 4254 4165 4309
f 3765 3621 3676
f 3909 3854 3765
f 3676 3820 3765
f 3765 3820 3909
f 3566 3621 3710
f 3655 3566 3710
f 3710 3799 3655
f 3854 3799 3710
f 3710 3765 3854
f 3621 3765 3710
f 3092 2948 3003
f 3092 3236 3181
f 3003 3147 3092
f 3147 3236 3092
f 2893 2948 3037
f 3126 2982 3037
f 2982 2893 3037
f 3181 3126 3037
f 3037 3092 3181
f 2948 3092 3037
f 3804 3859 3948
f 3948 3893 3804
f 4037 3893 3948
f 3825 3736 3880
f 3681 3736 3825
f 3770 3914 3859
f 3626 3681 3770
f 3681 3825 3770
f 3770 3825 3914
f 3770 3715 3626
f 3770 3859 3715
f 4147 4202 4291
f 5388 5443 5532
f 5388 5299 5443
f 5532 5477 5388
f 5244 5299 5388
f 5388 5477 5333
f 5333 5244 5388
f 5155 5299 5244
f 5155 5011 5066
f 5066 5210 5155
f 5210 5299 5155
f 5155 5244 5100
f 5100 5011 5155
f 4414 4558 4503
f 4270 4325 4414
f 4414 4325 4469
f 4469 4558 4414
f 4503 4359 4414
f 4414 4359 4270
f 4702 4558 4613
f 4702 4846 4791
f 4791 4647 4702
f 4647 4558 4702
f 4757 4846 4702
f 4702 4613 4757
f 4579 4524 4435
f 4435 4346 4490
f 4490 4579 4435
f 4291 4346 4435
f 4435 4380 4291
f 4435 4524 4380
f 2691 2746 2835
f 2924 2780 2835
f 2835 2780 2691
f 2835 2979 2924
f 2890 2979 2835
f 2835 2746 2890
f 5086 5031 4942
f 4853 4997 4942
f 4997 5086 4942
f 4942 4798 4853
f 4887 4798 4942
f 4942 5031 4887
f 5633 5722 5578
f 5578 5489 5633
f 5578 5722 5667
f 5434 5489 5578
f 5667 5523 5578
f 5523 5434 5578
f 5345 5489 5434
f 5345 5201 5256
f 5256 5400 5345
f 5400 5489 5345
f 5345 5290 5201
f 5434 5290 5345
f 5565 5654 5510
f 5510 5421 5565
f 5565 5421 5476
f 5709 5654 5565
f 3785 3840 3929
f 4018 3874 3929
f 3874 3785 3929
f 3929 4073 4018
f 3984 4073 3929
f 3929 3840 3984
f 3374 3518 3463
f 3518 3607 3463
f 3463 3607 3552
f 3319 3374 3463
f 3408 3319 3463
f 3463 3552 3408
f 3696 3840 3785
f 3552 3607 3696
f 3751 3840 3696
f 3696 3607 3751
f 3696 3785 3641
f 3641 3552 3696
f 3342 3198 3253
f 3198 3109 3253
f 3253 3109 3164
f 3397 3342 3253
f 3253 3308 3397
f 3253 3164 3308
f 2965 2876 3020
f 3020 3109 2965
f 3020 2876 2931
f 3164 3109 3020
f 2931 3075 3020
f 3075 3164 3020
f 3829 3774 3685
f 3829 3918 3774
f 3829 3685 3740
f 3973 3918 3829
f 3740 3884 3829
f 3829 3884 3973
f 5180 5125 5036
f 4947 5091 5036
f 5091 5180 5036
f 5036 4892 4947
f 4981 4892 5036
f 5036 5125 4981
f 7017 6873 6928
f 6839 6983 6928
f 6928 6784 6839
f 6928 6873 6784
f 6928 6983 7072
f 7072 7017 6928
f 6941 6996 7030
f 6941 6852 6996
f 7030 6886 6941
f 6886 6797 6941
f 6941 6797 6852
f 7140 7195 7229
f 7229 7174 7140
f 7106 7195 7140
f 7140 7051 7106
f 7208 7174 7263
f 7318 7352 7263
f 7263 7229 7318
f 7263 7174 7229
f 7263 7352 7297
f 7297 7208 7263
f 6339 6483 6428
f 6394 6483 6339
f 6305 6360 6449
f 6449 6394 6305
f 6216 6360 6305
f 6161 6216 6305
f 6407 6551 6496
f 6407 6462 6551
f 6496 6352 6407
f 6051 5962 6106
f 5907 5962 6051
f 5996 5852 5907
f 5941 5852 5996
f 5907 6051 5996
f 5996 6051 6140
f 6428 6517 6373
f 6373 6517 6462
f 2430 2485 2574
f 3687 3543 3598
f 3831 3776 3687
f 3687 3776 3632
f 3632 3543 3687
f 3687 3742 3831
f 3598 3742 3687
f 2870 2925 3014
f 3014 2959 2870
f 3014 3069 3158
f 3014 2925 3069
f 5941 5886 5797
f 5708 5852 5797
f 5797 5852 5941
f 5797 5653 5708
f 5797 5742 5653
f 5797 5886 5742
f 5103 5014 5158
f 4959 5014 5103
f 5103 5048 4959
f 5192 5048 5103
f 5226 5281 5370
f 5315 5226 5370
f 5370 5459 5315
f 5692 5781 5637
f 5637 5548 5692
f 5692 5836 5781
f 5692 5747 5836
f 4980 5069 4925
f 5124 5069 4980
f 4980 5035 5124
f 5302 5158 5213
f 5158 5069 5213
f 5213 5069 5124
f 5213 5357 5302
f 5213 5124 5268
f 5268 5357 5213
f 2493 2349 2404
f 2349 2260 2404
f 2548 2493 2404
f 2404 2459 2548
f 2993 3048 3137
f 3082 2993 3137
f 3137 3226 3082
f 3103 3048 2959
f 2959 3014 3103
f 3158 3247 3103
f 3103 3014 3158
f 4085 3941 3996
f 4229 4174 4085
f 4085 4140 4229
f 3996 4140 4085
f 3797 3941 3886
f 3742 3797 3886
f 3886 3975 3831
f 3831 3742 3886
f 4263 4352 4208
f 4208 4119 4263
f 4263 4119 4174
f 4407 4352 4263
f 4263 4318 4407
f 4263 4174 4318
f 3763 3818 3907
f 3907 3996 3852
f 3852 3763 3907
f 4051 3996 3907
f 3907 3962 4051
f 3907 3818 3962
f 3585 3530 3441
f 3352 3496 3441
f 3441 3496 3585
f 3441 3297 3352
f 3386 3297 3441
f 3441 3530 3386
f 2145 2090 2001
f 2145 2234 2090
f 2001 2056 2145
f 2467 2323 2378
f 2323 2234 2378
f 1878 1823 1734
f 1878 1967 1823
f 1734 1789 1878
f 2022 1967 1878
f 1789 1933 1878
f 1878 1933 2022
f 3132 3187 3276
f 3221 3132 3276
f 3276 3187 3331
f 3242 3187 3098
f 2954 3009 3098
f 3043 2954 3098
f 3098 3187 3043
f 3153 3297 3242
f 3242 3098 3153
f 3153 3098 3009
f 6819 6675 6730
f 6641 6785 6730
f 6730 6586 6641
f 6730 6675 6586
f 6785 6874 6730
f 6730 6874 6819
f 6387 6476 6332
f 6387 6243 6298
f 6332 6243 6387
f 6298 6442 6387
f 6531 6476 6387
f 6387 6442 6531
f 7497 7586 7531
f 7497 7552 7586
f 7497 7531 7442
f 7463 7552 7497
f 7442 7408 7497
f 7497 7408 7463
f 7607 7518 7573
f 7573 7662 7607
f 7628 7662 7573
f 7539 7628 7573
f 7450 7539 7484
f 7539 7573 7484
f 7484 7573 7518
f 7361 7416 7450
f 7272 7327 7361
f 7361 7327 7416
f 7471 7437 7526
f 7128 7183 7217
f 7162 7073 7128
f 7128 7217 7162
f 7073 7039 7128
f 7128 7039 7094
f 7094 7183 7128
f 7293 7327 7238
f 7183 7149 7238
f 7272 7183 7238
f 7238 7327 7272
f 7238 7204 7293
f 7238 7149 7204
f 7115 7026 7081
f 7081 7170 7115
f 7060 7026 7115
f 7115 7170 7204
f 7115 7149 7060
f 7204 7149 7115
f 7259 7225 7314
f 7259 7170 7225
f 7204 7170 7259
f 7314 7348 7259
f 7348 7293 7259
f 7293 7204 7259
f 6976 7031 7065
f 6887 7031 6976
f 7065 6921 6976
f 6976 6921 6832
f 6832 6887 6976
f 7086 7031 6997
f 7086 6997 7052
f 7052 7141 7086
f 7141 7175 7086
f 7120 7031 7086
f 7086 7175 7120
f 7489 7400 7455
f 7510 7544 7455
f 7455 7544 7489
f 7455 7421 7510
f 7277 7332 7366
f 7332 7421 7366
f 7421 7455 7366
f 7366 7455 7400
f 7311 7345 7256
f 7311 7400 7345
f 7311 7366 7400
f 7311 7256 7222
f 7311 7222 7277
f 7277 7366 7311
f 6075 6130 6219
f 6219 6308 6164
f 6164 6075 6219
f 6219 6130 6274
f 6219 6363 6308
f 6219 6274 6363
f 6172 6261 6117
f 6117 6028 6172
f 6117 6261 6206
f 5973 6028 6117
f 6206 6062 6117
f 6117 6062 5973
f 5651 5562 5706
f 5507 5562 5651
f 5596 5507 5651
f 5651 5740 5596
f 5795 5850 5939
f 5706 5850 5795
f 5795 5651 5706
f 5740 5651 5795
f 5973 5829 5884
f 5829 5740 5884
f 5740 5795 5884
f 5884 6028 5973
f 5939 6028 5884
f 5884 5795 5939
f 4703 4847 4792
f 4559 4614 4703
f 4614 4758 4703
f 4758 4847 4703
f 4703 4648 4559
f 4703 4792 4648
f 5182 5237 5326
f 5415 5271 5326
f 5326 5271 5182
f 5326 5470 5415
f 5326 5237 5381
f 5381 5470 5326
f 5271 5360 5216
f 5216 5127 5271
f 5216 5360 5305
f 5072 5127 5216
f 5161 5072 5216
f 5216 5305 5161
f 5703 5648 5559
f 5415 5470 5559
f 5614 5470 5525
f 5614 5758 5703
f 5703 5559 5614
f 5614 5559 5470
f 5525 5580 5669
f 5669 5614 5525
f 5758 5614 5669
f 5580 5724 5669
f 6313 6457 6402
f 6347 6292 6203
f 6292 6148 6203
f 6300 6389 6245
f 6245 6156 6300
f 6300 6156 6211
f 6211 6355 6300
f 6444 6389 6300
f 6300 6355 6444
f 6177 6122 6033
f 6088 6177 6033
f 6033 5944 6088
f 6033 5889 5944
f 6033 6122 5978
f 5978 5889 6033
f 5601 5512 5656
f 5656 5745 5601
f 5656 5512 5567
f 5800 5745 5656
f 5656 5711 5800
f 5567 5711 5656
f 5690 5635 5546
f 5690 5779 5635
f 5546 5601 5690
f 5834 5779 5690
f 5601 5745 5690
f 5690 5745 5834
f 5491 5347 5402
f 5491 5635 5580
f 5580 5436 5491
f 5436 5347 5491
f 5546 5635 5491
f 5491 5402 5546
f 6703 6559 6614
f 6525 6669 6614
f 6614 6470 6525
f 6614 6559 6470
f 6758 6703 6614
f 6614 6669 6758
f 6067 6012 5923
f 5923 5834 5978
f 5978 6067 5923
f 5923 5779 5834
f 5868 5779 5923
f 5923 6012 5868
f 6004 6148 6093
f 5860 5915 6004
f 6093 5949 6004
f 5949 5860 6004
f 6905 6994 6850
f 6761 6816 6905
f 6905 6850 6761
f 6816 6960 6905
f 7049 7104 7138
f 7138 7083 7049
f 7083 6994 7049
f 7049 6905 6960
f 6994 6905 7049
f 6960 7015 7049
f 7049 7015 7104
f 6528 6672 6617
f 6528 6617 6473
f 6384 6439 6528
f 6528 6473 6384
f 6583 6494 6638
f 6638 6727 6583
f 6727 6672 6583
f 6672 6528 6583
f 6439 6494 6583
f 6583 6528 6439
f 6693 6782 6638
f 6638 6549 6693
f 6549 6604 6693
f 6837 6782 6693
f 7342 7431 7376
f 7376 7287 7342
f 7321 7287 7376
f 7376 7431 7465
f 7376 7410 7321
f 7465 7410 7376
f 5348 5437 5293
f 5293 5204 5348
f 4861 5005 4950
f 4861 4717 4772
f 4772 4916 4861
f 4916 5005 4861
f 4950 4806 4861
f 4806 4717 4861
f 7126 7181 7215
f 7126 7215 7160
f 7160 7071 7126
f 7126 7071 7037
f 7037 7092 7126
f 7092 7181 7126
f 7270 7181 7236
f 7202 7291 7236
f 7257 7312 7346
f 7346 7291 7257
f 7291 7346 7380
f 7380 7346 7435
f 6982 6927 6838
f 6838 6893 6982
f 6838 6927 6783
f 6783 6694 6838
f 7003 7092 7037
f 7058 7092 7003
f 6948 6893 6804
f 6804 6859 6948
f 7037 6893 6948
f 6948 7003 7037
f 6859 7003 6948
f 6770 6681 6825
f 6885 6741 6796
f 6707 6851 6796
f 6796 6652 6707
f 6796 6741 6652
f 6796 6940 6885
f 6851 6940 6796
f 7398 7432 7343
f 7288 7254 7343
f 7343 7377 7288
f 7343 7432 7377
f 7254 7309 7343
f 7309 7398 7343
f 7186 7241 7275
f 7186 7275 7220
f 7220 7131 7186
f 7186 7131 7097
f 7097 7152 7186
f 7152 7241 7186
f 7458 7513 7547
f 7424 7513 7458
f 7403 7369 7458
f 7458 7369 7424
f 6128 6073 5984
f 5895 6039 5984
f 5984 6039 6128
f 5984 5840 5895
f 5984 6073 5929
f 5929 5840 5984
f 6107 6251 6196
f 5963 6018 6107
f 6107 6018 6162
f 6162 6251 6107
f 6107 6052 5963
f 6196 6052 6107
f 5531 5675 5620
f 5476 5531 5620
f 5620 5565 5476
f 5709 5565 5620
f 6120 6065 5976
f 5976 5832 5887
f 5976 6065 5921
f 5921 5832 5976
f 5814 5725 5869
f 5869 5958 5814
f 5924 6013 5869
f 6013 5958 5869
f 6335 6191 6246
f 6335 6246 6390
f 6390 6479 6335
f 6479 6424 6335
f 6280 6335 6424
f 6191 6335 6280
f 5887 5832 5743
f 5743 5798 5887
f 5654 5798 5743
f 5599 5654 5743
f 5743 5688 5599
f 5743 5832 5688
f 6120 5976 6031
f 6031 5976 5887
f 6175 6230 6319
f 6175 6086 6230
f 6120 6031 6175
f 6175 6031 6086
f 5997 6052 6141
f 6141 6086 5997
f 5696 5840 5785
f 5785 5840 5929
f 5785 5641 5696
f 5785 5730 5641
f 4628 4573 4484
f 4484 4539 4628
f 4395 4539 4484
f 4484 4340 4395
f 4429 4340 4484
f 4484 4573 4429
f 4568 4657 4513
f 4513 4424 4568
f 4392 4536 4481
f 4392 4248 4303
f 4481 4337 4392
f 4337 4248 4392
f 4591 4536 4447
f 4358 4502 4447
f 4447 4502 4591
f 4447 4303 4358
f 4447 4392 4303
f 4536 4392 4447
f 6717 6772 6861
f 6861 6806 6717
f 6628 6772 6717
f 6717 6806 6662
f 6717 6573 6628
f 6717 6662 6573
f 7812 7867 7846
f 7846 7791 7812
f 7825 7791 7846
f 7702 7757 7736
f 7736 7681 7702
f 7673 7707 7652
f 7563 7474 7529
f 7495 7584 7529
f 7474 7440 7529
f 7529 7440 7495
f 7550 7584 7495
f 7783 7762 7728
f 7694 7749 7728
f 7728 7749 7783
f 7728 7673 7694
f 7728 7762 7707
f 7707 7673 7728
f 7804 7859 7838
f 7825 7859 7804
f 7838 7783 7804
f 7783 7749 7804
f 7560 7594 7505
f 7560 7526 7615
f 7560 7615 7649
f 7649 7594 7560
f 7560 7505 7471
f 7471 7526 7560
f 7641 7662 7696
f 7730 7675 7696
f 7675 7641 7696
f 7696 7751 7730
f 7696 7717 7751
f 7662 7717 7696
f 5579 5490 5634
f 5634 5723 5579
f 5579 5435 5490
f 5579 5524 5435
f 3351 3207 3262
f 3262 3406 3351
f 3351 3406 3495
f 3296 3207 3351
f 7388 7422 7333
f 7333 7244 7299
f 7299 7388 7333
f 7710 7655 7676
f 7710 7765 7744
f 7710 7731 7765
f 7676 7731 7710
f 7744 7778 7723
f 7723 7778 7757
f 7757 7702 7723
f 7723 7702 7668
f 7600 7655 7689
f 7689 7723 7668
f 7744 7723 7689
f 7689 7710 7744
f 7655 7710 7689
f 7587 7553 7642
f 7642 7676 7587
f 7676 7621 7587
f 7498 7553 7587
f 7341 7430 7375
f 7430 7464 7375
f 7375 7464 7409
f 7409 7320 7375
f 7590 7645 7679
f 7645 7700 7679
f 7781 7836 7815
f 7781 7815 7760
f 7370 7404 7315
f 7315 7260 7226
f 7315 7281 7370
f 7226 7281 7315
f 7239 7150 7205
f 7205 7294 7239
f 7260 7294 7205
f 7205 7150 7116
f 7116 7171 7205
f 7205 7171 7260
f 7349 7438 7383
f 7383 7294 7349
f 7349 7404 7438
f 7349 7294 7260
f 7260 7315 7349
f 7349 7315 7404
f 7006 7061 7095
f 7006 7040 6951
f 7095 7040 7006
f 6917 7061 7006
f 7006 6862 6917
f 7006 6951 6862
f 6946 6802 6857
f 6946 6891 6802
f 6857 7001 6946
f 7378 7412 7323
f 7446 7412 7501
f 7501 7535 7446
f 7590 7535 7501
f 7501 7556 7590
f 7577 7611 7522
f 7522 7611 7556
f 7221 7132 7187
f 7187 7276 7221
f 7166 7132 7221
f 7221 7276 7310
f 7221 7255 7166
f 7310 7255 7221
f 7331 7242 7297
f 7331 7276 7242
f 7344 7255 7310
f 7433 7378 7344
f 7564 7598 7509
f 7103 7158 7192
f 7158 7247 7192
f 7192 7137 7103
f 7192 7247 7281
f 7192 7281 7226
f 7226 7137 7192
f 7336 7247 7302
f 7302 7391 7336
f 7281 7247 7336
f 7336 7391 7425
f 7336 7425 7370
f 7370 7281 7336
f 7106 7072 7161
f 7161 7195 7106
f 7072 7127 7161
f 7161 7127 7216
f 7271 7216 7182
f 7182 7237 7271
f 7271 7237 7326
f 7428 7373 7339
f 6844 6700 6755
f 6844 6755 6899
f 6844 6988 6933
f 6899 6988 6844
f 6776 6632 6687
f 6598 6742 6687
f 6687 6831 6776
f 6742 6831 6687
f 6420 6331 6475
f 6530 6619 6475
f 6420 6475 6564
f 6564 6475 6619
f 6564 6619 6708
f 6708 6653 6564
f 5823 5878 5967
f 5823 5734 5878
f 5679 5734 5823
f 5823 5768 5679
f 5480 5336 5391
f 5391 5535 5480
f 5624 5535 5679
f 5679 5768 5624
f 5624 5480 5535
f 6598 6454 6509
f 6420 6564 6509
f 6509 6653 6598
f 6509 6564 6653
f 6543 6454 6598
f 6598 6687 6543
f 6543 6687 6632
f 6543 6632 6488
f 6488 6399 6543
f 6399 6454 6543
f 6276 6420 6365
f 6365 6221 6276
f 6420 6509 6365
f 6365 6509 6454
f 5891 5747 5802
f 5891 6035 5980
f 5980 5836 5891
f 5836 5747 5891
f 5891 5946 6035
f 5802 5946 5891
f 6765 6676 6820
f 6765 6820 6909
f 6909 6854 6765
f 6765 6854 6710
f 6710 6621 6765
f 6621 6676 6765
f 6443 6587 6532
f 6443 6532 6388
f 6443 6388 6299
f 6299 6354 6443
f 7889 7834 7855
f 7855 7876 7889
f 7855 7821 7876
f 7834 7800 7855
f 7855 7800 7821
f 7787 7753 7808
f 7787 7808 7842
f 7842 7821 7787
f 7732 7753 7787
f 7766 7732 7787
f 7787 7821 7766
f 7572 7661 7606
f 7606 7517 7572
f 7606 7551 7517
f 7640 7551 7606
f 7627 7661 7572
f 7572 7538 7627
f 7627 7538 7593
f 7729 7674 7695
f 7674 7640 7695
f 7695 7750 7729
f 7640 7606 7695
f 7695 7606 7661
f 7716 7750 7695
f 7695 7661 7716
f 7993 7988 7996
f 7999 7998 7996
f 7996 7998 7993
f 7996 7991 7999
f 7996 7983 7991
f 7996 7988 7983
f 7975 7967 7954
f 7975 7988 7967
f 7975 7954 7962
f 7962 7983 7975
f 7983 7988 7975
f 6915 6771 6826
f 6737 6881 6826
f 6826 6970 6915
f 6881 6970 6826
f 6682 6593 6737
f 6737 6826 6682
f 6682 6826 6771
f 6682 6771 6627
f 6915 6970 7059
f 7292 7258 7347
f 7292 7347 7381
f 7381 7326 7292
f 7326 7237 7292
f 7135 7224 7169
f 7169 7080 7135
f 7114 7080 7169
f 7224 7258 7169
f 6936 6991 7025
f 6991 7080 7025
f 7025 6881 6936
f 7025 6970 6881
f 7025 7080 7114
f 7114 7059 7025
f 7025 7059 6970
f 6957 7046 6902
f 6813 6868 6957
f 6957 6902 6813
f 6957 6868 7012
f 7012 7046 6957
f 6627 6483 6538
f 6449 6593 6538
f 6538 6394 6449
f 6538 6483 6394
f 6538 6682 6627
f 6593 6682 6538
f 6661 6517 6572
f 6572 6483 6627
f 6428 6483 6572
f 6572 6517 6428
f 6627 6716 6572
f 6572 6716 6661
f 7093 7127 7038
f 7072 6983 7038
f 7038 7127 7072
f 7038 6894 6949
f 6983 6894 7038
f 7449 7415 7504
f 7504 7538 7449
f 7449 7538 7483
f 6372 6461 6317
f 6317 6228 6372
f 6249 6105 6160
f 6160 6304 6249
f 6304 6393 6249
f 6249 6393 6338
f 6503 6359 6414
f 6414 6558 6503
f 6647 6592 6503
f 6503 6558 6647
f 4766 4821 4910
f 4910 4855 4766
f 4999 4855 4910
f 5054 4999 4910
f 4910 4965 5054
f 4910 4821 4965
f 4038 4182 4127
f 4182 4271 4127
f 4271 4216 4127
f 4127 3983 4038
f 4072 3983 4127
f 4127 4216 4072
f 2022 1933 2077
f 2077 2166 2022
f 2221 2166 2077
f 2077 2132 2221
f 3826 3915 3771
f 3771 3682 3826
f 3826 3970 3915
f 3881 3970 3826
f 3593 3682 3538
f 3538 3449 3593
f 3059 2915 2970
f 3203 3148 3059
f 3059 3148 3004
f 3004 2915 3059
f 3114 3203 3059
f 3059 2970 3114
f 152 186 131
f 889 978 923
f 923 834 889
f 923 978 1012
f 1012 957 923
f 800 711 766
f 677 732 766
f 766 711 677
f 879 824 790
f 879 845 934
f 879 790 845
f 934 968 879
f 968 913 879
f 913 824 879
f 34 68 47
f 55 68 34
f 34 42 55
f 21 42 34
f 5 8 13
f 8 21 13
f 18 5 13
f 21 34 13
f 170 115 136
f 136 115 102
f 136 191 170
f 157 191 136
f 123 157 136
f 136 102 123
f 65 78 44
f 65 44 52
f 52 86 65
f 65 86 99
f 99 78 65
f 91 78 112
f 91 112 125
f 70 57 91
f 57 78 91
f 104 70 91
f 91 125 104
f 44 23 31
f 52 44 31
f 31 10 18
f 31 23 10
f 31 39 52
f 18 39 31
f 1046 1190 1135
f 1224 1080 1135
f 1135 1080 991
f 991 1046 1135
f 1368 1224 1279
f 1279 1423 1368
f 1224 1135 1279
f 1279 1135 1190
f 1410 1355 1266
f 1266 1321 1410
f 1266 1355 1211
f 1211 1122 1266
f 509 475 564
f 543 454 509
f 420 475 509
f 509 454 420
f 509 564 598
f 598 543 509
f 2608 2697 2553
f 2553 2464 2608
f 2608 2752 2697
f 2663 2752 2608
f 2044 2133 1989
f 1989 1900 2044
f 2044 1900 1955
f 2188 2133 2044
f 1955 2099 2044
f 2044 2099 2188
f 1269 1358 1214
f 1269 1125 1180
f 1214 1125 1269
f 1180 1324 1269
f 1269 1324 1413
f 1413 1358 1269
f 3121 3066 2977
f 3032 3121 2977
f 2977 2888 3032
f 2833 2888 2977
f 2977 2922 2833
f 2977 3066 2922
f 330 309 275
f 296 330 275
f 275 241 296
f 220 241 275
f 275 254 220
f 309 254 275
f 296 241 262
f 262 317 296
f 283 317 262
f 2139 2283 2228
f 2228 2084 2139
f 2173 2084 2228
f 2228 2317 2173
f 2550 2406 2461
f 2406 2317 2461
f 2605 2550 2461
f 2461 2516 2605
f 2440 2495 2584
f 2673 2529 2584
f 2584 2529 2440
f 2584 2728 2673
f 2639 2495 2550
f 2639 2783 2728
f 2728 2584 2639
f 2639 2584 2495
f 2550 2694 2639
f 2694 2783 2639
f 1440 1529 1385
f 1440 1385 1296
f 1296 1351 1440
f 1351 1495 1440
f 1584 1639 1728
f 1584 1495 1639
f 1584 1440 1495
f 1529 1440 1584
f 634 689 723
f 634 723 668
f 668 579 634
f 634 579 545
f 545 600 634
f 600 689 634
f 1058 969 1113
f 1058 1113 1202
f 1202 1147 1058
f 1058 1147 1003
f 1003 969 1058
f 961 927 1016
f 93 59 80
f 46 67 80
f 80 59 46
f 127 93 114
f 93 80 114
f 2157 2301 2246
f 2013 2068 2157
f 2068 2212 2157
f 2212 2301 2157
f 2157 2102 2013
f 2157 2246 2102
f 1704 1560 1615
f 1560 1471 1615
f 1670 1759 1615
f 1615 1759 1704
f 1526 1471 1382
f 1382 1437 1526
f 1526 1615 1471
f 1526 1437 1581
f 1526 1581 1670
f 1670 1615 1526
f 4851 4796 4707
f 4618 4762 4707
f 4762 4851 4707
f 4707 4563 4618
f 4707 4796 4652
f 4652 4563 4707
f 5228 5084 5139
f 5228 5372 5317
f 5228 5283 5372
f 5228 5139 5283
f 5317 5262 5173
f 5173 5228 5317
f 5084 5228 5173
f 5029 5084 5173
f 5173 5262 5118
f 5118 5029 5173
f 4872 4817 4728
f 4728 4783 4872
f 4639 4783 4728
f 4728 4584 4639
f 4728 4817 4673
f 4673 4584 4728
f 4440 4385 4296
f 4296 4351 4440
f 4296 4241 4152
f 4296 4385 4241
f 4406 4351 4262
f 4173 4317 4262
f 4317 4406 4262
f 4118 4173 4262
f 5440 5495 5584
f 5673 5529 5584
f 5584 5529 5440
f 5584 5728 5673
f 5639 5495 5550
f 5783 5728 5639
f 5728 5584 5639
f 5639 5584 5495
f 5639 5694 5783
f 5639 5550 5694
f 3969 3825 3880
f 4024 4113 3969
f 3969 3880 4024
f 3914 3825 3969
f 4092 4181 4037
f 4037 3948 4092
f 4291 4380 4236
f 4236 4147 4291
f 4380 4325 4236
f 4236 4092 4147
f 4236 4325 4181
f 4181 4092 4236
f 7085 7140 7174
f 7085 7119 7030
f 7085 7174 7119
f 7030 6996 7085
f 6996 7051 7085
f 7051 7140 7085
f 6195 6051 6106
f 6140 6051 6195
f 6263 6407 6352
f 6263 6208 6119
f 6352 6208 6263
f 6085 5996 6140
f 6030 5941 6085
f 5941 5996 6085
f 2485 2430 2341
f 2252 2396 2341
f 2396 2485 2341
f 2341 2197 2252
f 2286 2430 2375
f 2142 2197 2286
f 2197 2341 2286
f 2286 2341 2430
f 2286 2231 2142
f 2286 2375 2231
f 2519 2574 2663
f 2519 2430 2574
f 2663 2608 2519
f 2375 2430 2519
f 2519 2464 2375
f 2519 2608 2464
f 5247 5103 5158
f 5391 5336 5247
f 5247 5336 5192
f 5192 5103 5247
f 5247 5158 5302
f 5302 5391 5247
f 5459 5370 5514
f 4836 4980 4925
f 4836 4692 4747
f 4925 4781 4836
f 4836 4781 4692
f 5035 4980 4891
f 4891 4802 4946
f 4946 5035 4891
f 4891 4747 4802
f 4891 4836 4747
f 4980 4836 4891
f 2459 2404 2315
f 2226 2370 2315
f 2315 2370 2459
f 2315 2171 2226
f 2315 2260 2171
f 2315 2404 2260
f 3370 3226 3281
f 3226 3137 3281
f 3425 3370 3281
f 3281 3336 3425
f 4030 3886 3941
f 4174 4119 4030
f 4030 4119 3975
f 3975 3886 4030
f 4030 4085 4174
f 3941 4085 4030
f 2255 2344 2200
f 2200 2111 2255
f 2056 2111 2200
f 2200 2145 2056
f 2234 2145 2289
f 2289 2378 2234
f 2145 2200 2289
f 2289 2200 2344
f 2611 2467 2522
f 2467 2378 2522
f 2522 2666 2611
f 2577 2666 2522
f 3420 3276 3331
f 3420 3564 3509
f 3331 3475 3420
f 3420 3475 3564
f 3221 3276 3365
f 3454 3310 3365
f 3365 3310 3221
f 3509 3454 3365
f 3365 3420 3509
f 3276 3420 3365
f 3064 3153 3009
f 3064 2975 3119
f 7450 7484 7395
f 7395 7361 7450
f 7306 7217 7272
f 7272 7361 7306
f 7251 7217 7306
f 7361 7395 7306
f 7340 7251 7306
f 7306 7395 7340
f 7492 7526 7437
f 7492 7458 7547
f 7492 7437 7403
f 7403 7458 7492
f 7615 7526 7581
f 7636 7670 7581
f 7581 7670 7615
f 7581 7547 7636
f 7581 7492 7547
f 7526 7492 7581
f 5826 5771 5682
f 5682 5771 5627
f 5648 5593 5504
f 5415 5559 5504
f 5504 5559 5648
f 5504 5360 5415
f 5868 6012 5957
f 5957 6012 6101
f 5758 5669 5813
f 5813 5902 5758
f 5813 5669 5724
f 5813 5957 5902
f 5813 5724 5868
f 5868 5957 5813
f 5703 5758 5847
f 5758 5902 5847
f 5737 5881 5826
f 5737 5593 5648
f 5826 5682 5737
f 5737 5682 5593
f 6347 6203 6258
f 6258 6402 6347
f 6258 6313 6402
f 6059 6203 6148
f 6148 6004 6059
f 6059 6004 5915
f 6837 6693 6748
f 6748 6659 6803
f 6604 6659 6748
f 6748 6693 6604
f 6892 6837 6748
f 6748 6803 6892
f 5382 5437 5526
f 5382 5293 5437
f 5526 5471 5382
f 5238 5293 5382
f 5471 5327 5382
f 5327 5238 5382
f 5149 5293 5238
f 5149 5005 5060
f 5060 5204 5149
f 5204 5293 5149
f 5149 5238 5094
f 5094 5005 5149
f 7202 7236 7147
f 7147 7092 7058
f 7147 7181 7092
f 7147 7236 7181
f 7113 7202 7147
f 7147 7058 7113
f 7566 7600 7511
f 7511 7477 7566
f 7511 7422 7477
f 7511 7456 7422
f 7422 7456 7367
f 7367 7333 7422
f 7435 7346 7401
f 7401 7490 7435
f 7456 7490 7401
f 7401 7346 7312
f 7312 7367 7401
f 7401 7367 7456
f 6749 6838 6694
f 6749 6694 6605
f 6605 6660 6749
f 6749 6660 6804
f 6804 6893 6749
f 6893 6838 6749
f 6914 6969 7058
f 7058 7003 6914
f 6825 6969 6914
f 6914 7003 6859
f 6914 6770 6825
f 6859 6770 6914
f 6715 6859 6804
f 6715 6770 6859
f 6804 6660 6715
f 5780 5725 5636
f 5780 5869 5725
f 5780 5636 5691
f 5924 5869 5780
f 5780 5835 5924
f 5691 5835 5780
f 6369 6280 6424
f 6369 6513 6458
f 6369 6424 6513
f 6458 6314 6369
f 6225 6170 6081
f 6225 6314 6170
f 6225 6369 6314
f 6280 6369 6225
f 6264 6175 6319
f 6264 6319 6408
f 6408 6353 6264
f 6353 6209 6264
f 6209 6120 6264
f 6120 6175 6264
f 5764 5675 5819
f 5709 5620 5764
f 5764 5620 5675
f 6086 6031 5942
f 5942 5997 6086
f 5887 5798 5942
f 5942 6031 5887
f 6052 5997 5908
f 5908 5819 5963
f 5963 6052 5908
f 5908 5764 5819
f 5929 6018 5874
f 5874 5785 5929
f 5874 6018 5963
f 5730 5785 5874
f 5963 5819 5874
f 5819 5730 5874
f 4602 4657 4746
f 4602 4513 4657
f 4602 4746 4691
f 4458 4513 4602
f 4691 4547 4602
f 4547 4458 4602
f 4280 4424 4369
f 4424 4513 4369
f 4369 4513 4458
f 4225 4280 4369
f 4369 4314 4225
f 4369 4458 4314
f 7880 7867 7901
f 7880 7846 7867
f 7880 7901 7914
f 7880 7859 7825
f 7825 7846 7880
f 7914 7893 7880
f 7893 7859 7880
f 7537 7503 7592
f 7660 7681 7715
f 7694 7660 7715
f 7715 7749 7694
f 7715 7681 7736
f 7579 7613 7524
f 7524 7490 7579
f 7435 7490 7524
f 7694 7673 7639
f 7639 7673 7584
f 7584 7550 7639
f 7584 7673 7618
f 7563 7529 7618
f 7618 7529 7584
f 7618 7652 7563
f 7618 7673 7652
f 7406 7351 7317
f 7406 7440 7351
f 7495 7440 7406
f 7304 7338 7249
f 7249 7215 7304
f 7304 7215 7270
f 7270 7359 7304
f 7325 7359 7270
f 7270 7236 7325
f 7325 7236 7291
f 7291 7380 7325
f 7414 7325 7380
f 7359 7325 7414
f 7448 7503 7537
f 7448 7414 7503
f 7359 7414 7448
f 7770 7791 7825
f 7825 7804 7770
f 7736 7791 7770
f 7770 7715 7736
f 7770 7804 7749
f 7749 7715 7770
f 7772 7793 7827
f 7827 7806 7772
f 7772 7806 7751
f 7751 7717 7772
f 7683 7662 7628
f 7683 7717 7662
f 7683 7594 7649
f 7628 7594 7683
f 7649 7704 7683
f 5668 5723 5812
f 5668 5579 5723
f 5668 5812 5757
f 5524 5579 5668
f 5668 5613 5524
f 5757 5613 5668
f 3296 3351 3440
f 3529 3385 3440
f 3440 3385 3296
f 3584 3529 3440
f 3495 3584 3440
f 3440 3351 3495
f 7600 7689 7634
f 7634 7668 7579
f 7634 7689 7668
f 7498 7587 7532
f 7477 7443 7532
f 7532 7443 7498
f 7566 7477 7532
f 7532 7621 7566
f 7532 7587 7621
f 7341 7375 7286
f 7197 7252 7286
f 7286 7252 7341
f 7286 7375 7320
f 7810 7844 7789
f 7789 7755 7810
f 7857 7836 7802
f 7747 7768 7802
f 7836 7781 7802
f 7802 7781 7747
f 7713 7768 7747
f 7713 7658 7679
f 7747 7692 7713
f 7713 7692 7658
f 7734 7679 7700
f 7734 7789 7768
f 7768 7713 7734
f 7734 7713 7679
f 7700 7755 7734
f 7755 7789 7734
f 7624 7658 7569
f 7679 7658 7624
f 7590 7679 7624
f 7624 7535 7590
f 7624 7569 7535
f 7671 7582 7637
f 7637 7692 7671
f 7637 7582 7548
f 7726 7692 7747
f 7747 7781 7726
f 7726 7781 7760
f 7671 7692 7726
f 7726 7705 7671
f 7760 7705 7726
f 7001 7090 7035
f 7035 6946 7001
f 7035 7090 7124
f 6980 6891 7035
f 6891 6946 7035
f 7124 7069 7035
f 7069 6980 7035
f 7467 7501 7412
f 7433 7522 7467
f 7556 7501 7467
f 7467 7522 7556
f 7467 7378 7433
f 7412 7378 7467
f 7488 7522 7433
f 7577 7522 7488
f 7386 7331 7297
f 7297 7352 7386
f 7386 7352 7441
f 7310 7276 7365
f 7276 7331 7365
f 7399 7344 7310
f 7310 7365 7399
f 7399 7365 7454
f 7433 7344 7399
f 7399 7488 7433
f 7454 7488 7399
f 7200 7255 7289
f 7255 7344 7289
f 7289 7234 7200
f 7289 7344 7378
f 7323 7234 7289
f 7289 7378 7323
f 7250 7161 7216
f 7195 7161 7250
f 7284 7339 7373
f 7318 7229 7284
f 7284 7373 7318
f 7229 7195 7284
f 7195 7250 7284
f 7284 7250 7339
f 6700 6844 6789
f 6878 6734 6789
f 6933 6878 6789
f 6789 6844 6933
f 6789 6734 6645
f 6645 6700 6789
f 6386 6475 6331
f 6386 6242 6297
f 6386 6331 6242
f 6297 6441 6386
f 6386 6441 6530
f 6530 6475 6386
f 5768 5823 5912
f 5857 5768 5912
f 5912 6001 5857
f 6056 6001 5912
f 5912 5967 6056
f 5912 5823 5967
f 5713 5768 5857
f 5713 5624 5768
f 5857 5802 5713
f 5713 5802 5658
f 6310 6454 6399
f 6310 6365 6454
f 6221 6365 6310
f 6310 6399 6255
f 6310 6255 6166
f 6166 6221 6310
f 6587 6443 6498
f 6498 6409 6553
f 6498 6354 6409
f 6498 6443 6354
f 6553 6642 6498
f 6642 6587 6498
f 7682 7593 7648
f 7682 7627 7593
f 7737 7716 7682
f 7716 7661 7682
f 7661 7627 7682
f 7682 7703 7737
f 7648 7703 7682
f 7004 7059 7093
f 7004 7038 6949
f 7093 7038 7004
f 6915 7059 7004
f 6949 6860 7004
f 7004 6860 6915
f 7258 7292 7203
f 7114 7169 7203
f 7203 7169 7258
f 7203 7292 7237
f 7415 7449 7360
f 7326 7415 7360
f 7360 7271 7326
f 6605 6461 6516
f 6461 6372 6516
f 6516 6660 6605
f 6283 6228 6139
f 6283 6372 6228
f 6359 6503 6448
f 6537 6393 6448
f 6448 6592 6537
f 6448 6503 6592
f 6304 6359 6448
f 6448 6393 6304
f 1988 1933 1844
f 1988 2077 1933
f 1844 1899 1988
f 2132 2077 1988
f 1988 1899 2043
f 2043 2132 1988
f 3737 3826 3682
f 3682 3593 3737
f 3737 3593 3648
f 3881 3826 3737
f 3737 3792 3881
f 3737 3648 3792
f 3504 3449 3360
f 3504 3593 3449
f 3504 3360 3415
f 3648 3593 3504
f 3415 3559 3504
f 3559 3648 3504
f 118 131 97
f 118 152 131
f 97 84 118
f 118 84 105
f 207 241 186
f 186 152 207
f 207 262 241
f 868 923 957
f 902 813 868
f 868 957 902
f 813 779 868
f 779 834 868
f 834 923 868
f 800 766 855
f 910 944 855
f 855 944 889
f 889 800 855
f 876 910 821
f 821 766 732
f 910 855 821
f 821 855 766
f 821 787 876
f 732 787 821
f 26 34 47
f 26 13 34
f 47 39 26
f 26 39 18
f 18 13 26
f 1423 1279 1334
f 1334 1245 1389
f 1334 1190 1245
f 1334 1279 1190
f 1478 1423 1334
f 1334 1389 1478
f 1177 1266 1122
f 1177 1033 1088
f 1122 1033 1177
f 1088 1232 1177
f 1232 1321 1177
f 1321 1266 1177
f 2516 2461 2372
f 2372 2283 2427
f 2427 2516 2372
f 2372 2228 2283
f 2317 2228 2372
f 2372 2461 2317
f 1673 1584 1728
f 1728 1817 1673
f 1817 1762 1673
f 1673 1762 1618
f 1618 1529 1673
f 1529 1584 1673
f 1071 1016 927
f 1160 1016 1071
f 1215 1160 1071
f 1194 1050 1105
f 1105 1016 1160
f 1105 1050 961
f 961 1016 1105
f 1249 1194 1105
f 1105 1160 1249
f 182 127 148
f 127 114 148
f 148 114 169
f 203 182 148
f 148 169 203
f 169 114 135
f 135 156 190
f 190 169 135
f 122 156 135
f 4351 4296 4207
f 4118 4262 4207
f 4207 4262 4351
f 4207 4063 4118
f 4152 4063 4207
f 4207 4296 4152
f 3914 3969 4058
f 4202 4147 4058
f 4113 4202 4058
f 4058 3969 4113
f 4147 4092 4003
f 3914 4058 4003
f 4003 4058 4147
f 3859 3914 4003
f 4003 3948 3859
f 4003 4092 3948
f 6339 6195 6250
f 6161 6305 6250
f 6250 6106 6161
f 6250 6195 6106
f 6394 6339 6250
f 6250 6305 6394
f 6284 6195 6339
f 6284 6339 6428
f 6428 6373 6284
f 6140 6195 6284
f 6407 6263 6318
f 6462 6407 6318
f 6318 6373 6462
f 5747 5692 5603
f 5658 5747 5603
f 5603 5514 5658
f 5459 5514 5603
f 5603 5548 5459
f 5603 5692 5548
f 5336 5480 5425
f 5425 5281 5336
f 5425 5370 5281
f 5425 5514 5370
f 3048 3103 3192
f 3192 3137 3048
f 3192 3281 3137
f 3336 3281 3192
f 3247 3336 3192
f 3192 3103 3247
f 2378 2289 2433
f 2433 2522 2378
f 2433 2289 2344
f 2577 2522 2433
f 2433 2488 2577
f 2344 2488 2433
f 2920 3064 3009
f 2776 2831 2920
f 2920 2831 2975
f 2975 3064 2920
f 2920 2865 2776
f 2920 3009 2865
f 3208 3064 3119
f 3352 3297 3208
f 3297 3153 3208
f 3153 3064 3208
f 3208 3263 3352
f 3119 3263 3208
f 7340 7395 7429
f 7429 7395 7484
f 7374 7340 7429
f 7429 7463 7374
f 7429 7518 7463
f 7429 7484 7518
f 5538 5682 5627
f 5538 5627 5483
f 5483 5394 5538
f 5593 5682 5538
f 6046 5957 6101
f 5902 5957 6046
f 6025 5881 5936
f 6368 6423 6512
f 6512 6457 6368
f 6457 6313 6368
f 6313 6224 6368
f 6169 6224 6313
f 6313 6258 6169
f 6203 6059 6114
f 6114 6258 6203
f 6025 6169 6114
f 6114 6169 6258
f 7579 7490 7545
f 7545 7634 7579
f 7600 7634 7545
f 7545 7511 7600
f 7456 7511 7545
f 7545 7490 7456
f 7333 7367 7278
f 7278 7223 7189
f 7312 7223 7278
f 7278 7367 7312
f 7189 7244 7278
f 7244 7333 7278
f 6681 6770 6626
f 6770 6715 6626
f 6537 6681 6626
f 6081 5992 6136
f 6136 6225 6081
f 6136 5992 6047
f 6047 6191 6136
f 6191 6280 6136
f 6280 6225 6136
f 5997 5942 5853
f 5853 5908 5997
f 5764 5908 5853
f 5709 5764 5853
f 5853 5798 5709
f 5853 5942 5798
f 7558 7592 7503
f 7558 7524 7613
f 7647 7702 7681
f 7681 7592 7647
f 7613 7668 7647
f 7668 7702 7647
f 7647 7558 7613
f 7592 7558 7647
f 7605 7639 7550
f 7605 7571 7660
f 7605 7660 7694
f 7694 7639 7605
f 7372 7406 7317
f 7372 7317 7283
f 7283 7338 7372
f 7338 7427 7372
f 7461 7372 7427
f 7406 7372 7461
f 7461 7550 7495
f 7495 7406 7461
f 7503 7414 7469
f 7469 7558 7503
f 7524 7558 7469
f 7435 7524 7469
f 7469 7380 7435
f 7469 7414 7380
f 7393 7427 7338
f 7338 7304 7393
f 7393 7304 7359
f 7359 7448 7393
f 7537 7571 7482
f 7482 7448 7537
f 7427 7393 7482
f 7482 7393 7448
f 7537 7592 7626
f 7626 7571 7537
f 7626 7592 7681
f 7626 7681 7660
f 7660 7571 7626
f 7738 7683 7704
f 7793 7772 7738
f 7738 7772 7717
f 7717 7683 7738
f 7738 7704 7759
f 7759 7793 7738
f 7231 7286 7320
f 7231 7265 7176
f 7231 7320 7265
f 7231 7176 7142
f 7142 7197 7231
f 7197 7286 7231
f 7768 7789 7823
f 7823 7802 7768
f 7857 7802 7823
f 7823 7789 7844
f 7823 7878 7857
f 7844 7878 7823
f 7603 7637 7548
f 7569 7658 7603
f 7658 7692 7603
f 7692 7637 7603
f 7548 7514 7603
f 7514 7569 7603
f 7577 7488 7543
f 7632 7577 7543
f 7543 7598 7632
f 7543 7509 7598
f 7454 7509 7543
f 7543 7488 7454
f 7420 7509 7454
f 7454 7365 7420
f 7331 7386 7420
f 7420 7365 7331
f 7148 7203 7237
f 7182 7093 7148
f 7148 7237 7182
f 7093 7059 7148
f 7148 7059 7114
f 7114 7203 7148
f 7394 7360 7449
f 7428 7339 7394
f 7394 7483 7428
f 7394 7449 7483
f 6427 6516 6372
f 6427 6283 6338
f 6372 6283 6427
f 6194 6249 6338
f 6338 6283 6194
f 6105 6249 6194
f 6050 6105 6194
f 6194 6139 6050
f 6194 6283 6139
f 139 105 160
f 139 118 105
f 262 207 228
f 249 283 228
f 283 262 228
f 982 1071 927
f 927 893 982
f 982 948 1037
f 982 893 948
f 1215 1071 1126
f 1037 1181 1126
f 1126 982 1037
f 1071 982 1126
f 1270 1215 1126
f 1126 1181 1270
f 101 114 80
f 101 135 114
f 122 135 101
f 101 80 67
f 101 88 122
f 67 88 101
f 6174 6318 6263
f 6030 6085 6174
f 6174 6119 6030
f 6174 6263 6119
f 6229 6284 6373
f 6373 6318 6229
f 6140 6284 6229
f 6318 6174 6229
f 6229 6085 6140
f 6229 6174 6085
f 5569 5425 5480
f 5569 5713 5658
f 5658 5514 5569
f 5514 5425 5569
f 5480 5624 5569
f 5624 5713 5569
f 5593 5538 5449
f 5360 5504 5449
f 5449 5504 5593
f 5305 5360 5449
f 5449 5394 5305
f 5449 5538 5394
f 6190 6046 6101
f 6190 6101 6245
f 6245 6334 6190
f 5792 5936 5881
f 5792 5648 5703
f 5703 5847 5792
f 5847 5936 5792
f 5792 5737 5648
f 5881 5737 5792
f 5991 5847 5902
f 5991 5936 5847
f 5902 6046 5991
f 5970 6114 6059
f 5826 5881 5970
f 5970 5881 6025
f 6025 6114 5970
f 5970 5915 5826
f 5970 6059 5915
f 6660 6516 6571
f 6571 6715 6660
f 6571 6626 6715
f 6516 6427 6571
f 7516 7482 7571
f 7550 7461 7516
f 7516 7461 7427
f 7427 7482 7516
f 7516 7605 7550
f 7571 7605 7516
f 7509 7420 7475
f 7475 7530 7564
f 7564 7509 7475
f 7441 7530 7475
f 7475 7386 7441
f 7475 7420 7386
f 7360 7394 7305
f 7305 7250 7216
f 7339 7250 7305
f 7305 7394 7339
f 7216 7271 7305
f 7271 7360 7305
f 173 207 152
f 152 118 173
f 118 139 173
f 173 228 207
f 6279 6368 6224
f 6279 6190 6334
f 6334 6423 6279
f 6423 6368 6279
f 6135 5991 6046
f 6046 6190 6135
f 6135 6279 6224
f 6190 6279 6135
f 5936 5991 6080
f 6025 5936 6080
f 6080 6169 6025
f 6224 6169 6080
f 6080 6135 6224
f 5991 6135 6080
f 6537 6626 6482
f 6626 6571 6482
f 6482 6393 6537
f 6482 6571 6427
f 6338 6393 6482
f 6482 6427 6338
f 228 173 194
f 160 215 194
f 194 139 160
f 194 173 139
f 194 215 249
f 249 228 194
