# Sloan beta-Gomboc, form 1, beta 0.06; cm; COM at origin; principal axes
v -2.99883 -0.06419 -3.15843
v -2.89715 0.05269 -3.24261
v -3.09258 0.04312 -3.07837
v -2.90363 -0.15539 -3.23140
v -2.94790 0.20258 -3.19934
v -3.11634 -0.13539 -3.05073
v -2.78602 -0.02671 -3.32743
v -3.11260 0.20084 -3.05822
v -2.97463 -0.28334 -3.16056
v -2.81734 0.21657 -3.30370
v -3.21433 -0.02115 -2.96299
v -2.77157 -0.20523 -3.32762
v -3.01688 0.34074 -3.13664
v -3.11723 -0.29784 -3.03140
v -2.69624 0.08840 -3.39593
v -3.23054 0.18446 -2.94801
v -2.86357 -0.37242 -3.23688
v -2.84920 0.37293 -3.27372
v -3.25687 -0.17004 -2.90896
v -2.65318 -0.13616 -3.41790
v -3.13603 0.38740 -3.02847
v -3.03612 -0.43752 -3.08017
v -2.67696 0.25670 -3.40965
v -3.32215 0.07063 -2.85429
v -2.72410 -0.37193 -3.34135
v -2.94855 0.49156 -3.18592
v -3.22812 -0.34788 -2.91199
v -2.57315 0.01294 -3.48165
v -3.26716 0.34301 -2.90479
v -2.90069 -0.52198 -3.17696
v -2.72715 0.43411 -3.36655
v -3.36330 -0.10924 -2.79829
v -2.58969 -0.28311 -3.44753
v -3.09075 0.54254 -3.05786
v -3.13178 -0.51220 -2.97181
v -2.55075 0.21154 -3.50118
v -3.37814 0.21162 -2.79208
v -2.73758 -0.52816 -3.30204
v -2.84019 0.58145 -3.26872
v -3.33873 -0.32031 -2.79496
v -2.48880 -0.11638 -3.53165
v -3.24789 0.50664 -2.91101
v -2.98070 -0.62648 -3.08067
v -2.59606 0.42472 -3.46508
v -3.44177 0.01029 -2.71422
v -2.57553 -0.44586 -3.43292
v -3.00010 0.66477 -3.12644
v -3.24467 -0.52401 -2.85036
v -2.44373 0.10664 -3.57343
v -3.38972 0.37902 -2.77035
v -2.79626 -0.66330 -3.22329
v -2.70850 0.61476 -3.37027
v -3.43902 -0.23169 -2.68941
v -2.44271 -0.27861 -3.54611
v -3.18260 0.65960 -2.95808
v -3.08918 -0.68286 -2.96081
v -2.46841 0.35490 -3.55810
v -3.48763 0.17067 -2.66098
v -2.60533 -0.60735 -3.37888
v -2.87642 0.74545 -3.22316
v -3.36186 -0.47715 -2.72742
v -2.36346 -0.04311 -3.61963
v -3.35809 0.55508 -2.78795
v -2.89067 -0.76584 -3.11372
v -2.56657 0.59122 -3.47872
v -3.51916 -0.09288 -2.60411
v -2.43651 -0.45690 -3.52376
v -3.07818 0.78746 -3.03960
v -3.21435 -0.68692 -2.82812
v -2.35530 0.23258 -3.63563
v -3.49617 0.35646 -2.64264
v -2.67478 -0.75254 -3.28958
v -2.73066 0.77697 -3.33790
v -3.47175 -0.37553 -2.61344
v -2.31642 -0.22393 -3.63417
v -3.28482 0.72354 -2.84316
v -3.01186 -0.82593 -2.98171
v -2.42641 0.51196 -3.58313
v -3.57059 0.08499 -2.54659
v -2.47066 -0.63562 -3.46456
v -2.94212 0.87777 -3.14847
v -3.34492 -0.63641 -2.69290
v -2.26630 0.06698 -3.68912
v -3.46429 0.55230 -2.66165
v -2.77851 -0.86817 -3.17033
v -2.57390 0.75439 -3.46039
v -3.56378 -0.22508 -2.51787
v -2.30713 -0.42166 -3.61329
v -3.17331 0.86944 -2.93249
v -3.15029 -0.83627 -2.83620
v -2.29915 0.38088 -3.67336
v -3.58658 0.28940 -2.52266
v -2.54360 -0.80001 -3.37042
v -2.78319 0.92070 -3.27635
v -3.46990 -0.53191 -2.56522
v -2.20917 -0.13077 -3.71177
v -3.39125 0.74283 -2.71827
v -2.90964 -0.94317 -3.02782
v -2.41737 0.67611 -3.58022
v -3.62872 -0.03425 -2.44894
v -2.33780 -0.62173 -3.55546
v -3.02909 0.97951 -3.05045
v -3.29577 -0.79250 -2.68668
v -2.19475 0.20491 -3.74042
v -3.56257 0.50646 -2.53610
v -2.65165 -0.93658 -3.24523
v -2.61138 0.90949 -3.41380
v -3.57876 -0.37714 -2.45459
v -2.18952 -0.34785 -3.69883
v -3.27879 0.91310 -2.81042
v -3.05980 -0.96899 -2.87007
v -2.27207 0.54410 -3.68724
v -3.65896 0.18609 -2.41327
v -2.40820 -0.80969 -3.46144
v -2.85973 1.04279 -3.18969
v -3.43776 -0.69349 -2.54291
v -2.12162 -0.00626 -3.77683
v -3.49647 0.72137 -2.58832
v -2.78905 -1.03362 -3.09478
v -2.43745 0.84094 -3.55070
v -3.66191 -0.17891 -2.36963
v -2.21059 -0.57029 -3.64782
v -3.13120 1.04929 -2.93367
v -3.21949 -0.94002 -2.70608
v -2.14830 0.36381 -3.77207
v -3.64897 0.42298 -2.41551
v -2.51568 -0.97181 -3.33425
v -2.67448 1.05123 -3.34133
v -3.56577 -0.54147 -2.41449
v -2.08617 -0.24062 -3.77706
v -3.38888 0.91914 -2.67830
v -2.94824 -1.08170 -2.92649
v -2.27243 0.71551 -3.67679
v -3.71112 0.05307 -2.31759
v -2.27311 -0.78369 -3.55864
v -2.95514 1.13948 -3.08142
v -3.37849 -0.85383 -2.54544
v -2.05503 0.14388 -3.82659
v -3.59563 0.66206 -2.45808
v -2.65531 -1.09577 -3.17899
v -2.48384 1.00016 -3.49541
v -3.66988 -0.34195 -2.31040
v -2.09251 -0.48455 -3.73778
v -3.24302 1.08539 -2.80253
v -3.12022 -1.07411 -2.74901
v -2.12696 0.53740 -3.78223
v -3.72000 0.30667 -2.30395
v -2.37527 -0.97397 -3.43355
v -2.75929 1.17433 -3.24526
v -3.52628 -0.71135 -2.39788
v -1.99949 -0.10432 -3.84445
v -3.49839 0.88822 -2.54094
v -2.82017 -1.17125 -3.00259
v -2.29891 0.88865 -3.64148
v -3.74127 -0.10356 -2.23851
v -2.14227 -0.72356 -3.65805
v -3.06469 1.20722 -2.95514
v -3.29497 -1.00722 -2.57183
v -2.01070 0.31426 -3.85822
v -3.68437 0.56787 -2.33210
v -2.51290 -1.12812 -3.27704
v -2.55389 1.14772 -3.41538
v -3.65265 -0.51686 -2.27274
v -1.98671 -0.36744 -3.82143
v -3.35947 1.08653 -2.66150
v -3.00169 -1.19047 -2.81343
v -2.13075 0.71955 -3.76923
v -3.77269 0.16235 -2.20514
v -2.23452 -0.94312 -3.53934
v -2.86197 1.27394 -3.12822
v -3.46198 -0.88067 -2.40482
v -1.93172 0.05676 -3.89751
v -3.60258 0.82152 -2.40302
v -2.67968 -1.23489 -3.09555
v -2.35010 1.05717 -3.58116
v -3.74817 -0.27790 -2.17851
v -2.01928 -0.63085 -3.75565
v -3.18372 1.24307 -2.81472
v -3.19007 -1.14856 -2.62091
v -1.98972 0.49941 -3.86910
v -3.75891 0.44222 -2.21465
v -2.36584 -1.12946 -3.38548
v -2.64475 1.27789 -3.31217
v -3.61071 -0.69751 -2.25769
v -1.89608 -0.22203 -3.89486
v -3.47572 1.05217 -2.51514
v -2.86747 -1.28535 -2.89717
v -2.15940 0.90405 -3.73183
v -3.80473 -0.00493 -2.12235
v -2.09719 -0.87954 -3.64773
v -2.97851 1.34582 -2.99328
v -3.37478 -1.04388 -2.43502
v -1.88484 0.23808 -3.93290
v -3.69712 0.72095 -2.26910
v -2.53055 -1.27032 -3.20240
v -2.42422 1.21489 -3.49630
v -3.73119 -0.46410 -2.13953
v -1.90741 -0.50741 -3.84740
v -3.30761 1.24495 -2.66433
v -3.06670 -1.27337 -2.69122
v -1.99286 0.69361 -3.85706
v -3.81608 0.28907 -2.10960
v -2.21787 -1.09892 -3.50073
v -2.75327 1.38544 -3.18794
v -3.54504 -0.87815 -2.26582
v -1.82325 -0.05180 -3.95430
v -3.58719 0.98269 -2.36802
v -2.72096 -1.35556 -2.99785
v -2.21220 1.08466 -3.66942
v -3.81452 -0.18989 -2.05830
v -1.96676 -0.78388 -3.75472
v -3.10473 1.38649 -2.84402
v -3.26688 -1.19595 -2.48776
v -1.86047 0.43468 -3.94767
v -3.77819 0.58920 -2.14346
v -2.37634 -1.27566 -3.31997
v -2.51906 1.35595 -3.38806
v -3.69036 -0.65647 -2.12296
v -1.80975 -0.35556 -3.92924
v -3.43177 1.21174 -2.50835
v -2.92781 -1.37771 -2.78099
v -2.02041 0.89090 -3.82050
v -3.85338 0.11286 -2.02036
v -2.07251 -1.03607 -3.61901
v -2.87590 1.46578 -3.04551
v -3.45704 -1.05342 -2.29717
v -1.77052 0.13926 -3.99618
v -3.68964 0.87941 -2.22465
v -2.56547 -1.39836 -3.11279
v -2.28790 1.25521 -3.58214
v -3.80111 -0.38717 -2.01518
v -1.84656 -0.65734 -3.85622
v -3.23631 1.39344 -2.68442
v -3.14067 -1.33236 -2.56194
v -1.85981 0.64117 -3.93937
v -3.84255 0.42970 -2.03003
v -2.22050 -1.24952 -3.44484
v -2.63187 1.47492 -3.25834
v -3.62626 -0.84953 -2.12962
v -1.72911 -0.17823 -3.99725
v -3.55179 1.14332 -2.35127
v -2.77633 -1.45813 -2.88811
v -2.07211 1.08515 -3.75855
v -3.86900 -0.08157 -1.94980
v -1.93317 -0.94099 -3.73634
v -3.00880 1.51515 -2.88823
v -3.34847 -1.21838 -2.35134
v -1.73987 0.34654 -4.01733
v -3.77926 0.74456 -2.08931
v -2.40423 -1.41149 -3.23901
v -2.38470 1.40975 -3.47092
v -3.76424 -0.59136 -1.99456
v -1.73974 -0.50171 -3.94809
v -3.36887 1.36516 -2.51874
v -2.99868 -1.44906 -2.65606
v -1.88353 0.85177 -3.90616
v -3.88759 0.24649 -1.93232
v -2.06637 -1.19096 -3.57331
v -2.75945 1.56701 -3.10975
v -3.53995 -1.03808 -2.15980
v -1.66806 0.02095 -4.04771
v -3.66347 1.04063 -2.19756
v -2.61524 -1.51164 -3.01013
v -2.14710 1.27019 -3.67110
v -3.86179 -0.28914 -1.90025
v -1.80317 -0.81438 -3.84861
v -3.14785 1.53071 -2.71995
v -3.22136 -1.36850 -2.42745
v -1.73281 0.56490 -4.01509
v -3.85275 0.58120 -1.96600
v -2.24045 -1.39316 -3.37321
v -2.50017 1.54271 -3.33744
v -3.70421 -0.79719 -1.99746
v -1.64929 -0.31953 -4.02630
v -3.49806 1.30120 -2.35143
v -2.84351 -1.54244 -2.76821
v -1.93172 1.06041 -3.84696
v -3.91132 0.04411 -1.85332
v -1.91729 -1.09965 -3.70143
v -2.89819 1.62819 -2.94550
v -3.43286 -1.21724 -2.21331
v -1.62881 0.23770 -4.07727
v -3.76300 0.90555 -2.05154
v -2.44751 -1.53566 -3.14421
v -2.24388 1.43999 -3.55888
v -3.83125 -0.50470 -1.87345
v -1.68572 -0.65764 -3.95162
v -3.28879 1.51063 -2.54487
v -3.07791 -1.49967 -2.52420
v -1.75033 0.78868 -3.98745
v -3.90738 0.39308 -1.85828
v -2.07735 -1.34206 -3.51176
v -2.63137 1.64909 -3.18416
v -3.62181 -0.99956 -2.02437
v -1.57796 -0.11408 -4.08699
v -3.61975 1.20214 -2.18694
v -2.67784 -1.60931 -2.89610
v -2.00384 1.26090 -3.76146
v -3.91245 -0.17261 -1.79546
v -1.77657 -0.97587 -3.82506
v -3.04412 1.65534 -2.76935
v -3.30674 -1.38249 -2.28945
v -1.61315 0.46703 -4.08311
v -3.84701 0.74084 -1.91725
v -2.27613 -1.52808 -3.28715
v -2.36031 1.58883 -3.42342
v -3.77747 -0.72309 -1.87058
v -1.58397 -0.47295 -4.04124
v -3.42736 1.45416 -2.36740
v -2.92044 -1.60813 -2.63986
v -1.79283 1.01187 -3.93310
v -3.94106 0.18449 -1.76926
v -1.91817 -1.25746 -3.65074
v -2.77486 1.72463 -3.01417
v -3.51823 -1.19363 -2.07524
v -1.52820 0.11056 -4.12668
v -3.73007 1.06959 -2.02963
v -2.50442 -1.64682 -3.03703
v -2.09867 1.44713 -3.65020
v -3.89028 -0.39866 -1.76063
v -1.64751 -0.82068 -3.93995
v -3.19308 1.64635 -2.58544
v -3.16351 -1.52962 -2.38709
v -1.62237 0.70341 -4.06301
v -3.91267 0.55001 -1.79834
v -2.10421 -1.48727 -3.43537
v -2.49365 1.71150 -3.26702
v -3.70102 -0.93929 -1.89226
v -1.50083 -0.26332 -4.11349
v -3.55940 1.36160 -2.19201
v -2.75141 -1.69049 -2.77226
v -1.86003 1.22824 -3.85157
v -3.95230 -0.03992 -1.70150
v -1.76625 -1.13931 -3.78598
v -2.92682 1.76593 -2.83116
v -3.39494 -1.37486 -2.14955
v -1.50207 0.34961 -4.14234
v -3.82558 0.90605 -1.88360
v -2.32609 -1.65257 -3.18786
v -2.21429 1.61321 -3.51456
v -3.84469 -0.62898 -1.75015
v -1.53335 -0.63593 -4.04187
v -3.34086 1.60017 -2.39817
v -3.00527 -1.65476 -2.50465
v -1.65714 0.94084 -4.01548
v -3.95774 0.33714 -1.69804
v -1.93496 -1.41214 -3.58498
v -2.64063 1.80351 -3.09268
v -3.60284 -1.14850 -1.93863
v -1.43899 -0.03258 -4.16472
v -3.68101 1.23427 -2.02311
v -2.57335 -1.74367 -2.91883
v -1.95098 1.43157 -3.74320
v -3.94025 -0.27525 -1.65702
v -1.62495 -0.98830 -3.91317
v -3.08317 1.77059 -2.63922
v -3.25364 -1.53898 -2.24633
v -1.50111 0.59761 -4.13157
v -3.90334 0.71480 -1.75264
v -2.14585 -1.62461 -3.34510
v -2.34819 1.75373 -3.35669
v -3.77604 -0.85863 -1.76482
v -1.43722 -0.42434 -4.12670
v -3.48328 1.51679 -2.21204
v -2.83423 -1.75432 -2.64010
v -1.71746 1.17307 -3.93984
v -3.98059 0.10674 -1.61905
v -1.77171 -1.30229 -3.73178
v -2.79756 1.86116 -2.90399
v -3.48419 -1.34613 -2.00931
v -1.40075 0.21462 -4.19172
v -3.78867 1.07441 -1.86490
v -2.38897 -1.76499 -3.07653
v -2.06401 1.61581 -3.60919
v -3.90458 -0.51655 -1.63731
v -1.49766 -0.80598 -4.02798
v -3.23971 1.73725 -2.44275
v -3.09621 -1.68196 -2.36414
v -1.52627 0.84861 -4.09267
v -3.96096 0.49974 -1.64006
v -1.96686 -1.56150 -3.50485
v -2.49726 1.86391 -3.17948
v -3.68506 -1.08279 -1.80490
v -1.36201 -0.18954 -4.19064
v -3.61638 1.39727 -2.03152
v -2.65277 -1.82499 -2.79098
v -1.80265 1.39376 -3.83624
v -3.98016 -0.13642 -1.56353
v -1.61790 -1.15807 -3.87142
v -2.96042 1.88174 -2.70501
v -3.34653 -1.52782 -2.10348
v -1.38793 0.47295 -4.19189
v -3.87928 0.88509 -1.72125
v -2.20115 -1.75218 -3.24191
v -2.19681 1.77532 -3.45156
v -3.84544 -0.75890 -1.64331
v -1.38765 -0.59479 -4.12617
v -3.39224 1.66559 -2.24627
v -2.92464 -1.80003 -2.50109
v -1.57787 1.09629 -4.02475
v -3.99662 0.26522 -1.54873
v -1.79244 -1.46251 -3.66293
v -2.65791 1.93978 -2.98643
v -3.57279 -1.29684 -1.87020
v -1.31028 0.06403 -4.23029
v -3.73652 1.24358 -1.86090
v -2.46343 -1.86382 -2.95435
v -1.91129 1.59668 -3.70569
v -3.95594 -0.38745 -1.53313
v -1.47701 -0.98071 -3.99947
v -3.12503 1.86356 -2.50012
v -3.19154 -1.68943 -2.21985
v -1.40177 0.73648 -4.16330
v -3.95032 0.67001 -1.59564
v -2.01300 -1.70347 -3.41112
v -2.34642 1.90505 -3.27306
v -3.76336 -0.99749 -1.67544
v -1.29805 -0.35810 -4.20377
v -3.53674 1.55638 -2.05433
v -2.74114 -1.88969 -2.65483
v -1.65546 1.33422 -3.92774
v -4.00911 0.01591 -1.48097
v -1.62610 -1.32763 -3.81493
v -2.82621 1.97828 -2.78156
v -3.44049 -1.49634 -1.96004
v -1.28412 0.33112 -4.24282
v -3.84049 1.05857 -1.70419
v -2.26899 -1.86821 -3.12683
v -2.04126 1.77597 -3.55004
v -3.90787 -0.64146 -1.52893
v -1.35252 -0.77234 -4.11155
v -3.28717 1.80600 -2.29391
v -3.02101 -1.82700 -2.35669
v -1.44287 0.99888 -4.10483
v -3.99979 0.43340 -1.49108
v -1.82785 -1.61776 -3.57997
v -2.50941 2.00069 -3.07710
v -3.65916 -1.22764 -1.73367
v -1.23166 -0.10018 -4.25717
v -3.66944 1.41132 -1.87133
v -2.54810 -1.94767 -2.82254
v -1.75789 1.55599 -3.80247
v -3.99768 -0.24336 -1.43857
v -1.47145 -1.15775 -3.95631
v -2.99798 1.97738 -2.56925
v -3.28960 -1.67700 -2.07329
v -1.28507 0.60588 -4.22608
v -3.92557 0.84575 -1.56501
v -2.07250 -1.83608 -3.30461
v -2.18980 1.92626 -3.37190
v -3.83627 -0.89364 -1.55155
v -1.24774 -0.53608 -4.20352
v -3.44272 1.70949 -2.09097
v -2.83695 -1.93679 -2.51176
v -1.51109 1.25358 -4.01619
v -4.02626 0.17981 -1.41005
v -1.64925 -1.49470 -3.74399
v -2.68189 2.05885 -2.86764
v -3.53388 -1.44483 -1.81749
v -1.19086 0.17388 -4.28332
v -3.78700 1.23302 -1.70140
v -2.34819 -1.97108 -3.00092
v -1.88328 1.75547 -3.65057
v -3.96210 -0.50774 -1.42280
v -1.33212 -0.95468 -4.08259
v -3.16899 1.93613 -2.35409
v -3.12172 -1.83472 -2.20835
v -1.31403 0.88193 -4.17869
v -3.98960 0.60919 -1.44653
v -1.87728 -1.76594 -3.48350
v -2.35361 2.04293 -3.17457
v -3.74175 -1.13927 -1.60110
v -1.16576 -0.27597 -4.27157
v -3.58783 1.57547 -1.89582
v -2.64162 -2.01530 -2.68237
v -1.60553 1.49401 -3.89796
v -4.02881 -0.08601 -1.35452
v -1.48091 -1.33479 -3.89859
v -2.85974 2.07713 -2.64903
v -3.38876 -1.64467 -1.92592
v -1.17751 0.45828 -4.27981
v -3.88652 1.02477 -1.54832
v -2.14438 -1.95750 -3.18621
v -2.02906 1.92704 -3.47449
v -3.90245 -0.77240 -1.43445
v -1.21163 -0.72126 -4.18944
v -3.33504 1.85460 -2.14077
v -2.93868 -1.96552 -2.36316
v -1.37116 1.15262 -4.10011
v -4.03093 0.35333 -1.35140
v -1.68691 -1.65707 -3.65903
v -2.52889 2.12223 -2.96193
v -3.62514 -1.37374 -1.67725
v -1.10922 0.00305 -4.31242
v -3.71898 1.40625 -1.71272
v -2.43754 -2.05930 -2.86530
v -1.72456 1.71382 -3.75158
v -4.00696 -0.35923 -1.32595
v -1.32662 -1.13954 -4.03915
v -3.03869 2.05421 -2.42590
v -3.22519 -1.82286 -2.05754
v -1.19280 0.74664 -4.24500
v -3.96565 0.79049 -1.41542
v -1.93996 -1.90505 -3.37425
v -2.19206 2.06572 -3.27742
v -3.81912 -1.03260 -1.47380
v -1.11332 -0.46127 -4.27284
v -3.49217 1.73393 -1.93389
v -2.74256 -2.06563 -2.53512
v -1.45586 1.41123 -3.99066
v -4.04844 0.08283 -1.28179
v -1.50520 -1.50960 -3.82651
v -2.71156 2.16137 -2.73831
v -3.48743 -1.59255 -1.77920
v -1.08031 0.29527 -4.32338
v -3.83312 1.20493 -1.54560
v -2.22760 -2.06602 -3.05689
v -1.86583 1.90707 -3.57932
v -3.96060 -0.63503 -1.32529
v -1.19012 -0.91142 -4.16117
v -3.21448 1.98982 -2.20299
v -3.04480 -1.97523 -2.21043
v -1.23722 1.03226 -4.17808
v -4.02252 0.53449 -1.30555
v -1.73854 -1.81263 -3.56055
v -2.36863 2.16737 -3.06312
v -3.71274 -1.28365 -1.54071
v -1.04015 -0.17948 -4.32927
v -3.63671 1.57615 -1.73787
v -2.53575 -2.13153 -2.72117
v -1.56676 1.65116 -3.85156
v -4.04143 -0.19751 -1.23932
v -1.33607 -1.32464 -3.98122
v -2.89734 2.15863 -2.50833
v -3.32984 -1.79125 -1.90570
v -1.08054 0.59437 -4.30253
v -3.92767 0.97522 -1.39798
v -2.01504 -2.03322 -3.25302
v -2.02635 2.06842 -3.38418
v -3.88990 -0.90863 -1.35303
v -1.07498 -0.65398 -4.26043
v -3.38304 1.88473 -1.98500
v -2.84949 -2.09775 -2.38215
v -1.31048 1.30825 -4.07910
v -4.05580 0.26134 -1.22105
v -1.54399 -1.67997 -3.74039
v -2.55473 2.22880 -2.83588
v -3.58408 -1.52095 -1.63455
v -0.99458 0.11856 -4.35577
v -3.76541 1.38411 -1.55678
v -2.32103 -2.16009 -2.91772
v -1.70175 1.86617 -3.68486
v -4.00956 -0.48288 -1.22516
v -1.18347 -1.10435 -4.11849
v -3.08193 2.11336 -2.27679
v -3.15378 -1.96547 -2.05499
v -1.11073 0.89357 -4.24877
v -4.00057 0.72130 -1.27290
v -1.80348 -1.95936 -3.44920
v -2.20259 2.19336 -3.16984
v -3.79525 -1.17530 -1.40919
v -0.98445 -0.37173 -4.33315
v -3.54054 1.74068 -1.77648
v -2.64150 -2.18660 -2.56977
v -1.41149 1.56780 -3.94901
v -4.06457 -0.02423 -1.16375
v -1.36037 -1.50778 -3.90891
v -2.74608 2.24789 -2.60032
v -3.43413 -1.73991 -1.75426
v -0.97850 0.42657 -4.35013
v -3.87551 1.16130 -1.39433
v -2.10157 -2.14868 -3.12072
v -1.85804 2.05060 -3.49339
v -3.95280 -0.76850 -1.23996
v -1.05120 -0.85195 -4.23391
v -3.26113 2.02597 -2.04849
v -2.96095 -2.11093 -2.22482
v -1.17092 1.18586 -4.16186
v -4.05025 0.44763 -1.17288
v -1.59684 -1.84378 -3.64066
v -2.39059 2.27829 -2.94049
v -3.67721 -1.43034 -1.49335
v -0.92132 -0.07006 -4.37610
v -3.68357 1.56024 -1.58167
v -2.42347 -2.23830 -2.76982
v -1.53843 1.80438 -3.78963
v -4.04827 -0.31743 -1.13501
v -1.19180 -1.29783 -4.06133
v -2.93834 2.22357 -2.36127
v -3.26408 -1.93598 -1.89827
v -0.99305 0.73775 -4.31092
v -3.96473 0.91175 -1.25374
v -1.88096 -2.09536 -3.32570
v -2.03225 2.19951 -3.28067
v -3.87129 -1.04958 -1.28396
v -0.94280 -0.57167 -4.32344
v -3.43099 1.89786 -1.82808
v -2.75341 -2.22353 -2.41240
v -1.26035 1.46424 -4.04247
v -4.07558 0.15887 -1.09998
v -1.39928 -1.68676 -3.82248
v -2.58611 2.32064 -2.70074
v -3.53653 -1.66904 -1.60464
v -0.88782 0.24483 -4.38674
v -3.80916 1.34668 -1.40446
v -2.19849 -2.24984 -2.97834
v -1.68871 2.01198 -3.60358
v -4.00663 -0.61346 -1.13568
v -1.04231 -1.05300 -4.19300
v -3.12722 2.15587 -2.12360
v -3.07543 -2.10464 -2.06452
v -1.03864 1.04502 -4.23759
v -4.03127 0.63979 -1.13776
v -1.66317 -1.99901 -3.52788
v -2.22054 2.30889 -3.05082
v -3.76537 -1.32135 -1.35694
v -0.86139 -0.26872 -4.38356
v -3.58791 1.73130 -1.61999
v -2.53366 -2.29943 -2.61439
v -1.37746 1.72191 -3.89214
v -4.07577 -0.14023 -1.05573
v -1.21509 -1.48965 -3.98971
v -2.78476 2.31892 -2.45542
v -3.37419 -1.88666 -1.74170
v -0.88547 0.56618 -4.36334
v -3.91480 1.10382 -1.24826
v -1.97011 -2.21883 -3.19090
v -1.85914 2.18528 -3.39421
v -3.93957 -0.90752 -1.16621
v -0.91574 -0.77721 -4.29966
v -3.30864 2.04581 -1.89209
v -2.87005 -2.24150 -2.25038
v -1.11484 1.34117 -4.13051
v -4.07377 0.34999 -1.04863
v -1.45243 -1.85946 -3.72228
v -2.41869 2.37571 -2.80837
v -3.63556 -1.57899 -1.45823
v -0.80955 0.05086 -4.41142
v -3.72871 1.52931 -1.42825
v -2.30468 -2.33523 -2.82696
v -1.51994 1.95250 -3.71327
v -4.05030 -0.44490 -1.04122
v -1.04852 -1.25495 -4.13754
v -2.98220 2.27274 -2.20948
v -3.19145 -2.07850 -1.90266
v -0.91503 0.88682 -4.30501
v -3.99847 0.83587 -1.11603
v -1.74227 -2.14371 -3.40274
v -2.04600 2.31980 -3.16552
v -3.84719 -1.19478 -1.22659
v -0.81551 -0.47544 -4.37749
v -3.47882 1.89535 -1.67130
v -2.65027 -2.34241 -2.45270
v -1.22039 1.61915 -3.99094
v -4.09120 0.04705 -0.98810
v -1.25317 -1.67765 -3.90382
v -2.62234 2.39804 -2.55817
v -3.48259 -1.81763 -1.58669
v -0.78916 0.38035 -4.40495
v -3.85068 1.29550 -1.25651
v -2.06992 -2.32813 -3.04575
v -1.68479 2.15031 -3.50901
v -3.99889 -0.75030 -1.05708
v -0.90366 -0.98624 -4.26146
v -3.17421 2.18274 -1.96781
v -2.98998 -2.23989 -2.08510
v -0.97642 1.19942 -4.21179
v -4.05857 0.54729 -1.01021
v -1.51930 -2.02385 -3.60882
v -2.24516 2.41207 -2.92196
v -3.72977 -1.47034 -1.31637
v -0.74457 -0.15354 -4.42334
v -3.63440 1.70722 -1.46548
v -2.41890 -2.40356 -2.66774
v -1.35328 1.87228 -3.82099
v -4.08283 -0.26430 -0.95746
v -1.06985 -1.45562 -4.06752
v -2.82706 2.37505 -2.30520
v -3.30749 -2.03236 -1.74067
v -0.80137 0.71255 -4.36291
v -3.95157 1.03391 -1.10791
v -1.83334 -2.27607 -3.26602
v -1.86845 2.31041 -3.28321
v -3.92137 -1.05159 -1.10353
v -0.78429 -0.68819 -4.35737
v -3.35687 2.05050 -1.73510
v -2.77189 -2.36634 -2.28604
v -1.06874 1.49668 -4.08461
v -4.09385 0.24268 -0.93278
v -1.30573 -1.85970 -3.80396
v -2.45227 2.45970 -2.66837
v -3.58780 -1.72918 -1.43463
v -0.70518 0.18188 -4.43477
v -3.77244 1.48480 -1.27843
v -2.17933 -2.42172 -2.89127
v -1.51073 2.09445 -3.62362
v -4.04812 -0.57923 -0.95759
v -0.90683 -1.19659 -4.20862
v -3.02853 2.30695 -2.05446
v -3.11170 -2.21826 -1.91796
v -0.84649 1.04002 -4.28499
v -4.02955 0.74885 -0.98512
v -1.59927 -2.17795 -3.48271
v -2.06691 2.42888 -3.04022
v -3.81780 -1.34378 -1.18035
v -0.69366 -0.36645 -4.42178
v -3.52659 1.87846 -1.51577
v -2.53987 -2.45370 -2.50191
v -1.19026 1.77161 -3.92532
v -4.10335 -0.07326 -0.88524
v -1.10621 -1.65285 -3.98303
v -2.66285 2.46138 -2.40975
v -3.42206 -1.96624 -1.57995
v -0.69887 0.52362 -4.41018
v -3.89046 1.23191 -1.11352
v -1.93543 -2.39438 -3.11861
v -1.68938 2.28031 -3.40247
v -3.98669 -0.89288 -0.98890
v -0.76815 -0.90489 -4.32278
v -3.22268 2.19496 -1.81076
v -2.89712 -2.37055 -2.11578
v -0.92396 1.35525 -4.17178
v -4.08312 0.44485 -0.89033
v -1.37233 -2.03373 -3.69058
v -2.27583 2.50282 -2.78481
v -3.68839 -1.62178 -1.28686
v -0.63446 -0.02749 -4.45191
v -3.68025 1.66973 -1.31383
v -2.29713 -2.49827 -2.72860
v -1.33851 2.01773 -3.73660
v -4.08627 -0.39574 -0.86869
v -0.92532 -1.40611 -4.14107
v -2.87252 2.41688 -2.15115
v -3.23372 -2.17638 -1.75036
v -0.72634 0.86415 -4.34889
v -3.98639 0.95275 -0.97364
v -1.69154 -2.31991 -3.34470
v -1.88534 2.42546 -3.16178
v -3.89831 -1.20022 -1.05142
v -0.65747 -0.58590 -4.40616
v -3.40576 2.04116 -1.57868
v -2.66622 -2.48469 -2.33075
v -1.03240 1.65099 -4.02482
v -4.11108 0.12653 -0.82526
v -1.15735 -1.84451 -3.88435
v -2.49074 2.53045 -2.52201
v -3.53368 -1.88037 -1.42189
v -0.60860 0.32157 -4.44580
v -3.81513 1.42792 -1.13284
v -2.04749 -2.49708 -2.96151
v -1.51030 2.22926 -3.52189
v -4.04201 -0.71990 -0.88377
v -0.76742 -1.12342 -4.27344
v -3.07704 2.32702 -1.89754
v -3.02447 -2.35451 -1.94330
v -0.78745 1.19582 -4.25115
v -4.05852 0.65171 -0.86118
v -1.45238 -2.19776 -3.56424
v -2.09435 2.52651 -2.90623
v -3.78296 -1.49609 -1.14472
v -0.57782 -0.24590 -4.45563
v -3.57441 1.84837 -1.36242
v -2.42208 -2.55658 -2.55893
v -1.16962 1.92037 -3.84650
v -4.11242 -0.20138 -0.79122
v -0.95910 -1.61263 -4.05886
v -2.70718 2.51109 -2.25693
v -3.35456 -2.11419 -1.58371
v -0.61721 0.67315 -4.40236
v -3.92894 1.15704 -0.97591
v -1.79525 -2.44799 -3.19563
v -1.70192 2.40132 -3.28526
v -3.97007 -1.04070 -0.93075
v -0.63649 -0.80984 -4.37601
v -3.27250 2.19351 -1.65361
v -2.79654 -2.49577 -2.15562
v -0.88115 1.51109 -4.11813
v -4.10540 0.33331 -0.77810
v -1.22286 -2.02852 -3.77185
v -2.31195 2.58116 -2.64083
v -3.64089 -1.77514 -1.26787
v -0.53155 0.10809 -4.46885
v -3.72571 1.61997 -1.16575
v -2.16838 -2.58276 -2.79582
v -1.33271 2.15722 -3.64002
v -4.08628 -0.53404 -0.78912
v -0.78224 -1.34161 -4.20923
v -2.92080 2.44510 -1.99460
v -3.15246 -2.31793 -1.77001
v -0.66053 1.01947 -4.32146
v -4.01972 0.86134 -0.84566
v -1.54515 -2.34990 -3.42563
v -1.90921 2.53002 -3.03131
v -3.87018 -1.35293 -1.00946
v -0.53596 -0.47142 -4.44528
v -3.45536 2.01885 -1.42377
v -2.55283 -2.59563 -2.38353
v -1.00559 1.80279 -3.95192
v -4.12579 0.00221 -0.72594
v -1.00797 -1.81402 -3.96219
v -2.53362 2.58826 -2.37072
v -3.47273 -2.03186 -1.41943
v -0.52020 0.46851 -4.44433
v -3.85713 1.35976 -0.99198
v -1.90938 -2.56057 -3.03647
v -1.51812 2.35616 -3.40927
v -4.03192 -0.86642 -0.81944
v -0.63107 -1.03616 -4.33101
v -3.12754 2.33380 -1.73989
v -2.92939 -2.48636 -1.97787
v -0.73791 1.35278 -4.20391
v -4.08580 0.54524 -0.74426
v -1.30221 -2.20287 -3.64605
v -2.12777 2.61255 -2.76498
v -3.74229 -1.65115 -1.11923
v -0.46858 -0.11502 -4.47852
v -3.62247 1.80614 -1.21197
v -2.29687 -2.65015 -2.62270
v -1.15812 2.06432 -3.75545
v -4.11858 -0.33679 -0.70582
v -0.81262 -1.55733 -4.13014
v -2.75494 2.54772 -2.10103
v -3.27961 -2.26068 -1.59734
v -0.54444 0.82748 -4.38154
v -3.96649 1.07182 -0.84396
v -1.64980 -2.48836 -3.27557
v -1.72185 2.51280 -3.15869
v -3.94877 -1.19330 -0.88227
v -0.50941 -0.70203 -4.42036
v -3.32365 2.17935 -1.49736
v -2.68800 -2.61459 -2.20372
v -0.84785 1.66558 -4.05148
v -4.12570 0.21329 -0.67347
v -1.07159 -2.00819 -3.85139
v -2.35304 2.64725 -2.49142
v -3.58676 -1.92972 -1.25889
v -0.43634 0.25185 -4.47385
v -3.77107 1.55896 -1.02175
v -2.03282 -2.65617 -2.86826
v -1.33544 2.28985 -3.53239
v -4.08278 -0.67873 -0.71849
v -0.64143 -1.26274 -4.27096
v -2.97168 2.46043 -1.83673
v -3.06327 -2.45609 -1.79893
v -0.60402 1.17708 -4.28092
v -4.05189 0.76044 -0.72408
v -1.39473 -2.36562 -3.50759
v -1.93954 2.62383 -2.89317
v -3.83653 -1.50918 -0.97724
v -0.42042 -0.34587 -4.47415
v -3.50578 1.98456 -1.27115
v -2.43165 -2.69819 -2.44339
v -0.98802 1.95090 -3.86677
v -4.13808 -0.12978 -0.63466
v -0.85842 -1.76842 -4.03631
v -2.58052 2.63354 -2.21581
v -3.40441 -2.18285 -1.42668
v -0.44032 0.62128 -4.43032
v -3.89876 1.28121 -0.85615
v -1.76536 -2.61147 -3.11496
v -1.53371 2.47448 -3.28701
v -4.01756 -1.01835 -0.76429
v -0.49858 -0.93565 -4.38047
v -3.17994 2.32816 -1.58254
v -2.82614 -2.61280 -2.02088
v -0.69782 1.50953 -4.14383
v -4.11161 0.43006 -0.63433
v -1.14947 -2.19309 -3.72692
v -2.16667 2.68704 -2.61781
v -3.69523 -1.80830 -1.10345
v -0.36651 0.02491 -4.49008
v -3.67096 1.75273 -1.06501
v -2.16436 -2.73349 -2.69216
v -1.15538 2.20246 -3.65319
v -4.12169 -0.47907 -0.62881
v -0.66763 -1.48741 -4.19582
v -2.80587 2.57188 -1.94324
v -3.19670 -2.40477 -1.62020
v -0.48074 0.98519 -4.34794
v -4.00341 0.97700 -0.71781
v -1.49961 -2.51495 -3.35724
v -1.74868 2.61437 -3.02407
v -3.92231 -1.35016 -0.84313
v -0.38765 -0.58248 -4.45515
v -3.37616 2.15339 -1.34280
v -2.57134 -2.72596 -2.25922
v -0.82387 1.81749 -3.97258
v -4.14407 0.08529 -0.57630
v -0.91935 -1.97278 -3.92804
v -2.39867 2.70137 -2.33785
v -3.52540 -2.08472 -1.25944
v -0.34924 0.40241 -4.46679
v -3.81657 1.48756 -0.88220
v -1.89075 -2.71770 -2.94484
v -1.34627 2.41487 -3.41484
v -4.07543 -0.82938 -0.65655
v -0.50374 -1.17017 -4.32538
v -3.02502 2.46363 -1.67857
v -2.96576 -2.58983 -1.83640
v -0.55686 1.33558 -4.22770
v -4.08308 0.65065 -0.60892
v -1.24098 -2.36675 -3.58938
v -1.97584 2.70679 -2.74866
v -3.79676 -1.66832 -0.95442
v -0.31149 -0.21046 -4.49229
v -3.55716 1.93917 -1.12144
v -2.30273 -2.79137 -2.50939
v -0.97940 2.09427 -3.77029
v -4.14779 -0.26904 -0.55124
v -0.70957 -1.70805 -4.10567
v -2.63111 2.66679 -2.05846
v -3.32817 -2.33241 -1.44312
v -0.36925 0.77846 -4.40386
v -3.94024 1.19299 -0.72556
v -1.61593 -2.64913 -3.19587
v -1.55659 2.58375 -3.15633
v -3.99840 -1.17520 -0.71806
v -0.37074 -0.82281 -4.42111
v -3.23423 2.31091 -1.42631
v -2.71450 -2.73275 -2.07153
v -0.66709 1.66479 -4.07155
v -4.13597 0.30663 -0.53131
v -0.99497 -2.16834 -3.80571
v -2.21063 2.75015 -2.46600
v -3.64111 -1.96675 -1.09701
v -0.27211 0.17257 -4.49008
v -3.72009 1.68894 -0.92193
v -2.02481 -2.80568 -2.76631
v -1.16101 2.33398 -3.54080
v -4.12139 -0.62781 -0.56002
v -0.52500 -1.40345 -4.25499
v -2.85977 2.58423 -1.78461
v -3.10538 -2.54540 -1.65171
v -0.42625 1.14488 -4.30187
v -4.03984 0.87316 -0.59752
v -1.34537 -2.52732 -3.43950
v -1.78192 2.70583 -2.88265
v -3.89002 -1.51067 -0.81306
v -0.27193 -0.45232 -4.47987
v -3.43012 2.11646 -1.19058
v -2.44654 -2.82883 -2.32124
v -0.80899 1.96571 -3.88227
v -4.16033 -0.05032 -0.48648
v -0.76702 -1.92250 -4.00074
v -2.44852 2.74391 -2.18133
v -3.45618 -2.23922 -1.26910
v -0.27063 0.55841 -4.44767
v -3.86240 1.40645 -0.74734
v -1.74265 -2.76659 -3.02448
v -1.36475 2.53171 -3.28856
v -4.06368 -0.98555 -0.60312
v -0.37001 -1.06474 -4.37172
v -3.08074 2.45545 -1.52099
v -2.85965 -2.71802 -1.88174
v -0.51904 1.49369 -4.16237
v -4.11330 0.53240 -0.50014
v -1.08471 -2.35310 -3.66990
v -2.01767 2.77897 -2.59902
v -3.75016 -1.82961 -0.94070
v -0.20977 -0.06643 -4.49941
v -3.60964 1.88348 -0.97506
v -2.16626 -2.87417 -2.58059
v -0.97941 2.23197 -3.66347
v -4.15453 -0.41521 -0.47555
v -0.56233 -1.63333 -4.16931
v -2.68518 2.68857 -1.89973
v -3.24347 -2.47947 -1.46825
v -0.30720 0.93870 -4.36520
v -3.98171 1.09564 -0.60030
v -1.46175 -2.67300 -3.27810
v -1.58631 2.68365 -3.01845
v -3.97377 -1.33640 -0.68055
v -0.24834 -0.69863 -4.45233
v -3.29045 2.28284 -1.27188
v -2.59439 -2.84509 -2.12907
v -0.64555 1.81741 -3.98780
v -4.15868 0.17531 -0.43513
v -0.83961 -2.12870 -3.88138
v -2.25928 2.80214 -2.31071
v -3.57927 -2.12561 -1.09954
v -0.18586 0.32665 -4.47843
v -3.77002 1.61546 -0.78300
v -1.87862 -2.86586 -2.84415
v -1.17463 2.45817 -3.41936
v -4.11710 -0.78262 -0.49928
v -0.38563 -1.30613 -4.30681
v -2.91654 2.58546 -1.62602
v -3.00529 -2.68146 -1.69126
v -0.38104 1.30524 -4.24380
v -4.07575 0.76070 -0.48309
v -1.18785 -2.52514 -3.52126
v -1.82114 2.78712 -2.73565
v -3.85117 -1.67412 -0.79181
v -0.16291 -0.31268 -4.49411
v -3.48565 2.06931 -1.04117
v -2.31375 -2.92214 -2.38894
v -0.80293 2.10924 -3.78146
v -4.17407 -0.19323 -0.40389
v -0.61554 -1.85766 -4.06852
v -2.50232 2.77535 -2.02289
v -3.37852 -2.39218 -1.28744
v -0.20082 0.71849 -4.41662
v -3.90866 1.31617 -0.61727
v -1.58911 -2.80216 -3.10614
v -1.39045 2.63994 -3.15470
v -4.04682 -1.14673 -0.55801
v -0.24108 -0.94732 -4.40931
v -3.13885 2.43662 -1.36467
v -2.74478 -2.83954 -1.93426
v -0.49048 1.65020 -4.08555
v -4.14234 0.40603 -0.39767
v -0.92679 -2.32459 -3.74809
v -2.06465 2.84054 -2.44543
v -3.69600 -1.99217 -0.93580
v -0.11580 0.08497 -4.49532
v -3.66336 1.81811 -0.83231
v -2.02259 -2.94567 -2.65605
v -0.98768 2.36326 -3.54734
v -4.15773 -0.56793 -0.40746
v -0.41762 -1.54484 -4.22637
v -2.74257 2.69949 -1.74051
v -3.14989 -2.62292 -1.50155
v -0.25432 1.10067 -4.31467
v -4.02310 0.98957 -0.48037
v -1.30355 -2.68263 -3.36059
v -1.62242 2.77402 -2.87456
v -3.94287 -1.50130 -0.65157
v -0.13209 -0.56420 -4.47366
v -3.34867 2.24466 -1.11974
v -2.46586 -2.94872 -2.19271
v -0.63300 1.96634 -3.89341
v -4.17934 0.03637 -0.34568
v -0.68432 -2.07433 -3.95292
v -2.31234 2.84342 -2.15302
v -3.50905 -2.28386 -1.11071
v -0.10812 0.48584 -4.45516
v -3.82080 1.53278 -0.64837
v -1.72634 -2.91328 -2.92468
v -1.19581 2.57455 -3.29000
v -4.10810 -0.94303 -0.44649
v -0.25039 -1.19625 -4.35060
v -2.97612 2.57622 -1.46818
v -2.89621 -2.81177 -1.73826
v -0.34510 1.46505 -4.17427
v -4.11094 0.63992 -0.37447
v -1.02792 -2.50821 -3.60149
v -1.86596 2.85832 -2.58422
v -3.80498 -1.83970 -0.77919
v -0.06120 -0.16479 -4.49763
v -3.54282 2.01255 -0.89489
v -2.17324 -3.00489 -2.46145
v -0.80539 2.24727 -3.67110
v -4.18472 -0.34312 -0.32845
v -0.46585 -1.77870 -4.13050
v -2.55988 2.79621 -1.86347
v -3.29193 -2.54248 -1.31405
v -0.14002 0.88135 -4.37389
v -3.95529 1.21709 -0.49206
v -1.43084 -2.82387 -3.18882
v -1.42295 2.73930 -3.01441
v -4.02404 -1.31232 -0.52112
v -0.11773 -0.81890 -4.43763
v -3.19936 2.40782 -1.21016
v -2.62113 -2.95322 -1.99329
v -0.47102 1.80401 -3.99800
v -4.16980 0.27175 -0.30146
v -0.76818 -2.28128 -3.82297
v -2.11649 2.89180 -2.28893
v -3.63358 -2.15505 -0.93945
v -0.03003 0.24244 -4.47997
v -3.71835 1.74358 -0.69337
v -1.87222 -3.00501 -2.73486
v -1.00385 2.48752 -3.42296
v -4.15662 -0.72680 -0.34690
v -0.27636 -1.44326 -4.27611
v -2.80319 2.70016 -1.58156
v -3.04714 -2.76157 -1.54252
v -0.21068 1.26312 -4.25275
v -4.06423 0.87505 -0.36576
v -1.14218 -2.67770 -3.44235
v -1.66456 2.85485 -2.72579
v -3.90489 -1.66914 -0.63098
v -0.02267 -0.42064 -4.48477
v -3.40893 2.19695 -0.97026
v -2.32915 -3.04257 -2.26168
v -0.62918 2.11068 -3.78927
v -4.19736 -0.10993 -0.26292
v -0.53007 -2.00558 -4.01946
v -2.36959 2.87445 -1.99384
v -3.42988 -2.44041 -1.13020
v -0.03921 0.64882 -4.42046
v -3.87238 1.44128 -0.51810
v -1.56865 -2.94728 -3.00694
v -1.22417 2.68274 -3.15381
v -4.09355 -1.10852 -0.40155
v -0.12013 -1.07469 -4.38576
v -3.03851 2.55716 -1.31167
v -2.77804 -2.93515 -1.79211
v -0.31835 1.62316 -4.09394
v -4.14501 0.51102 -0.27162
v -0.86651 -2.47649 -3.67923
v -1.91604 2.91964 -2.42941
v -3.75069 -2.00648 -0.77500
v 0.03268 -0.00986 -4.49028
v -3.60167 1.94666 -0.75195
v -2.02544 -3.07613 -2.53793
v -0.81603 2.37909 -3.55219
v -4.19150 -0.49966 -0.26011
v -0.31890 -1.68620 -4.18591
v -2.62108 2.80707 -1.70383
v -3.19603 -2.68895 -1.34849
v -0.08839 1.04573 -4.31987
v -4.00210 1.10946 -0.37168
v -1.26866 -2.83128 -3.27153
v -1.46186 2.82969 -2.86880
v -3.99447 -1.48163 -0.49237
v -0.00070 -0.68056 -4.45628
v -3.26230 2.36960 -1.05783
v -2.48886 -3.05794 -2.05811
v -0.46048 1.95417 -3.90052
v -4.19507 0.12980 -0.21146
v -0.60984 -2.22338 -3.89363
v -2.17291 2.93314 -2.13047
v -3.56226 -2.31717 -0.95141
v 0.04717 0.40473 -4.45345
v -3.77455 1.66021 -0.55833
v -1.71577 -3.05142 -2.81610
v -1.02753 2.60431 -3.29139
v -4.15036 -0.89137 -0.29385
v -0.13942 -1.32939 -4.31790
v -2.86701 2.69118 -1.42346
v -2.93504 -2.89423 -1.59064
v -0.17626 1.42489 -4.18001
v -4.10469 0.75224 -0.25645
v -0.97857 -2.65804 -3.52241
v -1.71236 2.92626 -2.57317
v -3.85901 -1.83904 -0.61867
v 0.07932 -0.26914 -4.48546
v -3.47125 2.14020 -0.82366
v -2.18461 -3.12562 -2.33519
v -0.63381 2.24966 -3.67632
v -4.21198 -0.26333 -0.18683
v -0.37782 -1.92290 -4.08017
v -2.43087 2.89572 -1.83397
v -3.34133 -2.59409 -1.15765
v 0.02067 0.81434 -4.37459
v -3.92456 1.34117 -0.39220
v -1.40631 -2.96730 -3.09001
v -1.25931 2.78256 -3.01189
v -4.07254 -1.27845 -0.36446
v 0.00438 -0.94243 -4.41183
v -3.10371 2.52882 -1.15690
v -2.65086 -3.05045 -1.85219
v -0.30064 1.77857 -4.00354
v -4.17736 0.37417 -0.17452
v -0.70461 -2.43005 -3.75354
v -1.97112 2.97140 -2.27217
v -3.68759 -2.17343 -0.77908
v 0.11827 0.15086 -4.47207
v -3.66213 1.87198 -0.61245
v -1.87093 -3.13502 -2.61750
v -0.83450 2.50418 -3.42575
v -4.19355 -0.66245 -0.19888
v -0.17561 -1.58084 -4.23405
v -2.68584 2.80847 -1.54459
v -3.09057 -2.83038 -1.39035
v -0.04597 1.21043 -4.25504
v -4.04869 0.99341 -0.25612
v -1.10347 -2.82410 -3.35333
v -1.50682 2.91114 -2.71890
v -3.95725 -1.65383 -0.47169
v 0.10936 -0.53339 -4.46497
v -3.32768 2.32242 -0.90794
v -2.34826 -3.15264 -2.12802
v -0.45859 2.09983 -3.79399
v -4.21740 -0.01964 -0.12770
v -0.45275 -2.15124 -3.95925
v -2.23375 2.96500 -1.97086
v -3.48152 -2.47740 -0.97142
v 0.11550 0.57056 -4.41595
v -3.83177 1.56823 -0.42720
v -1.55397 -3.08427 -2.89888
v -1.05835 2.71336 -3.15368
v -4.13802 -1.06106 -0.24831
v -0.00766 -1.20411 -4.35121
v -2.93399 2.67308 -1.26665
v -2.81359 -3.01971 -1.64537
v -0.15098 1.58491 -4.09709
v -4.14392 0.62125 -0.15243
v -0.81367 -2.62361 -3.59985
v -1.76553 2.98849 -2.41767
v -3.80448 -2.01004 -0.61453
v 0.17336 -0.11090 -4.47563
v -3.53556 2.07471 -0.68006
v -2.03274 -3.19696 -2.41244
v -0.64654 2.38268 -3.55551
v -4.22231 -0.42349 -0.11745
v -0.22853 -1.82687 -4.13435
v -2.49606 2.90774 -1.67406
v -3.24307 -2.74371 -1.19272
v 0.07139 0.98120 -4.31797
v -3.97698 1.23257 -0.27066
v -1.24020 -2.97297 -3.17295
v -1.30087 2.87395 -2.86524
v -4.04418 -1.45208 -0.33522
v 0.12240 -0.80052 -4.42844
v -3.17169 2.49165 -1.00412
v -2.51489 -3.15653 -1.91785
v -0.29178 1.93038 -3.90389
v -4.20727 0.22951 -0.08320
v -0.54319 -2.36912 -3.82360
v -2.03097 3.01398 -2.11332
v -3.61511 -2.33946 -0.79124
v 0.19522 0.31613 -4.44311
v -3.72401 1.78870 -0.47642
v -1.71038 -3.18082 -2.69933
v -0.86044 2.62218 -3.29278
v -4.18993 -0.83101 -0.14483
v -0.03685 -1.46343 -4.27435
v -2.75410 2.80091 -1.38621
v -2.97548 -2.96555 -1.43915
v -0.01274 1.37436 -4.17998
v -4.09452 0.86903 -0.14539
v -0.93621 -2.80219 -3.43332
v -1.55753 2.98382 -2.56567
v -3.91158 -1.82801 -0.45904
v 0.21186 -0.37855 -4.46355
v -3.39542 2.26661 -0.76062
v -2.19977 -3.23631 -2.20227
v -0.46508 2.24034 -3.67931
v -4.23593 -0.17630 -0.05022
v -0.29789 -2.06532 -4.01906
v -2.29885 2.98785 -1.81076
v -3.39098 -2.63453 -0.99921
v 0.17478 0.73874 -4.36780
v -3.88967 1.46772 -0.29998
v -1.38765 -3.10306 -2.98230
v -1.09594 2.81453 -3.01083
v -4.11867 -1.23521 -0.21034
v 0.11817 -1.06839 -4.37561
v -3.00409 2.64627 -1.11143
v -2.68294 -3.13682 -1.70614
v -0.13469 1.74224 -4.00475
v -4.18118 0.48217 -0.05373
v -0.64849 -2.57453 -3.67382
v -1.82384 3.04185 -2.26012
v -3.74065 -2.18105 -0.61846
v 0.25904 0.05288 -4.45532
v -3.60170 2.00069 -0.53949
v -1.87418 -3.25576 -2.49263
v -0.66705 2.50930 -3.42782
v -4.22740 -0.59001 -0.05486
v -0.08312 -1.71819 -4.18135
v -2.56510 2.91099 -1.51458
v -3.13494 -2.88802 -1.23502
v 0.11292 1.14827 -4.25110
v -4.02911 1.11551 -0.15349
v -1.07125 -2.96401 -3.25487
v -1.34853 2.95701 -2.71483
v -4.00762 -1.62855 -0.31383
v 0.23330 -0.65005 -4.43538
v -3.24238 2.44595 -0.85351
v -2.37050 -3.25234 -1.98842
v -0.29151 2.07784 -3.79583
v -4.23384 0.07723 0.00227
v -0.38325 -2.29407 -3.88860
v -2.09543 3.04780 -1.95356
v -3.53278 -2.50337 -0.81128
v 0.26326 0.48474 -4.40364
v -3.78700 1.69690 -0.34386
v -1.54458 -3.21294 -2.78256
v -0.89349 2.73288 -3.15429
v -4.17967 -1.00474 -0.09804
v 0.09654 -1.33483 -4.30634
v -2.82583 2.78481 -1.22901
v -2.85082 -3.09327 -1.49441
v 0.01139 1.53653 -4.09536
v -4.13888 0.73633 -0.03953
v -0.76787 -2.76554 -3.51064
v -1.61372 3.04799 -2.40996
v -3.85675 -2.00315 -0.45440
v 0.30631 -0.21723 -4.45195
v -3.46535 2.20235 -0.61593
v -2.04396 -3.30806 -2.28013
v -0.47961 2.37514 -3.55742
v -4.24968 -0.33985 0.02086
v -0.14622 -1.96622 -4.07240
v -2.36812 3.00213 -1.65069
v -3.29039 -2.78734 -1.03447
v 0.22490 0.90812 -4.30942
v -3.94774 1.35867 -0.17668
v -1.21771 -3.10741 -3.06551
v -1.13998 2.90782 -2.86380
v -4.09140 -1.41303 -0.18002
v 0.23734 -0.92327 -4.39080
v -3.07725 2.61109 -0.95797
v -2.54338 -3.24447 -1.77236
v -0.12719 1.89606 -3.90377
v -4.21561 0.33512 0.03957
v -0.48402 -2.51105 -3.74352
v -1.88708 3.08673 -2.10123
v -3.66697 -2.35094 -0.63033
v 0.33601 0.22100 -4.42469
v -3.66935 1.91817 -0.40198
v -1.70967 -3.30132 -2.57496
v -0.69499 2.62920 -3.29422
v -4.22627 -0.76237 0.00079
v 0.05755 -1.59765 -4.22065
v -2.63791 2.90588 -1.35588
v -3.01692 -3.02581 -1.28414
v 0.14527 1.31452 -4.17457
v -4.08026 0.98996 -0.04073
v -0.90043 -2.94030 -3.33493
v -1.40201 3.03192 -2.56152
v -3.96207 -1.80691 -0.30034
v 0.33651 -0.49216 -4.43250
v -3.31564 2.39191 -0.70512
v -2.21820 -3.33690 -2.06323
v -0.29954 2.22034 -3.68025
v -4.25613 -0.08243 0.08175
v -0.22578 -2.20538 -3.94786
v -2.16436 3.07327 -1.79342
v -3.44027 -2.66396 -0.83898
v 0.32223 0.65555 -4.35400
v -3.85062 1.59653 -0.21478
v -1.37440 -3.23088 -2.86635
v -0.93331 2.83619 -3.01120
v -4.16184 -1.18294 -0.05864
v 0.22381 -1.19603 -4.32963
v -2.90093 2.76049 -1.07318
v -2.71681 -3.21237 -1.55560
v 0.02659 1.69605 -4.00190
v -4.18093 0.59537 0.06139
v -0.59947 -2.71429 -3.58448
v -1.67516 3.10396 -2.25249
v -3.79213 -2.17816 -0.45772
v 0.39230 -0.05058 -4.43027
v -3.53721 2.12967 -0.47386
v -1.88150 -3.36709 -2.36082
v -0.50187 2.50387 -3.42926
v -4.25765 -0.50987 0.08538
v 0.00136 -1.85465 -4.11869
v -2.44146 3.00825 -1.49102
v -3.17965 -2.93460 -1.07687
v 0.26583 1.07763 -4.24132
v -4.00533 1.24103 -0.05733
v -1.04511 -3.09709 -3.14764
v -1.19015 2.99335 -2.71345
v -4.05539 -1.59363 -0.15743
v 0.34925 -0.76982 -4.39659
v -3.15332 2.56769 -0.80635
v -2.39535 -3.34161 -1.84341
v -0.12821 2.04571 -3.79500
v -4.24627 0.18027 0.12732
v -0.32127 -2.43355 -3.80822
v -1.95511 3.12351 -1.94157
v -3.58305 -2.51852 -0.65000
v 0.40403 0.39229 -4.38400
v -3.73808 1.82711 -0.26750
v -1.54002 -3.33305 -2.65861
v -0.73001 2.74225 -3.15564
v -4.21794 -0.93995 0.04935
v 0.19265 -1.46615 -4.25181
v -2.71441 2.89272 -1.19819
v -2.88917 -3.15590 -1.33964
v 0.16858 1.47901 -4.08905
v -4.12962 0.85592 0.06754
v -0.72875 -2.90187 -3.41230
v -1.46106 3.09895 -2.40604
v -3.90687 -1.98609 -0.29475
v 0.43157 -0.32799 -4.41982
v -3.39120 2.32956 -0.55895
v -2.05860 -3.40933 -2.14156
v -0.31556 2.35744 -3.55806
v -4.27312 -0.24913 0.15506
v -0.07171 -2.10366 -4.00075
v -2.23767 3.09079 -1.63331
v -3.33741 -2.82000 -0.87409
v 0.37204 0.82745 -4.29463
v -3.91425 1.48750 -0.08920
v -1.20077 -3.23431 -2.94986
v -0.97959 2.93217 -2.86438
v -4.13555 -1.36479 -0.02678
v 0.34427 -1.04804 -4.34396
v -2.97927 2.72811 -0.91881
v -2.57381 -3.32177 -1.62216
v 0.03307 1.85220 -3.90041
v -4.21972 0.44624 0.15720
v -0.43202 -2.64871 -3.65408
v -1.74169 3.15209 -2.09387
v -3.71726 -2.35186 -0.46891
v 0.46954 0.12022 -4.39868
v -3.61058 2.04849 -0.33442
v -1.71319 -3.41272 -2.44359
v -0.53150 2.62630 -3.29574
v -4.25884 -0.68581 0.14312
v 0.14398 -1.73142 -4.15743
v -2.51879 3.00650 -1.33199
v -3.05883 -3.07510 -1.12604
v 0.29764 1.24630 -4.16412
v -4.06165 1.11471 0.05799
v -0.87085 -3.07201 -3.22790
v -1.24621 3.07135 -2.56054
v -4.00990 -1.77602 -0.14266
v 0.45335 -0.60916 -4.39290
v -3.23206 2.51613 -0.65657
v -2.23940 -3.42730 -1.91862
v -0.13746 2.19064 -3.67930
v -4.27212 0.01787 0.20930
v -0.16120 -2.34254 -3.86725
v -2.02779 3.15255 -1.78156
v -3.48864 -2.68257 -0.67728
v 0.46297 0.56565 -4.33361
v -3.80730 1.72737 -0.13608
v -1.36615 -3.35051 -2.74278
v -0.77178 2.84841 -3.01293
v -4.20150 -1.12201 0.09062
v 0.32146 -1.32464 -4.27451
v -2.79447 2.87169 -1.04159
v -2.75195 -3.27713 -1.40102
v 0.18302 1.64096 -3.99528
v -4.17625 0.71340 0.17116
v -0.55722 -2.84888 -3.48622
v -1.52548 3.15842 -2.24902
v -3.84146 -2.16499 -0.29708
v 0.51810 -0.15869 -4.39743
v -3.46869 2.25882 -0.41501
v -1.89243 -3.46888 -2.22268
v -0.33924 2.48882 -3.43015
v -4.28379 -0.42241 0.22197
v 0.07805 -1.98964 -4.04672
v -2.31525 3.10065 -1.47347
v -3.22418 -2.97025 -0.91631
v 0.41269 0.99943 -4.22608
v -3.97712 1.36967 0.03281
v -1.02468 -3.22303 -3.03231
v -1.03204 3.02097 -2.71461
v -4.10001 -1.54937 -0.00259
v 0.45733 -0.89194 -4.34919
v -3.06064 2.68773 -0.76591
v -2.42232 -3.42045 -1.69351
v 0.03110 2.00436 -3.79170
v -4.25423 0.28911 0.24768
v -0.26650 -2.56920 -3.71876
v -1.81315 3.19272 -1.93453
v -3.63181 -2.52306 -0.48788
v 0.53780 0.29407 -4.35748
v -3.68490 1.95866 -0.19761
v -1.53988 -3.44442 -2.52766
v -0.56819 2.74233 -3.15771
v -4.25230 -0.86703 0.19387
v 0.28087 -1.59741 -4.18825
v -2.59998 2.99707 -1.17370
v -2.92814 -3.20765 -1.18155
v 0.32046 1.41328 -4.07848
v -4.11579 0.97966 0.16912
v -0.69595 -3.03223 -3.30549
v -1.30791 3.14208 -2.40571
v -3.95431 -1.95913 -0.13578
v 0.54921 -0.44241 -4.37975
v -3.31314 2.45629 -0.50861
v -2.07621 -3.50068 -1.99732
v -0.15463 2.33048 -3.55754
v -4.29215 -0.15171 0.28527
v -0.00475 -2.23864 -3.92004
v -2.10502 3.17415 -1.62148
v -3.38362 -2.84183 -0.71196
v 0.51276 0.74004 -4.27400
v -3.87628 1.61875 -0.00779
v -1.18901 -3.35341 -2.82667
v -0.82003 2.94780 -2.86688
v -4.17608 -1.30770 0.12440
v 0.44333 -1.17415 -4.28852
v -2.87789 2.84283 -0.88611
v -2.60571 -3.38843 -1.46776
v 0.18882 1.79968 -3.89403
v -4.21916 0.56248 0.26991
v -0.38687 -2.78164 -3.55597
v -1.59511 3.21064 -2.09094
v -3.76544 -2.34242 -0.30729
v 0.59584 0.01461 -4.36556
v -3.54760 2.17948 -0.27327
v -1.72052 -3.51490 -2.30586
v -0.37026 2.61433 -3.29737
v -4.28714 -0.60171 0.28219
v 0.22267 -1.86412 -4.08534
v -2.39697 3.10304 -1.31405
v -3.10071 -3.11351 -0.96528
v 0.44427 1.17060 -4.14894
v -4.03837 1.24292 0.15110
v -0.84713 -3.19699 -3.11289
v -1.09042 3.10283 -2.56255
v -4.05453 -1.73564 0.01379
v 0.56248 -0.72881 -4.34526
v -3.14473 2.63924 -0.61446
v -2.26294 -3.50747 -1.76901
v 0.02097 2.15209 -3.67660
v -4.28344 0.12423 0.33257
v -0.10388 -2.47631 -3.77788
v -1.88941 3.22614 -1.77479
v -3.53558 -2.69051 -0.51448
v 0.59698 0.46989 -4.30706
v -3.75950 1.85995 -0.06347
v -1.36251 -3.46176 -2.61224
v -0.61162 2.85200 -3.01597
v -4.23712 -1.05275 0.23736
v 0.41131 -1.45358 -4.21084
v -2.68486 2.98003 -1.01619
v -2.78791 -3.33113 -1.24294
v 0.33447 1.57782 -3.98513
v -4.16676 0.83587 0.27585
v -0.52142 -2.97794 -3.37969
v -1.37509 3.20584 -2.24945
v -3.88814 -2.14181 -0.13682
v 0.63649 -0.27069 -4.35729
v -3.39607 2.38799 -0.36245
v -1.90655 -3.56101 -2.07881
v -0.17940 2.46499 -3.43055
v -4.30533 -0.32802 0.35492
v 0.14720 -2.12259 -3.96609
v -2.18667 3.18851 -1.46150
v -3.26805 -2.99510 -0.75376
v 0.55344 0.91450 -4.20571
v -3.94419 1.50109 0.11726
v -1.00959 -3.34156 -2.90952
v -0.87447 3.04058 -2.71818
v -4.14096 -1.49607 0.15050
v 0.55767 -1.01572 -4.29372
v -2.96439 2.80606 -0.73172
v -2.45097 -3.48882 -1.53928
v 0.18625 1.95466 -3.78610
v -4.25731 0.40333 0.36351
v -0.21866 -2.70057 -3.62089
v -1.66979 3.25590 -1.93212
v -3.67854 -2.51717 -0.32529
v 0.66459 0.19085 -4.32452
v -3.62728 2.09130 -0.13376
v -1.54376 -3.54687 -2.39034
v -0.40828 2.73391 -3.16051
v -4.28225 -0.78634 0.33545
v 0.36140 -1.72800 -4.11625
v -2.48268 3.09804 -1.15507
v -2.96727 -3.24861 -1.02061
v 0.46693 1.34015 -4.06391
v -4.09702 1.10716 0.26546
v -0.66914 -3.15627 -3.19087
v -1.15452 3.17799 -2.40872
v -3.99857 -1.92253 0.02225
v 0.65933 -0.55976 -4.33225
v -3.23110 2.58242 -0.46442
v -2.09639 -3.58202 -1.84801
v 0.00301 2.29507 -3.55595
v -4.30630 -0.04800 0.41153
v 0.05492 -2.37066 -3.83091
v -1.97036 3.25256 -1.61483
v -3.42855 -2.85299 -0.54849
v 0.64705 0.64669 -4.24789
v -3.83357 1.75211 0.06789
v -1.18204 -3.46447 -2.69659
v -0.66151 2.95542 -2.87121
v -4.21251 -1.24209 0.27336
v 0.53467 -1.30094 -4.22503
v -2.77316 2.95528 -0.85941
v -2.63863 -3.44448 -1.30971
v 0.33994 1.73933 -3.88484
v -4.21354 0.68344 0.37788
v -0.34826 -2.90946 -3.44981
v -1.44756 3.26289 -2.09215
v -3.81103 -2.32287 -0.14578
v 0.71495 -0.09508 -4.32577
v -3.48027 2.31091 -0.21809
v -1.73127 -3.60770 -2.16238
v -0.21143 2.59405 -3.29913
v -4.31068 -0.51044 0.41794
v 0.29384 -1.99520 -4.00498
v -2.27258 3.19572 -1.30165
v -3.14212 -3.14116 -0.80235
v 0.58511 1.08819 -4.12936
v -4.01009 1.37421 0.23886
v -0.82892 -3.31495 -2.99056
v -0.93488 3.12697 -2.56737
v -4.09549 -1.68607 0.16877
v 0.66403 -0.85044 -4.29012
v -3.05359 2.76114 -0.57835
v -2.28839 -3.57738 -1.61498
v 0.17561 2.10549 -3.67230
v -4.28964 0.23624 0.45160
v -0.05356 -2.60622 -3.68040
v -1.74940 3.29441 -1.77277
v -3.58063 -2.68799 -0.35097
v 0.72428 0.36901 -4.27472
v -3.70698 1.99397 0.00342
v -1.36310 -3.56441 -2.47539
v -0.45302 2.84764 -3.02028
v -4.26824 -0.97551 0.38145
v 0.49353 -1.58223 -4.13920
v -2.57215 3.08557 -0.99651
v -2.82425 -3.37444 -1.08187
v 0.48088 1.50742 -3.97170
v -4.15207 0.96239 0.37560
v -0.49173 -3.10109 -3.26555
v -1.22417 3.24673 -2.25353
v -3.93168 -2.10887 0.02275
v 0.74756 -0.38587 -4.31032
v -3.31920 2.51696 -0.31577
v -1.92347 -3.64341 -1.92983
v -0.02247 2.43311 -3.43053
v -4.32181 -0.22708 0.48422
v 0.20904 -2.25300 -3.87739
v -2.05584 3.27208 -1.45469
v -3.31081 -3.00928 -0.58969
v 0.68806 0.82360 -4.18055
v -3.90622 1.63491 0.19629
v -0.99949 -3.45243 -2.77993
v -0.71761 3.05279 -2.72402
v -4.17777 -1.43406 0.30164
v 0.65043 -1.14053 -4.23073
v -2.86454 2.92261 -0.70331
v -2.48088 -3.54674 -1.38129
v 0.33714 1.89735 -3.77838
v -4.25508 0.52254 0.47486
v -0.17746 -2.82725 -3.51524
v -1.52521 3.31346 -1.93401
v -3.72280 -2.50109 -0.16260
v 0.78445 0.08337 -4.28552
v -3.56501 2.22472 -0.07561
v -1.55129 -3.64026 -2.24730
v -0.25042 2.71768 -3.16400
v -4.30732 -0.69826 0.47397
v 0.43443 -1.85737 -4.03639
v -2.36256 3.19572 -1.14189
v -3.00614 -3.27888 -0.85736
v 0.60795 1.26038 -4.04562
v -4.07297 1.23802 0.35673
v -0.64800 -3.27369 -3.06909
v -1.00106 3.20721 -2.41488
v -4.03919 -1.87659 0.17905
v 0.76204 -0.67937 -4.27780
v -3.14497 2.70775 -0.42599
v -2.11872 -3.65333 -1.69422
v 0.15724 2.25193 -3.55340
v -4.31514 0.06162 0.53383
v 0.10755 -2.49924 -3.73398
v -1.83380 3.32628 -1.61296
v -3.47175 -2.85367 -0.38414
v 0.77492 0.54814 -4.21667
v -3.78584 1.88721 0.13813
v -1.17952 -3.56730 -2.56024
v -0.50420 2.95566 -2.87727
v -4.24439 -1.16829 0.41990
v 0.61849 -1.42781 -4.15403
v -2.66505 3.06542 -0.83828
v -2.67217 -3.48997 -1.14855
v 0.48639 1.67188 -3.87305
v -4.20246 0.80870 0.48117
v -0.31590 -3.03179 -3.33626
v -1.29920 3.30925 -2.09721
v -3.85360 -2.29346 0.01524
v 0.82698 -0.20819 -4.27974
v -3.40838 2.44249 -0.16855
v -1.74506 -3.69104 -2.01378
v -0.05515 2.56616 -3.30105
v -4.32904 -0.41239 0.55026
v 0.35770 -2.12415 -3.91692
v -2.14567 3.28466 -1.29437
v -3.18262 -3.15819 -0.63774
v 0.72016 0.99981 -4.10565
v -3.97647 1.50818 0.32146
v -0.81587 -3.42562 -2.86156
v -0.77971 3.14431 -2.57483
v -4.13233 -1.62762 0.32200
v 0.75814 -0.97341 -4.22796
v -2.95853 2.88167 -0.54783
v -2.31535 -3.63703 -1.45712
v 0.32639 2.05155 -3.66652
v -4.29032 0.35349 0.56641
v -0.00994 -2.73186 -3.57541
v -1.60787 3.35765 -1.77515
v -3.62337 -2.67523 -0.18718
v 0.84493 0.26372 -4.23698
v -3.64949 2.12908 0.06487
v -1.36756 -3.65833 -2.33284
v -0.29610 2.83597 -3.02577
v -4.29443 -0.89066 0.52269
v 0.56832 -1.71005 -4.06012
v -2.45631 3.18830 -0.98216
v -2.86056 -3.40715 -0.91835
v 0.62220 1.43048 -3.95521
v -4.13182 1.09253 0.47053
v -0.46787 -3.21801 -3.14442
v -1.07285 3.28152 -2.26099
v -3.97168 -2.06645 0.18127
v 0.85142 -0.50357 -4.25695
v -3.23792 2.64549 -0.27462
v -1.94280 -3.71600 -1.77634
v 0.13144 2.39387 -3.43013
v -4.33283 -0.12000 0.60977
v 0.26382 -2.38039 -3.78121
v -1.92281 3.35150 -1.45268
v -3.35205 -3.01298 -0.42457
v 0.81659 0.72743 -4.15092
v -3.86291 1.77075 0.27011
v -0.99404 -3.55541 -2.64418
v -0.56160 3.05815 -2.73198
v -4.21003 -1.36369 0.45056
v 0.73576 -1.26578 -4.16070
v -2.76098 3.03725 -0.68031
v -2.51167 -3.59425 -1.22012
v 0.48375 1.83313 -3.76870
v -4.24715 0.64631 0.58177
v -0.14260 -2.94885 -3.40243
v -1.37948 3.36569 -1.93990
v -3.76418 -2.47506 -0.00023
v 0.89746 -0.02771 -4.24088
v -3.49785 2.35859 -0.02286
v -1.56209 -3.72447 -2.09914
v -0.09472 2.69426 -3.16817
v -4.32712 -0.60318 0.60926
v 0.50019 -1.98501 -3.94924
v -2.23959 3.29011 -1.13375
v -3.04434 -3.29858 -0.69230
v 0.74354 1.17467 -4.02386
v -4.04329 1.37182 0.44306
v -0.63221 -3.38421 -2.94078
v -0.84762 3.23018 -2.42396
v -4.07576 -1.82161 0.33429
v 0.85748 -0.80063 -4.21685
v -3.05458 2.83205 -0.39295
v -2.14283 -3.71459 -1.53655
v 0.30800 2.20175 -3.54997
v -4.31828 0.17672 0.65209
v 0.15342 -2.62398 -3.62984
v -1.69539 3.39549 -1.61554
v -3.51283 -2.84406 -0.21936
v 0.89643 0.44506 -4.18066
v -3.73280 2.02365 0.20313
v -1.18109 -3.66172 -2.41827
v -0.34819 2.94906 -2.88496
v -4.27130 -1.08668 0.56379
v 0.69495 -1.55423 -4.07604
v -2.55348 3.17313 -0.82234
v -2.70594 -3.52498 -0.98486
v 0.62813 1.59801 -3.85883
v -4.18556 0.93784 0.57984
v -0.28948 -3.14831 -3.21593
v -1.15009 3.35004 -2.10584
v -3.89275 -2.25446 0.17538
v 0.93201 -0.32406 -4.22789
v -3.33172 2.57390 -0.12433
v -1.76151 -3.76484 -1.86067
v 0.09852 2.53126 -3.30314
v -4.34181 -0.30797 0.67901
v 0.41450 -2.25050 -3.82174
v -2.01622 3.36989 -1.29183
v -3.22183 -3.16475 -0.47196
v 0.84946 0.90613 -4.07811
v -3.93719 1.64441 0.39904
v -0.80767 -3.52879 -2.72651
v -0.62502 3.15530 -2.58474
v -4.16467 -1.56062 0.47319
v 0.84497 -1.09716 -4.15926
v -2.85943 3.00061 -0.52255
v -2.34346 -3.68645 -1.29601
v 0.47327 1.99092 -3.65937
v -4.28511 0.47553 0.67695
v 0.02724 -2.85286 -3.46351
v -1.46485 3.41606 -1.78159
v -3.66341 -2.65246 -0.02357
v 0.95901 0.15465 -4.19419
v -3.58676 2.26488 0.12110
v -1.37554 -3.74338 -2.18522
v -0.14093 2.81752 -3.03240
v -4.31529 -0.79858 0.66087
v 0.63589 -1.83653 -3.97415
v -2.33729 3.28811 -0.97274
v -2.89646 -3.42938 -0.75293
v 0.75847 1.34765 -3.93587
v -4.10566 1.22585 0.56069
v -0.44949 -3.32844 -3.01693
v -0.92119 3.31056 -2.27159
v -4.00774 -2.01487 0.33839
v 0.94821 -0.62322 -4.19763
v -3.15203 2.77324 -0.23869
v -1.96416 -3.77878 -1.61895
v 0.28229 2.34786 -3.42940
v -4.33802 -0.00721 0.73144
v 0.31181 -2.50436 -3.67814
v -1.78759 3.42682 -1.45510
v -3.39139 -3.00639 -0.25890
v 0.93908 0.62663 -4.11712
v -3.81396 1.90816 0.33887
v -0.99289 -3.65034 -2.50290
v -0.40650 3.05712 -2.74192
v -4.23737 -1.28532 0.59697
v 0.81386 -1.39093 -4.08414
v -2.65361 3.14976 -0.66235
v -2.54295 -3.63143 -1.05634
v 0.62605 1.76265 -3.75719
v -4.23318 0.77418 0.68421
v -0.11381 -3.06506 -3.28306
v -1.23264 3.41281 -1.94946
v -3.80230 -2.43936 0.16141
v 1.00374 -0.14178 -4.19099
v -3.42557 2.49253 0.02472
v -1.57581 -3.79943 -1.94650
v 0.05878 2.66420 -3.17297
v -4.34127 -0.50149 0.74114
v 0.55891 -2.11046 -3.85532
v -2.11374 3.38115 -1.13028
v -3.08150 -3.30787 -0.52595
v 0.87374 1.08366 -3.99888
v -4.00767 1.50811 0.52453
v -0.62143 -3.48760 -2.80656
v -0.69427 3.24726 -2.43574
v -4.10792 -1.75795 0.48762
v 0.94580 -0.92299 -4.14987
v -2.95979 2.95500 -0.36499
v -2.16835 -3.76582 -1.37560
v 0.45529 2.14510 -3.54573
v -4.31537 0.29685 0.76622
v 0.19279 -2.74449 -3.51907
v -1.55513 3.46026 -1.62220
v -3.55143 -2.82442 -0.05462
v 1.01168 0.33806 -4.14019
v -3.67418 2.16101 0.26307
v -1.18640 -3.74759 -2.27129
v -0.19353 2.93609 -2.89414
v -4.29291 -0.99765 0.70475
v 0.76428 -1.67970 -3.99157
v -2.43836 3.27822 -0.81121
v -2.73957 -3.54961 -0.81917
v 0.76521 1.51834 -3.84237
v -4.16252 1.07039 0.67388
v -0.26870 -3.25873 -3.08942
v -1.00026 3.38551 -2.11776
v -3.92811 -2.20618 0.33425
v 1.03020 -0.44214 -4.17062
v -3.25009 2.70476 -0.08519
v -1.78026 -3.82908 -1.70365
v 0.24957 2.48991 -3.30537
v -4.34867 -0.19760 0.80402
v 0.46450 -2.37383 -3.71999
v -1.88420 3.45137 -1.29368
v -3.25939 -3.16105 -0.30551
v 0.97306 0.80776 -4.04699
v -3.89198 1.78245 0.47170
v -0.80397 -3.62425 -2.58603
v -0.47082 3.16031 -2.59690
v -4.19215 -1.48546 0.62200
v 0.92470 -1.22117 -4.08448
v -2.75614 3.11767 -0.50217
v -2.37234 -3.72569 -1.13224
v 0.61628 1.92418 -3.65097
v -4.27368 0.60192 0.78313
v 0.05828 -2.96887 -3.34529
v -1.32033 3.46974 -1.79177
v -3.70039 -2.61995 0.13944
v 1.06663 0.04239 -4.14671
v -3.51856 2.40097 0.17231
v -1.38668 -3.81947 -2.03314
v 0.01247 2.79278 -3.04006
v -4.33049 -0.69970 0.79576
v 0.69647 -1.96123 -3.88179
v -2.21500 3.38486 -0.96790
v -2.93158 -3.44128 -0.58614
v 0.88972 1.25953 -3.91390
v -4.07329 1.36188 0.64611
v -0.43630 -3.43213 -2.88369
v -0.76921 3.33410 -2.28507
v -4.03952 -1.95446 0.49372
v 1.03808 -0.74426 -4.13277
v -3.06134 2.89987 -0.20771
v -1.98721 -3.83175 -1.45826
v 0.43010 2.29563 -3.42836
v -4.33705 0.11086 0.84910
v 0.35325 -2.62451 -3.56872
v -1.65013 3.49804 -1.46158
v -3.42848 -2.98976 -0.09315
v 1.05564 0.52178 -4.07944
v -3.75912 2.04671 0.40269
v -0.99570 -3.73706 -2.35668
v -0.25231 3.05010 -2.75367
v -4.25943 -1.19933 0.74058
v 0.88493 -1.51551 -4.00151
v -2.54230 3.25990 -0.64910
v -2.57437 -3.65837 -0.89050
v 0.76411 1.68646 -3.74400
v -4.21287 0.90570 0.78212
v -0.09076 -3.17558 -3.15771
v -1.08469 3.45497 -1.96239
v -3.83683 -2.39430 0.32190
v 1.10343 -0.25830 -4.13620
v -3.34794 2.62612 0.06736
v -1.59209 -3.86509 -1.78996
v 0.21010 2.62796 -3.17834
v -4.34946 -0.39364 0.86938
v 0.61084 -2.23331 -3.75517
v -1.98492 3.46872 -1.13112
v -3.11727 -3.30695 -0.35885
v 0.99863 0.98790 -3.97089
v -3.96583 1.64642 0.60118
v -0.61534 -3.58366 -2.66702
v -0.54101 3.25872 -2.44998
v -4.13534 -1.68595 0.63869
v 1.02720 -1.04594 -4.07727
v -2.86041 3.07628 -0.34182
v -2.19492 -3.80706 -1.21194
v 0.59913 2.08252 -3.54074
v -4.30612 0.42156 0.87609
v 0.22594 -2.86043 -3.40222
v -1.41299 3.52062 -1.63261
v -3.58718 -2.79500 0.10963
v 1.12078 0.22768 -4.09558
v -3.60975 2.29885 0.31810
v -1.19512 -3.82483 -2.11991
v -0.04020 2.91714 -2.90470
v -4.30888 -0.90160 0.84251
v 0.82669 -1.80377 -3.90110
v -2.31958 3.38047 -0.80457
v -2.77271 -3.56402 -0.65205
v 0.89769 1.43341 -3.82382
v -4.13306 1.20587 0.76326
v -0.25325 -3.36281 -2.95732
v -0.84971 3.41581 -2.13266
v -3.95936 -2.14896 0.49145
v 1.12170 -0.56190 -4.10830
v -3.16329 2.83469 -0.05088
v -1.80098 -3.88374 -1.54332
v 0.39800 2.44256 -3.30774
v -4.34930 -0.08173 0.92510
v 0.50794 -2.49378 -3.61219
v -1.74955 3.52900 -1.29955
v -3.29495 -3.14732 -0.13890
v 1.09109 0.70523 -4.01254
v -3.84058 1.92182 0.53951
v -0.80444 -3.71187 -2.44071
v -0.31712 3.15965 -2.61110
v -4.21447 -1.40250 0.76811
v 0.99753 -1.34496 -4.00408
v -2.64850 3.23254 -0.48640
v -2.40164 -3.75486 -0.96636
v 0.75546 1.85186 -3.64138
v -4.25575 0.73219 0.88487
v 0.08346 -3.07960 -3.22132
v -1.17431 3.51875 -1.80535
v -3.73398 -2.57801 0.30140
v 1.16794 -0.07254 -4.09486
v -3.44467 2.53688 0.21866
v -1.40064 -3.88656 -1.87721
v 0.16411 2.76214 -3.04865
v -4.33974 -0.59444 0.92710
v 0.75030 -2.08373 -3.78354
v -2.08935 3.47833 -0.96730
v -2.96559 -3.44304 -0.41851
v 1.01606 1.16665 -3.88947
v -4.03448 1.50015 0.72678
v -0.42797 -3.52887 -2.74526
v -0.61691 3.35233 -2.30115
v -4.06671 -1.88559 0.64690
v 1.12121 -0.86621 -4.06276
v -2.96569 3.02499 -0.18143
v -2.01160 -3.87494 -1.29483
v 0.57491 2.23766 -3.42702
v -4.32964 0.23373 0.96257
v 0.38844 -2.74052 -3.45350
v -1.51038 3.56508 -1.47179
v -3.46298 -2.96333 0.07218
v 1.16638 0.41342 -4.03815
v -3.69816 2.18593 0.46166
v -1.00215 -3.81547 -2.20612
v -0.09904 3.03738 -2.76705
v -4.27595 -1.10614 0.88108
v 0.94919 -1.63908 -3.91328
v -2.42692 3.36735 -0.64026
v -2.60559 -3.67521 -0.72317
v 0.89798 1.60507 -3.72923
v -4.18597 1.04038 0.87544
v -0.07317 -3.28016 -3.02695
v -0.93560 3.49222 -1.97838
v -3.86744 -2.34020 0.48081
v 1.19668 -0.37677 -4.07687
v -3.26479 2.75893 0.10523
v -1.61060 -3.92144 -1.63012
v 0.35924 2.58596 -3.18422
v -4.35142 -0.28008 0.99376
v 0.65623 -2.35319 -3.64928
v -1.85306 3.55262 -1.13594
v -3.15131 -3.29602 -0.19150
v 1.11831 0.88792 -3.94012
v -3.91754 1.78627 0.67303
v -0.61362 -3.67224 -2.52276
v -0.38781 3.26477 -2.46644
v -4.15772 -1.60600 0.78714
v 1.10186 -1.16903 -3.99947
v -2.75630 3.19551 -0.32319
v -2.22221 -3.83840 -1.04615
v 0.73959 2.01448 -3.53503
v -4.29026 0.55037 0.98158
v 0.25317 -2.97152 -3.27985
v -1.26892 3.57652 -1.64642
v -3.61979 -2.75610 0.27291
v 1.22389 0.11443 -4.04711
v -3.53931 2.43670 0.36832
v -1.20691 -3.89336 -1.96471
v 0.11182 2.89253 -2.91647
v -4.31895 -0.79898 0.97681
v 0.88242 -1.92605 -3.80509
v -2.19702 3.47959 -0.80211
v -2.80502 -3.56837 -0.48402
v 1.02567 1.34373 -3.80332
v -4.09694 1.34381 0.84794
v -0.24281 -3.46033 -2.82020
v -0.69841 3.44104 -2.15026
v -3.98620 -2.08315 0.64658
v 1.20670 -0.68287 -4.04131
v -3.07116 2.96324 -0.02122
v -1.82330 -3.92886 -1.38026
v 0.54389 2.38964 -3.31019
v -4.34347 0.03916 1.04206
v 0.54509 -2.61000 -3.49886
v -1.61219 3.60262 -1.30911
v -3.32819 -3.12380 0.02739
v 1.20367 0.59906 -3.97501
v -3.78278 2.06203 0.60251
v -0.80876 -3.79152 -2.29114
v -0.16390 3.15353 -2.62713
v -4.23134 -1.31217 0.91119
v 1.06369 -1.46812 -3.91846
v -2.53641 3.34485 -0.47498
v -2.43103 -3.77408 -0.79894
v 0.89090 1.77441 -3.63069
v -4.23111 0.86583 0.98206
v 0.10309 -3.18481 -3.09213
v -1.02673 3.56305 -1.82201
v -3.76389 -2.52696 0.46187
v 1.26312 -0.18967 -4.03896
v -3.36491 2.67217 0.26029
v -1.41709 -3.94461 -1.71799
v 0.31404 2.72593 -3.05804
v -4.34279 -0.48325 1.05465
v 0.79763 -2.20367 -3.67989
v -1.96024 3.56827 -0.97062
v -2.99817 -3.43485 -0.25056
v 1.13760 1.06950 -3.86275
v -3.98900 1.64015 0.80268
v -0.42419 -3.61851 -2.60224
v -0.46425 3.36537 -2.31955
v -4.08903 -1.80863 0.79755
v 1.19782 -0.98864 -3.98799
v -2.86493 3.14819 -0.15964
v -2.03699 -3.90843 -1.12925
v 0.71678 2.17433 -3.42536
v -4.31557 0.36092 1.07170
v 0.41764 -2.85211 -3.33299
v -1.36828 3.62781 -1.48538
v -3.49459 -2.92740 0.23664
v 1.27148 0.30200 -3.99350
v -3.63090 2.32531 0.51586
v -1.01190 -3.88550 -2.05181
v 0.05337 3.01920 -2.78186
v -4.28665 -1.00618 1.01818
v 1.00687 -1.76125 -3.81988
v -2.30736 3.47179 -0.63553
v -2.63628 -3.68211 -0.55487
v 1.02779 1.51894 -3.71298
v -4.15227 1.17772 0.96408
v -0.06072 -3.37859 -2.89134
v -0.78534 3.52458 -1.99710
v -3.89385 -2.27741 0.63773
v 1.28370 -0.49675 -4.01333
v -3.17595 2.89050 0.13849
v -1.63100 -3.96850 -1.46755
v 0.50629 2.53854 -3.19051
v -4.34692 -0.16127 1.11407
v 0.69535 -2.46977 -3.53815
v -1.71809 3.63262 -1.14441
v -3.18332 -3.27535 -0.02441
v 1.23293 0.78418 -3.90674
v -3.86263 1.92715 0.74009
v -0.61594 -3.75321 -2.37434
v -0.23466 3.26556 -2.48485
v -4.17480 -1.51853 0.93264
v 1.17002 -1.29186 -3.91688
v -2.64734 3.31229 -0.30887
v -2.24988 -3.85996 -0.87878
v 0.87676 1.94138 -3.52862
v -4.26760 0.68279 1.08254
v 0.27476 -3.07750 -3.15247
v -1.12288 3.62784 -1.66331
v -3.64896 -2.70804 0.43478
v 1.32117 -0.00124 -3.99507
v -3.46270 2.57406 0.41383
v -1.22143 -3.95315 -1.80626
v 0.26256 2.86253 -2.92928
v -4.32289 -0.69023 1.10737
v 0.93172 -2.04619 -3.70401
v -2.07060 3.57526 -0.80352
v -2.83619 -3.56287 -0.31561
v 1.14927 1.24972 -3.78099
v -4.05400 1.48368 0.92787
v -0.23707 -3.55114 -2.67861
v -0.54632 3.46123 -2.17024
v -4.00836 -2.00914 0.79925
v 1.28540 -0.80465 -3.96999
v -2.97356 3.08998 0.00397
v -1.84692 -3.96451 -1.21503
v 0.68728 2.33148 -3.31266
v -4.33096 0.16459 1.15471
v 0.57625 -2.72223 -3.38050
v -1.47208 3.67202 -1.32203
v -3.35881 -3.09078 0.19287
v 1.31096 0.48967 -3.93460
v -3.71844 2.20259 0.66074
v -0.81660 -3.86312 -2.13787
v -0.01111 3.14212 -2.64474
v -4.24253 -1.21490 1.05093
v 1.12341 -1.59028 -3.82806
v -2.41975 3.45422 -0.46765
v -2.46019 -3.78349 -0.63051
v 1.02271 1.69222 -3.61892
v -4.19955 1.00235 1.07458
v 0.11746 -3.28429 -2.95826
v -0.87755 3.60256 -1.84141
v -3.78983 -2.46715 0.62042
v 1.35234 -0.30857 -3.97930
v -3.27915 2.80635 0.29731
v -1.43569 -3.99364 -1.55606
v 0.46231 2.68443 -3.06810
v -4.33942 -0.36662 1.17816
v 0.83872 -2.32075 -3.57129
v -1.82762 3.65438 -0.97756
v -3.02900 -3.41697 -0.08280
v 1.25448 0.96848 -3.83389
v -3.93671 1.78138 0.87379
v -0.42463 -3.70091 -2.45516
v -0.31120 3.37327 -2.33999
v -4.10623 -1.72399 0.94530
v 1.26813 -1.11117 -3.90883
v -2.75895 3.26901 -0.14214
v -2.06305 -3.93233 -0.96207
v 0.85581 2.10602 -3.42334
v -4.29466 0.49193 1.17632
v 0.44116 -2.95902 -3.20769
v -1.22380 3.68603 -1.50203
v -3.52303 -2.88228 0.39976
v 1.37109 0.18794 -3.94575
v -3.55720 2.46437 0.56534
v -1.02462 -3.94710 -1.89429
v 0.20495 2.99576 -2.79788
v -4.29133 -0.89992 1.15158
v 1.05822 -1.88170 -3.72175
v -2.18356 3.57283 -0.63467
v -2.66612 -3.67926 -0.38614
v 1.15364 1.42845 -3.69532
v -4.11161 1.31721 1.04796
v -0.05311 -3.47071 -2.75140
v -0.63388 3.55199 -2.01823
v -3.91581 -2.20633 0.79226
v 1.36468 -0.61784 -3.94590
v -3.08133 3.02036 0.16729
v -1.65296 -4.00632 -1.30281
v 0.65130 2.48597 -3.19708
v -4.33577 -0.03771 1.23009
v 0.72847 -2.58278 -3.42225
v -1.57994 3.70844 -1.15621
v -3.21300 -3.24519 0.14195
v 1.34265 0.67708 -3.87093
v -3.80095 2.06855 0.80237
v -0.62199 -3.82649 -2.22230
v -0.08151 3.26115 -2.50494
v -4.18637 -1.42396 1.07485
v 1.23191 -1.41406 -3.82987
v -2.53345 3.42619 -0.29862
v -2.27762 -3.87188 -0.71036
v 1.01074 1.86356 -3.52148
v -4.23797 0.81829 1.17884
v 0.29101 -3.17818 -3.02060
v -0.97482 3.67443 -1.68293
v -3.67443 -2.65117 0.59480
v 1.41283 -0.11895 -3.93972
v -3.37981 2.71045 0.45472
v -1.23835 -4.00422 -1.64513
v 0.41210 2.82733 -2.94293
v -4.32051 -0.57584 1.23391
v 0.97486 -2.16389 -3.59829
v -1.94027 3.66713 -0.80853
v -2.86591 -3.54775 -0.14732
v 1.26863 1.15177 -3.75693
v -4.00409 1.62498 1.00299
v -0.23571 -3.63511 -2.53308
v -0.39342 3.47635 -2.19230
v -4.02562 -1.92734 0.94909
v 1.35803 -0.92687 -3.89469
v -2.87041 3.21443 0.02488
v -1.87149 -3.99077 -1.04817
v 0.82829 2.26837 -3.31504
v -4.31160 0.29406 1.26285
v 0.60169 -2.83021 -3.25758
v -1.32917 3.73694 -1.33799
v -3.38654 -3.04857 0.35708
v 1.41314 0.37745 -3.89151
v -3.64742 2.34299 0.71423
v -0.82764 -3.92664 -1.98146
v 0.14129 3.12552 -2.66368
v -4.24783 -1.11115 1.18701
v 1.17694 -1.71112 -3.73326
v -2.29846 3.56025 -0.46416
v -2.48880 -3.78329 -0.46160
v 1.15101 1.60565 -3.60610
v -4.16096 1.14123 1.16233
v 0.12689 -3.37788 -2.82021
v -0.72675 3.63716 -1.86323
v -3.81157 -2.39896 0.77665
v 1.43582 -0.42888 -3.91617
v -3.18731 2.93893 0.32984
v -1.45612 -4.03370 -1.39196
v 0.60899 2.63785 -3.07864
v -4.32947 -0.24503 1.29739
v 0.87386 -2.43469 -3.45818
v -1.69142 3.73633 -0.98782
v -3.05779 -3.38965 0.08429
v 1.36686 0.86397 -3.80300
v -3.87748 1.92331 0.94009
v -0.42898 -3.77600 -2.30455
v -0.15773 3.37602 -2.36216
v -4.11811 -1.63212 1.08980
v 1.33236 -1.23344 -3.82563
v -2.64770 3.38703 -0.12873
v -2.08947 -3.94678 -0.79380
v 0.99209 2.03300 -3.42089
v -4.26677 0.62625 1.27627
v 0.45928 -3.06105 -3.07809
v -1.07689 3.73954 -1.52141
v -3.54803 -2.82832 0.56110
v 1.46542 0.07162 -3.89509
v -3.47697 2.60259 0.61017
v -1.03999 -4.00029 -1.73412
v 0.35574 2.96717 -2.81487
v -4.28981 -0.78782 1.28100
v 1.10352 -2.00012 -3.61928
v -2.05546 3.67010 -0.63739
v -2.69482 -3.66689 -0.21748
v 1.27568 1.33395 -3.67628
v -4.06387 1.45833 1.12701
v -0.05003 -3.55639 -2.60765
v -0.48118 3.57435 -2.04145
v -3.93309 -2.12735 0.94401
v 1.43985 -0.73969 -3.87486
v -2.98084 3.14804 0.19176
v -1.67616 -4.03500 -1.13643
v 0.79436 2.42848 -3.20378
v -4.31782 0.09010 1.34160
v 0.75587 -2.69200 -3.30203
v -1.43860 3.77979 -1.17103
v -3.24008 -3.20586 0.30711
v 1.44765 0.56697 -3.83284
v -3.73242 2.20995 0.85986
v -0.63144 -3.89204 -2.06719
v 0.07168 3.25158 -2.52641
v -4.19223 -1.32274 1.21344
v 1.28778 -1.53534 -3.73880
v -2.41458 3.53679 -0.29224
v -2.30510 -3.87434 -0.54142
v 1.14164 1.78133 -3.51359
v -4.20125 0.95637 1.27035
v 0.30223 -3.27338 -2.88472
v -0.82473 3.71610 -1.70497
v -3.69594 -2.58586 0.75256
v 1.49906 -0.23833 -3.88129
v -3.29058 2.84536 0.49108
v -1.25737 -4.04660 -1.48184
v 0.56047 2.78707 -2.95721
v -4.31163 -0.45629 1.35620
v 1.01212 -2.27889 -3.48835
v -1.80599 3.75485 -0.81687
v -2.89389 -3.52327 0.02035
v 1.38390 1.05021 -3.73121
v -3.94712 1.76717 1.07325
v -0.23843 -3.71215 -2.38412
v -0.23969 3.48632 -2.21611
v -4.03776 -1.83818 1.09572
v 1.42482 -1.04920 -3.81570
v -2.76167 3.33614 0.04164
v -1.89671 -4.00779 -0.88020
v 0.96698 2.20056 -3.31723
v -4.28528 0.42706 1.36631
v 0.62171 -2.93376 -3.13057
v -1.18344 3.79712 -1.35667
v -3.41112 -2.99750 0.51958
v 1.51041 0.26275 -3.84590
v -3.56968 2.48270 0.76301
v -0.84155 -3.98207 -1.82244
v 0.29333 3.10377 -2.68366
v -4.24708 -1.00139 1.31913
v 1.22454 -1.83036 -3.63444
v -2.17252 3.66251 -0.46430
v -2.51658 -3.77369 -0.29272
v 1.27593 1.51500 -3.59220
v -4.11522 1.28195 1.24521
v 0.13167 -3.46543 -2.67849
v -0.57432 3.66667 -1.88714
v -3.82887 -2.32279 0.93015
v 1.51379 -0.55027 -3.84981
v -3.08934 3.06942 0.35799
v -1.47806 -4.06487 -1.22622
v 0.75415 2.58634 -3.08946
v -4.31280 -0.11898 1.41212
v 0.90332 -2.54528 -3.34101
v -1.55165 3.81377 -1.00110
v -3.08428 -3.35320 0.25024
v 1.47492 0.75630 -3.77018
v -3.81126 2.06543 1.00155
v -0.43692 -3.84372 -2.15094
v -0.00382 3.37359 -2.38575
v -4.12446 -1.53347 1.23073
v 1.39078 -1.35519 -3.73870
v -2.53115 3.50178 -0.11923
v -2.11594 -3.95194 -0.62497
v 1.12573 1.95551 -3.41792
v -4.23178 0.76336 1.37140
v 0.47231 -3.15804 -2.94466
v -0.92757 3.78807 -1.54320
v -3.56936 -2.76588 0.72023
v 1.55467 -0.04665 -3.84173
v -3.39018 2.73947 0.65039
v -1.05769 -4.04510 -1.57181
v 0.50580 2.93349 -2.83258
v -4.28192 -0.67037 1.40617
v 1.14303 -2.11628 -3.51287
v -1.92305 3.76320 -0.64346
v -2.72209 -3.64525 -0.04938
v 1.39406 1.23572 -3.65587
v -4.00899 1.60054 1.20115
v -0.05116 -3.63555 -2.46058
v -0.32725 3.59151 -2.06642
v -3.94549 -2.04089 1.09261
v 1.50945 -0.86202 -3.80050
v -2.87448 3.27304 0.21203
v -1.70029 -4.05466 -0.96893
v 0.93553 2.36625 -3.21045
v -4.29295 0.22164 1.44842
v 0.77786 -2.79722 -3.17792
v -1.29407 3.84635 -1.18858
v -3.26430 -3.15769 0.47061
v 1.54811 0.45418 -3.79258
v -3.65699 2.35083 0.91257
v -0.64397 -3.94985 -1.90950
v 0.22491 3.23682 -2.54898
v -4.19220 -1.21536 1.34810
v 1.33790 -1.65544 -3.64403
v -2.29072 3.64363 -0.28953
v -2.33205 -3.86755 -0.37245
v 1.26958 1.69493 -3.50487
v -4.15737 1.09649 1.35693
v 0.30872 -3.36299 -2.74529
v -0.67263 3.75261 -1.72908
v -3.71329 -2.51250 0.90766
v 1.58009 -0.35910 -3.81999
v -3.19497 2.97828 0.52298
v -1.27815 -4.08037 -1.31690
v 0.70773 2.74184 -2.97188
v -4.29614 -0.33209 1.47399
v 1.04376 -2.39097 -3.37457
v -1.66777 3.83803 -0.82825
v -2.91988 -3.48971 0.18693
v 1.49525 0.94533 -3.70385
v -3.88305 1.90974 1.13860
v -0.24491 -3.78221 -2.23223
v -0.08512 3.49104 -2.24134
v -4.04460 -1.74210 1.23882
v 1.48603 -1.17138 -3.73333
v -2.64732 3.45463 0.05444
v -1.92227 -4.01572 -0.71164
v 1.10345 2.12821 -3.31906
v -4.25191 0.56305 1.46491
v 0.63661 -3.03272 -2.99990
v -1.03491 3.85226 -1.37775
v -3.43231 -2.93793 0.67994
v 1.60295 0.14586 -3.79792
v -3.48519 2.62121 0.80711
v -0.85802 -4.02944 -1.66129
v 0.44503 3.07688 -2.70440
v -4.24013 -0.88611 1.44703
v 1.26650 -1.94776 -3.53195
v -2.04193 3.76059 -0.46782
v -2.54323 -3.75493 -0.12433
v 1.39759 1.42050 -3.57718
v -4.06230 1.42396 1.32312
v 0.13212 -3.54688 -2.53356
v -0.42027 3.69091 -1.91279
v -3.84154 -2.23906 1.08056
v 1.58648 -0.67246 -3.78047
v -2.98524 3.19732 0.38186
v -1.50120 -4.08727 -1.05934
v 0.89783 2.53001 -3.10035
v -4.28930 0.01100 1.52214
v 0.92739 -2.65233 -3.22016
v -1.40832 3.88636 -1.01713
v -3.10821 -3.30793 0.41459
v 1.57883 0.64574 -3.73548
v -3.73801 2.20720 1.05815
v -0.44813 -3.90407 -1.99480
v 0.15053 3.36588 -2.41044
v -4.12514 -1.42849 1.36776
v 1.44364 -1.47614 -3.64837
v -2.40930 3.61280 -0.11347
v -2.14218 -3.94801 -0.45607
v 1.25683 1.87376 -3.41429
v -4.18964 0.90272 1.46157
v 0.48054 -3.24989 -2.80784
v -0.77585 3.83136 -1.56706
v -3.58679 -2.69534 0.87676
v 1.63906 -0.16657 -3.78582
v -3.29682 2.87449 0.68608
v -1.07741 -4.08160 -1.40786
v 0.65514 2.89477 -2.85072
v -4.26757 -0.54809 1.52685
v 1.17703 -2.22998 -3.40287
v -1.78636 3.85173 -0.65263
v -2.74766 -3.61462 0.11770
v 1.50892 1.13402 -3.63408
v -3.94694 1.74331 1.27031
v -0.05620 -3.70812 -2.31065
v -0.17211 3.60332 -2.09282
v -3.95282 -1.94741 1.23772
v 1.57373 -0.98454 -3.72307
v -2.76226 3.39488 0.22824
v -1.72505 -4.06545 -0.80079
v 1.07489 2.29939 -3.21687
v -4.26110 0.35638 1.55036
v 0.79473 -2.89831 -3.05034
v -1.14638 3.90778 -1.20855
v -3.28542 -3.10101 0.63203
v 1.64422 0.33896 -3.75024
v -3.57468 2.49067 0.96052
v -0.65929 -3.99994 -1.74972
v 0.37818 3.21682 -2.57231
v -4.18616 -1.10229 1.47855
v 1.38253 -1.77412 -3.54585
v -2.16192 3.74630 -0.29027
v -2.35818 -3.85172 -0.20393
v 1.39468 1.60456 -3.49520
v -4.10630 1.23812 1.43850
v 0.31078 -3.44692 -2.60278
v -0.51854 3.78374 -1.75494
v -3.72626 -2.43151 1.05971
v 1.65616 -0.48098 -3.75600
v -3.09303 3.10873 0.55051
v -1.30041 -4.10563 -1.15081
v 0.85391 2.69169 -2.98666
v -4.27395 -0.20375 1.58705
v 1.07008 -2.49998 -3.25734
v -1.52566 3.91629 -0.84242
v -2.94361 -3.44738 0.35199
v 1.60285 0.83737 -3.67486
v -3.81186 2.05214 1.19902
v -0.25484 -3.84528 -2.07787
v 0.07026 3.49037 -2.26766
v -4.04598 -1.63956 1.37806
v 1.54192 -1.29316 -3.64783
v -2.52743 3.56944 0.06341
v -1.94789 -4.01475 -0.54296
v 1.23778 2.05148 -3.32035
v -4.21143 0.70150 1.55852
v 0.64668 -3.12698 -2.86598
v -0.88364 3.90205 -1.40093
v -3.44990 -2.87024 0.83774
v 1.69098 0.02703 -3.74767
v -3.39397 2.75800 0.84657
v -0.87675 -4.06881 -1.49851
v 0.59639 3.04482 -2.72559
v -4.22688 -0.76581 1.57043
v 1.30308 -2.06314 -3.42612
v -1.90677 3.85407 -0.47451
v -2.56848 -3.72727 0.04310
v 1.51613 1.32237 -3.56097
v -4.00217 1.56674 1.39599
v 0.12854 -3.62217 -2.38586
v -0.26465 3.70967 -1.93986
v -3.84939 -2.14820 1.22751
v 1.65412 -0.79521 -3.70833
v -2.87505 3.32215 0.40158
v -1.52526 -4.10104 -0.89179
v 1.04008 2.46895 -3.11106
v -4.25891 0.14440 1.62726
v 0.94638 -2.75570 -3.09602
v -1.26151 3.95374 -1.03563
v -3.12934 -3.25418 0.57693
v 1.67876 0.53254 -3.69895
v -3.65777 2.34810 1.10990
v -0.46232 -3.95706 -1.83661
v 0.30528 3.35280 -2.43588
v -4.12000 -1.31768 1.50060
v 1.49121 -1.59611 -3.55490
v -2.28224 3.71965 -0.11125
v -2.16789 -3.93521 -0.28756
v 1.38547 1.78790 -3.40985
v -4.14033 1.04379 1.54666
v 0.48429 -3.33650 -2.66804
v -0.62179 3.86914 -1.59268
v -3.60013 -2.61711 1.03030
v 1.71880 -0.28793 -3.72749
v -3.19695 3.00714 0.71729
v -1.09885 -4.10988 -1.24273
v 0.80377 2.85100 -2.86899
v -4.24665 -0.42149 1.64280
v 1.20581 -2.34105 -3.28964
v -1.64548 3.93528 -0.66466
v -2.77128 -3.57529 0.28332
v 1.62040 1.02905 -3.61085
v -3.87773 1.88612 1.33446
v -0.06483 -3.77412 -2.15832
v -0.01581 3.60959 -2.12029
v -3.95493 -1.84735 1.37900
v 1.63294 -1.10706 -3.64277
v -2.64424 3.51309 0.24053
v -1.75016 -4.06755 -0.63249
v 1.21247 2.22802 -3.22281
v -4.22222 0.49380 1.64726
v 0.80677 -2.99516 -2.91968
v -0.99562 3.96375 -1.23066
v -3.30322 -3.03620 0.79097
v 1.73617 0.22155 -3.70586
v -3.48551 2.62895 1.00373
v -0.67707 -4.04238 -1.58832
v 0.53147 3.19150 -2.59607
v -4.17400 -0.98403 1.60452
v 1.42194 -1.89122 -3.44458
v -2.02825 3.84434 -0.29428
v -2.38323 -3.82714 -0.03630
v 1.51704 1.51039 -3.48447
v -4.04802 1.38071 1.51495
v 0.30872 -3.52513 -2.45760
v -0.36253 3.80924 -1.78222
v -3.73469 -2.34331 1.20836
v 1.72748 -0.60377 -3.68947
v -2.98481 3.23620 0.57377
v -1.32383 -4.12253 -0.98402
v 0.99902 2.63665 -3.00128
v -4.24499 -0.07181 1.69519
v 1.09138 -2.60577 -3.13701
v -1.37975 3.98926 -0.85912
v -2.96484 -3.39662 0.51511
v 1.70683 0.72655 -3.64422
v -3.73361 2.19384 1.25448
v -0.26791 -3.90138 -1.92150
v 0.22639 3.48416 -2.29473
v -4.04178 -1.53105 1.51313
v 1.59273 -1.41436 -3.55944
v -2.40206 3.68010 0.06873
v -1.97329 -4.00509 -0.37462
v 1.37001 1.97048 -3.32090
v -4.16383 0.84187 1.64700
v 0.65222 -3.21646 -2.72922
v -0.72971 3.94619 -1.42589
v -3.46367 -2.79482 0.99262
v 1.77470 -0.09351 -3.69523
v -3.29609 2.89256 0.88145
v -0.89743 -4.10029 -1.33455
v 0.74739 3.00754 -2.74690
v -4.20722 -0.64101 1.68910
v 1.33456 -2.17634 -3.31726
v -1.76711 3.94254 -0.48415
v -2.59210 -3.69102 0.20913
v 1.63166 1.22077 -3.54344
v -3.93486 1.70974 1.46375
v 0.12124 -3.69130 -2.23583
v -0.10753 3.72271 -1.96801
v -3.85228 -2.05067 1.37068
v 1.71697 -0.91831 -3.63357
v -2.75887 3.44342 0.41725
v -1.54993 -4.10636 -0.72404
v 1.18091 2.40319 -3.12132
v -4.22159 0.28066 1.72730
v 0.96056 -2.85530 -2.96895
v -1.11130 4.01556 -1.05631
v -3.14746 -3.19232 0.73685
v 1.77489 0.41689 -3.66056
v -3.57058 2.48759 1.15679
v -0.47918 -4.00277 -1.67680
v 0.46039 3.33421 -2.46175
v -4.10895 -1.20152 1.62898
v 1.53377 -1.71492 -3.45855
v -2.15005 3.82189 -0.11239
v -2.19282 -3.91380 -0.11989
v 1.51172 1.69805 -3.40440
v -4.08385 1.18604 1.62656
v 0.48385 -3.41784 -2.52567
v -0.46551 3.90113 -1.61974
v -3.60920 -2.53162 1.18049
v 1.79412 -0.41050 -3.66683
v -3.09064 3.13693 0.74410
v -1.12171 -4.13009 -1.07689
v 0.95167 2.80215 -2.88709
v -4.21911 -0.29108 1.75381
v 1.22966 -2.44936 -3.17348
v -1.50050 4.01347 -0.67929
v -2.79272 -3.52759 0.44706
v 1.72863 0.92099 -3.58609
v -3.80141 2.02841 1.39355
v -0.07676 -3.83354 -2.00401
v 0.14157 3.61012 -2.14849
v -3.95170 -1.74120 1.51615
v 1.68732 -1.22939 -3.55981
v -2.52055 3.62721 0.24904
v -1.77532 -4.06117 -0.46447
v 1.34832 2.15218 -3.22804
v -4.17630 0.63335 1.73898
v 0.81428 -3.08769 -2.78629
v -0.84188 4.01395 -1.25459
v -3.31752 -2.96366 0.94704
v 1.82414 0.10214 -3.65947
v -3.38957 2.76514 1.04223
v -0.69702 -4.07726 -1.42573
v 0.68473 3.16076 -2.61995
v -4.15563 -0.86110 1.72576
v 1.45643 -2.00658 -3.34046
v -1.88984 3.93735 -0.30133
v -2.40693 -3.79407 0.13000
v 1.63673 1.41255 -3.47249
v -3.98257 1.52374 1.58622
v 0.30284 -3.59762 -2.31014
v -0.20472 3.82885 -1.81059
v -3.73842 -2.24835 1.35327
v 1.79430 -0.72725 -3.62053
v -2.87043 3.36020 0.59286
v -1.34814 -4.13124 -0.81698
v 1.14304 2.57672 -3.01544
v -4.20923 0.06321 1.79823
v 1.10794 -2.70825 -3.01389
v -1.23016 4.05657 -0.87809
v -2.98337 -3.33777 0.67587
v 1.80735 0.61304 -3.61186
v -3.64835 2.33432 1.30498
v -0.28383 -3.95058 -1.76352
v 0.38319 3.47224 -2.32220
v -4.03188 -1.41706 1.64376
v 1.63875 -1.53481 -3.46837
v -2.27135 3.78617 0.07056
v -1.99819 -3.98698 -0.20705
v 1.50020 1.88529 -3.32047
v -4.10912 0.98363 1.73023
v 0.65355 -3.30113 -2.58998
v -0.57324 3.98439 -1.45234
v -3.47346 -2.71210 1.14421
v 1.85431 -0.21558 -3.64064
v -3.19165 3.02439 0.91180
v -0.91977 -4.12401 -1.16984
v 0.89797 2.96497 -2.76801
v -4.18112 -0.51222 1.80283
v 1.36124 -2.28724 -3.20564
v -1.62311 4.02559 -0.49650
v -2.61383 -3.64649 0.37336
v 1.74427 1.11586 -3.52445
v -3.86044 1.85244 1.52636
v 0.11053 -3.75428 -2.08385
v 0.05097 3.72983 -1.99689
v -3.85007 -1.94693 1.50976
v 1.77526 -1.04160 -3.55632
v -2.63683 3.56066 0.42901
v -1.57494 -4.10342 -0.55651
v 1.32032 2.33276 -3.13083
v -4.17734 0.41927 1.82212
v 0.97025 -2.95105 -2.83927
v -0.95785 4.07148 -1.07890
v -3.16237 -3.12272 0.89398
v 1.86736 0.29897 -3.62029
v -3.47654 2.62517 1.19885
v -0.49840 -4.04128 -1.51580
v 0.61577 3.30999 -2.48768
v -4.09190 -1.08054 1.75264
v 1.57158 -1.83242 -3.35954
v -2.01289 3.91908 -0.11672
v -2.21671 -3.88405 0.04653
v 1.63564 1.60432 -3.39774
v -4.02024 1.32892 1.70121
v 0.47952 -3.49389 -2.38110
v -0.30712 3.92705 -1.64791
v -3.61384 -2.43931 1.32700
v 1.86522 -0.53411 -3.60392
v -2.97803 3.26337 0.76661
v -1.14571 -4.14238 -0.91075
v 1.09878 2.74818 -2.90468
v -4.18492 -0.15741 1.85969
v 1.24886 -2.55483 -3.05468
v -1.35159 4.08593 -0.69629
v -2.81175 -3.47186 0.60853
v 1.83371 0.80999 -3.55968
v -3.71806 2.16967 1.44757
v -0.09168 -3.88647 -1.84812
v 0.29992 3.60474 -2.17710
v -3.94300 -1.62944 1.64889
v 1.73714 -1.35136 -3.47433
v -2.39131 3.73678 0.25393
v -1.80029 -4.04654 -0.29716
v 1.48241 2.07192 -3.23226
v -4.12335 0.77449 1.82539
v 0.81756 -3.17588 -2.65051
v -0.68533 4.05805 -1.28007
v -3.32812 -2.88378 1.09989
v 1.90832 -0.01909 -3.61104
v -3.28698 2.89875 1.07607
v -0.71885 -4.10471 -1.26236
v 0.83785 3.12450 -2.64357
v -4.13100 -0.73402 1.84206
v 1.48626 -2.12010 -3.23374
v -1.74684 4.02491 -0.31122
v -2.42906 -3.75283 0.29457
v 1.75382 1.31115 -3.45908
v -3.91003 1.66665 1.65224
v 0.29345 -3.66439 -2.16078
v -0.04524 3.84233 -1.83972
v -3.73732 -2.14710 1.49414
v 1.85683 -0.85128 -3.54925
v -2.75003 3.48027 0.60790
v -1.37307 -4.13194 -0.65011
v 1.28593 2.51188 -3.02881
v -4.16667 0.20076 1.89601
v 1.12006 -2.80737 -2.88829
v -1.07707 4.11787 -0.89905
v -2.99898 -3.27122 0.83391
v 1.90453 0.49698 -3.57767
v -3.55620 2.47306 1.35054
v -0.30229 -3.99296 -1.60434
v 0.54053 3.45445 -2.34972
v -4.01620 -1.29809 1.76970
v 1.68022 -1.65438 -3.37479
v -2.13547 3.88722 0.06907
v -2.02236 -3.96071 -0.04065
v 1.62834 1.79597 -3.31879
v -4.04735 1.12623 1.80812
v 0.65095 -3.38098 -2.44861
v -0.41440 4.01635 -1.47995
v -3.47911 -2.62251 1.29218
v 1.92999 -0.33901 -3.58391
v -3.08080 3.15300 0.93770
v -0.94349 -4.14012 -1.00479
v 1.04804 2.91704 -2.78857
v -4.14854 -0.37999 1.91141
v 1.38340 -2.39577 -3.09151
v -1.47493 4.10285 -0.51133
v -2.63346 -3.59401 0.53540
v 1.85405 1.00776 -3.50384
v -3.77898 1.99429 1.58380
v 0.09669 -3.81119 -1.93031
v 0.21070 3.73080 -2.02617
v -3.84266 -1.83747 1.64447
v 1.82923 -1.16492 -3.47670
v -2.50908 3.67342 0.43700
v -1.60004 -4.09246 -0.38960
v 1.45827 2.25766 -3.13930
v -4.12619 0.55967 1.91158
v 0.97573 -3.04294 -2.70730
v -0.80132 4.12116 -1.10312
v -3.17387 -3.04579 1.04796
v 1.95633 0.17894 -3.57804
v -3.37579 2.76032 1.23612
v -0.51971 -4.07271 -1.35399
v 0.77129 3.28000 -2.51335
v -4.06879 -0.95523 1.87136
v 1.60490 -1.94852 -3.25806
v -1.87094 4.01083 -0.12401
v -2.23932 -3.84626 0.21132
v 1.75724 1.50678 -3.38961
v -3.94958 1.47191 1.77052
v 0.47161 -3.56470 -2.23466
v -0.14679 3.94666 -1.67689
v -3.61392 -2.34062 1.46952
v 1.93230 -0.65860 -3.53878
v -2.85928 3.38598 0.78491
v -1.17058 -4.14695 -0.74472
v 1.24504 2.68905 -2.92144
v -4.14409 -0.02101 1.96028
v 1.26371 -2.65741 -2.93349
v -1.19893 4.15229 -0.71540
v -2.82817 -3.40848 0.76736
v 1.93575 0.69619 -3.53146
v -3.62780 2.30937 1.49652
v -0.10931 -3.93298 -1.69101
v 0.45907 3.59325 -2.20575
v -3.92876 -1.51256 1.77696
v 1.78264 -1.47286 -3.38646
v -2.25673 3.84137 0.25535
v -1.82480 -4.02393 -0.13093
v 1.61474 1.98728 -3.23519
v -4.06344 0.91668 1.90640
v 0.81691 -3.25973 -2.51266
v -0.52616 4.09575 -1.30680
v -3.33486 -2.79700 1.24919
v 1.98884 -0.14199 -3.56053
v -3.17790 3.02928 1.10532
v -0.74229 -4.12488 -1.09860
v 0.99074 3.08262 -2.66661
v -4.10007 -0.60330 1.95320
v 1.51171 -2.23169 -3.12463
v -1.59946 4.10665 -0.32373
v -2.44939 -3.70375 0.45705
v 1.86835 1.20631 -3.44401
v -3.83048 1.80892 1.71298
v 0.28083 -3.72553 -2.00987
v 0.11574 3.84946 -1.86927
v -3.73126 -2.04002 1.63068
v 1.91528 -0.97571 -3.47569
v -2.62379 3.59594 0.61900
v -1.39834 -4.12487 -0.48379
v 1.42762 2.44211 -3.04106
v -4.11734 0.34031 1.98838
v 1.12802 -2.90308 -2.76047
v -0.92066 4.17284 -0.92175
v -3.01149 -3.19735 0.98889
v 1.99848 0.37853 -3.54153
v -3.45730 2.60955 1.39117
v -0.32301 -4.02864 -1.44432
v 0.69828 3.43064 -2.37695
v -3.99468 -1.17465 1.89071
v 1.71741 -1.77297 -3.27883
v -1.99461 3.98283 0.06445
v -2.04554 -3.92655 0.12420
v 1.75444 1.70259 -3.31560
v -3.97859 1.26914 1.88059
v 0.64472 -3.45604 -2.30540
v -0.25337 4.04181 -1.50843
v -3.48047 -2.52648 1.43623
v 2.00192 -0.46365 -3.52500
v -2.96371 3.27790 0.95924
v -0.96832 -4.14880 -0.83978
v 1.19751 2.86368 -2.80823
v -4.10948 -0.24483 2.01469
v 1.40131 -2.50185 -2.97509
v -1.32279 4.17396 -0.52841
v -2.65079 -3.53394 0.69489
v 1.96104 0.89658 -3.48138
v -3.69062 2.13477 1.63605
v 0.08002 -3.86209 -1.77554
v 0.37150 3.72544 -2.05552
v -3.82995 -1.72277 1.77454
v 1.87909 -1.28815 -3.39477
v -2.37584 3.78127 0.44136
v -1.62496 -4.07373 -0.22371
v 1.59469 2.17792 -3.14640
v -4.06817 0.70133 1.99558
v 0.97730 -3.13094 -2.57331
v -0.64193 4.16432 -1.12868
v -3.18182 -2.96194 1.19847
v 2.04191 0.05693 -3.53372
v -3.26850 2.89255 1.26866
v -0.54282 -4.09722 -1.19174
v 0.92681 3.24413 -2.53839
v -4.03960 -0.82613 1.98494
v 1.63401 -2.06312 -3.15426
v -1.72442 4.09673 -0.13409
v -2.26044 -3.80075 0.37409
v 1.87653 1.40551 -3.37976
v -3.87197 1.61445 1.83445
v 0.46040 -3.63031 -2.08667
v 0.01526 3.95970 -1.70634
v -3.60933 -2.23602 1.60777
v 1.99555 -0.78385 -3.47140
v -2.73457 3.50430 0.79912
v -1.19606 -4.14402 -0.57915
v 1.39032 2.62472 -2.93702
v -4.09662 0.11760 2.05544
v 1.27448 -2.75704 -2.81015
v -1.04275 4.21223 -0.73638
v -2.84180 -3.33781 0.92322
v 2.03481 0.57970 -3.50126
v -3.53077 2.44701 1.54042
v -0.12935 -3.97319 -1.53303
v 0.61886 3.57549 -2.23410
v -3.90893 -1.39107 1.90013
v 1.82404 -1.59378 -3.29629
v -2.11702 3.94056 0.25347
v -1.84863 -3.99362 0.03384
v 1.74525 1.89830 -3.23652
v -3.99664 1.05938 1.98193
v 0.81262 -3.33924 -2.37300
v -0.36457 4.12680 -1.33448
v -3.33762 -2.70375 1.39465
v 2.06585 -0.26643 -3.50785
v -3.06250 3.15624 1.13006
v -0.76705 -4.13796 -0.93481
v 1.14323 3.03503 -2.68871
v -4.06286 -0.46948 2.05903
v 1.53305 -2.34128 -3.01327
v -1.44792 4.18219 -0.33864
v -2.46772 -3.64716 0.61708
v 1.98033 1.09809 -3.42703
v -3.74406 1.95003 1.76843
v 0.26528 -3.78110 -1.85772
v 0.27800 3.85002 -1.89893
v -3.72018 -1.92760 1.76263
v 1.96985 -1.10041 -3.39986
v -2.49193 3.70677 0.62631
v -1.42371 -4.11027 -0.31838
v 1.56800 2.36740 -3.05188
v -4.06127 0.48133 2.07525
v 1.13212 -2.99538 -2.63066
v -0.76118 4.22116 -0.94592
v -3.02075 -3.11657 1.14049
v 2.08929 0.25781 -3.50328
v -3.35182 2.74328 1.42692
v -0.34572 -4.05778 -1.28381
v 0.85624 3.40068 -2.40354
v -3.96730 -1.04725 2.00659
v 1.75054 -1.89047 -3.18062
v -1.84901 4.07262 0.05690
v -2.06753 -3.88482 0.28714
v 1.87843 1.60518 -3.31059
v -3.90296 1.41182 1.94761
v 0.63515 -3.52637 -2.16065
v -0.09039 4.06052 -1.53746
v -3.47744 -2.42448 1.57607
v 2.07024 -0.58938 -3.46384
v -2.84059 3.39863 0.97653
v -0.99400 -4.15028 -0.67515
v 1.34621 2.80482 -2.82665
v -4.06396 -0.10728 2.11250
v 1.41525 -2.60546 -2.85655
v -1.16693 4.23857 -0.54751
v -2.66563 -3.46665 0.85151
v 2.06528 0.78241 -3.45687
v -3.59551 2.27337 1.68313
v 0.06080 -3.90712 -1.61985
v 0.53315 3.71356 -2.08459
v -3.81188 -1.60334 1.89976
v 1.92507 -1.41118 -3.31057
v -2.23733 3.88377 0.44225
v -1.64948 -4.04751 -0.05916
v 1.72950 2.09352 -3.15181
v -4.00337 0.84371 2.07404
v 0.97524 -3.21509 -2.43752
v -0.47992 4.20068 -1.15530
v -3.18607 -2.87160 1.34521
v 2.12421 -0.06692 -3.48719
v -3.15484 3.02137 1.29654
v -0.56746 -4.11499 -1.02938
v 1.08215 3.20226 -2.56245
v -4.00431 -0.69375 2.09319
v 1.65915 -2.17616 -3.04826
v -1.57357 4.17643 -0.14673
v -2.27987 -3.74785 0.53453
v 1.99347 1.30058 -3.36791
v -3.78753 1.75603 1.89299
v 0.44617 -3.69081 -1.93742
v 0.17882 3.96597 -1.73596
v -3.59997 -2.12599 1.74150
v 2.05513 -0.90972 -3.40175
v -2.60415 3.61788 0.80937
v -1.22189 -4.13382 -0.41439
v 1.53449 2.55514 -2.95107
v -4.04258 0.25786 2.14505
v 1.28146 -2.85373 -2.68485
v -0.88329 4.26542 -0.75897
v -2.85247 -3.26027 1.07580
v 2.13093 0.46063 -3.46887
v -3.42716 2.58206 1.57931
v -0.15154 -4.00725 -1.37449
v 0.77907 3.55131 -2.26182
v -3.88345 -1.26548 2.01820
v 1.86157 -1.71401 -3.20386
v -1.97243 4.03396 0.24848
v -1.87155 -3.95591 0.19682
v 1.87386 1.80499 -3.23593
v -3.92304 1.20206 2.05191
v 0.80496 -3.41449 -2.23179
v -0.20083 4.15092 -1.36281
v -3.33626 -2.60447 1.53597
v 2.13947 -0.39227 -3.45289
v -2.94101 3.27917 1.15038
v -0.79289 -4.14416 -0.77131
v 1.29516 2.98165 -2.70951
v -4.01936 -0.33309 2.15938
v 1.55053 -2.44883 -2.89983
v -1.29249 4.25120 -0.35572
v -2.48387 -3.58344 0.77434
v 2.08974 0.98660 -3.40789
v -3.65091 2.08945 1.81859
v 0.24707 -3.83123 -1.70460
v 0.44131 3.84384 -1.92836
v -3.70399 -1.81033 1.88978
v 2.02072 -1.22528 -3.32173
v -2.35470 3.81234 0.62998
v -1.44895 -4.08841 -0.15421
v 1.70695 2.28774 -3.06090
v -3.99855 0.62327 2.15651
v 1.13263 -3.08429 -2.49906
v -0.59888 4.26255 -0.97128
v -3.02661 -3.02930 1.28842
v 2.17700 0.13493 -3.46273
v -3.23996 2.87377 1.45787
v -0.37014 -4.08054 -1.12310
v 1.01422 3.36444 -2.42914
v -3.93403 -0.91641 2.11716
v 1.77986 -2.00682 -3.08020
v -1.69894 4.15620 0.04660
v -2.08812 -3.83585 0.44787
v 2.00026 1.50381 -3.30346
v -3.82058 1.55374 2.00914
v 0.62251 -3.59203 -2.01460
v 0.07428 4.07226 -1.56675
v -3.46992 -2.31697 1.71146
v 2.13508 -0.71606 -3.40036
v -2.71167 3.51474 0.98969
v -1.02027 -4.14479 -0.51122
v 1.49398 2.74042 -2.84348
v -4.01202 0.03213 2.20474
v 1.42548 -2.70656 -2.73604
v -1.00762 4.29637 -0.56837
v -2.67781 -3.39252 1.00495
v 2.16675 0.66537 -3.43005
v -3.49383 2.40959 1.72507
v 0.03930 -3.94641 -1.46354
v 0.69541 3.69502 -2.11306
v -3.78841 -1.47966 2.01991
v 1.96734 -1.53390 -3.22408
v -2.09382 3.98053 0.43985
v -1.67337 -4.01409 0.10372
v 1.86256 2.00450 -3.15519
v -3.93190 0.98628 2.14688
v 0.96982 -3.29542 -2.30016
v -0.31557 4.22997 -1.18271
v -3.18650 -2.77520 1.48792
v 2.20329 -0.19249 -3.43828
v -3.03505 3.14631 1.31984
v -0.59338 -4.12622 -0.86720
v 1.23709 3.15430 -2.58519
v -3.96294 -0.55862 2.19598
v 1.68056 -2.28757 -2.94015
v -1.41867 4.24957 -0.16171
v -2.29740 -3.68793 0.69233
v 2.10801 1.19207 -3.35377
v -3.69643 1.89613 1.94614
v 0.42922 -3.74630 -1.78716
v 0.34361 3.96527 -1.76543
v -3.58577 -2.01101 1.87047
v 2.11119 -1.03609 -3.32973
v -2.46827 3.72630 0.81580
v -1.24785 -4.11663 -0.25075
v 1.67739 2.48030 -2.96325
v -3.98203 0.39926 2.22902
v 1.28490 -2.94747 -2.55774
v -0.72086 4.31160 -0.78290
v -2.86003 -3.17625 1.22481
v 2.22413 0.33910 -3.43405
v -3.31716 2.71406 1.61325
v -0.17560 -4.03534 -1.21567
v 0.93947 3.52059 -2.28856
v -3.85231 -1.13629 2.13099
v 1.89544 -1.83347 -3.10921
v -1.82323 4.12119 0.24057
v -1.89335 -3.91112 0.35771
v 2.00044 1.70741 -3.23310
v -3.84279 1.34420 2.11633
v 0.79422 -3.48552 -2.08924
v -0.03520 4.16791 -1.39151
v -3.33070 -2.49963 1.67293
v 2.20979 -0.51939 -3.39549
v -2.81368 3.39762 1.16641
v -0.81955 -4.14369 -0.60839
v 1.44632 2.92241 -2.72867
v -3.96963 -0.19465 2.25415
v 1.56441 -2.55431 -2.78438
v -1.13345 4.31336 -0.37474
v -2.49766 -3.51297 0.92855
v 2.19655 0.87192 -3.38630
v -3.55124 2.22669 1.86349
v 0.22648 -3.87604 -1.55078
v 0.60542 3.83074 -1.95724
v -3.68265 -1.68869 2.01191
v 2.06806 -1.35018 -3.24126
v -2.21236 3.91226 0.63017
v -1.47383 -4.05958 0.00843
v 1.84430 2.20313 -3.06780
v -3.92928 0.76561 2.23211
v 1.12981 -3.16983 -2.36584
v -0.43407 4.29676 -0.99757
v -3.02894 -2.93596 1.43242
v 2.26165 0.01002 -3.41967
v -3.12195 3.00055 1.48409
v -0.39603 -4.09713 -0.96247
v 1.17196 3.32184 -2.45342
v -3.89490 -0.78265 2.22228
v 1.80559 -2.12194 -2.97763
v -1.54469 4.23324 0.03378
v -2.10711 -3.77998 0.60609
v 2.11982 1.39854 -3.29391
v -3.73160 1.69439 2.06517
v 0.60709 -3.65313 -1.86747
v 0.24037 4.07685 -1.59598
v -3.45783 -2.20442 1.84218
v 2.19656 -0.84358 -3.33441
v -2.57723 3.62582 0.99885
v -1.04691 -4.13259 -0.34828
v 1.64062 2.67044 -2.85837
v -3.95374 0.17286 2.29131
v 1.43226 -2.80514 -2.61368
v -0.84518 4.34708 -0.59074
v -2.68720 -3.31197 1.15496
v 2.26544 0.54556 -3.40066
v -3.38578 2.54294 1.76192
v 0.01580 -3.98012 -1.30685
v 0.85801 3.66967 -2.14060
v -3.75953 -1.35225 2.13481
v 2.00610 -1.65620 -3.13529
v -1.94560 4.07119 0.43434
v -1.69643 -3.97379 0.26465
v 1.99375 1.91087 -3.15621
v -3.85387 1.12851 2.21408
v 0.96133 -3.37199 -2.16140
v -0.14917 4.25197 -1.21061
v -3.18301 -2.67320 1.62636
v 2.27922 -0.31965 -3.38681
v -2.90938 3.26692 1.33869
v -0.62033 -4.13113 -0.70549
v 1.39141 3.10020 -2.60627
v -3.91553 -0.42125 2.29317
v 1.69847 -2.39731 -2.82999
v -1.26003 4.31585 -0.17882
v -2.31288 -3.62135 0.84721
v 2.22007 1.08006 -3.33703
v -3.59885 2.03425 1.99391
v 0.40980 -3.79691 -1.63610
v 0.50936 3.95746 -1.79443
v -3.56668 -1.89156 1.99450
v 2.16385 -1.16284 -3.25526
v -2.32720 3.82917 0.81857
v -1.27370 -4.09271 -0.08850
v 1.81882 2.40019 -2.97322
v -3.91507 0.54125 2.30727
v 1.28507 -3.03827 -2.42894
v -0.55574 4.35049 -0.80792
v -2.86437 -3.08618 1.37002
v 2.31440 0.21524 -3.39657
v -3.20101 2.84251 1.64231
v -0.20128 -4.05762 -1.05681
v 1.09979 3.48323 -2.31400
v -3.81553 -1.00402 2.23834
v 1.92584 -1.95207 -3.01231
v -1.66974 4.20191 0.22994
v -1.91386 -3.85960 0.51624
v 2.12488 1.60560 -3.22770
v -3.75604 1.48527 2.17515
v 0.78067 -3.55243 -1.94553
v 0.13199 4.17757 -1.42028
v -3.32084 -2.38968 1.80530
v 2.27686 -0.64766 -3.33549
v -2.68076 3.51117 1.17827
v -0.84680 -4.13683 -0.44632
v 1.59648 2.85730 -2.74584
v -3.91373 -0.05468 2.34322
v 1.57491 -2.65767 -2.66701
v -0.97114 4.36838 -0.39546
v -2.50895 -3.43612 1.07946
v 2.30068 0.75416 -3.36198
v -3.44523 2.36125 1.90317
v 0.20377 -3.91568 -1.39648
v 0.77002 3.81062 -1.98525
v -3.65614 -1.56320 2.12885
v 2.11200 -1.47502 -3.15835
v -2.06522 4.00613 0.62707
v -1.49815 -4.02408 0.16927
v 1.97988 2.11360 -3.07223
v -3.85359 0.90783 2.30200
v 1.12393 -3.25203 -2.23115
v -0.26707 4.32357 -1.02450
v -3.02764 -2.83700 1.57226
v 2.34326 -0.11679 -3.37388
v -2.99804 3.12316 1.50568
v -0.42313 -4.10776 -0.80217
v 1.32921 3.27280 -2.47603
v -3.84992 -0.64648 2.32181
v 1.82791 -2.23576 -2.87291
v -1.38657 4.30342 0.01864
v -2.12434 -3.71758 0.76154
v 2.23700 1.28945 -3.28160
v -3.63621 1.83326 2.11573
v 0.58915 -3.70976 -1.71945
v 0.40756 4.07412 -1.62485
v -3.44113 -2.08731 1.96802
v 2.25477 -0.97179 -3.26586
v -2.43753 3.73144 1.00418
v -1.07369 -4.11394 -0.18658
v 1.78591 2.59488 -2.87098
v -3.88921 0.31441 2.37213
v 1.43581 -2.90119 -2.48955
v -0.67992 4.39045 -0.61437
v -2.69365 -3.22540 1.30129
v 2.36129 0.42310 -3.36843
v -3.27159 2.67294 1.79375
v -0.00947 -4.00843 -1.15000
v 1.02068 3.63742 -2.16687
v -3.72523 -1.22161 2.24432
v 2.04149 -1.77800 -3.04412
v -1.79298 4.15538 0.42593
v -1.71847 -3.92693 0.42337
v 2.12288 1.81271 -3.15454
v -3.76944 1.26989 2.27561
v 0.95001 -3.44485 -2.02138
v 0.01895 4.26651 -1.23872
v -3.17551 -2.56604 1.76032
v 2.35200 -0.44826 -3.33255
v -2.77809 3.38278 1.35319
v -0.64808 -4.12995 -0.54448
v 1.54486 3.03992 -2.62534
v -3.86213 -0.28217 2.38467
v 1.71309 -2.50532 -2.71778
v -1.09799 4.37497 -0.19780
v -2.32616 -3.54850 0.99894
v 2.32953 0.96464 -3.31739
v -3.49498 2.16989 2.03635
v 0.38817 -3.84275 -1.48444
v 0.67575 3.94238 -1.82266
v -3.54268 -1.76813 2.11340
v 2.21322 -1.28984 -3.17821
v -2.18126 3.92608 0.81786
v -1.29925 -4.06238 0.07210
v 1.95858 2.31484 -2.98063
v -3.84182 0.68333 2.37977
v 1.28221 -3.12615 -2.29856
v -0.38829 4.38189 -0.83375
v -2.86537 -2.99048 1.51119
v 2.40169 0.08917 -3.35617
v -3.07896 2.96698 1.66660
v -0.22834 -4.07431 -0.89814
v 1.25974 3.43916 -2.33780
v -3.77313 -0.86918 2.34014
v 1.95293 -2.06972 -2.91312
v -1.51227 4.27579 0.21681
v -1.93289 -3.80170 0.67216
v 2.24702 1.49965 -3.21941
v -3.66295 1.62478 2.22841
v 0.76456 -3.61529 -1.80081
v 0.30043 4.17975 -1.44881
v -3.30664 -2.27510 1.93290
v 2.34075 -0.77693 -3.27270
v -2.54255 3.61940 1.18610
v -0.87442 -4.12381 -0.28533
v 1.74539 2.78629 -2.76070
v -3.85175 0.08629 2.42653
v 1.58225 -2.75889 -2.54775
v -0.80588 4.41601 -0.41761
v -2.51760 -3.35332 1.22684
v 2.40204 0.63344 -3.33464
v -3.33311 2.49265 1.93771
v 0.17919 -3.95031 -1.24187
v 0.93482 3.78336 -2.01208
v -3.62446 -1.43433 2.24046
v 2.15267 -1.59966 -3.07292
v -1.91360 4.09362 0.62086
v -1.52171 -3.98225 0.32807
v 2.11349 2.01920 -3.07386
v -3.77161 1.04940 2.36616
v 1.11524 -3.33094 -2.09507
v -0.09820 4.34277 -1.05180
v -3.02262 -2.73285 1.70775
v 2.42180 -0.24535 -3.32511
v -2.86849 3.24118 1.52277
v -0.45121 -4.11265 -0.64241
v 1.48570 3.21729 -2.49664
v -3.79917 -0.50842 2.41566
v 1.84702 -2.34820 -2.76600
v -1.22494 4.36645 0.00143
v -2.13966 -3.64902 0.91400
v 2.35165 1.17664 -3.26624
v -3.53460 1.96986 2.16084
v 0.56894 -3.76205 -1.57068
v 0.57553 4.06394 -1.65306
v -3.41977 -1.96612 2.08883
v 2.30975 -1.10055 -3.19454
v -2.29290 3.83124 1.00582
v -1.10041 -4.08914 -0.02634
v 1.92961 2.51376 -2.88098
v -3.81854 0.45624 2.44716
v 1.43638 -2.99471 -2.36370
v -0.51219 4.42624 -0.63899
v -2.69705 -3.13323 1.44373
v 2.45424 0.29813 -3.33309
v -3.15152 2.79912 1.82067
v -0.03624 -4.03152 -0.99318
v 1.18310 3.59822 -2.19157
v -3.68553 -1.08823 2.34833
v 2.07365 -1.89916 -2.95050
v -1.63631 4.23280 0.41480
v -1.73931 -3.87387 0.57967
v 2.24976 1.71008 -3.14985
v -3.67879 1.40992 2.33150
v 0.93611 -3.51408 -1.88020
v 0.18845 4.27340 -1.26675
v -3.16395 -2.45420 1.88962
v 2.42166 -0.57818 -3.27530
v -2.64148 3.49345 1.36349
v -0.67639 -4.12295 -0.38437
v 1.69714 2.97345 -2.64207
v -3.80284 -0.14190 2.47040
v 1.72461 -2.61154 -2.60353
v -0.93288 4.42668 -0.21842
v -2.33709 -3.46976 1.14730
v 2.43628 0.84595 -3.29455
v -3.38506 2.30258 2.07351
v 0.36458 -3.88399 -1.33232
v 0.84245 3.91997 -1.84980
v -3.51376 -1.64120 2.22705
v 2.25938 -1.41694 -3.09842
v -2.03077 4.01671 0.81384
v -1.32431 -4.02593 0.23086
v 2.09643 2.22431 -2.98516
v -3.76242 0.82499 2.44649
v 1.27655 -3.21112 -2.16665
v -0.21886 4.40559 -0.86012
v -2.86295 -2.88959 1.64815
v 2.48597 -0.03896 -3.31259
v -2.95129 3.08702 1.68622
v -0.25653 -4.08562 -0.73983
v 1.41903 3.38835 -2.35964
v -3.72515 -0.73228 2.43628
v 1.97686 -2.18631 -2.81157
v -1.35119 4.34255 0.20139
v -1.95028 -3.73777 0.82527
v 2.36666 1.38966 -3.20791
v -3.56373 1.76223 2.27613
v 0.74613 -3.67421 -1.65518
v 0.46977 4.17430 -1.47682
v -3.28806 -2.15635 2.05557
v 2.40147 -0.90704 -3.20692
v -2.39936 3.72192 1.19007
v -0.90219 -4.10493 -0.12561
v 1.89279 2.70943 -2.77290
v -3.78379 0.22775 2.50403
v 1.58664 -2.85792 -2.42659
v -0.63803 4.45602 -0.44096
v -2.52351 -3.26496 1.37050
v 2.50053 0.50989 -3.30399
v -3.21515 2.62044 1.96718
v 0.15298 -3.98011 -1.08712
v 1.09947 3.74890 -2.03741
v -3.58761 -1.30259 2.34661
v 2.19015 -1.72397 -2.98481
v -1.75785 4.17440 0.61174
v -1.54435 -3.93440 0.48463
v 2.24490 1.92002 -3.07236
v -3.68352 1.18984 2.42461
v 1.10396 -3.40660 -1.95767
v 0.07216 4.35423 -1.07919
v -3.01382 -2.62398 1.83870
v 2.49723 -0.37551 -3.27313
v -2.73362 3.35417 1.53549
v -0.48004 -4.11203 -0.48336
v 1.64111 3.15531 -2.51493
v -3.74271 -0.36897 2.50376
v 1.86307 -2.45917 -2.65686
v -1.06014 4.42207 -0.01762
v -2.15293 -3.57468 1.06328
v 2.46361 1.06024 -3.24750
v -3.42701 2.10372 2.20057
v 0.54670 -3.81012 -1.42129
v 0.74392 4.04623 -1.68031
v -3.39374 -1.84133 2.20448
v 2.36156 -1.22970 -3.12025
v -2.14368 3.92485 1.00397
v -1.12687 -4.05848 0.13225
v 2.07146 2.42715 -2.88803
v -3.74186 0.59786 2.51638
v 1.43416 -3.08567 -2.23614
v -0.34236 4.45427 -0.66434
v -2.69732 -3.03588 1.58211
v 2.54418 0.17080 -3.29435
v -3.02584 2.92107 1.84276
v -0.06430 -4.04958 -0.83653
v 1.34495 3.55202 -2.21437
v -3.64049 -0.95263 2.44672
v 2.10269 -2.01956 -2.85430
v -1.47592 4.30313 0.40120
v -1.75879 -3.81495 0.73335
v 2.37419 1.60308 -3.14182
v -3.58210 1.54811 2.38176
v 0.91986 -3.57973 -1.73796
v 0.35896 4.27254 -1.29441
v -3.14828 -2.33811 2.01411
v 2.48816 -0.70922 -3.21483
v -2.49987 3.59857 1.36974
v -0.70507 -4.11038 -0.22533
v 1.84798 2.90082 -2.65616
v -3.73775 -0.00093 2.55032
v 1.73321 -2.71589 -2.48720
v -0.76509 4.47074 -0.24043
v -2.34556 -3.38553 1.29212
v 2.54016 0.72412 -3.26821
v -3.26934 2.43185 2.10549
v 0.33927 -3.92076 -1.17987
v 1.00912 3.89014 -1.87555
v -3.47992 -1.51127 2.33532
v 2.30238 -1.54400 -3.01574
v -1.87608 4.10070 0.80672
v -1.34868 -3.98370 0.38759
v 2.23213 2.12867 -2.98649
v -3.67704 0.96573 2.50744
v 1.26830 -3.29318 -2.03323
v -0.04781 4.42144 -0.88676
v -2.85703 -2.78396 1.78073
v 2.56715 -0.16897 -3.26557
v -2.81827 3.20222 1.70130
v -0.28565 -4.09176 -0.58203
v 1.57733 3.33081 -2.37922
v -3.67168 -0.59380 2.52671
v 1.99776 -2.30173 -2.70756
v -1.18686 4.40192 0.18393
v -1.96591 -3.66820 0.97540
v 2.48363 1.27576 -3.19290
v -3.45861 1.89715 2.31837
v 0.72563 -3.72926 -1.50875
v 0.63965 4.16115 -1.50402
v -3.26508 -2.03391 2.17319
v 2.45901 -1.03782 -3.13794
v -2.25153 3.81838 1.19036
v -0.92993 -4.08046 0.03266
v 2.03839 2.62675 -2.78214
v -3.71000 0.36921 2.57570
v 1.58826 -2.95472 -2.30353
v -0.46798 4.48822 -0.46523
v -2.52657 -3.17146 1.51027
v 2.59600 0.38368 -3.26973
v -3.09160 2.74418 1.99170
v 0.12538 -4.00523 -0.93235
v 1.26365 3.70722 -2.06094
v -3.54566 -1.16846 2.44723
v 2.22453 -1.84779 -2.89390
v -1.59831 4.24816 0.59994
v -1.56590 -3.88088 0.63880
v 2.37388 1.81615 -3.06743
v -3.58950 1.32866 2.47737
v 1.09031 -3.47902 -1.81901
v 0.24366 4.35780 -1.10638
v -3.00119 -2.51082 1.96500
v 2.56951 -0.50708 -3.21769
v -2.59372 3.46177 1.54399
v -0.50942 -4.10616 -0.32517
v 1.79515 3.08689 -2.53060
v -3.68064 -0.22864 2.58606
v 1.87622 -2.56857 -2.54541
v -0.89256 4.47004 -0.03827
v -2.16402 -3.49495 1.20922
v 2.57270 0.94038 -3.22510
v -3.31367 2.23438 2.23500
v 0.52267 -3.85406 -1.27136
v 0.91239 4.02091 -1.70631
v -3.36306 -1.71341 2.31485
v 2.41021 -1.35908 -3.04282
v -1.99019 4.01193 0.99882
v -1.15289 -4.02227 0.28903
v 2.21119 2.33511 -2.89183
v -3.65935 0.73877 2.57980
v 1.42935 -3.17403 -2.10687
v -0.17081 4.47437 -0.69016
v -2.69439 -2.93378 1.71630
v 2.63099 0.04129 -3.25195
v -2.89484 3.03835 1.86017
v -0.09341 -4.06281 -0.68018
v 1.50589 3.49884 -2.23497
v -3.59016 -0.81529 2.53945
v 2.12872 -2.13906 -2.75540
v -1.31221 4.36612 0.38533
v -1.77678 -3.75053 0.88427
v 2.49594 1.49185 -3.13015
v -3.47958 1.68398 2.42646
v 0.90150 -3.64185 -1.59469
v 0.53012 4.26382 -1.32142
v -3.12848 -2.21826 2.13369
v 2.55147 -0.84120 -3.15091
v -2.35359 3.69777 1.37213
v -0.73392 -4.09251 -0.06751
v 1.99707 2.82209 -2.66728
v -3.66699 0.14024 2.62441
v 1.73904 -2.81829 -2.36873
v -0.59499 4.50697 -0.26358
v -2.35148 -3.29623 1.43325
v 2.64101 0.59933 -3.23808
v -3.14807 2.55728 2.13238
v 0.31248 -3.95319 -1.02718
v 1.17540 3.85288 -1.89962
v -3.44120 -1.37881 2.43815
v 2.34227 -1.67082 -2.92998
v -1.71755 4.17777 0.79670
v -1.37222 -3.93600 0.54215
v 2.36540 2.02803 -2.98430
v -3.58586 1.10506 2.56265
v 1.25767 -3.37232 -1.89833
v 0.12446 4.42931 -0.91339
v -2.84756 -2.67400 1.90881
v 2.64513 -0.30067 -3.21484
v -2.68024 3.31218 1.71201
v -0.31547 -4.09295 -0.42487
v 1.73431 3.26656 -2.39621
v -3.61280 -0.45425 2.61137
v 2.01575 -2.41583 -2.60100
v -1.01965 4.45367 0.16466
v -1.97965 -3.59335 1.12241
v 2.59771 1.15809 -3.17406
v -3.34781 2.02908 2.35520
v 0.70326 -3.78052 -1.36155
v 0.80969 4.14023 -1.53011
v -3.23770 -1.90823 2.28565
v 2.51337 -1.16908 -3.06554
v -2.09941 3.90844 1.18715
v -0.95745 -4.05069 0.18937
v 2.18189 2.53836 -2.78810
v -3.63051 0.51018 2.64155
v 1.58729 -3.04921 -2.17852
v -0.29612 4.51244 -0.49016
v -2.52671 -3.07323 1.64604
v 2.68832 0.25501 -3.23161
v -2.96276 2.86344 2.01139
v 0.09660 -4.02584 -0.77764
v 1.42700 3.65832 -2.08238
v -3.49864 -1.03243 2.54225
v 2.25587 -1.97096 -2.80002
v -1.43538 4.31465 0.58566
v -1.58621 -3.82204 0.79044
v 2.50017 1.70773 -3.05876
v -3.48977 1.46538 2.52449
v 1.07451 -3.54822 -1.67909
v 0.41588 4.35339 -1.13310
v -2.98471 -2.39382 2.08653
v 2.63855 -0.63985 -3.15854
v -2.44914 3.56359 1.54844
v -0.53914 -4.09527 -0.16795
v 1.94748 3.01210 -2.54334
v -3.61308 -0.08790 2.66255
v 1.88658 -2.67627 -2.43156
v -0.72259 4.51017 -0.06026
v -2.17284 -3.41022 1.35169
v 2.67872 0.81726 -3.19874
v -3.19485 2.36139 2.26423
v 0.49706 -3.89399 -1.12096
v 1.08054 3.98797 -1.73075
v -3.32774 -1.58283 2.41988
v 2.45570 -1.48847 -2.96204
v -1.83282 4.09219 0.99057
v -1.17830 -3.98081 0.44388
v 2.34851 2.23777 -2.89208
v -3.57116 0.87850 2.63743
v 1.42214 -3.25976 -1.97586
v 0.00206 4.48642 -0.71617
v -2.68819 -2.82736 1.84617
v 2.71457 -0.09019 -3.20561
v -2.75883 3.15058 1.87304
v -0.12336 -4.07140 -0.52421
v 1.66558 3.43871 -2.25308
v -3.53464 -0.67669 2.62647
v 2.15179 -2.25748 -2.65366
v -1.14555 4.42152 0.36745
v -1.79315 -3.68097 1.03230
v 2.61479 1.37655 -3.11454
v -3.37149 1.81709 2.46567
v 0.88123 -3.70049 -1.45041
v 0.70152 4.24719 -1.34748
v -3.10455 -2.09508 2.24825
v 2.61153 -0.97391 -3.08330
v -2.20299 3.79070 1.37083
v -0.76273 -4.06959 0.08900
v 2.14410 2.73736 -2.67513
v -3.59069 0.28113 2.69267
v 1.74224 -2.91863 -2.24804
v -0.42299 4.53519 -0.28760
v -2.35476 -3.20224 1.57060
v 2.73865 0.47177 -3.20388
v -3.02156 2.67843 2.15431
v 0.28440 -3.98142 -0.87431
v 1.34092 3.80819 -1.92171
v -3.39766 -1.24430 2.53546
v 2.37907 -1.79722 -2.84097
v -1.55556 4.24764 0.78400
v -1.39476 -3.88316 0.69443
v 2.49600 1.92253 -2.97831
v -3.48907 1.24251 2.61217
v 1.24485 -3.44852 -1.76191
v 0.29757 4.42911 -0.93974
v -2.83452 -2.56018 2.03231
v 2.71981 -0.43385 -3.16016
v -2.53752 3.41653 1.71849
v -0.34578 -4.08941 -0.26841
v 1.88963 3.19567 -2.41034
v -3.54862 -0.31410 2.69026
v 2.03093 -2.52847 -2.49175
v -0.84998 4.49759 0.14383
v -1.99139 -3.51359 1.26619
v 2.70869 1.03685 -3.15113
v -3.23159 2.15758 2.38673
v 0.67926 -3.82806 -1.21363
v 0.97950 4.11153 -1.55480
v -3.20594 -1.77978 2.39291
v 2.56451 -1.30058 -2.98953
v -1.94336 3.99180 1.18064
v -0.98457 -4.01591 0.34442
v 2.32300 2.44437 -2.79050
v -3.54549 0.65018 2.70160
v 1.58387 -3.14129 -2.05149
v -0.12285 4.52855 -0.51550
v -2.52386 -2.97069 1.77771
v 2.77733 0.12407 -3.18934
v -2.82893 2.97784 2.02638
v 0.06686 -4.04210 -0.62306
v 1.58915 3.60225 -2.10142
v -3.44664 -0.89497 2.63164
v 2.28421 -2.09327 -2.70301
v -1.26944 4.37360 0.56916
v -1.60514 -3.75820 0.93944
v 2.62354 1.59494 -3.04606
v -3.38454 1.59955 2.56604
v 1.05676 -3.61420 -1.53790
v 0.58845 4.34096 -1.15906
v -2.96436 -2.27343 2.20322
v 2.70427 -0.77360 -3.09544
v -2.30022 3.65930 1.54902
v -0.56901 -4.07960 -0.01179
v 2.09778 2.93103 -2.55285
v -3.54017 0.05277 2.73323
v 1.89428 -2.78213 -2.31520
v -0.55063 4.54229 -0.08334
v -2.17930 -3.32087 1.49060
v 2.78148 0.69107 -3.16815
v -3.07082 2.48434 2.28837
v 0.47009 -3.93000 -0.97011
v 1.24801 3.94743 -1.75336
v -3.28784 -1.45006 2.51952
v 2.49803 -1.61765 -2.87772
v -1.67194 4.16535 0.97943
v -1.20295 -3.93442 0.59672
v 2.48314 2.13528 -2.88848
v -3.47750 1.01658 2.68934
v 1.41269 -3.34277 -1.84306
v 0.17584 4.49032 -0.74209
v -2.67869 -2.71704 1.97166
v 2.79476 -0.22342 -3.15510
v -2.61814 3.25738 1.88152
v -0.15395 -4.07553 -0.36869
v 1.82365 3.37170 -2.26841
v -3.47401 -0.53730 2.70777
v 2.17199 -2.37464 -2.54895
v -0.97635 4.46914 0.34779
v -1.80777 -3.60663 1.17736
v 2.73048 1.25737 -3.09472
v -3.25805 1.94698 2.49948
v 0.85925 -3.75566 -1.30514
v 0.87278 4.22263 -1.37233
v -3.07650 -1.96903 2.35776
v 2.66829 -1.10711 -3.01180
v -2.04843 3.87706 1.36604
v -0.79135 -4.04190 0.24412
v 2.28875 2.64676 -2.67944
v -3.50904 0.42127 2.75514
v 1.74295 -3.01678 -2.12504
v -0.24950 4.55528 -0.31223
v -2.35533 -3.10397 1.70407
v 2.83291 0.34167 -3.16536
v -2.89008 2.79492 2.17141
v 0.25526 -4.00556 -0.72129
v 1.50530 3.75613 -1.94153
v -3.34937 -1.10819 2.62725
v 2.41278 -1.92297 -2.74854
v -1.39050 4.31006 0.76887
v -1.41617 -3.82550 0.84435
v 2.62362 1.81237 -2.96823
v -3.38690 1.37765 2.65607
v 1.23001 -3.52171 -1.62394
v 0.47109 4.42078 -0.96552
v -2.81788 -2.44290 2.15116
v 2.79108 -0.56826 -3.10129
v -2.39046 3.51494 1.72093
v -0.37641 -4.08134 -0.11274
v 2.04295 3.11826 -2.42131
v -3.47927 -0.17382 2.76338
v 2.04336 -2.63945 -2.37969
v -0.67825 4.53352 0.12170
v -2.00102 -3.42931 1.40666
v 2.81634 0.91225 -3.12383
v -3.11023 2.28224 2.41307
v 0.65381 -3.87192 -1.06498
v 1.14869 4.07505 -1.57782
v -3.16985 -1.64901 2.49491
v 2.61237 -1.43210 -2.90968
v -1.78377 4.06816 1.17105
v -1.01113 -3.97639 0.49773
v 2.46141 2.34495 -2.78906
v -3.45514 0.78876 2.75590
v 1.57815 -3.23086 -1.92238
v 0.05142 4.53647 -0.54095
v -2.51799 -2.86425 1.90521
v 2.86287 -0.00888 -3.14268
v -2.69044 3.08701 2.03685
v 0.03636 -4.05415 -0.46864
v 1.74973 3.53908 -2.11779
v -3.38976 -0.75655 2.71539
v 2.30958 -2.21450 -2.60271
v -1.10089 4.42483 0.55066
v -1.62259 -3.68972 1.08574
v 2.74370 1.47798 -3.02907
v -3.27407 1.73074 2.60213
v 1.03722 -3.67692 -1.39542
v 0.76094 4.32047 -1.18398
v -2.94016 -2.15009 2.31503
v 2.76657 -0.90808 -3.02819
v -2.14733 3.74859 1.54594
v -0.59884 -4.05938 0.14328
v 2.24571 2.84383 -2.55887
v -3.46205 0.19290 2.79814
v 1.89940 -2.88597 -2.19622
v -0.37711 4.56626 -0.10725
v -2.18332 -3.22729 1.62589
v 2.88077 0.56206 -3.13307
v -2.94188 2.60283 2.30756
v 0.44196 -3.96215 -0.81883
v 1.41440 3.89931 -1.77385
v -3.24343 -1.31555 2.61376
v 2.53716 -1.74637 -2.78968
v -1.50795 4.23116 0.96565
v -1.22668 -3.88338 0.74749
v 2.61478 2.02783 -2.88078
v -3.37857 1.15257 2.73560
v 1.40116 -3.42297 -1.70840
v 0.35012 4.48601 -0.76765
v -2.66587 -2.60324 2.09271
v 2.87143 -0.35813 -3.10017
v -2.47310 3.35841 1.88581
v -0.18499 -4.07535 -0.21366
v 1.97975 3.29792 -2.28067
v -3.40842 -0.39759 2.78338
v 2.18934 -2.49031 -2.44111
v -0.80503 4.50879 0.32660
v -1.82055 -3.52786 1.31939
v 2.84279 1.13455 -3.07043
v -3.13954 2.07326 2.52801
v 0.83575 -3.80735 -1.15885
v 1.04348 4.19015 -1.39568
v -3.04437 -1.84055 2.46220
v 2.72166 -1.24053 -2.93618
v -1.89030 3.95656 1.35798
v -0.81959 -4.00967 0.39779
v 2.43069 2.55044 -2.67994
v -3.42219 0.56021 2.81187
v 1.74128 -3.11257 -1.99963
v -0.07493 4.56713 -0.33719
v -2.35314 -3.00182 1.83363
v 2.92359 0.20928 -3.12227
v -2.75397 2.90637 2.18385
v 0.22525 -4.02571 -0.56814
v 1.66816 3.69676 -1.95882
v -3.29641 -0.97095 2.71352
v 2.44340 -2.04781 -2.65250
v -1.22279 4.36482 0.75152
v -1.43632 -3.76334 0.99186
v 2.74801 1.69774 -2.95381
v -3.27958 1.51004 2.69446
v 1.21332 -3.59183 -1.48437
v 0.64461 4.40429 -0.99047
v -2.79765 -2.32261 2.26534
v 2.85880 -0.70363 -3.03802
v -2.23941 3.60708 1.71953
v -0.40715 -4.06893 0.04214
v 2.19392 3.03446 -2.42886
v -3.40489 -0.03386 2.83079
v 2.05312 -2.74857 -2.26469
v -0.50488 4.56130 0.09852
v -2.00848 -3.34086 1.54379
v 2.92044 0.78454 -3.09192
v -2.98401 2.40266 2.43436
v 0.62712 -3.91212 -0.91560
v 1.31687 4.03083 -1.59888
v -3.12947 -1.51636 2.59167
v 2.65692 -1.56336 -2.82581
v -1.62102 4.13728 1.15861
v -1.03698 -3.93241 0.64927
v 2.59681 2.24028 -2.78351
v -3.35966 0.92548 2.80455
v 1.57026 -3.31777 -1.79109
v 0.22627 4.53611 -0.56626
v -2.50906 -2.75432 2.02853
v 2.94476 -0.14358 -3.09141
v -2.54762 3.19059 2.04297
v 0.00530 -4.06210 -0.31440
v 1.90838 3.46893 -2.13120
v -3.32810 -0.61761 2.79355
v 2.33198 -2.33440 -2.49897
v -0.93015 4.46814 0.53042
v -1.63842 -3.61693 1.22931
v 2.86041 1.35708 -3.00753
v -3.15861 1.85855 2.63288
v 1.01608 -3.73634 -1.25161
v 0.93295 4.29193 -1.20759
v -2.91212 -2.02422 2.42196
v 2.82534 -1.04299 -2.95656
v -1.99083 3.83116 1.53939
v -0.62847 -4.03482 0.29721
v 2.39093 2.75065 -2.56111
v -3.37891 0.33205 2.85735
v 1.90204 -2.98759 -2.07452
v -0.20244 4.58198 -0.13171
v -2.18484 -3.12987 1.75754
v 2.97639 0.43048 -3.09327
v -2.80834 2.71650 2.32197
v 0.41286 -3.99050 -0.66711
v 1.57931 3.84372 -1.79195
v -3.19457 -1.17974 2.70262
v 2.57307 -1.87437 -2.69773
v -1.34125 4.28939 0.94945
v -1.24935 -3.82799 0.89616
v 2.74314 1.91564 -2.86871
v -3.27461 1.28604 2.77631
v 1.38768 -3.50023 -1.57182
v 0.52448 4.47346 -0.79257
v -2.64971 -2.48637 2.20933
v 2.94443 -0.49404 -3.04061
v -2.32407 3.45334 1.88608
v -0.21628 -4.07103 -0.05911
v 2.13351 3.21753 -2.28960
v -3.33798 -0.25800 2.85334
v 2.20391 -2.60425 -2.33000
v -0.63199 4.54033 0.30415
v -1.83139 -3.44501 1.45836
v 2.95145 1.00832 -3.04143
v -3.01624 2.19552 2.55141
v 0.81091 -3.85555 -1.01150
v 1.21323 4.14980 -1.41724
v -3.00819 -1.71007 2.56156
v 2.77156 -1.37389 -2.85627
v -1.72897 4.02894 1.34687
v -0.84729 -3.97314 0.55001
v 2.56960 2.44862 -2.67635
v -3.33035 0.69752 2.86295
v 1.73734 -3.20582 -1.87173
v 0.10028 4.57067 -0.36223
v -2.34816 -2.89618 1.95926
v 3.01051 0.07489 -3.07439
v -2.61355 3.01244 2.19180
v 0.19457 -4.04194 -0.41486
v 1.82912 3.63021 -1.97328
v -3.23888 -0.83301 2.79431
v 2.47093 -2.17148 -2.55271
v -1.05282 4.41173 0.73222
v -1.45508 -3.69698 1.13694
v 2.86888 1.57889 -2.93481
v -3.16737 1.63927 2.72744
v 1.19494 -3.65877 -1.34315
v 0.81772 4.37965 -1.01429
v -2.77384 -2.19971 2.37485
v 2.92286 -0.83966 -2.97013
v -2.08473 3.69267 1.71449
v -0.43784 -4.05234 0.19620
v 2.34218 2.94444 -2.43271
v -3.32566 0.10534 2.89254
v 2.06027 -2.85559 -2.14664
v -0.33029 4.58084 0.07456
v -2.01368 -3.24862 1.67757
v 3.02076 0.65399 -3.05516
v -2.85324 2.51847 2.45076
v 0.59936 -3.94865 -0.76545
v 1.48362 3.97897 -1.61772
v -3.08488 -1.38227 2.68321
v 2.69809 -1.69406 -2.73775
v -1.45551 4.19894 1.14355
v -1.06196 -3.88421 0.79902
v 2.72889 2.13060 -2.77360
v -3.25926 1.05992 2.84763
v 1.56032 -3.40184 -1.65754
v 0.40125 4.52746 -0.59115
v -2.49705 -2.64128 2.14766
v 3.02285 -0.27972 -3.03531
v -2.40081 3.28826 2.04492
v -0.02614 -4.06606 -0.16034
v 2.06470 3.39194 -2.14141
v -3.26180 -0.47858 2.86616
v 2.35145 -2.45271 -2.39164
v -0.75765 4.50338 0.50870
v -1.65255 -3.54014 1.37014
v 2.97340 1.23250 -2.98122
v -3.03843 1.98257 2.65841
v 0.99350 -3.79237 -1.10642
v 1.10406 4.25540 -1.22961
v -2.88029 -1.89625 2.52403
v 2.88050 -1.17804 -2.88038
v -1.83112 3.90675 1.52961
v -0.65773 -4.00610 0.45000
v 2.53310 2.65171 -2.55934
v -3.29092 0.46981 2.91094
v 1.90227 -3.08678 -1.94998
v -0.02705 4.58938 -0.15647
v -2.18380 -3.02896 1.88555
v 3.06812 0.29663 -3.04854
v -2.67052 2.82499 2.33177
v 0.38298 -4.01505 -0.51493
v 1.74236 3.78075 -1.80738
v -3.14136 -1.04306 2.78614
v 2.60572 -2.00134 -2.60171
v -1.17224 4.33987 0.93109
v -1.27084 -3.76852 1.04271
v 2.86792 1.79895 -2.85204
v -3.16585 1.41660 2.81159
v 1.37239 -3.57440 -1.43325
v 0.69848 4.45268 -0.81659
v -2.63022 -2.36683 2.32153
v 3.01360 -0.63084 -2.97622
v -2.17142 3.54190 1.88255
v -0.24764 -4.06267 0.09494
v 2.28458 3.13069 -2.29495
v -3.26286 -0.11894 2.91774
v 2.21570 -2.71620 -2.21551
v -0.45768 4.56364 0.28070
v -1.84022 -3.35842 1.59430
v 3.05624 0.87899 -3.00750
v -2.88844 2.31340 2.56982
v 0.78491 -3.90017 -0.86306
v 1.38161 4.10165 -1.43676
v -2.96804 -1.57801 2.65589
v 2.81791 -1.50686 -2.77189
v -1.56485 4.09399 1.33294
v -0.87430 -3.93253 0.70077
v 2.70515 2.34151 -2.66845
v -3.23372 0.83279 2.90849
v 1.73121 -3.29632 -1.74123
v 0.27571 4.56587 -0.38707
v -2.34034 -2.78741 2.08099
v 3.09348 -0.06120 -3.02152
v -2.46916 3.11280 2.19545
v 0.16340 -4.05429 -0.26142
v 1.98779 3.55662 -1.98467
v -3.17692 -0.69480 2.86967
v 2.49534 -2.29367 -2.44901
v -0.88103 4.45065 0.71122
v -1.47233 -3.62672 1.27961
v 2.98595 1.45609 -2.91099
v -3.05052 1.76496 2.75517
v 1.17500 -3.72240 -1.20020
v 0.98999 4.34691 -1.03674
v -2.74647 -2.07461 2.47974
v 2.98313 -0.97603 -2.89745
v -1.92683 3.77144 1.70603
v -0.46828 -4.03174 0.34945
v 2.48738 2.84842 -2.43263
v -3.24174 0.24337 2.94874
v 2.06485 -2.96025 -2.02540
v -0.15492 4.59206 0.05009
v -2.01657 -3.15291 1.80801
v 3.11707 0.52091 -3.01336
v -2.71822 2.62933 2.46243
v 0.57071 -3.98149 -0.61451
v 1.64855 3.91958 -1.63406
v -3.03617 -1.24714 2.76959
v 2.73582 -1.82388 -2.64533
v -1.28765 4.25295 1.12611
v -1.08593 -3.83204 0.94700
v 2.85734 2.01616 -2.75911
v -3.15417 1.19168 2.88528
v 1.54844 -3.48289 -1.52167
v 0.57596 4.51051 -0.61534
v -2.48196 -2.52553 2.26264
v 3.09696 -0.41698 -2.97420
v -2.25038 3.37974 2.04292
v -0.05777 -4.06610 -0.00643
v 2.21834 3.30829 -2.14815
v -3.19101 -0.33989 2.93331
v 2.36797 -2.56912 -2.28059
v -0.58379 4.53045 0.48575
v -1.66487 -3.45967 1.50824
v 3.08242 1.10454 -2.94991
v -2.91381 2.10244 2.67890
v 0.96965 -3.84490 -0.95980
v 1.27385 4.21094 -1.24977
v -2.84472 -1.76656 2.62129
v 2.93192 -1.31290 -2.79947
v -1.66858 3.97515 1.51682
v -0.68643 -3.97341 0.60167
v 2.67189 2.54724 -2.55332
v -3.19829 0.60576 2.95903
v 1.90016 -3.18326 -1.82250
v 0.14862 4.58842 -0.18124
v -2.18017 -2.92492 2.00996
v 3.15576 0.16084 -2.99868
v -2.52875 2.92800 2.33714
v 0.35251 -4.03581 -0.36225
v 1.90315 3.71056 -1.81989
v -3.08392 -0.90592 2.86440
v 2.63506 -2.12696 -2.50150
v -1.00135 4.38243 0.91081
v -1.29101 -3.70522 1.18719
v 2.98883 1.67804 -2.83055
v -3.05255 1.54385 2.84158
v 1.35542 -3.64530 -1.29262
v 0.87170 4.42371 -0.83944
v -2.60742 -2.24500 2.42935
v 3.07882 -0.76820 -2.90684
v -2.01552 3.62381 1.87544
v -0.27889 -4.05038 0.24852
v 2.43258 3.03762 -2.29646
v -3.18322 0.01917 2.97666
v 2.22476 -2.82587 -2.09751
v -0.28252 4.57866 0.25651
v -1.84694 -3.26839 1.72721
v 3.15690 0.74686 -2.96844
v -2.75645 2.42656 2.58343
v 0.75790 -3.94115 -0.71348
v 1.54820 4.04582 -1.45397
v -2.92399 -1.44476 2.74527
v 2.86063 -1.63912 -2.68289
v -1.39834 4.15150 1.31644
v -0.90046 -3.88804 0.85009
v 2.83703 2.22939 -2.65601
v -3.13254 0.96564 2.94861
v 1.72298 -3.38383 -1.60805
v 0.45091 4.55274 -0.41143
v -2.32967 -2.67588 2.19886
v 3.17232 -0.19865 -2.96348
v -2.32115 3.20717 2.19500
v 0.13192 -4.06278 -0.10779
v 2.14378 3.47618 -1.99274
v -3.11064 -0.55670 2.93972
v 2.51662 -2.41406 -2.34129
v -0.70783 4.48145 0.68878
v -1.48797 -3.55282 1.41988
v 3.09896 1.32965 -2.88216
v -2.92931 1.88675 2.77781
v 1.15365 -3.78255 -1.05548
v 1.16099 4.30614 -1.05752
v -2.71560 -1.94769 2.58007
v 3.03948 -1.11240 -2.81983
v -1.76607 3.84316 1.69440
v -0.49832 -4.00723 0.50192
v 2.62918 2.74663 -2.42838
v -3.15332 0.37983 2.99950
v 2.06692 -3.06226 -1.90090
v 0.02080 4.59491 0.02538
v -2.01708 -3.05408 1.93517
v 3.20916 0.38563 -2.96634
v -2.57930 2.73492 2.46958
v 0.54135 -4.01057 -0.46273
v 1.81124 3.85280 -1.64765
v -2.98343 -1.11138 2.85089
v 2.77004 -1.95249 -2.54843
v -1.11787 4.29914 1.10656
v -1.10876 -3.77611 1.09323
v 2.98185 1.89724 -2.73983
v -3.04465 1.32040 2.91765
v 1.53473 -3.56068 -1.38338
v 0.74994 4.48530 -0.63857
v -2.46378 -2.40741 2.37354
v 3.16693 -0.55502 -2.90791
v -2.09669 3.46477 2.03718
v -0.08941 -4.06225 0.14735
v 2.36892 3.21820 -2.15118
v -3.11586 -0.20191 2.99511
v 2.38157 -2.68331 -2.16572
v -0.40903 4.54926 0.46185
v -1.67529 -3.37579 1.64367
v 3.18720 0.97353 -2.91344
v -2.78506 2.21784 2.69452
v 0.94466 -3.89379 -0.81169
v 1.44190 4.15868 -1.26782
v -2.80546 -1.63556 2.71383
v 2.97951 -1.44720 -2.71371
v -1.50361 4.03615 1.50126
v -0.71443 -3.93689 0.75225
v 2.80697 2.43751 -2.54282
v -3.10123 0.73953 3.00175
v 1.89579 -3.27678 -1.69200
v 0.32413 4.57909 -0.20577
v -2.17391 -2.81809 2.13082
v 3.23912 0.02345 -2.94354
v -2.38339 3.02522 2.33830
v 0.32161 -4.05273 -0.20905
v 2.06128 3.63334 -1.82924
v -3.02236 -0.76871 2.93750
v 2.66107 -2.25088 -2.39696
v -0.82901 4.41695 0.88887
v -1.30974 -3.63833 1.32961
v 3.10559 1.55323 -2.80406
v -2.93498 1.66747 2.86646
v 1.33690 -3.71272 -1.14986
v 1.04372 4.38662 -0.86083
v -2.58134 -2.12126 2.53289
v 3.13992 -0.90575 -2.83231
v -1.85675 3.69885 1.86498
v -0.30985 -4.03423 0.40167
v 2.57716 2.93855 -2.29391
v -3.09924 0.15595 3.03025
v 2.23111 -2.93293 -1.97590
v -0.10694 4.58533 0.23186
v -1.85149 -3.17524 1.85718
v 3.25322 0.61228 -2.92408
v -2.62058 2.53469 2.59243
v 0.73005 -3.97836 -0.56273
v 1.71260 3.98246 -1.46860
v -2.87611 -1.31071 2.82979
v 2.89964 -1.77030 -2.58915
v -1.22986 4.20131 1.29763
v -0.92561 -3.83982 0.99802
v 2.96492 2.11255 -2.63882
v -3.02702 1.09569 2.98347
v 1.71275 -3.46808 -1.47212
v 0.62546 4.53130 -0.43504
v -2.31613 -2.56194 2.31295
v 3.24685 -0.33710 -2.90012
v -2.16989 3.29529 2.19068
v 0.10032 -4.06740 0.04604
v 2.29672 3.38909 -1.99724
v -3.04020 -0.41912 3.00456
v 2.53475 -2.53232 -2.22944
v -0.53367 4.50404 0.66517
v -1.50189 -3.47555 1.55782
v 3.20763 1.19989 -2.84813
v -2.80404 2.00431 2.79553
v 1.13103 -3.83903 -0.90893
v 1.33030 4.25744 -1.07639
v -2.68126 -1.81932 2.67593
v 3.09180 -1.24839 -2.73713
v -1.60285 3.90765 1.67982
v -0.52777 -3.97891 0.65364
v 2.76724 2.63934 -2.41975
v -3.06061 0.51437 3.04497
v 2.06653 -3.16132 -1.77304
v 0.19643 4.58939 0.00069
v -2.01516 -2.95243 2.05910
v 3.29682 0.24851 -2.91393
v -2.43679 2.83496 2.47242
v 0.51144 -4.03578 -0.31009
v 1.97131 3.77882 -1.65824
v -2.92678 -0.97536 2.92724
v 2.80071 -2.07951 -2.44694
v -0.94658 4.33738 1.08514
v -1.13029 -3.71661 1.23776
v 3.10215 1.77416 -2.71555
v -2.93095 1.44572 2.94490
v 1.51929 -3.63497 -1.24262
v 0.92278 4.45191 -0.66057
v -2.44253 -2.28729 2.48044
v 3.23261 -0.69345 -2.83633
v -1.94011 3.54311 2.02794
v -0.12087 -4.05454 0.30104
v 2.51607 3.12190 -2.15028
v -3.03654 -0.06504 3.05170
v 2.39223 -2.79495 -2.04694
v -0.23380 4.55975 0.43726
v -1.68371 -3.28878 1.77647
v 3.28752 0.83981 -2.87162
v -2.65248 2.32845 2.70546
v 0.91870 -3.93887 -0.66207
v 1.60780 4.09875 -1.28348
v -2.76259 -1.50360 2.80175
v 3.02319 -1.58058 -2.62297
v -1.33663 4.08959 1.48320
v -0.74155 -3.89666 0.90177
v 2.93802 2.32281 -2.52764
v -2.99996 0.87077 3.03926
v 1.88921 -3.36704 -1.55842
v 0.49905 4.56142 -0.22977
v -2.16499 -2.70879 2.24822
v 3.31801 -0.11517 -2.88296
v -2.23476 3.11640 2.33547
v 0.29047 -4.06574 -0.05530
v 2.21638 3.54929 -1.83518
v -2.95682 -0.63180 3.00559
v 2.68371 -2.37275 -2.28801
v -0.65564 4.44334 0.86555
v -1.32691 -3.56806 1.47004
v 3.21793 1.42485 -2.77237
v -2.81341 1.78711 2.88642
v 1.31694 -3.77643 -1.00494
v 1.21410 4.34152 -0.88052
v -2.55199 -1.99595 2.63225
v 3.19680 -1.04310 -2.75253
v -1.69549 3.76681 1.85142
v -0.34035 -4.01425 0.55441
v 2.71798 2.83377 -2.28709
v -3.01111 0.29105 3.07865
v 2.23477 -3.03706 -1.85063
v 0.06861 4.58364 0.20701
v -1.85379 -3.07924 1.98425
v 3.34496 0.47561 -2.87428
v -2.48116 2.63751 2.59704
v 0.70153 -4.01166 -0.41077
v 1.87440 3.91175 -1.48042
v -2.82451 -1.17623 2.90958
v 2.93488 -1.90003 -2.49057
v -1.05981 4.24329 1.27675
v -0.94961 -3.78802 1.14459
v 3.08852 1.99130 -2.61669
v -2.91743 1.22261 3.01326
v 1.70060 -3.54879 -1.33339
v 0.79892 4.50161 -0.45765
v -2.29972 -2.44591 2.42336
v 3.31692 -0.47616 -2.83132
v -2.01573 3.37692 2.18273
v 0.06878 -4.06811 0.20013
v 2.44624 3.29560 -1.99795
v -2.96574 -0.28240 3.06436
v 2.54973 -2.64807 -2.11338
v -0.35896 4.51837 0.64064
v -1.51397 -3.39511 1.69348
v 3.31172 1.06718 -2.80874
v -2.67498 2.11734 2.80854
v 1.10727 -3.89164 -0.76052
v 1.49751 4.20098 -1.09308
v -2.64350 -1.68984 2.76744
v 3.13998 -1.38362 -2.64926
v -1.43758 3.96472 1.66255
v -0.55647 -3.94685 0.80465
v 2.90122 2.52686 -2.40653
v -2.96382 0.64662 3.08532
v 2.06372 -3.25710 -1.64178
v 0.37153 4.57553 -0.02369
v -2.01076 -2.84825 2.17991
v 3.37986 0.10993 -2.85600
v -2.29104 2.92919 2.47116
v 0.48117 -4.05702 -0.15655
v 2.12836 3.69784 -1.66559
v -2.86631 -0.83943 2.99878
v 2.82778 -2.20458 -2.34078
v -0.77419 4.36759 1.06213
v -1.15038 -3.65370 1.38065
v 3.21793 1.64727 -2.68612
v -2.81332 1.56735 2.96724
v 1.50223 -3.70548 -1.09937
v 1.09403 4.41042 -0.68108
v -2.41821 -2.16549 2.58346
v 3.29387 -0.83189 -2.75932
v -1.78103 3.61456 2.01545
v -0.15199 -4.04294 0.45465
v 2.65944 3.01968 -2.14523
v -2.95321 0.07040 3.10324
v 2.39999 -2.90367 -1.92418
v -0.05852 4.56190 0.41225
v -1.69005 -3.19888 1.90674
v 3.38313 0.70377 -2.82432
v -2.51639 2.43400 2.71195
v 0.89191 -3.97994 -0.51089
v 1.77114 4.03134 -1.29653
v -2.71619 -1.37102 2.88520
v 3.06285 -1.71263 -2.52718
v -1.16804 4.13533 1.46290
v -0.76763 -3.85280 1.05028
v 3.06471 2.20347 -2.50760
v -2.89471 0.99914 3.07176
v 1.88051 -3.45371 -1.42171
v 0.67295 4.53547 -0.25298
v -2.15337 -2.59732 2.36226
v 3.39225 -0.25462 -2.81683
v -2.08324 3.20132 2.32889
v 0.25926 -4.07475 0.09904
v 2.36805 3.45866 -1.83748
v -2.88742 -0.49553 3.06881
v 2.70295 -2.49219 -2.17459
v -0.48166 4.46154 0.84111
v -1.34237 -3.49459 1.60855
v 3.32559 1.29327 -2.73533
v -2.68812 1.90248 2.90165
v 1.29566 -3.83618 -0.85781
v 1.38243 4.28855 -0.89824
v -2.51941 -1.86940 2.72755
v 3.24933 -1.17987 -2.66740
v -1.53214 3.82754 1.83500
v -0.37019 -3.99046 0.70677
v 2.85469 2.72358 -2.27579
v -2.91903 0.42413 3.12205
v 2.23579 -3.13789 -1.72165
v 0.24370 4.57360 0.18224
v -1.85376 -2.98063 2.10854
v 3.43193 0.33725 -2.81890
v -2.33851 2.73476 2.59747
v 0.67249 -4.04087 -0.25757
v 2.03321 3.83389 -1.48919
v -2.76928 -1.04164 2.98480
v 2.96627 -2.02790 -2.38709
v -0.88862 4.27735 1.25408
v -0.97229 -3.73275 1.28985
v 3.20754 1.86600 -2.58946
v -2.80400 1.34609 3.03816
v 1.68663 -3.62566 -1.19183
v 0.97086 4.46378 -0.47897
v -2.28042 -2.32808 2.53020
v 3.38235 -0.61542 -2.75699
v -1.85904 3.45187 2.17139
v 0.03747 -4.06482 0.35447
v 2.59196 3.19600 -1.99465
v -2.88743 -0.14688 3.11928
v 2.56155 -2.76095 -1.99307
v -0.18415 4.52442 0.61549
v -1.52410 -3.31172 1.82695
v 3.41099 0.93190 -2.76386
v -2.54245 2.22557 2.81706
v 1.08252 -3.94014 -0.61023
v 1.66220 4.13690 -1.10735
v -2.60238 -1.55959 2.85476
v 3.18393 -1.51767 -2.55614
v -1.27065 4.01425 1.64286
v -0.58422 -3.91108 0.95497
v 3.03080 2.40952 -2.38854
v -2.86316 0.77628 3.12075
v 2.05855 -3.34926 -1.50708
v 0.54567 4.55336 -0.04751
v -2.00382 -2.74180 2.29769
v 3.45807 -0.02971 -2.79245
v -2.14239 3.01738 2.46606
v 0.45069 -4.07413 -0.00210
v 2.28200 3.61012 -1.66948
v -2.80216 -0.70393 3.06567
v 2.85121 -2.32728 -2.22990
v -0.60114 4.38970 1.03780
v -1.16890 -3.58752 1.52194
v 3.32893 1.51694 -2.65138
v -2.69205 1.68497 2.98487
v 1.48366 -3.77193 -0.95359
v 1.26328 4.36098 -0.69983
v -2.39083 -2.04231 2.68273
v 3.35056 -0.96992 -2.67683
v -1.61982 3.67896 1.99995
v -0.18256 -4.02741 0.60822
v 2.79868 2.91183 -2.13583
v -2.86606 0.20407 3.14993
v 2.40485 -3.00911 -1.79743
v 0.11637 4.55574 0.38710
v -1.69420 -3.10629 2.03455
v 3.47382 0.56579 -2.77141
v -2.37709 2.53424 2.71422
v 0.86444 -4.01680 -0.35816
v 1.93152 3.95664 -1.30670
v -2.66631 -1.23816 2.96433
v 3.09844 -1.84295 -2.42628
v -0.99825 4.17328 1.44061
v -0.79250 -3.80538 1.19781
v 3.18676 2.07985 -2.48253
v -2.78572 1.12436 3.09945
v 1.86975 -3.53646 -1.28186
v 0.84539 4.50134 -0.27513
v -2.13901 -2.48394 2.47306
v 3.46168 -0.39448 -2.74507
v -1.92919 3.27977 2.31880
v 0.22817 -4.07963 0.25396
v 2.51594 3.36172 -1.83593
v -2.81432 -0.36022 3.12735
v 2.71879 -2.60878 -2.05665
v -0.30750 4.47153 0.81583
v -1.35599 -3.41807 1.74519
v 3.42830 1.15889 -2.69282
v -2.55941 2.01332 2.91238
v 1.27320 -3.89168 -0.70849
v 1.54828 4.22786 -0.91374
v -2.48363 -1.74191 2.81895
v 3.29740 -1.31562 -2.57686
v -1.36709 3.88090 1.81599
v -0.39920 -3.96283 0.85877
v 2.98696 2.60830 -2.25983
v -2.82319 0.55488 3.16065
v 2.23421 -3.23508 -1.58893
v 0.41790 4.55527 0.15782
v -1.85134 -2.87966 2.23014
v 3.51391 0.19762 -2.75785
v -2.19298 2.82622 2.59398
v 0.64311 -4.06579 -0.10315
v 2.18863 3.74912 -1.49466
v -2.71052 -0.90727 3.05562
v 2.99377 -2.15350 -2.27866
v -0.71670 4.30343 1.22988
v -0.99348 -3.67410 1.43385
v 3.32169 1.73702 -2.55697
v -2.68699 1.46587 3.05841
v 1.67092 -3.69836 -1.04743
v 1.14086 4.41793 -0.49876
v -2.25821 -2.20874 2.63362
v 3.44303 -0.75446 -2.67705
v -1.70020 3.51997 2.15691
v 0.00659 -4.05746 0.50909
v 2.73354 3.09057 -1.98715
v -2.80542 -0.01287 3.16952
v 2.57023 -2.87054 -1.86850
v -0.00965 4.52219 0.58997
v -1.53216 -3.22554 1.95830
v 3.50520 0.79445 -2.71337
v -2.40675 2.32875 2.82134
v 1.05691 -3.98426 -0.45807
v 1.82396 4.06543 -1.11895
v -2.55795 -1.42887 2.93804
v 3.22356 -1.65012 -2.45774
v -1.10247 4.05614 1.62102
v -0.61086 -3.87161 1.10465
v 3.15567 2.28766 -2.36561
v -2.75884 0.90306 3.15147
v 2.05109 -3.43744 -1.36894
v 0.71843 4.52299 -0.07050
v -1.99428 -2.63332 2.41257
v 3.53130 -0.16996 -2.72319
v -1.99119 3.09935 2.45735
v 0.42020 -4.08694 0.15325
v 2.43186 3.51592 -1.66969
v -2.73444 -0.56916 3.12812
v 2.87098 -2.44722 -2.11428
v -0.42784 4.40369 1.01241
v -1.18567 -3.51816 1.66170
v 3.43489 1.38357 -2.61119
v -2.56740 1.79835 2.99804
v 1.46369 -3.83401 -0.80529
v 1.43012 4.30376 -0.71657
v -2.36040 -1.91804 2.77841
v 3.40257 -1.10710 -2.58880
v -1.45688 3.73618 1.98172
v -0.21240 -4.00787 0.76175
v 2.93345 2.79869 -2.12190
v -2.77526 0.33569 3.19197
v 2.40685 -3.11087 -1.66667
v 0.29045 4.54131 0.36208
v -1.69606 -3.01122 2.16001
v 3.55938 0.42631 -2.71281
v -2.23491 2.62895 2.71251
v 0.83646 -4.04920 -0.20388
v 2.08854 3.87490 -1.31378
v -2.61306 -1.10531 3.03933
v 3.12989 -1.97111 -2.32025
v -0.82766 4.20338 1.41661
v -0.81597 -3.75442 1.34440
v 3.30386 1.95232 -2.45228
v -2.67322 1.24614 3.12256
v 1.85702 -3.61495 -1.13887
v 1.01595 4.45915 -0.29597
v -2.12188 -2.36890 2.58076
v 3.52615 -0.53431 -2.66761
v -1.77295 3.35160 2.30547
v 0.19738 -4.08024 0.40947
v 2.65967 3.25878 -1.83033
v -2.73765 -0.22617 3.18143
v 2.73122 -2.72214 -1.93421
v -0.13360 4.47331 0.78997
v -1.36764 -3.33863 1.88004
v 3.52583 1.02210 -2.64471
v -2.42755 2.11940 2.91887
v 1.24969 -3.94265 -0.55698
v 1.71125 4.15968 -0.92678
v -2.44469 -1.61377 2.90661
v 3.34092 -1.44992 -2.48089
v -1.20074 3.92678 1.79467
v -0.42719 -3.93131 1.01043
v 3.11448 2.48829 -2.23904
v -2.72379 0.68303 3.19468
v 2.23007 -3.32822 -1.45250
v 0.59078 4.52873 0.13400
v -1.84642 -2.77653 2.34916
v 3.59074 0.05714 -2.69105
v -2.04489 2.91170 2.58682
v 0.61355 -4.08622 0.05249
v 2.34028 3.65773 -1.49664
v -2.64832 -0.77340 3.12224
v 3.01736 -2.27641 -2.16530
v -0.54446 4.32148 1.20444
v -1.01301 -3.61212 1.57663
v 3.43070 1.60476 -2.51910
v -2.56665 1.58168 3.07425
v 1.65359 -3.76655 -0.90022
v 1.30849 4.36423 -0.51676
v -2.23307 -2.08814 2.73375
v 3.49881 -0.89283 -2.59146
v -1.53959 3.58110 2.13957
v -0.02367 -4.04588 0.66397
v 2.87063 2.97965 -1.97525
v -2.71988 0.11934 3.21530
v 2.57578 -2.97646 -1.73967
v 0.16410 4.51174 0.56437
v -1.53801 -3.13672 2.08761
v 3.59414 0.65528 -2.65718
v -2.26818 2.42668 2.82162
v 1.03060 -4.02374 -0.30405
v 1.98240 3.98679 -1.12765
v -2.51027 -1.29795 3.01748
v 3.25881 -1.78054 -2.35404
v -0.93343 4.09032 1.59729
v -0.63619 -3.82840 1.25368
v 3.27554 2.16168 -2.33760
v -2.65110 1.02670 3.17772
v 2.04140 -3.52126 -1.22738
v 0.88937 4.48454 -0.09238
v -1.98207 -2.52303 2.52465
v 3.59937 -0.31040 -2.64817
v -1.83779 3.17493 2.44532
v 0.38986 -4.09525 0.30949
v 2.57757 3.41554 -1.66601
v -2.66327 -0.43541 3.18632
v 2.88707 -2.56395 -1.99393
v -0.25472 4.40955 0.98625
v -1.20054 -3.44572 1.79997
v 3.53556 1.24757 -2.56546
v -2.43965 1.90725 3.00698
v 1.44244 -3.89139 -0.65452
v 1.59412 4.23894 -0.73106
v -2.32692 -1.79293 2.87066
v 3.44981 -1.24299 -2.49520
v -1.29257 3.78612 1.96104
v -0.24132 -3.98423 0.91523
v 3.06343 2.68062 -2.10326
v -2.68101 0.46498 3.22961
v 2.40603 -3.20855 -1.53194
v 0.46328 4.51870 0.33745
v -1.69550 -2.91381 2.28320
v 3.63962 0.28577 -2.64843
v -2.09018 2.71795 2.70710
v 0.80813 -4.07688 -0.04809
v 2.24181 3.78639 -1.31755
v -2.55648 -0.97273 3.11040
v 3.15716 -2.09668 -2.20909
v -0.65669 4.22558 1.39118
v -0.83786 -3.69993 1.49007
v 3.41574 1.82129 -2.41673
v -2.55746 1.36426 3.14135
v 1.84242 -3.68881 -0.99280
v 1.18421 4.40906 -0.31523
v -2.10191 -2.25243 2.68549
v 3.58552 -0.67367 -2.58443
v -1.61489 3.41669 2.28917
v 0.16708 -4.07640 0.56554
v 2.79890 3.15017 -1.82049
v -2.65755 -0.09365 3.23126
v 2.74025 -2.83183 -1.80730
v 0.03965 4.46692 0.76381
v -1.37715 -3.25637 2.01316
v 3.61797 0.88336 -2.59092
v -2.29285 2.22051 2.92138
v 1.22526 -3.98879 -0.40333
v 1.87093 4.08422 -0.93712
v -2.40259 -1.48522 2.99072
v 3.37981 -1.58231 -2.37948
v -1.03346 3.96512 1.77132
v -0.45395 -3.89584 1.16175
v 3.23693 2.36394 -2.21328
v -2.62104 0.80832 3.22438
v 2.22345 -3.41694 -1.31239
v 0.76193 4.49411 0.11107
v -1.83891 -2.67140 2.46570
v 3.66225 -0.08373 -2.61845
v -1.89457 2.99107 2.57627
v 0.58399 -4.10192 0.20930
v 2.48779 3.56000 -1.49491
v -2.58278 -0.64030 3.18487
v 3.03700 -2.39619 -2.04701
v -0.37231 4.33152 1.17804
v -1.03071 -3.54683 1.71821
v 3.53432 1.46966 -2.47573
v -2.44326 1.69331 3.08593
v 1.63474 -3.82990 -0.75026
v 1.47336 4.30287 -0.53272
v -2.20498 -1.96651 2.83076
v 3.54960 -1.03009 -2.50021
v -1.37755 3.63516 2.11965
v -0.05312 -4.02994 0.81909
v 3.00289 2.86360 -1.95880
v -2.63097 0.24951 3.25686
v 2.57823 -3.07829 -1.60664
v 0.33670 4.49314 0.53895
v -1.54152 -3.04538 2.21495
v 3.67762 0.51482 -2.59523
v -2.12705 2.51919 2.81818
v 1.00374 -4.05829 -0.14825
v 2.13713 3.90125 -1.13323
v -2.45937 -1.16709 3.09327
v 3.28963 -1.90846 -2.24506
v -0.76393 4.11677 1.57197
v -0.66001 -3.78143 1.40208
v 3.39012 2.03197 -2.30437
v -2.54015 1.14696 3.19977
v 2.02958 -3.60035 -1.08248
v 1.05809 4.43816 -0.11291
v -1.96710 -2.41112 2.63408
v 3.66216 -0.45056 -2.56737
v -1.68254 3.24402 2.43023
v 0.35987 -4.09887 0.46656
v 2.71877 3.30932 -1.65825
v -2.58876 -0.30292 3.24051
v 2.89949 -2.67706 -1.86890
v -0.08217 4.40733 0.95960
v -1.21333 -3.37022 1.93680
v 3.63071 1.10938 -2.51408
v -2.30906 2.01148 3.01199
v 1.42005 -3.94375 -0.50134
v 1.75489 4.16675 -0.74307
v -2.29038 -1.66720 2.95965
v 3.49219 -1.37712 -2.39605
v -1.12727 3.82871 1.93817
v -0.26910 -3.95637 1.06863
v 3.18830 2.55800 -2.07978
v -2.58347 0.59171 3.26309
v 2.40245 -3.30177 -1.39330
v 0.63445 4.48800 0.31349
v -1.69242 -2.81421 2.40421
v 3.71437 0.14463 -2.57825
v -1.94320 2.80110 2.69826
v 0.77962 -4.09960 0.10913
v 2.39097 3.69140 -1.31779
v -2.49665 -0.84068 3.17775
v 3.18022 -2.21919 -2.09284
v -0.48573 4.23990 1.36461
v -0.85796 -3.64188 1.63482
v 3.52214 1.68718 -2.37575
v -2.43867 1.47850 3.15608
v 1.82605 -3.75769 -0.84371
v 1.34977 4.35126 -0.33267
v -2.07906 -2.13471 2.78740
v 3.63969 -0.81209 -2.49551
v -1.45537 3.47493 2.27018
v 0.13748 -4.06793 0.72210
v 2.93329 3.03624 -1.80624
v -2.57415 0.03710 3.27708
v 2.74591 -2.93743 -1.67596
v 0.21182 4.45244 0.73764
v -1.38435 -3.17135 2.14459
v 3.70450 0.74311 -2.53139
v -2.15558 2.31649 2.92018
v 1.20007 -4.02979 -0.24763
v 2.02695 4.00175 -0.94454
v -2.35736 -1.35650 3.07146
v 3.41403 -1.71235 -2.27266
v -0.86565 3.99590 1.74621
v -0.47928 -3.85632 1.31268
v 3.35403 2.23566 -2.18241
v -2.51513 0.93055 3.25002
v 2.21442 -3.50085 -1.16870
v 0.93093 4.45154 0.08928
v -1.82869 -2.56443 2.57987
v 3.72827 -0.22452 -2.54003
v -1.74237 3.06419 2.56262
v 0.55461 -4.11265 0.36721
v 2.63081 3.45626 -1.48927
v -2.51398 -0.50820 3.24374
v 3.05269 -2.51239 -1.92387
v -0.20066 4.33358 1.15095
v -1.04637 -3.47825 1.85862
v 3.63232 1.33214 -2.42679
v -2.31705 1.80057 3.09374
v 1.61450 -3.88806 -0.59764
v 1.63505 4.23407 -0.54641
v -2.17388 -1.84404 2.92480
v 3.59531 -1.16575 -2.40331
v -1.21447 3.68208 2.09744
v -0.08154 -4.00950 0.97438
v 3.13002 2.74281 -1.93763
v -2.53883 0.37741 3.29447
v 2.57765 -3.17562 -1.46948
v 0.50772 4.46650 0.51398
v -1.54252 -2.95161 2.34039
v 3.75544 0.37354 -2.52746
v -1.98366 2.60613 2.81131
v 0.97651 -4.08762 0.00926
v 2.28777 3.80910 -1.13548
v -2.40528 -1.03651 3.16560
v 3.31598 -2.03344 -2.13085
v -0.59436 4.13547 1.54533
v -0.68210 -3.73061 1.54981
v 3.49914 1.89897 -2.26582
v -2.42621 1.26365 3.21788
v 2.01572 -3.67434 -0.93432
v 1.22417 4.38403 -0.13183
v -1.94928 -2.29774 2.74097
v 3.71954 -0.58996 -2.48079
v -1.52577 3.30650 2.41239
v 0.33043 -4.09756 0.62438
v 2.85513 3.19760 -1.64626
v -2.51102 -0.17192 3.29094
v 2.90826 -2.78610 -1.73927
v 0.08939 4.39711 0.93272
v -1.22385 -3.29172 2.07220
v 3.72013 0.96946 -2.45700
v -2.17592 2.11088 3.01334
v 1.39667 -3.99077 -0.34585
v 1.91204 4.08746 -0.75236
v -2.25075 -1.54107 3.04556
v 3.52965 -1.50903 -2.29139
v -0.96137 3.86393 1.91343
v -0.29554 -3.92415 1.22190
v 3.30778 2.43124 -2.05131
v -2.48282 0.71567 3.29268
v 2.39618 -3.39010 -1.25085
v 0.80356 4.44938 0.29046
v -1.68665 -2.71253 2.52312
v 3.78347 0.00336 -2.50223
v -1.79429 2.87829 2.68628
v 0.75111 -4.11708 0.26771
v 2.53565 3.59025 -1.31432
v -2.43361 -0.70938 3.24160
v 3.19908 -2.33820 -1.97159
v -0.31517 4.24637 1.33718
v -0.87608 -3.58024 1.77863
v 3.62282 1.55044 -2.32927
v -2.31708 1.58868 3.16703
v 1.80803 -3.82122 -0.69171
v 1.51223 4.28596 -0.34805
v -2.05323 -2.01593 2.88661
v 3.68855 -0.94908 -2.40088
v -1.29473 3.52627 2.24882
v 0.10877 -4.05464 0.87909
v 3.06252 2.91737 -1.78743
v -2.48758 0.16587 3.31917
v 2.74824 -3.03852 -1.54030
v 0.38252 4.42999 0.71172
v -1.38908 -3.08364 2.27436
v 3.78523 0.60183 -2.46608
v -2.01603 2.40721 2.91558
v 1.17427 -4.06533 -0.08998
v 2.17893 3.91255 -0.94883
v -2.30898 -1.22782 3.14903
v 3.44352 -1.83955 -2.16049
v -0.69767 4.01912 1.71964
v -0.50296 -3.81264 1.46318
v 3.46551 2.10386 -2.14633
v -2.40626 1.04951 3.27188
v 2.20307 -3.57955 -1.02152
v 1.09739 4.40122 0.06889
v -1.81563 -2.45575 2.69176
v 3.78870 -0.36474 -2.45580
v -1.58859 3.13098 2.54616
v 0.52562 -4.11817 0.52611
v 2.76899 3.34687 -1.47957
v -2.44199 -0.37733 3.29909
v 3.06446 -2.62457 -1.79595
v -0.02989 4.32774 1.12346
v -1.05979 -3.40635 1.99783
v 3.72447 1.19267 -2.37220
v -2.18827 1.90332 3.09797
v 1.59302 -3.94068 -0.44246
v 1.79319 4.15808 -0.55758
v -2.13971 -1.72093 3.01603
v 3.63585 -1.29933 -2.30082
v -1.05069 3.72185 2.07324
v -0.10872 -3.98437 1.12978
v 3.25171 2.61768 -1.91161
v -2.44362 0.50284 3.32838
v 2.57409 -3.26801 -1.32831
v 0.67678 4.43196 0.48974
v -1.54085 -2.85548 2.46397
v 3.82745 0.23193 -2.45387
v -1.83830 2.68740 2.80131
v 0.94906 -4.11145 0.16835
v 2.43397 3.71066 -1.13421
v -2.34802 -0.90642 3.23470
v 3.33785 -2.15500 -2.01149
v -0.42509 4.14649 1.51767
v -0.70226 -3.67588 1.69682
v 3.60235 1.76311 -2.22186
v -2.30948 1.37661 3.23235
v 1.99994 -3.74284 -0.78303
v 1.38724 4.32237 -0.14890
v -1.92849 -2.18303 2.84542
v 3.77141 -0.72812 -2.38844
v -1.36781 3.36234 2.39210
v 0.30174 -4.09112 0.78286
v 2.98632 3.08077 -1.62985
v -2.43014 -0.04262 3.33784
v 2.91342 -2.89063 -1.60515
v 0.25958 4.37898 0.90591
v -1.23190 -3.21021 2.20618
v 3.80362 0.82829 -2.39418
v -2.04046 2.20533 3.01133
v 1.37244 -4.03211 -0.18819
v 2.06521 4.00135 -0.75872
v -2.20799 -1.41471 3.12855
v 3.56214 -1.63824 -2.18128
v -0.79520 3.89179 1.88709
v -0.32042 -3.88744 1.37495
v 3.42157 2.30076 -2.01775
v -2.37921 0.83667 3.31867
v 2.38731 -3.47314 -1.10471
v 0.97023 4.40302 0.26861
v -1.67804 -2.60885 2.63998
v 3.84679 -0.13755 -2.42038
v -1.64375 2.94943 2.67148
v 0.72280 -4.12904 0.42751
v 2.67551 3.48330 -1.30695
v -2.36741 -0.57903 3.30217
v 3.21372 -2.45325 -1.84541
v -0.14538 4.24506 1.30917
v -0.89199 -3.51495 1.92146
v 3.71755 1.41154 -2.27723
v -2.19291 1.69466 3.17452
v 1.78849 -3.87904 -0.53695
v 1.67121 4.21342 -0.36112
v -2.02434 -1.89623 2.98326
v 3.73203 -1.08416 -2.30059
v -1.13331 3.57069 2.22537
v 0.08117 -4.03632 1.03638
v 3.18630 2.79397 -1.76391
v -2.39795 0.29246 3.35777
v 2.74731 -3.13465 -1.40046
v 0.55135 4.39969 0.68632
v -1.39113 -2.99325 2.40250
v 3.86001 0.46000 -2.39496
v -1.87447 2.49255 2.90787
v 1.14805 -4.09510 0.06947
v 2.32651 3.81695 -0.94979
v -2.25744 -1.09936 3.22361
v 3.46827 -1.96343 -2.04306
v -0.52990 4.03482 1.69191
v -0.52476 -3.76468 1.61317
v 3.57111 1.96901 -2.10494
v -2.29460 1.16505 3.29026
v 2.18952 -3.65265 -0.87102
v 1.26091 4.34336 0.05014
v -1.79960 -2.34545 2.80145
v 3.84342 -0.50391 -2.36578
v -1.43355 3.19139 2.52720
v 0.49721 -4.11822 0.68587
v 2.90201 3.23220 -1.46562
v -2.36686 -0.24787 3.35115
v 3.07234 -2.73227 -1.66339
v 0.13961 4.31411 1.09585
v -1.07076 -3.33109 2.13582
v 3.81057 1.05173 -2.31192
v -2.05716 2.00142 3.09894
v 1.57044 -3.98741 -0.28490
v 1.94741 4.07520 -0.56603
v -2.10241 -1.59731 3.10458
v 3.67119 -1.43035 -2.19280
v -0.88656 3.75447 2.04734
v -0.13444 -3.95439 1.28515
v 3.36769 2.48863 -1.88063
v -2.34546 0.62562 3.35889
v 2.56764 -3.35507 -1.18327
v 0.84349 4.38971 0.46649
v -1.53633 -2.75704 2.58571
v 3.89351 0.09047 -2.37446
v -1.69125 2.76292 2.78848
v 0.92161 -4.12947 0.32887
v 2.57538 3.60628 -1.12922
v -2.28758 -0.77699 3.30077
v 3.35525 -2.27268 -1.88710
v -0.25649 4.14988 1.48929
v -0.72024 -3.61713 1.84304
v 3.69952 1.62488 -2.17241
v -2.19015 1.48568 3.24349
v 1.98237 -3.80548 -0.62878
v 1.54691 4.25343 -0.16387
v -1.90462 -2.06711 2.94752
v 3.81767 -0.86453 -2.29039
v -1.20898 3.41152 2.36965
v 0.27403 -4.07930 0.94183
v 3.11205 2.95924 -1.60890
v -2.34619 0.08480 3.38150
v 2.91502 -2.99022 -1.46667
v 0.42802 4.35310 0.87944
v -1.23726 -3.12568 2.33869
v 3.88101 0.68636 -2.32559
v -1.90296 2.29472 3.00629
v 1.34755 -4.06743 -0.02851
v 2.21404 3.90873 -0.76194
v -2.16204 -1.28829 3.20879
v 3.58963 -1.76425 -2.06582
v -0.62914 3.91232 1.85948
v -0.34349 -3.84607 1.52768
v 3.52943 2.16702 -1.97899
v -2.27281 0.95457 3.34135
v 2.37595 -3.55049 -0.95506
v 1.13406 4.34911 0.24821
v -1.66642 -2.50324 2.75484
v 3.90421 -0.27759 -2.33274
v -1.49188 3.01448 2.65417
v 0.69488 -4.13522 0.58836
v 2.81023 3.37092 -1.29551
v -2.29806 -0.44980 3.35969
v 3.22419 -2.56387 -1.71446
v 0.02325 4.23609 1.28088
v -0.90545 -3.44595 2.06323
v 3.80612 1.27094 -2.21956
v -2.06638 1.79633 3.17885
v 1.76759 -3.93078 -0.37960
v 1.82634 4.13392 -0.37167
v -1.99227 -1.77575 3.07745
v 3.77007 -1.21683 -2.19471
v -0.97144 3.60820 2.20014
v 0.05493 -4.01279 1.19384
v 3.30433 2.66648 -1.73557
v -2.30536 0.41671 3.39317
v 2.74320 -3.22541 -1.25658
v 0.71795 4.36174 0.66172
v -1.39030 -2.90021 2.52897
v 3.92867 0.31812 -2.31805
v -1.73117 2.57246 2.89739
v 1.12159 -4.11880 0.23055
v 2.46934 3.71529 -0.94722
v -2.20269 -0.97127 3.29538
v 3.48828 -2.08353 -1.92049
v -0.36268 4.04307 1.66332
v -0.54444 -3.71233 1.76253
v 3.67060 1.83156 -2.05816
v -2.18031 1.27703 3.30545
v 2.17389 -3.71976 -0.71736
v 1.42114 4.27819 0.03329
v -1.78043 -2.23363 2.90898
v 3.89233 -0.64152 -2.27003
v -1.27755 3.24542 2.50607
v 0.46961 -4.11256 0.84632
v 3.02957 3.11265 -1.44729
v -2.28865 -0.11999 3.40018
v 3.07637 -2.83504 -1.52634
v 0.30749 4.29282 1.06840
v -1.07903 -3.25245 2.27250
v 3.89044 0.90982 -2.24594
v -1.92394 2.09480 3.09695
v 1.54693 -4.02791 -0.12513
v 2.09735 3.98572 -0.57154
v -2.06187 -1.47334 3.19059
v 3.70128 -1.55832 -2.07937
v -0.72241 3.77998 2.02006
v -0.15845 -3.91937 1.44036
v 3.47768 2.35611 -1.84458
v -2.24446 0.74561 3.38627
v 2.55840 -3.43636 -1.03455
v 1.00749 4.33995 0.44448
v -1.52875 -2.65632 2.70562
v 3.95349 -0.05032 -2.28926
v -1.54279 2.83265 2.77317
v 0.89434 -4.14141 0.49063
v 2.71168 3.49633 -1.12035
v -2.22396 -0.64839 3.36400
v 3.36819 -2.38600 -1.75781
v -0.08891 4.14575 1.46048
v -0.73582 -3.55427 1.98835
v 3.79044 1.48475 -2.11744
v -2.06840 1.59076 3.25160
v 1.96316 -3.86189 -0.47175
v 1.70284 4.17749 -0.17652
v -1.87750 -1.95009 3.04735
v 3.85828 -0.99870 -2.18672
v -1.04959 3.45405 2.34539
v 0.24751 -4.06190 1.10115
v 3.23202 2.83342 -1.58327
v -2.25923 0.21018 3.42215
v 2.91315 -3.08441 -1.32401
v 0.59435 4.31963 0.85358
v -1.23972 -3.03812 2.46970
v 3.95214 0.54418 -2.25125
v -1.76362 2.37899 2.99854
v 1.32216 -4.09644 0.13298
v 2.35818 3.80994 -0.76183
v -2.11282 -1.16196 3.28642
v 3.61213 -1.88658 -1.94514
v -0.46349 3.92560 1.83089
v -0.36451 -3.79991 1.67992
v 3.63111 2.03048 -1.93497
v -2.16373 1.06923 3.36102
v 2.36222 -3.62176 -0.80209
v 1.29471 4.28791 0.22951
v -1.65159 -2.39576 2.86770
v 3.95563 -0.41625 -2.23936
v -1.33895 3.07343 2.63468
v 0.66757 -4.13536 0.75007
v 2.93950 3.25351 -1.27987
v -2.22556 -0.32185 3.41438
v 3.23054 -2.66960 -1.57890
v 0.19039 4.21960 1.25260
v -0.91623 -3.37315 2.20384
v 3.88835 1.12916 -2.15626
v -1.93767 1.89358 3.18034
v 1.74549 -3.97611 -0.21987
v 1.97729 4.04776 -0.37948
v -1.95689 -1.65458 3.16927
v 3.80264 -1.34659 -2.08336
v -0.80942 3.63885 2.17347
v 0.03026 -3.98383 1.35129
v 3.41635 2.53532 -1.70231
v -2.20986 0.53849 3.42564
v 2.73601 -3.31037 -1.10886
v 0.88196 4.31633 0.63818
v -1.38636 -2.80452 2.65374
v 3.99109 0.17670 -2.23537
v -1.58635 2.64689 2.88446
v 1.09508 -4.13613 0.39305
v 2.60712 3.60793 -0.94096
v -2.14467 -0.84372 3.36451
v 3.50357 -2.19936 -1.79293
v -0.19634 4.04399 1.63417
v -0.56175 -3.65545 1.91112
v 3.76375 1.69200 -2.00596
v -2.06354 1.38534 3.31778
v 2.15633 -3.78050 -0.56076
v 1.57773 4.20600 0.01856
v -1.75793 -2.12036 3.01439
v 3.93537 -0.77705 -2.16863
v -1.12088 3.29307 2.48308
v 0.44303 -4.10095 1.00726
v 3.15137 2.98865 -1.42445
v -2.20735 0.00616 3.44640
v 3.07664 -2.93244 -1.38498
v 0.47339 4.26405 1.04140
v -1.08437 -3.17038 2.40780
v 3.96392 0.76744 -2.17425
v -1.78881 2.18338 3.09235
v 1.52267 -4.06186 0.03662
v 2.24269 3.88998 -0.57391
v -2.01796 -1.34913 3.27416
v 3.72613 -1.68272 -1.96064
v -0.55856 3.79848 1.99172
v -0.18051 -3.87915 1.59523
v 3.58145 2.22060 -1.80339
v -2.14071 0.86267 3.41081
v 2.54649 -3.51148 -0.88235
v 1.16842 4.28293 0.42398
v -1.51789 -2.55337 2.82365
v 4.00730 -0.18992 -2.19833
v -1.39316 2.89659 2.75570
v 0.86747 -4.14699 0.65342
v 2.84257 3.38121 -1.10744
v -2.15709 -0.52077 3.42458
v 3.37673 -2.49449 -1.62380
v 0.07732 4.13426 1.43153
v -0.74872 -3.48719 2.13262
v 3.87492 1.34321 -2.05691
v -1.94440 1.69176 3.25701
v 1.94246 -3.91170 -0.31218
v 1.85467 4.09484 -0.18663
v -1.84697 -1.83206 3.14495
v 3.89318 -1.13011 -2.07754
v -0.88994 3.48998 2.31962
v 0.22243 -4.03869 1.26059
v 3.34596 2.70375 -1.55287
v -2.16930 0.33339 3.46005
v 2.90790 -3.17279 -1.17738
v 0.75823 4.27879 0.82861
v -1.23902 -2.94750 2.59911
v 4.01688 0.40225 -2.17119
v -1.62268 2.45810 2.98840
v 1.29649 -4.11881 0.29604
v 2.49732 3.70535 -0.75821
v -2.06023 -1.03584 3.36157
v 3.62964 -2.00475 -1.81938
v -0.29860 3.93175 1.80163
v -0.38324 -3.74881 1.83151
v 3.72640 1.89162 -1.88562
v -2.05208 1.18053 3.37798
v 2.34625 -3.68654 -0.64602
v 1.45183 4.21969 0.21273
v -1.63335 -2.28647 2.97855
v 4.00098 -0.55303 -2.14032
v -1.18522 3.12631 2.61334
v 0.64111 -4.12921 0.91243
v 3.06304 3.13148 -1.25987
v -2.14988 -0.19532 3.46644
v 3.23283 -2.76998 -1.43891
v 0.35570 4.19575 1.22461
v -0.92407 -3.29649 2.34317
v 3.96408 0.98670 -2.08733
v -1.80695 1.98637 3.17933
v 1.72237 -4.01467 -0.05800
v 2.12372 3.95527 -0.38434
v -1.91803 -1.53285 3.25878
v 3.82971 -1.47293 -1.96667
v -0.64756 3.66272 2.14566
v 0.00743 -3.94927 1.50851
v 3.52212 2.40097 -1.66403
v -2.11153 0.65764 3.45544
v 2.72585 -3.38910 -0.95752
v 1.04305 4.26370 0.61597
v -1.37907 -2.70618 2.77673
v 4.04716 0.03627 -2.14699
v -1.44025 2.71583 2.86942
v 1.06875 -4.14681 0.55672
v 2.73953 3.49527 -0.93083
v -2.08330 -0.71682 3.43115
v 3.51418 -2.31043 -1.66057
v -0.03121 4.03771 1.60477
v -0.57643 -3.59394 2.05877
v 3.85039 1.55083 -1.94830
v -1.94441 1.48989 3.32754
v 2.13699 -3.83450 -0.40146
v 1.73034 4.12708 0.00618
v -1.73191 -2.00571 3.11767
v 3.97249 -0.90999 -2.06170
v -0.96380 3.33440 2.45858
v 0.41773 -4.08317 1.16846
v 3.26715 2.86063 -1.39697
v -2.12297 0.13044 3.49004
v 3.07323 -3.02401 -1.23952
v 0.63699 4.22801 1.01513
v -1.08652 -3.08482 2.54158
v 4.03087 0.62511 -2.09690
v -1.65196 2.26712 3.08546
v 1.49786 -4.08893 0.20010
v 2.38312 3.78836 -0.57296
v -1.97056 -1.22481 3.35538
v 3.74574 -1.80308 -1.83678
v -0.39529 3.81006 1.96263
v -0.20036 -3.83356 1.74954
v 3.67879 2.08257 -1.75699
v -2.03429 0.97670 3.43281
v 2.53206 -3.58004 -0.72691
v 1.32597 4.21890 0.40523
v -1.50352 -2.44819 2.93974
v 4.05485 -0.32783 -2.10176
v -1.24260 2.95474 2.73641
v 0.84123 -4.14595 0.81698
v 2.96777 3.26132 -1.09035
v -2.08692 -0.39427 3.48268
v 3.38093 -2.59768 -1.48528
v 0.24188 4.11557 1.40274
v -0.75869 -3.41582 2.27568
v 3.95279 1.20078 -1.99082
v -1.81827 1.78860 3.26004
v 1.92045 -3.95457 -0.15032
v 2.00210 4.00583 -0.19398
v -1.81283 -1.71309 3.24034
v 3.92236 -1.25826 -1.96298
v -0.73028 3.51938 2.29269
v 0.19904 -4.00948 1.41992
v 3.45365 2.57072 -1.51759
v -2.07640 0.45430 3.49544
v 2.89939 -3.25490 -1.02701
v 0.91934 4.23081 0.80479
v -1.23491 -2.85382 2.72679
v 4.07512 0.26110 -2.08545
v -1.48033 2.53204 2.97624
v 1.27074 -4.13425 0.46042
v 2.63118 3.59535 -0.75091
v -2.00414 -0.91005 3.43435
v 3.64220 -2.11825 -1.68875
v -0.13473 3.93091 1.77202
v -0.39939 -3.69263 1.98224
v 3.81510 1.75094 -1.83092
v -1.93794 1.28839 3.39252
v 2.32822 -3.74445 -0.48711
v 1.60512 4.14474 0.19812
v -1.61148 -2.17540 3.08733
v 4.04021 -0.68739 -2.03575
v -1.03093 3.17314 2.59050
v 0.61572 -4.11652 1.07516
v 3.18059 3.00528 -1.23540
v -2.07098 -0.07035 3.51606
v 3.23116 -2.86456 -1.29472
v 0.51888 4.16476 1.19721
v -0.92869 -3.21591 2.48102
v 4.03316 0.84408 -2.01278
v -1.67438 2.07463 3.17615
v 1.69842 -4.04614 0.10574
v 2.26534 3.85683 -0.38607
v -1.87553 -1.41065 3.34603
v 3.85130 -1.59534 -1.84480
v -0.48612 3.67992 2.11706
v -0.01331 -3.90893 1.66528
v 3.62141 2.26391 -1.62068
v -2.01038 0.77408 3.48283
v 2.71286 -3.46121 -0.80283
v 1.20091 4.20412 0.59533
v -1.36819 -2.60521 2.89783
v 4.09680 -0.10265 -2.05298
v -1.29307 2.77930 2.85261
v 1.04281 -4.15056 0.72129
v 2.86631 3.37772 -0.91670
v -2.01847 -0.59072 3.49542
v 3.52018 -2.41627 -1.52360
v 0.13244 4.02441 1.57541
v -0.58822 -3.52767 2.20525
v 3.93033 1.40856 -1.88516
v -1.82302 1.59059 3.33505
v 2.11606 -3.88140 -0.23974
v 1.87867 4.04177 -0.00363
v -1.70215 -1.88975 3.21879
v 4.00367 -1.03983 -1.94938
v -0.80655 3.36949 2.43290
v 0.39395 -4.05901 1.32965
v 3.37668 2.72907 -1.36478
v -2.03546 0.25273 3.53131
v 3.06627 -3.10932 -1.09022
v 0.79799 4.18493 0.98986
v -1.08521 -2.99575 2.67368
v 4.09119 0.48335 -2.01391
v -1.51355 2.34600 3.07663
v 1.47272 -4.10883 0.36502
v 2.51834 3.68122 -0.56851
v -1.91951 -1.10048 3.43429
v 3.76014 -1.91888 -1.70798
v -0.23288 3.81487 1.93312
v -0.21773 -3.78247 1.90306
v 3.76948 1.94252 -1.70536
v -1.92523 1.08759 3.45252
v 2.51526 -3.64164 -0.56852
v 1.47982 4.14817 0.38846
v -1.48541 -2.34083 3.05381
v 4.09608 -0.46350 -1.99965
v -1.09131 3.00716 2.71565
v 0.81587 -4.13806 0.98102
v 3.08702 3.13712 -1.06895
v -2.01336 -0.26900 3.53845
v 3.38088 -2.69511 -1.34246
v 0.40449 4.08988 1.37441
v -0.76546 -3.34008 2.41731
v 4.02392 1.05799 -1.91920
v -1.69014 1.88124 3.26101
v 1.89734 -3.99016 0.01354
v 2.14483 3.91080 -0.19837
v -1.77490 -1.59328 3.33350
v 3.94582 -1.38262 -1.84320
v -0.57086 3.54238 2.26494
v 0.17761 -3.97410 1.57887
v 3.55485 2.43478 -1.47738
v -1.98053 0.57279 3.52856
v 2.88775 -3.33035 -0.87317
v 1.07739 4.17595 0.78239
v -1.22713 -2.75705 2.85261
v 4.12677 0.12126 -1.99412
v -1.33673 2.60082 2.96238
v 1.24514 -4.14248 0.62582
v 2.75948 3.48035 -0.73978
v -1.94442 -0.78472 3.50482
v 3.64987 -2.22661 -1.55345
v 0.02783 3.92325 1.74238
v -0.41271 -3.63126 2.13185
v 3.89704 1.60896 -1.77086
v -1.82139 1.39272 3.40493
v 2.30830 -3.79515 -0.32567
v 1.75427 4.06339 0.18591
v -1.58572 -2.06260 3.19398
v 4.07328 -0.81881 -1.92577
v -0.87629 3.21402 2.56649
v 0.59167 -4.09710 1.23797
v 3.29191 2.87536 -1.20637
v -1.98877 0.05294 3.56341
v 3.22563 -2.95290 -1.14659
v 0.67964 4.12686 1.17067
v -0.92984 -3.13135 2.61722
v 4.09547 0.70182 -1.93267
v -1.54007 2.15835 3.17112
v 1.67387 -4.07021 0.27104
v 2.40186 3.75280 -0.38448
v -1.82919 -1.28807 3.43101
v 3.86743 -1.71333 -1.71794
v -0.32534 3.69059 2.08799
v -0.03168 -3.86266 1.82131
v 3.71405 2.12464 -1.57221
v -1.90642 0.88767 3.50807
v 2.69719 -3.52628 -0.64507
v 1.35524 4.13790 0.57652
v -1.35345 -2.50160 3.01689
v 4.13996 -0.23954 -1.95345
v -1.14498 2.83734 2.83440
v 1.01752 -4.14714 0.88645
v 2.98720 3.25572 -0.89843
v -1.95004 -0.46553 3.55741
v 3.52164 -2.51641 -1.38227
v 0.29432 4.00430 1.54643
v -0.59683 -3.45658 2.35034
v 4.00344 1.26571 -1.81658
v -1.69944 1.68740 3.34062
v 2.09373 -3.92086 -0.07591
v 2.02245 3.95042 -0.01066
v -1.66843 -1.77255 3.31768
v 4.02890 -1.16603 -1.83181
v -0.64934 3.39843 2.40640
v 0.37196 -4.02828 1.49053
v 3.47975 2.59443 -1.32779
v -1.94479 0.37290 3.57039
v 3.05587 -3.18794 -0.93734
v 0.95612 4.13508 0.96586
v -1.08018 -2.90313 2.80390
v 4.14478 0.34270 -1.92538
v -1.37370 2.42002 3.06619
v 1.44746 -4.12127 0.53106
v 2.64811 3.56900 -0.56040
v -1.86461 -0.97625 3.51093
v 3.76939 -2.02964 -1.57445
v -0.07156 3.81308 1.90352
v -0.23235 -3.72575 2.05550
v 3.85338 1.80096 -1.64846
v -1.81356 1.19525 3.47022
v 2.49626 -3.69591 -0.40747
v 1.62972 4.07107 0.37393
v -1.46328 -2.23131 3.16571
v 4.13097 -0.59641 -1.89213
v -0.93948 3.05391 2.69377
v 0.79162 -4.12307 1.14524
v 3.20008 3.00905 -1.04315
v -1.93628 -0.14510 3.59200
v 3.37668 -2.78632 -1.19562
v 0.56488 4.05744 1.34685
v -0.76875 -3.25989 2.55727
v 4.08817 0.91535 -1.84208
v -1.56008 1.96964 3.26024
v 1.87333 -4.01815 0.17907
v 2.28261 3.81014 -0.19962
v -1.73294 -1.47272 3.42439
v 3.96359 -1.50269 -1.71841
v -0.41189 3.55910 2.23670
v 0.15839 -3.93237 1.73714
v 3.64939 2.29645 -1.43217
v -1.88163 0.68874 3.55960
v 2.87313 -3.39873 -0.71615
v 1.23211 4.11452 0.76167
v -1.21541 -2.65719 2.97637
v 4.17177 -0.01673 -1.89729
v -1.19202 2.66446 2.94718
v 1.21994 -4.14326 0.79190
v 2.88198 3.36077 -0.72467
v -1.88089 -0.65996 3.57304
v 3.65274 -2.32934 -1.41371
v 0.18885 3.90897 1.71303
v -0.42291 -3.56460 2.28008
v 3.97208 1.46619 -1.70543
v -1.70244 1.49345 3.41551
v 2.28668 -3.83826 -0.16200
v 1.89903 3.97600 0.17631
v -1.55584 -1.94815 3.29836
v 4.10020 -0.94676 -1.81054
v -0.72149 3.24903 2.54168
v 0.56922 -4.07074 1.40055
v 3.39680 2.74221 -1.17269
v -1.90316 0.17441 3.60862
v 3.21637 -3.03455 -0.99480
v 0.83774 4.08231 1.14530
v -0.92722 -3.04278 2.75151
v 4.15094 0.56047 -1.84706
v -1.40413 2.23751 3.16457
v 1.64892 -4.08660 0.43757
v 2.53306 3.64361 -0.37940
v -1.77880 -1.16523 3.51369
v 3.87816 -1.82639 -1.58631
v -0.16544 3.69490 2.05879
v -0.04742 -3.81033 1.97629
v 3.79986 1.98366 -1.51860
v -1.79963 0.99833 3.53137
v 2.67903 -3.58395 -0.48455
v 1.50580 4.06535 0.55978
v -1.33458 -2.39539 3.13375
v 4.17659 -0.37384 -1.84853
v -0.99614 2.88999 2.81511
v 0.99311 -4.13633 1.05186
v 3.10199 3.12972 -0.87591
v -1.87788 -0.34139 3.61720
v 3.51866 -2.61039 -1.23683
v 0.45422 3.97760 1.51811
v -0.60198 -3.38058 2.49375
v 4.06959 1.12281 -1.74258
v -1.57372 1.78026 3.34454
v 2.07021 -3.95256 0.08970
v 2.16143 3.85341 -0.01471
v -1.63049 -1.65418 3.41425
v 4.04821 -1.28809 -1.70921
v -0.49237 3.42136 2.37942
v 0.35202 -3.99082 1.65078
v 3.57615 2.45721 -1.28594
v -1.85085 0.49083 3.60744
v 3.04220 -3.25946 -0.78120
v 1.11113 4.07876 0.94343
v -1.07113 -2.80697 2.93201
v 4.19157 0.20370 -1.83140
v -1.23253 2.48919 3.05449
v 1.42234 -4.12599 0.69788
v 2.77218 3.45210 -0.54849
v -1.80568 -0.85224 3.58529
v 3.77356 -2.13486 -1.43644
v 0.08843 3.80488 1.87415
v -0.24393 -3.66329 2.20657
v 3.93032 1.65841 -1.58631
v -1.69926 1.29959 3.48615
v 2.47527 -3.74249 -0.24410
v 1.77541 3.98795 0.36185
v -1.43687 -2.11969 3.27528
v 4.15950 -0.72602 -1.77938
v -0.78726 3.09507 2.67111
v 0.76877 -4.10081 1.30928
v 3.30677 2.87760 -1.01283
v -1.85555 -0.02270 3.64341
v 3.36846 -2.87088 -1.04504
v 0.72283 4.01850 1.32035
v -0.76825 -3.17522 2.69530
v 4.14547 0.77341 -1.75953
v -1.42815 2.05375 3.25803
v 1.84865 -4.03826 0.34592
v 2.41519 3.70425 -0.19754
v -1.68672 -1.35149 3.51291
v 3.97570 -1.61795 -1.58881
v -0.25358 3.56969 2.20832
v 0.14168 -3.88416 1.89439
v 3.73709 2.15621 -1.38194
v -1.77964 0.80204 3.58875
v 2.85571 -3.45963 -0.55629
v 1.38326 4.04684 0.74290
v -1.19945 -2.55428 3.09785
v 4.21009 -0.15234 -1.79511
v -1.04632 2.72299 2.93097
v 1.19538 -4.13635 0.95831
v 2.99847 3.23708 -0.70547
v -1.81336 -0.53591 3.63901
v 3.65089 -2.42597 -1.26981
v 0.34811 3.88830 1.68429
v -0.42970 -3.49257 2.42662
v 4.04011 1.32316 -1.63467
v -1.58110 1.59049 3.42449
v 2.26357 -3.87347 0.00354
v 2.03917 3.88295 0.16953
v -1.52157 -1.83211 3.40032
v 4.12098 -1.07073 -1.69026
v -0.56668 3.27829 2.51641
v 0.54864 -4.03728 1.56253
v 3.49507 2.60631 -1.13428
v -1.81404 0.29394 3.65180
v 3.20354 -3.10908 -0.83967
v 0.99294 4.03141 1.12137
v -0.92054 -2.95019 2.88364
v 4.19948 0.42056 -1.75606
v -1.26662 2.31208 3.15682
v 1.62384 -4.09503 0.60496
v 2.65870 3.52967 -0.37066
v -1.72414 -1.04224 3.59401
v 3.88355 -1.93401 -1.45015
v -0.00662 3.69302 2.02981
v -0.06022 -3.75183 2.12990
v 3.87869 1.84149 -1.45984
v -1.68995 1.10594 3.55294
v 2.65857 -3.63383 -0.32161
v 1.65236 3.98682 0.54536
v -1.31131 -2.28663 3.24819
v 4.20668 -0.50504 -1.73838
v -0.84666 2.93732 2.79510
v 0.96987 -4.11791 1.21716
v 3.21048 3.00019 -0.84903
v -1.80179 -0.21843 3.67481
v 3.51138 -2.69774 -1.08759
v 0.61192 3.94457 1.49078
v -0.60337 -3.29963 2.63518
v 4.12869 0.98040 -1.66322
v -1.44587 1.86909 3.34708
v 2.04572 -3.97619 0.25671
v 2.29539 3.75115 -0.01559
v -1.58809 -1.53474 3.50835
v 4.06164 -1.40549 -1.58177
v -0.33580 3.43841 2.35230
v 0.33443 -3.94649 1.81003
v 3.66575 2.31792 -1.23920
v -1.75356 0.60638 3.64260
v 3.02542 -3.32347 -0.62213
v 1.26280 4.01628 0.92281
v -1.05777 -2.70727 3.05776
v 4.23152 0.06688 -1.73209
v -1.09011 2.55353 3.04184
v 1.39760 -4.12275 0.86510
v 2.89038 3.33099 -0.53262
v -1.74249 -0.72858 3.65731
v 3.77275 -2.23407 -1.29421
v 0.24693 3.79049 1.84536
v -0.25218 -3.59503 2.35592
v 4.00021 1.51541 -1.51892
v -1.58230 1.40050 3.50053
v 2.45248 -3.78104 -0.07877
v 1.91668 3.89918 0.35246
v -1.40591 -2.00604 3.38233
v 4.18170 -0.85182 -1.66156
v -0.63477 3.13073 2.64804
v 0.74757 -4.07110 1.47277
v 3.40692 2.74324 -0.97794
v -1.77103 0.09805 3.69275
v 3.35637 -2.94833 -0.89104
v 0.87814 3.97335 1.29520
v -0.76369 -3.08606 2.83109
v 4.19574 0.63270 -1.67164
v -1.29439 2.13354 3.25468
v 1.82355 -4.05020 0.51370
v 2.54239 3.59357 -0.19197
v -1.63600 -1.22973 3.59895
v 3.98224 -1.72791 -1.45464
v -0.09607 3.57433 2.18015
v 0.12776 -3.82938 2.05026
v 3.81783 2.01460 -1.32668
v -1.67448 0.91254 3.61616
v 2.83568 -3.51268 -0.39393
v 1.53064 3.97324 0.72632
v -1.17898 -2.44834 3.21680
v 4.24170 -0.28503 -1.68771
v -0.89972 2.77646 2.91410
v 1.17174 -4.12154 1.12466
v 3.10878 3.10975 -0.68206
v -1.74165 -0.41271 3.70271
v 3.64446 -2.51605 -1.12204
v 0.50544 3.86147 1.65648
v -0.43279 -3.41515 2.57112
v 4.10102 1.18041 -1.55864
v -1.45736 1.68376 3.43214
v 2.23920 -3.90045 0.17057
v 2.17450 3.78463 0.16578
v -1.48264 -1.71457 3.49970
v 4.13567 -1.19019 -1.56513
v -0.41200 3.30191 2.49104
v 0.53021 -3.99657 1.72354
v 3.58658 2.46816 -1.09110
v -1.72125 0.41136 3.69303
v 3.18730 -3.17610 -0.68152
v 1.14507 3.97447 1.09916
v -0.90952 -2.85360 3.01330
v 4.24106 0.28263 -1.65976
v -1.12759 2.38207 3.14818
v 1.59887 -4.09526 0.77281
v 2.77861 3.41143 -0.35814
v -1.66498 -0.91923 3.67186
v 3.88370 -2.03573 -1.30973
v 0.15099 3.68516 2.00137
v -0.06981 -3.68709 2.28177
v 3.95046 1.69866 -1.39593
v -1.57730 1.21037 3.57295
v 2.63601 -3.67558 -0.15663
v 1.79473 3.90268 0.53350
v -1.28334 -2.17539 3.35996
v 4.23025 -0.63259 -1.62318
v -0.69663 2.97939 2.77472
v 0.94806 -4.09171 1.38194
v 3.31252 2.86762 -0.81771
v -1.72161 -0.09680 3.73024
v 3.49995 -2.77803 -0.93486
v 0.76724 3.90549 1.46474
v -0.60072 -3.21373 2.77430
v 4.18069 0.83901 -1.57859
v -1.31589 1.95385 3.34851
v 2.02053 -3.99146 0.42474
v 2.42415 3.64404 -0.01312
v -1.54097 -1.41436 3.59982
v 4.06925 -1.51772 -1.44974
v -0.17974 3.44973 2.32540
v 0.31946 -3.89517 1.96790
v 3.74841 2.17706 -1.18753
v -1.65277 0.71941 3.67596
v 3.00572 -3.37959 -0.46048
v 1.41096 3.94797 0.90429
v -1.03982 -2.60409 3.18086
v 4.26463 -0.06722 -1.62759
v -0.94650 2.61303 3.02856
v 1.37352 -4.11134 1.03232
v 3.00253 3.20612 -0.51270
v -1.67484 -0.60544 3.72691
v 3.76709 -2.32680 -1.14806
v 0.40378 3.77015 1.81746
v -0.25681 -3.52091 2.50318
v 4.06295 1.37247 -1.44634
v -1.46262 1.49788 3.51356
v 2.42813 -3.81123 0.08813
v 2.05335 3.80516 0.34596
v -1.37013 -1.89046 3.48662
v 4.19760 -0.97328 -1.53889
v -0.48211 3.16098 2.62490
v 0.72832 -4.03379 1.63531
v 3.50038 2.60647 -0.93841
v -1.68252 0.21699 3.74004
v 3.34058 -3.01828 -0.73395
v 1.03065 3.92229 1.27171
v -0.75477 -2.99243 2.96432
v 4.23895 0.49376 -1.57851
v -1.15879 2.20896 3.25046
v 1.79828 -4.05372 0.68203
v 2.66405 3.47852 -0.18274
v -1.58053 -1.10756 3.68236
v 3.98329 -1.83208 -1.31617
v 0.06052 3.57320 2.15252
v 0.11692 -3.76793 2.20436
v 3.89150 1.87214 -1.26637
v -1.56603 1.02012 3.64195
v 2.81325 -3.55754 -0.22945
v 1.67409 3.89410 0.71218
v -1.15371 -2.33947 3.33293
v 4.26662 -0.41427 -1.57528
v -0.75227 2.82489 2.89688
v 1.14929 -4.09865 1.29054
v 3.21276 2.97924 -0.65434
v -1.66553 -0.29054 3.76407
v 3.63359 -2.59911 -0.97073
v 0.66069 3.82876 1.62992
v -0.43187 -3.33231 2.71323
v 4.15477 1.03848 -1.47739
v -1.33115 1.77317 3.43866
v 2.21382 -3.91892 0.33869
v 2.30484 3.68145 0.16526
v -1.43878 -1.59567 3.59625
v 4.14432 -1.30464 -1.43539
v -0.25753 3.32002 2.46590
v 0.51423 -3.94851 1.88317
v 3.67122 2.32828 -1.04312
v -1.62464 0.52653 3.73236
v 3.16785 -3.23521 -0.52072
v 1.29396 3.91181 1.07897
v -0.89385 -2.75305 3.14018
v 4.27567 0.14722 -1.55832
v -0.98703 2.44743 3.13894
v 1.57429 -4.08707 0.94071
v 2.89264 3.28935 -0.34168
v -1.60107 -0.79637 3.74711
v 3.87874 -2.13106 -1.16535
v 0.30725 3.67153 1.97383
v -0.07588 -3.61606 2.43150
v 4.01507 1.55571 -1.32693
v -1.46160 1.31149 3.59155
v 2.61159 -3.70888 0.00999
v 1.93276 3.81332 0.52442
v -1.25039 -2.06176 3.46881
v 4.24734 -0.75598 -1.50313
v -0.54612 3.01627 2.75429
v 0.92798 -4.05758 1.54579
v 3.40799 2.73251 -0.78186
v -1.63714 0.02330 3.78345
v 3.48452 -2.85084 -0.77898
v 0.92007 3.86064 1.44031
v -0.59371 -3.12288 2.91074
v 4.22556 0.69919 -1.48877
v -1.18375 2.03443 3.34905
v 1.99487 -3.99813 0.59337
v 2.54758 3.53254 -0.00711
v -1.48885 -1.29318 3.68845
v 4.07115 -1.62429 -1.31339
v -0.02430 3.45548 2.29907
v 0.30742 -3.83681 2.12398
v 3.82405 2.03517 -1.13093
v -1.54835 0.82974 3.70759
v 2.98332 -3.42746 -0.29663
v 1.55547 3.87420 0.88813
v -1.01698 -2.49749 3.30098
v 4.29092 -0.19806 -1.51808
v -0.80171 2.66769 3.01496
v 1.35037 -4.09157 1.19910
v 3.10851 3.07798 -0.48859
v -1.60248 -0.48298 3.79398
v 3.75671 -2.41259 -0.99830
v 0.55887 3.74408 1.79080
v -0.25751 -3.44093 2.64798
v 4.11850 1.23015 -1.36862
v -1.34013 1.59159 3.52540
v 2.40247 -3.83278 0.25618
v 2.18531 3.70629 0.34258
v -1.32923 -1.77308 3.58790
v 4.20727 -1.08988 -1.41160
v -0.32934 3.18592 2.60201
v 0.71132 -3.98877 1.79647
v 3.58706 2.46782 -0.89418
v -1.58986 0.33392 3.78524
v 3.32128 -3.08030 -0.57415
v 1.18023 3.86563 1.25017
v -0.74118 -2.89437 3.09462
v 4.27509 0.35714 -1.48028
v -1.02133 2.27995 3.24563
v 1.77312 -4.04860 0.85045
v 2.78002 3.35957 -0.16970
v -1.52004 -0.98517 3.76294
v 3.97897 -1.92997 -1.17370
v 0.21608 3.56648 2.12580
v 0.10948 -3.69979 2.35628
v 3.95804 1.72936 -1.20106
v -1.45417 1.12459 3.66622
v 2.78865 -3.59384 -0.06325
v 1.81348 3.80979 0.70074
v -1.12333 -2.22775 3.44594
v 4.28491 -0.53952 -1.45800
v -0.60399 2.86832 2.87963
v 1.12833 -4.06752 1.45550
v 3.31031 2.84606 -0.62222
v -1.58479 -0.16958 3.82301
v 3.61845 -2.67473 -0.81621
v 0.81376 3.79042 1.60494
v -0.42664 -3.24407 2.85256
v 4.20134 0.89791 -1.39103
v -1.20243 1.85859 3.44424
v 2.18768 -3.92860 0.50747
v 2.43010 3.57386 0.16815
v -1.38972 -1.47555 3.68974
v 4.14704 -1.41356 -1.30131
v -0.10334 3.33274 2.44135
v 0.50099 -3.89302 2.04098
v 3.74891 2.18719 -0.99031
v -1.52404 0.63923 3.76979
v 3.14539 -3.28602 -0.35766
v 1.43951 3.84377 1.06108
v -0.87323 -2.64863 3.26391
v 4.30334 0.01487 -1.45189
v -0.84495 2.50813 3.12936
v 1.55037 -4.07027 1.10822
v 3.00070 3.16391 -0.32116
v -1.53216 -0.67385 3.81959
v 3.86880 -2.21954 -1.01731
v 0.46207 3.65234 1.94752
v -0.07812 -3.53874 2.57868
v 4.07249 1.41316 -1.25286
v -1.34272 1.40913 3.60886
v 2.58554 -3.73341 0.17783
v 2.06635 3.71915 0.51837
v -1.21218 -1.94589 3.57441
v 4.25802 -0.87469 -1.37845
v -0.39515 3.04800 2.73413
v 0.90992 -4.01542 1.70826
v 3.49681 2.59535 -0.74144
v -1.54815 0.14167 3.83437
v 3.46528 -2.91574 -0.62033
v 1.07028 3.81031 1.41779
v -0.58205 -3.02715 3.04411
v 4.26328 0.56148 -1.39389
v -1.04937 2.11074 3.34893
v 1.96903 -3.99595 0.76214
v 2.66557 3.41708 0.00259
v -1.43148 -1.17137 3.77401
v 4.06745 -1.72470 -1.17300
v 0.13046 3.45580 2.27364
v 0.29862 -3.77134 2.27783
v 3.89262 1.89277 -1.06941
v -1.44014 0.93717 3.73753
v 2.95845 -3.46672 -0.13101
v 1.69623 3.79532 0.87459
v -0.98896 -2.38760 3.41778
v 4.31042 -0.32511 -1.40374
v -0.65573 2.71750 3.00132
v 1.32845 -4.06329 1.36498
v 3.20824 2.94706 -0.46019
v -1.52519 -0.36142 3.85837
v 3.74179 -2.49099 -0.84529
v 0.71210 3.71253 1.76570
v -0.25397 -3.35511 2.78988
v 4.16684 1.08898 -1.28585
v -1.21474 1.68148 3.53620
v 2.37574 -3.84539 0.42495
v 2.31243 3.60300 0.34251
v -1.28295 -1.65406 3.68587
v 4.21080 -1.20112 -1.27995
v -0.17650 3.20562 2.57972
v 0.69686 -3.93596 1.95578
v 3.66690 2.32778 -0.84523
v -1.49284 0.44864 3.82833
v 3.29866 -3.13403 -0.41203
v 1.32679 3.80369 1.23088
v -0.72262 -2.79198 3.22160
v 4.30419 0.22338 -1.37708
v -0.88197 2.34641 3.24041
v 1.74833 -4.03463 1.01850
v 2.89025 3.23719 -0.15271
v -1.45428 -0.86275 3.84049
v 3.96943 -2.02110 -1.02754
v 0.37056 3.55435 2.10030
v 0.10573 -3.62493 2.50557
v 4.01743 1.58679 -1.13077
v -1.33874 1.22575 3.68903
v 2.76212 -3.62129 0.10423
v 1.94873 3.72070 0.69225
v -1.08757 -2.11334 3.55549
v 4.29662 -0.66028 -1.33610
v -0.45489 2.90673 2.86265
v 1.10914 -4.02805 1.61908
v 3.40137 2.71070 -0.58563
v -1.49921 -0.05006 3.87939
v 3.59921 -2.74249 -0.65885
v 0.96457 3.74673 1.58186
v -0.41680 -3.15050 2.98869
v 4.24072 0.75924 -1.29965
v -1.07108 1.93987 3.44905
v 2.16105 -3.92927 0.67644
v 2.55017 3.46229 0.17464
v -1.33519 -1.35441 3.77990
v 4.14394 -1.51646 -1.16316
v 0.05054 3.34017 2.41771
v 0.49081 -3.83004 2.19651
v 3.81961 2.04541 -0.93267
v -1.41928 0.74924 3.80529
v 3.12014 -3.32819 -0.19276
v 1.58163 3.77071 1.04576
v -0.84738 -2.54045 3.38413
v 4.32411 -0.11390 -1.34065
v -0.70130 2.56409 3.11970
v 1.52742 -4.04469 1.27485
v 3.10272 3.03559 -0.29645
v -1.45802 -0.55189 3.88910
v 3.85405 -2.30071 -0.86597
v 0.61541 3.62779 1.92277
v -0.07622 -3.45515 2.72286
v 4.12271 1.27157 -1.17381
v -1.22054 1.50308 3.62495
v 2.55813 -3.74888 0.34644
v 2.19541 3.62056 0.51556
v -1.16842 -1.82795 3.67646
v 4.26238 -0.98820 -1.24939
v -0.24373 3.07462 2.71456
v 0.89418 -3.96512 1.86887
v 3.57893 2.45666 -0.69639
v -1.45445 0.25808 3.88289
v 3.44244 -2.97235 -0.45929
v 1.21784 3.75480 1.39751
v -0.56543 -2.92664 3.17401
v 4.29390 0.42641 -1.29409
v -0.91270 2.18264 3.34833
v 1.94328 -3.98472 0.93059
v 2.77806 3.29815 0.01616
v -1.36860 -1.04917 3.85624
v 4.05829 -1.81848 -1.02887
v 0.28452 3.45083 2.24946
v 0.29335 -3.69877 2.42897
v 3.95410 1.75039 -1.00299
v -1.32798 1.04147 3.76576
v 2.93133 -3.49704 0.03596
v 1.83317 3.71172 0.86395
v -0.95546 -2.27457 3.53089
v 4.32321 -0.44784 -1.28478
v -0.50854 2.76240 2.98791
v 1.30807 -4.02636 1.52950
v 3.30167 2.81385 -0.42741
v -1.44272 -0.24100 3.91990
v 3.72250 -2.56159 -0.68939
v 0.86345 3.67573 1.74251
v -0.24589 -3.26352 2.92845
v 4.20800 0.94949 -1.19811
v -1.08633 1.76735 3.54605
v 2.34824 -3.84883 0.59396
v 2.43468 3.49572 0.34598
v -1.23100 -1.53360 3.78021
v 4.20832 -1.30649 -1.14420
v -0.02359 3.22013 2.55834
v 0.68526 -3.87531 2.11278
v 3.73989 2.18690 -0.79153
v -1.39128 0.56088 3.86920
v 3.27297 -3.17909 -0.24799
v 1.47028 3.73680 1.21415
v -0.69880 -2.68538 3.34487
v 4.32632 0.09299 -1.26910
v -0.74064 2.40823 3.23501
v 1.72424 -4.01166 1.18572
v 2.99467 3.11185 -0.13162
v -1.38301 -0.74055 3.91475
v 3.95483 -2.10504 -0.87803
v 0.52393 3.53696 2.07639
v 0.10599 -3.54340 2.65177
v 4.06967 1.44496 -1.05555
v -1.21961 1.32338 3.71038
v 2.73392 -3.63959 0.27254
v 2.07979 3.62723 0.68695
v -1.04615 -1.99642 3.66122
v 4.30186 -0.77601 -1.20981
v -0.30495 2.94010 2.84622
v 1.09205 -3.98013 1.78079
v 3.48591 2.57369 -0.54449
v -1.40856 0.06776 3.93305
v 3.57609 -2.80199 -0.49905
v 1.11308 3.69794 1.56101
v -0.40205 -3.05169 3.12117
v 4.27298 0.62299 -1.20339
v -0.93703 2.01683 3.45321
v 2.13424 -3.92070 0.84513
v 2.66504 3.34720 0.18493
v -1.27491 -1.23248 3.86641
v 4.13518 -1.61288 -1.02124
v 0.20409 3.34239 2.39531
v 0.48400 -3.75958 2.34928
v 3.88334 1.90347 -0.87020
v -1.31016 0.85630 3.83880
v 3.09236 -3.36138 -0.02645
v 1.72030 3.69297 1.03332
v -0.81599 -2.42868 3.50042
v 4.33807 -0.23855 -1.22479
v -0.55604 2.61521 3.11017
v 1.50572 -4.01020 1.44012
v 3.19867 2.90488 -0.26744
v -1.37839 -0.43076 3.95542
v 3.83468 -2.37415 -0.71168
v 0.76724 3.59808 1.89993
v -0.06989 -3.36537 2.86359
v 4.16578 1.13145 -1.08985
v -1.09492 1.59312 3.63986
v 2.52963 -3.75505 0.51535
v 2.31992 3.51799 0.51623
v -1.11885 -1.70815 3.77459
v 4.26056 -1.09601 -1.11622
v -0.09184 3.09611 2.69587
v 0.88108 -3.90665 2.02713
v 3.65435 2.31697 -0.64667
v -1.35584 0.37223 3.92887
v 3.41624 -3.02030 -0.29628
v 1.36269 3.69441 1.37977
v -0.54355 -2.82146 3.30000
v 4.31749 0.29452 -1.18952
v -0.77364 2.24995 3.34738
v 1.91793 -3.96426 1.09823
v 2.88504 3.17618 0.03375
v -1.29994 -0.92682 3.93485
v 4.04385 -1.90518 -0.88135
v 0.43785 3.44068 2.22685
v 0.29194 -3.61912 2.57694
v 4.00853 1.60856 -0.93170
v -1.21170 1.14236 3.79226
v 2.90225 -3.51814 0.20381
v 1.96627 3.62375 0.85648
v -0.91620 -2.15858 3.63991
v 4.32942 -0.56576 -1.16142
v -0.36010 2.80231 2.97496
v 1.28951 -3.98071 1.69213
v 3.38881 2.67884 -0.39017
v -1.35486 -0.12200 3.97836
v 3.69906 -2.62398 -0.53098
v 1.01288 3.63390 1.72154
v -0.23297 -3.16625 3.06322
v 4.24203 0.81223 -1.10553
v -0.95478 1.84895 3.55504
v 2.32023 -3.84287 0.76274
v 2.55205 3.38489 0.35320
v -1.17311 -1.41194 3.87059
v 4.19998 -1.40552 -1.00466
v 0.12940 3.22948 2.53817
v 0.67682 -3.80681 2.26696
v 3.80604 2.04568 -0.73306
v -1.28497 0.67035 3.90775
v 3.24445 -3.21514 -0.08249
v 1.61069 3.66527 1.20029
v -0.66942 -2.57473 3.46400
v 4.34156 -0.03348 -1.15651
v -0.59727 2.46522 3.22960
v 1.70112 -3.97952 1.35158
v 3.09331 2.98403 -0.10629
v -1.30597 -0.61884 3.98545
v 3.93537 -2.18134 -0.72552
v 0.67619 3.51446 2.05437
v 0.11056 -3.45525 2.79439
v 4.11482 1.30441 -0.97546
v -1.09662 1.41718 3.73028
v 2.70432 -3.64847 0.44120
v 2.20664 3.52977 0.68511
v -0.99877 -1.87721 3.76274
v 4.30077 -0.88623 -1.07938
v -0.15412 2.96837 2.83059
v 1.07736 -3.92372 1.94012
v 3.56397 2.43551 -0.49874
v -1.31263 0.18356 3.98381
v 3.54932 -2.85284 -0.33721
v 1.25928 3.64432 1.54271
v -0.38207 -2.94778 3.24956
v 4.29818 0.48971 -1.10238
v -0.80015 2.08923 3.45683
v 2.10752 -3.90270 1.01303
v 2.77471 3.22903 0.19921
v -1.20864 -1.11002 3.94895
v 4.12091 -1.70234 -0.87588
v 0.35733 3.33945 2.37446
v 0.48086 -3.68166 2.49879
v 3.94014 1.76190 -0.80291
v -1.19652 0.96009 3.87023
v 3.06231 -3.38528 0.14081
v 1.85550 3.61089 1.02403
v -0.77878 -2.31351 3.61237
v 4.34534 -0.35857 -1.10453
v -0.40908 2.66133 3.10098
v 1.48560 -3.96671 1.60350
v 3.28859 2.77227 -0.23402
v -1.29306 -0.31076 4.01828
v 3.81089 -2.43945 -0.55483
v 0.91756 3.56338 1.87932
v -0.05881 -3.26948 3.00037
v 4.20176 0.99335 -1.00106
v -0.96573 1.67896 3.65363
v 2.50033 -3.75168 0.68407
v 2.43989 3.41184 0.52062
v -1.06318 -1.58674 3.86843
v 4.25271 -1.19765 -0.97922
v 0.06055 3.11243 2.67833
v 0.87094 -3.83999 2.18252
v 3.72314 2.17678 -0.59223
v -1.25210 0.48381 3.97214
v 3.38691 -3.05924 -0.13173
v 1.50485 3.62940 1.36490
v -0.51613 -2.71180 3.42162
v 4.33416 0.16632 -1.08034
v -0.63210 2.31244 3.34623
v 1.89328 -3.93442 1.26453
v 2.98653 3.05167 0.05555
v -1.22526 -0.80461 4.00953
v 4.02431 -1.98435 -0.73078
v 0.59049 3.42541 2.20613
v 0.29470 -3.53245 2.72122
v 4.05596 1.46781 -0.85558
v -1.09114 1.23953 3.81696
v 2.87147 -3.52973 0.37208
v 2.09555 3.53180 0.85246
v -0.87090 -2.03988 3.74443
v 4.32917 -0.67834 -1.03391
v -0.21034 2.83708 2.96270
v 1.27312 -3.92625 1.85236
v 3.46971 2.54256 -0.34836
v -1.26137 -0.00477 4.03351
v 3.67169 -2.67777 -0.37048
v 1.16042 3.58725 1.70314
v -0.21490 -3.06345 3.19371
v 4.26903 0.67772 -1.00821
v -0.81997 1.92602 3.56320
v 2.29203 -3.82731 0.93077
v 2.66455 3.27094 0.36437
v -1.10905 -1.28938 3.95665
v 4.18595 -1.49775 -0.86163
v 0.28250 3.23364 2.51950
v 0.67188 -3.73049 2.41779
v 3.86543 1.90464 -0.66982
v -1.17374 0.77670 3.94383
v 3.21336 -3.24187 0.08402
v 1.74803 3.58941 1.18959
v -0.63420 -2.46025 3.57852
v 4.35005 -0.15554 -1.03950
v -0.45177 2.51719 3.22433
v 1.67931 -3.93813 1.51556
v 3.18620 2.85421 -0.07658
v -1.22294 -0.49795 4.05231
v 3.91125 -2.24958 -0.57038
v 0.82735 3.48695 2.03460
v 0.11976 -3.36059 2.93293
v 4.15298 1.16567 -0.89058
v -0.96963 1.50684 3.74868
v 2.67363 -3.64768 0.60972
v 2.32933 3.42870 0.68698
v -0.94518 -1.75599 3.85965
v 4.29352 -0.99046 -0.94509
v -0.00236 2.99142 2.81601
v 1.06539 -3.85878 2.09654
v 3.63561 2.29669 -0.44832
v -1.21123 0.29700 4.03144
v 3.51915 -2.89470 -0.17378
v 1.40320 3.58607 1.52729
v -0.35659 -2.83895 3.37336
v 4.31646 0.35991 -0.99677
v -0.66035 2.15679 3.45996
v 2.08121 -3.87513 1.17963
v 2.87922 3.10823 0.21766
v -1.13613 -0.98736 4.02718
v 4.10135 -1.78440 -0.72742
v 0.51030 3.33135 2.35547
v 0.48173 -3.59635 2.64450
v 3.99009 1.62121 -0.73083
v -1.07818 1.06027 3.89947
v 3.03026 -3.39961 0.30855
v 1.98727 3.52480 1.01820
v -0.73548 -2.19519 3.71953
v 4.34608 -0.47347 -0.98009
v -0.26038 2.70226 3.09229
v 1.46738 -3.91414 1.76447
v 3.37254 2.63825 -0.19606
v -1.20180 -0.19225 4.07741
v 3.78294 -2.49622 -0.39581
v 1.06639 3.52381 1.86128
v -0.04267 -3.16764 3.13270
v 4.23079 0.85777 -0.90756
v -0.83285 1.76027 3.66623
v 2.47054 -3.73856 0.85209
v 2.55537 3.30251 0.52897
v -1.00116 -1.46403 3.95760
v 4.23902 -1.29265 -0.83869
v 0.21347 3.12349 2.66220
v 0.86407 -3.76516 2.33449
v 3.78537 2.03661 -0.53305
v -1.14305 0.59245 4.01251
v 3.35473 -3.08884 0.03389
v 1.64435 3.56002 1.35322
v -0.48286 -2.59787 3.53839
v 4.34405 0.04232 -0.96675
v -0.48799 2.36984 3.34496
v 1.86966 -3.89509 1.42896
v 3.08260 2.92505 0.08171
v -1.14433 -0.68291 4.07994
v 3.99990 -2.05557 -0.57753
v 0.74245 3.40507 2.18762
v 0.30195 -3.43888 2.86127
v 4.09653 1.32866 -0.77469
v -0.96615 1.33262 3.83976
v 2.83929 -3.53156 0.54027
v 2.22106 3.43619 0.85216
v -0.81929 -1.91874 3.84402
v 4.32265 -0.78513 -0.90249
v -0.05921 2.86654 2.95132
v 1.25921 -3.86297 2.00964
v 3.54445 2.40547 -0.30189
v -1.16207 0.11034 4.08509
v 3.64067 -2.72260 -0.20831
v 1.30608 3.53591 1.68764
v -0.19138 -2.95531 3.31942
v 4.28915 0.54646 -0.90629
v -0.68179 1.99821 3.57054
v 2.26395 -3.80200 1.09753
v 2.77226 3.15428 0.37972
v -1.03854 -1.16624 4.03800
v 4.16646 -1.58273 -0.71544
v 0.43575 3.23255 2.50262
v 0.67074 -3.64640 2.56474
v 3.91817 1.76431 -0.60180
v -1.05742 0.87956 3.97727
v 3.17998 -3.25898 0.25108
v 1.88235 3.50948 1.18237
v -0.59285 -2.34220 3.68798
v 4.35196 -0.27269 -0.91830
v -0.30407 2.56387 3.21933
v 1.65913 -3.88740 1.67712
v 3.27345 2.72286 -0.04234
v -1.13370 -0.37826 4.11499
v 3.88273 -2.30938 -0.41302
v 0.97745 3.45448 2.01737
v 0.13390 -3.25957 3.06685
v 4.18427 1.02924 -0.80099
v -0.83849 1.59197 3.76551
v 2.64214 -3.63703 0.77759
v 2.44792 3.32440 0.69283
v -0.88511 -1.63306 3.95152
v 4.28030 -1.08822 -0.80722
v 0.15037 3.00909 2.80269
v 1.05647 -3.78535 2.24949
v 3.70095 2.15773 -0.39316
v -1.10415 0.40768 4.07572
v 3.48585 -2.92723 -0.00919
v 1.54487 3.52338 1.51509
v -0.32529 -2.72543 3.49209
v 4.32799 0.23409 -0.88672
v -0.51753 2.21917 3.46265
v 2.05564 -3.83785 1.34438
v 2.97868 2.98524 0.24049
v -1.05714 -0.86485 4.10072
v 4.07673 -1.85864 -0.57620
v 0.66301 3.31805 2.33863
v 0.48691 -3.50374 2.78587
v 4.03335 1.48192 -0.65397
v -0.95500 1.15642 3.92635
v 2.99652 -3.40411 0.47626
v 2.11567 3.43498 1.01614
v -0.68580 -2.07402 3.82144
v 4.34048 -0.58277 -0.85172
v -0.10985 2.73773 3.08426
v 1.45138 -3.85245 1.92246
v 3.45065 2.50329 -0.15344
v -1.10441 -0.07562 4.13252
v 3.75107 -2.54409 -0.23506
v 1.21377 3.47945 1.84614
v -0.02116 -3.06003 3.26005
v 4.25301 0.72524 -0.80943
v -0.69614 1.83665 3.67761
v 2.44057 -3.71552 1.01887
v 2.66645 3.19039 0.54153
v -0.93256 -1.34037 4.04167
v 4.21972 -1.38055 -0.69494
v 0.36699 3.12913 2.64772
v 0.86080 -3.68221 2.48250
v 3.84118 1.89695 -0.46907
v -1.02853 0.69771 4.04977
v 3.31998 -3.10880 0.20013
v 1.78125 3.48649 1.34506
v -0.44347 -2.47993 3.64983
v 4.34736 -0.07698 -0.84891
v -0.34123 2.42181 3.34364
v 1.84738 -3.84618 1.59097
v 3.17337 2.79679 0.11243
v -1.05694 -0.56210 4.14574
v 3.97088 -2.11845 -0.42197
v 0.89376 3.37963 2.17162
v 0.31399 -3.33854 2.99657
v 4.13039 1.19162 -0.68906
v -0.83659 1.42119 3.86054
v 2.80602 -3.52342 0.70785
v 2.34286 3.33726 0.85589
v -0.76111 -1.79549 3.93823
v 4.31007 -0.88563 -0.76745
v 0.09334 2.89043 2.94099
v 1.24810 -3.79087 2.16340
v 3.61318 2.26809 -0.25067
v -1.05677 0.22288 4.13283
v 3.60626 -2.75813 -0.04490
v 1.44991 3.48002 1.67536
v -0.16210 -2.84204 3.43982
v 4.30258 0.41897 -0.79990
v -0.54014 2.06513 3.57706
v 2.23631 -3.76678 1.26246
v 2.87530 3.03532 0.39950
v -0.96138 -1.04291 4.11425
v 4.14173 -1.66003 -0.56643
v 0.58919 3.22607 2.48777
v 0.67374 -3.55465 2.70724
v 3.96443 1.62518 -0.52898
v -0.93584 0.97848 4.00787
v 3.14462 -3.26621 0.41818
v 2.01371 3.42573 1.17896
v -0.54510 -2.22086 3.79188
v 4.34750 -0.38444 -0.79310
v -0.15410 2.60491 3.21468
v 1.64091 -3.82728 1.83569
v 3.35518 2.59045 -0.00340
v -1.03804 -0.26020 4.17317
v 3.85008 -2.36035 -0.25382
v 1.12651 3.41707 2.00302
v 0.15329 -3.15237 3.19561
v 4.20890 0.89564 -0.70674
v -0.70310 1.67214 3.78067
v 2.61018 -3.61631 0.94427
v 2.56250 3.21719 0.70295
v -0.81833 -1.50879 4.03791
v 4.26135 -1.17907 -0.66606
v 0.30413 3.02113 2.79083
v 1.05094 -3.70346 2.39839
v 3.76015 2.01911 -0.33318
v -0.99124 0.51514 4.11637
v 3.44972 -2.95012 0.15609
v 1.68435 3.45640 1.50643
v -0.28790 -2.60747 3.60521
v 4.33297 0.11275 -0.77238
v -0.37161 2.27599 3.46491
v 2.03114 -3.79077 1.50671
v 3.07320 2.86047 0.26793
v -0.97147 -0.74292 4.16919
v 4.04731 -1.92466 -0.42260
v 0.81551 3.29945 2.32420
v 0.49673 -3.40397 2.92234
v 4.07011 1.34454 -0.57234
v -0.82684 1.24809 3.95073
v 2.96140 -3.39854 0.64343
v 2.24078 3.34172 1.01816
v -0.62949 -1.95033 3.91763
v 4.32877 -0.68599 -0.71964
v 0.04254 2.76743 3.07700
v 1.43795 -3.78165 2.07690
v 3.52307 2.36788 -0.10602
v -1.00070 0.03867 4.18328
v 3.71558 -2.58271 -0.07298
v 1.35974 3.43035 1.83422
v 0.00600 -2.94689 3.38188
v 4.26865 0.59625 -0.70679
v -0.55552 1.90768 3.68772
v 2.41075 -3.68242 1.18386
v 2.77323 3.07585 0.55858
v -0.85713 -1.21615 4.12021
v 4.19505 -1.46095 -0.54828
v 0.52111 3.12916 2.63511
v 0.86147 -3.59123 2.62597
v 3.89078 1.75831 -0.40026
v -0.90839 0.79914 4.08368
v 3.28298 -3.11886 0.36650
v 1.91559 3.40898 1.34076
v -0.39768 -2.35830 3.75541
v 4.34432 -0.19110 -0.72703
v -0.19175 2.46797 3.34231
v 1.82679 -3.78764 1.74999
v 3.25899 2.66731 0.14789
v -0.96289 -0.44262 4.20655
v 3.93753 -2.17260 -0.26449
v 1.04447 3.34901 2.15843
v 0.33114 -3.23163 3.12654
v 4.15776 1.05719 -0.59873
v -0.70236 1.50477 3.87915
v 2.77198 -3.50510 0.87431
v 2.46106 3.23528 0.86396
v -0.69612 -1.67050 4.02658
v 4.29170 -0.97942 -0.62903
v 0.24735 2.90845 2.93187
v 1.24015 -3.70999 2.31307
v 3.67608 2.13087 -0.19457
v -0.94531 0.33239 4.17643
v 3.56877 -2.78406 0.11928
v 1.59196 3.41962 1.66664
v -0.12679 -2.72392 3.55437
v 4.30954 0.29573 -0.68916
v -0.39494 2.12634 3.58270
v 2.20946 -3.72157 1.42501
v 2.97378 2.91444 0.42396
v -0.87733 -0.91981 4.18498
v 4.11206 -1.72925 -0.41494
v 0.74283 3.21401 2.47520
v 0.68120 -3.45537 2.84472
v 4.00442 1.48775 -0.45134
v -0.80890 1.07296 4.03543
v 3.10760 -3.26332 0.58483
v 2.14218 3.33834 1.17970
v -0.49068 -2.09660 3.88973
v 4.33693 -0.49033 -0.66412
v -0.00182 2.63995 3.21046
v 1.62499 -3.75778 1.99068
v 3.43157 2.45740 0.04040
v -0.93580 -0.14422 4.22650
v 3.81359 -2.40215 -0.09322
v 1.27458 3.37465 1.99184
v 0.17823 -3.03921 3.31865
v 4.22710 0.76536 -0.60791
v -0.56337 1.74687 3.79406
v 2.57809 -3.58539 1.10921
v 2.67319 3.10739 0.71764
v -0.74459 -1.38359 4.11837
v 4.23695 -1.26258 -0.52191
v 0.45894 3.02725 2.78061
v 1.04913 -3.61320 2.54268
v 3.81342 1.88130 -0.26829
v -0.87236 0.61889 4.15313
v 3.41108 -2.96311 0.32159
v 1.82168 3.38520 1.50166
v -0.24413 -2.48539 3.71221
v 4.33166 -0.00364 -0.65391
v -0.22252 2.32679 3.46673
v 2.00804 -3.73382 1.66607
v 3.16295 2.73432 0.30020
v -0.87892 -0.62202 4.23220
v 4.01339 -1.98209 -0.26698
v 0.96782 3.27536 2.31247
v 0.51151 -3.29724 3.05333
v 4.10058 1.20954 -0.48594
v -0.69359 1.33477 3.97239
v 2.92523 -3.38272 0.80956
v 2.36269 3.24521 1.02459
v -0.56631 -1.82450 4.00760
v 4.31124 -0.78270 -0.58410
v 0.19683 2.79096 3.07062
v 1.42741 -3.70177 2.22720
v 3.58999 2.23245 -0.05364
v -0.89054 0.15013 4.22936
v 3.67679 -2.61177 0.08998
v 1.50433 3.37647 1.82584
v 0.03913 -2.82847 3.49763
v 4.27795 0.47128 -0.59973
v -0.41092 1.97285 3.69645
v 2.38143 -3.63914 1.34652
v 2.87586 2.95920 0.58040
v -0.77466 -1.09182 4.19280
v 4.16533 -1.53342 -0.39904
v 0.67587 3.12327 2.62458
v 0.86641 -3.49235 2.76429
v 3.93437 1.62116 -0.32654
v -0.78251 0.89621 4.11398
v 3.24405 -3.11876 0.53249
v 2.04745 3.32759 1.34065
v -0.34521 -2.23331 3.85462
v 4.33520 -0.29959 -0.60127
v -0.03951 2.50786 3.34099
v 1.80824 -3.71944 1.90543
v 3.33963 2.53701 0.18834
v -0.86200 -0.32498 4.26199
v 3.90015 -2.21769 -0.10548
v 1.19458 3.31305 2.14832
v 0.35373 -3.11835 3.25059
v 4.17890 0.92585 -0.50374
v -0.56337 1.58284 3.89544
v 2.73753 -3.47646 1.03910
v 2.57577 3.13050 0.87669
v -0.62408 -1.54420 4.10859
v 4.26783 -1.06607 -0.48751
v 0.40284 2.92022 2.92408
v 1.23568 -3.62042 2.45804
v 3.73337 1.99427 -0.13346
v -0.82754 0.43833 4.21558
v 3.52852 -2.80009 0.28379
v 1.73226 3.35471 1.66182
v -0.08514 -2.60126 3.66252
v 4.31033 0.17721 -0.57419
v -0.24615 2.18133 3.58741
v 2.18373 -3.66629 1.58460
v 3.06787 2.79197 0.45337
v -0.78622 -0.79744 4.24976
v 4.07776 -1.79002 -0.26131
v 0.89669 3.19611 2.46514
v 0.69344 -3.34873 2.97657
v 4.03840 1.35249 -0.36882
v -0.67650 1.16246 4.05971
v 3.06927 -3.25011 0.75051
v 2.26784 3.24745 1.18494
v -0.42935 -1.96978 3.98099
v 4.32055 -0.58993 -0.53158
v 0.15278 2.66851 3.20672
v 1.61172 -3.67890 2.14151
v 3.50283 2.32413 0.08929
v -0.82682 -0.03087 4.27461
v 3.77359 -2.43448 0.06839
v 1.42165 3.32710 1.98415
v 0.20904 -2.92037 3.43539
v 4.23914 0.63886 -0.50454
v -0.41924 1.81561 3.80553
v 2.54621 -3.54414 1.27187
v 2.78010 2.99527 0.73722
v -0.66370 -1.25791 4.19243
v 4.20742 -1.33835 -0.37505
v 0.61479 3.02709 2.77219
v 1.05137 -3.51469 2.68173
v 3.86100 1.74478 -0.19837
v -0.74739 0.71837 4.18570
v 3.37027 -2.96593 0.48683
v 1.95691 3.30981 1.50113
v -0.19371 -2.35954 3.81251
v 4.32436 -0.11462 -0.53146
v -0.07025 2.37106 3.46809
v 1.98672 -3.66699 1.82185
v 3.24810 2.60715 0.33759
v -0.77932 -0.50267 4.28932
v 3.97530 -2.03056 -0.10971
v 1.11991 3.24555 2.30368
v 0.53157 -3.18374 3.17824
v 4.12507 1.07741 -0.39475
v -0.55520 1.41587 3.99115
v 2.88838 -3.35647 0.97409
v 2.48148 3.14563 1.03580
v -0.49600 -1.69697 4.09083
v 4.28819 -0.87248 -0.44533
v 0.35301 2.80788 3.06519
v 1.42013 -3.61288 2.37276
v 3.65165 2.09742 0.00388
v -0.77377 0.25818 4.27042
v 3.63503 -2.63099 0.25339
v 1.64755 3.31770 1.82133
v 0.07851 -2.70509 3.60671
v 4.28124 0.35080 -0.48830
v -0.26231 2.03160 3.70372
v 2.35296 -3.58561 1.50625
v 2.97447 2.84073 0.60732
v -0.68497 -0.96787 4.25895
v 4.13088 -1.59760 -0.24753
v 0.83124 3.11112 2.61630
v 0.87594 -3.38575 2.89688
v 3.97225 1.48595 -0.24781
v -0.65079 0.98832 4.14040
v 3.20356 -3.10830 0.69763
v 2.17686 3.24237 1.34511
v -0.28582 -2.10537 3.94691
v 4.32034 -0.40201 -0.47181
v 0.11547 2.54094 3.33969
v 1.79207 -3.64161 2.05669
v 3.41550 2.40628 0.23401
v -0.75412 -0.20971 4.31167
v 3.85911 -2.25340 0.05466
v 1.34408 3.27154 2.14159
v 0.38205 -2.99898 3.36814
v 4.19410 0.79805 -0.40407
v -0.41957 1.65481 3.90922
v 2.70303 -3.43735 1.20168
v 2.68707 3.02311 0.89445
v -0.54478 -1.41705 4.18376
v 4.23879 -1.14517 -0.34315
v 0.55977 2.92529 2.91774
v 1.23505 -3.52226 2.59770
v 3.78531 1.85872 -0.06717
v -0.70337 0.54011 4.24994
v 3.48589 -2.80598 0.44817
v 1.87082 3.28522 1.66124
v -0.03690 -2.47440 3.76369
v 4.30526 0.06386 -0.45510
v -0.09375 2.22951 3.59112
v 2.15950 -3.60090 1.74065
v 3.15773 2.66823 0.48805
v -0.68787 -0.67631 4.30814
v 4.03918 -1.84198 -0.10589
v 1.05072 3.17201 2.45780
v 0.71080 -3.23494 3.10219
v 4.06665 1.21986 -0.28136
v -0.53856 1.24636 4.08047
v 3.03000 -3.22640 0.91470
v 2.39074 3.15315 1.19504
v -0.36086 -1.84086 4.06514
v 4.29870 -0.68280 -0.39565
v 0.30970 2.69007 3.20349
v 1.60145 -3.59072 2.28755
v 3.56917 2.19104 0.14350
v -0.71097 0.07928 4.31711
v 3.73045 -2.45702 0.23059
v 1.56772 3.27421 1.98025
v 0.24600 -2.79615 3.54522
v 4.24536 0.51661 -0.39667
v -0.27069 1.87774 3.81494
v 2.51491 -3.49247 1.43167
v 2.88337 2.88103 0.76205
v -0.57544 -1.13227 4.25958
v 4.17312 -1.40601 -0.22577
v 0.77164 3.02020 2.76570
v 1.05800 -3.40809 2.81492
v 3.90317 1.60996 -0.12327
v -0.61626 0.81296 4.21378
v 3.32766 -2.95837 0.65133
v 2.09005 3.23018 1.50520
v -0.13638 -2.23032 3.90556
v 4.31143 -0.21976 -0.40514
v 0.08518 2.40819 3.46893
v 1.96752 -3.59028 1.97347
v 3.32883 2.47927 0.38039
v -0.67251 -0.38544 4.34013
v 3.93341 -2.06977 0.04885
v 1.27176 3.20967 2.29808
v 0.55723 -3.06375 3.29645
v 4.14388 0.94858 -0.29871
v -0.41161 1.49078 4.00678
v 2.85120 -3.31965 1.13651
v 2.59722 3.04307 1.05214
v -0.41837 -1.56820 4.16679
v 4.26001 -0.95491 -0.30355
v 0.51104 2.81766 3.06079
v 1.41645 -3.51508 2.51295
v 3.70829 1.96319 0.06679
v -0.65031 0.36222 4.30609
v 3.59069 -2.64011 0.41680
v 1.78937 3.25387 1.82103
v 0.12443 -2.57710 3.70854
v 4.27885 0.23524 -0.37258
v -0.10969 2.08330 3.70939
v 2.32573 -3.52177 1.66249
v 3.06921 2.72068 0.63968
v -0.58788 -0.84486 4.31820
v 4.09208 -1.65314 -0.09406
v 0.98715 3.09226 2.61047
v 0.89041 -3.27163 3.02308
v 4.00470 1.35312 -0.16394
v -0.51320 1.07484 4.16267
v 3.16188 -3.08729 0.86140
v 2.30385 3.15330 1.35450
v -0.21925 -1.97491 4.03170
v 4.30010 -0.49793 -0.33879
v 0.27316 2.56664 3.33839
v 1.77866 -3.55419 2.20315
v 3.48681 2.27544 0.28521
v -0.63914 -0.09743 4.35516
v 3.81477 -2.27941 0.21554
v 1.49290 3.22415 2.13850
v 0.41641 -2.87381 3.47857
v 4.20372 0.67426 -0.29970
v -0.27096 1.72001 3.92031
v 2.66885 -3.38768 1.36148
v 2.79506 2.91322 0.91760
v -0.45802 -1.28958 4.25157
v 4.20498 -1.21634 -0.19617
v 0.71808 2.92312 2.91294
v 1.23861 -3.41566 2.73143
v 3.83216 1.72462 0.00452
v -0.57272 0.63709 4.27917
v 3.44126 -2.80150 0.61195
v 2.00761 3.21098 1.66525
v 0.01823 -2.34376 3.85729
v 4.29472 -0.04389 -0.33194
v 0.06221 2.27026 3.59373
v 2.13714 -3.52540 1.89256
v 3.24352 2.54347 0.52834
v -0.58212 -0.55702 4.35966
v 3.99671 -1.88480 0.05101
v 1.20484 3.14131 2.45341
v 0.73360 -3.11426 3.22094
v 4.08952 1.09028 -0.18884
v -0.39507 1.32400 4.09745
v 2.99016 -3.19204 1.07689
v 2.51091 3.05542 1.21038
v -0.28499 -1.71032 4.14162
v 4.27178 -0.76855 -0.25652
v 0.46884 2.70402 3.20079
v 1.59455 -3.49332 2.42820
v 3.63083 2.05846 0.20331
v -0.58816 0.18559 4.35361
v 3.68457 -2.46953 0.39296
v 1.71269 3.21569 1.98045
v 0.28942 -2.66690 3.64754
v 4.24612 0.39903 -0.28428
v -0.11774 1.93260 3.82211
v 2.48459 -3.43032 1.58806
v 2.98307 2.76481 0.79251
v -0.47965 -1.00723 4.31933
v 4.13444 -1.46520 -0.07432
v 0.92938 3.00605 2.76130
v 1.06938 -3.29360 2.94164
v 3.94023 1.47725 -0.04279
v -0.47892 0.90198 4.23704
v 3.28365 -2.94025 0.81461
v 2.22106 3.14617 1.51423
v -0.07188 -2.09817 3.99077
v 4.29326 -0.31865 -0.27505
v 0.24370 2.43755 3.46920
v 1.95082 -3.50371 2.12030
v 3.40532 2.35096 0.42894
v -0.55837 -0.27095 4.38417
v 3.88813 -2.09940 0.20835
v 1.42325 3.16733 2.29591
v 0.58880 -2.93756 3.40734
v 4.15736 0.82349 -0.19774
v -0.26284 1.55879 4.01905
v 2.81412 -3.27216 1.29627
v 2.70994 2.93757 1.07404
v -0.33319 -1.43873 4.23495
v 4.22710 -1.02963 -0.15895
v 0.67081 2.81968 3.05747
v 1.41674 -3.40851 2.64714
v 3.76017 1.83013 0.13534
v -0.52008 0.46158 4.33599
v 3.54418 -2.63889 0.57980
v 1.92970 3.18469 1.82525
v 0.17717 -2.44489 3.80250
v 4.27118 0.12503 -0.25255
v 0.04689 2.12725 3.71332
v 2.30011 -3.44761 1.81466
v 3.16017 2.59921 0.67788
v -0.48322 -0.72337 4.37004
v 4.04935 -1.69970 0.06110
v 1.14348 3.06619 2.60724
v 0.91015 -3.15022 3.14229
v 4.03206 1.22308 -0.07475
v -0.36972 1.15505 4.18048
v 3.11943 -3.05557 1.02332
v 2.42839 3.06026 1.36921
v -0.14528 -1.84243 4.10843
v 4.27491 -0.58696 -0.20232
v 0.43346 2.58428 3.33706
v 1.76839 -3.45726 2.34422
v 3.55374 2.14478 0.34228
v -0.51695 0.01120 4.39203
v 3.76758 -2.29548 0.37681
v 1.64093 3.17050 2.13934
v 0.45713 -2.74320 3.58124
v 4.20813 0.55488 -0.19054
v -0.11759 1.77772 3.92849
v 2.63540 -3.32738 1.51797
v 2.89976 2.80090 0.94657
v -0.36361 -1.16235 4.31149
v 4.16682 -1.27924 -0.04680
v 0.87764 2.91312 2.90978
v 1.24671 -3.30081 2.85859
v 3.87421 1.59233 0.08186
v -0.43556 0.72857 4.30293
v 3.39505 -2.78645 0.77470
v 2.14254 3.13174 1.67422
v 0.08049 -2.20976 3.94270
v 4.27911 -0.14563 -0.20475
v 0.22164 2.30285 3.59514
v 2.11705 -3.43980 2.03973
v 3.32535 2.41788 0.57465
v -0.46886 -0.44020 4.40384
v 3.95079 -1.91819 0.20907
v 1.35891 3.10347 2.45216
v 0.76216 -2.98697 3.33219
v 4.10734 0.96416 -0.09109
v -0.24605 1.39463 4.11037
v 2.95019 -3.14691 1.23657
v 2.62830 2.95419 1.23140
v -0.20151 -1.57869 4.20984
v 4.24023 -0.84681 -0.11430
v 0.63009 2.70971 3.19863
v 1.59140 -3.38682 2.56282
v 3.68802 1.92670 0.26906
v -0.45831 0.28736 4.38370
v 3.63638 -2.47176 0.55513
v 1.85645 3.15116 1.98505
v 0.33958 -2.53301 3.74171
v 4.24184 0.28655 -0.16730
v 0.03954 1.97943 3.82688
v 2.45565 -3.35766 1.74045
v 3.07927 2.64672 0.82903
v -0.37616 -0.88340 4.37114
v 4.09185 -1.51558 0.07906
v 1.08787 2.98404 2.75909
v 1.08586 -3.17144 3.06123
v 3.97249 1.34703 0.04331
v -0.33536 0.98469 4.25516
v 3.23868 -2.91138 0.97622
v 2.34985 3.05757 1.52862
v 0.00004 -1.96358 4.06752
v 4.27029 -0.41089 -0.14122
v 0.40520 2.45841 3.46882
v 1.93704 -3.40736 2.26176
v 3.47771 2.22243 0.48365
v -0.43681 -0.15989 4.42098
v 3.83991 -2.11919 0.36848
v 1.57422 3.11802 2.29742
v 0.62660 -2.80549 3.51025
v 4.16590 0.70255 -0.09167
v -0.10895 1.61915 4.02771
v 2.77753 -3.21391 1.45284
v 2.81961 2.82907 1.10191
v -0.24027 -1.30914 4.29473
v 4.18992 -1.09627 -0.01167
v 0.83216 2.81327 3.05527
v 1.42137 -3.29333 2.77470
v 3.80753 1.69854 0.20987
v -0.38304 0.55551 4.35974
v 3.49594 -2.62712 0.74198
v 2.06840 3.10983 1.83434
v 0.23701 -2.30891 3.88796
v 4.25866 0.02058 -0.12819
v 0.20730 2.16270 3.71538
v 2.27653 -3.36313 1.96216
v 3.24742 2.47643 0.72235
v -0.37088 -0.60408 4.41398
v 4.00317 -1.73697 0.21769
v 1.30005 3.03229 2.60679
v 0.93550 -3.02179 3.25383
v 4.05465 1.09620 0.02000
v -0.22036 1.22820 4.19352
v 3.07665 -3.01302 1.18290
v 2.55035 2.96308 1.38967
v -0.06366 -1.70845 4.17648
v 4.24522 -0.66872 -0.06247
v 0.59621 2.59312 3.33567
v 1.76164 -3.35093 2.47925
v 3.61647 2.01455 0.40560
v -0.38748 0.11547 4.42184
v 3.71799 -2.30134 0.53812
v 1.78798 3.11009 2.14438
v 0.50450 -2.60752 3.67550
v 4.20773 0.44032 -0.07647
v 0.04047 1.82717 3.93356
v 2.60311 -3.25641 1.67060
v 3.00116 2.68613 0.98181
v -0.26138 -1.03599 4.36294
v 4.12480 -1.33351 0.10479
v 1.03824 2.89460 2.90833
v 1.25972 -3.17791 2.97853
v 3.91172 1.46220 0.16519
v -0.29187 0.81376 4.32083
v 3.34771 -2.76066 0.93599
v 2.27543 3.04719 1.68852
v 0.15016 -2.07290 4.01931
v 4.25890 -0.24097 -0.07349
v 0.38440 2.32650 3.59524
v 2.09964 -3.34416 2.18158
v 3.40330 2.29159 0.62741
v -0.34797 -0.32656 4.44018
v 3.90190 -1.94186 0.36803
v 1.51271 3.05793 2.45426
v 0.79684 -2.85339 3.43527
v 4.12047 0.84189 0.01212
v -0.09156 1.45747 4.11896
v 2.91052 -3.09092 1.39324
v 2.74282 2.84930 1.25851
v -0.11023 -1.44654 4.26922
v 4.20452 -0.91720 0.03091
v 0.79324 2.70636 3.19702
v 1.59239 -3.27138 2.69079
v 3.74094 1.79602 0.34115
v -0.32139 0.38383 4.40694
v 3.58637 -2.46349 0.71673
v 1.99877 3.08016 1.99437
v 0.39678 -2.39491 3.82709
v 4.23292 0.17956 -0.04562
v 0.20101 2.01742 3.82905
v 2.42853 -3.27448 1.88831
v 3.17192 2.52674 0.87207
v -0.26483 -0.76144 4.41448
v 4.04583 -1.55683 0.23419
v 1.24687 2.95348 2.75921
v 1.10779 -3.04187 3.17303
v 4.00023 1.21963 0.13537
v -0.18561 1.06029 4.26778
v 3.19322 -2.87164 1.13571
v 2.47623 2.96407 1.54878
v 0.07961 -1.82707 4.13520
v 4.24300 -0.49608 -0.00366
v 0.56949 2.46995 3.46772
v 1.92657 -3.30131 2.39722
v 3.54610 2.09385 0.54496
v -0.30775 -0.05298 4.45008
v 3.78925 -2.12887 0.52894
v 1.72442 3.06115 2.30285
v 0.67096 -2.66793 3.60453
v 4.16988 0.58614 0.01973
v 0.04998 1.67101 4.03251
v 2.74192 -3.14484 1.60573
v 2.92611 2.71743 1.13622
v -0.13943 -1.18005 4.34554
v 4.14897 -1.15448 0.13819
v 0.99486 2.79768 3.05423
v 1.43073 -3.16974 2.89500
v 3.85057 1.56870 0.29078
v -0.23920 0.64323 4.37691
v 3.44647 -2.60463 0.90297
v 2.20523 3.02883 1.84867
v 0.30423 -2.16962 3.96427
v 4.24174 -0.07772 0.00064
v 0.37139 2.18880 3.71541
v 2.25542 -3.26837 2.10444
v 3.33095 2.35239 0.77358
v -0.25073 -0.48768 4.44946
v 3.95403 -1.76465 0.37552
v 1.45658 2.98989 2.60928
v 0.96683 -2.88666 3.35705
v 4.07278 0.97284 0.12064
v -0.06521 1.29343 4.20147
v 3.03401 -2.95952 1.33969
v 2.66956 2.86146 1.41632
v 0.02581 -1.57355 4.23524
v 4.21153 -0.74283 0.08077
v 0.76117 2.59234 3.33417
v 1.75884 -3.23533 2.60764
v 3.67509 1.88492 0.47566
v -0.25069 0.21459 4.44412
v 3.66652 -2.29677 0.69918
v 1.93375 3.04237 2.15391
v 0.55884 -2.46718 3.76070
v 4.20293 0.33098 0.04275
v 0.20307 1.86747 3.93527
v 2.57244 -3.17474 1.81884
v 3.09913 2.56879 1.02381
v -0.15118 -0.91116 4.40537
v 4.07944 -1.37884 0.25852
v 1.19961 2.86679 2.90869
v 1.27803 -3.04721 3.09060
v 3.94492 1.33450 0.25491
v -0.14169 0.89184 4.33249
v 3.29977 -2.72396 1.09543
v 2.40603 2.95688 1.70854
v 0.22749 -1.93369 4.08645
v 4.23455 -0.32950 0.06193
v 0.55028 2.34035 3.59390
v 2.08535 -3.23855 2.31753
v 3.47737 2.16468 0.68714
v -0.21936 -0.21685 4.46815
v 3.85058 -1.95554 0.52768
v 1.66593 3.00398 2.45991
v 0.83796 -2.71388 3.52953
v 4.12925 0.72383 0.12111
v 0.06830 1.51162 4.12291
v 2.87166 -3.02399 1.54643
v 2.85425 2.74050 1.29222
v -0.01095 -1.31451 4.31914
v 4.16519 -0.97936 0.17912
v 0.95802 2.69315 3.19594
v 1.59793 -3.14718 2.81146
v 3.78969 1.66663 0.42006
v -0.17739 0.47417 4.42289
v 3.53506 -2.44451 0.87746
v 2.13933 3.00213 2.00874
v 0.46132 -2.25305 3.90300
v 4.21982 0.07845 0.08099
v 0.36649 2.04569 3.82843
v 2.40369 -3.18080 2.03108
v 3.26093 2.40481 0.92217
v -0.14552 -0.64208 4.44876
v 3.99692 -1.58866 0.39095
v 1.40604 2.91360 2.76178
v 1.13556 -2.90518 3.27640
v 4.02370 1.09539 0.23379
v -0.02975 1.12791 4.27453
v 3.14777 -2.82089 1.29269
v 2.59991 2.86526 1.57515
v 0.16708 -1.68922 4.19316
v 4.21188 -0.57386 0.13776
v 0.73631 2.47129 3.46582
v 1.91985 -3.18569 2.52610
v 3.61047 1.96531 0.61342
v -0.17113 0.04895 4.47095
v 3.73670 -2.12820 0.68951
v 1.87349 2.99606 2.31246
v 0.72222 -2.52526 3.68951
v 4.16965 0.47463 0.13675
v 0.21377 1.71346 4.03316
v 2.70776 -3.06491 1.75443
v 3.02921 2.60245 1.17750
v -0.03050 -1.05213 4.38678
v 4.10480 -1.20393 0.29061
v 1.15857 2.77203 3.05440
v 1.44523 -3.03796 3.00738
v 3.88943 1.44086 0.37857
v -0.08858 0.72387 4.38707
v 3.39632 -2.57122 1.06243
v 2.33982 2.94115 1.86860
v 0.37910 -2.02754 4.03076
v 4.22087 -0.16948 0.13414
v 0.53892 2.20463 3.71324
v 2.23725 -3.16339 2.24094
v 3.41062 2.22705 0.83213
v -0.12268 -0.37495 4.47593
v 3.90252 -1.78247 0.53445
v 1.61270 2.93820 2.61488
v 1.00450 -2.74516 3.45129
v 4.08674 0.85333 0.22758
v 0.09563 1.34983 4.20398
v 2.99204 -2.89499 1.49327
v 2.78570 2.75504 1.44963
v 0.12336 -1.43836 4.28406
v 4.17436 -0.80893 0.22749
v 0.92805 2.58103 3.33253
v 1.76043 -3.11063 2.72878
v 3.72961 1.75603 0.55300
v -0.10656 0.30771 4.45837
v 3.61373 -2.28155 0.85974
v 2.07786 2.96665 2.16823
v 0.62048 -2.32263 3.83616
v 4.19412 0.22723 0.16742
v 0.37001 1.89770 3.93339
v 2.54390 -3.08237 1.96220
v 3.19344 2.44871 1.07312
v -0.03285 -0.78860 4.43815
v 4.03130 -1.41488 0.41433
v 1.36138 2.82882 2.91093
v 1.30204 -2.90898 3.19415
v 3.97396 1.20952 0.35152
v 0.01491 0.96189 4.33748
v 3.25176 -2.67621 1.25269
v 2.53394 2.86031 1.73470
v 0.31275 -1.79270 4.14346
v 4.20655 -0.41085 0.20173
v 0.71899 2.34344 3.59099
v 2.07465 -3.12307 2.44699
v 3.54744 2.03715 0.75441
v -0.08298 -0.11189 4.48721
v 3.79741 -1.95894 0.68788
v 1.81814 2.94084 2.46934
v 0.88590 -2.56881 3.61429
v 4.13399 0.61034 0.23630
v 0.23335 1.55614 4.12189
v 2.83413 -2.94606 1.69571
v 2.96226 2.62744 1.33303
v 0.09654 -1.18326 4.35895
v 4.12277 -1.03294 0.33041
v 1.12406 2.66914 3.19540
v 1.60847 -3.01441 2.92423
v 3.83430 1.53870 0.50635
v -0.02633 0.55750 4.43106
v 3.48303 -2.41464 1.03706
v 2.27770 2.91640 2.02852
v 0.53350 -2.10795 3.96876
v 4.20293 -0.01639 0.21284
v 0.53573 2.06324 3.82481
v 2.38165 -3.07665 2.16825
v 3.34604 2.28078 0.97990
v -0.01813 -0.52609 4.47339
v 3.94573 -1.61073 0.54930
v 1.56498 2.86353 2.76693
v 1.16956 -2.76167 3.37066
v 4.04308 0.97458 0.33909
v 0.13212 1.18657 4.27501
v 3.10292 -2.75900 1.44679
v 2.72048 2.76065 1.60819
v 0.26269 -1.55065 4.24071
v 4.17744 -0.64383 0.28321
v 0.90532 2.46146 3.46302
v 1.91738 -3.06062 2.64781
v 3.67072 1.83685 0.68962
v -0.02691 0.14506 4.48306
v 3.68286 -2.11693 0.85004
v 2.02096 2.92197 2.32650
v 0.78072 -2.37791 3.76450
v 4.16554 0.36839 0.25985
v 0.38224 1.74551 4.02939
v 2.67561 -2.97409 1.89851
v 3.12857 2.48381 1.22631
v 0.08670 -0.92611 4.41778
v 4.05797 -1.24424 0.44566
v 1.32289 2.73540 3.05580
v 1.46531 -2.89824 3.11121
v 3.92414 1.31521 0.47382
v 0.06876 0.79646 4.38977
v 3.34607 -2.52672 1.22011
v 2.47171 2.84614 1.89454
v 0.46192 -1.88322 4.08674
v 4.19650 -0.25429 0.27262
v 0.70958 2.20916 3.70870
v 2.22254 -3.04824 2.37113
v 3.48619 2.10029 0.89861
v 0.01337 -0.26672 4.49279
v 3.84922 -1.79010 0.69443
v 1.76793 2.87635 2.62376
v 1.04891 -2.59763 3.53587
v 4.09670 0.73800 0.34135
v 0.26200 1.39639 4.20068
v 2.95132 -2.81931 1.64328
v 2.89830 2.64334 1.49013
v 0.22921 -1.30354 4.32225
v 4.13425 -0.86661 0.37788
v 1.09645 2.55818 3.33069
v 1.76688 -2.97698 2.84207
v 3.77993 1.62796 0.63825
v 0.04491 0.39392 4.46406
v 3.56023 -2.25543 1.01964
v 2.21979 2.88217 2.18766
v 0.68974 -2.17436 3.90117
v 4.18164 0.12946 0.29799
v 0.54103 1.91679 3.92765
v 2.51804 -2.97930 2.10021
v 3.28370 2.32561 1.13035
v 0.09375 -0.66909 4.46064
v 3.98097 -1.44129 0.57231
v 1.52307 2.77973 2.91514
v 1.33219 -2.76349 3.28854
v 3.99888 1.08748 0.45564
v 0.17782 1.02291 4.33537
v 3.20431 -2.61725 1.40748
v 2.65865 2.75685 1.76747
v 0.40621 -1.65054 4.18964
v 4.17537 -0.48461 0.34622
v 0.89018 2.33472 3.58638
v 2.06807 -2.99781 2.56943
v 3.61322 1.90892 0.82989
v 0.06124 -0.01256 4.49675
v 3.74301 -1.95179 0.84857
v 1.96881 2.86765 2.48277
v 0.94105 -2.41858 3.68884
v 4.13487 0.50176 0.35823
v 0.40340 1.58996 4.11557
v 2.79852 -2.85705 1.84070
v 3.06634 2.50968 1.38152
v 0.21243 -1.05353 4.38797
v 4.07782 -1.07753 0.48496
v 1.29093 2.63331 3.19538
v 1.62448 -2.87328 3.02848
v 3.87464 1.41235 0.60070
v 0.13175 0.63282 4.43093
v 3.43092 -2.37364 1.19536
v 2.41330 2.82223 2.05407
v 0.61367 -1.96012 4.02366
v 4.18264 -0.10454 0.35037
v 0.70841 2.06899 3.81795
v 2.36296 -2.96206 2.29935
v 3.42682 2.15443 1.04593
v 0.11747 -0.41431 4.48773
v 3.89285 -1.62269 0.70931
v 1.72314 2.80227 2.77479
v 1.21024 -2.61168 3.45515
v 4.05842 0.85748 0.45190
v 0.29983 1.23524 4.26881
v 3.05928 -2.68586 1.59773
v 2.83735 2.64965 1.64841
v 0.36672 -1.41202 4.27716
v 4.14018 -0.70556 0.43303
v 1.07610 2.43935 3.45921
v 1.91968 -2.92623 2.76180
v 3.72655 1.70846 0.77426
v 0.12491 0.23438 4.48581
v 3.62838 -2.09476 1.01046
v 2.16623 2.83798 2.34527
v 0.84685 -2.22635 3.82879
v 4.15778 0.26781 0.38956
v 0.55511 1.76605 4.02086
v 2.64607 -2.87234 2.03758
v 3.22364 2.36110 1.28327
v 0.21234 -0.80279 4.43788
v 4.00908 -1.27502 0.60355
v 1.48730 2.68671 3.05849
v 1.49146 -2.75081 3.20586
v 3.95458 1.19192 0.57723
v 0.23274 0.85999 4.38449
v 3.29638 -2.47093 1.37583
v 2.60025 2.74307 1.92692
v 0.55302 -1.73725 4.13148
v 4.16903 -0.33173 0.41653
v 0.88301 2.20128 3.70158
v 2.21186 -2.92298 2.49452
v 3.55721 1.97193 0.97374
v 0.15751 -0.16389 4.49941
v 3.79479 -1.78720 0.85554
v 1.92167 2.80333 2.63611
v 1.10049 -2.44447 3.61009
v 4.10274 0.62715 0.46260
v 0.43369 1.43201 4.19117
v 2.91250 -2.73238 1.78942
v 3.00673 2.52580 1.53838
v 0.34362 -1.16981 4.34911
v 4.09173 -0.91544 0.53228
v 1.26588 2.52267 3.32858
v 1.77873 -2.83455 2.94693
v 3.82573 1.50074 0.73217
v 0.20369 0.47219 4.46062
v 3.50672 -2.21813 1.17882
v 2.35885 2.78805 2.21254
v 0.76703 -2.02286 3.95502
v 4.16575 0.03808 0.43501
v 0.71581 1.92360 3.91776
v 2.49548 -2.86549 2.23247
v 3.36934 2.19914 1.19619
v 0.22877 -0.55346 4.47215
v 3.92908 -1.45765 0.73265
v 1.68409 2.71844 2.92141
v 1.36898 -2.61104 3.37310
v 4.01957 0.96860 0.56799
v 0.34692 1.07380 4.32566
v 3.15809 -2.54688 1.55962
v 2.77943 2.64577 1.80733
v 0.50820 -1.50783 4.22425
v 4.14141 -0.55031 0.49587
v 1.06340 2.31302 3.57990
v 2.06620 -2.86285 2.68435
v 3.67426 1.77987 0.91433
v 0.21335 0.08016 4.49615
v 3.68805 -1.93372 1.00981
v 2.11726 2.78338 2.50044
v 1.00384 -2.26363 3.75251
v 4.13200 0.39845 0.48758
v 0.57819 1.61192 4.10356
v 2.76551 -2.75687 1.98109
v 3.16580 2.38670 1.43832
v 0.33697 -0.92609 4.40547
v 4.03091 -1.11267 0.64313
v 1.45805 2.58448 3.19587
v 1.64652 -2.72399 3.12361
v 3.91042 1.28766 0.70390
v 0.29678 0.69906 4.42195
v 3.37943 -2.32123 1.35230
v 2.54539 2.71873 2.08580
v 0.70219 -1.81013 4.06697
v 4.15920 -0.18556 0.49418
v 0.88416 2.06173 3.80759
v 2.34827 -2.83702 2.42396
v 3.50268 2.02544 1.12101
v 0.26142 -0.30766 4.49107
v 3.83895 -1.62414 0.87118
v 1.87985 2.72873 2.78551
v 1.25810 -2.45553 3.52920
v 4.06959 0.74436 0.57299
v 0.47322 1.27274 4.25545
v 3.01756 -2.60125 1.74532
v 2.94974 2.53154 1.69637
v 0.47945 -1.27401 4.30175
v 4.10054 -0.75857 0.58769
v 1.24814 2.40376 3.45428
v 1.92734 -2.78264 2.86753
v 3.77747 1.58005 0.86818
v 0.28437 0.31588 4.47858
v 3.57397 -2.06134 1.17085
v 2.30855 2.74308 2.36908
v 0.92105 -2.07103 3.88166
v 4.14646 0.17329 0.52660
v 0.73207 1.77386 4.00722
v 2.61983 -2.75955 2.17130
v 3.31366 2.23385 1.34908
v 0.34665 -0.68299 4.44633
v 3.95871 -1.29579 0.76462
v 1.65115 2.62477 3.06249
v 1.52424 -2.59592 3.29072
v 3.98043 1.07114 0.68964
v 0.40325 0.91330 4.37068
v 3.24798 -2.40357 1.52950
v 2.72462 2.63106 1.96621
v 0.65277 -1.59023 4.16424
v 4.13873 -0.40130 0.56650
v 1.05875 2.17970 3.69166
v 2.20588 -2.78764 2.61067
v 3.62302 1.84173 1.05831
v 0.30984 -0.06744 4.49507
v 3.73991 -1.77334 1.01798
v 2.07316 2.71802 2.65215
v 1.15976 -2.28603 3.67328
v 4.10474 0.52112 0.59214
v 0.61047 1.45544 4.17498
v 2.87631 -2.63402 1.93148
v 3.11015 2.40174 1.59502
v 0.46687 -1.03794 4.36387
v 4.04726 -0.95490 0.69117
v 1.43574 2.47323 3.32613
v 1.79662 -2.68348 3.04281
v 3.86648 1.37436 0.83562
v 0.36979 0.54142 4.44740
v 3.45391 -2.16930 1.33734
v 2.49421 2.68326 2.24326
v 0.85278 -1.86866 3.99696
v 4.14654 -0.04643 0.57925
v 0.89398 1.91684 3.90340
v 2.47695 -2.74087 2.35864
v 3.44953 2.06885 1.27141
v 0.37242 -0.44265 4.47194
v 3.87623 -1.46347 0.89571
v 1.84371 2.64370 2.92982
v 1.41298 -2.45189 3.44721
v 4.03569 0.85311 0.68947
v 0.52206 1.11334 4.30781
v 3.11385 -2.46483 1.70904
v 2.89540 2.52621 1.85484
v 0.61907 -1.36526 4.24652
v 4.10502 -0.60741 0.65131
v 1.23812 2.27701 3.57136
v 2.06972 -2.71824 2.79128
v 3.72983 1.64980 1.00862
v 0.37344 0.16522 4.48470
v 3.63326 -1.90430 1.17182
v 2.26264 2.68689 2.52264
v 1.07479 -2.10435 3.80456
v 4.12525 0.30081 0.62522
v 0.75742 1.62072 4.08543
v 2.73585 -2.64533 2.11666
v 3.25973 2.25784 1.50414
v 0.47041 -0.80177 4.41067
v 3.98252 -1.13782 0.80541
v 1.62475 2.52135 3.19685
v 1.67523 -2.56671 3.20906
v 3.94106 1.16470 0.81687
v 0.46873 0.75504 4.40346
v 3.32933 -2.25706 1.50792
v 2.67301 2.60488 2.12417
v 0.79951 -1.65855 4.09792
v 4.13275 -0.25891 0.64503
v 1.06252 2.04009 3.79343
v 2.33833 -2.70147 2.54173
v 3.57271 1.89342 1.20596
v 0.41388 -0.20713 4.48266
v 3.78466 -1.61453 1.03528
v 2.03429 2.64164 2.79923
v 1.31373 -2.29354 3.59216
v 4.07627 0.63551 0.70330
v 0.65208 1.29777 4.23439
v 2.97855 -2.50492 1.88946
v 3.05667 2.40549 1.75272
v 0.60125 -1.13738 4.31368
v 4.05887 -0.80226 0.74785
v 1.42082 2.35329 3.44809
v 1.94110 -2.62990 2.96453
v 3.82271 1.45151 0.97230
v 0.45150 0.38843 4.46064
v 3.52036 -2.01619 1.33141
v 2.44695 2.63611 2.39825
v 1.00386 -1.91243 3.92238
v 4.13148 0.08532 0.67187
v 0.91276 1.76753 3.98806
v 2.59768 -2.63557 2.29946
v 3.39764 2.10143 1.42454
v 0.48988 -0.56763 4.44233
v 3.90738 -1.30595 0.92939
v 1.81367 2.54821 3.06783
v 1.56432 -2.43377 3.36519
v 4.00110 0.95300 0.81205
v 0.58020 0.95512 4.34771
v 3.20169 -2.32424 1.68120
v 2.84376 2.50910 2.01294
v 0.76161 -1.44279 4.18421
v 4.10576 -0.46240 0.72332
v 1.23626 2.14300 3.67868
v 2.20538 -2.64215 2.71921
v 3.68265 1.70934 1.15327
v 0.47050 0.02155 4.47901
v 3.68526 -1.74795 1.18213
v 2.22148 2.61912 2.67207
v 1.22734 -2.12266 3.72474
v 4.10234 0.42029 0.73098
v 0.79208 1.46531 4.15160
v 2.84358 -2.52392 2.06936
v 3.20746 2.27035 1.66076
v 0.59932 -0.90873 4.36570
v 4.00121 -0.98433 0.85525
v 1.60534 2.40840 3.32326
v 1.82127 -2.52386 3.12923
v 3.90138 1.24876 0.94962
v 0.54319 0.60039 4.42370
v 3.40261 -2.10842 1.49542
v 2.62480 2.56662 2.28022
v 0.94753 -1.71227 4.02622
v 4.12391 -0.12352 0.73163
v 1.07508 1.89502 3.88417
v 2.46326 -2.60528 2.47848
v 3.52318 1.93418 1.35689
v 0.52494 -0.33762 4.45917
v 3.82300 -1.45807 1.06204
v 2.00105 2.55410 2.94047
v 1.46489 -2.28627 3.51023
v 4.04661 0.74122 0.82113
v 0.70308 1.14017 4.28118
v 3.07247 -2.37068 1.85578
v 3.00537 2.39717 1.91062
v 0.73929 -1.22352 4.25562
v 4.06632 -0.65523 0.81340
v 1.41373 2.22516 3.56055
v 2.07944 -2.56393 2.88983
v 3.77890 1.51845 1.11376
v 0.54161 0.24146 4.46160
v 3.57935 -1.86288 1.33499
v 2.40391 2.57684 2.54964
v 1.15454 -1.94115 3.84427
v 4.11424 0.20932 0.77218
v 0.94077 1.61486 4.06067
v 2.71043 -2.52214 2.24731
v 3.34690 2.12234 1.57979
v 0.61313 -0.68146 4.40272
v 3.93306 -1.15221 0.97253
v 1.79021 2.44237 3.19827
v 1.71140 -2.40153 3.28428
v 3.96569 1.04350 0.94073
v 0.64755 0.79943 4.37476
v 3.28145 -2.18056 1.66246
v 2.79499 2.47949 2.16968
v 0.90621 -1.50595 4.11569
v 4.10318 -0.32394 0.80392
v 1.24297 2.00251 3.77512
v 2.33401 -2.55522 2.65238
v 3.63573 1.75787 1.30179
v 0.57509 -0.11378 4.46165
v 3.73060 -1.59312 1.20218
v 2.18545 2.53951 2.81613
v 1.37786 -2.12596 3.64334
v 4.07775 0.53128 0.84398
v 0.83620 1.30886 4.20502
v 2.94317 -2.39640 2.03022
v 3.15683 2.27051 1.81815
v 0.73261 -1.00288 4.31209
v 4.01534 -0.83585 0.91442
v 1.59342 2.28633 3.44046
v 1.96180 -2.46798 3.05237
v 3.86114 1.32265 1.08774
v 0.62641 0.45076 4.43120
v 3.46833 -1.95864 1.49256
v 2.58027 2.51569 2.43319
v 1.09595 -1.75097 3.95016
v 4.11241 0.00447 0.82648
v 1.09677 1.74549 3.96289
v 2.58057 -2.50006 2.42193
v 3.47424 1.96313 1.51055
v 0.64240 -0.45768 4.42499
v 3.85554 -1.30464 1.09863
v 1.97393 2.45542 3.07454
v 1.61253 -2.26446 3.42870
v 4.01562 0.83767 0.94565
v 0.76349 0.98401 4.31484
v 3.15838 -2.23235 1.83115
v 2.95637 2.37597 2.06773
v 0.88016 -1.29558 4.19054
v 4.07000 -0.51424 0.88806
v 1.41494 2.08950 3.66232
v 2.21129 -2.48632 2.81985
v 3.73480 1.57434 1.25969
v 0.63973 0.10191 4.45034
v 3.63149 -1.71019 1.34857
v 2.36548 2.50507 2.69615
v 1.30399 -1.95467 3.76376
v 4.09481 0.32511 0.88032
v 0.97825 1.46002 4.12042
v 2.81528 -2.40161 2.20312
v 3.29722 2.13065 1.73643
v 0.74147 -0.78304 4.35369
v 3.95378 -1.00282 1.02545
v 1.77383 2.32647 3.31983
v 1.85363 -2.35565 3.20570
v 3.92919 1.12389 1.07539
v 0.72397 0.64771 4.38867
v 3.35363 -2.03474 1.65347
v 2.74931 2.43671 2.32390
v 1.05201 -1.55418 4.04198
v 4.09744 -0.19246 0.89335
v 1.25864 1.85644 3.85961
v 2.45543 -2.45835 2.59185
v 3.58881 1.79447 1.45365
v 0.68670 -0.23947 4.43292
v 3.76986 -1.44051 1.23242
v 2.15505 2.44795 2.95346
v 1.52561 -2.11433 3.56156
v 4.05130 0.63322 0.96428
v 0.88987 1.15271 4.24505
v 3.03488 -2.26376 2.00007
v 3.10788 2.25743 1.97537
v 0.86950 -1.08333 4.25063
v 4.02524 -0.69285 0.98324
v 1.58949 2.15569 3.54719
v 2.09640 -2.39970 2.97968
v 3.82004 1.38549 1.23095
v 0.71809 0.30757 4.42595
v 3.52704 -1.80854 1.49993
v 2.53978 2.45163 2.58180
v 1.24394 -1.77436 3.87088
v 4.09820 0.12458 0.92978
v 1.12789 1.59262 4.02867
v 2.69028 -2.38674 2.37308
v 3.42574 1.97925 1.66622
v 0.76565 -0.56611 4.38064
v 3.88276 -1.15483 1.14547
v 1.95346 2.34574 3.20008
v 1.75602 -2.22843 3.34879
v 3.98297 0.92412 1.07679
v 0.83327 0.83071 4.33498
v 3.23671 -2.09087 1.81635
v 2.90983 2.34110 2.22292
v 1.02305 -1.35289 4.11941
v 4.07003 -0.37976 0.97213
v 1.42492 1.94713 3.75223
v 2.33640 -2.39789 2.75575
v 3.69009 1.61820 1.40962
v 0.74544 -0.02883 4.42705
v 3.67729 -1.55884 1.37269
v 2.33213 2.42057 2.83639
v 1.45146 -1.95295 3.68209
v 4.07295 0.43209 0.99641
v 1.02540 1.30429 4.16657
v 2.91244 -2.27494 2.16781
v 3.24858 2.12538 1.89352
v 0.87419 -0.87134 4.29600
v 3.96985 -0.85826 1.08855
v 1.76510 2.20095 3.43116
v 1.99055 -2.29664 3.13070
v 3.89120 1.19326 1.21582
v 0.80929 0.50141 4.38930
v 3.41867 -1.88763 1.65492
v 2.70705 2.38016 2.47432
v 1.19823 -1.58705 3.96419
v 4.08846 -0.06847 0.99185
v 1.28368 1.70584 3.93111
v 2.56962 -2.35240 2.53872
v 3.54169 1.81804 1.60820
v 0.80476 -0.35421 4.39328
v 3.80344 -1.29071 1.27336
v 2.13081 2.34447 3.08264
v 1.66996 -2.08796 3.48069
v 4.02257 0.72533 1.09188
v 0.95315 0.99828 4.27120
v 3.11905 -2.12693 1.97978
v 3.06075 2.23020 2.13128
v 1.00924 -1.14924 4.18227
v 4.03100 -0.55579 1.06205
v 1.59408 2.01718 3.64217
v 2.22480 -2.31972 2.91240
v 3.77767 1.43623 1.37886
v 0.81791 0.17229 4.40802
v 3.57919 -1.65885 1.51817
v 2.50378 2.37402 2.72464
v 1.39079 -1.78223 3.78961
v 4.08096 0.23619 1.04168
v 1.16874 1.43766 4.08066
v 2.79255 -2.26624 2.33297
v 3.37760 1.98146 1.82301
v 0.89405 -0.66176 4.32679
v 3.90489 -1.00913 1.20301
v 1.94023 2.22537 3.31567
v 1.89489 -2.17858 3.27183
v 3.94819 0.99964 1.21439
v 0.91233 0.68176 4.34133
v 3.30784 -1.94706 1.81216
v 2.86607 2.29182 2.37488
v 1.16721 -1.39484 4.04333
v 4.06626 -0.25230 1.06592
v 1.44414 1.79902 3.82913
v 2.45470 -2.29939 2.69873
v 3.64448 1.64886 1.56293
v 0.85828 -0.14938 4.39209
v 3.71710 -1.40943 1.40794
v 2.30442 2.32318 2.96889
v 1.59633 -1.93602 3.60057
v 4.04819 0.52946 1.12049
v 1.08237 1.14910 4.19850
v 3.00218 -2.14299 2.14236
v 3.20104 2.10550 2.04996
v 1.01059 -0.94540 4.23053
v 3.98127 -0.71902 1.16225
v 1.76459 2.06640 3.53090
v 2.12188 -2.22507 3.06058
v 3.85125 1.25051 1.36165
v 0.90329 0.36205 4.37663
v 3.47698 -1.73990 1.66753
v 2.66866 2.30926 2.61949
v 1.34415 -1.60419 3.88357
v 4.07584 0.04739 1.09965
v 1.31847 1.55190 3.98866
v 2.67667 -2.23819 2.49415
v 3.49418 1.82739 1.76456
v 0.92875 -0.45675 4.34331
v 3.83153 -1.14421 1.32553
v 2.11336 2.22921 3.20218
v 1.81043 -2.04711 3.40209
v 3.99102 0.80663 1.22668
v 1.02608 0.84707 4.28308
v 3.19603 -1.98666 1.97025
v 3.01567 2.18793 2.28458
v 1.15113 -1.19987 4.10807
v 4.03238 -0.42520 1.15126
v 1.60775 1.87168 3.72418
v 2.34688 -2.22868 2.85180
v 3.73363 1.47363 1.53088
v 0.92554 0.04638 4.37768
v 3.62507 -1.51012 1.54795
v 2.47284 2.28259 2.86019
v 1.53587 -1.77448 3.70769
v 4.06015 0.33849 1.16232
v 1.21959 1.28198 4.11812
v 2.88757 -2.13932 2.30266
v 3.32979 1.96859 1.97983
v 1.02699 -0.74355 4.26428
v 3.92189 -0.86801 1.27177
v 1.93488 2.09476 3.41987
v 2.02881 -2.11532 3.19920
v 3.91068 1.06306 1.35817
v 1.00058 0.53871 4.33375
v 3.37210 -1.80155 1.81941
v 2.82547 2.22740 2.52216
v 1.31199 -1.42091 3.96354
v 4.05821 -0.13249 1.16973
v 1.47310 1.64626 3.89196
v 2.56623 -2.19152 2.65001
v 3.59767 1.66502 1.71881
v 0.97783 -0.25838 4.34596
v 3.75103 -1.26242 1.45494
v 2.28298 2.21292 3.09210
v 1.73810 -1.90396 3.52060
v 4.01984 0.61622 1.25255
v 1.14933 0.99592 4.21568
v 3.08477 -2.00643 2.12776
v 3.15478 2.06993 2.20445
v 1.15007 -1.00433 4.15830
v 3.98773 -0.58559 1.24703
v 1.77294 1.92354 3.61771
v 2.24745 -2.14144 2.99673
v 3.80882 1.29432 1.51238
v 1.00574 0.23116 4.35079
v 3.52876 -1.59209 1.69210
v 2.63466 2.22357 2.75786
v 1.48922 -1.60532 3.80146
v 4.05892 0.15432 1.21696
v 1.36340 1.39593 4.03137
v 2.77672 -2.11638 2.45930
v 3.44617 1.82122 1.92170
v 1.05817 -0.54586 4.28375
v 3.85400 -1.00146 1.38954
v 2.10339 2.10247 3.31055
v 1.94668 -1.99201 3.32722
v 3.95592 0.87590 1.36845
v 1.10871 0.70063 4.28041
v 3.26606 -1.84353 1.97240
v 2.97300 2.12970 2.43382
v 1.29460 -1.23454 4.02924
v 4.02882 -0.30171 1.25124
v 1.63108 1.72017 3.79199
v 2.46264 -2.12714 2.79923
v 3.68754 1.49627 1.68626
v 1.04066 -0.06872 4.33532
v 3.66470 -1.36280 1.59003
v 2.44759 2.17713 2.98684
v 1.67873 -1.75098 3.62657
v 4.03495 0.43043 1.29175
v 1.28075 1.12704 4.14036
v 2.97557 -2.00656 2.28329
v 3.28241 1.93942 2.13543
v 1.16396 -0.81042 4.19406
v 3.93334 -0.73195 1.35231
v 1.93812 1.95450 3.51120
v 2.15763 -2.03900 3.13235
v 3.86980 1.11296 1.50767
v 1.09795 0.40314 4.31226
v 3.42964 -1.65480 1.83900
v 2.78855 2.14718 2.66319
v 1.45687 -1.43064 3.88139
v 4.04509 -0.02117 1.28387
v 1.51230 1.49008 3.93966
v 2.67111 -2.07482 2.61089
v 3.54945 1.66522 1.87625
v 1.10370 -0.35449 4.28932
v 3.77884 -1.11820 1.51443
v 2.26856 2.08987 3.20440
v 1.87648 -1.85684 3.44369
v 3.98708 0.69109 1.39245
v 1.22647 0.84631 4.21770
v 3.16040 -1.86575 2.12509
v 3.11008 2.01759 2.35554
v 1.29212 -1.04727 4.08048
v 3.98855 -0.45858 1.34338
v 1.79084 1.77324 3.69022
v 2.36724 -2.04615 2.94056
v 3.76337 1.32313 1.66733
v 1.11649 0.11026 4.31205
v 3.57395 -1.44456 1.72947
v 2.60573 2.12267 2.88776
v 1.63301 -1.59015 3.71934
v 4.03676 0.25124 1.34394
v 1.41892 1.23932 4.05842
v 2.86995 -1.98742 2.43541
v 3.39764 1.79811 2.07838
v 1.19261 -0.62036 4.21551
v 3.87030 -0.86290 1.46608
v 2.10167 1.96464 3.40615
v 2.07857 -1.92284 3.25758
v 3.91649 0.93165 1.51687
v 1.20110 0.56059 4.26305
v 3.32921 -1.69789 1.98728
v 2.93320 2.05464 2.57738
v 1.43920 -1.25257 3.94711
v 4.01937 -0.18613 1.36242
v 1.66473 1.56375 3.84440
v 2.57217 -2.01548 2.75608
v 3.63903 1.50252 1.84406
v 1.16304 -0.17153 4.28148
v 3.69773 -1.21718 1.64522
v 2.42882 2.05754 3.10287
v 1.81910 -1.71162 3.54779
v 4.00437 0.51069 1.42997
v 1.35255 0.97436 4.14682
v 3.05665 -1.86831 2.27604
v 3.23565 1.89261 2.28834
v 1.30458 -0.86134 4.11724
v 3.93839 -0.60152 1.44527
v 1.95074 1.80526 3.58818
v 2.28130 -1.94981 3.07279
v 3.82486 1.14768 1.66233
v 1.20443 0.27664 4.27697
v 3.48027 -1.50706 1.87193
v 2.75596 2.05051 2.79621
v 1.60151 -1.42351 3.79834
v 4.02579 0.08060 1.40863
v 1.56234 1.33178 3.97125
v 2.76944 -1.94957 2.58271
v 3.49968 1.64784 2.03406
v 1.23566 -0.43634 4.22296
v 3.79986 -0.97715 1.58720
v 2.26199 1.95423 3.30408
v 2.01134 -1.79460 3.37142
v 3.94890 0.75248 1.53997
v 1.31404 0.70190 4.20425
v 3.22903 -1.72115 2.13549
v 3.06736 1.94732 2.50160
v 1.43643 -1.07334 3.99837
v 3.98261 -0.33880 1.45186
v 1.81907 1.61644 3.74710
v 2.48131 -1.93937 2.89357
v 3.71439 1.33516 1.82564
v 1.23549 0.00094 4.26083
v 3.61208 -1.29749 1.78063
v 2.58264 2.00618 3.00739
v 1.77532 -1.55828 3.63875
v 4.00814 0.33677 1.48071
v 1.48554 1.08355 4.06906
v 2.95640 -1.85147 2.42379
v 3.34870 1.75648 2.23317
v 1.33186 -0.67901 4.13961
v 3.87943 -0.72902 1.55590
v 2.10911 1.81620 3.48737
v 2.20607 -1.83954 3.19476
v 3.87182 0.97206 1.67144
v 1.30348 0.42859 4.23098
v 3.38517 -1.54982 2.01600
v 2.89689 1.96181 2.71348
v 1.58471 -1.25324 3.86313
v 4.00272 -0.07954 1.48523
v 1.70944 1.40362 3.88027
v 2.67553 -1.89376 2.72380
v 3.58779 1.49055 2.00317
v 1.29264 -0.26056 4.21682
v 3.72333 -1.07353 1.71450
v 2.41742 1.92372 3.20647
v 1.95691 -1.65606 3.47295
v 3.96718 0.57760 1.57687
v 1.43546 0.82556 4.13700
v 3.13070 -1.72457 2.28218
v 3.18985 1.82675 2.43695
v 1.44869 -0.89521 4.03506
v 3.93573 -0.47747 1.55133
v 1.97366 1.64781 3.64928
v 2.39991 -1.84767 3.02209
v 3.77512 1.16523 1.82138
v 1.32021 0.16089 4.22813
v 3.52337 -1.35836 1.91931
v 2.72849 1.93671 2.91938
v 1.74583 -1.39889 3.71595
v 3.99885 0.17140 1.54427
v 1.62395 1.17275 3.98577
v 2.86121 -1.81569 2.56691
v 3.44830 1.61102 2.19089
v 1.37368 -0.50255 4.14779
v 3.81288 -0.83965 1.67419
v 2.26427 1.80620 3.38937
v 2.14270 -1.71691 3.30542
v 3.90416 0.79843 1.69477
v 1.41249 0.56436 4.17509
v 3.29026 -1.57251 2.16023
v 3.02717 1.85788 2.64082
v 1.58295 -1.08155 3.91336
v 3.96831 -0.22728 1.57306
v 1.85858 1.45417 3.78698
v 2.58974 -1.82088 2.85732
v 3.66135 1.32829 1.98630
v 1.36292 -0.09520 4.19764
v 3.64210 -1.15099 1.84670
v 2.56635 1.87371 3.11483
v 1.91621 -1.50912 3.56134
v 3.97156 0.40917 1.62735
v 1.56399 0.93016 4.06256
v 3.03585 -1.70827 2.42586
v 3.29953 1.69458 2.38448
v 1.47596 -0.72050 4.05716
v 3.87980 -0.60046 1.65990
v 2.12677 1.65765 3.55251
v 2.32929 -1.74171 3.14043
v 3.82091 0.99493 1.83158
v 1.41627 0.30635 4.18422
v 3.43317 -1.39914 2.05985
v 2.86485 1.85017 2.84020
v 1.73122 -1.23559 3.77881
v 3.97709 0.01664 1.62014
v 1.76619 1.24099 3.89840
v 2.77269 -1.76156 2.70396
v 3.53358 1.45817 2.16230
v 1.42968 -0.33425 4.14211
v 3.74002 -0.93207 1.79899
v 2.41450 1.77555 3.29571
v 2.09231 -1.58365 3.40374
v 3.92192 0.62904 1.73231
v 1.53023 0.68226 4.11043
v 3.19718 -1.57492 2.30315
v 3.14545 1.74017 2.57944
v 1.59647 -0.91077 3.94881
v 3.92345 -0.36076 1.67133
v 2.00804 1.48289 3.69294
v 2.51352 -1.73199 2.98193
v 3.71980 1.16321 1.98395
v 1.44577 0.05759 4.16606
v 3.55769 -1.20855 1.98247
v 2.70712 1.80497 3.03064
v 1.89004 -1.35581 3.63582
v 3.96242 0.24941 1.69111
v 1.69814 1.01440 3.98228
v 2.94613 -1.67254 2.56506
v 3.39532 1.55261 2.34518
v 1.51811 -0.55156 4.06479
v 3.81598 -0.70618 1.77652
v 2.27664 1.64593 3.45837
v 2.27078 -1.62298 3.24740
v 3.85153 0.82652 1.85645
v 1.52259 0.43541 4.13004
v 3.34310 -1.41930 2.20080
v 2.99022 1.74777 2.77123
v 1.73199 -1.07064 3.82690
v 3.94353 -0.12543 1.70773
v 1.91059 1.28738 3.80843
v 2.69243 -1.68983 2.83348
v 3.60374 1.29999 2.14813
v 1.49936 -0.17641 4.12301
v 3.66226 -1.00501 1.92904
v 2.55804 1.72469 3.20799
v 2.05597 -1.44159 3.48876
v 3.92518 0.46618 1.78396
v 1.65534 0.78069 4.03821
v 3.10762 -1.55700 2.44323
v 3.25044 1.61027 2.53052
v 1.62541 -0.74327 3.96935
v 3.86912 -0.47809 1.77918
v 2.15603 1.48939 3.59973
v 2.44839 -1.62830 3.09630
v 3.76264 0.99755 1.99658
v 1.54035 0.19567 4.12283
v 3.47166 -1.24534 2.12039
v 2.83806 1.71840 2.95541
v 1.87918 -1.19827 3.69571
v 3.94020 0.10054 1.76776
v 1.83631 1.07705 3.89754
v 2.86326 -1.61778 2.69824
v 3.47615 1.40275 2.32001
v 1.57491 -0.39080 4.05812
v 3.74552 -0.79304 1.90009
v 2.42143 1.61273 3.36850
v 2.22564 -1.49308 3.34187
v 3.86682 0.66234 1.89614
v 1.63802 0.54616 4.06662
v 3.25486 -1.41840 2.34064
v 3.10308 1.63083 2.71382
v 1.74857 -0.90637 3.85981
v 3.89894 -0.25273 1.80633
v 2.05540 1.31114 3.71742
v 2.62210 -1.60138 2.95404
v 3.65800 1.13864 2.14907
v 1.58214 -0.03136 4.09101
v 3.58108 -1.05723 2.06304
v 2.69310 1.65417 3.12779
v 2.03470 -1.29270 3.55958
v 3.91414 0.31222 1.84957
v 1.78638 0.85808 3.95968
v 3.02337 -1.51875 2.57892
v 3.34082 1.46990 2.49522
v 1.66986 -0.58149 3.97489
v 3.80639 -0.57740 1.89564
v 2.30071 1.47333 3.50900
v 2.39582 -1.51113 3.19911
v 3.78940 0.83365 2.02460
v 1.64572 0.31687 4.06879
v 3.38569 -1.26053 2.25901
v 2.95747 1.61502 2.89063
v 1.88438 -1.03873 3.74037
v 3.90539 -0.03514 1.85683
v 1.97685 1.11694 3.80984
v 2.78900 -1.54448 2.82387
v 3.54095 1.24703 2.30988
v 1.64608 -0.24068 4.03743
v 3.66977 -0.85944 2.02942
v 2.55926 1.55818 3.28456
v 2.19521 -1.35374 3.42269
v 3.86664 0.50485 1.95076
v 1.76129 0.63669 3.99509
v 3.17026 -1.39603 2.47782
v 3.20187 1.50080 2.66932
v 1.78138 -0.74523 3.87721
v 3.84416 -0.36307 1.91523
v 2.19878 1.31152 3.62699
v 2.56337 -1.49718 3.06417
v 3.69558 0.97640 2.16578
v 1.67735 0.09850 4.04670
v 3.49806 -1.08748 2.19961
v 2.81780 1.56462 3.05674
v 2.02958 -1.13905 3.61528
v 3.88899 0.16962 1.92895
v 1.92182 0.91284 3.87621
v 2.94628 -1.46025 2.70861
v 3.41522 1.32084 2.47472
v 1.72987 -0.42800 3.96543
v 3.73641 -0.65674 2.01972
v 2.44011 1.43443 3.42244
v 2.35741 -1.38189 3.28903
v 3.79961 0.67398 2.06838
v 1.76087 0.41896 4.00481
v 3.30153 -1.25324 2.39680
v 3.06354 1.49589 2.83786
v 1.90640 -0.87955 3.76917
v 3.85856 -0.15520 1.95783
v 2.11799 1.13285 3.72070
v 2.72522 -1.45318 2.94036
v 3.58860 1.08758 2.31575
v 1.73131 -0.10378 4.00301
v 3.59015 -0.90370 2.16327
v 2.68811 1.48248 3.20827
v 2.18085 -1.20677 3.48871
v 3.85083 0.35660 2.02041
v 1.89109 0.70502 3.91658
v 3.09120 -1.35177 2.61069
v 3.28491 1.35916 2.63916
v 1.83084 -0.58976 3.87876
v 3.78005 -0.45417 2.03362
v 2.33878 1.28772 3.53881
v 2.51808 -1.37823 3.16234
v 3.71562 0.81567 2.19898
v 1.78433 0.21069 3.99067
v 3.41486 -1.09440 2.33731
v 2.93013 1.45668 2.99656
v 2.04175 -0.98281 3.65494
v 3.84991 0.04101 2.02190
v 2.06006 0.94329 3.78918
v 2.87834 -1.38152 2.83062
v 3.47215 1.16500 2.47026
v 1.80552 -0.28545 3.94093
v 3.66036 -0.71398 2.15037
v 2.57217 1.37233 3.34183
v 2.33486 -1.24202 3.36465
v 3.79271 0.52114 2.12838
v 1.88480 0.49959 3.93181
v 3.22106 -1.22251 2.53215
v 3.15433 1.36212 2.79872
v 1.94611 -0.72319 3.78141
v 3.80020 -0.25702 2.07029
v 2.25788 1.12345 3.63172
v 2.67395 -1.34438 3.04600
v 3.61780 0.92662 2.33868
v 1.83033 0.01719 3.95514
v 3.50813 -0.92393 2.30037
v 2.80584 1.38570 3.14146
v 2.18413 -1.05405 3.53866
v 3.81914 0.22039 2.10526
v 2.02608 0.74897 3.83228
v 3.01973 -1.28504 2.73754
v 3.35035 1.20744 2.62486
v 1.89755 -0.44267 3.86405
v 3.70747 -0.52347 2.16077
v 2.47335 1.23877 3.45462
v 2.48824 -1.24548 3.24688
v 3.71705 0.65899 2.24950
v 1.90246 0.30246 3.92352
v 3.33325 -1.07639 2.47463
v 3.02790 1.33088 2.94907
v 2.07258 -0.82622 3.67748
v 3.79695 -0.07072 2.12831
v 2.19943 0.94748 3.70002
v 2.82176 -1.28241 2.94312
v 3.50986 1.00429 2.48326
v 1.89708 -0.15675 3.90125
v 3.57942 -0.74666 2.28655
v 2.69464 1.28645 3.26904
v 2.33015 -1.09293 3.42436
v 3.76786 0.37795 2.20522
v 2.01652 0.55607 3.85065
v 3.14633 -1.16702 2.66337
v 3.22761 1.21466 2.77505
v 2.00466 -0.57224 3.77623
v 3.73071 -0.33764 2.19382
v 2.39456 1.08703 3.54453
v 2.63752 -1.21835 3.13892
v 3.62694 0.76646 2.37995
v 1.94308 0.11917 3.89397
v 3.42525 -0.91780 2.43939
v 2.91002 1.26767 3.08612
v 2.20696 -0.89741 3.57106
v 3.77100 0.09928 2.20570
v 2.16492 0.76594 3.74334
v 2.95814 -1.19486 2.85647
v 3.39593 1.04704 2.62825
v 1.98240 -0.30688 3.83241
v 3.62714 -0.56790 2.29599
v 2.60024 1.16326 3.37630
v 2.47628 -1.09966 3.31587
v 3.69838 0.50906 2.31849
v 2.03132 0.37065 3.84565
v 3.25511 -1.03126 2.61001
v 3.10851 1.18743 2.91638
v 2.12389 -0.67159 3.68150
v 3.72984 -0.16220 2.24834
v 2.33827 0.92288 3.61014
v 2.77910 -1.16229 3.04405
v 3.52606 0.84057 2.51551
v 2.00521 -0.04514 3.84595
v 3.49469 -0.75165 2.42732
v 2.80497 1.17563 3.20614
v 2.34581 -0.93583 3.46620
v 3.72373 0.24755 2.29988
v 2.15528 0.58508 3.76203
v 3.07959 -1.08475 2.78860
v 3.28057 1.05414 2.76907
v 2.08380 -0.42948 3.75234
v 3.65010 -0.39336 2.32831
v 2.52598 1.02116 3.46084
v 2.61877 -1.07485 3.21686
v 3.61368 0.60949 2.44135
v 2.06994 0.19854 3.81927
v 3.34301 -0.88208 2.57909
v 2.99774 1.12750 3.04456
v 2.25200 -0.73858 3.58387
v 3.70522 -0.00308 2.32257
v 2.30647 0.75241 3.65073
v 2.90914 -1.07938 2.96533
v 3.41861 0.87906 2.65170
v 2.08707 -0.18570 3.78265
v 3.53944 -0.58341 2.43891
v 2.71693 1.05875 3.30585
v 2.48541 -0.94095 3.36682
v 3.65723 0.36885 2.40778
v 2.17104 0.41117 3.75709
v 3.18245 -0.95562 2.74180
v 3.16860 1.02575 2.90110
v 2.19851 -0.52122 3.66487
v 3.64756 -0.22918 2.38269
v 2.47495 0.86572 3.52086
v 2.75359 -1.01948 3.13086
v 3.51738 0.67550 2.56963
v 2.13150 0.04539 3.77392
v 3.40698 -0.72440 2.57196
v 2.90007 1.03746 3.15558
v 2.38551 -0.77139 3.48738
v 3.65783 0.13367 2.41427
v 2.30085 0.58194 3.66621
v 3.02348 -0.97211 2.90574
v 3.30929 0.88035 2.78382
v 2.18658 -0.29797 3.70746
v 3.55759 -0.41911 2.47432
v 2.64993 0.92163 3.38240
v 2.62166 -0.91241 3.27677
v 3.57422 0.45806 2.52582
v 2.21244 0.25045 3.72997
v 3.26280 -0.81153 2.71831
v 3.06515 0.96274 3.01978
v 2.32351 -0.57887 3.57386
v 3.61918 -0.08193 2.45789
v 2.45004 0.70287 3.55506
v 2.87622 -0.93472 3.06139
v 3.41366 0.70373 2.69886
v 2.21492 -0.08320 3.71225
v 3.44388 -0.56378 2.58985
v 2.82039 0.92051 3.24564
v 2.52053 -0.76814 3.39598
v 3.58917 0.24176 2.52074
v 2.32301 0.41794 3.65682
v 3.11743 -0.84333 2.86829
v 3.20324 0.84334 2.90706
v 2.30155 -0.37732 3.62376
v 3.54730 -0.26544 2.53351
v 2.60814 0.76927 3.43325
v 2.74993 -0.84972 3.19995
v 3.47797 0.51001 2.65012
v 2.27976 0.10932 3.68226
v 3.31627 -0.65708 2.72045
v 2.97571 0.86639 3.12059
v 2.45550 -0.59882 3.48310
v 3.56489 0.04122 2.55243
v 2.45442 0.53875 3.56229
v 2.98137 -0.82167 3.01218
v 3.30722 0.69078 2.82434
v 2.31928 -0.18127 3.63681
v 3.45019 -0.40650 2.63412
v 2.76404 0.78000 3.31101
v 2.65265 -0.72627 3.31368
v 3.50105 0.31428 2.63914
v 2.37498 0.26713 3.62271
v 3.18541 -0.69600 2.85645
v 3.10615 0.76674 3.01645
v 2.42977 -0.41825 3.53470
v 3.50645 -0.12996 2.61662
v 2.59643 0.60665 3.45569
v 2.86464 -0.75161 3.14059
v 3.37208 0.51875 2.77665
v 2.37397 -0.00519 3.61508
v 3.33740 -0.49729 2.75120
v 2.90655 0.73745 3.19875
v 2.59089 -0.57596 3.39622
v 3.48426 0.13191 2.66514
v 2.49237 0.37958 3.54083
v 3.06235 -0.68067 2.98774
v 3.20330 0.63205 2.94126
v 2.44438 -0.24136 3.54936
v 3.42105 -0.25966 2.70708
v 2.73770 0.61847 3.34731
v 2.77658 -0.64110 3.24477
v 3.39492 0.34253 2.76701
v 2.46057 0.13692 3.56279
v 3.21973 -0.53248 2.87508
v 3.02472 0.64727 3.10664
v 2.56964 -0.41244 3.44264
v 3.43114 -0.02187 2.72519
v 2.62201 0.43793 3.44551
v 2.95835 -0.61398 3.10401
v 3.25998 0.47528 2.90179
v 2.49843 -0.08394 3.52753
v 3.31761 -0.33710 2.81592
v 2.86610 0.57369 3.24824
v 2.72598 -0.50049 3.31651
v 3.37457 0.17855 2.79675
v 2.57219 0.23144 3.48597
v 3.10898 -0.50861 2.99511
v 3.10762 0.51766 3.04470
v 2.59296 -0.25114 3.44901
v 3.34680 -0.13160 2.81488
v 2.75249 0.43454 3.34702
v 2.88533 -0.50054 3.19442
v 3.26943 0.31127 2.90432
v 2.59004 0.03691 3.47073
v 3.20621 -0.35142 2.93411
v 2.96828 0.47284 3.17055
v 2.72250 -0.34167 3.34706
v 3.30982 0.04500 2.86697
v 2.70109 0.26307 3.39159
v 3.01844 -0.42122 3.09938
v 3.14244 0.35735 3.02439
v 2.66671 -0.10967 3.41017
v 3.23569 -0.17852 2.93008
v 2.87093 0.35831 3.25691
v 2.85868 -0.34280 3.24542
v 3.22053 0.15610 2.95838
v 2.72063 0.09868 3.37808
v 3.09693 -0.28371 3.05256
v 3.02608 0.30946 3.13014
v 2.78454 -0.17470 3.32070
v 3.19049 -0.03324 2.98590
v 2.84347 0.20146 3.28352
v 2.96687 -0.24778 3.17152
v 3.10041 0.16415 3.07004
v 2.81858 -0.01195 3.30324
v 3.08538 -0.11520 3.08046
v 2.96224 0.15231 3.18856
v 2.92704 -0.09858 3.21612
v 3.03150 0.01592 3.13173
f 3222 3167 3078
f 4101 4046 3957
f 1457 1313 1368
f 3815 3904 3760
f 2429 2573 2518
f 4082 3938 3993
f 5582 5637 5726
f 5671 5815 5760
f 5760 5616 5671
f 5582 5726 5671
f 5671 5726 5815
f 5493 5637 5582
f 5118 5063 4974
f 4046 4101 4190
f 3957 4046 3902
f 3902 3813 3957
f 4088 3944 3999
f 4012 4101 3957
f 3313 3169 3224
f 3224 3169 3080
f 1821 1677 1732
f 1910 2054 1999
f 3677 3622 3533
f 1876 1821 1732
f 1253 1308 1397
f 2177 2321 2266
f 1805 1661 1716
f 737 792 826
f 1357 1501 1446
f 1446 1302 1357
f 1391 1302 1446
f 1501 1590 1446
f 2235 2180 2091
f 2413 2557 2502
f 672 638 727
f 583 638 672
f 327 348 382
f 293 348 327
f 1084 1139 1228
f 919 885 974
f 851 885 796
f 707 796 741
f 529 440 495
f 190 245 224
f 11 6 19
f 121 108 142
f 535 624 569
f 1641 1785 1730
f 1654 1565 1709
f 1709 1798 1654
f 1654 1798 1743
f 1510 1565 1654
f 976 942 1031
f 2859 2770 2914
f 4032 4087 4176
f 3694 3639 3550
f 3783 3639 3694
f 3775 3720 3631
f 3864 3720 3775
f 3576 3432 3487
f 3576 3720 3665
f 3487 3631 3576
f 3576 3631 3720
f 3521 3576 3665
f 3432 3576 3521
f 1479 1534 1623
f 4222 4366 4311
f 4133 4044 4188
f 4510 4366 4421
f 4421 4565 4510
f 3989 4044 4133
f 3900 4044 3989
f 4154 4010 4065
f 4065 4120 4209
f 4209 4154 4065
f 3544 3633 3489
f 3544 3455 3599
f 3311 3167 3222
f 4065 4010 3921
f 3921 4010 3866
f 3976 3832 3887
f 3976 4120 4065
f 4065 3921 3976
f 3976 3921 3832
f 3256 3112 3167
f 3167 3311 3256
f 3256 3201 3112
f 3023 3078 3167
f 3167 3112 3023
f 2502 2591 2447
f 4107 3963 4018
f 4175 4230 4319
f 4086 4230 4175
f 3887 3832 3743
f 3743 3798 3887
f 3654 3798 3743
f 3599 3654 3743
f 3599 3455 3510
f 3510 3654 3599
f 2206 2261 2350
f 2439 2295 2350
f 2350 2295 2206
f 4151 4096 4007
f 4172 4083 4227
f 4570 4714 4659
f 4192 4247 4336
f 4171 4082 4226
f 3849 3938 3794
f 3993 3938 3849
f 3849 3904 3993
f 3849 3760 3904
f 3726 3870 3815
f 3726 3582 3637
f 3815 3760 3671
f 3671 3726 3815
f 3582 3726 3671
f 3527 3582 3671
f 3637 3582 3493
f 4132 3988 4043
f 4022 3967 3878
f 3933 4022 3878
f 3925 3870 3781
f 3637 3692 3781
f 3781 3726 3637
f 3870 3726 3781
f 3548 3692 3637
f 3637 3493 3548
f 3446 3535 3391
f 3946 3891 3802
f 3658 3713 3802
f 3802 3747 3658
f 3891 3747 3802
f 3946 3802 3857
f 3857 3802 3713
f 3569 3713 3658
f 3912 3967 4056
f 4200 4145 4056
f 4488 4399 4543
f 4577 4433 4488
f 4289 4433 4378
f 4289 4145 4200
f 4378 4433 4522
f 4522 4433 4577
f 4234 4289 4378
f 4145 4289 4234
f 4035 3891 3946
f 4844 4700 4755
f 4480 4425 4336
f 4187 4132 4043
f 5483 5428 5339
f 4784 4928 4873
f 4873 4928 5017
f 5161 5250 5106
f 5106 5017 5161
f 6934 6790 6845
f 5981 6036 6125
f 5672 5761 5617
f 5130 5041 5185
f 5185 5274 5130
f 6651 6562 6706
f 6829 6740 6884
f 6711 6567 6622
f 6787 6876 6732
f 6376 6431 6520
f 6410 6554 6499
f 7379 7468 7413
f 6918 6774 6829
f 7321 7355 7266
f 3191 3335 3280
f 3280 3335 3424
f 3259 3115 3170
f 3322 3466 3411
f 2856 2712 2767
f 2801 2712 2856
f 2767 2911 2856
f 1696 1785 1641
f 5890 5746 5801
f 5047 4992 4903
f 6398 6343 6254
f 4123 4212 4068
f 4157 4068 4212
f 4183 4094 4238
f 6416 6560 6505
f 6505 6560 6649
f 7680 7646 7701
f 7701 7646 7667
f 6118 6029 6173
f 3728 3639 3783
f 3330 3474 3419
f 3330 3186 3241
f 6807 6718 6862
f 6142 6197 6286
f 6108 6252 6197
f 5519 5608 5464
f 5527 5616 5472
f 5582 5671 5527
f 5527 5671 5616
f 5718 5862 5807
f 5985 5841 5896
f 4320 4265 4176
f 4409 4265 4320
f 5307 5362 5451
f 4074 4019 3930
f 4362 4307 4218
f 6260 6315 6404
f 6349 6404 6493
f 6260 6404 6349
f 5027 4883 4938
f 5027 5171 5116
f 4739 4883 4828
f 5404 5493 5349
f 7939 7905 7926
f 7926 7905 7892
f 7228 7194 7283
f 7283 7194 7249
f 5130 5274 5219
f 5876 6020 5965
f 4473 4418 4329
f 4562 4418 4473
f 4609 4554 4465
f 3703 3614 3758
f 3813 3902 3758
f 4033 3889 3944
f 3944 4088 4033
f 3944 3889 3800
f 3656 3711 3800
f 3800 3745 3656
f 3889 3745 3800
f 3999 3944 3855
f 3855 3910 3999
f 3944 3800 3855
f 3855 3800 3711
f 3402 3546 3491
f 4101 4012 4156
f 4156 4211 4300
f 3347 3402 3491
f 3080 3169 3025
f 3025 3169 3114
f 3313 3224 3368
f 3690 3546 3601
f 3601 3745 3690
f 3601 3512 3656
f 3656 3745 3601
f 3135 3224 3080
f 1965 2054 1910
f 1910 1821 1965
f 1821 1876 1965
f 1965 1876 2020
f 2109 1965 2020
f 2054 1965 2109
f 2088 1999 2143
f 2143 1999 2054
f 3609 3698 3554
f 3787 3698 3842
f 3821 3677 3732
f 4164 4020 4075
f 4075 4219 4164
f 4185 4329 4274
f 4274 4329 4418
f 256 311 290
f 300 245 266
f 266 321 300
f 206 185 151
f 240 185 206
f 240 206 261
f 261 206 227
f 261 227 282
f 376 321 342
f 334 389 423
f 703 792 737
f 881 826 792
f 1732 1643 1787
f 1787 1876 1732
f 1685 1630 1541
f 1397 1308 1452
f 1452 1541 1397
f 1363 1452 1308
f 1507 1452 1363
f 1588 1643 1732
f 1732 1677 1588
f 2101 1957 2012
f 2813 2868 2957
f 2957 2902 2813
f 2813 2758 2669
f 2902 2758 2813
f 2635 2546 2690
f 2944 3088 3033
f 3033 3088 3177
f 2800 2855 2944
f 2656 2800 2745
f 2465 2321 2376
f 2376 2520 2465
f 2266 2321 2410
f 2410 2321 2465
f 2533 2677 2622
f 1839 1784 1695
f 2203 2258 2347
f 2059 1915 1970
f 1881 2025 1970
f 2038 1894 1949
f 1949 1894 1805
f 1873 2017 1962
f 1441 1496 1585
f 1297 1386 1242
f 1297 1441 1386
f 1203 1292 1148
f 334 313 279
f 279 300 334
f 245 300 279
f 224 245 279
f 326 292 347
f 347 292 313
f 2334 2279 2190
f 2190 2245 2334
f 2101 2245 2190
f 1776 1687 1831
f 1598 1543 1454
f 1687 1543 1598
f 1433 1378 1289
f 1412 1501 1357
f 1522 1378 1433
f 1522 1666 1611
f 1611 1666 1755
f 1721 1666 1577
f 1577 1522 1433
f 1666 1522 1577
f 1454 1543 1399
f 603 569 658
f 658 569 624
f 891 925 836
f 980 925 891
f 768 857 802
f 857 891 802
f 836 747 802
f 802 891 836
f 823 857 768
f 878 933 967
f 1244 1388 1333
f 1134 1079 990
f 1858 2002 1947
f 2002 2091 1947
f 1714 1769 1858
f 1735 1591 1646
f 1536 1591 1680
f 1591 1735 1680
f 1824 1769 1680
f 1680 1735 1824
f 3222 3078 3133
f 3078 2989 3133
f 2324 2180 2235
f 342 308 397
f 782 816 727
f 905 850 816
f 816 850 761
f 727 816 761
f 761 672 727
f 1248 1337 1193
f 1392 1337 1248
f 1617 1672 1761
f 1727 1672 1583
f 1172 1316 1261
f 1227 1316 1172
f 1515 1604 1460
f 1460 1604 1549
f 1583 1439 1494
f 1494 1439 1350
f 1434 1290 1345
f 1948 1804 1859
f 2655 2600 2511
f 1880 1825 1736
f 1736 1825 1681
f 1990 1935 1846
f 1846 1901 1990
f 2223 2134 2278
f 1833 1977 1922
f 2278 2134 2189
f 848 759 814
f 793 759 848
f 387 421 332
f 416 382 471
f 327 382 416
f 416 361 327
f 471 382 437
f 437 382 348
f 1681 1537 1592
f 1592 1736 1681
f 1660 1516 1571
f 1571 1516 1427
f 1427 1516 1372
f 1173 1084 1228
f 940 885 851
f 974 885 940
f 1228 1139 1283
f 1283 1372 1228
f 1283 1338 1427
f 1427 1372 1283
f 885 919 830
f 775 741 830
f 830 796 885
f 741 796 830
f 864 919 953
f 775 830 864
f 864 830 919
f 953 919 1008
f 1008 919 974
f 626 592 681
f 686 741 775
f 1139 1084 995
f 1084 940 995
f 1249 1393 1338
f 673 707 618
f 563 529 618
f 652 597 563
f 563 618 652
f 652 618 707
f 652 707 741
f 741 686 652
f 652 686 597
f 762 707 673
f 762 817 851
f 851 796 762
f 796 707 762
f 351 440 385
f 25 46 38
f 38 17 25
f 25 17 12
f 41 75 54
f 19 6 14
f 16 11 24
f 121 142 176
f 176 142 197
f 95 108 74
f 19 14 27
f 32 11 19
f 24 11 32
f 87 108 121
f 87 74 108
f 53 74 87
f 459 370 425
f 404 370 459
f 535 569 480
f 425 391 480
f 231 176 197
f 210 176 231
f 998 909 964
f 1019 1108 964
f 1019 1074 1163
f 1163 1108 1019
f 3170 3115 3026
f 2259 2170 2314
f 2314 2170 2225
f 2657 2712 2801
f 2568 2712 2657
f 2429 2518 2374
f 2374 2518 2463
f 1743 1798 1887
f 1976 1832 1887
f 1887 1832 1743
f 895 950 984
f 1641 1730 1586
f 1586 1531 1442
f 1421 1565 1510
f 1620 1764 1709
f 1709 1565 1620
f 1298 1353 1442
f 1298 1209 1353
f 976 1031 1120
f 1120 1031 1175
f 887 942 976
f 1086 1031 942
f 1175 1031 1086
f 942 887 853
f 853 887 798
f 1107 963 1018
f 4233 4089 4144
f 5097 5186 5042
f 5008 4864 4919
f 4919 5063 5008
f 4974 5063 4919
f 4521 4610 4466
f 4466 4610 4555
f 4555 4411 4466
f 4466 4411 4322
f 4176 4265 4121
f 4121 4032 4176
f 3032 3087 3176
f 4019 4108 3964
f 5786 5642 5697
f 5697 5841 5786
f 5731 5642 5786
f 5553 5697 5642
f 5464 5608 5553
f 5608 5697 5553
f 4964 4909 4820
f 5053 4909 4964
f 3665 3720 3809
f 3809 3864 3953
f 3720 3864 3809
f 3775 3631 3686
f 3597 3741 3686
f 3953 3864 4008
f 4008 4063 4152
f 3432 3521 3377
f 3377 3521 3466
f 3466 3322 3377
f 3055 2911 2966
f 3055 3199 3144
f 3144 3089 3000
f 3000 3055 3144
f 2911 3055 3000
f 3000 2856 2911
f 3487 3432 3343
f 1623 1534 1678
f 869 814 780
f 1136 992 1047
f 1458 1314 1369
f 2309 2165 2220
f 2220 2165 2076
f 2432 2576 2521
f 2720 2576 2631
f 2178 2123 2034
f 2487 2576 2432
f 2631 2576 2487
f 2864 3008 2953
f 3042 2898 2953
f 4531 4675 4620
f 4531 4387 4442
f 4133 4188 4277
f 4277 4222 4133
f 4366 4222 4277
f 4277 4421 4366
f 4277 4188 4332
f 4332 4421 4277
f 4099 4188 4044
f 4010 4154 4099
f 3934 3989 4078
f 4078 4023 3934
f 4133 4222 4078
f 4078 3989 4133
f 3646 3701 3790
f 3845 3989 3934
f 3934 3790 3845
f 3845 3790 3701
f 3900 3989 3845
f 3900 3845 3756
f 3756 3845 3701
f 4455 4366 4510
f 4311 4366 4455
f 4887 4743 4798
f 5298 5243 5154
f 5387 5243 5298
f 4730 4675 4586
f 4442 4497 4586
f 4586 4531 4442
f 4675 4531 4586
f 4332 4387 4476
f 4476 4421 4332
f 4565 4421 4476
f 4620 4565 4476
f 4476 4531 4620
f 4387 4531 4476
f 4243 4387 4332
f 4243 4099 4154
f 4332 4188 4243
f 4188 4099 4243
f 4353 4497 4442
f 4154 4209 4298
f 4298 4243 4154
f 4387 4243 4298
f 4442 4387 4298
f 4298 4353 4442
f 4209 4353 4298
f 3633 3544 3688
f 3688 3544 3599
f 3599 3743 3688
f 3688 3743 3832
f 3489 3633 3578
f 3633 3722 3578
f 3400 3256 3311
f 3400 3544 3489
f 3455 3544 3400
f 3400 3311 3455
f 3078 3023 2934
f 2934 2989 3078
f 3201 3146 3057
f 3112 3201 3057
f 4183 4272 4128
f 4128 4272 4217
f 4217 4272 4361
f 4361 4306 4217
f 4361 4272 4416
f 3908 3819 3963
f 3908 3997 3853
f 4031 4175 4120
f 4031 3976 3887
f 4120 3976 4031
f 4086 4175 4031
f 2562 2617 2706
f 2206 2295 2151
f 2384 2295 2439
f 1842 1986 1931
f 1931 1787 1842
f 2020 1876 1931
f 1876 1787 1931
f 2020 1931 2075
f 2075 1931 1986
f 2219 2075 2130
f 2130 2075 1986
f 2130 2274 2219
f 2185 2274 2130
f 2596 2452 2507
f 1905 1960 2049
f 2536 2447 2591
f 2727 2583 2638
f 2727 2871 2816
f 2672 2727 2816
f 2583 2727 2672
f 2926 2871 2782
f 2782 2727 2638
f 2871 2727 2782
f 2460 2549 2405
f 2405 2350 2261
f 3426 3570 3515
f 3824 3680 3735
f 3646 3790 3735
f 3384 3329 3240
f 2774 2630 2685
f 2685 2829 2774
f 2719 2774 2863
f 2630 2774 2719
f 2685 2630 2541
f 2541 2596 2685
f 2452 2596 2541
f 2541 2630 2486
f 3062 3007 2918
f 2918 2774 2829
f 2918 3007 2863
f 2863 2774 2918
f 2842 2787 2698
f 3172 3083 3227
f 3028 3083 3172
f 3172 3117 3028
f 3261 3117 3172
f 3227 3083 3138
f 3138 3083 2994
f 2960 2905 2816
f 2816 2871 2960
f 3337 3193 3248
f 3248 3392 3337
f 3303 3392 3248
f 3515 3460 3371
f 3371 3426 3515
f 2973 3117 3062
f 3062 2918 2973
f 2973 2918 2829
f 3028 3117 2973
f 3439 3350 3494
f 3439 3528 3384
f 3062 3117 3206
f 3206 3117 3261
f 3261 3350 3206
f 4659 4714 4803
f 4803 4858 4947
f 4714 4858 4803
f 4062 4151 4007
f 4028 4172 4117
f 4083 4172 4028
f 4638 4693 4782
f 5619 5708 5564
f 5619 5763 5708
f 4247 4192 4103
f 4103 4158 4247
f 4336 4425 4281
f 4281 4192 4336
f 4137 4082 3993
f 4137 4226 4082
f 4137 4281 4226
f 4192 4281 4137
f 3527 3671 3616
f 3616 3671 3760
f 3472 3561 3417
f 3472 3616 3561
f 3527 3616 3472
f 4247 4158 4302
f 4221 4365 4310
f 3967 4022 4111
f 4200 4056 4111
f 4111 4056 3967
f 4022 3933 4077
f 4077 3933 3988
f 3988 4132 4077
f 4077 4132 4221
f 3658 3747 3603
f 3603 3747 3692
f 3692 3548 3603
f 3692 3747 3836
f 3925 3781 3836
f 3836 3781 3692
f 3836 3747 3891
f 3404 3548 3493
f 3590 3446 3501
f 3590 3734 3679
f 3590 3679 3535
f 3535 3446 3590
f 4001 3857 3912
f 3912 4056 4001
f 4001 4056 4145
f 3946 3857 4001
f 3768 3857 3713
f 3912 3857 3768
f 3480 3569 3425
f 3391 3535 3480
f 3679 3734 3823
f 3912 3768 3823
f 3823 3768 3679
f 3823 3967 3912
f 3878 3967 3823
f 3823 3734 3878
f 5132 5043 5187
f 5132 5221 5077
f 5564 5509 5420
f 5365 5509 5454
f 5365 5420 5509
f 4632 4721 4577
f 4577 4488 4632
f 4632 4488 4543
f 4632 4776 4721
f 4344 4488 4433
f 4344 4289 4200
f 4433 4289 4344
f 4399 4488 4344
f 4378 4522 4467
f 4755 4700 4611
f 4611 4467 4522
f 4666 4522 4577
f 4666 4810 4755
f 4755 4611 4666
f 4666 4611 4522
f 4577 4721 4666
f 4721 4810 4666
f 4755 4810 4899
f 4899 4844 4755
f 5043 4899 4954
f 4954 4899 4810
f 4124 4035 4179
f 4412 4501 4357
f 2802 2857 2946
f 2713 2857 2802
f 2658 2713 2802
f 2569 2713 2658
f 4818 4907 4763
f 4331 4475 4420
f 4331 4187 4242
f 4420 4365 4276
f 4276 4331 4420
f 4187 4331 4276
f 4132 4187 4276
f 4221 4132 4276
f 4276 4365 4221
f 4509 4365 4420
f 4420 4475 4564
f 4564 4509 4420
f 4653 4509 4564
f 4564 4475 4619
f 4839 4928 4784
f 4983 4928 4839
f 4386 4331 4242
f 4475 4331 4386
f 4784 4873 4729
f 4729 4873 4818
f 4962 5017 5106
f 4962 4873 5017
f 4818 4873 4962
f 4962 4907 4818
f 5017 4928 5072
f 5072 5161 5017
f 5072 4928 4983
f 6950 6861 7005
f 7413 7468 7502
f 6845 6790 6701
f 6790 6934 6879
f 6562 6418 6473
f 6227 6371 6316
f 6426 6515 6371
f 6316 6371 6460
f 6371 6515 6460
f 6591 6680 6536
f 6570 6426 6481
f 6515 6426 6570
f 6222 6277 6366
f 5536 5392 5447
f 5879 5824 5735
f 6133 6277 6222
f 5659 5803 5748
f 6002 6091 5947
f 5947 6091 6036
f 5549 5693 5638
f 5727 5638 5782
f 5782 5638 5693
f 5837 5981 5926
f 5837 5693 5748
f 5926 5782 5837
f 5837 5782 5693
f 6036 5981 5892
f 5892 5947 6036
f 5803 5947 5892
f 5748 5803 5892
f 5892 5837 5748
f 5981 5837 5892
f 5329 5185 5240
f 5274 5185 5329
f 5363 5219 5274
f 6512 6567 6656
f 6656 6567 6711
f 6690 6834 6779
f 6690 6745 6834
f 6779 6635 6690
f 5169 5114 5025
f 4470 4614 4559
f 6182 6093 6237
f 6376 6321 6232
f 7536 7570 7481
f 6774 6630 6685
f 6829 6774 6685
f 6685 6740 6829
f 6507 6418 6562
f 6562 6651 6507
f 6795 6884 6740
f 6795 6651 6706
f 6740 6651 6795
f 6939 6884 6795
f 7156 7122 7211
f 7266 7211 7177
f 7177 7211 7122
f 7067 7122 7156
f 6643 6732 6588
f 6588 6499 6643
f 6643 6499 6554
f 6554 6698 6643
f 6787 6732 6643
f 6643 6698 6787
f 6821 6732 6876
f 6876 6965 6821
f 6821 6965 6910
f 6711 6622 6766
f 6766 6855 6711
f 6910 6855 6766
f 6766 6821 6910
f 6376 6520 6465
f 6465 6554 6410
f 6410 6321 6465
f 6465 6321 6376
f 6609 6698 6554
f 6554 6465 6609
f 6609 6465 6520
f 6609 6520 6664
f 6575 6520 6431
f 6664 6520 6575
f 7714 7659 7680
f 7523 7468 7434
f 7468 7379 7434
f 6931 6876 6787
f 6774 6918 6863
f 7643 7554 7609
f 7232 7177 7143
f 7232 7321 7266
f 7266 7177 7232
f 7206 7261 7295
f 7261 7350 7295
f 7405 7371 7460
f 7130 7096 7185
f 3369 3280 3424
f 3369 3225 3280
f 3403 3348 3259
f 2623 2712 2568
f 2767 2712 2623
f 2623 2678 2767
f 2623 2534 2678
f 3233 3089 3144
f 3233 3377 3322
f 2039 1984 1895
f 1518 1662 1607
f 1573 1662 1518
f 1806 1662 1717
f 1717 1662 1573
f 3107 3052 2963
f 2641 2586 2497
f 3204 3348 3293
f 3115 3259 3204
f 3259 3348 3204
f 3115 3204 3060
f 2662 2518 2573
f 3073 2929 2984
f 5301 5212 5356
f 5835 5691 5746
f 5746 5890 5835
f 5746 5691 5602
f 5280 5225 5136
f 5136 4992 5047
f 6034 6178 6123
f 6322 6178 6233
f 6144 6288 6233
f 5445 5301 5356
f 6398 6453 6542
f 6487 6343 6398
f 6398 6542 6487
f 6487 6542 6631
f 6183 6128 6039
f 6094 6005 6149
f 6183 6039 6094
f 6123 6068 5979
f 5979 6034 6123
f 5890 6034 5979
f 5979 5835 5890
f 5979 6068 5924
f 5924 5835 5979
f 6267 6178 6322
f 6123 6178 6267
f 5230 5141 5285
f 5285 5374 5230
f 4162 4107 4018
f 4217 4306 4162
f 5526 5615 5471
f 4013 3869 3924
f 4013 4157 4102
f 3924 4068 4013
f 4068 4157 4013
f 4123 4068 3979
f 3979 3835 3890
f 3979 4068 3924
f 3924 3835 3979
f 4615 4670 4759
f 4060 4115 4204
f 3971 4115 4060
f 4327 4471 4416
f 4183 4238 4327
f 4327 4272 4183
f 4416 4272 4327
f 3814 3869 3958
f 4102 4047 3958
f 3958 4013 4102
f 3869 4013 3958
f 3814 3759 3670
f 3848 3759 3903
f 3903 3759 3814
f 3814 3958 3903
f 3903 3958 4047
f 4790 4735 4646
f 4913 4858 4769
f 4769 4858 4714
f 6780 6636 6691
f 6471 6560 6416
f 6416 6327 6471
f 7005 6861 6916
f 6649 6793 6738
f 6738 6793 6882
f 6641 6497 6552
f 6552 6497 6408
f 6895 6984 6840
f 6416 6505 6361
f 7597 7686 7631
f 7631 7542 7597
f 7453 7542 7487
f 7576 7521 7487
f 7487 7542 7576
f 7576 7542 7631
f 7317 7228 7283
f 7999 7997 8000
f 7916 7903 7937
f 7578 7633 7667
f 7667 7633 7688
f 6029 6118 5974
f 6325 6181 6236
f 5914 6003 5859
f 5749 5893 5838
f 5804 5893 5749
f 6016 6071 6160
f 6160 6071 6215
f 6215 6071 6126
f 6037 6181 6126
f 6092 6181 6037
f 6236 6181 6092
f 5346 5490 5435
f 4791 4846 4935
f 4935 4880 4791
f 5024 4880 4935
f 5414 5558 5503
f 5469 5558 5414
f 5880 5736 5791
f 5825 5969 5914
f 5825 5880 5969
f 5736 5880 5825
f 5503 5558 5647
f 5791 5736 5647
f 5181 5270 5126
f 5346 5435 5291
f 5291 5435 5380
f 4969 4880 5024
f 4825 4880 4969
f 4969 4914 4825
f 5058 4914 4969
f 3241 3186 3097
f 3097 2953 3008
f 3097 3186 3042
f 3042 2953 3097
f 3550 3639 3495
f 3550 3495 3406
f 4029 4173 4118
f 3885 3940 4029
f 4084 4029 3940
f 4173 4029 4084
f 3796 3940 3885
f 3885 3741 3796
f 3985 3930 3841
f 4074 3930 3985
f 4739 4595 4650
f 4705 4650 4561
f 2163 2307 2252
f 7074 7019 6930
f 6959 7048 6904
f 6281 6425 6370
f 6768 6823 6912
f 6514 6370 6425
f 6807 6862 6951
f 6663 6718 6807
f 6917 6862 6773
f 6773 6862 6718
f 6629 6773 6718
f 6684 6773 6629
f 6396 6252 6307
f 6307 6451 6396
f 6286 6197 6341
f 6197 6252 6341
f 6341 6396 6485
f 6252 6396 6341
f 6231 6142 6286
f 6197 6142 6053
f 6053 6108 6197
f 6053 5998 5909
f 6142 5998 6053
f 5684 5629 5540
f 6205 6294 6150
f 6205 6116 6260
f 6260 6349 6205
f 6205 6349 6294
f 6027 5972 5883
f 6116 5972 6027
f 5951 5807 5862
f 5896 5807 5951
f 5574 5629 5718
f 5608 5519 5663
f 5519 5574 5663
f 5718 5807 5663
f 5663 5574 5718
f 5862 5917 6006
f 6006 5951 5862
f 6095 5951 6006
f 6150 6095 6006
f 6150 6294 6239
f 6239 6095 6150
f 5451 5540 5396
f 5396 5307 5451
f 4409 4320 4464
f 5362 5307 5218
f 5307 5163 5218
f 4163 4108 4019
f 4163 4019 4074
f 4074 4218 4163
f 4163 4218 4307
f 4362 4218 4273
f 5145 5200 5289
f 6294 6349 6438
f 6438 6349 6493
f 6357 6412 6501
f 5815 5726 5870
f 4807 4663 4718
f 4807 4752 4663
f 5438 5294 5349
f 5582 5527 5438
f 5438 5493 5582
f 5349 5493 5438
f 5349 5294 5205
f 4972 4828 4883
f 4972 5027 5116
f 4883 5027 4972
f 4718 4629 4773
f 4451 4595 4540
f 4451 4307 4362
f 4396 4307 4451
f 4451 4540 4396
f 5260 5404 5349
f 5116 5171 5260
f 5260 5205 5116
f 5349 5205 5260
f 6257 6202 6113
f 7986 7991 7978
f 7978 7965 7986
f 7957 7965 7978
f 7994 7997 7999
f 7999 7991 7994
f 7994 7991 7986
f 7944 7965 7957
f 7957 7923 7944
f 7931 7965 7944
f 7931 7944 7910
f 7910 7944 7923
f 7941 7962 7954
f 7954 7920 7941
f 7986 7965 7973
f 7879 7892 7858
f 7871 7892 7905
f 7905 7884 7871
f 7905 7939 7918
f 7918 7884 7905
f 6008 5953 5864
f 5610 5754 5699
f 5465 5520 5609
f 5753 5698 5609
f 5609 5664 5753
f 5520 5664 5609
f 6020 5876 5931
f 5787 5876 5732
f 5787 5931 5876
f 3559 3614 3703
f 5211 5300 5156
f 4457 4368 4512
f 4512 4368 4423
f 4423 4368 4279
f 4779 4923 4868
f 4224 4279 4368
f 2661 2572 2716
f 2085 2174 2030
f 2585 2496 2640
f 2695 2750 2839
f 1946 1857 2001
f 2763 2818 2907
f 4808 4664 4719
f 4253 4397 4342
f 4342 4397 4486
f 4863 4808 4719
f 4096 4151 4240
f 4185 4096 4240
f 4240 4329 4185
f 4643 4554 4698
f 4698 4554 4609
f 4986 4842 4897
f 4986 5041 5130
f 4986 4897 5041
f 4499 4554 4643
f 3999 3910 4054
f 4609 4465 4520
f 4520 4664 4609
f 3525 3580 3669
f 3669 3614 3525
f 3669 3758 3614
f 3813 3758 3669
f 3669 3724 3813
f 3580 3724 3669
f 3957 3813 3868
f 3813 3724 3868
f 3868 4012 3957
f 3491 3546 3635
f 3635 3580 3491
f 3635 3724 3580
f 3635 3546 3690
f 4177 4033 4088
f 4177 4232 4321
f 4088 4232 4177
f 4122 4033 4177
f 3690 3745 3834
f 3834 3745 3889
f 4376 4465 4321
f 4321 4232 4376
f 4376 4232 4287
f 4376 4520 4465
f 3910 3855 3766
f 3766 3677 3821
f 3821 3910 3766
f 3622 3677 3766
f 3766 3711 3622
f 3766 3855 3711
f 4245 4156 4300
f 4101 4156 4245
f 4245 4190 4101
f 3203 3347 3292
f 3114 3169 3258
f 3258 3203 3114
f 3347 3203 3258
f 3402 3347 3258
f 3258 3169 3313
f 3313 3402 3258
f 3292 3347 3436
f 3525 3381 3436
f 3436 3381 3292
f 3436 3580 3525
f 3491 3580 3436
f 3436 3347 3491
f 2415 2271 2326
f 2470 2415 2326
f 2326 2271 2182
f 2182 2237 2326
f 3080 3025 2936
f 2792 2936 2881
f 2881 2936 3025
f 3457 3601 3546
f 3313 3368 3457
f 3457 3368 3512
f 3512 3601 3457
f 3457 3402 3313
f 3546 3402 3457
f 3190 3135 3046
f 2957 3101 3046
f 3046 3101 3190
f 3046 2902 2957
f 3279 3368 3224
f 3224 3135 3279
f 3279 3135 3190
f 3190 3334 3279
f 2991 3135 3080
f 3080 2936 2991
f 2902 3046 2991
f 2991 3046 3135
f 2088 2143 2232
f 2232 2177 2088
f 2321 2177 2232
f 2232 2376 2321
f 2232 2143 2287
f 2287 2376 2232
f 2198 2342 2287
f 2054 2109 2198
f 2198 2109 2253
f 2253 2342 2198
f 2198 2143 2054
f 2287 2143 2198
f 2609 2520 2664
f 2465 2520 2609
f 2287 2342 2431
f 2431 2376 2287
f 2520 2376 2431
f 2431 2342 2486
f 4075 4020 3931
f 3931 3986 4075
f 3842 3986 3931
f 3787 3842 3931
f 3698 3609 3753
f 3753 3842 3698
f 3753 3609 3664
f 3465 3321 3376
f 3465 3609 3554
f 3143 3088 2999
f 2999 3054 3143
f 2910 3054 2999
f 2999 2855 2910
f 2999 3088 2944
f 2944 2855 2999
f 3232 3088 3143
f 3376 3321 3232
f 3232 3321 3177
f 3177 3088 3232
f 3232 3287 3376
f 3143 3287 3232
f 3588 3677 3533
f 3588 3732 3677
f 3410 3465 3554
f 3321 3465 3410
f 3821 3732 3876
f 3876 3732 3787
f 3787 3931 3876
f 3876 3931 4020
f 4363 4274 4418
f 4219 4274 4363
f 503 414 469
f 346 312 401
f 291 312 346
f 380 469 414
f 410 376 465
f 321 376 410
f 910 876 965
f 612 578 667
f 209 154 175
f 209 264 243
f 222 243 277
f 277 256 222
f 311 256 277
f 332 311 277
f 290 269 235
f 235 256 290
f 269 214 235
f 7 20 12
f 15 20 7
f 41 20 28
f 28 20 15
f 28 49 41
f 413 379 468
f 324 269 290
f 324 413 358
f 379 413 324
f 358 303 324
f 324 303 269
f 345 311 400
f 290 311 345
f 345 324 290
f 379 324 345
f 282 303 337
f 358 392 337
f 337 303 358
f 510 421 476
f 421 387 476
f 400 311 366
f 366 311 332
f 332 421 366
f 138 117 104
f 62 75 41
f 41 49 62
f 122 109 143
f 316 261 282
f 282 337 316
f 282 227 248
f 248 303 282
f 269 303 248
f 248 214 269
f 287 308 342
f 342 321 287
f 287 321 266
f 266 232 287
f 368 313 334
f 334 423 368
f 368 423 457
f 1664 1609 1520
f 1397 1541 1486
f 1486 1541 1630
f 1774 1630 1685
f 1842 1787 1698
f 1698 1787 1643
f 1643 1554 1698
f 1698 1554 1609
f 1829 1973 1918
f 1829 1774 1685
f 1918 1774 1829
f 1685 1541 1596
f 1596 1452 1507
f 1541 1452 1596
f 1528 1439 1583
f 1528 1672 1617
f 1583 1672 1528
f 1172 1261 1117
f 1219 1363 1308
f 677 643 732
f 1342 1253 1397
f 1397 1486 1342
f 1533 1588 1677
f 1444 1588 1533
f 1512 1457 1368
f 1635 1546 1690
f 1690 1779 1635
f 2156 2245 2101
f 2101 2012 2156
f 2156 2012 2067
f 2067 2211 2156
f 2067 2012 1923
f 1868 2012 1957
f 1779 1923 1868
f 1868 1923 2012
f 1758 1703 1614
f 1792 1881 1737
f 1559 1415 1470
f 1470 1614 1559
f 1559 1614 1703
f 1572 1661 1517
f 1716 1661 1572
f 2821 2677 2732
f 2588 2444 2499
f 2732 2677 2588
f 2588 2533 2444
f 2677 2533 2588
f 2622 2677 2766
f 2910 2855 2766
f 2766 2821 2910
f 2677 2821 2766
f 3478 3334 3389
f 3533 3622 3478
f 3478 3389 3533
f 3245 3101 3156
f 3389 3334 3245
f 3190 3101 3245
f 3245 3334 3190
f 3156 3300 3245
f 3245 3300 3389
f 2622 2567 2478
f 2478 2533 2622
f 2690 2546 2601
f 2546 2457 2601
f 2601 2745 2690
f 2656 2745 2601
f 2402 2457 2546
f 2347 2258 2402
f 2491 2436 2347
f 2491 2580 2436
f 2347 2402 2491
f 2491 2635 2580
f 2546 2635 2491
f 2491 2402 2546
f 2779 2635 2690
f 2779 2923 2868
f 2868 2813 2724
f 2724 2779 2868
f 2635 2779 2724
f 2580 2635 2724
f 2724 2813 2669
f 2669 2580 2724
f 3355 3300 3211
f 3211 3300 3156
f 2656 2567 2711
f 2711 2800 2656
f 2711 2567 2622
f 2855 2800 2711
f 2622 2766 2711
f 2711 2766 2855
f 2889 2745 2800
f 2889 3033 2978
f 2944 3033 2889
f 2889 2800 2944
f 2690 2745 2834
f 2834 2779 2690
f 2923 2779 2834
f 2978 2923 2834
f 2834 2889 2978
f 2745 2889 2834
f 3067 2923 2978
f 3067 3211 3156
f 2868 2923 3012
f 3012 3101 2957
f 2957 2868 3012
f 3156 3101 3012
f 3012 3067 3156
f 2923 3067 3012
f 2499 2410 2554
f 2554 2410 2465
f 2465 2609 2554
f 2554 2609 2698
f 2355 2211 2266
f 2499 2444 2355
f 2266 2410 2355
f 2355 2410 2499
f 2300 2355 2444
f 2211 2355 2300
f 2245 2156 2300
f 2300 2156 2211
f 1839 1695 1750
f 1661 1805 1750
f 1750 1894 1839
f 1805 1894 1750
f 2169 2025 2080
f 2080 2224 2169
f 2258 2203 2114
f 2114 2169 2258
f 2025 2169 2114
f 2114 1970 2025
f 2114 2203 2059
f 2059 1970 2114
f 1915 1771 1826
f 1826 1970 1915
f 1737 1881 1826
f 1881 1970 1826
f 1538 1593 1682
f 1682 1593 1737
f 1737 1826 1682
f 1682 1826 1771
f 1860 1771 1915
f 1860 1949 1805
f 1860 1805 1716
f 1716 1771 1860
f 2059 2203 2148
f 1962 2017 2106
f 1928 2072 2017
f 1928 1784 1839
f 1928 1873 1784
f 2017 1873 1928
f 2305 2250 2161
f 2161 2216 2305
f 2072 2216 2161
f 2017 2072 2161
f 2161 2106 2017
f 2250 2106 2161
f 1983 1894 2038
f 1839 1894 1983
f 1983 1928 1839
f 2072 1928 1983
f 737 826 771
f 826 860 771
f 407 318 373
f 551 640 585
f 585 619 530
f 1009 954 920
f 1441 1297 1352
f 1496 1441 1352
f 1263 1119 1174
f 1174 1318 1263
f 1208 1119 1263
f 1263 1352 1208
f 1208 1352 1297
f 1373 1462 1318
f 1517 1462 1373
f 873 839 928
f 894 983 928
f 928 839 894
f 928 983 1072
f 1072 1017 928
f 915 860 826
f 826 881 915
f 750 716 805
f 805 860 894
f 716 771 805
f 805 771 860
f 805 839 750
f 894 839 805
f 1072 1216 1161
f 1161 1017 1072
f 1470 1415 1326
f 326 347 381
f 734 823 768
f 920 954 865
f 865 831 920
f 865 954 899
f 137 192 171
f 205 150 171
f 179 124 145
f 2046 1957 2101
f 2101 2190 2046
f 2046 1902 1957
f 1920 1776 1831
f 1509 1420 1564
f 1509 1598 1454
f 2475 2331 2386
f 2386 2530 2475
f 2475 2530 2619
f 2187 2331 2276
f 2119 2174 2263
f 2030 2174 2119
f 2386 2331 2242
f 2331 2187 2242
f 1200 1289 1145
f 1268 1412 1357
f 1268 1124 1179
f 1467 1522 1611
f 1378 1522 1467
f 1721 1577 1632
f 1632 1543 1687
f 1632 1776 1721
f 1687 1776 1632
f 1255 1399 1344
f 1433 1289 1344
f 1344 1200 1255
f 1289 1200 1344
f 1488 1577 1433
f 1433 1344 1488
f 1488 1344 1399
f 1488 1399 1543
f 1543 1632 1488
f 1488 1632 1577
f 1420 1276 1331
f 1242 1386 1331
f 1331 1187 1242
f 1276 1187 1331
f 1365 1276 1420
f 1365 1509 1454
f 1420 1509 1365
f 1386 1441 1530
f 1530 1441 1585
f 1585 1674 1530
f 1585 1496 1640
f 1496 1551 1640
f 1640 1695 1784
f 1640 1551 1695
f 1818 1873 1962
f 1962 1907 1818
f 1763 1674 1818
f 1818 1907 1763
f 1653 1509 1564
f 1598 1509 1653
f 1564 1708 1653
f 1653 1708 1797
f 1763 1907 1852
f 1852 1708 1763
f 1797 1708 1852
f 1247 1336 1192
f 1247 1302 1391
f 1391 1336 1247
f 1069 925 980
f 1069 1014 925
f 980 1124 1069
f 1904 1815 1959
f 1959 1815 1870
f 1734 1679 1590
f 713 658 624
f 768 802 713
f 747 658 713
f 713 802 747
f 1035 1090 1179
f 1179 1124 1035
f 1035 1124 980
f 1056 1200 1145
f 857 823 912
f 912 823 878
f 878 967 912
f 925 1014 959
f 595 561 650
f 705 650 616
f 616 650 561
f 582 616 527
f 527 616 561
f 781 747 836
f 917 972 1006
f 1006 951 917
f 1663 1807 1752
f 1896 1807 1951
f 1896 1752 1807
f 1553 1697 1642
f 1663 1752 1608
f 1608 1752 1697
f 1697 1553 1608
f 1608 1553 1464
f 1320 1231 1375
f 1375 1464 1320
f 1320 1176 1231
f 1888 1977 1833
f 2265 2320 2409
f 2265 2409 2354
f 1977 1888 2032
f 1299 1354 1443
f 1443 1388 1299
f 1299 1388 1244
f 1532 1388 1443
f 1443 1587 1532
f 1477 1532 1621
f 1388 1532 1477
f 1422 1333 1477
f 1477 1333 1388
f 1223 1079 1134
f 1456 1367 1511
f 1511 1367 1422
f 1833 1689 1744
f 1744 1655 1799
f 1744 1888 1833
f 1799 1888 1744
f 1799 1655 1710
f 846 812 901
f 922 977 1011
f 1189 1100 1244
f 1244 1333 1189
f 1892 1947 2036
f 2180 2125 2036
f 2036 2091 2180
f 2036 1947 2091
f 1659 1604 1515
f 1748 1604 1659
f 1892 1748 1803
f 1803 1947 1892
f 1748 1659 1803
f 1803 1659 1714
f 1858 1947 1803
f 1803 1714 1858
f 1769 1714 1625
f 1625 1680 1769
f 1536 1680 1625
f 1646 1591 1502
f 3730 3586 3641
f 2235 2091 2146
f 2146 2091 2002
f 2235 2146 2290
f 2290 2146 2201
f 3044 3133 2989
f 3099 3188 3044
f 3044 3188 3133
f 850 905 939
f 795 829 740
f 795 761 850
f 363 397 308
f 418 452 363
f 363 452 397
f 465 376 431
f 431 376 342
f 342 397 431
f 672 761 706
f 706 795 740
f 761 795 706
f 774 829 863
f 740 829 774
f 863 897 808
f 808 774 863
f 719 774 808
f 808 897 842
f 698 732 643
f 1036 947 1091
f 981 947 1036
f 727 638 693
f 693 782 727
f 816 782 871
f 871 905 816
f 2180 2324 2269
f 2269 2324 2413
f 2269 2125 2180
f 2269 2214 2125
f 2159 2303 2248
f 2159 2214 2303
f 1892 2036 1981
f 1981 2036 2125
f 1782 1926 1871
f 1871 1727 1782
f 1638 1727 1583
f 1583 1494 1638
f 1638 1494 1549
f 1782 1727 1638
f 1816 1960 1905
f 1905 1761 1816
f 1816 1871 1960
f 1727 1871 1816
f 1816 1761 1672
f 1672 1727 1816
f 1295 1240 1151
f 1350 1439 1295
f 1282 1193 1337
f 1337 1426 1282
f 1138 1193 1282
f 1282 1227 1138
f 1405 1494 1350
f 1350 1261 1405
f 1405 1261 1316
f 1316 1460 1405
f 1405 1460 1549
f 1549 1494 1405
f 1866 2010 1955
f 1722 1667 1578
f 1777 1866 1722
f 1510 1654 1599
f 1599 1654 1743
f 2058 2113 2202
f 1681 1825 1770
f 2016 1961 1872
f 1728 1872 1817
f 1817 1872 1961
f 1893 1804 1948
f 2587 2731 2676
f 2676 2532 2587
f 2642 2731 2587
f 2786 2731 2642
f 2553 2697 2642
f 2642 2697 2786
f 2710 2799 2655
f 2655 2511 2566
f 2566 2710 2655
f 1613 1524 1668
f 1490 1634 1579
f 1668 1524 1579
f 1668 1579 1723
f 1723 1579 1634
f 1545 1634 1490
f 1689 1634 1545
f 1202 1346 1291
f 1380 1236 1291
f 1435 1346 1490
f 1490 1579 1435
f 1435 1579 1524
f 1435 1524 1380
f 1380 1291 1435
f 1435 1291 1346
f 1558 1414 1469
f 1380 1524 1469
f 1469 1613 1558
f 1524 1613 1469
f 1325 1236 1380
f 1380 1469 1325
f 1325 1469 1414
f 2045 1901 1956
f 2045 2189 2134
f 2045 2134 1990
f 1990 1901 2045
f 1558 1613 1702
f 2367 2223 2278
f 2066 1922 1977
f 2066 2011 1922
f 2155 2011 2066
f 2244 2155 2299
f 848 814 903
f 814 869 903
f 285 264 230
f 230 209 175
f 264 209 230
f 285 230 251
f 442 408 497
f 442 476 387
f 594 560 649
f 649 683 594
f 526 560 471
f 471 437 526
f 526 437 492
f 738 793 827
f 738 683 649
f 518 429 484
f 463 429 518
f 497 408 463
f 374 463 408
f 429 463 374
f 725 691 780
f 780 814 725
f 725 814 759
f 759 670 725
f 704 670 759
f 759 793 704
f 704 738 649
f 793 738 704
f 335 369 314
f 348 293 314
f 293 259 314
f 385 440 474
f 440 529 474
f 474 529 563
f 563 597 508
f 508 474 563
f 1788 1877 1733
f 1733 1644 1788
f 1843 1932 1788
f 1788 1932 1877
f 2186 2042 2097
f 2097 2241 2186
f 1987 1898 2042
f 1843 1898 1987
f 1987 1932 1843
f 2076 1932 1987
f 1754 1898 1843
f 2042 1898 1953
f 1953 2097 2042
f 2008 2097 1953
f 1775 1686 1830
f 1631 1775 1720
f 1686 1775 1631
f 1796 1707 1851
f 1736 1592 1647
f 1558 1702 1647
f 1503 1414 1558
f 1558 1647 1503
f 1503 1647 1592
f 1359 1414 1503
f 1084 1173 1029
f 974 940 1029
f 1029 940 1084
f 1537 1393 1448
f 1359 1503 1448
f 1448 1592 1537
f 1448 1503 1592
f 1427 1338 1482
f 1338 1393 1482
f 1482 1571 1427
f 1482 1393 1537
f 775 864 809
f 1152 1296 1241
f 1207 1296 1152
f 503 592 537
f 537 626 571
f 592 626 537
f 359 393 338
f 482 537 571
f 584 529 495
f 495 550 584
f 673 618 584
f 584 618 529
f 647 702 736
f 647 736 681
f 681 592 647
f 647 613 702
f 736 702 791
f 846 880 791
f 935 880 846
f 846 901 935
f 935 901 990
f 935 990 1079
f 728 762 673
f 817 762 728
f 660 694 605
f 605 571 660
f 571 626 660
f 1270 1414 1359
f 1270 1325 1414
f 851 817 906
f 906 940 851
f 906 995 940
f 33 20 41
f 41 54 33
f 33 54 46
f 46 25 33
f 12 20 33
f 33 25 12
f 46 54 67
f 242 276 221
f 250 229 195
f 284 229 250
f 250 305 284
f 318 263 284
f 284 263 229
f 258 203 224
f 313 292 258
f 224 279 258
f 258 279 313
f 208 263 242
f 229 263 208
f 119 153 132
f 30 51 43
f 30 17 38
f 38 51 30
f 140 119 106
f 106 119 85
f 64 77 43
f 43 51 64
f 64 51 85
f 69 82 48
f 145 124 111
f 35 69 48
f 48 27 35
f 35 27 14
f 12 17 4
f 4 7 12
f 1 2 4
f 2 7 4
f 95 82 116
f 137 171 116
f 116 171 150
f 3 2 1
f 11 16 3
f 1 6 3
f 6 11 3
f 40 74 53
f 40 27 48
f 19 27 40
f 40 32 19
f 53 32 40
f 37 71 50
f 37 50 29
f 29 16 37
f 37 16 24
f 53 87 66
f 336 391 425
f 425 370 336
f 349 404 438
f 514 569 603
f 514 480 569
f 514 459 425
f 425 480 514
f 603 637 548
f 548 637 582
f 548 514 603
f 459 514 548
f 375 409 320
f 456 490 401
f 545 490 456
f 506 561 595
f 294 273 239
f 239 260 294
f 205 260 239
f 239 273 218
f 341 375 320
f 226 260 205
f 205 171 226
f 226 171 192
f 281 260 226
f 226 247 281
f 192 247 226
f 184 150 205
f 184 239 218
f 205 239 184
f 1032 977 943
f 909 998 943
f 1231 1176 1087
f 1087 1176 1032
f 1032 943 1087
f 1087 943 998
f 854 820 909
f 909 943 854
f 786 820 731
f 1053 998 964
f 964 1108 1053
f 1053 1108 1197
f 1095 1150 1239
f 1006 1150 1095
f 1095 951 1006
f 1095 1040 951
f 930 1019 964
f 1074 1019 930
f 744 710 799
f 2225 2170 2081
f 2081 2170 2026
f 2026 1882 1937
f 1937 2081 2026
f 2115 2170 2259
f 2026 2170 2115
f 2094 2183 2039
f 2238 2183 2094
f 2149 2293 2238
f 2238 2094 2149
f 2238 2293 2382
f 2293 2437 2382
f 2992 2848 2903
f 2903 3047 2992
f 2958 3047 2903
f 2937 2848 2992
f 2793 2848 2937
f 2937 2882 2793
f 3026 2882 2937
f 2636 2492 2547
f 2547 2492 2403
f 2259 2314 2403
f 1921 1832 1976
f 1777 1832 1921
f 1921 1866 1777
f 2010 1866 1921
f 848 903 937
f 937 903 992
f 1073 984 1128
f 1128 1217 1073
f 1175 1319 1264
f 1353 1209 1264
f 1264 1120 1175
f 1209 1120 1264
f 1353 1264 1408
f 1408 1264 1319
f 1675 1586 1730
f 1675 1819 1764
f 1730 1819 1675
f 1764 1620 1675
f 1531 1586 1675
f 1675 1620 1531
f 921 887 976
f 1442 1531 1387
f 1387 1298 1442
f 1298 1387 1243
f 976 1120 1065
f 1065 1120 1209
f 963 1107 1052
f 1018 963 929
f 895 984 929
f 1073 1018 929
f 929 984 1073
f 1251 1107 1162
f 1073 1217 1162
f 1162 1018 1073
f 1162 1107 1018
f 4749 4694 4605
f 4516 4605 4461
f 4571 4516 4427
f 4770 4681 4825
f 4825 4914 4770
f 5275 5364 5220
f 5063 5118 5207
f 6173 6029 6084
f 6029 5940 6084
f 5927 5783 5838
f 5927 6071 6016
f 5838 5783 5694
f 5694 5749 5838
f 5605 5749 5694
f 4178 4233 4322
f 4089 4233 4178
f 4644 4788 4733
f 4555 4610 4699
f 4699 4644 4555
f 4788 4644 4699
f 4843 4788 4699
f 4932 4788 4843
f 5042 4898 4953
f 4953 5097 5042
f 4953 4864 5008
f 5008 5097 4953
f 4754 4898 4843
f 4843 4699 4754
f 4754 4699 4610
f 5063 5207 5152
f 5008 5063 5152
f 5152 5097 5008
f 4686 4542 4597
f 4775 4919 4864
f 4974 4919 4830
f 4830 4775 4686
f 4919 4775 4830
f 4377 4432 4521
f 4521 4466 4377
f 4322 4233 4377
f 4377 4466 4322
f 4720 4775 4864
f 3555 3699 3644
f 3411 3466 3555
f 3466 3521 3610
f 3610 3555 3466
f 3699 3555 3610
f 3610 3521 3665
f 3644 3699 3788
f 3911 3966 4055
f 4055 4199 4144
f 4000 3856 3911
f 4144 4089 4000
f 4000 4089 3945
f 3945 3856 4000
f 4000 4055 4144
f 3911 4055 4000
f 2652 2707 2796
f 2563 2707 2652
f 2558 2702 2647
f 2914 2770 2825
f 2050 2194 2139
f 2139 1995 2050
f 2770 2859 2715
f 4354 4265 4409
f 3346 3202 3257
f 3257 3202 3113
f 3003 2859 2914
f 4100 4045 3956
f 4278 4223 4134
f 4087 4032 3943
f 4032 3888 3943
f 3689 3634 3545
f 3354 3210 3265
f 3265 3409 3354
f 3265 3176 3320
f 3320 3409 3265
f 4286 4142 4197
f 4197 4341 4286
f 4286 4341 4430
f 3909 3964 4053
f 4197 4142 4053
f 4053 4108 4197
f 4053 3964 4108
f 4723 4634 4778
f 4901 4846 4757
f 5744 5799 5888
f 5888 5833 5744
f 5655 5799 5744
f 5744 5600 5655
f 5655 5600 5511
f 5498 5553 5642
f 5676 5621 5532
f 5765 5621 5676
f 4998 4909 5053
f 4998 4854 4909
f 5286 5197 5341
f 5053 4964 5108
f 5108 5197 5053
f 5108 4964 5019
f 5019 5163 5108
f 4744 4600 4655
f 4710 4655 4566
f 3139 3050 3194
f 3050 3139 2995
f 3071 3126 3215
f 3537 3626 3482
f 3482 3393 3537
f 3537 3393 3448
f 3448 3592 3537
f 3071 3215 3160
f 3338 3393 3482
f 3550 3406 3461
f 4037 4181 4126
f 3953 4042 3898
f 3898 3809 3953
f 4131 4042 4186
f 4186 4275 4131
f 3830 3686 3741
f 3830 3741 3885
f 3775 3686 3830
f 3953 4008 4097
f 4186 4042 4097
f 4097 4042 3953
f 4097 4008 4152
f 1458 1602 1547
f 3110 3055 2966
f 3199 3055 3110
f 2966 2911 2822
f 2678 2733 2822
f 2767 2678 2822
f 2822 2911 2767
f 2966 2822 2877
f 2877 2822 2733
f 2233 2322 2178
f 2547 2403 2458
f 2458 2403 2314
f 2644 2500 2555
f 2555 2699 2644
f 2678 2534 2589
f 2589 2733 2678
f 2644 2733 2589
f 2589 2500 2644
f 3432 3377 3288
f 3288 3343 3432
f 3199 3343 3288
f 3144 3199 3288
f 3288 3233 3144
f 3377 3233 3288
f 1157 1301 1246
f 1212 1123 1267
f 1267 1356 1212
f 1212 1356 1301
f 1301 1157 1212
f 1534 1479 1390
f 1479 1335 1390
f 1246 1301 1390
f 1390 1335 1246
f 1288 1233 1144
f 1144 1233 1089
f 1089 1000 1144
f 992 1136 1081
f 1081 937 992
f 1225 1136 1280
f 1280 1369 1225
f 1225 1369 1314
f 1225 1314 1170
f 1170 1081 1225
f 1225 1081 1136
f 1280 1136 1191
f 1246 1335 1191
f 1191 1335 1280
f 1191 1136 1047
f 1280 1335 1424
f 1424 1369 1280
f 1424 1335 1479
f 2809 2898 2754
f 2809 2953 2898
f 2809 2720 2864
f 2864 2953 2809
f 2453 2398 2309
f 2343 2487 2432
f 2398 2487 2343
f 4764 4908 4853
f 4620 4675 4764
f 4853 4908 4997
f 5052 5141 4997
f 4997 4908 5052
f 4819 4675 4730
f 4730 4874 4819
f 4819 4764 4675
f 4908 4764 4819
f 3955 4099 4044
f 3955 4044 3900
f 3866 4010 3955
f 4010 4099 3955
f 3900 3756 3811
f 3811 3955 3900
f 3811 3722 3866
f 3866 3955 3811
f 4112 4256 4201
f 4201 4057 4112
f 4400 4256 4311
f 4311 4455 4400
f 4400 4455 4544
f 4023 4078 4167
f 4167 4112 4023
f 4256 4112 4167
f 4311 4256 4167
f 4167 4222 4311
f 4167 4078 4222
f 4146 4235 4091
f 4146 4290 4235
f 4201 4290 4146
f 4146 4057 4201
f 4510 4565 4654
f 4654 4798 4743
f 4853 4798 4709
f 4709 4764 4853
f 4620 4764 4709
f 4709 4565 4620
f 4709 4654 4565
f 4798 4654 4709
f 4879 4735 4790
f 4790 4934 4879
f 4824 4968 4913
f 4913 4769 4824
f 4735 4879 4824
f 4824 4879 4968
f 4963 5107 5052
f 4963 4819 4874
f 4963 4874 5018
f 5018 5107 4963
f 5052 4908 4963
f 4908 4819 4963
f 5353 5298 5209
f 5209 5264 5353
f 5120 5264 5209
f 5209 5298 5154
f 5387 5298 5442
f 5442 5298 5353
f 4319 4230 4374
f 4264 4209 4120
f 4264 4353 4209
f 4120 4175 4264
f 4264 4175 4319
f 3633 3688 3777
f 3866 3722 3777
f 3777 3722 3633
f 3777 3921 3866
f 3832 3921 3777
f 3777 3688 3832
f 3201 3256 3345
f 3345 3400 3489
f 3256 3400 3345
f 2913 2769 2824
f 2646 2591 2502
f 2646 2735 2591
f 2502 2557 2646
f 2646 2790 2735
f 2646 2557 2701
f 2701 2790 2646
f 3536 3392 3447
f 3447 3392 3303
f 3646 3502 3557
f 3557 3701 3646
f 3612 3756 3701
f 3701 3557 3612
f 3612 3557 3468
f 4306 4361 4450
f 4052 3908 3963
f 4052 4107 4196
f 3963 4107 4052
f 3997 3908 4052
f 4086 4031 3942
f 3853 3997 3942
f 3942 3997 4086
f 3942 3798 3853
f 3887 3798 3942
f 3942 4031 3887
f 3654 3510 3565
f 2994 3083 2939
f 2939 3083 3028
f 2850 2905 2994
f 2994 2939 2850
f 2206 2151 2062
f 1918 1973 2062
f 1918 2062 2007
f 2007 2062 2151
f 2528 2384 2439
f 2528 2672 2617
f 2439 2583 2528
f 2583 2672 2528
f 2473 2617 2562
f 2473 2528 2617
f 2384 2528 2473
f 2219 2274 2363
f 2363 2308 2219
f 2452 2308 2363
f 2507 2452 2363
f 2418 2562 2507
f 2507 2363 2418
f 2418 2363 2274
f 2418 2473 2562
f 2041 2130 1986
f 2185 2130 2041
f 2740 2829 2685
f 2685 2596 2740
f 2164 2308 2253
f 2020 2075 2164
f 2164 2075 2219
f 2219 2308 2164
f 2164 2109 2020
f 2253 2109 2164
f 2253 2308 2397
f 2486 2342 2397
f 2397 2342 2253
f 2397 2541 2486
f 2397 2308 2452
f 2452 2541 2397
f 2371 2515 2460
f 2282 2337 2426
f 2426 2371 2282
f 2515 2371 2426
f 2570 2515 2426
f 2248 2337 2193
f 2193 2337 2282
f 2570 2426 2481
f 2481 2426 2337
f 2892 3036 2981
f 3070 2926 2981
f 3180 3269 3125
f 3125 3036 3180
f 3269 3214 3125
f 3125 2981 3036
f 3125 3214 3070
f 3070 2981 3125
f 2816 2905 2761
f 2761 2672 2816
f 2905 2850 2761
f 2617 2672 2761
f 2761 2706 2617
f 2761 2850 2706
f 2926 2782 2837
f 2837 2981 2926
f 2892 2981 2837
f 2350 2405 2494
f 2494 2583 2439
f 2439 2350 2494
f 2638 2583 2494
f 2494 2549 2638
f 2494 2405 2549
f 3337 3392 3481
f 3481 3426 3337
f 3570 3426 3481
f 3481 3392 3536
f 3604 3748 3693
f 3604 3460 3515
f 3693 3549 3604
f 3604 3549 3460
f 3693 3748 3837
f 3837 3782 3693
f 3591 3735 3680
f 3591 3447 3502
f 3591 3502 3646
f 3646 3735 3591
f 3591 3680 3536
f 3536 3447 3591
f 3879 3735 3790
f 3934 4023 3879
f 3879 3790 3934
f 3824 3735 3879
f 3769 3680 3824
f 2808 2719 2863
f 2664 2719 2808
f 2486 2630 2575
f 2630 2719 2575
f 2575 2719 2664
f 2575 2431 2486
f 2664 2520 2575
f 2520 2431 2575
f 2931 2842 2986
f 2787 2842 2931
f 3185 3240 3329
f 3185 3096 3240
f 2994 2905 3049
f 3049 3138 2994
f 2905 2960 3049
f 3193 3138 3049
f 3015 2960 2871
f 3015 2871 2926
f 3015 2926 3070
f 3227 3138 3282
f 3282 3371 3227
f 3282 3138 3193
f 3426 3371 3282
f 3282 3193 3337
f 3337 3426 3282
f 3460 3549 3405
f 3405 3549 3494
f 3494 3350 3405
f 3405 3350 3261
f 3782 3727 3638
f 3693 3782 3638
f 3638 3549 3693
f 3494 3549 3638
f 3871 3727 3782
f 3617 3672 3761
f 3528 3672 3617
f 3816 3672 3727
f 3727 3871 3816
f 3761 3672 3816
f 3816 3905 3761
f 3905 4049 3994
f 3583 3672 3528
f 3528 3439 3583
f 3583 3439 3494
f 3727 3672 3583
f 3494 3638 3583
f 3583 3638 3727
f 3062 3206 3151
f 3151 3007 3062
f 3151 3096 3007
f 3240 3096 3151
f 3486 3342 3397
f 4185 4274 4130
f 4130 4274 4219
f 4130 4219 4075
f 4075 3986 4130
f 3431 3287 3342
f 3342 3486 3431
f 3376 3287 3431
f 3342 3287 3198
f 3198 3287 3143
f 3143 3054 3198
f 4117 4062 3973
f 3973 4028 4117
f 4528 4439 4583
f 4151 4062 4206
f 4206 4062 4117
f 4083 4028 3939
f 3939 3994 4083
f 5672 5617 5528
f 4782 4926 4871
f 4782 4693 4837
f 4837 4926 4782
f 5481 5392 5536
f 4583 4638 4727
f 4727 4871 4816
f 4727 4638 4782
f 4782 4871 4727
f 5098 4954 5009
f 5187 5043 5098
f 5043 4954 5098
f 5496 5585 5441
f 5441 5585 5530
f 5640 5585 5496
f 5907 5763 5818
f 5839 5750 5894
f 5894 5750 5805
f 5530 5585 5674
f 5674 5619 5530
f 5763 5619 5674
f 5818 5763 5674
f 5530 5619 5475
f 5475 5619 5564
f 5564 5420 5475
f 5475 5420 5331
f 4158 4103 4014
f 4014 3870 3925
f 3959 3904 3815
f 3815 3870 3959
f 3870 4014 3959
f 3959 4014 4103
f 4171 4226 4315
f 4658 4603 4514
f 3561 3616 3705
f 3794 3650 3705
f 3705 3650 3561
f 3705 3849 3794
f 3760 3849 3705
f 3705 3616 3760
f 2540 2684 2629
f 2896 3040 2985
f 3328 3472 3417
f 2951 3095 3040
f 3040 2896 2951
f 3006 3095 2951
f 4247 4302 4391
f 4336 4247 4391
f 4391 4480 4336
f 4535 4480 4391
f 4446 4302 4357
f 4357 4501 4446
f 4535 4391 4446
f 4446 4391 4302
f 2972 2917 2828
f 4255 4310 4399
f 4399 4344 4255
f 4200 4111 4255
f 4255 4344 4200
f 3658 3603 3514
f 3514 3569 3658
f 3425 3569 3514
f 3459 3603 3548
f 3459 3404 3315
f 3548 3404 3459
f 3459 3514 3603
f 3349 3404 3493
f 3349 3294 3205
f 3501 3412 3556
f 3844 3700 3755
f 3988 3933 3844
f 4090 4234 4179
f 3946 4001 4090
f 4145 4234 4090
f 4090 4001 4145
f 4090 4035 3946
f 4179 4035 4090
f 3624 3768 3713
f 3624 3480 3535
f 3535 3679 3624
f 3679 3768 3624
f 3713 3569 3624
f 3569 3480 3624
f 5632 5687 5776
f 5454 5509 5598
f 5420 5365 5276
f 5187 5331 5276
f 5331 5420 5276
f 5276 5132 5187
f 5221 5132 5276
f 5276 5365 5221
f 5543 5399 5454
f 5543 5687 5632
f 5454 5598 5543
f 5543 5598 5687
f 5454 5399 5310
f 5310 5365 5454
f 5221 5365 5310
f 4933 5022 4878
f 5077 5022 4933
f 5056 5200 5145
f 6069 5980 6124
f 4844 4899 4988
f 5077 4933 4988
f 4988 4933 4844
f 4988 5132 5077
f 5043 5132 4988
f 4988 4899 5043
f 5009 4954 4865
f 4865 4920 5009
f 4776 4920 4865
f 4721 4776 4865
f 4865 4810 4721
f 4865 4954 4810
f 4357 4302 4213
f 4213 4302 4158
f 4268 4412 4357
f 4268 4124 4179
f 4357 4213 4268
f 4268 4213 4124
f 4179 4234 4323
f 4323 4268 4179
f 4412 4268 4323
f 4467 4412 4323
f 4323 4234 4378
f 4378 4467 4323
f 4569 4713 4658
f 4425 4480 4569
f 4658 4514 4569
f 4569 4514 4425
f 4857 4946 4802
f 4802 4713 4857
f 4658 4713 4802
f 4624 4480 4535
f 4624 4569 4480
f 4713 4569 4624
f 1192 1336 1281
f 1870 1815 1726
f 2213 2302 2158
f 2268 2124 2179
f 2213 2124 2268
f 3001 2946 2857
f 2624 2713 2569
f 2993 3082 2938
f 2438 2582 2527
f 2595 2684 2540
f 5517 5373 5428
f 5606 5462 5517
f 5517 5462 5373
f 4818 4763 4674
f 4674 4729 4818
f 4674 4763 4619
f 5064 4920 4975
f 5009 4920 5064
f 4365 4509 4454
f 4454 4310 4365
f 4543 4399 4454
f 4399 4310 4454
f 4695 4839 4784
f 4462 4551 4407
f 4771 4627 4682
f 4771 4915 4860
f 4682 4826 4771
f 4771 4826 4915
f 4305 4449 4394
f 3263 3119 3174
f 3263 3407 3352
f 4784 4729 4640
f 4640 4695 4784
f 4551 4695 4640
f 6963 6819 6874
f 6421 6366 6277
f 6832 6777 6688
f 6743 6654 6798
f 6832 6688 6743
f 6599 6654 6743
f 6743 6688 6599
f 7557 7468 7523
f 7557 7502 7468
f 7604 7570 7659
f 7604 7638 7549
f 7680 7659 7625
f 7659 7570 7625
f 7625 7570 7536
f 6845 6701 6756
f 6756 6900 6845
f 6646 6701 6790
f 6557 6701 6646
f 6646 6502 6557
f 6591 6502 6646
f 7188 7243 7277
f 7222 7188 7277
f 7133 7188 7222
f 6434 6489 6578
f 6523 6434 6578
f 6295 6439 6384
f 6371 6227 6282
f 6282 6227 6138
f 6282 6426 6371
f 6206 6295 6151
f 6070 5981 6125
f 5926 5981 6070
f 6316 6460 6405
f 6392 6536 6481
f 6481 6536 6625
f 6625 6570 6481
f 6625 6536 6680
f 6358 6502 6447
f 6536 6392 6447
f 6591 6536 6447
f 6447 6502 6591
f 6413 6468 6557
f 6557 6502 6413
f 6324 6468 6413
f 6413 6502 6358
f 6413 6269 6324
f 6358 6269 6413
f 6180 6091 6235
f 6180 6235 6324
f 6324 6269 6180
f 6036 6091 6180
f 6125 6036 6180
f 6180 6269 6125
f 6277 6133 6188
f 5002 4858 4913
f 5002 5091 4947
f 4947 4858 5002
f 5214 5269 5358
f 5447 5358 5502
f 5879 5735 5790
f 6290 6235 6146
f 6002 6057 6146
f 6146 6091 6002
f 6235 6091 6146
f 5913 6057 6002
f 5913 5769 5824
f 6112 6057 5968
f 5879 6023 5968
f 5968 6023 6112
f 5968 5824 5879
f 5968 5913 5824
f 6057 5913 5968
f 6078 6133 6222
f 5989 6133 6078
f 5858 5947 5803
f 6002 5947 5858
f 5858 5913 6002
f 5769 5913 5858
f 5680 5735 5824
f 5824 5769 5680
f 5714 5659 5570
f 5803 5659 5714
f 5714 5858 5803
f 5769 5858 5714
f 5316 5172 5227
f 5227 5371 5316
f 5371 5460 5316
f 5604 5693 5549
f 5549 5460 5604
f 5748 5693 5604
f 5604 5659 5748
f 6193 6282 6138
f 5816 5761 5672
f 5672 5727 5816
f 5727 5782 5871
f 5871 5816 5727
f 5960 5816 5871
f 5871 5782 5926
f 5274 5329 5418
f 5418 5363 5274
f 7631 7686 7665
f 7665 7576 7631
f 7644 7589 7555
f 7644 7665 7699
f 6512 6656 6601
f 6601 6656 6745
f 6745 6690 6601
f 5478 5567 5423
f 5478 5389 5533
f 5533 5389 5444
f 5444 5389 5300
f 4313 4368 4457
f 4313 4224 4368
f 4093 4182 4038
f 4148 4059 4203
f 5067 4923 4978
f 5067 5211 5156
f 4868 4923 5012
f 5012 4957 4868
f 5101 4957 5012
f 5156 5101 5012
f 5012 5067 5156
f 4923 5067 5012
f 4525 4669 4614
f 4614 4470 4525
f 4614 4669 4758
f 4148 4203 4292
f 4292 4347 4436
f 4292 4203 4347
f 5004 4949 4860
f 4860 4915 5004
f 5004 5059 5148
f 4915 5059 5004
f 6478 6622 6567
f 5965 6020 6109
f 6109 6054 5965
f 6020 6164 6109
f 5821 5876 5965
f 5732 5876 5821
f 5821 5677 5732
f 5766 5677 5821
f 5999 6054 6143
f 6088 5999 6143
f 6143 6232 6088
f 7028 7117 7062
f 7028 6884 6939
f 7460 7371 7426
f 7515 7481 7570
f 7549 7460 7515
f 7460 7426 7515
f 7515 7426 7481
f 7515 7604 7549
f 7570 7604 7515
f 7481 7426 7392
f 6596 6507 6651
f 6596 6651 6740
f 6740 6685 6596
f 7109 7143 7054
f 6910 6965 7054
f 7143 7177 7088
f 7088 7177 7122
f 7088 7054 7143
f 6923 7067 7012
f 6779 6834 6923
f 6677 6766 6622
f 6588 6732 6677
f 6732 6821 6677
f 6821 6766 6677
f 6486 6575 6431
f 6486 6342 6397
f 6431 6342 6486
f 6630 6575 6486
f 7384 7295 7350
f 7583 7638 7672
f 7549 7638 7583
f 7693 7714 7748
f 7659 7714 7693
f 7672 7638 7693
f 7693 7604 7659
f 7638 7604 7693
f 6787 6698 6842
f 6842 6931 6787
f 6986 6931 6842
f 7020 6965 6876
f 6876 6931 7020
f 7109 7054 7020
f 7020 7054 6965
f 7185 7096 7151
f 7151 7096 7062
f 7151 7117 7206
f 7062 7117 7151
f 6774 6863 6719
f 6719 6630 6774
f 6664 6575 6719
f 6719 6575 6630
f 7007 6863 6918
f 7007 6918 7062
f 7062 7096 7007
f 7418 7384 7473
f 7549 7583 7494
f 7494 7583 7528
f 7494 7460 7549
f 7494 7405 7460
f 3513 3657 3602
f 3513 3369 3424
f 3568 3513 3424
f 3657 3513 3568
f 3945 3890 3801
f 3801 3856 3945
f 3445 3390 3301
f 3301 3356 3445
f 3081 3225 3170
f 3081 2937 2992
f 3170 3026 3081
f 3026 2937 3081
f 3602 3691 3547
f 3225 3369 3314
f 3170 3225 3314
f 3314 3259 3170
f 3314 3403 3259
f 3089 3034 2945
f 2945 3000 3089
f 2856 3000 2945
f 2801 2856 2945
f 2945 2890 2801
f 3034 2890 2945
f 3178 3034 3089
f 3089 3233 3178
f 3178 3233 3322
f 3123 3034 3178
f 3500 3356 3411
f 3644 3589 3500
f 3589 3445 3500
f 3500 3445 3356
f 3411 3555 3500
f 3500 3555 3644
f 2128 1984 2039
f 2039 2183 2128
f 2073 2217 2162
f 2073 1929 1984
f 1984 2128 2073
f 2073 2128 2217
f 2162 2018 2073
f 2073 2018 1929
f 1751 1696 1607
f 1607 1662 1751
f 1806 1895 1751
f 1751 1662 1806
f 1429 1518 1374
f 1374 1285 1429
f 1429 1285 1340
f 1429 1340 1484
f 1484 1573 1429
f 1573 1518 1429
f 1628 1573 1484
f 1628 1717 1573
f 3628 3717 3573
f 3539 3683 3628
f 2175 2264 2120
f 2497 2353 2408
f 2408 2353 2264
f 2908 2764 2819
f 2819 2963 2908
f 2908 2963 3052
f 2819 2764 2675
f 2675 2764 2620
f 3107 2963 3018
f 3018 2929 3073
f 2586 2641 2730
f 2819 2675 2730
f 2730 2675 2586
f 3327 3471 3416
f 3416 3272 3327
f 3382 3471 3327
f 3526 3471 3382
f 3704 3759 3848
f 3848 3793 3704
f 3704 3793 3649
f 3128 3272 3217
f 3128 2984 3039
f 3128 3217 3073
f 3073 2984 3128
f 3217 3272 3361
f 3361 3306 3217
f 3450 3306 3361
f 3272 3416 3361
f 2717 2662 2573
f 2916 2861 2772
f 2861 2717 2772
f 2505 2560 2649
f 2971 3060 2916
f 3115 3060 2971
f 2971 3026 3115
f 2971 2882 3026
f 5801 5746 5657
f 5746 5602 5657
f 5479 5568 5424
f 5458 5602 5547
f 5547 5602 5691
f 6178 6034 6089
f 6089 6233 6178
f 6000 6144 6089
f 6144 6233 6089
f 6322 6233 6377
f 6377 6233 6288
f 6199 6288 6144
f 6199 6254 6343
f 6343 6288 6199
f 4348 4492 4437
f 4437 4293 4348
f 4348 4293 4204
f 4526 4670 4615
f 4526 4615 4471
f 4979 5123 5068
f 5068 5123 5212
f 5267 5411 5356
f 5267 5123 5178
f 5356 5212 5267
f 5212 5123 5267
f 5699 5788 5644
f 5644 5788 5733
f 5301 5445 5390
f 5390 5246 5301
f 6055 6144 6000
f 6055 6199 6144
f 6021 5966 5877
f 5733 5788 5877
f 5699 5754 5843
f 5843 5788 5699
f 5801 5657 5712
f 5712 5657 5568
f 5801 5712 5856
f 5856 5712 5767
f 5479 5390 5534
f 5534 5390 5445
f 5911 6055 6000
f 5966 6055 5911
f 6000 5856 5911
f 5911 5856 5767
f 5898 5843 5754
f 5987 5843 5898
f 6364 6508 6453
f 6563 6508 6419
f 6508 6364 6419
f 6419 6364 6275
f 6440 6351 6495
f 6673 6728 6817
f 6872 6728 6783
f 6817 6728 6872
f 7160 7249 7194
f 7105 7160 7194
f 6631 6542 6686
f 6686 6775 6631
f 7165 7220 7254
f 6712 6568 6623
f 6623 6767 6712
f 6699 6843 6788
f 6877 6788 6932
f 6932 6788 6843
f 6576 6487 6631
f 6343 6487 6432
f 6521 6377 6432
f 6432 6576 6521
f 6487 6576 6432
f 6432 6288 6343
f 6432 6377 6288
f 6882 6793 6937
f 6937 6793 6848
f 6238 6327 6183
f 6238 6094 6149
f 6183 6094 6238
f 5670 5615 5526
f 5615 5670 5759
f 7110 7076 7165
f 6903 6958 7047
f 6945 7000 7034
f 7191 7102 7157
f 6924 6979 7068
f 7068 7157 7102
f 7123 7157 7068
f 7068 7034 7123
f 6979 7034 7068
f 6835 6979 6924
f 6924 6780 6835
f 6835 6780 6691
f 6691 6636 6547
f 6547 6602 6691
f 6547 6458 6602
f 6403 6458 6547
f 6657 6568 6712
f 6712 6801 6657
f 6602 6458 6513
f 6568 6657 6513
f 6513 6657 6602
f 6212 6267 6356
f 6356 6301 6212
f 6123 6267 6212
f 6212 6068 6123
f 5196 5107 5251
f 5052 5107 5196
f 5196 5141 5052
f 5196 5285 5141
f 5463 5374 5518
f 5497 5442 5353
f 5586 5442 5497
f 5332 5243 5387
f 5387 5476 5332
f 5518 5374 5429
f 5374 5285 5429
f 5683 5772 5628
f 5518 5662 5607
f 5607 5463 5518
f 5552 5463 5607
f 5573 5484 5628
f 5573 5429 5484
f 5573 5662 5518
f 5518 5429 5573
f 4251 4162 4306
f 4196 4107 4251
f 4107 4162 4251
f 4738 4882 4827
f 5560 5471 5615
f 4636 4492 4547
f 4547 4691 4636
f 3890 3835 3746
f 3746 3801 3890
f 3657 3801 3746
f 3602 3657 3746
f 3746 3691 3602
f 3746 3835 3691
f 4767 4623 4678
f 4678 4623 4534
f 4102 4157 4246
f 4191 4047 4102
f 4102 4246 4191
f 4191 4246 4335
f 4882 4738 4793
f 3649 3793 3738
f 4026 4115 3971
f 4170 4115 4026
f 4026 4081 4170
f 4005 3950 3861
f 4005 4094 3950
f 3772 3628 3683
f 3861 3717 3772
f 3717 3628 3772
f 4149 4293 4238
f 4149 4005 4060
f 4149 4060 4204
f 4204 4293 4149
f 4149 4238 4094
f 4094 4005 4149
f 3581 3670 3526
f 3848 3903 3992
f 3992 3903 4047
f 4845 4934 4790
f 4235 4290 4379
f 4324 4235 4379
f 4434 4379 4290
f 4591 4646 4735
f 4557 4646 4502
f 4502 4413 4557
f 4646 4591 4502
f 4358 4413 4502
f 4180 4235 4324
f 4091 4235 4180
f 4358 4303 4214
f 4070 4125 4214
f 6848 6793 6704
f 6649 6560 6704
f 6704 6793 6649
f 6636 6780 6725
f 6670 6581 6725
f 6725 6581 6636
f 6437 6581 6526
f 6526 6581 6670
f 6827 6738 6882
f 6882 6971 6827
f 6827 6971 6916
f 6539 6484 6395
f 6628 6484 6539
f 6408 6497 6353
f 6696 6785 6641
f 6641 6552 6696
f 6696 6840 6785
f 6463 6552 6408
f 6408 6319 6463
f 6272 6128 6183
f 6183 6327 6272
f 6272 6327 6416
f 6416 6361 6272
f 7652 7597 7563
f 7686 7597 7652
f 7809 7754 7775
f 7542 7453 7508
f 7563 7597 7508
f 7508 7597 7542
f 7330 7385 7419
f 7419 7508 7453
f 7173 7228 7262
f 7228 7317 7262
f 7262 7207 7173
f 7317 7351 7262
f 7799 7820 7854
f 7940 7906 7927
f 7945 7911 7932
f 7882 7869 7903
f 7882 7903 7916
f 7764 7730 7785
f 7916 7929 7895
f 7895 7882 7916
f 7924 7937 7903
f 7924 7911 7945
f 7945 7958 7924
f 7958 7937 7924
f 7950 7929 7916
f 7916 7937 7950
f 7950 7937 7958
f 7995 7987 7982
f 7523 7434 7489
f 7489 7578 7523
f 7667 7688 7722
f 7722 7701 7667
f 7743 7798 7777
f 7764 7798 7743
f 7777 7722 7743
f 7743 7722 7688
f 6063 5974 6118
f 6181 6325 6270
f 6215 6126 6270
f 6270 6126 6181
f 7058 7024 7113
f 5461 5317 5372
f 5838 5893 5982
f 5982 5927 5838
f 6071 5927 5982
f 5982 6126 6071
f 5982 5893 6037
f 6037 6126 5982
f 5715 5859 5804
f 6016 6160 6105
f 5948 5859 6003
f 6003 6092 5948
f 5948 6092 6037
f 5804 5859 5948
f 6037 5893 5948
f 5948 5893 5804
f 6058 6003 5914
f 5914 5969 6058
f 5969 6113 6058
f 6058 6113 6202
f 3940 3796 3851
f 3673 3728 3817
f 5469 5380 5524
f 5380 5435 5524
f 5626 5482 5537
f 5592 5448 5503
f 5503 5647 5592
f 5592 5647 5736
f 5592 5537 5448
f 5359 5448 5304
f 5503 5448 5359
f 5359 5414 5503
f 5270 5414 5359
f 5037 5181 5126
f 5037 4893 4948
f 4948 5092 5037
f 5037 5092 5181
f 5126 4982 5037
f 4982 4893 5037
f 5469 5414 5325
f 5325 5380 5469
f 5325 5414 5270
f 5270 5181 5325
f 5346 5291 5202
f 5202 5257 5346
f 3275 3330 3419
f 3186 3330 3275
f 2987 2898 3042
f 3639 3728 3584
f 3584 3495 3639
f 3584 3728 3673
f 3317 3173 3228
f 3317 3461 3406
f 3317 3406 3262
f 3262 3173 3317
f 3029 3173 3118
f 3118 3173 3262
f 3995 3906 4050
f 3995 3851 3906
f 3995 4084 3940
f 3940 3851 3995
f 4228 4317 4173
f 4173 4084 4228
f 3563 3508 3419
f 3419 3474 3563
f 3474 3618 3563
f 3794 3938 3883
f 3595 3650 3739
f 3739 3684 3595
f 3828 3684 3739
f 3739 3883 3828
f 3739 3650 3794
f 3794 3883 3739
f 3752 3663 3807
f 3608 3663 3752
f 4040 3985 3896
f 3896 3752 3807
f 3896 3985 3841
f 3841 3752 3896
f 4129 3985 4040
f 4129 4273 4218
f 4129 4218 4074
f 4074 3985 4129
f 3951 4095 4040
f 4040 3896 3951
f 3951 3896 3807
f 4506 4650 4595
f 4506 4451 4362
f 4595 4451 4506
f 4561 4650 4506
f 4849 4705 4760
f 4650 4705 4794
f 4794 4883 4739
f 4739 4650 4794
f 4938 4883 4794
f 4794 4849 4938
f 4794 4705 4849
f 4527 4472 4383
f 4383 4239 4294
f 4383 4472 4328
f 4328 4239 4383
f 4616 4705 4561
f 4561 4472 4616
f 4616 4472 4527
f 4616 4760 4705
f 3286 3375 3231
f 3231 3375 3320
f 3320 3176 3231
f 3231 3176 3087
f 2388 2532 2477
f 2388 2244 2299
f 2396 2252 2307
f 3506 3362 3417
f 3506 3650 3595
f 3417 3561 3506
f 3561 3650 3506
f 3417 3362 3273
f 3273 3328 3417
f 3273 3362 3218
f 3451 3506 3595
f 3362 3506 3451
f 6752 6663 6807
f 6608 6663 6752
f 7184 7218 7129
f 7074 7129 7163
f 7163 7129 7218
f 7273 7218 7184
f 7307 7218 7273
f 7930 7909 7896
f 7810 7865 7844
f 7244 7210 7299
f 7799 7744 7765
f 7786 7820 7765
f 7765 7820 7799
f 7752 7807 7786
f 7383 7417 7328
f 7506 7417 7472
f 7417 7383 7472
f 7307 7396 7341
f 7362 7396 7307
f 7307 7273 7362
f 7328 7417 7362
f 7362 7273 7328
f 7684 7739 7718
f 6459 6404 6315
f 6315 6370 6459
f 6459 6514 6603
f 6370 6514 6459
f 6857 6768 6912
f 6713 6768 6857
f 6726 6637 6781
f 6781 6870 6726
f 6912 6823 6967
f 7158 7069 7124
f 7103 7069 7158
f 7184 7129 7095
f 7074 6930 6985
f 6930 6841 6985
f 6430 6341 6485
f 6286 6341 6430
f 6553 6464 6608
f 6705 6794 6650
f 6650 6794 6739
f 6684 6629 6540
f 6540 6629 6485
f 6485 6396 6540
f 6540 6396 6451
f 6375 6231 6286
f 6286 6430 6375
f 6176 6231 6320
f 6320 6375 6464
f 6231 6375 6320
f 6087 5998 6142
f 6142 6231 6087
f 6087 6231 6176
f 6074 6019 5930
f 5930 5985 6074
f 5841 5985 5930
f 5786 5841 5930
f 6252 6108 6163
f 6108 6019 6163
f 6163 6019 6074
f 6074 6218 6163
f 6163 6218 6307
f 6307 6252 6163
f 5875 5731 5786
f 5786 5930 5875
f 5875 5930 6019
f 6045 5956 6100
f 6155 6210 6299
f 6299 6244 6155
f 6244 6100 6155
f 5883 5972 5828
f 5828 5972 5917
f 5629 5684 5773
f 5773 5862 5718
f 5718 5629 5773
f 5773 5917 5862
f 5773 5828 5917
f 5684 5828 5773
f 6116 6205 6061
f 6061 5972 6116
f 6061 6205 6150
f 5917 5972 6061
f 6150 6006 6061
f 6061 6006 5917
f 5794 5650 5705
f 5705 5616 5760
f 5595 5540 5451
f 5595 5684 5540
f 6040 5951 6095
f 6040 5985 5896
f 5896 5951 6040
f 5430 5574 5519
f 5430 5286 5341
f 5608 5663 5752
f 5752 5697 5608
f 5841 5697 5752
f 5896 5841 5752
f 5752 5807 5896
f 5752 5663 5807
f 5629 5574 5485
f 5540 5629 5485
f 5485 5396 5540
f 5341 5396 5485
f 5485 5430 5341
f 5574 5430 5485
f 4430 4341 4485
f 4485 4341 4396
f 4396 4540 4485
f 4540 4629 4485
f 4697 4752 4841
f 4985 4930 4841
f 4786 4642 4697
f 4697 4841 4786
f 4786 4841 4930
f 4608 4464 4519
f 4608 4752 4697
f 4519 4663 4608
f 4663 4752 4608
f 4697 4642 4553
f 4553 4608 4697
f 4464 4608 4553
f 4409 4464 4553
f 5074 5218 5163
f 5074 4930 4985
f 5019 4930 5074
f 5074 5163 5019
f 3841 3930 3786
f 3642 3786 3731
f 3642 3731 3587
f 3587 3731 3676
f 4108 4163 4252
f 4197 4108 4252
f 4252 4341 4197
f 4396 4341 4252
f 4252 4307 4396
f 4252 4163 4307
f 4040 4095 4184
f 4184 4129 4040
f 4273 4129 4184
f 4328 4273 4184
f 4184 4239 4328
f 4095 4239 4184
f 5344 5289 5200
f 6815 6671 6726
f 6726 6870 6815
f 6959 6904 6815
f 6815 6870 6959
f 5967 6111 6056
f 6433 6577 6522
f 6488 6577 6433
f 6255 6111 6166
f 6145 6289 6234
f 6878 6967 6823
f 6234 6289 6378
f 6378 6433 6522
f 6289 6433 6378
f 6501 6412 6556
f 6569 6514 6425
f 6425 6480 6569
f 6014 5870 5925
f 5925 6069 6014
f 5980 6069 5925
f 5815 5870 5959
f 5959 6103 6048
f 5959 5870 6014
f 6014 6103 5959
f 4896 4807 4951
f 4752 4807 4896
f 4985 4841 4896
f 4896 4841 4752
f 5095 4951 5006
f 5362 5218 5273
f 5273 5417 5362
f 5116 5205 5061
f 5061 4972 5116
f 4828 4773 4684
f 4739 4828 4684
f 4684 4595 4739
f 4540 4595 4684
f 4684 4629 4540
f 4684 4773 4629
f 5006 4951 4862
f 4718 4773 4862
f 4862 4807 4718
f 4951 4807 4862
f 5935 5990 6079
f 5935 5880 5791
f 6257 6113 6168
f 6079 6223 6168
f 5778 5833 5922
f 5922 5867 5778
f 6875 6930 7019
f 7019 6964 6875
f 7053 6964 7019
f 6998 6909 7053
f 7053 6909 6964
f 6998 7032 6943
f 7087 7032 6998
f 7087 7053 7142
f 6998 7053 7087
f 6689 6744 6833
f 6634 6545 6689
f 6388 6244 6299
f 6744 6689 6600
f 6600 6689 6545
f 6655 6566 6710
f 6744 6600 6655
f 6511 6566 6655
f 6655 6600 6511
f 6223 6278 6367
f 6312 6401 6257
f 6257 6168 6312
f 6312 6168 6223
f 6223 6367 6312
f 7530 7619 7564
f 7530 7441 7496
f 7666 7687 7721
f 7632 7687 7666
f 7970 7978 7991
f 7957 7978 7970
f 7968 7976 7989
f 7997 7994 7989
f 7989 7984 7997
f 7989 7976 7984
f 7926 7892 7913
f 7913 7947 7926
f 7934 7947 7913
f 7913 7892 7879
f 7955 7976 7968
f 7968 7947 7955
f 7955 7947 7934
f 7889 7923 7902
f 7889 7910 7923
f 7831 7865 7810
f 7928 7962 7941
f 7902 7915 7881
f 7865 7831 7886
f 7886 7899 7865
f 7920 7899 7886
f 7920 7954 7933
f 7912 7899 7933
f 7933 7899 7920
f 7967 7933 7954
f 7952 7973 7965
f 7952 7965 7931
f 7931 7918 7952
f 7952 7918 7939
f 7769 7803 7748
f 7748 7714 7769
f 7824 7858 7803
f 7803 7769 7824
f 7824 7769 7790
f 7824 7790 7845
f 7824 7845 7879
f 7879 7858 7824
f 7837 7858 7892
f 7892 7871 7837
f 7803 7858 7837
f 7837 7871 7816
f 7266 7355 7300
f 7300 7211 7266
f 7389 7300 7355
f 7334 7300 7389
f 7012 7067 7101
f 7101 7067 7156
f 7279 7368 7313
f 7334 7368 7279
f 7588 7554 7643
f 7499 7554 7588
f 7884 7829 7850
f 7816 7871 7850
f 7850 7871 7884
f 7795 7829 7774
f 7795 7761 7816
f 7816 7850 7795
f 7795 7850 7829
f 7677 7588 7643
f 7622 7588 7677
f 7643 7698 7677
f 7677 7698 7732
f 6495 6351 6406
f 6262 6118 6173
f 6173 6317 6262
f 6317 6406 6262
f 6262 6406 6351
f 6783 6728 6639
f 5597 5542 5453
f 6008 5864 5919
f 5919 6063 6008
f 5830 5974 5919
f 5974 6063 5919
f 5631 5542 5686
f 5686 5542 5597
f 5720 5576 5631
f 5487 5542 5631
f 5631 5576 5487
f 5432 5576 5521
f 5432 5377 5288
f 5521 5377 5432
f 5432 5487 5576
f 5541 5596 5685
f 5630 5774 5719
f 5541 5685 5630
f 5630 5685 5774
f 5698 5787 5643
f 5643 5787 5732
f 3648 3559 3703
f 3703 3792 3648
f 3614 3559 3470
f 3525 3614 3470
f 3470 3381 3525
f 3470 3326 3381
f 3470 3559 3415
f 3415 3326 3470
f 4593 4449 4504
f 4559 4648 4504
f 4504 4648 4593
f 4881 4826 4737
f 4593 4648 4737
f 4682 4593 4737
f 4737 4826 4682
f 5122 5067 4978
f 5211 5067 5122
f 5499 5444 5355
f 5300 5211 5355
f 5355 5444 5300
f 4978 4923 4834
f 4690 4745 4834
f 4834 4779 4690
f 4923 4779 4834
f 4800 4745 4656
f 4601 4745 4690
f 4457 4512 4601
f 4656 4745 4601
f 4601 4512 4656
f 4690 4546 4601
f 4601 4546 4457
f 4635 4546 4690
f 4690 4779 4635
f 4279 4224 4135
f 4046 4190 4135
f 4190 4279 4135
f 2983 2839 2894
f 2894 2839 2750
f 2140 2085 1996
f 1996 1852 1907
f 2229 2085 2140
f 2174 2085 2229
f 2572 2661 2517
f 2695 2640 2551
f 2551 2640 2496
f 2284 2229 2140
f 2373 2229 2284
f 2441 2530 2386
f 2585 2530 2441
f 2441 2496 2585
f 2441 2352 2496
f 2090 1946 2001
f 1891 1946 2035
f 2179 2124 2035
f 2035 2090 2179
f 1946 2090 2035
f 3174 3119 3030
f 2674 2530 2585
f 2818 2763 2674
f 2619 2530 2674
f 2674 2763 2619
f 3051 2996 2907
f 3140 2996 3051
f 3161 3017 3072
f 2983 3127 3072
f 3551 3407 3462
f 2734 2789 2878
f 2967 2823 2878
f 2878 2823 2734
f 4897 4842 4753
f 4753 4808 4897
f 4664 4808 4753
f 4609 4664 4753
f 4753 4698 4609
f 4842 4698 4753
f 4308 4164 4219
f 4452 4397 4308
f 4253 4164 4308
f 4308 4397 4253
f 4308 4363 4452
f 4219 4363 4308
f 4685 4630 4541
f 4452 4596 4541
f 4541 4596 4685
f 4541 4397 4452
f 4486 4397 4541
f 4541 4630 4486
f 5062 5151 5007
f 5206 5151 5062
f 5062 5117 5206
f 4973 5117 5062
f 4774 4630 4685
f 4774 4685 4829
f 4719 4630 4774
f 4774 4863 4719
f 5096 5185 5041
f 5240 5185 5096
f 5096 5151 5240
f 5007 5151 5096
f 4808 4863 4952
f 5041 4897 4952
f 4897 4808 4952
f 4952 5096 5041
f 4952 4863 5007
f 5007 5096 4952
f 4295 4240 4151
f 4151 4206 4295
f 4884 4795 4939
f 4884 4973 4829
f 4562 4706 4651
f 4651 4706 4795
f 4829 4685 4740
f 4685 4596 4740
f 4596 4651 4740
f 4740 4884 4829
f 4795 4884 4740
f 4740 4651 4795
f 4622 4533 4677
f 4478 4533 4622
f 4389 4533 4478
f 4389 4245 4300
f 4787 4698 4842
f 4643 4698 4787
f 4787 4732 4643
f 4876 4732 4787
f 5130 5219 5075
f 5075 4986 5130
f 4554 4499 4410
f 4321 4465 4410
f 4410 4465 4554
f 4300 4211 4355
f 4355 4410 4499
f 4444 4355 4499
f 4300 4355 4444
f 4444 4389 4300
f 4533 4389 4444
f 4643 4732 4588
f 4588 4499 4643
f 4588 4732 4677
f 4588 4444 4499
f 4677 4533 4588
f 4533 4444 4588
f 4109 4164 4253
f 4020 4164 4109
f 4287 4232 4143
f 3999 4054 4143
f 4143 4088 3999
f 4143 4232 4088
f 4431 4342 4486
f 4287 4342 4431
f 4431 4376 4287
f 4520 4376 4431
f 3779 3868 3724
f 3724 3635 3779
f 3779 3635 3690
f 3690 3834 3779
f 3978 3834 3889
f 3978 4033 4122
f 3889 4033 3978
f 4334 4478 4423
f 4190 4245 4334
f 4334 4389 4478
f 4245 4389 4334
f 4423 4279 4334
f 4334 4279 4190
f 2792 2881 2737
f 2415 2470 2559
f 2326 2237 2381
f 2381 2470 2326
f 2703 2758 2847
f 2792 2703 2847
f 2847 2936 2792
f 2847 2991 2936
f 2847 2758 2902
f 2902 2991 2847
f 3423 3279 3334
f 3334 3478 3423
f 3512 3368 3423
f 3368 3279 3423
f 2753 2609 2664
f 2664 2808 2753
f 2753 2842 2698
f 2698 2609 2753
f 3897 3986 3842
f 3842 3753 3897
f 3444 3588 3533
f 3444 3300 3355
f 3533 3389 3444
f 3389 3300 3444
f 3732 3588 3643
f 3787 3732 3643
f 3643 3698 3787
f 3554 3698 3643
f 3355 3410 3499
f 3499 3444 3355
f 3588 3444 3499
f 3499 3643 3588
f 3499 3410 3554
f 3554 3643 3499
f 3821 3876 3965
f 3965 3910 3821
f 3965 4054 3910
f 3965 4109 4054
f 3965 3876 4020
f 4020 4109 3965
f 4507 4363 4418
f 4507 4651 4596
f 4507 4596 4452
f 4452 4363 4507
f 4418 4562 4507
f 4562 4651 4507
f 155 134 121
f 155 189 134
f 121 176 155
f 155 176 210
f 210 189 155
f 92 113 126
f 126 113 147
f 435 490 524
f 524 469 435
f 469 380 435
f 401 490 435
f 435 346 401
f 435 380 346
f 325 270 291
f 325 414 359
f 325 380 414
f 291 346 325
f 346 380 325
f 215 270 249
f 257 202 223
f 257 312 291
f 291 270 236
f 236 257 291
f 202 257 236
f 270 215 236
f 134 189 168
f 168 202 147
f 168 189 223
f 223 202 168
f 168 113 134
f 147 113 168
f 295 274 240
f 240 261 295
f 295 316 350
f 261 316 295
f 253 274 308
f 308 287 253
f 253 232 198
f 253 287 232
f 355 389 334
f 334 300 355
f 355 300 321
f 321 410 355
f 588 643 677
f 622 588 677
f 533 588 622
f 389 355 444
f 444 355 410
f 457 423 512
f 455 489 400
f 455 421 510
f 400 366 455
f 455 366 421
f 578 489 544
f 544 455 510
f 489 455 544
f 400 489 434
f 434 345 400
f 379 345 434
f 468 379 434
f 578 612 523
f 523 489 578
f 468 434 523
f 523 434 489
f 667 756 701
f 701 612 667
f 701 646 612
f 654 620 709
f 722 756 667
f 243 264 298
f 332 277 298
f 298 277 243
f 222 167 188
f 154 209 188
f 188 243 222
f 188 209 243
f 256 235 201
f 222 256 201
f 201 167 222
f 146 167 201
f 591 625 536
f 510 476 565
f 620 654 565
f 159 138 104
f 227 206 172
f 172 206 151
f 151 117 172
f 117 138 172
f 75 62 96
f 96 109 75
f 104 117 83
f 83 70 104
f 117 96 83
f 83 96 62
f 49 70 83
f 83 62 49
f 164 143 109
f 198 143 164
f 122 143 177
f 198 232 177
f 177 143 198
f 1025 1169 1114
f 669 580 635
f 635 724 669
f 1897 1986 1842
f 1952 2041 1897
f 1897 2041 1986
f 1575 1664 1520
f 1575 1486 1630
f 1630 1774 1719
f 1719 1575 1630
f 1664 1575 1719
f 1609 1664 1753
f 1753 1698 1609
f 1842 1698 1753
f 1753 1897 1842
f 2138 2193 2282
f 2049 2193 2138
f 973 1117 1062
f 1062 1007 973
f 1151 1007 1062
f 1185 1240 1329
f 973 1007 918
f 863 829 918
f 1096 1007 1151
f 1096 1240 1185
f 1151 1240 1096
f 1431 1342 1486
f 1431 1575 1520
f 1486 1575 1431
f 1520 1376 1431
f 1287 1342 1431
f 1431 1376 1287
f 1020 1109 965
f 1253 1109 1164
f 1164 1075 1219
f 1109 1020 1164
f 1164 1020 1075
f 1308 1253 1164
f 1164 1219 1308
f 1287 1143 1198
f 1198 1109 1253
f 1253 1342 1198
f 1198 1342 1287
f 965 1109 1054
f 1109 1198 1054
f 1054 1198 1143
f 2088 2177 2033
f 1423 1512 1368
f 1745 1690 1601
f 1601 1690 1546
f 1601 1546 1457
f 1457 1512 1601
f 1745 1889 1834
f 1834 1923 1779
f 1834 1690 1745
f 1779 1690 1834
f 1813 1902 1758
f 1957 1902 1813
f 1813 1868 1957
f 1758 1614 1669
f 1669 1813 1758
f 1902 2046 1991
f 1936 2025 1881
f 1881 1792 1936
f 2080 2025 1936
f 1936 1991 2080
f 1847 1703 1758
f 1847 1792 1703
f 1847 1936 1792
f 1991 1936 1847
f 1758 1902 1847
f 1902 1991 1847
f 1216 1360 1305
f 1305 1161 1216
f 1271 1360 1216
f 1182 1326 1271
f 1415 1360 1271
f 1271 1326 1415
f 1394 1538 1483
f 1483 1339 1394
f 1716 1572 1627
f 1538 1682 1627
f 1627 1483 1538
f 1572 1483 1627
f 1627 1771 1716
f 1627 1682 1771
f 2423 2279 2334
f 2334 2478 2423
f 2423 2478 2567
f 2457 2402 2313
f 2313 2169 2224
f 2313 2402 2258
f 2258 2169 2313
f 3122 3033 3177
f 2978 3033 3122
f 3122 3067 2978
f 3211 3067 3122
f 2499 2554 2643
f 2732 2588 2643
f 2643 2588 2499
f 2643 2787 2732
f 2698 2787 2643
f 2643 2554 2698
f 2444 2533 2389
f 2389 2300 2444
f 2533 2478 2389
f 2245 2300 2389
f 2334 2245 2389
f 2389 2478 2334
f 1695 1551 1606
f 1517 1661 1606
f 1606 1462 1517
f 1551 1462 1606
f 1661 1750 1606
f 1606 1750 1695
f 1737 1593 1648
f 1648 1559 1703
f 1648 1792 1737
f 1703 1792 1648
f 1449 1593 1538
f 1449 1538 1394
f 1394 1305 1449
f 1449 1305 1360
f 2004 1860 1915
f 1949 1860 2004
f 2004 1915 2059
f 2059 2148 2004
f 1962 2106 2051
f 2051 1907 1962
f 2140 1996 2051
f 2051 1996 1907
f 2127 2216 2072
f 2072 1983 2127
f 2127 1983 2038
f 2271 2216 2127
f 2038 2182 2127
f 2127 2182 2271
f 763 818 852
f 852 818 907
f 907 941 852
f 907 818 873
f 750 839 784
f 784 839 873
f 873 818 784
f 708 763 797
f 797 763 852
f 975 1009 920
f 538 593 627
f 627 572 538
f 661 716 750
f 661 627 716
f 572 627 661
f 360 305 326
f 360 449 394
f 271 292 326
f 326 305 271
f 271 305 250
f 339 428 373
f 394 428 339
f 339 284 305
f 339 360 394
f 305 360 339
f 373 318 339
f 318 284 339
f 632 666 577
f 721 666 632
f 530 619 564
f 551 585 496
f 496 585 530
f 1043 954 1098
f 954 1009 1098
f 1098 1187 1043
f 1242 1187 1098
f 1263 1318 1407
f 1407 1352 1263
f 1496 1352 1407
f 1318 1462 1407
f 1407 1551 1496
f 1407 1462 1551
f 1153 1098 1009
f 1242 1098 1153
f 1153 1297 1242
f 1153 1208 1297
f 1182 1038 1093
f 1004 1148 1093
f 894 860 949
f 1004 1093 949
f 949 1093 1038
f 949 983 894
f 949 1038 983
f 949 915 1004
f 860 915 949
f 1127 1038 1182
f 1182 1271 1127
f 1127 1271 1216
f 1127 1216 1072
f 1072 983 1127
f 983 1038 1127
f 1017 1161 1106
f 1525 1436 1580
f 1580 1669 1525
f 1525 1669 1614
f 1525 1614 1470
f 1580 1436 1491
f 1491 1546 1635
f 1635 1580 1491
f 1347 1292 1203
f 1347 1436 1292
f 1347 1491 1436
f 1237 1148 1292
f 1237 1326 1182
f 1182 1093 1237
f 1237 1093 1148
f 1470 1326 1381
f 1292 1436 1381
f 1381 1237 1292
f 1326 1237 1381
f 1381 1525 1470
f 1436 1525 1381
f 525 491 580
f 525 559 470
f 593 559 648
f 648 703 737
f 470 559 504
f 538 449 504
f 504 593 538
f 504 559 593
f 436 381 347
f 470 381 436
f 436 525 470
f 491 525 436
f 590 624 535
f 535 501 590
f 590 501 556
f 878 823 789
f 823 734 789
f 831 865 776
f 810 865 899
f 721 776 810
f 810 776 865
f 645 590 556
f 124 179 158
f 137 124 158
f 158 192 137
f 213 247 192
f 192 158 213
f 213 158 179
f 268 247 213
f 446 480 391
f 535 480 446
f 446 501 535
f 522 488 577
f 2598 2454 2509
f 1721 1776 1865
f 2009 1954 1865
f 1865 1920 2009
f 1776 1920 1865
f 1899 1954 2043
f 1844 1755 1899
f 2263 2352 2208
f 2208 2119 2263
f 2064 2153 2009
f 2009 1920 2064
f 2064 2208 2153
f 2119 2208 2064
f 2098 2242 2187
f 2098 1954 2009
f 2009 2153 2098
f 2153 2242 2098
f 2098 2187 2043
f 2043 1954 2098
f 1412 1268 1323
f 1378 1467 1323
f 1323 1467 1412
f 1323 1268 1179
f 1501 1412 1556
f 1412 1467 1556
f 1556 1467 1611
f 1276 1365 1221
f 988 1077 933
f 988 933 899
f 899 954 988
f 988 954 1043
f 1022 967 933
f 933 1077 1022
f 1386 1530 1475
f 1564 1420 1475
f 1475 1331 1386
f 1420 1331 1475
f 1619 1708 1564
f 1564 1475 1619
f 1619 1475 1530
f 1619 1530 1674
f 1619 1674 1763
f 1763 1708 1619
f 1729 1818 1674
f 1729 1674 1585
f 1585 1640 1729
f 1729 1640 1784
f 1784 1873 1729
f 1873 1818 1729
f 1687 1598 1742
f 1598 1653 1742
f 1831 1687 1742
f 1742 1653 1797
f 1742 1886 1831
f 1797 1886 1742
f 2030 2119 1975
f 1975 1886 2030
f 2119 2064 1975
f 1831 1886 1975
f 1975 1920 1831
f 1975 2064 1920
f 1797 1852 1941
f 2030 1886 1941
f 1941 1886 1797
f 1941 2085 2030
f 1941 1996 2085
f 1852 1996 1941
f 1014 1069 1158
f 1302 1247 1158
f 2226 2082 2137
f 946 891 857
f 857 912 946
f 980 891 946
f 946 1035 980
f 1090 1035 946
f 1103 959 1014
f 1014 1158 1103
f 1103 1247 1192
f 1103 1158 1247
f 1171 1315 1260
f 904 959 993
f 595 650 684
f 773 718 684
f 671 616 582
f 582 637 671
f 671 637 726
f 726 760 671
f 705 616 671
f 671 760 705
f 836 925 870
f 870 781 836
f 925 959 870
f 870 959 904
f 692 637 603
f 603 658 692
f 692 658 747
f 747 781 692
f 692 781 726
f 726 637 692
f 862 917 951
f 951 896 862
f 828 862 773
f 917 862 828
f 595 684 629
f 629 684 718
f 1752 1896 1841
f 1697 1752 1841
f 2129 2074 1985
f 1985 1841 1896
f 1985 2074 1930
f 1930 1841 1985
f 1621 1532 1676
f 1676 1532 1587
f 1799 1710 1854
f 1642 1697 1786
f 1786 1841 1930
f 1697 1841 1786
f 2163 2252 2108
f 1443 1354 1498
f 1498 1587 1443
f 1642 1587 1498
f 1498 1553 1642
f 1176 1320 1265
f 2176 2320 2265
f 2176 2032 2087
f 2299 2354 2443
f 2443 2388 2299
f 2532 2388 2443
f 2587 2532 2443
f 2498 2354 2409
f 2498 2642 2587
f 2587 2443 2498
f 2498 2443 2354
f 2498 2409 2553
f 2553 2642 2498
f 1011 977 1066
f 1566 1477 1621
f 1621 1710 1566
f 1566 1710 1655
f 1655 1511 1566
f 1422 1477 1566
f 1566 1511 1422
f 1079 1223 1168
f 1312 1367 1456
f 1312 1223 1367
f 1312 1168 1223
f 990 901 956
f 1011 1100 956
f 956 922 1011
f 977 922 888
f 888 943 977
f 799 854 888
f 888 854 943
f 1367 1223 1278
f 1278 1189 1333
f 1278 1223 1134
f 1134 1189 1278
f 1278 1333 1422
f 1422 1367 1278
f 1345 1290 1201
f 1091 947 1002
f 900 934 845
f 1790 1735 1646
f 1515 1426 1570
f 1570 1659 1515
f 1714 1659 1570
f 1570 1625 1714
f 1447 1591 1536
f 1447 1502 1591
f 1536 1392 1447
f 1612 1468 1523
f 1523 1434 1578
f 1523 1667 1612
f 1578 1667 1523
f 1557 1502 1413
f 1413 1468 1557
f 1646 1502 1557
f 1557 1468 1612
f 1290 1434 1379
f 1379 1235 1290
f 1434 1523 1379
f 1379 1523 1468
f 3133 3188 3277
f 3222 3133 3277
f 3277 3188 3332
f 3730 3819 3675
f 3675 3586 3730
f 3408 3264 3319
f 3120 3264 3209
f 3209 3065 3120
f 3120 3065 2976
f 4018 3963 3874
f 3874 3819 3730
f 3963 3819 3874
f 3154 3065 3209
f 2366 2277 2421
f 2620 2764 2709
f 2057 2146 2002
f 2201 2146 2057
f 2989 2934 2845
f 2701 2756 2845
f 2845 2790 2701
f 2934 2790 2845
f 2701 2557 2612
f 2612 2756 2701
f 2900 3044 2989
f 2989 2845 2900
f 2900 2845 2756
f 2976 3065 2921
f 1138 1227 1083
f 1083 1227 1172
f 829 795 884
f 884 939 973
f 850 939 884
f 884 795 850
f 973 918 884
f 884 918 829
f 473 528 562
f 541 452 507
f 507 596 541
f 562 596 507
f 507 473 562
f 507 452 418
f 418 473 507
f 465 431 520
f 397 452 486
f 486 431 397
f 486 452 541
f 486 520 431
f 541 596 630
f 672 706 617
f 562 528 617
f 583 672 617
f 617 528 583
f 651 596 562
f 562 617 651
f 651 617 706
f 651 706 740
f 732 698 787
f 842 876 787
f 719 808 753
f 753 808 842
f 842 787 753
f 753 787 698
f 1248 1193 1104
f 1104 1159 1248
f 1091 1235 1180
f 1180 1036 1091
f 837 871 782
f 905 871 960
f 769 803 714
f 659 625 714
f 858 803 769
f 2214 2269 2358
f 2358 2447 2303
f 2303 2214 2358
f 2502 2447 2358
f 2358 2413 2502
f 2358 2269 2413
f 1837 1981 1926
f 1837 1926 1782
f 1837 1748 1892
f 1892 1981 1837
f 1926 1981 2070
f 2214 2159 2070
f 2125 2214 2070
f 2070 1981 2125
f 1549 1604 1693
f 1693 1638 1549
f 1782 1638 1693
f 1693 1604 1748
f 1693 1837 1782
f 1748 1837 1693
f 1206 1117 1261
f 1206 1261 1350
f 1350 1295 1206
f 1206 1295 1151
f 1151 1062 1206
f 1206 1062 1117
f 1371 1282 1426
f 1371 1426 1515
f 1515 1460 1371
f 1371 1460 1316
f 1316 1227 1371
f 1227 1282 1371
f 1633 1722 1578
f 1777 1722 1633
f 1667 1722 1811
f 1811 1866 1955
f 1811 1722 1866
f 1366 1421 1510
f 1277 1421 1366
f 1366 1222 1277
f 1489 1434 1345
f 1345 1400 1489
f 1578 1434 1489
f 1489 1400 1544
f 1489 1633 1578
f 1544 1633 1489
f 2579 2524 2435
f 2668 2524 2579
f 2668 2812 2757
f 1880 1935 2024
f 1914 1770 1825
f 1859 1770 1914
f 1969 1825 1880
f 2113 2058 1969
f 1969 1914 1825
f 2058 1914 1969
f 1880 2024 1969
f 1969 2024 2113
f 1626 1482 1537
f 1571 1482 1626
f 1626 1537 1681
f 1681 1770 1626
f 2016 1872 1927
f 1851 1995 1940
f 1940 1796 1851
f 1906 1995 1851
f 1906 2050 1995
f 1906 1817 1961
f 1961 2050 1906
f 1838 1694 1749
f 1660 1804 1749
f 1804 1893 1749
f 1749 1893 1838
f 2016 1927 2071
f 2037 1893 1948
f 2956 2812 2867
f 2867 3011 2956
f 2477 2532 2621
f 2621 2566 2477
f 2710 2566 2621
f 2765 2710 2621
f 2621 2676 2765
f 2532 2676 2621
f 2799 2710 2854
f 2854 2710 2765
f 2422 2566 2511
f 2422 2367 2278
f 2511 2367 2422
f 2477 2566 2422
f 2744 2600 2655
f 2744 2689 2600
f 2655 2799 2744
f 1956 1901 1812
f 1668 1723 1812
f 1867 2011 1956
f 1922 2011 1867
f 1956 1812 1867
f 1867 1812 1723
f 1689 1545 1600
f 1600 1511 1655
f 1456 1511 1600
f 1600 1545 1456
f 1600 1744 1689
f 1655 1744 1600
f 1880 1736 1791
f 1791 1935 1880
f 1736 1647 1791
f 1791 1647 1702
f 1791 1846 1935
f 1791 1702 1846
f 1757 1613 1668
f 1757 1702 1613
f 1846 1702 1757
f 1668 1812 1757
f 1901 1846 1757
f 1757 1812 1901
f 2202 2113 2257
f 2634 2689 2778
f 2456 2511 2600
f 2456 2367 2511
f 1956 2011 2100
f 2100 2045 1956
f 2189 2045 2100
f 2100 2244 2189
f 2100 2011 2155
f 2155 2244 2100
f 2210 2354 2299
f 2265 2354 2210
f 2299 2155 2210
f 2155 2066 2210
f 958 903 869
f 1047 992 958
f 992 903 958
f 272 251 217
f 272 293 327
f 285 251 306
f 251 272 306
f 327 361 306
f 306 272 327
f 772 738 827
f 683 738 772
f 764 798 709
f 764 853 798
f 560 526 615
f 670 704 615
f 649 560 615
f 615 704 649
f 539 594 628
f 628 594 683
f 539 484 450
f 361 416 450
f 319 264 285
f 319 298 264
f 319 374 408
f 691 725 636
f 636 725 670
f 636 602 691
f 547 602 636
f 492 437 403
f 403 437 348
f 348 314 403
f 403 314 369
f 568 602 513
f 513 602 547
f 178 233 212
f 212 157 178
f 178 123 144
f 178 157 123
f 356 390 335
f 445 390 356
f 238 259 293
f 238 204 259
f 293 272 238
f 238 272 217
f 191 157 212
f 212 246 191
f 280 314 259
f 335 314 280
f 453 364 419
f 419 508 453
f 474 508 419
f 385 474 419
f 398 364 453
f 398 487 432
f 453 487 398
f 453 508 542
f 542 487 453
f 542 508 597
f 1877 1932 2021
f 2110 1966 2021
f 2021 1966 1877
f 2021 2165 2110
f 2076 2165 2021
f 2021 1932 2076
f 1699 1788 1644
f 1610 1754 1699
f 1843 1788 1699
f 1699 1754 1843
f 1589 1678 1534
f 1589 1644 1733
f 1733 1678 1589
f 1411 1356 1267
f 2139 2194 2283
f 1576 1631 1720
f 1487 1631 1576
f 1432 1487 1576
f 1576 1521 1432
f 1898 1754 1809
f 1809 1953 1898
f 1021 932 1076
f 1398 1309 1453
f 1364 1309 1220
f 1453 1309 1364
f 1364 1508 1453
f 1419 1508 1364
f 1220 1309 1165
f 1165 1076 1220
f 1165 1110 1021
f 1021 1076 1165
f 2008 1953 1864
f 1953 1809 1864
f 1720 1775 1864
f 1864 1809 1720
f 1686 1631 1542
f 1542 1631 1487
f 1542 1398 1453
f 1487 1398 1542
f 2351 2440 2296
f 1919 2063 2008
f 1919 1775 1830
f 2008 1864 1919
f 1919 1864 1775
f 1974 1919 1830
f 2063 1919 1974
f 2008 2063 2152
f 2152 2097 2008
f 2241 2097 2152
f 2296 2241 2152
f 2029 2173 2118
f 2118 2173 2262
f 2118 1974 2029
f 2063 1974 2118
f 500 466 555
f 555 589 500
f 445 500 534
f 534 500 589
f 1144 1000 1055
f 898 932 843
f 843 809 898
f 898 864 953
f 898 809 864
f 733 822 767
f 788 822 733
f 699 788 733
f 568 534 623
f 623 534 589
f 1241 1296 1385
f 1118 1029 1173
f 1118 1262 1207
f 1173 1262 1118
f 974 1029 1118
f 754 809 843
f 754 788 699
f 843 788 754
f 1063 1008 974
f 1063 1152 1008
f 974 1118 1063
f 1207 1152 1063
f 1063 1118 1207
f 359 338 304
f 304 325 359
f 270 325 304
f 249 270 304
f 249 304 283
f 283 304 338
f 461 550 495
f 503 537 448
f 537 482 448
f 448 482 393
f 448 414 503
f 359 414 448
f 448 393 359
f 702 613 668
f 613 647 558
f 524 613 558
f 558 592 503
f 558 647 592
f 503 469 558
f 558 469 524
f 736 791 825
f 825 791 880
f 673 584 639
f 639 728 673
f 694 728 639
f 639 584 550
f 639 550 605
f 605 694 639
f 715 626 681
f 715 660 626
f 1393 1249 1304
f 1359 1448 1304
f 1304 1448 1393
f 1194 1283 1139
f 1338 1283 1194
f 1194 1249 1338
f 88 54 75
f 88 67 54
f 75 109 88
f 88 109 122
f 132 153 187
f 153 208 187
f 242 221 187
f 187 208 242
f 276 331 310
f 200 179 145
f 161 195 140
f 140 106 161
f 122 177 156
f 174 208 153
f 174 119 140
f 153 119 174
f 140 195 174
f 174 195 229
f 229 208 174
f 9 4 17
f 9 14 6
f 9 6 1
f 1 4 9
f 85 51 72
f 72 106 85
f 72 51 38
f 77 64 98
f 98 119 132
f 85 119 98
f 98 64 85
f 132 111 98
f 98 111 77
f 82 69 103
f 103 124 137
f 137 116 103
f 103 116 82
f 77 111 90
f 90 111 124
f 124 103 90
f 90 103 69
f 22 35 14
f 14 9 22
f 22 30 43
f 43 35 22
f 17 30 22
f 22 9 17
f 69 35 56
f 77 90 56
f 56 90 69
f 43 77 56
f 56 35 43
f 74 40 61
f 61 82 95
f 95 74 61
f 48 82 61
f 61 40 48
f 45 32 53
f 53 66 45
f 24 32 45
f 45 37 24
f 134 113 100
f 121 134 100
f 100 87 121
f 100 66 87
f 302 247 268
f 281 247 302
f 302 336 281
f 294 260 315
f 315 349 294
f 315 260 281
f 281 336 315
f 315 336 370
f 315 370 404
f 404 349 315
f 383 349 438
f 459 548 493
f 438 404 493
f 404 459 493
f 493 527 438
f 582 527 493
f 493 548 582
f 430 485 519
f 396 485 430
f 430 341 396
f 375 341 430
f 210 231 265
f 320 299 265
f 223 189 244
f 244 189 210
f 210 265 244
f 244 265 299
f 320 409 354
f 354 299 320
f 540 506 595
f 595 629 540
f 472 506 417
f 438 527 472
f 472 527 561
f 561 506 472
f 472 383 438
f 417 383 472
f 451 485 396
f 417 506 451
f 451 540 485
f 506 540 451
f 396 362 451
f 451 362 417
f 328 273 294
f 294 349 328
f 349 383 328
f 417 362 328
f 328 383 417
f 273 328 307
f 307 328 362
f 307 362 396
f 396 341 307
f 163 218 197
f 163 184 218
f 197 142 163
f 163 142 108
f 1663 1608 1519
f 1519 1608 1464
f 1519 1464 1375
f 1375 1430 1519
f 1218 1307 1163
f 1218 1074 1129
f 1163 1074 1218
f 1129 1273 1218
f 1362 1218 1273
f 1307 1218 1362
f 820 854 765
f 765 731 820
f 765 854 799
f 799 710 765
f 464 498 409
f 464 430 519
f 409 375 464
f 375 430 464
f 1142 1087 998
f 998 1053 1142
f 1231 1087 1142
f 1142 1053 1197
f 1184 1095 1239
f 1239 1328 1184
f 1184 1328 1273
f 1184 1273 1129
f 1129 1040 1184
f 1040 1095 1184
f 807 862 896
f 807 718 773
f 773 862 807
f 875 930 964
f 964 909 875
f 909 820 875
f 875 820 786
f 896 930 841
f 841 807 896
f 841 875 786
f 930 875 841
f 985 930 896
f 951 1040 985
f 985 896 951
f 1074 930 985
f 1129 1074 985
f 985 1040 1129
f 833 888 922
f 833 744 799
f 799 888 833
f 710 744 655
f 655 600 566
f 2225 2081 2136
f 2280 2225 2136
f 2136 2191 2280
f 2047 2191 2136
f 2060 2115 2204
f 2204 2149 2060
f 2293 2149 2204
f 2204 2115 2259
f 1971 2115 2060
f 1971 1827 1882
f 1971 1882 2026
f 2026 2115 1971
f 1683 1827 1772
f 1772 1628 1683
f 1717 1628 1772
f 2060 2149 2005
f 2005 2149 2094
f 2615 2560 2471
f 2581 2437 2492
f 2492 2636 2581
f 2492 2437 2348
f 2259 2403 2348
f 2348 2403 2492
f 2348 2204 2259
f 2348 2437 2293
f 2293 2204 2348
f 3280 3225 3136
f 3191 3280 3136
f 3136 3047 3191
f 2992 3047 3136
f 3136 3081 2992
f 3225 3081 3136
f 2958 2903 2814
f 2759 2903 2848
f 2759 2615 2670
f 2670 2814 2759
f 2759 2814 2903
f 3191 3047 3102
f 3102 3047 2958
f 3301 3157 3212
f 3212 3356 3301
f 3246 3390 3335
f 3246 3102 3157
f 3301 3390 3246
f 3246 3157 3301
f 3246 3335 3191
f 3191 3102 3246
f 1874 1730 1785
f 1874 1819 1730
f 1785 1929 1874
f 1929 2018 1874
f 1709 1764 1853
f 1853 1798 1709
f 2052 1997 1908
f 1764 1819 1908
f 1908 1853 1764
f 1997 1853 1908
f 2141 1997 2052
f 2052 2196 2141
f 2340 2196 2251
f 2251 2395 2340
f 2010 1921 2065
f 2065 2154 2010
f 2065 1921 1976
f 2065 1976 2120
f 1026 1115 971
f 971 937 1026
f 937 1081 1026
f 1170 1115 1026
f 1026 1081 1170
f 882 937 971
f 882 916 827
f 971 916 882
f 827 793 882
f 882 793 848
f 848 937 882
f 1251 1162 1306
f 1306 1162 1217
f 1594 1450 1505
f 1505 1649 1594
f 1217 1128 1272
f 971 1115 1060
f 1039 984 950
f 1039 1128 984
f 1848 1937 1793
f 1793 1937 1882
f 1903 1958 2047
f 2102 2191 2047
f 2047 1958 2102
f 2102 1958 2013
f 1374 1319 1230
f 1230 1285 1374
f 1141 1285 1230
f 1230 1319 1175
f 1175 1086 1230
f 1230 1086 1141
f 1196 1285 1141
f 1141 1052 1196
f 1196 1052 1107
f 1196 1107 1251
f 1251 1340 1196
f 1340 1285 1196
f 1641 1586 1497
f 1497 1586 1442
f 1442 1353 1497
f 1353 1408 1497
f 1463 1319 1374
f 1463 1408 1319
f 1463 1518 1607
f 1374 1518 1463
f 1099 1044 955
f 1476 1387 1531
f 1476 1620 1565
f 1531 1620 1476
f 1565 1421 1476
f 1099 1243 1188
f 1188 1044 1099
f 1332 1243 1387
f 1332 1476 1421
f 1387 1476 1332
f 1332 1421 1277
f 1277 1188 1332
f 1332 1188 1243
f 1099 955 1010
f 1010 955 921
f 1010 921 976
f 976 1065 1010
f 1154 1065 1209
f 1209 1298 1154
f 1298 1243 1154
f 1154 1243 1099
f 1099 1010 1154
f 1154 1010 1065
f 942 853 908
f 1141 1086 997
f 997 1052 1141
f 997 1086 942
f 942 908 997
f 963 1052 997
f 997 908 963
f 5872 5728 5783
f 5872 5927 6016
f 5783 5927 5872
f 4838 4694 4749
f 4838 4893 4982
f 4749 4893 4838
f 5071 4982 5126
f 5016 5071 5160
f 5016 5160 5105
f 4749 4605 4660
f 4605 4516 4660
f 4660 4516 4571
f 4571 4715 4660
f 4571 4427 4482
f 5131 5220 5076
f 5275 5220 5131
f 5131 5186 5275
f 5042 5186 5131
f 5076 5220 5165
f 5262 5207 5118
f 5597 5453 5508
f 5508 5453 5364
f 5597 5508 5652
f 5652 5508 5563
f 5707 5652 5563
f 5995 6084 5940
f 5995 6139 6084
f 5995 5906 6050
f 6050 6139 5995
f 4034 4178 4123
f 4034 3890 3945
f 3945 4089 4034
f 4089 4178 4034
f 4123 3979 4034
f 4034 3979 3890
f 4445 4356 4500
f 4500 4356 4411
f 4500 4411 4555
f 4555 4644 4500
f 4411 4356 4267
f 4322 4411 4267
f 4267 4178 4322
f 4123 4178 4267
f 4267 4212 4123
f 4267 4356 4212
f 5097 5152 5241
f 5186 5097 5241
f 5296 5152 5207
f 5296 5440 5385
f 5385 5241 5296
f 5296 5241 5152
f 4453 4597 4542
f 4453 4309 4364
f 4453 4542 4398
f 4398 4309 4453
f 4974 4830 4885
f 4110 4055 3966
f 4199 4055 4110
f 4432 4377 4288
f 4343 4432 4288
f 4288 4199 4343
f 4144 4199 4288
f 4288 4233 4144
f 4288 4377 4233
f 4521 4432 4576
f 3911 3856 3767
f 3623 3678 3767
f 3822 3966 3911
f 3911 3767 3822
f 3822 3767 3678
f 3877 3966 3822
f 3843 3788 3699
f 2707 2563 2618
f 2474 2563 2419
f 2474 2618 2563
f 2757 2702 2613
f 2613 2668 2757
f 2524 2668 2613
f 2613 2702 2558
f 2215 2126 2270
f 2270 2359 2215
f 2215 2359 2304
f 2215 2071 2126
f 2503 2647 2592
f 2558 2647 2503
f 2592 2647 2736
f 2880 2825 2736
f 2105 2249 2194
f 2105 1961 2016
f 2105 2050 1961
f 2194 2050 2105
f 2393 2249 2304
f 2393 2537 2482
f 2338 2482 2427
f 2194 2249 2338
f 2338 2393 2482
f 2249 2393 2338
f 2427 2283 2338
f 2338 2283 2194
f 2592 2537 2448
f 2448 2503 2592
f 2359 2503 2448
f 2304 2359 2448
f 2448 2393 2304
f 2537 2393 2448
f 2681 2537 2592
f 2681 2825 2770
f 2592 2736 2681
f 2681 2736 2825
f 2482 2537 2626
f 2770 2715 2626
f 2626 2681 2770
f 2537 2681 2626
f 2749 2605 2660
f 4443 4354 4498
f 4498 4354 4409
f 4409 4553 4498
f 4498 4553 4642
f 4210 4121 4265
f 4265 4354 4210
f 4066 4121 4210
f 4210 4155 4066
f 3244 3388 3333
f 3333 3189 3244
f 3532 3388 3443
f 3532 3587 3676
f 3443 3587 3532
f 3299 3244 3155
f 3299 3388 3244
f 3155 3210 3299
f 3443 3388 3299
f 3299 3210 3354
f 3354 3443 3299
f 3202 3346 3291
f 2969 2825 2880
f 2914 2825 2969
f 4168 4113 4024
f 4257 4113 4168
f 3880 3935 4024
f 2982 3126 3071
f 3202 3291 3147
f 3956 4045 3901
f 3579 3668 3524
f 4388 4477 4333
f 4333 4278 4189
f 4045 4100 4189
f 4134 4045 4189
f 4189 4278 4134
f 4655 4600 4511
f 4566 4655 4511
f 4600 4456 4511
f 3977 3833 3888
f 3977 4121 4066
f 4032 4121 3977
f 3977 3888 4032
f 3689 3545 3600
f 4087 3943 3998
f 3998 4142 4087
f 3909 4053 3998
f 3998 4053 4142
f 3490 3545 3634
f 3490 3634 3579
f 3778 3634 3689
f 3689 3833 3778
f 3579 3634 3723
f 3723 3668 3579
f 3634 3778 3723
f 3723 3778 3867
f 4011 4100 3956
f 3956 3867 4011
f 4011 4155 4100
f 4066 4155 4011
f 4375 4464 4320
f 4519 4464 4375
f 4375 4430 4519
f 4375 4286 4430
f 4723 4778 4867
f 4689 4778 4634
f 4833 4778 4689
f 4689 4744 4833
f 4600 4744 4689
f 4346 4257 4401
f 4401 4490 4346
f 4579 4634 4723
f 4579 4490 4634
f 5312 5257 5168
f 5168 5223 5312
f 5079 5223 5168
f 5168 5024 5079
f 5024 4935 5079
f 4846 4901 4990
f 4990 4935 4846
f 4990 5079 4935
f 5922 5833 5977
f 5833 5888 5977
f 5744 5833 5689
f 5689 5600 5744
f 5833 5778 5689
f 5689 5778 5634
f 5799 5655 5710
f 5710 5621 5765
f 5532 5621 5477
f 5354 5498 5443
f 5642 5731 5587
f 5587 5498 5642
f 5731 5676 5587
f 5443 5498 5587
f 5532 5443 5587
f 5587 5676 5532
f 5909 5765 5820
f 5765 5676 5820
f 5820 5676 5731
f 5731 5875 5820
f 4922 4778 4833
f 4922 4867 4778
f 5244 5189 5100
f 5333 5189 5244
f 5375 5519 5464
f 5464 5320 5375
f 5375 5430 5519
f 5286 5430 5375
f 5053 5197 5142
f 5197 5286 5142
f 5142 4998 5053
f 5087 4998 5142
f 5252 5108 5163
f 5252 5396 5341
f 5341 5197 5252
f 5197 5108 5252
f 5307 5396 5252
f 5252 5163 5307
f 4833 4744 4888
f 4312 4456 4401
f 4312 4168 4223
f 4401 4257 4312
f 4257 4168 4312
f 4566 4477 4621
f 4621 4710 4566
f 3516 3461 3372
f 3372 3317 3228
f 3461 3317 3372
f 2817 2872 2961
f 2927 2982 3071
f 2838 2982 2927
f 2728 2817 2673
f 2728 2872 2817
f 3050 2995 2906
f 2817 2961 2906
f 2906 2961 3050
f 3482 3626 3571
f 3626 3715 3571
f 3626 3537 3681
f 3681 3537 3592
f 3304 3160 3215
f 3448 3393 3304
f 3194 3050 3105
f 3050 2961 3105
f 3393 3338 3249
f 3249 3304 3393
f 3160 3304 3249
f 3249 3105 3160
f 3249 3338 3194
f 3194 3105 3249
f 3605 3461 3516
f 3605 3749 3694
f 3605 3694 3550
f 3550 3461 3605
f 3783 3694 3838
f 3838 3927 3783
f 3694 3749 3838
f 3783 3927 3872
f 3872 3728 3783
f 3872 3817 3728
f 4825 4681 4736
f 4736 4880 4825
f 4791 4880 4736
f 4270 4126 4181
f 3987 3898 4042
f 4042 4131 3987
f 3987 4131 4076
f 3987 3843 3898
f 4076 4131 4220
f 4364 4309 4220
f 4220 4275 4364
f 4220 4131 4275
f 3974 3830 3885
f 4118 4063 3974
f 3885 4029 3974
f 3974 4029 4118
f 4063 4008 3919
f 3919 3974 4063
f 3830 3974 3919
f 3775 3830 3919
f 3919 3864 3775
f 3919 4008 3864
f 1636 1547 1691
f 1691 1547 1602
f 1801 1657 1712
f 2843 2699 2754
f 2843 2987 2932
f 2754 2898 2843
f 2898 2987 2843
f 2466 2521 2610
f 2610 2555 2466
f 2699 2555 2610
f 2754 2699 2610
f 3021 2877 2932
f 3021 3110 2966
f 2966 2877 3021
f 2788 2733 2644
f 2788 2877 2733
f 2644 2699 2788
f 2932 2877 2788
f 2788 2843 2932
f 2699 2843 2788
f 2288 2343 2432
f 2199 2343 2288
f 2144 2199 2288
f 2288 2233 2144
f 2466 2322 2377
f 2322 2233 2377
f 2233 2288 2377
f 2377 2521 2466
f 2432 2521 2377
f 2377 2288 2432
f 2547 2458 2602
f 2369 2314 2225
f 2369 2458 2314
f 2369 2225 2280
f 2280 2424 2369
f 2411 2555 2500
f 2500 2356 2411
f 2411 2322 2466
f 2466 2555 2411
f 1924 2068 2013
f 1979 2034 2123
f 2123 2068 1979
f 1979 1924 1835
f 2068 1924 1979
f 2445 2589 2534
f 2534 2390 2445
f 2500 2589 2445
f 2445 2356 2500
f 2267 2123 2178
f 2267 2411 2356
f 2178 2322 2267
f 2322 2411 2267
f 1068 1157 1013
f 1123 1212 1068
f 1068 1212 1157
f 1178 1089 1233
f 1267 1123 1178
f 1013 1157 1102
f 1102 1191 1047
f 1102 1157 1246
f 1246 1191 1102
f 1047 958 1102
f 1102 958 1013
f 1513 1657 1602
f 1513 1602 1458
f 1458 1369 1513
f 1369 1424 1513
f 2131 2275 2220
f 2131 1987 2042
f 2131 2042 2186
f 2186 2275 2131
f 2131 2220 2076
f 2076 1987 2131
f 2665 2809 2754
f 2665 2521 2576
f 2576 2720 2665
f 2720 2809 2665
f 2754 2610 2665
f 2665 2610 2521
f 2398 2453 2542
f 2631 2487 2542
f 2542 2487 2398
f 2542 2453 2597
f 2364 2275 2419
f 2220 2275 2364
f 2309 2220 2364
f 2364 2453 2309
f 2398 2343 2254
f 2309 2398 2254
f 2254 2165 2309
f 2110 2165 2254
f 2254 2199 2110
f 2254 2343 2199
f 5086 5141 5230
f 5086 4997 5141
f 4633 4722 4578
f 4777 4722 4633
f 4633 4688 4777
f 4544 4688 4633
f 4832 4976 4921
f 4832 4688 4743
f 4832 4743 4887
f 4887 4976 4832
f 4832 4921 4777
f 4777 4688 4832
f 4743 4688 4599
f 4510 4654 4599
f 4599 4654 4743
f 4599 4455 4510
f 4544 4455 4599
f 4599 4688 4544
f 5366 5455 5311
f 5023 4934 5078
f 5023 4879 4934
f 4968 4879 5023
f 5366 5311 5222
f 5154 5243 5099
f 5065 4976 5120
f 5120 5209 5065
f 5065 5209 5154
f 4921 4976 5065
f 4408 4552 4497
f 4408 4264 4319
f 4497 4353 4408
f 4353 4264 4408
f 4497 4552 4641
f 4730 4586 4641
f 4641 4586 4497
f 4607 4552 4463
f 4319 4374 4463
f 4463 4408 4319
f 4552 4408 4463
f 4285 4374 4230
f 4785 4874 4730
f 4730 4641 4785
f 5073 5128 5217
f 3201 3345 3290
f 3290 3146 3201
f 3290 3235 3146
f 2680 2824 2769
f 2680 2536 2591
f 2591 2735 2680
f 2735 2824 2680
f 3112 3057 2968
f 2968 3023 3112
f 2968 3057 2913
f 2913 2824 2968
f 3303 3214 3358
f 3358 3447 3303
f 3358 3214 3269
f 3502 3447 3358
f 3180 3235 3324
f 3324 3269 3180
f 3756 3612 3667
f 3667 3811 3756
f 3667 3578 3722
f 3722 3811 3667
f 4683 4772 4628
f 4827 4772 4683
f 4594 4738 4683
f 4683 4738 4827
f 4306 4450 4395
f 4395 4251 4306
f 3997 4052 4141
f 4141 4230 4086
f 4086 3997 4141
f 4141 4285 4230
f 4141 4052 4196
f 4196 4285 4141
f 3332 3387 3476
f 2096 2007 2151
f 1952 2007 2096
f 2096 2041 1952
f 2185 2041 2096
f 2473 2418 2329
f 2384 2473 2329
f 2329 2274 2185
f 2329 2418 2274
f 2884 2939 3028
f 3028 2973 2884
f 2884 2973 2829
f 2829 2740 2884
f 2795 2884 2740
f 2939 2884 2795
f 2706 2850 2795
f 2795 2850 2939
f 2651 2596 2507
f 2651 2740 2596
f 2507 2562 2651
f 2651 2795 2740
f 2562 2706 2651
f 2706 2795 2651
f 2316 2405 2261
f 2460 2405 2316
f 2316 2371 2460
f 2947 3036 2892
f 2892 2803 2947
f 2104 2049 1960
f 2104 2193 2049
f 2104 2159 2248
f 2248 2193 2104
f 2625 2714 2570
f 2570 2481 2625
f 2625 2481 2536
f 2769 2714 2625
f 2625 2680 2769
f 2536 2680 2625
f 2392 2337 2248
f 2392 2481 2337
f 2248 2303 2392
f 2536 2481 2392
f 2303 2447 2392
f 2447 2536 2392
f 2659 2515 2570
f 2570 2714 2659
f 2714 2803 2659
f 2892 2837 2748
f 2748 2803 2892
f 2748 2659 2803
f 2693 2837 2782
f 2638 2549 2693
f 2693 2782 2638
f 2693 2748 2837
f 3981 4125 4070
f 3782 3837 3926
f 3926 3871 3782
f 4015 3871 3926
f 4070 4015 3926
f 3926 3981 4070
f 3837 3981 3926
f 3824 3879 3968
f 3968 4112 4057
f 4023 4112 3968
f 3968 3879 4023
f 3913 3769 3824
f 3824 3968 3913
f 3913 3968 4057
f 3858 3769 3913
f 3536 3680 3625
f 3680 3769 3625
f 3625 3481 3536
f 3570 3481 3625
f 3659 3803 3748
f 3515 3570 3659
f 3659 3604 3515
f 3748 3604 3659
f 2952 2808 2863
f 2863 3007 2952
f 3007 3096 2952
f 3075 2931 2986
f 2965 3054 2910
f 2910 2821 2965
f 3308 3452 3397
f 3130 3075 2986
f 3219 3075 3130
f 2960 3015 3104
f 3193 3049 3104
f 3104 3049 2960
f 3104 3248 3193
f 3159 3015 3070
f 3303 3248 3159
f 3248 3104 3159
f 3159 3104 3015
f 3070 3214 3159
f 3159 3214 3303
f 3460 3405 3316
f 3227 3371 3316
f 3316 3371 3460
f 3316 3172 3227
f 3261 3172 3316
f 3316 3405 3261
f 4193 4337 4282
f 4193 4049 4104
f 4248 4193 4104
f 4337 4193 4248
f 4282 4337 4426
f 4481 4570 4426
f 4426 4337 4481
f 4693 4638 4549
f 4549 4405 4460
f 3384 3528 3473
f 3528 3617 3473
f 3473 3617 3562
f 3473 3329 3384
f 4138 4282 4227
f 4138 3994 4049
f 4138 4193 4282
f 4049 4193 4138
f 4227 4083 4138
f 4083 3994 4138
f 3960 3816 3871
f 4104 4049 3960
f 3960 4049 3905
f 3905 3816 3960
f 3960 4015 4104
f 3960 3871 4015
f 3295 3151 3206
f 3295 3439 3384
f 3384 3240 3295
f 3240 3151 3295
f 3350 3439 3295
f 3295 3206 3350
f 3575 3431 3486
f 3575 3719 3664
f 3575 3486 3630
f 3630 3719 3575
f 3376 3431 3520
f 3520 3465 3376
f 3609 3465 3520
f 3664 3609 3520
f 3520 3575 3664
f 3431 3575 3520
f 4939 4795 4850
f 4795 4706 4850
f 4850 4706 4761
f 4672 4528 4583
f 4672 4816 4761
f 4583 4727 4672
f 4672 4727 4816
f 4761 4706 4617
f 4617 4672 4761
f 4528 4672 4617
f 4473 4528 4617
f 4617 4562 4473
f 4617 4706 4562
f 5672 5528 5583
f 5583 5727 5672
f 5583 5638 5727
f 5384 5329 5240
f 5172 5117 5028
f 5028 4884 4939
f 5028 5117 4973
f 4973 4884 5028
f 5214 5159 5070
f 5015 5159 5104
f 5015 4871 4926
f 4926 5070 5015
f 5015 5070 5159
f 5303 5159 5214
f 5303 5447 5392
f 5214 5358 5303
f 5303 5358 5447
f 5104 5159 5248
f 5248 5303 5392
f 5159 5303 5248
f 4748 4837 4693
f 4659 4803 4748
f 5193 5049 5104
f 5104 5248 5193
f 4939 4850 4994
f 4816 4871 4960
f 5104 5049 4960
f 4960 5015 5104
f 4871 5015 4960
f 5426 5481 5570
f 4494 4638 4583
f 4583 4439 4494
f 4494 4549 4638
f 4405 4549 4494
f 4460 4405 4316
f 4316 4172 4227
f 5585 5640 5729
f 5818 5674 5729
f 5729 5674 5585
f 5729 5873 5818
f 5729 5640 5784
f 5784 5873 5729
f 5928 5784 5839
f 5928 5873 5784
f 5949 5894 5805
f 5572 5428 5483
f 5572 5517 5428
f 4192 4137 4048
f 4048 4103 4192
f 4048 3959 4103
f 3904 3959 4048
f 3993 3904 4048
f 4048 4137 3993
f 4404 4315 4459
f 4459 4514 4603
f 2718 2629 2773
f 2773 2629 2684
f 2773 2684 2828
f 2828 2917 2773
f 2841 2896 2985
f 2985 2930 2841
f 2786 2697 2841
f 2841 2930 2786
f 3184 3095 3239
f 3239 3328 3184
f 3328 3273 3184
f 3040 3095 3184
f 2807 2951 2896
f 2807 2663 2718
f 3527 3472 3383
f 3239 3294 3383
f 3383 3328 3239
f 3472 3328 3383
f 3150 3294 3239
f 3150 3095 3006
f 3239 3095 3150
f 3205 3294 3150
f 4310 4255 4166
f 4221 4310 4166
f 4166 4077 4221
f 4022 4077 4166
f 4166 4111 4022
f 4166 4255 4111
f 4043 3988 3899
f 3988 3844 3899
f 3899 3844 3755
f 3598 3454 3509
f 3399 3344 3255
f 3433 3344 3488
f 3488 3344 3399
f 3289 3344 3433
f 3234 3145 3289
f 3370 3459 3315
f 3425 3514 3370
f 3514 3459 3370
f 3027 3116 2972
f 3027 3171 3116
f 2938 3082 3027
f 3082 3171 3027
f 3294 3349 3438
f 3527 3383 3438
f 3438 3383 3294
f 3438 3582 3527
f 3438 3493 3582
f 3438 3349 3493
f 3645 3556 3700
f 3501 3556 3645
f 3645 3590 3501
f 3734 3590 3645
f 3412 3323 3467
f 3467 3556 3412
f 5831 5776 5687
f 5776 5831 5920
f 5920 5831 5975
f 5632 5776 5721
f 5721 5577 5632
f 5653 5509 5564
f 5653 5598 5509
f 5564 5708 5653
f 5077 5221 5166
f 5221 5310 5166
f 5166 5022 5077
f 4789 4933 4878
f 4789 4645 4700
f 4700 4844 4789
f 4844 4933 4789
f 4501 4412 4556
f 4556 4645 4501
f 4556 4412 4467
f 4700 4645 4556
f 4556 4611 4700
f 4467 4611 4556
f 4734 4789 4878
f 4645 4789 4734
f 5001 5056 5145
f 5145 5090 5001
f 5001 4946 4857
f 5001 5090 4946
f 4878 5022 4967
f 5082 5027 4938
f 5171 5027 5082
f 5315 5260 5171
f 5404 5260 5315
f 4904 4815 4959
f 4904 4760 4815
f 4849 4760 4904
f 4069 4213 4158
f 4069 4014 3925
f 4158 4014 4069
f 4124 4213 4069
f 5145 5289 5234
f 5234 5090 5145
f 4747 4603 4658
f 4658 4802 4747
f 1349 1205 1260
f 1472 1328 1383
f 1383 1328 1239
f 1870 1726 1781
f 1692 1836 1781
f 1637 1726 1582
f 1692 1781 1637
f 1637 1781 1726
f 1459 1315 1370
f 1802 1946 1891
f 1857 1946 1802
f 1747 1836 1692
f 1692 1603 1747
f 1891 1836 1747
f 1747 1802 1891
f 1582 1726 1671
f 1671 1726 1815
f 2061 2205 2150
f 2150 2006 2061
f 1760 1815 1904
f 1760 1671 1815
f 2116 2061 1972
f 2205 2061 2116
f 2069 2124 2213
f 2213 2158 2069
f 2357 2302 2213
f 2213 2268 2357
f 2357 2268 2412
f 2734 2590 2645
f 2645 2789 2734
f 2734 2823 2679
f 2679 2590 2734
f 2535 2590 2679
f 2679 2624 2535
f 2912 3001 2857
f 2912 2823 2967
f 2946 3001 3090
f 3090 3035 2946
f 3090 3145 3234
f 3090 3001 3145
f 2493 2582 2438
f 2692 2548 2603
f 2548 2459 2603
f 3336 3480 3425
f 3391 3480 3336
f 3336 3247 3391
f 1951 2006 2095
f 2095 2006 2150
f 2150 2239 2095
f 2150 2205 2294
f 2294 2239 2150
f 2239 2294 2383
f 2438 2527 2383
f 2383 2294 2438
f 2451 2595 2540
f 2540 2396 2451
f 2451 2396 2307
f 2828 2684 2739
f 2684 2595 2739
f 2849 2705 2760
f 2849 2993 2938
f 2760 2904 2849
f 2849 2904 2993
f 2616 2705 2561
f 2760 2705 2616
f 2582 2726 2671
f 2671 2527 2582
f 2760 2616 2671
f 2671 2616 2527
f 5551 5462 5606
f 5407 5462 5551
f 5551 5496 5407
f 5551 5640 5496
f 5407 5263 5318
f 5318 5462 5407
f 5318 5229 5373
f 5373 5462 5318
f 5208 5263 5352
f 5352 5297 5208
f 5441 5297 5352
f 5496 5441 5352
f 5407 5496 5352
f 5352 5263 5407
f 5106 5250 5195
f 5250 5339 5195
f 4907 4962 5051
f 5051 5195 5140
f 5051 4962 5106
f 5106 5195 5051
f 4729 4674 4585
f 4585 4640 4729
f 4530 4674 4619
f 4530 4386 4441
f 4441 4585 4530
f 4530 4585 4674
f 4619 4475 4530
f 4475 4386 4530
f 5119 5263 5208
f 5119 5064 4975
f 5208 5064 5119
f 5085 5140 5229
f 4653 4564 4708
f 4708 4564 4619
f 4619 4763 4708
f 4831 4920 4776
f 4975 4920 4831
f 5030 5119 4975
f 4941 5085 5030
f 4797 4742 4653
f 4653 4708 4797
f 3619 3763 3708
f 3708 3763 3852
f 4517 4462 4373
f 4373 4428 4517
f 4606 4462 4517
f 4517 4661 4606
f 4606 4695 4551
f 4551 4462 4606
f 4318 4462 4407
f 4229 4373 4318
f 4318 4373 4462
f 4716 4771 4860
f 4627 4771 4716
f 4983 4839 4894
f 4538 4394 4449
f 4682 4627 4538
f 4538 4593 4682
f 4538 4449 4593
f 2556 2611 2700
f 2700 2645 2556
f 2789 2645 2700
f 2844 2789 2700
f 2700 2755 2844
f 2611 2755 2700
f 2556 2412 2467
f 2467 2611 2556
f 1912 2056 2001
f 1912 1857 1768
f 2001 1857 1912
f 2666 2810 2755
f 2666 2755 2611
f 2577 2721 2666
f 2666 2721 2810
f 3043 2988 2899
f 2899 2954 3043
f 2810 2954 2899
f 2755 2810 2899
f 2899 2988 2844
f 2844 2755 2899
f 6929 6840 6984
f 6785 6840 6929
f 6929 6874 6785
f 6366 6421 6510
f 6421 6565 6510
f 6510 6654 6599
f 6510 6565 6654
f 6798 6654 6709
f 6709 6853 6798
f 6654 6565 6709
f 6709 6565 6620
f 6586 6497 6641
f 6599 6688 6544
f 6633 6688 6777
f 6633 6544 6688
f 6578 6489 6633
f 6489 6544 6633
f 7060 7094 7005
f 7005 6916 7060
f 6916 6971 7060
f 7591 7557 7646
f 7591 7625 7536
f 7536 7502 7591
f 7502 7557 7591
f 7591 7646 7680
f 7680 7625 7591
f 7612 7578 7667
f 7667 7646 7612
f 7646 7557 7612
f 7523 7578 7612
f 7612 7557 7523
f 7264 7298 7209
f 7209 7298 7243
f 6798 6853 6942
f 6942 6853 6997
f 7277 7243 7332
f 7243 7298 7332
f 6735 6646 6790
f 6735 6879 6824
f 6790 6879 6735
f 6824 6680 6735
f 6735 6680 6591
f 6591 6646 6735
f 7099 7188 7133
f 7044 6900 6955
f 7133 7078 7044
f 7044 7099 7133
f 6989 6934 6845
f 6845 6900 6989
f 6900 7044 6989
f 6989 7044 7078
f 7002 6913 7057
f 7256 7290 7201
f 7167 7078 7133
f 7133 7222 7167
f 7222 7256 7167
f 7167 7256 7201
f 6290 6434 6379
f 6379 6468 6324
f 6379 6523 6468
f 6434 6523 6379
f 6379 6235 6290
f 6324 6235 6379
f 6612 6756 6701
f 6612 6701 6557
f 6557 6468 6612
f 6468 6523 6612
f 6489 6434 6345
f 6345 6434 6290
f 6112 6256 6201
f 6201 6057 6112
f 6201 6345 6290
f 6256 6345 6201
f 6290 6146 6201
f 6201 6146 6057
f 6240 6295 6384
f 6151 6295 6240
f 6426 6282 6337
f 6248 6392 6337
f 6337 6193 6248
f 6282 6193 6337
f 6481 6426 6337
f 6337 6392 6481
f 6439 6295 6350
f 6295 6206 6350
f 5761 5816 5905
f 5905 5816 5960
f 6138 6227 6083
f 5706 5617 5761
f 6214 6070 6125
f 6125 6269 6214
f 6214 6269 6358
f 5926 6070 6015
f 6015 5871 5926
f 5960 5871 6015
f 6010 6154 6099
f 6099 5955 6010
f 6298 6154 6209
f 6209 6353 6298
f 6332 6421 6277
f 6277 6188 6332
f 5722 5633 5777
f 5989 5845 5900
f 6044 6188 6133
f 6044 5900 5955
f 6099 6188 6044
f 6044 5955 6099
f 6044 6133 5989
f 5989 5900 6044
f 5612 5523 5667
f 5557 5502 5413
f 5413 5358 5269
f 5413 5502 5358
f 5934 5790 5845
f 5934 6078 6023
f 5934 6023 5879
f 5879 5790 5934
f 5934 5845 5989
f 5989 6078 5934
f 5646 5790 5735
f 5646 5502 5557
f 6023 6078 6167
f 6112 6023 6167
f 6167 6256 6112
f 6167 6078 6222
f 5735 5680 5591
f 5591 5646 5735
f 5502 5646 5591
f 5447 5502 5591
f 5536 5447 5591
f 5591 5680 5536
f 5570 5481 5625
f 5625 5714 5570
f 5625 5481 5536
f 5769 5714 5625
f 5536 5680 5625
f 5625 5680 5769
f 5172 5316 5261
f 5261 5117 5172
f 5261 5350 5206
f 5206 5117 5261
f 5405 5460 5549
f 5405 5316 5460
f 5405 5261 5316
f 5350 5261 5405
f 6049 6193 6138
f 6049 5905 5960
f 5473 5418 5329
f 5329 5384 5473
f 5473 5528 5617
f 5473 5384 5528
f 7720 7665 7686
f 7720 7775 7754
f 7720 7754 7699
f 7699 7665 7720
f 7576 7665 7610
f 7555 7521 7610
f 7521 7576 7610
f 7610 7644 7555
f 7665 7644 7610
f 7623 7589 7678
f 7589 7644 7678
f 7678 7644 7699
f 7746 7712 7767
f 7877 7911 7890
f 7911 7924 7890
f 7903 7869 7890
f 7890 7924 7903
f 7856 7822 7877
f 7877 7890 7856
f 7877 7822 7843
f 7809 7864 7843
f 7843 7864 7877
f 4868 4957 4813
f 4813 4957 4902
f 4902 4758 4813
f 4813 4758 4669
f 5245 5190 5101
f 5245 5101 5156
f 5156 5300 5245
f 5300 5389 5245
f 5046 5190 5135
f 4902 4957 5046
f 5046 4957 5101
f 5101 5190 5046
f 5046 4991 4902
f 5135 4991 5046
f 5567 5478 5622
f 5622 5478 5533
f 5533 5677 5622
f 5622 5677 5766
f 4915 4826 4970
f 4970 5059 4915
f 4970 4826 4881
f 5114 5059 4970
f 4881 5025 4970
f 4970 5025 5114
f 5080 4991 5135
f 5169 5025 5080
f 4936 5025 4881
f 4936 5080 5025
f 4991 5080 4936
f 4457 4546 4402
f 4402 4313 4457
f 4326 4182 4237
f 4182 4093 4237
f 4237 4093 4148
f 4148 4292 4237
f 4114 4203 4059
f 4381 4525 4470
f 4381 4237 4292
f 4436 4525 4381
f 4381 4292 4436
f 4381 4470 4326
f 4326 4237 4381
f 5250 5161 5305
f 6622 6478 6533
f 6588 6677 6533
f 6533 6677 6622
f 6266 6321 6410
f 5135 5190 5279
f 5423 5368 5279
f 5580 5635 5724
f 5258 5114 5169
f 5169 5313 5258
f 5436 5580 5525
f 5525 5381 5436
f 5436 5381 5292
f 6724 6635 6779
f 6724 6580 6635
f 6161 6072 6216
f 6216 6072 6127
f 6504 6593 6449
f 6245 6101 6156
f 6381 6237 6292
f 6525 6381 6436
f 6436 6580 6525
f 6381 6292 6436
f 6436 6292 6347
f 6418 6507 6363
f 6287 6431 6376
f 6287 6342 6431
f 6376 6232 6287
f 6232 6143 6287
f 6253 6109 6164
f 6164 6308 6253
f 6253 6308 6397
f 6397 6342 6253
f 5533 5444 5588
f 5588 5677 5533
f 5588 5444 5499
f 5732 5677 5588
f 5588 5643 5732
f 5499 5643 5588
f 5965 6054 5910
f 5910 5821 5965
f 5910 6054 5999
f 5766 5821 5910
f 5999 5855 5910
f 5910 5855 5766
f 6973 7028 7062
f 6884 7028 6973
f 7062 6918 6973
f 6829 6884 6973
f 6973 6918 6829
f 7413 7502 7447
f 7481 7392 7447
f 7447 7502 7536
f 7536 7481 7447
f 7337 7426 7371
f 7337 7392 7426
f 7261 7227 7316
f 7371 7405 7316
f 7316 7350 7261
f 7316 7405 7350
f 7172 7227 7261
f 7172 7261 7206
f 7206 7117 7172
f 7227 7172 7138
f 6858 6913 7002
f 6617 6761 6706
f 6706 6562 6617
f 6562 6473 6617
f 6549 6405 6460
f 6981 6837 6892
f 6541 6685 6630
f 6541 6596 6685
f 6541 6486 6397
f 6630 6486 6541
f 7122 7067 7033
f 7033 7088 7122
f 6910 7054 6999
f 7054 7088 6999
f 6999 6855 6910
f 6999 6944 6855
f 7088 7033 6999
f 7033 6944 6999
f 6779 6923 6868
f 6868 6724 6779
f 6813 6724 6868
f 6868 6923 7012
f 7706 7651 7672
f 7672 7651 7617
f 7617 7583 7672
f 7528 7583 7617
f 7816 7761 7782
f 7748 7803 7782
f 7782 7837 7816
f 7803 7837 7782
f 7672 7693 7727
f 7727 7706 7672
f 7761 7706 7727
f 7727 7782 7761
f 7727 7693 7748
f 7748 7782 7727
f 7324 7290 7379
f 7324 7379 7413
f 7413 7447 7358
f 7358 7447 7392
f 7358 7324 7413
f 7269 7324 7358
f 7070 6981 7036
f 7036 6981 6892
f 6986 6842 6897
f 7075 6931 6986
f 7075 7020 6931
f 7075 7130 7164
f 7075 7164 7109
f 7109 7020 7075
f 7185 7151 7240
f 7240 7274 7185
f 7206 7295 7240
f 7240 7151 7206
f 7520 7486 7575
f 7575 7609 7520
f 7520 7609 7554
f 7452 7486 7397
f 7507 7452 7418
f 7418 7473 7507
f 7643 7609 7664
f 7664 7698 7643
f 7664 7575 7630
f 7664 7609 7575
f 7719 7698 7664
f 7528 7473 7439
f 7439 7494 7528
f 7439 7473 7384
f 7439 7384 7350
f 7350 7405 7439
f 7405 7494 7439
f 7308 7274 7363
f 7418 7452 7363
f 7452 7397 7363
f 7363 7397 7308
f 7219 7274 7308
f 7219 7253 7164
f 7308 7253 7219
f 7164 7130 7219
f 7219 7130 7185
f 7185 7274 7219
f 7198 7232 7143
f 7198 7143 7109
f 7109 7164 7198
f 7164 7253 7198
f 3335 3390 3479
f 3424 3335 3479
f 3479 3568 3424
f 3623 3568 3479
f 3657 3568 3712
f 3712 3801 3657
f 3712 3568 3623
f 3856 3801 3712
f 3623 3767 3712
f 3712 3767 3856
f 3390 3445 3534
f 3623 3479 3534
f 3534 3479 3390
f 3534 3678 3623
f 3589 3678 3534
f 3534 3445 3589
f 3458 3547 3403
f 3403 3314 3458
f 3458 3314 3369
f 3602 3547 3458
f 3458 3513 3602
f 3369 3513 3458
f 3123 3178 3267
f 3267 3212 3123
f 3356 3212 3267
f 3411 3356 3267
f 3267 3322 3411
f 3267 3178 3322
f 2107 2196 2052
f 2107 2251 2196
f 2107 2018 2162
f 2162 2251 2107
f 2361 2217 2272
f 2217 2128 2272
f 2272 2128 2183
f 1785 1696 1840
f 1696 1751 1840
f 1840 1929 1785
f 1984 1929 1840
f 1840 1895 1984
f 1840 1751 1895
f 1539 1450 1594
f 1539 1594 1683
f 1683 1628 1539
f 1539 1628 1484
f 1942 1853 1997
f 1942 1887 1798
f 1798 1853 1942
f 2120 2264 2209
f 2264 2353 2209
f 2353 2298 2209
f 2209 2065 2120
f 2154 2065 2209
f 2209 2298 2154
f 2463 2408 2319
f 2319 2374 2463
f 2230 2374 2319
f 2319 2175 2230
f 2264 2175 2319
f 2319 2408 2264
f 2552 2641 2497
f 2497 2408 2552
f 2552 2408 2463
f 2552 2696 2641
f 2997 3141 3086
f 2997 2908 3052
f 3052 3141 2997
f 2531 2675 2620
f 2586 2675 2531
f 2463 2518 2607
f 2607 2552 2463
f 2696 2552 2607
f 2751 2696 2607
f 2518 2662 2607
f 2607 2662 2751
f 2840 2696 2751
f 2840 2984 2929
f 2641 2696 2785
f 2785 2730 2641
f 2785 2840 2929
f 2696 2840 2785
f 2874 2963 2819
f 2819 2730 2874
f 2730 2785 2874
f 2874 3018 2963
f 2929 3018 2874
f 2874 2785 2929
f 3073 3217 3162
f 3217 3306 3162
f 3162 3306 3251
f 3162 3018 3073
f 3162 3251 3107
f 3107 3018 3162
f 3759 3704 3615
f 3526 3670 3615
f 3615 3670 3759
f 3615 3471 3526
f 3560 3704 3649
f 3560 3416 3471
f 3471 3615 3560
f 3560 3615 3704
f 3505 3361 3416
f 3505 3560 3649
f 3416 3560 3505
f 3450 3361 3505
f 3039 3094 3183
f 3183 3128 3039
f 3272 3128 3183
f 3327 3272 3183
f 3293 3382 3238
f 3238 3382 3327
f 3327 3183 3238
f 3238 3183 3094
f 2916 3060 3005
f 3005 2861 2916
f 2950 3094 3039
f 2861 3005 2950
f 2950 3005 3094
f 2594 2505 2649
f 2628 2772 2717
f 2628 2717 2573
f 2162 2217 2306
f 2306 2251 2162
f 2395 2251 2306
f 2306 2217 2361
f 2340 2395 2484
f 2484 2573 2429
f 2429 2340 2484
f 2484 2628 2573
f 2484 2395 2539
f 2539 2628 2484
f 5280 5424 5369
f 5369 5225 5280
f 5513 5657 5602
f 5513 5369 5424
f 5568 5657 5513
f 5513 5424 5568
f 5513 5602 5458
f 5458 5369 5513
f 5636 5547 5691
f 5492 5547 5636
f 5314 5369 5458
f 5225 5369 5314
f 4992 5136 5081
f 5081 5136 5225
f 6110 5966 6021
f 6254 6199 6110
f 6110 6055 5966
f 6199 6055 6110
f 6021 6165 6110
f 6110 6165 6254
f 4259 4115 4170
f 4204 4115 4259
f 4259 4348 4204
f 4670 4725 4814
f 4903 4759 4814
f 4814 4759 4670
f 4725 4869 4814
f 4581 4725 4670
f 4437 4492 4581
f 4581 4492 4636
f 4636 4725 4581
f 4581 4526 4437
f 4670 4526 4581
f 4382 4526 4471
f 4238 4293 4382
f 4382 4293 4437
f 4437 4526 4382
f 4471 4327 4382
f 4382 4327 4238
f 4636 4691 4780
f 4780 4725 4636
f 4780 4869 4725
f 5013 5068 5157
f 5301 5246 5157
f 5212 5301 5157
f 5157 5068 5212
f 5191 5136 5047
f 5280 5136 5191
f 5479 5424 5335
f 5335 5390 5479
f 5246 5390 5335
f 5335 5191 5246
f 5335 5424 5280
f 5280 5191 5335
f 5699 5644 5555
f 5555 5610 5699
f 5356 5411 5500
f 5500 5445 5356
f 5411 5555 5500
f 5500 5555 5644
f 5178 5089 5233
f 5288 5377 5233
f 5932 5843 5987
f 5788 5843 5932
f 6021 5877 5932
f 5932 5877 5788
f 5945 6089 6034
f 5801 5856 5945
f 6000 6089 5945
f 5945 5856 6000
f 5945 5890 5801
f 5945 6034 5890
f 5767 5712 5623
f 5479 5534 5623
f 5623 5568 5479
f 5623 5712 5568
f 5767 5623 5678
f 5678 5623 5534
f 5966 5911 5822
f 5733 5877 5822
f 5822 5877 5966
f 5822 5678 5733
f 5822 5911 5767
f 5767 5678 5822
f 5987 6131 6076
f 6076 5932 5987
f 6076 6165 6021
f 6021 5932 6076
f 6275 6364 6220
f 6220 6131 6275
f 6165 6076 6220
f 6220 6076 6131
f 6097 5953 6008
f 6330 6419 6275
f 6330 6241 6385
f 6385 6241 6296
f 6296 6440 6385
f 6351 6440 6296
f 6618 6707 6563
f 7016 7105 7050
f 7050 7084 6995
f 6995 6851 6906
f 6906 7050 6995
f 6762 6851 6707
f 6707 6618 6762
f 6762 6618 6673
f 6762 6673 6817
f 6817 6906 6762
f 6762 6906 6851
f 6940 6851 6995
f 6885 6940 7029
f 6995 7084 7029
f 7029 6940 6995
f 6597 6686 6542
f 6453 6508 6597
f 6597 6542 6453
f 7309 7254 7220
f 7173 7207 7118
f 7063 7029 7118
f 7118 7084 7173
f 7118 7029 7084
f 6775 6919 6864
f 6953 6809 6864
f 6830 6919 6775
f 6775 6686 6830
f 7055 7000 6911
f 6767 6822 6911
f 6898 6809 6953
f 6953 7042 6898
f 6631 6775 6720
f 6720 6576 6631
f 6775 6864 6720
f 6720 6864 6809
f 6699 6610 6754
f 6754 6843 6699
f 6754 6898 6843
f 6809 6898 6754
f 7008 7042 6953
f 7008 6919 7063
f 6953 6864 7008
f 7008 6864 6919
f 7097 7008 7063
f 7042 7008 7097
f 6555 6610 6699
f 6356 6500 6445
f 6390 6301 6445
f 6445 6301 6356
f 6767 6623 6678
f 6678 6822 6767
f 7191 7225 7136
f 7081 7047 7136
f 7136 7102 7191
f 7136 7047 7102
f 7403 7348 7314
f 7568 7479 7534
f 7534 7623 7568
f 7534 7589 7623
f 7314 7225 7280
f 7280 7225 7191
f 7466 7521 7555
f 7411 7377 7466
f 6149 6204 6293
f 6293 6238 6149
f 6115 6259 6204
f 6115 5971 6026
f 6060 6204 6149
f 6149 6005 6060
f 6060 6115 6204
f 5971 6115 6060
f 5916 6060 6005
f 5971 6060 5916
f 6026 5971 5882
f 5882 5937 6026
f 5793 5937 5882
f 5738 5793 5882
f 5615 5759 5704
f 5704 5560 5615
f 6026 5937 6081
f 5848 5759 5903
f 5848 5704 5759
f 5848 5937 5793
f 5793 5704 5848
f 6068 6212 6157
f 6157 6212 6301
f 6013 6157 6102
f 5924 6068 6013
f 6068 6157 6013
f 7055 6911 6966
f 6966 6822 6877
f 6966 6911 6822
f 7199 7254 7288
f 7165 7254 7199
f 7199 7110 7165
f 6869 6780 6924
f 6869 6725 6780
f 6903 7047 6992
f 6992 7047 7081
f 6992 6848 6903
f 6992 6937 6848
f 7013 7068 7102
f 7102 7047 7013
f 7013 7047 6958
f 6924 7068 7013
f 7013 6869 6924
f 6958 6869 7013
f 6979 6835 6890
f 6890 6801 6945
f 6945 7034 6890
f 6890 7034 6979
f 6636 6581 6492
f 6492 6547 6636
f 6403 6547 6492
f 6492 6581 6437
f 6746 6657 6801
f 6801 6890 6746
f 6746 6890 6835
f 6746 6835 6691
f 6691 6602 6746
f 6602 6657 6746
f 6479 6623 6568
f 6568 6513 6424
f 6424 6479 6568
f 5408 5463 5552
f 5552 5497 5408
f 5353 5264 5408
f 5408 5497 5353
f 5777 5633 5688
f 5510 5455 5366
f 5510 5599 5455
f 5340 5196 5251
f 5484 5429 5340
f 5285 5196 5340
f 5340 5429 5285
f 5251 5395 5340
f 5340 5395 5484
f 5306 5395 5251
f 5450 5395 5306
f 5628 5484 5539
f 5484 5395 5539
f 5539 5395 5450
f 5539 5683 5628
f 5552 5607 5696
f 5628 5772 5717
f 5717 5573 5628
f 5717 5806 5662
f 5662 5573 5717
f 5950 6039 5895
f 5895 5806 5950
f 6005 6094 5950
f 5950 6094 6039
f 4607 4662 4751
f 4895 4840 4751
f 4518 4662 4607
f 4607 4463 4518
f 4518 4463 4374
f 4505 4361 4416
f 4594 4450 4505
f 4505 4450 4361
f 5361 5505 5450
f 5450 5306 5361
f 5361 5306 5217
f 5450 5505 5594
f 5594 5539 5450
f 5683 5539 5594
f 5738 5683 5594
f 5649 5793 5738
f 5505 5560 5649
f 5649 5704 5793
f 5560 5704 5649
f 5738 5594 5649
f 5649 5594 5505
f 4958 4869 5013
f 4958 4814 4869
f 5047 4903 4958
f 4903 4814 4958
f 4403 4547 4492
f 4492 4348 4403
f 4348 4259 4403
f 4335 4246 4390
f 4445 4534 4390
f 4170 4081 4225
f 4848 4903 4992
f 4848 4759 4903
f 4704 4848 4793
f 4615 4759 4704
f 4759 4848 4704
f 3683 3738 3827
f 3827 3772 3683
f 3882 3738 3793
f 3882 4026 3971
f 3971 3827 3882
f 3882 3827 3738
f 4081 4026 3937
f 3848 3992 3937
f 3937 3992 4081
f 3937 3793 3848
f 3937 3882 3793
f 4026 3882 3937
f 3437 3581 3526
f 3293 3348 3437
f 3437 3382 3293
f 3526 3382 3437
f 3348 3403 3492
f 3492 3437 3348
f 3581 3437 3492
f 3403 3547 3492
f 4701 4845 4790
f 4557 4612 4701
f 4701 4612 4756
f 4756 4845 4701
f 4790 4646 4701
f 4701 4646 4557
f 5078 4934 4989
f 4934 4845 4989
f 4324 4379 4468
f 4468 4413 4324
f 4557 4413 4468
f 4468 4612 4557
f 4578 4434 4489
f 4489 4633 4578
f 4489 4400 4544
f 4544 4633 4489
f 4379 4434 4523
f 4612 4468 4523
f 4523 4468 4379
f 4523 4434 4578
f 4735 4824 4680
f 4680 4591 4735
f 4680 4824 4769
f 4036 4180 4125
f 4125 3981 4036
f 4091 4180 4036
f 4125 4180 4269
f 4358 4214 4269
f 4269 4214 4125
f 4269 4413 4358
f 4324 4413 4269
f 4269 4180 4324
f 6848 6704 6759
f 6903 6848 6759
f 6615 6704 6560
f 6560 6471 6615
f 6471 6526 6615
f 6615 6526 6670
f 6670 6759 6615
f 6615 6759 6704
f 6738 6827 6683
f 6628 6539 6683
f 6573 6484 6628
f 6450 6539 6395
f 6450 6361 6505
f 6607 6696 6552
f 6607 6463 6518
f 6552 6463 6607
f 7885 7864 7830
f 7830 7864 7809
f 7809 7775 7830
f 7830 7775 7796
f 7796 7775 7741
f 7741 7720 7686
f 7775 7720 7741
f 7474 7419 7385
f 7563 7508 7474
f 7508 7419 7474
f 7296 7385 7330
f 7296 7351 7385
f 7207 7262 7296
f 7296 7262 7351
f 7956 7977 7969
f 7956 7935 7922
f 7888 7909 7922
f 7964 7977 7956
f 7982 7987 7974
f 7919 7940 7953
f 7953 7932 7919
f 7885 7906 7919
f 7906 7940 7919
f 7898 7911 7877
f 7898 7932 7911
f 7898 7919 7932
f 7877 7864 7898
f 7898 7864 7885
f 7885 7919 7898
f 7780 7814 7759
f 7848 7814 7869
f 7869 7882 7848
f 7848 7882 7827
f 7827 7882 7861
f 7882 7895 7861
f 7845 7790 7811
f 7764 7785 7819
f 7819 7798 7764
f 7879 7845 7866
f 7845 7811 7866
f 7908 7929 7942
f 7908 7887 7874
f 7908 7895 7929
f 7874 7895 7908
f 7984 7976 7963
f 7963 7955 7942
f 7976 7955 7963
f 7942 7929 7963
f 7929 7950 7963
f 7971 7979 7984
f 7958 7979 7971
f 7971 7950 7958
f 7984 7963 7971
f 7971 7963 7950
f 7997 7984 7992
f 7984 7979 7992
f 7992 7979 7987
f 7987 7995 7992
f 7992 8000 7997
f 7992 7995 8000
f 7620 7531 7586
f 7586 7675 7620
f 7586 7641 7675
f 7751 7785 7730
f 7599 7688 7633
f 7565 7531 7620
f 7565 7599 7510
f 7701 7722 7756
f 7756 7811 7790
f 7756 7722 7777
f 7777 7811 7756
f 7764 7743 7709
f 7709 7730 7764
f 7709 7675 7730
f 7709 7743 7688
f 6008 6063 6152
f 6152 6097 6008
f 6241 6097 6152
f 6152 6296 6241
f 5338 5482 5427
f 5427 5372 5283
f 5194 5338 5283
f 5283 5338 5427
f 5571 5482 5626
f 5626 5715 5571
f 5427 5482 5571
f 6003 6058 6147
f 6236 6092 6147
f 6147 6092 6003
f 6147 6058 6202
f 3762 3618 3673
f 3906 3851 3762
f 3673 3817 3762
f 3762 3817 3906
f 5393 5537 5482
f 5482 5338 5393
f 5304 5448 5393
f 5448 5537 5393
f 5537 5592 5681
f 5626 5537 5681
f 5736 5825 5681
f 5681 5592 5736
f 5215 5359 5304
f 5215 5071 5126
f 5126 5270 5215
f 5270 5359 5215
f 5304 5160 5215
f 5215 5160 5071
f 5003 5092 4948
f 5003 4914 5058
f 5181 5092 5236
f 5236 5325 5181
f 5380 5325 5236
f 5236 5291 5380
f 4948 4893 4804
f 4804 4660 4715
f 4804 4893 4749
f 4749 4660 4804
f 4859 4715 4770
f 4859 5003 4948
f 4948 4804 4859
f 4859 4804 4715
f 4859 4770 4914
f 4914 5003 4859
f 5058 4969 5113
f 5113 5202 5058
f 5113 4969 5024
f 5257 5202 5113
f 5113 5024 5168
f 5168 5257 5113
f 3542 3631 3487
f 3542 3686 3631
f 3597 3686 3542
f 3254 3343 3199
f 3199 3110 3254
f 3364 3309 3220
f 3220 3275 3364
f 3419 3508 3364
f 3364 3275 3419
f 3042 3186 3131
f 3186 3275 3131
f 3131 3275 3220
f 3131 2987 3042
f 2932 2987 3076
f 3076 3021 2932
f 3076 3131 3220
f 2987 3131 3076
f 3529 3618 3474
f 3673 3618 3529
f 3529 3584 3673
f 2775 2720 2631
f 2864 2720 2775
f 2741 2597 2652
f 2652 2796 2741
f 2974 3118 3063
f 3029 3118 2974
f 3652 3796 3741
f 3508 3563 3652
f 3652 3741 3597
f 3597 3508 3652
f 3707 3563 3618
f 3707 3851 3796
f 3796 3652 3707
f 3707 3652 3563
f 3618 3762 3707
f 3707 3762 3851
f 3828 3883 3972
f 4171 4315 4260
f 4260 4315 4404
f 4294 4205 4349
f 4205 4260 4349
f 4404 4493 4349
f 4349 4260 4404
f 3430 3375 3286
f 3807 3663 3718
f 4294 4239 4150
f 4061 4205 4150
f 4150 4205 4294
f 4150 4239 4095
f 3917 3972 4061
f 3828 3972 3917
f 4561 4506 4417
f 4328 4472 4417
f 4417 4472 4561
f 4417 4273 4328
f 4362 4273 4417
f 4417 4506 4362
f 4815 4760 4671
f 4671 4726 4815
f 4671 4616 4527
f 4760 4616 4671
f 3019 2930 3074
f 3074 3163 3019
f 3074 2930 2985
f 3218 3163 3074
f 2909 2854 2765
f 2998 2854 2909
f 2875 2731 2786
f 3019 2964 2875
f 2786 2930 2875
f 2875 2930 3019
f 3108 2964 3019
f 3108 3163 3252
f 3019 3163 3108
f 3129 3273 3218
f 2985 3040 3129
f 3040 3184 3129
f 3129 3184 3273
f 3129 3074 2985
f 3218 3074 3129
f 7176 7087 7142
f 7108 7019 7074
f 7074 7163 7108
f 7108 7053 7019
f 7108 7163 7197
f 7108 7197 7142
f 7142 7053 7108
f 7252 7218 7307
f 7252 7163 7218
f 7197 7163 7252
f 7307 7341 7252
f 7849 7870 7883
f 7883 7870 7904
f 7883 7828 7849
f 7807 7828 7862
f 7862 7883 7896
f 7828 7883 7862
f 7841 7862 7896
f 7807 7862 7841
f 7841 7820 7786
f 7786 7807 7841
f 7875 7896 7909
f 7888 7854 7875
f 7875 7909 7888
f 7875 7841 7896
f 7875 7854 7820
f 7820 7841 7875
f 7904 7870 7891
f 7100 7045 7011
f 6901 7045 6990
f 7134 7100 7189
f 7045 7100 7134
f 7815 7870 7849
f 7773 7828 7807
f 7718 7739 7773
f 7773 7752 7718
f 7807 7752 7773
f 7739 7760 7794
f 7794 7773 7739
f 7828 7773 7794
f 7760 7815 7794
f 7849 7828 7794
f 7794 7815 7849
f 7527 7616 7561
f 7506 7472 7561
f 7561 7472 7527
f 7514 7425 7480
f 7671 7616 7582
f 7582 7616 7527
f 7328 7273 7239
f 7239 7273 7184
f 7527 7472 7438
f 7438 7472 7383
f 7451 7485 7396
f 7451 7417 7506
f 7451 7362 7417
f 7396 7362 7451
f 7540 7451 7506
f 7485 7451 7540
f 7396 7485 7430
f 7430 7341 7396
f 7430 7485 7519
f 7650 7616 7671
f 7650 7561 7616
f 6917 6773 6828
f 6684 6739 6828
f 6828 6773 6684
f 6849 6938 6794
f 6849 6794 6705
f 6917 6828 6972
f 6548 6459 6603
f 6548 6637 6493
f 6493 6404 6548
f 6404 6459 6548
f 7001 6857 6912
f 6713 6857 6802
f 6692 6747 6836
f 6836 6781 6692
f 6603 6747 6692
f 6692 6781 6637
f 6692 6548 6603
f 6637 6548 6692
f 6912 6967 7056
f 7056 7001 6912
f 7577 7632 7666
f 6925 6781 6836
f 6870 6781 6925
f 7014 7069 7103
f 7014 7048 6959
f 7014 7103 7048
f 7014 6925 7069
f 6959 6870 7014
f 6870 6925 7014
f 7213 7158 7124
f 7213 7179 7268
f 7124 7179 7213
f 7480 7446 7535
f 7030 6975 6886
f 6865 6776 6920
f 6920 7009 6865
f 6666 6611 6522
f 6522 6577 6666
f 6752 6841 6697
f 6608 6752 6697
f 6697 6553 6608
f 7040 7095 7129
f 7040 7129 7074
f 7074 6985 7040
f 6807 6951 6896
f 6896 6985 6841
f 6951 7040 6896
f 6896 7040 6985
f 6896 6752 6807
f 6896 6841 6752
f 6519 6663 6608
f 6608 6464 6519
f 6464 6375 6519
f 6519 6375 6430
f 6362 6506 6451
f 6362 6451 6307
f 6307 6218 6362
f 6218 6273 6362
f 6650 6506 6561
f 6472 6616 6561
f 6705 6650 6561
f 6561 6616 6705
f 6595 6506 6650
f 6595 6739 6684
f 6595 6650 6739
f 6684 6540 6595
f 6595 6540 6451
f 6451 6506 6595
f 6464 6553 6409
f 6409 6320 6464
f 5943 5888 5799
f 5998 6087 5943
f 5964 6019 6108
f 5964 5875 6019
f 6108 6053 5964
f 5964 5820 5875
f 5964 6053 5909
f 5909 5820 5964
f 5956 5867 6011
f 6011 6100 5956
f 6011 5867 5922
f 6011 6155 6100
f 5883 5828 5739
f 5739 5794 5883
f 5739 5650 5794
f 5739 5595 5650
f 5739 5828 5684
f 5684 5595 5739
f 6048 6137 5993
f 5993 6137 6082
f 6171 6315 6260
f 6027 6082 6171
f 6260 6116 6171
f 6116 6027 6171
f 5561 5417 5472
f 5561 5705 5650
f 5472 5616 5561
f 5616 5705 5561
f 5472 5417 5328
f 5328 5273 5184
f 5417 5273 5328
f 5650 5595 5506
f 5506 5561 5650
f 5417 5561 5506
f 5362 5417 5506
f 5451 5362 5506
f 5506 5595 5451
f 6184 6040 6095
f 6095 6239 6184
f 6184 6328 6273
f 6239 6328 6184
f 6383 6239 6294
f 6383 6328 6239
f 6472 6328 6383
f 6294 6438 6383
f 4430 4485 4574
f 4519 4430 4574
f 4574 4663 4519
f 4718 4663 4574
f 4574 4629 4718
f 4574 4485 4629
f 4875 4930 5019
f 4875 4786 4930
f 5019 4964 4875
f 4875 4964 4820
f 3875 3930 4019
f 3875 3786 3930
f 4019 3964 3875
f 3875 3731 3786
f 3676 3731 3820
f 3820 3964 3909
f 3820 3875 3964
f 3731 3875 3820
f 3642 3587 3498
f 3498 3553 3642
f 3409 3553 3498
f 3354 3409 3498
f 3498 3443 3354
f 3498 3587 3443
f 6276 6132 6187
f 5666 5522 5577
f 5577 5721 5666
f 5666 5721 5810
f 5611 5522 5666
f 5488 5344 5399
f 5632 5577 5488
f 5488 5543 5632
f 5399 5543 5488
f 5289 5344 5433
f 5577 5522 5433
f 5433 5488 5577
f 5344 5488 5433
f 5988 5844 5899
f 5899 5810 5954
f 5700 5844 5789
f 5700 5556 5611
f 5789 5645 5700
f 5645 5556 5700
f 5789 5844 5933
f 5933 5844 5988
f 6763 6708 6619
f 6496 6585 6441
f 6441 6585 6530
f 6671 6616 6527
f 6527 6616 6472
f 6472 6383 6527
f 6527 6383 6438
f 6111 6255 6200
f 6056 6111 6200
f 6200 6145 6056
f 6289 6145 6200
f 6344 6433 6289
f 6289 6200 6344
f 6344 6200 6255
f 6488 6433 6344
f 6221 6132 6276
f 6234 6378 6323
f 6323 6179 6234
f 6501 6556 6645
f 6467 6556 6412
f 6412 6323 6467
f 6467 6323 6378
f 6467 6378 6522
f 6522 6611 6467
f 6611 6556 6467
f 6035 6179 6124
f 6124 5980 6035
f 6658 6569 6713
f 6713 6802 6658
f 6658 6802 6747
f 6658 6747 6603
f 6603 6514 6658
f 6514 6569 6658
f 6446 6357 6501
f 6624 6768 6713
f 6713 6569 6624
f 6624 6569 6480
f 6480 6535 6624
f 5781 5925 5870
f 5781 5726 5637
f 5781 5870 5726
f 6103 6247 6192
f 6048 6103 6192
f 6281 6137 6192
f 6192 6137 6048
f 6336 6480 6425
f 6336 6425 6281
f 6281 6192 6336
f 6336 6192 6247
f 6213 6069 6124
f 6158 6103 6014
f 6158 6247 6103
f 6014 6069 6158
f 6069 6213 6158
f 5040 4896 4951
f 4951 5095 5040
f 5040 5095 5184
f 4985 4896 5040
f 5150 5095 5006
f 5006 5061 5150
f 5150 5205 5294
f 5150 5061 5205
f 4917 5061 5006
f 4917 4773 4828
f 4828 4972 4917
f 4972 5061 4917
f 5006 4862 4917
f 4917 4862 4773
f 5880 5935 6024
f 5969 5880 6024
f 6024 6113 5969
f 6024 6168 6113
f 6024 5935 6079
f 6079 6168 6024
f 6422 6566 6511
f 6511 6367 6422
f 6422 6367 6278
f 6134 6278 6223
f 6134 5990 6045
f 6079 5990 6134
f 6134 6223 6079
f 6189 6100 6244
f 6045 6100 6189
f 6189 6134 6045
f 6278 6134 6189
f 6964 6909 6820
f 6820 6875 6964
f 6731 6875 6820
f 6833 6977 6922
f 7011 6867 6922
f 7066 7100 7011
f 7011 6922 7066
f 7066 6922 6977
f 7066 6977 7032
f 6854 6909 6998
f 6998 6943 6854
f 7032 6977 6888
f 6888 6943 7032
f 6888 6977 6833
f 6833 6744 6888
f 6634 6689 6778
f 6778 6689 6833
f 6833 6922 6778
f 6778 6922 6867
f 6456 6545 6401
f 6401 6312 6456
f 6456 6312 6367
f 6456 6367 6511
f 6511 6600 6456
f 6456 6600 6545
f 6346 6202 6257
f 6257 6401 6346
f 6380 6325 6236
f 6401 6545 6490
f 6490 6346 6401
f 6435 6346 6490
f 6490 6545 6634
f 7024 7058 6969
f 6969 6880 7024
f 6825 6880 6969
f 6990 7024 6935
f 7024 6880 6935
f 6880 6791 6935
f 6613 6757 6702
f 7569 7514 7480
f 7480 7535 7569
f 7700 7645 7666
f 7666 7721 7700
f 7742 7721 7687
f 7619 7674 7653
f 7564 7619 7653
f 7983 7970 7991
f 7962 7970 7983
f 7981 7989 7994
f 7981 7994 7986
f 7986 7973 7981
f 7968 7989 7981
f 7960 7952 7939
f 7973 7952 7960
f 7960 7939 7926
f 7926 7947 7960
f 7960 7981 7973
f 7960 7947 7968
f 7968 7981 7960
f 7868 7889 7902
f 7902 7881 7868
f 7868 7881 7847
f 7813 7868 7847
f 7779 7813 7758
f 7852 7831 7797
f 7873 7886 7852
f 7852 7886 7831
f 7915 7928 7894
f 7894 7839 7860
f 7873 7839 7894
f 7860 7881 7894
f 7894 7881 7915
f 7949 7970 7962
f 7962 7928 7949
f 7949 7928 7915
f 7957 7970 7949
f 7878 7844 7865
f 7865 7899 7878
f 7878 7899 7912
f 7912 7891 7878
f 7878 7891 7857
f 7907 7886 7873
f 7873 7894 7907
f 7907 7894 7928
f 7907 7928 7941
f 7941 7920 7907
f 7920 7886 7907
f 7925 7938 7904
f 7925 7891 7912
f 7904 7891 7925
f 7990 7995 7982
f 7982 7969 7990
f 7990 7969 7977
f 7933 7967 7946
f 7912 7933 7946
f 7946 7925 7912
f 7790 7769 7735
f 7701 7756 7735
f 7735 7756 7790
f 7680 7701 7735
f 7735 7714 7680
f 7735 7769 7714
f 7224 7279 7313
f 7135 7101 7190
f 7190 7224 7135
f 7279 7224 7190
f 7190 7101 7156
f 6758 6813 6902
f 7567 7601 7512
f 7512 7478 7567
f 7444 7478 7389
f 7444 7389 7355
f 7436 7381 7347
f 7470 7559 7504
f 7470 7381 7436
f 7863 7829 7884
f 7910 7889 7876
f 7774 7829 7808
f 7829 7863 7808
f 7808 7863 7842
f 6461 6406 6317
f 6728 6673 6584
f 6584 6639 6728
f 6495 6639 6584
f 6584 6440 6495
f 6783 6639 6694
f 6304 6160 6215
f 6414 6270 6325
f 5775 5919 5864
f 5631 5686 5775
f 5830 5919 5775
f 5775 5686 5830
f 5775 5720 5631
f 5864 5720 5775
f 5576 5720 5665
f 5521 5576 5665
f 5754 5610 5665
f 5665 5610 5521
f 5953 5898 5809
f 5809 5864 5953
f 5809 5720 5864
f 5809 5665 5720
f 5809 5898 5754
f 5754 5665 5809
f 5542 5487 5398
f 5398 5453 5542
f 5487 5432 5343
f 5254 5398 5343
f 5343 5398 5487
f 5343 5199 5254
f 5288 5199 5343
f 5343 5432 5288
f 5541 5397 5452
f 5452 5596 5541
f 5253 5397 5342
f 5376 5520 5465
f 5431 5287 5342
f 5520 5376 5431
f 5431 5376 5287
f 5575 5630 5719
f 5719 5664 5575
f 5575 5664 5520
f 5520 5431 5575
f 5486 5397 5541
f 5541 5630 5486
f 5630 5575 5486
f 5342 5397 5486
f 5486 5431 5342
f 5486 5575 5431
f 5698 5643 5554
f 5465 5609 5554
f 5554 5609 5698
f 5554 5643 5499
f 4559 4504 4415
f 4415 4470 4559
f 4326 4470 4415
f 4889 4800 4944
f 4745 4800 4889
f 4978 4834 4889
f 4889 4834 4745
f 5177 5122 5033
f 5033 4889 4944
f 5033 5122 4978
f 4978 4889 5033
f 5499 5355 5410
f 5465 5554 5410
f 5410 5554 5499
f 5211 5122 5266
f 5266 5355 5211
f 5266 5122 5177
f 5266 5410 5355
f 4580 4525 4436
f 4669 4525 4580
f 3991 3902 4046
f 4046 4135 3991
f 2394 2250 2305
f 2538 2483 2394
f 2305 2449 2394
f 2394 2449 2538
f 2627 2483 2538
f 2627 2771 2716
f 2716 2572 2627
f 2572 2483 2627
f 2682 2771 2627
f 2627 2538 2682
f 2750 2661 2805
f 2805 2894 2750
f 2805 2661 2716
f 2263 2174 2318
f 2174 2229 2318
f 2318 2229 2373
f 2695 2551 2606
f 2606 2750 2695
f 2606 2661 2750
f 2606 2517 2661
f 2250 2394 2339
f 2339 2394 2483
f 2543 2454 2598
f 2941 2996 3085
f 3174 3030 3085
f 3085 3030 2941
f 3085 2996 3140
f 2941 2797 2852
f 2852 2996 2941
f 2852 2763 2907
f 2907 2996 2852
f 2729 2873 2818
f 2585 2640 2729
f 2729 2674 2585
f 2818 2674 2729
f 2784 2640 2695
f 2695 2839 2784
f 2784 2729 2640
f 2873 2729 2784
f 3106 3017 3161
f 2907 2818 2962
f 2962 3051 2907
f 2818 2873 2962
f 2962 3106 3051
f 2962 2873 3017
f 3017 3106 2962
f 3339 3428 3284
f 3318 3462 3407
f 3318 3263 3174
f 3407 3263 3318
f 3729 3585 3640
f 3483 3428 3339
f 3339 3394 3483
f 3771 3716 3627
f 3962 4106 4051
f 4051 4106 4195
f 4250 4394 4339
f 4339 4195 4250
f 4250 4195 4106
f 4305 4394 4250
f 3805 3750 3661
f 3661 3716 3805
f 3606 3462 3517
f 3517 3661 3606
f 3606 3661 3750
f 3551 3462 3606
f 3894 3750 3805
f 3839 3750 3894
f 4017 3928 4072
f 4106 3962 4017
f 2967 2878 3022
f 4918 5062 5007
f 4918 4774 4829
f 4829 4973 4918
f 4973 5062 4918
f 5007 4863 4918
f 4863 4774 4918
f 4240 4295 4384
f 4473 4329 4384
f 4329 4240 4384
f 4384 4528 4473
f 4439 4528 4384
f 4384 4295 4439
f 4766 4622 4677
f 4711 4800 4656
f 4622 4766 4711
f 4931 4787 4842
f 4931 5075 5020
f 5020 4876 4931
f 4876 4787 4931
f 4842 4986 4931
f 4986 5075 4931
f 4266 4177 4321
f 4321 4410 4266
f 4410 4355 4266
f 4122 4177 4266
f 4266 4211 4122
f 4266 4355 4211
f 4253 4342 4198
f 4198 4109 4253
f 4198 4342 4287
f 4054 4109 4198
f 4287 4143 4198
f 4198 4143 4054
f 4575 4431 4486
f 4719 4664 4575
f 4664 4520 4575
f 4520 4431 4575
f 4575 4630 4719
f 4486 4630 4575
f 4211 4156 4067
f 4122 4211 4067
f 4067 3978 4122
f 4067 4156 4012
f 3148 3203 3292
f 2716 2771 2860
f 2860 2805 2716
f 2826 2737 2881
f 2826 2771 2682
f 2682 2737 2826
f 2271 2415 2360
f 2360 2216 2271
f 2305 2216 2360
f 2360 2449 2305
f 2415 2559 2504
f 2504 2360 2415
f 2449 2360 2504
f 2436 2381 2292
f 2347 2436 2292
f 2292 2203 2347
f 2292 2148 2203
f 2237 2148 2292
f 2292 2381 2237
f 2525 2381 2436
f 2525 2580 2669
f 2436 2580 2525
f 2470 2381 2525
f 3567 3423 3478
f 3567 3711 3656
f 3656 3512 3567
f 3512 3423 3567
f 3622 3711 3567
f 3567 3478 3622
f 2897 2753 2808
f 2808 2952 2897
f 2986 2842 2897
f 2842 2753 2897
f 4185 4130 4041
f 4041 4096 4185
f 4041 4130 3986
f 3986 3897 4041
f 144 123 110
f 110 123 89
f 110 165 144
f 63 97 76
f 76 110 89
f 97 110 76
f 105 71 92
f 92 126 105
f 105 126 160
f 202 236 181
f 181 236 215
f 147 202 181
f 181 215 160
f 181 126 147
f 160 126 181
f 274 295 329
f 308 274 329
f 329 363 308
f 418 363 329
f 329 295 350
f 274 253 219
f 219 185 240
f 240 274 219
f 219 253 198
f 198 164 219
f 219 164 185
f 499 588 533
f 533 444 499
f 499 410 465
f 499 444 410
f 478 512 423
f 478 444 533
f 478 423 389
f 389 444 478
f 533 622 567
f 567 478 533
f 512 478 567
f 567 622 656
f 578 544 633
f 688 722 633
f 667 578 633
f 633 722 667
f 468 523 557
f 557 523 612
f 557 646 591
f 612 646 557
f 680 714 625
f 769 714 680
f 680 625 591
f 591 646 680
f 599 654 688
f 688 633 599
f 599 633 544
f 599 565 654
f 599 544 510
f 510 565 599
f 688 654 743
f 709 798 743
f 743 654 709
f 756 722 811
f 900 845 811
f 811 845 756
f 2 3 5
f 36 28 15
f 49 28 36
f 36 70 49
f 36 57 70
f 170 204 149
f 447 536 481
f 447 481 392
f 447 392 358
f 358 413 447
f 659 693 604
f 604 693 638
f 481 536 570
f 570 515 481
f 570 536 625
f 570 625 659
f 659 604 570
f 570 604 515
f 125 159 104
f 214 159 180
f 146 201 180
f 180 125 146
f 159 125 180
f 180 235 214
f 180 201 235
f 193 159 214
f 193 248 227
f 214 248 193
f 227 172 193
f 138 159 193
f 193 172 138
f 130 164 109
f 109 96 130
f 151 185 130
f 185 164 130
f 130 117 151
f 130 96 117
f 245 190 211
f 266 245 211
f 190 156 211
f 211 156 177
f 211 232 266
f 211 177 232
f 1368 1313 1224
f 1313 1169 1224
f 1004 915 970
f 1025 1114 970
f 970 915 881
f 881 936 970
f 970 936 1025
f 601 567 656
f 512 567 601
f 847 813 902
f 902 936 847
f 847 881 792
f 847 936 881
f 889 944 978
f 1389 1300 1444
f 1444 1533 1389
f 1389 1533 1478
f 1211 1300 1156
f 1465 1376 1520
f 1520 1609 1465
f 1609 1554 1465
f 1232 1143 1287
f 1287 1376 1232
f 1088 1143 1232
f 1863 1719 1774
f 1863 2007 1952
f 1863 1774 1918
f 1918 2007 1863
f 1897 1753 1808
f 1952 1897 1808
f 1664 1719 1808
f 1808 1753 1664
f 1808 1863 1952
f 1719 1863 1808
f 2172 2028 2083
f 2172 2316 2261
f 2117 2261 2206
f 1973 2028 2117
f 2117 2172 2261
f 2028 2172 2117
f 2206 2062 2117
f 2117 2062 1973
f 1740 1829 1685
f 1685 1596 1740
f 1706 1562 1617
f 1617 1761 1706
f 2083 2028 1939
f 1884 2028 1973
f 1884 1740 1795
f 1884 1939 2028
f 1795 1939 1884
f 1973 1829 1884
f 1829 1740 1884
f 1185 1329 1274
f 1363 1219 1274
f 1507 1363 1418
f 1418 1562 1507
f 1363 1274 1418
f 1418 1274 1329
f 1240 1295 1384
f 1384 1329 1240
f 1384 1295 1439
f 1439 1528 1384
f 1007 1096 952
f 952 897 863
f 863 918 952
f 952 918 1007
f 965 876 931
f 931 1020 965
f 931 876 842
f 842 897 931
f 1075 1020 931
f 1944 1999 2088
f 2088 2033 1944
f 1944 2033 1889
f 1889 2033 1978
f 1978 1834 1889
f 2067 1923 1978
f 1923 1834 1978
f 2122 2177 2266
f 2122 2033 2177
f 2266 2211 2122
f 2122 1978 2033
f 2122 2211 2067
f 2067 1978 2122
f 1622 1533 1677
f 1478 1533 1622
f 1745 1601 1656
f 1656 1601 1512
f 1813 1669 1724
f 1635 1779 1724
f 1724 1580 1635
f 1724 1669 1580
f 1779 1868 1724
f 1868 1813 1724
f 2135 1991 2046
f 2279 2224 2135
f 2135 2224 2080
f 2080 1991 2135
f 2135 2190 2279
f 2135 2046 2190
f 1161 1305 1250
f 1250 1106 1161
f 1394 1339 1250
f 1250 1305 1394
f 1339 1483 1428
f 1517 1373 1428
f 1428 1572 1517
f 1428 1483 1572
f 1428 1284 1339
f 1373 1284 1428
f 2512 2601 2457
f 2656 2601 2512
f 2512 2567 2656
f 2512 2423 2567
f 3266 3122 3177
f 3266 3410 3355
f 3355 3211 3266
f 3211 3122 3266
f 3177 3321 3266
f 3321 3410 3266
f 1593 1449 1504
f 1415 1559 1504
f 1504 1360 1415
f 1504 1449 1360
f 1559 1648 1504
f 1504 1648 1593
f 1949 2004 2093
f 2038 1949 2093
f 2093 2182 2038
f 2237 2182 2093
f 2093 2148 2237
f 2093 2004 2148
f 2195 2051 2106
f 2195 2339 2284
f 2195 2284 2140
f 2140 2051 2195
f 2195 2106 2250
f 2250 2339 2195
f 674 585 640
f 619 585 674
f 708 619 674
f 674 763 708
f 941 907 996
f 1085 941 996
f 962 1106 1051
f 1017 1106 962
f 1051 996 962
f 962 996 907
f 962 907 873
f 873 928 962
f 962 928 1017
f 1119 975 1030
f 1030 975 941
f 1030 941 1085
f 1085 1174 1030
f 1030 1174 1119
f 941 975 886
f 831 797 886
f 920 831 886
f 886 975 920
f 852 941 886
f 886 797 852
f 483 517 428
f 483 449 538
f 538 572 483
f 572 517 483
f 483 428 394
f 394 449 483
f 682 771 716
f 716 627 682
f 737 771 682
f 682 627 593
f 682 648 737
f 593 648 682
f 695 661 750
f 750 784 695
f 572 661 606
f 551 517 606
f 606 517 572
f 661 695 606
f 606 640 551
f 606 695 640
f 415 381 470
f 449 360 415
f 326 381 415
f 415 360 326
f 470 504 415
f 415 504 449
f 216 271 250
f 250 195 216
f 195 161 216
f 216 161 182
f 237 182 203
f 292 271 237
f 237 216 182
f 271 216 237
f 237 258 292
f 203 258 237
f 577 488 543
f 543 632 577
f 598 632 543
f 653 619 708
f 653 564 619
f 598 564 653
f 462 496 407
f 428 517 462
f 462 517 551
f 551 496 462
f 373 428 462
f 462 407 373
f 297 276 242
f 297 331 276
f 242 263 297
f 297 263 318
f 1009 975 1064
f 1064 1153 1009
f 1064 975 1119
f 1119 1208 1064
f 1208 1153 1064
f 1229 1174 1085
f 1318 1174 1229
f 1229 1373 1318
f 1229 1284 1373
f 1051 1106 1195
f 1106 1250 1195
f 1339 1284 1195
f 1195 1250 1339
f 1258 1347 1203
f 1203 1114 1258
f 1258 1114 1169
f 1258 1169 1313
f 1491 1347 1402
f 1313 1457 1402
f 1402 1258 1313
f 1347 1258 1402
f 1457 1546 1402
f 1546 1491 1402
f 559 525 614
f 669 703 614
f 614 580 669
f 614 525 580
f 703 648 614
f 614 648 559
f 402 436 347
f 402 368 457
f 457 491 402
f 491 436 402
f 402 347 313
f 313 368 402
f 624 590 679
f 679 734 768
f 679 645 734
f 590 645 679
f 768 713 679
f 679 713 624
f 844 933 878
f 878 789 844
f 899 933 844
f 844 810 899
f 611 645 556
f 577 666 611
f 611 522 577
f 556 522 611
f 700 611 666
f 645 611 700
f 700 789 734
f 734 645 700
f 399 488 433
f 488 522 433
f 2331 2475 2420
f 2276 2331 2420
f 2797 2742 2653
f 2598 2509 2653
f 2653 2742 2598
f 1721 1865 1810
f 1810 1865 1954
f 1954 1899 1810
f 1810 1899 1755
f 1810 1666 1721
f 1810 1755 1666
f 2153 2208 2297
f 2386 2242 2297
f 2297 2242 2153
f 2297 2441 2386
f 2352 2441 2297
f 2297 2208 2352
f 1234 1323 1179
f 1234 1090 1145
f 1179 1090 1234
f 1145 1289 1234
f 1234 1289 1378
f 1378 1323 1234
f 1645 1734 1590
f 1645 1590 1501
f 1501 1556 1645
f 1645 1789 1734
f 1077 1221 1166
f 1166 1022 1077
f 1132 1187 1276
f 1276 1221 1132
f 1043 1187 1132
f 1132 1221 1077
f 1132 988 1043
f 1077 988 1132
f 1310 1399 1255
f 1255 1166 1310
f 1310 1166 1221
f 1310 1221 1365
f 1454 1399 1310
f 1310 1365 1454
f 1111 1056 967
f 967 1022 1111
f 1200 1056 1111
f 1022 1166 1111
f 1255 1200 1111
f 1111 1166 1255
f 1302 1158 1213
f 1124 1268 1213
f 1213 1069 1124
f 1213 1158 1069
f 1357 1302 1213
f 1213 1268 1357
f 1904 1959 2048
f 2048 1959 2103
f 1993 2137 2082
f 2082 1938 1993
f 1904 2048 1993
f 1993 2048 2137
f 2226 2137 2281
f 2281 2370 2226
f 1090 946 1001
f 1001 946 912
f 1145 1090 1001
f 1001 1056 1145
f 967 1056 1001
f 1001 912 967
f 1082 1171 1027
f 1315 1171 1226
f 1370 1315 1226
f 1226 1281 1370
f 1226 1171 1082
f 938 849 904
f 904 993 938
f 938 1027 972
f 938 993 1082
f 1082 1027 938
f 959 1103 1048
f 1048 993 959
f 1048 1103 1192
f 726 781 815
f 781 870 815
f 815 760 726
f 815 870 904
f 904 849 815
f 849 760 815
f 705 760 794
f 794 760 849
f 553 608 642
f 642 587 553
f 553 587 498
f 519 608 553
f 553 464 519
f 498 464 553
f 574 608 519
f 574 540 629
f 519 485 574
f 485 540 574
f 642 608 697
f 786 731 697
f 697 731 642
f 1731 1587 1642
f 1731 1676 1587
f 1642 1786 1731
f 1998 1854 1909
f 1998 2142 2087
f 2087 2032 1943
f 1943 1998 2087
f 1854 1998 1943
f 1799 1854 1943
f 1943 1888 1799
f 1943 2032 1888
f 1765 1854 1710
f 1765 1710 1621
f 1621 1676 1765
f 1909 1854 1765
f 2087 2142 2231
f 2231 2176 2087
f 2320 2176 2231
f 2197 2108 2252
f 2053 1998 1909
f 2142 1998 2053
f 2053 2197 2142
f 2108 2197 2053
f 1409 1498 1354
f 1354 1265 1409
f 1409 1265 1320
f 1409 1320 1464
f 1464 1553 1409
f 1553 1498 1409
f 1354 1299 1210
f 1210 1265 1354
f 1155 1100 1011
f 1011 1066 1155
f 1244 1100 1155
f 1066 1210 1155
f 1155 1299 1244
f 1155 1210 1299
f 1121 977 1032
f 1121 1066 977
f 1121 1210 1066
f 1032 1176 1121
f 1176 1265 1121
f 1265 1210 1121
f 1257 1346 1202
f 1202 1113 1257
f 1257 1113 1168
f 1168 1312 1257
f 1401 1312 1456
f 1456 1545 1401
f 1401 1545 1490
f 1490 1346 1401
f 1346 1257 1401
f 1401 1257 1312
f 1134 990 1045
f 990 956 1045
f 1045 956 1100
f 1045 1189 1134
f 1100 1189 1045
f 922 956 867
f 867 833 922
f 867 901 812
f 867 956 901
f 1290 1235 1146
f 1146 1201 1290
f 1146 1235 1091
f 1091 1002 1146
f 1023 934 1078
f 1256 1201 1112
f 1345 1201 1256
f 1256 1400 1345
f 1023 1112 968
f 968 934 1023
f 1701 1790 1646
f 1701 1557 1612
f 1646 1557 1701
f 2222 2277 2366
f 1481 1570 1426
f 1337 1392 1481
f 1481 1426 1337
f 1481 1392 1536
f 1536 1625 1481
f 1625 1570 1481
f 1214 1159 1070
f 1235 1379 1324
f 1324 1180 1235
f 1324 1468 1413
f 1324 1379 1468
f 3421 3277 3332
f 3421 3565 3510
f 3332 3476 3421
f 3421 3476 3565
f 3222 3277 3366
f 3366 3311 3222
f 3455 3311 3366
f 3366 3510 3455
f 3366 3421 3510
f 3277 3421 3366
f 3353 3264 3408
f 3209 3264 3353
f 3531 3442 3586
f 3586 3675 3531
f 3387 3442 3531
f 3531 3476 3387
f 3175 3319 3264
f 3264 3120 3175
f 3031 3120 2976
f 3086 3175 3031
f 3031 3175 3120
f 3484 3628 3573
f 3539 3628 3484
f 3196 3340 3285
f 3196 3052 3107
f 3107 3251 3196
f 3251 3340 3196
f 3196 3141 3052
f 3285 3141 3196
f 3730 3641 3785
f 3785 3874 3730
f 3298 3154 3209
f 3298 3442 3387
f 3209 3353 3298
f 3298 3353 3442
f 3243 3387 3332
f 3099 3154 3243
f 3243 3298 3387
f 3154 3298 3243
f 3243 3188 3099
f 3332 3188 3243
f 2476 2531 2620
f 2387 2531 2476
f 1913 2057 2002
f 1913 1769 1824
f 1913 2002 1858
f 1858 1769 1913
f 1824 1735 1879
f 1735 1790 1879
f 1879 1790 1934
f 1934 2023 1879
f 2201 2057 2112
f 2256 2201 2112
f 2756 2612 2667
f 2578 2722 2667
f 2468 2612 2557
f 2557 2413 2468
f 2413 2324 2468
f 3044 2900 2955
f 3099 3044 2955
f 2345 2201 2256
f 2345 2290 2201
f 2345 2434 2290
f 2654 2709 2798
f 2798 2743 2654
f 2599 2743 2688
f 2688 2544 2599
f 2599 2544 2455
f 2654 2743 2599
f 2688 2743 2832
f 2976 2921 2832
f 2866 2921 3010
f 3099 2955 3010
f 3010 2955 2866
f 3010 3154 3099
f 3065 3154 3010
f 3010 2921 3065
f 1172 1117 1028
f 1028 1083 1172
f 939 1083 1028
f 1028 1117 973
f 973 939 1028
f 994 939 905
f 994 1083 939
f 1138 1083 994
f 905 960 994
f 609 698 643
f 685 630 596
f 685 651 740
f 596 651 685
f 740 774 685
f 685 774 719
f 719 630 685
f 1070 1159 1015
f 1159 1104 1015
f 1104 960 1015
f 1049 1193 1138
f 1049 1104 1193
f 1049 960 1104
f 1138 994 1049
f 1049 994 960
f 892 947 981
f 892 837 803
f 892 858 947
f 803 858 892
f 803 837 748
f 748 693 659
f 782 693 748
f 748 837 782
f 659 714 748
f 748 714 803
f 913 1002 947
f 947 858 913
f 913 968 1002
f 1544 1599 1688
f 1688 1633 1544
f 1777 1633 1688
f 1688 1599 1743
f 1688 1832 1777
f 1743 1832 1688
f 1455 1366 1510
f 1510 1599 1455
f 1455 1599 1544
f 1544 1400 1455
f 2469 2613 2558
f 2524 2613 2469
f 1948 1859 2003
f 1859 1914 2003
f 2003 1914 2058
f 1715 1626 1770
f 1715 1859 1804
f 1715 1770 1859
f 1715 1804 1660
f 1660 1571 1715
f 1571 1626 1715
f 1783 1927 1872
f 1783 1872 1728
f 1783 1694 1838
f 1838 1927 1783
f 1461 1372 1516
f 1694 1550 1605
f 1605 1516 1660
f 1605 1461 1516
f 1550 1461 1605
f 1660 1749 1605
f 1605 1749 1694
f 1639 1550 1694
f 1639 1783 1728
f 1694 1783 1639
f 1351 1296 1207
f 1207 1262 1351
f 2016 2071 2160
f 2160 2105 2016
f 2249 2105 2160
f 2304 2249 2160
f 2160 2215 2304
f 2071 2215 2160
f 1982 1927 1838
f 1982 2071 1927
f 1838 1893 1982
f 2126 2071 1982
f 1893 2037 1982
f 1982 2037 2126
f 2270 2126 2181
f 2126 2037 2181
f 3312 3223 3367
f 3024 2969 2880
f 3113 2969 3024
f 3278 3422 3367
f 3367 3223 3278
f 3278 3333 3422
f 3189 3333 3278
f 3244 3189 3100
f 3155 3244 3100
f 3100 3011 3155
f 2956 3011 3100
f 3100 3045 2956
f 3100 3189 3045
f 2799 2854 2943
f 2943 3087 3032
f 2998 3087 2943
f 2943 2854 2998
f 2477 2422 2333
f 2333 2388 2477
f 2244 2388 2333
f 2189 2244 2333
f 2278 2189 2333
f 2333 2422 2278
f 2778 2689 2833
f 2689 2744 2833
f 1778 1867 1723
f 1778 1634 1689
f 1778 1723 1634
f 1778 1689 1833
f 1833 1922 1778
f 1922 1867 1778
f 2401 2257 2312
f 2312 2456 2401
f 2223 2367 2312
f 2367 2456 2312
f 1990 2134 2079
f 2134 2223 2079
f 2079 1935 1990
f 2079 2024 1935
f 2113 2024 2168
f 2168 2257 2113
f 2024 2079 2168
f 2168 2312 2257
f 2223 2312 2168
f 2168 2079 2223
f 2346 2257 2401
f 2202 2257 2346
f 2346 2291 2202
f 2435 2291 2346
f 2723 2867 2812
f 2579 2634 2723
f 2778 2867 2723
f 2723 2634 2778
f 2723 2668 2579
f 2812 2668 2723
f 2401 2456 2545
f 2689 2634 2545
f 2600 2689 2545
f 2545 2456 2600
f 2265 2210 2121
f 2121 2176 2265
f 2032 2176 2121
f 1977 2032 2121
f 2121 2066 1977
f 2121 2210 2066
f 285 306 340
f 340 319 285
f 374 319 340
f 429 374 340
f 827 916 861
f 861 772 827
f 806 772 861
f 861 916 950
f 861 950 895
f 895 806 861
f 717 772 806
f 806 751 717
f 717 751 662
f 662 628 717
f 683 772 717
f 717 628 683
f 620 586 675
f 730 764 675
f 709 620 675
f 675 764 709
f 730 675 641
f 641 675 586
f 531 565 476
f 497 586 531
f 620 565 531
f 531 586 620
f 531 442 497
f 476 442 531
f 539 628 573
f 518 484 573
f 573 484 539
f 573 628 662
f 539 450 505
f 505 594 539
f 560 594 505
f 471 560 505
f 505 416 471
f 505 450 416
f 353 319 408
f 298 319 353
f 353 442 387
f 408 442 353
f 353 387 332
f 332 298 353
f 657 602 568
f 568 623 657
f 657 623 712
f 691 602 657
f 547 636 581
f 581 526 492
f 492 547 581
f 581 636 670
f 670 615 581
f 581 615 526
f 424 369 335
f 335 390 424
f 233 178 199
f 165 220 199
f 144 165 199
f 199 178 144
f 212 233 267
f 267 246 212
f 445 356 411
f 411 500 445
f 466 500 411
f 225 280 259
f 259 204 225
f 225 191 246
f 246 280 225
f 225 204 170
f 170 191 225
f 288 267 233
f 597 686 631
f 631 542 597
f 2055 1911 1966
f 2055 2199 2144
f 2110 2199 2055
f 2055 1966 2110
f 1822 1678 1733
f 1966 1911 1822
f 1733 1877 1822
f 1877 1966 1822
f 1445 1589 1534
f 1534 1390 1445
f 1301 1356 1445
f 1445 1390 1301
f 1555 1699 1644
f 1610 1699 1555
f 1322 1411 1267
f 1267 1178 1322
f 1322 1178 1233
f 2516 2660 2605
f 1665 1576 1720
f 1720 1809 1665
f 1665 1809 1754
f 1665 1754 1610
f 1610 1521 1665
f 1521 1576 1665
f 1042 1186 1131
f 1220 1076 1131
f 1097 1186 1042
f 953 1008 1097
f 1097 1042 953
f 1008 1152 1097
f 1097 1152 1241
f 1241 1186 1097
f 1707 1796 1652
f 987 1076 932
f 932 898 987
f 1042 1131 987
f 987 1131 1076
f 953 1042 987
f 987 898 953
f 1343 1487 1432
f 1343 1398 1487
f 1432 1288 1343
f 1275 1364 1220
f 1220 1131 1275
f 1275 1131 1186
f 1419 1364 1275
f 1686 1542 1597
f 1508 1652 1597
f 1453 1508 1597
f 1597 1542 1453
f 2084 1940 1995
f 2084 1995 2139
f 2029 1940 2084
f 2084 2173 2029
f 2029 1974 1885
f 1885 1940 2029
f 1796 1940 1885
f 1885 1974 1830
f 2063 2118 2207
f 2296 2152 2207
f 2207 2152 2063
f 2207 2351 2296
f 2262 2351 2207
f 2207 2118 2262
f 1000 1089 945
f 691 657 746
f 746 657 712
f 780 691 746
f 877 822 788
f 843 932 877
f 877 788 843
f 699 733 644
f 644 589 555
f 678 623 589
f 589 644 678
f 678 644 733
f 678 733 767
f 767 712 678
f 712 623 678
f 516 482 571
f 550 461 516
f 516 571 605
f 605 550 516
f 702 668 757
f 757 812 846
f 846 791 757
f 757 791 702
f 812 757 723
f 723 757 668
f 1079 1168 1024
f 1168 1113 1024
f 1024 935 1079
f 681 736 770
f 736 825 770
f 770 715 681
f 770 825 859
f 872 906 817
f 783 728 694
f 838 872 783
f 817 728 783
f 783 872 817
f 694 660 749
f 749 783 694
f 838 783 749
f 660 715 749
f 344 310 399
f 289 310 344
f 399 433 344
f 255 310 289
f 255 200 221
f 255 221 276
f 276 310 255
f 234 289 268
f 179 200 234
f 234 255 289
f 200 255 234
f 268 213 234
f 234 213 179
f 132 187 166
f 166 200 145
f 166 187 221
f 221 200 166
f 145 111 166
f 166 111 132
f 182 161 127
f 127 161 106
f 79 45 66
f 66 100 79
f 79 113 92
f 79 100 113
f 357 446 391
f 391 336 357
f 336 302 357
f 223 244 278
f 278 257 223
f 312 257 278
f 278 244 299
f 456 422 511
f 545 456 511
f 566 600 511
f 511 600 545
f 498 587 532
f 443 354 409
f 409 498 443
f 498 532 443
f 286 307 341
f 286 341 320
f 320 265 286
f 286 265 231
f 129 163 108
f 129 108 95
f 150 184 129
f 184 163 129
f 95 116 129
f 129 116 150
f 1252 1307 1396
f 1396 1341 1252
f 1163 1307 1252
f 1252 1341 1197
f 1197 1108 1252
f 1252 1108 1163
f 1197 1341 1286
f 1375 1231 1286
f 1286 1430 1375
f 1286 1341 1430
f 1286 1142 1197
f 1231 1142 1286
f 1684 1540 1595
f 1595 1739 1684
f 1396 1540 1485
f 1485 1341 1396
f 1430 1341 1485
f 1629 1540 1684
f 1684 1773 1629
f 1629 1485 1540
f 1951 1807 1862
f 1862 2006 1951
f 1828 1883 1972
f 1828 1739 1883
f 1828 1773 1684
f 1684 1739 1828
f 1273 1328 1417
f 1417 1362 1273
f 1506 1362 1417
f 1417 1328 1472
f 1417 1561 1506
f 1472 1561 1417
f 1451 1540 1396
f 1396 1307 1451
f 1307 1362 1451
f 1451 1362 1506
f 1506 1595 1451
f 1451 1595 1540
f 642 731 676
f 676 587 642
f 731 765 676
f 676 765 710
f 2335 2424 2280
f 2280 2191 2335
f 2212 2068 2123
f 2123 2267 2212
f 2212 2267 2356
f 1806 1717 1861
f 1717 1772 1861
f 2060 2005 1916
f 1916 1971 2060
f 1827 1971 1916
f 1916 1772 1827
f 1916 1861 1772
f 2005 1861 1916
f 2704 2848 2793
f 2560 2615 2704
f 2704 2759 2848
f 2615 2759 2704
f 2704 2793 2649
f 2649 2560 2704
f 2670 2615 2526
f 2526 2581 2670
f 2437 2581 2526
f 2526 2382 2437
f 2471 2382 2526
f 2526 2615 2471
f 2958 2814 2869
f 2979 3034 3123
f 2979 2890 3034
f 2285 2141 2196
f 2429 2374 2285
f 2285 2374 2230
f 2230 2141 2285
f 2285 2340 2429
f 2285 2196 2340
f 2010 2154 2099
f 1955 2010 2099
f 2387 2476 2332
f 2332 2476 2421
f 2332 2421 2277
f 2277 2188 2332
f 1395 1340 1251
f 1251 1306 1395
f 1484 1340 1395
f 1395 1306 1450
f 1395 1539 1484
f 1450 1539 1395
f 1416 1272 1327
f 1361 1306 1217
f 1217 1272 1361
f 1450 1306 1361
f 1361 1272 1416
f 1416 1505 1361
f 1361 1505 1450
f 1204 1060 1115
f 1005 916 971
f 971 1060 1005
f 950 916 1005
f 1403 1314 1458
f 1458 1547 1403
f 1128 1039 1183
f 1183 1272 1128
f 1238 1327 1183
f 1183 1327 1272
f 1848 1793 1704
f 1704 1793 1649
f 1649 1793 1738
f 1738 1827 1683
f 1882 1827 1738
f 1738 1793 1882
f 1683 1594 1738
f 1594 1649 1738
f 1992 2136 2081
f 1848 1903 1992
f 2047 2136 1992
f 1992 1903 2047
f 1992 1937 1848
f 2081 1937 1992
f 1958 1903 1814
f 1670 1725 1814
f 1552 1497 1408
f 1408 1463 1552
f 1641 1497 1552
f 1552 1463 1607
f 1552 1696 1641
f 1607 1696 1552
f 819 764 730
f 730 785 819
f 853 764 819
f 819 908 853
f 5728 5872 5817
f 5673 5728 5817
f 6016 6105 5961
f 5961 5872 6016
f 5961 6105 6050
f 5961 5817 5872
f 6050 5906 5961
f 5906 5817 5961
f 4406 4317 4461
f 4694 4639 4550
f 4461 4605 4550
f 4550 4605 4694
f 4550 4406 4461
f 4783 4639 4694
f 4694 4838 4783
f 4927 5071 5016
f 4927 4783 4838
f 4927 4838 4982
f 4982 5071 4927
f 4927 5016 4872
f 4872 4783 4927
f 4241 4097 4152
f 4186 4097 4241
f 4364 4275 4419
f 5050 5105 5194
f 4338 4482 4427
f 4427 4283 4338
f 4393 4482 4338
f 4770 4715 4626
f 4681 4770 4626
f 4626 4715 4571
f 4571 4482 4626
f 4987 5131 5076
f 4843 4898 4987
f 4987 4898 5042
f 5042 5131 4987
f 4987 4932 4843
f 5076 4932 4987
f 5021 4932 5076
f 5076 5165 5021
f 5385 5440 5529
f 5529 5474 5385
f 5207 5262 5351
f 5351 5296 5207
f 5440 5296 5351
f 5563 5508 5419
f 5419 5474 5563
f 5419 5364 5275
f 5419 5508 5364
f 5885 5974 5830
f 5885 5940 6029
f 6029 5974 5885
f 5673 5817 5762
f 5762 5817 5906
f 4589 4644 4733
f 4589 4500 4644
f 4733 4678 4589
f 4445 4500 4589
f 4589 4534 4445
f 4589 4678 4534
f 4618 4673 4762
f 4021 3966 3877
f 4021 4110 3966
f 4521 4576 4665
f 4665 4610 4521
f 4665 4754 4610
f 4665 4576 4720
f 4487 4432 4343
f 4487 4576 4432
f 4487 4343 4398
f 4398 4542 4487
f 3733 3678 3589
f 3733 3822 3678
f 3733 3589 3644
f 3877 3822 3733
f 3733 3788 3877
f 3644 3788 3733
f 3898 3843 3754
f 3665 3809 3754
f 3809 3898 3754
f 3754 3610 3665
f 3699 3610 3754
f 3754 3843 3699
f 2330 2474 2419
f 2186 2241 2330
f 2330 2275 2186
f 2419 2275 2330
f 2385 2241 2296
f 2296 2440 2385
f 2385 2330 2241
f 2474 2330 2385
f 2414 2359 2270
f 2414 2503 2359
f 2558 2503 2414
f 2414 2469 2558
f 2715 2660 2571
f 2482 2626 2571
f 2571 2626 2715
f 2427 2482 2571
f 2571 2516 2427
f 2660 2516 2571
f 4443 4498 4587
f 4587 4498 4642
f 3909 3998 3854
f 3854 3998 3943
f 3503 3592 3448
f 3414 3558 3503
f 3270 3126 3181
f 3181 3325 3270
f 3270 3325 3414
f 3270 3215 3126
f 3935 3880 3791
f 2893 2838 2749
f 2893 2982 2838
f 3236 3291 3380
f 3236 3147 3291
f 3380 3325 3236
f 3236 3325 3181
f 3202 3147 3058
f 3058 3113 3202
f 3058 2969 3113
f 2914 2969 3058
f 3058 3003 2914
f 3058 3147 3003
f 3990 4045 4134
f 3990 3901 4045
f 3613 3668 3757
f 3613 3524 3668
f 3613 3757 3702
f 3702 3558 3613
f 3435 3291 3346
f 3579 3524 3435
f 3380 3291 3435
f 3435 3524 3380
f 3435 3490 3579
f 3346 3490 3435
f 4155 4210 4299
f 4443 4388 4299
f 4299 4354 4443
f 4299 4210 4354
f 4244 4388 4333
f 4100 4155 4244
f 4155 4299 4244
f 4244 4299 4388
f 4333 4189 4244
f 4244 4189 4100
f 4367 4511 4456
f 4223 4278 4367
f 4367 4312 4223
f 4456 4312 4367
f 4566 4511 4422
f 4422 4477 4566
f 4333 4477 4422
f 4422 4278 4333
f 4422 4367 4278
f 4511 4367 4422
f 3367 3422 3511
f 3655 3600 3511
f 3422 3566 3511
f 3511 3566 3655
f 3744 3600 3655
f 3888 3833 3744
f 3744 3833 3689
f 3689 3600 3744
f 3668 3723 3812
f 3757 3668 3812
f 3812 3901 3757
f 3956 3901 3812
f 3812 3867 3956
f 3812 3723 3867
f 3922 3778 3833
f 4066 4011 3922
f 3867 3778 3922
f 3922 4011 3867
f 3922 3977 4066
f 3833 3977 3922
f 3697 3786 3642
f 3642 3553 3697
f 3697 3553 3608
f 3841 3786 3697
f 3697 3752 3841
f 3608 3752 3697
f 3608 3553 3464
f 3320 3375 3464
f 3464 3409 3320
f 3464 3553 3409
f 4231 4375 4320
f 4087 4142 4231
f 4142 4286 4231
f 4286 4375 4231
f 4176 4087 4231
f 4231 4320 4176
f 4545 4689 4634
f 4401 4456 4545
f 4545 4456 4600
f 4600 4689 4545
f 4545 4490 4401
f 4634 4490 4545
f 4202 4113 4257
f 4257 4346 4202
f 4202 4346 4291
f 4668 4579 4723
f 5257 5312 5401
f 5401 5490 5346
f 5346 5257 5401
f 5511 5600 5456
f 5456 5401 5312
f 5223 5079 5134
f 5079 4990 5134
f 6210 6155 6066
f 5922 5977 6066
f 6066 6011 5922
f 6155 6011 6066
f 6210 6066 6121
f 6121 6066 5977
f 5278 5189 5333
f 5223 5134 5278
f 5278 5134 5189
f 5333 5477 5422
f 5422 5278 5333
f 5566 5710 5655
f 5566 5422 5477
f 5621 5710 5566
f 5566 5477 5621
f 5566 5655 5511
f 5511 5422 5566
f 5210 5066 5121
f 5498 5354 5409
f 5553 5498 5409
f 5409 5320 5464
f 5464 5553 5409
f 4867 4922 5011
f 5100 4956 5011
f 5011 4956 4867
f 5011 4922 5066
f 5286 5375 5231
f 5231 5142 5286
f 5231 5375 5320
f 5087 5142 5231
f 5231 5176 5087
f 5320 5176 5231
f 4943 4998 5087
f 4854 4998 4943
f 5121 5066 4977
f 4833 4888 4977
f 4977 4922 4833
f 5066 4922 4977
f 4655 4710 4799
f 4799 4744 4655
f 4799 4888 4744
f 4799 4943 4888
f 4799 4710 4854
f 4854 4943 4799
f 4477 4388 4532
f 4532 4621 4477
f 4532 4388 4443
f 4676 4621 4532
f 4443 4587 4532
f 4532 4587 4676
f 4854 4710 4765
f 4710 4621 4765
f 4765 4621 4676
f 4909 4854 4765
f 4820 4909 4765
f 4765 4676 4820
f 3194 3338 3283
f 3283 3139 3194
f 3228 3139 3283
f 3283 3372 3228
f 2673 2817 2762
f 2817 2906 2762
f 2762 2618 2673
f 2707 2618 2762
f 3084 3173 3029
f 3029 2940 3084
f 3084 2940 2995
f 3228 3173 3084
f 3084 3139 3228
f 3084 2995 3139
f 3427 3571 3516
f 3427 3283 3338
f 3427 3338 3482
f 3482 3571 3427
f 3516 3372 3427
f 3372 3283 3427
f 3516 3571 3660
f 3660 3605 3516
f 3749 3605 3660
f 3804 3749 3660
f 3660 3715 3804
f 3660 3571 3715
f 3736 3681 3592
f 3736 3791 3880
f 3016 2961 2872
f 3016 3105 2961
f 2872 2927 3016
f 3160 3105 3016
f 3071 3160 3016
f 3016 2927 3071
f 4071 3927 3982
f 3927 3838 3982
f 3982 4126 4071
f 4037 4126 3982
f 4016 4160 4105
f 4016 3872 3927
f 4016 3927 4071
f 4071 4160 4016
f 4139 4283 4228
f 4139 3995 4050
f 4084 3995 4139
f 4139 4228 4084
f 4228 4283 4372
f 4461 4317 4372
f 4317 4228 4372
f 4372 4516 4461
f 4372 4427 4516
f 4372 4283 4427
f 3817 3872 3961
f 4050 3906 3961
f 3906 3817 3961
f 3961 4105 4050
f 3961 4016 4105
f 3872 4016 3961
f 4592 4736 4681
f 4592 4448 4503
f 4791 4736 4647
f 4647 4592 4503
f 4736 4592 4647
f 4613 4668 4757
f 4304 4448 4393
f 4325 4270 4181
f 4325 4380 4469
f 4503 4448 4359
f 4448 4304 4359
f 1835 1691 1746
f 1746 1657 1801
f 1602 1657 1746
f 1746 1691 1602
f 2691 2636 2547
f 2547 2602 2691
f 2513 2602 2458
f 2458 2369 2513
f 2513 2369 2424
f 2657 2602 2513
f 2568 2657 2513
f 2513 2424 2568
f 1780 1725 1636
f 1636 1691 1780
f 1780 1691 1835
f 1835 1924 1780
f 2034 1979 1890
f 1801 1945 1890
f 1890 1945 2034
f 1890 1746 1801
f 1890 1979 1835
f 1835 1746 1890
f 924 958 869
f 1013 958 924
f 1657 1513 1568
f 1568 1479 1623
f 1568 1424 1479
f 1568 1513 1424
f 1623 1712 1568
f 1568 1712 1657
f 2508 2364 2419
f 2652 2597 2508
f 2597 2453 2508
f 2453 2364 2508
f 2508 2563 2652
f 2419 2563 2508
f 5175 5264 5120
f 5175 5086 5230
f 5167 5311 5256
f 5167 5023 5078
f 5078 5222 5167
f 5167 5222 5311
f 5091 5002 5146
f 5256 5201 5112
f 5112 5167 5256
f 5023 5167 5112
f 4968 5023 5112
f 5434 5523 5379
f 5256 5311 5400
f 5400 5311 5455
f 5366 5222 5277
f 5154 5099 5010
f 5010 5065 5154
f 4921 5065 5010
f 4696 4641 4552
f 4696 4785 4641
f 4696 4552 4607
f 4840 4785 4696
f 4607 4751 4696
f 4696 4751 4840
f 4929 5073 5018
f 4929 4785 4840
f 5018 4874 4929
f 4874 4785 4929
f 5018 5073 5162
f 5251 5107 5162
f 5162 5107 5018
f 5162 5306 5251
f 5162 5073 5217
f 5217 5306 5162
f 5128 5073 4984
f 4984 4840 4895
f 4984 4929 4840
f 5073 4929 4984
f 3434 3290 3345
f 3489 3578 3434
f 3434 3345 3489
f 3235 3290 3379
f 3468 3324 3379
f 3379 3324 3235
f 3290 3434 3379
f 3023 2968 2879
f 2879 2934 3023
f 2879 2790 2934
f 2735 2790 2879
f 2879 2824 2735
f 2879 2968 2824
f 3413 3557 3502
f 3269 3324 3413
f 3468 3557 3413
f 3413 3324 3468
f 3413 3358 3269
f 3502 3358 3413
f 4039 3895 3950
f 4183 4128 4039
f 4039 4094 4183
f 3950 4094 4039
f 3950 3895 3806
f 3861 3950 3806
f 3806 3717 3861
f 3806 3895 3751
f 3984 4039 4128
f 3895 4039 3984
f 3230 3374 3319
f 3086 3141 3230
f 3230 3141 3285
f 3285 3374 3230
f 3230 3175 3086
f 3319 3175 3230
f 4539 4395 4450
f 4539 4683 4628
f 4539 4450 4594
f 4594 4683 4539
f 2384 2329 2240
f 2240 2151 2295
f 2295 2384 2240
f 2240 2096 2151
f 2185 2096 2240
f 2240 2329 2185
f 2371 2316 2227
f 2282 2371 2227
f 2227 2138 2282
f 2083 2138 2227
f 2227 2172 2083
f 2316 2172 2227
f 3146 3235 3091
f 3091 3235 3180
f 3180 3036 3091
f 3036 2947 3091
f 3002 3091 2947
f 3146 3091 3002
f 2913 3057 3002
f 3002 3057 3146
f 2858 2803 2714
f 2858 2947 2803
f 2858 2714 2769
f 2858 3002 2947
f 2858 2769 2913
f 2913 3002 2858
f 2159 2104 2015
f 1926 2070 2015
f 2015 2070 2159
f 2015 1871 1926
f 1960 1871 2015
f 2015 2104 1960
f 2604 2549 2460
f 2604 2693 2549
f 2460 2515 2604
f 2748 2693 2604
f 2515 2659 2604
f 2659 2748 2604
f 3858 3913 4002
f 4002 4146 4091
f 4057 4146 4002
f 4002 3913 4057
f 3570 3625 3714
f 3714 3659 3570
f 3803 3659 3714
f 3858 3803 3714
f 3714 3769 3858
f 3714 3625 3769
f 3096 3185 3041
f 3041 2952 3096
f 3185 3130 3041
f 3041 2897 2952
f 3041 3130 2986
f 2986 2897 3041
f 3164 3075 3219
f 3219 3308 3164
f 2876 2821 2732
f 2876 2965 2821
f 2732 2787 2876
f 2787 2931 2876
f 3541 3685 3630
f 3397 3452 3541
f 3541 3486 3397
f 3630 3486 3541
f 3630 3685 3774
f 3774 3719 3630
f 3863 3719 3774
f 3452 3507 3596
f 3596 3541 3452
f 3685 3541 3596
f 3740 3685 3596
f 3562 3507 3418
f 3329 3473 3418
f 3418 3473 3562
f 3363 3507 3452
f 3363 3308 3219
f 3452 3308 3363
f 3363 3418 3507
f 4104 4015 4159
f 4159 4248 4104
f 4159 4015 4070
f 4303 4248 4159
f 4070 4214 4159
f 4159 4214 4303
f 4659 4748 4604
f 4604 4748 4693
f 4693 4549 4604
f 4604 4549 4460
f 4282 4426 4371
f 4227 4282 4371
f 4371 4316 4227
f 4460 4316 4371
f 3664 3719 3808
f 3808 3753 3664
f 3808 3897 3753
f 3808 3719 3863
f 3651 3795 3740
f 3651 3507 3562
f 3740 3596 3651
f 3651 3596 3507
f 3884 3939 4028
f 3884 3795 3939
f 4028 3973 3884
f 3740 3795 3884
f 3562 3617 3706
f 3706 3651 3562
f 3795 3651 3706
f 3706 3617 3761
f 5439 5583 5528
f 5528 5384 5439
f 4926 4837 4981
f 4981 5070 4926
f 5392 5481 5337
f 5337 5248 5392
f 5481 5426 5337
f 5337 5193 5248
f 5049 4994 4905
f 4816 4960 4905
f 4905 4960 5049
f 4761 4816 4905
f 4905 4850 4761
f 4905 4994 4850
f 5138 4994 5049
f 5049 5193 5138
f 5227 5172 5083
f 5083 5138 5227
f 4994 5138 5083
f 4939 4994 5083
f 5083 5028 4939
f 5172 5028 5083
f 5282 5426 5371
f 5282 5138 5193
f 5193 5337 5282
f 5282 5337 5426
f 5282 5371 5227
f 5227 5138 5282
f 5659 5604 5515
f 5570 5659 5515
f 5515 5426 5570
f 5371 5426 5515
f 5515 5460 5371
f 5515 5604 5460
f 4405 4494 4350
f 4350 4494 4439
f 4439 4295 4350
f 4350 4295 4206
f 5153 5064 5208
f 5208 5297 5153
f 5009 5064 5153
f 5153 5098 5009
f 5530 5475 5386
f 5386 5441 5530
f 5386 5297 5441
f 5386 5475 5331
f 6127 6072 5983
f 5839 5894 5983
f 5983 5928 5839
f 6072 5928 5983
f 5894 5949 6038
f 6127 5983 6038
f 6038 5983 5894
f 6182 6127 6038
f 6038 6093 6182
f 6038 5949 6093
f 5661 5716 5805
f 5661 5572 5716
f 5805 5750 5661
f 5517 5572 5661
f 5661 5750 5606
f 5606 5517 5661
f 7017 7072 7106
f 5975 6030 6119
f 5818 5873 5962
f 5962 5907 5818
f 5873 5928 6017
f 6017 5962 5873
f 6106 5962 6017
f 6161 6106 6017
f 6017 6072 6161
f 6017 5928 6072
f 4404 4459 4548
f 4637 4493 4548
f 4548 4493 4404
f 4548 4459 4603
f 4514 4459 4370
f 4370 4281 4425
f 4425 4514 4370
f 4226 4281 4370
f 4370 4315 4226
f 4370 4459 4315
f 2718 2773 2862
f 2862 2807 2718
f 2951 2807 2862
f 3006 2951 2862
f 2862 2917 3006
f 2862 2773 2917
f 2896 2841 2752
f 2752 2807 2896
f 2663 2807 2752
f 2752 2841 2697
f 2574 2629 2718
f 2718 2663 2574
f 3205 3150 3061
f 3061 3116 3205
f 2972 3116 3061
f 2917 2972 3061
f 3006 2917 3061
f 3061 3150 3006
f 3810 3666 3721
f 3810 3899 3755
f 3755 3666 3810
f 3865 3810 3721
f 3200 3255 3344
f 3344 3289 3200
f 3200 3289 3145
f 3721 3666 3577
f 3433 3488 3577
f 3721 3577 3632
f 3632 3577 3488
f 4441 4386 4297
f 4297 4352 4441
f 4208 4352 4297
f 4297 4386 4242
f 3226 3370 3315
f 3315 3171 3226
f 3226 3171 3082
f 3116 3171 3260
f 3205 3116 3260
f 3260 3349 3205
f 3404 3349 3260
f 3315 3404 3260
f 3260 3171 3315
f 3789 3645 3700
f 3789 3933 3878
f 3878 3734 3789
f 3734 3645 3789
f 3789 3844 3933
f 3700 3844 3789
f 3433 3577 3522
f 3522 3577 3666
f 3378 3323 3234
f 3378 3467 3323
f 3234 3289 3378
f 3378 3522 3467
f 3378 3289 3433
f 3433 3522 3378
f 3700 3556 3611
f 3556 3467 3611
f 3467 3522 3611
f 3755 3700 3611
f 3611 3666 3755
f 3611 3522 3666
f 2692 2836 2781
f 2870 2726 2781
f 2980 2836 2891
f 2891 3035 2980
f 2802 2946 2891
f 2946 3035 2891
f 3069 3213 3158
f 3158 3213 3302
f 3391 3247 3302
f 3302 3247 3158
f 3302 3446 3391
f 2980 3035 3124
f 3124 3069 2980
f 3213 3069 3124
f 3501 3446 3357
f 3357 3412 3501
f 3446 3302 3357
f 3357 3302 3213
f 5687 5598 5742
f 5742 5831 5687
f 5598 5653 5742
f 5776 5920 5865
f 5865 5721 5776
f 5954 5810 5865
f 5810 5721 5865
f 6064 5920 5975
f 5975 6119 6064
f 5255 5310 5399
f 5255 5166 5310
f 5399 5344 5255
f 5255 5344 5200
f 4501 4645 4590
f 4645 4734 4590
f 4590 4446 4501
f 4535 4446 4590
f 4823 4734 4878
f 4878 4967 4823
f 4959 4815 4870
f 4815 4726 4870
f 5302 5446 5391
f 5226 5082 5137
f 5171 5082 5226
f 5226 5315 5171
f 5048 4904 4959
f 5048 5192 5137
f 5137 5082 4993
f 4993 5048 5137
f 4904 5048 4993
f 4849 4904 4993
f 4938 4849 4993
f 4993 5082 4938
f 5980 5925 5836
f 5925 5781 5836
f 5404 5315 5459
f 4124 4069 3980
f 3891 4035 3980
f 4035 4124 3980
f 3980 3836 3891
f 3925 3836 3980
f 3980 4069 3925
f 5090 5234 5179
f 5124 5179 5268
f 4603 4747 4692
f 4692 4548 4603
f 4637 4548 4692
f 1294 1383 1239
f 1239 1150 1294
f 1294 1150 1205
f 1205 1349 1294
f 1294 1349 1438
f 1438 1383 1294
f 1315 1459 1404
f 1260 1315 1404
f 1404 1349 1260
f 1370 1281 1425
f 1425 1281 1336
f 1391 1446 1535
f 1535 1446 1590
f 1590 1679 1535
f 1768 1857 1713
f 1857 1802 1713
f 1658 1747 1603
f 1569 1713 1658
f 1802 1747 1658
f 1658 1713 1802
f 1616 1561 1472
f 1705 1561 1616
f 1616 1760 1705
f 1671 1760 1616
f 1650 1561 1705
f 1739 1595 1650
f 1506 1561 1650
f 1650 1595 1506
f 2535 2624 2480
f 2480 2391 2535
f 2480 2624 2569
f 2336 2391 2480
f 2247 2391 2336
f 2103 2158 2247
f 2247 2158 2302
f 2302 2391 2247
f 1794 1938 1883
f 1883 1739 1794
f 1794 1650 1705
f 1739 1650 1794
f 2027 1938 2082
f 1883 1938 2027
f 1972 1883 2027
f 2027 2116 1972
f 2124 2069 1980
f 1891 2035 1980
f 1980 2035 2124
f 1980 1836 1891
f 1870 1781 1925
f 1925 1781 1836
f 1836 1980 1925
f 1925 1980 2069
f 2446 2590 2535
f 2302 2357 2446
f 2535 2391 2446
f 2446 2391 2302
f 2501 2357 2412
f 2501 2645 2590
f 2590 2446 2501
f 2501 2446 2357
f 2501 2412 2556
f 2556 2645 2501
f 2624 2679 2768
f 2857 2713 2768
f 2713 2624 2768
f 2768 2912 2857
f 2768 2679 2823
f 2823 2912 2768
f 3056 2912 2967
f 3056 3200 3145
f 3145 3001 3056
f 3001 2912 3056
f 3035 3090 3179
f 3179 3124 3035
f 3234 3323 3179
f 3179 3090 3234
f 2349 2493 2438
f 2438 2294 2349
f 2349 2294 2205
f 2637 2493 2548
f 2637 2781 2726
f 2637 2726 2582
f 2582 2493 2637
f 2637 2548 2692
f 2692 2781 2637
f 1951 2095 2040
f 2040 1896 1951
f 2129 1985 2040
f 2040 1985 1896
f 2184 2095 2239
f 2184 2040 2095
f 2184 2273 2129
f 2129 2040 2184
f 2129 2273 2218
f 2218 2074 2129
f 2163 2074 2218
f 2218 2307 2163
f 2938 3027 2883
f 2883 3027 2972
f 2883 2972 2828
f 2828 2739 2883
f 2561 2705 2650
f 2650 2739 2595
f 2472 2616 2561
f 2561 2417 2472
f 2472 2383 2527
f 2527 2616 2472
f 2815 2671 2726
f 2815 2959 2904
f 2815 2904 2760
f 2760 2671 2815
f 2815 2726 2870
f 2870 2959 2815
f 5695 5551 5606
f 5839 5784 5695
f 5784 5640 5695
f 5640 5551 5695
f 5695 5750 5839
f 5606 5750 5695
f 5284 5339 5428
f 5284 5195 5339
f 5428 5373 5284
f 5140 5195 5284
f 5373 5229 5284
f 5229 5140 5284
f 4640 4585 4496
f 4407 4551 4496
f 4551 4640 4496
f 4496 4352 4407
f 4496 4585 4441
f 4441 4352 4496
f 5140 5085 4996
f 4907 5051 4996
f 4996 5051 5140
f 4996 5085 4941
f 4852 4708 4763
f 4852 4996 4941
f 4941 4797 4852
f 4852 4797 4708
f 4852 4763 4907
f 4907 4996 4852
f 4687 4831 4776
f 4687 4632 4543
f 4776 4632 4687
f 4742 4831 4687
f 5174 5030 5085
f 5174 5318 5263
f 5263 5119 5174
f 5119 5030 5174
f 5229 5318 5174
f 5174 5085 5229
f 4742 4797 4886
f 4975 4831 4886
f 4886 4831 4742
f 4886 5030 4975
f 4941 5030 4886
f 4886 4797 4941
f 4140 3996 4051
f 4051 4195 4140
f 4229 4318 4174
f 3674 3585 3729
f 3674 3763 3619
f 3619 3708 3564
f 4860 4949 4805
f 4805 4716 4860
f 4949 4894 4805
f 4661 4716 4805
f 4572 4716 4661
f 4572 4661 4517
f 4517 4428 4572
f 4627 4716 4572
f 4750 4894 4839
f 4750 4606 4661
f 4661 4805 4750
f 4750 4805 4894
f 4839 4695 4750
f 4695 4606 4750
f 2323 2467 2412
f 2323 2268 2179
f 2412 2268 2323
f 1823 1912 1768
f 1768 1679 1823
f 1679 1734 1823
f 3166 3221 3310
f 3399 3255 3310
f 3310 3255 3166
f 3310 3454 3399
f 3132 2988 3043
f 3242 3386 3331
f 2810 2721 2865
f 2865 2954 2810
f 2865 2721 2776
f 3386 3242 3297
f 6921 6777 6832
f 6921 6866 6777
f 6777 6866 6722
f 6722 6633 6777
f 6578 6633 6722
f 6997 6853 6908
f 6908 6819 6963
f 6963 7052 6908
f 7052 6997 6908
f 6853 6709 6764
f 6819 6908 6764
f 6764 6908 6853
f 6764 6709 6620
f 6400 6544 6489
f 6489 6345 6400
f 6400 6345 6256
f 7353 7298 7264
f 7340 7374 7285
f 6963 6874 7018
f 6874 6929 7018
f 7018 7052 6963
f 7285 7230 7196
f 7196 7230 7141
f 7073 6929 6984
f 7073 7018 6929
f 7251 7196 7162
f 7251 7340 7285
f 7285 7196 7251
f 7348 7382 7293
f 7026 7060 6971
f 7026 6992 7081
f 6937 6992 7026
f 7026 6971 6882
f 6882 6937 7026
f 7623 7678 7657
f 7657 7678 7712
f 7568 7623 7657
f 6798 6942 6887
f 6887 6743 6798
f 6832 6743 6887
f 7387 7332 7298
f 7387 7353 7442
f 7298 7353 7387
f 7387 7421 7332
f 7154 7099 7065
f 7065 7120 7154
f 7154 7120 7209
f 7154 7209 7243
f 7243 7188 7154
f 7188 7099 7154
f 7065 7099 7010
f 7010 6921 7065
f 7010 7044 6955
f 7099 7044 7010
f 6955 6866 7010
f 6866 6921 7010
f 6968 7057 6913
f 6824 6879 6968
f 6968 6913 6824
f 7290 7256 7345
f 7379 7290 7345
f 7345 7434 7379
f 7112 7167 7201
f 7078 7167 7112
f 6756 6612 6667
f 6578 6722 6667
f 6667 6523 6578
f 6667 6612 6523
f 6329 6240 6384
f 6384 6473 6329
f 6329 6473 6418
f 6185 6240 6329
f 5931 5986 6075
f 6075 6164 6020
f 6020 5931 6075
f 5842 5986 5931
f 5842 5698 5753
f 5842 5787 5698
f 5931 5787 5842
f 6151 6240 6096
f 6096 6240 6185
f 5863 5774 5918
f 5719 5774 5863
f 6041 6096 6185
f 5952 6096 6041
f 5897 5842 5753
f 5986 5842 5897
f 5897 6041 5986
f 5952 6041 5897
f 5761 5905 5850
f 5850 5706 5761
f 6138 6083 5994
f 5994 6049 6138
f 5905 6049 5994
f 5994 5850 5905
f 5994 6083 5939
f 5939 5850 5994
f 6172 6227 6316
f 6172 6083 6227
f 5918 5973 6062
f 6062 6206 6151
f 5829 5973 5918
f 5918 5774 5829
f 5774 5685 5829
f 5363 5418 5507
f 5507 5452 5363
f 5596 5452 5507
f 6303 6214 6358
f 6358 6447 6303
f 6303 6447 6392
f 6303 6392 6248
f 6159 6015 6070
f 6070 6214 6159
f 6159 6303 6248
f 6214 6303 6159
f 6248 6193 6104
f 6104 6159 6248
f 6015 6159 6104
f 5960 6015 6104
f 6104 6049 5960
f 6193 6049 6104
f 5866 6010 5955
f 5866 5722 5777
f 5866 5777 5921
f 5921 6010 5866
f 6243 6332 6188
f 6099 6154 6243
f 6243 6188 6099
f 6243 6154 6298
f 5955 5900 5811
f 5811 5866 5955
f 5722 5866 5811
f 5667 5722 5811
f 5845 5790 5701
f 5557 5612 5701
f 5701 5646 5557
f 5790 5646 5701
f 5756 5612 5667
f 5756 5900 5845
f 5845 5701 5756
f 5756 5701 5612
f 5667 5811 5756
f 5756 5811 5900
f 5235 5180 5091
f 5091 5146 5235
f 5269 5180 5324
f 5324 5413 5269
f 5180 5235 5324
f 5324 5235 5379
f 5549 5638 5494
f 5494 5405 5549
f 5638 5583 5494
f 5350 5405 5494
f 5494 5439 5350
f 5583 5439 5494
f 5418 5473 5562
f 5562 5507 5418
f 5617 5706 5562
f 5562 5473 5617
f 7712 7678 7733
f 7733 7767 7712
f 7733 7678 7699
f 7699 7754 7733
f 7780 7746 7801
f 7746 7767 7801
f 7801 7767 7822
f 7822 7856 7801
f 4868 4813 4724
f 4724 4779 4868
f 4724 4635 4779
f 4724 4580 4635
f 4724 4813 4669
f 4669 4580 4724
f 5334 5478 5423
f 5190 5245 5334
f 5389 5478 5334
f 5334 5245 5389
f 5423 5279 5334
f 5334 5279 5190
f 5567 5622 5711
f 5711 5855 5800
f 5766 5855 5711
f 5711 5622 5766
f 4792 4936 4881
f 4881 4737 4792
f 4792 4737 4648
f 4313 4402 4258
f 4258 4402 4347
f 4347 4203 4258
f 4203 4114 4258
f 5093 5004 5148
f 4949 5004 5093
f 5038 4894 4949
f 4949 5093 5038
f 5038 5093 5182
f 4983 4894 5038
f 5627 5572 5483
f 5716 5572 5627
f 5805 5716 5860
f 5860 5949 5805
f 6444 6499 6588
f 6588 6533 6444
f 6177 6232 6321
f 6321 6266 6177
f 6088 6232 6177
f 5800 5855 5944
f 5944 5999 6088
f 5944 5855 5999
f 5457 5313 5368
f 5457 5601 5546
f 5368 5313 5224
f 5135 5279 5224
f 5224 5279 5368
f 5224 5080 5135
f 5169 5080 5224
f 5224 5313 5169
f 5512 5368 5423
f 5423 5567 5512
f 5512 5457 5368
f 5601 5457 5512
f 5114 5258 5203
f 5203 5059 5114
f 5148 5059 5203
f 5203 5292 5148
f 5402 5258 5313
f 5402 5457 5546
f 5313 5457 5402
f 6580 6724 6669
f 6525 6580 6669
f 6669 6813 6758
f 6669 6724 6813
f 6695 6551 6606
f 6606 6750 6695
f 6839 6784 6695
f 6695 6750 6839
f 6470 6381 6525
f 6182 6237 6326
f 6326 6237 6381
f 6381 6470 6326
f 6360 6504 6449
f 6593 6504 6648
f 6737 6593 6648
f 6648 6792 6737
f 6703 6792 6648
f 6211 6156 6067
f 6148 6237 6093
f 6148 6292 6237
f 6546 6690 6635
f 6546 6601 6690
f 6423 6334 6478
f 6423 6567 6512
f 6423 6478 6567
f 6580 6436 6491
f 6402 6546 6491
f 6347 6402 6491
f 6491 6436 6347
f 6635 6580 6491
f 6491 6546 6635
f 6109 6253 6198
f 6054 6109 6198
f 6342 6287 6198
f 6198 6253 6342
f 6198 6143 6054
f 6198 6287 6143
f 7248 7337 7282
f 7282 7337 7371
f 7371 7316 7282
f 7282 7316 7227
f 7117 7028 7083
f 7083 7172 7117
f 7083 7138 7172
f 6960 6816 6871
f 6769 6680 6824
f 6824 6913 6769
f 6913 6858 6769
f 6769 6625 6680
f 6939 6795 6850
f 6850 6795 6706
f 6706 6761 6850
f 6871 6816 6727
f 6405 6549 6494
f 6439 6350 6494
f 6494 6350 6405
f 6494 6549 6638
f 6604 6460 6515
f 6604 6549 6460
f 6837 6981 6926
f 6926 6981 7070
f 6507 6596 6452
f 6596 6541 6452
f 6452 6363 6507
f 6452 6541 6397
f 6397 6308 6452
f 6308 6363 6452
f 7067 6923 6978
f 6978 7033 7067
f 6978 6923 6834
f 6855 6944 6800
f 6711 6855 6800
f 6800 6656 6711
f 6745 6656 6800
f 7761 7795 7740
f 7740 7706 7761
f 7740 7795 7774
f 7774 7719 7740
f 7303 7358 7392
f 7303 7337 7248
f 7392 7337 7303
f 7269 7358 7303
f 6947 7036 6892
f 6892 6803 6947
f 6947 6803 6858
f 6947 6858 7002
f 7002 7036 6947
f 7146 7112 7201
f 7057 7112 7146
f 7235 7324 7269
f 7269 7180 7235
f 7290 7324 7235
f 7180 7146 7235
f 7201 7290 7235
f 7235 7146 7201
f 7125 7159 7070
f 7070 7036 7125
f 7041 7007 7096
f 6986 6897 7041
f 7096 7130 7041
f 7041 7075 6986
f 7130 7075 7041
f 6808 6719 6863
f 6664 6719 6808
f 7274 7240 7329
f 7329 7384 7418
f 7295 7384 7329
f 7329 7240 7295
f 7418 7363 7329
f 7329 7363 7274
f 7465 7554 7499
f 7465 7520 7554
f 7342 7253 7308
f 7308 7397 7342
f 7528 7617 7562
f 7562 7473 7528
f 7562 7507 7473
f 7562 7596 7507
f 7562 7617 7651
f 7651 7596 7562
f 1963 1874 2018
f 2018 2107 1963
f 1963 2107 2052
f 1819 1874 1963
f 2052 1908 1963
f 1963 1908 1819
f 2560 2505 2416
f 2471 2560 2416
f 2416 2505 2361
f 2361 2272 2416
f 2086 1942 1997
f 2230 2175 2086
f 2086 2141 2230
f 1997 2141 2086
f 2031 2175 2120
f 1887 1942 2031
f 2031 2086 2175
f 1942 2086 2031
f 2120 1976 2031
f 1976 1887 2031
f 2853 2709 2764
f 2764 2908 2853
f 2908 2997 2853
f 2853 2798 2709
f 2586 2531 2442
f 2497 2586 2442
f 2442 2353 2497
f 2442 2298 2353
f 2387 2298 2442
f 2442 2531 2387
f 3594 3738 3683
f 3450 3505 3594
f 3649 3738 3594
f 3594 3505 3649
f 3539 3450 3594
f 3594 3683 3539
f 3149 3005 3060
f 3293 3238 3149
f 3149 3238 3094
f 3094 3005 3149
f 3149 3204 3293
f 3149 3060 3204
f 2662 2717 2806
f 2751 2662 2806
f 2806 2717 2861
f 2861 2950 2806
f 2916 2772 2827
f 2827 2971 2916
f 2882 2971 2827
f 2450 2306 2361
f 2450 2594 2539
f 2539 2395 2450
f 2395 2306 2450
f 2361 2505 2450
f 2505 2594 2450
f 5492 5636 5581
f 5581 5670 5526
f 5903 5759 5814
f 5814 5759 5670
f 5259 5314 5403
f 5492 5348 5403
f 5403 5348 5259
f 5403 5547 5492
f 5458 5547 5403
f 5403 5314 5458
f 5170 5314 5259
f 5225 5314 5170
f 5170 5081 5225
f 5115 5170 5259
f 4916 4772 4827
f 5183 5094 5238
f 5238 5327 5183
f 5013 4869 4924
f 4869 4780 4924
f 4924 5068 5013
f 4979 5068 4924
f 5246 5191 5102
f 5013 5157 5102
f 5102 5157 5246
f 5102 4958 5013
f 5102 5191 5047
f 5047 4958 5102
f 5610 5555 5466
f 5521 5610 5466
f 5466 5377 5521
f 5466 5555 5411
f 5178 5233 5322
f 5322 5267 5178
f 5411 5267 5322
f 5322 5466 5411
f 5322 5233 5377
f 5377 5466 5322
f 4835 4890 4979
f 4835 4746 4890
f 4979 4924 4835
f 4691 4746 4835
f 4835 4780 4691
f 4835 4924 4780
f 4890 4945 5034
f 5034 5123 4979
f 4979 4890 5034
f 5178 5123 5034
f 5034 5089 5178
f 5034 4945 5089
f 4712 4623 4767
f 4568 4623 4712
f 4712 4657 4568
f 5733 5678 5589
f 5589 5644 5733
f 5589 5500 5644
f 5445 5500 5589
f 5589 5534 5445
f 5589 5678 5534
f 6309 6220 6364
f 6309 6453 6398
f 6309 6364 6453
f 6398 6254 6309
f 6254 6165 6309
f 6165 6220 6309
f 5953 6097 6042
f 6042 5898 5953
f 5987 5898 6042
f 6042 6131 5987
f 6186 6097 6241
f 6186 6330 6275
f 6241 6330 6186
f 6186 6042 6097
f 6275 6131 6186
f 6131 6042 6186
f 6207 6262 6351
f 6351 6296 6207
f 6118 6262 6207
f 6207 6063 6118
f 6207 6152 6063
f 6296 6152 6207
f 6474 6618 6563
f 6563 6419 6474
f 6474 6330 6385
f 6419 6330 6474
f 6961 6872 7016
f 7016 7050 6961
f 7050 6906 6961
f 6817 6872 6961
f 6961 6906 6817
f 7084 7050 7139
f 7194 7228 7139
f 7139 7105 7194
f 7139 7050 7105
f 7139 7228 7173
f 7173 7084 7139
f 7249 7160 7215
f 7202 7257 7291
f 6927 6872 6783
f 7016 6872 6927
f 7071 6982 7037
f 7071 7105 7016
f 7160 7105 7071
f 7016 6927 7071
f 7071 6927 6982
f 6885 7029 6974
f 6974 7029 7063
f 7063 6919 6974
f 6974 6830 6885
f 6919 6830 6974
f 6652 6508 6563
f 6652 6597 6508
f 6563 6707 6652
f 7398 7453 7487
f 7330 7419 7364
f 7364 7419 7453
f 7453 7398 7364
f 7364 7398 7309
f 6767 6911 6856
f 6945 6801 6856
f 6856 7000 6945
f 6856 6911 7000
f 6712 6767 6856
f 6856 6801 6712
f 7076 6932 6987
f 6987 7042 7076
f 6987 6898 7042
f 6987 6932 6843
f 6843 6898 6987
f 6576 6720 6665
f 6665 6754 6610
f 6665 6720 6809
f 6809 6754 6665
f 6665 6610 6521
f 6521 6576 6665
f 7152 7097 7063
f 7063 7118 7152
f 7152 7118 7207
f 7330 7364 7275
f 7275 7309 7220
f 7275 7364 7309
f 6699 6788 6644
f 6644 6555 6699
f 6500 6555 6644
f 6411 6555 6500
f 6411 6500 6356
f 6411 6267 6322
f 6356 6267 6411
f 6534 6678 6623
f 6623 6479 6534
f 6390 6445 6534
f 6534 6479 6390
f 7390 7479 7424
f 7424 7335 7390
f 7555 7589 7500
f 7589 7534 7500
f 7500 7466 7555
f 7411 7466 7500
f 6204 6259 6348
f 6348 6293 6204
f 6437 6293 6348
f 6348 6259 6403
f 6403 6492 6348
f 6348 6492 6437
f 6327 6238 6382
f 6238 6293 6382
f 6382 6471 6327
f 6382 6293 6437
f 6437 6526 6382
f 6382 6526 6471
f 6306 6450 6395
f 6361 6450 6306
f 6395 6484 6340
f 6285 6141 6196
f 6196 6340 6285
f 6285 6340 6429
f 6429 6340 6484
f 6429 6573 6518
f 6484 6573 6429
f 6374 6463 6319
f 6285 6429 6374
f 6518 6463 6374
f 6374 6429 6518
f 5531 5442 5586
f 5531 5476 5387
f 5387 5442 5531
f 5971 5916 5827
f 5738 5882 5827
f 5827 5882 5971
f 5827 5683 5738
f 5772 5683 5827
f 5827 5916 5772
f 6026 6081 6170
f 6170 6115 6026
f 6259 6115 6170
f 5992 6081 5937
f 5937 5848 5992
f 5992 5848 5903
f 5903 6047 5992
f 6102 6157 6246
f 6246 6301 6390
f 6246 6157 6301
f 6877 6932 7021
f 7021 6966 6877
f 7021 6932 7076
f 7076 7110 7021
f 7021 7110 7055
f 7055 6966 7021
f 7055 7110 7144
f 7110 7199 7144
f 7322 7377 7411
f 7288 7377 7322
f 7390 7335 7301
f 6725 6869 6814
f 6903 6759 6814
f 6814 6958 6903
f 6814 6869 6958
f 6670 6725 6814
f 6814 6759 6670
f 6314 6458 6403
f 6403 6259 6314
f 6259 6170 6314
f 5463 5408 5319
f 5230 5374 5319
f 5374 5463 5319
f 5319 5175 5230
f 5319 5408 5264
f 5264 5175 5319
f 5599 5510 5654
f 5552 5696 5641
f 5586 5497 5641
f 5641 5497 5552
f 5751 5607 5662
f 5751 5696 5607
f 5751 5806 5895
f 5662 5806 5751
f 5806 5717 5861
f 5861 5950 5806
f 5861 5717 5772
f 6005 5950 5861
f 5861 5916 6005
f 5772 5916 5861
f 4806 4950 4895
f 4895 4751 4806
f 4806 4751 4662
f 5183 5128 5039
f 5039 5094 5183
f 5039 4950 5094
f 4895 4950 5039
f 5039 4984 4895
f 5128 4984 5039
f 4374 4285 4429
f 4429 4518 4374
f 4649 4793 4738
f 4649 4738 4594
f 4594 4505 4649
f 4649 4704 4793
f 5505 5361 5416
f 5416 5560 5505
f 5471 5560 5416
f 5416 5327 5471
f 4335 4390 4479
f 4479 4623 4568
f 4534 4623 4479
f 4479 4390 4534
f 4445 4390 4301
f 4301 4356 4445
f 4212 4356 4301
f 4301 4157 4212
f 4301 4246 4157
f 4301 4390 4246
f 4047 4191 4136
f 4136 3992 4047
f 4081 3992 4136
f 4136 4225 4081
f 4170 4225 4314
f 4314 4259 4170
f 4314 4403 4259
f 4547 4403 4458
f 4403 4314 4458
f 4280 4191 4335
f 4280 4136 4191
f 4225 4136 4280
f 4793 4848 4937
f 4882 4793 4937
f 4992 5081 4937
f 4937 4848 4992
f 3772 3827 3916
f 3916 4005 3861
f 3861 3772 3916
f 4060 4005 3916
f 3971 4060 3916
f 3916 3827 3971
f 3636 3492 3547
f 3636 3547 3691
f 3581 3492 3636
f 5133 5222 5078
f 5078 4989 5133
f 5133 4989 5044
f 5133 5277 5222
f 4900 4845 4756
f 4900 4989 4845
f 4756 4811 4900
f 5044 4989 4900
f 4667 4811 4756
f 4667 4523 4578
f 4578 4722 4667
f 4722 4811 4667
f 4756 4612 4667
f 4612 4523 4667
f 4955 5099 5044
f 5044 4900 4955
f 4955 4900 4811
f 4955 5010 5099
f 4345 4489 4434
f 4201 4256 4345
f 4256 4400 4345
f 4400 4489 4345
f 4345 4290 4201
f 4345 4434 4290
f 4625 4680 4769
f 4625 4769 4714
f 4625 4570 4481
f 4714 4570 4625
f 3892 4036 3981
f 3748 3803 3892
f 3892 3837 3748
f 3892 3981 3837
f 4091 4036 3947
f 3947 4002 4091
f 3858 4002 3947
f 3947 3803 3858
f 3947 3892 3803
f 4036 3892 3947
f 6772 6683 6827
f 6772 6916 6861
f 6772 6827 6916
f 6628 6683 6772
f 6594 6683 6539
f 6594 6450 6505
f 6539 6450 6594
f 6594 6505 6649
f 6649 6738 6594
f 6738 6683 6594
f 6840 6696 6751
f 6696 6607 6751
f 6895 6840 6751
f 7888 7922 7901
f 7901 7935 7914
f 7901 7922 7935
f 7833 7854 7888
f 7799 7854 7833
f 7686 7652 7707
f 7707 7741 7686
f 7885 7830 7851
f 7851 7830 7796
f 7914 7927 7893
f 7927 7906 7893
f 7961 7940 7927
f 7953 7940 7961
f 7961 7974 7953
f 7961 7969 7982
f 7982 7974 7961
f 7948 7935 7956
f 7956 7969 7948
f 7948 7927 7914
f 7914 7935 7948
f 7948 7961 7927
f 7969 7961 7948
f 7956 7922 7943
f 7943 7964 7956
f 7930 7964 7943
f 7943 7909 7930
f 7943 7922 7909
f 7972 7964 7951
f 7951 7964 7930
f 7987 7979 7966
f 7966 7974 7987
f 7953 7974 7966
f 7945 7932 7966
f 7966 7932 7953
f 7966 7958 7945
f 7966 7979 7958
f 7793 7759 7814
f 7793 7848 7827
f 7814 7848 7793
f 7725 7746 7780
f 7780 7759 7725
f 7759 7704 7725
f 7840 7895 7874
f 7840 7861 7895
f 7874 7819 7840
f 7840 7819 7785
f 7900 7866 7887
f 7879 7866 7900
f 7900 7913 7879
f 7934 7913 7900
f 7798 7819 7853
f 7874 7887 7853
f 7853 7819 7874
f 7832 7866 7811
f 7777 7798 7832
f 7832 7811 7777
f 7798 7853 7832
f 7887 7866 7832
f 7832 7853 7887
f 7510 7599 7544
f 7578 7489 7544
f 7633 7578 7544
f 7544 7599 7633
f 7654 7709 7688
f 7688 7599 7654
f 7620 7675 7654
f 7675 7709 7654
f 7654 7565 7620
f 7599 7565 7654
f 5427 5571 5516
f 5516 5372 5427
f 5516 5605 5461
f 5461 5372 5516
f 5660 5715 5804
f 5660 5571 5715
f 5804 5749 5660
f 5660 5516 5571
f 5660 5749 5605
f 5605 5516 5660
f 5812 5867 5956
f 5791 5647 5702
f 5702 5647 5558
f 5990 5935 5846
f 5846 5702 5757
f 5846 5935 5791
f 5791 5702 5846
f 5249 5393 5338
f 5249 5105 5160
f 5249 5160 5304
f 5304 5393 5249
f 5194 5105 5249
f 5249 5338 5194
f 5626 5681 5770
f 5770 5715 5626
f 5859 5715 5770
f 5914 5859 5770
f 5770 5825 5914
f 5770 5681 5825
f 5092 5003 5147
f 5147 5236 5092
f 5147 5003 5058
f 5291 5236 5147
f 5058 5202 5147
f 5147 5202 5291
f 3487 3343 3398
f 3343 3254 3398
f 3398 3254 3309
f 3398 3542 3487
f 3309 3364 3453
f 3453 3398 3309
f 3542 3398 3453
f 3597 3542 3453
f 3453 3508 3597
f 3453 3364 3508
f 3021 3076 3165
f 3110 3021 3165
f 3165 3254 3110
f 3309 3254 3165
f 3220 3309 3165
f 3165 3076 3220
f 2631 2542 2686
f 2686 2775 2631
f 2686 2542 2597
f 2830 2775 2686
f 2597 2741 2686
f 2686 2741 2830
f 2919 2775 2830
f 2919 3063 3008
f 2919 3008 2864
f 2864 2775 2919
f 2919 2974 3063
f 2830 2974 2919
f 2885 2741 2796
f 3029 2974 2885
f 2830 2741 2885
f 2885 2974 2830
f 2885 2940 3029
f 2796 2940 2885
f 4116 4205 4061
f 4061 3972 4116
f 4116 4260 4205
f 4171 4260 4116
f 4294 4349 4438
f 4527 4383 4438
f 4438 4383 4294
f 4438 4349 4493
f 3485 3430 3341
f 3252 3396 3341
f 3341 3396 3485
f 3341 3430 3286
f 3375 3430 3519
f 3608 3464 3519
f 3519 3464 3375
f 3519 3663 3608
f 3574 3718 3663
f 3574 3430 3485
f 3574 3485 3629
f 3629 3718 3574
f 3663 3519 3574
f 3574 3519 3430
f 3862 3951 3807
f 3807 3718 3862
f 4006 4150 4095
f 4006 3862 3917
f 4061 4150 4006
f 4006 3917 4061
f 4095 3951 4006
f 3951 3862 4006
f 4726 4671 4582
f 4582 4493 4637
f 4637 4726 4582
f 4582 4438 4493
f 4582 4671 4527
f 4527 4438 4582
f 2765 2676 2820
f 2820 2909 2765
f 2820 2676 2731
f 2964 2909 2820
f 2731 2875 2820
f 2820 2875 2964
f 3053 2909 2964
f 2964 3108 3053
f 2998 2909 3053
f 3252 3163 3307
f 3307 3396 3252
f 3307 3163 3218
f 3451 3396 3307
f 3218 3362 3307
f 3362 3451 3307
f 3540 3396 3451
f 3540 3684 3629
f 3629 3485 3540
f 3485 3396 3540
f 3595 3684 3540
f 3540 3451 3595
f 7210 7176 7265
f 7299 7210 7265
f 7904 7938 7917
f 7917 7883 7904
f 7896 7883 7917
f 7930 7896 7917
f 7917 7951 7930
f 7938 7951 7917
f 7210 7244 7155
f 7100 7066 7155
f 7155 7244 7189
f 7189 7100 7155
f 7045 6901 6956
f 6956 6867 7011
f 7011 7045 6956
f 7168 7202 7113
f 7168 7257 7202
f 7718 7752 7697
f 7697 7676 7642
f 7870 7815 7836
f 7857 7891 7836
f 7836 7891 7870
f 7370 7425 7459
f 7425 7514 7459
f 7459 7514 7548
f 7184 7095 7150
f 7150 7239 7184
f 7574 7540 7629
f 7574 7608 7519
f 7519 7485 7574
f 7485 7540 7574
f 7464 7430 7519
f 7464 7498 7409
f 7705 7650 7671
f 7705 7760 7739
f 7739 7684 7705
f 7684 7650 7705
f 7561 7650 7595
f 7506 7561 7595
f 7595 7540 7506
f 7629 7540 7595
f 7595 7684 7629
f 7595 7650 7684
f 7137 7082 7048
f 7048 7103 7137
f 7116 7082 7171
f 7226 7260 7171
f 7171 7137 7226
f 7082 7137 7171
f 6993 6849 6904
f 6938 6849 6993
f 6993 6904 7048
f 7048 7082 6993
f 6671 6815 6760
f 6760 6849 6705
f 6760 6815 6904
f 6904 6849 6760
f 6705 6616 6760
f 6760 6616 6671
f 6938 6993 7027
f 7027 6993 7082
f 7027 7082 7116
f 6883 6972 6828
f 6739 6794 6883
f 6883 6828 6739
f 6794 6938 6883
f 6938 7027 6883
f 6883 7027 6972
f 7145 7179 7090
f 7090 7056 7145
f 7001 7056 7090
f 7090 7179 7124
f 6980 6925 6836
f 7069 6925 6980
f 6988 6899 7043
f 7043 7077 6988
f 7022 6878 6933
f 6967 6878 7022
f 6933 6988 7022
f 7022 6988 7077
f 7022 7056 6967
f 7153 7187 7098
f 7043 7009 7098
f 7166 7077 7132
f 7132 7077 7043
f 7043 7098 7132
f 7132 7098 7187
f 7242 7187 7153
f 7242 7208 7297
f 7153 7208 7242
f 7564 7653 7598
f 7687 7632 7598
f 7598 7653 7687
f 7323 7357 7268
f 7556 7645 7590
f 7268 7357 7302
f 7302 7213 7268
f 7428 7517 7462
f 7572 7517 7483
f 7483 7517 7428
f 7064 6975 7030
f 7153 7098 7064
f 7064 7098 7009
f 7064 7009 6920
f 6920 6975 7064
f 7119 7064 7030
f 7119 7208 7153
f 7153 7064 7119
f 7043 6899 6954
f 6954 7009 7043
f 6954 6865 7009
f 6954 6899 6810
f 6810 6865 6954
f 6611 6666 6755
f 6810 6899 6755
f 6755 6666 6810
f 6721 6666 6577
f 6810 6666 6721
f 6721 6865 6810
f 6776 6865 6721
f 6786 6697 6841
f 6786 6841 6930
f 6930 6875 6786
f 6786 6875 6731
f 6663 6519 6574
f 6485 6629 6574
f 6574 6430 6485
f 6574 6519 6430
f 6718 6663 6574
f 6574 6629 6718
f 6506 6362 6417
f 6417 6328 6472
f 6273 6328 6417
f 6417 6362 6273
f 6472 6561 6417
f 6417 6561 6506
f 6176 6320 6265
f 6320 6409 6265
f 6265 6121 6176
f 6210 6121 6265
f 5799 5710 5854
f 5854 5943 5799
f 5854 5710 5765
f 5998 5943 5854
f 5909 5998 5854
f 5854 5765 5909
f 6226 6137 6281
f 6281 6370 6226
f 6226 6370 6315
f 6315 6171 6226
f 6082 6137 6226
f 6226 6171 6082
f 5760 5815 5904
f 6048 5993 5904
f 5904 5959 6048
f 5815 5959 5904
f 5849 5705 5760
f 5794 5705 5849
f 5760 5904 5849
f 5849 5904 5993
f 6040 6184 6129
f 5985 6040 6129
f 6129 6273 6218
f 6129 6184 6273
f 6129 6218 6074
f 6074 5985 6129
f 4731 4875 4820
f 4731 4587 4642
f 4642 4786 4731
f 4786 4875 4731
f 4820 4676 4731
f 4676 4587 4731
f 6043 6187 6132
f 6043 5899 5954
f 5954 6098 6043
f 6043 6098 6187
f 6043 6132 5988
f 5988 5899 6043
f 6242 6153 6297
f 6242 6098 6153
f 6187 6098 6242
f 5467 5522 5611
f 5611 5556 5467
f 5467 5556 5412
f 5755 5899 5844
f 5611 5666 5755
f 5755 5666 5810
f 5810 5899 5755
f 5755 5700 5611
f 5844 5700 5755
f 6077 5933 5988
f 6077 6221 6166
f 5988 6132 6077
f 6132 6221 6077
f 5789 5933 5878
f 5412 5556 5501
f 5501 5556 5645
f 6674 6585 6729
f 6674 6818 6763
f 6729 6818 6674
f 6763 6619 6674
f 6674 6619 6530
f 6530 6585 6674
f 6671 6527 6582
f 6493 6637 6582
f 6582 6438 6493
f 6582 6527 6438
f 6582 6637 6726
f 6726 6671 6582
f 6488 6344 6399
f 6399 6344 6255
f 6179 6323 6268
f 6357 6213 6268
f 6412 6357 6268
f 6268 6323 6412
f 6124 6179 6268
f 6268 6213 6124
f 6734 6878 6823
f 6679 6624 6535
f 6768 6624 6679
f 6823 6768 6679
f 6679 6734 6823
f 6179 6035 6090
f 6090 6145 6234
f 6234 6179 6090
f 6247 6158 6302
f 6302 6158 6213
f 6357 6446 6302
f 6302 6213 6357
f 5129 5273 5218
f 4985 5040 5129
f 5184 5273 5129
f 5129 5040 5184
f 5129 5074 4985
f 5218 5074 5129
f 5472 5328 5383
f 5383 5527 5472
f 5383 5438 5527
f 5294 5438 5383
f 5095 5150 5239
f 5184 5095 5239
f 5239 5328 5184
f 5239 5383 5328
f 5239 5150 5294
f 5294 5383 5239
f 6244 6388 6333
f 6333 6422 6278
f 6333 6189 6244
f 6278 6189 6333
f 7121 7066 7032
f 7032 7087 7121
f 7087 7176 7121
f 7121 7176 7210
f 7210 7155 7121
f 7121 7155 7066
f 6799 6854 6943
f 6943 6888 6799
f 6710 6854 6799
f 6799 6888 6744
f 6799 6655 6710
f 6744 6655 6799
f 6634 6778 6723
f 6723 6778 6867
f 6710 6566 6621
f 6388 6532 6477
f 6566 6422 6477
f 6477 6621 6566
f 6532 6621 6477
f 6477 6333 6388
f 6422 6333 6477
f 6553 6697 6642
f 6642 6786 6731
f 6697 6786 6642
f 6354 6265 6409
f 6299 6210 6354
f 6210 6265 6354
f 6291 6346 6435
f 6435 6380 6291
f 6202 6346 6291
f 6291 6380 6236
f 6236 6147 6291
f 6291 6147 6202
f 6846 6935 6791
f 6702 6757 6846
f 6846 6791 6702
f 6757 6901 6846
f 6846 6901 6990
f 6990 6935 6846
f 6325 6380 6469
f 6469 6414 6325
f 6435 6490 6579
f 6579 6490 6634
f 6634 6723 6579
f 7755 7700 7721
f 7721 7742 7776
f 7810 7755 7776
f 7776 7755 7721
f 7776 7742 7797
f 7776 7831 7810
f 7797 7831 7776
f 7797 7742 7763
f 7729 7784 7763
f 7708 7653 7674
f 7708 7763 7742
f 7708 7742 7687
f 7687 7653 7708
f 7708 7674 7729
f 7729 7763 7708
f 7889 7868 7834
f 7834 7813 7779
f 7868 7813 7834
f 7826 7881 7860
f 7847 7881 7826
f 7839 7784 7805
f 7771 7826 7805
f 7860 7839 7805
f 7805 7826 7860
f 7737 7771 7716
f 7703 7758 7737
f 7703 7648 7669
f 7818 7852 7797
f 7797 7763 7818
f 7818 7763 7784
f 7818 7784 7839
f 7818 7839 7873
f 7873 7852 7818
f 7957 7949 7936
f 7936 7949 7915
f 7936 7923 7957
f 7902 7923 7936
f 7936 7915 7902
f 8000 7995 7998
f 7995 7990 7998
f 7999 8000 7998
f 7977 7964 7985
f 7985 7964 7972
f 7985 7990 7977
f 7972 7980 7985
f 7985 7980 7993
f 7985 7998 7990
f 7993 7998 7985
f 7938 7925 7959
f 7925 7946 7959
f 7959 7951 7938
f 7972 7951 7959
f 7959 7980 7972
f 7959 7946 7967
f 7967 7980 7959
f 7423 7457 7368
f 7423 7368 7334
f 7423 7478 7512
f 7512 7457 7423
f 7334 7389 7423
f 7389 7478 7423
f 7334 7279 7245
f 7279 7190 7245
f 7245 7300 7334
f 7245 7190 7156
f 7156 7211 7245
f 7211 7300 7245
f 6936 6792 6847
f 6758 6902 6847
f 6847 6703 6758
f 6847 6792 6703
f 6949 6805 6860
f 6881 6792 6936
f 6737 6792 6881
f 6936 6847 6991
f 6991 6847 6902
f 6805 6750 6661
f 6661 6750 6606
f 6894 6805 6949
f 6894 6983 6839
f 6839 6750 6894
f 6894 6750 6805
f 7533 7567 7478
f 7499 7588 7533
f 7533 7588 7622
f 7622 7567 7533
f 7533 7444 7499
f 7478 7444 7533
f 7779 7758 7724
f 7669 7690 7724
f 7724 7703 7669
f 7758 7703 7724
f 7779 7724 7745
f 7745 7724 7690
f 7622 7677 7656
f 7656 7690 7601
f 7656 7567 7622
f 7601 7567 7656
f 7436 7347 7402
f 7402 7347 7313
f 7313 7368 7402
f 7368 7457 7402
f 7436 7402 7491
f 7491 7402 7457
f 7614 7580 7669
f 7669 7648 7614
f 7614 7648 7559
f 7601 7690 7635
f 7635 7690 7669
f 7669 7580 7635
f 7504 7559 7593
f 7559 7648 7593
f 7884 7918 7897
f 7897 7863 7884
f 7897 7918 7931
f 7842 7863 7897
f 7897 7876 7842
f 7931 7910 7897
f 7910 7876 7897
f 7753 7719 7774
f 7774 7808 7753
f 7753 7698 7719
f 7732 7698 7753
f 6228 6317 6173
f 6173 6084 6228
f 6084 6139 6228
f 6495 6406 6550
f 6406 6461 6550
f 6550 6639 6495
f 6550 6461 6605
f 6605 6694 6550
f 6550 6694 6639
f 6673 6618 6529
f 6529 6584 6673
f 6440 6584 6529
f 6618 6474 6529
f 6385 6440 6529
f 6529 6474 6385
f 6702 6791 6647
f 6270 6414 6359
f 6215 6270 6359
f 6359 6304 6215
f 5309 5165 5220
f 5453 5398 5309
f 5254 5165 5309
f 5309 5398 5254
f 5309 5220 5364
f 5364 5453 5309
f 5308 5452 5397
f 5397 5253 5308
f 5219 5363 5308
f 5363 5452 5308
f 5287 5376 5232
f 4965 4876 5020
f 5198 5253 5342
f 5342 5287 5198
f 3216 3360 3305
f 3216 3072 3127
f 3216 3305 3161
f 3161 3072 3216
f 4360 4504 4449
f 4360 4415 4504
f 4360 4449 4305
f 4436 4347 4491
f 4491 4580 4436
f 4347 4402 4491
f 4635 4580 4491
f 4546 4635 4491
f 4491 4402 4546
f 3847 3792 3703
f 3703 3758 3847
f 3847 3758 3902
f 3902 3991 3847
f 3936 3847 3991
f 3792 3847 3936
f 3936 4025 3881
f 3881 3792 3936
f 4080 4135 4224
f 4080 3991 4135
f 4080 3936 3991
f 4025 3936 4080
f 2407 2551 2496
f 2263 2318 2407
f 2407 2352 2263
f 2496 2352 2407
f 2462 2318 2373
f 2462 2606 2551
f 2551 2407 2462
f 2462 2407 2318
f 2373 2517 2462
f 2517 2606 2462
f 2284 2339 2428
f 2428 2517 2373
f 2373 2284 2428
f 2572 2517 2428
f 2428 2483 2572
f 2428 2339 2483
f 2687 2543 2598
f 2598 2742 2687
f 2776 2721 2632
f 2632 2687 2776
f 2543 2687 2632
f 2632 2721 2577
f 2454 2543 2399
f 2399 2344 2255
f 2708 2852 2797
f 2797 2653 2708
f 2619 2763 2708
f 2763 2852 2708
f 2975 3030 3119
f 2928 2784 2839
f 2928 3072 3017
f 3017 2873 2928
f 2873 2784 2928
f 2928 2839 2983
f 2983 3072 2928
f 3250 3106 3161
f 3250 3394 3339
f 3161 3305 3250
f 3305 3394 3250
f 3339 3284 3195
f 3195 3250 3339
f 3106 3250 3195
f 3051 3106 3195
f 3140 3051 3195
f 3195 3284 3140
f 3174 3085 3229
f 3229 3318 3174
f 3229 3085 3140
f 3140 3284 3229
f 3496 3640 3585
f 3352 3407 3496
f 3496 3407 3551
f 3551 3640 3496
f 3839 3928 3784
f 3729 3640 3784
f 3627 3483 3538
f 3538 3483 3394
f 3716 3771 3860
f 3805 3716 3860
f 3771 3915 3860
f 4428 4373 4284
f 4339 4428 4284
f 4284 4195 4339
f 4284 4140 4195
f 4284 4373 4229
f 4229 4140 4284
f 4305 4250 4161
f 4161 4017 4072
f 4161 4250 4106
f 4106 4017 4161
f 3716 3661 3572
f 3627 3716 3572
f 3572 3483 3627
f 3428 3483 3572
f 3517 3428 3572
f 3572 3661 3517
f 3839 3894 3983
f 4072 3928 3983
f 3983 3928 3839
f 3983 3894 4038
f 3166 3022 3077
f 3077 3221 3166
f 2988 3132 3077
f 3077 3132 3221
f 2933 2878 2789
f 2933 3022 2878
f 2933 2789 2844
f 2933 3077 3022
f 2844 2988 2933
f 2988 3077 2933
f 4567 4711 4656
f 4423 4478 4567
f 4478 4622 4567
f 4622 4711 4567
f 4567 4512 4423
f 4656 4512 4567
f 3923 4067 4012
f 3923 3779 3834
f 3834 3978 3923
f 3978 4067 3923
f 4012 3868 3923
f 3868 3779 3923
f 3038 3182 3127
f 3038 3127 2983
f 2983 2894 3038
f 3004 3148 3093
f 3182 3038 3093
f 3127 3182 3271
f 3271 3216 3127
f 3360 3216 3271
f 3415 3360 3271
f 3271 3326 3415
f 3271 3182 3326
f 2970 2826 2881
f 2970 3025 3114
f 2970 2881 3025
f 2648 2504 2559
f 2792 2737 2648
f 2648 2703 2792
f 2648 2559 2703
f 2449 2504 2593
f 2682 2538 2593
f 2538 2449 2593
f 2593 2737 2682
f 2593 2648 2737
f 2504 2648 2593
f 2470 2525 2614
f 2703 2559 2614
f 2614 2559 2470
f 2614 2758 2703
f 2669 2758 2614
f 2614 2525 2669
f 131 110 97
f 165 110 131
f 84 97 63
f 71 105 84
f 50 71 84
f 84 63 50
f 418 329 384
f 384 329 350
f 384 473 418
f 779 813 724
f 1088 944 999
f 999 944 910
f 999 1143 1088
f 999 1054 1143
f 999 910 965
f 965 1054 999
f 1033 944 1088
f 1122 978 1033
f 1033 978 944
f 646 701 735
f 735 680 646
f 769 680 735
f 777 811 722
f 777 722 688
f 688 743 777
f 8 3 16
f 8 5 3
f 55 76 89
f 60 81 94
f 47 81 60
f 10 5 18
f 2 5 10
f 15 7 10
f 10 7 2
f 57 36 44
f 146 125 112
f 112 167 146
f 154 188 133
f 133 188 167
f 167 112 133
f 133 112 99
f 183 149 204
f 183 238 217
f 204 238 183
f 128 107 94
f 149 183 128
f 175 141 196
f 196 230 175
f 217 251 196
f 196 251 230
f 536 447 502
f 591 536 502
f 502 557 591
f 468 557 502
f 502 413 468
f 502 447 413
f 528 473 439
f 473 384 439
f 439 384 350
f 515 604 549
f 549 460 515
f 549 638 583
f 549 604 638
f 350 316 405
f 405 439 350
f 426 337 392
f 392 481 426
f 481 515 426
f 515 460 426
f 991 936 902
f 902 957 991
f 1059 970 1114
f 1203 1148 1059
f 1059 1114 1203
f 1059 1148 1004
f 1004 970 1059
f 635 601 690
f 745 779 690
f 656 745 690
f 690 601 656
f 724 635 690
f 690 779 724
f 512 601 546
f 546 491 457
f 457 512 546
f 580 491 546
f 546 635 580
f 546 601 635
f 813 847 758
f 758 703 669
f 792 703 758
f 758 847 792
f 669 724 758
f 724 813 758
f 1012 1156 1101
f 1101 957 1012
f 1067 978 1122
f 1067 1122 1211
f 1211 1156 1067
f 1012 978 1067
f 1067 1156 1012
f 1300 1389 1245
f 1245 1156 1300
f 1245 1101 1156
f 1410 1465 1554
f 1651 1740 1596
f 1507 1562 1651
f 1651 1596 1507
f 1562 1706 1651
f 1795 1740 1651
f 1651 1706 1795
f 2083 1939 1994
f 1994 2138 2083
f 1905 2049 1994
f 2049 2138 1994
f 1850 1939 1795
f 1850 1706 1761
f 1795 1706 1850
f 1850 1994 1939
f 1850 1761 1905
f 1905 1994 1850
f 1473 1384 1528
f 1617 1562 1473
f 1473 1528 1617
f 1562 1418 1473
f 1473 1418 1329
f 1329 1384 1473
f 1041 952 1096
f 1041 1096 1185
f 1800 1944 1889
f 1800 1889 1745
f 1745 1656 1800
f 1800 1656 1711
f 1910 1999 1855
f 1999 1944 1855
f 1855 1800 1711
f 1944 1800 1855
f 1567 1656 1512
f 1567 1423 1478
f 1512 1423 1567
f 1478 1622 1567
f 1567 1622 1711
f 1711 1656 1567
f 2368 2512 2457
f 2368 2224 2279
f 2279 2423 2368
f 2423 2512 2368
f 2457 2313 2368
f 2368 2313 2224
f 729 784 818
f 818 763 729
f 763 674 729
f 729 674 640
f 640 695 729
f 729 695 784
f 721 632 687
f 687 776 721
f 687 632 598
f 598 653 687
f 441 496 530
f 407 496 441
f 331 386 420
f 318 407 352
f 352 297 318
f 407 441 352
f 352 441 386
f 331 297 352
f 352 386 331
f 1051 1195 1140
f 1140 1229 1085
f 1284 1229 1140
f 1140 1195 1284
f 1085 996 1140
f 1140 996 1051
f 755 844 789
f 789 700 755
f 810 844 755
f 755 700 666
f 755 666 721
f 721 810 755
f 2509 2420 2564
f 2564 2653 2509
f 2564 2420 2475
f 2564 2708 2653
f 2564 2475 2619
f 2619 2708 2564
f 1789 1645 1700
f 1611 1755 1700
f 1700 1556 1611
f 1700 1645 1556
f 1700 1755 1844
f 1844 1789 1700
f 2137 2048 2192
f 2192 2281 2137
f 2192 2048 2103
f 2336 2281 2192
f 2103 2247 2192
f 2192 2247 2336
f 2425 2281 2336
f 2425 2480 2569
f 2336 2480 2425
f 2370 2281 2425
f 1205 1150 1061
f 1006 972 1061
f 1061 1150 1006
f 1116 1027 1171
f 1260 1205 1116
f 1116 1171 1260
f 1205 1061 1116
f 972 1027 1116
f 1116 1061 972
f 1137 1226 1082
f 1082 993 1137
f 993 1048 1137
f 1137 1048 1192
f 1192 1281 1137
f 1281 1226 1137
f 739 650 705
f 705 794 739
f 739 684 650
f 739 794 828
f 773 684 739
f 739 828 773
f 828 794 883
f 883 938 972
f 849 938 883
f 883 794 849
f 972 917 883
f 917 828 883
f 718 807 752
f 807 841 752
f 752 841 786
f 786 697 752
f 1875 1731 1786
f 1875 1786 1930
f 1676 1731 1820
f 1820 1765 1676
f 1909 1765 1820
f 1731 1875 1820
f 2320 2231 2375
f 1222 1078 1133
f 1044 1188 1133
f 1277 1222 1133
f 1133 1188 1277
f 989 1078 934
f 989 934 900
f 1044 1133 989
f 989 1133 1078
f 900 955 989
f 989 955 1044
f 1167 1078 1222
f 1167 1256 1112
f 1167 1112 1023
f 1023 1078 1167
f 1400 1256 1311
f 1222 1366 1311
f 1311 1167 1222
f 1256 1167 1311
f 1311 1455 1400
f 1366 1455 1311
f 1057 1146 1002
f 1002 968 1057
f 1057 968 1112
f 1112 1201 1057
f 1201 1146 1057
f 1612 1667 1756
f 1756 1701 1612
f 1667 1811 1756
f 2078 2023 1934
f 1934 1989 2078
f 2366 2455 2311
f 2311 2222 2366
f 2133 2078 1989
f 2222 2078 2133
f 2133 2188 2277
f 2277 2222 2133
f 1303 1447 1392
f 1303 1392 1248
f 1248 1159 1303
f 1159 1214 1303
f 1125 1214 1070
f 1125 1070 981
f 981 1036 1125
f 1036 1180 1125
f 3497 3353 3408
f 3497 3641 3586
f 3586 3442 3497
f 3442 3353 3497
f 3408 3552 3497
f 3497 3552 3641
f 3476 3531 3620
f 3565 3476 3620
f 3620 3531 3675
f 3395 3340 3251
f 3395 3484 3340
f 3251 3306 3395
f 3539 3484 3395
f 3395 3450 3539
f 3395 3306 3450
f 2565 2709 2654
f 2421 2476 2565
f 2620 2709 2565
f 2565 2476 2620
f 1968 2112 2057
f 1824 1879 1968
f 1968 1879 2023
f 2023 2112 1968
f 1968 1913 1824
f 2057 1913 1968
f 2866 2722 2777
f 2777 2921 2866
f 2688 2832 2777
f 2777 2832 2921
f 2523 2667 2612
f 2612 2468 2523
f 2523 2434 2578
f 2578 2667 2523
f 2811 2667 2722
f 2811 2955 2900
f 2811 2900 2756
f 2756 2667 2811
f 2811 2722 2866
f 2866 2955 2811
f 2578 2434 2489
f 2434 2345 2489
f 2743 2798 2887
f 2976 2832 2887
f 2887 2832 2743
f 2887 3031 2976
f 2510 2455 2366
f 2510 2599 2455
f 2366 2421 2510
f 2654 2599 2510
f 2510 2565 2654
f 2421 2565 2510
f 554 609 643
f 643 588 554
f 588 499 554
f 520 609 554
f 465 520 554
f 554 499 465
f 575 609 520
f 541 630 575
f 575 486 541
f 520 486 575
f 664 753 698
f 698 609 664
f 719 753 664
f 609 575 664
f 664 630 719
f 664 575 630
f 926 960 871
f 926 1015 960
f 871 837 926
f 981 1070 926
f 1070 1015 926
f 926 892 981
f 837 892 926
f 2236 2291 2380
f 2524 2469 2380
f 2380 2435 2524
f 2380 2291 2435
f 2147 2003 2058
f 2147 2291 2236
f 2147 2058 2202
f 2202 2291 2147
f 1372 1461 1317
f 1228 1372 1317
f 1317 1173 1228
f 1317 1262 1173
f 1406 1461 1550
f 1406 1317 1461
f 1406 1351 1262
f 1262 1317 1406
f 2236 2181 2092
f 2092 2147 2236
f 2003 2147 2092
f 1948 2003 2092
f 2092 2037 1948
f 2092 2181 2037
f 3456 3312 3367
f 3456 3600 3545
f 3367 3511 3456
f 3456 3511 3600
f 3545 3490 3401
f 3401 3456 3545
f 3312 3456 3401
f 3257 3312 3401
f 3401 3346 3257
f 3401 3490 3346
f 2791 2647 2702
f 2880 2736 2791
f 2791 2736 2647
f 3223 3312 3168
f 3168 3312 3257
f 3257 3113 3168
f 3113 3024 3168
f 3045 2990 2901
f 2901 2812 2956
f 2956 3045 2901
f 2757 2812 2901
f 2935 3024 2880
f 2880 2791 2935
f 3045 3189 3134
f 3189 3278 3134
f 3134 3278 3223
f 3134 2990 3045
f 2778 2833 2922
f 2922 2867 2778
f 3011 2867 2922
f 3121 3265 3210
f 3032 3176 3121
f 3176 3265 3121
f 2888 2833 2744
f 2888 2744 2799
f 2888 2943 3032
f 2799 2943 2888
f 2490 2346 2401
f 2490 2634 2579
f 2579 2435 2490
f 2435 2346 2490
f 2401 2545 2490
f 2490 2545 2634
f 429 340 395
f 395 484 429
f 395 450 484
f 361 450 395
f 395 306 361
f 395 340 306
f 662 751 696
f 751 785 696
f 730 641 696
f 696 785 730
f 518 573 607
f 607 573 662
f 662 696 607
f 607 696 641
f 552 586 497
f 552 641 586
f 552 607 641
f 518 607 552
f 552 463 518
f 497 463 552
f 895 929 840
f 840 785 751
f 840 806 895
f 840 751 806
f 458 403 369
f 369 424 458
f 458 424 513
f 492 403 458
f 458 547 492
f 458 513 547
f 479 390 445
f 479 424 390
f 445 534 479
f 513 424 479
f 568 513 479
f 479 534 568
f 330 351 385
f 296 351 330
f 385 419 330
f 330 419 364
f 301 356 335
f 246 267 301
f 335 280 301
f 301 280 246
f 364 398 309
f 309 330 364
f 432 466 377
f 466 411 377
f 720 686 775
f 720 631 686
f 775 809 720
f 809 754 720
f 699 644 610
f 610 644 555
f 487 542 576
f 542 631 576
f 1801 1712 1856
f 1856 1945 1801
f 2000 2055 2144
f 1911 2055 2000
f 2000 1856 1911
f 1945 1856 2000
f 1411 1555 1500
f 1589 1445 1500
f 1644 1589 1500
f 1500 1555 1644
f 1356 1411 1500
f 1500 1445 1356
f 1466 1555 1411
f 1411 1322 1466
f 1466 1521 1610
f 1610 1555 1466
f 1741 1652 1796
f 1741 1885 1830
f 1796 1885 1741
f 1830 1686 1741
f 1686 1597 1741
f 1741 1597 1652
f 1110 1165 1254
f 1254 1165 1309
f 1309 1398 1254
f 1398 1343 1254
f 1419 1275 1330
f 1241 1385 1330
f 1330 1186 1241
f 1330 1275 1186
f 1330 1474 1419
f 1385 1474 1330
f 2406 2351 2262
f 2694 2550 2605
f 2749 2838 2694
f 2694 2605 2749
f 1034 945 1089
f 1034 1178 1123
f 1089 1178 1034
f 801 712 767
f 801 746 712
f 767 822 856
f 856 801 767
f 856 945 890
f 890 801 856
f 780 746 835
f 890 924 835
f 835 801 890
f 746 801 835
f 835 869 780
f 835 924 869
f 822 877 911
f 911 856 822
f 1000 945 911
f 945 856 911
f 1563 1508 1419
f 1419 1474 1563
f 1563 1652 1508
f 1474 1618 1563
f 1707 1652 1563
f 1563 1618 1707
f 406 372 461
f 440 351 406
f 495 440 406
f 406 461 495
f 317 351 296
f 317 406 351
f 372 406 317
f 317 283 338
f 338 372 317
f 461 372 427
f 482 516 427
f 427 516 461
f 393 482 427
f 427 338 393
f 427 372 338
f 744 833 778
f 833 867 778
f 778 867 812
f 812 723 778
f 524 490 579
f 579 490 545
f 579 613 524
f 579 668 613
f 859 825 914
f 914 825 880
f 1147 1092 1003
f 1236 1092 1147
f 1202 1291 1147
f 1147 1291 1236
f 906 872 961
f 995 906 961
f 804 749 715
f 804 770 859
f 715 770 804
f 838 749 804
f 1215 1270 1359
f 1359 1304 1215
f 927 872 838
f 927 961 872
f 859 914 948
f 948 914 1003
f 1003 1092 948
f 948 1092 1037
f 106 72 93
f 93 127 106
f 37 45 58
f 45 79 58
f 71 37 58
f 92 71 58
f 58 79 92
f 289 344 323
f 268 289 323
f 323 302 268
f 323 357 302
f 501 446 412
f 446 357 412
f 357 323 412
f 333 278 299
f 299 354 333
f 312 278 333
f 477 443 532
f 477 511 422
f 566 511 477
f 477 532 566
f 307 286 252
f 218 273 252
f 273 307 252
f 197 218 252
f 252 231 197
f 252 286 231
f 1485 1629 1574
f 1663 1519 1574
f 1574 1519 1430
f 1430 1485 1574
f 1718 1629 1773
f 1718 1862 1807
f 1773 1862 1718
f 1718 1807 1663
f 1663 1574 1718
f 1718 1574 1629
f 1773 1828 1917
f 2006 1862 1917
f 1917 1862 1773
f 1917 2061 2006
f 1972 2061 1917
f 1917 1828 1972
f 621 532 587
f 587 676 621
f 566 532 621
f 621 676 710
f 621 655 566
f 710 655 621
f 2568 2424 2479
f 2424 2335 2479
f 2479 2335 2390
f 2479 2623 2568
f 2534 2623 2479
f 2479 2390 2534
f 2191 2102 2246
f 2246 2335 2191
f 2390 2335 2246
f 1806 1861 1950
f 2039 1895 1950
f 1950 1895 1806
f 1950 2094 2039
f 1950 2005 2094
f 1950 1861 2005
f 2725 2869 2814
f 2725 2581 2636
f 2670 2581 2725
f 2725 2814 2670
f 3013 2869 2924
f 3157 3102 3013
f 3013 3102 2958
f 2958 2869 3013
f 2924 2979 3068
f 3157 3013 3068
f 3068 3013 2924
f 3068 3212 3157
f 3123 3212 3068
f 3068 2979 3123
f 2188 2099 2243
f 2243 2332 2188
f 2243 2099 2154
f 2387 2332 2243
f 2243 2298 2387
f 2154 2298 2243
f 1382 1327 1238
f 1348 1204 1259
f 1170 1314 1259
f 1259 1115 1170
f 1259 1204 1115
f 1314 1403 1259
f 1259 1403 1348
f 1348 1403 1492
f 1492 1547 1636
f 1492 1403 1547
f 1149 1005 1060
f 1060 1204 1149
f 1094 1183 1039
f 1094 1039 950
f 950 1005 1094
f 1005 1149 1094
f 1238 1183 1094
f 1094 1149 1238
f 1848 1704 1759
f 1670 1814 1759
f 1759 1903 1848
f 1759 1814 1903
f 1560 1704 1649
f 1560 1505 1416
f 1649 1505 1560
f 874 819 785
f 874 840 929
f 785 840 874
f 874 929 963
f 963 908 874
f 908 819 874
f 4474 4419 4330
f 4186 4241 4330
f 4330 4275 4186
f 4330 4419 4275
f 5194 5283 5139
f 5139 5050 5194
f 5105 5050 4961
f 4872 5016 4961
f 5016 5105 4961
f 4961 5050 4906
f 4495 4550 4639
f 4406 4550 4495
f 4194 4338 4283
f 4050 4105 4194
f 4194 4139 4050
f 4283 4139 4194
f 4105 4160 4249
f 4249 4194 4105
f 4338 4194 4249
f 4393 4338 4249
f 4249 4304 4393
f 4160 4304 4249
f 4681 4626 4537
f 4537 4592 4681
f 4448 4592 4537
f 4393 4448 4537
f 4537 4482 4393
f 4537 4626 4482
f 5144 5233 5089
f 5288 5233 5144
f 5144 5199 5288
f 5144 5055 5199
f 4767 4911 4856
f 4856 4712 4767
f 4767 4678 4822
f 4822 4911 4767
f 4822 4678 4733
f 5055 4911 4966
f 4911 4822 4966
f 5110 5165 5254
f 5110 5021 5165
f 5254 5199 5110
f 5110 4966 5021
f 5199 5055 5110
f 5055 4966 5110
f 5474 5529 5618
f 5563 5474 5618
f 5618 5707 5563
f 5618 5762 5707
f 5618 5529 5673
f 5673 5762 5618
f 5406 5262 5317
f 5406 5351 5262
f 5406 5317 5461
f 5474 5419 5330
f 5385 5474 5330
f 5330 5241 5385
f 5186 5241 5330
f 5275 5186 5330
f 5330 5419 5275
f 5741 5885 5830
f 5597 5652 5741
f 5741 5686 5597
f 5830 5686 5741
f 5652 5707 5796
f 5796 5741 5652
f 5885 5741 5796
f 5940 5885 5796
f 5906 5995 5851
f 5851 5762 5906
f 5851 5995 5940
f 5707 5762 5851
f 5940 5796 5851
f 5851 5796 5707
f 4851 4762 4906
f 4885 4940 5029
f 5029 5118 4974
f 4974 4885 5029
f 4110 4021 4165
f 4165 4021 4076
f 4076 4220 4165
f 4165 4220 4309
f 3788 3843 3932
f 3877 3788 3932
f 3932 4021 3877
f 4076 4021 3932
f 3932 3987 4076
f 3843 3987 3932
f 4809 4665 4720
f 4809 4953 4898
f 4898 4754 4809
f 4754 4665 4809
f 4864 4953 4809
f 4809 4720 4864
f 4631 4487 4542
f 4775 4720 4631
f 4720 4576 4631
f 4576 4487 4631
f 4631 4542 4686
f 4686 4775 4631
f 2618 2474 2529
f 2474 2385 2529
f 2529 2385 2440
f 2673 2618 2529
f 2469 2414 2325
f 2236 2380 2325
f 2325 2380 2469
f 2325 2181 2236
f 2270 2181 2325
f 2325 2414 2270
f 3799 3854 3943
f 3799 3943 3888
f 3888 3744 3799
f 3799 3744 3655
f 3621 3532 3676
f 3422 3333 3477
f 3477 3566 3422
f 3477 3333 3388
f 3477 3621 3566
f 3388 3532 3477
f 3532 3621 3477
f 3359 3503 3448
f 3215 3270 3359
f 3414 3503 3359
f 3359 3270 3414
f 3448 3304 3359
f 3359 3304 3215
f 2859 3003 2948
f 2749 2660 2804
f 2804 2893 2749
f 2804 2660 2715
f 2804 2948 2893
f 2804 2715 2859
f 2859 2948 2804
f 4134 4223 4079
f 4079 3990 4134
f 4223 4168 4079
f 3935 3990 4079
f 4024 3935 4079
f 4079 4168 4024
f 3757 3901 3846
f 3901 3990 3846
f 3846 3990 3935
f 3702 3757 3846
f 3846 3791 3702
f 3935 3791 3846
f 3469 3613 3558
f 3469 3325 3380
f 3380 3524 3469
f 3524 3613 3469
f 3469 3558 3414
f 3414 3325 3469
f 4812 4956 4901
f 4812 4668 4723
f 4723 4867 4812
f 4867 4956 4812
f 4812 4901 4757
f 4757 4668 4812
f 5100 5189 5045
f 5045 4956 5100
f 5189 5134 5045
f 4901 4956 5045
f 5045 4990 4901
f 5045 5134 4990
f 3804 3715 3859
f 5600 5689 5545
f 5545 5456 5600
f 5545 5689 5634
f 5401 5456 5545
f 5634 5490 5545
f 5490 5401 5545
f 5888 5943 6032
f 6032 5977 5888
f 6032 6121 5977
f 6176 6121 6032
f 6032 6087 6176
f 6032 5943 6087
f 5511 5456 5367
f 5367 5422 5511
f 5278 5422 5367
f 5223 5278 5367
f 5367 5312 5223
f 5367 5456 5312
f 5299 5354 5443
f 5299 5210 5354
f 5265 5409 5354
f 5121 5176 5265
f 5265 5176 5320
f 5320 5409 5265
f 5265 5210 5121
f 5354 5210 5265
f 5087 5176 5032
f 5032 4943 5087
f 5032 5176 5121
f 4888 4943 5032
f 5121 4977 5032
f 5032 4977 4888
f 2707 2762 2851
f 2851 2796 2707
f 2851 2940 2796
f 2995 2940 2851
f 2851 2906 2995
f 2851 2762 2906
f 3791 3736 3647
f 3647 3558 3702
f 3702 3791 3647
f 3647 3503 3558
f 3592 3503 3647
f 3647 3736 3592
f 3893 3838 3749
f 3893 3982 3838
f 3893 3749 3804
f 4037 3982 3893
f 4558 4647 4503
f 4469 4613 4558
f 4668 4613 4524
f 4579 4668 4524
f 4524 4613 4469
f 4469 4380 4524
f 4215 4359 4304
f 4071 4126 4215
f 4126 4270 4215
f 4270 4359 4215
f 4215 4160 4071
f 4215 4304 4160
f 2924 2869 2780
f 2636 2691 2780
f 2780 2725 2636
f 2869 2725 2780
f 2746 2691 2602
f 2746 2602 2657
f 2746 2657 2801
f 2801 2890 2746
f 1869 1814 1725
f 1725 1780 1869
f 1958 1814 1869
f 2013 1958 1869
f 1869 1924 2013
f 1869 1780 1924
f 5086 5175 5031
f 5031 5175 5120
f 5031 4976 4887
f 5120 4976 5031
f 5290 5146 5201
f 5290 5434 5379
f 5379 5235 5290
f 5290 5235 5146
f 5201 5146 5057
f 4968 5112 5057
f 5057 5112 5201
f 4913 4968 5057
f 5057 5002 4913
f 5057 5146 5002
f 5544 5400 5455
f 5544 5688 5633
f 5633 5489 5544
f 5544 5489 5400
f 5455 5599 5544
f 5599 5688 5544
f 5421 5277 5332
f 5421 5332 5476
f 5421 5510 5366
f 5366 5277 5421
f 5332 5277 5188
f 5243 5332 5188
f 5188 5099 5243
f 5044 5099 5188
f 5188 5133 5044
f 5277 5133 5188
f 3523 3379 3434
f 3523 3667 3612
f 3523 3612 3468
f 3468 3379 3523
f 3578 3667 3523
f 3523 3434 3578
f 3662 3806 3751
f 3662 3518 3573
f 3573 3717 3662
f 3717 3806 3662
f 4073 4162 4018
f 4217 4162 4073
f 4073 4128 4217
f 4073 3984 4128
f 3751 3895 3840
f 3895 3984 3840
f 3607 3662 3751
f 3518 3662 3607
f 3573 3518 3429
f 3429 3484 3573
f 3340 3484 3429
f 3285 3340 3429
f 3429 3374 3285
f 3429 3518 3374
f 3109 3198 3054
f 3054 2965 3109
f 4007 3863 3918
f 3863 3774 3918
f 3918 4062 4007
f 3918 3973 4062
f 3274 3185 3329
f 3329 3418 3274
f 3418 3363 3274
f 3274 3130 3185
f 3219 3130 3274
f 3274 3363 3219
f 4515 4371 4426
f 4659 4604 4515
f 4515 4604 4460
f 4460 4371 4515
f 4515 4570 4659
f 4515 4426 4570
f 3952 3808 3863
f 4096 4041 3952
f 3952 4041 3897
f 3897 3808 3952
f 4007 4096 3952
f 3952 3863 4007
f 3850 3706 3761
f 3994 3939 3850
f 3939 3795 3850
f 3795 3706 3850
f 3761 3905 3850
f 3905 3994 3850
f 5295 5439 5384
f 5295 5151 5206
f 5206 5350 5295
f 5350 5439 5295
f 5240 5151 5295
f 5295 5384 5240
f 4837 4748 4892
f 4892 4981 4837
f 4892 4748 4803
f 4892 4803 4947
f 5214 5070 5125
f 5070 4981 5125
f 5125 5269 5214
f 5125 5180 5269
f 4405 4350 4261
f 4172 4316 4261
f 4261 4316 4405
f 4117 4172 4261
f 4261 4206 4117
f 4261 4350 4206
f 5098 5153 5242
f 5242 5331 5187
f 5187 5098 5242
f 5242 5386 5331
f 5242 5153 5297
f 5297 5386 5242
f 6962 6818 6873
f 6873 7017 6962
f 6729 6784 6873
f 6873 6818 6729
f 6852 6708 6763
f 6907 6818 6962
f 6996 6852 6907
f 6763 6818 6907
f 6907 6852 6763
f 7051 7017 7106
f 6962 7017 7051
f 7051 6907 6962
f 6996 6907 7051
f 7208 7119 7174
f 6352 6441 6297
f 6496 6441 6352
f 5763 5907 5852
f 5708 5763 5852
f 6606 6551 6462
f 2629 2574 2485
f 2540 2629 2485
f 2485 2396 2540
f 4009 3865 3920
f 3920 4064 4009
f 3831 3975 3920
f 3975 4064 3920
f 4098 4187 4043
f 4242 4187 4098
f 3810 3865 3954
f 4043 3899 3954
f 3899 3810 3954
f 3954 4098 4043
f 3954 3865 4009
f 4009 4098 3954
f 3255 3200 3111
f 3166 3255 3111
f 3111 3022 3166
f 2967 3022 3111
f 3111 3056 2967
f 3200 3056 3111
f 3831 3920 3776
f 3776 3920 3865
f 3776 3865 3721
f 3721 3632 3776
f 3454 3598 3543
f 3399 3454 3543
f 3543 3488 3399
f 3543 3632 3488
f 4153 4064 4208
f 4208 4297 4153
f 4153 4297 4242
f 4009 4064 4153
f 4242 4098 4153
f 4153 4098 4009
f 2747 2891 2836
f 2747 2603 2658
f 2747 2658 2802
f 2802 2891 2747
f 2747 2836 2692
f 2692 2603 2747
f 2925 2781 2836
f 2925 2836 2980
f 2980 3069 2925
f 2870 2781 2925
f 3213 3124 3268
f 3268 3357 3213
f 3124 3179 3268
f 3412 3357 3268
f 3268 3323 3412
f 3268 3179 3323
f 5975 5831 5886
f 5831 5742 5886
f 5886 6030 5975
f 5886 5941 6030
f 6208 6064 6119
f 6208 6352 6297
f 6297 6153 6208
f 6153 6064 6208
f 5022 5166 5111
f 5166 5255 5111
f 5111 5255 5200
f 5111 4967 5022
f 5200 5056 5111
f 5056 4967 5111
f 4679 4624 4535
f 4535 4590 4679
f 4679 4590 4734
f 4734 4823 4679
f 4768 4679 4823
f 4624 4679 4768
f 4857 4713 4768
f 4713 4624 4768
f 4912 4967 5056
f 4912 4823 4967
f 5056 5001 4912
f 4912 4768 4823
f 4912 5001 4857
f 4857 4768 4912
f 5014 4870 4925
f 4959 4870 5014
f 5137 5192 5281
f 5281 5226 5137
f 5192 5336 5281
f 5404 5459 5548
f 5637 5493 5548
f 5493 5404 5548
f 5069 5014 4925
f 5158 5014 5069
f 5179 5124 5035
f 4946 5090 5035
f 5090 5179 5035
f 4925 4870 4781
f 4637 4692 4781
f 4781 4726 4637
f 4781 4870 4726
f 1548 1404 1459
f 1548 1459 1603
f 1548 1603 1692
f 1692 1637 1548
f 1438 1349 1493
f 1349 1404 1493
f 1582 1438 1493
f 1404 1548 1493
f 1493 1637 1582
f 1493 1548 1637
f 1514 1459 1370
f 1370 1425 1514
f 1603 1459 1514
f 1514 1425 1569
f 1514 1658 1603
f 1569 1658 1514
f 1480 1336 1391
f 1480 1425 1336
f 1569 1425 1480
f 1391 1535 1480
f 1624 1713 1569
f 1569 1480 1624
f 1624 1480 1535
f 1624 1535 1679
f 1624 1679 1768
f 1768 1713 1624
f 1527 1616 1472
f 1472 1383 1527
f 1527 1383 1438
f 1527 1438 1582
f 1582 1671 1527
f 1671 1616 1527
f 1938 1794 1849
f 1849 1993 1938
f 1705 1760 1849
f 1849 1794 1705
f 1849 1760 1904
f 1904 1993 1849
f 2171 2027 2082
f 2116 2027 2171
f 2171 2082 2226
f 1870 1925 2014
f 2103 1959 2014
f 2014 1959 1870
f 2014 2158 2103
f 2014 2069 2158
f 2014 1925 2069
f 2205 2116 2260
f 2260 2349 2205
f 2116 2171 2260
f 2993 2904 3048
f 2904 2959 3048
f 2362 2218 2273
f 2273 2417 2362
f 2362 2451 2307
f 2307 2218 2362
f 2794 2650 2705
f 2938 2883 2794
f 2794 2883 2739
f 2739 2650 2794
f 2794 2849 2938
f 2705 2849 2794
f 2506 2650 2595
f 2506 2362 2417
f 2506 2417 2561
f 2561 2650 2506
f 2595 2451 2506
f 2451 2362 2506
f 2328 2472 2417
f 2328 2184 2239
f 2239 2383 2328
f 2383 2472 2328
f 2328 2417 2273
f 2273 2184 2328
f 4742 4687 4598
f 4598 4509 4653
f 4653 4742 4598
f 4598 4454 4509
f 4543 4454 4598
f 4598 4687 4543
f 3797 3708 3852
f 3852 3996 3941
f 3941 3797 3852
f 4119 4064 3975
f 4208 4064 4119
f 3818 3674 3729
f 3763 3674 3818
f 3585 3674 3530
f 3530 3674 3619
f 3619 3564 3475
f 3475 3530 3619
f 3386 3530 3475
f 3331 3386 3475
f 3653 3598 3509
f 3653 3742 3598
f 3509 3564 3653
f 3653 3797 3742
f 3653 3564 3708
f 3708 3797 3653
f 4627 4572 4483
f 4483 4538 4627
f 4394 4538 4483
f 4339 4394 4483
f 4483 4428 4339
f 4483 4572 4428
f 2179 2090 2234
f 2234 2323 2179
f 2056 1912 1967
f 1912 1823 1967
f 3187 3132 3043
f 3187 3242 3331
f 2954 2865 3009
f 6811 6722 6866
f 6955 6900 6811
f 6811 6866 6955
f 6900 6756 6811
f 6756 6667 6811
f 6811 6667 6722
f 6819 6764 6675
f 6675 6764 6620
f 6620 6531 6675
f 6675 6531 6586
f 6476 6565 6421
f 6421 6332 6476
f 6620 6565 6476
f 6476 6531 6620
f 6497 6586 6442
f 6586 6531 6442
f 6442 6353 6497
f 6298 6353 6442
f 6544 6400 6455
f 6366 6510 6455
f 6455 6510 6599
f 6599 6544 6455
f 6222 6366 6311
f 6311 6400 6256
f 6366 6455 6311
f 6311 6455 6400
f 6311 6167 6222
f 6256 6167 6311
f 7285 7374 7319
f 7319 7230 7285
f 7264 7230 7319
f 7319 7353 7264
f 7607 7641 7552
f 7641 7586 7552
f 7442 7353 7408
f 7353 7319 7408
f 7374 7463 7408
f 7408 7319 7374
f 7607 7552 7518
f 7518 7552 7463
f 7052 7018 7107
f 7162 7196 7107
f 7107 7073 7162
f 7018 7073 7107
f 7107 7141 7052
f 7107 7196 7141
f 7039 7073 6984
f 6895 6950 7039
f 7039 6984 6895
f 7039 6950 7005
f 7005 7094 7039
f 7382 7471 7416
f 7505 7539 7450
f 7450 7416 7505
f 7505 7416 7471
f 7437 7471 7382
f 7437 7382 7348
f 7348 7403 7437
f 7217 7251 7162
f 7272 7217 7183
f 7327 7293 7382
f 7382 7416 7327
f 7081 7136 7170
f 7170 7136 7225
f 7094 7060 7149
f 7149 7183 7094
f 7031 7120 7065
f 7031 6887 6942
f 7031 6942 6997
f 7264 7209 7175
f 7209 7120 7175
f 7175 7230 7264
f 7141 7230 7175
f 7476 7387 7442
f 7421 7387 7476
f 7442 7531 7476
f 7510 7421 7476
f 7531 7565 7476
f 7476 7565 7510
f 7400 7489 7434
f 7434 7345 7400
f 7078 7112 7023
f 7057 6968 7023
f 7023 7112 7057
f 6934 6989 7023
f 7023 6989 7078
f 7023 6879 6934
f 7023 6968 6879
f 6151 6096 6007
f 5918 6062 6007
f 6007 6062 6151
f 6007 5863 5918
f 6007 6096 5952
f 5952 5863 6007
f 6185 6329 6274
f 6418 6363 6274
f 6274 6329 6418
f 6130 6075 5986
f 5986 6041 6130
f 6130 6041 6185
f 6185 6274 6130
f 5753 5664 5808
f 5808 5897 5753
f 5808 5664 5719
f 5952 5897 5808
f 5719 5863 5808
f 5808 5863 5952
f 6261 6350 6206
f 6261 6172 6316
f 6316 6405 6261
f 6405 6350 6261
f 5939 6083 6028
f 6083 6172 6028
f 5740 5685 5596
f 5740 5829 5685
f 5468 5324 5379
f 5468 5612 5557
f 5557 5413 5468
f 5413 5324 5468
f 5379 5523 5468
f 5523 5612 5468
f 7822 7767 7788
f 7767 7733 7788
f 7788 7733 7754
f 7788 7754 7809
f 7809 7843 7788
f 7788 7843 7822
f 7835 7801 7856
f 7835 7890 7869
f 7835 7856 7890
f 7869 7814 7835
f 7835 7814 7780
f 7780 7801 7835
f 4936 4792 4847
f 4991 4936 4847
f 4902 4991 4847
f 4847 4758 4902
f 5237 5093 5148
f 5148 5292 5237
f 5292 5381 5237
f 5182 5093 5237
f 5360 5271 5415
f 5127 5038 5182
f 5182 5271 5127
f 4983 5038 5127
f 5127 5072 4983
f 5250 5305 5394
f 5483 5339 5394
f 5394 5339 5250
f 5716 5627 5771
f 5771 5860 5716
f 5470 5381 5525
f 6389 6334 6245
f 6478 6334 6389
f 6389 6533 6478
f 6389 6444 6533
f 6410 6499 6355
f 6499 6444 6355
f 6355 6266 6410
f 6211 6266 6355
f 6211 6067 6122
f 6122 6067 5978
f 6122 6266 6211
f 6122 6177 6266
f 5800 5944 5889
f 5978 5834 5889
f 5800 5889 5745
f 5745 5889 5834
f 5868 5724 5779
f 5779 5724 5635
f 5258 5402 5347
f 5347 5203 5258
f 5347 5436 5292
f 5292 5203 5347
f 6551 6695 6640
f 6729 6585 6640
f 6640 6784 6729
f 6640 6695 6784
f 6496 6551 6640
f 6640 6585 6496
f 6703 6648 6559
f 6559 6648 6504
f 6504 6360 6415
f 6415 6326 6470
f 6415 6559 6504
f 6470 6559 6415
f 6182 6326 6271
f 6271 6360 6216
f 6326 6415 6271
f 6271 6415 6360
f 6271 6127 6182
f 6271 6216 6127
f 6012 6156 6101
f 6012 6067 6156
f 5915 5771 5826
f 5860 5771 5915
f 6512 6601 6457
f 6601 6546 6457
f 6457 6546 6402
f 7248 7282 7193
f 7193 7159 7248
f 7227 7138 7193
f 7193 7282 7227
f 6994 7028 6939
f 6994 7083 7028
f 6939 6850 6994
f 7070 7159 7104
f 7159 7193 7104
f 7104 7193 7138
f 6714 6769 6858
f 6858 6803 6714
f 6625 6769 6714
f 6570 6625 6714
f 6761 6617 6672
f 6672 6816 6761
f 6672 6727 6816
f 6782 6727 6638
f 6871 6727 6782
f 6782 6926 6871
f 6837 6926 6782
f 6659 6714 6803
f 6570 6714 6659
f 6515 6570 6659
f 6659 6604 6515
f 7015 6960 6871
f 6871 6926 7015
f 7015 6926 7070
f 7070 7104 7015
f 6889 6944 7033
f 7033 6978 6889
f 6889 6800 6944
f 6889 6978 6834
f 6834 6745 6889
f 6745 6800 6889
f 7651 7706 7685
f 7706 7740 7685
f 7685 7740 7719
f 7685 7664 7630
f 7719 7664 7685
f 7630 7596 7685
f 7685 7596 7651
f 7269 7303 7214
f 7159 7125 7214
f 7248 7159 7214
f 7214 7303 7248
f 7214 7180 7269
f 7214 7125 7180
f 7091 7146 7180
f 7091 7125 7036
f 7180 7125 7091
f 7091 7036 7002
f 7002 7057 7091
f 7057 7146 7091
f 6952 7041 6897
f 6952 6808 6863
f 6897 6808 6952
f 6863 7007 6952
f 7007 7041 6952
f 6664 6808 6753
f 6753 6842 6698
f 6753 6897 6842
f 6753 6808 6897
f 6753 6609 6664
f 6698 6609 6753
f 7486 7520 7431
f 7520 7465 7431
f 7431 7397 7486
f 7431 7342 7397
f 7499 7444 7410
f 7410 7465 7499
f 7410 7444 7355
f 7355 7321 7410
f 7287 7198 7253
f 7253 7342 7287
f 7232 7198 7287
f 7321 7232 7287
f 7630 7575 7541
f 7541 7596 7630
f 7575 7486 7541
f 7507 7596 7541
f 7541 7486 7452
f 7452 7507 7541
f 2471 2416 2327
f 2238 2382 2327
f 2327 2382 2471
f 2327 2183 2238
f 2327 2272 2183
f 2327 2416 2272
f 2798 2853 2942
f 3031 2887 2942
f 2942 2887 2798
f 3086 3031 2942
f 2942 2997 3086
f 2942 2853 2997
f 2751 2806 2895
f 2895 2840 2751
f 2984 2840 2895
f 3039 2984 2895
f 2895 2950 3039
f 2895 2806 2950
f 2683 2827 2772
f 2539 2594 2683
f 2683 2628 2539
f 2772 2628 2683
f 2738 2594 2649
f 2882 2827 2738
f 2738 2683 2594
f 2827 2683 2738
f 2649 2793 2738
f 2793 2882 2738
f 5437 5348 5492
f 5492 5581 5437
f 5437 5581 5526
f 5725 5581 5636
f 5670 5581 5725
f 5725 5814 5670
f 4971 5115 5060
f 4827 4882 4971
f 4971 4916 4827
f 5060 4916 4971
f 5060 5115 5204
f 5259 5348 5204
f 5204 5115 5259
f 5005 4916 5060
f 5094 4950 5005
f 4657 4712 4801
f 4890 4746 4801
f 4746 4657 4801
f 4801 4945 4890
f 4801 4856 4945
f 4712 4856 4801
f 7270 7215 7181
f 7037 6982 6893
f 6885 6830 6741
f 6741 6830 6686
f 6686 6597 6741
f 6597 6652 6741
f 7432 7398 7487
f 7432 7466 7377
f 7487 7521 7432
f 7521 7466 7432
f 7241 7296 7330
f 7330 7275 7241
f 7207 7296 7241
f 7241 7152 7207
f 7042 7097 7131
f 7076 7042 7131
f 7131 7220 7165
f 7165 7076 7131
f 6822 6678 6733
f 6733 6644 6788
f 6877 6822 6733
f 6733 6788 6877
f 6500 6644 6589
f 6678 6534 6589
f 6589 6733 6678
f 6644 6733 6589
f 6589 6445 6500
f 6589 6534 6445
f 6555 6411 6466
f 6466 6377 6521
f 6322 6377 6466
f 6466 6411 6322
f 6521 6610 6466
f 6610 6555 6466
f 7369 7280 7335
f 7335 7424 7369
f 7314 7280 7369
f 7369 7403 7314
f 7636 7547 7602
f 7568 7657 7602
f 7513 7479 7568
f 7513 7424 7479
f 7568 7602 7513
f 7513 7602 7547
f 7445 7534 7479
f 7445 7500 7534
f 7445 7479 7390
f 7411 7500 7445
f 6217 6272 6361
f 6361 6306 6217
f 6128 6272 6217
f 6217 6306 6162
f 6128 6217 6073
f 6073 6217 6162
f 6018 6073 6162
f 5929 6073 6018
f 6230 6141 6285
f 6230 6374 6319
f 6285 6374 6230
f 6052 6196 6141
f 6340 6196 6251
f 6162 6306 6251
f 6251 6306 6395
f 6395 6340 6251
f 5675 5531 5586
f 6065 6010 5921
f 6154 6010 6065
f 6065 6209 6154
f 6065 6120 6209
f 5903 5814 5958
f 5958 6047 5903
f 5958 6013 6102
f 6102 6047 5958
f 6191 6047 6102
f 6102 6246 6191
f 7089 7144 7178
f 7089 7178 7123
f 7123 7034 7089
f 7089 7034 7000
f 7089 7000 7055
f 7055 7144 7089
f 7288 7322 7233
f 7178 7144 7233
f 7233 7267 7178
f 7233 7322 7267
f 7233 7199 7288
f 7233 7144 7199
f 7267 7301 7212
f 7212 7157 7123
f 7123 7178 7212
f 7178 7267 7212
f 7191 7157 7246
f 7246 7301 7335
f 7157 7212 7246
f 7246 7212 7301
f 7246 7280 7191
f 7335 7280 7246
f 7356 7301 7267
f 7356 7322 7411
f 7267 7322 7356
f 7411 7445 7356
f 7390 7301 7356
f 7356 7445 7390
f 5921 5777 5832
f 5777 5688 5832
f 5798 5654 5709
f 6141 6230 6086
f 5586 5641 5730
f 5730 5675 5586
f 5819 5675 5730
f 5696 5751 5840
f 5840 5751 5895
f 4628 4772 4717
f 4717 4806 4662
f 4340 4285 4196
f 4340 4429 4285
f 4196 4251 4340
f 4251 4395 4340
f 4662 4518 4573
f 4518 4429 4573
f 4573 4717 4662
f 4628 4717 4573
f 4704 4649 4560
f 4471 4615 4560
f 4615 4704 4560
f 4416 4471 4560
f 4560 4505 4416
f 4560 4649 4505
f 5272 5416 5361
f 5272 5128 5183
f 5183 5327 5272
f 5327 5416 5272
f 5217 5128 5272
f 5272 5361 5217
f 4424 4280 4335
f 4424 4479 4568
f 4335 4479 4424
f 5170 5115 5026
f 5081 5170 5026
f 5026 4937 5081
f 4882 4937 5026
f 5026 4971 4882
f 5115 4971 5026
f 3780 3636 3691
f 3924 3869 3780
f 3780 3835 3924
f 3691 3835 3780
f 3581 3636 3725
f 3814 3670 3725
f 3670 3581 3725
f 3725 3869 3814
f 3725 3780 3869
f 3636 3780 3725
f 5010 4955 4866
f 4777 4921 4866
f 4921 5010 4866
f 4866 4722 4777
f 4866 4811 4722
f 4866 4955 4811
f 4680 4625 4536
f 4591 4680 4536
f 4536 4625 4481
f 6662 6751 6607
f 6518 6573 6662
f 6662 6607 6518
f 6895 6751 6806
f 6806 6950 6895
f 6861 6950 6806
f 6751 6662 6806
f 7812 7833 7867
f 7888 7901 7867
f 7867 7833 7888
f 7812 7757 7778
f 7778 7744 7799
f 7799 7833 7778
f 7778 7833 7812
f 7668 7613 7579
f 7283 7249 7338
f 7796 7741 7762
f 7741 7707 7762
f 7872 7906 7885
f 7885 7851 7872
f 7872 7893 7906
f 7838 7893 7872
f 7817 7783 7838
f 7838 7872 7817
f 7817 7872 7851
f 7817 7851 7796
f 7796 7762 7817
f 7817 7762 7783
f 7736 7757 7791
f 7791 7757 7812
f 7859 7893 7838
f 7440 7474 7385
f 7385 7351 7440
f 7827 7861 7806
f 7861 7840 7806
f 7785 7751 7806
f 7806 7840 7785
f 7746 7725 7691
f 7691 7712 7746
f 7691 7657 7712
f 7636 7602 7691
f 7691 7602 7657
f 7670 7725 7704
f 7636 7691 7670
f 7670 7691 7725
f 7670 7704 7649
f 7649 7615 7670
f 7921 7900 7887
f 7921 7908 7942
f 7887 7908 7921
f 7934 7900 7921
f 7942 7955 7921
f 7921 7955 7934
f 7594 7628 7539
f 7539 7505 7594
f 7662 7641 7607
f 5901 5956 6045
f 5901 5812 5956
f 6045 5990 5901
f 5757 5812 5901
f 5990 5846 5901
f 5901 5846 5757
f 5867 5812 5723
f 5634 5778 5723
f 5723 5778 5867
f 5757 5702 5613
f 5469 5524 5613
f 5613 5558 5469
f 5613 5702 5558
f 3207 3118 3262
f 3063 3118 3207
f 3152 3296 3241
f 3008 3063 3152
f 3063 3207 3152
f 3152 3207 3296
f 3241 3097 3152
f 3152 3097 3008
f 3385 3529 3474
f 3241 3296 3385
f 3385 3330 3241
f 3474 3330 3385
f 4171 4116 4027
f 4027 4082 4171
f 3938 4082 4027
f 4027 3883 3938
f 4027 3972 3883
f 4027 4116 3972
f 3917 3862 3773
f 3773 3684 3828
f 3828 3917 3773
f 3629 3684 3773
f 3773 3718 3629
f 3773 3862 3718
f 3197 3053 3108
f 3197 3341 3286
f 3197 3108 3252
f 3252 3341 3197
f 2998 3053 3142
f 3142 3087 2998
f 3142 3231 3087
f 3286 3231 3142
f 3142 3197 3286
f 3053 3197 3142
f 7354 7388 7299
f 7299 7265 7354
f 7422 7388 7477
f 7655 7621 7676
f 7566 7621 7655
f 7655 7600 7566
f 7553 7608 7642
f 7519 7608 7553
f 7553 7464 7519
f 7498 7464 7553
f 7477 7388 7443
f 7388 7354 7443
f 7409 7498 7443
f 7443 7354 7409
f 7409 7354 7320
f 7320 7354 7265
f 7113 7024 7079
f 7079 7168 7113
f 7134 7168 7079
f 7079 7024 6990
f 6990 7045 7079
f 7045 7134 7079
f 7223 7312 7257
f 7257 7168 7223
f 7223 7168 7134
f 7223 7134 7189
f 7642 7608 7663
f 7663 7697 7642
f 7663 7574 7629
f 7608 7574 7663
f 7718 7697 7663
f 7663 7684 7718
f 7629 7684 7663
f 7676 7697 7731
f 7786 7765 7731
f 7731 7752 7786
f 7731 7697 7752
f 7370 7459 7404
f 7493 7459 7548
f 7527 7438 7493
f 7438 7404 7493
f 7493 7404 7459
f 7493 7582 7527
f 7548 7582 7493
f 7294 7383 7328
f 7328 7239 7294
f 7061 7150 7095
f 6917 6972 7061
f 7116 7150 7061
f 7061 7027 7116
f 6972 7027 7061
f 6891 6980 6836
f 6836 6747 6891
f 6747 6802 6891
f 7056 7022 7111
f 7166 7200 7111
f 7111 7077 7166
f 7111 7022 7077
f 7145 7056 7111
f 7111 7200 7145
f 7145 7200 7234
f 7234 7179 7145
f 7268 7179 7234
f 7234 7323 7268
f 7412 7446 7357
f 7357 7323 7412
f 7187 7242 7276
f 7255 7200 7166
f 7611 7577 7666
f 7666 7645 7611
f 7645 7556 7611
f 7158 7213 7247
f 7213 7302 7247
f 7357 7446 7391
f 7391 7302 7357
f 7480 7425 7391
f 7391 7446 7480
f 7585 7530 7496
f 7619 7530 7585
f 7585 7674 7619
f 7585 7640 7674
f 7640 7585 7551
f 7551 7585 7496
f 7496 7462 7551
f 7551 7462 7517
f 7428 7462 7373
f 7407 7352 7318
f 7318 7373 7407
f 7407 7373 7462
f 7441 7352 7407
f 7496 7441 7407
f 7407 7462 7496
f 6611 6755 6700
f 6700 6556 6611
f 6700 6645 6556
f 6632 6577 6488
f 6632 6721 6577
f 6776 6721 6632
f 5938 5993 6082
f 5938 5849 5993
f 5938 6082 6027
f 5794 5849 5938
f 5883 5794 5938
f 5938 6027 5883
f 6009 5865 5920
f 6153 6098 6009
f 5954 5865 6009
f 6009 6098 5954
f 6009 6064 6153
f 5920 6064 6009
f 6276 6187 6331
f 6187 6242 6331
f 6331 6420 6276
f 6920 6776 6831
f 6831 6742 6886
f 6831 6975 6920
f 6831 6886 6975
f 6886 6742 6797
f 6708 6852 6797
f 6653 6742 6598
f 6708 6797 6653
f 6653 6797 6742
f 5522 5467 5378
f 5289 5433 5378
f 5378 5433 5522
f 5378 5234 5289
f 5323 5467 5412
f 5323 5179 5234
f 5234 5378 5323
f 5323 5378 5467
f 5412 5268 5323
f 5268 5179 5323
f 6022 5878 5933
f 6166 6111 6022
f 6111 5967 6022
f 5967 5878 6022
f 6022 6077 6166
f 5933 6077 6022
f 5357 5501 5446
f 5357 5446 5302
f 5357 5268 5412
f 5412 5501 5357
f 5734 5645 5789
f 5789 5878 5734
f 5535 5391 5446
f 5446 5501 5590
f 5590 5535 5446
f 5679 5535 5590
f 5590 5734 5679
f 5590 5501 5645
f 5645 5734 5590
f 6645 6734 6590
f 6734 6679 6590
f 6501 6645 6590
f 6590 6679 6535
f 6590 6446 6501
f 6535 6446 6590
f 5946 6090 6035
f 5946 5802 5857
f 6056 6145 6001
f 6145 6090 6001
f 6001 5946 5857
f 6090 5946 6001
f 5658 5802 5747
f 6391 6336 6247
f 6247 6302 6391
f 6480 6336 6391
f 6391 6302 6446
f 6391 6535 6480
f 6391 6446 6535
f 6812 6723 6867
f 6867 6956 6812
f 6812 6956 6901
f 6812 6901 6757
f 6676 6621 6532
f 6731 6820 6676
f 6587 6676 6532
f 6587 6642 6731
f 6731 6676 6587
f 6435 6579 6524
f 6613 6469 6524
f 6524 6380 6435
f 6524 6469 6380
f 6668 6579 6723
f 6668 6812 6757
f 6723 6812 6668
f 6757 6613 6668
f 6613 6524 6668
f 6668 6524 6579
f 7842 7876 7821
f 7737 7758 7792
f 7792 7771 7737
f 7792 7826 7771
f 7792 7758 7813
f 7792 7813 7847
f 7847 7826 7792
f 7750 7784 7729
f 7750 7805 7784
f 7771 7805 7750
f 7750 7716 7771
f 7993 7980 7988
f 7988 7980 7967
f 6716 6860 6805
f 6805 6661 6716
f 6915 6860 6771
f 6860 6716 6771
f 6771 6716 6627
f 7258 7224 7313
f 7313 7347 7258
f 7046 7101 7135
f 7135 7080 7046
f 7046 7080 6991
f 7046 6991 6902
f 7012 7101 7046
f 6517 6661 6606
f 6606 6462 6517
f 7800 7834 7779
f 7779 7745 7800
f 7800 7745 7766
f 7766 7821 7800
f 7766 7745 7711
f 7711 7732 7766
f 7711 7677 7732
f 7711 7656 7677
f 7711 7745 7690
f 7690 7656 7711
f 7127 7093 7182
f 7182 7216 7127
f 7381 7470 7415
f 7415 7326 7381
f 7415 7470 7504
f 7525 7470 7436
f 7436 7491 7525
f 7525 7491 7580
f 7559 7470 7525
f 7525 7614 7559
f 7580 7614 7525
f 7580 7491 7546
f 7601 7635 7546
f 7546 7635 7580
f 7512 7601 7546
f 7546 7457 7512
f 7546 7491 7457
f 7504 7593 7538
f 7572 7483 7538
f 6736 6647 6791
f 6736 6880 6825
f 6736 6791 6880
f 6825 6681 6736
f 6592 6681 6537
f 6592 6736 6681
f 6647 6736 6592
f 6558 6613 6702
f 6702 6647 6558
f 6558 6469 6613
f 6414 6469 6558
f 5164 5308 5253
f 5020 5075 5164
f 5164 5075 5219
f 5219 5308 5164
f 5287 5232 5143
f 5143 5198 5287
f 5054 5198 5143
f 5143 4999 5054
f 5321 5376 5465
f 5321 5232 5376
f 5465 5410 5321
f 5177 5232 5321
f 5321 5266 5177
f 5410 5266 5321
f 4821 4766 4677
f 4677 4732 4821
f 4821 4732 4876
f 4876 4965 4821
f 5253 5198 5109
f 5020 5164 5109
f 5109 5164 5253
f 5109 4965 5020
f 5054 4965 5109
f 5109 5198 5054
f 4415 4360 4271
f 4271 4182 4326
f 4326 4415 4271
f 4216 4360 4305
f 4305 4161 4216
f 4216 4161 4072
f 4216 4271 4360
f 4313 4258 4169
f 4224 4313 4169
f 4169 4080 4224
f 4025 4080 4169
f 4169 4114 4025
f 4169 4258 4114
f 2056 1967 2111
f 2111 1967 2022
f 1933 1789 1844
f 2365 2221 2276
f 2365 2509 2454
f 2276 2420 2365
f 2365 2420 2509
f 2255 2111 2166
f 2166 2111 2022
f 2276 2221 2132
f 2132 2187 2276
f 2043 2187 2132
f 2454 2399 2310
f 2310 2365 2454
f 2221 2365 2310
f 2310 2166 2221
f 2310 2399 2255
f 2255 2166 2310
f 2344 2399 2488
f 2488 2632 2577
f 2543 2632 2488
f 2488 2399 2543
f 3030 2975 2886
f 2941 3030 2886
f 2886 2797 2941
f 2886 2742 2797
f 2831 2687 2742
f 2742 2886 2831
f 2831 2886 2975
f 2776 2687 2831
f 3373 3229 3284
f 3517 3462 3373
f 3462 3318 3373
f 3318 3229 3373
f 3373 3428 3517
f 3373 3284 3428
f 3839 3784 3695
f 3695 3750 3839
f 3695 3606 3750
f 3551 3606 3695
f 3695 3640 3551
f 3695 3784 3640
f 3873 4017 3962
f 3729 3784 3873
f 3928 4017 3873
f 3873 3784 3928
f 3873 3818 3729
f 3962 3818 3873
f 3682 3771 3627
f 3627 3538 3682
f 3449 3394 3305
f 3449 3538 3394
f 3305 3360 3449
f 4059 3915 3970
f 3970 4114 4059
f 3881 4025 3970
f 4025 4114 3970
f 4004 3860 3915
f 4148 4093 4004
f 4004 4059 4148
f 4004 3915 4059
f 3805 3860 3949
f 4038 3894 3949
f 3949 3894 3805
f 3949 4093 4038
f 3949 4004 4093
f 3860 4004 3949
f 4855 4999 4944
f 4855 4711 4766
f 4944 4800 4855
f 4800 4711 4855
f 5088 5232 5177
f 4944 4999 5088
f 5088 5143 5232
f 4999 5143 5088
f 5177 5033 5088
f 5088 5033 4944
f 2894 2805 2949
f 2949 3038 2894
f 2805 2860 2949
f 2949 3093 3038
f 2949 2860 3004
f 3004 3093 2949
f 3237 3093 3148
f 3381 3326 3237
f 3326 3182 3237
f 3182 3093 3237
f 3292 3381 3237
f 3237 3148 3292
f 2826 2970 2915
f 2771 2826 2915
f 2915 2860 2771
f 3004 2860 2915
f 186 220 165
f 165 131 186
f 834 779 745
f 834 800 889
f 745 800 834
f 711 745 656
f 711 800 745
f 711 622 677
f 656 622 711
f 790 735 701
f 790 701 756
f 756 845 790
f 769 735 824
f 824 858 769
f 824 913 858
f 735 790 824
f 811 777 866
f 921 955 866
f 866 955 900
f 900 811 866
f 887 921 832
f 832 777 743
f 921 866 832
f 832 866 777
f 798 887 832
f 832 743 798
f 21 16 29
f 21 8 16
f 29 50 42
f 50 63 42
f 42 21 29
f 63 76 42
f 76 55 42
f 68 55 89
f 68 81 47
f 81 68 102
f 89 123 102
f 102 68 89
f 94 81 115
f 115 128 94
f 149 128 115
f 81 102 115
f 170 149 115
f 73 60 94
f 94 107 73
f 73 86 52
f 107 86 73
f 39 73 52
f 60 73 39
f 47 60 39
f 57 44 78
f 99 112 78
f 23 44 36
f 23 36 15
f 15 10 23
f 99 86 120
f 107 141 120
f 120 86 107
f 154 133 120
f 120 133 99
f 175 154 120
f 120 141 175
f 162 128 183
f 162 183 217
f 217 196 162
f 162 196 141
f 162 141 107
f 107 128 162
f 460 549 494
f 494 405 460
f 439 405 494
f 528 439 494
f 583 528 494
f 494 549 583
f 371 316 337
f 337 426 371
f 371 405 316
f 460 405 371
f 371 426 460
f 1025 936 1080
f 936 991 1080
f 1080 1169 1025
f 1080 1224 1169
f 1046 991 957
f 957 1101 1046
f 1101 1245 1190
f 1190 1046 1101
f 1499 1410 1554
f 1643 1588 1499
f 1499 1554 1643
f 1499 1588 1444
f 1444 1300 1355
f 1355 1499 1444
f 1410 1499 1355
f 1355 1300 1211
f 1376 1465 1321
f 1465 1410 1321
f 1321 1232 1376
f 1130 1041 1185
f 1185 1274 1130
f 1130 1274 1219
f 1219 1075 1130
f 1075 931 986
f 986 1130 1075
f 1041 1130 986
f 986 931 897
f 897 952 986
f 952 1041 986
f 1766 1855 1711
f 1766 1622 1677
f 1711 1622 1766
f 1677 1821 1766
f 1766 1821 1910
f 1910 1855 1766
f 831 776 742
f 776 687 742
f 742 797 831
f 742 687 653
f 708 797 742
f 742 653 708
f 530 564 475
f 475 441 530
f 386 441 475
f 475 420 386
f 454 488 399
f 454 543 488
f 365 310 331
f 331 420 365
f 399 310 365
f 365 454 399
f 420 454 365
f 2370 2425 2514
f 2514 2603 2459
f 2459 2370 2514
f 2658 2603 2514
f 2569 2658 2514
f 2514 2425 2569
f 718 752 663
f 608 574 663
f 663 697 608
f 663 752 697
f 663 629 718
f 663 574 629
f 2019 1875 1930
f 2163 2108 2019
f 1930 2074 2019
f 2019 2074 2163
f 1964 1820 1875
f 2108 2053 1964
f 1964 2053 1909
f 1909 1820 1964
f 1964 2019 2108
f 1875 2019 1964
f 2320 2375 2464
f 2553 2409 2464
f 2464 2409 2320
f 1900 1756 1811
f 1900 1811 1955
f 1790 1701 1845
f 1701 1756 1845
f 1934 1790 1845
f 1845 1989 1934
f 1845 1900 1989
f 1756 1900 1845
f 2023 2078 2167
f 2256 2112 2167
f 2167 2112 2023
f 2167 2311 2256
f 2167 2078 2222
f 2222 2311 2167
f 2455 2544 2400
f 2400 2311 2455
f 2544 2489 2400
f 2256 2311 2400
f 2400 2345 2256
f 2400 2489 2345
f 1447 1303 1358
f 1413 1502 1358
f 1502 1447 1358
f 1358 1303 1214
f 3764 3620 3675
f 3764 3908 3853
f 3819 3908 3764
f 3764 3675 3819
f 3565 3620 3709
f 3709 3798 3654
f 3654 3565 3709
f 3853 3798 3709
f 3709 3764 3853
f 3620 3764 3709
f 2633 2777 2722
f 2633 2489 2544
f 2633 2544 2688
f 2688 2777 2633
f 2633 2722 2578
f 2578 2489 2633
f 2379 2523 2468
f 2235 2290 2379
f 2290 2434 2379
f 2434 2523 2379
f 2379 2324 2235
f 2379 2468 2324
f 1550 1639 1495
f 1495 1406 1550
f 1351 1406 1495
f 2846 2702 2757
f 2990 2935 2846
f 2846 2791 2702
f 2846 2935 2791
f 2757 2901 2846
f 2846 2901 2990
f 3079 2935 2990
f 3223 3168 3079
f 3079 3168 3024
f 3024 2935 3079
f 3079 3134 3223
f 2990 3134 3079
f 3155 3011 3066
f 3011 2922 3066
f 3066 3210 3155
f 3066 3121 3210
f 220 186 241
f 254 309 288
f 254 199 220
f 233 199 254
f 254 288 233
f 288 309 343
f 343 309 398
f 343 398 432
f 432 377 343
f 267 288 322
f 322 411 356
f 322 377 411
f 288 343 322
f 322 343 377
f 356 301 322
f 322 301 267
f 487 576 521
f 432 487 521
f 521 466 432
f 555 466 521
f 521 610 555
f 521 576 610
f 610 576 665
f 665 720 754
f 631 720 665
f 665 576 631
f 665 754 699
f 699 610 665
f 1767 1822 1911
f 1911 1856 1767
f 1678 1822 1767
f 1767 1856 1712
f 1623 1678 1767
f 1767 1712 1623
f 2144 2233 2089
f 2089 2000 2144
f 2089 2233 2178
f 1945 2000 2089
f 2178 2034 2089
f 2034 1945 2089
f 1377 1466 1322
f 1233 1288 1377
f 1377 1322 1233
f 1377 1288 1432
f 1432 1521 1377
f 1521 1466 1377
f 1110 1254 1199
f 1199 1288 1144
f 1199 1343 1288
f 1199 1254 1343
f 1144 1055 1199
f 1199 1055 1110
f 2262 2173 2317
f 2317 2406 2262
f 2440 2351 2495
f 2351 2406 2495
f 2495 2406 2550
f 2872 2728 2783
f 2783 2927 2872
f 2838 2927 2783
f 2783 2694 2838
f 979 1068 1013
f 1013 924 979
f 1123 1068 979
f 979 1034 1123
f 979 924 890
f 890 945 979
f 945 1034 979
f 966 911 877
f 966 932 1021
f 966 877 932
f 1021 1110 966
f 1110 1055 966
f 966 1055 1000
f 1000 911 966
f 1529 1474 1385
f 1529 1618 1474
f 1851 1707 1762
f 1707 1618 1762
f 1762 1906 1851
f 1817 1906 1762
f 744 778 689
f 600 655 689
f 689 655 744
f 689 778 723
f 969 1024 1113
f 1003 914 969
f 969 914 880
f 880 935 969
f 935 1024 969
f 1037 1092 1181
f 1181 1092 1236
f 1236 1325 1181
f 1325 1270 1181
f 1160 1304 1249
f 1160 1215 1304
f 1139 995 1050
f 995 961 1050
f 1050 1194 1139
f 893 927 838
f 838 804 893
f 893 804 859
f 859 948 893
f 59 93 72
f 38 46 59
f 59 72 38
f 169 190 224
f 224 203 169
f 501 412 467
f 556 501 467
f 467 522 556
f 467 433 522
f 378 412 323
f 378 344 433
f 378 323 344
f 433 467 378
f 378 467 412
f 312 333 367
f 367 333 422
f 401 312 367
f 367 456 401
f 367 422 456
f 354 443 388
f 388 333 354
f 422 333 388
f 388 477 422
f 443 477 388
f 2390 2246 2301
f 2301 2445 2390
f 2356 2445 2301
f 2301 2212 2356
f 1293 1382 1238
f 1238 1149 1293
f 1293 1149 1204
f 1293 1204 1348
f 1416 1327 1471
f 1327 1382 1471
f 1471 1560 1416
f 1581 1492 1636
f 1636 1725 1581
f 1581 1725 1670
f 1348 1492 1437
f 1437 1293 1348
f 1382 1293 1437
f 1492 1581 1437
f 4508 4652 4597
f 4364 4419 4508
f 4508 4453 4364
f 4597 4453 4508
f 4597 4652 4741
f 4686 4597 4741
f 4741 4830 4686
f 4741 4885 4830
f 4796 4940 4885
f 4885 4741 4796
f 4796 4741 4652
f 4796 4851 4940
f 4563 4419 4474
f 4563 4474 4618
f 4563 4508 4419
f 4652 4508 4563
f 5084 5029 4940
f 4906 5050 4995
f 5050 5139 4995
f 5139 5084 4995
f 4995 4851 4906
f 4940 4851 4995
f 4995 5084 4940
f 4817 4961 4906
f 4906 4762 4817
f 4817 4762 4673
f 4872 4961 4817
f 4474 4330 4385
f 4385 4330 4241
f 4529 4673 4618
f 4529 4385 4440
f 4618 4474 4529
f 4474 4385 4529
f 4584 4440 4495
f 4584 4495 4639
f 4673 4529 4584
f 4584 4529 4440
f 4495 4440 4351
f 4406 4495 4351
f 5000 4856 4911
f 5000 5144 5089
f 5089 4945 5000
f 4945 4856 5000
f 5000 4911 5055
f 5055 5144 5000
f 5021 4966 4877
f 4788 4932 4877
f 4932 5021 4877
f 4733 4788 4877
f 4877 4822 4733
f 4877 4966 4822
f 5550 5406 5461
f 5461 5605 5550
f 5605 5694 5550
f 5440 5351 5495
f 5351 5406 5495
f 5406 5550 5495
f 4110 4165 4254
f 4343 4199 4254
f 4199 4110 4254
f 4398 4343 4254
f 4254 4309 4398
f 4254 4165 4309
f 3765 3621 3676
f 3909 3854 3765
f 3676 3820 3765
f 3765 3820 3909
f 3566 3621 3710
f 3655 3566 3710
f 3710 3799 3655
f 3854 3799 3710
f 3710 3765 3854
f 3621 3765 3710
f 3092 2948 3003
f 3092 3236 3181
f 3003 3147 3092
f 3147 3236 3092
f 2893 2948 3037
f 3126 2982 3037
f 2982 2893 3037
f 3181 3126 3037
f 3037 3092 3181
f 2948 3092 3037
f 3804 3859 3948
f 3948 3893 3804
f 4037 3893 3948
f 3825 3736 3880
f 3681 3736 3825
f 3770 3914 3859
f 3626 3681 3770
f 3681 3825 3770
f 3770 3825 3914
f 3770 3715 3626
f 3770 3859 3715
f 4147 4202 4291
f 5388 5443 5532
f 5388 5299 5443
f 5532 5477 5388
f 5244 5299 5388
f 5388 5477 5333
f 5333 5244 5388
f 5155 5299 5244
f 5155 5011 5066
f 5066 5210 5155
f 5210 5299 5155
f 5155 5244 5100
f 5100 5011 5155
f 4414 4558 4503
f 4270 4325 4414
f 4414 4325 4469
f 4469 4558 4414
f 4503 4359 4414
f 4414 4359 4270
f 4702 4558 4613
f 4702 4846 4791
f 4791 4647 4702
f 4647 4558 4702
f 4757 4846 4702
f 4702 4613 4757
f 4579 4524 4435
f 4435 4346 4490
f 4490 4579 4435
f 4291 4346 4435
f 4435 4380 4291
f 4435 4524 4380
f 2691 2746 2835
f 2924 2780 2835
f 2835 2780 2691
f 2835 2979 2924
f 2890 2979 2835
f 2835 2746 2890
f 5086 5031 4942
f 4853 4997 4942
f 4997 5086 4942
f 4942 4798 4853
f 4887 4798 4942
f 4942 5031 4887
f 5633 5722 5578
f 5578 5489 5633
f 5578 5722 5667
f 5434 5489 5578
f 5667 5523 5578
f 5523 5434 5578
f 5345 5489 5434
f 5345 5201 5256
f 5256 5400 5345
f 5400 5489 5345
f 5345 5290 5201
f 5434 5290 5345
f 5565 5654 5510
f 5510 5421 5565
f 5565 5421 5476
f 5709 5654 5565
f 3785 3840 3929
f 4018 3874 3929
f 3874 3785 3929
f 3929 4073 4018
f 3984 4073 3929
f 3929 3840 3984
f 3374 3518 3463
f 3518 3607 3463
f 3463 3607 3552
f 3319 3374 3463
f 3408 3319 3463
f 3463 3552 3408
f 3696 3840 3785
f 3552 3607 3696
f 3751 3840 3696
f 3696 3607 3751
f 3696 3785 3641
f 3641 3552 3696
f 3342 3198 3253
f 3198 3109 3253
f 3253 3109 3164
f 3397 3342 3253
f 3253 3308 3397
f 3253 3164 3308
f 2965 2876 3020
f 3020 3109 2965
f 3020 2876 2931
f 3164 3109 3020
f 2931 3075 3020
f 3075 3164 3020
f 3829 3774 3685
f 3829 3918 3774
f 3829 3685 3740
f 3973 3918 3829
f 3740 3884 3829
f 3829 3884 3973
f 5180 5125 5036
f 4947 5091 5036
f 5091 5180 5036
f 5036 4892 4947
f 4981 4892 5036
f 5036 5125 4981
f 7017 6873 6928
f 6839 6983 6928
f 6928 6784 6839
f 6928 6873 6784
f 6928 6983 7072
f 7072 7017 6928
f 6941 6996 7030
f 6941 6852 6996
f 7030 6886 6941
f 6886 6797 6941
f 6941 6797 6852
f 7140 7195 7229
f 7229 7174 7140
f 7106 7195 7140
f 7140 7051 7106
f 7208 7174 7263
f 7318 7352 7263
f 7263 7229 7318
f 7263 7174 7229
f 7263 7352 7297
f 7297 7208 7263
f 6339 6483 6428
f 6394 6483 6339
f 6305 6360 6449
f 6449 6394 6305
f 6216 6360 6305
f 6161 6216 6305
f 6407 6551 6496
f 6407 6462 6551
f 6496 6352 6407
f 6051 5962 6106
f 5907 5962 6051
f 5996 5852 5907
f 5941 5852 5996
f 5907 6051 5996
f 5996 6051 6140
f 6428 6517 6373
f 6373 6517 6462
f 2430 2485 2574
f 3687 3543 3598
f 3831 3776 3687
f 3687 3776 3632
f 3632 3543 3687
f 3687 3742 3831
f 3598 3742 3687
f 2870 2925 3014
f 3014 2959 2870
f 3014 3069 3158
f 3014 2925 3069
f 5941 5886 5797
f 5708 5852 5797
f 5797 5852 5941
f 5797 5653 5708
f 5797 5742 5653
f 5797 5886 5742
f 5103 5014 5158
f 4959 5014 5103
f 5103 5048 4959
f 5192 5048 5103
f 5226 5281 5370
f 5315 5226 5370
f 5370 5459 5315
f 5692 5781 5637
f 5637 5548 5692
f 5692 5836 5781
f 5692 5747 5836
f 4980 5069 4925
f 5124 5069 4980
f 4980 5035 5124
f 5302 5158 5213
f 5158 5069 5213
f 5213 5069 5124
f 5213 5357 5302
f 5213 5124 5268
f 5268 5357 5213
f 2493 2349 2404
f 2349 2260 2404
f 2548 2493 2404
f 2404 2459 2548
f 2993 3048 3137
f 3082 2993 3137
f 3137 3226 3082
f 3103 3048 2959
f 2959 3014 3103
f 3158 3247 3103
f 3103 3014 3158
f 4085 3941 3996
f 4229 4174 4085
f 4085 4140 4229
f 3996 4140 4085
f 3797 3941 3886
f 3742 3797 3886
f 3886 3975 3831
f 3831 3742 3886
f 4263 4352 4208
f 4208 4119 4263
f 4263 4119 4174
f 4407 4352 4263
f 4263 4318 4407
f 4263 4174 4318
f 3763 3818 3907
f 3907 3996 3852
f 3852 3763 3907
f 4051 3996 3907
f 3907 3962 4051
f 3907 3818 3962
f 3585 3530 3441
f 3352 3496 3441
f 3441 3496 3585
f 3441 3297 3352
f 3386 3297 3441
f 3441 3530 3386
f 2145 2090 2001
f 2145 2234 2090
f 2001 2056 2145
f 2467 2323 2378
f 2323 2234 2378
f 1878 1823 1734
f 1878 1967 1823
f 1734 1789 1878
f 2022 1967 1878
f 1789 1933 1878
f 1878 1933 2022
f 3132 3187 3276
f 3221 3132 3276
f 3276 3187 3331
f 3242 3187 3098
f 2954 3009 3098
f 3043 2954 3098
f 3098 3187 3043
f 3153 3297 3242
f 3242 3098 3153
f 3153 3098 3009
f 6819 6675 6730
f 6641 6785 6730
f 6730 6586 6641
f 6730 6675 6586
f 6785 6874 6730
f 6730 6874 6819
f 6387 6476 6332
f 6387 6243 6298
f 6332 6243 6387
f 6298 6442 6387
f 6531 6476 6387
f 6387 6442 6531
f 7497 7586 7531
f 7497 7552 7586
f 7497 7531 7442
f 7463 7552 7497
f 7442 7408 7497
f 7497 7408 7463
f 7607 7518 7573
f 7573 7662 7607
f 7628 7662 7573
f 7539 7628 7573
f 7450 7539 7484
f 7539 7573 7484
f 7484 7573 7518
f 7361 7416 7450
f 7272 7327 7361
f 7361 7327 7416
f 7471 7437 7526
f 7128 7183 7217
f 7162 7073 7128
f 7128 7217 7162
f 7073 7039 7128
f 7128 7039 7094
f 7094 7183 7128
f 7293 7327 7238
f 7183 7149 7238
f 7272 7183 7238
f 7238 7327 7272
f 7238 7204 7293
f 7238 7149 7204
f 7115 7026 7081
f 7081 7170 7115
f 7060 7026 7115
f 7115 7170 7204
f 7115 7149 7060
f 7204 7149 7115
f 7259 7225 7314
f 7259 7170 7225
f 7204 7170 7259
f 7314 7348 7259
f 7348 7293 7259
f 7293 7204 7259
f 6976 7031 7065
f 6887 7031 6976
f 7065 6921 6976
f 6976 6921 6832
f 6832 6887 6976
f 7086 7031 6997
f 7086 6997 7052
f 7052 7141 7086
f 7141 7175 7086
f 7120 7031 7086
f 7086 7175 7120
f 7489 7400 7455
f 7510 7544 7455
f 7455 7544 7489
f 7455 7421 7510
f 7277 7332 7366
f 7332 7421 7366
f 7421 7455 7366
f 7366 7455 7400
f 7311 7345 7256
f 7311 7400 7345
f 7311 7366 7400
f 7311 7256 7222
f 7311 7222 7277
f 7277 7366 7311
f 6075 6130 6219
f 6219 6308 6164
f 6164 6075 6219
f 6219 6130 6274
f 6219 6363 6308
f 6219 6274 6363
f 6172 6261 6117
f 6117 6028 6172
f 6117 6261 6206
f 5973 6028 6117
f 6206 6062 6117
f 6117 6062 5973
f 5651 5562 5706
f 5507 5562 5651
f 5596 5507 5651
f 5651 5740 5596
f 5795 5850 5939
f 5706 5850 5795
f 5795 5651 5706
f 5740 5651 5795
f 5973 5829 5884
f 5829 5740 5884
f 5740 5795 5884
f 5884 6028 5973
f 5939 6028 5884
f 5884 5795 5939
f 4703 4847 4792
f 4559 4614 4703
f 4614 4758 4703
f 4758 4847 4703
f 4703 4648 4559
f 4703 4792 4648
f 5182 5237 5326
f 5415 5271 5326
f 5326 5271 5182
f 5326 5470 5415
f 5326 5237 5381
f 5381 5470 5326
f 5271 5360 5216
f 5216 5127 5271
f 5216 5360 5305
f 5072 5127 5216
f 5161 5072 5216
f 5216 5305 5161
f 5703 5648 5559
f 5415 5470 5559
f 5614 5470 5525
f 5614 5758 5703
f 5703 5559 5614
f 5614 5559 5470
f 5525 5580 5669
f 5669 5614 5525
f 5758 5614 5669
f 5580 5724 5669
f 6313 6457 6402
f 6347 6292 6203
f 6292 6148 6203
f 6300 6389 6245
f 6245 6156 6300
f 6300 6156 6211
f 6211 6355 6300
f 6444 6389 6300
f 6300 6355 6444
f 6177 6122 6033
f 6088 6177 6033
f 6033 5944 6088
f 6033 5889 5944
f 6033 6122 5978
f 5978 5889 6033
f 5601 5512 5656
f 5656 5745 5601
f 5656 5512 5567
f 5800 5745 5656
f 5656 5711 5800
f 5567 5711 5656
f 5690 5635 5546
f 5690 5779 5635
f 5546 5601 5690
f 5834 5779 5690
f 5601 5745 5690
f 5690 5745 5834
f 5491 5347 5402
f 5491 5635 5580
f 5580 5436 5491
f 5436 5347 5491
f 5546 5635 5491
f 5491 5402 5546
f 6703 6559 6614
f 6525 6669 6614
f 6614 6470 6525
f 6614 6559 6470
f 6758 6703 6614
f 6614 6669 6758
f 6067 6012 5923
f 5923 5834 5978
f 5978 6067 5923
f 5923 5779 5834
f 5868 5779 5923
f 5923 6012 5868
f 6004 6148 6093
f 5860 5915 6004
f 6093 5949 6004
f 5949 5860 6004
f 6905 6994 6850
f 6761 6816 6905
f 6905 6850 6761
f 6816 6960 6905
f 7049 7104 7138
f 7138 7083 7049
f 7083 6994 7049
f 7049 6905 6960
f 6994 6905 7049
f 6960 7015 7049
f 7049 7015 7104
f 6528 6672 6617
f 6528 6617 6473
f 6384 6439 6528
f 6528 6473 6384
f 6583 6494 6638
f 6638 6727 6583
f 6727 6672 6583
f 6672 6528 6583
f 6439 6494 6583
f 6583 6528 6439
f 6693 6782 6638
f 6638 6549 6693
f 6549 6604 6693
f 6837 6782 6693
f 7342 7431 7376
f 7376 7287 7342
f 7321 7287 7376
f 7376 7431 7465
f 7376 7410 7321
f 7465 7410 7376
f 5348 5437 5293
f 5293 5204 5348
f 4861 5005 4950
f 4861 4717 4772
f 4772 4916 4861
f 4916 5005 4861
f 4950 4806 4861
f 4806 4717 4861
f 7126 7181 7215
f 7126 7215 7160
f 7160 7071 7126
f 7126 7071 7037
f 7037 7092 7126
f 7092 7181 7126
f 7270 7181 7236
f 7202 7291 7236
f 7257 7312 7346
f 7346 7291 7257
f 7291 7346 7380
f 7380 7346 7435
f 6982 6927 6838
f 6838 6893 6982
f 6838 6927 6783
f 6783 6694 6838
f 7003 7092 7037
f 7058 7092 7003
f 6948 6893 6804
f 6804 6859 6948
f 7037 6893 6948
f 6948 7003 7037
f 6859 7003 6948
f 6770 6681 6825
f 6885 6741 6796
f 6707 6851 6796
f 6796 6652 6707
f 6796 6741 6652
f 6796 6940 6885
f 6851 6940 6796
f 7398 7432 7343
f 7288 7254 7343
f 7343 7377 7288
f 7343 7432 7377
f 7254 7309 7343
f 7309 7398 7343
f 7186 7241 7275
f 7186 7275 7220
f 7220 7131 7186
f 7186 7131 7097
f 7097 7152 7186
f 7152 7241 7186
f 7458 7513 7547
f 7424 7513 7458
f 7403 7369 7458
f 7458 7369 7424
f 6128 6073 5984
f 5895 6039 5984
f 5984 6039 6128
f 5984 5840 5895
f 5984 6073 5929
f 5929 5840 5984
f 6107 6251 6196
f 5963 6018 6107
f 6107 6018 6162
f 6162 6251 6107
f 6107 6052 5963
f 6196 6052 6107
f 5531 5675 5620
f 5476 5531 5620
f 5620 5565 5476
f 5709 5565 5620
f 6120 6065 5976
f 5976 5832 5887
f 5976 6065 5921
f 5921 5832 5976
f 5814 5725 5869
f 5869 5958 5814
f 5924 6013 5869
f 6013 5958 5869
f 6335 6191 6246
f 6335 6246 6390
f 6390 6479 6335
f 6479 6424 6335
f 6280 6335 6424
f 6191 6335 6280
f 5887 5832 5743
f 5743 5798 5887
f 5654 5798 5743
f 5599 5654 5743
f 5743 5688 5599
f 5743 5832 5688
f 6120 5976 6031
f 6031 5976 5887
f 6175 6230 6319
f 6175 6086 6230
f 6120 6031 6175
f 6175 6031 6086
f 5997 6052 6141
f 6141 6086 5997
f 5696 5840 5785
f 5785 5840 5929
f 5785 5641 5696
f 5785 5730 5641
f 4628 4573 4484
f 4484 4539 4628
f 4395 4539 4484
f 4484 4340 4395
f 4429 4340 4484
f 4484 4573 4429
f 4568 4657 4513
f 4513 4424 4568
f 4392 4536 4481
f 4392 4248 4303
f 4481 4337 4392
f 4337 4248 4392
f 4591 4536 4447
f 4358 4502 4447
f 4447 4502 4591
f 4447 4303 4358
f 4447 4392 4303
f 4536 4392 4447
f 6717 6772 6861
f 6861 6806 6717
f 6628 6772 6717
f 6717 6806 6662
f 6717 6573 6628
f 6717 6662 6573
f 7812 7867 7846
f 7846 7791 7812
f 7825 7791 7846
f 7702 7757 7736
f 7736 7681 7702
f 7673 7707 7652
f 7563 7474 7529
f 7495 7584 7529
f 7474 7440 7529
f 7529 7440 7495
f 7550 7584 7495
f 7783 7762 7728
f 7694 7749 7728
f 7728 7749 7783
f 7728 7673 7694
f 7728 7762 7707
f 7707 7673 7728
f 7804 7859 7838
f 7825 7859 7804
f 7838 7783 7804
f 7783 7749 7804
f 7560 7594 7505
f 7560 7526 7615
f 7560 7615 7649
f 7649 7594 7560
f 7560 7505 7471
f 7471 7526 7560
f 7641 7662 7696
f 7730 7675 7696
f 7675 7641 7696
f 7696 7751 7730
f 7696 7717 7751
f 7662 7717 7696
f 5579 5490 5634
f 5634 5723 5579
f 5579 5435 5490
f 5579 5524 5435
f 3351 3207 3262
f 3262 3406 3351
f 3351 3406 3495
f 3296 3207 3351
f 7388 7422 7333
f 7333 7244 7299
f 7299 7388 7333
f 7710 7655 7676
f 7710 7765 7744
f 7710 7731 7765
f 7676 7731 7710
f 7744 7778 7723
f 7723 7778 7757
f 7757 7702 7723
f 7723 7702 7668
f 7600 7655 7689
f 7689 7723 7668
f 7744 7723 7689
f 7689 7710 7744
f 7655 7710 7689
f 7587 7553 7642
f 7642 7676 7587
f 7676 7621 7587
f 7498 7553 7587
f 7341 7430 7375
f 7430 7464 7375
f 7375 7464 7409
f 7409 7320 7375
f 7590 7645 7679
f 7645 7700 7679
f 7781 7836 7815
f 7781 7815 7760
f 7370 7404 7315
f 7315 7260 7226
f 7315 7281 7370
f 7226 7281 7315
f 7239 7150 7205
f 7205 7294 7239
f 7260 7294 7205
f 7205 7150 7116
f 7116 7171 7205
f 7205 7171 7260
f 7349 7438 7383
f 7383 7294 7349
f 7349 7404 7438
f 7349 7294 7260
f 7260 7315 7349
f 7349 7315 7404
f 7006 7061 7095
f 7006 7040 6951
f 7095 7040 7006
f 6917 7061 7006
f 7006 6862 6917
f 7006 6951 6862
f 6946 6802 6857
f 6946 6891 6802
f 6857 7001 6946
f 7378 7412 7323
f 7446 7412 7501
f 7501 7535 7446
f 7590 7535 7501
f 7501 7556 7590
f 7577 7611 7522
f 7522 7611 7556
f 7221 7132 7187
f 7187 7276 7221
f 7166 7132 7221
f 7221 7276 7310
f 7221 7255 7166
f 7310 7255 7221
f 7331 7242 7297
f 7331 7276 7242
f 7344 7255 7310
f 7433 7378 7344
f 7564 7598 7509
f 7103 7158 7192
f 7158 7247 7192
f 7192 7137 7103
f 7192 7247 7281
f 7192 7281 7226
f 7226 7137 7192
f 7336 7247 7302
f 7302 7391 7336
f 7281 7247 7336
f 7336 7391 7425
f 7336 7425 7370
f 7370 7281 7336
f 7106 7072 7161
f 7161 7195 7106
f 7072 7127 7161
f 7161 7127 7216
f 7271 7216 7182
f 7182 7237 7271
f 7271 7237 7326
f 7428 7373 7339
f 6844 6700 6755
f 6844 6755 6899
f 6844 6988 6933
f 6899 6988 6844
f 6776 6632 6687
f 6598 6742 6687
f 6687 6831 6776
f 6742 6831 6687
f 6420 6331 6475
f 6530 6619 6475
f 6420 6475 6564
f 6564 6475 6619
f 6564 6619 6708
f 6708 6653 6564
f 5823 5878 5967
f 5823 5734 5878
f 5679 5734 5823
f 5823 5768 5679
f 5480 5336 5391
f 5391 5535 5480
f 5624 5535 5679
f 5679 5768 5624
f 5624 5480 5535
f 6598 6454 6509
f 6420 6564 6509
f 6509 6653 6598
f 6509 6564 6653
f 6543 6454 6598
f 6598 6687 6543
f 6543 6687 6632
f 6543 6632 6488
f 6488 6399 6543
f 6399 6454 6543
f 6276 6420 6365
f 6365 6221 6276
f 6420 6509 6365
f 6365 6509 6454
f 5891 5747 5802
f 5891 6035 5980
f 5980 5836 5891
f 5836 5747 5891
f 5891 5946 6035
f 5802 5946 5891
f 6765 6676 6820
f 6765 6820 6909
f 6909 6854 6765
f 6765 6854 6710
f 6710 6621 6765
f 6621 6676 6765
f 6443 6587 6532
f 6443 6532 6388
f 6443 6388 6299
f 6299 6354 6443
f 7889 7834 7855
f 7855 7876 7889
f 7855 7821 7876
f 7834 7800 7855
f 7855 7800 7821
f 7787 7753 7808
f 7787 7808 7842
f 7842 7821 7787
f 7732 7753 7787
f 7766 7732 7787
f 7787 7821 7766
f 7572 7661 7606
f 7606 7517 7572
f 7606 7551 7517
f 7640 7551 7606
f 7627 7661 7572
f 7572 7538 7627
f 7627 7538 7593
f 7729 7674 7695
f 7674 7640 7695
f 7695 7750 7729
f 7640 7606 7695
f 7695 7606 7661
f 7716 7750 7695
f 7695 7661 7716
f 7993 7988 7996
f 7999 7998 7996
f 7996 7998 7993
f 7996 7991 7999
f 7996 7983 7991
f 7996 7988 7983
f 7975 7967 7954
f 7975 7988 7967
f 7975 7954 7962
f 7962 7983 7975
f 7983 7988 7975
f 6915 6771 6826
f 6737 6881 6826
f 6826 6970 6915
f 6881 6970 6826
f 6682 6593 6737
f 6737 6826 6682
f 6682 6826 6771
f 6682 6771 6627
f 6915 6970 7059
f 7292 7258 7347
f 7292 7347 7381
f 7381 7326 7292
f 7326 7237 7292
f 7135 7224 7169
f 7169 7080 7135
f 7114 7080 7169
f 7224 7258 7169
f 6936 6991 7025
f 6991 7080 7025
f 7025 6881 6936
f 7025 6970 6881
f 7025 7080 7114
f 7114 7059 7025
f 7025 7059 6970
f 6957 7046 6902
f 6813 6868 6957
f 6957 6902 6813
f 6957 6868 7012
f 7012 7046 6957
f 6627 6483 6538
f 6449 6593 6538
f 6538 6394 6449
f 6538 6483 6394
f 6538 6682 6627
f 6593 6682 6538
f 6661 6517 6572
f 6572 6483 6627
f 6428 6483 6572
f 6572 6517 6428
f 6627 6716 6572
f 6572 6716 6661
f 7093 7127 7038
f 7072 6983 7038
f 7038 7127 7072
f 7038 6894 6949
f 6983 6894 7038
f 7449 7415 7504
f 7504 7538 7449
f 7449 7538 7483
f 6372 6461 6317
f 6317 6228 6372
f 6249 6105 6160
f 6160 6304 6249
f 6304 6393 6249
f 6249 6393 6338
f 6503 6359 6414
f 6414 6558 6503
f 6647 6592 6503
f 6503 6558 6647
f 4766 4821 4910
f 4910 4855 4766
f 4999 4855 4910
f 5054 4999 4910
f 4910 4965 5054
f 4910 4821 4965
f 4038 4182 4127
f 4182 4271 4127
f 4271 4216 4127
f 4127 3983 4038
f 4072 3983 4127
f 4127 4216 4072
f 2022 1933 2077
f 2077 2166 2022
f 2221 2166 2077
f 2077 2132 2221
f 3826 3915 3771
f 3771 3682 3826
f 3826 3970 3915
f 3881 3970 3826
f 3593 3682 3538
f 3538 3449 3593
f 3059 2915 2970
f 3203 3148 3059
f 3059 3148 3004
f 3004 2915 3059
f 3114 3203 3059
f 3059 2970 3114
f 152 186 131
f 889 978 923
f 923 834 889
f 923 978 1012
f 1012 957 923
f 800 711 766
f 677 732 766
f 766 711 677
f 879 824 790
f 879 845 934
f 879 790 845
f 934 968 879
f 968 913 879
f 913 824 879
f 34 68 47
f 55 68 34
f 34 42 55
f 21 42 34
f 5 8 13
f 8 21 13
f 18 5 13
f 21 34 13
f 170 115 136
f 136 115 102
f 136 191 170
f 157 191 136
f 123 157 136
f 136 102 123
f 65 78 44
f 65 44 52
f 52 86 65
f 65 86 99
f 99 78 65
f 91 78 112
f 91 112 125
f 70 57 91
f 57 78 91
f 104 70 91
f 91 125 104
f 44 23 31
f 52 44 31
f 31 10 18
f 31 23 10
f 31 39 52
f 18 39 31
f 1046 1190 1135
f 1224 1080 1135
f 1135 1080 991
f 991 1046 1135
f 1368 1224 1279
f 1279 1423 1368
f 1224 1135 1279
f 1279 1135 1190
f 1410 1355 1266
f 1266 1321 1410
f 1266 1355 1211
f 1211 1122 1266
f 509 475 564
f 543 454 509
f 420 475 509
f 509 454 420
f 509 564 598
f 598 543 509
f 2608 2697 2553
f 2553 2464 2608
f 2608 2752 2697
f 2663 2752 2608
f 2044 2133 1989
f 1989 1900 2044
f 2044 1900 1955
f 2188 2133 2044
f 1955 2099 2044
f 2044 2099 2188
f 1269 1358 1214
f 1269 1125 1180
f 1214 1125 1269
f 1180 1324 1269
f 1269 1324 1413
f 1413 1358 1269
f 3121 3066 2977
f 3032 3121 2977
f 2977 2888 3032
f 2833 2888 2977
f 2977 2922 2833
f 2977 3066 2922
f 330 309 275
f 296 330 275
f 275 241 296
f 220 241 275
f 275 254 220
f 309 254 275
f 296 241 262
f 262 317 296
f 283 317 262
f 2139 2283 2228
f 2228 2084 2139
f 2173 2084 2228
f 2228 2317 2173
f 2550 2406 2461
f 2406 2317 2461
f 2605 2550 2461
f 2461 2516 2605
f 2440 2495 2584
f 2673 2529 2584
f 2584 2529 2440
f 2584 2728 2673
f 2639 2495 2550
f 2639 2783 2728
f 2728 2584 2639
f 2639 2584 2495
f 2550 2694 2639
f 2694 2783 2639
f 1440 1529 1385
f 1440 1385 1296
f 1296 1351 1440
f 1351 1495 1440
f 1584 1639 1728
f 1584 1495 1639
f 1584 1440 1495
f 1529 1440 1584
f 634 689 723
f 634 723 668
f 668 579 634
f 634 579 545
f 545 600 634
f 600 689 634
f 1058 969 1113
f 1058 1113 1202
f 1202 1147 1058
f 1058 1147 1003
f 1003 969 1058
f 961 927 1016
f 93 59 80
f 46 67 80
f 80 59 46
f 127 93 114
f 93 80 114
f 2157 2301 2246
f 2013 2068 2157
f 2068 2212 2157
f 2212 2301 2157
f 2157 2102 2013
f 2157 2246 2102
f 1704 1560 1615
f 1560 1471 1615
f 1670 1759 1615
f 1615 1759 1704
f 1526 1471 1382
f 1382 1437 1526
f 1526 1615 1471
f 1526 1437 1581
f 1526 1581 1670
f 1670 1615 1526
f 4851 4796 4707
f 4618 4762 4707
f 4762 4851 4707
f 4707 4563 4618
f 4707 4796 4652
f 4652 4563 4707
f 5228 5084 5139
f 5228 5372 5317
f 5228 5283 5372
f 5228 5139 5283
f 5317 5262 5173
f 5173 5228 5317
f 5084 5228 5173
f 5029 5084 5173
f 5173 5262 5118
f 5118 5029 5173
f 4872 4817 4728
f 4728 4783 4872
f 4639 4783 4728
f 4728 4584 4639
f 4728 4817 4673
f 4673 4584 4728
f 4440 4385 4296
f 4296 4351 4440
f 4296 4241 4152
f 4296 4385 4241
f 4406 4351 4262
f 4173 4317 4262
f 4317 4406 4262
f 4118 4173 4262
f 5440 5495 5584
f 5673 5529 5584
f 5584 5529 5440
f 5584 5728 5673
f 5639 5495 5550
f 5783 5728 5639
f 5728 5584 5639
f 5639 5584 5495
f 5639 5694 5783
f 5639 5550 5694
f 3969 3825 3880
f 4024 4113 3969
f 3969 3880 4024
f 3914 3825 3969
f 4092 4181 4037
f 4037 3948 4092
f 4291 4380 4236
f 4236 4147 4291
f 4380 4325 4236
f 4236 4092 4147
f 4236 4325 4181
f 4181 4092 4236
f 7085 7140 7174
f 7085 7119 7030
f 7085 7174 7119
f 7030 6996 7085
f 6996 7051 7085
f 7051 7140 7085
f 6195 6051 6106
f 6140 6051 6195
f 6263 6407 6352
f 6263 6208 6119
f 6352 6208 6263
f 6085 5996 6140
f 6030 5941 6085
f 5941 5996 6085
f 2485 2430 2341
f 2252 2396 2341
f 2396 2485 2341
f 2341 2197 2252
f 2286 2430 2375
f 2142 2197 2286
f 2197 2341 2286
f 2286 2341 2430
f 2286 2231 2142
f 2286 2375 2231
f 2519 2574 2663
f 2519 2430 2574
f 2663 2608 2519
f 2375 2430 2519
f 2519 2464 2375
f 2519 2608 2464
f 5247 5103 5158
f 5391 5336 5247
f 5247 5336 5192
f 5192 5103 5247
f 5247 5158 5302
f 5302 5391 5247
f 5459 5370 5514
f 4836 4980 4925
f 4836 4692 4747
f 4925 4781 4836
f 4836 4781 4692
f 5035 4980 4891
f 4891 4802 4946
f 4946 5035 4891
f 4891 4747 4802
f 4891 4836 4747
f 4980 4836 4891
f 2459 2404 2315
f 2226 2370 2315
f 2315 2370 2459
f 2315 2171 2226
f 2315 2260 2171
f 2315 2404 2260
f 3370 3226 3281
f 3226 3137 3281
f 3425 3370 3281
f 3281 3336 3425
f 4030 3886 3941
f 4174 4119 4030
f 4030 4119 3975
f 3975 3886 4030
f 4030 4085 4174
f 3941 4085 4030
f 2255 2344 2200
f 2200 2111 2255
f 2056 2111 2200
f 2200 2145 2056
f 2234 2145 2289
f 2289 2378 2234
f 2145 2200 2289
f 2289 2200 2344
f 2611 2467 2522
f 2467 2378 2522
f 2522 2666 2611
f 2577 2666 2522
f 3420 3276 3331
f 3420 3564 3509
f 3331 3475 3420
f 3420 3475 3564
f 3221 3276 3365
f 3454 3310 3365
f 3365 3310 3221
f 3509 3454 3365
f 3365 3420 3509
f 3276 3420 3365
f 3064 3153 3009
f 3064 2975 3119
f 7450 7484 7395
f 7395 7361 7450
f 7306 7217 7272
f 7272 7361 7306
f 7251 7217 7306
f 7361 7395 7306
f 7340 7251 7306
f 7306 7395 7340
f 7492 7526 7437
f 7492 7458 7547
f 7492 7437 7403
f 7403 7458 7492
f 7615 7526 7581
f 7636 7670 7581
f 7581 7670 7615
f 7581 7547 7636
f 7581 7492 7547
f 7526 7492 7581
f 5826 5771 5682
f 5682 5771 5627
f 5648 5593 5504
f 5415 5559 5504
f 5504 5559 5648
f 5504 5360 5415
f 5868 6012 5957
f 5957 6012 6101
f 5758 5669 5813
f 5813 5902 5758
f 5813 5669 5724
f 5813 5957 5902
f 5813 5724 5868
f 5868 5957 5813
f 5703 5758 5847
f 5758 5902 5847
f 5737 5881 5826
f 5737 5593 5648
f 5826 5682 5737
f 5737 5682 5593
f 6347 6203 6258
f 6258 6402 6347
f 6258 6313 6402
f 6059 6203 6148
f 6148 6004 6059
f 6059 6004 5915
f 6837 6693 6748
f 6748 6659 6803
f 6604 6659 6748
f 6748 6693 6604
f 6892 6837 6748
f 6748 6803 6892
f 5382 5437 5526
f 5382 5293 5437
f 5526 5471 5382
f 5238 5293 5382
f 5471 5327 5382
f 5327 5238 5382
f 5149 5293 5238
f 5149 5005 5060
f 5060 5204 5149
f 5204 5293 5149
f 5149 5238 5094
f 5094 5005 5149
f 7202 7236 7147
f 7147 7092 7058
f 7147 7181 7092
f 7147 7236 7181
f 7113 7202 7147
f 7147 7058 7113
f 7566 7600 7511
f 7511 7477 7566
f 7511 7422 7477
f 7511 7456 7422
f 7422 7456 7367
f 7367 7333 7422
f 7435 7346 7401
f 7401 7490 7435
f 7456 7490 7401
f 7401 7346 7312
f 7312 7367 7401
f 7401 7367 7456
f 6749 6838 6694
f 6749 6694 6605
f 6605 6660 6749
f 6749 6660 6804
f 6804 6893 6749
f 6893 6838 6749
f 6914 6969 7058
f 7058 7003 6914
f 6825 6969 6914
f 6914 7003 6859
f 6914 6770 6825
f 6859 6770 6914
f 6715 6859 6804
f 6715 6770 6859
f 6804 6660 6715
f 5780 5725 5636
f 5780 5869 5725
f 5780 5636 5691
f 5924 5869 5780
f 5780 5835 5924
f 5691 5835 5780
f 6369 6280 6424
f 6369 6513 6458
f 6369 6424 6513
f 6458 6314 6369
f 6225 6170 6081
f 6225 6314 6170
f 6225 6369 6314
f 6280 6369 6225
f 6264 6175 6319
f 6264 6319 6408
f 6408 6353 6264
f 6353 6209 6264
f 6209 6120 6264
f 6120 6175 6264
f 5764 5675 5819
f 5709 5620 5764
f 5764 5620 5675
f 6086 6031 5942
f 5942 5997 6086
f 5887 5798 5942
f 5942 6031 5887
f 6052 5997 5908
f 5908 5819 5963
f 5963 6052 5908
f 5908 5764 5819
f 5929 6018 5874
f 5874 5785 5929
f 5874 6018 5963
f 5730 5785 5874
f 5963 5819 5874
f 5819 5730 5874
f 4602 4657 4746
f 4602 4513 4657
f 4602 4746 4691
f 4458 4513 4602
f 4691 4547 4602
f 4547 4458 4602
f 4280 4424 4369
f 4424 4513 4369
f 4369 4513 4458
f 4225 4280 4369
f 4369 4314 4225
f 4369 4458 4314
f 7880 7867 7901
f 7880 7846 7867
f 7880 7901 7914
f 7880 7859 7825
f 7825 7846 7880
f 7914 7893 7880
f 7893 7859 7880
f 7537 7503 7592
f 7660 7681 7715
f 7694 7660 7715
f 7715 7749 7694
f 7715 7681 7736
f 7579 7613 7524
f 7524 7490 7579
f 7435 7490 7524
f 7694 7673 7639
f 7639 7673 7584
f 7584 7550 7639
f 7584 7673 7618
f 7563 7529 7618
f 7618 7529 7584
f 7618 7652 7563
f 7618 7673 7652
f 7406 7351 7317
f 7406 7440 7351
f 7495 7440 7406
f 7304 7338 7249
f 7249 7215 7304
f 7304 7215 7270
f 7270 7359 7304
f 7325 7359 7270
f 7270 7236 7325
f 7325 7236 7291
f 7291 7380 7325
f 7414 7325 7380
f 7359 7325 7414
f 7448 7503 7537
f 7448 7414 7503
f 7359 7414 7448
f 7770 7791 7825
f 7825 7804 7770
f 7736 7791 7770
f 7770 7715 7736
f 7770 7804 7749
f 7749 7715 7770
f 7772 7793 7827
f 7827 7806 7772
f 7772 7806 7751
f 7751 7717 7772
f 7683 7662 7628
f 7683 7717 7662
f 7683 7594 7649
f 7628 7594 7683
f 7649 7704 7683
f 5668 5723 5812
f 5668 5579 5723
f 5668 5812 5757
f 5524 5579 5668
f 5668 5613 5524
f 5757 5613 5668
f 3296 3351 3440
f 3529 3385 3440
f 3440 3385 3296
f 3584 3529 3440
f 3495 3584 3440
f 3440 3351 3495
f 7600 7689 7634
f 7634 7668 7579
f 7634 7689 7668
f 7498 7587 7532
f 7477 7443 7532
f 7532 7443 7498
f 7566 7477 7532
f 7532 7621 7566
f 7532 7587 7621
f 7341 7375 7286
f 7197 7252 7286
f 7286 7252 7341
f 7286 7375 7320
f 7810 7844 7789
f 7789 7755 7810
f 7857 7836 7802
f 7747 7768 7802
f 7836 7781 7802
f 7802 7781 7747
f 7713 7768 7747
f 7713 7658 7679
f 7747 7692 7713
f 7713 7692 7658
f 7734 7679 7700
f 7734 7789 7768
f 7768 7713 7734
f 7734 7713 7679
f 7700 7755 7734
f 7755 7789 7734
f 7624 7658 7569
f 7679 7658 7624
f 7590 7679 7624
f 7624 7535 7590
f 7624 7569 7535
f 7671 7582 7637
f 7637 7692 7671
f 7637 7582 7548
f 7726 7692 7747
f 7747 7781 7726
f 7726 7781 7760
f 7671 7692 7726
f 7726 7705 7671
f 7760 7705 7726
f 7001 7090 7035
f 7035 6946 7001
f 7035 7090 7124
f 6980 6891 7035
f 6891 6946 7035
f 7124 7069 7035
f 7069 6980 7035
f 7467 7501 7412
f 7433 7522 7467
f 7556 7501 7467
f 7467 7522 7556
f 7467 7378 7433
f 7412 7378 7467
f 7488 7522 7433
f 7577 7522 7488
f 7386 7331 7297
f 7297 7352 7386
f 7386 7352 7441
f 7310 7276 7365
f 7276 7331 7365
f 7399 7344 7310
f 7310 7365 7399
f 7399 7365 7454
f 7433 7344 7399
f 7399 7488 7433
f 7454 7488 7399
f 7200 7255 7289
f 7255 7344 7289
f 7289 7234 7200
f 7289 7344 7378
f 7323 7234 7289
f 7289 7378 7323
f 7250 7161 7216
f 7195 7161 7250
f 7284 7339 7373
f 7318 7229 7284
f 7284 7373 7318
f 7229 7195 7284
f 7195 7250 7284
f 7284 7250 7339
f 6700 6844 6789
f 6878 6734 6789
f 6933 6878 6789
f 6789 6844 6933
f 6789 6734 6645
f 6645 6700 6789
f 6386 6475 6331
f 6386 6242 6297
f 6386 6331 6242
f 6297 6441 6386
f 6386 6441 6530
f 6530 6475 6386
f 5768 5823 5912
f 5857 5768 5912
f 5912 6001 5857
f 6056 6001 5912
f 5912 5967 6056
f 5912 5823 5967
f 5713 5768 5857
f 5713 5624 5768
f 5857 5802 5713
f 5713 5802 5658
f 6310 6454 6399
f 6310 6365 6454
f 6221 6365 6310
f 6310 6399 6255
f 6310 6255 6166
f 6166 6221 6310
f 6587 6443 6498
f 6498 6409 6553
f 6498 6354 6409
f 6498 6443 6354
f 6553 6642 6498
f 6642 6587 6498
f 7682 7593 7648
f 7682 7627 7593
f 7737 7716 7682
f 7716 7661 7682
f 7661 7627 7682
f 7682 7703 7737
f 7648 7703 7682
f 7004 7059 7093
f 7004 7038 6949
f 7093 7038 7004
f 6915 7059 7004
f 6949 6860 7004
f 7004 6860 6915
f 7258 7292 7203
f 7114 7169 7203
f 7203 7169 7258
f 7203 7292 7237
f 7415 7449 7360
f 7326 7415 7360
f 7360 7271 7326
f 6605 6461 6516
f 6461 6372 6516
f 6516 6660 6605
f 6283 6228 6139
f 6283 6372 6228
f 6359 6503 6448
f 6537 6393 6448
f 6448 6592 6537
f 6448 6503 6592
f 6304 6359 6448
f 6448 6393 6304
f 1988 1933 1844
f 1988 2077 1933
f 1844 1899 1988
f 2132 2077 1988
f 1988 1899 2043
f 2043 2132 1988
f 3737 3826 3682
f 3682 3593 3737
f 3737 3593 3648
f 3881 3826 3737
f 3737 3792 3881
f 3737 3648 3792
f 3504 3449 3360
f 3504 3593 3449
f 3504 3360 3415
f 3648 3593 3504
f 3415 3559 3504
f 3559 3648 3504
f 118 131 97
f 118 152 131
f 97 84 118
f 118 84 105
f 207 241 186
f 186 152 207
f 207 262 241
f 868 923 957
f 902 813 868
f 868 957 902
f 813 779 868
f 779 834 868
f 834 923 868
f 800 766 855
f 910 944 855
f 855 944 889
f 889 800 855
f 876 910 821
f 821 766 732
f 910 855 821
f 821 855 766
f 821 787 876
f 732 787 821
f 26 34 47
f 26 13 34
f 47 39 26
f 26 39 18
f 18 13 26
f 1423 1279 1334
f 1334 1245 1389
f 1334 1190 1245
f 1334 1279 1190
f 1478 1423 1334
f 1334 1389 1478
f 1177 1266 1122
f 1177 1033 1088
f 1122 1033 1177
f 1088 1232 1177
f 1232 1321 1177
f 1321 1266 1177
f 2516 2461 2372
f 2372 2283 2427
f 2427 2516 2372
f 2372 2228 2283
f 2317 2228 2372
f 2372 2461 2317
f 1673 1584 1728
f 1728 1817 1673
f 1817 1762 1673
f 1673 1762 1618
f 1618 1529 1673
f 1529 1584 1673
f 1071 1016 927
f 1160 1016 1071
f 1215 1160 1071
f 1194 1050 1105
f 1105 1016 1160
f 1105 1050 961
f 961 1016 1105
f 1249 1194 1105
f 1105 1160 1249
f 182 127 148
f 127 114 148
f 148 114 169
f 203 182 148
f 148 169 203
f 169 114 135
f 135 156 190
f 190 169 135
f 122 156 135
f 4351 4296 4207
f 4118 4262 4207
f 4207 4262 4351
f 4207 4063 4118
f 4152 4063 4207
f 4207 4296 4152
f 3914 3969 4058
f 4202 4147 4058
f 4113 4202 4058
f 4058 3969 4113
f 4147 4092 4003
f 3914 4058 4003
f 4003 4058 4147
f 3859 3914 4003
f 4003 3948 3859
f 4003 4092 3948
f 6339 6195 6250
f 6161 6305 6250
f 6250 6106 6161
f 6250 6195 6106
f 6394 6339 6250
f 6250 6305 6394
f 6284 6195 6339
f 6284 6339 6428
f 6428 6373 6284
f 6140 6195 6284
f 6407 6263 6318
f 6462 6407 6318
f 6318 6373 6462
f 5747 5692 5603
f 5658 5747 5603
f 5603 5514 5658
f 5459 5514 5603
f 5603 5548 5459
f 5603 5692 5548
f 5336 5480 5425
f 5425 5281 5336
f 5425 5370 5281
f 5425 5514 5370
f 3048 3103 3192
f 3192 3137 3048
f 3192 3281 3137
f 3336 3281 3192
f 3247 3336 3192
f 3192 3103 3247
f 2378 2289 2433
f 2433 2522 2378
f 2433 2289 2344
f 2577 2522 2433
f 2433 2488 2577
f 2344 2488 2433
f 2920 3064 3009
f 2776 2831 2920
f 2920 2831 2975
f 2975 3064 2920
f 2920 2865 2776
f 2920 3009 2865
f 3208 3064 3119
f 3352 3297 3208
f 3297 3153 3208
f 3153 3064 3208
f 3208 3263 3352
f 3119 3263 3208
f 7340 7395 7429
f 7429 7395 7484
f 7374 7340 7429
f 7429 7463 7374
f 7429 7518 7463
f 7429 7484 7518
f 5538 5682 5627
f 5538 5627 5483
f 5483 5394 5538
f 5593 5682 5538
f 6046 5957 6101
f 5902 5957 6046
f 6025 5881 5936
f 6368 6423 6512
f 6512 6457 6368
f 6457 6313 6368
f 6313 6224 6368
f 6169 6224 6313
f 6313 6258 6169
f 6203 6059 6114
f 6114 6258 6203
f 6025 6169 6114
f 6114 6169 6258
f 7579 7490 7545
f 7545 7634 7579
f 7600 7634 7545
f 7545 7511 7600
f 7456 7511 7545
f 7545 7490 7456
f 7333 7367 7278
f 7278 7223 7189
f 7312 7223 7278
f 7278 7367 7312
f 7189 7244 7278
f 7244 7333 7278
f 6681 6770 6626
f 6770 6715 6626
f 6537 6681 6626
f 6081 5992 6136
f 6136 6225 6081
f 6136 5992 6047
f 6047 6191 6136
f 6191 6280 6136
f 6280 6225 6136
f 5997 5942 5853
f 5853 5908 5997
f 5764 5908 5853
f 5709 5764 5853
f 5853 5798 5709
f 5853 5942 5798
f 7558 7592 7503
f 7558 7524 7613
f 7647 7702 7681
f 7681 7592 7647
f 7613 7668 7647
f 7668 7702 7647
f 7647 7558 7613
f 7592 7558 7647
f 7605 7639 7550
f 7605 7571 7660
f 7605 7660 7694
f 7694 7639 7605
f 7372 7406 7317
f 7372 7317 7283
f 7283 7338 7372
f 7338 7427 7372
f 7461 7372 7427
f 7406 7372 7461
f 7461 7550 7495
f 7495 7406 7461
f 7503 7414 7469
f 7469 7558 7503
f 7524 7558 7469
f 7435 7524 7469
f 7469 7380 7435
f 7469 7414 7380
f 7393 7427 7338
f 7338 7304 7393
f 7393 7304 7359
f 7359 7448 7393
f 7537 7571 7482
f 7482 7448 7537
f 7427 7393 7482
f 7482 7393 7448
f 7537 7592 7626
f 7626 7571 7537
f 7626 7592 7681
f 7626 7681 7660
f 7660 7571 7626
f 7738 7683 7704
f 7793 7772 7738
f 7738 7772 7717
f 7717 7683 7738
f 7738 7704 7759
f 7759 7793 7738
f 7231 7286 7320
f 7231 7265 7176
f 7231 7320 7265
f 7231 7176 7142
f 7142 7197 7231
f 7197 7286 7231
f 7768 7789 7823
f 7823 7802 7768
f 7857 7802 7823
f 7823 7789 7844
f 7823 7878 7857
f 7844 7878 7823
f 7603 7637 7548
f 7569 7658 7603
f 7658 7692 7603
f 7692 7637 7603
f 7548 7514 7603
f 7514 7569 7603
f 7577 7488 7543
f 7632 7577 7543
f 7543 7598 7632
f 7543 7509 7598
f 7454 7509 7543
f 7543 7488 7454
f 7420 7509 7454
f 7454 7365 7420
f 7331 7386 7420
f 7420 7365 7331
f 7148 7203 7237
f 7182 7093 7148
f 7148 7237 7182
f 7093 7059 7148
f 7148 7059 7114
f 7114 7203 7148
f 7394 7360 7449
f 7428 7339 7394
f 7394 7483 7428
f 7394 7449 7483
f 6427 6516 6372
f 6427 6283 6338
f 6372 6283 6427
f 6194 6249 6338
f 6338 6283 6194
f 6105 6249 6194
f 6050 6105 6194
f 6194 6139 6050
f 6194 6283 6139
f 139 105 160
f 139 118 105
f 262 207 228
f 249 283 228
f 283 262 228
f 982 1071 927
f 927 893 982
f 982 948 1037
f 982 893 948
f 1215 1071 1126
f 1037 1181 1126
f 1126 982 1037
f 1071 982 1126
f 1270 1215 1126
f 1126 1181 1270
f 101 114 80
f 101 135 114
f 122 135 101
f 101 80 67
f 101 88 122
f 67 88 101
f 6174 6318 6263
f 6030 6085 6174
f 6174 6119 6030
f 6174 6263 6119
f 6229 6284 6373
f 6373 6318 6229
f 6140 6284 6229
f 6318 6174 6229
f 6229 6085 6140
f 6229 6174 6085
f 5569 5425 5480
f 5569 5713 5658
f 5658 5514 5569
f 5514 5425 5569
f 5480 5624 5569
f 5624 5713 5569
f 5593 5538 5449
f 5360 5504 5449
f 5449 5504 5593
f 5305 5360 5449
f 5449 5394 5305
f 5449 5538 5394
f 6190 6046 6101
f 6190 6101 6245
f 6245 6334 6190
f 5792 5936 5881
f 5792 5648 5703
f 5703 5847 5792
f 5847 5936 5792
f 5792 5737 5648
f 5881 5737 5792
f 5991 5847 5902
f 5991 5936 5847
f 5902 6046 5991
f 5970 6114 6059
f 5826 5881 5970
f 5970 5881 6025
f 6025 6114 5970
f 5970 5915 5826
f 5970 6059 5915
f 6660 6516 6571
f 6571 6715 6660
f 6571 6626 6715
f 6516 6427 6571
f 7516 7482 7571
f 7550 7461 7516
f 7516 7461 7427
f 7427 7482 7516
f 7516 7605 7550
f 7571 7605 7516
f 7509 7420 7475
f 7475 7530 7564
f 7564 7509 7475
f 7441 7530 7475
f 7475 7386 7441
f 7475 7420 7386
f 7360 7394 7305
f 7305 7250 7216
f 7339 7250 7305
f 7305 7394 7339
f 7216 7271 7305
f 7271 7360 7305
f 173 207 152
f 152 118 173
f 118 139 173
f 173 228 207
f 6279 6368 6224
f 6279 6190 6334
f 6334 6423 6279
f 6423 6368 6279
f 6135 5991 6046
f 6046 6190 6135
f 6135 6279 6224
f 6190 6279 6135
f 5936 5991 6080
f 6025 5936 6080
f 6080 6169 6025
f 6224 6169 6080
f 6080 6135 6224
f 5991 6135 6080
f 6537 6626 6482
f 6626 6571 6482
f 6482 6393 6537
f 6482 6571 6427
f 6338 6393 6482
f 6482 6427 6338
f 228 173 194
f 160 215 194
f 194 139 160
f 194 173 139
f 194 215 249
f 249 228 194
