# 21-vertex mono-monostatic polyhedron (point masses), balls + rods, cm, COM at origin
v -0.21029 0.34026 7.67557
v 0.21029 0.34026 7.67557
v -0.21029 -0.34026 7.67557
v 0.21029 -0.34026 7.67557
v 0.00000 -0.21029 8.01583
v 0.00000 0.21029 8.01583
v 0.00000 -0.21029 7.33531
v 0.00000 0.21029 7.33531
v 0.34026 -0.00000 7.46528
v 0.34026 -0.00000 7.88587
v -0.34026 -0.00000 7.46528
v -0.34026 -0.00000 7.88587
v -0.32361 0.20000 7.79918
v -0.20000 0.12361 7.99918
v -0.12361 0.32361 7.87557
v 0.12361 0.32361 7.87557
v 0.00000 0.40000 7.67557
v 0.12361 0.32361 7.47557
v -0.12361 0.32361 7.47557
v -0.20000 0.12361 7.35197
v -0.32361 0.20000 7.55197
v -0.40000 -0.00000 7.67557
v 0.20000 0.12361 7.99918
v 0.32361 0.20000 7.79918
v -0.20000 -0.12361 7.99918
v 0.00000 -0.00000 8.07557
v -0.32361 -0.20000 7.55197
v -0.32361 -0.20000 7.79918
v 0.00000 -0.00000 7.27557
v -0.20000 -0.12361 7.35197
v 0.32361 0.20000 7.55197
v 0.20000 0.12361 7.35197
v 0.32361 -0.20000 7.79918
v 0.20000 -0.12361 7.99918
v 0.12361 -0.32361 7.87557
v -0.12361 -0.32361 7.87557
v 0.00000 -0.40000 7.67557
v -0.12361 -0.32361 7.47557
v 0.12361 -0.32361 7.47557
v 0.20000 -0.12361 7.35197
v 0.32361 -0.20000 7.55197
v 0.40000 -0.00000 7.67557
v -0.27751 0.28082 7.73982
v -0.23511 0.27528 7.84570
v -0.17356 0.34507 7.77953
v -0.28082 0.06425 7.95309
v -0.27528 0.17013 7.91069
v -0.34507 0.10396 7.84913
v -0.06425 0.27751 7.95639
v -0.17013 0.23511 7.95085
v -0.10396 0.17356 8.02064
v -0.06498 0.38042 7.78072
v -0.10931 0.38478 7.67557
v 0.06425 0.27751 7.95639
v 0.00000 0.34026 7.88587
v 0.10931 0.38478 7.67557
v 0.06498 0.38042 7.78072
v 0.17356 0.34507 7.77953
v -0.06498 0.38042 7.57043
v -0.17356 0.34507 7.57162
v 0.17356 0.34507 7.57162
v 0.06498 0.38042 7.57043
v -0.06425 0.27751 7.39475
v 0.00000 0.34026 7.46528
v 0.06425 0.27751 7.39475
v -0.23511 0.27528 7.50544
v -0.27751 0.28082 7.61132
v -0.10396 0.17356 7.33051
v -0.17013 0.23511 7.40030
v -0.34507 0.10396 7.50202
v -0.27528 0.17013 7.44046
v -0.28082 0.06425 7.39806
v -0.34026 0.21029 7.67557
v -0.38478 -0.00000 7.56627
v -0.38042 0.10515 7.61059
v -0.38042 0.10515 7.74056
v -0.38478 -0.00000 7.78488
v 0.23511 0.27528 7.84570
v 0.27751 0.28082 7.73982
v 0.10396 0.17356 8.02064
v 0.17013 0.23511 7.95085
v 0.34507 0.10396 7.84913
v 0.27528 0.17013 7.91069
v 0.28082 0.06425 7.95309
v -0.10515 0.06498 8.05600
v 0.00000 0.10931 8.06035
v -0.28082 -0.06425 7.95309
v -0.21029 -0.00000 8.01583
v 0.00000 -0.10931 8.06035
v -0.10515 -0.06498 8.05600
v -0.10396 -0.17356 8.02064
v -0.38042 -0.10515 7.74056
v -0.34507 -0.10396 7.84913
v -0.34507 -0.10396 7.50202
v -0.38042 -0.10515 7.61059
v -0.27751 -0.28082 7.73982
v -0.34026 -0.21029 7.67557
v -0.27751 -0.28082 7.61132
v -0.21029 -0.00000 7.33531
v -0.28082 -0.06425 7.39806
v 0.00000 0.10931 7.29080
v -0.10515 0.06498 7.29515
v -0.10396 -0.17356 7.33051
v -0.10515 -0.06498 7.29515
v 0.00000 -0.10931 7.29080
v 0.17013 0.23511 7.40030
v 0.10396 0.17356 7.33051
v 0.27751 0.28082 7.61132
v 0.23511 0.27528 7.50544
v 0.28082 0.06425 7.39806
v 0.27528 0.17013 7.44046
v 0.34507 0.10396 7.50202
v 0.27751 -0.28082 7.73982
v 0.23511 -0.27528 7.84570
v 0.17356 -0.34507 7.77953
v 0.28082 -0.06425 7.95309
v 0.27528 -0.17013 7.91069
v 0.34507 -0.10396 7.84913
v 0.06425 -0.27751 7.95639
v 0.17013 -0.23511 7.95085
v 0.10396 -0.17356 8.02064
v 0.06498 -0.38042 7.78072
v 0.10931 -0.38478 7.67557
v -0.06425 -0.27751 7.95639
v 0.00000 -0.34026 7.88587
v -0.10931 -0.38478 7.67557
v -0.06498 -0.38042 7.78072
v -0.17356 -0.34507 7.77953
v 0.06498 -0.38042 7.57043
v 0.17356 -0.34507 7.57162
v -0.17356 -0.34507 7.57162
v -0.06498 -0.38042 7.57043
v 0.06425 -0.27751 7.39475
v 0.00000 -0.34026 7.46528
v -0.06425 -0.27751 7.39475
v 0.23511 -0.27528 7.50544
v 0.27751 -0.28082 7.61132
v 0.10396 -0.17356 7.33051
v 0.17013 -0.23511 7.40030
v 0.34507 -0.10396 7.50202
v 0.27528 -0.17013 7.44046
v 0.28082 -0.06425 7.39806
v 0.34026 -0.21029 7.67557
v 0.38478 -0.00000 7.56627
v 0.38042 -0.10515 7.61059
v 0.38042 -0.10515 7.74056
v 0.38478 -0.00000 7.78488
v 0.10515 -0.06498 8.05600
v 0.21029 -0.00000 8.01583
v 0.10515 0.06498 8.05600
v -0.23511 -0.27528 7.84570
v -0.17013 -0.23511 7.95085
v -0.27528 -0.17013 7.91069
v -0.17013 -0.23511 7.40030
v -0.23511 -0.27528 7.50544
v -0.27528 -0.17013 7.44046
v 0.21029 -0.00000 7.33531
v 0.10515 -0.06498 7.29515
v 0.10515 0.06498 7.29515
v 0.38042 0.10515 7.74056
v 0.38042 0.10515 7.61059
v 0.34026 0.21029 7.67557
v 2.70133 0.34026 1.35473
v 3.12192 0.34026 1.35473
v 2.70133 -0.34026 1.35473
v 3.12192 -0.34026 1.35473
v 2.91163 -0.21029 1.69499
v 2.91163 0.21029 1.69499
v 2.91163 -0.21029 1.01446
v 2.91163 0.21029 1.01446
v 3.25189 -0.00000 1.14443
v 3.25189 -0.00000 1.56502
v 2.57137 -0.00000 1.14443
v 2.57137 -0.00000 1.56502
v 2.58802 0.20000 1.47833
v 2.71163 0.12361 1.67833
v 2.78802 0.32361 1.55473
v 3.03523 0.32361 1.55473
v 2.91163 0.40000 1.35473
v 3.03523 0.32361 1.15473
v 2.78802 0.32361 1.15473
v 2.71163 0.12361 1.03112
v 2.58802 0.20000 1.23112
v 2.51163 -0.00000 1.35473
v 3.11163 0.12361 1.67833
v 3.23523 0.20000 1.47833
v 2.71163 -0.12361 1.67833
v 2.91163 -0.00000 1.75473
v 2.58802 -0.20000 1.23112
v 2.58802 -0.20000 1.47833
v 2.91163 -0.00000 0.95473
v 2.71163 -0.12361 1.03112
v 3.23523 0.20000 1.23112
v 3.11163 0.12361 1.03112
v 3.23523 -0.20000 1.47833
v 3.11163 -0.12361 1.67833
v 3.03523 -0.32361 1.55473
v 2.78802 -0.32361 1.55473
v 2.91163 -0.40000 1.35473
v 2.78802 -0.32361 1.15473
v 3.03523 -0.32361 1.15473
v 3.11163 -0.12361 1.03112
v 3.23523 -0.20000 1.23112
v 3.31163 -0.00000 1.35473
v 2.63412 0.28082 1.41897
v 2.67651 0.27528 1.52486
v 2.73807 0.34507 1.45868
v 2.63081 0.06425 1.63224
v 2.63635 0.17013 1.58984
v 2.56656 0.10396 1.52828
v 2.84738 0.27751 1.63554
v 2.74150 0.23511 1.63000
v 2.80767 0.17356 1.69979
v 2.84664 0.38042 1.45987
v 2.80232 0.38478 1.35473
v 2.97588 0.27751 1.63554
v 2.91163 0.34026 1.56502
v 3.02093 0.38478 1.35473
v 2.97661 0.38042 1.45987
v 3.08518 0.34507 1.45868
v 2.84664 0.38042 1.24958
v 2.73807 0.34507 1.25077
v 3.08518 0.34507 1.25077
v 2.97661 0.38042 1.24958
v 2.84738 0.27751 1.07391
v 2.91163 0.34026 1.14443
v 2.97588 0.27751 1.07391
v 2.67651 0.27528 1.18459
v 2.63412 0.28082 1.29048
v 2.80767 0.17356 1.00966
v 2.74150 0.23511 1.07945
v 2.56656 0.10396 1.18117
v 2.63635 0.17013 1.11961
v 2.63081 0.06425 1.07721
v 2.57137 0.21029 1.35473
v 2.52685 -0.00000 1.24542
v 2.53120 0.10515 1.28974
v 2.53120 0.10515 1.41971
v 2.52685 -0.00000 1.46403
v 3.14674 0.27528 1.52486
v 3.18914 0.28082 1.41897
v 3.01558 0.17356 1.69979
v 3.08176 0.23511 1.63000
v 3.25669 0.10396 1.52828
v 3.18690 0.17013 1.58984
v 3.19245 0.06425 1.63224
v 2.80648 0.06498 1.73515
v 2.91163 0.10931 1.73950
v 2.63081 -0.06425 1.63224
v 2.70133 -0.00000 1.69499
v 2.91163 -0.10931 1.73950
v 2.80648 -0.06498 1.73515
v 2.80767 -0.17356 1.69979
v 2.53120 -0.10515 1.41971
v 2.56656 -0.10396 1.52828
v 2.56656 -0.10396 1.18117
v 2.53120 -0.10515 1.28974
v 2.63412 -0.28082 1.41897
v 2.57137 -0.21029 1.35473
v 2.63412 -0.28082 1.29048
v 2.70133 -0.00000 1.01446
v 2.63081 -0.06425 1.07721
v 2.91163 0.10931 0.96995
v 2.80648 0.06498 0.97430
v 2.80767 -0.17356 1.00966
v 2.80648 -0.06498 0.97430
v 2.91163 -0.10931 0.96995
v 3.08176 0.23511 1.07945
v 3.01558 0.17356 1.00966
v 3.18914 0.28082 1.29048
v 3.14674 0.27528 1.18459
v 3.19245 0.06425 1.07721
v 3.18690 0.17013 1.11961
v 3.25669 0.10396 1.18117
v 3.18914 -0.28082 1.41897
v 3.14674 -0.27528 1.52486
v 3.08518 -0.34507 1.45868
v 3.19245 -0.06425 1.63224
v 3.18690 -0.17013 1.58984
v 3.25669 -0.10396 1.52828
v 2.97588 -0.27751 1.63554
v 3.08176 -0.23511 1.63000
v 3.01558 -0.17356 1.69979
v 2.97661 -0.38042 1.45987
v 3.02093 -0.38478 1.35473
v 2.84738 -0.27751 1.63554
v 2.91163 -0.34026 1.56502
v 2.80232 -0.38478 1.35473
v 2.84664 -0.38042 1.45987
v 2.73807 -0.34507 1.45868
v 2.97661 -0.38042 1.24958
v 3.08518 -0.34507 1.25077
v 2.73807 -0.34507 1.25077
v 2.84664 -0.38042 1.24958
v 2.97588 -0.27751 1.07391
v 2.91163 -0.34026 1.14443
v 2.84738 -0.27751 1.07391
v 3.14674 -0.27528 1.18459
v 3.18914 -0.28082 1.29048
v 3.01558 -0.17356 1.00966
v 3.08176 -0.23511 1.07945
v 3.25669 -0.10396 1.18117
v 3.18690 -0.17013 1.11961
v 3.19245 -0.06425 1.07721
v 3.25189 -0.21029 1.35473
v 3.29640 -0.00000 1.24542
v 3.29205 -0.10515 1.28974
v 3.29205 -0.10515 1.41971
v 3.29640 -0.00000 1.46403
v 3.01677 -0.06498 1.73515
v 3.12192 -0.00000 1.69499
v 3.01677 0.06498 1.73515
v 2.67651 -0.27528 1.52486
v 2.74150 -0.23511 1.63000
v 2.63635 -0.17013 1.58984
v 2.74150 -0.23511 1.07945
v 2.67651 -0.27528 1.18459
v 2.63635 -0.17013 1.11961
v 3.12192 -0.00000 1.01446
v 3.01677 -0.06498 0.97430
v 3.01677 0.06498 0.97430
v 3.29205 0.10515 1.41971
v 3.29205 0.10515 1.28974
v 3.25189 0.21029 1.35473
v 0.68945 3.10938 1.35473
v 1.11003 3.10938 1.35473
v 0.68945 2.42886 1.35473
v 1.11003 2.42886 1.35473
v 0.89974 2.55883 1.69499
v 0.89974 2.97941 1.69499
v 0.89974 2.55883 1.01446
v 0.89974 2.97941 1.01446
v 1.24000 2.76912 1.14443
v 1.24000 2.76912 1.56502
v 0.55948 2.76912 1.14443
v 0.55948 2.76912 1.56502
v 0.57614 2.96912 1.47833
v 0.69974 2.89273 1.67833
v 0.77614 3.09273 1.55473
v 1.02335 3.09273 1.55473
v 0.89974 3.16912 1.35473
v 1.02335 3.09273 1.15473
v 0.77614 3.09273 1.15473
v 0.69974 2.89273 1.03112
v 0.57614 2.96912 1.23112
v 0.49974 2.76912 1.35473
v 1.09974 2.89273 1.67833
v 1.22335 2.96912 1.47833
v 0.69974 2.64552 1.67833
v 0.89974 2.76912 1.75473
v 0.57614 2.56912 1.23112
v 0.57614 2.56912 1.47833
v 0.89974 2.76912 0.95473
v 0.69974 2.64552 1.03112
v 1.22335 2.96912 1.23112
v 1.09974 2.89273 1.03112
v 1.22335 2.56912 1.47833
v 1.09974 2.64552 1.67833
v 1.02335 2.44552 1.55473
v 0.77614 2.44552 1.55473
v 0.89974 2.36912 1.35473
v 0.77614 2.44552 1.15473
v 1.02335 2.44552 1.15473
v 1.09974 2.64552 1.03112
v 1.22335 2.56912 1.23112
v 1.29974 2.76912 1.35473
v 0.62223 3.04994 1.41897
v 0.66463 3.04440 1.52486
v 0.72619 3.11419 1.45868
v 0.61892 2.83337 1.63224
v 0.62447 2.93925 1.58984
v 0.55467 2.87308 1.52828
v 0.83549 3.04663 1.63554
v 0.72961 3.00424 1.63000
v 0.79579 2.94268 1.69979
v 0.83476 3.14954 1.45987
v 0.79044 3.15390 1.35473
v 0.96399 3.04663 1.63554
v 0.89974 3.10938 1.56502
v 1.00905 3.15390 1.35473
v 0.96473 3.14954 1.45987
v 1.07330 3.11419 1.45868
v 0.83476 3.14954 1.24958
v 0.72619 3.11419 1.25077
v 1.07330 3.11419 1.25077
v 0.96473 3.14954 1.24958
v 0.83549 3.04663 1.07391
v 0.89974 3.10938 1.14443
v 0.96399 3.04663 1.07391
v 0.66463 3.04440 1.18459
v 0.62223 3.04994 1.29048
v 0.79579 2.94268 1.00966
v 0.72961 3.00424 1.07945
v 0.55467 2.87308 1.18117
v 0.62447 2.93925 1.11961
v 0.61892 2.83337 1.07721
v 0.55948 2.97941 1.35473
v 0.51497 2.76912 1.24542
v 0.51932 2.87427 1.28974
v 0.51932 2.87427 1.41971
v 0.51497 2.76912 1.46403
v 1.13486 3.04440 1.52486
v 1.17725 3.04994 1.41897
v 1.00370 2.94268 1.69979
v 1.06987 3.00424 1.63000
v 1.24481 2.87308 1.52828
v 1.17502 2.93925 1.58984
v 1.18056 2.83337 1.63224
v 0.79460 2.83411 1.73515
v 0.89974 2.87843 1.73950
v 0.61892 2.70487 1.63224
v 0.68945 2.76912 1.69499
v 0.89974 2.65982 1.73950
v 0.79460 2.70414 1.73515
v 0.79579 2.59557 1.69979
v 0.51932 2.66398 1.41971
v 0.55467 2.66517 1.52828
v 0.55467 2.66517 1.18117
v 0.51932 2.66398 1.28974
v 0.62223 2.48830 1.41897
v 0.55948 2.55883 1.35473
v 0.62223 2.48830 1.29048
v 0.68945 2.76912 1.01446
v 0.61892 2.70487 1.07721
v 0.89974 2.87843 0.96995
v 0.79460 2.83411 0.97430
v 0.79579 2.59557 1.00966
v 0.79460 2.70414 0.97430
v 0.89974 2.65982 0.96995
v 1.06987 3.00424 1.07945
v 1.00370 2.94268 1.00966
v 1.17725 3.04994 1.29048
v 1.13486 3.04440 1.18459
v 1.18056 2.83337 1.07721
v 1.17502 2.93925 1.11961
v 1.24481 2.87308 1.18117
v 1.17725 2.48830 1.41897
v 1.13486 2.49385 1.52486
v 1.07330 2.42405 1.45868
v 1.18056 2.70487 1.63224
v 1.17502 2.59899 1.58984
v 1.24481 2.66517 1.52828
v 0.96399 2.49161 1.63554
v 1.06987 2.53401 1.63000
v 1.00370 2.59557 1.69979
v 0.96473 2.38870 1.45987
v 1.00905 2.38435 1.35473
v 0.83549 2.49161 1.63554
v 0.89974 2.42886 1.56502
v 0.79044 2.38435 1.35473
v 0.83476 2.38870 1.45987
v 0.72619 2.42405 1.45868
v 0.96473 2.38870 1.24958
v 1.07330 2.42405 1.25077
v 0.72619 2.42405 1.25077
v 0.83476 2.38870 1.24958
v 0.96399 2.49161 1.07391
v 0.89974 2.42886 1.14443
v 0.83549 2.49161 1.07391
v 1.13486 2.49385 1.18459
v 1.17725 2.48830 1.29048
v 1.00370 2.59557 1.00966
v 1.06987 2.53401 1.07945
v 1.24481 2.66517 1.18117
v 1.17502 2.59899 1.11961
v 1.18056 2.70487 1.07721
v 1.24000 2.55883 1.35473
v 1.28452 2.76912 1.24542
v 1.28016 2.66398 1.28974
v 1.28016 2.66398 1.41971
v 1.28452 2.76912 1.46403
v 1.00489 2.70414 1.73515
v 1.11003 2.76912 1.69499
v 1.00489 2.83411 1.73515
v 0.66463 2.49385 1.52486
v 0.72961 2.53401 1.63000
v 0.62447 2.59899 1.58984
v 0.72961 2.53401 1.07945
v 0.66463 2.49385 1.18459
v 0.62447 2.59899 1.11961
v 1.11003 2.76912 1.01446
v 1.00489 2.70414 0.97430
v 1.00489 2.83411 0.97430
v 1.28016 2.87427 1.41971
v 1.28016 2.87427 1.28974
v 1.24000 2.97941 1.35473
v -2.56585 2.05167 1.35473
v -2.14526 2.05167 1.35473
v -2.56585 1.37115 1.35473
v -2.14526 1.37115 1.35473
v -2.35556 1.50112 1.69499
v -2.35556 1.92170 1.69499
v -2.35556 1.50112 1.01446
v -2.35556 1.92170 1.01446
v -2.01530 1.71141 1.14443
v -2.01530 1.71141 1.56502
v -2.69582 1.71141 1.14443
v -2.69582 1.71141 1.56502
v -2.67916 1.91141 1.47833
v -2.55556 1.83502 1.67833
v -2.47916 2.03502 1.55473
v -2.23195 2.03502 1.55473
v -2.35556 2.11141 1.35473
v -2.23195 2.03502 1.15473
v -2.47916 2.03502 1.15473
v -2.55556 1.83502 1.03112
v -2.67916 1.91141 1.23112
v -2.75556 1.71141 1.35473
v -2.15556 1.83502 1.67833
v -2.03195 1.91141 1.47833
v -2.55556 1.58780 1.67833
v -2.35556 1.71141 1.75473
v -2.67916 1.51141 1.23112
v -2.67916 1.51141 1.47833
v -2.35556 1.71141 0.95473
v -2.55556 1.58780 1.03112
v -2.03195 1.91141 1.23112
v -2.15556 1.83502 1.03112
v -2.03195 1.51141 1.47833
v -2.15556 1.58780 1.67833
v -2.23195 1.38780 1.55473
v -2.47916 1.38780 1.55473
v -2.35556 1.31141 1.35473
v -2.47916 1.38780 1.15473
v -2.23195 1.38780 1.15473
v -2.15556 1.58780 1.03112
v -2.03195 1.51141 1.23112
v -1.95556 1.71141 1.35473
v -2.63307 1.99223 1.41897
v -2.59067 1.98669 1.52486
v -2.52911 2.05648 1.45868
v -2.63637 1.77566 1.63224
v -2.63083 1.88154 1.58984
v -2.70062 1.81537 1.52828
v -2.41980 1.98892 1.63554
v -2.52569 1.94653 1.63000
v -2.45951 1.88497 1.69979
v -2.42054 2.09183 1.45987
v -2.46486 2.09619 1.35473
v -2.29131 1.98892 1.63554
v -2.35556 2.05167 1.56502
v -2.24625 2.09619 1.35473
v -2.29057 2.09183 1.45987
v -2.18200 2.05648 1.45868
v -2.42054 2.09183 1.24958
v -2.52911 2.05648 1.25077
v -2.18200 2.05648 1.25077
v -2.29057 2.09183 1.24958
v -2.41980 1.98892 1.07391
v -2.35556 2.05167 1.14443
v -2.29131 1.98892 1.07391
v -2.59067 1.98669 1.18459
v -2.63307 1.99223 1.29048
v -2.45951 1.88497 1.00966
v -2.52569 1.94653 1.07945
v -2.70062 1.81537 1.18117
v -2.63083 1.88154 1.11961
v -2.63637 1.77566 1.07721
v -2.69582 1.92170 1.35473
v -2.74033 1.71141 1.24542
v -2.73598 1.81656 1.28974
v -2.73598 1.81656 1.41971
v -2.74033 1.71141 1.46403
v -2.12044 1.98669 1.52486
v -2.07804 1.99223 1.41897
v -2.25160 1.88497 1.69979
v -2.18543 1.94653 1.63000
v -2.01049 1.81537 1.52828
v -2.08028 1.88154 1.58984
v -2.07474 1.77566 1.63224
v -2.46070 1.77640 1.73515
v -2.35556 1.82072 1.73950
v -2.63637 1.64716 1.63224
v -2.56585 1.71141 1.69499
v -2.35556 1.60210 1.73950
v -2.46070 1.64643 1.73515
v -2.45951 1.53786 1.69979
v -2.73598 1.60627 1.41971
v -2.70062 1.60745 1.52828
v -2.70062 1.60745 1.18117
v -2.73598 1.60627 1.28974
v -2.63307 1.43059 1.41897
v -2.69582 1.50112 1.35473
v -2.63307 1.43059 1.29048
v -2.56585 1.71141 1.01446
v -2.63637 1.64716 1.07721
v -2.35556 1.82072 0.96995
v -2.46070 1.77640 0.97430
v -2.45951 1.53786 1.00966
v -2.46070 1.64643 0.97430
v -2.35556 1.60210 0.96995
v -2.18543 1.94653 1.07945
v -2.25160 1.88497 1.00966
v -2.07804 1.99223 1.29048
v -2.12044 1.98669 1.18459
v -2.07474 1.77566 1.07721
v -2.08028 1.88154 1.11961
v -2.01049 1.81537 1.18117
v -2.07804 1.43059 1.41897
v -2.12044 1.43614 1.52486
v -2.18200 1.36634 1.45868
v -2.07474 1.64716 1.63224
v -2.08028 1.54128 1.58984
v -2.01049 1.60745 1.52828
v -2.29131 1.43390 1.63554
v -2.18543 1.47630 1.63000
v -2.25160 1.53786 1.69979
v -2.29057 1.33099 1.45987
v -2.24625 1.32664 1.35473
v -2.41980 1.43390 1.63554
v -2.35556 1.37115 1.56502
v -2.46486 1.32664 1.35473
v -2.42054 1.33099 1.45987
v -2.52911 1.36634 1.45868
v -2.29057 1.33099 1.24958
v -2.18200 1.36634 1.25077
v -2.52911 1.36634 1.25077
v -2.42054 1.33099 1.24958
v -2.29131 1.43390 1.07391
v -2.35556 1.37115 1.14443
v -2.41980 1.43390 1.07391
v -2.12044 1.43614 1.18459
v -2.07804 1.43059 1.29048
v -2.25160 1.53786 1.00966
v -2.18543 1.47630 1.07945
v -2.01049 1.60745 1.18117
v -2.08028 1.54128 1.11961
v -2.07474 1.64716 1.07721
v -2.01530 1.50112 1.35473
v -1.97078 1.71141 1.24542
v -1.97513 1.60627 1.28974
v -1.97513 1.60627 1.41971
v -1.97078 1.71141 1.46403
v -2.25041 1.64643 1.73515
v -2.14526 1.71141 1.69499
v -2.25041 1.77640 1.73515
v -2.59067 1.43614 1.52486
v -2.52569 1.47630 1.63000
v -2.63083 1.54128 1.58984
v -2.52569 1.47630 1.07945
v -2.59067 1.43614 1.18459
v -2.63083 1.54128 1.11961
v -2.14526 1.71141 1.01446
v -2.25041 1.64643 0.97430
v -2.25041 1.77640 0.97430
v -1.97513 1.81656 1.41971
v -1.97513 1.81656 1.28974
v -2.01530 1.92170 1.35473
v -2.56585 -1.37115 1.35473
v -2.14526 -1.37115 1.35473
v -2.56585 -2.05167 1.35473
v -2.14526 -2.05167 1.35473
v -2.35556 -1.92170 1.69499
v -2.35556 -1.50112 1.69499
v -2.35556 -1.92170 1.01446
v -2.35556 -1.50112 1.01446
v -2.01530 -1.71141 1.14443
v -2.01530 -1.71141 1.56502
v -2.69582 -1.71141 1.14443
v -2.69582 -1.71141 1.56502
v -2.67916 -1.51141 1.47833
v -2.55556 -1.58780 1.67833
v -2.47916 -1.38780 1.55473
v -2.23195 -1.38780 1.55473
v -2.35556 -1.31141 1.35473
v -2.23195 -1.38780 1.15473
v -2.47916 -1.38780 1.15473
v -2.55556 -1.58780 1.03112
v -2.67916 -1.51141 1.23112
v -2.75556 -1.71141 1.35473
v -2.15556 -1.58780 1.67833
v -2.03195 -1.51141 1.47833
v -2.55556 -1.83502 1.67833
v -2.35556 -1.71141 1.75473
v -2.67916 -1.91141 1.23112
v -2.67916 -1.91141 1.47833
v -2.35556 -1.71141 0.95473
v -2.55556 -1.83502 1.03112
v -2.03195 -1.51141 1.23112
v -2.15556 -1.58780 1.03112
v -2.03195 -1.91141 1.47833
v -2.15556 -1.83502 1.67833
v -2.23195 -2.03502 1.55473
v -2.47916 -2.03502 1.55473
v -2.35556 -2.11141 1.35473
v -2.47916 -2.03502 1.15473
v -2.23195 -2.03502 1.15473
v -2.15556 -1.83502 1.03112
v -2.03195 -1.91141 1.23112
v -1.95556 -1.71141 1.35473
v -2.63307 -1.43059 1.41897
v -2.59067 -1.43614 1.52486
v -2.52911 -1.36634 1.45868
v -2.63637 -1.64716 1.63224
v -2.63083 -1.54128 1.58984
v -2.70062 -1.60745 1.52828
v -2.41980 -1.43390 1.63554
v -2.52569 -1.47630 1.63000
v -2.45951 -1.53786 1.69979
v -2.42054 -1.33099 1.45987
v -2.46486 -1.32664 1.35473
v -2.29131 -1.43390 1.63554
v -2.35556 -1.37115 1.56502
v -2.24625 -1.32664 1.35473
v -2.29057 -1.33099 1.45987
v -2.18200 -1.36634 1.45868
v -2.42054 -1.33099 1.24958
v -2.52911 -1.36634 1.25077
v -2.18200 -1.36634 1.25077
v -2.29057 -1.33099 1.24958
v -2.41980 -1.43390 1.07391
v -2.35556 -1.37115 1.14443
v -2.29131 -1.43390 1.07391
v -2.59067 -1.43614 1.18459
v -2.63307 -1.43059 1.29048
v -2.45951 -1.53786 1.00966
v -2.52569 -1.47630 1.07945
v -2.70062 -1.60745 1.18117
v -2.63083 -1.54128 1.11961
v -2.63637 -1.64716 1.07721
v -2.69582 -1.50112 1.35473
v -2.74033 -1.71141 1.24542
v -2.73598 -1.60627 1.28974
v -2.73598 -1.60627 1.41971
v -2.74033 -1.71141 1.46403
v -2.12044 -1.43614 1.52486
v -2.07804 -1.43059 1.41897
v -2.25160 -1.53786 1.69979
v -2.18543 -1.47630 1.63000
v -2.01049 -1.60745 1.52828
v -2.08028 -1.54128 1.58984
v -2.07474 -1.64716 1.63224
v -2.46070 -1.64643 1.73515
v -2.35556 -1.60210 1.73950
v -2.63637 -1.77566 1.63224
v -2.56585 -1.71141 1.69499
v -2.35556 -1.82072 1.73950
v -2.46070 -1.77640 1.73515
v -2.45951 -1.88497 1.69979
v -2.73598 -1.81656 1.41971
v -2.70062 -1.81537 1.52828
v -2.70062 -1.81537 1.18117
v -2.73598 -1.81656 1.28974
v -2.63307 -1.99223 1.41897
v -2.69582 -1.92170 1.35473
v -2.63307 -1.99223 1.29048
v -2.56585 -1.71141 1.01446
v -2.63637 -1.77566 1.07721
v -2.35556 -1.60210 0.96995
v -2.46070 -1.64643 0.97430
v -2.45951 -1.88497 1.00966
v -2.46070 -1.77640 0.97430
v -2.35556 -1.82072 0.96995
v -2.18543 -1.47630 1.07945
v -2.25160 -1.53786 1.00966
v -2.07804 -1.43059 1.29048
v -2.12044 -1.43614 1.18459
v -2.07474 -1.64716 1.07721
v -2.08028 -1.54128 1.11961
v -2.01049 -1.60745 1.18117
v -2.07804 -1.99223 1.41897
v -2.12044 -1.98669 1.52486
v -2.18200 -2.05648 1.45868
v -2.07474 -1.77566 1.63224
v -2.08028 -1.88154 1.58984
v -2.01049 -1.81537 1.52828
v -2.29131 -1.98892 1.63554
v -2.18543 -1.94653 1.63000
v -2.25160 -1.88497 1.69979
v -2.29057 -2.09183 1.45987
v -2.24625 -2.09619 1.35473
v -2.41980 -1.98892 1.63554
v -2.35556 -2.05167 1.56502
v -2.46486 -2.09619 1.35473
v -2.42054 -2.09183 1.45987
v -2.52911 -2.05648 1.45868
v -2.29057 -2.09183 1.24958
v -2.18200 -2.05648 1.25077
v -2.52911 -2.05648 1.25077
v -2.42054 -2.09183 1.24958
v -2.29131 -1.98892 1.07391
v -2.35556 -2.05167 1.14443
v -2.41980 -1.98892 1.07391
v -2.12044 -1.98669 1.18459
v -2.07804 -1.99223 1.29048
v -2.25160 -1.88497 1.00966
v -2.18543 -1.94653 1.07945
v -2.01049 -1.81537 1.18117
v -2.08028 -1.88154 1.11961
v -2.07474 -1.77566 1.07721
v -2.01530 -1.92170 1.35473
v -1.97078 -1.71141 1.24542
v -1.97513 -1.81656 1.28974
v -1.97513 -1.81656 1.41971
v -1.97078 -1.71141 1.46403
v -2.25041 -1.77640 1.73515
v -2.14526 -1.71141 1.69499
v -2.25041 -1.64643 1.73515
v -2.59067 -1.98669 1.52486
v -2.52569 -1.94653 1.63000
v -2.63083 -1.88154 1.58984
v -2.52569 -1.94653 1.07945
v -2.59067 -1.98669 1.18459
v -2.63083 -1.88154 1.11961
v -2.14526 -1.71141 1.01446
v -2.25041 -1.77640 0.97430
v -2.25041 -1.64643 0.97430
v -1.97513 -1.60627 1.41971
v -1.97513 -1.60627 1.28974
v -2.01530 -1.50112 1.35473
v 0.68945 -2.42886 1.35473
v 1.11003 -2.42886 1.35473
v 0.68945 -3.10938 1.35473
v 1.11003 -3.10938 1.35473
v 0.89974 -2.97941 1.69499
v 0.89974 -2.55883 1.69499
v 0.89974 -2.97941 1.01446
v 0.89974 -2.55883 1.01446
v 1.24000 -2.76912 1.14443
v 1.24000 -2.76912 1.56502
v 0.55948 -2.76912 1.14443
v 0.55948 -2.76912 1.56502
v 0.57614 -2.56912 1.47833
v 0.69974 -2.64552 1.67833
v 0.77614 -2.44552 1.55473
v 1.02335 -2.44552 1.55473
v 0.89974 -2.36912 1.35473
v 1.02335 -2.44552 1.15473
v 0.77614 -2.44552 1.15473
v 0.69974 -2.64552 1.03112
v 0.57614 -2.56912 1.23112
v 0.49974 -2.76912 1.35473
v 1.09974 -2.64552 1.67833
v 1.22335 -2.56912 1.47833
v 0.69974 -2.89273 1.67833
v 0.89974 -2.76912 1.75473
v 0.57614 -2.96912 1.23112
v 0.57614 -2.96912 1.47833
v 0.89974 -2.76912 0.95473
v 0.69974 -2.89273 1.03112
v 1.22335 -2.56912 1.23112
v 1.09974 -2.64552 1.03112
v 1.22335 -2.96912 1.47833
v 1.09974 -2.89273 1.67833
v 1.02335 -3.09273 1.55473
v 0.77614 -3.09273 1.55473
v 0.89974 -3.16912 1.35473
v 0.77614 -3.09273 1.15473
v 1.02335 -3.09273 1.15473
v 1.09974 -2.89273 1.03112
v 1.22335 -2.96912 1.23112
v 1.29974 -2.76912 1.35473
v 0.62223 -2.48830 1.41897
v 0.66463 -2.49385 1.52486
v 0.72619 -2.42405 1.45868
v 0.61892 -2.70487 1.63224
v 0.62447 -2.59899 1.58984
v 0.55467 -2.66517 1.52828
v 0.83549 -2.49161 1.63554
v 0.72961 -2.53401 1.63000
v 0.79579 -2.59557 1.69979
v 0.83476 -2.38870 1.45987
v 0.79044 -2.38435 1.35473
v 0.96399 -2.49161 1.63554
v 0.89974 -2.42886 1.56502
v 1.00905 -2.38435 1.35473
v 0.96473 -2.38870 1.45987
v 1.07330 -2.42405 1.45868
v 0.83476 -2.38870 1.24958
v 0.72619 -2.42405 1.25077
v 1.07330 -2.42405 1.25077
v 0.96473 -2.38870 1.24958
v 0.83549 -2.49161 1.07391
v 0.89974 -2.42886 1.14443
v 0.96399 -2.49161 1.07391
v 0.66463 -2.49385 1.18459
v 0.62223 -2.48830 1.29048
v 0.79579 -2.59557 1.00966
v 0.72961 -2.53401 1.07945
v 0.55467 -2.66517 1.18117
v 0.62447 -2.59899 1.11961
v 0.61892 -2.70487 1.07721
v 0.55948 -2.55883 1.35473
v 0.51497 -2.76912 1.24542
v 0.51932 -2.66398 1.28974
v 0.51932 -2.66398 1.41971
v 0.51497 -2.76912 1.46403
v 1.13486 -2.49385 1.52486
v 1.17725 -2.48830 1.41897
v 1.00370 -2.59557 1.69979
v 1.06987 -2.53401 1.63000
v 1.24481 -2.66517 1.52828
v 1.17502 -2.59899 1.58984
v 1.18056 -2.70487 1.63224
v 0.79460 -2.70414 1.73515
v 0.89974 -2.65982 1.73950
v 0.61892 -2.83337 1.63224
v 0.68945 -2.76912 1.69499
v 0.89974 -2.87843 1.73950
v 0.79460 -2.83411 1.73515
v 0.79579 -2.94268 1.69979
v 0.51932 -2.87427 1.41971
v 0.55467 -2.87308 1.52828
v 0.55467 -2.87308 1.18117
v 0.51932 -2.87427 1.28974
v 0.62223 -3.04994 1.41897
v 0.55948 -2.97941 1.35473
v 0.62223 -3.04994 1.29048
v 0.68945 -2.76912 1.01446
v 0.61892 -2.83337 1.07721
v 0.89974 -2.65982 0.96995
v 0.79460 -2.70414 0.97430
v 0.79579 -2.94268 1.00966
v 0.79460 -2.83411 0.97430
v 0.89974 -2.87843 0.96995
v 1.06987 -2.53401 1.07945
v 1.00370 -2.59557 1.00966
v 1.17725 -2.48830 1.29048
v 1.13486 -2.49385 1.18459
v 1.18056 -2.70487 1.07721
v 1.17502 -2.59899 1.11961
v 1.24481 -2.66517 1.18117
v 1.17725 -3.04994 1.41897
v 1.13486 -3.04440 1.52486
v 1.07330 -3.11419 1.45868
v 1.18056 -2.83337 1.63224
v 1.17502 -2.93925 1.58984
v 1.24481 -2.87308 1.52828
v 0.96399 -3.04663 1.63554
v 1.06987 -3.00424 1.63000
v 1.00370 -2.94268 1.69979
v 0.96473 -3.14954 1.45987
v 1.00905 -3.15390 1.35473
v 0.83549 -3.04663 1.63554
v 0.89974 -3.10938 1.56502
v 0.79044 -3.15390 1.35473
v 0.83476 -3.14954 1.45987
v 0.72619 -3.11419 1.45868
v 0.96473 -3.14954 1.24958
v 1.07330 -3.11419 1.25077
v 0.72619 -3.11419 1.25077
v 0.83476 -3.14954 1.24958
v 0.96399 -3.04663 1.07391
v 0.89974 -3.10938 1.14443
v 0.83549 -3.04663 1.07391
v 1.13486 -3.04440 1.18459
v 1.17725 -3.04994 1.29048
v 1.00370 -2.94268 1.00966
v 1.06987 -3.00424 1.07945
v 1.24481 -2.87308 1.18117
v 1.17502 -2.93925 1.11961
v 1.18056 -2.83337 1.07721
v 1.24000 -2.97941 1.35473
v 1.28452 -2.76912 1.24542
v 1.28016 -2.87427 1.28974
v 1.28016 -2.87427 1.41971
v 1.28452 -2.76912 1.46403
v 1.00489 -2.83411 1.73515
v 1.11003 -2.76912 1.69499
v 1.00489 -2.70414 1.73515
v 0.66463 -3.04440 1.52486
v 0.72961 -3.00424 1.63000
v 0.62447 -2.93925 1.58984
v 0.72961 -3.00424 1.07945
v 0.66463 -3.04440 1.18459
v 0.62447 -2.93925 1.11961
v 1.11003 -2.76912 1.01446
v 1.00489 -2.83411 0.97430
v 1.00489 -2.70414 0.97430
v 1.28016 -2.66398 1.41971
v 1.28016 -2.66398 1.28974
v 1.24000 -2.55883 1.35473
v 2.00313 0.34026 -0.49748
v 2.42372 0.34026 -0.49748
v 2.00313 -0.34026 -0.49748
v 2.42372 -0.34026 -0.49748
v 2.21343 -0.21029 -0.15722
v 2.21343 0.21029 -0.15722
v 2.21343 -0.21029 -0.83774
v 2.21343 0.21029 -0.83774
v 2.55369 -0.00000 -0.70777
v 2.55369 -0.00000 -0.28718
v 1.87317 -0.00000 -0.70777
v 1.87317 -0.00000 -0.28718
v 1.88982 0.20000 -0.37387
v 2.01343 0.12361 -0.17387
v 2.08982 0.32361 -0.29748
v 2.33703 0.32361 -0.29748
v 2.21343 0.40000 -0.49748
v 2.33703 0.32361 -0.69748
v 2.08982 0.32361 -0.69748
v 2.01343 0.12361 -0.82108
v 1.88982 0.20000 -0.62108
v 1.81343 -0.00000 -0.49748
v 2.41343 0.12361 -0.17387
v 2.53703 0.20000 -0.37387
v 2.01343 -0.12361 -0.17387
v 2.21343 -0.00000 -0.09748
v 1.88982 -0.20000 -0.62108
v 1.88982 -0.20000 -0.37387
v 2.21343 -0.00000 -0.89748
v 2.01343 -0.12361 -0.82108
v 2.53703 0.20000 -0.62108
v 2.41343 0.12361 -0.82108
v 2.53703 -0.20000 -0.37387
v 2.41343 -0.12361 -0.17387
v 2.33703 -0.32361 -0.29748
v 2.08982 -0.32361 -0.29748
v 2.21343 -0.40000 -0.49748
v 2.08982 -0.32361 -0.69748
v 2.33703 -0.32361 -0.69748
v 2.41343 -0.12361 -0.82108
v 2.53703 -0.20000 -0.62108
v 2.61343 -0.00000 -0.49748
v 1.93591 0.28082 -0.43323
v 1.97831 0.27528 -0.32735
v 2.03987 0.34507 -0.39352
v 1.93261 0.06425 -0.21996
v 1.93815 0.17013 -0.26236
v 1.86836 0.10396 -0.32392
v 2.14918 0.27751 -0.21666
v 2.04330 0.23511 -0.22220
v 2.10947 0.17356 -0.15241
v 2.14844 0.38042 -0.39233
v 2.10412 0.38478 -0.49748
v 2.27768 0.27751 -0.21666
v 2.21343 0.34026 -0.28718
v 2.32273 0.38478 -0.49748
v 2.27841 0.38042 -0.39233
v 2.38698 0.34507 -0.39352
v 2.14844 0.38042 -0.60262
v 2.03987 0.34507 -0.60143
v 2.38698 0.34507 -0.60143
v 2.27841 0.38042 -0.60262
v 2.14918 0.27751 -0.77829
v 2.21343 0.34026 -0.70777
v 2.27768 0.27751 -0.77829
v 1.97831 0.27528 -0.66761
v 1.93591 0.28082 -0.56172
v 2.10947 0.17356 -0.84254
v 2.04330 0.23511 -0.77275
v 1.86836 0.10396 -0.67103
v 1.93815 0.17013 -0.73259
v 1.93261 0.06425 -0.77499
v 1.87317 0.21029 -0.49748
v 1.82865 -0.00000 -0.60678
v 1.83300 0.10515 -0.56246
v 1.83300 0.10515 -0.43249
v 1.82865 -0.00000 -0.38817
v 2.44854 0.27528 -0.32735
v 2.49094 0.28082 -0.43323
v 2.31738 0.17356 -0.15241
v 2.38356 0.23511 -0.22220
v 2.55849 0.10396 -0.32392
v 2.48870 0.17013 -0.26236
v 2.49424 0.06425 -0.21996
v 2.10828 0.06498 -0.11705
v 2.21343 0.10931 -0.11270
v 1.93261 -0.06425 -0.21996
v 2.00313 -0.00000 -0.15722
v 2.21343 -0.10931 -0.11270
v 2.10828 -0.06498 -0.11705
v 2.10947 -0.17356 -0.15241
v 1.83300 -0.10515 -0.43249
v 1.86836 -0.10396 -0.32392
v 1.86836 -0.10396 -0.67103
v 1.83300 -0.10515 -0.56246
v 1.93591 -0.28082 -0.43323
v 1.87317 -0.21029 -0.49748
v 1.93591 -0.28082 -0.56172
v 2.00313 -0.00000 -0.83774
v 1.93261 -0.06425 -0.77499
v 2.21343 0.10931 -0.88225
v 2.10828 0.06498 -0.87790
v 2.10947 -0.17356 -0.84254
v 2.10828 -0.06498 -0.87790
v 2.21343 -0.10931 -0.88225
v 2.38356 0.23511 -0.77275
v 2.31738 0.17356 -0.84254
v 2.49094 0.28082 -0.56172
v 2.44854 0.27528 -0.66761
v 2.49424 0.06425 -0.77499
v 2.48870 0.17013 -0.73259
v 2.55849 0.10396 -0.67103
v 2.49094 -0.28082 -0.43323
v 2.44854 -0.27528 -0.32735
v 2.38698 -0.34507 -0.39352
v 2.49424 -0.06425 -0.21996
v 2.48870 -0.17013 -0.26236
v 2.55849 -0.10396 -0.32392
v 2.27768 -0.27751 -0.21666
v 2.38356 -0.23511 -0.22220
v 2.31738 -0.17356 -0.15241
v 2.27841 -0.38042 -0.39233
v 2.32273 -0.38478 -0.49748
v 2.14918 -0.27751 -0.21666
v 2.21343 -0.34026 -0.28718
v 2.10412 -0.38478 -0.49748
v 2.14844 -0.38042 -0.39233
v 2.03987 -0.34507 -0.39352
v 2.27841 -0.38042 -0.60262
v 2.38698 -0.34507 -0.60143
v 2.03987 -0.34507 -0.60143
v 2.14844 -0.38042 -0.60262
v 2.27768 -0.27751 -0.77829
v 2.21343 -0.34026 -0.70777
v 2.14918 -0.27751 -0.77829
v 2.44854 -0.27528 -0.66761
v 2.49094 -0.28082 -0.56172
v 2.31738 -0.17356 -0.84254
v 2.38356 -0.23511 -0.77275
v 2.55849 -0.10396 -0.67103
v 2.48870 -0.17013 -0.73259
v 2.49424 -0.06425 -0.77499
v 2.55369 -0.21029 -0.49748
v 2.59820 -0.00000 -0.60678
v 2.59385 -0.10515 -0.56246
v 2.59385 -0.10515 -0.43249
v 2.59820 -0.00000 -0.38817
v 2.31857 -0.06498 -0.11705
v 2.42372 -0.00000 -0.15722
v 2.31857 0.06498 -0.11705
v 1.97831 -0.27528 -0.32735
v 2.04330 -0.23511 -0.22220
v 1.93815 -0.17013 -0.26236
v 2.04330 -0.23511 -0.77275
v 1.97831 -0.27528 -0.66761
v 1.93815 -0.17013 -0.73259
v 2.42372 -0.00000 -0.83774
v 2.31857 -0.06498 -0.87790
v 2.31857 0.06498 -0.87790
v 2.59385 0.10515 -0.43249
v 2.59385 0.10515 -0.56246
v 2.55369 0.21029 -0.49748
v 0.47369 2.44535 -0.49748
v 0.89428 2.44535 -0.49748
v 0.47369 1.76483 -0.49748
v 0.89428 1.76483 -0.49748
v 0.68399 1.89480 -0.15722
v 0.68399 2.31539 -0.15722
v 0.68399 1.89480 -0.83774
v 0.68399 2.31539 -0.83774
v 1.02425 2.10509 -0.70777
v 1.02425 2.10509 -0.28718
v 0.34373 2.10509 -0.70777
v 0.34373 2.10509 -0.28718
v 0.36038 2.30509 -0.37387
v 0.48399 2.22870 -0.17387
v 0.56038 2.42870 -0.29748
v 0.80759 2.42870 -0.29748
v 0.68399 2.50509 -0.49748
v 0.80759 2.42870 -0.69748
v 0.56038 2.42870 -0.69748
v 0.48399 2.22870 -0.82108
v 0.36038 2.30509 -0.62108
v 0.28399 2.10509 -0.49748
v 0.88399 2.22870 -0.17387
v 1.00759 2.30509 -0.37387
v 0.48399 1.98149 -0.17387
v 0.68399 2.10509 -0.09748
v 0.36038 1.90509 -0.62108
v 0.36038 1.90509 -0.37387
v 0.68399 2.10509 -0.89748
v 0.48399 1.98149 -0.82108
v 1.00759 2.30509 -0.62108
v 0.88399 2.22870 -0.82108
v 1.00759 1.90509 -0.37387
v 0.88399 1.98149 -0.17387
v 0.80759 1.78149 -0.29748
v 0.56038 1.78149 -0.29748
v 0.68399 1.70509 -0.49748
v 0.56038 1.78149 -0.69748
v 0.80759 1.78149 -0.69748
v 0.88399 1.98149 -0.82108
v 1.00759 1.90509 -0.62108
v 1.08399 2.10509 -0.49748
v 0.40647 2.38591 -0.43323
v 0.44887 2.38037 -0.32735
v 0.51043 2.45016 -0.39352
v 0.40317 2.16934 -0.21996
v 0.40871 2.27522 -0.26236
v 0.33892 2.20905 -0.32392
v 0.61974 2.38261 -0.21666
v 0.51386 2.34021 -0.22220
v 0.58003 2.27865 -0.15241
v 0.61900 2.48552 -0.39233
v 0.57468 2.48987 -0.49748
v 0.74824 2.38261 -0.21666
v 0.68399 2.44535 -0.28718
v 0.79329 2.48987 -0.49748
v 0.74897 2.48552 -0.39233
v 0.85754 2.45016 -0.39352
v 0.61900 2.48552 -0.60262
v 0.51043 2.45016 -0.60143
v 0.85754 2.45016 -0.60143
v 0.74897 2.48552 -0.60262
v 0.61974 2.38261 -0.77829
v 0.68399 2.44535 -0.70777
v 0.74824 2.38261 -0.77829
v 0.44887 2.38037 -0.66761
v 0.40647 2.38591 -0.56172
v 0.58003 2.27865 -0.84254
v 0.51386 2.34021 -0.77275
v 0.33892 2.20905 -0.67103
v 0.40871 2.27522 -0.73259
v 0.40317 2.16934 -0.77499
v 0.34373 2.31539 -0.49748
v 0.29921 2.10509 -0.60678
v 0.30356 2.21024 -0.56246
v 0.30356 2.21024 -0.43249
v 0.29921 2.10509 -0.38817
v 0.91910 2.38037 -0.32735
v 0.96150 2.38591 -0.43323
v 0.78794 2.27865 -0.15241
v 0.85412 2.34021 -0.22220
v 1.02905 2.20905 -0.32392
v 0.95926 2.27522 -0.26236
v 0.96480 2.16934 -0.21996
v 0.57884 2.17008 -0.11705
v 0.68399 2.21440 -0.11270
v 0.40317 2.04084 -0.21996
v 0.47369 2.10509 -0.15722
v 0.68399 1.99579 -0.11270
v 0.57884 2.04011 -0.11705
v 0.58003 1.93154 -0.15241
v 0.30356 1.99995 -0.43249
v 0.33892 2.00114 -0.32392
v 0.33892 2.00114 -0.67103
v 0.30356 1.99995 -0.56246
v 0.40647 1.82427 -0.43323
v 0.34373 1.89480 -0.49748
v 0.40647 1.82427 -0.56172
v 0.47369 2.10509 -0.83774
v 0.40317 2.04084 -0.77499
v 0.68399 2.21440 -0.88225
v 0.57884 2.17008 -0.87790
v 0.58003 1.93154 -0.84254
v 0.57884 2.04011 -0.87790
v 0.68399 1.99579 -0.88225
v 0.85412 2.34021 -0.77275
v 0.78794 2.27865 -0.84254
v 0.96150 2.38591 -0.56172
v 0.91910 2.38037 -0.66761
v 0.96480 2.16934 -0.77499
v 0.95926 2.27522 -0.73259
v 1.02905 2.20905 -0.67103
v 0.96150 1.82427 -0.43323
v 0.91910 1.82982 -0.32735
v 0.85754 1.76003 -0.39352
v 0.96480 2.04084 -0.21996
v 0.95926 1.93496 -0.26236
v 1.02905 2.00114 -0.32392
v 0.74824 1.82758 -0.21666
v 0.85412 1.86998 -0.22220
v 0.78794 1.93154 -0.15241
v 0.74897 1.72467 -0.39233
v 0.79329 1.72032 -0.49748
v 0.61974 1.82758 -0.21666
v 0.68399 1.76483 -0.28718
v 0.57468 1.72032 -0.49748
v 0.61900 1.72467 -0.39233
v 0.51043 1.76003 -0.39352
v 0.74897 1.72467 -0.60262
v 0.85754 1.76003 -0.60143
v 0.51043 1.76003 -0.60143
v 0.61900 1.72467 -0.60262
v 0.74824 1.82758 -0.77829
v 0.68399 1.76483 -0.70777
v 0.61974 1.82758 -0.77829
v 0.91910 1.82982 -0.66761
v 0.96150 1.82427 -0.56172
v 0.78794 1.93154 -0.84254
v 0.85412 1.86998 -0.77275
v 1.02905 2.00114 -0.67103
v 0.95926 1.93496 -0.73259
v 0.96480 2.04084 -0.77499
v 1.02425 1.89480 -0.49748
v 1.06876 2.10509 -0.60678
v 1.06441 1.99995 -0.56246
v 1.06441 1.99995 -0.43249
v 1.06876 2.10509 -0.38817
v 0.78913 2.04011 -0.11705
v 0.89428 2.10509 -0.15722
v 0.78913 2.17008 -0.11705
v 0.44887 1.82982 -0.32735
v 0.51386 1.86998 -0.22220
v 0.40871 1.93496 -0.26236
v 0.51386 1.86998 -0.77275
v 0.44887 1.82982 -0.66761
v 0.40871 1.93496 -0.73259
v 0.89428 2.10509 -0.83774
v 0.78913 2.04011 -0.87790
v 0.78913 2.17008 -0.87790
v 1.06441 2.21024 -0.43249
v 1.06441 2.21024 -0.56246
v 1.02425 2.31539 -0.49748
v -2.00099 1.64128 -0.49748
v -1.58041 1.64128 -0.49748
v -2.00099 0.96076 -0.49748
v -1.58041 0.96076 -0.49748
v -1.79070 1.09073 -0.15722
v -1.79070 1.51131 -0.15722
v -1.79070 1.09073 -0.83774
v -1.79070 1.51131 -0.83774
v -1.45044 1.30102 -0.70777
v -1.45044 1.30102 -0.28718
v -2.13096 1.30102 -0.70777
v -2.13096 1.30102 -0.28718
v -2.11431 1.50102 -0.37387
v -1.99070 1.42463 -0.17387
v -1.91431 1.62463 -0.29748
v -1.66709 1.62463 -0.29748
v -1.79070 1.70102 -0.49748
v -1.66709 1.62463 -0.69748
v -1.91431 1.62463 -0.69748
v -1.99070 1.42463 -0.82108
v -2.11431 1.50102 -0.62108
v -2.19070 1.30102 -0.49748
v -1.59070 1.42463 -0.17387
v -1.46709 1.50102 -0.37387
v -1.99070 1.17741 -0.17387
v -1.79070 1.30102 -0.09748
v -2.11431 1.10102 -0.62108
v -2.11431 1.10102 -0.37387
v -1.79070 1.30102 -0.89748
v -1.99070 1.17741 -0.82108
v -1.46709 1.50102 -0.62108
v -1.59070 1.42463 -0.82108
v -1.46709 1.10102 -0.37387
v -1.59070 1.17741 -0.17387
v -1.66709 0.97741 -0.29748
v -1.91431 0.97741 -0.29748
v -1.79070 0.90102 -0.49748
v -1.91431 0.97741 -0.69748
v -1.66709 0.97741 -0.69748
v -1.59070 1.17741 -0.82108
v -1.46709 1.10102 -0.62108
v -1.39070 1.30102 -0.49748
v -2.06821 1.58184 -0.43323
v -2.02581 1.57630 -0.32735
v -1.96425 1.64609 -0.39352
v -2.07152 1.36527 -0.21996
v -2.06598 1.47115 -0.26236
v -2.13577 1.40498 -0.32392
v -1.85495 1.57853 -0.21666
v -1.96083 1.53613 -0.22220
v -1.89466 1.47457 -0.15241
v -1.85568 1.68144 -0.39233
v -1.90001 1.68579 -0.49748
v -1.72645 1.57853 -0.21666
v -1.79070 1.64128 -0.28718
v -1.68139 1.68579 -0.49748
v -1.72572 1.68144 -0.39233
v -1.61714 1.64609 -0.39352
v -1.85568 1.68144 -0.60262
v -1.96425 1.64609 -0.60143
v -1.61714 1.64609 -0.60143
v -1.72572 1.68144 -0.60262
v -1.85495 1.57853 -0.77829
v -1.79070 1.64128 -0.70777
v -1.72645 1.57853 -0.77829
v -2.02581 1.57630 -0.66761
v -2.06821 1.58184 -0.56172
v -1.89466 1.47457 -0.84254
v -1.96083 1.53613 -0.77275
v -2.13577 1.40498 -0.67103
v -2.06598 1.47115 -0.73259
v -2.07152 1.36527 -0.77499
v -2.13096 1.51131 -0.49748
v -2.17547 1.30102 -0.60678
v -2.17112 1.40617 -0.56246
v -2.17112 1.40617 -0.43249
v -2.17547 1.30102 -0.38817
v -1.55559 1.57630 -0.32735
v -1.51319 1.58184 -0.43323
v -1.68674 1.47457 -0.15241
v -1.62057 1.53613 -0.22220
v -1.44563 1.40498 -0.32392
v -1.51542 1.47115 -0.26236
v -1.50988 1.36527 -0.21996
v -1.89585 1.36600 -0.11705
v -1.79070 1.41033 -0.11270
v -2.07152 1.23677 -0.21996
v -2.00099 1.30102 -0.15722
v -1.79070 1.19171 -0.11270
v -1.89585 1.23604 -0.11705
v -1.89466 1.12746 -0.15241
v -2.17112 1.19587 -0.43249
v -2.13577 1.19706 -0.32392
v -2.13577 1.19706 -0.67103
v -2.17112 1.19587 -0.56246
v -2.06821 1.02020 -0.43323
v -2.13096 1.09073 -0.49748
v -2.06821 1.02020 -0.56172
v -2.00099 1.30102 -0.83774
v -2.07152 1.23677 -0.77499
v -1.79070 1.41033 -0.88225
v -1.89585 1.36600 -0.87790
v -1.89466 1.12746 -0.84254
v -1.89585 1.23604 -0.87790
v -1.79070 1.19171 -0.88225
v -1.62057 1.53613 -0.77275
v -1.68674 1.47457 -0.84254
v -1.51319 1.58184 -0.56172
v -1.55559 1.57630 -0.66761
v -1.50988 1.36527 -0.77499
v -1.51542 1.47115 -0.73259
v -1.44563 1.40498 -0.67103
v -1.51319 1.02020 -0.43323
v -1.55559 1.02574 -0.32735
v -1.61714 0.95595 -0.39352
v -1.50988 1.23677 -0.21996
v -1.51542 1.13089 -0.26236
v -1.44563 1.19706 -0.32392
v -1.72645 1.02351 -0.21666
v -1.62057 1.06591 -0.22220
v -1.68674 1.12746 -0.15241
v -1.72572 0.92060 -0.39233
v -1.68139 0.91624 -0.49748
v -1.85495 1.02351 -0.21666
v -1.79070 0.96076 -0.28718
v -1.90001 0.91624 -0.49748
v -1.85568 0.92060 -0.39233
v -1.96425 0.95595 -0.39352
v -1.72572 0.92060 -0.60262
v -1.61714 0.95595 -0.60143
v -1.96425 0.95595 -0.60143
v -1.85568 0.92060 -0.60262
v -1.72645 1.02351 -0.77829
v -1.79070 0.96076 -0.70777
v -1.85495 1.02351 -0.77829
v -1.55559 1.02574 -0.66761
v -1.51319 1.02020 -0.56172
v -1.68674 1.12746 -0.84254
v -1.62057 1.06591 -0.77275
v -1.44563 1.19706 -0.67103
v -1.51542 1.13089 -0.73259
v -1.50988 1.23677 -0.77499
v -1.45044 1.09073 -0.49748
v -1.40592 1.30102 -0.60678
v -1.41028 1.19587 -0.56246
v -1.41028 1.19587 -0.43249
v -1.40592 1.30102 -0.38817
v -1.68555 1.23604 -0.11705
v -1.58041 1.30102 -0.15722
v -1.68555 1.36600 -0.11705
v -2.02581 1.02574 -0.32735
v -1.96083 1.06591 -0.22220
v -2.06598 1.13089 -0.26236
v -1.96083 1.06591 -0.77275
v -2.02581 1.02574 -0.66761
v -2.06598 1.13089 -0.73259
v -1.58041 1.30102 -0.83774
v -1.68555 1.23604 -0.87790
v -1.68555 1.36600 -0.87790
v -1.41028 1.40617 -0.43249
v -1.41028 1.40617 -0.56246
v -1.45044 1.51131 -0.49748
v -2.00099 -0.96076 -0.49748
v -1.58041 -0.96076 -0.49748
v -2.00099 -1.64128 -0.49748
v -1.58041 -1.64128 -0.49748
v -1.79070 -1.51131 -0.15722
v -1.79070 -1.09073 -0.15722
v -1.79070 -1.51131 -0.83774
v -1.79070 -1.09073 -0.83774
v -1.45044 -1.30102 -0.70777
v -1.45044 -1.30102 -0.28718
v -2.13096 -1.30102 -0.70777
v -2.13096 -1.30102 -0.28718
v -2.11431 -1.10102 -0.37387
v -1.99070 -1.17741 -0.17387
v -1.91431 -0.97741 -0.29748
v -1.66709 -0.97741 -0.29748
v -1.79070 -0.90102 -0.49748
v -1.66709 -0.97741 -0.69748
v -1.91431 -0.97741 -0.69748
v -1.99070 -1.17741 -0.82108
v -2.11431 -1.10102 -0.62108
v -2.19070 -1.30102 -0.49748
v -1.59070 -1.17741 -0.17387
v -1.46709 -1.10102 -0.37387
v -1.99070 -1.42463 -0.17387
v -1.79070 -1.30102 -0.09748
v -2.11431 -1.50102 -0.62108
v -2.11431 -1.50102 -0.37387
v -1.79070 -1.30102 -0.89748
v -1.99070 -1.42463 -0.82108
v -1.46709 -1.10102 -0.62108
v -1.59070 -1.17741 -0.82108
v -1.46709 -1.50102 -0.37387
v -1.59070 -1.42463 -0.17387
v -1.66709 -1.62463 -0.29748
v -1.91431 -1.62463 -0.29748
v -1.79070 -1.70102 -0.49748
v -1.91431 -1.62463 -0.69748
v -1.66709 -1.62463 -0.69748
v -1.59070 -1.42463 -0.82108
v -1.46709 -1.50102 -0.62108
v -1.39070 -1.30102 -0.49748
v -2.06821 -1.02020 -0.43323
v -2.02581 -1.02574 -0.32735
v -1.96425 -0.95595 -0.39352
v -2.07152 -1.23677 -0.21996
v -2.06598 -1.13089 -0.26236
v -2.13577 -1.19706 -0.32392
v -1.85495 -1.02351 -0.21666
v -1.96083 -1.06591 -0.22220
v -1.89466 -1.12746 -0.15241
v -1.85568 -0.92060 -0.39233
v -1.90001 -0.91624 -0.49748
v -1.72645 -1.02351 -0.21666
v -1.79070 -0.96076 -0.28718
v -1.68139 -0.91624 -0.49748
v -1.72572 -0.92060 -0.39233
v -1.61714 -0.95595 -0.39352
v -1.85568 -0.92060 -0.60262
v -1.96425 -0.95595 -0.60143
v -1.61714 -0.95595 -0.60143
v -1.72572 -0.92060 -0.60262
v -1.85495 -1.02351 -0.77829
v -1.79070 -0.96076 -0.70777
v -1.72645 -1.02351 -0.77829
v -2.02581 -1.02574 -0.66761
v -2.06821 -1.02020 -0.56172
v -1.89466 -1.12746 -0.84254
v -1.96083 -1.06591 -0.77275
v -2.13577 -1.19706 -0.67103
v -2.06598 -1.13089 -0.73259
v -2.07152 -1.23677 -0.77499
v -2.13096 -1.09073 -0.49748
v -2.17547 -1.30102 -0.60678
v -2.17112 -1.19587 -0.56246
v -2.17112 -1.19587 -0.43249
v -2.17547 -1.30102 -0.38817
v -1.55559 -1.02574 -0.32735
v -1.51319 -1.02020 -0.43323
v -1.68674 -1.12746 -0.15241
v -1.62057 -1.06591 -0.22220
v -1.44563 -1.19706 -0.32392
v -1.51542 -1.13089 -0.26236
v -1.50988 -1.23677 -0.21996
v -1.89585 -1.23604 -0.11705
v -1.79070 -1.19171 -0.11270
v -2.07152 -1.36527 -0.21996
v -2.00099 -1.30102 -0.15722
v -1.79070 -1.41033 -0.11270
v -1.89585 -1.36600 -0.11705
v -1.89466 -1.47457 -0.15241
v -2.17112 -1.40617 -0.43249
v -2.13577 -1.40498 -0.32392
v -2.13577 -1.40498 -0.67103
v -2.17112 -1.40617 -0.56246
v -2.06821 -1.58184 -0.43323
v -2.13096 -1.51131 -0.49748
v -2.06821 -1.58184 -0.56172
v -2.00099 -1.30102 -0.83774
v -2.07152 -1.36527 -0.77499
v -1.79070 -1.19171 -0.88225
v -1.89585 -1.23604 -0.87790
v -1.89466 -1.47457 -0.84254
v -1.89585 -1.36600 -0.87790
v -1.79070 -1.41033 -0.88225
v -1.62057 -1.06591 -0.77275
v -1.68674 -1.12746 -0.84254
v -1.51319 -1.02020 -0.56172
v -1.55559 -1.02574 -0.66761
v -1.50988 -1.23677 -0.77499
v -1.51542 -1.13089 -0.73259
v -1.44563 -1.19706 -0.67103
v -1.51319 -1.58184 -0.43323
v -1.55559 -1.57630 -0.32735
v -1.61714 -1.64609 -0.39352
v -1.50988 -1.36527 -0.21996
v -1.51542 -1.47115 -0.26236
v -1.44563 -1.40498 -0.32392
v -1.72645 -1.57853 -0.21666
v -1.62057 -1.53613 -0.22220
v -1.68674 -1.47457 -0.15241
v -1.72572 -1.68144 -0.39233
v -1.68139 -1.68579 -0.49748
v -1.85495 -1.57853 -0.21666
v -1.79070 -1.64128 -0.28718
v -1.90001 -1.68579 -0.49748
v -1.85568 -1.68144 -0.39233
v -1.96425 -1.64609 -0.39352
v -1.72572 -1.68144 -0.60262
v -1.61714 -1.64609 -0.60143
v -1.96425 -1.64609 -0.60143
v -1.85568 -1.68144 -0.60262
v -1.72645 -1.57853 -0.77829
v -1.79070 -1.64128 -0.70777
v -1.85495 -1.57853 -0.77829
v -1.55559 -1.57630 -0.66761
v -1.51319 -1.58184 -0.56172
v -1.68674 -1.47457 -0.84254
v -1.62057 -1.53613 -0.77275
v -1.44563 -1.40498 -0.67103
v -1.51542 -1.47115 -0.73259
v -1.50988 -1.36527 -0.77499
v -1.45044 -1.51131 -0.49748
v -1.40592 -1.30102 -0.60678
v -1.41028 -1.40617 -0.56246
v -1.41028 -1.40617 -0.43249
v -1.40592 -1.30102 -0.38817
v -1.68555 -1.36600 -0.11705
v -1.58041 -1.30102 -0.15722
v -1.68555 -1.23604 -0.11705
v -2.02581 -1.57630 -0.32735
v -1.96083 -1.53613 -0.22220
v -2.06598 -1.47115 -0.26236
v -1.96083 -1.53613 -0.77275
v -2.02581 -1.57630 -0.66761
v -2.06598 -1.47115 -0.73259
v -1.58041 -1.30102 -0.83774
v -1.68555 -1.36600 -0.87790
v -1.68555 -1.23604 -0.87790
v -1.41028 -1.19587 -0.43249
v -1.41028 -1.19587 -0.56246
v -1.45044 -1.09073 -0.49748
v 0.47369 -1.76483 -0.49748
v 0.89428 -1.76483 -0.49748
v 0.47369 -2.44535 -0.49748
v 0.89428 -2.44535 -0.49748
v 0.68399 -2.31539 -0.15722
v 0.68399 -1.89480 -0.15722
v 0.68399 -2.31539 -0.83774
v 0.68399 -1.89480 -0.83774
v 1.02425 -2.10509 -0.70777
v 1.02425 -2.10509 -0.28718
v 0.34373 -2.10509 -0.70777
v 0.34373 -2.10509 -0.28718
v 0.36038 -1.90509 -0.37387
v 0.48399 -1.98149 -0.17387
v 0.56038 -1.78149 -0.29748
v 0.80759 -1.78149 -0.29748
v 0.68399 -1.70509 -0.49748
v 0.80759 -1.78149 -0.69748
v 0.56038 -1.78149 -0.69748
v 0.48399 -1.98149 -0.82108
v 0.36038 -1.90509 -0.62108
v 0.28399 -2.10509 -0.49748
v 0.88399 -1.98149 -0.17387
v 1.00759 -1.90509 -0.37387
v 0.48399 -2.22870 -0.17387
v 0.68399 -2.10509 -0.09748
v 0.36038 -2.30509 -0.62108
v 0.36038 -2.30509 -0.37387
v 0.68399 -2.10509 -0.89748
v 0.48399 -2.22870 -0.82108
v 1.00759 -1.90509 -0.62108
v 0.88399 -1.98149 -0.82108
v 1.00759 -2.30509 -0.37387
v 0.88399 -2.22870 -0.17387
v 0.80759 -2.42870 -0.29748
v 0.56038 -2.42870 -0.29748
v 0.68399 -2.50509 -0.49748
v 0.56038 -2.42870 -0.69748
v 0.80759 -2.42870 -0.69748
v 0.88399 -2.22870 -0.82108
v 1.00759 -2.30509 -0.62108
v 1.08399 -2.10509 -0.49748
v 0.40647 -1.82427 -0.43323
v 0.44887 -1.82982 -0.32735
v 0.51043 -1.76003 -0.39352
v 0.40317 -2.04084 -0.21996
v 0.40871 -1.93496 -0.26236
v 0.33892 -2.00114 -0.32392
v 0.61974 -1.82758 -0.21666
v 0.51386 -1.86998 -0.22220
v 0.58003 -1.93154 -0.15241
v 0.61900 -1.72467 -0.39233
v 0.57468 -1.72032 -0.49748
v 0.74824 -1.82758 -0.21666
v 0.68399 -1.76483 -0.28718
v 0.79329 -1.72032 -0.49748
v 0.74897 -1.72467 -0.39233
v 0.85754 -1.76003 -0.39352
v 0.61900 -1.72467 -0.60262
v 0.51043 -1.76003 -0.60143
v 0.85754 -1.76003 -0.60143
v 0.74897 -1.72467 -0.60262
v 0.61974 -1.82758 -0.77829
v 0.68399 -1.76483 -0.70777
v 0.74824 -1.82758 -0.77829
v 0.44887 -1.82982 -0.66761
v 0.40647 -1.82427 -0.56172
v 0.58003 -1.93154 -0.84254
v 0.51386 -1.86998 -0.77275
v 0.33892 -2.00114 -0.67103
v 0.40871 -1.93496 -0.73259
v 0.40317 -2.04084 -0.77499
v 0.34373 -1.89480 -0.49748
v 0.29921 -2.10509 -0.60678
v 0.30356 -1.99995 -0.56246
v 0.30356 -1.99995 -0.43249
v 0.29921 -2.10509 -0.38817
v 0.91910 -1.82982 -0.32735
v 0.96150 -1.82427 -0.43323
v 0.78794 -1.93154 -0.15241
v 0.85412 -1.86998 -0.22220
v 1.02905 -2.00114 -0.32392
v 0.95926 -1.93496 -0.26236
v 0.96480 -2.04084 -0.21996
v 0.57884 -2.04011 -0.11705
v 0.68399 -1.99579 -0.11270
v 0.40317 -2.16934 -0.21996
v 0.47369 -2.10509 -0.15722
v 0.68399 -2.21440 -0.11270
v 0.57884 -2.17008 -0.11705
v 0.58003 -2.27865 -0.15241
v 0.30356 -2.21024 -0.43249
v 0.33892 -2.20905 -0.32392
v 0.33892 -2.20905 -0.67103
v 0.30356 -2.21024 -0.56246
v 0.40647 -2.38591 -0.43323
v 0.34373 -2.31539 -0.49748
v 0.40647 -2.38591 -0.56172
v 0.47369 -2.10509 -0.83774
v 0.40317 -2.16934 -0.77499
v 0.68399 -1.99579 -0.88225
v 0.57884 -2.04011 -0.87790
v 0.58003 -2.27865 -0.84254
v 0.57884 -2.17008 -0.87790
v 0.68399 -2.21440 -0.88225
v 0.85412 -1.86998 -0.77275
v 0.78794 -1.93154 -0.84254
v 0.96150 -1.82427 -0.56172
v 0.91910 -1.82982 -0.66761
v 0.96480 -2.04084 -0.77499
v 0.95926 -1.93496 -0.73259
v 1.02905 -2.00114 -0.67103
v 0.96150 -2.38591 -0.43323
v 0.91910 -2.38037 -0.32735
v 0.85754 -2.45016 -0.39352
v 0.96480 -2.16934 -0.21996
v 0.95926 -2.27522 -0.26236
v 1.02905 -2.20905 -0.32392
v 0.74824 -2.38261 -0.21666
v 0.85412 -2.34021 -0.22220
v 0.78794 -2.27865 -0.15241
v 0.74897 -2.48552 -0.39233
v 0.79329 -2.48987 -0.49748
v 0.61974 -2.38261 -0.21666
v 0.68399 -2.44535 -0.28718
v 0.57468 -2.48987 -0.49748
v 0.61900 -2.48552 -0.39233
v 0.51043 -2.45016 -0.39352
v 0.74897 -2.48552 -0.60262
v 0.85754 -2.45016 -0.60143
v 0.51043 -2.45016 -0.60143
v 0.61900 -2.48552 -0.60262
v 0.74824 -2.38261 -0.77829
v 0.68399 -2.44535 -0.70777
v 0.61974 -2.38261 -0.77829
v 0.91910 -2.38037 -0.66761
v 0.96150 -2.38591 -0.56172
v 0.78794 -2.27865 -0.84254
v 0.85412 -2.34021 -0.77275
v 1.02905 -2.20905 -0.67103
v 0.95926 -2.27522 -0.73259
v 0.96480 -2.16934 -0.77499
v 1.02425 -2.31539 -0.49748
v 1.06876 -2.10509 -0.60678
v 1.06441 -2.21024 -0.56246
v 1.06441 -2.21024 -0.43249
v 1.06876 -2.10509 -0.38817
v 0.78913 -2.17008 -0.11705
v 0.89428 -2.10509 -0.15722
v 0.78913 -2.04011 -0.11705
v 0.44887 -2.38037 -0.32735
v 0.51386 -2.34021 -0.22220
v 0.40871 -2.27522 -0.26236
v 0.51386 -2.34021 -0.77275
v 0.44887 -2.38037 -0.66761
v 0.40871 -2.27522 -0.73259
v 0.89428 -2.10509 -0.83774
v 0.78913 -2.17008 -0.87790
v 0.78913 -2.04011 -0.87790
v 1.06441 -1.99995 -0.43249
v 1.06441 -1.99995 -0.56246
v 1.02425 -1.89480 -0.49748
v 1.08836 0.34026 -1.13860
v 1.50894 0.34026 -1.13860
v 1.08836 -0.34026 -1.13860
v 1.50894 -0.34026 -1.13860
v 1.29865 -0.21029 -0.79834
v 1.29865 0.21029 -0.79834
v 1.29865 -0.21029 -1.47886
v 1.29865 0.21029 -1.47886
v 1.63891 -0.00000 -1.34889
v 1.63891 -0.00000 -0.92831
v 0.95839 -0.00000 -1.34889
v 0.95839 -0.00000 -0.92831
v 0.97504 0.20000 -1.01499
v 1.09865 0.12361 -0.81499
v 1.17504 0.32361 -0.93860
v 1.42226 0.32361 -0.93860
v 1.29865 0.40000 -1.13860
v 1.42226 0.32361 -1.33860
v 1.17504 0.32361 -1.33860
v 1.09865 0.12361 -1.46220
v 0.97504 0.20000 -1.26220
v 0.89865 -0.00000 -1.13860
v 1.49865 0.12361 -0.81499
v 1.62226 0.20000 -1.01499
v 1.09865 -0.12361 -0.81499
v 1.29865 -0.00000 -0.73860
v 0.97504 -0.20000 -1.26220
v 0.97504 -0.20000 -1.01499
v 1.29865 -0.00000 -1.53860
v 1.09865 -0.12361 -1.46220
v 1.62226 0.20000 -1.26220
v 1.49865 0.12361 -1.46220
v 1.62226 -0.20000 -1.01499
v 1.49865 -0.12361 -0.81499
v 1.42226 -0.32361 -0.93860
v 1.17504 -0.32361 -0.93860
v 1.29865 -0.40000 -1.13860
v 1.17504 -0.32361 -1.33860
v 1.42226 -0.32361 -1.33860
v 1.49865 -0.12361 -1.46220
v 1.62226 -0.20000 -1.26220
v 1.69865 -0.00000 -1.13860
v 1.02114 0.28082 -1.07435
v 1.06354 0.27528 -0.96847
v 1.12510 0.34507 -1.03464
v 1.01783 0.06425 -0.86109
v 1.02338 0.17013 -0.90348
v 0.95358 0.10396 -0.96504
v 1.23440 0.27751 -0.85778
v 1.12852 0.23511 -0.86332
v 1.19469 0.17356 -0.79353
v 1.23367 0.38042 -1.03345
v 1.18934 0.38478 -1.13860
v 1.36290 0.27751 -0.85778
v 1.29865 0.34026 -0.92831
v 1.40796 0.38478 -1.13860
v 1.36364 0.38042 -1.03345
v 1.47221 0.34507 -1.03464
v 1.23367 0.38042 -1.24374
v 1.12510 0.34507 -1.24255
v 1.47221 0.34507 -1.24255
v 1.36364 0.38042 -1.24374
v 1.23440 0.27751 -1.41942
v 1.29865 0.34026 -1.34889
v 1.36290 0.27751 -1.41942
v 1.06354 0.27528 -1.30873
v 1.02114 0.28082 -1.20285
v 1.19469 0.17356 -1.48367
v 1.12852 0.23511 -1.41387
v 0.95358 0.10396 -1.31215
v 1.02338 0.17013 -1.37371
v 1.01783 0.06425 -1.41611
v 0.95839 0.21029 -1.13860
v 0.91388 -0.00000 -1.24790
v 0.91823 0.10515 -1.20358
v 0.91823 0.10515 -1.07361
v 0.91388 -0.00000 -1.02929
v 1.53377 0.27528 -0.96847
v 1.57616 0.28082 -1.07435
v 1.40261 0.17356 -0.79353
v 1.46878 0.23511 -0.86332
v 1.64372 0.10396 -0.96504
v 1.57393 0.17013 -0.90348
v 1.57947 0.06425 -0.86109
v 1.19351 0.06498 -0.75818
v 1.29865 0.10931 -0.75382
v 1.01783 -0.06425 -0.86109
v 1.08836 -0.00000 -0.79834
v 1.29865 -0.10931 -0.75382
v 1.19351 -0.06498 -0.75818
v 1.19469 -0.17356 -0.79353
v 0.91823 -0.10515 -1.07361
v 0.95358 -0.10396 -0.96504
v 0.95358 -0.10396 -1.31215
v 0.91823 -0.10515 -1.20358
v 1.02114 -0.28082 -1.07435
v 0.95839 -0.21029 -1.13860
v 1.02114 -0.28082 -1.20285
v 1.08836 -0.00000 -1.47886
v 1.01783 -0.06425 -1.41611
v 1.29865 0.10931 -1.52337
v 1.19351 0.06498 -1.51902
v 1.19469 -0.17356 -1.48367
v 1.19351 -0.06498 -1.51902
v 1.29865 -0.10931 -1.52337
v 1.46878 0.23511 -1.41387
v 1.40261 0.17356 -1.48367
v 1.57616 0.28082 -1.20285
v 1.53377 0.27528 -1.30873
v 1.57947 0.06425 -1.41611
v 1.57393 0.17013 -1.37371
v 1.64372 0.10396 -1.31215
v 1.57616 -0.28082 -1.07435
v 1.53377 -0.27528 -0.96847
v 1.47221 -0.34507 -1.03464
v 1.57947 -0.06425 -0.86109
v 1.57393 -0.17013 -0.90348
v 1.64372 -0.10396 -0.96504
v 1.36290 -0.27751 -0.85778
v 1.46878 -0.23511 -0.86332
v 1.40261 -0.17356 -0.79353
v 1.36364 -0.38042 -1.03345
v 1.40796 -0.38478 -1.13860
v 1.23440 -0.27751 -0.85778
v 1.29865 -0.34026 -0.92831
v 1.18934 -0.38478 -1.13860
v 1.23367 -0.38042 -1.03345
v 1.12510 -0.34507 -1.03464
v 1.36364 -0.38042 -1.24374
v 1.47221 -0.34507 -1.24255
v 1.12510 -0.34507 -1.24255
v 1.23367 -0.38042 -1.24374
v 1.36290 -0.27751 -1.41942
v 1.29865 -0.34026 -1.34889
v 1.23440 -0.27751 -1.41942
v 1.53377 -0.27528 -1.30873
v 1.57616 -0.28082 -1.20285
v 1.40261 -0.17356 -1.48367
v 1.46878 -0.23511 -1.41387
v 1.64372 -0.10396 -1.31215
v 1.57393 -0.17013 -1.37371
v 1.57947 -0.06425 -1.41611
v 1.63891 -0.21029 -1.13860
v 1.68343 -0.00000 -1.24790
v 1.67907 -0.10515 -1.20358
v 1.67907 -0.10515 -1.07361
v 1.68343 -0.00000 -1.02929
v 1.40380 -0.06498 -0.75818
v 1.50894 -0.00000 -0.79834
v 1.40380 0.06498 -0.75818
v 1.06354 -0.27528 -0.96847
v 1.12852 -0.23511 -0.86332
v 1.02338 -0.17013 -0.90348
v 1.12852 -0.23511 -1.41387
v 1.06354 -0.27528 -1.30873
v 1.02338 -0.17013 -1.37371
v 1.50894 -0.00000 -1.47886
v 1.40380 -0.06498 -1.51902
v 1.40380 0.06498 -1.51902
v 1.67907 0.10515 -1.07361
v 1.67907 0.10515 -1.20358
v 1.63891 0.21029 -1.13860
v 0.19101 1.57535 -1.13860
v 0.61160 1.57535 -1.13860
v 0.19101 0.89483 -1.13860
v 0.61160 0.89483 -1.13860
v 0.40131 1.02480 -0.79834
v 0.40131 1.44538 -0.79834
v 0.40131 1.02480 -1.47886
v 0.40131 1.44538 -1.47886
v 0.74157 1.23509 -1.34889
v 0.74157 1.23509 -0.92831
v 0.06105 1.23509 -1.34889
v 0.06105 1.23509 -0.92831
v 0.07770 1.43509 -1.01499
v 0.20131 1.35870 -0.81499
v 0.27770 1.55870 -0.93860
v 0.52491 1.55870 -0.93860
v 0.40131 1.63509 -1.13860
v 0.52491 1.55870 -1.33860
v 0.27770 1.55870 -1.33860
v 0.20131 1.35870 -1.46220
v 0.07770 1.43509 -1.26220
v 0.00131 1.23509 -1.13860
v 0.60131 1.35870 -0.81499
v 0.72491 1.43509 -1.01499
v 0.20131 1.11148 -0.81499
v 0.40131 1.23509 -0.73860
v 0.07770 1.03509 -1.26220
v 0.07770 1.03509 -1.01499
v 0.40131 1.23509 -1.53860
v 0.20131 1.11148 -1.46220
v 0.72491 1.43509 -1.26220
v 0.60131 1.35870 -1.46220
v 0.72491 1.03509 -1.01499
v 0.60131 1.11148 -0.81499
v 0.52491 0.91148 -0.93860
v 0.27770 0.91148 -0.93860
v 0.40131 0.83509 -1.13860
v 0.27770 0.91148 -1.33860
v 0.52491 0.91148 -1.33860
v 0.60131 1.11148 -1.46220
v 0.72491 1.03509 -1.26220
v 0.80131 1.23509 -1.13860
v 0.12379 1.51591 -1.07435
v 0.16619 1.51037 -0.96847
v 0.22775 1.58016 -1.03464
v 0.12049 1.29934 -0.86109
v 0.12603 1.40522 -0.90348
v 0.05624 1.33905 -0.96504
v 0.33706 1.51260 -0.85778
v 0.23118 1.47021 -0.86332
v 0.29735 1.40865 -0.79353
v 0.33632 1.61551 -1.03345
v 0.29200 1.61987 -1.13860
v 0.46555 1.51260 -0.85778
v 0.40131 1.57535 -0.92831
v 0.51061 1.61987 -1.13860
v 0.46629 1.61551 -1.03345
v 0.57486 1.58016 -1.03464
v 0.33632 1.61551 -1.24374
v 0.22775 1.58016 -1.24255
v 0.57486 1.58016 -1.24255
v 0.46629 1.61551 -1.24374
v 0.33706 1.51260 -1.41942
v 0.40131 1.57535 -1.34889
v 0.46555 1.51260 -1.41942
v 0.16619 1.51037 -1.30873
v 0.12379 1.51591 -1.20285
v 0.29735 1.40865 -1.48367
v 0.23118 1.47021 -1.41387
v 0.05624 1.33905 -1.31215
v 0.12603 1.40522 -1.37371
v 0.12049 1.29934 -1.41611
v 0.06105 1.44538 -1.13860
v 0.01653 1.23509 -1.24790
v 0.02088 1.34024 -1.20358
v 0.02088 1.34024 -1.07361
v 0.01653 1.23509 -1.02929
v 0.63642 1.51037 -0.96847
v 0.67882 1.51591 -1.07435
v 0.50526 1.40865 -0.79353
v 0.57144 1.47021 -0.86332
v 0.74637 1.33905 -0.96504
v 0.67658 1.40522 -0.90348
v 0.68212 1.29934 -0.86109
v 0.29616 1.30007 -0.75818
v 0.40131 1.34440 -0.75382
v 0.12049 1.17084 -0.86109
v 0.19101 1.23509 -0.79834
v 0.40131 1.12578 -0.75382
v 0.29616 1.17011 -0.75818
v 0.29735 1.06154 -0.79353
v 0.02088 1.12994 -1.07361
v 0.05624 1.13113 -0.96504
v 0.05624 1.13113 -1.31215
v 0.02088 1.12994 -1.20358
v 0.12379 0.95427 -1.07435
v 0.06105 1.02480 -1.13860
v 0.12379 0.95427 -1.20285
v 0.19101 1.23509 -1.47886
v 0.12049 1.17084 -1.41611
v 0.40131 1.34440 -1.52337
v 0.29616 1.30007 -1.51902
v 0.29735 1.06154 -1.48367
v 0.29616 1.17011 -1.51902
v 0.40131 1.12578 -1.52337
v 0.57144 1.47021 -1.41387
v 0.50526 1.40865 -1.48367
v 0.67882 1.51591 -1.20285
v 0.63642 1.51037 -1.30873
v 0.68212 1.29934 -1.41611
v 0.67658 1.40522 -1.37371
v 0.74637 1.33905 -1.31215
v 0.67882 0.95427 -1.07435
v 0.63642 0.95981 -0.96847
v 0.57486 0.89002 -1.03464
v 0.68212 1.17084 -0.86109
v 0.67658 1.06496 -0.90348
v 0.74637 1.13113 -0.96504
v 0.46555 0.95758 -0.85778
v 0.57144 0.99998 -0.86332
v 0.50526 1.06154 -0.79353
v 0.46629 0.85467 -1.03345
v 0.51061 0.85032 -1.13860
v 0.33706 0.95758 -0.85778
v 0.40131 0.89483 -0.92831
v 0.29200 0.85032 -1.13860
v 0.33632 0.85467 -1.03345
v 0.22775 0.89002 -1.03464
v 0.46629 0.85467 -1.24374
v 0.57486 0.89002 -1.24255
v 0.22775 0.89002 -1.24255
v 0.33632 0.85467 -1.24374
v 0.46555 0.95758 -1.41942
v 0.40131 0.89483 -1.34889
v 0.33706 0.95758 -1.41942
v 0.63642 0.95981 -1.30873
v 0.67882 0.95427 -1.20285
v 0.50526 1.06154 -1.48367
v 0.57144 0.99998 -1.41387
v 0.74637 1.13113 -1.31215
v 0.67658 1.06496 -1.37371
v 0.68212 1.17084 -1.41611
v 0.74157 1.02480 -1.13860
v 0.78608 1.23509 -1.24790
v 0.78173 1.12994 -1.20358
v 0.78173 1.12994 -1.07361
v 0.78608 1.23509 -1.02929
v 0.50645 1.17011 -0.75818
v 0.61160 1.23509 -0.79834
v 0.50645 1.30007 -0.75818
v 0.16619 0.95981 -0.96847
v 0.23118 0.99998 -0.86332
v 0.12603 1.06496 -0.90348
v 0.23118 0.99998 -1.41387
v 0.16619 0.95981 -1.30873
v 0.12603 1.06496 -1.37371
v 0.61160 1.23509 -1.47886
v 0.50645 1.17011 -1.51902
v 0.50645 1.30007 -1.51902
v 0.78173 1.34024 -1.07361
v 0.78173 1.34024 -1.20358
v 0.74157 1.44538 -1.13860
v -1.26092 1.10359 -1.13860
v -0.84034 1.10359 -1.13860
v -1.26092 0.42307 -1.13860
v -0.84034 0.42307 -1.13860
v -1.05063 0.55304 -0.79834
v -1.05063 0.97362 -0.79834
v -1.05063 0.55304 -1.47886
v -1.05063 0.97362 -1.47886
v -0.71037 0.76333 -1.34889
v -0.71037 0.76333 -0.92831
v -1.39089 0.76333 -1.34889
v -1.39089 0.76333 -0.92831
v -1.37424 0.96333 -1.01499
v -1.25063 0.88693 -0.81499
v -1.17424 1.08693 -0.93860
v -0.92702 1.08693 -0.93860
v -1.05063 1.16333 -1.13860
v -0.92702 1.08693 -1.33860
v -1.17424 1.08693 -1.33860
v -1.25063 0.88693 -1.46220
v -1.37424 0.96333 -1.26220
v -1.45063 0.76333 -1.13860
v -0.85063 0.88693 -0.81499
v -0.72702 0.96333 -1.01499
v -1.25063 0.63972 -0.81499
v -1.05063 0.76333 -0.73860
v -1.37424 0.56333 -1.26220
v -1.37424 0.56333 -1.01499
v -1.05063 0.76333 -1.53860
v -1.25063 0.63972 -1.46220
v -0.72702 0.96333 -1.26220
v -0.85063 0.88693 -1.46220
v -0.72702 0.56333 -1.01499
v -0.85063 0.63972 -0.81499
v -0.92702 0.43972 -0.93860
v -1.17424 0.43972 -0.93860
v -1.05063 0.36333 -1.13860
v -1.17424 0.43972 -1.33860
v -0.92702 0.43972 -1.33860
v -0.85063 0.63972 -1.46220
v -0.72702 0.56333 -1.26220
v -0.65063 0.76333 -1.13860
v -1.32814 1.04415 -1.07435
v -1.28575 1.03860 -0.96847
v -1.22419 1.10840 -1.03464
v -1.33145 0.82758 -0.86109
v -1.32591 0.93346 -0.90348
v -1.39570 0.86728 -0.96504
v -1.11488 1.04084 -0.85778
v -1.22076 0.99844 -0.86332
v -1.15459 0.93688 -0.79353
v -1.11562 1.14375 -1.03345
v -1.15994 1.14810 -1.13860
v -0.98638 1.04084 -0.85778
v -1.05063 1.10359 -0.92831
v -0.94132 1.14810 -1.13860
v -0.98565 1.14375 -1.03345
v -0.87708 1.10840 -1.03464
v -1.11562 1.14375 -1.24374
v -1.22419 1.10840 -1.24255
v -0.87708 1.10840 -1.24255
v -0.98565 1.14375 -1.24374
v -1.11488 1.04084 -1.41942
v -1.05063 1.10359 -1.34889
v -0.98638 1.04084 -1.41942
v -1.28575 1.03860 -1.30873
v -1.32814 1.04415 -1.20285
v -1.15459 0.93688 -1.48367
v -1.22076 0.99844 -1.41387
v -1.39570 0.86728 -1.31215
v -1.32591 0.93346 -1.37371
v -1.33145 0.82758 -1.41611
v -1.39089 0.97362 -1.13860
v -1.43541 0.76333 -1.24790
v -1.43105 0.86847 -1.20358
v -1.43105 0.86847 -1.07361
v -1.43541 0.76333 -1.02929
v -0.81552 1.03860 -0.96847
v -0.77312 1.04415 -1.07435
v -0.94667 0.93688 -0.79353
v -0.88050 0.99844 -0.86332
v -0.70556 0.86728 -0.96504
v -0.77535 0.93346 -0.90348
v -0.76981 0.82758 -0.86109
v -1.15578 0.82831 -0.75818
v -1.05063 0.87263 -0.75382
v -1.33145 0.69908 -0.86109
v -1.26092 0.76333 -0.79834
v -1.05063 0.65402 -0.75382
v -1.15578 0.69834 -0.75818
v -1.15459 0.58977 -0.79353
v -1.43105 0.65818 -1.07361
v -1.39570 0.65937 -0.96504
v -1.39570 0.65937 -1.31215
v -1.43105 0.65818 -1.20358
v -1.32814 0.48251 -1.07435
v -1.39089 0.55304 -1.13860
v -1.32814 0.48251 -1.20285
v -1.26092 0.76333 -1.47886
v -1.33145 0.69908 -1.41611
v -1.05063 0.87263 -1.52337
v -1.15578 0.82831 -1.51902
v -1.15459 0.58977 -1.48367
v -1.15578 0.69834 -1.51902
v -1.05063 0.65402 -1.52337
v -0.88050 0.99844 -1.41387
v -0.94667 0.93688 -1.48367
v -0.77312 1.04415 -1.20285
v -0.81552 1.03860 -1.30873
v -0.76981 0.82758 -1.41611
v -0.77535 0.93346 -1.37371
v -0.70556 0.86728 -1.31215
v -0.77312 0.48251 -1.07435
v -0.81552 0.48805 -0.96847
v -0.87708 0.41826 -1.03464
v -0.76981 0.69908 -0.86109
v -0.77535 0.59320 -0.90348
v -0.70556 0.65937 -0.96504
v -0.98638 0.48582 -0.85778
v -0.88050 0.52821 -0.86332
v -0.94667 0.58977 -0.79353
v -0.98565 0.38291 -1.03345
v -0.94132 0.37855 -1.13860
v -1.11488 0.48582 -0.85778
v -1.05063 0.42307 -0.92831
v -1.15994 0.37855 -1.13860
v -1.11562 0.38291 -1.03345
v -1.22419 0.41826 -1.03464
v -0.98565 0.38291 -1.24374
v -0.87708 0.41826 -1.24255
v -1.22419 0.41826 -1.24255
v -1.11562 0.38291 -1.24374
v -0.98638 0.48582 -1.41942
v -1.05063 0.42307 -1.34889
v -1.11488 0.48582 -1.41942
v -0.81552 0.48805 -1.30873
v -0.77312 0.48251 -1.20285
v -0.94667 0.58977 -1.48367
v -0.88050 0.52821 -1.41387
v -0.70556 0.65937 -1.31215
v -0.77535 0.59320 -1.37371
v -0.76981 0.69908 -1.41611
v -0.71037 0.55304 -1.13860
v -0.66586 0.76333 -1.24790
v -0.67021 0.65818 -1.20358
v -0.67021 0.65818 -1.07361
v -0.66586 0.76333 -1.02929
v -0.94548 0.69834 -0.75818
v -0.84034 0.76333 -0.79834
v -0.94548 0.82831 -0.75818
v -1.28575 0.48805 -0.96847
v -1.22076 0.52821 -0.86332
v -1.32591 0.59320 -0.90348
v -1.22076 0.52821 -1.41387
v -1.28575 0.48805 -1.30873
v -1.32591 0.59320 -1.37371
v -0.84034 0.76333 -1.47886
v -0.94548 0.69834 -1.51902
v -0.94548 0.82831 -1.51902
v -0.67021 0.86847 -1.07361
v -0.67021 0.86847 -1.20358
v -0.71037 0.97362 -1.13860
v -1.26092 -0.42307 -1.13860
v -0.84034 -0.42307 -1.13860
v -1.26092 -1.10359 -1.13860
v -0.84034 -1.10359 -1.13860
v -1.05063 -0.97362 -0.79834
v -1.05063 -0.55304 -0.79834
v -1.05063 -0.97362 -1.47886
v -1.05063 -0.55304 -1.47886
v -0.71037 -0.76333 -1.34889
v -0.71037 -0.76333 -0.92831
v -1.39089 -0.76333 -1.34889
v -1.39089 -0.76333 -0.92831
v -1.37424 -0.56333 -1.01499
v -1.25063 -0.63972 -0.81499
v -1.17424 -0.43972 -0.93860
v -0.92702 -0.43972 -0.93860
v -1.05063 -0.36333 -1.13860
v -0.92702 -0.43972 -1.33860
v -1.17424 -0.43972 -1.33860
v -1.25063 -0.63972 -1.46220
v -1.37424 -0.56333 -1.26220
v -1.45063 -0.76333 -1.13860
v -0.85063 -0.63972 -0.81499
v -0.72702 -0.56333 -1.01499
v -1.25063 -0.88693 -0.81499
v -1.05063 -0.76333 -0.73860
v -1.37424 -0.96333 -1.26220
v -1.37424 -0.96333 -1.01499
v -1.05063 -0.76333 -1.53860
v -1.25063 -0.88693 -1.46220
v -0.72702 -0.56333 -1.26220
v -0.85063 -0.63972 -1.46220
v -0.72702 -0.96333 -1.01499
v -0.85063 -0.88693 -0.81499
v -0.92702 -1.08693 -0.93860
v -1.17424 -1.08693 -0.93860
v -1.05063 -1.16333 -1.13860
v -1.17424 -1.08693 -1.33860
v -0.92702 -1.08693 -1.33860
v -0.85063 -0.88693 -1.46220
v -0.72702 -0.96333 -1.26220
v -0.65063 -0.76333 -1.13860
v -1.32814 -0.48251 -1.07435
v -1.28575 -0.48805 -0.96847
v -1.22419 -0.41826 -1.03464
v -1.33145 -0.69908 -0.86109
v -1.32591 -0.59320 -0.90348
v -1.39570 -0.65937 -0.96504
v -1.11488 -0.48582 -0.85778
v -1.22076 -0.52821 -0.86332
v -1.15459 -0.58977 -0.79353
v -1.11562 -0.38291 -1.03345
v -1.15994 -0.37855 -1.13860
v -0.98638 -0.48582 -0.85778
v -1.05063 -0.42307 -0.92831
v -0.94132 -0.37855 -1.13860
v -0.98565 -0.38291 -1.03345
v -0.87708 -0.41826 -1.03464
v -1.11562 -0.38291 -1.24374
v -1.22419 -0.41826 -1.24255
v -0.87708 -0.41826 -1.24255
v -0.98565 -0.38291 -1.24374
v -1.11488 -0.48582 -1.41942
v -1.05063 -0.42307 -1.34889
v -0.98638 -0.48582 -1.41942
v -1.28575 -0.48805 -1.30873
v -1.32814 -0.48251 -1.20285
v -1.15459 -0.58977 -1.48367
v -1.22076 -0.52821 -1.41387
v -1.39570 -0.65937 -1.31215
v -1.32591 -0.59320 -1.37371
v -1.33145 -0.69908 -1.41611
v -1.39089 -0.55304 -1.13860
v -1.43541 -0.76333 -1.24790
v -1.43105 -0.65818 -1.20358
v -1.43105 -0.65818 -1.07361
v -1.43541 -0.76333 -1.02929
v -0.81552 -0.48805 -0.96847
v -0.77312 -0.48251 -1.07435
v -0.94667 -0.58977 -0.79353
v -0.88050 -0.52821 -0.86332
v -0.70556 -0.65937 -0.96504
v -0.77535 -0.59320 -0.90348
v -0.76981 -0.69908 -0.86109
v -1.15578 -0.69834 -0.75818
v -1.05063 -0.65402 -0.75382
v -1.33145 -0.82758 -0.86109
v -1.26092 -0.76333 -0.79834
v -1.05063 -0.87263 -0.75382
v -1.15578 -0.82831 -0.75818
v -1.15459 -0.93688 -0.79353
v -1.43105 -0.86847 -1.07361
v -1.39570 -0.86728 -0.96504
v -1.39570 -0.86728 -1.31215
v -1.43105 -0.86847 -1.20358
v -1.32814 -1.04415 -1.07435
v -1.39089 -0.97362 -1.13860
v -1.32814 -1.04415 -1.20285
v -1.26092 -0.76333 -1.47886
v -1.33145 -0.82758 -1.41611
v -1.05063 -0.65402 -1.52337
v -1.15578 -0.69834 -1.51902
v -1.15459 -0.93688 -1.48367
v -1.15578 -0.82831 -1.51902
v -1.05063 -0.87263 -1.52337
v -0.88050 -0.52821 -1.41387
v -0.94667 -0.58977 -1.48367
v -0.77312 -0.48251 -1.20285
v -0.81552 -0.48805 -1.30873
v -0.76981 -0.69908 -1.41611
v -0.77535 -0.59320 -1.37371
v -0.70556 -0.65937 -1.31215
v -0.77312 -1.04415 -1.07435
v -0.81552 -1.03860 -0.96847
v -0.87708 -1.10840 -1.03464
v -0.76981 -0.82758 -0.86109
v -0.77535 -0.93346 -0.90348
v -0.70556 -0.86728 -0.96504
v -0.98638 -1.04084 -0.85778
v -0.88050 -0.99844 -0.86332
v -0.94667 -0.93688 -0.79353
v -0.98565 -1.14375 -1.03345
v -0.94132 -1.14810 -1.13860
v -1.11488 -1.04084 -0.85778
v -1.05063 -1.10359 -0.92831
v -1.15994 -1.14810 -1.13860
v -1.11562 -1.14375 -1.03345
v -1.22419 -1.10840 -1.03464
v -0.98565 -1.14375 -1.24374
v -0.87708 -1.10840 -1.24255
v -1.22419 -1.10840 -1.24255
v -1.11562 -1.14375 -1.24374
v -0.98638 -1.04084 -1.41942
v -1.05063 -1.10359 -1.34889
v -1.11488 -1.04084 -1.41942
v -0.81552 -1.03860 -1.30873
v -0.77312 -1.04415 -1.20285
v -0.94667 -0.93688 -1.48367
v -0.88050 -0.99844 -1.41387
v -0.70556 -0.86728 -1.31215
v -0.77535 -0.93346 -1.37371
v -0.76981 -0.82758 -1.41611
v -0.71037 -0.97362 -1.13860
v -0.66586 -0.76333 -1.24790
v -0.67021 -0.86847 -1.20358
v -0.67021 -0.86847 -1.07361
v -0.66586 -0.76333 -1.02929
v -0.94548 -0.82831 -0.75818
v -0.84034 -0.76333 -0.79834
v -0.94548 -0.69834 -0.75818
v -1.28575 -1.03860 -0.96847
v -1.22076 -0.99844 -0.86332
v -1.32591 -0.93346 -0.90348
v -1.22076 -0.99844 -1.41387
v -1.28575 -1.03860 -1.30873
v -1.32591 -0.93346 -1.37371
v -0.84034 -0.76333 -1.47886
v -0.94548 -0.82831 -1.51902
v -0.94548 -0.69834 -1.51902
v -0.67021 -0.65818 -1.07361
v -0.67021 -0.65818 -1.20358
v -0.71037 -0.55304 -1.13860
v 0.19101 -0.89483 -1.13860
v 0.61160 -0.89483 -1.13860
v 0.19101 -1.57535 -1.13860
v 0.61160 -1.57535 -1.13860
v 0.40131 -1.44538 -0.79834
v 0.40131 -1.02480 -0.79834
v 0.40131 -1.44538 -1.47886
v 0.40131 -1.02480 -1.47886
v 0.74157 -1.23509 -1.34889
v 0.74157 -1.23509 -0.92831
v 0.06105 -1.23509 -1.34889
v 0.06105 -1.23509 -0.92831
v 0.07770 -1.03509 -1.01499
v 0.20131 -1.11148 -0.81499
v 0.27770 -0.91148 -0.93860
v 0.52491 -0.91148 -0.93860
v 0.40131 -0.83509 -1.13860
v 0.52491 -0.91148 -1.33860
v 0.27770 -0.91148 -1.33860
v 0.20131 -1.11148 -1.46220
v 0.07770 -1.03509 -1.26220
v 0.00131 -1.23509 -1.13860
v 0.60131 -1.11148 -0.81499
v 0.72491 -1.03509 -1.01499
v 0.20131 -1.35870 -0.81499
v 0.40131 -1.23509 -0.73860
v 0.07770 -1.43509 -1.26220
v 0.07770 -1.43509 -1.01499
v 0.40131 -1.23509 -1.53860
v 0.20131 -1.35870 -1.46220
v 0.72491 -1.03509 -1.26220
v 0.60131 -1.11148 -1.46220
v 0.72491 -1.43509 -1.01499
v 0.60131 -1.35870 -0.81499
v 0.52491 -1.55870 -0.93860
v 0.27770 -1.55870 -0.93860
v 0.40131 -1.63509 -1.13860
v 0.27770 -1.55870 -1.33860
v 0.52491 -1.55870 -1.33860
v 0.60131 -1.35870 -1.46220
v 0.72491 -1.43509 -1.26220
v 0.80131 -1.23509 -1.13860
v 0.12379 -0.95427 -1.07435
v 0.16619 -0.95981 -0.96847
v 0.22775 -0.89002 -1.03464
v 0.12049 -1.17084 -0.86109
v 0.12603 -1.06496 -0.90348
v 0.05624 -1.13113 -0.96504
v 0.33706 -0.95758 -0.85778
v 0.23118 -0.99998 -0.86332
v 0.29735 -1.06154 -0.79353
v 0.33632 -0.85467 -1.03345
v 0.29200 -0.85032 -1.13860
v 0.46555 -0.95758 -0.85778
v 0.40131 -0.89483 -0.92831
v 0.51061 -0.85032 -1.13860
v 0.46629 -0.85467 -1.03345
v 0.57486 -0.89002 -1.03464
v 0.33632 -0.85467 -1.24374
v 0.22775 -0.89002 -1.24255
v 0.57486 -0.89002 -1.24255
v 0.46629 -0.85467 -1.24374
v 0.33706 -0.95758 -1.41942
v 0.40131 -0.89483 -1.34889
v 0.46555 -0.95758 -1.41942
v 0.16619 -0.95981 -1.30873
v 0.12379 -0.95427 -1.20285
v 0.29735 -1.06154 -1.48367
v 0.23118 -0.99998 -1.41387
v 0.05624 -1.13113 -1.31215
v 0.12603 -1.06496 -1.37371
v 0.12049 -1.17084 -1.41611
v 0.06105 -1.02480 -1.13860
v 0.01653 -1.23509 -1.24790
v 0.02088 -1.12994 -1.20358
v 0.02088 -1.12994 -1.07361
v 0.01653 -1.23509 -1.02929
v 0.63642 -0.95981 -0.96847
v 0.67882 -0.95427 -1.07435
v 0.50526 -1.06154 -0.79353
v 0.57144 -0.99998 -0.86332
v 0.74637 -1.13113 -0.96504
v 0.67658 -1.06496 -0.90348
v 0.68212 -1.17084 -0.86109
v 0.29616 -1.17011 -0.75818
v 0.40131 -1.12578 -0.75382
v 0.12049 -1.29934 -0.86109
v 0.19101 -1.23509 -0.79834
v 0.40131 -1.34440 -0.75382
v 0.29616 -1.30007 -0.75818
v 0.29735 -1.40865 -0.79353
v 0.02088 -1.34024 -1.07361
v 0.05624 -1.33905 -0.96504
v 0.05624 -1.33905 -1.31215
v 0.02088 -1.34024 -1.20358
v 0.12379 -1.51591 -1.07435
v 0.06105 -1.44538 -1.13860
v 0.12379 -1.51591 -1.20285
v 0.19101 -1.23509 -1.47886
v 0.12049 -1.29934 -1.41611
v 0.40131 -1.12578 -1.52337
v 0.29616 -1.17011 -1.51902
v 0.29735 -1.40865 -1.48367
v 0.29616 -1.30007 -1.51902
v 0.40131 -1.34440 -1.52337
v 0.57144 -0.99998 -1.41387
v 0.50526 -1.06154 -1.48367
v 0.67882 -0.95427 -1.20285
v 0.63642 -0.95981 -1.30873
v 0.68212 -1.17084 -1.41611
v 0.67658 -1.06496 -1.37371
v 0.74637 -1.13113 -1.31215
v 0.67882 -1.51591 -1.07435
v 0.63642 -1.51037 -0.96847
v 0.57486 -1.58016 -1.03464
v 0.68212 -1.29934 -0.86109
v 0.67658 -1.40522 -0.90348
v 0.74637 -1.33905 -0.96504
v 0.46555 -1.51260 -0.85778
v 0.57144 -1.47021 -0.86332
v 0.50526 -1.40865 -0.79353
v 0.46629 -1.61551 -1.03345
v 0.51061 -1.61987 -1.13860
v 0.33706 -1.51260 -0.85778
v 0.40131 -1.57535 -0.92831
v 0.29200 -1.61987 -1.13860
v 0.33632 -1.61551 -1.03345
v 0.22775 -1.58016 -1.03464
v 0.46629 -1.61551 -1.24374
v 0.57486 -1.58016 -1.24255
v 0.22775 -1.58016 -1.24255
v 0.33632 -1.61551 -1.24374
v 0.46555 -1.51260 -1.41942
v 0.40131 -1.57535 -1.34889
v 0.33706 -1.51260 -1.41942
v 0.63642 -1.51037 -1.30873
v 0.67882 -1.51591 -1.20285
v 0.50526 -1.40865 -1.48367
v 0.57144 -1.47021 -1.41387
v 0.74637 -1.33905 -1.31215
v 0.67658 -1.40522 -1.37371
v 0.68212 -1.29934 -1.41611
v 0.74157 -1.44538 -1.13860
v 0.78608 -1.23509 -1.24790
v 0.78173 -1.34024 -1.20358
v 0.78173 -1.34024 -1.07361
v 0.78608 -1.23509 -1.02929
v 0.50645 -1.30007 -0.75818
v 0.61160 -1.23509 -0.79834
v 0.50645 -1.17011 -0.75818
v 0.16619 -1.51037 -0.96847
v 0.23118 -1.47021 -0.86332
v 0.12603 -1.40522 -0.90348
v 0.23118 -1.47021 -1.41387
v 0.16619 -1.51037 -1.30873
v 0.12603 -1.40522 -1.37371
v 0.61160 -1.23509 -1.47886
v 0.50645 -1.30007 -1.51902
v 0.50645 -1.17011 -1.51902
v 0.78173 -1.12994 -1.07361
v 0.78173 -1.12994 -1.20358
v 0.74157 -1.02480 -1.13860
v 0.44471 0.34026 -1.32443
v 0.86530 0.34026 -1.32443
v 0.44471 -0.34026 -1.32443
v 0.86530 -0.34026 -1.32443
v 0.65500 -0.21029 -0.98417
v 0.65500 0.21029 -0.98417
v 0.65500 -0.21029 -1.66469
v 0.65500 0.21029 -1.66469
v 0.99526 -0.00000 -1.53472
v 0.99526 -0.00000 -1.11413
v 0.31474 -0.00000 -1.53472
v 0.31474 -0.00000 -1.11413
v 0.33140 0.20000 -1.20082
v 0.45500 0.12361 -1.00082
v 0.53140 0.32361 -1.12443
v 0.77861 0.32361 -1.12443
v 0.65500 0.40000 -1.32443
v 0.77861 0.32361 -1.52443
v 0.53140 0.32361 -1.52443
v 0.45500 0.12361 -1.64803
v 0.33140 0.20000 -1.44803
v 0.25500 -0.00000 -1.32443
v 0.85500 0.12361 -1.00082
v 0.97861 0.20000 -1.20082
v 0.45500 -0.12361 -1.00082
v 0.65500 -0.00000 -0.92443
v 0.33140 -0.20000 -1.44803
v 0.33140 -0.20000 -1.20082
v 0.65500 -0.00000 -1.72443
v 0.45500 -0.12361 -1.64803
v 0.97861 0.20000 -1.44803
v 0.85500 0.12361 -1.64803
v 0.97861 -0.20000 -1.20082
v 0.85500 -0.12361 -1.00082
v 0.77861 -0.32361 -1.12443
v 0.53140 -0.32361 -1.12443
v 0.65500 -0.40000 -1.32443
v 0.53140 -0.32361 -1.52443
v 0.77861 -0.32361 -1.52443
v 0.85500 -0.12361 -1.64803
v 0.97861 -0.20000 -1.44803
v 1.05500 -0.00000 -1.32443
v 0.37749 0.28082 -1.26018
v 0.41989 0.27528 -1.15430
v 0.48145 0.34507 -1.22047
v 0.37419 0.06425 -1.04691
v 0.37973 0.17013 -1.08931
v 0.30994 0.10396 -1.15087
v 0.59076 0.27751 -1.04361
v 0.48487 0.23511 -1.04915
v 0.55105 0.17356 -0.97936
v 0.59002 0.38042 -1.21928
v 0.54570 0.38478 -1.32443
v 0.71925 0.27751 -1.04361
v 0.65500 0.34026 -1.11413
v 0.76431 0.38478 -1.32443
v 0.71999 0.38042 -1.21928
v 0.82856 0.34507 -1.22047
v 0.59002 0.38042 -1.42957
v 0.48145 0.34507 -1.42838
v 0.82856 0.34507 -1.42838
v 0.71999 0.38042 -1.42957
v 0.59076 0.27751 -1.60525
v 0.65500 0.34026 -1.53472
v 0.71925 0.27751 -1.60525
v 0.41989 0.27528 -1.49456
v 0.37749 0.28082 -1.38868
v 0.55105 0.17356 -1.66949
v 0.48487 0.23511 -1.59970
v 0.30994 0.10396 -1.49798
v 0.37973 0.17013 -1.55954
v 0.37419 0.06425 -1.60194
v 0.31474 0.21029 -1.32443
v 0.27023 -0.00000 -1.43373
v 0.27458 0.10515 -1.38941
v 0.27458 0.10515 -1.25944
v 0.27023 -0.00000 -1.21512
v 0.89012 0.27528 -1.15430
v 0.93252 0.28082 -1.26018
v 0.75896 0.17356 -0.97936
v 0.82513 0.23511 -1.04915
v 1.00007 0.10396 -1.15087
v 0.93028 0.17013 -1.08931
v 0.93582 0.06425 -1.04691
v 0.54986 0.06498 -0.94400
v 0.65500 0.10931 -0.93965
v 0.37419 -0.06425 -1.04691
v 0.44471 -0.00000 -0.98417
v 0.65500 -0.10931 -0.93965
v 0.54986 -0.06498 -0.94400
v 0.55105 -0.17356 -0.97936
v 0.27458 -0.10515 -1.25944
v 0.30994 -0.10396 -1.15087
v 0.30994 -0.10396 -1.49798
v 0.27458 -0.10515 -1.38941
v 0.37749 -0.28082 -1.26018
v 0.31474 -0.21029 -1.32443
v 0.37749 -0.28082 -1.38868
v 0.44471 -0.00000 -1.66469
v 0.37419 -0.06425 -1.60194
v 0.65500 0.10931 -1.70920
v 0.54986 0.06498 -1.70485
v 0.55105 -0.17356 -1.66949
v 0.54986 -0.06498 -1.70485
v 0.65500 -0.10931 -1.70920
v 0.82513 0.23511 -1.59970
v 0.75896 0.17356 -1.66949
v 0.93252 0.28082 -1.38868
v 0.89012 0.27528 -1.49456
v 0.93582 0.06425 -1.60194
v 0.93028 0.17013 -1.55954
v 1.00007 0.10396 -1.49798
v 0.93252 -0.28082 -1.26018
v 0.89012 -0.27528 -1.15430
v 0.82856 -0.34507 -1.22047
v 0.93582 -0.06425 -1.04691
v 0.93028 -0.17013 -1.08931
v 1.00007 -0.10396 -1.15087
v 0.71925 -0.27751 -1.04361
v 0.82513 -0.23511 -1.04915
v 0.75896 -0.17356 -0.97936
v 0.71999 -0.38042 -1.21928
v 0.76431 -0.38478 -1.32443
v 0.59076 -0.27751 -1.04361
v 0.65500 -0.34026 -1.11413
v 0.54570 -0.38478 -1.32443
v 0.59002 -0.38042 -1.21928
v 0.48145 -0.34507 -1.22047
v 0.71999 -0.38042 -1.42957
v 0.82856 -0.34507 -1.42838
v 0.48145 -0.34507 -1.42838
v 0.59002 -0.38042 -1.42957
v 0.71925 -0.27751 -1.60525
v 0.65500 -0.34026 -1.53472
v 0.59076 -0.27751 -1.60525
v 0.89012 -0.27528 -1.49456
v 0.93252 -0.28082 -1.38868
v 0.75896 -0.17356 -1.66949
v 0.82513 -0.23511 -1.59970
v 1.00007 -0.10396 -1.49798
v 0.93028 -0.17013 -1.55954
v 0.93582 -0.06425 -1.60194
v 0.99526 -0.21029 -1.32443
v 1.03978 -0.00000 -1.43373
v 1.03543 -0.10515 -1.38941
v 1.03543 -0.10515 -1.25944
v 1.03978 -0.00000 -1.21512
v 0.76015 -0.06498 -0.94400
v 0.86530 -0.00000 -0.98417
v 0.76015 0.06498 -0.94400
v 0.41989 -0.27528 -1.15430
v 0.48487 -0.23511 -1.04915
v 0.37973 -0.17013 -1.08931
v 0.48487 -0.23511 -1.59970
v 0.41989 -0.27528 -1.49456
v 0.37973 -0.17013 -1.55954
v 0.86530 -0.00000 -1.66469
v 0.76015 -0.06498 -1.70485
v 0.76015 0.06498 -1.70485
v 1.03543 0.10515 -1.25944
v 1.03543 0.10515 -1.38941
v 0.99526 0.21029 -1.32443
v -0.00788 0.96321 -1.32443
v 0.41270 0.96321 -1.32443
v -0.00788 0.28269 -1.32443
v 0.41270 0.28269 -1.32443
v 0.20241 0.41265 -0.98417
v 0.20241 0.83324 -0.98417
v 0.20241 0.41265 -1.66469
v 0.20241 0.83324 -1.66469
v 0.54267 0.62295 -1.53472
v 0.54267 0.62295 -1.11413
v -0.13785 0.62295 -1.53472
v -0.13785 0.62295 -1.11413
v -0.12120 0.82295 -1.20082
v 0.00241 0.74655 -1.00082
v 0.07880 0.94655 -1.12443
v 0.32601 0.94655 -1.12443
v 0.20241 1.02295 -1.32443
v 0.32601 0.94655 -1.52443
v 0.07880 0.94655 -1.52443
v 0.00241 0.74655 -1.64803
v -0.12120 0.82295 -1.44803
v -0.19759 0.62295 -1.32443
v 0.40241 0.74655 -1.00082
v 0.52601 0.82295 -1.20082
v 0.00241 0.49934 -1.00082
v 0.20241 0.62295 -0.92443
v -0.12120 0.42295 -1.44803
v -0.12120 0.42295 -1.20082
v 0.20241 0.62295 -1.72443
v 0.00241 0.49934 -1.64803
v 0.52601 0.82295 -1.44803
v 0.40241 0.74655 -1.64803
v 0.52601 0.42295 -1.20082
v 0.40241 0.49934 -1.00082
v 0.32601 0.29934 -1.12443
v 0.07880 0.29934 -1.12443
v 0.20241 0.22295 -1.32443
v 0.07880 0.29934 -1.52443
v 0.32601 0.29934 -1.52443
v 0.40241 0.49934 -1.64803
v 0.52601 0.42295 -1.44803
v 0.60241 0.62295 -1.32443
v -0.07510 0.90376 -1.26018
v -0.03271 0.89822 -1.15430
v 0.02885 0.96801 -1.22047
v -0.07841 0.68720 -1.04691
v -0.07287 0.79308 -1.08931
v -0.14266 0.72690 -1.15087
v 0.13816 0.90046 -1.04361
v 0.03228 0.85806 -1.04915
v 0.09845 0.79650 -0.97936
v 0.13742 1.00337 -1.21928
v 0.09310 1.00772 -1.32443
v 0.26666 0.90046 -1.04361
v 0.20241 0.96321 -1.11413
v 0.31171 1.00772 -1.32443
v 0.26739 1.00337 -1.21928
v 0.37596 0.96801 -1.22047
v 0.13742 1.00337 -1.42957
v 0.02885 0.96801 -1.42838
v 0.37596 0.96801 -1.42838
v 0.26739 1.00337 -1.42957
v 0.13816 0.90046 -1.60525
v 0.20241 0.96321 -1.53472
v 0.26666 0.90046 -1.60525
v -0.03271 0.89822 -1.49456
v -0.07510 0.90376 -1.38868
v 0.09845 0.79650 -1.66949
v 0.03228 0.85806 -1.59970
v -0.14266 0.72690 -1.49798
v -0.07287 0.79308 -1.55954
v -0.07841 0.68720 -1.60194
v -0.13785 0.83324 -1.32443
v -0.18237 0.62295 -1.43373
v -0.17802 0.72809 -1.38941
v -0.17802 0.72809 -1.25944
v -0.18237 0.62295 -1.21512
v 0.43752 0.89822 -1.15430
v 0.47992 0.90376 -1.26018
v 0.30636 0.79650 -0.97936
v 0.37254 0.85806 -1.04915
v 0.54747 0.72690 -1.15087
v 0.47768 0.79308 -1.08931
v 0.48323 0.68720 -1.04691
v 0.09726 0.68793 -0.94400
v 0.20241 0.73225 -0.93965
v -0.07841 0.55870 -1.04691
v -0.00788 0.62295 -0.98417
v 0.20241 0.51364 -0.93965
v 0.09726 0.55796 -0.94400
v 0.09845 0.44939 -0.97936
v -0.17802 0.51780 -1.25944
v -0.14266 0.51899 -1.15087
v -0.14266 0.51899 -1.49798
v -0.17802 0.51780 -1.38941
v -0.07510 0.34213 -1.26018
v -0.13785 0.41265 -1.32443
v -0.07510 0.34213 -1.38868
v -0.00788 0.62295 -1.66469
v -0.07841 0.55870 -1.60194
v 0.20241 0.73225 -1.70920
v 0.09726 0.68793 -1.70485
v 0.09845 0.44939 -1.66949
v 0.09726 0.55796 -1.70485
v 0.20241 0.51364 -1.70920
v 0.37254 0.85806 -1.59970
v 0.30636 0.79650 -1.66949
v 0.47992 0.90376 -1.38868
v 0.43752 0.89822 -1.49456
v 0.48323 0.68720 -1.60194
v 0.47768 0.79308 -1.55954
v 0.54747 0.72690 -1.49798
v 0.47992 0.34213 -1.26018
v 0.43752 0.34767 -1.15430
v 0.37596 0.27788 -1.22047
v 0.48323 0.55870 -1.04691
v 0.47768 0.45282 -1.08931
v 0.54747 0.51899 -1.15087
v 0.26666 0.34543 -1.04361
v 0.37254 0.38783 -1.04915
v 0.30636 0.44939 -0.97936
v 0.26739 0.24252 -1.21928
v 0.31171 0.23817 -1.32443
v 0.13816 0.34543 -1.04361
v 0.20241 0.28269 -1.11413
v 0.09310 0.23817 -1.32443
v 0.13742 0.24252 -1.21928
v 0.02885 0.27788 -1.22047
v 0.26739 0.24252 -1.42957
v 0.37596 0.27788 -1.42838
v 0.02885 0.27788 -1.42838
v 0.13742 0.24252 -1.42957
v 0.26666 0.34543 -1.60525
v 0.20241 0.28269 -1.53472
v 0.13816 0.34543 -1.60525
v 0.43752 0.34767 -1.49456
v 0.47992 0.34213 -1.38868
v 0.30636 0.44939 -1.66949
v 0.37254 0.38783 -1.59970
v 0.54747 0.51899 -1.49798
v 0.47768 0.45282 -1.55954
v 0.48323 0.55870 -1.60194
v 0.54267 0.41265 -1.32443
v 0.58718 0.62295 -1.43373
v 0.58283 0.51780 -1.38941
v 0.58283 0.51780 -1.25944
v 0.58718 0.62295 -1.21512
v 0.30755 0.55796 -0.94400
v 0.41270 0.62295 -0.98417
v 0.30755 0.68793 -0.94400
v -0.03271 0.34767 -1.15430
v 0.03228 0.38783 -1.04915
v -0.07287 0.45282 -1.08931
v 0.03228 0.38783 -1.59970
v -0.03271 0.34767 -1.49456
v -0.07287 0.45282 -1.55954
v 0.41270 0.62295 -1.66469
v 0.30755 0.55796 -1.70485
v 0.30755 0.68793 -1.70485
v 0.58283 0.72809 -1.25944
v 0.58283 0.72809 -1.38941
v 0.54267 0.83324 -1.32443
v -0.74020 0.72526 -1.32443
v -0.31962 0.72526 -1.32443
v -0.74020 0.04474 -1.32443
v -0.31962 0.04474 -1.32443
v -0.52991 0.17471 -0.98417
v -0.52991 0.59529 -0.98417
v -0.52991 0.17471 -1.66469
v -0.52991 0.59529 -1.66469
v -0.18965 0.38500 -1.53472
v -0.18965 0.38500 -1.11413
v -0.87017 0.38500 -1.53472
v -0.87017 0.38500 -1.11413
v -0.85352 0.58500 -1.20082
v -0.72991 0.50861 -1.00082
v -0.65352 0.70861 -1.12443
v -0.40630 0.70861 -1.12443
v -0.52991 0.78500 -1.32443
v -0.40630 0.70861 -1.52443
v -0.65352 0.70861 -1.52443
v -0.72991 0.50861 -1.64803
v -0.85352 0.58500 -1.44803
v -0.92991 0.38500 -1.32443
v -0.32991 0.50861 -1.00082
v -0.20630 0.58500 -1.20082
v -0.72991 0.26140 -1.00082
v -0.52991 0.38500 -0.92443
v -0.85352 0.18500 -1.44803
v -0.85352 0.18500 -1.20082
v -0.52991 0.38500 -1.72443
v -0.72991 0.26140 -1.64803
v -0.20630 0.58500 -1.44803
v -0.32991 0.50861 -1.64803
v -0.20630 0.18500 -1.20082
v -0.32991 0.26140 -1.00082
v -0.40630 0.06140 -1.12443
v -0.65352 0.06140 -1.12443
v -0.52991 -0.01500 -1.32443
v -0.65352 0.06140 -1.52443
v -0.40630 0.06140 -1.52443
v -0.32991 0.26140 -1.64803
v -0.20630 0.18500 -1.44803
v -0.12991 0.38500 -1.32443
v -0.80742 0.66582 -1.26018
v -0.76502 0.66028 -1.15430
v -0.70347 0.73007 -1.22047
v -0.81073 0.44925 -1.04691
v -0.80519 0.55513 -1.08931
v -0.87498 0.48896 -1.15087
v -0.59416 0.66251 -1.04361
v -0.70004 0.62012 -1.04915
v -0.63387 0.55856 -0.97936
v -0.59489 0.76542 -1.21928
v -0.63922 0.76978 -1.32443
v -0.46566 0.66251 -1.04361
v -0.52991 0.72526 -1.11413
v -0.42060 0.76978 -1.32443
v -0.46493 0.76542 -1.21928
v -0.35635 0.73007 -1.22047
v -0.59489 0.76542 -1.42957
v -0.70347 0.73007 -1.42838
v -0.35635 0.73007 -1.42838
v -0.46493 0.76542 -1.42957
v -0.59416 0.66251 -1.60525
v -0.52991 0.72526 -1.53472
v -0.46566 0.66251 -1.60525
v -0.76502 0.66028 -1.49456
v -0.80742 0.66582 -1.38868
v -0.63387 0.55856 -1.66949
v -0.70004 0.62012 -1.59970
v -0.87498 0.48896 -1.49798
v -0.80519 0.55513 -1.55954
v -0.81073 0.44925 -1.60194
v -0.87017 0.59529 -1.32443
v -0.91469 0.38500 -1.43373
v -0.91033 0.49015 -1.38941
v -0.91033 0.49015 -1.25944
v -0.91469 0.38500 -1.21512
v -0.29480 0.66028 -1.15430
v -0.25240 0.66582 -1.26018
v -0.42595 0.55856 -0.97936
v -0.35978 0.62012 -1.04915
v -0.18484 0.48896 -1.15087
v -0.25463 0.55513 -1.08931
v -0.24909 0.44925 -1.04691
v -0.63506 0.44999 -0.94400
v -0.52991 0.49431 -0.93965
v -0.81073 0.32075 -1.04691
v -0.74020 0.38500 -0.98417
v -0.52991 0.27570 -0.93965
v -0.63506 0.32002 -0.94400
v -0.63387 0.21145 -0.97936
v -0.91033 0.27986 -1.25944
v -0.87498 0.28105 -1.15087
v -0.87498 0.28105 -1.49798
v -0.91033 0.27986 -1.38941
v -0.80742 0.10418 -1.26018
v -0.87017 0.17471 -1.32443
v -0.80742 0.10418 -1.38868
v -0.74020 0.38500 -1.66469
v -0.81073 0.32075 -1.60194
v -0.52991 0.49431 -1.70920
v -0.63506 0.44999 -1.70485
v -0.63387 0.21145 -1.66949
v -0.63506 0.32002 -1.70485
v -0.52991 0.27570 -1.70920
v -0.35978 0.62012 -1.59970
v -0.42595 0.55856 -1.66949
v -0.25240 0.66582 -1.38868
v -0.29480 0.66028 -1.49456
v -0.24909 0.44925 -1.60194
v -0.25463 0.55513 -1.55954
v -0.18484 0.48896 -1.49798
v -0.25240 0.10418 -1.26018
v -0.29480 0.10973 -1.15430
v -0.35635 0.03993 -1.22047
v -0.24909 0.32075 -1.04691
v -0.25463 0.21487 -1.08931
v -0.18484 0.28105 -1.15087
v -0.46566 0.10749 -1.04361
v -0.35978 0.14989 -1.04915
v -0.42595 0.21145 -0.97936
v -0.46493 0.00458 -1.21928
v -0.42060 0.00023 -1.32443
v -0.59416 0.10749 -1.04361
v -0.52991 0.04474 -1.11413
v -0.63922 0.00023 -1.32443
v -0.59489 0.00458 -1.21928
v -0.70347 0.03993 -1.22047
v -0.46493 0.00458 -1.42957
v -0.35635 0.03993 -1.42838
v -0.70347 0.03993 -1.42838
v -0.59489 0.00458 -1.42957
v -0.46566 0.10749 -1.60525
v -0.52991 0.04474 -1.53472
v -0.59416 0.10749 -1.60525
v -0.29480 0.10973 -1.49456
v -0.25240 0.10418 -1.38868
v -0.42595 0.21145 -1.66949
v -0.35978 0.14989 -1.59970
v -0.18484 0.28105 -1.49798
v -0.25463 0.21487 -1.55954
v -0.24909 0.32075 -1.60194
v -0.18965 0.17471 -1.32443
v -0.14513 0.38500 -1.43373
v -0.14949 0.27986 -1.38941
v -0.14949 0.27986 -1.25944
v -0.14513 0.38500 -1.21512
v -0.42476 0.32002 -0.94400
v -0.31962 0.38500 -0.98417
v -0.42476 0.44999 -0.94400
v -0.76502 0.10973 -1.15430
v -0.70004 0.14989 -1.04915
v -0.80519 0.21487 -1.08931
v -0.70004 0.14989 -1.59970
v -0.76502 0.10973 -1.49456
v -0.80519 0.21487 -1.55954
v -0.31962 0.38500 -1.66469
v -0.42476 0.32002 -1.70485
v -0.42476 0.44999 -1.70485
v -0.14949 0.49015 -1.25944
v -0.14949 0.49015 -1.38941
v -0.18965 0.59529 -1.32443
v -0.74020 -0.04474 -1.32443
v -0.31962 -0.04474 -1.32443
v -0.74020 -0.72526 -1.32443
v -0.31962 -0.72526 -1.32443
v -0.52991 -0.59529 -0.98417
v -0.52991 -0.17471 -0.98417
v -0.52991 -0.59529 -1.66469
v -0.52991 -0.17471 -1.66469
v -0.18965 -0.38500 -1.53472
v -0.18965 -0.38500 -1.11413
v -0.87017 -0.38500 -1.53472
v -0.87017 -0.38500 -1.11413
v -0.85352 -0.18500 -1.20082
v -0.72991 -0.26140 -1.00082
v -0.65352 -0.06140 -1.12443
v -0.40630 -0.06140 -1.12443
v -0.52991 0.01500 -1.32443
v -0.40630 -0.06140 -1.52443
v -0.65352 -0.06140 -1.52443
v -0.72991 -0.26140 -1.64803
v -0.85352 -0.18500 -1.44803
v -0.92991 -0.38500 -1.32443
v -0.32991 -0.26140 -1.00082
v -0.20630 -0.18500 -1.20082
v -0.72991 -0.50861 -1.00082
v -0.52991 -0.38500 -0.92443
v -0.85352 -0.58500 -1.44803
v -0.85352 -0.58500 -1.20082
v -0.52991 -0.38500 -1.72443
v -0.72991 -0.50861 -1.64803
v -0.20630 -0.18500 -1.44803
v -0.32991 -0.26140 -1.64803
v -0.20630 -0.58500 -1.20082
v -0.32991 -0.50861 -1.00082
v -0.40630 -0.70861 -1.12443
v -0.65352 -0.70861 -1.12443
v -0.52991 -0.78500 -1.32443
v -0.65352 -0.70861 -1.52443
v -0.40630 -0.70861 -1.52443
v -0.32991 -0.50861 -1.64803
v -0.20630 -0.58500 -1.44803
v -0.12991 -0.38500 -1.32443
v -0.80742 -0.10418 -1.26018
v -0.76502 -0.10973 -1.15430
v -0.70347 -0.03993 -1.22047
v -0.81073 -0.32075 -1.04691
v -0.80519 -0.21487 -1.08931
v -0.87498 -0.28105 -1.15087
v -0.59416 -0.10749 -1.04361
v -0.70004 -0.14989 -1.04915
v -0.63387 -0.21145 -0.97936
v -0.59489 -0.00458 -1.21928
v -0.63922 -0.00023 -1.32443
v -0.46566 -0.10749 -1.04361
v -0.52991 -0.04474 -1.11413
v -0.42060 -0.00023 -1.32443
v -0.46493 -0.00458 -1.21928
v -0.35635 -0.03993 -1.22047
v -0.59489 -0.00458 -1.42957
v -0.70347 -0.03993 -1.42838
v -0.35635 -0.03993 -1.42838
v -0.46493 -0.00458 -1.42957
v -0.59416 -0.10749 -1.60525
v -0.52991 -0.04474 -1.53472
v -0.46566 -0.10749 -1.60525
v -0.76502 -0.10973 -1.49456
v -0.80742 -0.10418 -1.38868
v -0.63387 -0.21145 -1.66949
v -0.70004 -0.14989 -1.59970
v -0.87498 -0.28105 -1.49798
v -0.80519 -0.21487 -1.55954
v -0.81073 -0.32075 -1.60194
v -0.87017 -0.17471 -1.32443
v -0.91469 -0.38500 -1.43373
v -0.91033 -0.27986 -1.38941
v -0.91033 -0.27986 -1.25944
v -0.91469 -0.38500 -1.21512
v -0.29480 -0.10973 -1.15430
v -0.25240 -0.10418 -1.26018
v -0.42595 -0.21145 -0.97936
v -0.35978 -0.14989 -1.04915
v -0.18484 -0.28105 -1.15087
v -0.25463 -0.21487 -1.08931
v -0.24909 -0.32075 -1.04691
v -0.63506 -0.32002 -0.94400
v -0.52991 -0.27570 -0.93965
v -0.81073 -0.44925 -1.04691
v -0.74020 -0.38500 -0.98417
v -0.52991 -0.49431 -0.93965
v -0.63506 -0.44999 -0.94400
v -0.63387 -0.55856 -0.97936
v -0.91033 -0.49015 -1.25944
v -0.87498 -0.48896 -1.15087
v -0.87498 -0.48896 -1.49798
v -0.91033 -0.49015 -1.38941
v -0.80742 -0.66582 -1.26018
v -0.87017 -0.59529 -1.32443
v -0.80742 -0.66582 -1.38868
v -0.74020 -0.38500 -1.66469
v -0.81073 -0.44925 -1.60194
v -0.52991 -0.27570 -1.70920
v -0.63506 -0.32002 -1.70485
v -0.63387 -0.55856 -1.66949
v -0.63506 -0.44999 -1.70485
v -0.52991 -0.49431 -1.70920
v -0.35978 -0.14989 -1.59970
v -0.42595 -0.21145 -1.66949
v -0.25240 -0.10418 -1.38868
v -0.29480 -0.10973 -1.49456
v -0.24909 -0.32075 -1.60194
v -0.25463 -0.21487 -1.55954
v -0.18484 -0.28105 -1.49798
v -0.25240 -0.66582 -1.26018
v -0.29480 -0.66028 -1.15430
v -0.35635 -0.73007 -1.22047
v -0.24909 -0.44925 -1.04691
v -0.25463 -0.55513 -1.08931
v -0.18484 -0.48896 -1.15087
v -0.46566 -0.66251 -1.04361
v -0.35978 -0.62012 -1.04915
v -0.42595 -0.55856 -0.97936
v -0.46493 -0.76542 -1.21928
v -0.42060 -0.76978 -1.32443
v -0.59416 -0.66251 -1.04361
v -0.52991 -0.72526 -1.11413
v -0.63922 -0.76978 -1.32443
v -0.59489 -0.76542 -1.21928
v -0.70347 -0.73007 -1.22047
v -0.46493 -0.76542 -1.42957
v -0.35635 -0.73007 -1.42838
v -0.70347 -0.73007 -1.42838
v -0.59489 -0.76542 -1.42957
v -0.46566 -0.66251 -1.60525
v -0.52991 -0.72526 -1.53472
v -0.59416 -0.66251 -1.60525
v -0.29480 -0.66028 -1.49456
v -0.25240 -0.66582 -1.38868
v -0.42595 -0.55856 -1.66949
v -0.35978 -0.62012 -1.59970
v -0.18484 -0.48896 -1.49798
v -0.25463 -0.55513 -1.55954
v -0.24909 -0.44925 -1.60194
v -0.18965 -0.59529 -1.32443
v -0.14513 -0.38500 -1.43373
v -0.14949 -0.49015 -1.38941
v -0.14949 -0.49015 -1.25944
v -0.14513 -0.38500 -1.21512
v -0.42476 -0.44999 -0.94400
v -0.31962 -0.38500 -0.98417
v -0.42476 -0.32002 -0.94400
v -0.76502 -0.66028 -1.15430
v -0.70004 -0.62012 -1.04915
v -0.80519 -0.55513 -1.08931
v -0.70004 -0.62012 -1.59970
v -0.76502 -0.66028 -1.49456
v -0.80519 -0.55513 -1.55954
v -0.31962 -0.38500 -1.66469
v -0.42476 -0.44999 -1.70485
v -0.42476 -0.32002 -1.70485
v -0.14949 -0.27986 -1.25944
v -0.14949 -0.27986 -1.38941
v -0.18965 -0.17471 -1.32443
v -0.00788 -0.28269 -1.32443
v 0.41270 -0.28269 -1.32443
v -0.00788 -0.96321 -1.32443
v 0.41270 -0.96321 -1.32443
v 0.20241 -0.83324 -0.98417
v 0.20241 -0.41265 -0.98417
v 0.20241 -0.83324 -1.66469
v 0.20241 -0.41265 -1.66469
v 0.54267 -0.62295 -1.53472
v 0.54267 -0.62295 -1.11413
v -0.13785 -0.62295 -1.53472
v -0.13785 -0.62295 -1.11413
v -0.12120 -0.42295 -1.20082
v 0.00241 -0.49934 -1.00082
v 0.07880 -0.29934 -1.12443
v 0.32601 -0.29934 -1.12443
v 0.20241 -0.22295 -1.32443
v 0.32601 -0.29934 -1.52443
v 0.07880 -0.29934 -1.52443
v 0.00241 -0.49934 -1.64803
v -0.12120 -0.42295 -1.44803
v -0.19759 -0.62295 -1.32443
v 0.40241 -0.49934 -1.00082
v 0.52601 -0.42295 -1.20082
v 0.00241 -0.74655 -1.00082
v 0.20241 -0.62295 -0.92443
v -0.12120 -0.82295 -1.44803
v -0.12120 -0.82295 -1.20082
v 0.20241 -0.62295 -1.72443
v 0.00241 -0.74655 -1.64803
v 0.52601 -0.42295 -1.44803
v 0.40241 -0.49934 -1.64803
v 0.52601 -0.82295 -1.20082
v 0.40241 -0.74655 -1.00082
v 0.32601 -0.94655 -1.12443
v 0.07880 -0.94655 -1.12443
v 0.20241 -1.02295 -1.32443
v 0.07880 -0.94655 -1.52443
v 0.32601 -0.94655 -1.52443
v 0.40241 -0.74655 -1.64803
v 0.52601 -0.82295 -1.44803
v 0.60241 -0.62295 -1.32443
v -0.07510 -0.34213 -1.26018
v -0.03271 -0.34767 -1.15430
v 0.02885 -0.27788 -1.22047
v -0.07841 -0.55870 -1.04691
v -0.07287 -0.45282 -1.08931
v -0.14266 -0.51899 -1.15087
v 0.13816 -0.34543 -1.04361
v 0.03228 -0.38783 -1.04915
v 0.09845 -0.44939 -0.97936
v 0.13742 -0.24252 -1.21928
v 0.09310 -0.23817 -1.32443
v 0.26666 -0.34543 -1.04361
v 0.20241 -0.28269 -1.11413
v 0.31171 -0.23817 -1.32443
v 0.26739 -0.24252 -1.21928
v 0.37596 -0.27788 -1.22047
v 0.13742 -0.24252 -1.42957
v 0.02885 -0.27788 -1.42838
v 0.37596 -0.27788 -1.42838
v 0.26739 -0.24252 -1.42957
v 0.13816 -0.34543 -1.60525
v 0.20241 -0.28269 -1.53472
v 0.26666 -0.34543 -1.60525
v -0.03271 -0.34767 -1.49456
v -0.07510 -0.34213 -1.38868
v 0.09845 -0.44939 -1.66949
v 0.03228 -0.38783 -1.59970
v -0.14266 -0.51899 -1.49798
v -0.07287 -0.45282 -1.55954
v -0.07841 -0.55870 -1.60194
v -0.13785 -0.41265 -1.32443
v -0.18237 -0.62295 -1.43373
v -0.17802 -0.51780 -1.38941
v -0.17802 -0.51780 -1.25944
v -0.18237 -0.62295 -1.21512
v 0.43752 -0.34767 -1.15430
v 0.47992 -0.34213 -1.26018
v 0.30636 -0.44939 -0.97936
v 0.37254 -0.38783 -1.04915
v 0.54747 -0.51899 -1.15087
v 0.47768 -0.45282 -1.08931
v 0.48323 -0.55870 -1.04691
v 0.09726 -0.55796 -0.94400
v 0.20241 -0.51364 -0.93965
v -0.07841 -0.68720 -1.04691
v -0.00788 -0.62295 -0.98417
v 0.20241 -0.73225 -0.93965
v 0.09726 -0.68793 -0.94400
v 0.09845 -0.79650 -0.97936
v -0.17802 -0.72809 -1.25944
v -0.14266 -0.72690 -1.15087
v -0.14266 -0.72690 -1.49798
v -0.17802 -0.72809 -1.38941
v -0.07510 -0.90376 -1.26018
v -0.13785 -0.83324 -1.32443
v -0.07510 -0.90376 -1.38868
v -0.00788 -0.62295 -1.66469
v -0.07841 -0.68720 -1.60194
v 0.20241 -0.51364 -1.70920
v 0.09726 -0.55796 -1.70485
v 0.09845 -0.79650 -1.66949
v 0.09726 -0.68793 -1.70485
v 0.20241 -0.73225 -1.70920
v 0.37254 -0.38783 -1.59970
v 0.30636 -0.44939 -1.66949
v 0.47992 -0.34213 -1.38868
v 0.43752 -0.34767 -1.49456
v 0.48323 -0.55870 -1.60194
v 0.47768 -0.45282 -1.55954
v 0.54747 -0.51899 -1.49798
v 0.47992 -0.90376 -1.26018
v 0.43752 -0.89822 -1.15430
v 0.37596 -0.96801 -1.22047
v 0.48323 -0.68720 -1.04691
v 0.47768 -0.79308 -1.08931
v 0.54747 -0.72690 -1.15087
v 0.26666 -0.90046 -1.04361
v 0.37254 -0.85806 -1.04915
v 0.30636 -0.79650 -0.97936
v 0.26739 -1.00337 -1.21928
v 0.31171 -1.00772 -1.32443
v 0.13816 -0.90046 -1.04361
v 0.20241 -0.96321 -1.11413
v 0.09310 -1.00772 -1.32443
v 0.13742 -1.00337 -1.21928
v 0.02885 -0.96801 -1.22047
v 0.26739 -1.00337 -1.42957
v 0.37596 -0.96801 -1.42838
v 0.02885 -0.96801 -1.42838
v 0.13742 -1.00337 -1.42957
v 0.26666 -0.90046 -1.60525
v 0.20241 -0.96321 -1.53472
v 0.13816 -0.90046 -1.60525
v 0.43752 -0.89822 -1.49456
v 0.47992 -0.90376 -1.38868
v 0.30636 -0.79650 -1.66949
v 0.37254 -0.85806 -1.59970
v 0.54747 -0.72690 -1.49798
v 0.47768 -0.79308 -1.55954
v 0.48323 -0.68720 -1.60194
v 0.54267 -0.83324 -1.32443
v 0.58718 -0.62295 -1.43373
v 0.58283 -0.72809 -1.38941
v 0.58283 -0.72809 -1.25944
v 0.58718 -0.62295 -1.21512
v 0.30755 -0.68793 -0.94400
v 0.41270 -0.62295 -0.98417
v 0.30755 -0.55796 -0.94400
v -0.03271 -0.89822 -1.15430
v 0.03228 -0.85806 -1.04915
v -0.07287 -0.79308 -1.08931
v 0.03228 -0.85806 -1.59970
v -0.03271 -0.89822 -1.49456
v -0.07287 -0.79308 -1.55954
v 0.41270 -0.62295 -1.66469
v 0.30755 -0.68793 -1.70485
v 0.30755 -0.55796 -1.70485
v 0.58283 -0.51780 -1.25944
v 0.58283 -0.51780 -1.38941
v 0.54267 -0.41265 -1.32443
v 0.00000 -0.12000 7.67557
v -0.05450 -0.10392 7.65047
v -0.09439 -0.06000 7.63209
v -0.10899 -0.00000 7.62537
v -0.09439 0.06000 7.63209
v -0.05450 0.10392 7.65047
v 0.00000 0.12000 7.67557
v 0.05450 0.10392 7.70068
v 0.09439 0.06000 7.71905
v 0.10899 -0.00000 7.72578
v 0.09439 -0.06000 7.71905
v 0.05450 -0.10392 7.70068
v 2.91163 -0.12000 1.35473
v 2.85713 -0.10392 1.32962
v 2.81724 -0.06000 1.31125
v 2.80263 -0.00000 1.30452
v 2.81724 0.06000 1.31125
v 2.85713 0.10392 1.32962
v 2.91163 0.12000 1.35473
v 2.96612 0.10392 1.37983
v 3.00602 0.06000 1.39820
v 3.02062 -0.00000 1.40493
v 3.00602 -0.06000 1.39820
v 2.96612 -0.10392 1.37983
v 0.00000 -0.10991 7.62742
v -0.05950 -0.09208 7.62677
v -0.10305 -0.04957 7.63919
v -0.11899 0.00623 7.66136
v -0.10305 0.06035 7.68734
v -0.05950 0.09830 7.71017
v 0.00000 0.10991 7.72373
v 0.05950 0.09208 7.72438
v 0.10305 0.04957 7.71196
v 0.11899 -0.00623 7.68978
v 0.10305 -0.06035 7.66380
v 0.05950 -0.09830 7.64098
v 0.89974 2.65921 1.30657
v 0.84025 2.67705 1.30592
v 0.79669 2.71956 1.31834
v 0.78075 2.77535 1.34051
v 0.79669 2.82947 1.36649
v 0.84025 2.86742 1.38932
v 0.89974 2.87904 1.40288
v 0.95924 2.86120 1.40353
v 1.00279 2.81869 1.39111
v 1.01874 2.76290 1.36894
v 1.00279 2.70877 1.34296
v 0.95924 2.67082 1.32013
v 0.00000 -0.11583 7.64421
v -0.05646 -0.10562 7.66802
v -0.09779 -0.06711 7.69385
v -0.11292 -0.01062 7.71478
v -0.09779 0.04872 7.72521
v -0.05646 0.09500 7.72234
v 0.00000 0.11583 7.70693
v 0.05646 0.10562 7.68313
v 0.09779 0.06711 7.65730
v 0.11292 0.01062 7.63637
v 0.09779 -0.04872 7.62594
v 0.05646 -0.09500 7.62881
v -2.35556 1.59558 1.32336
v -2.41201 1.60579 1.34717
v -2.45334 1.64430 1.37300
v -2.46847 1.70080 1.39393
v -2.45334 1.76013 1.40436
v -2.41201 1.80642 1.40149
v -2.35556 1.82724 1.38609
v -2.29910 1.81703 1.36228
v -2.25777 1.77852 1.33645
v -2.24264 1.72203 1.31552
v -2.25777 1.66269 1.30509
v -2.29910 1.61641 1.30796
v 0.00000 -0.11583 7.70693
v -0.05646 -0.09500 7.72234
v -0.09779 -0.04872 7.72521
v -0.11292 0.01062 7.71478
v -0.09779 0.06711 7.69385
v -0.05646 0.10562 7.66802
v 0.00000 0.11583 7.64421
v 0.05646 0.09500 7.62881
v 0.09779 0.04872 7.62594
v 0.11292 -0.01062 7.63637
v 0.09779 -0.06711 7.65730
v 0.05646 -0.10562 7.68313
v -2.35556 -1.82724 1.38609
v -2.41201 -1.80642 1.40149
v -2.45334 -1.76013 1.40436
v -2.46847 -1.70080 1.39393
v -2.45334 -1.64430 1.37300
v -2.41201 -1.60579 1.34717
v -2.35556 -1.59558 1.32336
v -2.29910 -1.61641 1.30796
v -2.25777 -1.66269 1.30509
v -2.24264 -1.72203 1.31552
v -2.25777 -1.77852 1.33645
v -2.29910 -1.81703 1.36228
v 0.00000 -0.10991 7.72373
v -0.05950 -0.09830 7.71017
v -0.10305 -0.06035 7.68734
v -0.11899 -0.00623 7.66136
v -0.10305 0.04957 7.63919
v -0.05950 0.09208 7.62677
v 0.00000 0.10991 7.62742
v 0.05950 0.09830 7.64098
v 0.10305 0.06035 7.66380
v 0.11899 0.00623 7.68978
v 0.10305 -0.04957 7.71196
v 0.05950 -0.09208 7.72438
v 0.89974 -2.87904 1.40288
v 0.84025 -2.86742 1.38932
v 0.79669 -2.82947 1.36649
v 0.78075 -2.77535 1.34051
v 0.79669 -2.71956 1.31834
v 0.84025 -2.67705 1.30592
v 0.89974 -2.65921 1.30657
v 0.95924 -2.67082 1.32013
v 1.00279 -2.70877 1.34296
v 1.01874 -2.76290 1.36894
v 1.00279 -2.81869 1.39111
v 0.95924 -2.86120 1.40353
v 2.91163 -0.00000 1.23473
v 2.86309 -0.03527 1.25080
v 2.82755 -0.06108 1.29473
v 2.81455 -0.07053 1.35473
v 2.82755 -0.06108 1.41473
v 2.86309 -0.03527 1.45865
v 2.91163 -0.00000 1.47473
v 2.96017 0.03527 1.45865
v 2.99570 0.06108 1.41473
v 3.00871 0.07053 1.35473
v 2.99570 0.06108 1.29473
v 2.96017 0.03527 1.25080
v 0.89974 2.76912 1.23473
v 0.85120 2.73385 1.25080
v 0.81567 2.70804 1.29473
v 0.80266 2.69859 1.35473
v 0.81567 2.70804 1.41473
v 0.85120 2.73385 1.45865
v 0.89974 2.76912 1.47473
v 0.94828 2.80439 1.45865
v 0.98382 2.83021 1.41473
v 0.99682 2.83966 1.35473
v 0.98382 2.83021 1.29473
v 0.94828 2.80439 1.25080
v 2.91163 -0.00000 1.47473
v 2.86309 0.03527 1.45865
v 2.82755 0.06108 1.41473
v 2.81455 0.07053 1.35473
v 2.82755 0.06108 1.29473
v 2.86309 0.03527 1.25080
v 2.91163 -0.00000 1.23473
v 2.96017 -0.03527 1.25080
v 2.99570 -0.06108 1.29473
v 3.00871 -0.07053 1.35473
v 2.99570 -0.06108 1.41473
v 2.96017 -0.03527 1.45865
v 0.89974 -2.76912 1.47473
v 0.85120 -2.73385 1.45865
v 0.81567 -2.70804 1.41473
v 0.80266 -2.69859 1.35473
v 0.81567 -2.70804 1.29473
v 0.85120 -2.73385 1.25080
v 0.89974 -2.76912 1.23473
v 0.94828 -2.80439 1.25080
v 0.98382 -2.83021 1.29473
v 0.99682 -2.83966 1.35473
v 0.98382 -2.83021 1.41473
v 0.94828 -2.80439 1.45865
v 2.91163 -0.12000 1.35473
v 2.85548 -0.10392 1.37589
v 2.81438 -0.06000 1.39138
v 2.79934 -0.00000 1.39705
v 2.81438 0.06000 1.39138
v 2.85548 0.10392 1.37589
v 2.91163 0.12000 1.35473
v 2.96777 0.10392 1.33356
v 3.00887 0.06000 1.31807
v 3.02391 -0.00000 1.31240
v 3.00887 -0.06000 1.31807
v 2.96777 -0.10392 1.33356
v 2.21343 -0.12000 -0.49748
v 2.15728 -0.10392 -0.47631
v 2.11618 -0.06000 -0.46082
v 2.10114 -0.00000 -0.45515
v 2.11618 0.06000 -0.46082
v 2.15728 0.10392 -0.47631
v 2.21343 0.12000 -0.49748
v 2.26957 0.10392 -0.51864
v 2.31067 0.06000 -0.53413
v 2.32571 -0.00000 -0.53980
v 2.31067 -0.06000 -0.53413
v 2.26957 -0.10392 -0.51864
v 0.89974 2.76912 1.47473
v 0.88120 2.82619 1.45865
v 0.86763 2.86796 1.41473
v 0.86266 2.88325 1.35473
v 0.86763 2.86796 1.29473
v 0.88120 2.82619 1.25080
v 0.89974 2.76912 1.23473
v 0.91828 2.71206 1.25080
v 0.93186 2.67029 1.29473
v 0.93682 2.65500 1.35473
v 0.93186 2.67029 1.41473
v 0.91828 2.71206 1.45865
v -2.35556 1.71141 1.47473
v -2.37410 1.76847 1.45865
v -2.38767 1.81025 1.41473
v -2.39264 1.82554 1.35473
v -2.38767 1.81025 1.29473
v -2.37410 1.76847 1.25080
v -2.35556 1.71141 1.23473
v -2.33701 1.65435 1.25080
v -2.32344 1.61257 1.29473
v -2.31847 1.59728 1.35473
v -2.32344 1.61257 1.41473
v -2.33701 1.65435 1.45865
v 0.89974 2.65616 1.39522
v 0.84010 2.67350 1.39595
v 0.79644 2.71646 1.38564
v 0.78046 2.77354 1.36704
v 0.79644 2.82942 1.34514
v 0.84010 2.86916 1.32581
v 0.89974 2.88208 1.31423
v 0.95938 2.86474 1.31350
v 1.00305 2.82178 1.32381
v 1.01903 2.76471 1.34241
v 1.00305 2.70882 1.36431
v 0.95938 2.66909 1.38364
v 0.68399 1.99213 -0.45698
v 0.62434 2.00947 -0.45625
v 0.58068 2.05244 -0.46656
v 0.56470 2.10951 -0.48516
v 0.58068 2.16540 -0.50706
v 0.62434 2.20513 -0.52639
v 0.68399 2.21805 -0.53797
v 0.74363 2.20071 -0.53870
v 0.78729 2.15775 -0.52839
v 0.80327 2.10068 -0.50979
v 0.78729 2.04479 -0.48789
v 0.74363 2.00506 -0.46856
v -2.35556 1.71141 1.47473
v -2.41556 1.71141 1.45865
v -2.45948 1.71141 1.41473
v -2.47556 1.71141 1.35473
v -2.45948 1.71141 1.29473
v -2.41556 1.71141 1.25080
v -2.35556 1.71141 1.23473
v -2.29556 1.71141 1.25080
v -2.25163 1.71141 1.29473
v -2.23556 1.71141 1.35473
v -2.25163 1.71141 1.41473
v -2.29556 1.71141 1.45865
v -2.35556 -1.71141 1.47473
v -2.41556 -1.71141 1.45865
v -2.45948 -1.71141 1.41473
v -2.47556 -1.71141 1.35473
v -2.45948 -1.71141 1.29473
v -2.41556 -1.71141 1.25080
v -2.35556 -1.71141 1.23473
v -2.29556 -1.71141 1.25080
v -2.25163 -1.71141 1.29473
v -2.23556 -1.71141 1.35473
v -2.25163 -1.71141 1.41473
v -2.29556 -1.71141 1.45865
v -2.35556 1.59425 1.38068
v -2.41306 1.60625 1.36049
v -2.45516 1.64642 1.33875
v -2.47057 1.70400 1.32129
v -2.45516 1.76358 1.31279
v -2.41306 1.80917 1.31553
v -2.35556 1.82857 1.32877
v -2.29805 1.81658 1.34896
v -2.25595 1.77641 1.37070
v -2.24055 1.71882 1.38816
v -2.25595 1.65925 1.39666
v -2.29805 1.61365 1.39392
v -1.79070 1.18386 -0.47152
v -1.84820 1.19585 -0.49171
v -1.89030 1.23602 -0.51345
v -1.90571 1.29361 -0.53091
v -1.89030 1.35318 -0.53941
v -1.84820 1.39878 -0.53667
v -1.79070 1.41818 -0.52343
v -1.73319 1.40619 -0.50324
v -1.69110 1.36601 -0.48150
v -1.67569 1.30843 -0.46404
v -1.69110 1.24886 -0.45554
v -1.73319 1.20326 -0.45828
v -2.35556 -1.71141 1.47473
v -2.37410 -1.76847 1.45865
v -2.38767 -1.81025 1.41473
v -2.39264 -1.82554 1.35473
v -2.38767 -1.81025 1.29473
v -2.37410 -1.76847 1.25080
v -2.35556 -1.71141 1.23473
v -2.33701 -1.65435 1.25080
v -2.32344 -1.61257 1.29473
v -2.31847 -1.59728 1.35473
v -2.32344 -1.61257 1.41473
v -2.33701 -1.65435 1.45865
v 0.89974 -2.76912 1.47473
v 0.88120 -2.82619 1.45865
v 0.86763 -2.86796 1.41473
v 0.86266 -2.88325 1.35473
v 0.86763 -2.86796 1.29473
v 0.88120 -2.82619 1.25080
v 0.89974 -2.76912 1.23473
v 0.91828 -2.71206 1.25080
v 0.93186 -2.67029 1.29473
v 0.93682 -2.65500 1.35473
v 0.93186 -2.67029 1.41473
v 0.91828 -2.71206 1.45865
v -2.35556 -1.82857 1.32877
v -2.41306 -1.80917 1.31553
v -2.45516 -1.76358 1.31279
v -2.47057 -1.70400 1.32129
v -2.45516 -1.64642 1.33875
v -2.41306 -1.60625 1.36049
v -2.35556 -1.59425 1.38068
v -2.29805 -1.61365 1.39392
v -2.25595 -1.65925 1.39666
v -2.24055 -1.71882 1.38816
v -2.25595 -1.77641 1.37070
v -2.29805 -1.81658 1.34896
v -1.79070 -1.41818 -0.52343
v -1.84820 -1.39878 -0.53667
v -1.89030 -1.35318 -0.53941
v -1.90571 -1.29361 -0.53091
v -1.89030 -1.23602 -0.51345
v -1.84820 -1.19585 -0.49171
v -1.79070 -1.18386 -0.47152
v -1.73319 -1.20326 -0.45828
v -1.69110 -1.24886 -0.45554
v -1.67569 -1.30843 -0.46404
v -1.69110 -1.36601 -0.48150
v -1.73319 -1.40619 -0.50324
v 0.89974 -2.88208 1.31423
v 0.84010 -2.86916 1.32581
v 0.79644 -2.82942 1.34514
v 0.78046 -2.77354 1.36704
v 0.79644 -2.71646 1.38564
v 0.84010 -2.67350 1.39595
v 0.89974 -2.65616 1.39522
v 0.95938 -2.66909 1.38364
v 1.00305 -2.70882 1.36431
v 1.01903 -2.76471 1.34241
v 1.00305 -2.82178 1.32381
v 0.95938 -2.86474 1.31350
v 0.68399 -2.21805 -0.53797
v 0.62434 -2.20513 -0.52639
v 0.58068 -2.16540 -0.50706
v 0.56470 -2.10951 -0.48516
v 0.58068 -2.05244 -0.46656
v 0.62434 -2.00947 -0.45625
v 0.68399 -1.99213 -0.45698
v 0.74363 -2.00506 -0.46856
v 0.78729 -2.04479 -0.48789
v 0.80327 -2.10068 -0.50979
v 0.78729 -2.15775 -0.52839
v 0.74363 -2.20071 -0.53870
v 2.21343 -0.00000 -0.61748
v 2.16489 -0.03527 -0.60140
v 2.12935 -0.06108 -0.55748
v 2.11634 -0.07053 -0.49748
v 2.12935 -0.06108 -0.43748
v 2.16489 -0.03527 -0.39355
v 2.21343 -0.00000 -0.37748
v 2.26197 0.03527 -0.39355
v 2.29750 0.06108 -0.43748
v 2.31051 0.07053 -0.49748
v 2.29750 0.06108 -0.55748
v 2.26197 0.03527 -0.60140
v 0.68399 2.10509 -0.61748
v 0.63545 2.06983 -0.60140
v 0.59991 2.04401 -0.55748
v 0.58690 2.03456 -0.49748
v 0.59991 2.04401 -0.43748
v 0.63545 2.06983 -0.39355
v 0.68399 2.10509 -0.37748
v 0.73253 2.14036 -0.39355
v 0.76806 2.16618 -0.43748
v 0.78107 2.17563 -0.49748
v 0.76806 2.16618 -0.55748
v 0.73253 2.14036 -0.60140
v 2.21343 -0.00000 -0.37748
v 2.16489 0.03527 -0.39355
v 2.12935 0.06108 -0.43748
v 2.11634 0.07053 -0.49748
v 2.12935 0.06108 -0.55748
v 2.16489 0.03527 -0.60140
v 2.21343 -0.00000 -0.61748
v 2.26197 -0.03527 -0.60140
v 2.29750 -0.06108 -0.55748
v 2.31051 -0.07053 -0.49748
v 2.29750 -0.06108 -0.43748
v 2.26197 -0.03527 -0.39355
v 0.68399 -2.10509 -0.37748
v 0.63545 -2.06983 -0.39355
v 0.59991 -2.04401 -0.43748
v 0.58690 -2.03456 -0.49748
v 0.59991 -2.04401 -0.55748
v 0.63545 -2.06983 -0.60140
v 0.68399 -2.10509 -0.61748
v 0.73253 -2.14036 -0.60140
v 0.76806 -2.16618 -0.55748
v 0.78107 -2.17563 -0.49748
v 0.76806 -2.16618 -0.43748
v 0.73253 -2.14036 -0.39355
v 2.21343 -0.12000 -0.49748
v 2.17899 -0.10392 -0.44834
v 2.15378 -0.06000 -0.41237
v 2.14455 -0.00000 -0.39921
v 2.15378 0.06000 -0.41237
v 2.17899 0.10392 -0.44834
v 2.21343 0.12000 -0.49748
v 2.24786 0.10392 -0.54661
v 2.27307 0.06000 -0.58258
v 2.28230 -0.00000 -0.59574
v 2.27307 -0.06000 -0.58258
v 2.24786 -0.10392 -0.54661
v 1.29865 -0.12000 -1.13860
v 1.26422 -0.10392 -1.08946
v 1.23901 -0.06000 -1.05350
v 1.22978 -0.00000 -1.04033
v 1.23901 0.06000 -1.05350
v 1.26422 0.10392 -1.08946
v 1.29865 0.12000 -1.13860
v 1.33309 0.10392 -1.18773
v 1.35830 0.06000 -1.22370
v 1.36752 -0.00000 -1.23687
v 1.35830 -0.06000 -1.22370
v 1.33309 -0.10392 -1.18773
v 0.68399 2.10509 -0.37748
v 0.66545 2.16216 -0.39355
v 0.65187 2.20393 -0.43748
v 0.64690 2.21922 -0.49748
v 0.65187 2.20393 -0.55748
v 0.66545 2.16216 -0.60140
v 0.68399 2.10509 -0.61748
v 0.70253 2.04803 -0.60140
v 0.71610 2.00626 -0.55748
v 0.72107 1.99097 -0.49748
v 0.71610 2.00626 -0.43748
v 0.70253 2.04803 -0.39355
v -1.79070 1.30102 -0.37748
v -1.80924 1.35808 -0.39355
v -1.82281 1.39986 -0.43748
v -1.82778 1.41515 -0.49748
v -1.82281 1.39986 -0.55748
v -1.80924 1.35808 -0.60140
v -1.79070 1.30102 -0.61748
v -1.77216 1.24396 -0.60140
v -1.75859 1.20218 -0.55748
v -1.75362 1.18689 -0.49748
v -1.75859 1.20218 -0.43748
v -1.77216 1.24396 -0.39355
v 0.68399 2.03390 -0.40087
v 0.62594 2.05567 -0.40481
v 0.58345 2.09067 -0.43357
v 0.56789 2.12954 -0.47946
v 0.58345 2.16186 -0.53018
v 0.62594 2.17897 -0.57213
v 0.68399 2.17628 -0.59408
v 0.74203 2.15452 -0.59014
v 0.78453 2.11952 -0.56138
v 0.80008 2.08065 -0.51549
v 0.78453 2.04833 -0.46478
v 0.74203 2.03122 -0.42282
v 0.40131 1.16390 -1.04199
v 0.34326 1.18566 -1.04593
v 0.30076 1.22067 -1.07470
v 0.28521 1.25954 -1.12058
v 0.30076 1.29186 -1.17130
v 0.34326 1.30897 -1.21325
v 0.40131 1.30628 -1.23520
v 0.45935 1.28452 -1.23127
v 0.50185 1.24951 -1.20250
v 0.51740 1.21065 -1.15661
v 0.50185 1.17833 -1.10590
v 0.45935 1.16122 -1.06394
v -1.79070 1.30102 -0.37748
v -1.85070 1.30102 -0.39355
v -1.89462 1.30102 -0.43748
v -1.91070 1.30102 -0.49748
v -1.89462 1.30102 -0.55748
v -1.85070 1.30102 -0.60140
v -1.79070 1.30102 -0.61748
v -1.73070 1.30102 -0.60140
v -1.68678 1.30102 -0.55748
v -1.67070 1.30102 -0.49748
v -1.68678 1.30102 -0.43748
v -1.73070 1.30102 -0.39355
v -1.79070 -1.30102 -0.37748
v -1.85070 -1.30102 -0.39355
v -1.89462 -1.30102 -0.43748
v -1.91070 -1.30102 -0.49748
v -1.89462 -1.30102 -0.55748
v -1.85070 -1.30102 -0.60140
v -1.79070 -1.30102 -0.61748
v -1.73070 -1.30102 -0.60140
v -1.68678 -1.30102 -0.55748
v -1.67070 -1.30102 -0.49748
v -1.68678 -1.30102 -0.43748
v -1.73070 -1.30102 -0.39355
v -1.79070 1.20907 -0.42036
v -1.83564 1.19585 -0.46115
v -1.86854 1.21080 -0.51167
v -1.88059 1.24993 -0.55839
v -1.86854 1.30275 -0.58878
v -1.83564 1.35510 -0.59471
v -1.79070 1.39296 -0.57459
v -1.74576 1.40619 -0.53380
v -1.71286 1.39123 -0.48328
v -1.70081 1.35211 -0.43656
v -1.71286 1.29929 -0.40617
v -1.74576 1.24694 -0.40024
v -1.05063 0.67138 -1.06149
v -1.09557 0.65816 -1.10227
v -1.12848 0.67311 -1.15280
v -1.14052 0.71224 -1.19951
v -1.12848 0.76506 -1.22991
v -1.09557 0.81741 -1.23584
v -1.05063 0.85527 -1.21571
v -1.00569 0.86850 -1.17492
v -0.97279 0.85354 -1.12440
v -0.96074 0.81442 -1.07768
v -0.97279 0.76160 -1.04729
v -1.00569 0.70925 -1.04136
v -1.79070 -1.30102 -0.37748
v -1.80924 -1.35808 -0.39355
v -1.82281 -1.39986 -0.43748
v -1.82778 -1.41515 -0.49748
v -1.82281 -1.39986 -0.55748
v -1.80924 -1.35808 -0.60140
v -1.79070 -1.30102 -0.61748
v -1.77216 -1.24396 -0.60140
v -1.75859 -1.20218 -0.55748
v -1.75362 -1.18689 -0.49748
v -1.75859 -1.20218 -0.43748
v -1.77216 -1.24396 -0.39355
v 0.68399 -2.10509 -0.37748
v 0.66545 -2.16216 -0.39355
v 0.65187 -2.20393 -0.43748
v 0.64690 -2.21922 -0.49748
v 0.65187 -2.20393 -0.55748
v 0.66545 -2.16216 -0.60140
v 0.68399 -2.10509 -0.61748
v 0.70253 -2.04803 -0.60140
v 0.71610 -2.00626 -0.55748
v 0.72107 -1.99097 -0.49748
v 0.71610 -2.00626 -0.43748
v 0.70253 -2.04803 -0.39355
v -1.79070 -1.39296 -0.57459
v -1.83564 -1.35510 -0.59471
v -1.86854 -1.30275 -0.58878
v -1.88059 -1.24993 -0.55839
v -1.86854 -1.21080 -0.51167
v -1.83564 -1.19585 -0.46115
v -1.79070 -1.20907 -0.42036
v -1.74576 -1.24694 -0.40024
v -1.71286 -1.29929 -0.40617
v -1.70081 -1.35211 -0.43656
v -1.71286 -1.39123 -0.48328
v -1.74576 -1.40619 -0.53380
v -1.05063 -0.85527 -1.21571
v -1.09557 -0.81741 -1.23584
v -1.12848 -0.76506 -1.22991
v -1.14052 -0.71224 -1.19951
v -1.12848 -0.67311 -1.15280
v -1.09557 -0.65816 -1.10227
v -1.05063 -0.67138 -1.06149
v -1.00569 -0.70925 -1.04136
v -0.97279 -0.76160 -1.04729
v -0.96074 -0.81442 -1.07768
v -0.97279 -0.85354 -1.12440
v -1.00569 -0.86850 -1.17492
v 0.68399 -2.17628 -0.59408
v 0.62594 -2.17897 -0.57213
v 0.58345 -2.16186 -0.53018
v 0.56789 -2.12954 -0.47946
v 0.58345 -2.09067 -0.43357
v 0.62594 -2.05567 -0.40481
v 0.68399 -2.03390 -0.40087
v 0.74203 -2.03122 -0.42282
v 0.78453 -2.04833 -0.46478
v 0.80008 -2.08065 -0.51549
v 0.78453 -2.11952 -0.56138
v 0.74203 -2.15452 -0.59014
v 0.40131 -1.30628 -1.23520
v 0.34326 -1.30897 -1.21325
v 0.30076 -1.29186 -1.17130
v 0.28521 -1.25954 -1.12058
v 0.30076 -1.22067 -1.07470
v 0.34326 -1.18566 -1.04593
v 0.40131 -1.16390 -1.04199
v 0.45935 -1.16122 -1.06394
v 0.50185 -1.17833 -1.10590
v 0.51740 -1.21065 -1.15661
v 0.50185 -1.24951 -1.20250
v 0.45935 -1.28452 -1.23127
v 1.29865 -0.00000 -1.25860
v 1.25011 -0.03527 -1.24252
v 1.21458 -0.06108 -1.19860
v 1.20157 -0.07053 -1.13860
v 1.21458 -0.06108 -1.07860
v 1.25011 -0.03527 -1.03467
v 1.29865 -0.00000 -1.01860
v 1.34719 0.03527 -1.03467
v 1.38273 0.06108 -1.07860
v 1.39573 0.07053 -1.13860
v 1.38273 0.06108 -1.19860
v 1.34719 0.03527 -1.24252
v 0.40131 1.23509 -1.25860
v 0.35276 1.19982 -1.24252
v 0.31723 1.17401 -1.19860
v 0.30422 1.16456 -1.13860
v 0.31723 1.17401 -1.07860
v 0.35276 1.19982 -1.03467
v 0.40131 1.23509 -1.01860
v 0.44985 1.27036 -1.03467
v 0.48538 1.29618 -1.07860
v 0.49839 1.30563 -1.13860
v 0.48538 1.29618 -1.19860
v 0.44985 1.27036 -1.24252
v 1.29865 -0.00000 -1.01860
v 1.25011 0.03527 -1.03467
v 1.21458 0.06108 -1.07860
v 1.20157 0.07053 -1.13860
v 1.21458 0.06108 -1.19860
v 1.25011 0.03527 -1.24252
v 1.29865 -0.00000 -1.25860
v 1.34719 -0.03527 -1.24252
v 1.38273 -0.06108 -1.19860
v 1.39573 -0.07053 -1.13860
v 1.38273 -0.06108 -1.07860
v 1.34719 -0.03527 -1.03467
v 0.40131 -1.23509 -1.01860
v 0.35276 -1.19982 -1.03467
v 0.31723 -1.17401 -1.07860
v 0.30422 -1.16456 -1.13860
v 0.31723 -1.17401 -1.19860
v 0.35276 -1.19982 -1.24252
v 0.40131 -1.23509 -1.25860
v 0.44985 -1.27036 -1.24252
v 0.48538 -1.29618 -1.19860
v 0.49839 -1.30563 -1.13860
v 0.48538 -1.29618 -1.07860
v 0.44985 -1.27036 -1.03467
v 1.29865 -0.12000 -1.13860
v 1.28201 -0.10392 -1.08095
v 1.26982 -0.06000 -1.03875
v 1.26537 -0.00000 -1.02331
v 1.26982 0.06000 -1.03875
v 1.28201 0.10392 -1.08095
v 1.29865 0.12000 -1.13860
v 1.31529 0.10392 -1.19624
v 1.32748 0.06000 -1.23844
v 1.33194 -0.00000 -1.25389
v 1.32748 -0.06000 -1.23844
v 1.31529 -0.10392 -1.19624
v 0.65500 -0.12000 -1.32443
v 0.63836 -0.10392 -1.26678
v 0.62618 -0.06000 -1.22458
v 0.62172 -0.00000 -1.20914
v 0.62618 0.06000 -1.22458
v 0.63836 0.10392 -1.26678
v 0.65500 0.12000 -1.32443
v 0.67165 0.10392 -1.38207
v 0.68383 0.06000 -1.42427
v 0.68829 -0.00000 -1.43972
v 0.68383 -0.06000 -1.42427
v 0.67165 -0.10392 -1.38207
v 0.40131 1.23509 -1.01860
v 0.38276 1.29215 -1.03467
v 0.36919 1.33393 -1.07860
v 0.36422 1.34922 -1.13860
v 0.36919 1.33393 -1.19860
v 0.38276 1.29215 -1.24252
v 0.40131 1.23509 -1.25860
v 0.41985 1.17803 -1.24252
v 0.43342 1.13625 -1.19860
v 0.43839 1.12096 -1.13860
v 0.43342 1.13625 -1.07860
v 0.41985 1.17803 -1.03467
v -1.05063 0.76333 -1.01860
v -1.06917 0.82039 -1.03467
v -1.08275 0.86216 -1.07860
v -1.08771 0.87745 -1.13860
v -1.08275 0.86216 -1.19860
v -1.06917 0.82039 -1.24252
v -1.05063 0.76333 -1.25860
v -1.03209 0.70626 -1.24252
v -1.01852 0.66449 -1.19860
v -1.01355 0.64920 -1.13860
v -1.01852 0.66449 -1.07860
v -1.03209 0.70626 -1.03467
v 0.40131 1.20023 -1.02377
v 0.34401 1.22195 -1.03398
v 0.30207 1.24719 -1.07222
v 0.28672 1.26918 -1.12825
v 0.30207 1.28204 -1.18705
v 0.34401 1.28232 -1.23287
v 0.40131 1.26995 -1.25342
v 0.45860 1.24823 -1.24321
v 0.50054 1.22300 -1.20497
v 0.51589 1.20100 -1.14895
v 0.50054 1.18814 -1.09015
v 0.45860 1.18786 -1.04433
v 0.20241 0.58809 -1.20960
v 0.14511 0.60980 -1.21981
v 0.10317 0.63504 -1.25805
v 0.08782 0.65704 -1.31408
v 0.10317 0.66990 -1.37288
v 0.14511 0.67018 -1.41869
v 0.20241 0.65780 -1.43925
v 0.25970 0.63609 -1.42904
v 0.30164 0.61085 -1.39080
v 0.31700 0.58886 -1.33478
v 0.30164 0.57599 -1.27598
v 0.25970 0.57571 -1.23016
v -1.05063 0.76333 -1.01860
v -1.11063 0.76333 -1.03467
v -1.15455 0.76333 -1.07860
v -1.17063 0.76333 -1.13860
v -1.15455 0.76333 -1.19860
v -1.11063 0.76333 -1.24252
v -1.05063 0.76333 -1.25860
v -0.99063 0.76333 -1.24252
v -0.94671 0.76333 -1.19860
v -0.93063 0.76333 -1.13860
v -0.94671 0.76333 -1.07860
v -0.99063 0.76333 -1.03467
v -1.05063 -0.76333 -1.01860
v -1.11063 -0.76333 -1.03467
v -1.15455 -0.76333 -1.07860
v -1.17063 -0.76333 -1.13860
v -1.15455 -0.76333 -1.19860
v -1.11063 -0.76333 -1.24252
v -1.05063 -0.76333 -1.25860
v -0.99063 -0.76333 -1.24252
v -0.94671 -0.76333 -1.19860
v -0.93063 -0.76333 -1.13860
v -0.94671 -0.76333 -1.07860
v -0.99063 -0.76333 -1.03467
v -1.05063 0.71042 -1.03089
v -1.08838 0.67565 -1.06588
v -1.11602 0.66437 -1.12036
v -1.12613 0.67961 -1.17972
v -1.11602 0.71728 -1.22806
v -1.08838 0.76729 -1.25244
v -1.05063 0.81623 -1.24631
v -1.01288 0.85100 -1.21132
v -0.98525 0.86228 -1.15684
v -0.97513 0.84705 -1.09748
v -0.98525 0.80938 -1.04913
v -1.01288 0.75937 -1.02476
v -0.52991 0.33210 -1.21672
v -0.56766 0.29733 -1.25171
v -0.59529 0.28605 -1.30619
v -0.60541 0.30128 -1.36555
v -0.59529 0.33895 -1.41389
v -0.56766 0.38896 -1.43827
v -0.52991 0.43791 -1.43214
v -0.49216 0.47268 -1.39714
v -0.46452 0.48396 -1.34267
v -0.45441 0.46872 -1.28331
v -0.46452 0.43105 -1.23496
v -0.49216 0.38104 -1.21059
v -1.05063 -0.76333 -1.01860
v -1.06917 -0.82039 -1.03467
v -1.08275 -0.86216 -1.07860
v -1.08771 -0.87745 -1.13860
v -1.08275 -0.86216 -1.19860
v -1.06917 -0.82039 -1.24252
v -1.05063 -0.76333 -1.25860
v -1.03209 -0.70626 -1.24252
v -1.01852 -0.66449 -1.19860
v -1.01355 -0.64920 -1.13860
v -1.01852 -0.66449 -1.07860
v -1.03209 -0.70626 -1.03467
v 0.40131 -1.23509 -1.01860
v 0.38276 -1.29215 -1.03467
v 0.36919 -1.33393 -1.07860
v 0.36422 -1.34922 -1.13860
v 0.36919 -1.33393 -1.19860
v 0.38276 -1.29215 -1.24252
v 0.40131 -1.23509 -1.25860
v 0.41985 -1.17803 -1.24252
v 0.43342 -1.13625 -1.19860
v 0.43839 -1.12096 -1.13860
v 0.43342 -1.13625 -1.07860
v 0.41985 -1.17803 -1.03467
v -1.05063 -0.81623 -1.24631
v -1.08838 -0.76729 -1.25244
v -1.11602 -0.71728 -1.22806
v -1.12613 -0.67961 -1.17972
v -1.11602 -0.66437 -1.12036
v -1.08838 -0.67565 -1.06588
v -1.05063 -0.71042 -1.03089
v -1.01288 -0.75937 -1.02476
v -0.98525 -0.80938 -1.04913
v -0.97513 -0.84705 -1.09748
v -0.98525 -0.86228 -1.15684
v -1.01288 -0.85100 -1.21132
v -0.52991 -0.43791 -1.43214
v -0.56766 -0.38896 -1.43827
v -0.59529 -0.33895 -1.41389
v -0.60541 -0.30128 -1.36555
v -0.59529 -0.28605 -1.30619
v -0.56766 -0.29733 -1.25171
v -0.52991 -0.33210 -1.21672
v -0.49216 -0.38104 -1.21059
v -0.46452 -0.43105 -1.23496
v -0.45441 -0.46872 -1.28331
v -0.46452 -0.48396 -1.34267
v -0.49216 -0.47268 -1.39714
v 0.40131 -1.26995 -1.25342
v 0.34401 -1.28232 -1.23287
v 0.30207 -1.28204 -1.18705
v 0.28672 -1.26918 -1.12825
v 0.30207 -1.24719 -1.07222
v 0.34401 -1.22195 -1.03398
v 0.40131 -1.20023 -1.02377
v 0.45860 -1.18786 -1.04433
v 0.50054 -1.18814 -1.09015
v 0.51589 -1.20100 -1.14895
v 0.50054 -1.22300 -1.20497
v 0.45860 -1.24823 -1.24321
v 0.20241 -0.65780 -1.43925
v 0.14511 -0.67018 -1.41869
v 0.10317 -0.66990 -1.37288
v 0.08782 -0.65704 -1.31408
v 0.10317 -0.63504 -1.25805
v 0.14511 -0.60980 -1.21981
v 0.20241 -0.58809 -1.20960
v 0.25970 -0.57571 -1.23016
v 0.30164 -0.57599 -1.27598
v 0.31700 -0.58886 -1.33478
v 0.30164 -0.61085 -1.39080
v 0.25970 -0.63609 -1.42904
v 0.65500 -0.00000 -1.44443
v 0.60646 -0.03527 -1.42835
v 0.57093 -0.06108 -1.38443
v 0.55792 -0.07053 -1.32443
v 0.57093 -0.06108 -1.26443
v 0.60646 -0.03527 -1.22050
v 0.65500 -0.00000 -1.20443
v 0.70355 0.03527 -1.22050
v 0.73908 0.06108 -1.26443
v 0.75209 0.07053 -1.32443
v 0.73908 0.06108 -1.38443
v 0.70355 0.03527 -1.42835
v 0.20241 0.62295 -1.44443
v 0.15387 0.58768 -1.42835
v 0.11833 0.56186 -1.38443
v 0.10533 0.55241 -1.32443
v 0.11833 0.56186 -1.26443
v 0.15387 0.58768 -1.22050
v 0.20241 0.62295 -1.20443
v 0.25095 0.65821 -1.22050
v 0.28648 0.68403 -1.26443
v 0.29949 0.69348 -1.32443
v 0.28648 0.68403 -1.38443
v 0.25095 0.65821 -1.42835
v 0.65500 -0.00000 -1.20443
v 0.60646 0.03527 -1.22050
v 0.57093 0.06108 -1.26443
v 0.55792 0.07053 -1.32443
v 0.57093 0.06108 -1.38443
v 0.60646 0.03527 -1.42835
v 0.65500 -0.00000 -1.44443
v 0.70355 -0.03527 -1.42835
v 0.73908 -0.06108 -1.38443
v 0.75209 -0.07053 -1.32443
v 0.73908 -0.06108 -1.26443
v 0.70355 -0.03527 -1.22050
v 0.20241 -0.62295 -1.20443
v 0.15387 -0.58768 -1.22050
v 0.11833 -0.56186 -1.26443
v 0.10533 -0.55241 -1.32443
v 0.11833 -0.56186 -1.38443
v 0.15387 -0.58768 -1.42835
v 0.20241 -0.62295 -1.44443
v 0.25095 -0.65821 -1.42835
v 0.28648 -0.68403 -1.38443
v 0.29949 -0.69348 -1.32443
v 0.28648 -0.68403 -1.26443
v 0.25095 -0.65821 -1.22050
v 0.20241 0.62295 -1.20443
v 0.18387 0.68001 -1.22050
v 0.17029 0.72178 -1.26443
v 0.16533 0.73707 -1.32443
v 0.17029 0.72178 -1.38443
v 0.18387 0.68001 -1.42835
v 0.20241 0.62295 -1.44443
v 0.22095 0.56588 -1.42835
v 0.23452 0.52411 -1.38443
v 0.23949 0.50882 -1.32443
v 0.23452 0.52411 -1.26443
v 0.22095 0.56588 -1.22050
v -0.52991 0.38500 -1.20443
v -0.54845 0.44207 -1.22050
v -0.56202 0.48384 -1.26443
v -0.56699 0.49913 -1.32443
v -0.56202 0.48384 -1.38443
v -0.54845 0.44207 -1.42835
v -0.52991 0.38500 -1.44443
v -0.51137 0.32794 -1.42835
v -0.49780 0.28617 -1.38443
v -0.49283 0.27088 -1.32443
v -0.49780 0.28617 -1.26443
v -0.51137 0.32794 -1.22050
v -0.52991 0.38500 -1.20443
v -0.58991 0.38500 -1.22050
v -0.63383 0.38500 -1.26443
v -0.64991 0.38500 -1.32443
v -0.63383 0.38500 -1.38443
v -0.58991 0.38500 -1.42835
v -0.52991 0.38500 -1.44443
v -0.46991 0.38500 -1.42835
v -0.42599 0.38500 -1.38443
v -0.40991 0.38500 -1.32443
v -0.42599 0.38500 -1.26443
v -0.46991 0.38500 -1.22050
v -0.52991 -0.38500 -1.20443
v -0.58991 -0.38500 -1.22050
v -0.63383 -0.38500 -1.26443
v -0.64991 -0.38500 -1.32443
v -0.63383 -0.38500 -1.38443
v -0.58991 -0.38500 -1.42835
v -0.52991 -0.38500 -1.44443
v -0.46991 -0.38500 -1.42835
v -0.42599 -0.38500 -1.38443
v -0.40991 -0.38500 -1.32443
v -0.42599 -0.38500 -1.26443
v -0.46991 -0.38500 -1.22050
v -0.52991 -0.38500 -1.20443
v -0.54845 -0.44207 -1.22050
v -0.56202 -0.48384 -1.26443
v -0.56699 -0.49913 -1.32443
v -0.56202 -0.48384 -1.38443
v -0.54845 -0.44207 -1.42835
v -0.52991 -0.38500 -1.44443
v -0.51137 -0.32794 -1.42835
v -0.49780 -0.28617 -1.38443
v -0.49283 -0.27088 -1.32443
v -0.49780 -0.28617 -1.26443
v -0.51137 -0.32794 -1.22050
v 0.20241 -0.62295 -1.20443
v 0.18387 -0.68001 -1.22050
v 0.17029 -0.72178 -1.26443
v 0.16533 -0.73707 -1.32443
v 0.17029 -0.72178 -1.38443
v 0.18387 -0.68001 -1.42835
v 0.20241 -0.62295 -1.44443
v 0.22095 -0.56588 -1.42835
v 0.23452 -0.52411 -1.38443
v 0.23949 -0.50882 -1.32443
v 0.23452 -0.52411 -1.26443
v 0.22095 -0.56588 -1.22050
f 1 43 45
f 13 44 43
f 15 45 44
f 43 44 45
f 12 46 48
f 14 47 46
f 13 48 47
f 46 47 48
f 6 49 51
f 15 50 49
f 14 51 50
f 49 50 51
f 13 47 44
f 14 50 47
f 15 44 50
f 47 50 44
f 1 45 53
f 15 52 45
f 17 53 52
f 45 52 53
f 6 54 49
f 16 55 54
f 15 49 55
f 54 55 49
f 2 56 58
f 17 57 56
f 16 58 57
f 56 57 58
f 15 55 52
f 16 57 55
f 17 52 57
f 55 57 52
f 1 53 60
f 17 59 53
f 19 60 59
f 53 59 60
f 2 61 56
f 18 62 61
f 17 56 62
f 61 62 56
f 8 63 65
f 19 64 63
f 18 65 64
f 63 64 65
f 17 62 59
f 18 64 62
f 19 59 64
f 62 64 59
f 1 60 67
f 19 66 60
f 21 67 66
f 60 66 67
f 8 68 63
f 20 69 68
f 19 63 69
f 68 69 63
f 11 70 72
f 21 71 70
f 20 72 71
f 70 71 72
f 19 69 66
f 20 71 69
f 21 66 71
f 69 71 66
f 1 67 43
f 21 73 67
f 13 43 73
f 67 73 43
f 11 74 70
f 22 75 74
f 21 70 75
f 74 75 70
f 12 48 77
f 13 76 48
f 22 77 76
f 48 76 77
f 21 75 73
f 22 76 75
f 13 73 76
f 75 76 73
f 2 58 79
f 16 78 58
f 24 79 78
f 58 78 79
f 6 80 54
f 23 81 80
f 16 54 81
f 80 81 54
f 10 82 84
f 24 83 82
f 23 84 83
f 82 83 84
f 16 81 78
f 23 83 81
f 24 78 83
f 81 83 78
f 6 51 86
f 14 85 51
f 26 86 85
f 51 85 86
f 12 87 46
f 25 88 87
f 14 46 88
f 87 88 46
f 5 89 91
f 26 90 89
f 25 91 90
f 89 90 91
f 14 88 85
f 25 90 88
f 26 85 90
f 88 90 85
f 12 77 93
f 22 92 77
f 28 93 92
f 77 92 93
f 11 94 74
f 27 95 94
f 22 74 95
f 94 95 74
f 3 96 98
f 28 97 96
f 27 98 97
f 96 97 98
f 22 95 92
f 27 97 95
f 28 92 97
f 95 97 92
f 11 72 100
f 20 99 72
f 30 100 99
f 72 99 100
f 8 101 68
f 29 102 101
f 20 68 102
f 101 102 68
f 7 103 105
f 30 104 103
f 29 105 104
f 103 104 105
f 20 102 99
f 29 104 102
f 30 99 104
f 102 104 99
f 8 65 107
f 18 106 65
f 32 107 106
f 65 106 107
f 2 108 61
f 31 109 108
f 18 61 109
f 108 109 61
f 9 110 112
f 32 111 110
f 31 112 111
f 110 111 112
f 18 109 106
f 31 111 109
f 32 106 111
f 109 111 106
f 4 113 115
f 33 114 113
f 35 115 114
f 113 114 115
f 10 116 118
f 34 117 116
f 33 118 117
f 116 117 118
f 5 119 121
f 35 120 119
f 34 121 120
f 119 120 121
f 33 117 114
f 34 120 117
f 35 114 120
f 117 120 114
f 4 115 123
f 35 122 115
f 37 123 122
f 115 122 123
f 5 124 119
f 36 125 124
f 35 119 125
f 124 125 119
f 3 126 128
f 37 127 126
f 36 128 127
f 126 127 128
f 35 125 122
f 36 127 125
f 37 122 127
f 125 127 122
f 4 123 130
f 37 129 123
f 39 130 129
f 123 129 130
f 3 131 126
f 38 132 131
f 37 126 132
f 131 132 126
f 7 133 135
f 39 134 133
f 38 135 134
f 133 134 135
f 37 132 129
f 38 134 132
f 39 129 134
f 132 134 129
f 4 130 137
f 39 136 130
f 41 137 136
f 130 136 137
f 7 138 133
f 40 139 138
f 39 133 139
f 138 139 133
f 9 140 142
f 41 141 140
f 40 142 141
f 140 141 142
f 39 139 136
f 40 141 139
f 41 136 141
f 139 141 136
f 4 137 113
f 41 143 137
f 33 113 143
f 137 143 113
f 9 144 140
f 42 145 144
f 41 140 145
f 144 145 140
f 10 118 147
f 33 146 118
f 42 147 146
f 118 146 147
f 41 145 143
f 42 146 145
f 33 143 146
f 145 146 143
f 5 121 89
f 34 148 121
f 26 89 148
f 121 148 89
f 10 84 116
f 23 149 84
f 34 116 149
f 84 149 116
f 6 86 80
f 26 150 86
f 23 80 150
f 86 150 80
f 34 149 148
f 23 150 149
f 26 148 150
f 149 150 148
f 3 128 96
f 36 151 128
f 28 96 151
f 128 151 96
f 5 91 124
f 25 152 91
f 36 124 152
f 91 152 124
f 12 93 87
f 28 153 93
f 25 87 153
f 93 153 87
f 36 152 151
f 25 153 152
f 28 151 153
f 152 153 151
f 7 135 103
f 38 154 135
f 30 103 154
f 135 154 103
f 3 98 131
f 27 155 98
f 38 131 155
f 98 155 131
f 11 100 94
f 30 156 100
f 27 94 156
f 100 156 94
f 38 155 154
f 27 156 155
f 30 154 156
f 155 156 154
f 9 142 110
f 40 157 142
f 32 110 157
f 142 157 110
f 7 105 138
f 29 158 105
f 40 138 158
f 105 158 138
f 8 107 101
f 32 159 107
f 29 101 159
f 107 159 101
f 40 158 157
f 29 159 158
f 32 157 159
f 158 159 157
f 10 147 82
f 42 160 147
f 24 82 160
f 147 160 82
f 9 112 144
f 31 161 112
f 42 144 161
f 112 161 144
f 2 79 108
f 24 162 79
f 31 108 162
f 79 162 108
f 42 161 160
f 31 162 161
f 24 160 162
f 161 162 160
f 163 205 207
f 175 206 205
f 177 207 206
f 205 206 207
f 174 208 210
f 176 209 208
f 175 210 209
f 208 209 210
f 168 211 213
f 177 212 211
f 176 213 212
f 211 212 213
f 175 209 206
f 176 212 209
f 177 206 212
f 209 212 206
f 163 207 215
f 177 214 207
f 179 215 214
f 207 214 215
f 168 216 211
f 178 217 216
f 177 211 217
f 216 217 211
f 164 218 220
f 179 219 218
f 178 220 219
f 218 219 220
f 177 217 214
f 178 219 217
f 179 214 219
f 217 219 214
f 163 215 222
f 179 221 215
f 181 222 221
f 215 221 222
f 164 223 218
f 180 224 223
f 179 218 224
f 223 224 218
f 170 225 227
f 181 226 225
f 180 227 226
f 225 226 227
f 179 224 221
f 180 226 224
f 181 221 226
f 224 226 221
f 163 222 229
f 181 228 222
f 183 229 228
f 222 228 229
f 170 230 225
f 182 231 230
f 181 225 231
f 230 231 225
f 173 232 234
f 183 233 232
f 182 234 233
f 232 233 234
f 181 231 228
f 182 233 231
f 183 228 233
f 231 233 228
f 163 229 205
f 183 235 229
f 175 205 235
f 229 235 205
f 173 236 232
f 184 237 236
f 183 232 237
f 236 237 232
f 174 210 239
f 175 238 210
f 184 239 238
f 210 238 239
f 183 237 235
f 184 238 237
f 175 235 238
f 237 238 235
f 164 220 241
f 178 240 220
f 186 241 240
f 220 240 241
f 168 242 216
f 185 243 242
f 178 216 243
f 242 243 216
f 172 244 246
f 186 245 244
f 185 246 245
f 244 245 246
f 178 243 240
f 185 245 243
f 186 240 245
f 243 245 240
f 168 213 248
f 176 247 213
f 188 248 247
f 213 247 248
f 174 249 208
f 187 250 249
f 176 208 250
f 249 250 208
f 167 251 253
f 188 252 251
f 187 253 252
f 251 252 253
f 176 250 247
f 187 252 250
f 188 247 252
f 250 252 247
f 174 239 255
f 184 254 239
f 190 255 254
f 239 254 255
f 173 256 236
f 189 257 256
f 184 236 257
f 256 257 236
f 165 258 260
f 190 259 258
f 189 260 259
f 258 259 260
f 184 257 254
f 189 259 257
f 190 254 259
f 257 259 254
f 173 234 262
f 182 261 234
f 192 262 261
f 234 261 262
f 170 263 230
f 191 264 263
f 182 230 264
f 263 264 230
f 169 265 267
f 192 266 265
f 191 267 266
f 265 266 267
f 182 264 261
f 191 266 264
f 192 261 266
f 264 266 261
f 170 227 269
f 180 268 227
f 194 269 268
f 227 268 269
f 164 270 223
f 193 271 270
f 180 223 271
f 270 271 223
f 171 272 274
f 194 273 272
f 193 274 273
f 272 273 274
f 180 271 268
f 193 273 271
f 194 268 273
f 271 273 268
f 166 275 277
f 195 276 275
f 197 277 276
f 275 276 277
f 172 278 280
f 196 279 278
f 195 280 279
f 278 279 280
f 167 281 283
f 197 282 281
f 196 283 282
f 281 282 283
f 195 279 276
f 196 282 279
f 197 276 282
f 279 282 276
f 166 277 285
f 197 284 277
f 199 285 284
f 277 284 285
f 167 286 281
f 198 287 286
f 197 281 287
f 286 287 281
f 165 288 290
f 199 289 288
f 198 290 289
f 288 289 290
f 197 287 284
f 198 289 287
f 199 284 289
f 287 289 284
f 166 285 292
f 199 291 285
f 201 292 291
f 285 291 292
f 165 293 288
f 200 294 293
f 199 288 294
f 293 294 288
f 169 295 297
f 201 296 295
f 200 297 296
f 295 296 297
f 199 294 291
f 200 296 294
f 201 291 296
f 294 296 291
f 166 292 299
f 201 298 292
f 203 299 298
f 292 298 299
f 169 300 295
f 202 301 300
f 201 295 301
f 300 301 295
f 171 302 304
f 203 303 302
f 202 304 303
f 302 303 304
f 201 301 298
f 202 303 301
f 203 298 303
f 301 303 298
f 166 299 275
f 203 305 299
f 195 275 305
f 299 305 275
f 171 306 302
f 204 307 306
f 203 302 307
f 306 307 302
f 172 280 309
f 195 308 280
f 204 309 308
f 280 308 309
f 203 307 305
f 204 308 307
f 195 305 308
f 307 308 305
f 167 283 251
f 196 310 283
f 188 251 310
f 283 310 251
f 172 246 278
f 185 311 246
f 196 278 311
f 246 311 278
f 168 248 242
f 188 312 248
f 185 242 312
f 248 312 242
f 196 311 310
f 185 312 311
f 188 310 312
f 311 312 310
f 165 290 258
f 198 313 290
f 190 258 313
f 290 313 258
f 167 253 286
f 187 314 253
f 198 286 314
f 253 314 286
f 174 255 249
f 190 315 255
f 187 249 315
f 255 315 249
f 198 314 313
f 187 315 314
f 190 313 315
f 314 315 313
f 169 297 265
f 200 316 297
f 192 265 316
f 297 316 265
f 165 260 293
f 189 317 260
f 200 293 317
f 260 317 293
f 173 262 256
f 192 318 262
f 189 256 318
f 262 318 256
f 200 317 316
f 189 318 317
f 192 316 318
f 317 318 316
f 171 304 272
f 202 319 304
f 194 272 319
f 304 319 272
f 169 267 300
f 191 320 267
f 202 300 320
f 267 320 300
f 170 269 263
f 194 321 269
f 191 263 321
f 269 321 263
f 202 320 319
f 191 321 320
f 194 319 321
f 320 321 319
f 172 309 244
f 204 322 309
f 186 244 322
f 309 322 244
f 171 274 306
f 193 323 274
f 204 306 323
f 274 323 306
f 164 241 270
f 186 324 241
f 193 270 324
f 241 324 270
f 204 323 322
f 193 324 323
f 186 322 324
f 323 324 322
f 325 367 369
f 337 368 367
f 339 369 368
f 367 368 369
f 336 370 372
f 338 371 370
f 337 372 371
f 370 371 372
f 330 373 375
f 339 374 373
f 338 375 374
f 373 374 375
f 337 371 368
f 338 374 371
f 339 368 374
f 371 374 368
f 325 369 377
f 339 376 369
f 341 377 376
f 369 376 377
f 330 378 373
f 340 379 378
f 339 373 379
f 378 379 373
f 326 380 382
f 341 381 380
f 340 382 381
f 380 381 382
f 339 379 376
f 340 381 379
f 341 376 381
f 379 381 376
f 325 377 384
f 341 383 377
f 343 384 383
f 377 383 384
f 326 385 380
f 342 386 385
f 341 380 386
f 385 386 380
f 332 387 389
f 343 388 387
f 342 389 388
f 387 388 389
f 341 386 383
f 342 388 386
f 343 383 388
f 386 388 383
f 325 384 391
f 343 390 384
f 345 391 390
f 384 390 391
f 332 392 387
f 344 393 392
f 343 387 393
f 392 393 387
f 335 394 396
f 345 395 394
f 344 396 395
f 394 395 396
f 343 393 390
f 344 395 393
f 345 390 395
f 393 395 390
f 325 391 367
f 345 397 391
f 337 367 397
f 391 397 367
f 335 398 394
f 346 399 398
f 345 394 399
f 398 399 394
f 336 372 401
f 337 400 372
f 346 401 400
f 372 400 401
f 345 399 397
f 346 400 399
f 337 397 400
f 399 400 397
f 326 382 403
f 340 402 382
f 348 403 402
f 382 402 403
f 330 404 378
f 347 405 404
f 340 378 405
f 404 405 378
f 334 406 408
f 348 407 406
f 347 408 407
f 406 407 408
f 340 405 402
f 347 407 405
f 348 402 407
f 405 407 402
f 330 375 410
f 338 409 375
f 350 410 409
f 375 409 410
f 336 411 370
f 349 412 411
f 338 370 412
f 411 412 370
f 329 413 415
f 350 414 413
f 349 415 414
f 413 414 415
f 338 412 409
f 349 414 412
f 350 409 414
f 412 414 409
f 336 401 417
f 346 416 401
f 352 417 416
f 401 416 417
f 335 418 398
f 351 419 418
f 346 398 419
f 418 419 398
f 327 420 422
f 352 421 420
f 351 422 421
f 420 421 422
f 346 419 416
f 351 421 419
f 352 416 421
f 419 421 416
f 335 396 424
f 344 423 396
f 354 424 423
f 396 423 424
f 332 425 392
f 353 426 425
f 344 392 426
f 425 426 392
f 331 427 429
f 354 428 427
f 353 429 428
f 427 428 429
f 344 426 423
f 353 428 426
f 354 423 428
f 426 428 423
f 332 389 431
f 342 430 389
f 356 431 430
f 389 430 431
f 326 432 385
f 355 433 432
f 342 385 433
f 432 433 385
f 333 434 436
f 356 435 434
f 355 436 435
f 434 435 436
f 342 433 430
f 355 435 433
f 356 430 435
f 433 435 430
f 328 437 439
f 357 438 437
f 359 439 438
f 437 438 439
f 334 440 442
f 358 441 440
f 357 442 441
f 440 441 442
f 329 443 445
f 359 444 443
f 358 445 444
f 443 444 445
f 357 441 438
f 358 444 441
f 359 438 444
f 441 444 438
f 328 439 447
f 359 446 439
f 361 447 446
f 439 446 447
f 329 448 443
f 360 449 448
f 359 443 449
f 448 449 443
f 327 450 452
f 361 451 450
f 360 452 451
f 450 451 452
f 359 449 446
f 360 451 449
f 361 446 451
f 449 451 446
f 328 447 454
f 361 453 447
f 363 454 453
f 447 453 454
f 327 455 450
f 362 456 455
f 361 450 456
f 455 456 450
f 331 457 459
f 363 458 457
f 362 459 458
f 457 458 459
f 361 456 453
f 362 458 456
f 363 453 458
f 456 458 453
f 328 454 461
f 363 460 454
f 365 461 460
f 454 460 461
f 331 462 457
f 364 463 462
f 363 457 463
f 462 463 457
f 333 464 466
f 365 465 464
f 364 466 465
f 464 465 466
f 363 463 460
f 364 465 463
f 365 460 465
f 463 465 460
f 328 461 437
f 365 467 461
f 357 437 467
f 461 467 437
f 333 468 464
f 366 469 468
f 365 464 469
f 468 469 464
f 334 442 471
f 357 470 442
f 366 471 470
f 442 470 471
f 365 469 467
f 366 470 469
f 357 467 470
f 469 470 467
f 329 445 413
f 358 472 445
f 350 413 472
f 445 472 413
f 334 408 440
f 347 473 408
f 358 440 473
f 408 473 440
f 330 410 404
f 350 474 410
f 347 404 474
f 410 474 404
f 358 473 472
f 347 474 473
f 350 472 474
f 473 474 472
f 327 452 420
f 360 475 452
f 352 420 475
f 452 475 420
f 329 415 448
f 349 476 415
f 360 448 476
f 415 476 448
f 336 417 411
f 352 477 417
f 349 411 477
f 417 477 411
f 360 476 475
f 349 477 476
f 352 475 477
f 476 477 475
f 331 459 427
f 362 478 459
f 354 427 478
f 459 478 427
f 327 422 455
f 351 479 422
f 362 455 479
f 422 479 455
f 335 424 418
f 354 480 424
f 351 418 480
f 424 480 418
f 362 479 478
f 351 480 479
f 354 478 480
f 479 480 478
f 333 466 434
f 364 481 466
f 356 434 481
f 466 481 434
f 331 429 462
f 353 482 429
f 364 462 482
f 429 482 462
f 332 431 425
f 356 483 431
f 353 425 483
f 431 483 425
f 364 482 481
f 353 483 482
f 356 481 483
f 482 483 481
f 334 471 406
f 366 484 471
f 348 406 484
f 471 484 406
f 333 436 468
f 355 485 436
f 366 468 485
f 436 485 468
f 326 403 432
f 348 486 403
f 355 432 486
f 403 486 432
f 366 485 484
f 355 486 485
f 348 484 486
f 485 486 484
f 487 529 531
f 499 530 529
f 501 531 530
f 529 530 531
f 498 532 534
f 500 533 532
f 499 534 533
f 532 533 534
f 492 535 537
f 501 536 535
f 500 537 536
f 535 536 537
f 499 533 530
f 500 536 533
f 501 530 536
f 533 536 530
f 487 531 539
f 501 538 531
f 503 539 538
f 531 538 539
f 492 540 535
f 502 541 540
f 501 535 541
f 540 541 535
f 488 542 544
f 503 543 542
f 502 544 543
f 542 543 544
f 501 541 538
f 502 543 541
f 503 538 543
f 541 543 538
f 487 539 546
f 503 545 539
f 505 546 545
f 539 545 546
f 488 547 542
f 504 548 547
f 503 542 548
f 547 548 542
f 494 549 551
f 505 550 549
f 504 551 550
f 549 550 551
f 503 548 545
f 504 550 548
f 505 545 550
f 548 550 545
f 487 546 553
f 505 552 546
f 507 553 552
f 546 552 553
f 494 554 549
f 506 555 554
f 505 549 555
f 554 555 549
f 497 556 558
f 507 557 556
f 506 558 557
f 556 557 558
f 505 555 552
f 506 557 555
f 507 552 557
f 555 557 552
f 487 553 529
f 507 559 553
f 499 529 559
f 553 559 529
f 497 560 556
f 508 561 560
f 507 556 561
f 560 561 556
f 498 534 563
f 499 562 534
f 508 563 562
f 534 562 563
f 507 561 559
f 508 562 561
f 499 559 562
f 561 562 559
f 488 544 565
f 502 564 544
f 510 565 564
f 544 564 565
f 492 566 540
f 509 567 566
f 502 540 567
f 566 567 540
f 496 568 570
f 510 569 568
f 509 570 569
f 568 569 570
f 502 567 564
f 509 569 567
f 510 564 569
f 567 569 564
f 492 537 572
f 500 571 537
f 512 572 571
f 537 571 572
f 498 573 532
f 511 574 573
f 500 532 574
f 573 574 532
f 491 575 577
f 512 576 575
f 511 577 576
f 575 576 577
f 500 574 571
f 511 576 574
f 512 571 576
f 574 576 571
f 498 563 579
f 508 578 563
f 514 579 578
f 563 578 579
f 497 580 560
f 513 581 580
f 508 560 581
f 580 581 560
f 489 582 584
f 514 583 582
f 513 584 583
f 582 583 584
f 508 581 578
f 513 583 581
f 514 578 583
f 581 583 578
f 497 558 586
f 506 585 558
f 516 586 585
f 558 585 586
f 494 587 554
f 515 588 587
f 506 554 588
f 587 588 554
f 493 589 591
f 516 590 589
f 515 591 590
f 589 590 591
f 506 588 585
f 515 590 588
f 516 585 590
f 588 590 585
f 494 551 593
f 504 592 551
f 518 593 592
f 551 592 593
f 488 594 547
f 517 595 594
f 504 547 595
f 594 595 547
f 495 596 598
f 518 597 596
f 517 598 597
f 596 597 598
f 504 595 592
f 517 597 595
f 518 592 597
f 595 597 592
f 490 599 601
f 519 600 599
f 521 601 600
f 599 600 601
f 496 602 604
f 520 603 602
f 519 604 603
f 602 603 604
f 491 605 607
f 521 606 605
f 520 607 606
f 605 606 607
f 519 603 600
f 520 606 603
f 521 600 606
f 603 606 600
f 490 601 609
f 521 608 601
f 523 609 608
f 601 608 609
f 491 610 605
f 522 611 610
f 521 605 611
f 610 611 605
f 489 612 614
f 523 613 612
f 522 614 613
f 612 613 614
f 521 611 608
f 522 613 611
f 523 608 613
f 611 613 608
f 490 609 616
f 523 615 609
f 525 616 615
f 609 615 616
f 489 617 612
f 524 618 617
f 523 612 618
f 617 618 612
f 493 619 621
f 525 620 619
f 524 621 620
f 619 620 621
f 523 618 615
f 524 620 618
f 525 615 620
f 618 620 615
f 490 616 623
f 525 622 616
f 527 623 622
f 616 622 623
f 493 624 619
f 526 625 624
f 525 619 625
f 624 625 619
f 495 626 628
f 527 627 626
f 526 628 627
f 626 627 628
f 525 625 622
f 526 627 625
f 527 622 627
f 625 627 622
f 490 623 599
f 527 629 623
f 519 599 629
f 623 629 599
f 495 630 626
f 528 631 630
f 527 626 631
f 630 631 626
f 496 604 633
f 519 632 604
f 528 633 632
f 604 632 633
f 527 631 629
f 528 632 631
f 519 629 632
f 631 632 629
f 491 607 575
f 520 634 607
f 512 575 634
f 607 634 575
f 496 570 602
f 509 635 570
f 520 602 635
f 570 635 602
f 492 572 566
f 512 636 572
f 509 566 636
f 572 636 566
f 520 635 634
f 509 636 635
f 512 634 636
f 635 636 634
f 489 614 582
f 522 637 614
f 514 582 637
f 614 637 582
f 491 577 610
f 511 638 577
f 522 610 638
f 577 638 610
f 498 579 573
f 514 639 579
f 511 573 639
f 579 639 573
f 522 638 637
f 511 639 638
f 514 637 639
f 638 639 637
f 493 621 589
f 524 640 621
f 516 589 640
f 621 640 589
f 489 584 617
f 513 641 584
f 524 617 641
f 584 641 617
f 497 586 580
f 516 642 586
f 513 580 642
f 586 642 580
f 524 641 640
f 513 642 641
f 516 640 642
f 641 642 640
f 495 628 596
f 526 643 628
f 518 596 643
f 628 643 596
f 493 591 624
f 515 644 591
f 526 624 644
f 591 644 624
f 494 593 587
f 518 645 593
f 515 587 645
f 593 645 587
f 526 644 643
f 515 645 644
f 518 643 645
f 644 645 643
f 496 633 568
f 528 646 633
f 510 568 646
f 633 646 568
f 495 598 630
f 517 647 598
f 528 630 647
f 598 647 630
f 488 565 594
f 510 648 565
f 517 594 648
f 565 648 594
f 528 647 646
f 517 648 647
f 510 646 648
f 647 648 646
f 649 691 693
f 661 692 691
f 663 693 692
f 691 692 693
f 660 694 696
f 662 695 694
f 661 696 695
f 694 695 696
f 654 697 699
f 663 698 697
f 662 699 698
f 697 698 699
f 661 695 692
f 662 698 695
f 663 692 698
f 695 698 692
f 649 693 701
f 663 700 693
f 665 701 700
f 693 700 701
f 654 702 697
f 664 703 702
f 663 697 703
f 702 703 697
f 650 704 706
f 665 705 704
f 664 706 705
f 704 705 706
f 663 703 700
f 664 705 703
f 665 700 705
f 703 705 700
f 649 701 708
f 665 707 701
f 667 708 707
f 701 707 708
f 650 709 704
f 666 710 709
f 665 704 710
f 709 710 704
f 656 711 713
f 667 712 711
f 666 713 712
f 711 712 713
f 665 710 707
f 666 712 710
f 667 707 712
f 710 712 707
f 649 708 715
f 667 714 708
f 669 715 714
f 708 714 715
f 656 716 711
f 668 717 716
f 667 711 717
f 716 717 711
f 659 718 720
f 669 719 718
f 668 720 719
f 718 719 720
f 667 717 714
f 668 719 717
f 669 714 719
f 717 719 714
f 649 715 691
f 669 721 715
f 661 691 721
f 715 721 691
f 659 722 718
f 670 723 722
f 669 718 723
f 722 723 718
f 660 696 725
f 661 724 696
f 670 725 724
f 696 724 725
f 669 723 721
f 670 724 723
f 661 721 724
f 723 724 721
f 650 706 727
f 664 726 706
f 672 727 726
f 706 726 727
f 654 728 702
f 671 729 728
f 664 702 729
f 728 729 702
f 658 730 732
f 672 731 730
f 671 732 731
f 730 731 732
f 664 729 726
f 671 731 729
f 672 726 731
f 729 731 726
f 654 699 734
f 662 733 699
f 674 734 733
f 699 733 734
f 660 735 694
f 673 736 735
f 662 694 736
f 735 736 694
f 653 737 739
f 674 738 737
f 673 739 738
f 737 738 739
f 662 736 733
f 673 738 736
f 674 733 738
f 736 738 733
f 660 725 741
f 670 740 725
f 676 741 740
f 725 740 741
f 659 742 722
f 675 743 742
f 670 722 743
f 742 743 722
f 651 744 746
f 676 745 744
f 675 746 745
f 744 745 746
f 670 743 740
f 675 745 743
f 676 740 745
f 743 745 740
f 659 720 748
f 668 747 720
f 678 748 747
f 720 747 748
f 656 749 716
f 677 750 749
f 668 716 750
f 749 750 716
f 655 751 753
f 678 752 751
f 677 753 752
f 751 752 753
f 668 750 747
f 677 752 750
f 678 747 752
f 750 752 747
f 656 713 755
f 666 754 713
f 680 755 754
f 713 754 755
f 650 756 709
f 679 757 756
f 666 709 757
f 756 757 709
f 657 758 760
f 680 759 758
f 679 760 759
f 758 759 760
f 666 757 754
f 679 759 757
f 680 754 759
f 757 759 754
f 652 761 763
f 681 762 761
f 683 763 762
f 761 762 763
f 658 764 766
f 682 765 764
f 681 766 765
f 764 765 766
f 653 767 769
f 683 768 767
f 682 769 768
f 767 768 769
f 681 765 762
f 682 768 765
f 683 762 768
f 765 768 762
f 652 763 771
f 683 770 763
f 685 771 770
f 763 770 771
f 653 772 767
f 684 773 772
f 683 767 773
f 772 773 767
f 651 774 776
f 685 775 774
f 684 776 775
f 774 775 776
f 683 773 770
f 684 775 773
f 685 770 775
f 773 775 770
f 652 771 778
f 685 777 771
f 687 778 777
f 771 777 778
f 651 779 774
f 686 780 779
f 685 774 780
f 779 780 774
f 655 781 783
f 687 782 781
f 686 783 782
f 781 782 783
f 685 780 777
f 686 782 780
f 687 777 782
f 780 782 777
f 652 778 785
f 687 784 778
f 689 785 784
f 778 784 785
f 655 786 781
f 688 787 786
f 687 781 787
f 786 787 781
f 657 788 790
f 689 789 788
f 688 790 789
f 788 789 790
f 687 787 784
f 688 789 787
f 689 784 789
f 787 789 784
f 652 785 761
f 689 791 785
f 681 761 791
f 785 791 761
f 657 792 788
f 690 793 792
f 689 788 793
f 792 793 788
f 658 766 795
f 681 794 766
f 690 795 794
f 766 794 795
f 689 793 791
f 690 794 793
f 681 791 794
f 793 794 791
f 653 769 737
f 682 796 769
f 674 737 796
f 769 796 737
f 658 732 764
f 671 797 732
f 682 764 797
f 732 797 764
f 654 734 728
f 674 798 734
f 671 728 798
f 734 798 728
f 682 797 796
f 671 798 797
f 674 796 798
f 797 798 796
f 651 776 744
f 684 799 776
f 676 744 799
f 776 799 744
f 653 739 772
f 673 800 739
f 684 772 800
f 739 800 772
f 660 741 735
f 676 801 741
f 673 735 801
f 741 801 735
f 684 800 799
f 673 801 800
f 676 799 801
f 800 801 799
f 655 783 751
f 686 802 783
f 678 751 802
f 783 802 751
f 651 746 779
f 675 803 746
f 686 779 803
f 746 803 779
f 659 748 742
f 678 804 748
f 675 742 804
f 748 804 742
f 686 803 802
f 675 804 803
f 678 802 804
f 803 804 802
f 657 790 758
f 688 805 790
f 680 758 805
f 790 805 758
f 655 753 786
f 677 806 753
f 688 786 806
f 753 806 786
f 656 755 749
f 680 807 755
f 677 749 807
f 755 807 749
f 688 806 805
f 677 807 806
f 680 805 807
f 806 807 805
f 658 795 730
f 690 808 795
f 672 730 808
f 795 808 730
f 657 760 792
f 679 809 760
f 690 792 809
f 760 809 792
f 650 727 756
f 672 810 727
f 679 756 810
f 727 810 756
f 690 809 808
f 679 810 809
f 672 808 810
f 809 810 808
f 811 853 855
f 823 854 853
f 825 855 854
f 853 854 855
f 822 856 858
f 824 857 856
f 823 858 857
f 856 857 858
f 816 859 861
f 825 860 859
f 824 861 860
f 859 860 861
f 823 857 854
f 824 860 857
f 825 854 860
f 857 860 854
f 811 855 863
f 825 862 855
f 827 863 862
f 855 862 863
f 816 864 859
f 826 865 864
f 825 859 865
f 864 865 859
f 812 866 868
f 827 867 866
f 826 868 867
f 866 867 868
f 825 865 862
f 826 867 865
f 827 862 867
f 865 867 862
f 811 863 870
f 827 869 863
f 829 870 869
f 863 869 870
f 812 871 866
f 828 872 871
f 827 866 872
f 871 872 866
f 818 873 875
f 829 874 873
f 828 875 874
f 873 874 875
f 827 872 869
f 828 874 872
f 829 869 874
f 872 874 869
f 811 870 877
f 829 876 870
f 831 877 876
f 870 876 877
f 818 878 873
f 830 879 878
f 829 873 879
f 878 879 873
f 821 880 882
f 831 881 880
f 830 882 881
f 880 881 882
f 829 879 876
f 830 881 879
f 831 876 881
f 879 881 876
f 811 877 853
f 831 883 877
f 823 853 883
f 877 883 853
f 821 884 880
f 832 885 884
f 831 880 885
f 884 885 880
f 822 858 887
f 823 886 858
f 832 887 886
f 858 886 887
f 831 885 883
f 832 886 885
f 823 883 886
f 885 886 883
f 812 868 889
f 826 888 868
f 834 889 888
f 868 888 889
f 816 890 864
f 833 891 890
f 826 864 891
f 890 891 864
f 820 892 894
f 834 893 892
f 833 894 893
f 892 893 894
f 826 891 888
f 833 893 891
f 834 888 893
f 891 893 888
f 816 861 896
f 824 895 861
f 836 896 895
f 861 895 896
f 822 897 856
f 835 898 897
f 824 856 898
f 897 898 856
f 815 899 901
f 836 900 899
f 835 901 900
f 899 900 901
f 824 898 895
f 835 900 898
f 836 895 900
f 898 900 895
f 822 887 903
f 832 902 887
f 838 903 902
f 887 902 903
f 821 904 884
f 837 905 904
f 832 884 905
f 904 905 884
f 813 906 908
f 838 907 906
f 837 908 907
f 906 907 908
f 832 905 902
f 837 907 905
f 838 902 907
f 905 907 902
f 821 882 910
f 830 909 882
f 840 910 909
f 882 909 910
f 818 911 878
f 839 912 911
f 830 878 912
f 911 912 878
f 817 913 915
f 840 914 913
f 839 915 914
f 913 914 915
f 830 912 909
f 839 914 912
f 840 909 914
f 912 914 909
f 818 875 917
f 828 916 875
f 842 917 916
f 875 916 917
f 812 918 871
f 841 919 918
f 828 871 919
f 918 919 871
f 819 920 922
f 842 921 920
f 841 922 921
f 920 921 922
f 828 919 916
f 841 921 919
f 842 916 921
f 919 921 916
f 814 923 925
f 843 924 923
f 845 925 924
f 923 924 925
f 820 926 928
f 844 927 926
f 843 928 927
f 926 927 928
f 815 929 931
f 845 930 929
f 844 931 930
f 929 930 931
f 843 927 924
f 844 930 927
f 845 924 930
f 927 930 924
f 814 925 933
f 845 932 925
f 847 933 932
f 925 932 933
f 815 934 929
f 846 935 934
f 845 929 935
f 934 935 929
f 813 936 938
f 847 937 936
f 846 938 937
f 936 937 938
f 845 935 932
f 846 937 935
f 847 932 937
f 935 937 932
f 814 933 940
f 847 939 933
f 849 940 939
f 933 939 940
f 813 941 936
f 848 942 941
f 847 936 942
f 941 942 936
f 817 943 945
f 849 944 943
f 848 945 944
f 943 944 945
f 847 942 939
f 848 944 942
f 849 939 944
f 942 944 939
f 814 940 947
f 849 946 940
f 851 947 946
f 940 946 947
f 817 948 943
f 850 949 948
f 849 943 949
f 948 949 943
f 819 950 952
f 851 951 950
f 850 952 951
f 950 951 952
f 849 949 946
f 850 951 949
f 851 946 951
f 949 951 946
f 814 947 923
f 851 953 947
f 843 923 953
f 947 953 923
f 819 954 950
f 852 955 954
f 851 950 955
f 954 955 950
f 820 928 957
f 843 956 928
f 852 957 956
f 928 956 957
f 851 955 953
f 852 956 955
f 843 953 956
f 955 956 953
f 815 931 899
f 844 958 931
f 836 899 958
f 931 958 899
f 820 894 926
f 833 959 894
f 844 926 959
f 894 959 926
f 816 896 890
f 836 960 896
f 833 890 960
f 896 960 890
f 844 959 958
f 833 960 959
f 836 958 960
f 959 960 958
f 813 938 906
f 846 961 938
f 838 906 961
f 938 961 906
f 815 901 934
f 835 962 901
f 846 934 962
f 901 962 934
f 822 903 897
f 838 963 903
f 835 897 963
f 903 963 897
f 846 962 961
f 835 963 962
f 838 961 963
f 962 963 961
f 817 945 913
f 848 964 945
f 840 913 964
f 945 964 913
f 813 908 941
f 837 965 908
f 848 941 965
f 908 965 941
f 821 910 904
f 840 966 910
f 837 904 966
f 910 966 904
f 848 965 964
f 837 966 965
f 840 964 966
f 965 966 964
f 819 952 920
f 850 967 952
f 842 920 967
f 952 967 920
f 817 915 948
f 839 968 915
f 850 948 968
f 915 968 948
f 818 917 911
f 842 969 917
f 839 911 969
f 917 969 911
f 850 968 967
f 839 969 968
f 842 967 969
f 968 969 967
f 820 957 892
f 852 970 957
f 834 892 970
f 957 970 892
f 819 922 954
f 841 971 922
f 852 954 971
f 922 971 954
f 812 889 918
f 834 972 889
f 841 918 972
f 889 972 918
f 852 971 970
f 841 972 971
f 834 970 972
f 971 972 970
f 973 1015 1017
f 985 1016 1015
f 987 1017 1016
f 1015 1016 1017
f 984 1018 1020
f 986 1019 1018
f 985 1020 1019
f 1018 1019 1020
f 978 1021 1023
f 987 1022 1021
f 986 1023 1022
f 1021 1022 1023
f 985 1019 1016
f 986 1022 1019
f 987 1016 1022
f 1019 1022 1016
f 973 1017 1025
f 987 1024 1017
f 989 1025 1024
f 1017 1024 1025
f 978 1026 1021
f 988 1027 1026
f 987 1021 1027
f 1026 1027 1021
f 974 1028 1030
f 989 1029 1028
f 988 1030 1029
f 1028 1029 1030
f 987 1027 1024
f 988 1029 1027
f 989 1024 1029
f 1027 1029 1024
f 973 1025 1032
f 989 1031 1025
f 991 1032 1031
f 1025 1031 1032
f 974 1033 1028
f 990 1034 1033
f 989 1028 1034
f 1033 1034 1028
f 980 1035 1037
f 991 1036 1035
f 990 1037 1036
f 1035 1036 1037
f 989 1034 1031
f 990 1036 1034
f 991 1031 1036
f 1034 1036 1031
f 973 1032 1039
f 991 1038 1032
f 993 1039 1038
f 1032 1038 1039
f 980 1040 1035
f 992 1041 1040
f 991 1035 1041
f 1040 1041 1035
f 983 1042 1044
f 993 1043 1042
f 992 1044 1043
f 1042 1043 1044
f 991 1041 1038
f 992 1043 1041
f 993 1038 1043
f 1041 1043 1038
f 973 1039 1015
f 993 1045 1039
f 985 1015 1045
f 1039 1045 1015
f 983 1046 1042
f 994 1047 1046
f 993 1042 1047
f 1046 1047 1042
f 984 1020 1049
f 985 1048 1020
f 994 1049 1048
f 1020 1048 1049
f 993 1047 1045
f 994 1048 1047
f 985 1045 1048
f 1047 1048 1045
f 974 1030 1051
f 988 1050 1030
f 996 1051 1050
f 1030 1050 1051
f 978 1052 1026
f 995 1053 1052
f 988 1026 1053
f 1052 1053 1026
f 982 1054 1056
f 996 1055 1054
f 995 1056 1055
f 1054 1055 1056
f 988 1053 1050
f 995 1055 1053
f 996 1050 1055
f 1053 1055 1050
f 978 1023 1058
f 986 1057 1023
f 998 1058 1057
f 1023 1057 1058
f 984 1059 1018
f 997 1060 1059
f 986 1018 1060
f 1059 1060 1018
f 977 1061 1063
f 998 1062 1061
f 997 1063 1062
f 1061 1062 1063
f 986 1060 1057
f 997 1062 1060
f 998 1057 1062
f 1060 1062 1057
f 984 1049 1065
f 994 1064 1049
f 1000 1065 1064
f 1049 1064 1065
f 983 1066 1046
f 999 1067 1066
f 994 1046 1067
f 1066 1067 1046
f 975 1068 1070
f 1000 1069 1068
f 999 1070 1069
f 1068 1069 1070
f 994 1067 1064
f 999 1069 1067
f 1000 1064 1069
f 1067 1069 1064
f 983 1044 1072
f 992 1071 1044
f 1002 1072 1071
f 1044 1071 1072
f 980 1073 1040
f 1001 1074 1073
f 992 1040 1074
f 1073 1074 1040
f 979 1075 1077
f 1002 1076 1075
f 1001 1077 1076
f 1075 1076 1077
f 992 1074 1071
f 1001 1076 1074
f 1002 1071 1076
f 1074 1076 1071
f 980 1037 1079
f 990 1078 1037
f 1004 1079 1078
f 1037 1078 1079
f 974 1080 1033
f 1003 1081 1080
f 990 1033 1081
f 1080 1081 1033
f 981 1082 1084
f 1004 1083 1082
f 1003 1084 1083
f 1082 1083 1084
f 990 1081 1078
f 1003 1083 1081
f 1004 1078 1083
f 1081 1083 1078
f 976 1085 1087
f 1005 1086 1085
f 1007 1087 1086
f 1085 1086 1087
f 982 1088 1090
f 1006 1089 1088
f 1005 1090 1089
f 1088 1089 1090
f 977 1091 1093
f 1007 1092 1091
f 1006 1093 1092
f 1091 1092 1093
f 1005 1089 1086
f 1006 1092 1089
f 1007 1086 1092
f 1089 1092 1086
f 976 1087 1095
f 1007 1094 1087
f 1009 1095 1094
f 1087 1094 1095
f 977 1096 1091
f 1008 1097 1096
f 1007 1091 1097
f 1096 1097 1091
f 975 1098 1100
f 1009 1099 1098
f 1008 1100 1099
f 1098 1099 1100
f 1007 1097 1094
f 1008 1099 1097
f 1009 1094 1099
f 1097 1099 1094
f 976 1095 1102
f 1009 1101 1095
f 1011 1102 1101
f 1095 1101 1102
f 975 1103 1098
f 1010 1104 1103
f 1009 1098 1104
f 1103 1104 1098
f 979 1105 1107
f 1011 1106 1105
f 1010 1107 1106
f 1105 1106 1107
f 1009 1104 1101
f 1010 1106 1104
f 1011 1101 1106
f 1104 1106 1101
f 976 1102 1109
f 1011 1108 1102
f 1013 1109 1108
f 1102 1108 1109
f 979 1110 1105
f 1012 1111 1110
f 1011 1105 1111
f 1110 1111 1105
f 981 1112 1114
f 1013 1113 1112
f 1012 1114 1113
f 1112 1113 1114
f 1011 1111 1108
f 1012 1113 1111
f 1013 1108 1113
f 1111 1113 1108
f 976 1109 1085
f 1013 1115 1109
f 1005 1085 1115
f 1109 1115 1085
f 981 1116 1112
f 1014 1117 1116
f 1013 1112 1117
f 1116 1117 1112
f 982 1090 1119
f 1005 1118 1090
f 1014 1119 1118
f 1090 1118 1119
f 1013 1117 1115
f 1014 1118 1117
f 1005 1115 1118
f 1117 1118 1115
f 977 1093 1061
f 1006 1120 1093
f 998 1061 1120
f 1093 1120 1061
f 982 1056 1088
f 995 1121 1056
f 1006 1088 1121
f 1056 1121 1088
f 978 1058 1052
f 998 1122 1058
f 995 1052 1122
f 1058 1122 1052
f 1006 1121 1120
f 995 1122 1121
f 998 1120 1122
f 1121 1122 1120
f 975 1100 1068
f 1008 1123 1100
f 1000 1068 1123
f 1100 1123 1068
f 977 1063 1096
f 997 1124 1063
f 1008 1096 1124
f 1063 1124 1096
f 984 1065 1059
f 1000 1125 1065
f 997 1059 1125
f 1065 1125 1059
f 1008 1124 1123
f 997 1125 1124
f 1000 1123 1125
f 1124 1125 1123
f 979 1107 1075
f 1010 1126 1107
f 1002 1075 1126
f 1107 1126 1075
f 975 1070 1103
f 999 1127 1070
f 1010 1103 1127
f 1070 1127 1103
f 983 1072 1066
f 1002 1128 1072
f 999 1066 1128
f 1072 1128 1066
f 1010 1127 1126
f 999 1128 1127
f 1002 1126 1128
f 1127 1128 1126
f 981 1114 1082
f 1012 1129 1114
f 1004 1082 1129
f 1114 1129 1082
f 979 1077 1110
f 1001 1130 1077
f 1012 1110 1130
f 1077 1130 1110
f 980 1079 1073
f 1004 1131 1079
f 1001 1073 1131
f 1079 1131 1073
f 1012 1130 1129
f 1001 1131 1130
f 1004 1129 1131
f 1130 1131 1129
f 982 1119 1054
f 1014 1132 1119
f 996 1054 1132
f 1119 1132 1054
f 981 1084 1116
f 1003 1133 1084
f 1014 1116 1133
f 1084 1133 1116
f 974 1051 1080
f 996 1134 1051
f 1003 1080 1134
f 1051 1134 1080
f 1014 1133 1132
f 1003 1134 1133
f 996 1132 1134
f 1133 1134 1132
f 1135 1177 1179
f 1147 1178 1177
f 1149 1179 1178
f 1177 1178 1179
f 1146 1180 1182
f 1148 1181 1180
f 1147 1182 1181
f 1180 1181 1182
f 1140 1183 1185
f 1149 1184 1183
f 1148 1185 1184
f 1183 1184 1185
f 1147 1181 1178
f 1148 1184 1181
f 1149 1178 1184
f 1181 1184 1178
f 1135 1179 1187
f 1149 1186 1179
f 1151 1187 1186
f 1179 1186 1187
f 1140 1188 1183
f 1150 1189 1188
f 1149 1183 1189
f 1188 1189 1183
f 1136 1190 1192
f 1151 1191 1190
f 1150 1192 1191
f 1190 1191 1192
f 1149 1189 1186
f 1150 1191 1189
f 1151 1186 1191
f 1189 1191 1186
f 1135 1187 1194
f 1151 1193 1187
f 1153 1194 1193
f 1187 1193 1194
f 1136 1195 1190
f 1152 1196 1195
f 1151 1190 1196
f 1195 1196 1190
f 1142 1197 1199
f 1153 1198 1197
f 1152 1199 1198
f 1197 1198 1199
f 1151 1196 1193
f 1152 1198 1196
f 1153 1193 1198
f 1196 1198 1193
f 1135 1194 1201
f 1153 1200 1194
f 1155 1201 1200
f 1194 1200 1201
f 1142 1202 1197
f 1154 1203 1202
f 1153 1197 1203
f 1202 1203 1197
f 1145 1204 1206
f 1155 1205 1204
f 1154 1206 1205
f 1204 1205 1206
f 1153 1203 1200
f 1154 1205 1203
f 1155 1200 1205
f 1203 1205 1200
f 1135 1201 1177
f 1155 1207 1201
f 1147 1177 1207
f 1201 1207 1177
f 1145 1208 1204
f 1156 1209 1208
f 1155 1204 1209
f 1208 1209 1204
f 1146 1182 1211
f 1147 1210 1182
f 1156 1211 1210
f 1182 1210 1211
f 1155 1209 1207
f 1156 1210 1209
f 1147 1207 1210
f 1209 1210 1207
f 1136 1192 1213
f 1150 1212 1192
f 1158 1213 1212
f 1192 1212 1213
f 1140 1214 1188
f 1157 1215 1214
f 1150 1188 1215
f 1214 1215 1188
f 1144 1216 1218
f 1158 1217 1216
f 1157 1218 1217
f 1216 1217 1218
f 1150 1215 1212
f 1157 1217 1215
f 1158 1212 1217
f 1215 1217 1212
f 1140 1185 1220
f 1148 1219 1185
f 1160 1220 1219
f 1185 1219 1220
f 1146 1221 1180
f 1159 1222 1221
f 1148 1180 1222
f 1221 1222 1180
f 1139 1223 1225
f 1160 1224 1223
f 1159 1225 1224
f 1223 1224 1225
f 1148 1222 1219
f 1159 1224 1222
f 1160 1219 1224
f 1222 1224 1219
f 1146 1211 1227
f 1156 1226 1211
f 1162 1227 1226
f 1211 1226 1227
f 1145 1228 1208
f 1161 1229 1228
f 1156 1208 1229
f 1228 1229 1208
f 1137 1230 1232
f 1162 1231 1230
f 1161 1232 1231
f 1230 1231 1232
f 1156 1229 1226
f 1161 1231 1229
f 1162 1226 1231
f 1229 1231 1226
f 1145 1206 1234
f 1154 1233 1206
f 1164 1234 1233
f 1206 1233 1234
f 1142 1235 1202
f 1163 1236 1235
f 1154 1202 1236
f 1235 1236 1202
f 1141 1237 1239
f 1164 1238 1237
f 1163 1239 1238
f 1237 1238 1239
f 1154 1236 1233
f 1163 1238 1236
f 1164 1233 1238
f 1236 1238 1233
f 1142 1199 1241
f 1152 1240 1199
f 1166 1241 1240
f 1199 1240 1241
f 1136 1242 1195
f 1165 1243 1242
f 1152 1195 1243
f 1242 1243 1195
f 1143 1244 1246
f 1166 1245 1244
f 1165 1246 1245
f 1244 1245 1246
f 1152 1243 1240
f 1165 1245 1243
f 1166 1240 1245
f 1243 1245 1240
f 1138 1247 1249
f 1167 1248 1247
f 1169 1249 1248
f 1247 1248 1249
f 1144 1250 1252
f 1168 1251 1250
f 1167 1252 1251
f 1250 1251 1252
f 1139 1253 1255
f 1169 1254 1253
f 1168 1255 1254
f 1253 1254 1255
f 1167 1251 1248
f 1168 1254 1251
f 1169 1248 1254
f 1251 1254 1248
f 1138 1249 1257
f 1169 1256 1249
f 1171 1257 1256
f 1249 1256 1257
f 1139 1258 1253
f 1170 1259 1258
f 1169 1253 1259
f 1258 1259 1253
f 1137 1260 1262
f 1171 1261 1260
f 1170 1262 1261
f 1260 1261 1262
f 1169 1259 1256
f 1170 1261 1259
f 1171 1256 1261
f 1259 1261 1256
f 1138 1257 1264
f 1171 1263 1257
f 1173 1264 1263
f 1257 1263 1264
f 1137 1265 1260
f 1172 1266 1265
f 1171 1260 1266
f 1265 1266 1260
f 1141 1267 1269
f 1173 1268 1267
f 1172 1269 1268
f 1267 1268 1269
f 1171 1266 1263
f 1172 1268 1266
f 1173 1263 1268
f 1266 1268 1263
f 1138 1264 1271
f 1173 1270 1264
f 1175 1271 1270
f 1264 1270 1271
f 1141 1272 1267
f 1174 1273 1272
f 1173 1267 1273
f 1272 1273 1267
f 1143 1274 1276
f 1175 1275 1274
f 1174 1276 1275
f 1274 1275 1276
f 1173 1273 1270
f 1174 1275 1273
f 1175 1270 1275
f 1273 1275 1270
f 1138 1271 1247
f 1175 1277 1271
f 1167 1247 1277
f 1271 1277 1247
f 1143 1278 1274
f 1176 1279 1278
f 1175 1274 1279
f 1278 1279 1274
f 1144 1252 1281
f 1167 1280 1252
f 1176 1281 1280
f 1252 1280 1281
f 1175 1279 1277
f 1176 1280 1279
f 1167 1277 1280
f 1279 1280 1277
f 1139 1255 1223
f 1168 1282 1255
f 1160 1223 1282
f 1255 1282 1223
f 1144 1218 1250
f 1157 1283 1218
f 1168 1250 1283
f 1218 1283 1250
f 1140 1220 1214
f 1160 1284 1220
f 1157 1214 1284
f 1220 1284 1214
f 1168 1283 1282
f 1157 1284 1283
f 1160 1282 1284
f 1283 1284 1282
f 1137 1262 1230
f 1170 1285 1262
f 1162 1230 1285
f 1262 1285 1230
f 1139 1225 1258
f 1159 1286 1225
f 1170 1258 1286
f 1225 1286 1258
f 1146 1227 1221
f 1162 1287 1227
f 1159 1221 1287
f 1227 1287 1221
f 1170 1286 1285
f 1159 1287 1286
f 1162 1285 1287
f 1286 1287 1285
f 1141 1269 1237
f 1172 1288 1269
f 1164 1237 1288
f 1269 1288 1237
f 1137 1232 1265
f 1161 1289 1232
f 1172 1265 1289
f 1232 1289 1265
f 1145 1234 1228
f 1164 1290 1234
f 1161 1228 1290
f 1234 1290 1228
f 1172 1289 1288
f 1161 1290 1289
f 1164 1288 1290
f 1289 1290 1288
f 1143 1276 1244
f 1174 1291 1276
f 1166 1244 1291
f 1276 1291 1244
f 1141 1239 1272
f 1163 1292 1239
f 1174 1272 1292
f 1239 1292 1272
f 1142 1241 1235
f 1166 1293 1241
f 1163 1235 1293
f 1241 1293 1235
f 1174 1292 1291
f 1163 1293 1292
f 1166 1291 1293
f 1292 1293 1291
f 1144 1281 1216
f 1176 1294 1281
f 1158 1216 1294
f 1281 1294 1216
f 1143 1246 1278
f 1165 1295 1246
f 1176 1278 1295
f 1246 1295 1278
f 1136 1213 1242
f 1158 1296 1213
f 1165 1242 1296
f 1213 1296 1242
f 1176 1295 1294
f 1165 1296 1295
f 1158 1294 1296
f 1295 1296 1294
f 1297 1339 1341
f 1309 1340 1339
f 1311 1341 1340
f 1339 1340 1341
f 1308 1342 1344
f 1310 1343 1342
f 1309 1344 1343
f 1342 1343 1344
f 1302 1345 1347
f 1311 1346 1345
f 1310 1347 1346
f 1345 1346 1347
f 1309 1343 1340
f 1310 1346 1343
f 1311 1340 1346
f 1343 1346 1340
f 1297 1341 1349
f 1311 1348 1341
f 1313 1349 1348
f 1341 1348 1349
f 1302 1350 1345
f 1312 1351 1350
f 1311 1345 1351
f 1350 1351 1345
f 1298 1352 1354
f 1313 1353 1352
f 1312 1354 1353
f 1352 1353 1354
f 1311 1351 1348
f 1312 1353 1351
f 1313 1348 1353
f 1351 1353 1348
f 1297 1349 1356
f 1313 1355 1349
f 1315 1356 1355
f 1349 1355 1356
f 1298 1357 1352
f 1314 1358 1357
f 1313 1352 1358
f 1357 1358 1352
f 1304 1359 1361
f 1315 1360 1359
f 1314 1361 1360
f 1359 1360 1361
f 1313 1358 1355
f 1314 1360 1358
f 1315 1355 1360
f 1358 1360 1355
f 1297 1356 1363
f 1315 1362 1356
f 1317 1363 1362
f 1356 1362 1363
f 1304 1364 1359
f 1316 1365 1364
f 1315 1359 1365
f 1364 1365 1359
f 1307 1366 1368
f 1317 1367 1366
f 1316 1368 1367
f 1366 1367 1368
f 1315 1365 1362
f 1316 1367 1365
f 1317 1362 1367
f 1365 1367 1362
f 1297 1363 1339
f 1317 1369 1363
f 1309 1339 1369
f 1363 1369 1339
f 1307 1370 1366
f 1318 1371 1370
f 1317 1366 1371
f 1370 1371 1366
f 1308 1344 1373
f 1309 1372 1344
f 1318 1373 1372
f 1344 1372 1373
f 1317 1371 1369
f 1318 1372 1371
f 1309 1369 1372
f 1371 1372 1369
f 1298 1354 1375
f 1312 1374 1354
f 1320 1375 1374
f 1354 1374 1375
f 1302 1376 1350
f 1319 1377 1376
f 1312 1350 1377
f 1376 1377 1350
f 1306 1378 1380
f 1320 1379 1378
f 1319 1380 1379
f 1378 1379 1380
f 1312 1377 1374
f 1319 1379 1377
f 1320 1374 1379
f 1377 1379 1374
f 1302 1347 1382
f 1310 1381 1347
f 1322 1382 1381
f 1347 1381 1382
f 1308 1383 1342
f 1321 1384 1383
f 1310 1342 1384
f 1383 1384 1342
f 1301 1385 1387
f 1322 1386 1385
f 1321 1387 1386
f 1385 1386 1387
f 1310 1384 1381
f 1321 1386 1384
f 1322 1381 1386
f 1384 1386 1381
f 1308 1373 1389
f 1318 1388 1373
f 1324 1389 1388
f 1373 1388 1389
f 1307 1390 1370
f 1323 1391 1390
f 1318 1370 1391
f 1390 1391 1370
f 1299 1392 1394
f 1324 1393 1392
f 1323 1394 1393
f 1392 1393 1394
f 1318 1391 1388
f 1323 1393 1391
f 1324 1388 1393
f 1391 1393 1388
f 1307 1368 1396
f 1316 1395 1368
f 1326 1396 1395
f 1368 1395 1396
f 1304 1397 1364
f 1325 1398 1397
f 1316 1364 1398
f 1397 1398 1364
f 1303 1399 1401
f 1326 1400 1399
f 1325 1401 1400
f 1399 1400 1401
f 1316 1398 1395
f 1325 1400 1398
f 1326 1395 1400
f 1398 1400 1395
f 1304 1361 1403
f 1314 1402 1361
f 1328 1403 1402
f 1361 1402 1403
f 1298 1404 1357
f 1327 1405 1404
f 1314 1357 1405
f 1404 1405 1357
f 1305 1406 1408
f 1328 1407 1406
f 1327 1408 1407
f 1406 1407 1408
f 1314 1405 1402
f 1327 1407 1405
f 1328 1402 1407
f 1405 1407 1402
f 1300 1409 1411
f 1329 1410 1409
f 1331 1411 1410
f 1409 1410 1411
f 1306 1412 1414
f 1330 1413 1412
f 1329 1414 1413
f 1412 1413 1414
f 1301 1415 1417
f 1331 1416 1415
f 1330 1417 1416
f 1415 1416 1417
f 1329 1413 1410
f 1330 1416 1413
f 1331 1410 1416
f 1413 1416 1410
f 1300 1411 1419
f 1331 1418 1411
f 1333 1419 1418
f 1411 1418 1419
f 1301 1420 1415
f 1332 1421 1420
f 1331 1415 1421
f 1420 1421 1415
f 1299 1422 1424
f 1333 1423 1422
f 1332 1424 1423
f 1422 1423 1424
f 1331 1421 1418
f 1332 1423 1421
f 1333 1418 1423
f 1421 1423 1418
f 1300 1419 1426
f 1333 1425 1419
f 1335 1426 1425
f 1419 1425 1426
f 1299 1427 1422
f 1334 1428 1427
f 1333 1422 1428
f 1427 1428 1422
f 1303 1429 1431
f 1335 1430 1429
f 1334 1431 1430
f 1429 1430 1431
f 1333 1428 1425
f 1334 1430 1428
f 1335 1425 1430
f 1428 1430 1425
f 1300 1426 1433
f 1335 1432 1426
f 1337 1433 1432
f 1426 1432 1433
f 1303 1434 1429
f 1336 1435 1434
f 1335 1429 1435
f 1434 1435 1429
f 1305 1436 1438
f 1337 1437 1436
f 1336 1438 1437
f 1436 1437 1438
f 1335 1435 1432
f 1336 1437 1435
f 1337 1432 1437
f 1435 1437 1432
f 1300 1433 1409
f 1337 1439 1433
f 1329 1409 1439
f 1433 1439 1409
f 1305 1440 1436
f 1338 1441 1440
f 1337 1436 1441
f 1440 1441 1436
f 1306 1414 1443
f 1329 1442 1414
f 1338 1443 1442
f 1414 1442 1443
f 1337 1441 1439
f 1338 1442 1441
f 1329 1439 1442
f 1441 1442 1439
f 1301 1417 1385
f 1330 1444 1417
f 1322 1385 1444
f 1417 1444 1385
f 1306 1380 1412
f 1319 1445 1380
f 1330 1412 1445
f 1380 1445 1412
f 1302 1382 1376
f 1322 1446 1382
f 1319 1376 1446
f 1382 1446 1376
f 1330 1445 1444
f 1319 1446 1445
f 1322 1444 1446
f 1445 1446 1444
f 1299 1424 1392
f 1332 1447 1424
f 1324 1392 1447
f 1424 1447 1392
f 1301 1387 1420
f 1321 1448 1387
f 1332 1420 1448
f 1387 1448 1420
f 1308 1389 1383
f 1324 1449 1389
f 1321 1383 1449
f 1389 1449 1383
f 1332 1448 1447
f 1321 1449 1448
f 1324 1447 1449
f 1448 1449 1447
f 1303 1431 1399
f 1334 1450 1431
f 1326 1399 1450
f 1431 1450 1399
f 1299 1394 1427
f 1323 1451 1394
f 1334 1427 1451
f 1394 1451 1427
f 1307 1396 1390
f 1326 1452 1396
f 1323 1390 1452
f 1396 1452 1390
f 1334 1451 1450
f 1323 1452 1451
f 1326 1450 1452
f 1451 1452 1450
f 1305 1438 1406
f 1336 1453 1438
f 1328 1406 1453
f 1438 1453 1406
f 1303 1401 1434
f 1325 1454 1401
f 1336 1434 1454
f 1401 1454 1434
f 1304 1403 1397
f 1328 1455 1403
f 1325 1397 1455
f 1403 1455 1397
f 1336 1454 1453
f 1325 1455 1454
f 1328 1453 1455
f 1454 1455 1453
f 1306 1443 1378
f 1338 1456 1443
f 1320 1378 1456
f 1443 1456 1378
f 1305 1408 1440
f 1327 1457 1408
f 1338 1440 1457
f 1408 1457 1440
f 1298 1375 1404
f 1320 1458 1375
f 1327 1404 1458
f 1375 1458 1404
f 1338 1457 1456
f 1327 1458 1457
f 1320 1456 1458
f 1457 1458 1456
f 1459 1501 1503
f 1471 1502 1501
f 1473 1503 1502
f 1501 1502 1503
f 1470 1504 1506
f 1472 1505 1504
f 1471 1506 1505
f 1504 1505 1506
f 1464 1507 1509
f 1473 1508 1507
f 1472 1509 1508
f 1507 1508 1509
f 1471 1505 1502
f 1472 1508 1505
f 1473 1502 1508
f 1505 1508 1502
f 1459 1503 1511
f 1473 1510 1503
f 1475 1511 1510
f 1503 1510 1511
f 1464 1512 1507
f 1474 1513 1512
f 1473 1507 1513
f 1512 1513 1507
f 1460 1514 1516
f 1475 1515 1514
f 1474 1516 1515
f 1514 1515 1516
f 1473 1513 1510
f 1474 1515 1513
f 1475 1510 1515
f 1513 1515 1510
f 1459 1511 1518
f 1475 1517 1511
f 1477 1518 1517
f 1511 1517 1518
f 1460 1519 1514
f 1476 1520 1519
f 1475 1514 1520
f 1519 1520 1514
f 1466 1521 1523
f 1477 1522 1521
f 1476 1523 1522
f 1521 1522 1523
f 1475 1520 1517
f 1476 1522 1520
f 1477 1517 1522
f 1520 1522 1517
f 1459 1518 1525
f 1477 1524 1518
f 1479 1525 1524
f 1518 1524 1525
f 1466 1526 1521
f 1478 1527 1526
f 1477 1521 1527
f 1526 1527 1521
f 1469 1528 1530
f 1479 1529 1528
f 1478 1530 1529
f 1528 1529 1530
f 1477 1527 1524
f 1478 1529 1527
f 1479 1524 1529
f 1527 1529 1524
f 1459 1525 1501
f 1479 1531 1525
f 1471 1501 1531
f 1525 1531 1501
f 1469 1532 1528
f 1480 1533 1532
f 1479 1528 1533
f 1532 1533 1528
f 1470 1506 1535
f 1471 1534 1506
f 1480 1535 1534
f 1506 1534 1535
f 1479 1533 1531
f 1480 1534 1533
f 1471 1531 1534
f 1533 1534 1531
f 1460 1516 1537
f 1474 1536 1516
f 1482 1537 1536
f 1516 1536 1537
f 1464 1538 1512
f 1481 1539 1538
f 1474 1512 1539
f 1538 1539 1512
f 1468 1540 1542
f 1482 1541 1540
f 1481 1542 1541
f 1540 1541 1542
f 1474 1539 1536
f 1481 1541 1539
f 1482 1536 1541
f 1539 1541 1536
f 1464 1509 1544
f 1472 1543 1509
f 1484 1544 1543
f 1509 1543 1544
f 1470 1545 1504
f 1483 1546 1545
f 1472 1504 1546
f 1545 1546 1504
f 1463 1547 1549
f 1484 1548 1547
f 1483 1549 1548
f 1547 1548 1549
f 1472 1546 1543
f 1483 1548 1546
f 1484 1543 1548
f 1546 1548 1543
f 1470 1535 1551
f 1480 1550 1535
f 1486 1551 1550
f 1535 1550 1551
f 1469 1552 1532
f 1485 1553 1552
f 1480 1532 1553
f 1552 1553 1532
f 1461 1554 1556
f 1486 1555 1554
f 1485 1556 1555
f 1554 1555 1556
f 1480 1553 1550
f 1485 1555 1553
f 1486 1550 1555
f 1553 1555 1550
f 1469 1530 1558
f 1478 1557 1530
f 1488 1558 1557
f 1530 1557 1558
f 1466 1559 1526
f 1487 1560 1559
f 1478 1526 1560
f 1559 1560 1526
f 1465 1561 1563
f 1488 1562 1561
f 1487 1563 1562
f 1561 1562 1563
f 1478 1560 1557
f 1487 1562 1560
f 1488 1557 1562
f 1560 1562 1557
f 1466 1523 1565
f 1476 1564 1523
f 1490 1565 1564
f 1523 1564 1565
f 1460 1566 1519
f 1489 1567 1566
f 1476 1519 1567
f 1566 1567 1519
f 1467 1568 1570
f 1490 1569 1568
f 1489 1570 1569
f 1568 1569 1570
f 1476 1567 1564
f 1489 1569 1567
f 1490 1564 1569
f 1567 1569 1564
f 1462 1571 1573
f 1491 1572 1571
f 1493 1573 1572
f 1571 1572 1573
f 1468 1574 1576
f 1492 1575 1574
f 1491 1576 1575
f 1574 1575 1576
f 1463 1577 1579
f 1493 1578 1577
f 1492 1579 1578
f 1577 1578 1579
f 1491 1575 1572
f 1492 1578 1575
f 1493 1572 1578
f 1575 1578 1572
f 1462 1573 1581
f 1493 1580 1573
f 1495 1581 1580
f 1573 1580 1581
f 1463 1582 1577
f 1494 1583 1582
f 1493 1577 1583
f 1582 1583 1577
f 1461 1584 1586
f 1495 1585 1584
f 1494 1586 1585
f 1584 1585 1586
f 1493 1583 1580
f 1494 1585 1583
f 1495 1580 1585
f 1583 1585 1580
f 1462 1581 1588
f 1495 1587 1581
f 1497 1588 1587
f 1581 1587 1588
f 1461 1589 1584
f 1496 1590 1589
f 1495 1584 1590
f 1589 1590 1584
f 1465 1591 1593
f 1497 1592 1591
f 1496 1593 1592
f 1591 1592 1593
f 1495 1590 1587
f 1496 1592 1590
f 1497 1587 1592
f 1590 1592 1587
f 1462 1588 1595
f 1497 1594 1588
f 1499 1595 1594
f 1588 1594 1595
f 1465 1596 1591
f 1498 1597 1596
f 1497 1591 1597
f 1596 1597 1591
f 1467 1598 1600
f 1499 1599 1598
f 1498 1600 1599
f 1598 1599 1600
f 1497 1597 1594
f 1498 1599 1597
f 1499 1594 1599
f 1597 1599 1594
f 1462 1595 1571
f 1499 1601 1595
f 1491 1571 1601
f 1595 1601 1571
f 1467 1602 1598
f 1500 1603 1602
f 1499 1598 1603
f 1602 1603 1598
f 1468 1576 1605
f 1491 1604 1576
f 1500 1605 1604
f 1576 1604 1605
f 1499 1603 1601
f 1500 1604 1603
f 1491 1601 1604
f 1603 1604 1601
f 1463 1579 1547
f 1492 1606 1579
f 1484 1547 1606
f 1579 1606 1547
f 1468 1542 1574
f 1481 1607 1542
f 1492 1574 1607
f 1542 1607 1574
f 1464 1544 1538
f 1484 1608 1544
f 1481 1538 1608
f 1544 1608 1538
f 1492 1607 1606
f 1481 1608 1607
f 1484 1606 1608
f 1607 1608 1606
f 1461 1586 1554
f 1494 1609 1586
f 1486 1554 1609
f 1586 1609 1554
f 1463 1549 1582
f 1483 1610 1549
f 1494 1582 1610
f 1549 1610 1582
f 1470 1551 1545
f 1486 1611 1551
f 1483 1545 1611
f 1551 1611 1545
f 1494 1610 1609
f 1483 1611 1610
f 1486 1609 1611
f 1610 1611 1609
f 1465 1593 1561
f 1496 1612 1593
f 1488 1561 1612
f 1593 1612 1561
f 1461 1556 1589
f 1485 1613 1556
f 1496 1589 1613
f 1556 1613 1589
f 1469 1558 1552
f 1488 1614 1558
f 1485 1552 1614
f 1558 1614 1552
f 1496 1613 1612
f 1485 1614 1613
f 1488 1612 1614
f 1613 1614 1612
f 1467 1600 1568
f 1498 1615 1600
f 1490 1568 1615
f 1600 1615 1568
f 1465 1563 1596
f 1487 1616 1563
f 1498 1596 1616
f 1563 1616 1596
f 1466 1565 1559
f 1490 1617 1565
f 1487 1559 1617
f 1565 1617 1559
f 1498 1616 1615
f 1487 1617 1616
f 1490 1615 1617
f 1616 1617 1615
f 1468 1605 1540
f 1500 1618 1605
f 1482 1540 1618
f 1605 1618 1540
f 1467 1570 1602
f 1489 1619 1570
f 1500 1602 1619
f 1570 1619 1602
f 1460 1537 1566
f 1482 1620 1537
f 1489 1566 1620
f 1537 1620 1566
f 1500 1619 1618
f 1489 1620 1619
f 1482 1618 1620
f 1619 1620 1618
f 1621 1663 1665
f 1633 1664 1663
f 1635 1665 1664
f 1663 1664 1665
f 1632 1666 1668
f 1634 1667 1666
f 1633 1668 1667
f 1666 1667 1668
f 1626 1669 1671
f 1635 1670 1669
f 1634 1671 1670
f 1669 1670 1671
f 1633 1667 1664
f 1634 1670 1667
f 1635 1664 1670
f 1667 1670 1664
f 1621 1665 1673
f 1635 1672 1665
f 1637 1673 1672
f 1665 1672 1673
f 1626 1674 1669
f 1636 1675 1674
f 1635 1669 1675
f 1674 1675 1669
f 1622 1676 1678
f 1637 1677 1676
f 1636 1678 1677
f 1676 1677 1678
f 1635 1675 1672
f 1636 1677 1675
f 1637 1672 1677
f 1675 1677 1672
f 1621 1673 1680
f 1637 1679 1673
f 1639 1680 1679
f 1673 1679 1680
f 1622 1681 1676
f 1638 1682 1681
f 1637 1676 1682
f 1681 1682 1676
f 1628 1683 1685
f 1639 1684 1683
f 1638 1685 1684
f 1683 1684 1685
f 1637 1682 1679
f 1638 1684 1682
f 1639 1679 1684
f 1682 1684 1679
f 1621 1680 1687
f 1639 1686 1680
f 1641 1687 1686
f 1680 1686 1687
f 1628 1688 1683
f 1640 1689 1688
f 1639 1683 1689
f 1688 1689 1683
f 1631 1690 1692
f 1641 1691 1690
f 1640 1692 1691
f 1690 1691 1692
f 1639 1689 1686
f 1640 1691 1689
f 1641 1686 1691
f 1689 1691 1686
f 1621 1687 1663
f 1641 1693 1687
f 1633 1663 1693
f 1687 1693 1663
f 1631 1694 1690
f 1642 1695 1694
f 1641 1690 1695
f 1694 1695 1690
f 1632 1668 1697
f 1633 1696 1668
f 1642 1697 1696
f 1668 1696 1697
f 1641 1695 1693
f 1642 1696 1695
f 1633 1693 1696
f 1695 1696 1693
f 1622 1678 1699
f 1636 1698 1678
f 1644 1699 1698
f 1678 1698 1699
f 1626 1700 1674
f 1643 1701 1700
f 1636 1674 1701
f 1700 1701 1674
f 1630 1702 1704
f 1644 1703 1702
f 1643 1704 1703
f 1702 1703 1704
f 1636 1701 1698
f 1643 1703 1701
f 1644 1698 1703
f 1701 1703 1698
f 1626 1671 1706
f 1634 1705 1671
f 1646 1706 1705
f 1671 1705 1706
f 1632 1707 1666
f 1645 1708 1707
f 1634 1666 1708
f 1707 1708 1666
f 1625 1709 1711
f 1646 1710 1709
f 1645 1711 1710
f 1709 1710 1711
f 1634 1708 1705
f 1645 1710 1708
f 1646 1705 1710
f 1708 1710 1705
f 1632 1697 1713
f 1642 1712 1697
f 1648 1713 1712
f 1697 1712 1713
f 1631 1714 1694
f 1647 1715 1714
f 1642 1694 1715
f 1714 1715 1694
f 1623 1716 1718
f 1648 1717 1716
f 1647 1718 1717
f 1716 1717 1718
f 1642 1715 1712
f 1647 1717 1715
f 1648 1712 1717
f 1715 1717 1712
f 1631 1692 1720
f 1640 1719 1692
f 1650 1720 1719
f 1692 1719 1720
f 1628 1721 1688
f 1649 1722 1721
f 1640 1688 1722
f 1721 1722 1688
f 1627 1723 1725
f 1650 1724 1723
f 1649 1725 1724
f 1723 1724 1725
f 1640 1722 1719
f 1649 1724 1722
f 1650 1719 1724
f 1722 1724 1719
f 1628 1685 1727
f 1638 1726 1685
f 1652 1727 1726
f 1685 1726 1727
f 1622 1728 1681
f 1651 1729 1728
f 1638 1681 1729
f 1728 1729 1681
f 1629 1730 1732
f 1652 1731 1730
f 1651 1732 1731
f 1730 1731 1732
f 1638 1729 1726
f 1651 1731 1729
f 1652 1726 1731
f 1729 1731 1726
f 1624 1733 1735
f 1653 1734 1733
f 1655 1735 1734
f 1733 1734 1735
f 1630 1736 1738
f 1654 1737 1736
f 1653 1738 1737
f 1736 1737 1738
f 1625 1739 1741
f 1655 1740 1739
f 1654 1741 1740
f 1739 1740 1741
f 1653 1737 1734
f 1654 1740 1737
f 1655 1734 1740
f 1737 1740 1734
f 1624 1735 1743
f 1655 1742 1735
f 1657 1743 1742
f 1735 1742 1743
f 1625 1744 1739
f 1656 1745 1744
f 1655 1739 1745
f 1744 1745 1739
f 1623 1746 1748
f 1657 1747 1746
f 1656 1748 1747
f 1746 1747 1748
f 1655 1745 1742
f 1656 1747 1745
f 1657 1742 1747
f 1745 1747 1742
f 1624 1743 1750
f 1657 1749 1743
f 1659 1750 1749
f 1743 1749 1750
f 1623 1751 1746
f 1658 1752 1751
f 1657 1746 1752
f 1751 1752 1746
f 1627 1753 1755
f 1659 1754 1753
f 1658 1755 1754
f 1753 1754 1755
f 1657 1752 1749
f 1658 1754 1752
f 1659 1749 1754
f 1752 1754 1749
f 1624 1750 1757
f 1659 1756 1750
f 1661 1757 1756
f 1750 1756 1757
f 1627 1758 1753
f 1660 1759 1758
f 1659 1753 1759
f 1758 1759 1753
f 1629 1760 1762
f 1661 1761 1760
f 1660 1762 1761
f 1760 1761 1762
f 1659 1759 1756
f 1660 1761 1759
f 1661 1756 1761
f 1759 1761 1756
f 1624 1757 1733
f 1661 1763 1757
f 1653 1733 1763
f 1757 1763 1733
f 1629 1764 1760
f 1662 1765 1764
f 1661 1760 1765
f 1764 1765 1760
f 1630 1738 1767
f 1653 1766 1738
f 1662 1767 1766
f 1738 1766 1767
f 1661 1765 1763
f 1662 1766 1765
f 1653 1763 1766
f 1765 1766 1763
f 1625 1741 1709
f 1654 1768 1741
f 1646 1709 1768
f 1741 1768 1709
f 1630 1704 1736
f 1643 1769 1704
f 1654 1736 1769
f 1704 1769 1736
f 1626 1706 1700
f 1646 1770 1706
f 1643 1700 1770
f 1706 1770 1700
f 1654 1769 1768
f 1643 1770 1769
f 1646 1768 1770
f 1769 1770 1768
f 1623 1748 1716
f 1656 1771 1748
f 1648 1716 1771
f 1748 1771 1716
f 1625 1711 1744
f 1645 1772 1711
f 1656 1744 1772
f 1711 1772 1744
f 1632 1713 1707
f 1648 1773 1713
f 1645 1707 1773
f 1713 1773 1707
f 1656 1772 1771
f 1645 1773 1772
f 1648 1771 1773
f 1772 1773 1771
f 1627 1755 1723
f 1658 1774 1755
f 1650 1723 1774
f 1755 1774 1723
f 1623 1718 1751
f 1647 1775 1718
f 1658 1751 1775
f 1718 1775 1751
f 1631 1720 1714
f 1650 1776 1720
f 1647 1714 1776
f 1720 1776 1714
f 1658 1775 1774
f 1647 1776 1775
f 1650 1774 1776
f 1775 1776 1774
f 1629 1762 1730
f 1660 1777 1762
f 1652 1730 1777
f 1762 1777 1730
f 1627 1725 1758
f 1649 1778 1725
f 1660 1758 1778
f 1725 1778 1758
f 1628 1727 1721
f 1652 1779 1727
f 1649 1721 1779
f 1727 1779 1721
f 1660 1778 1777
f 1649 1779 1778
f 1652 1777 1779
f 1778 1779 1777
f 1630 1767 1702
f 1662 1780 1767
f 1644 1702 1780
f 1767 1780 1702
f 1629 1732 1764
f 1651 1781 1732
f 1662 1764 1781
f 1732 1781 1764
f 1622 1699 1728
f 1644 1782 1699
f 1651 1728 1782
f 1699 1782 1728
f 1662 1781 1780
f 1651 1782 1781
f 1644 1780 1782
f 1781 1782 1780
f 1783 1825 1827
f 1795 1826 1825
f 1797 1827 1826
f 1825 1826 1827
f 1794 1828 1830
f 1796 1829 1828
f 1795 1830 1829
f 1828 1829 1830
f 1788 1831 1833
f 1797 1832 1831
f 1796 1833 1832
f 1831 1832 1833
f 1795 1829 1826
f 1796 1832 1829
f 1797 1826 1832
f 1829 1832 1826
f 1783 1827 1835
f 1797 1834 1827
f 1799 1835 1834
f 1827 1834 1835
f 1788 1836 1831
f 1798 1837 1836
f 1797 1831 1837
f 1836 1837 1831
f 1784 1838 1840
f 1799 1839 1838
f 1798 1840 1839
f 1838 1839 1840
f 1797 1837 1834
f 1798 1839 1837
f 1799 1834 1839
f 1837 1839 1834
f 1783 1835 1842
f 1799 1841 1835
f 1801 1842 1841
f 1835 1841 1842
f 1784 1843 1838
f 1800 1844 1843
f 1799 1838 1844
f 1843 1844 1838
f 1790 1845 1847
f 1801 1846 1845
f 1800 1847 1846
f 1845 1846 1847
f 1799 1844 1841
f 1800 1846 1844
f 1801 1841 1846
f 1844 1846 1841
f 1783 1842 1849
f 1801 1848 1842
f 1803 1849 1848
f 1842 1848 1849
f 1790 1850 1845
f 1802 1851 1850
f 1801 1845 1851
f 1850 1851 1845
f 1793 1852 1854
f 1803 1853 1852
f 1802 1854 1853
f 1852 1853 1854
f 1801 1851 1848
f 1802 1853 1851
f 1803 1848 1853
f 1851 1853 1848
f 1783 1849 1825
f 1803 1855 1849
f 1795 1825 1855
f 1849 1855 1825
f 1793 1856 1852
f 1804 1857 1856
f 1803 1852 1857
f 1856 1857 1852
f 1794 1830 1859
f 1795 1858 1830
f 1804 1859 1858
f 1830 1858 1859
f 1803 1857 1855
f 1804 1858 1857
f 1795 1855 1858
f 1857 1858 1855
f 1784 1840 1861
f 1798 1860 1840
f 1806 1861 1860
f 1840 1860 1861
f 1788 1862 1836
f 1805 1863 1862
f 1798 1836 1863
f 1862 1863 1836
f 1792 1864 1866
f 1806 1865 1864
f 1805 1866 1865
f 1864 1865 1866
f 1798 1863 1860
f 1805 1865 1863
f 1806 1860 1865
f 1863 1865 1860
f 1788 1833 1868
f 1796 1867 1833
f 1808 1868 1867
f 1833 1867 1868
f 1794 1869 1828
f 1807 1870 1869
f 1796 1828 1870
f 1869 1870 1828
f 1787 1871 1873
f 1808 1872 1871
f 1807 1873 1872
f 1871 1872 1873
f 1796 1870 1867
f 1807 1872 1870
f 1808 1867 1872
f 1870 1872 1867
f 1794 1859 1875
f 1804 1874 1859
f 1810 1875 1874
f 1859 1874 1875
f 1793 1876 1856
f 1809 1877 1876
f 1804 1856 1877
f 1876 1877 1856
f 1785 1878 1880
f 1810 1879 1878
f 1809 1880 1879
f 1878 1879 1880
f 1804 1877 1874
f 1809 1879 1877
f 1810 1874 1879
f 1877 1879 1874
f 1793 1854 1882
f 1802 1881 1854
f 1812 1882 1881
f 1854 1881 1882
f 1790 1883 1850
f 1811 1884 1883
f 1802 1850 1884
f 1883 1884 1850
f 1789 1885 1887
f 1812 1886 1885
f 1811 1887 1886
f 1885 1886 1887
f 1802 1884 1881
f 1811 1886 1884
f 1812 1881 1886
f 1884 1886 1881
f 1790 1847 1889
f 1800 1888 1847
f 1814 1889 1888
f 1847 1888 1889
f 1784 1890 1843
f 1813 1891 1890
f 1800 1843 1891
f 1890 1891 1843
f 1791 1892 1894
f 1814 1893 1892
f 1813 1894 1893
f 1892 1893 1894
f 1800 1891 1888
f 1813 1893 1891
f 1814 1888 1893
f 1891 1893 1888
f 1786 1895 1897
f 1815 1896 1895
f 1817 1897 1896
f 1895 1896 1897
f 1792 1898 1900
f 1816 1899 1898
f 1815 1900 1899
f 1898 1899 1900
f 1787 1901 1903
f 1817 1902 1901
f 1816 1903 1902
f 1901 1902 1903
f 1815 1899 1896
f 1816 1902 1899
f 1817 1896 1902
f 1899 1902 1896
f 1786 1897 1905
f 1817 1904 1897
f 1819 1905 1904
f 1897 1904 1905
f 1787 1906 1901
f 1818 1907 1906
f 1817 1901 1907
f 1906 1907 1901
f 1785 1908 1910
f 1819 1909 1908
f 1818 1910 1909
f 1908 1909 1910
f 1817 1907 1904
f 1818 1909 1907
f 1819 1904 1909
f 1907 1909 1904
f 1786 1905 1912
f 1819 1911 1905
f 1821 1912 1911
f 1905 1911 1912
f 1785 1913 1908
f 1820 1914 1913
f 1819 1908 1914
f 1913 1914 1908
f 1789 1915 1917
f 1821 1916 1915
f 1820 1917 1916
f 1915 1916 1917
f 1819 1914 1911
f 1820 1916 1914
f 1821 1911 1916
f 1914 1916 1911
f 1786 1912 1919
f 1821 1918 1912
f 1823 1919 1918
f 1912 1918 1919
f 1789 1920 1915
f 1822 1921 1920
f 1821 1915 1921
f 1920 1921 1915
f 1791 1922 1924
f 1823 1923 1922
f 1822 1924 1923
f 1922 1923 1924
f 1821 1921 1918
f 1822 1923 1921
f 1823 1918 1923
f 1921 1923 1918
f 1786 1919 1895
f 1823 1925 1919
f 1815 1895 1925
f 1919 1925 1895
f 1791 1926 1922
f 1824 1927 1926
f 1823 1922 1927
f 1926 1927 1922
f 1792 1900 1929
f 1815 1928 1900
f 1824 1929 1928
f 1900 1928 1929
f 1823 1927 1925
f 1824 1928 1927
f 1815 1925 1928
f 1927 1928 1925
f 1787 1903 1871
f 1816 1930 1903
f 1808 1871 1930
f 1903 1930 1871
f 1792 1866 1898
f 1805 1931 1866
f 1816 1898 1931
f 1866 1931 1898
f 1788 1868 1862
f 1808 1932 1868
f 1805 1862 1932
f 1868 1932 1862
f 1816 1931 1930
f 1805 1932 1931
f 1808 1930 1932
f 1931 1932 1930
f 1785 1910 1878
f 1818 1933 1910
f 1810 1878 1933
f 1910 1933 1878
f 1787 1873 1906
f 1807 1934 1873
f 1818 1906 1934
f 1873 1934 1906
f 1794 1875 1869
f 1810 1935 1875
f 1807 1869 1935
f 1875 1935 1869
f 1818 1934 1933
f 1807 1935 1934
f 1810 1933 1935
f 1934 1935 1933
f 1789 1917 1885
f 1820 1936 1917
f 1812 1885 1936
f 1917 1936 1885
f 1785 1880 1913
f 1809 1937 1880
f 1820 1913 1937
f 1880 1937 1913
f 1793 1882 1876
f 1812 1938 1882
f 1809 1876 1938
f 1882 1938 1876
f 1820 1937 1936
f 1809 1938 1937
f 1812 1936 1938
f 1937 1938 1936
f 1791 1924 1892
f 1822 1939 1924
f 1814 1892 1939
f 1924 1939 1892
f 1789 1887 1920
f 1811 1940 1887
f 1822 1920 1940
f 1887 1940 1920
f 1790 1889 1883
f 1814 1941 1889
f 1811 1883 1941
f 1889 1941 1883
f 1822 1940 1939
f 1811 1941 1940
f 1814 1939 1941
f 1940 1941 1939
f 1792 1929 1864
f 1824 1942 1929
f 1806 1864 1942
f 1929 1942 1864
f 1791 1894 1926
f 1813 1943 1894
f 1824 1926 1943
f 1894 1943 1926
f 1784 1861 1890
f 1806 1944 1861
f 1813 1890 1944
f 1861 1944 1890
f 1824 1943 1942
f 1813 1944 1943
f 1806 1942 1944
f 1943 1944 1942
f 1945 1987 1989
f 1957 1988 1987
f 1959 1989 1988
f 1987 1988 1989
f 1956 1990 1992
f 1958 1991 1990
f 1957 1992 1991
f 1990 1991 1992
f 1950 1993 1995
f 1959 1994 1993
f 1958 1995 1994
f 1993 1994 1995
f 1957 1991 1988
f 1958 1994 1991
f 1959 1988 1994
f 1991 1994 1988
f 1945 1989 1997
f 1959 1996 1989
f 1961 1997 1996
f 1989 1996 1997
f 1950 1998 1993
f 1960 1999 1998
f 1959 1993 1999
f 1998 1999 1993
f 1946 2000 2002
f 1961 2001 2000
f 1960 2002 2001
f 2000 2001 2002
f 1959 1999 1996
f 1960 2001 1999
f 1961 1996 2001
f 1999 2001 1996
f 1945 1997 2004
f 1961 2003 1997
f 1963 2004 2003
f 1997 2003 2004
f 1946 2005 2000
f 1962 2006 2005
f 1961 2000 2006
f 2005 2006 2000
f 1952 2007 2009
f 1963 2008 2007
f 1962 2009 2008
f 2007 2008 2009
f 1961 2006 2003
f 1962 2008 2006
f 1963 2003 2008
f 2006 2008 2003
f 1945 2004 2011
f 1963 2010 2004
f 1965 2011 2010
f 2004 2010 2011
f 1952 2012 2007
f 1964 2013 2012
f 1963 2007 2013
f 2012 2013 2007
f 1955 2014 2016
f 1965 2015 2014
f 1964 2016 2015
f 2014 2015 2016
f 1963 2013 2010
f 1964 2015 2013
f 1965 2010 2015
f 2013 2015 2010
f 1945 2011 1987
f 1965 2017 2011
f 1957 1987 2017
f 2011 2017 1987
f 1955 2018 2014
f 1966 2019 2018
f 1965 2014 2019
f 2018 2019 2014
f 1956 1992 2021
f 1957 2020 1992
f 1966 2021 2020
f 1992 2020 2021
f 1965 2019 2017
f 1966 2020 2019
f 1957 2017 2020
f 2019 2020 2017
f 1946 2002 2023
f 1960 2022 2002
f 1968 2023 2022
f 2002 2022 2023
f 1950 2024 1998
f 1967 2025 2024
f 1960 1998 2025
f 2024 2025 1998
f 1954 2026 2028
f 1968 2027 2026
f 1967 2028 2027
f 2026 2027 2028
f 1960 2025 2022
f 1967 2027 2025
f 1968 2022 2027
f 2025 2027 2022
f 1950 1995 2030
f 1958 2029 1995
f 1970 2030 2029
f 1995 2029 2030
f 1956 2031 1990
f 1969 2032 2031
f 1958 1990 2032
f 2031 2032 1990
f 1949 2033 2035
f 1970 2034 2033
f 1969 2035 2034
f 2033 2034 2035
f 1958 2032 2029
f 1969 2034 2032
f 1970 2029 2034
f 2032 2034 2029
f 1956 2021 2037
f 1966 2036 2021
f 1972 2037 2036
f 2021 2036 2037
f 1955 2038 2018
f 1971 2039 2038
f 1966 2018 2039
f 2038 2039 2018
f 1947 2040 2042
f 1972 2041 2040
f 1971 2042 2041
f 2040 2041 2042
f 1966 2039 2036
f 1971 2041 2039
f 1972 2036 2041
f 2039 2041 2036
f 1955 2016 2044
f 1964 2043 2016
f 1974 2044 2043
f 2016 2043 2044
f 1952 2045 2012
f 1973 2046 2045
f 1964 2012 2046
f 2045 2046 2012
f 1951 2047 2049
f 1974 2048 2047
f 1973 2049 2048
f 2047 2048 2049
f 1964 2046 2043
f 1973 2048 2046
f 1974 2043 2048
f 2046 2048 2043
f 1952 2009 2051
f 1962 2050 2009
f 1976 2051 2050
f 2009 2050 2051
f 1946 2052 2005
f 1975 2053 2052
f 1962 2005 2053
f 2052 2053 2005
f 1953 2054 2056
f 1976 2055 2054
f 1975 2056 2055
f 2054 2055 2056
f 1962 2053 2050
f 1975 2055 2053
f 1976 2050 2055
f 2053 2055 2050
f 1948 2057 2059
f 1977 2058 2057
f 1979 2059 2058
f 2057 2058 2059
f 1954 2060 2062
f 1978 2061 2060
f 1977 2062 2061
f 2060 2061 2062
f 1949 2063 2065
f 1979 2064 2063
f 1978 2065 2064
f 2063 2064 2065
f 1977 2061 2058
f 1978 2064 2061
f 1979 2058 2064
f 2061 2064 2058
f 1948 2059 2067
f 1979 2066 2059
f 1981 2067 2066
f 2059 2066 2067
f 1949 2068 2063
f 1980 2069 2068
f 1979 2063 2069
f 2068 2069 2063
f 1947 2070 2072
f 1981 2071 2070
f 1980 2072 2071
f 2070 2071 2072
f 1979 2069 2066
f 1980 2071 2069
f 1981 2066 2071
f 2069 2071 2066
f 1948 2067 2074
f 1981 2073 2067
f 1983 2074 2073
f 2067 2073 2074
f 1947 2075 2070
f 1982 2076 2075
f 1981 2070 2076
f 2075 2076 2070
f 1951 2077 2079
f 1983 2078 2077
f 1982 2079 2078
f 2077 2078 2079
f 1981 2076 2073
f 1982 2078 2076
f 1983 2073 2078
f 2076 2078 2073
f 1948 2074 2081
f 1983 2080 2074
f 1985 2081 2080
f 2074 2080 2081
f 1951 2082 2077
f 1984 2083 2082
f 1983 2077 2083
f 2082 2083 2077
f 1953 2084 2086
f 1985 2085 2084
f 1984 2086 2085
f 2084 2085 2086
f 1983 2083 2080
f 1984 2085 2083
f 1985 2080 2085
f 2083 2085 2080
f 1948 2081 2057
f 1985 2087 2081
f 1977 2057 2087
f 2081 2087 2057
f 1953 2088 2084
f 1986 2089 2088
f 1985 2084 2089
f 2088 2089 2084
f 1954 2062 2091
f 1977 2090 2062
f 1986 2091 2090
f 2062 2090 2091
f 1985 2089 2087
f 1986 2090 2089
f 1977 2087 2090
f 2089 2090 2087
f 1949 2065 2033
f 1978 2092 2065
f 1970 2033 2092
f 2065 2092 2033
f 1954 2028 2060
f 1967 2093 2028
f 1978 2060 2093
f 2028 2093 2060
f 1950 2030 2024
f 1970 2094 2030
f 1967 2024 2094
f 2030 2094 2024
f 1978 2093 2092
f 1967 2094 2093
f 1970 2092 2094
f 2093 2094 2092
f 1947 2072 2040
f 1980 2095 2072
f 1972 2040 2095
f 2072 2095 2040
f 1949 2035 2068
f 1969 2096 2035
f 1980 2068 2096
f 2035 2096 2068
f 1956 2037 2031
f 1972 2097 2037
f 1969 2031 2097
f 2037 2097 2031
f 1980 2096 2095
f 1969 2097 2096
f 1972 2095 2097
f 2096 2097 2095
f 1951 2079 2047
f 1982 2098 2079
f 1974 2047 2098
f 2079 2098 2047
f 1947 2042 2075
f 1971 2099 2042
f 1982 2075 2099
f 2042 2099 2075
f 1955 2044 2038
f 1974 2100 2044
f 1971 2038 2100
f 2044 2100 2038
f 1982 2099 2098
f 1971 2100 2099
f 1974 2098 2100
f 2099 2100 2098
f 1953 2086 2054
f 1984 2101 2086
f 1976 2054 2101
f 2086 2101 2054
f 1951 2049 2082
f 1973 2102 2049
f 1984 2082 2102
f 2049 2102 2082
f 1952 2051 2045
f 1976 2103 2051
f 1973 2045 2103
f 2051 2103 2045
f 1984 2102 2101
f 1973 2103 2102
f 1976 2101 2103
f 2102 2103 2101
f 1954 2091 2026
f 1986 2104 2091
f 1968 2026 2104
f 2091 2104 2026
f 1953 2056 2088
f 1975 2105 2056
f 1986 2088 2105
f 2056 2105 2088
f 1946 2023 2052
f 1968 2106 2023
f 1975 2052 2106
f 2023 2106 2052
f 1986 2105 2104
f 1975 2106 2105
f 1968 2104 2106
f 2105 2106 2104
f 2107 2149 2151
f 2119 2150 2149
f 2121 2151 2150
f 2149 2150 2151
f 2118 2152 2154
f 2120 2153 2152
f 2119 2154 2153
f 2152 2153 2154
f 2112 2155 2157
f 2121 2156 2155
f 2120 2157 2156
f 2155 2156 2157
f 2119 2153 2150
f 2120 2156 2153
f 2121 2150 2156
f 2153 2156 2150
f 2107 2151 2159
f 2121 2158 2151
f 2123 2159 2158
f 2151 2158 2159
f 2112 2160 2155
f 2122 2161 2160
f 2121 2155 2161
f 2160 2161 2155
f 2108 2162 2164
f 2123 2163 2162
f 2122 2164 2163
f 2162 2163 2164
f 2121 2161 2158
f 2122 2163 2161
f 2123 2158 2163
f 2161 2163 2158
f 2107 2159 2166
f 2123 2165 2159
f 2125 2166 2165
f 2159 2165 2166
f 2108 2167 2162
f 2124 2168 2167
f 2123 2162 2168
f 2167 2168 2162
f 2114 2169 2171
f 2125 2170 2169
f 2124 2171 2170
f 2169 2170 2171
f 2123 2168 2165
f 2124 2170 2168
f 2125 2165 2170
f 2168 2170 2165
f 2107 2166 2173
f 2125 2172 2166
f 2127 2173 2172
f 2166 2172 2173
f 2114 2174 2169
f 2126 2175 2174
f 2125 2169 2175
f 2174 2175 2169
f 2117 2176 2178
f 2127 2177 2176
f 2126 2178 2177
f 2176 2177 2178
f 2125 2175 2172
f 2126 2177 2175
f 2127 2172 2177
f 2175 2177 2172
f 2107 2173 2149
f 2127 2179 2173
f 2119 2149 2179
f 2173 2179 2149
f 2117 2180 2176
f 2128 2181 2180
f 2127 2176 2181
f 2180 2181 2176
f 2118 2154 2183
f 2119 2182 2154
f 2128 2183 2182
f 2154 2182 2183
f 2127 2181 2179
f 2128 2182 2181
f 2119 2179 2182
f 2181 2182 2179
f 2108 2164 2185
f 2122 2184 2164
f 2130 2185 2184
f 2164 2184 2185
f 2112 2186 2160
f 2129 2187 2186
f 2122 2160 2187
f 2186 2187 2160
f 2116 2188 2190
f 2130 2189 2188
f 2129 2190 2189
f 2188 2189 2190
f 2122 2187 2184
f 2129 2189 2187
f 2130 2184 2189
f 2187 2189 2184
f 2112 2157 2192
f 2120 2191 2157
f 2132 2192 2191
f 2157 2191 2192
f 2118 2193 2152
f 2131 2194 2193
f 2120 2152 2194
f 2193 2194 2152
f 2111 2195 2197
f 2132 2196 2195
f 2131 2197 2196
f 2195 2196 2197
f 2120 2194 2191
f 2131 2196 2194
f 2132 2191 2196
f 2194 2196 2191
f 2118 2183 2199
f 2128 2198 2183
f 2134 2199 2198
f 2183 2198 2199
f 2117 2200 2180
f 2133 2201 2200
f 2128 2180 2201
f 2200 2201 2180
f 2109 2202 2204
f 2134 2203 2202
f 2133 2204 2203
f 2202 2203 2204
f 2128 2201 2198
f 2133 2203 2201
f 2134 2198 2203
f 2201 2203 2198
f 2117 2178 2206
f 2126 2205 2178
f 2136 2206 2205
f 2178 2205 2206
f 2114 2207 2174
f 2135 2208 2207
f 2126 2174 2208
f 2207 2208 2174
f 2113 2209 2211
f 2136 2210 2209
f 2135 2211 2210
f 2209 2210 2211
f 2126 2208 2205
f 2135 2210 2208
f 2136 2205 2210
f 2208 2210 2205
f 2114 2171 2213
f 2124 2212 2171
f 2138 2213 2212
f 2171 2212 2213
f 2108 2214 2167
f 2137 2215 2214
f 2124 2167 2215
f 2214 2215 2167
f 2115 2216 2218
f 2138 2217 2216
f 2137 2218 2217
f 2216 2217 2218
f 2124 2215 2212
f 2137 2217 2215
f 2138 2212 2217
f 2215 2217 2212
f 2110 2219 2221
f 2139 2220 2219
f 2141 2221 2220
f 2219 2220 2221
f 2116 2222 2224
f 2140 2223 2222
f 2139 2224 2223
f 2222 2223 2224
f 2111 2225 2227
f 2141 2226 2225
f 2140 2227 2226
f 2225 2226 2227
f 2139 2223 2220
f 2140 2226 2223
f 2141 2220 2226
f 2223 2226 2220
f 2110 2221 2229
f 2141 2228 2221
f 2143 2229 2228
f 2221 2228 2229
f 2111 2230 2225
f 2142 2231 2230
f 2141 2225 2231
f 2230 2231 2225
f 2109 2232 2234
f 2143 2233 2232
f 2142 2234 2233
f 2232 2233 2234
f 2141 2231 2228
f 2142 2233 2231
f 2143 2228 2233
f 2231 2233 2228
f 2110 2229 2236
f 2143 2235 2229
f 2145 2236 2235
f 2229 2235 2236
f 2109 2237 2232
f 2144 2238 2237
f 2143 2232 2238
f 2237 2238 2232
f 2113 2239 2241
f 2145 2240 2239
f 2144 2241 2240
f 2239 2240 2241
f 2143 2238 2235
f 2144 2240 2238
f 2145 2235 2240
f 2238 2240 2235
f 2110 2236 2243
f 2145 2242 2236
f 2147 2243 2242
f 2236 2242 2243
f 2113 2244 2239
f 2146 2245 2244
f 2145 2239 2245
f 2244 2245 2239
f 2115 2246 2248
f 2147 2247 2246
f 2146 2248 2247
f 2246 2247 2248
f 2145 2245 2242
f 2146 2247 2245
f 2147 2242 2247
f 2245 2247 2242
f 2110 2243 2219
f 2147 2249 2243
f 2139 2219 2249
f 2243 2249 2219
f 2115 2250 2246
f 2148 2251 2250
f 2147 2246 2251
f 2250 2251 2246
f 2116 2224 2253
f 2139 2252 2224
f 2148 2253 2252
f 2224 2252 2253
f 2147 2251 2249
f 2148 2252 2251
f 2139 2249 2252
f 2251 2252 2249
f 2111 2227 2195
f 2140 2254 2227
f 2132 2195 2254
f 2227 2254 2195
f 2116 2190 2222
f 2129 2255 2190
f 2140 2222 2255
f 2190 2255 2222
f 2112 2192 2186
f 2132 2256 2192
f 2129 2186 2256
f 2192 2256 2186
f 2140 2255 2254
f 2129 2256 2255
f 2132 2254 2256
f 2255 2256 2254
f 2109 2234 2202
f 2142 2257 2234
f 2134 2202 2257
f 2234 2257 2202
f 2111 2197 2230
f 2131 2258 2197
f 2142 2230 2258
f 2197 2258 2230
f 2118 2199 2193
f 2134 2259 2199
f 2131 2193 2259
f 2199 2259 2193
f 2142 2258 2257
f 2131 2259 2258
f 2134 2257 2259
f 2258 2259 2257
f 2113 2241 2209
f 2144 2260 2241
f 2136 2209 2260
f 2241 2260 2209
f 2109 2204 2237
f 2133 2261 2204
f 2144 2237 2261
f 2204 2261 2237
f 2117 2206 2200
f 2136 2262 2206
f 2133 2200 2262
f 2206 2262 2200
f 2144 2261 2260
f 2133 2262 2261
f 2136 2260 2262
f 2261 2262 2260
f 2115 2248 2216
f 2146 2263 2248
f 2138 2216 2263
f 2248 2263 2216
f 2113 2211 2244
f 2135 2264 2211
f 2146 2244 2264
f 2211 2264 2244
f 2114 2213 2207
f 2138 2265 2213
f 2135 2207 2265
f 2213 2265 2207
f 2146 2264 2263
f 2135 2265 2264
f 2138 2263 2265
f 2264 2265 2263
f 2116 2253 2188
f 2148 2266 2253
f 2130 2188 2266
f 2253 2266 2188
f 2115 2218 2250
f 2137 2267 2218
f 2148 2250 2267
f 2218 2267 2250
f 2108 2185 2214
f 2130 2268 2185
f 2137 2214 2268
f 2185 2268 2214
f 2148 2267 2266
f 2137 2268 2267
f 2130 2266 2268
f 2267 2268 2266
f 2269 2311 2313
f 2281 2312 2311
f 2283 2313 2312
f 2311 2312 2313
f 2280 2314 2316
f 2282 2315 2314
f 2281 2316 2315
f 2314 2315 2316
f 2274 2317 2319
f 2283 2318 2317
f 2282 2319 2318
f 2317 2318 2319
f 2281 2315 2312
f 2282 2318 2315
f 2283 2312 2318
f 2315 2318 2312
f 2269 2313 2321
f 2283 2320 2313
f 2285 2321 2320
f 2313 2320 2321
f 2274 2322 2317
f 2284 2323 2322
f 2283 2317 2323
f 2322 2323 2317
f 2270 2324 2326
f 2285 2325 2324
f 2284 2326 2325
f 2324 2325 2326
f 2283 2323 2320
f 2284 2325 2323
f 2285 2320 2325
f 2323 2325 2320
f 2269 2321 2328
f 2285 2327 2321
f 2287 2328 2327
f 2321 2327 2328
f 2270 2329 2324
f 2286 2330 2329
f 2285 2324 2330
f 2329 2330 2324
f 2276 2331 2333
f 2287 2332 2331
f 2286 2333 2332
f 2331 2332 2333
f 2285 2330 2327
f 2286 2332 2330
f 2287 2327 2332
f 2330 2332 2327
f 2269 2328 2335
f 2287 2334 2328
f 2289 2335 2334
f 2328 2334 2335
f 2276 2336 2331
f 2288 2337 2336
f 2287 2331 2337
f 2336 2337 2331
f 2279 2338 2340
f 2289 2339 2338
f 2288 2340 2339
f 2338 2339 2340
f 2287 2337 2334
f 2288 2339 2337
f 2289 2334 2339
f 2337 2339 2334
f 2269 2335 2311
f 2289 2341 2335
f 2281 2311 2341
f 2335 2341 2311
f 2279 2342 2338
f 2290 2343 2342
f 2289 2338 2343
f 2342 2343 2338
f 2280 2316 2345
f 2281 2344 2316
f 2290 2345 2344
f 2316 2344 2345
f 2289 2343 2341
f 2290 2344 2343
f 2281 2341 2344
f 2343 2344 2341
f 2270 2326 2347
f 2284 2346 2326
f 2292 2347 2346
f 2326 2346 2347
f 2274 2348 2322
f 2291 2349 2348
f 2284 2322 2349
f 2348 2349 2322
f 2278 2350 2352
f 2292 2351 2350
f 2291 2352 2351
f 2350 2351 2352
f 2284 2349 2346
f 2291 2351 2349
f 2292 2346 2351
f 2349 2351 2346
f 2274 2319 2354
f 2282 2353 2319
f 2294 2354 2353
f 2319 2353 2354
f 2280 2355 2314
f 2293 2356 2355
f 2282 2314 2356
f 2355 2356 2314
f 2273 2357 2359
f 2294 2358 2357
f 2293 2359 2358
f 2357 2358 2359
f 2282 2356 2353
f 2293 2358 2356
f 2294 2353 2358
f 2356 2358 2353
f 2280 2345 2361
f 2290 2360 2345
f 2296 2361 2360
f 2345 2360 2361
f 2279 2362 2342
f 2295 2363 2362
f 2290 2342 2363
f 2362 2363 2342
f 2271 2364 2366
f 2296 2365 2364
f 2295 2366 2365
f 2364 2365 2366
f 2290 2363 2360
f 2295 2365 2363
f 2296 2360 2365
f 2363 2365 2360
f 2279 2340 2368
f 2288 2367 2340
f 2298 2368 2367
f 2340 2367 2368
f 2276 2369 2336
f 2297 2370 2369
f 2288 2336 2370
f 2369 2370 2336
f 2275 2371 2373
f 2298 2372 2371
f 2297 2373 2372
f 2371 2372 2373
f 2288 2370 2367
f 2297 2372 2370
f 2298 2367 2372
f 2370 2372 2367
f 2276 2333 2375
f 2286 2374 2333
f 2300 2375 2374
f 2333 2374 2375
f 2270 2376 2329
f 2299 2377 2376
f 2286 2329 2377
f 2376 2377 2329
f 2277 2378 2380
f 2300 2379 2378
f 2299 2380 2379
f 2378 2379 2380
f 2286 2377 2374
f 2299 2379 2377
f 2300 2374 2379
f 2377 2379 2374
f 2272 2381 2383
f 2301 2382 2381
f 2303 2383 2382
f 2381 2382 2383
f 2278 2384 2386
f 2302 2385 2384
f 2301 2386 2385
f 2384 2385 2386
f 2273 2387 2389
f 2303 2388 2387
f 2302 2389 2388
f 2387 2388 2389
f 2301 2385 2382
f 2302 2388 2385
f 2303 2382 2388
f 2385 2388 2382
f 2272 2383 2391
f 2303 2390 2383
f 2305 2391 2390
f 2383 2390 2391
f 2273 2392 2387
f 2304 2393 2392
f 2303 2387 2393
f 2392 2393 2387
f 2271 2394 2396
f 2305 2395 2394
f 2304 2396 2395
f 2394 2395 2396
f 2303 2393 2390
f 2304 2395 2393
f 2305 2390 2395
f 2393 2395 2390
f 2272 2391 2398
f 2305 2397 2391
f 2307 2398 2397
f 2391 2397 2398
f 2271 2399 2394
f 2306 2400 2399
f 2305 2394 2400
f 2399 2400 2394
f 2275 2401 2403
f 2307 2402 2401
f 2306 2403 2402
f 2401 2402 2403
f 2305 2400 2397
f 2306 2402 2400
f 2307 2397 2402
f 2400 2402 2397
f 2272 2398 2405
f 2307 2404 2398
f 2309 2405 2404
f 2398 2404 2405
f 2275 2406 2401
f 2308 2407 2406
f 2307 2401 2407
f 2406 2407 2401
f 2277 2408 2410
f 2309 2409 2408
f 2308 2410 2409
f 2408 2409 2410
f 2307 2407 2404
f 2308 2409 2407
f 2309 2404 2409
f 2407 2409 2404
f 2272 2405 2381
f 2309 2411 2405
f 2301 2381 2411
f 2405 2411 2381
f 2277 2412 2408
f 2310 2413 2412
f 2309 2408 2413
f 2412 2413 2408
f 2278 2386 2415
f 2301 2414 2386
f 2310 2415 2414
f 2386 2414 2415
f 2309 2413 2411
f 2310 2414 2413
f 2301 2411 2414
f 2413 2414 2411
f 2273 2389 2357
f 2302 2416 2389
f 2294 2357 2416
f 2389 2416 2357
f 2278 2352 2384
f 2291 2417 2352
f 2302 2384 2417
f 2352 2417 2384
f 2274 2354 2348
f 2294 2418 2354
f 2291 2348 2418
f 2354 2418 2348
f 2302 2417 2416
f 2291 2418 2417
f 2294 2416 2418
f 2417 2418 2416
f 2271 2396 2364
f 2304 2419 2396
f 2296 2364 2419
f 2396 2419 2364
f 2273 2359 2392
f 2293 2420 2359
f 2304 2392 2420
f 2359 2420 2392
f 2280 2361 2355
f 2296 2421 2361
f 2293 2355 2421
f 2361 2421 2355
f 2304 2420 2419
f 2293 2421 2420
f 2296 2419 2421
f 2420 2421 2419
f 2275 2403 2371
f 2306 2422 2403
f 2298 2371 2422
f 2403 2422 2371
f 2271 2366 2399
f 2295 2423 2366
f 2306 2399 2423
f 2366 2423 2399
f 2279 2368 2362
f 2298 2424 2368
f 2295 2362 2424
f 2368 2424 2362
f 2306 2423 2422
f 2295 2424 2423
f 2298 2422 2424
f 2423 2424 2422
f 2277 2410 2378
f 2308 2425 2410
f 2300 2378 2425
f 2410 2425 2378
f 2275 2373 2406
f 2297 2426 2373
f 2308 2406 2426
f 2373 2426 2406
f 2276 2375 2369
f 2300 2427 2375
f 2297 2369 2427
f 2375 2427 2369
f 2308 2426 2425
f 2297 2427 2426
f 2300 2425 2427
f 2426 2427 2425
f 2278 2415 2350
f 2310 2428 2415
f 2292 2350 2428
f 2415 2428 2350
f 2277 2380 2412
f 2299 2429 2380
f 2310 2412 2429
f 2380 2429 2412
f 2270 2347 2376
f 2292 2430 2347
f 2299 2376 2430
f 2347 2430 2376
f 2310 2429 2428
f 2299 2430 2429
f 2292 2428 2430
f 2429 2430 2428
f 2431 2473 2475
f 2443 2474 2473
f 2445 2475 2474
f 2473 2474 2475
f 2442 2476 2478
f 2444 2477 2476
f 2443 2478 2477
f 2476 2477 2478
f 2436 2479 2481
f 2445 2480 2479
f 2444 2481 2480
f 2479 2480 2481
f 2443 2477 2474
f 2444 2480 2477
f 2445 2474 2480
f 2477 2480 2474
f 2431 2475 2483
f 2445 2482 2475
f 2447 2483 2482
f 2475 2482 2483
f 2436 2484 2479
f 2446 2485 2484
f 2445 2479 2485
f 2484 2485 2479
f 2432 2486 2488
f 2447 2487 2486
f 2446 2488 2487
f 2486 2487 2488
f 2445 2485 2482
f 2446 2487 2485
f 2447 2482 2487
f 2485 2487 2482
f 2431 2483 2490
f 2447 2489 2483
f 2449 2490 2489
f 2483 2489 2490
f 2432 2491 2486
f 2448 2492 2491
f 2447 2486 2492
f 2491 2492 2486
f 2438 2493 2495
f 2449 2494 2493
f 2448 2495 2494
f 2493 2494 2495
f 2447 2492 2489
f 2448 2494 2492
f 2449 2489 2494
f 2492 2494 2489
f 2431 2490 2497
f 2449 2496 2490
f 2451 2497 2496
f 2490 2496 2497
f 2438 2498 2493
f 2450 2499 2498
f 2449 2493 2499
f 2498 2499 2493
f 2441 2500 2502
f 2451 2501 2500
f 2450 2502 2501
f 2500 2501 2502
f 2449 2499 2496
f 2450 2501 2499
f 2451 2496 2501
f 2499 2501 2496
f 2431 2497 2473
f 2451 2503 2497
f 2443 2473 2503
f 2497 2503 2473
f 2441 2504 2500
f 2452 2505 2504
f 2451 2500 2505
f 2504 2505 2500
f 2442 2478 2507
f 2443 2506 2478
f 2452 2507 2506
f 2478 2506 2507
f 2451 2505 2503
f 2452 2506 2505
f 2443 2503 2506
f 2505 2506 2503
f 2432 2488 2509
f 2446 2508 2488
f 2454 2509 2508
f 2488 2508 2509
f 2436 2510 2484
f 2453 2511 2510
f 2446 2484 2511
f 2510 2511 2484
f 2440 2512 2514
f 2454 2513 2512
f 2453 2514 2513
f 2512 2513 2514
f 2446 2511 2508
f 2453 2513 2511
f 2454 2508 2513
f 2511 2513 2508
f 2436 2481 2516
f 2444 2515 2481
f 2456 2516 2515
f 2481 2515 2516
f 2442 2517 2476
f 2455 2518 2517
f 2444 2476 2518
f 2517 2518 2476
f 2435 2519 2521
f 2456 2520 2519
f 2455 2521 2520
f 2519 2520 2521
f 2444 2518 2515
f 2455 2520 2518
f 2456 2515 2520
f 2518 2520 2515
f 2442 2507 2523
f 2452 2522 2507
f 2458 2523 2522
f 2507 2522 2523
f 2441 2524 2504
f 2457 2525 2524
f 2452 2504 2525
f 2524 2525 2504
f 2433 2526 2528
f 2458 2527 2526
f 2457 2528 2527
f 2526 2527 2528
f 2452 2525 2522
f 2457 2527 2525
f 2458 2522 2527
f 2525 2527 2522
f 2441 2502 2530
f 2450 2529 2502
f 2460 2530 2529
f 2502 2529 2530
f 2438 2531 2498
f 2459 2532 2531
f 2450 2498 2532
f 2531 2532 2498
f 2437 2533 2535
f 2460 2534 2533
f 2459 2535 2534
f 2533 2534 2535
f 2450 2532 2529
f 2459 2534 2532
f 2460 2529 2534
f 2532 2534 2529
f 2438 2495 2537
f 2448 2536 2495
f 2462 2537 2536
f 2495 2536 2537
f 2432 2538 2491
f 2461 2539 2538
f 2448 2491 2539
f 2538 2539 2491
f 2439 2540 2542
f 2462 2541 2540
f 2461 2542 2541
f 2540 2541 2542
f 2448 2539 2536
f 2461 2541 2539
f 2462 2536 2541
f 2539 2541 2536
f 2434 2543 2545
f 2463 2544 2543
f 2465 2545 2544
f 2543 2544 2545
f 2440 2546 2548
f 2464 2547 2546
f 2463 2548 2547
f 2546 2547 2548
f 2435 2549 2551
f 2465 2550 2549
f 2464 2551 2550
f 2549 2550 2551
f 2463 2547 2544
f 2464 2550 2547
f 2465 2544 2550
f 2547 2550 2544
f 2434 2545 2553
f 2465 2552 2545
f 2467 2553 2552
f 2545 2552 2553
f 2435 2554 2549
f 2466 2555 2554
f 2465 2549 2555
f 2554 2555 2549
f 2433 2556 2558
f 2467 2557 2556
f 2466 2558 2557
f 2556 2557 2558
f 2465 2555 2552
f 2466 2557 2555
f 2467 2552 2557
f 2555 2557 2552
f 2434 2553 2560
f 2467 2559 2553
f 2469 2560 2559
f 2553 2559 2560
f 2433 2561 2556
f 2468 2562 2561
f 2467 2556 2562
f 2561 2562 2556
f 2437 2563 2565
f 2469 2564 2563
f 2468 2565 2564
f 2563 2564 2565
f 2467 2562 2559
f 2468 2564 2562
f 2469 2559 2564
f 2562 2564 2559
f 2434 2560 2567
f 2469 2566 2560
f 2471 2567 2566
f 2560 2566 2567
f 2437 2568 2563
f 2470 2569 2568
f 2469 2563 2569
f 2568 2569 2563
f 2439 2570 2572
f 2471 2571 2570
f 2470 2572 2571
f 2570 2571 2572
f 2469 2569 2566
f 2470 2571 2569
f 2471 2566 2571
f 2569 2571 2566
f 2434 2567 2543
f 2471 2573 2567
f 2463 2543 2573
f 2567 2573 2543
f 2439 2574 2570
f 2472 2575 2574
f 2471 2570 2575
f 2574 2575 2570
f 2440 2548 2577
f 2463 2576 2548
f 2472 2577 2576
f 2548 2576 2577
f 2471 2575 2573
f 2472 2576 2575
f 2463 2573 2576
f 2575 2576 2573
f 2435 2551 2519
f 2464 2578 2551
f 2456 2519 2578
f 2551 2578 2519
f 2440 2514 2546
f 2453 2579 2514
f 2464 2546 2579
f 2514 2579 2546
f 2436 2516 2510
f 2456 2580 2516
f 2453 2510 2580
f 2516 2580 2510
f 2464 2579 2578
f 2453 2580 2579
f 2456 2578 2580
f 2579 2580 2578
f 2433 2558 2526
f 2466 2581 2558
f 2458 2526 2581
f 2558 2581 2526
f 2435 2521 2554
f 2455 2582 2521
f 2466 2554 2582
f 2521 2582 2554
f 2442 2523 2517
f 2458 2583 2523
f 2455 2517 2583
f 2523 2583 2517
f 2466 2582 2581
f 2455 2583 2582
f 2458 2581 2583
f 2582 2583 2581
f 2437 2565 2533
f 2468 2584 2565
f 2460 2533 2584
f 2565 2584 2533
f 2433 2528 2561
f 2457 2585 2528
f 2468 2561 2585
f 2528 2585 2561
f 2441 2530 2524
f 2460 2586 2530
f 2457 2524 2586
f 2530 2586 2524
f 2468 2585 2584
f 2457 2586 2585
f 2460 2584 2586
f 2585 2586 2584
f 2439 2572 2540
f 2470 2587 2572
f 2462 2540 2587
f 2572 2587 2540
f 2437 2535 2568
f 2459 2588 2535
f 2470 2568 2588
f 2535 2588 2568
f 2438 2537 2531
f 2462 2589 2537
f 2459 2531 2589
f 2537 2589 2531
f 2470 2588 2587
f 2459 2589 2588
f 2462 2587 2589
f 2588 2589 2587
f 2440 2577 2512
f 2472 2590 2577
f 2454 2512 2590
f 2577 2590 2512
f 2439 2542 2574
f 2461 2591 2542
f 2472 2574 2591
f 2542 2591 2574
f 2432 2509 2538
f 2454 2592 2509
f 2461 2538 2592
f 2509 2592 2538
f 2472 2591 2590
f 2461 2592 2591
f 2454 2590 2592
f 2591 2592 2590
f 2593 2635 2637
f 2605 2636 2635
f 2607 2637 2636
f 2635 2636 2637
f 2604 2638 2640
f 2606 2639 2638
f 2605 2640 2639
f 2638 2639 2640
f 2598 2641 2643
f 2607 2642 2641
f 2606 2643 2642
f 2641 2642 2643
f 2605 2639 2636
f 2606 2642 2639
f 2607 2636 2642
f 2639 2642 2636
f 2593 2637 2645
f 2607 2644 2637
f 2609 2645 2644
f 2637 2644 2645
f 2598 2646 2641
f 2608 2647 2646
f 2607 2641 2647
f 2646 2647 2641
f 2594 2648 2650
f 2609 2649 2648
f 2608 2650 2649
f 2648 2649 2650
f 2607 2647 2644
f 2608 2649 2647
f 2609 2644 2649
f 2647 2649 2644
f 2593 2645 2652
f 2609 2651 2645
f 2611 2652 2651
f 2645 2651 2652
f 2594 2653 2648
f 2610 2654 2653
f 2609 2648 2654
f 2653 2654 2648
f 2600 2655 2657
f 2611 2656 2655
f 2610 2657 2656
f 2655 2656 2657
f 2609 2654 2651
f 2610 2656 2654
f 2611 2651 2656
f 2654 2656 2651
f 2593 2652 2659
f 2611 2658 2652
f 2613 2659 2658
f 2652 2658 2659
f 2600 2660 2655
f 2612 2661 2660
f 2611 2655 2661
f 2660 2661 2655
f 2603 2662 2664
f 2613 2663 2662
f 2612 2664 2663
f 2662 2663 2664
f 2611 2661 2658
f 2612 2663 2661
f 2613 2658 2663
f 2661 2663 2658
f 2593 2659 2635
f 2613 2665 2659
f 2605 2635 2665
f 2659 2665 2635
f 2603 2666 2662
f 2614 2667 2666
f 2613 2662 2667
f 2666 2667 2662
f 2604 2640 2669
f 2605 2668 2640
f 2614 2669 2668
f 2640 2668 2669
f 2613 2667 2665
f 2614 2668 2667
f 2605 2665 2668
f 2667 2668 2665
f 2594 2650 2671
f 2608 2670 2650
f 2616 2671 2670
f 2650 2670 2671
f 2598 2672 2646
f 2615 2673 2672
f 2608 2646 2673
f 2672 2673 2646
f 2602 2674 2676
f 2616 2675 2674
f 2615 2676 2675
f 2674 2675 2676
f 2608 2673 2670
f 2615 2675 2673
f 2616 2670 2675
f 2673 2675 2670
f 2598 2643 2678
f 2606 2677 2643
f 2618 2678 2677
f 2643 2677 2678
f 2604 2679 2638
f 2617 2680 2679
f 2606 2638 2680
f 2679 2680 2638
f 2597 2681 2683
f 2618 2682 2681
f 2617 2683 2682
f 2681 2682 2683
f 2606 2680 2677
f 2617 2682 2680
f 2618 2677 2682
f 2680 2682 2677
f 2604 2669 2685
f 2614 2684 2669
f 2620 2685 2684
f 2669 2684 2685
f 2603 2686 2666
f 2619 2687 2686
f 2614 2666 2687
f 2686 2687 2666
f 2595 2688 2690
f 2620 2689 2688
f 2619 2690 2689
f 2688 2689 2690
f 2614 2687 2684
f 2619 2689 2687
f 2620 2684 2689
f 2687 2689 2684
f 2603 2664 2692
f 2612 2691 2664
f 2622 2692 2691
f 2664 2691 2692
f 2600 2693 2660
f 2621 2694 2693
f 2612 2660 2694
f 2693 2694 2660
f 2599 2695 2697
f 2622 2696 2695
f 2621 2697 2696
f 2695 2696 2697
f 2612 2694 2691
f 2621 2696 2694
f 2622 2691 2696
f 2694 2696 2691
f 2600 2657 2699
f 2610 2698 2657
f 2624 2699 2698
f 2657 2698 2699
f 2594 2700 2653
f 2623 2701 2700
f 2610 2653 2701
f 2700 2701 2653
f 2601 2702 2704
f 2624 2703 2702
f 2623 2704 2703
f 2702 2703 2704
f 2610 2701 2698
f 2623 2703 2701
f 2624 2698 2703
f 2701 2703 2698
f 2596 2705 2707
f 2625 2706 2705
f 2627 2707 2706
f 2705 2706 2707
f 2602 2708 2710
f 2626 2709 2708
f 2625 2710 2709
f 2708 2709 2710
f 2597 2711 2713
f 2627 2712 2711
f 2626 2713 2712
f 2711 2712 2713
f 2625 2709 2706
f 2626 2712 2709
f 2627 2706 2712
f 2709 2712 2706
f 2596 2707 2715
f 2627 2714 2707
f 2629 2715 2714
f 2707 2714 2715
f 2597 2716 2711
f 2628 2717 2716
f 2627 2711 2717
f 2716 2717 2711
f 2595 2718 2720
f 2629 2719 2718
f 2628 2720 2719
f 2718 2719 2720
f 2627 2717 2714
f 2628 2719 2717
f 2629 2714 2719
f 2717 2719 2714
f 2596 2715 2722
f 2629 2721 2715
f 2631 2722 2721
f 2715 2721 2722
f 2595 2723 2718
f 2630 2724 2723
f 2629 2718 2724
f 2723 2724 2718
f 2599 2725 2727
f 2631 2726 2725
f 2630 2727 2726
f 2725 2726 2727
f 2629 2724 2721
f 2630 2726 2724
f 2631 2721 2726
f 2724 2726 2721
f 2596 2722 2729
f 2631 2728 2722
f 2633 2729 2728
f 2722 2728 2729
f 2599 2730 2725
f 2632 2731 2730
f 2631 2725 2731
f 2730 2731 2725
f 2601 2732 2734
f 2633 2733 2732
f 2632 2734 2733
f 2732 2733 2734
f 2631 2731 2728
f 2632 2733 2731
f 2633 2728 2733
f 2731 2733 2728
f 2596 2729 2705
f 2633 2735 2729
f 2625 2705 2735
f 2729 2735 2705
f 2601 2736 2732
f 2634 2737 2736
f 2633 2732 2737
f 2736 2737 2732
f 2602 2710 2739
f 2625 2738 2710
f 2634 2739 2738
f 2710 2738 2739
f 2633 2737 2735
f 2634 2738 2737
f 2625 2735 2738
f 2737 2738 2735
f 2597 2713 2681
f 2626 2740 2713
f 2618 2681 2740
f 2713 2740 2681
f 2602 2676 2708
f 2615 2741 2676
f 2626 2708 2741
f 2676 2741 2708
f 2598 2678 2672
f 2618 2742 2678
f 2615 2672 2742
f 2678 2742 2672
f 2626 2741 2740
f 2615 2742 2741
f 2618 2740 2742
f 2741 2742 2740
f 2595 2720 2688
f 2628 2743 2720
f 2620 2688 2743
f 2720 2743 2688
f 2597 2683 2716
f 2617 2744 2683
f 2628 2716 2744
f 2683 2744 2716
f 2604 2685 2679
f 2620 2745 2685
f 2617 2679 2745
f 2685 2745 2679
f 2628 2744 2743
f 2617 2745 2744
f 2620 2743 2745
f 2744 2745 2743
f 2599 2727 2695
f 2630 2746 2727
f 2622 2695 2746
f 2727 2746 2695
f 2595 2690 2723
f 2619 2747 2690
f 2630 2723 2747
f 2690 2747 2723
f 2603 2692 2686
f 2622 2748 2692
f 2619 2686 2748
f 2692 2748 2686
f 2630 2747 2746
f 2619 2748 2747
f 2622 2746 2748
f 2747 2748 2746
f 2601 2734 2702
f 2632 2749 2734
f 2624 2702 2749
f 2734 2749 2702
f 2599 2697 2730
f 2621 2750 2697
f 2632 2730 2750
f 2697 2750 2730
f 2600 2699 2693
f 2624 2751 2699
f 2621 2693 2751
f 2699 2751 2693
f 2632 2750 2749
f 2621 2751 2750
f 2624 2749 2751
f 2750 2751 2749
f 2602 2739 2674
f 2634 2752 2739
f 2616 2674 2752
f 2739 2752 2674
f 2601 2704 2736
f 2623 2753 2704
f 2634 2736 2753
f 2704 2753 2736
f 2594 2671 2700
f 2616 2754 2671
f 2623 2700 2754
f 2671 2754 2700
f 2634 2753 2752
f 2623 2754 2753
f 2616 2752 2754
f 2753 2754 2752
f 2755 2797 2799
f 2767 2798 2797
f 2769 2799 2798
f 2797 2798 2799
f 2766 2800 2802
f 2768 2801 2800
f 2767 2802 2801
f 2800 2801 2802
f 2760 2803 2805
f 2769 2804 2803
f 2768 2805 2804
f 2803 2804 2805
f 2767 2801 2798
f 2768 2804 2801
f 2769 2798 2804
f 2801 2804 2798
f 2755 2799 2807
f 2769 2806 2799
f 2771 2807 2806
f 2799 2806 2807
f 2760 2808 2803
f 2770 2809 2808
f 2769 2803 2809
f 2808 2809 2803
f 2756 2810 2812
f 2771 2811 2810
f 2770 2812 2811
f 2810 2811 2812
f 2769 2809 2806
f 2770 2811 2809
f 2771 2806 2811
f 2809 2811 2806
f 2755 2807 2814
f 2771 2813 2807
f 2773 2814 2813
f 2807 2813 2814
f 2756 2815 2810
f 2772 2816 2815
f 2771 2810 2816
f 2815 2816 2810
f 2762 2817 2819
f 2773 2818 2817
f 2772 2819 2818
f 2817 2818 2819
f 2771 2816 2813
f 2772 2818 2816
f 2773 2813 2818
f 2816 2818 2813
f 2755 2814 2821
f 2773 2820 2814
f 2775 2821 2820
f 2814 2820 2821
f 2762 2822 2817
f 2774 2823 2822
f 2773 2817 2823
f 2822 2823 2817
f 2765 2824 2826
f 2775 2825 2824
f 2774 2826 2825
f 2824 2825 2826
f 2773 2823 2820
f 2774 2825 2823
f 2775 2820 2825
f 2823 2825 2820
f 2755 2821 2797
f 2775 2827 2821
f 2767 2797 2827
f 2821 2827 2797
f 2765 2828 2824
f 2776 2829 2828
f 2775 2824 2829
f 2828 2829 2824
f 2766 2802 2831
f 2767 2830 2802
f 2776 2831 2830
f 2802 2830 2831
f 2775 2829 2827
f 2776 2830 2829
f 2767 2827 2830
f 2829 2830 2827
f 2756 2812 2833
f 2770 2832 2812
f 2778 2833 2832
f 2812 2832 2833
f 2760 2834 2808
f 2777 2835 2834
f 2770 2808 2835
f 2834 2835 2808
f 2764 2836 2838
f 2778 2837 2836
f 2777 2838 2837
f 2836 2837 2838
f 2770 2835 2832
f 2777 2837 2835
f 2778 2832 2837
f 2835 2837 2832
f 2760 2805 2840
f 2768 2839 2805
f 2780 2840 2839
f 2805 2839 2840
f 2766 2841 2800
f 2779 2842 2841
f 2768 2800 2842
f 2841 2842 2800
f 2759 2843 2845
f 2780 2844 2843
f 2779 2845 2844
f 2843 2844 2845
f 2768 2842 2839
f 2779 2844 2842
f 2780 2839 2844
f 2842 2844 2839
f 2766 2831 2847
f 2776 2846 2831
f 2782 2847 2846
f 2831 2846 2847
f 2765 2848 2828
f 2781 2849 2848
f 2776 2828 2849
f 2848 2849 2828
f 2757 2850 2852
f 2782 2851 2850
f 2781 2852 2851
f 2850 2851 2852
f 2776 2849 2846
f 2781 2851 2849
f 2782 2846 2851
f 2849 2851 2846
f 2765 2826 2854
f 2774 2853 2826
f 2784 2854 2853
f 2826 2853 2854
f 2762 2855 2822
f 2783 2856 2855
f 2774 2822 2856
f 2855 2856 2822
f 2761 2857 2859
f 2784 2858 2857
f 2783 2859 2858
f 2857 2858 2859
f 2774 2856 2853
f 2783 2858 2856
f 2784 2853 2858
f 2856 2858 2853
f 2762 2819 2861
f 2772 2860 2819
f 2786 2861 2860
f 2819 2860 2861
f 2756 2862 2815
f 2785 2863 2862
f 2772 2815 2863
f 2862 2863 2815
f 2763 2864 2866
f 2786 2865 2864
f 2785 2866 2865
f 2864 2865 2866
f 2772 2863 2860
f 2785 2865 2863
f 2786 2860 2865
f 2863 2865 2860
f 2758 2867 2869
f 2787 2868 2867
f 2789 2869 2868
f 2867 2868 2869
f 2764 2870 2872
f 2788 2871 2870
f 2787 2872 2871
f 2870 2871 2872
f 2759 2873 2875
f 2789 2874 2873
f 2788 2875 2874
f 2873 2874 2875
f 2787 2871 2868
f 2788 2874 2871
f 2789 2868 2874
f 2871 2874 2868
f 2758 2869 2877
f 2789 2876 2869
f 2791 2877 2876
f 2869 2876 2877
f 2759 2878 2873
f 2790 2879 2878
f 2789 2873 2879
f 2878 2879 2873
f 2757 2880 2882
f 2791 2881 2880
f 2790 2882 2881
f 2880 2881 2882
f 2789 2879 2876
f 2790 2881 2879
f 2791 2876 2881
f 2879 2881 2876
f 2758 2877 2884
f 2791 2883 2877
f 2793 2884 2883
f 2877 2883 2884
f 2757 2885 2880
f 2792 2886 2885
f 2791 2880 2886
f 2885 2886 2880
f 2761 2887 2889
f 2793 2888 2887
f 2792 2889 2888
f 2887 2888 2889
f 2791 2886 2883
f 2792 2888 2886
f 2793 2883 2888
f 2886 2888 2883
f 2758 2884 2891
f 2793 2890 2884
f 2795 2891 2890
f 2884 2890 2891
f 2761 2892 2887
f 2794 2893 2892
f 2793 2887 2893
f 2892 2893 2887
f 2763 2894 2896
f 2795 2895 2894
f 2794 2896 2895
f 2894 2895 2896
f 2793 2893 2890
f 2794 2895 2893
f 2795 2890 2895
f 2893 2895 2890
f 2758 2891 2867
f 2795 2897 2891
f 2787 2867 2897
f 2891 2897 2867
f 2763 2898 2894
f 2796 2899 2898
f 2795 2894 2899
f 2898 2899 2894
f 2764 2872 2901
f 2787 2900 2872
f 2796 2901 2900
f 2872 2900 2901
f 2795 2899 2897
f 2796 2900 2899
f 2787 2897 2900
f 2899 2900 2897
f 2759 2875 2843
f 2788 2902 2875
f 2780 2843 2902
f 2875 2902 2843
f 2764 2838 2870
f 2777 2903 2838
f 2788 2870 2903
f 2838 2903 2870
f 2760 2840 2834
f 2780 2904 2840
f 2777 2834 2904
f 2840 2904 2834
f 2788 2903 2902
f 2777 2904 2903
f 2780 2902 2904
f 2903 2904 2902
f 2757 2882 2850
f 2790 2905 2882
f 2782 2850 2905
f 2882 2905 2850
f 2759 2845 2878
f 2779 2906 2845
f 2790 2878 2906
f 2845 2906 2878
f 2766 2847 2841
f 2782 2907 2847
f 2779 2841 2907
f 2847 2907 2841
f 2790 2906 2905
f 2779 2907 2906
f 2782 2905 2907
f 2906 2907 2905
f 2761 2889 2857
f 2792 2908 2889
f 2784 2857 2908
f 2889 2908 2857
f 2757 2852 2885
f 2781 2909 2852
f 2792 2885 2909
f 2852 2909 2885
f 2765 2854 2848
f 2784 2910 2854
f 2781 2848 2910
f 2854 2910 2848
f 2792 2909 2908
f 2781 2910 2909
f 2784 2908 2910
f 2909 2910 2908
f 2763 2896 2864
f 2794 2911 2896
f 2786 2864 2911
f 2896 2911 2864
f 2761 2859 2892
f 2783 2912 2859
f 2794 2892 2912
f 2859 2912 2892
f 2762 2861 2855
f 2786 2913 2861
f 2783 2855 2913
f 2861 2913 2855
f 2794 2912 2911
f 2783 2913 2912
f 2786 2911 2913
f 2912 2913 2911
f 2764 2901 2836
f 2796 2914 2901
f 2778 2836 2914
f 2901 2914 2836
f 2763 2866 2898
f 2785 2915 2866
f 2796 2898 2915
f 2866 2915 2898
f 2756 2833 2862
f 2778 2916 2833
f 2785 2862 2916
f 2833 2916 2862
f 2796 2915 2914
f 2785 2916 2915
f 2778 2914 2916
f 2915 2916 2914
f 2917 2959 2961
f 2929 2960 2959
f 2931 2961 2960
f 2959 2960 2961
f 2928 2962 2964
f 2930 2963 2962
f 2929 2964 2963
f 2962 2963 2964
f 2922 2965 2967
f 2931 2966 2965
f 2930 2967 2966
f 2965 2966 2967
f 2929 2963 2960
f 2930 2966 2963
f 2931 2960 2966
f 2963 2966 2960
f 2917 2961 2969
f 2931 2968 2961
f 2933 2969 2968
f 2961 2968 2969
f 2922 2970 2965
f 2932 2971 2970
f 2931 2965 2971
f 2970 2971 2965
f 2918 2972 2974
f 2933 2973 2972
f 2932 2974 2973
f 2972 2973 2974
f 2931 2971 2968
f 2932 2973 2971
f 2933 2968 2973
f 2971 2973 2968
f 2917 2969 2976
f 2933 2975 2969
f 2935 2976 2975
f 2969 2975 2976
f 2918 2977 2972
f 2934 2978 2977
f 2933 2972 2978
f 2977 2978 2972
f 2924 2979 2981
f 2935 2980 2979
f 2934 2981 2980
f 2979 2980 2981
f 2933 2978 2975
f 2934 2980 2978
f 2935 2975 2980
f 2978 2980 2975
f 2917 2976 2983
f 2935 2982 2976
f 2937 2983 2982
f 2976 2982 2983
f 2924 2984 2979
f 2936 2985 2984
f 2935 2979 2985
f 2984 2985 2979
f 2927 2986 2988
f 2937 2987 2986
f 2936 2988 2987
f 2986 2987 2988
f 2935 2985 2982
f 2936 2987 2985
f 2937 2982 2987
f 2985 2987 2982
f 2917 2983 2959
f 2937 2989 2983
f 2929 2959 2989
f 2983 2989 2959
f 2927 2990 2986
f 2938 2991 2990
f 2937 2986 2991
f 2990 2991 2986
f 2928 2964 2993
f 2929 2992 2964
f 2938 2993 2992
f 2964 2992 2993
f 2937 2991 2989
f 2938 2992 2991
f 2929 2989 2992
f 2991 2992 2989
f 2918 2974 2995
f 2932 2994 2974
f 2940 2995 2994
f 2974 2994 2995
f 2922 2996 2970
f 2939 2997 2996
f 2932 2970 2997
f 2996 2997 2970
f 2926 2998 3000
f 2940 2999 2998
f 2939 3000 2999
f 2998 2999 3000
f 2932 2997 2994
f 2939 2999 2997
f 2940 2994 2999
f 2997 2999 2994
f 2922 2967 3002
f 2930 3001 2967
f 2942 3002 3001
f 2967 3001 3002
f 2928 3003 2962
f 2941 3004 3003
f 2930 2962 3004
f 3003 3004 2962
f 2921 3005 3007
f 2942 3006 3005
f 2941 3007 3006
f 3005 3006 3007
f 2930 3004 3001
f 2941 3006 3004
f 2942 3001 3006
f 3004 3006 3001
f 2928 2993 3009
f 2938 3008 2993
f 2944 3009 3008
f 2993 3008 3009
f 2927 3010 2990
f 2943 3011 3010
f 2938 2990 3011
f 3010 3011 2990
f 2919 3012 3014
f 2944 3013 3012
f 2943 3014 3013
f 3012 3013 3014
f 2938 3011 3008
f 2943 3013 3011
f 2944 3008 3013
f 3011 3013 3008
f 2927 2988 3016
f 2936 3015 2988
f 2946 3016 3015
f 2988 3015 3016
f 2924 3017 2984
f 2945 3018 3017
f 2936 2984 3018
f 3017 3018 2984
f 2923 3019 3021
f 2946 3020 3019
f 2945 3021 3020
f 3019 3020 3021
f 2936 3018 3015
f 2945 3020 3018
f 2946 3015 3020
f 3018 3020 3015
f 2924 2981 3023
f 2934 3022 2981
f 2948 3023 3022
f 2981 3022 3023
f 2918 3024 2977
f 2947 3025 3024
f 2934 2977 3025
f 3024 3025 2977
f 2925 3026 3028
f 2948 3027 3026
f 2947 3028 3027
f 3026 3027 3028
f 2934 3025 3022
f 2947 3027 3025
f 2948 3022 3027
f 3025 3027 3022
f 2920 3029 3031
f 2949 3030 3029
f 2951 3031 3030
f 3029 3030 3031
f 2926 3032 3034
f 2950 3033 3032
f 2949 3034 3033
f 3032 3033 3034
f 2921 3035 3037
f 2951 3036 3035
f 2950 3037 3036
f 3035 3036 3037
f 2949 3033 3030
f 2950 3036 3033
f 2951 3030 3036
f 3033 3036 3030
f 2920 3031 3039
f 2951 3038 3031
f 2953 3039 3038
f 3031 3038 3039
f 2921 3040 3035
f 2952 3041 3040
f 2951 3035 3041
f 3040 3041 3035
f 2919 3042 3044
f 2953 3043 3042
f 2952 3044 3043
f 3042 3043 3044
f 2951 3041 3038
f 2952 3043 3041
f 2953 3038 3043
f 3041 3043 3038
f 2920 3039 3046
f 2953 3045 3039
f 2955 3046 3045
f 3039 3045 3046
f 2919 3047 3042
f 2954 3048 3047
f 2953 3042 3048
f 3047 3048 3042
f 2923 3049 3051
f 2955 3050 3049
f 2954 3051 3050
f 3049 3050 3051
f 2953 3048 3045
f 2954 3050 3048
f 2955 3045 3050
f 3048 3050 3045
f 2920 3046 3053
f 2955 3052 3046
f 2957 3053 3052
f 3046 3052 3053
f 2923 3054 3049
f 2956 3055 3054
f 2955 3049 3055
f 3054 3055 3049
f 2925 3056 3058
f 2957 3057 3056
f 2956 3058 3057
f 3056 3057 3058
f 2955 3055 3052
f 2956 3057 3055
f 2957 3052 3057
f 3055 3057 3052
f 2920 3053 3029
f 2957 3059 3053
f 2949 3029 3059
f 3053 3059 3029
f 2925 3060 3056
f 2958 3061 3060
f 2957 3056 3061
f 3060 3061 3056
f 2926 3034 3063
f 2949 3062 3034
f 2958 3063 3062
f 3034 3062 3063
f 2957 3061 3059
f 2958 3062 3061
f 2949 3059 3062
f 3061 3062 3059
f 2921 3037 3005
f 2950 3064 3037
f 2942 3005 3064
f 3037 3064 3005
f 2926 3000 3032
f 2939 3065 3000
f 2950 3032 3065
f 3000 3065 3032
f 2922 3002 2996
f 2942 3066 3002
f 2939 2996 3066
f 3002 3066 2996
f 2950 3065 3064
f 2939 3066 3065
f 2942 3064 3066
f 3065 3066 3064
f 2919 3044 3012
f 2952 3067 3044
f 2944 3012 3067
f 3044 3067 3012
f 2921 3007 3040
f 2941 3068 3007
f 2952 3040 3068
f 3007 3068 3040
f 2928 3009 3003
f 2944 3069 3009
f 2941 3003 3069
f 3009 3069 3003
f 2952 3068 3067
f 2941 3069 3068
f 2944 3067 3069
f 3068 3069 3067
f 2923 3051 3019
f 2954 3070 3051
f 2946 3019 3070
f 3051 3070 3019
f 2919 3014 3047
f 2943 3071 3014
f 2954 3047 3071
f 3014 3071 3047
f 2927 3016 3010
f 2946 3072 3016
f 2943 3010 3072
f 3016 3072 3010
f 2954 3071 3070
f 2943 3072 3071
f 2946 3070 3072
f 3071 3072 3070
f 2925 3058 3026
f 2956 3073 3058
f 2948 3026 3073
f 3058 3073 3026
f 2923 3021 3054
f 2945 3074 3021
f 2956 3054 3074
f 3021 3074 3054
f 2924 3023 3017
f 2948 3075 3023
f 2945 3017 3075
f 3023 3075 3017
f 2956 3074 3073
f 2945 3075 3074
f 2948 3073 3075
f 3074 3075 3073
f 2926 3063 2998
f 2958 3076 3063
f 2940 2998 3076
f 3063 3076 2998
f 2925 3028 3060
f 2947 3077 3028
f 2958 3060 3077
f 3028 3077 3060
f 2918 2995 3024
f 2940 3078 2995
f 2947 3024 3078
f 2995 3078 3024
f 2958 3077 3076
f 2947 3078 3077
f 2940 3076 3078
f 3077 3078 3076
f 3079 3121 3123
f 3091 3122 3121
f 3093 3123 3122
f 3121 3122 3123
f 3090 3124 3126
f 3092 3125 3124
f 3091 3126 3125
f 3124 3125 3126
f 3084 3127 3129
f 3093 3128 3127
f 3092 3129 3128
f 3127 3128 3129
f 3091 3125 3122
f 3092 3128 3125
f 3093 3122 3128
f 3125 3128 3122
f 3079 3123 3131
f 3093 3130 3123
f 3095 3131 3130
f 3123 3130 3131
f 3084 3132 3127
f 3094 3133 3132
f 3093 3127 3133
f 3132 3133 3127
f 3080 3134 3136
f 3095 3135 3134
f 3094 3136 3135
f 3134 3135 3136
f 3093 3133 3130
f 3094 3135 3133
f 3095 3130 3135
f 3133 3135 3130
f 3079 3131 3138
f 3095 3137 3131
f 3097 3138 3137
f 3131 3137 3138
f 3080 3139 3134
f 3096 3140 3139
f 3095 3134 3140
f 3139 3140 3134
f 3086 3141 3143
f 3097 3142 3141
f 3096 3143 3142
f 3141 3142 3143
f 3095 3140 3137
f 3096 3142 3140
f 3097 3137 3142
f 3140 3142 3137
f 3079 3138 3145
f 3097 3144 3138
f 3099 3145 3144
f 3138 3144 3145
f 3086 3146 3141
f 3098 3147 3146
f 3097 3141 3147
f 3146 3147 3141
f 3089 3148 3150
f 3099 3149 3148
f 3098 3150 3149
f 3148 3149 3150
f 3097 3147 3144
f 3098 3149 3147
f 3099 3144 3149
f 3147 3149 3144
f 3079 3145 3121
f 3099 3151 3145
f 3091 3121 3151
f 3145 3151 3121
f 3089 3152 3148
f 3100 3153 3152
f 3099 3148 3153
f 3152 3153 3148
f 3090 3126 3155
f 3091 3154 3126
f 3100 3155 3154
f 3126 3154 3155
f 3099 3153 3151
f 3100 3154 3153
f 3091 3151 3154
f 3153 3154 3151
f 3080 3136 3157
f 3094 3156 3136
f 3102 3157 3156
f 3136 3156 3157
f 3084 3158 3132
f 3101 3159 3158
f 3094 3132 3159
f 3158 3159 3132
f 3088 3160 3162
f 3102 3161 3160
f 3101 3162 3161
f 3160 3161 3162
f 3094 3159 3156
f 3101 3161 3159
f 3102 3156 3161
f 3159 3161 3156
f 3084 3129 3164
f 3092 3163 3129
f 3104 3164 3163
f 3129 3163 3164
f 3090 3165 3124
f 3103 3166 3165
f 3092 3124 3166
f 3165 3166 3124
f 3083 3167 3169
f 3104 3168 3167
f 3103 3169 3168
f 3167 3168 3169
f 3092 3166 3163
f 3103 3168 3166
f 3104 3163 3168
f 3166 3168 3163
f 3090 3155 3171
f 3100 3170 3155
f 3106 3171 3170
f 3155 3170 3171
f 3089 3172 3152
f 3105 3173 3172
f 3100 3152 3173
f 3172 3173 3152
f 3081 3174 3176
f 3106 3175 3174
f 3105 3176 3175
f 3174 3175 3176
f 3100 3173 3170
f 3105 3175 3173
f 3106 3170 3175
f 3173 3175 3170
f 3089 3150 3178
f 3098 3177 3150
f 3108 3178 3177
f 3150 3177 3178
f 3086 3179 3146
f 3107 3180 3179
f 3098 3146 3180
f 3179 3180 3146
f 3085 3181 3183
f 3108 3182 3181
f 3107 3183 3182
f 3181 3182 3183
f 3098 3180 3177
f 3107 3182 3180
f 3108 3177 3182
f 3180 3182 3177
f 3086 3143 3185
f 3096 3184 3143
f 3110 3185 3184
f 3143 3184 3185
f 3080 3186 3139
f 3109 3187 3186
f 3096 3139 3187
f 3186 3187 3139
f 3087 3188 3190
f 3110 3189 3188
f 3109 3190 3189
f 3188 3189 3190
f 3096 3187 3184
f 3109 3189 3187
f 3110 3184 3189
f 3187 3189 3184
f 3082 3191 3193
f 3111 3192 3191
f 3113 3193 3192
f 3191 3192 3193
f 3088 3194 3196
f 3112 3195 3194
f 3111 3196 3195
f 3194 3195 3196
f 3083 3197 3199
f 3113 3198 3197
f 3112 3199 3198
f 3197 3198 3199
f 3111 3195 3192
f 3112 3198 3195
f 3113 3192 3198
f 3195 3198 3192
f 3082 3193 3201
f 3113 3200 3193
f 3115 3201 3200
f 3193 3200 3201
f 3083 3202 3197
f 3114 3203 3202
f 3113 3197 3203
f 3202 3203 3197
f 3081 3204 3206
f 3115 3205 3204
f 3114 3206 3205
f 3204 3205 3206
f 3113 3203 3200
f 3114 3205 3203
f 3115 3200 3205
f 3203 3205 3200
f 3082 3201 3208
f 3115 3207 3201
f 3117 3208 3207
f 3201 3207 3208
f 3081 3209 3204
f 3116 3210 3209
f 3115 3204 3210
f 3209 3210 3204
f 3085 3211 3213
f 3117 3212 3211
f 3116 3213 3212
f 3211 3212 3213
f 3115 3210 3207
f 3116 3212 3210
f 3117 3207 3212
f 3210 3212 3207
f 3082 3208 3215
f 3117 3214 3208
f 3119 3215 3214
f 3208 3214 3215
f 3085 3216 3211
f 3118 3217 3216
f 3117 3211 3217
f 3216 3217 3211
f 3087 3218 3220
f 3119 3219 3218
f 3118 3220 3219
f 3218 3219 3220
f 3117 3217 3214
f 3118 3219 3217
f 3119 3214 3219
f 3217 3219 3214
f 3082 3215 3191
f 3119 3221 3215
f 3111 3191 3221
f 3215 3221 3191
f 3087 3222 3218
f 3120 3223 3222
f 3119 3218 3223
f 3222 3223 3218
f 3088 3196 3225
f 3111 3224 3196
f 3120 3225 3224
f 3196 3224 3225
f 3119 3223 3221
f 3120 3224 3223
f 3111 3221 3224
f 3223 3224 3221
f 3083 3199 3167
f 3112 3226 3199
f 3104 3167 3226
f 3199 3226 3167
f 3088 3162 3194
f 3101 3227 3162
f 3112 3194 3227
f 3162 3227 3194
f 3084 3164 3158
f 3104 3228 3164
f 3101 3158 3228
f 3164 3228 3158
f 3112 3227 3226
f 3101 3228 3227
f 3104 3226 3228
f 3227 3228 3226
f 3081 3206 3174
f 3114 3229 3206
f 3106 3174 3229
f 3206 3229 3174
f 3083 3169 3202
f 3103 3230 3169
f 3114 3202 3230
f 3169 3230 3202
f 3090 3171 3165
f 3106 3231 3171
f 3103 3165 3231
f 3171 3231 3165
f 3114 3230 3229
f 3103 3231 3230
f 3106 3229 3231
f 3230 3231 3229
f 3085 3213 3181
f 3116 3232 3213
f 3108 3181 3232
f 3213 3232 3181
f 3081 3176 3209
f 3105 3233 3176
f 3116 3209 3233
f 3176 3233 3209
f 3089 3178 3172
f 3108 3234 3178
f 3105 3172 3234
f 3178 3234 3172
f 3116 3233 3232
f 3105 3234 3233
f 3108 3232 3234
f 3233 3234 3232
f 3087 3220 3188
f 3118 3235 3220
f 3110 3188 3235
f 3220 3235 3188
f 3085 3183 3216
f 3107 3236 3183
f 3118 3216 3236
f 3183 3236 3216
f 3086 3185 3179
f 3110 3237 3185
f 3107 3179 3237
f 3185 3237 3179
f 3118 3236 3235
f 3107 3237 3236
f 3110 3235 3237
f 3236 3237 3235
f 3088 3225 3160
f 3120 3238 3225
f 3102 3160 3238
f 3225 3238 3160
f 3087 3190 3222
f 3109 3239 3190
f 3120 3222 3239
f 3190 3239 3222
f 3080 3157 3186
f 3102 3240 3157
f 3109 3186 3240
f 3157 3240 3186
f 3120 3239 3238
f 3109 3240 3239
f 3102 3238 3240
f 3239 3240 3238
f 3241 3283 3285
f 3253 3284 3283
f 3255 3285 3284
f 3283 3284 3285
f 3252 3286 3288
f 3254 3287 3286
f 3253 3288 3287
f 3286 3287 3288
f 3246 3289 3291
f 3255 3290 3289
f 3254 3291 3290
f 3289 3290 3291
f 3253 3287 3284
f 3254 3290 3287
f 3255 3284 3290
f 3287 3290 3284
f 3241 3285 3293
f 3255 3292 3285
f 3257 3293 3292
f 3285 3292 3293
f 3246 3294 3289
f 3256 3295 3294
f 3255 3289 3295
f 3294 3295 3289
f 3242 3296 3298
f 3257 3297 3296
f 3256 3298 3297
f 3296 3297 3298
f 3255 3295 3292
f 3256 3297 3295
f 3257 3292 3297
f 3295 3297 3292
f 3241 3293 3300
f 3257 3299 3293
f 3259 3300 3299
f 3293 3299 3300
f 3242 3301 3296
f 3258 3302 3301
f 3257 3296 3302
f 3301 3302 3296
f 3248 3303 3305
f 3259 3304 3303
f 3258 3305 3304
f 3303 3304 3305
f 3257 3302 3299
f 3258 3304 3302
f 3259 3299 3304
f 3302 3304 3299
f 3241 3300 3307
f 3259 3306 3300
f 3261 3307 3306
f 3300 3306 3307
f 3248 3308 3303
f 3260 3309 3308
f 3259 3303 3309
f 3308 3309 3303
f 3251 3310 3312
f 3261 3311 3310
f 3260 3312 3311
f 3310 3311 3312
f 3259 3309 3306
f 3260 3311 3309
f 3261 3306 3311
f 3309 3311 3306
f 3241 3307 3283
f 3261 3313 3307
f 3253 3283 3313
f 3307 3313 3283
f 3251 3314 3310
f 3262 3315 3314
f 3261 3310 3315
f 3314 3315 3310
f 3252 3288 3317
f 3253 3316 3288
f 3262 3317 3316
f 3288 3316 3317
f 3261 3315 3313
f 3262 3316 3315
f 3253 3313 3316
f 3315 3316 3313
f 3242 3298 3319
f 3256 3318 3298
f 3264 3319 3318
f 3298 3318 3319
f 3246 3320 3294
f 3263 3321 3320
f 3256 3294 3321
f 3320 3321 3294
f 3250 3322 3324
f 3264 3323 3322
f 3263 3324 3323
f 3322 3323 3324
f 3256 3321 3318
f 3263 3323 3321
f 3264 3318 3323
f 3321 3323 3318
f 3246 3291 3326
f 3254 3325 3291
f 3266 3326 3325
f 3291 3325 3326
f 3252 3327 3286
f 3265 3328 3327
f 3254 3286 3328
f 3327 3328 3286
f 3245 3329 3331
f 3266 3330 3329
f 3265 3331 3330
f 3329 3330 3331
f 3254 3328 3325
f 3265 3330 3328
f 3266 3325 3330
f 3328 3330 3325
f 3252 3317 3333
f 3262 3332 3317
f 3268 3333 3332
f 3317 3332 3333
f 3251 3334 3314
f 3267 3335 3334
f 3262 3314 3335
f 3334 3335 3314
f 3243 3336 3338
f 3268 3337 3336
f 3267 3338 3337
f 3336 3337 3338
f 3262 3335 3332
f 3267 3337 3335
f 3268 3332 3337
f 3335 3337 3332
f 3251 3312 3340
f 3260 3339 3312
f 3270 3340 3339
f 3312 3339 3340
f 3248 3341 3308
f 3269 3342 3341
f 3260 3308 3342
f 3341 3342 3308
f 3247 3343 3345
f 3270 3344 3343
f 3269 3345 3344
f 3343 3344 3345
f 3260 3342 3339
f 3269 3344 3342
f 3270 3339 3344
f 3342 3344 3339
f 3248 3305 3347
f 3258 3346 3305
f 3272 3347 3346
f 3305 3346 3347
f 3242 3348 3301
f 3271 3349 3348
f 3258 3301 3349
f 3348 3349 3301
f 3249 3350 3352
f 3272 3351 3350
f 3271 3352 3351
f 3350 3351 3352
f 3258 3349 3346
f 3271 3351 3349
f 3272 3346 3351
f 3349 3351 3346
f 3244 3353 3355
f 3273 3354 3353
f 3275 3355 3354
f 3353 3354 3355
f 3250 3356 3358
f 3274 3357 3356
f 3273 3358 3357
f 3356 3357 3358
f 3245 3359 3361
f 3275 3360 3359
f 3274 3361 3360
f 3359 3360 3361
f 3273 3357 3354
f 3274 3360 3357
f 3275 3354 3360
f 3357 3360 3354
f 3244 3355 3363
f 3275 3362 3355
f 3277 3363 3362
f 3355 3362 3363
f 3245 3364 3359
f 3276 3365 3364
f 3275 3359 3365
f 3364 3365 3359
f 3243 3366 3368
f 3277 3367 3366
f 3276 3368 3367
f 3366 3367 3368
f 3275 3365 3362
f 3276 3367 3365
f 3277 3362 3367
f 3365 3367 3362
f 3244 3363 3370
f 3277 3369 3363
f 3279 3370 3369
f 3363 3369 3370
f 3243 3371 3366
f 3278 3372 3371
f 3277 3366 3372
f 3371 3372 3366
f 3247 3373 3375
f 3279 3374 3373
f 3278 3375 3374
f 3373 3374 3375
f 3277 3372 3369
f 3278 3374 3372
f 3279 3369 3374
f 3372 3374 3369
f 3244 3370 3377
f 3279 3376 3370
f 3281 3377 3376
f 3370 3376 3377
f 3247 3378 3373
f 3280 3379 3378
f 3279 3373 3379
f 3378 3379 3373
f 3249 3380 3382
f 3281 3381 3380
f 3280 3382 3381
f 3380 3381 3382
f 3279 3379 3376
f 3280 3381 3379
f 3281 3376 3381
f 3379 3381 3376
f 3244 3377 3353
f 3281 3383 3377
f 3273 3353 3383
f 3377 3383 3353
f 3249 3384 3380
f 3282 3385 3384
f 3281 3380 3385
f 3384 3385 3380
f 3250 3358 3387
f 3273 3386 3358
f 3282 3387 3386
f 3358 3386 3387
f 3281 3385 3383
f 3282 3386 3385
f 3273 3383 3386
f 3385 3386 3383
f 3245 3361 3329
f 3274 3388 3361
f 3266 3329 3388
f 3361 3388 3329
f 3250 3324 3356
f 3263 3389 3324
f 3274 3356 3389
f 3324 3389 3356
f 3246 3326 3320
f 3266 3390 3326
f 3263 3320 3390
f 3326 3390 3320
f 3274 3389 3388
f 3263 3390 3389
f 3266 3388 3390
f 3389 3390 3388
f 3243 3368 3336
f 3276 3391 3368
f 3268 3336 3391
f 3368 3391 3336
f 3245 3331 3364
f 3265 3392 3331
f 3276 3364 3392
f 3331 3392 3364
f 3252 3333 3327
f 3268 3393 3333
f 3265 3327 3393
f 3333 3393 3327
f 3276 3392 3391
f 3265 3393 3392
f 3268 3391 3393
f 3392 3393 3391
f 3247 3375 3343
f 3278 3394 3375
f 3270 3343 3394
f 3375 3394 3343
f 3243 3338 3371
f 3267 3395 3338
f 3278 3371 3395
f 3338 3395 3371
f 3251 3340 3334
f 3270 3396 3340
f 3267 3334 3396
f 3340 3396 3334
f 3278 3395 3394
f 3267 3396 3395
f 3270 3394 3396
f 3395 3396 3394
f 3249 3382 3350
f 3280 3397 3382
f 3272 3350 3397
f 3382 3397 3350
f 3247 3345 3378
f 3269 3398 3345
f 3280 3378 3398
f 3345 3398 3378
f 3248 3347 3341
f 3272 3399 3347
f 3269 3341 3399
f 3347 3399 3341
f 3280 3398 3397
f 3269 3399 3398
f 3272 3397 3399
f 3398 3399 3397
f 3250 3387 3322
f 3282 3400 3387
f 3264 3322 3400
f 3387 3400 3322
f 3249 3352 3384
f 3271 3401 3352
f 3282 3384 3401
f 3352 3401 3384
f 3242 3319 3348
f 3264 3402 3319
f 3271 3348 3402
f 3319 3402 3348
f 3282 3401 3400
f 3271 3402 3401
f 3264 3400 3402
f 3401 3402 3400
f 3403 3404 3416
f 3403 3416 3415
f 3404 3405 3417
f 3404 3417 3416
f 3405 3406 3418
f 3405 3418 3417
f 3406 3407 3419
f 3406 3419 3418
f 3407 3408 3420
f 3407 3420 3419
f 3408 3409 3421
f 3408 3421 3420
f 3409 3410 3422
f 3409 3422 3421
f 3410 3411 3423
f 3410 3423 3422
f 3411 3412 3424
f 3411 3424 3423
f 3412 3413 3425
f 3412 3425 3424
f 3413 3414 3426
f 3413 3426 3425
f 3414 3403 3415
f 3414 3415 3426
f 3427 3428 3440
f 3427 3440 3439
f 3428 3429 3441
f 3428 3441 3440
f 3429 3430 3442
f 3429 3442 3441
f 3430 3431 3443
f 3430 3443 3442
f 3431 3432 3444
f 3431 3444 3443
f 3432 3433 3445
f 3432 3445 3444
f 3433 3434 3446
f 3433 3446 3445
f 3434 3435 3447
f 3434 3447 3446
f 3435 3436 3448
f 3435 3448 3447
f 3436 3437 3449
f 3436 3449 3448
f 3437 3438 3450
f 3437 3450 3449
f 3438 3427 3439
f 3438 3439 3450
f 3451 3452 3464
f 3451 3464 3463
f 3452 3453 3465
f 3452 3465 3464
f 3453 3454 3466
f 3453 3466 3465
f 3454 3455 3467
f 3454 3467 3466
f 3455 3456 3468
f 3455 3468 3467
f 3456 3457 3469
f 3456 3469 3468
f 3457 3458 3470
f 3457 3470 3469
f 3458 3459 3471
f 3458 3471 3470
f 3459 3460 3472
f 3459 3472 3471
f 3460 3461 3473
f 3460 3473 3472
f 3461 3462 3474
f 3461 3474 3473
f 3462 3451 3463
f 3462 3463 3474
f 3475 3476 3488
f 3475 3488 3487
f 3476 3477 3489
f 3476 3489 3488
f 3477 3478 3490
f 3477 3490 3489
f 3478 3479 3491
f 3478 3491 3490
f 3479 3480 3492
f 3479 3492 3491
f 3480 3481 3493
f 3480 3493 3492
f 3481 3482 3494
f 3481 3494 3493
f 3482 3483 3495
f 3482 3495 3494
f 3483 3484 3496
f 3483 3496 3495
f 3484 3485 3497
f 3484 3497 3496
f 3485 3486 3498
f 3485 3498 3497
f 3486 3475 3487
f 3486 3487 3498
f 3499 3500 3512
f 3499 3512 3511
f 3500 3501 3513
f 3500 3513 3512
f 3501 3502 3514
f 3501 3514 3513
f 3502 3503 3515
f 3502 3515 3514
f 3503 3504 3516
f 3503 3516 3515
f 3504 3505 3517
f 3504 3517 3516
f 3505 3506 3518
f 3505 3518 3517
f 3506 3507 3519
f 3506 3519 3518
f 3507 3508 3520
f 3507 3520 3519
f 3508 3509 3521
f 3508 3521 3520
f 3509 3510 3522
f 3509 3522 3521
f 3510 3499 3511
f 3510 3511 3522
f 3523 3524 3536
f 3523 3536 3535
f 3524 3525 3537
f 3524 3537 3536
f 3525 3526 3538
f 3525 3538 3537
f 3526 3527 3539
f 3526 3539 3538
f 3527 3528 3540
f 3527 3540 3539
f 3528 3529 3541
f 3528 3541 3540
f 3529 3530 3542
f 3529 3542 3541
f 3530 3531 3543
f 3530 3543 3542
f 3531 3532 3544
f 3531 3544 3543
f 3532 3533 3545
f 3532 3545 3544
f 3533 3534 3546
f 3533 3546 3545
f 3534 3523 3535
f 3534 3535 3546
f 3547 3548 3560
f 3547 3560 3559
f 3548 3549 3561
f 3548 3561 3560
f 3549 3550 3562
f 3549 3562 3561
f 3550 3551 3563
f 3550 3563 3562
f 3551 3552 3564
f 3551 3564 3563
f 3552 3553 3565
f 3552 3565 3564
f 3553 3554 3566
f 3553 3566 3565
f 3554 3555 3567
f 3554 3567 3566
f 3555 3556 3568
f 3555 3568 3567
f 3556 3557 3569
f 3556 3569 3568
f 3557 3558 3570
f 3557 3570 3569
f 3558 3547 3559
f 3558 3559 3570
f 3571 3572 3584
f 3571 3584 3583
f 3572 3573 3585
f 3572 3585 3584
f 3573 3574 3586
f 3573 3586 3585
f 3574 3575 3587
f 3574 3587 3586
f 3575 3576 3588
f 3575 3588 3587
f 3576 3577 3589
f 3576 3589 3588
f 3577 3578 3590
f 3577 3590 3589
f 3578 3579 3591
f 3578 3591 3590
f 3579 3580 3592
f 3579 3592 3591
f 3580 3581 3593
f 3580 3593 3592
f 3581 3582 3594
f 3581 3594 3593
f 3582 3571 3583
f 3582 3583 3594
f 3595 3596 3608
f 3595 3608 3607
f 3596 3597 3609
f 3596 3609 3608
f 3597 3598 3610
f 3597 3610 3609
f 3598 3599 3611
f 3598 3611 3610
f 3599 3600 3612
f 3599 3612 3611
f 3600 3601 3613
f 3600 3613 3612
f 3601 3602 3614
f 3601 3614 3613
f 3602 3603 3615
f 3602 3615 3614
f 3603 3604 3616
f 3603 3616 3615
f 3604 3605 3617
f 3604 3617 3616
f 3605 3606 3618
f 3605 3618 3617
f 3606 3595 3607
f 3606 3607 3618
f 3619 3620 3632
f 3619 3632 3631
f 3620 3621 3633
f 3620 3633 3632
f 3621 3622 3634
f 3621 3634 3633
f 3622 3623 3635
f 3622 3635 3634
f 3623 3624 3636
f 3623 3636 3635
f 3624 3625 3637
f 3624 3637 3636
f 3625 3626 3638
f 3625 3638 3637
f 3626 3627 3639
f 3626 3639 3638
f 3627 3628 3640
f 3627 3640 3639
f 3628 3629 3641
f 3628 3641 3640
f 3629 3630 3642
f 3629 3642 3641
f 3630 3619 3631
f 3630 3631 3642
f 3643 3644 3656
f 3643 3656 3655
f 3644 3645 3657
f 3644 3657 3656
f 3645 3646 3658
f 3645 3658 3657
f 3646 3647 3659
f 3646 3659 3658
f 3647 3648 3660
f 3647 3660 3659
f 3648 3649 3661
f 3648 3661 3660
f 3649 3650 3662
f 3649 3662 3661
f 3650 3651 3663
f 3650 3663 3662
f 3651 3652 3664
f 3651 3664 3663
f 3652 3653 3665
f 3652 3665 3664
f 3653 3654 3666
f 3653 3666 3665
f 3654 3643 3655
f 3654 3655 3666
f 3667 3668 3680
f 3667 3680 3679
f 3668 3669 3681
f 3668 3681 3680
f 3669 3670 3682
f 3669 3682 3681
f 3670 3671 3683
f 3670 3683 3682
f 3671 3672 3684
f 3671 3684 3683
f 3672 3673 3685
f 3672 3685 3684
f 3673 3674 3686
f 3673 3686 3685
f 3674 3675 3687
f 3674 3687 3686
f 3675 3676 3688
f 3675 3688 3687
f 3676 3677 3689
f 3676 3689 3688
f 3677 3678 3690
f 3677 3690 3689
f 3678 3667 3679
f 3678 3679 3690
f 3691 3692 3704
f 3691 3704 3703
f 3692 3693 3705
f 3692 3705 3704
f 3693 3694 3706
f 3693 3706 3705
f 3694 3695 3707
f 3694 3707 3706
f 3695 3696 3708
f 3695 3708 3707
f 3696 3697 3709
f 3696 3709 3708
f 3697 3698 3710
f 3697 3710 3709
f 3698 3699 3711
f 3698 3711 3710
f 3699 3700 3712
f 3699 3712 3711
f 3700 3701 3713
f 3700 3713 3712
f 3701 3702 3714
f 3701 3714 3713
f 3702 3691 3703
f 3702 3703 3714
f 3715 3716 3728
f 3715 3728 3727
f 3716 3717 3729
f 3716 3729 3728
f 3717 3718 3730
f 3717 3730 3729
f 3718 3719 3731
f 3718 3731 3730
f 3719 3720 3732
f 3719 3732 3731
f 3720 3721 3733
f 3720 3733 3732
f 3721 3722 3734
f 3721 3734 3733
f 3722 3723 3735
f 3722 3735 3734
f 3723 3724 3736
f 3723 3736 3735
f 3724 3725 3737
f 3724 3737 3736
f 3725 3726 3738
f 3725 3738 3737
f 3726 3715 3727
f 3726 3727 3738
f 3739 3740 3752
f 3739 3752 3751
f 3740 3741 3753
f 3740 3753 3752
f 3741 3742 3754
f 3741 3754 3753
f 3742 3743 3755
f 3742 3755 3754
f 3743 3744 3756
f 3743 3756 3755
f 3744 3745 3757
f 3744 3757 3756
f 3745 3746 3758
f 3745 3758 3757
f 3746 3747 3759
f 3746 3759 3758
f 3747 3748 3760
f 3747 3760 3759
f 3748 3749 3761
f 3748 3761 3760
f 3749 3750 3762
f 3749 3762 3761
f 3750 3739 3751
f 3750 3751 3762
f 3763 3764 3776
f 3763 3776 3775
f 3764 3765 3777
f 3764 3777 3776
f 3765 3766 3778
f 3765 3778 3777
f 3766 3767 3779
f 3766 3779 3778
f 3767 3768 3780
f 3767 3780 3779
f 3768 3769 3781
f 3768 3781 3780
f 3769 3770 3782
f 3769 3782 3781
f 3770 3771 3783
f 3770 3783 3782
f 3771 3772 3784
f 3771 3784 3783
f 3772 3773 3785
f 3772 3785 3784
f 3773 3774 3786
f 3773 3786 3785
f 3774 3763 3775
f 3774 3775 3786
f 3787 3788 3800
f 3787 3800 3799
f 3788 3789 3801
f 3788 3801 3800
f 3789 3790 3802
f 3789 3802 3801
f 3790 3791 3803
f 3790 3803 3802
f 3791 3792 3804
f 3791 3804 3803
f 3792 3793 3805
f 3792 3805 3804
f 3793 3794 3806
f 3793 3806 3805
f 3794 3795 3807
f 3794 3807 3806
f 3795 3796 3808
f 3795 3808 3807
f 3796 3797 3809
f 3796 3809 3808
f 3797 3798 3810
f 3797 3810 3809
f 3798 3787 3799
f 3798 3799 3810
f 3811 3812 3824
f 3811 3824 3823
f 3812 3813 3825
f 3812 3825 3824
f 3813 3814 3826
f 3813 3826 3825
f 3814 3815 3827
f 3814 3827 3826
f 3815 3816 3828
f 3815 3828 3827
f 3816 3817 3829
f 3816 3829 3828
f 3817 3818 3830
f 3817 3830 3829
f 3818 3819 3831
f 3818 3831 3830
f 3819 3820 3832
f 3819 3832 3831
f 3820 3821 3833
f 3820 3833 3832
f 3821 3822 3834
f 3821 3834 3833
f 3822 3811 3823
f 3822 3823 3834
f 3835 3836 3848
f 3835 3848 3847
f 3836 3837 3849
f 3836 3849 3848
f 3837 3838 3850
f 3837 3850 3849
f 3838 3839 3851
f 3838 3851 3850
f 3839 3840 3852
f 3839 3852 3851
f 3840 3841 3853
f 3840 3853 3852
f 3841 3842 3854
f 3841 3854 3853
f 3842 3843 3855
f 3842 3855 3854
f 3843 3844 3856
f 3843 3856 3855
f 3844 3845 3857
f 3844 3857 3856
f 3845 3846 3858
f 3845 3858 3857
f 3846 3835 3847
f 3846 3847 3858
f 3859 3860 3872
f 3859 3872 3871
f 3860 3861 3873
f 3860 3873 3872
f 3861 3862 3874
f 3861 3874 3873
f 3862 3863 3875
f 3862 3875 3874
f 3863 3864 3876
f 3863 3876 3875
f 3864 3865 3877
f 3864 3877 3876
f 3865 3866 3878
f 3865 3878 3877
f 3866 3867 3879
f 3866 3879 3878
f 3867 3868 3880
f 3867 3880 3879
f 3868 3869 3881
f 3868 3881 3880
f 3869 3870 3882
f 3869 3882 3881
f 3870 3859 3871
f 3870 3871 3882
f 3883 3884 3896
f 3883 3896 3895
f 3884 3885 3897
f 3884 3897 3896
f 3885 3886 3898
f 3885 3898 3897
f 3886 3887 3899
f 3886 3899 3898
f 3887 3888 3900
f 3887 3900 3899
f 3888 3889 3901
f 3888 3901 3900
f 3889 3890 3902
f 3889 3902 3901
f 3890 3891 3903
f 3890 3903 3902
f 3891 3892 3904
f 3891 3904 3903
f 3892 3893 3905
f 3892 3905 3904
f 3893 3894 3906
f 3893 3906 3905
f 3894 3883 3895
f 3894 3895 3906
f 3907 3908 3920
f 3907 3920 3919
f 3908 3909 3921
f 3908 3921 3920
f 3909 3910 3922
f 3909 3922 3921
f 3910 3911 3923
f 3910 3923 3922
f 3911 3912 3924
f 3911 3924 3923
f 3912 3913 3925
f 3912 3925 3924
f 3913 3914 3926
f 3913 3926 3925
f 3914 3915 3927
f 3914 3927 3926
f 3915 3916 3928
f 3915 3928 3927
f 3916 3917 3929
f 3916 3929 3928
f 3917 3918 3930
f 3917 3930 3929
f 3918 3907 3919
f 3918 3919 3930
f 3931 3932 3944
f 3931 3944 3943
f 3932 3933 3945
f 3932 3945 3944
f 3933 3934 3946
f 3933 3946 3945
f 3934 3935 3947
f 3934 3947 3946
f 3935 3936 3948
f 3935 3948 3947
f 3936 3937 3949
f 3936 3949 3948
f 3937 3938 3950
f 3937 3950 3949
f 3938 3939 3951
f 3938 3951 3950
f 3939 3940 3952
f 3939 3952 3951
f 3940 3941 3953
f 3940 3953 3952
f 3941 3942 3954
f 3941 3954 3953
f 3942 3931 3943
f 3942 3943 3954
f 3955 3956 3968
f 3955 3968 3967
f 3956 3957 3969
f 3956 3969 3968
f 3957 3958 3970
f 3957 3970 3969
f 3958 3959 3971
f 3958 3971 3970
f 3959 3960 3972
f 3959 3972 3971
f 3960 3961 3973
f 3960 3973 3972
f 3961 3962 3974
f 3961 3974 3973
f 3962 3963 3975
f 3962 3975 3974
f 3963 3964 3976
f 3963 3976 3975
f 3964 3965 3977
f 3964 3977 3976
f 3965 3966 3978
f 3965 3978 3977
f 3966 3955 3967
f 3966 3967 3978
f 3979 3980 3992
f 3979 3992 3991
f 3980 3981 3993
f 3980 3993 3992
f 3981 3982 3994
f 3981 3994 3993
f 3982 3983 3995
f 3982 3995 3994
f 3983 3984 3996
f 3983 3996 3995
f 3984 3985 3997
f 3984 3997 3996
f 3985 3986 3998
f 3985 3998 3997
f 3986 3987 3999
f 3986 3999 3998
f 3987 3988 4000
f 3987 4000 3999
f 3988 3989 4001
f 3988 4001 4000
f 3989 3990 4002
f 3989 4002 4001
f 3990 3979 3991
f 3990 3991 4002
f 4003 4004 4016
f 4003 4016 4015
f 4004 4005 4017
f 4004 4017 4016
f 4005 4006 4018
f 4005 4018 4017
f 4006 4007 4019
f 4006 4019 4018
f 4007 4008 4020
f 4007 4020 4019
f 4008 4009 4021
f 4008 4021 4020
f 4009 4010 4022
f 4009 4022 4021
f 4010 4011 4023
f 4010 4023 4022
f 4011 4012 4024
f 4011 4024 4023
f 4012 4013 4025
f 4012 4025 4024
f 4013 4014 4026
f 4013 4026 4025
f 4014 4003 4015
f 4014 4015 4026
f 4027 4028 4040
f 4027 4040 4039
f 4028 4029 4041
f 4028 4041 4040
f 4029 4030 4042
f 4029 4042 4041
f 4030 4031 4043
f 4030 4043 4042
f 4031 4032 4044
f 4031 4044 4043
f 4032 4033 4045
f 4032 4045 4044
f 4033 4034 4046
f 4033 4046 4045
f 4034 4035 4047
f 4034 4047 4046
f 4035 4036 4048
f 4035 4048 4047
f 4036 4037 4049
f 4036 4049 4048
f 4037 4038 4050
f 4037 4050 4049
f 4038 4027 4039
f 4038 4039 4050
f 4051 4052 4064
f 4051 4064 4063
f 4052 4053 4065
f 4052 4065 4064
f 4053 4054 4066
f 4053 4066 4065
f 4054 4055 4067
f 4054 4067 4066
f 4055 4056 4068
f 4055 4068 4067
f 4056 4057 4069
f 4056 4069 4068
f 4057 4058 4070
f 4057 4070 4069
f 4058 4059 4071
f 4058 4071 4070
f 4059 4060 4072
f 4059 4072 4071
f 4060 4061 4073
f 4060 4073 4072
f 4061 4062 4074
f 4061 4074 4073
f 4062 4051 4063
f 4062 4063 4074
f 4075 4076 4088
f 4075 4088 4087
f 4076 4077 4089
f 4076 4089 4088
f 4077 4078 4090
f 4077 4090 4089
f 4078 4079 4091
f 4078 4091 4090
f 4079 4080 4092
f 4079 4092 4091
f 4080 4081 4093
f 4080 4093 4092
f 4081 4082 4094
f 4081 4094 4093
f 4082 4083 4095
f 4082 4095 4094
f 4083 4084 4096
f 4083 4096 4095
f 4084 4085 4097
f 4084 4097 4096
f 4085 4086 4098
f 4085 4098 4097
f 4086 4075 4087
f 4086 4087 4098
f 4099 4100 4112
f 4099 4112 4111
f 4100 4101 4113
f 4100 4113 4112
f 4101 4102 4114
f 4101 4114 4113
f 4102 4103 4115
f 4102 4115 4114
f 4103 4104 4116
f 4103 4116 4115
f 4104 4105 4117
f 4104 4117 4116
f 4105 4106 4118
f 4105 4118 4117
f 4106 4107 4119
f 4106 4119 4118
f 4107 4108 4120
f 4107 4120 4119
f 4108 4109 4121
f 4108 4121 4120
f 4109 4110 4122
f 4109 4122 4121
f 4110 4099 4111
f 4110 4111 4122
f 4123 4124 4136
f 4123 4136 4135
f 4124 4125 4137
f 4124 4137 4136
f 4125 4126 4138
f 4125 4138 4137
f 4126 4127 4139
f 4126 4139 4138
f 4127 4128 4140
f 4127 4140 4139
f 4128 4129 4141
f 4128 4141 4140
f 4129 4130 4142
f 4129 4142 4141
f 4130 4131 4143
f 4130 4143 4142
f 4131 4132 4144
f 4131 4144 4143
f 4132 4133 4145
f 4132 4145 4144
f 4133 4134 4146
f 4133 4146 4145
f 4134 4123 4135
f 4134 4135 4146
f 4147 4148 4160
f 4147 4160 4159
f 4148 4149 4161
f 4148 4161 4160
f 4149 4150 4162
f 4149 4162 4161
f 4150 4151 4163
f 4150 4163 4162
f 4151 4152 4164
f 4151 4164 4163
f 4152 4153 4165
f 4152 4165 4164
f 4153 4154 4166
f 4153 4166 4165
f 4154 4155 4167
f 4154 4167 4166
f 4155 4156 4168
f 4155 4168 4167
f 4156 4157 4169
f 4156 4169 4168
f 4157 4158 4170
f 4157 4170 4169
f 4158 4147 4159
f 4158 4159 4170
f 4171 4172 4184
f 4171 4184 4183
f 4172 4173 4185
f 4172 4185 4184
f 4173 4174 4186
f 4173 4186 4185
f 4174 4175 4187
f 4174 4187 4186
f 4175 4176 4188
f 4175 4188 4187
f 4176 4177 4189
f 4176 4189 4188
f 4177 4178 4190
f 4177 4190 4189
f 4178 4179 4191
f 4178 4191 4190
f 4179 4180 4192
f 4179 4192 4191
f 4180 4181 4193
f 4180 4193 4192
f 4181 4182 4194
f 4181 4194 4193
f 4182 4171 4183
f 4182 4183 4194
f 4195 4196 4208
f 4195 4208 4207
f 4196 4197 4209
f 4196 4209 4208
f 4197 4198 4210
f 4197 4210 4209
f 4198 4199 4211
f 4198 4211 4210
f 4199 4200 4212
f 4199 4212 4211
f 4200 4201 4213
f 4200 4213 4212
f 4201 4202 4214
f 4201 4214 4213
f 4202 4203 4215
f 4202 4215 4214
f 4203 4204 4216
f 4203 4216 4215
f 4204 4205 4217
f 4204 4217 4216
f 4205 4206 4218
f 4205 4218 4217
f 4206 4195 4207
f 4206 4207 4218
f 4219 4220 4232
f 4219 4232 4231
f 4220 4221 4233
f 4220 4233 4232
f 4221 4222 4234
f 4221 4234 4233
f 4222 4223 4235
f 4222 4235 4234
f 4223 4224 4236
f 4223 4236 4235
f 4224 4225 4237
f 4224 4237 4236
f 4225 4226 4238
f 4225 4238 4237
f 4226 4227 4239
f 4226 4239 4238
f 4227 4228 4240
f 4227 4240 4239
f 4228 4229 4241
f 4228 4241 4240
f 4229 4230 4242
f 4229 4242 4241
f 4230 4219 4231
f 4230 4231 4242
f 4243 4244 4256
f 4243 4256 4255
f 4244 4245 4257
f 4244 4257 4256
f 4245 4246 4258
f 4245 4258 4257
f 4246 4247 4259
f 4246 4259 4258
f 4247 4248 4260
f 4247 4260 4259
f 4248 4249 4261
f 4248 4261 4260
f 4249 4250 4262
f 4249 4262 4261
f 4250 4251 4263
f 4250 4263 4262
f 4251 4252 4264
f 4251 4264 4263
f 4252 4253 4265
f 4252 4265 4264
f 4253 4254 4266
f 4253 4266 4265
f 4254 4243 4255
f 4254 4255 4266
f 4267 4268 4280
f 4267 4280 4279
f 4268 4269 4281
f 4268 4281 4280
f 4269 4270 4282
f 4269 4282 4281
f 4270 4271 4283
f 4270 4283 4282
f 4271 4272 4284
f 4271 4284 4283
f 4272 4273 4285
f 4272 4285 4284
f 4273 4274 4286
f 4273 4286 4285
f 4274 4275 4287
f 4274 4287 4286
f 4275 4276 4288
f 4275 4288 4287
f 4276 4277 4289
f 4276 4289 4288
f 4277 4278 4290
f 4277 4290 4289
f 4278 4267 4279
f 4278 4279 4290
f 4291 4292 4304
f 4291 4304 4303
f 4292 4293 4305
f 4292 4305 4304
f 4293 4294 4306
f 4293 4306 4305
f 4294 4295 4307
f 4294 4307 4306
f 4295 4296 4308
f 4295 4308 4307
f 4296 4297 4309
f 4296 4309 4308
f 4297 4298 4310
f 4297 4310 4309
f 4298 4299 4311
f 4298 4311 4310
f 4299 4300 4312
f 4299 4312 4311
f 4300 4301 4313
f 4300 4313 4312
f 4301 4302 4314
f 4301 4314 4313
f 4302 4291 4303
f 4302 4303 4314
f 4315 4316 4328
f 4315 4328 4327
f 4316 4317 4329
f 4316 4329 4328
f 4317 4318 4330
f 4317 4330 4329
f 4318 4319 4331
f 4318 4331 4330
f 4319 4320 4332
f 4319 4332 4331
f 4320 4321 4333
f 4320 4333 4332
f 4321 4322 4334
f 4321 4334 4333
f 4322 4323 4335
f 4322 4335 4334
f 4323 4324 4336
f 4323 4336 4335
f 4324 4325 4337
f 4324 4337 4336
f 4325 4326 4338
f 4325 4338 4337
f 4326 4315 4327
f 4326 4327 4338
f 4339 4340 4352
f 4339 4352 4351
f 4340 4341 4353
f 4340 4353 4352
f 4341 4342 4354
f 4341 4354 4353
f 4342 4343 4355
f 4342 4355 4354
f 4343 4344 4356
f 4343 4356 4355
f 4344 4345 4357
f 4344 4357 4356
f 4345 4346 4358
f 4345 4358 4357
f 4346 4347 4359
f 4346 4359 4358
f 4347 4348 4360
f 4347 4360 4359
f 4348 4349 4361
f 4348 4361 4360
f 4349 4350 4362
f 4349 4362 4361
f 4350 4339 4351
f 4350 4351 4362
