# rattleback: half-ellipsoid 12 x 3 x 1.2 cm, hull turned 8 deg from the mass axes; cm; origin at the centre of mass
v 0.00000 -0.75000 0.00000
v 0.29154 -0.74855 0.04097
v 0.29025 -0.74855 0.04565
v 0.28771 -0.74855 0.05014
v 0.28394 -0.74855 0.05441
v 0.27896 -0.74855 0.05844
v 0.27278 -0.74855 0.06223
v 0.26543 -0.74855 0.06575
v 0.25694 -0.74855 0.06898
v 0.24736 -0.74855 0.07193
v 0.23672 -0.74855 0.07456
v 0.22506 -0.74855 0.07688
v 0.21244 -0.74855 0.07886
v 0.19891 -0.74855 0.08051
v 0.18452 -0.74855 0.08181
v 0.16935 -0.74855 0.08277
v 0.15345 -0.74855 0.08337
v 0.13690 -0.74855 0.08361
v 0.11976 -0.74855 0.08349
v 0.10210 -0.74855 0.08302
v 0.08401 -0.74855 0.08219
v 0.06556 -0.74855 0.08101
v 0.04683 -0.74855 0.07948
v 0.02790 -0.74855 0.07761
v 0.00885 -0.74855 0.07541
v -0.01024 -0.74855 0.07289
v -0.02929 -0.74855 0.07005
v -0.04821 -0.74855 0.06691
v -0.06692 -0.74855 0.06349
v -0.08535 -0.74855 0.05980
v -0.10341 -0.74855 0.05585
v -0.12103 -0.74855 0.05166
v -0.13813 -0.74855 0.04725
v -0.15464 -0.74855 0.04263
v -0.17049 -0.74855 0.03784
v -0.18561 -0.74855 0.03288
v -0.19993 -0.74855 0.02778
v -0.21339 -0.74855 0.02257
v -0.22595 -0.74855 0.01725
v -0.23753 -0.74855 0.01186
v -0.24810 -0.74855 0.00642
v -0.25760 -0.74855 0.00096
v -0.26601 -0.74855 -0.00451
v -0.27327 -0.74855 -0.00996
v -0.27936 -0.74855 -0.01537
v -0.28426 -0.74855 -0.02071
v -0.28794 -0.74855 -0.02597
v -0.29038 -0.74855 -0.03111
v -0.29159 -0.74855 -0.03612
v -0.29154 -0.74855 -0.04097
v -0.29025 -0.74855 -0.04565
v -0.28771 -0.74855 -0.05014
v -0.28394 -0.74855 -0.05441
v -0.27896 -0.74855 -0.05844
v -0.27278 -0.74855 -0.06223
v -0.26543 -0.74855 -0.06575
v -0.25694 -0.74855 -0.06898
v -0.24736 -0.74855 -0.07193
v -0.23672 -0.74855 -0.07456
v -0.22506 -0.74855 -0.07688
v -0.21244 -0.74855 -0.07886
v -0.19891 -0.74855 -0.08051
v -0.18452 -0.74855 -0.08181
v -0.16935 -0.74855 -0.08277
v -0.15345 -0.74855 -0.08337
v -0.13690 -0.74855 -0.08361
v -0.11976 -0.74855 -0.08349
v -0.10210 -0.74855 -0.08302
v -0.08401 -0.74855 -0.08219
v -0.06556 -0.74855 -0.08101
v -0.04683 -0.74855 -0.07948
v -0.02790 -0.74855 -0.07761
v -0.00885 -0.74855 -0.07541
v 0.01024 -0.74855 -0.07289
v 0.02929 -0.74855 -0.07005
v 0.04821 -0.74855 -0.06691
v 0.06692 -0.74855 -0.06349
v 0.08535 -0.74855 -0.05980
v 0.10341 -0.74855 -0.05585
v 0.12103 -0.74855 -0.05166
v 0.13813 -0.74855 -0.04725
v 0.15464 -0.74855 -0.04263
v 0.17049 -0.74855 -0.03784
v 0.18561 -0.74855 -0.03288
v 0.19993 -0.74855 -0.02778
v 0.21339 -0.74855 -0.02257
v 0.22595 -0.74855 -0.01725
v 0.23753 -0.74855 -0.01186
v 0.24810 -0.74855 -0.00642
v 0.25760 -0.74855 -0.00096
v 0.26601 -0.74855 0.00451
v 0.27327 -0.74855 0.00996
v 0.27936 -0.74855 0.01537
v 0.28426 -0.74855 0.02071
v 0.28794 -0.74855 0.02597
v 0.29038 -0.74855 0.03111
v 0.29159 -0.74855 0.03612
v 0.58238 -0.74422 0.08185
v 0.57979 -0.74422 0.09120
v 0.57473 -0.74422 0.10015
v 0.56720 -0.74422 0.10868
v 0.55724 -0.74422 0.11674
v 0.54490 -0.74422 0.12430
v 0.53022 -0.74422 0.13133
v 0.51327 -0.74422 0.13780
v 0.49412 -0.74422 0.14368
v 0.47286 -0.74422 0.14894
v 0.44958 -0.74422 0.15357
v 0.42436 -0.74422 0.15753
v 0.39734 -0.74422 0.16083
v 0.36861 -0.74422 0.16343
v 0.33830 -0.74422 0.16533
v 0.30654 -0.74422 0.16653
v 0.27347 -0.74422 0.16701
v 0.23923 -0.74422 0.16678
v 0.20396 -0.74422 0.16583
v 0.16782 -0.74422 0.16418
v 0.13097 -0.74422 0.16182
v 0.09355 -0.74422 0.15877
v 0.05573 -0.74422 0.15503
v 0.01767 -0.74422 0.15064
v -0.02046 -0.74422 0.14559
v -0.05851 -0.74422 0.13993
v -0.09630 -0.74422 0.13367
v -0.13369 -0.74422 0.12683
v -0.17050 -0.74422 0.11945
v -0.20658 -0.74422 0.11156
v -0.24177 -0.74422 0.10319
v -0.27593 -0.74422 0.09438
v -0.30891 -0.74422 0.08516
v -0.34057 -0.74422 0.07559
v -0.37076 -0.74422 0.06568
v -0.39937 -0.74422 0.05550
v -0.42627 -0.74422 0.04508
v -0.45135 -0.74422 0.03446
v -0.47449 -0.74422 0.02370
v -0.49560 -0.74422 0.01283
v -0.51459 -0.74422 0.00191
v -0.53137 -0.74422 -0.00901
v -0.54588 -0.74422 -0.01990
v -0.55805 -0.74422 -0.03070
v -0.56783 -0.74422 -0.04138
v -0.57518 -0.74422 -0.05187
v -0.58007 -0.74422 -0.06214
v -0.58247 -0.74422 -0.07215
v -0.58238 -0.74422 -0.08185
v -0.57979 -0.74422 -0.09120
v -0.57473 -0.74422 -0.10015
v -0.56720 -0.74422 -0.10868
v -0.55724 -0.74422 -0.11674
v -0.54490 -0.74422 -0.12430
v -0.53022 -0.74422 -0.13133
v -0.51327 -0.74422 -0.13780
v -0.49412 -0.74422 -0.14368
v -0.47286 -0.74422 -0.14894
v -0.44958 -0.74422 -0.15357
v -0.42436 -0.74422 -0.15753
v -0.39734 -0.74422 -0.16083
v -0.36861 -0.74422 -0.16343
v -0.33830 -0.74422 -0.16533
v -0.30654 -0.74422 -0.16653
v -0.27347 -0.74422 -0.16701
v -0.23923 -0.74422 -0.16678
v -0.20396 -0.74422 -0.16583
v -0.16782 -0.74422 -0.16418
v -0.13097 -0.74422 -0.16182
v -0.09355 -0.74422 -0.15877
v -0.05573 -0.74422 -0.15503
v -0.01767 -0.74422 -0.15064
v 0.02046 -0.74422 -0.14559
v 0.05851 -0.74422 -0.13993
v 0.09630 -0.74422 -0.13367
v 0.13369 -0.74422 -0.12683
v 0.17050 -0.74422 -0.11945
v 0.20658 -0.74422 -0.11156
v 0.24177 -0.74422 -0.10319
v 0.27593 -0.74422 -0.09438
v 0.30891 -0.74422 -0.08516
v 0.34057 -0.74422 -0.07559
v 0.37076 -0.74422 -0.06568
v 0.39937 -0.74422 -0.05550
v 0.42627 -0.74422 -0.04508
v 0.45135 -0.74422 -0.03446
v 0.47449 -0.74422 -0.02370
v 0.49560 -0.74422 -0.01283
v 0.51459 -0.74422 -0.00191
v 0.53137 -0.74422 0.00901
v 0.54588 -0.74422 0.01990
v 0.55805 -0.74422 0.03070
v 0.56783 -0.74422 0.04138
v 0.57518 -0.74422 0.05187
v 0.58007 -0.74422 0.06214
v 0.58247 -0.74422 0.07215
v 0.87182 -0.73701 0.12253
v 0.86795 -0.73701 0.13652
v 0.86036 -0.73701 0.14993
v 0.84909 -0.73701 0.16269
v 0.83418 -0.73701 0.17476
v 0.81570 -0.73701 0.18608
v 0.79373 -0.73701 0.19661
v 0.76836 -0.73701 0.20629
v 0.73970 -0.73701 0.21509
v 0.70787 -0.73701 0.22296
v 0.67301 -0.73701 0.22989
v 0.63527 -0.73701 0.23583
v 0.59481 -0.73701 0.24076
v 0.55180 -0.73701 0.24465
v 0.50643 -0.73701 0.24750
v 0.45889 -0.73701 0.24929
v 0.40938 -0.73701 0.25002
v 0.35812 -0.73701 0.24967
v 0.30533 -0.73701 0.24825
v 0.25123 -0.73701 0.24577
v 0.19605 -0.73701 0.24224
v 0.14004 -0.73701 0.23767
v 0.08343 -0.73701 0.23208
v 0.02645 -0.73701 0.22550
v -0.03063 -0.73701 0.21795
v -0.08759 -0.73701 0.20947
v -0.14416 -0.73701 0.20010
v -0.20013 -0.73701 0.18986
v -0.25523 -0.73701 0.17882
v -0.30924 -0.73701 0.16700
v -0.36193 -0.73701 0.15447
v -0.41307 -0.73701 0.14129
v -0.46244 -0.73701 0.12749
v -0.50982 -0.73701 0.11315
v -0.55503 -0.73701 0.09833
v -0.59786 -0.73701 0.08308
v -0.63813 -0.73701 0.06748
v -0.67566 -0.73701 0.05159
v -0.71030 -0.73701 0.03548
v -0.74191 -0.73701 0.01921
v -0.77033 -0.73701 0.00287
v -0.79546 -0.73701 -0.01349
v -0.81717 -0.73701 -0.02979
v -0.83539 -0.73701 -0.04596
v -0.85004 -0.73701 -0.06194
v -0.86104 -0.73701 -0.07765
v -0.86835 -0.73701 -0.09303
v -0.87195 -0.73701 -0.10801
v -0.87182 -0.73701 -0.12253
v -0.86795 -0.73701 -0.13652
v -0.86036 -0.73701 -0.14993
v -0.84909 -0.73701 -0.16269
v -0.83418 -0.73701 -0.17476
v -0.81570 -0.73701 -0.18608
v -0.79373 -0.73701 -0.19661
v -0.76836 -0.73701 -0.20629
v -0.73970 -0.73701 -0.21509
v -0.70787 -0.73701 -0.22296
v -0.67301 -0.73701 -0.22989
v -0.63527 -0.73701 -0.23583
v -0.59481 -0.73701 -0.24076
v -0.55180 -0.73701 -0.24465
v -0.50643 -0.73701 -0.24750
v -0.45889 -0.73701 -0.24929
v -0.40938 -0.73701 -0.25002
v -0.35812 -0.73701 -0.24967
v -0.30533 -0.73701 -0.24825
v -0.25123 -0.73701 -0.24577
v -0.19605 -0.73701 -0.24224
v -0.14004 -0.73701 -0.23767
v -0.08343 -0.73701 -0.23208
v -0.02645 -0.73701 -0.22550
v 0.03063 -0.73701 -0.21795
v 0.08759 -0.73701 -0.20947
v 0.14416 -0.73701 -0.20010
v 0.20013 -0.73701 -0.18986
v 0.25523 -0.73701 -0.17882
v 0.30924 -0.73701 -0.16700
v 0.36193 -0.73701 -0.15447
v 0.41307 -0.73701 -0.14129
v 0.46244 -0.73701 -0.12749
v 0.50982 -0.73701 -0.11315
v 0.55503 -0.73701 -0.09833
v 0.59786 -0.73701 -0.08308
v 0.63813 -0.73701 -0.06748
v 0.67566 -0.73701 -0.05159
v 0.71030 -0.73701 -0.03548
v 0.74191 -0.73701 -0.01921
v 0.77033 -0.73701 -0.00287
v 0.79546 -0.73701 0.01349
v 0.81717 -0.73701 0.02979
v 0.83539 -0.73701 0.04596
v 0.85004 -0.73701 0.06194
v 0.86104 -0.73701 0.07765
v 0.86835 -0.73701 0.09303
v 0.87195 -0.73701 0.10801
v 1.15915 -0.72694 0.16291
v 1.15400 -0.72694 0.18151
v 1.14392 -0.72694 0.19934
v 1.12893 -0.72694 0.21631
v 1.10911 -0.72694 0.23236
v 1.08454 -0.72694 0.24741
v 1.05533 -0.72694 0.26140
v 1.02160 -0.72694 0.27428
v 0.98349 -0.72694 0.28598
v 0.94117 -0.72694 0.29645
v 0.89482 -0.72694 0.30566
v 0.84464 -0.72694 0.31355
v 0.79084 -0.72694 0.32010
v 0.73366 -0.72694 0.32529
v 0.67334 -0.72694 0.32908
v 0.61013 -0.72694 0.33146
v 0.54430 -0.72694 0.33242
v 0.47615 -0.72694 0.33195
v 0.40596 -0.72694 0.33007
v 0.33403 -0.72694 0.32677
v 0.26067 -0.72694 0.32208
v 0.18619 -0.72694 0.31600
v 0.11092 -0.72694 0.30857
v 0.03517 -0.72694 0.29982
v -0.04073 -0.72694 0.28979
v -0.11645 -0.72694 0.27851
v -0.19168 -0.72694 0.26604
v -0.26608 -0.72694 0.25244
v -0.33935 -0.72694 0.23775
v -0.41116 -0.72694 0.22204
v -0.48121 -0.72694 0.20539
v -0.54921 -0.72694 0.18785
v -0.61485 -0.72694 0.16951
v -0.67785 -0.72694 0.15044
v -0.73796 -0.72694 0.13073
v -0.79490 -0.72694 0.11046
v -0.84844 -0.72694 0.08972
v -0.89835 -0.72694 0.06859
v -0.94441 -0.72694 0.04717
v -0.98642 -0.72694 0.02554
v -1.02422 -0.72694 0.00381
v -1.05762 -0.72694 -0.01794
v -1.08650 -0.72694 -0.03961
v -1.11073 -0.72694 -0.06111
v -1.13019 -0.72694 -0.08235
v -1.14482 -0.72694 -0.10324
v -1.15455 -0.72694 -0.12369
v -1.15933 -0.72694 -0.14361
v -1.15915 -0.72694 -0.16291
v -1.15400 -0.72694 -0.18151
v -1.14392 -0.72694 -0.19934
v -1.12893 -0.72694 -0.21631
v -1.10911 -0.72694 -0.23236
v -1.08454 -0.72694 -0.24741
v -1.05533 -0.72694 -0.26140
v -1.02160 -0.72694 -0.27428
v -0.98349 -0.72694 -0.28598
v -0.94117 -0.72694 -0.29645
v -0.89482 -0.72694 -0.30566
v -0.84464 -0.72694 -0.31355
v -0.79084 -0.72694 -0.32010
v -0.73366 -0.72694 -0.32529
v -0.67334 -0.72694 -0.32908
v -0.61013 -0.72694 -0.33146
v -0.54430 -0.72694 -0.33242
v -0.47615 -0.72694 -0.33195
v -0.40596 -0.72694 -0.33007
v -0.33403 -0.72694 -0.32677
v -0.26067 -0.72694 -0.32208
v -0.18619 -0.72694 -0.31600
v -0.11092 -0.72694 -0.30857
v -0.03517 -0.72694 -0.29982
v 0.04073 -0.72694 -0.28979
v 0.11645 -0.72694 -0.27851
v 0.19168 -0.72694 -0.26604
v 0.26608 -0.72694 -0.25244
v 0.33935 -0.72694 -0.23775
v 0.41116 -0.72694 -0.22204
v 0.48121 -0.72694 -0.20539
v 0.54921 -0.72694 -0.18785
v 0.61485 -0.72694 -0.16951
v 0.67785 -0.72694 -0.15044
v 0.73796 -0.72694 -0.13073
v 0.79490 -0.72694 -0.11046
v 0.84844 -0.72694 -0.08972
v 0.89835 -0.72694 -0.06859
v 0.94441 -0.72694 -0.04717
v 0.98642 -0.72694 -0.02554
v 1.02422 -0.72694 -0.00381
v 1.05762 -0.72694 0.01794
v 1.08650 -0.72694 0.03961
v 1.11073 -0.72694 0.06111
v 1.13019 -0.72694 0.08235
v 1.14482 -0.72694 0.10324
v 1.15455 -0.72694 0.12369
v 1.15933 -0.72694 0.14361
v 1.44369 -0.71404 0.20290
v 1.43728 -0.71404 0.22607
v 1.42472 -0.71404 0.24827
v 1.40606 -0.71404 0.26941
v 1.38137 -0.71404 0.28940
v 1.35077 -0.71404 0.30815
v 1.31439 -0.71404 0.32557
v 1.27237 -0.71404 0.34161
v 1.22491 -0.71404 0.35618
v 1.17221 -0.71404 0.36922
v 1.11448 -0.71404 0.38069
v 1.05198 -0.71404 0.39052
v 0.98498 -0.71404 0.39868
v 0.91376 -0.71404 0.40514
v 0.83862 -0.71404 0.40986
v 0.75990 -0.71404 0.41282
v 0.67792 -0.71404 0.41402
v 0.59304 -0.71404 0.41344
v 0.50561 -0.71404 0.41110
v 0.41603 -0.71404 0.40699
v 0.32466 -0.71404 0.40114
v 0.23190 -0.71404 0.39357
v 0.13815 -0.71404 0.38432
v 0.04381 -0.71404 0.37342
v -0.05072 -0.71404 0.36092
v -0.14504 -0.71404 0.34688
v -0.23873 -0.71404 0.33135
v -0.33140 -0.71404 0.31440
v -0.42265 -0.71404 0.29611
v -0.51209 -0.71404 0.27655
v -0.59934 -0.71404 0.25580
v -0.68402 -0.71404 0.23396
v -0.76578 -0.71404 0.21112
v -0.84425 -0.71404 0.18737
v -0.91911 -0.71404 0.16282
v -0.99003 -0.71404 0.13758
v -1.05671 -0.71404 0.11174
v -1.11887 -0.71404 0.08543
v -1.17624 -0.71404 0.05875
v -1.22857 -0.71404 0.03181
v -1.27564 -0.71404 0.00475
v -1.31724 -0.71404 -0.02234
v -1.35321 -0.71404 -0.04933
v -1.38338 -0.71404 -0.07612
v -1.40763 -0.71404 -0.10257
v -1.42585 -0.71404 -0.12859
v -1.43796 -0.71404 -0.15405
v -1.44392 -0.71404 -0.17886
v -1.44369 -0.71404 -0.20290
v -1.43728 -0.71404 -0.22607
v -1.42472 -0.71404 -0.24827
v -1.40606 -0.71404 -0.26941
v -1.38137 -0.71404 -0.28940
v -1.35077 -0.71404 -0.30815
v -1.31439 -0.71404 -0.32557
v -1.27237 -0.71404 -0.34161
v -1.22491 -0.71404 -0.35618
v -1.17221 -0.71404 -0.36922
v -1.11448 -0.71404 -0.38069
v -1.05198 -0.71404 -0.39052
v -0.98498 -0.71404 -0.39868
v -0.91376 -0.71404 -0.40514
v -0.83862 -0.71404 -0.40986
v -0.75990 -0.71404 -0.41282
v -0.67792 -0.71404 -0.41402
v -0.59304 -0.71404 -0.41344
v -0.50561 -0.71404 -0.41110
v -0.41603 -0.71404 -0.40699
v -0.32466 -0.71404 -0.40114
v -0.23190 -0.71404 -0.39357
v -0.13815 -0.71404 -0.38432
v -0.04381 -0.71404 -0.37342
v 0.05072 -0.71404 -0.36092
v 0.14504 -0.71404 -0.34688
v 0.23873 -0.71404 -0.33135
v 0.33140 -0.71404 -0.31440
v 0.42265 -0.71404 -0.29611
v 0.51209 -0.71404 -0.27655
v 0.59934 -0.71404 -0.25580
v 0.68402 -0.71404 -0.23396
v 0.76578 -0.71404 -0.21112
v 0.84425 -0.71404 -0.18737
v 0.91911 -0.71404 -0.16282
v 0.99003 -0.71404 -0.13758
v 1.05671 -0.71404 -0.11174
v 1.11887 -0.71404 -0.08543
v 1.17624 -0.71404 -0.05875
v 1.22857 -0.71404 -0.03181
v 1.27564 -0.71404 -0.00475
v 1.31724 -0.71404 0.02234
v 1.35321 -0.71404 0.04933
v 1.38338 -0.71404 0.07612
v 1.40763 -0.71404 0.10257
v 1.42585 -0.71404 0.12859
v 1.43796 -0.71404 0.15405
v 1.44392 -0.71404 0.17886
v 1.72476 -0.69833 0.24240
v 1.71710 -0.69833 0.27008
v 1.70209 -0.69833 0.29661
v 1.67979 -0.69833 0.32186
v 1.65030 -0.69833 0.34574
v 1.61375 -0.69833 0.36814
v 1.57028 -0.69833 0.38896
v 1.52009 -0.69833 0.40811
v 1.46338 -0.69833 0.42552
v 1.40042 -0.69833 0.44110
v 1.33145 -0.69833 0.45480
v 1.25679 -0.69833 0.46655
v 1.17674 -0.69833 0.47630
v 1.09165 -0.69833 0.48401
v 1.00189 -0.69833 0.48965
v 0.90784 -0.69833 0.49319
v 0.80990 -0.69833 0.49462
v 0.70849 -0.69833 0.49393
v 0.60405 -0.69833 0.49113
v 0.49702 -0.69833 0.48622
v 0.38787 -0.69833 0.47923
v 0.27705 -0.69833 0.47019
v 0.16504 -0.69833 0.45914
v 0.05233 -0.69833 0.44612
v -0.06060 -0.69833 0.43119
v -0.17327 -0.69833 0.41441
v -0.28521 -0.69833 0.39586
v -0.39592 -0.69833 0.37561
v -0.50494 -0.69833 0.35376
v -0.61179 -0.69833 0.33039
v -0.71602 -0.69833 0.30561
v -0.81719 -0.69833 0.27951
v -0.91486 -0.69833 0.25222
v -1.00861 -0.69833 0.22385
v -1.09804 -0.69833 0.19452
v -1.18277 -0.69833 0.16436
v -1.26244 -0.69833 0.13350
v -1.33670 -0.69833 0.10206
v -1.40523 -0.69833 0.07018
v -1.46775 -0.69833 0.03801
v -1.52398 -0.69833 0.00567
v -1.57369 -0.69833 -0.02669
v -1.61666 -0.69833 -0.05894
v -1.65270 -0.69833 -0.09093
v -1.68167 -0.69833 -0.12254
v -1.70344 -0.69833 -0.15362
v -1.71791 -0.69833 -0.18404
v -1.72503 -0.69833 -0.21368
v -1.72476 -0.69833 -0.24240
v -1.71710 -0.69833 -0.27008
v -1.70209 -0.69833 -0.29661
v -1.67979 -0.69833 -0.32186
v -1.65030 -0.69833 -0.34574
v -1.61375 -0.69833 -0.36814
v -1.57028 -0.69833 -0.38896
v -1.52009 -0.69833 -0.40811
v -1.46338 -0.69833 -0.42552
v -1.40042 -0.69833 -0.44110
v -1.33145 -0.69833 -0.45480
v -1.25679 -0.69833 -0.46655
v -1.17674 -0.69833 -0.47630
v -1.09165 -0.69833 -0.48401
v -1.00189 -0.69833 -0.48965
v -0.90784 -0.69833 -0.49319
v -0.80990 -0.69833 -0.49462
v -0.70849 -0.69833 -0.49393
v -0.60405 -0.69833 -0.49113
v -0.49702 -0.69833 -0.48622
v -0.38787 -0.69833 -0.47923
v -0.27705 -0.69833 -0.47019
v -0.16504 -0.69833 -0.45914
v -0.05233 -0.69833 -0.44612
v 0.06060 -0.69833 -0.43119
v 0.17327 -0.69833 -0.41441
v 0.28521 -0.69833 -0.39586
v 0.39592 -0.69833 -0.37561
v 0.50494 -0.69833 -0.35376
v 0.61179 -0.69833 -0.33039
v 0.71602 -0.69833 -0.30561
v 0.81719 -0.69833 -0.27951
v 0.91486 -0.69833 -0.25222
v 1.00861 -0.69833 -0.22385
v 1.09804 -0.69833 -0.19452
v 1.18277 -0.69833 -0.16436
v 1.26244 -0.69833 -0.13350
v 1.33670 -0.69833 -0.10206
v 1.40523 -0.69833 -0.07018
v 1.46775 -0.69833 -0.03801
v 1.52398 -0.69833 -0.00567
v 1.57369 -0.69833 0.02669
v 1.61666 -0.69833 0.05894
v 1.65270 -0.69833 0.09093
v 1.68167 -0.69833 0.12254
v 1.70344 -0.69833 0.15362
v 1.71791 -0.69833 0.18404
v 1.72503 -0.69833 0.21368
v 2.00167 -0.67985 0.28132
v 1.99278 -0.67985 0.31344
v 1.97536 -0.67985 0.34423
v 1.94949 -0.67985 0.37354
v 1.91526 -0.67985 0.40125
v 1.87283 -0.67985 0.42724
v 1.82239 -0.67985 0.45140
v 1.76414 -0.67985 0.47363
v 1.69833 -0.67985 0.49384
v 1.62525 -0.67985 0.51192
v 1.54522 -0.67985 0.52782
v 1.45856 -0.67985 0.54145
v 1.36566 -0.67985 0.55277
v 1.26691 -0.67985 0.56172
v 1.16274 -0.67985 0.56826
v 1.05359 -0.67985 0.57237
v 0.93993 -0.67985 0.57403
v 0.82224 -0.67985 0.57323
v 0.70103 -0.67985 0.56998
v 0.57682 -0.67985 0.56429
v 0.45014 -0.67985 0.55618
v 0.32153 -0.67985 0.54568
v 0.19154 -0.67985 0.53285
v 0.06074 -0.67985 0.51774
v -0.07033 -0.67985 0.50042
v -0.20109 -0.67985 0.48095
v -0.33100 -0.67985 0.45942
v -0.45948 -0.67985 0.43592
v -0.58600 -0.67985 0.41056
v -0.71001 -0.67985 0.38343
v -0.83098 -0.67985 0.35467
v -0.94839 -0.67985 0.32439
v -1.06174 -0.67985 0.29272
v -1.17054 -0.67985 0.25979
v -1.27433 -0.67985 0.22575
v -1.37267 -0.67985 0.19075
v -1.46512 -0.67985 0.15493
v -1.55130 -0.67985 0.11844
v -1.63084 -0.67985 0.08145
v -1.70340 -0.67985 0.04411
v -1.76866 -0.67985 0.00658
v -1.82635 -0.67985 -0.03098
v -1.87621 -0.67985 -0.06840
v -1.91805 -0.67985 -0.10553
v -1.95166 -0.67985 -0.14221
v -1.97693 -0.67985 -0.17828
v -1.99372 -0.67985 -0.21359
v -2.00198 -0.67985 -0.24798
v -2.00167 -0.67985 -0.28132
v -1.99278 -0.67985 -0.31344
v -1.97536 -0.67985 -0.34423
v -1.94949 -0.67985 -0.37354
v -1.91526 -0.67985 -0.40125
v -1.87283 -0.67985 -0.42724
v -1.82239 -0.67985 -0.45140
v -1.76414 -0.67985 -0.47363
v -1.69833 -0.67985 -0.49384
v -1.62525 -0.67985 -0.51192
v -1.54522 -0.67985 -0.52782
v -1.45856 -0.67985 -0.54145
v -1.36566 -0.67985 -0.55277
v -1.26691 -0.67985 -0.56172
v -1.16274 -0.67985 -0.56826
v -1.05359 -0.67985 -0.57237
v -0.93993 -0.67985 -0.57403
v -0.82224 -0.67985 -0.57323
v -0.70103 -0.67985 -0.56998
v -0.57682 -0.67985 -0.56429
v -0.45014 -0.67985 -0.55618
v -0.32153 -0.67985 -0.54568
v -0.19154 -0.67985 -0.53285
v -0.06074 -0.67985 -0.51774
v 0.07033 -0.67985 -0.50042
v 0.20109 -0.67985 -0.48095
v 0.33100 -0.67985 -0.45942
v 0.45948 -0.67985 -0.43592
v 0.58600 -0.67985 -0.41056
v 0.71001 -0.67985 -0.38343
v 0.83098 -0.67985 -0.35467
v 0.94839 -0.67985 -0.32439
v 1.06174 -0.67985 -0.29272
v 1.17054 -0.67985 -0.25979
v 1.27433 -0.67985 -0.22575
v 1.37267 -0.67985 -0.19075
v 1.46512 -0.67985 -0.15493
v 1.55130 -0.67985 -0.11844
v 1.63084 -0.67985 -0.08145
v 1.70340 -0.67985 -0.04411
v 1.76866 -0.67985 -0.00658
v 1.82635 -0.67985 0.03098
v 1.87621 -0.67985 0.06840
v 1.91805 -0.67985 0.10553
v 1.95166 -0.67985 0.14221
v 1.97693 -0.67985 0.17828
v 1.99372 -0.67985 0.21359
v 2.00198 -0.67985 0.24798
v 2.27376 -0.65866 0.31956
v 2.26366 -0.65866 0.35605
v 2.24388 -0.65866 0.39102
v 2.21448 -0.65866 0.42431
v 2.17560 -0.65866 0.45579
v 2.12741 -0.65866 0.48532
v 2.07010 -0.65866 0.51276
v 2.00394 -0.65866 0.53801
v 1.92919 -0.65866 0.56096
v 1.84617 -0.65866 0.58151
v 1.75526 -0.65866 0.59956
v 1.65683 -0.65866 0.61505
v 1.55130 -0.65866 0.62791
v 1.43913 -0.65866 0.63807
v 1.32079 -0.65866 0.64551
v 1.19681 -0.65866 0.65018
v 1.06769 -0.65866 0.65206
v 0.93401 -0.65866 0.65115
v 0.79632 -0.65866 0.64746
v 0.65523 -0.65866 0.64099
v 0.51132 -0.65866 0.63178
v 0.36523 -0.65866 0.61986
v 0.21758 -0.65866 0.60529
v 0.06899 -0.65866 0.58812
v -0.07989 -0.65866 0.56844
v -0.22843 -0.65866 0.54632
v -0.37599 -0.65866 0.52187
v -0.52194 -0.65866 0.49517
v -0.66566 -0.65866 0.46636
v -0.80652 -0.65866 0.43555
v -0.94394 -0.65866 0.40288
v -1.07731 -0.65866 0.36848
v -1.20606 -0.65866 0.33250
v -1.32966 -0.65866 0.29510
v -1.44755 -0.65866 0.25644
v -1.55925 -0.65866 0.21668
v -1.66428 -0.65866 0.17599
v -1.76217 -0.65866 0.13454
v -1.85252 -0.65866 0.09252
v -1.93494 -0.65866 0.05011
v -2.00907 -0.65866 0.00748
v -2.07460 -0.65866 -0.03519
v -2.13125 -0.65866 -0.07770
v -2.17877 -0.65866 -0.11988
v -2.21696 -0.65866 -0.16154
v -2.24565 -0.65866 -0.20252
v -2.26473 -0.65866 -0.24263
v -2.27411 -0.65866 -0.28169
v -2.27376 -0.65866 -0.31956
v -2.26366 -0.65866 -0.35605
v -2.24388 -0.65866 -0.39102
v -2.21448 -0.65866 -0.42431
v -2.17560 -0.65866 -0.45579
v -2.12741 -0.65866 -0.48532
v -2.07010 -0.65866 -0.51276
v -2.00394 -0.65866 -0.53801
v -1.92919 -0.65866 -0.56096
v -1.84617 -0.65866 -0.58151
v -1.75526 -0.65866 -0.59956
v -1.65683 -0.65866 -0.61505
v -1.55130 -0.65866 -0.62791
v -1.43913 -0.65866 -0.63807
v -1.32079 -0.65866 -0.64551
v -1.19681 -0.65866 -0.65018
v -1.06769 -0.65866 -0.65206
v -0.93401 -0.65866 -0.65115
v -0.79632 -0.65866 -0.64746
v -0.65523 -0.65866 -0.64099
v -0.51132 -0.65866 -0.63178
v -0.36523 -0.65866 -0.61986
v -0.21758 -0.65866 -0.60529
v -0.06899 -0.65866 -0.58812
v 0.07989 -0.65866 -0.56844
v 0.22843 -0.65866 -0.54632
v 0.37599 -0.65866 -0.52187
v 0.52194 -0.65866 -0.49517
v 0.66566 -0.65866 -0.46636
v 0.80652 -0.65866 -0.43555
v 0.94394 -0.65866 -0.40288
v 1.07731 -0.65866 -0.36848
v 1.20606 -0.65866 -0.33250
v 1.32966 -0.65866 -0.29510
v 1.44755 -0.65866 -0.25644
v 1.55925 -0.65866 -0.21668
v 1.66428 -0.65866 -0.17599
v 1.76217 -0.65866 -0.13454
v 1.85252 -0.65866 -0.09252
v 1.93494 -0.65866 -0.05011
v 2.00907 -0.65866 -0.00748
v 2.07460 -0.65866 0.03519
v 2.13125 -0.65866 0.07770
v 2.17877 -0.65866 0.11988
v 2.21696 -0.65866 0.16154
v 2.24565 -0.65866 0.20252
v 2.26473 -0.65866 0.24263
v 2.27411 -0.65866 0.28169
v 2.54036 -0.63479 0.35703
v 2.52909 -0.63479 0.39780
v 2.50698 -0.63479 0.43687
v 2.47414 -0.63479 0.47407
v 2.43070 -0.63479 0.50923
v 2.37686 -0.63479 0.54222
v 2.31283 -0.63479 0.57289
v 2.23891 -0.63479 0.60110
v 2.15539 -0.63479 0.62674
v 2.06265 -0.63479 0.64969
v 1.96107 -0.63479 0.66987
v 1.85110 -0.63479 0.68717
v 1.73320 -0.63479 0.70153
v 1.60787 -0.63479 0.71289
v 1.47566 -0.63479 0.72119
v 1.33714 -0.63479 0.72641
v 1.19288 -0.63479 0.72852
v 1.04352 -0.63479 0.72750
v 0.88969 -0.63479 0.72338
v 0.73205 -0.63479 0.71615
v 0.57128 -0.63479 0.70586
v 0.40806 -0.63479 0.69254
v 0.24309 -0.63479 0.67626
v 0.07708 -0.63479 0.65708
v -0.08926 -0.63479 0.63509
v -0.25521 -0.63479 0.61038
v -0.42008 -0.63479 0.58306
v -0.58314 -0.63479 0.55324
v -0.74371 -0.63479 0.52105
v -0.90109 -0.63479 0.48663
v -1.05462 -0.63479 0.45012
v -1.20363 -0.63479 0.41169
v -1.34748 -0.63479 0.37149
v -1.48557 -0.63479 0.32971
v -1.61729 -0.63479 0.28651
v -1.74209 -0.63479 0.24208
v -1.85942 -0.63479 0.19662
v -1.96880 -0.63479 0.15032
v -2.06974 -0.63479 0.10337
v -2.16182 -0.63479 0.05598
v -2.24465 -0.63479 0.00835
v -2.31786 -0.63479 -0.03931
v -2.38115 -0.63479 -0.08681
v -2.43424 -0.63479 -0.13393
v -2.47691 -0.63479 -0.18049
v -2.50897 -0.63479 -0.22626
v -2.53028 -0.63479 -0.27107
v -2.54076 -0.63479 -0.31472
v -2.54036 -0.63479 -0.35703
v -2.52909 -0.63479 -0.39780
v -2.50698 -0.63479 -0.43687
v -2.47414 -0.63479 -0.47407
v -2.43070 -0.63479 -0.50923
v -2.37686 -0.63479 -0.54222
v -2.31283 -0.63479 -0.57289
v -2.23891 -0.63479 -0.60110
v -2.15539 -0.63479 -0.62674
v -2.06265 -0.63479 -0.64969
v -1.96107 -0.63479 -0.66987
v -1.85110 -0.63479 -0.68717
v -1.73320 -0.63479 -0.70153
v -1.60787 -0.63479 -0.71289
v -1.47566 -0.63479 -0.72119
v -1.33714 -0.63479 -0.72641
v -1.19288 -0.63479 -0.72852
v -1.04352 -0.63479 -0.72750
v -0.88969 -0.63479 -0.72338
v -0.73205 -0.63479 -0.71615
v -0.57128 -0.63479 -0.70586
v -0.40806 -0.63479 -0.69254
v -0.24309 -0.63479 -0.67626
v -0.07708 -0.63479 -0.65708
v 0.08926 -0.63479 -0.63509
v 0.25521 -0.63479 -0.61038
v 0.42008 -0.63479 -0.58306
v 0.58314 -0.63479 -0.55324
v 0.74371 -0.63479 -0.52105
v 0.90109 -0.63479 -0.48663
v 1.05462 -0.63479 -0.45012
v 1.20363 -0.63479 -0.41169
v 1.34748 -0.63479 -0.37149
v 1.48557 -0.63479 -0.32971
v 1.61729 -0.63479 -0.28651
v 1.74209 -0.63479 -0.24208
v 1.85942 -0.63479 -0.19662
v 1.96880 -0.63479 -0.15032
v 2.06974 -0.63479 -0.10337
v 2.16182 -0.63479 -0.05598
v 2.24465 -0.63479 -0.00835
v 2.31786 -0.63479 0.03931
v 2.38115 -0.63479 0.08681
v 2.43424 -0.63479 0.13393
v 2.47691 -0.63479 0.18049
v 2.50897 -0.63479 0.22626
v 2.53028 -0.63479 0.27107
v 2.54076 -0.63479 0.31472
v 2.80085 -0.60831 0.39363
v 2.78842 -0.60831 0.43859
v 2.76405 -0.60831 0.48166
v 2.72784 -0.60831 0.52268
v 2.67995 -0.60831 0.56145
v 2.62058 -0.60831 0.59782
v 2.54999 -0.60831 0.63163
v 2.46849 -0.60831 0.66274
v 2.37641 -0.60831 0.69100
v 2.27415 -0.60831 0.71631
v 2.16216 -0.60831 0.73855
v 2.04091 -0.60831 0.75763
v 1.91092 -0.60831 0.77347
v 1.77274 -0.60831 0.78599
v 1.62698 -0.60831 0.79515
v 1.47425 -0.60831 0.80090
v 1.31520 -0.60831 0.80322
v 1.15053 -0.60831 0.80210
v 0.98092 -0.60831 0.79755
v 0.80712 -0.60831 0.78958
v 0.62986 -0.60831 0.77823
v 0.44990 -0.60831 0.76355
v 0.26802 -0.60831 0.74560
v 0.08499 -0.60831 0.72446
v -0.09841 -0.60831 0.70021
v -0.28138 -0.60831 0.67297
v -0.46315 -0.60831 0.64284
v -0.64294 -0.60831 0.60997
v -0.81997 -0.60831 0.57447
v -0.99349 -0.60831 0.53652
v -1.16276 -0.60831 0.49628
v -1.32705 -0.60831 0.45390
v -1.48565 -0.60831 0.40959
v -1.63790 -0.60831 0.36351
v -1.78313 -0.60831 0.31589
v -1.92072 -0.60831 0.26691
v -2.05009 -0.60831 0.21678
v -2.17068 -0.60831 0.16573
v -2.28197 -0.60831 0.11397
v -2.38350 -0.60831 0.06172
v -2.47482 -0.60831 0.00921
v -2.55554 -0.60831 -0.04334
v -2.62531 -0.60831 -0.09571
v -2.68385 -0.60831 -0.14767
v -2.73089 -0.60831 -0.19899
v -2.76624 -0.60831 -0.24947
v -2.78974 -0.60831 -0.29887
v -2.80129 -0.60831 -0.34700
v -2.80085 -0.60831 -0.39363
v -2.78842 -0.60831 -0.43859
v -2.76405 -0.60831 -0.48166
v -2.72784 -0.60831 -0.52268
v -2.67995 -0.60831 -0.56145
v -2.62058 -0.60831 -0.59782
v -2.54999 -0.60831 -0.63163
v -2.46849 -0.60831 -0.66274
v -2.37641 -0.60831 -0.69100
v -2.27415 -0.60831 -0.71631
v -2.16216 -0.60831 -0.73855
v -2.04091 -0.60831 -0.75763
v -1.91092 -0.60831 -0.77347
v -1.77274 -0.60831 -0.78599
v -1.62698 -0.60831 -0.79515
v -1.47425 -0.60831 -0.80090
v -1.31520 -0.60831 -0.80322
v -1.15053 -0.60831 -0.80210
v -0.98092 -0.60831 -0.79755
v -0.80712 -0.60831 -0.78958
v -0.62986 -0.60831 -0.77823
v -0.44990 -0.60831 -0.76355
v -0.26802 -0.60831 -0.74560
v -0.08499 -0.60831 -0.72446
v 0.09841 -0.60831 -0.70021
v 0.28138 -0.60831 -0.67297
v 0.46315 -0.60831 -0.64284
v 0.64294 -0.60831 -0.60997
v 0.81997 -0.60831 -0.57447
v 0.99349 -0.60831 -0.53652
v 1.16276 -0.60831 -0.49628
v 1.32705 -0.60831 -0.45390
v 1.48565 -0.60831 -0.40959
v 1.63790 -0.60831 -0.36351
v 1.78313 -0.60831 -0.31589
v 1.92072 -0.60831 -0.26691
v 2.05009 -0.60831 -0.21678
v 2.17068 -0.60831 -0.16573
v 2.28197 -0.60831 -0.11397
v 2.38350 -0.60831 -0.06172
v 2.47482 -0.60831 -0.00921
v 2.55554 -0.60831 0.04334
v 2.62531 -0.60831 0.09571
v 2.68385 -0.60831 0.14767
v 2.73089 -0.60831 0.19899
v 2.76624 -0.60831 0.24947
v 2.78974 -0.60831 0.29887
v 2.80129 -0.60831 0.34700
v 3.05460 -0.57927 0.42930
v 3.04104 -0.57927 0.47832
v 3.01446 -0.57927 0.52530
v 2.97497 -0.57927 0.57003
v 2.92274 -0.57927 0.61231
v 2.85799 -0.57927 0.65198
v 2.78101 -0.57927 0.68885
v 2.69212 -0.57927 0.72278
v 2.59170 -0.57927 0.75361
v 2.48018 -0.57927 0.78121
v 2.35804 -0.57927 0.80546
v 2.22580 -0.57927 0.82627
v 2.08404 -0.57927 0.84354
v 1.93335 -0.57927 0.85720
v 1.77438 -0.57927 0.86718
v 1.60781 -0.57927 0.87346
v 1.43435 -0.57927 0.87599
v 1.25476 -0.57927 0.87477
v 1.06979 -0.57927 0.86980
v 0.88024 -0.57927 0.86112
v 0.68692 -0.57927 0.84874
v 0.49066 -0.57927 0.83273
v 0.29230 -0.57927 0.81315
v 0.09269 -0.57927 0.79009
v -0.10732 -0.57927 0.76365
v -0.30687 -0.57927 0.73394
v -0.50511 -0.57927 0.70108
v -0.70118 -0.57927 0.66522
v -0.89425 -0.57927 0.62652
v -1.08350 -0.57927 0.58513
v -1.26810 -0.57927 0.54124
v -1.44727 -0.57927 0.49502
v -1.62024 -0.57927 0.44669
v -1.78628 -0.57927 0.39645
v -1.94467 -0.57927 0.34451
v -2.09473 -0.57927 0.29109
v -2.23582 -0.57927 0.23642
v -2.36733 -0.57927 0.18075
v -2.48871 -0.57927 0.12430
v -2.59943 -0.57927 0.06731
v -2.69902 -0.57927 0.01004
v -2.78705 -0.57927 -0.04727
v -2.86315 -0.57927 -0.10438
v -2.92699 -0.57927 -0.16105
v -2.97829 -0.57927 -0.21702
v -3.01684 -0.57927 -0.27207
v -3.04247 -0.57927 -0.32595
v -3.05508 -0.57927 -0.37843
v -3.05460 -0.57927 -0.42930
v -3.04104 -0.57927 -0.47832
v -3.01446 -0.57927 -0.52530
v -2.97497 -0.57927 -0.57003
v -2.92274 -0.57927 -0.61231
v -2.85799 -0.57927 -0.65198
v -2.78101 -0.57927 -0.68885
v -2.69212 -0.57927 -0.72278
v -2.59170 -0.57927 -0.75361
v -2.48018 -0.57927 -0.78121
v -2.35804 -0.57927 -0.80546
v -2.22580 -0.57927 -0.82627
v -2.08404 -0.57927 -0.84354
v -1.93335 -0.57927 -0.85720
v -1.77438 -0.57927 -0.86718
v -1.60781 -0.57927 -0.87346
v -1.43435 -0.57927 -0.87599
v -1.25476 -0.57927 -0.87477
v -1.06979 -0.57927 -0.86980
v -0.88024 -0.57927 -0.86112
v -0.68692 -0.57927 -0.84874
v -0.49066 -0.57927 -0.83273
v -0.29230 -0.57927 -0.81315
v -0.09269 -0.57927 -0.79009
v 0.10732 -0.57927 -0.76365
v 0.30687 -0.57927 -0.73394
v 0.50511 -0.57927 -0.70108
v 0.70118 -0.57927 -0.66522
v 0.89425 -0.57927 -0.62652
v 1.08350 -0.57927 -0.58513
v 1.26810 -0.57927 -0.54124
v 1.44727 -0.57927 -0.49502
v 1.62024 -0.57927 -0.44669
v 1.78628 -0.57927 -0.39645
v 1.94467 -0.57927 -0.34451
v 2.09473 -0.57927 -0.29109
v 2.23582 -0.57927 -0.23642
v 2.36733 -0.57927 -0.18075
v 2.48871 -0.57927 -0.12430
v 2.59943 -0.57927 -0.06731
v 2.69902 -0.57927 -0.01004
v 2.78705 -0.57927 0.04727
v 2.86315 -0.57927 0.10438
v 2.92699 -0.57927 0.16105
v 2.97829 -0.57927 0.21702
v 3.01684 -0.57927 0.27207
v 3.04247 -0.57927 0.32595
v 3.05508 -0.57927 0.37843
v 3.30098 -0.54776 0.46392
v 3.28633 -0.54776 0.51690
v 3.25760 -0.54776 0.56767
v 3.21493 -0.54776 0.61601
v 3.15848 -0.54776 0.66170
v 3.08852 -0.54776 0.70457
v 3.00532 -0.54776 0.74442
v 2.90926 -0.54776 0.78108
v 2.80074 -0.54776 0.81439
v 2.68023 -0.54776 0.84422
v 2.54824 -0.54776 0.87043
v 2.40534 -0.54776 0.89292
v 2.25214 -0.54776 0.91158
v 2.08929 -0.54776 0.92634
v 1.91750 -0.54776 0.93713
v 1.73749 -0.54776 0.94391
v 1.55005 -0.54776 0.94664
v 1.35597 -0.54776 0.94533
v 1.15608 -0.54776 0.93996
v 0.95124 -0.54776 0.93057
v 0.74233 -0.54776 0.91720
v 0.53024 -0.54776 0.89990
v 0.31588 -0.54776 0.87874
v 0.10016 -0.54776 0.85382
v -0.11598 -0.54776 0.82525
v -0.33163 -0.54776 0.79314
v -0.54585 -0.54776 0.75763
v -0.75774 -0.54776 0.71888
v -0.96639 -0.54776 0.67705
v -1.17089 -0.54776 0.63233
v -1.37038 -0.54776 0.58489
v -1.56401 -0.54776 0.53495
v -1.75093 -0.54776 0.48272
v -1.93036 -0.54776 0.42842
v -2.10152 -0.54776 0.37229
v -2.26369 -0.54776 0.31457
v -2.41616 -0.54776 0.25549
v -2.55828 -0.54776 0.19533
v -2.68945 -0.54776 0.13432
v -2.80910 -0.54776 0.07274
v -2.91672 -0.54776 0.01085
v -3.01186 -0.54776 -0.05108
v -3.09409 -0.54776 -0.11280
v -3.16308 -0.54776 -0.17404
v -3.21852 -0.54776 -0.23453
v -3.26018 -0.54776 -0.29401
v -3.28788 -0.54776 -0.35224
v -3.30150 -0.54776 -0.40896
v -3.30098 -0.54776 -0.46392
v -3.28633 -0.54776 -0.51690
v -3.25760 -0.54776 -0.56767
v -3.21493 -0.54776 -0.61601
v -3.15848 -0.54776 -0.66170
v -3.08852 -0.54776 -0.70457
v -3.00532 -0.54776 -0.74442
v -2.90926 -0.54776 -0.78108
v -2.80074 -0.54776 -0.81439
v -2.68023 -0.54776 -0.84422
v -2.54824 -0.54776 -0.87043
v -2.40534 -0.54776 -0.89292
v -2.25214 -0.54776 -0.91158
v -2.08929 -0.54776 -0.92634
v -1.91750 -0.54776 -0.93713
v -1.73749 -0.54776 -0.94391
v -1.55005 -0.54776 -0.94664
v -1.35597 -0.54776 -0.94533
v -1.15608 -0.54776 -0.93996
v -0.95124 -0.54776 -0.93057
v -0.74233 -0.54776 -0.91720
v -0.53024 -0.54776 -0.89990
v -0.31588 -0.54776 -0.87874
v -0.10016 -0.54776 -0.85382
v 0.11598 -0.54776 -0.82525
v 0.33163 -0.54776 -0.79314
v 0.54585 -0.54776 -0.75763
v 0.75774 -0.54776 -0.71888
v 0.96639 -0.54776 -0.67705
v 1.17089 -0.54776 -0.63233
v 1.37038 -0.54776 -0.58489
v 1.56401 -0.54776 -0.53495
v 1.75093 -0.54776 -0.48272
v 1.93036 -0.54776 -0.42842
v 2.10152 -0.54776 -0.37229
v 2.26369 -0.54776 -0.31457
v 2.41616 -0.54776 -0.25549
v 2.55828 -0.54776 -0.19533
v 2.68945 -0.54776 -0.13432
v 2.80910 -0.54776 -0.07274
v 2.91672 -0.54776 -0.01085
v 3.01186 -0.54776 0.05108
v 3.09409 -0.54776 0.11280
v 3.16308 -0.54776 0.17404
v 3.21852 -0.54776 0.23453
v 3.26018 -0.54776 0.29401
v 3.28788 -0.54776 0.35224
v 3.30150 -0.54776 0.40896
v 3.53941 -0.51385 0.49743
v 3.52370 -0.51385 0.55424
v 3.49290 -0.51385 0.60867
v 3.44714 -0.51385 0.66050
v 3.38662 -0.51385 0.70950
v 3.31160 -0.51385 0.75546
v 3.22240 -0.51385 0.79819
v 3.11940 -0.51385 0.83749
v 3.00304 -0.51385 0.87322
v 2.87382 -0.51385 0.90520
v 2.73230 -0.51385 0.93330
v 2.57908 -0.51385 0.95741
v 2.41481 -0.51385 0.97742
v 2.24020 -0.51385 0.99325
v 2.05600 -0.51385 1.00482
v 1.86299 -0.51385 1.01209
v 1.66201 -0.51385 1.01502
v 1.45391 -0.51385 1.01361
v 1.23958 -0.51385 1.00786
v 1.01995 -0.51385 0.99779
v 0.79595 -0.51385 0.98345
v 0.56854 -0.51385 0.96489
v 0.33869 -0.51385 0.94221
v 0.10740 -0.51385 0.91549
v -0.12436 -0.51385 0.88485
v -0.35558 -0.51385 0.85042
v -0.58528 -0.51385 0.81236
v -0.81247 -0.51385 0.77081
v -1.03619 -0.51385 0.72596
v -1.25547 -0.51385 0.67800
v -1.46937 -0.51385 0.62714
v -1.67698 -0.51385 0.57359
v -1.87740 -0.51385 0.51759
v -2.06979 -0.51385 0.45937
v -2.25332 -0.51385 0.39918
v -2.42719 -0.51385 0.33729
v -2.59068 -0.51385 0.27395
v -2.74307 -0.51385 0.20944
v -2.88371 -0.51385 0.14403
v -3.01200 -0.51385 0.07800
v -3.12740 -0.51385 0.01164
v -3.22940 -0.51385 -0.05477
v -3.31758 -0.51385 -0.12095
v -3.39155 -0.51385 -0.18661
v -3.45100 -0.51385 -0.25147
v -3.49566 -0.51385 -0.31525
v -3.52536 -0.51385 -0.37768
v -3.53997 -0.51385 -0.43849
v -3.53941 -0.51385 -0.49743
v -3.52370 -0.51385 -0.55424
v -3.49290 -0.51385 -0.60867
v -3.44714 -0.51385 -0.66050
v -3.38662 -0.51385 -0.70950
v -3.31160 -0.51385 -0.75546
v -3.22240 -0.51385 -0.79819
v -3.11940 -0.51385 -0.83749
v -3.00304 -0.51385 -0.87322
v -2.87382 -0.51385 -0.90520
v -2.73230 -0.51385 -0.93330
v -2.57908 -0.51385 -0.95741
v -2.41481 -0.51385 -0.97742
v -2.24020 -0.51385 -0.99325
v -2.05600 -0.51385 -1.00482
v -1.86299 -0.51385 -1.01209
v -1.66201 -0.51385 -1.01502
v -1.45391 -0.51385 -1.01361
v -1.23958 -0.51385 -1.00786
v -1.01995 -0.51385 -0.99779
v -0.79595 -0.51385 -0.98345
v -0.56854 -0.51385 -0.96489
v -0.33869 -0.51385 -0.94221
v -0.10740 -0.51385 -0.91549
v 0.12436 -0.51385 -0.88485
v 0.35558 -0.51385 -0.85042
v 0.58528 -0.51385 -0.81236
v 0.81247 -0.51385 -0.77081
v 1.03619 -0.51385 -0.72596
v 1.25547 -0.51385 -0.67800
v 1.46937 -0.51385 -0.62714
v 1.67698 -0.51385 -0.57359
v 1.87740 -0.51385 -0.51759
v 2.06979 -0.51385 -0.45937
v 2.25332 -0.51385 -0.39918
v 2.42719 -0.51385 -0.33729
v 2.59068 -0.51385 -0.27395
v 2.74307 -0.51385 -0.20944
v 2.88371 -0.51385 -0.14403
v 3.01200 -0.51385 -0.07800
v 3.12740 -0.51385 -0.01164
v 3.22940 -0.51385 0.05477
v 3.31758 -0.51385 0.12095
v 3.39155 -0.51385 0.18661
v 3.45100 -0.51385 0.25147
v 3.49566 -0.51385 0.31525
v 3.52536 -0.51385 0.37768
v 3.53997 -0.51385 0.43849
v 3.76932 -0.47761 0.52974
v 3.75258 -0.47761 0.59024
v 3.71978 -0.47761 0.64821
v 3.67105 -0.47761 0.70340
v 3.60660 -0.47761 0.75559
v 3.52671 -0.47761 0.80453
v 3.43171 -0.47761 0.85003
v 3.32202 -0.47761 0.89189
v 3.19811 -0.47761 0.92994
v 3.06049 -0.47761 0.96400
v 2.90978 -0.47761 0.99393
v 2.74660 -0.47761 1.01960
v 2.57166 -0.47761 1.04091
v 2.38571 -0.47761 1.05776
v 2.18955 -0.47761 1.07009
v 1.98400 -0.47761 1.07783
v 1.76997 -0.47761 1.08095
v 1.54835 -0.47761 1.07945
v 1.32010 -0.47761 1.07332
v 1.08620 -0.47761 1.06260
v 0.84765 -0.47761 1.04733
v 0.60547 -0.47761 1.02757
v 0.36069 -0.47761 1.00341
v 0.11437 -0.47761 0.97496
v -0.13244 -0.47761 0.94233
v -0.37868 -0.47761 0.90566
v -0.62330 -0.47761 0.86512
v -0.86525 -0.47761 0.82087
v -1.10349 -0.47761 0.77311
v -1.33701 -0.47761 0.72204
v -1.56481 -0.47761 0.66787
v -1.78590 -0.47761 0.61085
v -1.99935 -0.47761 0.55121
v -2.20424 -0.47761 0.48921
v -2.39968 -0.47761 0.42511
v -2.58485 -0.47761 0.35920
v -2.75896 -0.47761 0.29174
v -2.92124 -0.47761 0.22304
v -3.07102 -0.47761 0.15338
v -3.20765 -0.47761 0.08306
v -3.33054 -0.47761 0.01239
v -3.43917 -0.47761 -0.05833
v -3.53308 -0.47761 -0.12880
v -3.61185 -0.47761 -0.19873
v -3.67516 -0.47761 -0.26780
v -3.72273 -0.47761 -0.33572
v -3.75436 -0.47761 -0.40221
v -3.76991 -0.47761 -0.46698
v -3.76932 -0.47761 -0.52974
v -3.75258 -0.47761 -0.59024
v -3.71978 -0.47761 -0.64821
v -3.67105 -0.47761 -0.70340
v -3.60660 -0.47761 -0.75559
v -3.52671 -0.47761 -0.80453
v -3.43171 -0.47761 -0.85003
v -3.32202 -0.47761 -0.89189
v -3.19811 -0.47761 -0.92994
v -3.06049 -0.47761 -0.96400
v -2.90978 -0.47761 -0.99393
v -2.74660 -0.47761 -1.01960
v -2.57166 -0.47761 -1.04091
v -2.38571 -0.47761 -1.05776
v -2.18955 -0.47761 -1.07009
v -1.98400 -0.47761 -1.07783
v -1.76997 -0.47761 -1.08095
v -1.54835 -0.47761 -1.07945
v -1.32010 -0.47761 -1.07332
v -1.08620 -0.47761 -1.06260
v -0.84765 -0.47761 -1.04733
v -0.60547 -0.47761 -1.02757
v -0.36069 -0.47761 -1.00341
v -0.11437 -0.47761 -0.97496
v 0.13244 -0.47761 -0.94233
v 0.37868 -0.47761 -0.90566
v 0.62330 -0.47761 -0.86512
v 0.86525 -0.47761 -0.82087
v 1.10349 -0.47761 -0.77311
v 1.33701 -0.47761 -0.72204
v 1.56481 -0.47761 -0.66787
v 1.78590 -0.47761 -0.61085
v 1.99935 -0.47761 -0.55121
v 2.20424 -0.47761 -0.48921
v 2.39968 -0.47761 -0.42511
v 2.58485 -0.47761 -0.35920
v 2.75896 -0.47761 -0.29174
v 2.92124 -0.47761 -0.22304
v 3.07102 -0.47761 -0.15338
v 3.20765 -0.47761 -0.08306
v 3.33054 -0.47761 -0.01239
v 3.43917 -0.47761 0.05833
v 3.53308 -0.47761 0.12880
v 3.61185 -0.47761 0.19873
v 3.67516 -0.47761 0.26780
v 3.72273 -0.47761 0.33572
v 3.75436 -0.47761 0.40221
v 3.76991 -0.47761 0.46698
v 3.99014 -0.43914 0.56078
v 3.97243 -0.43914 0.62482
v 3.93771 -0.43914 0.68618
v 3.88612 -0.43914 0.74461
v 3.81789 -0.43914 0.79985
v 3.73332 -0.43914 0.85166
v 3.63276 -0.43914 0.89983
v 3.51664 -0.43914 0.94414
v 3.38547 -0.43914 0.98442
v 3.23979 -0.43914 1.02047
v 3.08025 -0.43914 1.05216
v 2.90751 -0.43914 1.07934
v 2.72232 -0.43914 1.10189
v 2.52548 -0.43914 1.11973
v 2.31782 -0.43914 1.13278
v 2.10024 -0.43914 1.14097
v 1.87366 -0.43914 1.14428
v 1.63906 -0.43914 1.14269
v 1.39744 -0.43914 1.13620
v 1.14983 -0.43914 1.12485
v 0.89731 -0.43914 1.10868
v 0.64094 -0.43914 1.08777
v 0.38182 -0.43914 1.06220
v 0.12107 -0.43914 1.03208
v -0.14019 -0.43914 0.99754
v -0.40086 -0.43914 0.95872
v -0.65981 -0.43914 0.91580
v -0.91594 -0.43914 0.86897
v -1.16814 -0.43914 0.81840
v -1.41534 -0.43914 0.76434
v -1.65648 -0.43914 0.70700
v -1.89053 -0.43914 0.64664
v -2.11648 -0.43914 0.58350
v -2.33337 -0.43914 0.51787
v -2.54027 -0.43914 0.45002
v -2.73629 -0.43914 0.38024
v -2.92059 -0.43914 0.30883
v -3.09238 -0.43914 0.23611
v -3.25094 -0.43914 0.16237
v -3.39557 -0.43914 0.08793
v -3.52566 -0.43914 0.01312
v -3.64065 -0.43914 -0.06175
v -3.74006 -0.43914 -0.13635
v -3.82345 -0.43914 -0.21037
v -3.89046 -0.43914 -0.28349
v -3.94082 -0.43914 -0.35539
v -3.97430 -0.43914 -0.42578
v -3.99077 -0.43914 -0.49434
v -3.99014 -0.43914 -0.56078
v -3.97243 -0.43914 -0.62482
v -3.93771 -0.43914 -0.68618
v -3.88612 -0.43914 -0.74461
v -3.81789 -0.43914 -0.79985
v -3.73332 -0.43914 -0.85166
v -3.63276 -0.43914 -0.89983
v -3.51664 -0.43914 -0.94414
v -3.38547 -0.43914 -0.98442
v -3.23979 -0.43914 -1.02047
v -3.08025 -0.43914 -1.05216
v -2.90751 -0.43914 -1.07934
v -2.72232 -0.43914 -1.10189
v -2.52548 -0.43914 -1.11973
v -2.31782 -0.43914 -1.13278
v -2.10024 -0.43914 -1.14097
v -1.87366 -0.43914 -1.14428
v -1.63906 -0.43914 -1.14269
v -1.39744 -0.43914 -1.13620
v -1.14983 -0.43914 -1.12485
v -0.89731 -0.43914 -1.10868
v -0.64094 -0.43914 -1.08777
v -0.38182 -0.43914 -1.06220
v -0.12107 -0.43914 -1.03208
v 0.14019 -0.43914 -0.99754
v 0.40086 -0.43914 -0.95872
v 0.65981 -0.43914 -0.91580
v 0.91594 -0.43914 -0.86897
v 1.16814 -0.43914 -0.81840
v 1.41534 -0.43914 -0.76434
v 1.65648 -0.43914 -0.70700
v 1.89053 -0.43914 -0.64664
v 2.11648 -0.43914 -0.58350
v 2.33337 -0.43914 -0.51787
v 2.54027 -0.43914 -0.45002
v 2.73629 -0.43914 -0.38024
v 2.92059 -0.43914 -0.30883
v 3.09238 -0.43914 -0.23611
v 3.25094 -0.43914 -0.16237
v 3.39557 -0.43914 -0.08793
v 3.52566 -0.43914 -0.01312
v 3.64065 -0.43914 0.06175
v 3.74006 -0.43914 0.13635
v 3.82345 -0.43914 0.21037
v 3.89046 -0.43914 0.28349
v 3.94082 -0.43914 0.35539
v 3.97430 -0.43914 0.42578
v 3.99077 -0.43914 0.49434
v 4.20135 -0.39853 0.59046
v 4.18270 -0.39853 0.65789
v 4.14614 -0.39853 0.72251
v 4.09183 -0.39853 0.78403
v 4.01999 -0.39853 0.84219
v 3.93094 -0.39853 0.89675
v 3.82505 -0.39853 0.94746
v 3.70279 -0.39853 0.99412
v 3.56467 -0.39853 1.03652
v 3.41129 -0.39853 1.07449
v 3.24329 -0.39853 1.10785
v 3.06141 -0.39853 1.13647
v 2.86642 -0.39853 1.16022
v 2.65916 -0.39853 1.17900
v 2.44051 -0.39853 1.19274
v 2.21141 -0.39853 1.20137
v 1.97284 -0.39853 1.20485
v 1.72582 -0.39853 1.20317
v 1.47141 -0.39853 1.19635
v 1.21070 -0.39853 1.18439
v 0.94480 -0.39853 1.16737
v 0.67486 -0.39853 1.14535
v 0.40203 -0.39853 1.11842
v 0.12748 -0.39853 1.08671
v -0.14762 -0.39853 1.05034
v -0.42208 -0.39853 1.00947
v -0.69474 -0.39853 0.96428
v -0.96442 -0.39853 0.91496
v -1.22998 -0.39853 0.86173
v -1.49026 -0.39853 0.80480
v -1.74417 -0.39853 0.74443
v -1.99060 -0.39853 0.68087
v -2.22851 -0.39853 0.61439
v -2.45688 -0.39853 0.54528
v -2.67473 -0.39853 0.47384
v -2.88113 -0.39853 0.40037
v -3.07518 -0.39853 0.32518
v -3.25607 -0.39853 0.24860
v -3.42302 -0.39853 0.17096
v -3.57531 -0.39853 0.09259
v -3.71228 -0.39853 0.01381
v -3.83337 -0.39853 -0.06502
v -3.93803 -0.39853 -0.14357
v -4.02584 -0.39853 -0.22151
v -4.09640 -0.39853 -0.29849
v -4.14942 -0.39853 -0.37421
v -4.18468 -0.39853 -0.44831
v -4.20201 -0.39853 -0.52050
v -4.20135 -0.39853 -0.59046
v -4.18270 -0.39853 -0.65789
v -4.14614 -0.39853 -0.72251
v -4.09183 -0.39853 -0.78403
v -4.01999 -0.39853 -0.84219
v -3.93094 -0.39853 -0.89675
v -3.82505 -0.39853 -0.94746
v -3.70279 -0.39853 -0.99412
v -3.56467 -0.39853 -1.03652
v -3.41129 -0.39853 -1.07449
v -3.24329 -0.39853 -1.10785
v -3.06141 -0.39853 -1.13647
v -2.86642 -0.39853 -1.16022
v -2.65916 -0.39853 -1.17900
v -2.44051 -0.39853 -1.19274
v -2.21141 -0.39853 -1.20137
v -1.97284 -0.39853 -1.20485
v -1.72582 -0.39853 -1.20317
v -1.47141 -0.39853 -1.19635
v -1.21070 -0.39853 -1.18439
v -0.94480 -0.39853 -1.16737
v -0.67486 -0.39853 -1.14535
v -0.40203 -0.39853 -1.11842
v -0.12748 -0.39853 -1.08671
v 0.14762 -0.39853 -1.05034
v 0.42208 -0.39853 -1.00947
v 0.69474 -0.39853 -0.96428
v 0.96442 -0.39853 -0.91496
v 1.22998 -0.39853 -0.86173
v 1.49026 -0.39853 -0.80480
v 1.74417 -0.39853 -0.74443
v 1.99060 -0.39853 -0.68087
v 2.22851 -0.39853 -0.61439
v 2.45688 -0.39853 -0.54528
v 2.67473 -0.39853 -0.47384
v 2.88113 -0.39853 -0.40037
v 3.07518 -0.39853 -0.32518
v 3.25607 -0.39853 -0.24860
v 3.42302 -0.39853 -0.17096
v 3.57531 -0.39853 -0.09259
v 3.71228 -0.39853 -0.01381
v 3.83337 -0.39853 0.06502
v 3.93803 -0.39853 0.14357
v 4.02584 -0.39853 0.22151
v 4.09640 -0.39853 0.29849
v 4.14942 -0.39853 0.37421
v 4.18468 -0.39853 0.44831
v 4.20201 -0.39853 0.52050
v 4.40244 -0.35587 0.61872
v 4.38290 -0.35587 0.68938
v 4.34459 -0.35587 0.75709
v 4.28767 -0.35587 0.82155
v 4.21240 -0.35587 0.88250
v 4.11908 -0.35587 0.93967
v 4.00813 -0.35587 0.99281
v 3.88002 -0.35587 1.04170
v 3.73529 -0.35587 1.08613
v 3.57456 -0.35587 1.12592
v 3.39853 -0.35587 1.16087
v 3.20794 -0.35587 1.19086
v 3.00362 -0.35587 1.21575
v 2.78644 -0.35587 1.23543
v 2.55732 -0.35587 1.24983
v 2.31725 -0.35587 1.25887
v 2.06726 -0.35587 1.26252
v 1.80842 -0.35587 1.26076
v 1.54184 -0.35587 1.25361
v 1.26865 -0.35587 1.24108
v 0.99003 -0.35587 1.22325
v 0.70717 -0.35587 1.20017
v 0.42128 -0.35587 1.17195
v 0.13358 -0.35587 1.13872
v -0.15468 -0.35587 1.10061
v -0.44228 -0.35587 1.05779
v -0.72799 -0.35587 1.01043
v -1.01058 -0.35587 0.95876
v -1.28885 -0.35587 0.90297
v -1.56159 -0.35587 0.84332
v -1.82765 -0.35587 0.78006
v -2.08588 -0.35587 0.71345
v -2.33518 -0.35587 0.64380
v -2.57448 -0.35587 0.57138
v -2.80275 -0.35587 0.49652
v -3.01903 -0.35587 0.41953
v -3.22237 -0.35587 0.34075
v -3.41192 -0.35587 0.26050
v -3.58686 -0.35587 0.17914
v -3.74643 -0.35587 0.09702
v -3.88997 -0.35587 0.01448
v -4.01684 -0.35587 -0.06813
v -4.12652 -0.35587 -0.15044
v -4.21852 -0.35587 -0.23211
v -4.29247 -0.35587 -0.31278
v -4.34803 -0.35587 -0.39212
v -4.38497 -0.35587 -0.46977
v -4.40313 -0.35587 -0.54541
v -4.40244 -0.35587 -0.61872
v -4.38290 -0.35587 -0.68938
v -4.34459 -0.35587 -0.75709
v -4.28767 -0.35587 -0.82155
v -4.21240 -0.35587 -0.88250
v -4.11908 -0.35587 -0.93967
v -4.00813 -0.35587 -0.99281
v -3.88002 -0.35587 -1.04170
v -3.73529 -0.35587 -1.08613
v -3.57456 -0.35587 -1.12592
v -3.39853 -0.35587 -1.16087
v -3.20794 -0.35587 -1.19086
v -3.00362 -0.35587 -1.21575
v -2.78644 -0.35587 -1.23543
v -2.55732 -0.35587 -1.24983
v -2.31725 -0.35587 -1.25887
v -2.06726 -0.35587 -1.26252
v -1.80842 -0.35587 -1.26076
v -1.54184 -0.35587 -1.25361
v -1.26865 -0.35587 -1.24108
v -0.99003 -0.35587 -1.22325
v -0.70717 -0.35587 -1.20017
v -0.42128 -0.35587 -1.17195
v -0.13358 -0.35587 -1.13872
v 0.15468 -0.35587 -1.10061
v 0.44228 -0.35587 -1.05779
v 0.72799 -0.35587 -1.01043
v 1.01058 -0.35587 -0.95876
v 1.28885 -0.35587 -0.90297
v 1.56159 -0.35587 -0.84332
v 1.82765 -0.35587 -0.78006
v 2.08588 -0.35587 -0.71345
v 2.33518 -0.35587 -0.64380
v 2.57448 -0.35587 -0.57138
v 2.80275 -0.35587 -0.49652
v 3.01903 -0.35587 -0.41953
v 3.22237 -0.35587 -0.34075
v 3.41192 -0.35587 -0.26050
v 3.58686 -0.35587 -0.17914
v 3.74643 -0.35587 -0.09702
v 3.88997 -0.35587 -0.01448
v 4.01684 -0.35587 0.06813
v 4.12652 -0.35587 0.15044
v 4.21852 -0.35587 0.23211
v 4.29247 -0.35587 0.31278
v 4.34803 -0.35587 0.39212
v 4.38497 -0.35587 0.46977
v 4.40313 -0.35587 0.54541
v 4.59293 -0.31127 0.64549
v 4.57254 -0.31127 0.71921
v 4.53257 -0.31127 0.78985
v 4.47319 -0.31127 0.85710
v 4.39466 -0.31127 0.92068
v 4.29731 -0.31127 0.98032
v 4.18155 -0.31127 1.03577
v 4.04790 -0.31127 1.08678
v 3.89690 -0.31127 1.13313
v 3.72922 -0.31127 1.17463
v 3.54557 -0.31127 1.21110
v 3.34674 -0.31127 1.24239
v 3.13358 -0.31127 1.26836
v 2.90700 -0.31127 1.28889
v 2.66797 -0.31127 1.30390
v 2.41752 -0.31127 1.31334
v 2.15671 -0.31127 1.31714
v 1.88667 -0.31127 1.31531
v 1.60855 -0.31127 1.30785
v 1.32354 -0.31127 1.29478
v 1.03286 -0.31127 1.27617
v 0.73776 -0.31127 1.25210
v 0.43950 -0.31127 1.22266
v 0.13936 -0.31127 1.18799
v -0.16137 -0.31127 1.14823
v -0.46142 -0.31127 1.10356
v -0.75949 -0.31127 1.05415
v -1.05431 -0.31127 1.00024
v -1.34461 -0.31127 0.94204
v -1.62916 -0.31127 0.87981
v -1.90673 -0.31127 0.81381
v -2.17613 -0.31127 0.74432
v -2.43622 -0.31127 0.67165
v -2.68587 -0.31127 0.59610
v -2.92402 -0.31127 0.51800
v -3.14965 -0.31127 0.43768
v -3.36180 -0.31127 0.35549
v -3.55955 -0.31127 0.27177
v -3.74205 -0.31127 0.18689
v -3.90853 -0.31127 0.10121
v -4.05828 -0.31127 0.01510
v -4.19064 -0.31127 -0.07108
v -4.30506 -0.31127 -0.15695
v -4.40105 -0.31127 -0.24215
v -4.47819 -0.31127 -0.32631
v -4.53616 -0.31127 -0.40908
v -4.57470 -0.31127 -0.49010
v -4.59365 -0.31127 -0.56901
v -4.59293 -0.31127 -0.64549
v -4.57254 -0.31127 -0.71921
v -4.53257 -0.31127 -0.78985
v -4.47319 -0.31127 -0.85710
v -4.39466 -0.31127 -0.92068
v -4.29731 -0.31127 -0.98032
v -4.18155 -0.31127 -1.03577
v -4.04790 -0.31127 -1.08678
v -3.89690 -0.31127 -1.13313
v -3.72922 -0.31127 -1.17463
v -3.54557 -0.31127 -1.21110
v -3.34674 -0.31127 -1.24239
v -3.13358 -0.31127 -1.26836
v -2.90700 -0.31127 -1.28889
v -2.66797 -0.31127 -1.30390
v -2.41752 -0.31127 -1.31334
v -2.15671 -0.31127 -1.31714
v -1.88667 -0.31127 -1.31531
v -1.60855 -0.31127 -1.30785
v -1.32354 -0.31127 -1.29478
v -1.03286 -0.31127 -1.27617
v -0.73776 -0.31127 -1.25210
v -0.43950 -0.31127 -1.22266
v -0.13936 -0.31127 -1.18799
v 0.16137 -0.31127 -1.14823
v 0.46142 -0.31127 -1.10356
v 0.75949 -0.31127 -1.05415
v 1.05431 -0.31127 -1.00024
v 1.34461 -0.31127 -0.94204
v 1.62916 -0.31127 -0.87981
v 1.90673 -0.31127 -0.81381
v 2.17613 -0.31127 -0.74432
v 2.43622 -0.31127 -0.67165
v 2.68587 -0.31127 -0.59610
v 2.92402 -0.31127 -0.51800
v 3.14965 -0.31127 -0.43768
v 3.36180 -0.31127 -0.35549
v 3.55955 -0.31127 -0.27177
v 3.74205 -0.31127 -0.18689
v 3.90853 -0.31127 -0.10121
v 4.05828 -0.31127 -0.01510
v 4.19064 -0.31127 0.07108
v 4.30506 -0.31127 0.15695
v 4.40105 -0.31127 0.24215
v 4.47819 -0.31127 0.32631
v 4.53616 -0.31127 0.40908
v 4.57470 -0.31127 0.49010
v 4.59365 -0.31127 0.56901
v 4.77234 -0.26484 0.67071
v 4.75116 -0.26484 0.74730
v 4.70963 -0.26484 0.82070
v 4.64793 -0.26484 0.89058
v 4.56633 -0.26484 0.95665
v 4.46518 -0.26484 1.01862
v 4.34490 -0.26484 1.07623
v 4.20602 -0.26484 1.12923
v 4.04913 -0.26484 1.17739
v 3.87490 -0.26484 1.22052
v 3.68408 -0.26484 1.25841
v 3.47748 -0.26484 1.29092
v 3.25599 -0.26484 1.31790
v 3.02056 -0.26484 1.33924
v 2.77219 -0.26484 1.35484
v 2.51195 -0.26484 1.36464
v 2.24096 -0.26484 1.36860
v 1.96037 -0.26484 1.36669
v 1.67138 -0.26484 1.35894
v 1.37524 -0.26484 1.34536
v 1.07321 -0.26484 1.32603
v 0.76658 -0.26484 1.30101
v 0.45667 -0.26484 1.27042
v 0.14481 -0.26484 1.23440
v -0.16768 -0.26484 1.19309
v -0.47944 -0.26484 1.14667
v -0.78916 -0.26484 1.09533
v -1.09549 -0.26484 1.03931
v -1.39714 -0.26484 0.97884
v -1.69280 -0.26484 0.91418
v -1.98121 -0.26484 0.84560
v -2.26114 -0.26484 0.77340
v -2.53139 -0.26484 0.69789
v -2.79079 -0.26484 0.61939
v -3.03825 -0.26484 0.53824
v -3.27269 -0.26484 0.45478
v -3.49312 -0.26484 0.36938
v -3.69860 -0.26484 0.28239
v -3.88823 -0.26484 0.19420
v -4.06122 -0.26484 0.10517
v -4.21681 -0.26484 0.01569
v -4.35435 -0.26484 -0.07385
v -4.47324 -0.26484 -0.16308
v -4.57298 -0.26484 -0.25161
v -4.65313 -0.26484 -0.33906
v -4.71336 -0.26484 -0.42506
v -4.75340 -0.26484 -0.50924
v -4.77309 -0.26484 -0.59124
v -4.77234 -0.26484 -0.67071
v -4.75116 -0.26484 -0.74730
v -4.70963 -0.26484 -0.82070
v -4.64793 -0.26484 -0.89058
v -4.56633 -0.26484 -0.95665
v -4.46518 -0.26484 -1.01862
v -4.34490 -0.26484 -1.07623
v -4.20602 -0.26484 -1.12923
v -4.04913 -0.26484 -1.17739
v -3.87490 -0.26484 -1.22052
v -3.68408 -0.26484 -1.25841
v -3.47748 -0.26484 -1.29092
v -3.25599 -0.26484 -1.31790
v -3.02056 -0.26484 -1.33924
v -2.77219 -0.26484 -1.35484
v -2.51195 -0.26484 -1.36464
v -2.24096 -0.26484 -1.36860
v -1.96037 -0.26484 -1.36669
v -1.67138 -0.26484 -1.35894
v -1.37524 -0.26484 -1.34536
v -1.07321 -0.26484 -1.32603
v -0.76658 -0.26484 -1.30101
v -0.45667 -0.26484 -1.27042
v -0.14481 -0.26484 -1.23440
v 0.16768 -0.26484 -1.19309
v 0.47944 -0.26484 -1.14667
v 0.78916 -0.26484 -1.09533
v 1.09549 -0.26484 -1.03931
v 1.39714 -0.26484 -0.97884
v 1.69280 -0.26484 -0.91418
v 1.98121 -0.26484 -0.84560
v 2.26114 -0.26484 -0.77340
v 2.53139 -0.26484 -0.69789
v 2.79079 -0.26484 -0.61939
v 3.03825 -0.26484 -0.53824
v 3.27269 -0.26484 -0.45478
v 3.49312 -0.26484 -0.36938
v 3.69860 -0.26484 -0.28239
v 3.88823 -0.26484 -0.19420
v 4.06122 -0.26484 -0.10517
v 4.21681 -0.26484 -0.01569
v 4.35435 -0.26484 0.07385
v 4.47324 -0.26484 0.16308
v 4.57298 -0.26484 0.25161
v 4.65313 -0.26484 0.33906
v 4.71336 -0.26484 0.42506
v 4.75340 -0.26484 0.50924
v 4.77309 -0.26484 0.59124
v 4.94027 -0.21668 0.69431
v 4.91834 -0.21668 0.77360
v 4.87535 -0.21668 0.84958
v 4.81148 -0.21668 0.92192
v 4.72701 -0.21668 0.99031
v 4.62229 -0.21668 1.05446
v 4.49779 -0.21668 1.11410
v 4.35402 -0.21668 1.16896
v 4.19161 -0.21668 1.21882
v 4.01125 -0.21668 1.26346
v 3.81371 -0.21668 1.30269
v 3.59984 -0.21668 1.33635
v 3.37056 -0.21668 1.36427
v 3.12684 -0.21668 1.38636
v 2.86974 -0.21668 1.40251
v 2.60034 -0.21668 1.41266
v 2.31981 -0.21668 1.41675
v 2.02935 -0.21668 1.41478
v 1.73019 -0.21668 1.40675
v 1.42363 -0.21668 1.39270
v 1.11097 -0.21668 1.37268
v 0.79356 -0.21668 1.34679
v 0.47274 -0.21668 1.31513
v 0.14990 -0.21668 1.27783
v -0.17358 -0.21668 1.23507
v -0.49631 -0.21668 1.18701
v -0.81693 -0.21668 1.13388
v -1.13404 -0.21668 1.07588
v -1.44630 -0.21668 1.01328
v -1.75236 -0.21668 0.94634
v -2.05092 -0.21668 0.87535
v -2.34070 -0.21668 0.80061
v -2.62046 -0.21668 0.72244
v -2.88899 -0.21668 0.64118
v -3.14515 -0.21668 0.55718
v -3.38785 -0.21668 0.47078
v -3.61603 -0.21668 0.38237
v -3.82874 -0.21668 0.29233
v -4.02504 -0.21668 0.20103
v -4.20412 -0.21668 0.10887
v -4.36519 -0.21668 0.01624
v -4.50756 -0.21668 -0.07645
v -4.63064 -0.21668 -0.16882
v -4.73388 -0.21668 -0.26046
v -4.81686 -0.21668 -0.35099
v -4.87920 -0.21668 -0.44002
v -4.92066 -0.21668 -0.52716
v -4.94104 -0.21668 -0.61205
v -4.94027 -0.21668 -0.69431
v -4.91834 -0.21668 -0.77360
v -4.87535 -0.21668 -0.84958
v -4.81148 -0.21668 -0.92192
v -4.72701 -0.21668 -0.99031
v -4.62229 -0.21668 -1.05446
v -4.49779 -0.21668 -1.11410
v -4.35402 -0.21668 -1.16896
v -4.19161 -0.21668 -1.21882
v -4.01125 -0.21668 -1.26346
v -3.81371 -0.21668 -1.30269
v -3.59984 -0.21668 -1.33635
v -3.37056 -0.21668 -1.36427
v -3.12684 -0.21668 -1.38636
v -2.86974 -0.21668 -1.40251
v -2.60034 -0.21668 -1.41266
v -2.31981 -0.21668 -1.41675
v -2.02935 -0.21668 -1.41478
v -1.73019 -0.21668 -1.40675
v -1.42363 -0.21668 -1.39270
v -1.11097 -0.21668 -1.37268
v -0.79356 -0.21668 -1.34679
v -0.47274 -0.21668 -1.31513
v -0.14990 -0.21668 -1.27783
v 0.17358 -0.21668 -1.23507
v 0.49631 -0.21668 -1.18701
v 0.81693 -0.21668 -1.13388
v 1.13404 -0.21668 -1.07588
v 1.44630 -0.21668 -1.01328
v 1.75236 -0.21668 -0.94634
v 2.05092 -0.21668 -0.87535
v 2.34070 -0.21668 -0.80061
v 2.62046 -0.21668 -0.72244
v 2.88899 -0.21668 -0.64118
v 3.14515 -0.21668 -0.55718
v 3.38785 -0.21668 -0.47078
v 3.61603 -0.21668 -0.38237
v 3.82874 -0.21668 -0.29233
v 4.02504 -0.21668 -0.20103
v 4.20412 -0.21668 -0.10887
v 4.36519 -0.21668 -0.01624
v 4.50756 -0.21668 0.07645
v 4.63064 -0.21668 0.16882
v 4.73388 -0.21668 0.26046
v 4.81686 -0.21668 0.35099
v 4.87920 -0.21668 0.44002
v 4.92066 -0.21668 0.52716
v 4.94104 -0.21668 0.61205
v 5.09629 -0.16692 0.71624
v 5.07366 -0.16692 0.79803
v 5.02932 -0.16692 0.87641
v 4.96343 -0.16692 0.95103
v 4.87629 -0.16692 1.02159
v 4.76827 -0.16692 1.08776
v 4.63983 -0.16692 1.14928
v 4.49153 -0.16692 1.20588
v 4.32398 -0.16692 1.25731
v 4.13793 -0.16692 1.30337
v 3.93415 -0.16692 1.34383
v 3.71353 -0.16692 1.37855
v 3.47701 -0.16692 1.40736
v 3.22559 -0.16692 1.43015
v 2.96037 -0.16692 1.44681
v 2.68246 -0.16692 1.45727
v 2.39307 -0.16692 1.46150
v 2.09344 -0.16692 1.45946
v 1.78484 -0.16692 1.45118
v 1.46859 -0.16692 1.43668
v 1.14606 -0.16692 1.41603
v 0.81862 -0.16692 1.38932
v 0.48767 -0.16692 1.35666
v 0.15464 -0.16692 1.31819
v -0.17906 -0.16692 1.27407
v -0.51199 -0.16692 1.22450
v -0.84273 -0.16692 1.16968
v -1.16985 -0.16692 1.10986
v -1.49197 -0.16692 1.04528
v -1.80770 -0.16692 0.97623
v -2.11569 -0.16692 0.90300
v -2.41462 -0.16692 0.82590
v -2.70321 -0.16692 0.74526
v -2.98023 -0.16692 0.66143
v -3.24448 -0.16692 0.57477
v -3.49484 -0.16692 0.48565
v -3.73023 -0.16692 0.39445
v -3.94965 -0.16692 0.30156
v -4.15216 -0.16692 0.20738
v -4.33689 -0.16692 0.11231
v -4.50304 -0.16692 0.01676
v -4.64992 -0.16692 -0.07887
v -4.77688 -0.16692 -0.17415
v -4.88338 -0.16692 -0.26869
v -4.96898 -0.16692 -0.36208
v -5.03330 -0.16692 -0.45392
v -5.07606 -0.16692 -0.54381
v -5.09709 -0.16692 -0.63137
v -5.09629 -0.16692 -0.71624
v -5.07366 -0.16692 -0.79803
v -5.02932 -0.16692 -0.87641
v -4.96343 -0.16692 -0.95103
v -4.87629 -0.16692 -1.02159
v -4.76827 -0.16692 -1.08776
v -4.63983 -0.16692 -1.14928
v -4.49153 -0.16692 -1.20588
v -4.32398 -0.16692 -1.25731
v -4.13793 -0.16692 -1.30337
v -3.93415 -0.16692 -1.34383
v -3.71353 -0.16692 -1.37855
v -3.47701 -0.16692 -1.40736
v -3.22559 -0.16692 -1.43015
v -2.96037 -0.16692 -1.44681
v -2.68246 -0.16692 -1.45727
v -2.39307 -0.16692 -1.46150
v -2.09344 -0.16692 -1.45946
v -1.78484 -0.16692 -1.45118
v -1.46859 -0.16692 -1.43668
v -1.14606 -0.16692 -1.41603
v -0.81862 -0.16692 -1.38932
v -0.48767 -0.16692 -1.35666
v -0.15464 -0.16692 -1.31819
v 0.17906 -0.16692 -1.27407
v 0.51199 -0.16692 -1.22450
v 0.84273 -0.16692 -1.16968
v 1.16985 -0.16692 -1.10986
v 1.49197 -0.16692 -1.04528
v 1.80770 -0.16692 -0.97623
v 2.11569 -0.16692 -0.90300
v 2.41462 -0.16692 -0.82590
v 2.70321 -0.16692 -0.74526
v 2.98023 -0.16692 -0.66143
v 3.24448 -0.16692 -0.57477
v 3.49484 -0.16692 -0.48565
v 3.73023 -0.16692 -0.39445
v 3.94965 -0.16692 -0.30156
v 4.15216 -0.16692 -0.20738
v 4.33689 -0.16692 -0.11231
v 4.50304 -0.16692 -0.01676
v 4.64992 -0.16692 0.07887
v 4.77688 -0.16692 0.17415
v 4.88338 -0.16692 0.26869
v 4.96898 -0.16692 0.36208
v 5.03330 -0.16692 0.45392
v 5.07606 -0.16692 0.54381
v 5.09709 -0.16692 0.63137
v 5.24003 -0.11568 0.73644
v 5.21677 -0.11568 0.82054
v 5.17117 -0.11568 0.90113
v 5.10343 -0.11568 0.97786
v 5.01383 -0.11568 1.05040
v 4.90276 -0.11568 1.11844
v 4.77070 -0.11568 1.18170
v 4.61821 -0.11568 1.23989
v 4.44595 -0.11568 1.29278
v 4.25464 -0.11568 1.34013
v 4.04512 -0.11568 1.38174
v 3.81827 -0.11568 1.41743
v 3.57508 -0.11568 1.44706
v 3.31657 -0.11568 1.47048
v 3.04386 -0.11568 1.48761
v 2.75812 -0.11568 1.49837
v 2.46057 -0.11568 1.50272
v 2.15248 -0.11568 1.50063
v 1.83518 -0.11568 1.49211
v 1.51001 -0.11568 1.47721
v 1.17838 -0.11568 1.45597
v 0.84171 -0.11568 1.42851
v 0.50143 -0.11568 1.39492
v 0.15900 -0.11568 1.35537
v -0.18411 -0.11568 1.31001
v -0.52643 -0.11568 1.25904
v -0.86650 -0.11568 1.20268
v -1.20285 -0.11568 1.14116
v -1.53406 -0.11568 1.07477
v -1.85869 -0.11568 1.00377
v -2.17537 -0.11568 0.92847
v -2.48273 -0.11568 0.84919
v -2.77946 -0.11568 0.76628
v -3.06429 -0.11568 0.68009
v -3.33599 -0.11568 0.59098
v -3.59341 -0.11568 0.49935
v -3.83545 -0.11568 0.40557
v -4.06106 -0.11568 0.31006
v -4.26927 -0.11568 0.21323
v -4.45921 -0.11568 0.11548
v -4.63005 -0.11568 0.01723
v -4.78107 -0.11568 -0.08109
v -4.91161 -0.11568 -0.17906
v -5.02112 -0.11568 -0.27627
v -5.10913 -0.11568 -0.37229
v -5.17526 -0.11568 -0.46672
v -5.21923 -0.11568 -0.55915
v -5.24085 -0.11568 -0.64918
v -5.24003 -0.11568 -0.73644
v -5.21677 -0.11568 -0.82054
v -5.17117 -0.11568 -0.90113
v -5.10343 -0.11568 -0.97786
v -5.01383 -0.11568 -1.05040
v -4.90276 -0.11568 -1.11844
v -4.77070 -0.11568 -1.18170
v -4.61821 -0.11568 -1.23989
v -4.44595 -0.11568 -1.29278
v -4.25464 -0.11568 -1.34013
v -4.04512 -0.11568 -1.38174
v -3.81827 -0.11568 -1.41743
v -3.57508 -0.11568 -1.44706
v -3.31657 -0.11568 -1.47048
v -3.04386 -0.11568 -1.48761
v -2.75812 -0.11568 -1.49837
v -2.46057 -0.11568 -1.50272
v -2.15248 -0.11568 -1.50063
v -1.83518 -0.11568 -1.49211
v -1.51001 -0.11568 -1.47721
v -1.17838 -0.11568 -1.45597
v -0.84171 -0.11568 -1.42851
v -0.50143 -0.11568 -1.39492
v -0.15900 -0.11568 -1.35537
v 0.18411 -0.11568 -1.31001
v 0.52643 -0.11568 -1.25904
v 0.86650 -0.11568 -1.20268
v 1.20285 -0.11568 -1.14116
v 1.53406 -0.11568 -1.07477
v 1.85869 -0.11568 -1.00377
v 2.17537 -0.11568 -0.92847
v 2.48273 -0.11568 -0.84919
v 2.77946 -0.11568 -0.76628
v 3.06429 -0.11568 -0.68009
v 3.33599 -0.11568 -0.59098
v 3.59341 -0.11568 -0.49935
v 3.83545 -0.11568 -0.40557
v 4.06106 -0.11568 -0.31006
v 4.26927 -0.11568 -0.21323
v 4.45921 -0.11568 -0.11548
v 4.63005 -0.11568 -0.01723
v 4.78107 -0.11568 0.08109
v 4.91161 -0.11568 0.17906
v 5.02112 -0.11568 0.27627
v 5.10913 -0.11568 0.37229
v 5.17526 -0.11568 0.46672
v 5.21923 -0.11568 0.55915
v 5.24085 -0.11568 0.64918
v 5.37115 -0.06307 0.75487
v 5.34731 -0.06307 0.84107
v 5.30057 -0.06307 0.92368
v 5.23113 -0.06307 1.00233
v 5.13929 -0.06307 1.07668
v 5.02544 -0.06307 1.14643
v 4.89008 -0.06307 1.21127
v 4.73377 -0.06307 1.27092
v 4.55719 -0.06307 1.32513
v 4.36110 -0.06307 1.37366
v 4.14634 -0.06307 1.41631
v 3.91382 -0.06307 1.45290
v 3.66453 -0.06307 1.48327
v 3.39956 -0.06307 1.50728
v 3.12003 -0.06307 1.52484
v 2.82714 -0.06307 1.53587
v 2.52214 -0.06307 1.54032
v 2.20634 -0.06307 1.53818
v 1.88110 -0.06307 1.52945
v 1.54780 -0.06307 1.51417
v 1.20787 -0.06307 1.49241
v 0.86277 -0.06307 1.46425
v 0.51397 -0.06307 1.42983
v 0.16298 -0.06307 1.38928
v -0.18872 -0.06307 1.34279
v -0.53960 -0.06307 1.29054
v -0.88818 -0.06307 1.23277
v -1.23295 -0.06307 1.16972
v -1.57244 -0.06307 1.10166
v -1.90520 -0.06307 1.02888
v -2.22980 -0.06307 0.95170
v -2.54485 -0.06307 0.87044
v -2.84901 -0.06307 0.78546
v -3.14096 -0.06307 0.69711
v -3.41947 -0.06307 0.60577
v -3.68333 -0.06307 0.51184
v -3.93142 -0.06307 0.41572
v -4.16267 -0.06307 0.31782
v -4.37610 -0.06307 0.21856
v -4.57079 -0.06307 0.11836
v -4.74591 -0.06307 0.01766
v -4.90071 -0.06307 -0.08312
v -5.03451 -0.06307 -0.18354
v -5.14677 -0.06307 -0.28318
v -5.23698 -0.06307 -0.38161
v -5.30476 -0.06307 -0.47840
v -5.34983 -0.06307 -0.57314
v -5.37199 -0.06307 -0.66543
v -5.37115 -0.06307 -0.75487
v -5.34731 -0.06307 -0.84107
v -5.30057 -0.06307 -0.92368
v -5.23113 -0.06307 -1.00233
v -5.13929 -0.06307 -1.07668
v -5.02544 -0.06307 -1.14643
v -4.89008 -0.06307 -1.21127
v -4.73377 -0.06307 -1.27092
v -4.55719 -0.06307 -1.32513
v -4.36110 -0.06307 -1.37366
v -4.14634 -0.06307 -1.41631
v -3.91382 -0.06307 -1.45290
v -3.66453 -0.06307 -1.48327
v -3.39956 -0.06307 -1.50728
v -3.12003 -0.06307 -1.52484
v -2.82714 -0.06307 -1.53587
v -2.52214 -0.06307 -1.54032
v -2.20634 -0.06307 -1.53818
v -1.88110 -0.06307 -1.52945
v -1.54780 -0.06307 -1.51417
v -1.20787 -0.06307 -1.49241
v -0.86277 -0.06307 -1.46425
v -0.51397 -0.06307 -1.42983
v -0.16298 -0.06307 -1.38928
v 0.18872 -0.06307 -1.34279
v 0.53960 -0.06307 -1.29054
v 0.88818 -0.06307 -1.23277
v 1.23295 -0.06307 -1.16972
v 1.57244 -0.06307 -1.10166
v 1.90520 -0.06307 -1.02888
v 2.22980 -0.06307 -0.95170
v 2.54485 -0.06307 -0.87044
v 2.84901 -0.06307 -0.78546
v 3.14096 -0.06307 -0.69711
v 3.41947 -0.06307 -0.60577
v 3.68333 -0.06307 -0.51184
v 3.93142 -0.06307 -0.41572
v 4.16267 -0.06307 -0.31782
v 4.37610 -0.06307 -0.21856
v 4.57079 -0.06307 -0.11836
v 4.74591 -0.06307 -0.01766
v 4.90071 -0.06307 0.08312
v 5.03451 -0.06307 0.18354
v 5.14677 -0.06307 0.28318
v 5.23698 -0.06307 0.38161
v 5.30476 -0.06307 0.47840
v 5.34983 -0.06307 0.57314
v 5.37199 -0.06307 0.66543
v 5.48933 -0.00922 0.77148
v 5.46496 -0.00922 0.85958
v 5.41719 -0.00922 0.94400
v 5.34623 -0.00922 1.02438
v 5.25237 -0.00922 1.10037
v 5.13602 -0.00922 1.17165
v 4.99767 -0.00922 1.23792
v 4.83793 -0.00922 1.29888
v 4.65747 -0.00922 1.35428
v 4.45706 -0.00922 1.40389
v 4.23757 -0.00922 1.44748
v 3.99993 -0.00922 1.48487
v 3.74516 -0.00922 1.51590
v 3.47436 -0.00922 1.54044
v 3.18868 -0.00922 1.55839
v 2.88934 -0.00922 1.56966
v 2.57764 -0.00922 1.57421
v 2.25489 -0.00922 1.57202
v 1.92249 -0.00922 1.56310
v 1.58185 -0.00922 1.54749
v 1.23445 -0.00922 1.52524
v 0.88175 -0.00922 1.49647
v 0.52528 -0.00922 1.46129
v 0.16656 -0.00922 1.41985
v -0.19287 -0.00922 1.37233
v -0.55148 -0.00922 1.31894
v -0.90772 -0.00922 1.25989
v -1.26008 -0.00922 1.19546
v -1.60704 -0.00922 1.12590
v -1.94712 -0.00922 1.05152
v -2.27886 -0.00922 0.97264
v -2.60085 -0.00922 0.88959
v -2.91169 -0.00922 0.80274
v -3.21007 -0.00922 0.71244
v -3.49471 -0.00922 0.61910
v -3.76437 -0.00922 0.52311
v -4.01792 -0.00922 0.42487
v -4.25426 -0.00922 0.32482
v -4.47239 -0.00922 0.22337
v -4.67136 -0.00922 0.12097
v -4.85033 -0.00922 0.01805
v -5.00853 -0.00922 -0.08495
v -5.14529 -0.00922 -0.18758
v -5.26001 -0.00922 -0.28941
v -5.35220 -0.00922 -0.39000
v -5.42148 -0.00922 -0.48892
v -5.46754 -0.00922 -0.58575
v -5.49019 -0.00922 -0.68007
v -5.48933 -0.00922 -0.77148
v -5.46496 -0.00922 -0.85958
v -5.41719 -0.00922 -0.94400
v -5.34623 -0.00922 -1.02438
v -5.25237 -0.00922 -1.10037
v -5.13602 -0.00922 -1.17165
v -4.99767 -0.00922 -1.23792
v -4.83793 -0.00922 -1.29888
v -4.65747 -0.00922 -1.35428
v -4.45706 -0.00922 -1.40389
v -4.23757 -0.00922 -1.44748
v -3.99993 -0.00922 -1.48487
v -3.74516 -0.00922 -1.51590
v -3.47436 -0.00922 -1.54044
v -3.18868 -0.00922 -1.55839
v -2.88934 -0.00922 -1.56966
v -2.57764 -0.00922 -1.57421
v -2.25489 -0.00922 -1.57202
v -1.92249 -0.00922 -1.56310
v -1.58185 -0.00922 -1.54749
v -1.23445 -0.00922 -1.52524
v -0.88175 -0.00922 -1.49647
v -0.52528 -0.00922 -1.46129
v -0.16656 -0.00922 -1.41985
v 0.19287 -0.00922 -1.37233
v 0.55148 -0.00922 -1.31894
v 0.90772 -0.00922 -1.25989
v 1.26008 -0.00922 -1.19546
v 1.60704 -0.00922 -1.12590
v 1.94712 -0.00922 -1.05152
v 2.27886 -0.00922 -0.97264
v 2.60085 -0.00922 -0.88959
v 2.91169 -0.00922 -0.80274
v 3.21007 -0.00922 -0.71244
v 3.49471 -0.00922 -0.61910
v 3.76437 -0.00922 -0.52311
v 4.01792 -0.00922 -0.42487
v 4.25426 -0.00922 -0.32482
v 4.47239 -0.00922 -0.22337
v 4.67136 -0.00922 -0.12097
v 4.85033 -0.00922 -0.01805
v 5.00853 -0.00922 0.08495
v 5.14529 -0.00922 0.18758
v 5.26001 -0.00922 0.28941
v 5.35220 -0.00922 0.39000
v 5.42148 -0.00922 0.48892
v 5.46754 -0.00922 0.58575
v 5.49019 -0.00922 0.68007
v 5.59429 0.04573 0.78623
v 5.56945 0.04573 0.87601
v 5.52077 0.04573 0.96205
v 5.44845 0.04573 1.04397
v 5.35279 0.04573 1.12141
v 5.23422 0.04573 1.19406
v 5.09323 0.04573 1.26159
v 4.93043 0.04573 1.32372
v 4.74652 0.04573 1.38018
v 4.54228 0.04573 1.43073
v 4.31859 0.04573 1.47515
v 4.07641 0.04573 1.51326
v 3.81677 0.04573 1.54488
v 3.54079 0.04573 1.56990
v 3.24965 0.04573 1.58819
v 2.94459 0.04573 1.59967
v 2.62692 0.04573 1.60431
v 2.29800 0.04573 1.60208
v 1.95925 0.04573 1.59299
v 1.61210 0.04573 1.57707
v 1.25805 0.04573 1.55441
v 0.89861 0.04573 1.52508
v 0.53533 0.04573 1.48923
v 0.16975 0.04573 1.44700
v -0.19656 0.04573 1.39857
v -0.56202 0.04573 1.34416
v -0.92508 0.04573 1.28398
v -1.28417 0.04573 1.21831
v -1.63777 0.04573 1.14743
v -1.98435 0.04573 1.07163
v -2.32244 0.04573 0.99124
v -2.65058 0.04573 0.90660
v -2.96737 0.04573 0.81809
v -3.27145 0.04573 0.72607
v -3.56152 0.04573 0.63094
v -3.83635 0.04573 0.53311
v -4.09474 0.04573 0.43299
v -4.33561 0.04573 0.33103
v -4.55790 0.04573 0.22764
v -4.76068 0.04573 0.12328
v -4.94307 0.04573 0.01839
v -5.10430 0.04573 -0.08657
v -5.24367 0.04573 -0.19117
v -5.36058 0.04573 -0.29494
v -5.45454 0.04573 -0.39746
v -5.52514 0.04573 -0.49827
v -5.57208 0.04573 -0.59695
v -5.59516 0.04573 -0.69307
v -5.59429 0.04573 -0.78623
v -5.56945 0.04573 -0.87601
v -5.52077 0.04573 -0.96205
v -5.44845 0.04573 -1.04397
v -5.35279 0.04573 -1.12141
v -5.23422 0.04573 -1.19406
v -5.09323 0.04573 -1.26159
v -4.93043 0.04573 -1.32372
v -4.74652 0.04573 -1.38018
v -4.54228 0.04573 -1.43073
v -4.31859 0.04573 -1.47515
v -4.07641 0.04573 -1.51326
v -3.81677 0.04573 -1.54488
v -3.54079 0.04573 -1.56990
v -3.24965 0.04573 -1.58819
v -2.94459 0.04573 -1.59967
v -2.62692 0.04573 -1.60431
v -2.29800 0.04573 -1.60208
v -1.95925 0.04573 -1.59299
v -1.61210 0.04573 -1.57707
v -1.25805 0.04573 -1.55441
v -0.89861 0.04573 -1.52508
v -0.53533 0.04573 -1.48923
v -0.16975 0.04573 -1.44700
v 0.19656 0.04573 -1.39857
v 0.56202 0.04573 -1.34416
v 0.92508 0.04573 -1.28398
v 1.28417 0.04573 -1.21831
v 1.63777 0.04573 -1.14743
v 1.98435 0.04573 -1.07163
v 2.32244 0.04573 -0.99124
v 2.65058 0.04573 -0.90660
v 2.96737 0.04573 -0.81809
v 3.27145 0.04573 -0.72607
v 3.56152 0.04573 -0.63094
v 3.83635 0.04573 -0.53311
v 4.09474 0.04573 -0.43299
v 4.33561 0.04573 -0.33103
v 4.55790 0.04573 -0.22764
v 4.76068 0.04573 -0.12328
v 4.94307 0.04573 -0.01839
v 5.10430 0.04573 0.08657
v 5.24367 0.04573 0.19117
v 5.36058 0.04573 0.29494
v 5.45454 0.04573 0.39746
v 5.52514 0.04573 0.49827
v 5.57208 0.04573 0.59695
v 5.59516 0.04573 0.69307
v 5.68576 0.10166 0.79908
v 5.66053 0.10166 0.89034
v 5.61105 0.10166 0.97778
v 5.53754 0.10166 1.06104
v 5.44032 0.10166 1.13975
v 5.31981 0.10166 1.21358
v 5.17651 0.10166 1.28222
v 5.01105 0.10166 1.34536
v 4.82413 0.10166 1.40275
v 4.61655 0.10166 1.45412
v 4.38921 0.10166 1.49927
v 4.14307 0.10166 1.53800
v 3.87918 0.10166 1.57015
v 3.59869 0.10166 1.59557
v 3.30279 0.10166 1.61416
v 2.99274 0.10166 1.62583
v 2.66988 0.10166 1.63055
v 2.33558 0.10166 1.62828
v 1.99128 0.10166 1.61904
v 1.63846 0.10166 1.60286
v 1.27862 0.10166 1.57982
v 0.91331 0.10166 1.55002
v 0.54408 0.10166 1.51358
v 0.17252 0.10166 1.47066
v -0.19977 0.10166 1.42144
v -0.57121 0.10166 1.36614
v -0.94020 0.10166 1.30498
v -1.30517 0.10166 1.23824
v -1.66455 0.10166 1.16619
v -2.01680 0.10166 1.08915
v -2.36041 0.10166 1.00744
v -2.69392 0.10166 0.92143
v -3.01589 0.10166 0.83146
v -3.32494 0.10166 0.73794
v -3.61976 0.10166 0.64125
v -3.89908 0.10166 0.54182
v -4.16170 0.10166 0.44007
v -4.40650 0.10166 0.33644
v -4.63243 0.10166 0.23136
v -4.83853 0.10166 0.12530
v -5.02390 0.10166 0.01870
v -5.18776 0.10166 -0.08799
v -5.32941 0.10166 -0.19429
v -5.44824 0.10166 -0.29977
v -5.54373 0.10166 -0.40396
v -5.61549 0.10166 -0.50642
v -5.66320 0.10166 -0.60671
v -5.68666 0.10166 -0.70440
v -5.68576 0.10166 -0.79908
v -5.66053 0.10166 -0.89034
v -5.61105 0.10166 -0.97778
v -5.53754 0.10166 -1.06104
v -5.44032 0.10166 -1.13975
v -5.31981 0.10166 -1.21358
v -5.17651 0.10166 -1.28222
v -5.01105 0.10166 -1.34536
v -4.82413 0.10166 -1.40275
v -4.61655 0.10166 -1.45412
v -4.38921 0.10166 -1.49927
v -4.14307 0.10166 -1.53800
v -3.87918 0.10166 -1.57015
v -3.59869 0.10166 -1.59557
v -3.30279 0.10166 -1.61416
v -2.99274 0.10166 -1.62583
v -2.66988 0.10166 -1.63055
v -2.33558 0.10166 -1.62828
v -1.99128 0.10166 -1.61904
v -1.63846 0.10166 -1.60286
v -1.27862 0.10166 -1.57982
v -0.91331 0.10166 -1.55002
v -0.54408 0.10166 -1.51358
v -0.17252 0.10166 -1.47066
v 0.19977 0.10166 -1.42144
v 0.57121 0.10166 -1.36614
v 0.94020 0.10166 -1.30498
v 1.30517 0.10166 -1.23824
v 1.66455 0.10166 -1.16619
v 2.01680 0.10166 -1.08915
v 2.36041 0.10166 -1.00744
v 2.69392 0.10166 -0.92143
v 3.01589 0.10166 -0.83146
v 3.32494 0.10166 -0.73794
v 3.61976 0.10166 -0.64125
v 3.89908 0.10166 -0.54182
v 4.16170 0.10166 -0.44007
v 4.40650 0.10166 -0.33644
v 4.63243 0.10166 -0.23136
v 4.83853 0.10166 -0.12530
v 5.02390 0.10166 -0.01870
v 5.18776 0.10166 0.08799
v 5.32941 0.10166 0.19429
v 5.44824 0.10166 0.29977
v 5.54373 0.10166 0.40396
v 5.61549 0.10166 0.50642
v 5.66320 0.10166 0.60671
v 5.68666 0.10166 0.70440
v 5.76355 0.15842 0.81001
v 5.73796 0.15842 0.90252
v 5.68781 0.15842 0.99116
v 5.61329 0.15842 1.07555
v 5.51475 0.15842 1.15534
v 5.39258 0.15842 1.23018
v 5.24733 0.15842 1.29976
v 5.07960 0.15842 1.36377
v 4.89013 0.15842 1.42194
v 4.67971 0.15842 1.47402
v 4.44925 0.15842 1.51978
v 4.19974 0.15842 1.55904
v 3.93225 0.15842 1.59163
v 3.64792 0.15842 1.61739
v 3.34797 0.15842 1.63624
v 3.03368 0.15842 1.64807
v 2.70640 0.15842 1.65285
v 2.36753 0.15842 1.65055
v 2.01852 0.15842 1.64118
v 1.66087 0.15842 1.62479
v 1.29611 0.15842 1.60144
v 0.92580 0.15842 1.57123
v 0.55152 0.15842 1.53429
v 0.17488 0.15842 1.49078
v -0.20250 0.15842 1.44089
v -0.57902 0.15842 1.38482
v -0.95306 0.15842 1.32283
v -1.32302 0.15842 1.25517
v -1.68732 0.15842 1.18214
v -2.04439 0.15842 1.10405
v -2.39270 0.15842 1.02123
v -2.73077 0.15842 0.93403
v -3.05715 0.15842 0.84284
v -3.37043 0.15842 0.74803
v -3.66928 0.15842 0.65003
v -3.95242 0.15842 0.54924
v -4.21863 0.15842 0.44609
v -4.46678 0.15842 0.34104
v -4.69580 0.15842 0.23453
v -4.90472 0.15842 0.12701
v -5.09263 0.15842 0.01895
v -5.25873 0.15842 -0.08919
v -5.40232 0.15842 -0.19695
v -5.52277 0.15842 -0.30387
v -5.61957 0.15842 -0.40948
v -5.69231 0.15842 -0.51335
v -5.74067 0.15842 -0.61501
v -5.76445 0.15842 -0.71404
v -5.76355 0.15842 -0.81001
v -5.73796 0.15842 -0.90252
v -5.68781 0.15842 -0.99116
v -5.61329 0.15842 -1.07555
v -5.51475 0.15842 -1.15534
v -5.39258 0.15842 -1.23018
v -5.24733 0.15842 -1.29976
v -5.07960 0.15842 -1.36377
v -4.89013 0.15842 -1.42194
v -4.67971 0.15842 -1.47402
v -4.44925 0.15842 -1.51978
v -4.19974 0.15842 -1.55904
v -3.93225 0.15842 -1.59163
v -3.64792 0.15842 -1.61739
v -3.34797 0.15842 -1.63624
v -3.03368 0.15842 -1.64807
v -2.70640 0.15842 -1.65285
v -2.36753 0.15842 -1.65055
v -2.01852 0.15842 -1.64118
v -1.66087 0.15842 -1.62479
v -1.29611 0.15842 -1.60144
v -0.92580 0.15842 -1.57123
v -0.55152 0.15842 -1.53429
v -0.17488 0.15842 -1.49078
v 0.20250 0.15842 -1.44089
v 0.57902 0.15842 -1.38482
v 0.95306 0.15842 -1.32283
v 1.32302 0.15842 -1.25517
v 1.68732 0.15842 -1.18214
v 2.04439 0.15842 -1.10405
v 2.39270 0.15842 -1.02123
v 2.73077 0.15842 -0.93403
v 3.05715 0.15842 -0.84284
v 3.37043 0.15842 -0.74803
v 3.66928 0.15842 -0.65003
v 3.95242 0.15842 -0.54924
v 4.21863 0.15842 -0.44609
v 4.46678 0.15842 -0.34104
v 4.69580 0.15842 -0.23453
v 4.90472 0.15842 -0.12701
v 5.09263 0.15842 -0.01895
v 5.25873 0.15842 0.08919
v 5.40232 0.15842 0.19695
v 5.52277 0.15842 0.30387
v 5.61957 0.15842 0.40948
v 5.69231 0.15842 0.51335
v 5.74067 0.15842 0.61501
v 5.76445 0.15842 0.71404
v 5.82744 0.21589 0.81899
v 5.80157 0.21589 0.91252
v 5.75086 0.21589 1.00215
v 5.67552 0.21589 1.08748
v 5.57588 0.21589 1.16815
v 5.45237 0.21589 1.24382
v 5.30550 0.21589 1.31417
v 5.13592 0.21589 1.37889
v 4.94434 0.21589 1.43770
v 4.73159 0.21589 1.49036
v 4.49858 0.21589 1.53663
v 4.24630 0.21589 1.57633
v 3.97584 0.21589 1.60927
v 3.68836 0.21589 1.63533
v 3.38508 0.21589 1.65438
v 3.06731 0.21589 1.66634
v 2.73640 0.21589 1.67118
v 2.39378 0.21589 1.66885
v 2.04090 0.21589 1.65938
v 1.67929 0.21589 1.64280
v 1.31048 0.21589 1.61919
v 0.93606 0.21589 1.58865
v 0.55764 0.21589 1.55130
v 0.17682 0.21589 1.50731
v -0.20475 0.21589 1.45686
v -0.58544 0.21589 1.40018
v -0.96363 0.21589 1.33750
v -1.33769 0.21589 1.26909
v -1.70602 0.21589 1.19525
v -2.06705 0.21589 1.11629
v -2.41923 0.21589 1.03255
v -2.76104 0.21589 0.94439
v -3.09104 0.21589 0.85218
v -3.40780 0.21589 0.75633
v -3.70996 0.21589 0.65723
v -3.99624 0.21589 0.55533
v -4.26540 0.21589 0.45104
v -4.51630 0.21589 0.34482
v -4.74786 0.21589 0.23713
v -4.95909 0.21589 0.12842
v -5.14909 0.21589 0.01916
v -5.31703 0.21589 -0.09018
v -5.46221 0.21589 -0.19914
v -5.58399 0.21589 -0.30724
v -5.68187 0.21589 -0.41402
v -5.75541 0.21589 -0.51904
v -5.80431 0.21589 -0.62183
v -5.82836 0.21589 -0.72196
v -5.82744 0.21589 -0.81899
v -5.80157 0.21589 -0.91252
v -5.75086 0.21589 -1.00215
v -5.67552 0.21589 -1.08748
v -5.57588 0.21589 -1.16815
v -5.45237 0.21589 -1.24382
v -5.30550 0.21589 -1.31417
v -5.13592 0.21589 -1.37889
v -4.94434 0.21589 -1.43770
v -4.73159 0.21589 -1.49036
v -4.49858 0.21589 -1.53663
v -4.24630 0.21589 -1.57633
v -3.97584 0.21589 -1.60927
v -3.68836 0.21589 -1.63533
v -3.38508 0.21589 -1.65438
v -3.06731 0.21589 -1.66634
v -2.73640 0.21589 -1.67118
v -2.39378 0.21589 -1.66885
v -2.04090 0.21589 -1.65938
v -1.67929 0.21589 -1.64280
v -1.31048 0.21589 -1.61919
v -0.93606 0.21589 -1.58865
v -0.55764 0.21589 -1.55130
v -0.17682 0.21589 -1.50731
v 0.20475 0.21589 -1.45686
v 0.58544 0.21589 -1.40018
v 0.96363 0.21589 -1.33750
v 1.33769 0.21589 -1.26909
v 1.70602 0.21589 -1.19525
v 2.06705 0.21589 -1.11629
v 2.41923 0.21589 -1.03255
v 2.76104 0.21589 -0.94439
v 3.09104 0.21589 -0.85218
v 3.40780 0.21589 -0.75633
v 3.70996 0.21589 -0.65723
v 3.99624 0.21589 -0.55533
v 4.26540 0.21589 -0.45104
v 4.51630 0.21589 -0.34482
v 4.74786 0.21589 -0.23713
v 4.95909 0.21589 -0.12842
v 5.14909 0.21589 -0.01916
v 5.31703 0.21589 0.09018
v 5.46221 0.21589 0.19914
v 5.58399 0.21589 0.30724
v 5.68187 0.21589 0.41402
v 5.75541 0.21589 0.51904
v 5.80431 0.21589 0.62183
v 5.82836 0.21589 0.72196
v 5.87730 0.27392 0.82600
v 5.85121 0.27392 0.92033
v 5.80006 0.27392 1.01072
v 5.72408 0.27392 1.09678
v 5.62359 0.27392 1.17814
v 5.49901 0.27392 1.25446
v 5.35089 0.27392 1.32541
v 5.17986 0.27392 1.39068
v 4.98664 0.27392 1.45000
v 4.77207 0.27392 1.50311
v 4.53707 0.27392 1.54978
v 4.28263 0.27392 1.58981
v 4.00986 0.27392 1.62304
v 3.71992 0.27392 1.64932
v 3.41405 0.27392 1.66853
v 3.09355 0.27392 1.68060
v 2.75982 0.27392 1.68547
v 2.41426 0.27392 1.68313
v 2.05836 0.27392 1.67358
v 1.69365 0.27392 1.65686
v 1.32169 0.27392 1.63304
v 0.94407 0.27392 1.60224
v 0.56241 0.27392 1.56457
v 0.17834 0.27392 1.52020
v -0.20650 0.27392 1.46932
v -0.59045 0.27392 1.41216
v -0.97188 0.27392 1.34894
v -1.34914 0.27392 1.27995
v -1.72062 0.27392 1.20547
v -2.08474 0.27392 1.12584
v -2.43993 0.27392 1.04138
v -2.78467 0.27392 0.95247
v -3.11748 0.27392 0.85947
v -3.43695 0.27392 0.76280
v -3.74170 0.27392 0.66286
v -4.03043 0.27392 0.56008
v -4.30190 0.27392 0.45490
v -4.55494 0.27392 0.34777
v -4.78848 0.27392 0.23916
v -5.00152 0.27392 0.12952
v -5.19314 0.27392 0.01932
v -5.36252 0.27392 -0.09095
v -5.50894 0.27392 -0.20084
v -5.63177 0.27392 -0.30987
v -5.73048 0.27392 -0.41757
v -5.80465 0.27392 -0.52348
v -5.85397 0.27392 -0.62715
v -5.87822 0.27392 -0.72813
v -5.87730 0.27392 -0.82600
v -5.85121 0.27392 -0.92033
v -5.80006 0.27392 -1.01072
v -5.72408 0.27392 -1.09678
v -5.62359 0.27392 -1.17814
v -5.49901 0.27392 -1.25446
v -5.35089 0.27392 -1.32541
v -5.17986 0.27392 -1.39068
v -4.98664 0.27392 -1.45000
v -4.77207 0.27392 -1.50311
v -4.53707 0.27392 -1.54978
v -4.28263 0.27392 -1.58981
v -4.00986 0.27392 -1.62304
v -3.71992 0.27392 -1.64932
v -3.41405 0.27392 -1.66853
v -3.09355 0.27392 -1.68060
v -2.75982 0.27392 -1.68547
v -2.41426 0.27392 -1.68313
v -2.05836 0.27392 -1.67358
v -1.69365 0.27392 -1.65686
v -1.32169 0.27392 -1.63304
v -0.94407 0.27392 -1.60224
v -0.56241 0.27392 -1.56457
v -0.17834 0.27392 -1.52020
v 0.20650 0.27392 -1.46932
v 0.59045 0.27392 -1.41216
v 0.97188 0.27392 -1.34894
v 1.34914 0.27392 -1.27995
v 1.72062 0.27392 -1.20547
v 2.08474 0.27392 -1.12584
v 2.43993 0.27392 -1.04138
v 2.78467 0.27392 -0.95247
v 3.11748 0.27392 -0.85947
v 3.43695 0.27392 -0.76280
v 3.74170 0.27392 -0.66286
v 4.03043 0.27392 -0.56008
v 4.30190 0.27392 -0.45490
v 4.55494 0.27392 -0.34777
v 4.78848 0.27392 -0.23916
v 5.00152 0.27392 -0.12952
v 5.19314 0.27392 -0.01932
v 5.36252 0.27392 0.09095
v 5.50894 0.27392 0.20084
v 5.63177 0.27392 0.30987
v 5.73048 0.27392 0.41757
v 5.80465 0.27392 0.52348
v 5.85397 0.27392 0.62715
v 5.87822 0.27392 0.72813
v 5.91300 0.33238 0.83102
v 5.88675 0.33238 0.92592
v 5.83529 0.33238 1.01686
v 5.75885 0.33238 1.10344
v 5.65775 0.33238 1.18530
v 5.53242 0.33238 1.26208
v 5.38339 0.33238 1.33346
v 5.21132 0.33238 1.39913
v 5.01693 0.33238 1.45881
v 4.80106 0.33238 1.51224
v 4.56462 0.33238 1.55919
v 4.30865 0.33238 1.59947
v 4.03422 0.33238 1.63290
v 3.74251 0.33238 1.65933
v 3.43478 0.33238 1.67867
v 3.11234 0.33238 1.69081
v 2.77658 0.33238 1.69571
v 2.42892 0.33238 1.69335
v 2.07087 0.33238 1.68374
v 1.70394 0.33238 1.66692
v 1.32972 0.33238 1.64296
v 0.94981 0.33238 1.61197
v 0.56582 0.33238 1.57407
v 0.17942 0.33238 1.52944
v -0.20775 0.33238 1.47825
v -0.59404 0.33238 1.42073
v -0.97778 0.33238 1.35713
v -1.35733 0.33238 1.28772
v -1.73107 0.33238 1.21280
v -2.09740 0.33238 1.13268
v -2.45475 0.33238 1.04771
v -2.80158 0.33238 0.95825
v -3.13642 0.33238 0.86469
v -3.45783 0.33238 0.76743
v -3.76443 0.33238 0.66688
v -4.05491 0.33238 0.56348
v -4.32803 0.33238 0.45766
v -4.58261 0.33238 0.34989
v -4.81757 0.33238 0.24061
v -5.03190 0.33238 0.13031
v -5.22468 0.33238 0.01944
v -5.39509 0.33238 -0.09150
v -5.54240 0.33238 -0.20206
v -5.66598 0.33238 -0.31175
v -5.76529 0.33238 -0.42010
v -5.83991 0.33238 -0.52666
v -5.88953 0.33238 -0.63096
v -5.91393 0.33238 -0.73256
v -5.91300 0.33238 -0.83102
v -5.88675 0.33238 -0.92592
v -5.83529 0.33238 -1.01686
v -5.75885 0.33238 -1.10344
v -5.65775 0.33238 -1.18530
v -5.53242 0.33238 -1.26208
v -5.38339 0.33238 -1.33346
v -5.21132 0.33238 -1.39913
v -5.01693 0.33238 -1.45881
v -4.80106 0.33238 -1.51224
v -4.56462 0.33238 -1.55919
v -4.30865 0.33238 -1.59947
v -4.03422 0.33238 -1.63290
v -3.74251 0.33238 -1.65933
v -3.43478 0.33238 -1.67867
v -3.11234 0.33238 -1.69081
v -2.77658 0.33238 -1.69571
v -2.42892 0.33238 -1.69335
v -2.07087 0.33238 -1.68374
v -1.70394 0.33238 -1.66692
v -1.32972 0.33238 -1.64296
v -0.94981 0.33238 -1.61197
v -0.56582 0.33238 -1.57407
v -0.17942 0.33238 -1.52944
v 0.20775 0.33238 -1.47825
v 0.59404 0.33238 -1.42073
v 0.97778 0.33238 -1.35713
v 1.35733 0.33238 -1.28772
v 1.73107 0.33238 -1.21280
v 2.09740 0.33238 -1.13268
v 2.45475 0.33238 -1.04771
v 2.80158 0.33238 -0.95825
v 3.13642 0.33238 -0.86469
v 3.45783 0.33238 -0.76743
v 3.76443 0.33238 -0.66688
v 4.05491 0.33238 -0.56348
v 4.32803 0.33238 -0.45766
v 4.58261 0.33238 -0.34989
v 4.81757 0.33238 -0.24061
v 5.03190 0.33238 -0.13031
v 5.22468 0.33238 -0.01944
v 5.39509 0.33238 0.09150
v 5.54240 0.33238 0.20206
v 5.66598 0.33238 0.31175
v 5.76529 0.33238 0.42010
v 5.83991 0.33238 0.52666
v 5.88953 0.33238 0.63096
v 5.91393 0.33238 0.73256
v 5.93445 0.39112 0.83403
v 5.90811 0.39112 0.92928
v 5.85647 0.39112 1.02055
v 5.77974 0.39112 1.10745
v 5.67827 0.39112 1.18960
v 5.55249 0.39112 1.26666
v 5.40293 0.39112 1.33830
v 5.23023 0.39112 1.40421
v 5.03513 0.39112 1.46410
v 4.81848 0.39112 1.51772
v 4.58119 0.39112 1.56485
v 4.32428 0.39112 1.60527
v 4.04885 0.39112 1.63882
v 3.75609 0.39112 1.66536
v 3.44724 0.39112 1.68476
v 3.12364 0.39112 1.69694
v 2.78665 0.39112 1.70186
v 2.43774 0.39112 1.69950
v 2.07838 0.39112 1.68985
v 1.71012 0.39112 1.67297
v 1.33455 0.39112 1.64892
v 0.95325 0.39112 1.61782
v 0.56788 0.39112 1.57978
v 0.18007 0.39112 1.53498
v -0.20851 0.39112 1.48361
v -0.59619 0.39112 1.42589
v -0.98133 0.39112 1.36206
v -1.36226 0.39112 1.29239
v -1.73735 0.39112 1.21720
v -2.10501 0.39112 1.13679
v -2.46365 0.39112 1.05151
v -2.81175 0.39112 0.96173
v -3.14780 0.39112 0.86783
v -3.47037 0.39112 0.77022
v -3.77809 0.39112 0.66930
v -4.06962 0.39112 0.56552
v -4.34373 0.39112 0.45932
v -4.59924 0.39112 0.35115
v -4.83505 0.39112 0.24148
v -5.05016 0.39112 0.13078
v -5.24364 0.39112 0.01951
v -5.41467 0.39112 -0.09184
v -5.56251 0.39112 -0.20279
v -5.68653 0.39112 -0.31288
v -5.78621 0.39112 -0.42163
v -5.86110 0.39112 -0.52857
v -5.91090 0.39112 -0.63325
v -5.93538 0.39112 -0.73521
v -5.93445 0.39112 -0.83403
v -5.90811 0.39112 -0.92928
v -5.85647 0.39112 -1.02055
v -5.77974 0.39112 -1.10745
v -5.67827 0.39112 -1.18960
v -5.55249 0.39112 -1.26666
v -5.40293 0.39112 -1.33830
v -5.23023 0.39112 -1.40421
v -5.03513 0.39112 -1.46410
v -4.81848 0.39112 -1.51772
v -4.58119 0.39112 -1.56485
v -4.32428 0.39112 -1.60527
v -4.04885 0.39112 -1.63882
v -3.75609 0.39112 -1.66536
v -3.44724 0.39112 -1.68476
v -3.12364 0.39112 -1.69694
v -2.78665 0.39112 -1.70186
v -2.43774 0.39112 -1.69950
v -2.07838 0.39112 -1.68985
v -1.71012 0.39112 -1.67297
v -1.33455 0.39112 -1.64892
v -0.95325 0.39112 -1.61782
v -0.56788 0.39112 -1.57978
v -0.18007 0.39112 -1.53498
v 0.20851 0.39112 -1.48361
v 0.59619 0.39112 -1.42589
v 0.98133 0.39112 -1.36206
v 1.36226 0.39112 -1.29239
v 1.73735 0.39112 -1.21720
v 2.10501 0.39112 -1.13679
v 2.46365 0.39112 -1.05151
v 2.81175 0.39112 -0.96173
v 3.14780 0.39112 -0.86783
v 3.47037 0.39112 -0.77022
v 3.77809 0.39112 -0.66930
v 4.06962 0.39112 -0.56552
v 4.34373 0.39112 -0.45932
v 4.59924 0.39112 -0.35115
v 4.83505 0.39112 -0.24148
v 5.05016 0.39112 -0.13078
v 5.24364 0.39112 -0.01951
v 5.41467 0.39112 0.09184
v 5.56251 0.39112 0.20279
v 5.68653 0.39112 0.31288
v 5.78621 0.39112 0.42163
v 5.86110 0.39112 0.52857
v 5.91090 0.39112 0.63325
v 5.93538 0.39112 0.73521
v 5.94161 0.45000 0.83504
v 5.91523 0.45000 0.93040
v 5.86353 0.45000 1.02178
v 5.78672 0.45000 1.10878
v 5.68512 0.45000 1.19104
v 5.55918 0.45000 1.26819
v 5.40944 0.45000 1.33991
v 5.23653 0.45000 1.40590
v 5.04120 0.45000 1.46587
v 4.82429 0.45000 1.51955
v 4.58671 0.45000 1.56674
v 4.32949 0.45000 1.60721
v 4.05374 0.45000 1.64080
v 3.76062 0.45000 1.66736
v 3.45140 0.45000 1.68679
v 3.12740 0.45000 1.69899
v 2.79001 0.45000 1.70392
v 2.44068 0.45000 1.70154
v 2.08089 0.45000 1.69189
v 1.71219 0.45000 1.67499
v 1.33616 0.45000 1.65091
v 0.95440 0.45000 1.61977
v 0.56856 0.45000 1.58169
v 0.18029 0.45000 1.53684
v -0.20876 0.45000 1.48540
v -0.59691 0.45000 1.42761
v -0.98251 0.45000 1.36370
v -1.36390 0.45000 1.29395
v -1.73945 0.45000 1.21866
v -2.10755 0.45000 1.13816
v -2.46662 0.45000 1.05278
v -2.81514 0.45000 0.96289
v -3.15160 0.45000 0.86888
v -3.47456 0.45000 0.77114
v -3.78264 0.45000 0.67011
v -4.07453 0.45000 0.56621
v -4.34897 0.45000 0.45988
v -4.60478 0.45000 0.35158
v -4.84088 0.45000 0.24177
v -5.05625 0.45000 0.13094
v -5.24996 0.45000 0.01954
v -5.42120 0.45000 -0.09195
v -5.56922 0.45000 -0.20304
v -5.69339 0.45000 -0.31326
v -5.79318 0.45000 -0.42214
v -5.86817 0.45000 -0.52921
v -5.91803 0.45000 -0.63401
v -5.94254 0.45000 -0.73610
v -5.94161 0.45000 -0.83504
v -5.91523 0.45000 -0.93040
v -5.86353 0.45000 -1.02178
v -5.78672 0.45000 -1.10878
v -5.68512 0.45000 -1.19104
v -5.55918 0.45000 -1.26819
v -5.40944 0.45000 -1.33991
v -5.23653 0.45000 -1.40590
v -5.04120 0.45000 -1.46587
v -4.82429 0.45000 -1.51955
v -4.58671 0.45000 -1.56674
v -4.32949 0.45000 -1.60721
v -4.05374 0.45000 -1.64080
v -3.76062 0.45000 -1.66736
v -3.45140 0.45000 -1.68679
v -3.12740 0.45000 -1.69899
v -2.79001 0.45000 -1.70392
v -2.44068 0.45000 -1.70154
v -2.08089 0.45000 -1.69189
v -1.71219 0.45000 -1.67499
v -1.33616 0.45000 -1.65091
v -0.95440 0.45000 -1.61977
v -0.56856 0.45000 -1.58169
v -0.18029 0.45000 -1.53684
v 0.20876 0.45000 -1.48540
v 0.59691 0.45000 -1.42761
v 0.98251 0.45000 -1.36370
v 1.36390 0.45000 -1.29395
v 1.73945 0.45000 -1.21866
v 2.10755 0.45000 -1.13816
v 2.46662 0.45000 -1.05278
v 2.81514 0.45000 -0.96289
v 3.15160 0.45000 -0.86888
v 3.47456 0.45000 -0.77114
v 3.78264 0.45000 -0.67011
v 4.07453 0.45000 -0.56621
v 4.34897 0.45000 -0.45988
v 4.60478 0.45000 -0.35158
v 4.84088 0.45000 -0.24177
v 5.05625 0.45000 -0.13094
v 5.24996 0.45000 -0.01954
v 5.42120 0.45000 0.09195
v 5.56922 0.45000 0.20304
v 5.69339 0.45000 0.31326
v 5.79318 0.45000 0.42214
v 5.86817 0.45000 0.52921
v 5.91803 0.45000 0.63401
v 5.94254 0.45000 0.73610
v 0.00000 0.45000 0.00000
v 3.83146 0.45000 1.09518
v 3.80482 0.45000 1.22912
v 3.72895 0.45000 1.34267
v 3.61540 0.45000 1.41854
v 3.48146 0.45000 1.44518
v 3.34752 0.45000 1.41854
v 3.23397 0.45000 1.34267
v 3.15810 0.45000 1.22912
v 3.13146 0.45000 1.09518
v 3.15810 0.45000 0.96124
v 3.23397 0.45000 0.84770
v 3.34752 0.45000 0.77183
v 3.48146 0.45000 0.74518
v 3.61540 0.45000 0.77183
v 3.72895 0.45000 0.84770
v 3.80482 0.45000 0.96124
v 3.83146 0.70000 1.09518
v 3.80482 0.70000 1.22912
v 3.72895 0.70000 1.34267
v 3.61540 0.70000 1.41854
v 3.48146 0.70000 1.44518
v 3.34752 0.70000 1.41854
v 3.23397 0.70000 1.34267
v 3.15810 0.70000 1.22912
v 3.13146 0.70000 1.09518
v 3.15810 0.70000 0.96124
v 3.23397 0.70000 0.84770
v 3.34752 0.70000 0.77183
v 3.48146 0.70000 0.74518
v 3.61540 0.70000 0.77183
v 3.72895 0.70000 0.84770
v 3.80482 0.70000 0.96124
v 3.48146 0.70000 1.09518
v -3.13146 0.45000 -1.09518
v -3.15810 0.45000 -0.96124
v -3.23397 0.45000 -0.84770
v -3.34752 0.45000 -0.77183
v -3.48146 0.45000 -0.74518
v -3.61540 0.45000 -0.77183
v -3.72895 0.45000 -0.84770
v -3.80482 0.45000 -0.96124
v -3.83146 0.45000 -1.09518
v -3.80482 0.45000 -1.22912
v -3.72895 0.45000 -1.34267
v -3.61540 0.45000 -1.41854
v -3.48146 0.45000 -1.44518
v -3.34752 0.45000 -1.41854
v -3.23397 0.45000 -1.34267
v -3.15810 0.45000 -1.22912
v -3.13146 0.70000 -1.09518
v -3.15810 0.70000 -0.96124
v -3.23397 0.70000 -0.84770
v -3.34752 0.70000 -0.77183
v -3.48146 0.70000 -0.74518
v -3.61540 0.70000 -0.77183
v -3.72895 0.70000 -0.84770
v -3.80482 0.70000 -0.96124
v -3.83146 0.70000 -1.09518
v -3.80482 0.70000 -1.22912
v -3.72895 0.70000 -1.34267
v -3.61540 0.70000 -1.41854
v -3.48146 0.70000 -1.44518
v -3.34752 0.70000 -1.41854
v -3.23397 0.70000 -1.34267
v -3.15810 0.70000 -1.22912
v -3.48146 0.70000 -1.09518
f 1 3 2
f 1 4 3
f 1 5 4
f 1 6 5
f 1 7 6
f 1 8 7
f 1 9 8
f 1 10 9
f 1 11 10
f 1 12 11
f 1 13 12
f 1 14 13
f 1 15 14
f 1 16 15
f 1 17 16
f 1 18 17
f 1 19 18
f 1 20 19
f 1 21 20
f 1 22 21
f 1 23 22
f 1 24 23
f 1 25 24
f 1 26 25
f 1 27 26
f 1 28 27
f 1 29 28
f 1 30 29
f 1 31 30
f 1 32 31
f 1 33 32
f 1 34 33
f 1 35 34
f 1 36 35
f 1 37 36
f 1 38 37
f 1 39 38
f 1 40 39
f 1 41 40
f 1 42 41
f 1 43 42
f 1 44 43
f 1 45 44
f 1 46 45
f 1 47 46
f 1 48 47
f 1 49 48
f 1 50 49
f 1 51 50
f 1 52 51
f 1 53 52
f 1 54 53
f 1 55 54
f 1 56 55
f 1 57 56
f 1 58 57
f 1 59 58
f 1 60 59
f 1 61 60
f 1 62 61
f 1 63 62
f 1 64 63
f 1 65 64
f 1 66 65
f 1 67 66
f 1 68 67
f 1 69 68
f 1 70 69
f 1 71 70
f 1 72 71
f 1 73 72
f 1 74 73
f 1 75 74
f 1 76 75
f 1 77 76
f 1 78 77
f 1 79 78
f 1 80 79
f 1 81 80
f 1 82 81
f 1 83 82
f 1 84 83
f 1 85 84
f 1 86 85
f 1 87 86
f 1 88 87
f 1 89 88
f 1 90 89
f 1 91 90
f 1 92 91
f 1 93 92
f 1 94 93
f 1 95 94
f 1 96 95
f 1 97 96
f 1 2 97
f 2 3 99
f 2 99 98
f 3 4 100
f 3 100 99
f 4 5 101
f 4 101 100
f 5 6 102
f 5 102 101
f 6 7 103
f 6 103 102
f 7 8 104
f 7 104 103
f 8 9 105
f 8 105 104
f 9 10 106
f 9 106 105
f 10 11 107
f 10 107 106
f 11 12 108
f 11 108 107
f 12 13 109
f 12 109 108
f 13 14 110
f 13 110 109
f 14 15 111
f 14 111 110
f 15 16 112
f 15 112 111
f 16 17 113
f 16 113 112
f 17 18 114
f 17 114 113
f 18 19 115
f 18 115 114
f 19 20 116
f 19 116 115
f 20 21 117
f 20 117 116
f 21 22 118
f 21 118 117
f 22 23 119
f 22 119 118
f 23 24 120
f 23 120 119
f 24 25 121
f 24 121 120
f 25 26 122
f 25 122 121
f 26 27 123
f 26 123 122
f 27 28 124
f 27 124 123
f 28 29 125
f 28 125 124
f 29 30 126
f 29 126 125
f 30 31 127
f 30 127 126
f 31 32 128
f 31 128 127
f 32 33 129
f 32 129 128
f 33 34 130
f 33 130 129
f 34 35 131
f 34 131 130
f 35 36 132
f 35 132 131
f 36 37 133
f 36 133 132
f 37 38 134
f 37 134 133
f 38 39 135
f 38 135 134
f 39 40 136
f 39 136 135
f 40 41 137
f 40 137 136
f 41 42 138
f 41 138 137
f 42 43 139
f 42 139 138
f 43 44 140
f 43 140 139
f 44 45 141
f 44 141 140
f 45 46 142
f 45 142 141
f 46 47 143
f 46 143 142
f 47 48 144
f 47 144 143
f 48 49 145
f 48 145 144
f 49 50 146
f 49 146 145
f 50 51 147
f 50 147 146
f 51 52 148
f 51 148 147
f 52 53 149
f 52 149 148
f 53 54 150
f 53 150 149
f 54 55 151
f 54 151 150
f 55 56 152
f 55 152 151
f 56 57 153
f 56 153 152
f 57 58 154
f 57 154 153
f 58 59 155
f 58 155 154
f 59 60 156
f 59 156 155
f 60 61 157
f 60 157 156
f 61 62 158
f 61 158 157
f 62 63 159
f 62 159 158
f 63 64 160
f 63 160 159
f 64 65 161
f 64 161 160
f 65 66 162
f 65 162 161
f 66 67 163
f 66 163 162
f 67 68 164
f 67 164 163
f 68 69 165
f 68 165 164
f 69 70 166
f 69 166 165
f 70 71 167
f 70 167 166
f 71 72 168
f 71 168 167
f 72 73 169
f 72 169 168
f 73 74 170
f 73 170 169
f 74 75 171
f 74 171 170
f 75 76 172
f 75 172 171
f 76 77 173
f 76 173 172
f 77 78 174
f 77 174 173
f 78 79 175
f 78 175 174
f 79 80 176
f 79 176 175
f 80 81 177
f 80 177 176
f 81 82 178
f 81 178 177
f 82 83 179
f 82 179 178
f 83 84 180
f 83 180 179
f 84 85 181
f 84 181 180
f 85 86 182
f 85 182 181
f 86 87 183
f 86 183 182
f 87 88 184
f 87 184 183
f 88 89 185
f 88 185 184
f 89 90 186
f 89 186 185
f 90 91 187
f 90 187 186
f 91 92 188
f 91 188 187
f 92 93 189
f 92 189 188
f 93 94 190
f 93 190 189
f 94 95 191
f 94 191 190
f 95 96 192
f 95 192 191
f 96 97 193
f 96 193 192
f 97 2 98
f 97 98 193
f 98 99 195
f 98 195 194
f 99 100 196
f 99 196 195
f 100 101 197
f 100 197 196
f 101 102 198
f 101 198 197
f 102 103 199
f 102 199 198
f 103 104 200
f 103 200 199
f 104 105 201
f 104 201 200
f 105 106 202
f 105 202 201
f 106 107 203
f 106 203 202
f 107 108 204
f 107 204 203
f 108 109 205
f 108 205 204
f 109 110 206
f 109 206 205
f 110 111 207
f 110 207 206
f 111 112 208
f 111 208 207
f 112 113 209
f 112 209 208
f 113 114 210
f 113 210 209
f 114 115 211
f 114 211 210
f 115 116 212
f 115 212 211
f 116 117 213
f 116 213 212
f 117 118 214
f 117 214 213
f 118 119 215
f 118 215 214
f 119 120 216
f 119 216 215
f 120 121 217
f 120 217 216
f 121 122 218
f 121 218 217
f 122 123 219
f 122 219 218
f 123 124 220
f 123 220 219
f 124 125 221
f 124 221 220
f 125 126 222
f 125 222 221
f 126 127 223
f 126 223 222
f 127 128 224
f 127 224 223
f 128 129 225
f 128 225 224
f 129 130 226
f 129 226 225
f 130 131 227
f 130 227 226
f 131 132 228
f 131 228 227
f 132 133 229
f 132 229 228
f 133 134 230
f 133 230 229
f 134 135 231
f 134 231 230
f 135 136 232
f 135 232 231
f 136 137 233
f 136 233 232
f 137 138 234
f 137 234 233
f 138 139 235
f 138 235 234
f 139 140 236
f 139 236 235
f 140 141 237
f 140 237 236
f 141 142 238
f 141 238 237
f 142 143 239
f 142 239 238
f 143 144 240
f 143 240 239
f 144 145 241
f 144 241 240
f 145 146 242
f 145 242 241
f 146 147 243
f 146 243 242
f 147 148 244
f 147 244 243
f 148 149 245
f 148 245 244
f 149 150 246
f 149 246 245
f 150 151 247
f 150 247 246
f 151 152 248
f 151 248 247
f 152 153 249
f 152 249 248
f 153 154 250
f 153 250 249
f 154 155 251
f 154 251 250
f 155 156 252
f 155 252 251
f 156 157 253
f 156 253 252
f 157 158 254
f 157 254 253
f 158 159 255
f 158 255 254
f 159 160 256
f 159 256 255
f 160 161 257
f 160 257 256
f 161 162 258
f 161 258 257
f 162 163 259
f 162 259 258
f 163 164 260
f 163 260 259
f 164 165 261
f 164 261 260
f 165 166 262
f 165 262 261
f 166 167 263
f 166 263 262
f 167 168 264
f 167 264 263
f 168 169 265
f 168 265 264
f 169 170 266
f 169 266 265
f 170 171 267
f 170 267 266
f 171 172 268
f 171 268 267
f 172 173 269
f 172 269 268
f 173 174 270
f 173 270 269
f 174 175 271
f 174 271 270
f 175 176 272
f 175 272 271
f 176 177 273
f 176 273 272
f 177 178 274
f 177 274 273
f 178 179 275
f 178 275 274
f 179 180 276
f 179 276 275
f 180 181 277
f 180 277 276
f 181 182 278
f 181 278 277
f 182 183 279
f 182 279 278
f 183 184 280
f 183 280 279
f 184 185 281
f 184 281 280
f 185 186 282
f 185 282 281
f 186 187 283
f 186 283 282
f 187 188 284
f 187 284 283
f 188 189 285
f 188 285 284
f 189 190 286
f 189 286 285
f 190 191 287
f 190 287 286
f 191 192 288
f 191 288 287
f 192 193 289
f 192 289 288
f 193 98 194
f 193 194 289
f 194 195 291
f 194 291 290
f 195 196 292
f 195 292 291
f 196 197 293
f 196 293 292
f 197 198 294
f 197 294 293
f 198 199 295
f 198 295 294
f 199 200 296
f 199 296 295
f 200 201 297
f 200 297 296
f 201 202 298
f 201 298 297
f 202 203 299
f 202 299 298
f 203 204 300
f 203 300 299
f 204 205 301
f 204 301 300
f 205 206 302
f 205 302 301
f 206 207 303
f 206 303 302
f 207 208 304
f 207 304 303
f 208 209 305
f 208 305 304
f 209 210 306
f 209 306 305
f 210 211 307
f 210 307 306
f 211 212 308
f 211 308 307
f 212 213 309
f 212 309 308
f 213 214 310
f 213 310 309
f 214 215 311
f 214 311 310
f 215 216 312
f 215 312 311
f 216 217 313
f 216 313 312
f 217 218 314
f 217 314 313
f 218 219 315
f 218 315 314
f 219 220 316
f 219 316 315
f 220 221 317
f 220 317 316
f 221 222 318
f 221 318 317
f 222 223 319
f 222 319 318
f 223 224 320
f 223 320 319
f 224 225 321
f 224 321 320
f 225 226 322
f 225 322 321
f 226 227 323
f 226 323 322
f 227 228 324
f 227 324 323
f 228 229 325
f 228 325 324
f 229 230 326
f 229 326 325
f 230 231 327
f 230 327 326
f 231 232 328
f 231 328 327
f 232 233 329
f 232 329 328
f 233 234 330
f 233 330 329
f 234 235 331
f 234 331 330
f 235 236 332
f 235 332 331
f 236 237 333
f 236 333 332
f 237 238 334
f 237 334 333
f 238 239 335
f 238 335 334
f 239 240 336
f 239 336 335
f 240 241 337
f 240 337 336
f 241 242 338
f 241 338 337
f 242 243 339
f 242 339 338
f 243 244 340
f 243 340 339
f 244 245 341
f 244 341 340
f 245 246 342
f 245 342 341
f 246 247 343
f 246 343 342
f 247 248 344
f 247 344 343
f 248 249 345
f 248 345 344
f 249 250 346
f 249 346 345
f 250 251 347
f 250 347 346
f 251 252 348
f 251 348 347
f 252 253 349
f 252 349 348
f 253 254 350
f 253 350 349
f 254 255 351
f 254 351 350
f 255 256 352
f 255 352 351
f 256 257 353
f 256 353 352
f 257 258 354
f 257 354 353
f 258 259 355
f 258 355 354
f 259 260 356
f 259 356 355
f 260 261 357
f 260 357 356
f 261 262 358
f 261 358 357
f 262 263 359
f 262 359 358
f 263 264 360
f 263 360 359
f 264 265 361
f 264 361 360
f 265 266 362
f 265 362 361
f 266 267 363
f 266 363 362
f 267 268 364
f 267 364 363
f 268 269 365
f 268 365 364
f 269 270 366
f 269 366 365
f 270 271 367
f 270 367 366
f 271 272 368
f 271 368 367
f 272 273 369
f 272 369 368
f 273 274 370
f 273 370 369
f 274 275 371
f 274 371 370
f 275 276 372
f 275 372 371
f 276 277 373
f 276 373 372
f 277 278 374
f 277 374 373
f 278 279 375
f 278 375 374
f 279 280 376
f 279 376 375
f 280 281 377
f 280 377 376
f 281 282 378
f 281 378 377
f 282 283 379
f 282 379 378
f 283 284 380
f 283 380 379
f 284 285 381
f 284 381 380
f 285 286 382
f 285 382 381
f 286 287 383
f 286 383 382
f 287 288 384
f 287 384 383
f 288 289 385
f 288 385 384
f 289 194 290
f 289 290 385
f 290 291 387
f 290 387 386
f 291 292 388
f 291 388 387
f 292 293 389
f 292 389 388
f 293 294 390
f 293 390 389
f 294 295 391
f 294 391 390
f 295 296 392
f 295 392 391
f 296 297 393
f 296 393 392
f 297 298 394
f 297 394 393
f 298 299 395
f 298 395 394
f 299 300 396
f 299 396 395
f 300 301 397
f 300 397 396
f 301 302 398
f 301 398 397
f 302 303 399
f 302 399 398
f 303 304 400
f 303 400 399
f 304 305 401
f 304 401 400
f 305 306 402
f 305 402 401
f 306 307 403
f 306 403 402
f 307 308 404
f 307 404 403
f 308 309 405
f 308 405 404
f 309 310 406
f 309 406 405
f 310 311 407
f 310 407 406
f 311 312 408
f 311 408 407
f 312 313 409
f 312 409 408
f 313 314 410
f 313 410 409
f 314 315 411
f 314 411 410
f 315 316 412
f 315 412 411
f 316 317 413
f 316 413 412
f 317 318 414
f 317 414 413
f 318 319 415
f 318 415 414
f 319 320 416
f 319 416 415
f 320 321 417
f 320 417 416
f 321 322 418
f 321 418 417
f 322 323 419
f 322 419 418
f 323 324 420
f 323 420 419
f 324 325 421
f 324 421 420
f 325 326 422
f 325 422 421
f 326 327 423
f 326 423 422
f 327 328 424
f 327 424 423
f 328 329 425
f 328 425 424
f 329 330 426
f 329 426 425
f 330 331 427
f 330 427 426
f 331 332 428
f 331 428 427
f 332 333 429
f 332 429 428
f 333 334 430
f 333 430 429
f 334 335 431
f 334 431 430
f 335 336 432
f 335 432 431
f 336 337 433
f 336 433 432
f 337 338 434
f 337 434 433
f 338 339 435
f 338 435 434
f 339 340 436
f 339 436 435
f 340 341 437
f 340 437 436
f 341 342 438
f 341 438 437
f 342 343 439
f 342 439 438
f 343 344 440
f 343 440 439
f 344 345 441
f 344 441 440
f 345 346 442
f 345 442 441
f 346 347 443
f 346 443 442
f 347 348 444
f 347 444 443
f 348 349 445
f 348 445 444
f 349 350 446
f 349 446 445
f 350 351 447
f 350 447 446
f 351 352 448
f 351 448 447
f 352 353 449
f 352 449 448
f 353 354 450
f 353 450 449
f 354 355 451
f 354 451 450
f 355 356 452
f 355 452 451
f 356 357 453
f 356 453 452
f 357 358 454
f 357 454 453
f 358 359 455
f 358 455 454
f 359 360 456
f 359 456 455
f 360 361 457
f 360 457 456
f 361 362 458
f 361 458 457
f 362 363 459
f 362 459 458
f 363 364 460
f 363 460 459
f 364 365 461
f 364 461 460
f 365 366 462
f 365 462 461
f 366 367 463
f 366 463 462
f 367 368 464
f 367 464 463
f 368 369 465
f 368 465 464
f 369 370 466
f 369 466 465
f 370 371 467
f 370 467 466
f 371 372 468
f 371 468 467
f 372 373 469
f 372 469 468
f 373 374 470
f 373 470 469
f 374 375 471
f 374 471 470
f 375 376 472
f 375 472 471
f 376 377 473
f 376 473 472
f 377 378 474
f 377 474 473
f 378 379 475
f 378 475 474
f 379 380 476
f 379 476 475
f 380 381 477
f 380 477 476
f 381 382 478
f 381 478 477
f 382 383 479
f 382 479 478
f 383 384 480
f 383 480 479
f 384 385 481
f 384 481 480
f 385 290 386
f 385 386 481
f 386 387 483
f 386 483 482
f 387 388 484
f 387 484 483
f 388 389 485
f 388 485 484
f 389 390 486
f 389 486 485
f 390 391 487
f 390 487 486
f 391 392 488
f 391 488 487
f 392 393 489
f 392 489 488
f 393 394 490
f 393 490 489
f 394 395 491
f 394 491 490
f 395 396 492
f 395 492 491
f 396 397 493
f 396 493 492
f 397 398 494
f 397 494 493
f 398 399 495
f 398 495 494
f 399 400 496
f 399 496 495
f 400 401 497
f 400 497 496
f 401 402 498
f 401 498 497
f 402 403 499
f 402 499 498
f 403 404 500
f 403 500 499
f 404 405 501
f 404 501 500
f 405 406 502
f 405 502 501
f 406 407 503
f 406 503 502
f 407 408 504
f 407 504 503
f 408 409 505
f 408 505 504
f 409 410 506
f 409 506 505
f 410 411 507
f 410 507 506
f 411 412 508
f 411 508 507
f 412 413 509
f 412 509 508
f 413 414 510
f 413 510 509
f 414 415 511
f 414 511 510
f 415 416 512
f 415 512 511
f 416 417 513
f 416 513 512
f 417 418 514
f 417 514 513
f 418 419 515
f 418 515 514
f 419 420 516
f 419 516 515
f 420 421 517
f 420 517 516
f 421 422 518
f 421 518 517
f 422 423 519
f 422 519 518
f 423 424 520
f 423 520 519
f 424 425 521
f 424 521 520
f 425 426 522
f 425 522 521
f 426 427 523
f 426 523 522
f 427 428 524
f 427 524 523
f 428 429 525
f 428 525 524
f 429 430 526
f 429 526 525
f 430 431 527
f 430 527 526
f 431 432 528
f 431 528 527
f 432 433 529
f 432 529 528
f 433 434 530
f 433 530 529
f 434 435 531
f 434 531 530
f 435 436 532
f 435 532 531
f 436 437 533
f 436 533 532
f 437 438 534
f 437 534 533
f 438 439 535
f 438 535 534
f 439 440 536
f 439 536 535
f 440 441 537
f 440 537 536
f 441 442 538
f 441 538 537
f 442 443 539
f 442 539 538
f 443 444 540
f 443 540 539
f 444 445 541
f 444 541 540
f 445 446 542
f 445 542 541
f 446 447 543
f 446 543 542
f 447 448 544
f 447 544 543
f 448 449 545
f 448 545 544
f 449 450 546
f 449 546 545
f 450 451 547
f 450 547 546
f 451 452 548
f 451 548 547
f 452 453 549
f 452 549 548
f 453 454 550
f 453 550 549
f 454 455 551
f 454 551 550
f 455 456 552
f 455 552 551
f 456 457 553
f 456 553 552
f 457 458 554
f 457 554 553
f 458 459 555
f 458 555 554
f 459 460 556
f 459 556 555
f 460 461 557
f 460 557 556
f 461 462 558
f 461 558 557
f 462 463 559
f 462 559 558
f 463 464 560
f 463 560 559
f 464 465 561
f 464 561 560
f 465 466 562
f 465 562 561
f 466 467 563
f 466 563 562
f 467 468 564
f 467 564 563
f 468 469 565
f 468 565 564
f 469 470 566
f 469 566 565
f 470 471 567
f 470 567 566
f 471 472 568
f 471 568 567
f 472 473 569
f 472 569 568
f 473 474 570
f 473 570 569
f 474 475 571
f 474 571 570
f 475 476 572
f 475 572 571
f 476 477 573
f 476 573 572
f 477 478 574
f 477 574 573
f 478 479 575
f 478 575 574
f 479 480 576
f 479 576 575
f 480 481 577
f 480 577 576
f 481 386 482
f 481 482 577
f 482 483 579
f 482 579 578
f 483 484 580
f 483 580 579
f 484 485 581
f 484 581 580
f 485 486 582
f 485 582 581
f 486 487 583
f 486 583 582
f 487 488 584
f 487 584 583
f 488 489 585
f 488 585 584
f 489 490 586
f 489 586 585
f 490 491 587
f 490 587 586
f 491 492 588
f 491 588 587
f 492 493 589
f 492 589 588
f 493 494 590
f 493 590 589
f 494 495 591
f 494 591 590
f 495 496 592
f 495 592 591
f 496 497 593
f 496 593 592
f 497 498 594
f 497 594 593
f 498 499 595
f 498 595 594
f 499 500 596
f 499 596 595
f 500 501 597
f 500 597 596
f 501 502 598
f 501 598 597
f 502 503 599
f 502 599 598
f 503 504 600
f 503 600 599
f 504 505 601
f 504 601 600
f 505 506 602
f 505 602 601
f 506 507 603
f 506 603 602
f 507 508 604
f 507 604 603
f 508 509 605
f 508 605 604
f 509 510 606
f 509 606 605
f 510 511 607
f 510 607 606
f 511 512 608
f 511 608 607
f 512 513 609
f 512 609 608
f 513 514 610
f 513 610 609
f 514 515 611
f 514 611 610
f 515 516 612
f 515 612 611
f 516 517 613
f 516 613 612
f 517 518 614
f 517 614 613
f 518 519 615
f 518 615 614
f 519 520 616
f 519 616 615
f 520 521 617
f 520 617 616
f 521 522 618
f 521 618 617
f 522 523 619
f 522 619 618
f 523 524 620
f 523 620 619
f 524 525 621
f 524 621 620
f 525 526 622
f 525 622 621
f 526 527 623
f 526 623 622
f 527 528 624
f 527 624 623
f 528 529 625
f 528 625 624
f 529 530 626
f 529 626 625
f 530 531 627
f 530 627 626
f 531 532 628
f 531 628 627
f 532 533 629
f 532 629 628
f 533 534 630
f 533 630 629
f 534 535 631
f 534 631 630
f 535 536 632
f 535 632 631
f 536 537 633
f 536 633 632
f 537 538 634
f 537 634 633
f 538 539 635
f 538 635 634
f 539 540 636
f 539 636 635
f 540 541 637
f 540 637 636
f 541 542 638
f 541 638 637
f 542 543 639
f 542 639 638
f 543 544 640
f 543 640 639
f 544 545 641
f 544 641 640
f 545 546 642
f 545 642 641
f 546 547 643
f 546 643 642
f 547 548 644
f 547 644 643
f 548 549 645
f 548 645 644
f 549 550 646
f 549 646 645
f 550 551 647
f 550 647 646
f 551 552 648
f 551 648 647
f 552 553 649
f 552 649 648
f 553 554 650
f 553 650 649
f 554 555 651
f 554 651 650
f 555 556 652
f 555 652 651
f 556 557 653
f 556 653 652
f 557 558 654
f 557 654 653
f 558 559 655
f 558 655 654
f 559 560 656
f 559 656 655
f 560 561 657
f 560 657 656
f 561 562 658
f 561 658 657
f 562 563 659
f 562 659 658
f 563 564 660
f 563 660 659
f 564 565 661
f 564 661 660
f 565 566 662
f 565 662 661
f 566 567 663
f 566 663 662
f 567 568 664
f 567 664 663
f 568 569 665
f 568 665 664
f 569 570 666
f 569 666 665
f 570 571 667
f 570 667 666
f 571 572 668
f 571 668 667
f 572 573 669
f 572 669 668
f 573 574 670
f 573 670 669
f 574 575 671
f 574 671 670
f 575 576 672
f 575 672 671
f 576 577 673
f 576 673 672
f 577 482 578
f 577 578 673
f 578 579 675
f 578 675 674
f 579 580 676
f 579 676 675
f 580 581 677
f 580 677 676
f 581 582 678
f 581 678 677
f 582 583 679
f 582 679 678
f 583 584 680
f 583 680 679
f 584 585 681
f 584 681 680
f 585 586 682
f 585 682 681
f 586 587 683
f 586 683 682
f 587 588 684
f 587 684 683
f 588 589 685
f 588 685 684
f 589 590 686
f 589 686 685
f 590 591 687
f 590 687 686
f 591 592 688
f 591 688 687
f 592 593 689
f 592 689 688
f 593 594 690
f 593 690 689
f 594 595 691
f 594 691 690
f 595 596 692
f 595 692 691
f 596 597 693
f 596 693 692
f 597 598 694
f 597 694 693
f 598 599 695
f 598 695 694
f 599 600 696
f 599 696 695
f 600 601 697
f 600 697 696
f 601 602 698
f 601 698 697
f 602 603 699
f 602 699 698
f 603 604 700
f 603 700 699
f 604 605 701
f 604 701 700
f 605 606 702
f 605 702 701
f 606 607 703
f 606 703 702
f 607 608 704
f 607 704 703
f 608 609 705
f 608 705 704
f 609 610 706
f 609 706 705
f 610 611 707
f 610 707 706
f 611 612 708
f 611 708 707
f 612 613 709
f 612 709 708
f 613 614 710
f 613 710 709
f 614 615 711
f 614 711 710
f 615 616 712
f 615 712 711
f 616 617 713
f 616 713 712
f 617 618 714
f 617 714 713
f 618 619 715
f 618 715 714
f 619 620 716
f 619 716 715
f 620 621 717
f 620 717 716
f 621 622 718
f 621 718 717
f 622 623 719
f 622 719 718
f 623 624 720
f 623 720 719
f 624 625 721
f 624 721 720
f 625 626 722
f 625 722 721
f 626 627 723
f 626 723 722
f 627 628 724
f 627 724 723
f 628 629 725
f 628 725 724
f 629 630 726
f 629 726 725
f 630 631 727
f 630 727 726
f 631 632 728
f 631 728 727
f 632 633 729
f 632 729 728
f 633 634 730
f 633 730 729
f 634 635 731
f 634 731 730
f 635 636 732
f 635 732 731
f 636 637 733
f 636 733 732
f 637 638 734
f 637 734 733
f 638 639 735
f 638 735 734
f 639 640 736
f 639 736 735
f 640 641 737
f 640 737 736
f 641 642 738
f 641 738 737
f 642 643 739
f 642 739 738
f 643 644 740
f 643 740 739
f 644 645 741
f 644 741 740
f 645 646 742
f 645 742 741
f 646 647 743
f 646 743 742
f 647 648 744
f 647 744 743
f 648 649 745
f 648 745 744
f 649 650 746
f 649 746 745
f 650 651 747
f 650 747 746
f 651 652 748
f 651 748 747
f 652 653 749
f 652 749 748
f 653 654 750
f 653 750 749
f 654 655 751
f 654 751 750
f 655 656 752
f 655 752 751
f 656 657 753
f 656 753 752
f 657 658 754
f 657 754 753
f 658 659 755
f 658 755 754
f 659 660 756
f 659 756 755
f 660 661 757
f 660 757 756
f 661 662 758
f 661 758 757
f 662 663 759
f 662 759 758
f 663 664 760
f 663 760 759
f 664 665 761
f 664 761 760
f 665 666 762
f 665 762 761
f 666 667 763
f 666 763 762
f 667 668 764
f 667 764 763
f 668 669 765
f 668 765 764
f 669 670 766
f 669 766 765
f 670 671 767
f 670 767 766
f 671 672 768
f 671 768 767
f 672 673 769
f 672 769 768
f 673 578 674
f 673 674 769
f 674 675 771
f 674 771 770
f 675 676 772
f 675 772 771
f 676 677 773
f 676 773 772
f 677 678 774
f 677 774 773
f 678 679 775
f 678 775 774
f 679 680 776
f 679 776 775
f 680 681 777
f 680 777 776
f 681 682 778
f 681 778 777
f 682 683 779
f 682 779 778
f 683 684 780
f 683 780 779
f 684 685 781
f 684 781 780
f 685 686 782
f 685 782 781
f 686 687 783
f 686 783 782
f 687 688 784
f 687 784 783
f 688 689 785
f 688 785 784
f 689 690 786
f 689 786 785
f 690 691 787
f 690 787 786
f 691 692 788
f 691 788 787
f 692 693 789
f 692 789 788
f 693 694 790
f 693 790 789
f 694 695 791
f 694 791 790
f 695 696 792
f 695 792 791
f 696 697 793
f 696 793 792
f 697 698 794
f 697 794 793
f 698 699 795
f 698 795 794
f 699 700 796
f 699 796 795
f 700 701 797
f 700 797 796
f 701 702 798
f 701 798 797
f 702 703 799
f 702 799 798
f 703 704 800
f 703 800 799
f 704 705 801
f 704 801 800
f 705 706 802
f 705 802 801
f 706 707 803
f 706 803 802
f 707 708 804
f 707 804 803
f 708 709 805
f 708 805 804
f 709 710 806
f 709 806 805
f 710 711 807
f 710 807 806
f 711 712 808
f 711 808 807
f 712 713 809
f 712 809 808
f 713 714 810
f 713 810 809
f 714 715 811
f 714 811 810
f 715 716 812
f 715 812 811
f 716 717 813
f 716 813 812
f 717 718 814
f 717 814 813
f 718 719 815
f 718 815 814
f 719 720 816
f 719 816 815
f 720 721 817
f 720 817 816
f 721 722 818
f 721 818 817
f 722 723 819
f 722 819 818
f 723 724 820
f 723 820 819
f 724 725 821
f 724 821 820
f 725 726 822
f 725 822 821
f 726 727 823
f 726 823 822
f 727 728 824
f 727 824 823
f 728 729 825
f 728 825 824
f 729 730 826
f 729 826 825
f 730 731 827
f 730 827 826
f 731 732 828
f 731 828 827
f 732 733 829
f 732 829 828
f 733 734 830
f 733 830 829
f 734 735 831
f 734 831 830
f 735 736 832
f 735 832 831
f 736 737 833
f 736 833 832
f 737 738 834
f 737 834 833
f 738 739 835
f 738 835 834
f 739 740 836
f 739 836 835
f 740 741 837
f 740 837 836
f 741 742 838
f 741 838 837
f 742 743 839
f 742 839 838
f 743 744 840
f 743 840 839
f 744 745 841
f 744 841 840
f 745 746 842
f 745 842 841
f 746 747 843
f 746 843 842
f 747 748 844
f 747 844 843
f 748 749 845
f 748 845 844
f 749 750 846
f 749 846 845
f 750 751 847
f 750 847 846
f 751 752 848
f 751 848 847
f 752 753 849
f 752 849 848
f 753 754 850
f 753 850 849
f 754 755 851
f 754 851 850
f 755 756 852
f 755 852 851
f 756 757 853
f 756 853 852
f 757 758 854
f 757 854 853
f 758 759 855
f 758 855 854
f 759 760 856
f 759 856 855
f 760 761 857
f 760 857 856
f 761 762 858
f 761 858 857
f 762 763 859
f 762 859 858
f 763 764 860
f 763 860 859
f 764 765 861
f 764 861 860
f 765 766 862
f 765 862 861
f 766 767 863
f 766 863 862
f 767 768 864
f 767 864 863
f 768 769 865
f 768 865 864
f 769 674 770
f 769 770 865
f 770 771 867
f 770 867 866
f 771 772 868
f 771 868 867
f 772 773 869
f 772 869 868
f 773 774 870
f 773 870 869
f 774 775 871
f 774 871 870
f 775 776 872
f 775 872 871
f 776 777 873
f 776 873 872
f 777 778 874
f 777 874 873
f 778 779 875
f 778 875 874
f 779 780 876
f 779 876 875
f 780 781 877
f 780 877 876
f 781 782 878
f 781 878 877
f 782 783 879
f 782 879 878
f 783 784 880
f 783 880 879
f 784 785 881
f 784 881 880
f 785 786 882
f 785 882 881
f 786 787 883
f 786 883 882
f 787 788 884
f 787 884 883
f 788 789 885
f 788 885 884
f 789 790 886
f 789 886 885
f 790 791 887
f 790 887 886
f 791 792 888
f 791 888 887
f 792 793 889
f 792 889 888
f 793 794 890
f 793 890 889
f 794 795 891
f 794 891 890
f 795 796 892
f 795 892 891
f 796 797 893
f 796 893 892
f 797 798 894
f 797 894 893
f 798 799 895
f 798 895 894
f 799 800 896
f 799 896 895
f 800 801 897
f 800 897 896
f 801 802 898
f 801 898 897
f 802 803 899
f 802 899 898
f 803 804 900
f 803 900 899
f 804 805 901
f 804 901 900
f 805 806 902
f 805 902 901
f 806 807 903
f 806 903 902
f 807 808 904
f 807 904 903
f 808 809 905
f 808 905 904
f 809 810 906
f 809 906 905
f 810 811 907
f 810 907 906
f 811 812 908
f 811 908 907
f 812 813 909
f 812 909 908
f 813 814 910
f 813 910 909
f 814 815 911
f 814 911 910
f 815 816 912
f 815 912 911
f 816 817 913
f 816 913 912
f 817 818 914
f 817 914 913
f 818 819 915
f 818 915 914
f 819 820 916
f 819 916 915
f 820 821 917
f 820 917 916
f 821 822 918
f 821 918 917
f 822 823 919
f 822 919 918
f 823 824 920
f 823 920 919
f 824 825 921
f 824 921 920
f 825 826 922
f 825 922 921
f 826 827 923
f 826 923 922
f 827 828 924
f 827 924 923
f 828 829 925
f 828 925 924
f 829 830 926
f 829 926 925
f 830 831 927
f 830 927 926
f 831 832 928
f 831 928 927
f 832 833 929
f 832 929 928
f 833 834 930
f 833 930 929
f 834 835 931
f 834 931 930
f 835 836 932
f 835 932 931
f 836 837 933
f 836 933 932
f 837 838 934
f 837 934 933
f 838 839 935
f 838 935 934
f 839 840 936
f 839 936 935
f 840 841 937
f 840 937 936
f 841 842 938
f 841 938 937
f 842 843 939
f 842 939 938
f 843 844 940
f 843 940 939
f 844 845 941
f 844 941 940
f 845 846 942
f 845 942 941
f 846 847 943
f 846 943 942
f 847 848 944
f 847 944 943
f 848 849 945
f 848 945 944
f 849 850 946
f 849 946 945
f 850 851 947
f 850 947 946
f 851 852 948
f 851 948 947
f 852 853 949
f 852 949 948
f 853 854 950
f 853 950 949
f 854 855 951
f 854 951 950
f 855 856 952
f 855 952 951
f 856 857 953
f 856 953 952
f 857 858 954
f 857 954 953
f 858 859 955
f 858 955 954
f 859 860 956
f 859 956 955
f 860 861 957
f 860 957 956
f 861 862 958
f 861 958 957
f 862 863 959
f 862 959 958
f 863 864 960
f 863 960 959
f 864 865 961
f 864 961 960
f 865 770 866
f 865 866 961
f 866 867 963
f 866 963 962
f 867 868 964
f 867 964 963
f 868 869 965
f 868 965 964
f 869 870 966
f 869 966 965
f 870 871 967
f 870 967 966
f 871 872 968
f 871 968 967
f 872 873 969
f 872 969 968
f 873 874 970
f 873 970 969
f 874 875 971
f 874 971 970
f 875 876 972
f 875 972 971
f 876 877 973
f 876 973 972
f 877 878 974
f 877 974 973
f 878 879 975
f 878 975 974
f 879 880 976
f 879 976 975
f 880 881 977
f 880 977 976
f 881 882 978
f 881 978 977
f 882 883 979
f 882 979 978
f 883 884 980
f 883 980 979
f 884 885 981
f 884 981 980
f 885 886 982
f 885 982 981
f 886 887 983
f 886 983 982
f 887 888 984
f 887 984 983
f 888 889 985
f 888 985 984
f 889 890 986
f 889 986 985
f 890 891 987
f 890 987 986
f 891 892 988
f 891 988 987
f 892 893 989
f 892 989 988
f 893 894 990
f 893 990 989
f 894 895 991
f 894 991 990
f 895 896 992
f 895 992 991
f 896 897 993
f 896 993 992
f 897 898 994
f 897 994 993
f 898 899 995
f 898 995 994
f 899 900 996
f 899 996 995
f 900 901 997
f 900 997 996
f 901 902 998
f 901 998 997
f 902 903 999
f 902 999 998
f 903 904 1000
f 903 1000 999
f 904 905 1001
f 904 1001 1000
f 905 906 1002
f 905 1002 1001
f 906 907 1003
f 906 1003 1002
f 907 908 1004
f 907 1004 1003
f 908 909 1005
f 908 1005 1004
f 909 910 1006
f 909 1006 1005
f 910 911 1007
f 910 1007 1006
f 911 912 1008
f 911 1008 1007
f 912 913 1009
f 912 1009 1008
f 913 914 1010
f 913 1010 1009
f 914 915 1011
f 914 1011 1010
f 915 916 1012
f 915 1012 1011
f 916 917 1013
f 916 1013 1012
f 917 918 1014
f 917 1014 1013
f 918 919 1015
f 918 1015 1014
f 919 920 1016
f 919 1016 1015
f 920 921 1017
f 920 1017 1016
f 921 922 1018
f 921 1018 1017
f 922 923 1019
f 922 1019 1018
f 923 924 1020
f 923 1020 1019
f 924 925 1021
f 924 1021 1020
f 925 926 1022
f 925 1022 1021
f 926 927 1023
f 926 1023 1022
f 927 928 1024
f 927 1024 1023
f 928 929 1025
f 928 1025 1024
f 929 930 1026
f 929 1026 1025
f 930 931 1027
f 930 1027 1026
f 931 932 1028
f 931 1028 1027
f 932 933 1029
f 932 1029 1028
f 933 934 1030
f 933 1030 1029
f 934 935 1031
f 934 1031 1030
f 935 936 1032
f 935 1032 1031
f 936 937 1033
f 936 1033 1032
f 937 938 1034
f 937 1034 1033
f 938 939 1035
f 938 1035 1034
f 939 940 1036
f 939 1036 1035
f 940 941 1037
f 940 1037 1036
f 941 942 1038
f 941 1038 1037
f 942 943 1039
f 942 1039 1038
f 943 944 1040
f 943 1040 1039
f 944 945 1041
f 944 1041 1040
f 945 946 1042
f 945 1042 1041
f 946 947 1043
f 946 1043 1042
f 947 948 1044
f 947 1044 1043
f 948 949 1045
f 948 1045 1044
f 949 950 1046
f 949 1046 1045
f 950 951 1047
f 950 1047 1046
f 951 952 1048
f 951 1048 1047
f 952 953 1049
f 952 1049 1048
f 953 954 1050
f 953 1050 1049
f 954 955 1051
f 954 1051 1050
f 955 956 1052
f 955 1052 1051
f 956 957 1053
f 956 1053 1052
f 957 958 1054
f 957 1054 1053
f 958 959 1055
f 958 1055 1054
f 959 960 1056
f 959 1056 1055
f 960 961 1057
f 960 1057 1056
f 961 866 962
f 961 962 1057
f 962 963 1059
f 962 1059 1058
f 963 964 1060
f 963 1060 1059
f 964 965 1061
f 964 1061 1060
f 965 966 1062
f 965 1062 1061
f 966 967 1063
f 966 1063 1062
f 967 968 1064
f 967 1064 1063
f 968 969 1065
f 968 1065 1064
f 969 970 1066
f 969 1066 1065
f 970 971 1067
f 970 1067 1066
f 971 972 1068
f 971 1068 1067
f 972 973 1069
f 972 1069 1068
f 973 974 1070
f 973 1070 1069
f 974 975 1071
f 974 1071 1070
f 975 976 1072
f 975 1072 1071
f 976 977 1073
f 976 1073 1072
f 977 978 1074
f 977 1074 1073
f 978 979 1075
f 978 1075 1074
f 979 980 1076
f 979 1076 1075
f 980 981 1077
f 980 1077 1076
f 981 982 1078
f 981 1078 1077
f 982 983 1079
f 982 1079 1078
f 983 984 1080
f 983 1080 1079
f 984 985 1081
f 984 1081 1080
f 985 986 1082
f 985 1082 1081
f 986 987 1083
f 986 1083 1082
f 987 988 1084
f 987 1084 1083
f 988 989 1085
f 988 1085 1084
f 989 990 1086
f 989 1086 1085
f 990 991 1087
f 990 1087 1086
f 991 992 1088
f 991 1088 1087
f 992 993 1089
f 992 1089 1088
f 993 994 1090
f 993 1090 1089
f 994 995 1091
f 994 1091 1090
f 995 996 1092
f 995 1092 1091
f 996 997 1093
f 996 1093 1092
f 997 998 1094
f 997 1094 1093
f 998 999 1095
f 998 1095 1094
f 999 1000 1096
f 999 1096 1095
f 1000 1001 1097
f 1000 1097 1096
f 1001 1002 1098
f 1001 1098 1097
f 1002 1003 1099
f 1002 1099 1098
f 1003 1004 1100
f 1003 1100 1099
f 1004 1005 1101
f 1004 1101 1100
f 1005 1006 1102
f 1005 1102 1101
f 1006 1007 1103
f 1006 1103 1102
f 1007 1008 1104
f 1007 1104 1103
f 1008 1009 1105
f 1008 1105 1104
f 1009 1010 1106
f 1009 1106 1105
f 1010 1011 1107
f 1010 1107 1106
f 1011 1012 1108
f 1011 1108 1107
f 1012 1013 1109
f 1012 1109 1108
f 1013 1014 1110
f 1013 1110 1109
f 1014 1015 1111
f 1014 1111 1110
f 1015 1016 1112
f 1015 1112 1111
f 1016 1017 1113
f 1016 1113 1112
f 1017 1018 1114
f 1017 1114 1113
f 1018 1019 1115
f 1018 1115 1114
f 1019 1020 1116
f 1019 1116 1115
f 1020 1021 1117
f 1020 1117 1116
f 1021 1022 1118
f 1021 1118 1117
f 1022 1023 1119
f 1022 1119 1118
f 1023 1024 1120
f 1023 1120 1119
f 1024 1025 1121
f 1024 1121 1120
f 1025 1026 1122
f 1025 1122 1121
f 1026 1027 1123
f 1026 1123 1122
f 1027 1028 1124
f 1027 1124 1123
f 1028 1029 1125
f 1028 1125 1124
f 1029 1030 1126
f 1029 1126 1125
f 1030 1031 1127
f 1030 1127 1126
f 1031 1032 1128
f 1031 1128 1127
f 1032 1033 1129
f 1032 1129 1128
f 1033 1034 1130
f 1033 1130 1129
f 1034 1035 1131
f 1034 1131 1130
f 1035 1036 1132
f 1035 1132 1131
f 1036 1037 1133
f 1036 1133 1132
f 1037 1038 1134
f 1037 1134 1133
f 1038 1039 1135
f 1038 1135 1134
f 1039 1040 1136
f 1039 1136 1135
f 1040 1041 1137
f 1040 1137 1136
f 1041 1042 1138
f 1041 1138 1137
f 1042 1043 1139
f 1042 1139 1138
f 1043 1044 1140
f 1043 1140 1139
f 1044 1045 1141
f 1044 1141 1140
f 1045 1046 1142
f 1045 1142 1141
f 1046 1047 1143
f 1046 1143 1142
f 1047 1048 1144
f 1047 1144 1143
f 1048 1049 1145
f 1048 1145 1144
f 1049 1050 1146
f 1049 1146 1145
f 1050 1051 1147
f 1050 1147 1146
f 1051 1052 1148
f 1051 1148 1147
f 1052 1053 1149
f 1052 1149 1148
f 1053 1054 1150
f 1053 1150 1149
f 1054 1055 1151
f 1054 1151 1150
f 1055 1056 1152
f 1055 1152 1151
f 1056 1057 1153
f 1056 1153 1152
f 1057 962 1058
f 1057 1058 1153
f 1058 1059 1155
f 1058 1155 1154
f 1059 1060 1156
f 1059 1156 1155
f 1060 1061 1157
f 1060 1157 1156
f 1061 1062 1158
f 1061 1158 1157
f 1062 1063 1159
f 1062 1159 1158
f 1063 1064 1160
f 1063 1160 1159
f 1064 1065 1161
f 1064 1161 1160
f 1065 1066 1162
f 1065 1162 1161
f 1066 1067 1163
f 1066 1163 1162
f 1067 1068 1164
f 1067 1164 1163
f 1068 1069 1165
f 1068 1165 1164
f 1069 1070 1166
f 1069 1166 1165
f 1070 1071 1167
f 1070 1167 1166
f 1071 1072 1168
f 1071 1168 1167
f 1072 1073 1169
f 1072 1169 1168
f 1073 1074 1170
f 1073 1170 1169
f 1074 1075 1171
f 1074 1171 1170
f 1075 1076 1172
f 1075 1172 1171
f 1076 1077 1173
f 1076 1173 1172
f 1077 1078 1174
f 1077 1174 1173
f 1078 1079 1175
f 1078 1175 1174
f 1079 1080 1176
f 1079 1176 1175
f 1080 1081 1177
f 1080 1177 1176
f 1081 1082 1178
f 1081 1178 1177
f 1082 1083 1179
f 1082 1179 1178
f 1083 1084 1180
f 1083 1180 1179
f 1084 1085 1181
f 1084 1181 1180
f 1085 1086 1182
f 1085 1182 1181
f 1086 1087 1183
f 1086 1183 1182
f 1087 1088 1184
f 1087 1184 1183
f 1088 1089 1185
f 1088 1185 1184
f 1089 1090 1186
f 1089 1186 1185
f 1090 1091 1187
f 1090 1187 1186
f 1091 1092 1188
f 1091 1188 1187
f 1092 1093 1189
f 1092 1189 1188
f 1093 1094 1190
f 1093 1190 1189
f 1094 1095 1191
f 1094 1191 1190
f 1095 1096 1192
f 1095 1192 1191
f 1096 1097 1193
f 1096 1193 1192
f 1097 1098 1194
f 1097 1194 1193
f 1098 1099 1195
f 1098 1195 1194
f 1099 1100 1196
f 1099 1196 1195
f 1100 1101 1197
f 1100 1197 1196
f 1101 1102 1198
f 1101 1198 1197
f 1102 1103 1199
f 1102 1199 1198
f 1103 1104 1200
f 1103 1200 1199
f 1104 1105 1201
f 1104 1201 1200
f 1105 1106 1202
f 1105 1202 1201
f 1106 1107 1203
f 1106 1203 1202
f 1107 1108 1204
f 1107 1204 1203
f 1108 1109 1205
f 1108 1205 1204
f 1109 1110 1206
f 1109 1206 1205
f 1110 1111 1207
f 1110 1207 1206
f 1111 1112 1208
f 1111 1208 1207
f 1112 1113 1209
f 1112 1209 1208
f 1113 1114 1210
f 1113 1210 1209
f 1114 1115 1211
f 1114 1211 1210
f 1115 1116 1212
f 1115 1212 1211
f 1116 1117 1213
f 1116 1213 1212
f 1117 1118 1214
f 1117 1214 1213
f 1118 1119 1215
f 1118 1215 1214
f 1119 1120 1216
f 1119 1216 1215
f 1120 1121 1217
f 1120 1217 1216
f 1121 1122 1218
f 1121 1218 1217
f 1122 1123 1219
f 1122 1219 1218
f 1123 1124 1220
f 1123 1220 1219
f 1124 1125 1221
f 1124 1221 1220
f 1125 1126 1222
f 1125 1222 1221
f 1126 1127 1223
f 1126 1223 1222
f 1127 1128 1224
f 1127 1224 1223
f 1128 1129 1225
f 1128 1225 1224
f 1129 1130 1226
f 1129 1226 1225
f 1130 1131 1227
f 1130 1227 1226
f 1131 1132 1228
f 1131 1228 1227
f 1132 1133 1229
f 1132 1229 1228
f 1133 1134 1230
f 1133 1230 1229
f 1134 1135 1231
f 1134 1231 1230
f 1135 1136 1232
f 1135 1232 1231
f 1136 1137 1233
f 1136 1233 1232
f 1137 1138 1234
f 1137 1234 1233
f 1138 1139 1235
f 1138 1235 1234
f 1139 1140 1236
f 1139 1236 1235
f 1140 1141 1237
f 1140 1237 1236
f 1141 1142 1238
f 1141 1238 1237
f 1142 1143 1239
f 1142 1239 1238
f 1143 1144 1240
f 1143 1240 1239
f 1144 1145 1241
f 1144 1241 1240
f 1145 1146 1242
f 1145 1242 1241
f 1146 1147 1243
f 1146 1243 1242
f 1147 1148 1244
f 1147 1244 1243
f 1148 1149 1245
f 1148 1245 1244
f 1149 1150 1246
f 1149 1246 1245
f 1150 1151 1247
f 1150 1247 1246
f 1151 1152 1248
f 1151 1248 1247
f 1152 1153 1249
f 1152 1249 1248
f 1153 1058 1154
f 1153 1154 1249
f 1154 1155 1251
f 1154 1251 1250
f 1155 1156 1252
f 1155 1252 1251
f 1156 1157 1253
f 1156 1253 1252
f 1157 1158 1254
f 1157 1254 1253
f 1158 1159 1255
f 1158 1255 1254
f 1159 1160 1256
f 1159 1256 1255
f 1160 1161 1257
f 1160 1257 1256
f 1161 1162 1258
f 1161 1258 1257
f 1162 1163 1259
f 1162 1259 1258
f 1163 1164 1260
f 1163 1260 1259
f 1164 1165 1261
f 1164 1261 1260
f 1165 1166 1262
f 1165 1262 1261
f 1166 1167 1263
f 1166 1263 1262
f 1167 1168 1264
f 1167 1264 1263
f 1168 1169 1265
f 1168 1265 1264
f 1169 1170 1266
f 1169 1266 1265
f 1170 1171 1267
f 1170 1267 1266
f 1171 1172 1268
f 1171 1268 1267
f 1172 1173 1269
f 1172 1269 1268
f 1173 1174 1270
f 1173 1270 1269
f 1174 1175 1271
f 1174 1271 1270
f 1175 1176 1272
f 1175 1272 1271
f 1176 1177 1273
f 1176 1273 1272
f 1177 1178 1274
f 1177 1274 1273
f 1178 1179 1275
f 1178 1275 1274
f 1179 1180 1276
f 1179 1276 1275
f 1180 1181 1277
f 1180 1277 1276
f 1181 1182 1278
f 1181 1278 1277
f 1182 1183 1279
f 1182 1279 1278
f 1183 1184 1280
f 1183 1280 1279
f 1184 1185 1281
f 1184 1281 1280
f 1185 1186 1282
f 1185 1282 1281
f 1186 1187 1283
f 1186 1283 1282
f 1187 1188 1284
f 1187 1284 1283
f 1188 1189 1285
f 1188 1285 1284
f 1189 1190 1286
f 1189 1286 1285
f 1190 1191 1287
f 1190 1287 1286
f 1191 1192 1288
f 1191 1288 1287
f 1192 1193 1289
f 1192 1289 1288
f 1193 1194 1290
f 1193 1290 1289
f 1194 1195 1291
f 1194 1291 1290
f 1195 1196 1292
f 1195 1292 1291
f 1196 1197 1293
f 1196 1293 1292
f 1197 1198 1294
f 1197 1294 1293
f 1198 1199 1295
f 1198 1295 1294
f 1199 1200 1296
f 1199 1296 1295
f 1200 1201 1297
f 1200 1297 1296
f 1201 1202 1298
f 1201 1298 1297
f 1202 1203 1299
f 1202 1299 1298
f 1203 1204 1300
f 1203 1300 1299
f 1204 1205 1301
f 1204 1301 1300
f 1205 1206 1302
f 1205 1302 1301
f 1206 1207 1303
f 1206 1303 1302
f 1207 1208 1304
f 1207 1304 1303
f 1208 1209 1305
f 1208 1305 1304
f 1209 1210 1306
f 1209 1306 1305
f 1210 1211 1307
f 1210 1307 1306
f 1211 1212 1308
f 1211 1308 1307
f 1212 1213 1309
f 1212 1309 1308
f 1213 1214 1310
f 1213 1310 1309
f 1214 1215 1311
f 1214 1311 1310
f 1215 1216 1312
f 1215 1312 1311
f 1216 1217 1313
f 1216 1313 1312
f 1217 1218 1314
f 1217 1314 1313
f 1218 1219 1315
f 1218 1315 1314
f 1219 1220 1316
f 1219 1316 1315
f 1220 1221 1317
f 1220 1317 1316
f 1221 1222 1318
f 1221 1318 1317
f 1222 1223 1319
f 1222 1319 1318
f 1223 1224 1320
f 1223 1320 1319
f 1224 1225 1321
f 1224 1321 1320
f 1225 1226 1322
f 1225 1322 1321
f 1226 1227 1323
f 1226 1323 1322
f 1227 1228 1324
f 1227 1324 1323
f 1228 1229 1325
f 1228 1325 1324
f 1229 1230 1326
f 1229 1326 1325
f 1230 1231 1327
f 1230 1327 1326
f 1231 1232 1328
f 1231 1328 1327
f 1232 1233 1329
f 1232 1329 1328
f 1233 1234 1330
f 1233 1330 1329
f 1234 1235 1331
f 1234 1331 1330
f 1235 1236 1332
f 1235 1332 1331
f 1236 1237 1333
f 1236 1333 1332
f 1237 1238 1334
f 1237 1334 1333
f 1238 1239 1335
f 1238 1335 1334
f 1239 1240 1336
f 1239 1336 1335
f 1240 1241 1337
f 1240 1337 1336
f 1241 1242 1338
f 1241 1338 1337
f 1242 1243 1339
f 1242 1339 1338
f 1243 1244 1340
f 1243 1340 1339
f 1244 1245 1341
f 1244 1341 1340
f 1245 1246 1342
f 1245 1342 1341
f 1246 1247 1343
f 1246 1343 1342
f 1247 1248 1344
f 1247 1344 1343
f 1248 1249 1345
f 1248 1345 1344
f 1249 1154 1250
f 1249 1250 1345
f 1250 1251 1347
f 1250 1347 1346
f 1251 1252 1348
f 1251 1348 1347
f 1252 1253 1349
f 1252 1349 1348
f 1253 1254 1350
f 1253 1350 1349
f 1254 1255 1351
f 1254 1351 1350
f 1255 1256 1352
f 1255 1352 1351
f 1256 1257 1353
f 1256 1353 1352
f 1257 1258 1354
f 1257 1354 1353
f 1258 1259 1355
f 1258 1355 1354
f 1259 1260 1356
f 1259 1356 1355
f 1260 1261 1357
f 1260 1357 1356
f 1261 1262 1358
f 1261 1358 1357
f 1262 1263 1359
f 1262 1359 1358
f 1263 1264 1360
f 1263 1360 1359
f 1264 1265 1361
f 1264 1361 1360
f 1265 1266 1362
f 1265 1362 1361
f 1266 1267 1363
f 1266 1363 1362
f 1267 1268 1364
f 1267 1364 1363
f 1268 1269 1365
f 1268 1365 1364
f 1269 1270 1366
f 1269 1366 1365
f 1270 1271 1367
f 1270 1367 1366
f 1271 1272 1368
f 1271 1368 1367
f 1272 1273 1369
f 1272 1369 1368
f 1273 1274 1370
f 1273 1370 1369
f 1274 1275 1371
f 1274 1371 1370
f 1275 1276 1372
f 1275 1372 1371
f 1276 1277 1373
f 1276 1373 1372
f 1277 1278 1374
f 1277 1374 1373
f 1278 1279 1375
f 1278 1375 1374
f 1279 1280 1376
f 1279 1376 1375
f 1280 1281 1377
f 1280 1377 1376
f 1281 1282 1378
f 1281 1378 1377
f 1282 1283 1379
f 1282 1379 1378
f 1283 1284 1380
f 1283 1380 1379
f 1284 1285 1381
f 1284 1381 1380
f 1285 1286 1382
f 1285 1382 1381
f 1286 1287 1383
f 1286 1383 1382
f 1287 1288 1384
f 1287 1384 1383
f 1288 1289 1385
f 1288 1385 1384
f 1289 1290 1386
f 1289 1386 1385
f 1290 1291 1387
f 1290 1387 1386
f 1291 1292 1388
f 1291 1388 1387
f 1292 1293 1389
f 1292 1389 1388
f 1293 1294 1390
f 1293 1390 1389
f 1294 1295 1391
f 1294 1391 1390
f 1295 1296 1392
f 1295 1392 1391
f 1296 1297 1393
f 1296 1393 1392
f 1297 1298 1394
f 1297 1394 1393
f 1298 1299 1395
f 1298 1395 1394
f 1299 1300 1396
f 1299 1396 1395
f 1300 1301 1397
f 1300 1397 1396
f 1301 1302 1398
f 1301 1398 1397
f 1302 1303 1399
f 1302 1399 1398
f 1303 1304 1400
f 1303 1400 1399
f 1304 1305 1401
f 1304 1401 1400
f 1305 1306 1402
f 1305 1402 1401
f 1306 1307 1403
f 1306 1403 1402
f 1307 1308 1404
f 1307 1404 1403
f 1308 1309 1405
f 1308 1405 1404
f 1309 1310 1406
f 1309 1406 1405
f 1310 1311 1407
f 1310 1407 1406
f 1311 1312 1408
f 1311 1408 1407
f 1312 1313 1409
f 1312 1409 1408
f 1313 1314 1410
f 1313 1410 1409
f 1314 1315 1411
f 1314 1411 1410
f 1315 1316 1412
f 1315 1412 1411
f 1316 1317 1413
f 1316 1413 1412
f 1317 1318 1414
f 1317 1414 1413
f 1318 1319 1415
f 1318 1415 1414
f 1319 1320 1416
f 1319 1416 1415
f 1320 1321 1417
f 1320 1417 1416
f 1321 1322 1418
f 1321 1418 1417
f 1322 1323 1419
f 1322 1419 1418
f 1323 1324 1420
f 1323 1420 1419
f 1324 1325 1421
f 1324 1421 1420
f 1325 1326 1422
f 1325 1422 1421
f 1326 1327 1423
f 1326 1423 1422
f 1327 1328 1424
f 1327 1424 1423
f 1328 1329 1425
f 1328 1425 1424
f 1329 1330 1426
f 1329 1426 1425
f 1330 1331 1427
f 1330 1427 1426
f 1331 1332 1428
f 1331 1428 1427
f 1332 1333 1429
f 1332 1429 1428
f 1333 1334 1430
f 1333 1430 1429
f 1334 1335 1431
f 1334 1431 1430
f 1335 1336 1432
f 1335 1432 1431
f 1336 1337 1433
f 1336 1433 1432
f 1337 1338 1434
f 1337 1434 1433
f 1338 1339 1435
f 1338 1435 1434
f 1339 1340 1436
f 1339 1436 1435
f 1340 1341 1437
f 1340 1437 1436
f 1341 1342 1438
f 1341 1438 1437
f 1342 1343 1439
f 1342 1439 1438
f 1343 1344 1440
f 1343 1440 1439
f 1344 1345 1441
f 1344 1441 1440
f 1345 1250 1346
f 1345 1346 1441
f 1346 1347 1443
f 1346 1443 1442
f 1347 1348 1444
f 1347 1444 1443
f 1348 1349 1445
f 1348 1445 1444
f 1349 1350 1446
f 1349 1446 1445
f 1350 1351 1447
f 1350 1447 1446
f 1351 1352 1448
f 1351 1448 1447
f 1352 1353 1449
f 1352 1449 1448
f 1353 1354 1450
f 1353 1450 1449
f 1354 1355 1451
f 1354 1451 1450
f 1355 1356 1452
f 1355 1452 1451
f 1356 1357 1453
f 1356 1453 1452
f 1357 1358 1454
f 1357 1454 1453
f 1358 1359 1455
f 1358 1455 1454
f 1359 1360 1456
f 1359 1456 1455
f 1360 1361 1457
f 1360 1457 1456
f 1361 1362 1458
f 1361 1458 1457
f 1362 1363 1459
f 1362 1459 1458
f 1363 1364 1460
f 1363 1460 1459
f 1364 1365 1461
f 1364 1461 1460
f 1365 1366 1462
f 1365 1462 1461
f 1366 1367 1463
f 1366 1463 1462
f 1367 1368 1464
f 1367 1464 1463
f 1368 1369 1465
f 1368 1465 1464
f 1369 1370 1466
f 1369 1466 1465
f 1370 1371 1467
f 1370 1467 1466
f 1371 1372 1468
f 1371 1468 1467
f 1372 1373 1469
f 1372 1469 1468
f 1373 1374 1470
f 1373 1470 1469
f 1374 1375 1471
f 1374 1471 1470
f 1375 1376 1472
f 1375 1472 1471
f 1376 1377 1473
f 1376 1473 1472
f 1377 1378 1474
f 1377 1474 1473
f 1378 1379 1475
f 1378 1475 1474
f 1379 1380 1476
f 1379 1476 1475
f 1380 1381 1477
f 1380 1477 1476
f 1381 1382 1478
f 1381 1478 1477
f 1382 1383 1479
f 1382 1479 1478
f 1383 1384 1480
f 1383 1480 1479
f 1384 1385 1481
f 1384 1481 1480
f 1385 1386 1482
f 1385 1482 1481
f 1386 1387 1483
f 1386 1483 1482
f 1387 1388 1484
f 1387 1484 1483
f 1388 1389 1485
f 1388 1485 1484
f 1389 1390 1486
f 1389 1486 1485
f 1390 1391 1487
f 1390 1487 1486
f 1391 1392 1488
f 1391 1488 1487
f 1392 1393 1489
f 1392 1489 1488
f 1393 1394 1490
f 1393 1490 1489
f 1394 1395 1491
f 1394 1491 1490
f 1395 1396 1492
f 1395 1492 1491
f 1396 1397 1493
f 1396 1493 1492
f 1397 1398 1494
f 1397 1494 1493
f 1398 1399 1495
f 1398 1495 1494
f 1399 1400 1496
f 1399 1496 1495
f 1400 1401 1497
f 1400 1497 1496
f 1401 1402 1498
f 1401 1498 1497
f 1402 1403 1499
f 1402 1499 1498
f 1403 1404 1500
f 1403 1500 1499
f 1404 1405 1501
f 1404 1501 1500
f 1405 1406 1502
f 1405 1502 1501
f 1406 1407 1503
f 1406 1503 1502
f 1407 1408 1504
f 1407 1504 1503
f 1408 1409 1505
f 1408 1505 1504
f 1409 1410 1506
f 1409 1506 1505
f 1410 1411 1507
f 1410 1507 1506
f 1411 1412 1508
f 1411 1508 1507
f 1412 1413 1509
f 1412 1509 1508
f 1413 1414 1510
f 1413 1510 1509
f 1414 1415 1511
f 1414 1511 1510
f 1415 1416 1512
f 1415 1512 1511
f 1416 1417 1513
f 1416 1513 1512
f 1417 1418 1514
f 1417 1514 1513
f 1418 1419 1515
f 1418 1515 1514
f 1419 1420 1516
f 1419 1516 1515
f 1420 1421 1517
f 1420 1517 1516
f 1421 1422 1518
f 1421 1518 1517
f 1422 1423 1519
f 1422 1519 1518
f 1423 1424 1520
f 1423 1520 1519
f 1424 1425 1521
f 1424 1521 1520
f 1425 1426 1522
f 1425 1522 1521
f 1426 1427 1523
f 1426 1523 1522
f 1427 1428 1524
f 1427 1524 1523
f 1428 1429 1525
f 1428 1525 1524
f 1429 1430 1526
f 1429 1526 1525
f 1430 1431 1527
f 1430 1527 1526
f 1431 1432 1528
f 1431 1528 1527
f 1432 1433 1529
f 1432 1529 1528
f 1433 1434 1530
f 1433 1530 1529
f 1434 1435 1531
f 1434 1531 1530
f 1435 1436 1532
f 1435 1532 1531
f 1436 1437 1533
f 1436 1533 1532
f 1437 1438 1534
f 1437 1534 1533
f 1438 1439 1535
f 1438 1535 1534
f 1439 1440 1536
f 1439 1536 1535
f 1440 1441 1537
f 1440 1537 1536
f 1441 1346 1442
f 1441 1442 1537
f 1442 1443 1539
f 1442 1539 1538
f 1443 1444 1540
f 1443 1540 1539
f 1444 1445 1541
f 1444 1541 1540
f 1445 1446 1542
f 1445 1542 1541
f 1446 1447 1543
f 1446 1543 1542
f 1447 1448 1544
f 1447 1544 1543
f 1448 1449 1545
f 1448 1545 1544
f 1449 1450 1546
f 1449 1546 1545
f 1450 1451 1547
f 1450 1547 1546
f 1451 1452 1548
f 1451 1548 1547
f 1452 1453 1549
f 1452 1549 1548
f 1453 1454 1550
f 1453 1550 1549
f 1454 1455 1551
f 1454 1551 1550
f 1455 1456 1552
f 1455 1552 1551
f 1456 1457 1553
f 1456 1553 1552
f 1457 1458 1554
f 1457 1554 1553
f 1458 1459 1555
f 1458 1555 1554
f 1459 1460 1556
f 1459 1556 1555
f 1460 1461 1557
f 1460 1557 1556
f 1461 1462 1558
f 1461 1558 1557
f 1462 1463 1559
f 1462 1559 1558
f 1463 1464 1560
f 1463 1560 1559
f 1464 1465 1561
f 1464 1561 1560
f 1465 1466 1562
f 1465 1562 1561
f 1466 1467 1563
f 1466 1563 1562
f 1467 1468 1564
f 1467 1564 1563
f 1468 1469 1565
f 1468 1565 1564
f 1469 1470 1566
f 1469 1566 1565
f 1470 1471 1567
f 1470 1567 1566
f 1471 1472 1568
f 1471 1568 1567
f 1472 1473 1569
f 1472 1569 1568
f 1473 1474 1570
f 1473 1570 1569
f 1474 1475 1571
f 1474 1571 1570
f 1475 1476 1572
f 1475 1572 1571
f 1476 1477 1573
f 1476 1573 1572
f 1477 1478 1574
f 1477 1574 1573
f 1478 1479 1575
f 1478 1575 1574
f 1479 1480 1576
f 1479 1576 1575
f 1480 1481 1577
f 1480 1577 1576
f 1481 1482 1578
f 1481 1578 1577
f 1482 1483 1579
f 1482 1579 1578
f 1483 1484 1580
f 1483 1580 1579
f 1484 1485 1581
f 1484 1581 1580
f 1485 1486 1582
f 1485 1582 1581
f 1486 1487 1583
f 1486 1583 1582
f 1487 1488 1584
f 1487 1584 1583
f 1488 1489 1585
f 1488 1585 1584
f 1489 1490 1586
f 1489 1586 1585
f 1490 1491 1587
f 1490 1587 1586
f 1491 1492 1588
f 1491 1588 1587
f 1492 1493 1589
f 1492 1589 1588
f 1493 1494 1590
f 1493 1590 1589
f 1494 1495 1591
f 1494 1591 1590
f 1495 1496 1592
f 1495 1592 1591
f 1496 1497 1593
f 1496 1593 1592
f 1497 1498 1594
f 1497 1594 1593
f 1498 1499 1595
f 1498 1595 1594
f 1499 1500 1596
f 1499 1596 1595
f 1500 1501 1597
f 1500 1597 1596
f 1501 1502 1598
f 1501 1598 1597
f 1502 1503 1599
f 1502 1599 1598
f 1503 1504 1600
f 1503 1600 1599
f 1504 1505 1601
f 1504 1601 1600
f 1505 1506 1602
f 1505 1602 1601
f 1506 1507 1603
f 1506 1603 1602
f 1507 1508 1604
f 1507 1604 1603
f 1508 1509 1605
f 1508 1605 1604
f 1509 1510 1606
f 1509 1606 1605
f 1510 1511 1607
f 1510 1607 1606
f 1511 1512 1608
f 1511 1608 1607
f 1512 1513 1609
f 1512 1609 1608
f 1513 1514 1610
f 1513 1610 1609
f 1514 1515 1611
f 1514 1611 1610
f 1515 1516 1612
f 1515 1612 1611
f 1516 1517 1613
f 1516 1613 1612
f 1517 1518 1614
f 1517 1614 1613
f 1518 1519 1615
f 1518 1615 1614
f 1519 1520 1616
f 1519 1616 1615
f 1520 1521 1617
f 1520 1617 1616
f 1521 1522 1618
f 1521 1618 1617
f 1522 1523 1619
f 1522 1619 1618
f 1523 1524 1620
f 1523 1620 1619
f 1524 1525 1621
f 1524 1621 1620
f 1525 1526 1622
f 1525 1622 1621
f 1526 1527 1623
f 1526 1623 1622
f 1527 1528 1624
f 1527 1624 1623
f 1528 1529 1625
f 1528 1625 1624
f 1529 1530 1626
f 1529 1626 1625
f 1530 1531 1627
f 1530 1627 1626
f 1531 1532 1628
f 1531 1628 1627
f 1532 1533 1629
f 1532 1629 1628
f 1533 1534 1630
f 1533 1630 1629
f 1534 1535 1631
f 1534 1631 1630
f 1535 1536 1632
f 1535 1632 1631
f 1536 1537 1633
f 1536 1633 1632
f 1537 1442 1538
f 1537 1538 1633
f 1538 1539 1635
f 1538 1635 1634
f 1539 1540 1636
f 1539 1636 1635
f 1540 1541 1637
f 1540 1637 1636
f 1541 1542 1638
f 1541 1638 1637
f 1542 1543 1639
f 1542 1639 1638
f 1543 1544 1640
f 1543 1640 1639
f 1544 1545 1641
f 1544 1641 1640
f 1545 1546 1642
f 1545 1642 1641
f 1546 1547 1643
f 1546 1643 1642
f 1547 1548 1644
f 1547 1644 1643
f 1548 1549 1645
f 1548 1645 1644
f 1549 1550 1646
f 1549 1646 1645
f 1550 1551 1647
f 1550 1647 1646
f 1551 1552 1648
f 1551 1648 1647
f 1552 1553 1649
f 1552 1649 1648
f 1553 1554 1650
f 1553 1650 1649
f 1554 1555 1651
f 1554 1651 1650
f 1555 1556 1652
f 1555 1652 1651
f 1556 1557 1653
f 1556 1653 1652
f 1557 1558 1654
f 1557 1654 1653
f 1558 1559 1655
f 1558 1655 1654
f 1559 1560 1656
f 1559 1656 1655
f 1560 1561 1657
f 1560 1657 1656
f 1561 1562 1658
f 1561 1658 1657
f 1562 1563 1659
f 1562 1659 1658
f 1563 1564 1660
f 1563 1660 1659
f 1564 1565 1661
f 1564 1661 1660
f 1565 1566 1662
f 1565 1662 1661
f 1566 1567 1663
f 1566 1663 1662
f 1567 1568 1664
f 1567 1664 1663
f 1568 1569 1665
f 1568 1665 1664
f 1569 1570 1666
f 1569 1666 1665
f 1570 1571 1667
f 1570 1667 1666
f 1571 1572 1668
f 1571 1668 1667
f 1572 1573 1669
f 1572 1669 1668
f 1573 1574 1670
f 1573 1670 1669
f 1574 1575 1671
f 1574 1671 1670
f 1575 1576 1672
f 1575 1672 1671
f 1576 1577 1673
f 1576 1673 1672
f 1577 1578 1674
f 1577 1674 1673
f 1578 1579 1675
f 1578 1675 1674
f 1579 1580 1676
f 1579 1676 1675
f 1580 1581 1677
f 1580 1677 1676
f 1581 1582 1678
f 1581 1678 1677
f 1582 1583 1679
f 1582 1679 1678
f 1583 1584 1680
f 1583 1680 1679
f 1584 1585 1681
f 1584 1681 1680
f 1585 1586 1682
f 1585 1682 1681
f 1586 1587 1683
f 1586 1683 1682
f 1587 1588 1684
f 1587 1684 1683
f 1588 1589 1685
f 1588 1685 1684
f 1589 1590 1686
f 1589 1686 1685
f 1590 1591 1687
f 1590 1687 1686
f 1591 1592 1688
f 1591 1688 1687
f 1592 1593 1689
f 1592 1689 1688
f 1593 1594 1690
f 1593 1690 1689
f 1594 1595 1691
f 1594 1691 1690
f 1595 1596 1692
f 1595 1692 1691
f 1596 1597 1693
f 1596 1693 1692
f 1597 1598 1694
f 1597 1694 1693
f 1598 1599 1695
f 1598 1695 1694
f 1599 1600 1696
f 1599 1696 1695
f 1600 1601 1697
f 1600 1697 1696
f 1601 1602 1698
f 1601 1698 1697
f 1602 1603 1699
f 1602 1699 1698
f 1603 1604 1700
f 1603 1700 1699
f 1604 1605 1701
f 1604 1701 1700
f 1605 1606 1702
f 1605 1702 1701
f 1606 1607 1703
f 1606 1703 1702
f 1607 1608 1704
f 1607 1704 1703
f 1608 1609 1705
f 1608 1705 1704
f 1609 1610 1706
f 1609 1706 1705
f 1610 1611 1707
f 1610 1707 1706
f 1611 1612 1708
f 1611 1708 1707
f 1612 1613 1709
f 1612 1709 1708
f 1613 1614 1710
f 1613 1710 1709
f 1614 1615 1711
f 1614 1711 1710
f 1615 1616 1712
f 1615 1712 1711
f 1616 1617 1713
f 1616 1713 1712
f 1617 1618 1714
f 1617 1714 1713
f 1618 1619 1715
f 1618 1715 1714
f 1619 1620 1716
f 1619 1716 1715
f 1620 1621 1717
f 1620 1717 1716
f 1621 1622 1718
f 1621 1718 1717
f 1622 1623 1719
f 1622 1719 1718
f 1623 1624 1720
f 1623 1720 1719
f 1624 1625 1721
f 1624 1721 1720
f 1625 1626 1722
f 1625 1722 1721
f 1626 1627 1723
f 1626 1723 1722
f 1627 1628 1724
f 1627 1724 1723
f 1628 1629 1725
f 1628 1725 1724
f 1629 1630 1726
f 1629 1726 1725
f 1630 1631 1727
f 1630 1727 1726
f 1631 1632 1728
f 1631 1728 1727
f 1632 1633 1729
f 1632 1729 1728
f 1633 1538 1634
f 1633 1634 1729
f 1634 1635 1731
f 1634 1731 1730
f 1635 1636 1732
f 1635 1732 1731
f 1636 1637 1733
f 1636 1733 1732
f 1637 1638 1734
f 1637 1734 1733
f 1638 1639 1735
f 1638 1735 1734
f 1639 1640 1736
f 1639 1736 1735
f 1640 1641 1737
f 1640 1737 1736
f 1641 1642 1738
f 1641 1738 1737
f 1642 1643 1739
f 1642 1739 1738
f 1643 1644 1740
f 1643 1740 1739
f 1644 1645 1741
f 1644 1741 1740
f 1645 1646 1742
f 1645 1742 1741
f 1646 1647 1743
f 1646 1743 1742
f 1647 1648 1744
f 1647 1744 1743
f 1648 1649 1745
f 1648 1745 1744
f 1649 1650 1746
f 1649 1746 1745
f 1650 1651 1747
f 1650 1747 1746
f 1651 1652 1748
f 1651 1748 1747
f 1652 1653 1749
f 1652 1749 1748
f 1653 1654 1750
f 1653 1750 1749
f 1654 1655 1751
f 1654 1751 1750
f 1655 1656 1752
f 1655 1752 1751
f 1656 1657 1753
f 1656 1753 1752
f 1657 1658 1754
f 1657 1754 1753
f 1658 1659 1755
f 1658 1755 1754
f 1659 1660 1756
f 1659 1756 1755
f 1660 1661 1757
f 1660 1757 1756
f 1661 1662 1758
f 1661 1758 1757
f 1662 1663 1759
f 1662 1759 1758
f 1663 1664 1760
f 1663 1760 1759
f 1664 1665 1761
f 1664 1761 1760
f 1665 1666 1762
f 1665 1762 1761
f 1666 1667 1763
f 1666 1763 1762
f 1667 1668 1764
f 1667 1764 1763
f 1668 1669 1765
f 1668 1765 1764
f 1669 1670 1766
f 1669 1766 1765
f 1670 1671 1767
f 1670 1767 1766
f 1671 1672 1768
f 1671 1768 1767
f 1672 1673 1769
f 1672 1769 1768
f 1673 1674 1770
f 1673 1770 1769
f 1674 1675 1771
f 1674 1771 1770
f 1675 1676 1772
f 1675 1772 1771
f 1676 1677 1773
f 1676 1773 1772
f 1677 1678 1774
f 1677 1774 1773
f 1678 1679 1775
f 1678 1775 1774
f 1679 1680 1776
f 1679 1776 1775
f 1680 1681 1777
f 1680 1777 1776
f 1681 1682 1778
f 1681 1778 1777
f 1682 1683 1779
f 1682 1779 1778
f 1683 1684 1780
f 1683 1780 1779
f 1684 1685 1781
f 1684 1781 1780
f 1685 1686 1782
f 1685 1782 1781
f 1686 1687 1783
f 1686 1783 1782
f 1687 1688 1784
f 1687 1784 1783
f 1688 1689 1785
f 1688 1785 1784
f 1689 1690 1786
f 1689 1786 1785
f 1690 1691 1787
f 1690 1787 1786
f 1691 1692 1788
f 1691 1788 1787
f 1692 1693 1789
f 1692 1789 1788
f 1693 1694 1790
f 1693 1790 1789
f 1694 1695 1791
f 1694 1791 1790
f 1695 1696 1792
f 1695 1792 1791
f 1696 1697 1793
f 1696 1793 1792
f 1697 1698 1794
f 1697 1794 1793
f 1698 1699 1795
f 1698 1795 1794
f 1699 1700 1796
f 1699 1796 1795
f 1700 1701 1797
f 1700 1797 1796
f 1701 1702 1798
f 1701 1798 1797
f 1702 1703 1799
f 1702 1799 1798
f 1703 1704 1800
f 1703 1800 1799
f 1704 1705 1801
f 1704 1801 1800
f 1705 1706 1802
f 1705 1802 1801
f 1706 1707 1803
f 1706 1803 1802
f 1707 1708 1804
f 1707 1804 1803
f 1708 1709 1805
f 1708 1805 1804
f 1709 1710 1806
f 1709 1806 1805
f 1710 1711 1807
f 1710 1807 1806
f 1711 1712 1808
f 1711 1808 1807
f 1712 1713 1809
f 1712 1809 1808
f 1713 1714 1810
f 1713 1810 1809
f 1714 1715 1811
f 1714 1811 1810
f 1715 1716 1812
f 1715 1812 1811
f 1716 1717 1813
f 1716 1813 1812
f 1717 1718 1814
f 1717 1814 1813
f 1718 1719 1815
f 1718 1815 1814
f 1719 1720 1816
f 1719 1816 1815
f 1720 1721 1817
f 1720 1817 1816
f 1721 1722 1818
f 1721 1818 1817
f 1722 1723 1819
f 1722 1819 1818
f 1723 1724 1820
f 1723 1820 1819
f 1724 1725 1821
f 1724 1821 1820
f 1725 1726 1822
f 1725 1822 1821
f 1726 1727 1823
f 1726 1823 1822
f 1727 1728 1824
f 1727 1824 1823
f 1728 1729 1825
f 1728 1825 1824
f 1729 1634 1730
f 1729 1730 1825
f 1730 1731 1827
f 1730 1827 1826
f 1731 1732 1828
f 1731 1828 1827
f 1732 1733 1829
f 1732 1829 1828
f 1733 1734 1830
f 1733 1830 1829
f 1734 1735 1831
f 1734 1831 1830
f 1735 1736 1832
f 1735 1832 1831
f 1736 1737 1833
f 1736 1833 1832
f 1737 1738 1834
f 1737 1834 1833
f 1738 1739 1835
f 1738 1835 1834
f 1739 1740 1836
f 1739 1836 1835
f 1740 1741 1837
f 1740 1837 1836
f 1741 1742 1838
f 1741 1838 1837
f 1742 1743 1839
f 1742 1839 1838
f 1743 1744 1840
f 1743 1840 1839
f 1744 1745 1841
f 1744 1841 1840
f 1745 1746 1842
f 1745 1842 1841
f 1746 1747 1843
f 1746 1843 1842
f 1747 1748 1844
f 1747 1844 1843
f 1748 1749 1845
f 1748 1845 1844
f 1749 1750 1846
f 1749 1846 1845
f 1750 1751 1847
f 1750 1847 1846
f 1751 1752 1848
f 1751 1848 1847
f 1752 1753 1849
f 1752 1849 1848
f 1753 1754 1850
f 1753 1850 1849
f 1754 1755 1851
f 1754 1851 1850
f 1755 1756 1852
f 1755 1852 1851
f 1756 1757 1853
f 1756 1853 1852
f 1757 1758 1854
f 1757 1854 1853
f 1758 1759 1855
f 1758 1855 1854
f 1759 1760 1856
f 1759 1856 1855
f 1760 1761 1857
f 1760 1857 1856
f 1761 1762 1858
f 1761 1858 1857
f 1762 1763 1859
f 1762 1859 1858
f 1763 1764 1860
f 1763 1860 1859
f 1764 1765 1861
f 1764 1861 1860
f 1765 1766 1862
f 1765 1862 1861
f 1766 1767 1863
f 1766 1863 1862
f 1767 1768 1864
f 1767 1864 1863
f 1768 1769 1865
f 1768 1865 1864
f 1769 1770 1866
f 1769 1866 1865
f 1770 1771 1867
f 1770 1867 1866
f 1771 1772 1868
f 1771 1868 1867
f 1772 1773 1869
f 1772 1869 1868
f 1773 1774 1870
f 1773 1870 1869
f 1774 1775 1871
f 1774 1871 1870
f 1775 1776 1872
f 1775 1872 1871
f 1776 1777 1873
f 1776 1873 1872
f 1777 1778 1874
f 1777 1874 1873
f 1778 1779 1875
f 1778 1875 1874
f 1779 1780 1876
f 1779 1876 1875
f 1780 1781 1877
f 1780 1877 1876
f 1781 1782 1878
f 1781 1878 1877
f 1782 1783 1879
f 1782 1879 1878
f 1783 1784 1880
f 1783 1880 1879
f 1784 1785 1881
f 1784 1881 1880
f 1785 1786 1882
f 1785 1882 1881
f 1786 1787 1883
f 1786 1883 1882
f 1787 1788 1884
f 1787 1884 1883
f 1788 1789 1885
f 1788 1885 1884
f 1789 1790 1886
f 1789 1886 1885
f 1790 1791 1887
f 1790 1887 1886
f 1791 1792 1888
f 1791 1888 1887
f 1792 1793 1889
f 1792 1889 1888
f 1793 1794 1890
f 1793 1890 1889
f 1794 1795 1891
f 1794 1891 1890
f 1795 1796 1892
f 1795 1892 1891
f 1796 1797 1893
f 1796 1893 1892
f 1797 1798 1894
f 1797 1894 1893
f 1798 1799 1895
f 1798 1895 1894
f 1799 1800 1896
f 1799 1896 1895
f 1800 1801 1897
f 1800 1897 1896
f 1801 1802 1898
f 1801 1898 1897
f 1802 1803 1899
f 1802 1899 1898
f 1803 1804 1900
f 1803 1900 1899
f 1804 1805 1901
f 1804 1901 1900
f 1805 1806 1902
f 1805 1902 1901
f 1806 1807 1903
f 1806 1903 1902
f 1807 1808 1904
f 1807 1904 1903
f 1808 1809 1905
f 1808 1905 1904
f 1809 1810 1906
f 1809 1906 1905
f 1810 1811 1907
f 1810 1907 1906
f 1811 1812 1908
f 1811 1908 1907
f 1812 1813 1909
f 1812 1909 1908
f 1813 1814 1910
f 1813 1910 1909
f 1814 1815 1911
f 1814 1911 1910
f 1815 1816 1912
f 1815 1912 1911
f 1816 1817 1913
f 1816 1913 1912
f 1817 1818 1914
f 1817 1914 1913
f 1818 1819 1915
f 1818 1915 1914
f 1819 1820 1916
f 1819 1916 1915
f 1820 1821 1917
f 1820 1917 1916
f 1821 1822 1918
f 1821 1918 1917
f 1822 1823 1919
f 1822 1919 1918
f 1823 1824 1920
f 1823 1920 1919
f 1824 1825 1921
f 1824 1921 1920
f 1825 1730 1826
f 1825 1826 1921
f 1826 1827 1923
f 1826 1923 1922
f 1827 1828 1924
f 1827 1924 1923
f 1828 1829 1925
f 1828 1925 1924
f 1829 1830 1926
f 1829 1926 1925
f 1830 1831 1927
f 1830 1927 1926
f 1831 1832 1928
f 1831 1928 1927
f 1832 1833 1929
f 1832 1929 1928
f 1833 1834 1930
f 1833 1930 1929
f 1834 1835 1931
f 1834 1931 1930
f 1835 1836 1932
f 1835 1932 1931
f 1836 1837 1933
f 1836 1933 1932
f 1837 1838 1934
f 1837 1934 1933
f 1838 1839 1935
f 1838 1935 1934
f 1839 1840 1936
f 1839 1936 1935
f 1840 1841 1937
f 1840 1937 1936
f 1841 1842 1938
f 1841 1938 1937
f 1842 1843 1939
f 1842 1939 1938
f 1843 1844 1940
f 1843 1940 1939
f 1844 1845 1941
f 1844 1941 1940
f 1845 1846 1942
f 1845 1942 1941
f 1846 1847 1943
f 1846 1943 1942
f 1847 1848 1944
f 1847 1944 1943
f 1848 1849 1945
f 1848 1945 1944
f 1849 1850 1946
f 1849 1946 1945
f 1850 1851 1947
f 1850 1947 1946
f 1851 1852 1948
f 1851 1948 1947
f 1852 1853 1949
f 1852 1949 1948
f 1853 1854 1950
f 1853 1950 1949
f 1854 1855 1951
f 1854 1951 1950
f 1855 1856 1952
f 1855 1952 1951
f 1856 1857 1953
f 1856 1953 1952
f 1857 1858 1954
f 1857 1954 1953
f 1858 1859 1955
f 1858 1955 1954
f 1859 1860 1956
f 1859 1956 1955
f 1860 1861 1957
f 1860 1957 1956
f 1861 1862 1958
f 1861 1958 1957
f 1862 1863 1959
f 1862 1959 1958
f 1863 1864 1960
f 1863 1960 1959
f 1864 1865 1961
f 1864 1961 1960
f 1865 1866 1962
f 1865 1962 1961
f 1866 1867 1963
f 1866 1963 1962
f 1867 1868 1964
f 1867 1964 1963
f 1868 1869 1965
f 1868 1965 1964
f 1869 1870 1966
f 1869 1966 1965
f 1870 1871 1967
f 1870 1967 1966
f 1871 1872 1968
f 1871 1968 1967
f 1872 1873 1969
f 1872 1969 1968
f 1873 1874 1970
f 1873 1970 1969
f 1874 1875 1971
f 1874 1971 1970
f 1875 1876 1972
f 1875 1972 1971
f 1876 1877 1973
f 1876 1973 1972
f 1877 1878 1974
f 1877 1974 1973
f 1878 1879 1975
f 1878 1975 1974
f 1879 1880 1976
f 1879 1976 1975
f 1880 1881 1977
f 1880 1977 1976
f 1881 1882 1978
f 1881 1978 1977
f 1882 1883 1979
f 1882 1979 1978
f 1883 1884 1980
f 1883 1980 1979
f 1884 1885 1981
f 1884 1981 1980
f 1885 1886 1982
f 1885 1982 1981
f 1886 1887 1983
f 1886 1983 1982
f 1887 1888 1984
f 1887 1984 1983
f 1888 1889 1985
f 1888 1985 1984
f 1889 1890 1986
f 1889 1986 1985
f 1890 1891 1987
f 1890 1987 1986
f 1891 1892 1988
f 1891 1988 1987
f 1892 1893 1989
f 1892 1989 1988
f 1893 1894 1990
f 1893 1990 1989
f 1894 1895 1991
f 1894 1991 1990
f 1895 1896 1992
f 1895 1992 1991
f 1896 1897 1993
f 1896 1993 1992
f 1897 1898 1994
f 1897 1994 1993
f 1898 1899 1995
f 1898 1995 1994
f 1899 1900 1996
f 1899 1996 1995
f 1900 1901 1997
f 1900 1997 1996
f 1901 1902 1998
f 1901 1998 1997
f 1902 1903 1999
f 1902 1999 1998
f 1903 1904 2000
f 1903 2000 1999
f 1904 1905 2001
f 1904 2001 2000
f 1905 1906 2002
f 1905 2002 2001
f 1906 1907 2003
f 1906 2003 2002
f 1907 1908 2004
f 1907 2004 2003
f 1908 1909 2005
f 1908 2005 2004
f 1909 1910 2006
f 1909 2006 2005
f 1910 1911 2007
f 1910 2007 2006
f 1911 1912 2008
f 1911 2008 2007
f 1912 1913 2009
f 1912 2009 2008
f 1913 1914 2010
f 1913 2010 2009
f 1914 1915 2011
f 1914 2011 2010
f 1915 1916 2012
f 1915 2012 2011
f 1916 1917 2013
f 1916 2013 2012
f 1917 1918 2014
f 1917 2014 2013
f 1918 1919 2015
f 1918 2015 2014
f 1919 1920 2016
f 1919 2016 2015
f 1920 1921 2017
f 1920 2017 2016
f 1921 1826 1922
f 1921 1922 2017
f 1922 1923 2019
f 1922 2019 2018
f 1923 1924 2020
f 1923 2020 2019
f 1924 1925 2021
f 1924 2021 2020
f 1925 1926 2022
f 1925 2022 2021
f 1926 1927 2023
f 1926 2023 2022
f 1927 1928 2024
f 1927 2024 2023
f 1928 1929 2025
f 1928 2025 2024
f 1929 1930 2026
f 1929 2026 2025
f 1930 1931 2027
f 1930 2027 2026
f 1931 1932 2028
f 1931 2028 2027
f 1932 1933 2029
f 1932 2029 2028
f 1933 1934 2030
f 1933 2030 2029
f 1934 1935 2031
f 1934 2031 2030
f 1935 1936 2032
f 1935 2032 2031
f 1936 1937 2033
f 1936 2033 2032
f 1937 1938 2034
f 1937 2034 2033
f 1938 1939 2035
f 1938 2035 2034
f 1939 1940 2036
f 1939 2036 2035
f 1940 1941 2037
f 1940 2037 2036
f 1941 1942 2038
f 1941 2038 2037
f 1942 1943 2039
f 1942 2039 2038
f 1943 1944 2040
f 1943 2040 2039
f 1944 1945 2041
f 1944 2041 2040
f 1945 1946 2042
f 1945 2042 2041
f 1946 1947 2043
f 1946 2043 2042
f 1947 1948 2044
f 1947 2044 2043
f 1948 1949 2045
f 1948 2045 2044
f 1949 1950 2046
f 1949 2046 2045
f 1950 1951 2047
f 1950 2047 2046
f 1951 1952 2048
f 1951 2048 2047
f 1952 1953 2049
f 1952 2049 2048
f 1953 1954 2050
f 1953 2050 2049
f 1954 1955 2051
f 1954 2051 2050
f 1955 1956 2052
f 1955 2052 2051
f 1956 1957 2053
f 1956 2053 2052
f 1957 1958 2054
f 1957 2054 2053
f 1958 1959 2055
f 1958 2055 2054
f 1959 1960 2056
f 1959 2056 2055
f 1960 1961 2057
f 1960 2057 2056
f 1961 1962 2058
f 1961 2058 2057
f 1962 1963 2059
f 1962 2059 2058
f 1963 1964 2060
f 1963 2060 2059
f 1964 1965 2061
f 1964 2061 2060
f 1965 1966 2062
f 1965 2062 2061
f 1966 1967 2063
f 1966 2063 2062
f 1967 1968 2064
f 1967 2064 2063
f 1968 1969 2065
f 1968 2065 2064
f 1969 1970 2066
f 1969 2066 2065
f 1970 1971 2067
f 1970 2067 2066
f 1971 1972 2068
f 1971 2068 2067
f 1972 1973 2069
f 1972 2069 2068
f 1973 1974 2070
f 1973 2070 2069
f 1974 1975 2071
f 1974 2071 2070
f 1975 1976 2072
f 1975 2072 2071
f 1976 1977 2073
f 1976 2073 2072
f 1977 1978 2074
f 1977 2074 2073
f 1978 1979 2075
f 1978 2075 2074
f 1979 1980 2076
f 1979 2076 2075
f 1980 1981 2077
f 1980 2077 2076
f 1981 1982 2078
f 1981 2078 2077
f 1982 1983 2079
f 1982 2079 2078
f 1983 1984 2080
f 1983 2080 2079
f 1984 1985 2081
f 1984 2081 2080
f 1985 1986 2082
f 1985 2082 2081
f 1986 1987 2083
f 1986 2083 2082
f 1987 1988 2084
f 1987 2084 2083
f 1988 1989 2085
f 1988 2085 2084
f 1989 1990 2086
f 1989 2086 2085
f 1990 1991 2087
f 1990 2087 2086
f 1991 1992 2088
f 1991 2088 2087
f 1992 1993 2089
f 1992 2089 2088
f 1993 1994 2090
f 1993 2090 2089
f 1994 1995 2091
f 1994 2091 2090
f 1995 1996 2092
f 1995 2092 2091
f 1996 1997 2093
f 1996 2093 2092
f 1997 1998 2094
f 1997 2094 2093
f 1998 1999 2095
f 1998 2095 2094
f 1999 2000 2096
f 1999 2096 2095
f 2000 2001 2097
f 2000 2097 2096
f 2001 2002 2098
f 2001 2098 2097
f 2002 2003 2099
f 2002 2099 2098
f 2003 2004 2100
f 2003 2100 2099
f 2004 2005 2101
f 2004 2101 2100
f 2005 2006 2102
f 2005 2102 2101
f 2006 2007 2103
f 2006 2103 2102
f 2007 2008 2104
f 2007 2104 2103
f 2008 2009 2105
f 2008 2105 2104
f 2009 2010 2106
f 2009 2106 2105
f 2010 2011 2107
f 2010 2107 2106
f 2011 2012 2108
f 2011 2108 2107
f 2012 2013 2109
f 2012 2109 2108
f 2013 2014 2110
f 2013 2110 2109
f 2014 2015 2111
f 2014 2111 2110
f 2015 2016 2112
f 2015 2112 2111
f 2016 2017 2113
f 2016 2113 2112
f 2017 1922 2018
f 2017 2018 2113
f 2018 2019 2115
f 2018 2115 2114
f 2019 2020 2116
f 2019 2116 2115
f 2020 2021 2117
f 2020 2117 2116
f 2021 2022 2118
f 2021 2118 2117
f 2022 2023 2119
f 2022 2119 2118
f 2023 2024 2120
f 2023 2120 2119
f 2024 2025 2121
f 2024 2121 2120
f 2025 2026 2122
f 2025 2122 2121
f 2026 2027 2123
f 2026 2123 2122
f 2027 2028 2124
f 2027 2124 2123
f 2028 2029 2125
f 2028 2125 2124
f 2029 2030 2126
f 2029 2126 2125
f 2030 2031 2127
f 2030 2127 2126
f 2031 2032 2128
f 2031 2128 2127
f 2032 2033 2129
f 2032 2129 2128
f 2033 2034 2130
f 2033 2130 2129
f 2034 2035 2131
f 2034 2131 2130
f 2035 2036 2132
f 2035 2132 2131
f 2036 2037 2133
f 2036 2133 2132
f 2037 2038 2134
f 2037 2134 2133
f 2038 2039 2135
f 2038 2135 2134
f 2039 2040 2136
f 2039 2136 2135
f 2040 2041 2137
f 2040 2137 2136
f 2041 2042 2138
f 2041 2138 2137
f 2042 2043 2139
f 2042 2139 2138
f 2043 2044 2140
f 2043 2140 2139
f 2044 2045 2141
f 2044 2141 2140
f 2045 2046 2142
f 2045 2142 2141
f 2046 2047 2143
f 2046 2143 2142
f 2047 2048 2144
f 2047 2144 2143
f 2048 2049 2145
f 2048 2145 2144
f 2049 2050 2146
f 2049 2146 2145
f 2050 2051 2147
f 2050 2147 2146
f 2051 2052 2148
f 2051 2148 2147
f 2052 2053 2149
f 2052 2149 2148
f 2053 2054 2150
f 2053 2150 2149
f 2054 2055 2151
f 2054 2151 2150
f 2055 2056 2152
f 2055 2152 2151
f 2056 2057 2153
f 2056 2153 2152
f 2057 2058 2154
f 2057 2154 2153
f 2058 2059 2155
f 2058 2155 2154
f 2059 2060 2156
f 2059 2156 2155
f 2060 2061 2157
f 2060 2157 2156
f 2061 2062 2158
f 2061 2158 2157
f 2062 2063 2159
f 2062 2159 2158
f 2063 2064 2160
f 2063 2160 2159
f 2064 2065 2161
f 2064 2161 2160
f 2065 2066 2162
f 2065 2162 2161
f 2066 2067 2163
f 2066 2163 2162
f 2067 2068 2164
f 2067 2164 2163
f 2068 2069 2165
f 2068 2165 2164
f 2069 2070 2166
f 2069 2166 2165
f 2070 2071 2167
f 2070 2167 2166
f 2071 2072 2168
f 2071 2168 2167
f 2072 2073 2169
f 2072 2169 2168
f 2073 2074 2170
f 2073 2170 2169
f 2074 2075 2171
f 2074 2171 2170
f 2075 2076 2172
f 2075 2172 2171
f 2076 2077 2173
f 2076 2173 2172
f 2077 2078 2174
f 2077 2174 2173
f 2078 2079 2175
f 2078 2175 2174
f 2079 2080 2176
f 2079 2176 2175
f 2080 2081 2177
f 2080 2177 2176
f 2081 2082 2178
f 2081 2178 2177
f 2082 2083 2179
f 2082 2179 2178
f 2083 2084 2180
f 2083 2180 2179
f 2084 2085 2181
f 2084 2181 2180
f 2085 2086 2182
f 2085 2182 2181
f 2086 2087 2183
f 2086 2183 2182
f 2087 2088 2184
f 2087 2184 2183
f 2088 2089 2185
f 2088 2185 2184
f 2089 2090 2186
f 2089 2186 2185
f 2090 2091 2187
f 2090 2187 2186
f 2091 2092 2188
f 2091 2188 2187
f 2092 2093 2189
f 2092 2189 2188
f 2093 2094 2190
f 2093 2190 2189
f 2094 2095 2191
f 2094 2191 2190
f 2095 2096 2192
f 2095 2192 2191
f 2096 2097 2193
f 2096 2193 2192
f 2097 2098 2194
f 2097 2194 2193
f 2098 2099 2195
f 2098 2195 2194
f 2099 2100 2196
f 2099 2196 2195
f 2100 2101 2197
f 2100 2197 2196
f 2101 2102 2198
f 2101 2198 2197
f 2102 2103 2199
f 2102 2199 2198
f 2103 2104 2200
f 2103 2200 2199
f 2104 2105 2201
f 2104 2201 2200
f 2105 2106 2202
f 2105 2202 2201
f 2106 2107 2203
f 2106 2203 2202
f 2107 2108 2204
f 2107 2204 2203
f 2108 2109 2205
f 2108 2205 2204
f 2109 2110 2206
f 2109 2206 2205
f 2110 2111 2207
f 2110 2207 2206
f 2111 2112 2208
f 2111 2208 2207
f 2112 2113 2209
f 2112 2209 2208
f 2113 2018 2114
f 2113 2114 2209
f 2114 2115 2211
f 2114 2211 2210
f 2115 2116 2212
f 2115 2212 2211
f 2116 2117 2213
f 2116 2213 2212
f 2117 2118 2214
f 2117 2214 2213
f 2118 2119 2215
f 2118 2215 2214
f 2119 2120 2216
f 2119 2216 2215
f 2120 2121 2217
f 2120 2217 2216
f 2121 2122 2218
f 2121 2218 2217
f 2122 2123 2219
f 2122 2219 2218
f 2123 2124 2220
f 2123 2220 2219
f 2124 2125 2221
f 2124 2221 2220
f 2125 2126 2222
f 2125 2222 2221
f 2126 2127 2223
f 2126 2223 2222
f 2127 2128 2224
f 2127 2224 2223
f 2128 2129 2225
f 2128 2225 2224
f 2129 2130 2226
f 2129 2226 2225
f 2130 2131 2227
f 2130 2227 2226
f 2131 2132 2228
f 2131 2228 2227
f 2132 2133 2229
f 2132 2229 2228
f 2133 2134 2230
f 2133 2230 2229
f 2134 2135 2231
f 2134 2231 2230
f 2135 2136 2232
f 2135 2232 2231
f 2136 2137 2233
f 2136 2233 2232
f 2137 2138 2234
f 2137 2234 2233
f 2138 2139 2235
f 2138 2235 2234
f 2139 2140 2236
f 2139 2236 2235
f 2140 2141 2237
f 2140 2237 2236
f 2141 2142 2238
f 2141 2238 2237
f 2142 2143 2239
f 2142 2239 2238
f 2143 2144 2240
f 2143 2240 2239
f 2144 2145 2241
f 2144 2241 2240
f 2145 2146 2242
f 2145 2242 2241
f 2146 2147 2243
f 2146 2243 2242
f 2147 2148 2244
f 2147 2244 2243
f 2148 2149 2245
f 2148 2245 2244
f 2149 2150 2246
f 2149 2246 2245
f 2150 2151 2247
f 2150 2247 2246
f 2151 2152 2248
f 2151 2248 2247
f 2152 2153 2249
f 2152 2249 2248
f 2153 2154 2250
f 2153 2250 2249
f 2154 2155 2251
f 2154 2251 2250
f 2155 2156 2252
f 2155 2252 2251
f 2156 2157 2253
f 2156 2253 2252
f 2157 2158 2254
f 2157 2254 2253
f 2158 2159 2255
f 2158 2255 2254
f 2159 2160 2256
f 2159 2256 2255
f 2160 2161 2257
f 2160 2257 2256
f 2161 2162 2258
f 2161 2258 2257
f 2162 2163 2259
f 2162 2259 2258
f 2163 2164 2260
f 2163 2260 2259
f 2164 2165 2261
f 2164 2261 2260
f 2165 2166 2262
f 2165 2262 2261
f 2166 2167 2263
f 2166 2263 2262
f 2167 2168 2264
f 2167 2264 2263
f 2168 2169 2265
f 2168 2265 2264
f 2169 2170 2266
f 2169 2266 2265
f 2170 2171 2267
f 2170 2267 2266
f 2171 2172 2268
f 2171 2268 2267
f 2172 2173 2269
f 2172 2269 2268
f 2173 2174 2270
f 2173 2270 2269
f 2174 2175 2271
f 2174 2271 2270
f 2175 2176 2272
f 2175 2272 2271
f 2176 2177 2273
f 2176 2273 2272
f 2177 2178 2274
f 2177 2274 2273
f 2178 2179 2275
f 2178 2275 2274
f 2179 2180 2276
f 2179 2276 2275
f 2180 2181 2277
f 2180 2277 2276
f 2181 2182 2278
f 2181 2278 2277
f 2182 2183 2279
f 2182 2279 2278
f 2183 2184 2280
f 2183 2280 2279
f 2184 2185 2281
f 2184 2281 2280
f 2185 2186 2282
f 2185 2282 2281
f 2186 2187 2283
f 2186 2283 2282
f 2187 2188 2284
f 2187 2284 2283
f 2188 2189 2285
f 2188 2285 2284
f 2189 2190 2286
f 2189 2286 2285
f 2190 2191 2287
f 2190 2287 2286
f 2191 2192 2288
f 2191 2288 2287
f 2192 2193 2289
f 2192 2289 2288
f 2193 2194 2290
f 2193 2290 2289
f 2194 2195 2291
f 2194 2291 2290
f 2195 2196 2292
f 2195 2292 2291
f 2196 2197 2293
f 2196 2293 2292
f 2197 2198 2294
f 2197 2294 2293
f 2198 2199 2295
f 2198 2295 2294
f 2199 2200 2296
f 2199 2296 2295
f 2200 2201 2297
f 2200 2297 2296
f 2201 2202 2298
f 2201 2298 2297
f 2202 2203 2299
f 2202 2299 2298
f 2203 2204 2300
f 2203 2300 2299
f 2204 2205 2301
f 2204 2301 2300
f 2205 2206 2302
f 2205 2302 2301
f 2206 2207 2303
f 2206 2303 2302
f 2207 2208 2304
f 2207 2304 2303
f 2208 2209 2305
f 2208 2305 2304
f 2209 2114 2210
f 2209 2210 2305
f 2210 2211 2307
f 2210 2307 2306
f 2211 2212 2308
f 2211 2308 2307
f 2212 2213 2309
f 2212 2309 2308
f 2213 2214 2310
f 2213 2310 2309
f 2214 2215 2311
f 2214 2311 2310
f 2215 2216 2312
f 2215 2312 2311
f 2216 2217 2313
f 2216 2313 2312
f 2217 2218 2314
f 2217 2314 2313
f 2218 2219 2315
f 2218 2315 2314
f 2219 2220 2316
f 2219 2316 2315
f 2220 2221 2317
f 2220 2317 2316
f 2221 2222 2318
f 2221 2318 2317
f 2222 2223 2319
f 2222 2319 2318
f 2223 2224 2320
f 2223 2320 2319
f 2224 2225 2321
f 2224 2321 2320
f 2225 2226 2322
f 2225 2322 2321
f 2226 2227 2323
f 2226 2323 2322
f 2227 2228 2324
f 2227 2324 2323
f 2228 2229 2325
f 2228 2325 2324
f 2229 2230 2326
f 2229 2326 2325
f 2230 2231 2327
f 2230 2327 2326
f 2231 2232 2328
f 2231 2328 2327
f 2232 2233 2329
f 2232 2329 2328
f 2233 2234 2330
f 2233 2330 2329
f 2234 2235 2331
f 2234 2331 2330
f 2235 2236 2332
f 2235 2332 2331
f 2236 2237 2333
f 2236 2333 2332
f 2237 2238 2334
f 2237 2334 2333
f 2238 2239 2335
f 2238 2335 2334
f 2239 2240 2336
f 2239 2336 2335
f 2240 2241 2337
f 2240 2337 2336
f 2241 2242 2338
f 2241 2338 2337
f 2242 2243 2339
f 2242 2339 2338
f 2243 2244 2340
f 2243 2340 2339
f 2244 2245 2341
f 2244 2341 2340
f 2245 2246 2342
f 2245 2342 2341
f 2246 2247 2343
f 2246 2343 2342
f 2247 2248 2344
f 2247 2344 2343
f 2248 2249 2345
f 2248 2345 2344
f 2249 2250 2346
f 2249 2346 2345
f 2250 2251 2347
f 2250 2347 2346
f 2251 2252 2348
f 2251 2348 2347
f 2252 2253 2349
f 2252 2349 2348
f 2253 2254 2350
f 2253 2350 2349
f 2254 2255 2351
f 2254 2351 2350
f 2255 2256 2352
f 2255 2352 2351
f 2256 2257 2353
f 2256 2353 2352
f 2257 2258 2354
f 2257 2354 2353
f 2258 2259 2355
f 2258 2355 2354
f 2259 2260 2356
f 2259 2356 2355
f 2260 2261 2357
f 2260 2357 2356
f 2261 2262 2358
f 2261 2358 2357
f 2262 2263 2359
f 2262 2359 2358
f 2263 2264 2360
f 2263 2360 2359
f 2264 2265 2361
f 2264 2361 2360
f 2265 2266 2362
f 2265 2362 2361
f 2266 2267 2363
f 2266 2363 2362
f 2267 2268 2364
f 2267 2364 2363
f 2268 2269 2365
f 2268 2365 2364
f 2269 2270 2366
f 2269 2366 2365
f 2270 2271 2367
f 2270 2367 2366
f 2271 2272 2368
f 2271 2368 2367
f 2272 2273 2369
f 2272 2369 2368
f 2273 2274 2370
f 2273 2370 2369
f 2274 2275 2371
f 2274 2371 2370
f 2275 2276 2372
f 2275 2372 2371
f 2276 2277 2373
f 2276 2373 2372
f 2277 2278 2374
f 2277 2374 2373
f 2278 2279 2375
f 2278 2375 2374
f 2279 2280 2376
f 2279 2376 2375
f 2280 2281 2377
f 2280 2377 2376
f 2281 2282 2378
f 2281 2378 2377
f 2282 2283 2379
f 2282 2379 2378
f 2283 2284 2380
f 2283 2380 2379
f 2284 2285 2381
f 2284 2381 2380
f 2285 2286 2382
f 2285 2382 2381
f 2286 2287 2383
f 2286 2383 2382
f 2287 2288 2384
f 2287 2384 2383
f 2288 2289 2385
f 2288 2385 2384
f 2289 2290 2386
f 2289 2386 2385
f 2290 2291 2387
f 2290 2387 2386
f 2291 2292 2388
f 2291 2388 2387
f 2292 2293 2389
f 2292 2389 2388
f 2293 2294 2390
f 2293 2390 2389
f 2294 2295 2391
f 2294 2391 2390
f 2295 2296 2392
f 2295 2392 2391
f 2296 2297 2393
f 2296 2393 2392
f 2297 2298 2394
f 2297 2394 2393
f 2298 2299 2395
f 2298 2395 2394
f 2299 2300 2396
f 2299 2396 2395
f 2300 2301 2397
f 2300 2397 2396
f 2301 2302 2398
f 2301 2398 2397
f 2302 2303 2399
f 2302 2399 2398
f 2303 2304 2400
f 2303 2400 2399
f 2304 2305 2401
f 2304 2401 2400
f 2305 2210 2306
f 2305 2306 2401
f 2306 2307 2403
f 2306 2403 2402
f 2307 2308 2404
f 2307 2404 2403
f 2308 2309 2405
f 2308 2405 2404
f 2309 2310 2406
f 2309 2406 2405
f 2310 2311 2407
f 2310 2407 2406
f 2311 2312 2408
f 2311 2408 2407
f 2312 2313 2409
f 2312 2409 2408
f 2313 2314 2410
f 2313 2410 2409
f 2314 2315 2411
f 2314 2411 2410
f 2315 2316 2412
f 2315 2412 2411
f 2316 2317 2413
f 2316 2413 2412
f 2317 2318 2414
f 2317 2414 2413
f 2318 2319 2415
f 2318 2415 2414
f 2319 2320 2416
f 2319 2416 2415
f 2320 2321 2417
f 2320 2417 2416
f 2321 2322 2418
f 2321 2418 2417
f 2322 2323 2419
f 2322 2419 2418
f 2323 2324 2420
f 2323 2420 2419
f 2324 2325 2421
f 2324 2421 2420
f 2325 2326 2422
f 2325 2422 2421
f 2326 2327 2423
f 2326 2423 2422
f 2327 2328 2424
f 2327 2424 2423
f 2328 2329 2425
f 2328 2425 2424
f 2329 2330 2426
f 2329 2426 2425
f 2330 2331 2427
f 2330 2427 2426
f 2331 2332 2428
f 2331 2428 2427
f 2332 2333 2429
f 2332 2429 2428
f 2333 2334 2430
f 2333 2430 2429
f 2334 2335 2431
f 2334 2431 2430
f 2335 2336 2432
f 2335 2432 2431
f 2336 2337 2433
f 2336 2433 2432
f 2337 2338 2434
f 2337 2434 2433
f 2338 2339 2435
f 2338 2435 2434
f 2339 2340 2436
f 2339 2436 2435
f 2340 2341 2437
f 2340 2437 2436
f 2341 2342 2438
f 2341 2438 2437
f 2342 2343 2439
f 2342 2439 2438
f 2343 2344 2440
f 2343 2440 2439
f 2344 2345 2441
f 2344 2441 2440
f 2345 2346 2442
f 2345 2442 2441
f 2346 2347 2443
f 2346 2443 2442
f 2347 2348 2444
f 2347 2444 2443
f 2348 2349 2445
f 2348 2445 2444
f 2349 2350 2446
f 2349 2446 2445
f 2350 2351 2447
f 2350 2447 2446
f 2351 2352 2448
f 2351 2448 2447
f 2352 2353 2449
f 2352 2449 2448
f 2353 2354 2450
f 2353 2450 2449
f 2354 2355 2451
f 2354 2451 2450
f 2355 2356 2452
f 2355 2452 2451
f 2356 2357 2453
f 2356 2453 2452
f 2357 2358 2454
f 2357 2454 2453
f 2358 2359 2455
f 2358 2455 2454
f 2359 2360 2456
f 2359 2456 2455
f 2360 2361 2457
f 2360 2457 2456
f 2361 2362 2458
f 2361 2458 2457
f 2362 2363 2459
f 2362 2459 2458
f 2363 2364 2460
f 2363 2460 2459
f 2364 2365 2461
f 2364 2461 2460
f 2365 2366 2462
f 2365 2462 2461
f 2366 2367 2463
f 2366 2463 2462
f 2367 2368 2464
f 2367 2464 2463
f 2368 2369 2465
f 2368 2465 2464
f 2369 2370 2466
f 2369 2466 2465
f 2370 2371 2467
f 2370 2467 2466
f 2371 2372 2468
f 2371 2468 2467
f 2372 2373 2469
f 2372 2469 2468
f 2373 2374 2470
f 2373 2470 2469
f 2374 2375 2471
f 2374 2471 2470
f 2375 2376 2472
f 2375 2472 2471
f 2376 2377 2473
f 2376 2473 2472
f 2377 2378 2474
f 2377 2474 2473
f 2378 2379 2475
f 2378 2475 2474
f 2379 2380 2476
f 2379 2476 2475
f 2380 2381 2477
f 2380 2477 2476
f 2381 2382 2478
f 2381 2478 2477
f 2382 2383 2479
f 2382 2479 2478
f 2383 2384 2480
f 2383 2480 2479
f 2384 2385 2481
f 2384 2481 2480
f 2385 2386 2482
f 2385 2482 2481
f 2386 2387 2483
f 2386 2483 2482
f 2387 2388 2484
f 2387 2484 2483
f 2388 2389 2485
f 2388 2485 2484
f 2389 2390 2486
f 2389 2486 2485
f 2390 2391 2487
f 2390 2487 2486
f 2391 2392 2488
f 2391 2488 2487
f 2392 2393 2489
f 2392 2489 2488
f 2393 2394 2490
f 2393 2490 2489
f 2394 2395 2491
f 2394 2491 2490
f 2395 2396 2492
f 2395 2492 2491
f 2396 2397 2493
f 2396 2493 2492
f 2397 2398 2494
f 2397 2494 2493
f 2398 2399 2495
f 2398 2495 2494
f 2399 2400 2496
f 2399 2496 2495
f 2400 2401 2497
f 2400 2497 2496
f 2401 2306 2402
f 2401 2402 2497
f 2402 2403 2499
f 2402 2499 2498
f 2403 2404 2500
f 2403 2500 2499
f 2404 2405 2501
f 2404 2501 2500
f 2405 2406 2502
f 2405 2502 2501
f 2406 2407 2503
f 2406 2503 2502
f 2407 2408 2504
f 2407 2504 2503
f 2408 2409 2505
f 2408 2505 2504
f 2409 2410 2506
f 2409 2506 2505
f 2410 2411 2507
f 2410 2507 2506
f 2411 2412 2508
f 2411 2508 2507
f 2412 2413 2509
f 2412 2509 2508
f 2413 2414 2510
f 2413 2510 2509
f 2414 2415 2511
f 2414 2511 2510
f 2415 2416 2512
f 2415 2512 2511
f 2416 2417 2513
f 2416 2513 2512
f 2417 2418 2514
f 2417 2514 2513
f 2418 2419 2515
f 2418 2515 2514
f 2419 2420 2516
f 2419 2516 2515
f 2420 2421 2517
f 2420 2517 2516
f 2421 2422 2518
f 2421 2518 2517
f 2422 2423 2519
f 2422 2519 2518
f 2423 2424 2520
f 2423 2520 2519
f 2424 2425 2521
f 2424 2521 2520
f 2425 2426 2522
f 2425 2522 2521
f 2426 2427 2523
f 2426 2523 2522
f 2427 2428 2524
f 2427 2524 2523
f 2428 2429 2525
f 2428 2525 2524
f 2429 2430 2526
f 2429 2526 2525
f 2430 2431 2527
f 2430 2527 2526
f 2431 2432 2528
f 2431 2528 2527
f 2432 2433 2529
f 2432 2529 2528
f 2433 2434 2530
f 2433 2530 2529
f 2434 2435 2531
f 2434 2531 2530
f 2435 2436 2532
f 2435 2532 2531
f 2436 2437 2533
f 2436 2533 2532
f 2437 2438 2534
f 2437 2534 2533
f 2438 2439 2535
f 2438 2535 2534
f 2439 2440 2536
f 2439 2536 2535
f 2440 2441 2537
f 2440 2537 2536
f 2441 2442 2538
f 2441 2538 2537
f 2442 2443 2539
f 2442 2539 2538
f 2443 2444 2540
f 2443 2540 2539
f 2444 2445 2541
f 2444 2541 2540
f 2445 2446 2542
f 2445 2542 2541
f 2446 2447 2543
f 2446 2543 2542
f 2447 2448 2544
f 2447 2544 2543
f 2448 2449 2545
f 2448 2545 2544
f 2449 2450 2546
f 2449 2546 2545
f 2450 2451 2547
f 2450 2547 2546
f 2451 2452 2548
f 2451 2548 2547
f 2452 2453 2549
f 2452 2549 2548
f 2453 2454 2550
f 2453 2550 2549
f 2454 2455 2551
f 2454 2551 2550
f 2455 2456 2552
f 2455 2552 2551
f 2456 2457 2553
f 2456 2553 2552
f 2457 2458 2554
f 2457 2554 2553
f 2458 2459 2555
f 2458 2555 2554
f 2459 2460 2556
f 2459 2556 2555
f 2460 2461 2557
f 2460 2557 2556
f 2461 2462 2558
f 2461 2558 2557
f 2462 2463 2559
f 2462 2559 2558
f 2463 2464 2560
f 2463 2560 2559
f 2464 2465 2561
f 2464 2561 2560
f 2465 2466 2562
f 2465 2562 2561
f 2466 2467 2563
f 2466 2563 2562
f 2467 2468 2564
f 2467 2564 2563
f 2468 2469 2565
f 2468 2565 2564
f 2469 2470 2566
f 2469 2566 2565
f 2470 2471 2567
f 2470 2567 2566
f 2471 2472 2568
f 2471 2568 2567
f 2472 2473 2569
f 2472 2569 2568
f 2473 2474 2570
f 2473 2570 2569
f 2474 2475 2571
f 2474 2571 2570
f 2475 2476 2572
f 2475 2572 2571
f 2476 2477 2573
f 2476 2573 2572
f 2477 2478 2574
f 2477 2574 2573
f 2478 2479 2575
f 2478 2575 2574
f 2479 2480 2576
f 2479 2576 2575
f 2480 2481 2577
f 2480 2577 2576
f 2481 2482 2578
f 2481 2578 2577
f 2482 2483 2579
f 2482 2579 2578
f 2483 2484 2580
f 2483 2580 2579
f 2484 2485 2581
f 2484 2581 2580
f 2485 2486 2582
f 2485 2582 2581
f 2486 2487 2583
f 2486 2583 2582
f 2487 2488 2584
f 2487 2584 2583
f 2488 2489 2585
f 2488 2585 2584
f 2489 2490 2586
f 2489 2586 2585
f 2490 2491 2587
f 2490 2587 2586
f 2491 2492 2588
f 2491 2588 2587
f 2492 2493 2589
f 2492 2589 2588
f 2493 2494 2590
f 2493 2590 2589
f 2494 2495 2591
f 2494 2591 2590
f 2495 2496 2592
f 2495 2592 2591
f 2496 2497 2593
f 2496 2593 2592
f 2497 2402 2498
f 2497 2498 2593
f 2498 2499 2595
f 2498 2595 2594
f 2499 2500 2596
f 2499 2596 2595
f 2500 2501 2597
f 2500 2597 2596
f 2501 2502 2598
f 2501 2598 2597
f 2502 2503 2599
f 2502 2599 2598
f 2503 2504 2600
f 2503 2600 2599
f 2504 2505 2601
f 2504 2601 2600
f 2505 2506 2602
f 2505 2602 2601
f 2506 2507 2603
f 2506 2603 2602
f 2507 2508 2604
f 2507 2604 2603
f 2508 2509 2605
f 2508 2605 2604
f 2509 2510 2606
f 2509 2606 2605
f 2510 2511 2607
f 2510 2607 2606
f 2511 2512 2608
f 2511 2608 2607
f 2512 2513 2609
f 2512 2609 2608
f 2513 2514 2610
f 2513 2610 2609
f 2514 2515 2611
f 2514 2611 2610
f 2515 2516 2612
f 2515 2612 2611
f 2516 2517 2613
f 2516 2613 2612
f 2517 2518 2614
f 2517 2614 2613
f 2518 2519 2615
f 2518 2615 2614
f 2519 2520 2616
f 2519 2616 2615
f 2520 2521 2617
f 2520 2617 2616
f 2521 2522 2618
f 2521 2618 2617
f 2522 2523 2619
f 2522 2619 2618
f 2523 2524 2620
f 2523 2620 2619
f 2524 2525 2621
f 2524 2621 2620
f 2525 2526 2622
f 2525 2622 2621
f 2526 2527 2623
f 2526 2623 2622
f 2527 2528 2624
f 2527 2624 2623
f 2528 2529 2625
f 2528 2625 2624
f 2529 2530 2626
f 2529 2626 2625
f 2530 2531 2627
f 2530 2627 2626
f 2531 2532 2628
f 2531 2628 2627
f 2532 2533 2629
f 2532 2629 2628
f 2533 2534 2630
f 2533 2630 2629
f 2534 2535 2631
f 2534 2631 2630
f 2535 2536 2632
f 2535 2632 2631
f 2536 2537 2633
f 2536 2633 2632
f 2537 2538 2634
f 2537 2634 2633
f 2538 2539 2635
f 2538 2635 2634
f 2539 2540 2636
f 2539 2636 2635
f 2540 2541 2637
f 2540 2637 2636
f 2541 2542 2638
f 2541 2638 2637
f 2542 2543 2639
f 2542 2639 2638
f 2543 2544 2640
f 2543 2640 2639
f 2544 2545 2641
f 2544 2641 2640
f 2545 2546 2642
f 2545 2642 2641
f 2546 2547 2643
f 2546 2643 2642
f 2547 2548 2644
f 2547 2644 2643
f 2548 2549 2645
f 2548 2645 2644
f 2549 2550 2646
f 2549 2646 2645
f 2550 2551 2647
f 2550 2647 2646
f 2551 2552 2648
f 2551 2648 2647
f 2552 2553 2649
f 2552 2649 2648
f 2553 2554 2650
f 2553 2650 2649
f 2554 2555 2651
f 2554 2651 2650
f 2555 2556 2652
f 2555 2652 2651
f 2556 2557 2653
f 2556 2653 2652
f 2557 2558 2654
f 2557 2654 2653
f 2558 2559 2655
f 2558 2655 2654
f 2559 2560 2656
f 2559 2656 2655
f 2560 2561 2657
f 2560 2657 2656
f 2561 2562 2658
f 2561 2658 2657
f 2562 2563 2659
f 2562 2659 2658
f 2563 2564 2660
f 2563 2660 2659
f 2564 2565 2661
f 2564 2661 2660
f 2565 2566 2662
f 2565 2662 2661
f 2566 2567 2663
f 2566 2663 2662
f 2567 2568 2664
f 2567 2664 2663
f 2568 2569 2665
f 2568 2665 2664
f 2569 2570 2666
f 2569 2666 2665
f 2570 2571 2667
f 2570 2667 2666
f 2571 2572 2668
f 2571 2668 2667
f 2572 2573 2669
f 2572 2669 2668
f 2573 2574 2670
f 2573 2670 2669
f 2574 2575 2671
f 2574 2671 2670
f 2575 2576 2672
f 2575 2672 2671
f 2576 2577 2673
f 2576 2673 2672
f 2577 2578 2674
f 2577 2674 2673
f 2578 2579 2675
f 2578 2675 2674
f 2579 2580 2676
f 2579 2676 2675
f 2580 2581 2677
f 2580 2677 2676
f 2581 2582 2678
f 2581 2678 2677
f 2582 2583 2679
f 2582 2679 2678
f 2583 2584 2680
f 2583 2680 2679
f 2584 2585 2681
f 2584 2681 2680
f 2585 2586 2682
f 2585 2682 2681
f 2586 2587 2683
f 2586 2683 2682
f 2587 2588 2684
f 2587 2684 2683
f 2588 2589 2685
f 2588 2685 2684
f 2589 2590 2686
f 2589 2686 2685
f 2590 2591 2687
f 2590 2687 2686
f 2591 2592 2688
f 2591 2688 2687
f 2592 2593 2689
f 2592 2689 2688
f 2593 2498 2594
f 2593 2594 2689
f 2594 2595 2691
f 2594 2691 2690
f 2595 2596 2692
f 2595 2692 2691
f 2596 2597 2693
f 2596 2693 2692
f 2597 2598 2694
f 2597 2694 2693
f 2598 2599 2695
f 2598 2695 2694
f 2599 2600 2696
f 2599 2696 2695
f 2600 2601 2697
f 2600 2697 2696
f 2601 2602 2698
f 2601 2698 2697
f 2602 2603 2699
f 2602 2699 2698
f 2603 2604 2700
f 2603 2700 2699
f 2604 2605 2701
f 2604 2701 2700
f 2605 2606 2702
f 2605 2702 2701
f 2606 2607 2703
f 2606 2703 2702
f 2607 2608 2704
f 2607 2704 2703
f 2608 2609 2705
f 2608 2705 2704
f 2609 2610 2706
f 2609 2706 2705
f 2610 2611 2707
f 2610 2707 2706
f 2611 2612 2708
f 2611 2708 2707
f 2612 2613 2709
f 2612 2709 2708
f 2613 2614 2710
f 2613 2710 2709
f 2614 2615 2711
f 2614 2711 2710
f 2615 2616 2712
f 2615 2712 2711
f 2616 2617 2713
f 2616 2713 2712
f 2617 2618 2714
f 2617 2714 2713
f 2618 2619 2715
f 2618 2715 2714
f 2619 2620 2716
f 2619 2716 2715
f 2620 2621 2717
f 2620 2717 2716
f 2621 2622 2718
f 2621 2718 2717
f 2622 2623 2719
f 2622 2719 2718
f 2623 2624 2720
f 2623 2720 2719
f 2624 2625 2721
f 2624 2721 2720
f 2625 2626 2722
f 2625 2722 2721
f 2626 2627 2723
f 2626 2723 2722
f 2627 2628 2724
f 2627 2724 2723
f 2628 2629 2725
f 2628 2725 2724
f 2629 2630 2726
f 2629 2726 2725
f 2630 2631 2727
f 2630 2727 2726
f 2631 2632 2728
f 2631 2728 2727
f 2632 2633 2729
f 2632 2729 2728
f 2633 2634 2730
f 2633 2730 2729
f 2634 2635 2731
f 2634 2731 2730
f 2635 2636 2732
f 2635 2732 2731
f 2636 2637 2733
f 2636 2733 2732
f 2637 2638 2734
f 2637 2734 2733
f 2638 2639 2735
f 2638 2735 2734
f 2639 2640 2736
f 2639 2736 2735
f 2640 2641 2737
f 2640 2737 2736
f 2641 2642 2738
f 2641 2738 2737
f 2642 2643 2739
f 2642 2739 2738
f 2643 2644 2740
f 2643 2740 2739
f 2644 2645 2741
f 2644 2741 2740
f 2645 2646 2742
f 2645 2742 2741
f 2646 2647 2743
f 2646 2743 2742
f 2647 2648 2744
f 2647 2744 2743
f 2648 2649 2745
f 2648 2745 2744
f 2649 2650 2746
f 2649 2746 2745
f 2650 2651 2747
f 2650 2747 2746
f 2651 2652 2748
f 2651 2748 2747
f 2652 2653 2749
f 2652 2749 2748
f 2653 2654 2750
f 2653 2750 2749
f 2654 2655 2751
f 2654 2751 2750
f 2655 2656 2752
f 2655 2752 2751
f 2656 2657 2753
f 2656 2753 2752
f 2657 2658 2754
f 2657 2754 2753
f 2658 2659 2755
f 2658 2755 2754
f 2659 2660 2756
f 2659 2756 2755
f 2660 2661 2757
f 2660 2757 2756
f 2661 2662 2758
f 2661 2758 2757
f 2662 2663 2759
f 2662 2759 2758
f 2663 2664 2760
f 2663 2760 2759
f 2664 2665 2761
f 2664 2761 2760
f 2665 2666 2762
f 2665 2762 2761
f 2666 2667 2763
f 2666 2763 2762
f 2667 2668 2764
f 2667 2764 2763
f 2668 2669 2765
f 2668 2765 2764
f 2669 2670 2766
f 2669 2766 2765
f 2670 2671 2767
f 2670 2767 2766
f 2671 2672 2768
f 2671 2768 2767
f 2672 2673 2769
f 2672 2769 2768
f 2673 2674 2770
f 2673 2770 2769
f 2674 2675 2771
f 2674 2771 2770
f 2675 2676 2772
f 2675 2772 2771
f 2676 2677 2773
f 2676 2773 2772
f 2677 2678 2774
f 2677 2774 2773
f 2678 2679 2775
f 2678 2775 2774
f 2679 2680 2776
f 2679 2776 2775
f 2680 2681 2777
f 2680 2777 2776
f 2681 2682 2778
f 2681 2778 2777
f 2682 2683 2779
f 2682 2779 2778
f 2683 2684 2780
f 2683 2780 2779
f 2684 2685 2781
f 2684 2781 2780
f 2685 2686 2782
f 2685 2782 2781
f 2686 2687 2783
f 2686 2783 2782
f 2687 2688 2784
f 2687 2784 2783
f 2688 2689 2785
f 2688 2785 2784
f 2689 2594 2690
f 2689 2690 2785
f 2690 2691 2787
f 2690 2787 2786
f 2691 2692 2788
f 2691 2788 2787
f 2692 2693 2789
f 2692 2789 2788
f 2693 2694 2790
f 2693 2790 2789
f 2694 2695 2791
f 2694 2791 2790
f 2695 2696 2792
f 2695 2792 2791
f 2696 2697 2793
f 2696 2793 2792
f 2697 2698 2794
f 2697 2794 2793
f 2698 2699 2795
f 2698 2795 2794
f 2699 2700 2796
f 2699 2796 2795
f 2700 2701 2797
f 2700 2797 2796
f 2701 2702 2798
f 2701 2798 2797
f 2702 2703 2799
f 2702 2799 2798
f 2703 2704 2800
f 2703 2800 2799
f 2704 2705 2801
f 2704 2801 2800
f 2705 2706 2802
f 2705 2802 2801
f 2706 2707 2803
f 2706 2803 2802
f 2707 2708 2804
f 2707 2804 2803
f 2708 2709 2805
f 2708 2805 2804
f 2709 2710 2806
f 2709 2806 2805
f 2710 2711 2807
f 2710 2807 2806
f 2711 2712 2808
f 2711 2808 2807
f 2712 2713 2809
f 2712 2809 2808
f 2713 2714 2810
f 2713 2810 2809
f 2714 2715 2811
f 2714 2811 2810
f 2715 2716 2812
f 2715 2812 2811
f 2716 2717 2813
f 2716 2813 2812
f 2717 2718 2814
f 2717 2814 2813
f 2718 2719 2815
f 2718 2815 2814
f 2719 2720 2816
f 2719 2816 2815
f 2720 2721 2817
f 2720 2817 2816
f 2721 2722 2818
f 2721 2818 2817
f 2722 2723 2819
f 2722 2819 2818
f 2723 2724 2820
f 2723 2820 2819
f 2724 2725 2821
f 2724 2821 2820
f 2725 2726 2822
f 2725 2822 2821
f 2726 2727 2823
f 2726 2823 2822
f 2727 2728 2824
f 2727 2824 2823
f 2728 2729 2825
f 2728 2825 2824
f 2729 2730 2826
f 2729 2826 2825
f 2730 2731 2827
f 2730 2827 2826
f 2731 2732 2828
f 2731 2828 2827
f 2732 2733 2829
f 2732 2829 2828
f 2733 2734 2830
f 2733 2830 2829
f 2734 2735 2831
f 2734 2831 2830
f 2735 2736 2832
f 2735 2832 2831
f 2736 2737 2833
f 2736 2833 2832
f 2737 2738 2834
f 2737 2834 2833
f 2738 2739 2835
f 2738 2835 2834
f 2739 2740 2836
f 2739 2836 2835
f 2740 2741 2837
f 2740 2837 2836
f 2741 2742 2838
f 2741 2838 2837
f 2742 2743 2839
f 2742 2839 2838
f 2743 2744 2840
f 2743 2840 2839
f 2744 2745 2841
f 2744 2841 2840
f 2745 2746 2842
f 2745 2842 2841
f 2746 2747 2843
f 2746 2843 2842
f 2747 2748 2844
f 2747 2844 2843
f 2748 2749 2845
f 2748 2845 2844
f 2749 2750 2846
f 2749 2846 2845
f 2750 2751 2847
f 2750 2847 2846
f 2751 2752 2848
f 2751 2848 2847
f 2752 2753 2849
f 2752 2849 2848
f 2753 2754 2850
f 2753 2850 2849
f 2754 2755 2851
f 2754 2851 2850
f 2755 2756 2852
f 2755 2852 2851
f 2756 2757 2853
f 2756 2853 2852
f 2757 2758 2854
f 2757 2854 2853
f 2758 2759 2855
f 2758 2855 2854
f 2759 2760 2856
f 2759 2856 2855
f 2760 2761 2857
f 2760 2857 2856
f 2761 2762 2858
f 2761 2858 2857
f 2762 2763 2859
f 2762 2859 2858
f 2763 2764 2860
f 2763 2860 2859
f 2764 2765 2861
f 2764 2861 2860
f 2765 2766 2862
f 2765 2862 2861
f 2766 2767 2863
f 2766 2863 2862
f 2767 2768 2864
f 2767 2864 2863
f 2768 2769 2865
f 2768 2865 2864
f 2769 2770 2866
f 2769 2866 2865
f 2770 2771 2867
f 2770 2867 2866
f 2771 2772 2868
f 2771 2868 2867
f 2772 2773 2869
f 2772 2869 2868
f 2773 2774 2870
f 2773 2870 2869
f 2774 2775 2871
f 2774 2871 2870
f 2775 2776 2872
f 2775 2872 2871
f 2776 2777 2873
f 2776 2873 2872
f 2777 2778 2874
f 2777 2874 2873
f 2778 2779 2875
f 2778 2875 2874
f 2779 2780 2876
f 2779 2876 2875
f 2780 2781 2877
f 2780 2877 2876
f 2781 2782 2878
f 2781 2878 2877
f 2782 2783 2879
f 2782 2879 2878
f 2783 2784 2880
f 2783 2880 2879
f 2784 2785 2881
f 2784 2881 2880
f 2785 2690 2786
f 2785 2786 2881
f 2786 2787 2883
f 2786 2883 2882
f 2787 2788 2884
f 2787 2884 2883
f 2788 2789 2885
f 2788 2885 2884
f 2789 2790 2886
f 2789 2886 2885
f 2790 2791 2887
f 2790 2887 2886
f 2791 2792 2888
f 2791 2888 2887
f 2792 2793 2889
f 2792 2889 2888
f 2793 2794 2890
f 2793 2890 2889
f 2794 2795 2891
f 2794 2891 2890
f 2795 2796 2892
f 2795 2892 2891
f 2796 2797 2893
f 2796 2893 2892
f 2797 2798 2894
f 2797 2894 2893
f 2798 2799 2895
f 2798 2895 2894
f 2799 2800 2896
f 2799 2896 2895
f 2800 2801 2897
f 2800 2897 2896
f 2801 2802 2898
f 2801 2898 2897
f 2802 2803 2899
f 2802 2899 2898
f 2803 2804 2900
f 2803 2900 2899
f 2804 2805 2901
f 2804 2901 2900
f 2805 2806 2902
f 2805 2902 2901
f 2806 2807 2903
f 2806 2903 2902
f 2807 2808 2904
f 2807 2904 2903
f 2808 2809 2905
f 2808 2905 2904
f 2809 2810 2906
f 2809 2906 2905
f 2810 2811 2907
f 2810 2907 2906
f 2811 2812 2908
f 2811 2908 2907
f 2812 2813 2909
f 2812 2909 2908
f 2813 2814 2910
f 2813 2910 2909
f 2814 2815 2911
f 2814 2911 2910
f 2815 2816 2912
f 2815 2912 2911
f 2816 2817 2913
f 2816 2913 2912
f 2817 2818 2914
f 2817 2914 2913
f 2818 2819 2915
f 2818 2915 2914
f 2819 2820 2916
f 2819 2916 2915
f 2820 2821 2917
f 2820 2917 2916
f 2821 2822 2918
f 2821 2918 2917
f 2822 2823 2919
f 2822 2919 2918
f 2823 2824 2920
f 2823 2920 2919
f 2824 2825 2921
f 2824 2921 2920
f 2825 2826 2922
f 2825 2922 2921
f 2826 2827 2923
f 2826 2923 2922
f 2827 2828 2924
f 2827 2924 2923
f 2828 2829 2925
f 2828 2925 2924
f 2829 2830 2926
f 2829 2926 2925
f 2830 2831 2927
f 2830 2927 2926
f 2831 2832 2928
f 2831 2928 2927
f 2832 2833 2929
f 2832 2929 2928
f 2833 2834 2930
f 2833 2930 2929
f 2834 2835 2931
f 2834 2931 2930
f 2835 2836 2932
f 2835 2932 2931
f 2836 2837 2933
f 2836 2933 2932
f 2837 2838 2934
f 2837 2934 2933
f 2838 2839 2935
f 2838 2935 2934
f 2839 2840 2936
f 2839 2936 2935
f 2840 2841 2937
f 2840 2937 2936
f 2841 2842 2938
f 2841 2938 2937
f 2842 2843 2939
f 2842 2939 2938
f 2843 2844 2940
f 2843 2940 2939
f 2844 2845 2941
f 2844 2941 2940
f 2845 2846 2942
f 2845 2942 2941
f 2846 2847 2943
f 2846 2943 2942
f 2847 2848 2944
f 2847 2944 2943
f 2848 2849 2945
f 2848 2945 2944
f 2849 2850 2946
f 2849 2946 2945
f 2850 2851 2947
f 2850 2947 2946
f 2851 2852 2948
f 2851 2948 2947
f 2852 2853 2949
f 2852 2949 2948
f 2853 2854 2950
f 2853 2950 2949
f 2854 2855 2951
f 2854 2951 2950
f 2855 2856 2952
f 2855 2952 2951
f 2856 2857 2953
f 2856 2953 2952
f 2857 2858 2954
f 2857 2954 2953
f 2858 2859 2955
f 2858 2955 2954
f 2859 2860 2956
f 2859 2956 2955
f 2860 2861 2957
f 2860 2957 2956
f 2861 2862 2958
f 2861 2958 2957
f 2862 2863 2959
f 2862 2959 2958
f 2863 2864 2960
f 2863 2960 2959
f 2864 2865 2961
f 2864 2961 2960
f 2865 2866 2962
f 2865 2962 2961
f 2866 2867 2963
f 2866 2963 2962
f 2867 2868 2964
f 2867 2964 2963
f 2868 2869 2965
f 2868 2965 2964
f 2869 2870 2966
f 2869 2966 2965
f 2870 2871 2967
f 2870 2967 2966
f 2871 2872 2968
f 2871 2968 2967
f 2872 2873 2969
f 2872 2969 2968
f 2873 2874 2970
f 2873 2970 2969
f 2874 2875 2971
f 2874 2971 2970
f 2875 2876 2972
f 2875 2972 2971
f 2876 2877 2973
f 2876 2973 2972
f 2877 2878 2974
f 2877 2974 2973
f 2878 2879 2975
f 2878 2975 2974
f 2879 2880 2976
f 2879 2976 2975
f 2880 2881 2977
f 2880 2977 2976
f 2881 2786 2882
f 2881 2882 2977
f 2882 2883 2979
f 2882 2979 2978
f 2883 2884 2980
f 2883 2980 2979
f 2884 2885 2981
f 2884 2981 2980
f 2885 2886 2982
f 2885 2982 2981
f 2886 2887 2983
f 2886 2983 2982
f 2887 2888 2984
f 2887 2984 2983
f 2888 2889 2985
f 2888 2985 2984
f 2889 2890 2986
f 2889 2986 2985
f 2890 2891 2987
f 2890 2987 2986
f 2891 2892 2988
f 2891 2988 2987
f 2892 2893 2989
f 2892 2989 2988
f 2893 2894 2990
f 2893 2990 2989
f 2894 2895 2991
f 2894 2991 2990
f 2895 2896 2992
f 2895 2992 2991
f 2896 2897 2993
f 2896 2993 2992
f 2897 2898 2994
f 2897 2994 2993
f 2898 2899 2995
f 2898 2995 2994
f 2899 2900 2996
f 2899 2996 2995
f 2900 2901 2997
f 2900 2997 2996
f 2901 2902 2998
f 2901 2998 2997
f 2902 2903 2999
f 2902 2999 2998
f 2903 2904 3000
f 2903 3000 2999
f 2904 2905 3001
f 2904 3001 3000
f 2905 2906 3002
f 2905 3002 3001
f 2906 2907 3003
f 2906 3003 3002
f 2907 2908 3004
f 2907 3004 3003
f 2908 2909 3005
f 2908 3005 3004
f 2909 2910 3006
f 2909 3006 3005
f 2910 2911 3007
f 2910 3007 3006
f 2911 2912 3008
f 2911 3008 3007
f 2912 2913 3009
f 2912 3009 3008
f 2913 2914 3010
f 2913 3010 3009
f 2914 2915 3011
f 2914 3011 3010
f 2915 2916 3012
f 2915 3012 3011
f 2916 2917 3013
f 2916 3013 3012
f 2917 2918 3014
f 2917 3014 3013
f 2918 2919 3015
f 2918 3015 3014
f 2919 2920 3016
f 2919 3016 3015
f 2920 2921 3017
f 2920 3017 3016
f 2921 2922 3018
f 2921 3018 3017
f 2922 2923 3019
f 2922 3019 3018
f 2923 2924 3020
f 2923 3020 3019
f 2924 2925 3021
f 2924 3021 3020
f 2925 2926 3022
f 2925 3022 3021
f 2926 2927 3023
f 2926 3023 3022
f 2927 2928 3024
f 2927 3024 3023
f 2928 2929 3025
f 2928 3025 3024
f 2929 2930 3026
f 2929 3026 3025
f 2930 2931 3027
f 2930 3027 3026
f 2931 2932 3028
f 2931 3028 3027
f 2932 2933 3029
f 2932 3029 3028
f 2933 2934 3030
f 2933 3030 3029
f 2934 2935 3031
f 2934 3031 3030
f 2935 2936 3032
f 2935 3032 3031
f 2936 2937 3033
f 2936 3033 3032
f 2937 2938 3034
f 2937 3034 3033
f 2938 2939 3035
f 2938 3035 3034
f 2939 2940 3036
f 2939 3036 3035
f 2940 2941 3037
f 2940 3037 3036
f 2941 2942 3038
f 2941 3038 3037
f 2942 2943 3039
f 2942 3039 3038
f 2943 2944 3040
f 2943 3040 3039
f 2944 2945 3041
f 2944 3041 3040
f 2945 2946 3042
f 2945 3042 3041
f 2946 2947 3043
f 2946 3043 3042
f 2947 2948 3044
f 2947 3044 3043
f 2948 2949 3045
f 2948 3045 3044
f 2949 2950 3046
f 2949 3046 3045
f 2950 2951 3047
f 2950 3047 3046
f 2951 2952 3048
f 2951 3048 3047
f 2952 2953 3049
f 2952 3049 3048
f 2953 2954 3050
f 2953 3050 3049
f 2954 2955 3051
f 2954 3051 3050
f 2955 2956 3052
f 2955 3052 3051
f 2956 2957 3053
f 2956 3053 3052
f 2957 2958 3054
f 2957 3054 3053
f 2958 2959 3055
f 2958 3055 3054
f 2959 2960 3056
f 2959 3056 3055
f 2960 2961 3057
f 2960 3057 3056
f 2961 2962 3058
f 2961 3058 3057
f 2962 2963 3059
f 2962 3059 3058
f 2963 2964 3060
f 2963 3060 3059
f 2964 2965 3061
f 2964 3061 3060
f 2965 2966 3062
f 2965 3062 3061
f 2966 2967 3063
f 2966 3063 3062
f 2967 2968 3064
f 2967 3064 3063
f 2968 2969 3065
f 2968 3065 3064
f 2969 2970 3066
f 2969 3066 3065
f 2970 2971 3067
f 2970 3067 3066
f 2971 2972 3068
f 2971 3068 3067
f 2972 2973 3069
f 2972 3069 3068
f 2973 2974 3070
f 2973 3070 3069
f 2974 2975 3071
f 2974 3071 3070
f 2975 2976 3072
f 2975 3072 3071
f 2976 2977 3073
f 2976 3073 3072
f 2977 2882 2978
f 2977 2978 3073
f 3074 2978 2979
f 3074 2979 2980
f 3074 2980 2981
f 3074 2981 2982
f 3074 2982 2983
f 3074 2983 2984
f 3074 2984 2985
f 3074 2985 2986
f 3074 2986 2987
f 3074 2987 2988
f 3074 2988 2989
f 3074 2989 2990
f 3074 2990 2991
f 3074 2991 2992
f 3074 2992 2993
f 3074 2993 2994
f 3074 2994 2995
f 3074 2995 2996
f 3074 2996 2997
f 3074 2997 2998
f 3074 2998 2999
f 3074 2999 3000
f 3074 3000 3001
f 3074 3001 3002
f 3074 3002 3003
f 3074 3003 3004
f 3074 3004 3005
f 3074 3005 3006
f 3074 3006 3007
f 3074 3007 3008
f 3074 3008 3009
f 3074 3009 3010
f 3074 3010 3011
f 3074 3011 3012
f 3074 3012 3013
f 3074 3013 3014
f 3074 3014 3015
f 3074 3015 3016
f 3074 3016 3017
f 3074 3017 3018
f 3074 3018 3019
f 3074 3019 3020
f 3074 3020 3021
f 3074 3021 3022
f 3074 3022 3023
f 3074 3023 3024
f 3074 3024 3025
f 3074 3025 3026
f 3074 3026 3027
f 3074 3027 3028
f 3074 3028 3029
f 3074 3029 3030
f 3074 3030 3031
f 3074 3031 3032
f 3074 3032 3033
f 3074 3033 3034
f 3074 3034 3035
f 3074 3035 3036
f 3074 3036 3037
f 3074 3037 3038
f 3074 3038 3039
f 3074 3039 3040
f 3074 3040 3041
f 3074 3041 3042
f 3074 3042 3043
f 3074 3043 3044
f 3074 3044 3045
f 3074 3045 3046
f 3074 3046 3047
f 3074 3047 3048
f 3074 3048 3049
f 3074 3049 3050
f 3074 3050 3051
f 3074 3051 3052
f 3074 3052 3053
f 3074 3053 3054
f 3074 3054 3055
f 3074 3055 3056
f 3074 3056 3057
f 3074 3057 3058
f 3074 3058 3059
f 3074 3059 3060
f 3074 3060 3061
f 3074 3061 3062
f 3074 3062 3063
f 3074 3063 3064
f 3074 3064 3065
f 3074 3065 3066
f 3074 3066 3067
f 3074 3067 3068
f 3074 3068 3069
f 3074 3069 3070
f 3074 3070 3071
f 3074 3071 3072
f 3074 3072 3073
f 3074 3073 2978
f 3075 3091 3092
f 3075 3092 3076
f 3107 3092 3091
f 3076 3092 3093
f 3076 3093 3077
f 3107 3093 3092
f 3077 3093 3094
f 3077 3094 3078
f 3107 3094 3093
f 3078 3094 3095
f 3078 3095 3079
f 3107 3095 3094
f 3079 3095 3096
f 3079 3096 3080
f 3107 3096 3095
f 3080 3096 3097
f 3080 3097 3081
f 3107 3097 3096
f 3081 3097 3098
f 3081 3098 3082
f 3107 3098 3097
f 3082 3098 3099
f 3082 3099 3083
f 3107 3099 3098
f 3083 3099 3100
f 3083 3100 3084
f 3107 3100 3099
f 3084 3100 3101
f 3084 3101 3085
f 3107 3101 3100
f 3085 3101 3102
f 3085 3102 3086
f 3107 3102 3101
f 3086 3102 3103
f 3086 3103 3087
f 3107 3103 3102
f 3087 3103 3104
f 3087 3104 3088
f 3107 3104 3103
f 3088 3104 3105
f 3088 3105 3089
f 3107 3105 3104
f 3089 3105 3106
f 3089 3106 3090
f 3107 3106 3105
f 3090 3106 3091
f 3090 3091 3075
f 3107 3091 3106
f 3108 3124 3125
f 3108 3125 3109
f 3140 3125 3124
f 3109 3125 3126
f 3109 3126 3110
f 3140 3126 3125
f 3110 3126 3127
f 3110 3127 3111
f 3140 3127 3126
f 3111 3127 3128
f 3111 3128 3112
f 3140 3128 3127
f 3112 3128 3129
f 3112 3129 3113
f 3140 3129 3128
f 3113 3129 3130
f 3113 3130 3114
f 3140 3130 3129
f 3114 3130 3131
f 3114 3131 3115
f 3140 3131 3130
f 3115 3131 3132
f 3115 3132 3116
f 3140 3132 3131
f 3116 3132 3133
f 3116 3133 3117
f 3140 3133 3132
f 3117 3133 3134
f 3117 3134 3118
f 3140 3134 3133
f 3118 3134 3135
f 3118 3135 3119
f 3140 3135 3134
f 3119 3135 3136
f 3119 3136 3120
f 3140 3136 3135
f 3120 3136 3137
f 3120 3137 3121
f 3140 3137 3136
f 3121 3137 3138
f 3121 3138 3122
f 3140 3138 3137
f 3122 3138 3139
f 3122 3139 3123
f 3140 3139 3138
f 3123 3139 3124
f 3123 3124 3108
f 3140 3124 3139
