solid studio_backdrop
  facet normal 0.000000 0.998382 -0.056870
    outer loop
      vertex -60.000000 -0.738432 32.134260
      vertex -60.000000 -0.024802 44.662500
      vertex -30.000000 -0.024802 44.662500
    endloop
  endfacet
  facet normal 1.000000 -0.000000 0.000000
    outer loop
      vertex -60.000000 -0.738432 32.134260
      vertex -60.000000 -0.379110 32.111760
      vertex -60.000000 0.332284 44.617560
    endloop
  endfacet
  facet normal 0.000000 0.904158 -0.427197
    outer loop
      vertex -60.000000 4.433784 65.923800
      vertex -60.000000 6.894180 71.131200
      vertex -30.000000 6.894180 71.131200
    endloop
  endfacet
  facet normal 1.000000 -0.000000 0.000000
    outer loop
      vertex -60.000000 4.433784 65.923800
      vertex -60.000000 4.770540 65.783400
      vertex -60.000000 7.216860 70.958400
    endloop
  endfacet
  facet normal 0.000000 0.671144 -0.741327
    outer loop
      vertex -60.000000 17.130780 84.948600
      vertex -60.000000 21.391560 88.806000
      vertex -30.000000 21.391560 88.806000
    endloop
  endfacet
  facet normal 1.000000 -0.000000 0.000000
    outer loop
      vertex -60.000000 17.130780 84.948600
      vertex -60.000000 17.390220 84.689400
      vertex -60.000000 21.624360 88.522200
    endloop
  endfacet
  facet normal 0.000000 0.335031 -0.942207
    outer loop
      vertex -60.000000 36.155580 97.645800
      vertex -60.000000 41.590620 99.578400
      vertex -30.000000 41.590620 99.578400
    endloop
  endfacet
  facet normal 1.000000 -0.000000 0.000000
    outer loop
      vertex -60.000000 36.155580 97.645800
      vertex -60.000000 36.296040 97.309200
      vertex -60.000000 41.697120 99.232200
    endloop
  endfacet
  facet normal 0.000000 0.025148 -0.999684
    outer loop
      vertex -60.000000 69.945000 102.817800
      vertex -60.000000 86.974800 103.246200
      vertex -30.000000 86.974800 103.246200
    endloop
  endfacet
  facet normal 1.000000 0.000000 0.000000
    outer loop
      vertex -60.000000 69.945000 102.817800
      vertex -60.000000 57.416940 102.104400
      vertex -60.000000 57.461880 101.747400
    endloop
  endfacet
  facet normal 1.000000 0.000000 0.000000
    outer loop
      vertex -60.000000 69.945000 102.817800
      vertex -60.000000 57.461880 101.747400
      vertex -60.000000 69.967800 102.458400
    endloop
  endfacet
  facet normal 0.000000 0.025148 -0.999684
    outer loop
      vertex -60.000000 69.945000 102.817800
      vertex -30.000000 86.974800 103.246200
      vertex -30.000000 69.945000 102.817800
    endloop
  endfacet
  facet normal -1.000000 0.000000 0.000000
    outer loop
      vertex 60.000000 -0.738432 32.134260
      vertex 60.000000 -0.024802 44.662500
      vertex 60.000000 0.332284 44.617560
    endloop
  endfacet
  facet normal 0.000000 0.998382 -0.056870
    outer loop
      vertex 60.000000 -0.738432 32.134260
      vertex 30.000000 -0.738432 32.134260
      vertex 60.000000 -0.024802 44.662500
    endloop
  endfacet
  facet normal -1.000000 0.000000 0.000000
    outer loop
      vertex 60.000000 4.433784 65.923800
      vertex 60.000000 6.894180 71.131200
      vertex 60.000000 7.216860 70.958400
    endloop
  endfacet
  facet normal 0.000000 0.904158 -0.427197
    outer loop
      vertex 60.000000 4.433784 65.923800
      vertex 30.000000 4.433784 65.923800
      vertex 30.000000 6.894180 71.131200
    endloop
  endfacet
  facet normal 0.000000 0.942182 -0.335103
    outer loop
      vertex 60.000000 4.433784 65.923800
      vertex 60.000000 2.500806 60.489000
      vertex 30.000000 2.500806 60.489000
    endloop
  endfacet
  facet normal 0.000000 0.904158 -0.427197
    outer loop
      vertex 60.000000 4.433784 65.923800
      vertex 30.000000 6.894180 71.131200
      vertex 60.000000 6.894180 71.131200
    endloop
  endfacet
  facet normal -1.000000 0.000000 0.000000
    outer loop
      vertex 60.000000 17.130780 84.948600
      vertex 60.000000 21.391560 88.806000
      vertex 60.000000 21.624360 88.522200
    endloop
  endfacet
  facet normal 0.000000 0.671144 -0.741327
    outer loop
      vertex 60.000000 17.130780 84.948600
      vertex 30.000000 17.130780 84.948600
      vertex 60.000000 21.391560 88.806000
    endloop
  endfacet
  facet normal 0.000000 0.741334 -0.671136
    outer loop
      vertex 60.000000 17.130780 84.948600
      vertex 60.000000 13.273620 80.688000
      vertex 30.000000 13.273620 80.688000
    endloop
  endfacet
  facet normal -1.000000 0.000000 0.000000
    outer loop
      vertex 60.000000 36.155580 97.645800
      vertex 60.000000 41.590620 99.578400
      vertex 60.000000 41.697120 99.232200
    endloop
  endfacet
  facet normal 0.000000 0.335031 -0.942207
    outer loop
      vertex 60.000000 36.155580 97.645800
      vertex 30.000000 36.155580 97.645800
      vertex 60.000000 41.590620 99.578400
    endloop
  endfacet
  facet normal 0.000000 0.427218 -0.904149
    outer loop
      vertex 60.000000 36.155580 97.645800
      vertex 60.000000 30.948060 95.185200
      vertex 30.000000 30.948060 95.185200
    endloop
  endfacet
  facet normal 0.000000 0.025148 -0.999684
    outer loop
      vertex 60.000000 69.945000 102.817800
      vertex 30.000000 69.945000 102.817800
      vertex 60.000000 86.974800 103.246200
    endloop
  endfacet
  facet normal 0.000000 0.056852 -0.998383
    outer loop
      vertex 60.000000 69.945000 102.817800
      vertex 60.000000 57.416940 102.104400
      vertex 30.000000 57.416940 102.104400
    endloop
  endfacet
  facet normal -1.000000 0.000000 -0.000000
    outer loop
      vertex 60.000000 69.945000 102.817800
      vertex 60.000000 69.967800 102.458400
      vertex 60.000000 57.461880 101.747400
    endloop
  endfacet
  facet normal -1.000000 0.000000 0.000000
    outer loop
      vertex 60.000000 69.945000 102.817800
      vertex 60.000000 57.461880 101.747400
      vertex 60.000000 57.416940 102.104400
    endloop
  endfacet
  facet normal 1.000000 0.000000 0.000000
    outer loop
      vertex -60.000000 0.698856 32.044320
      vertex -60.000000 0.339533 32.066820
      vertex -60.000000 -0.084622 15.077640
    endloop
  endfacet
  facet normal 0.000000 -0.999690 0.024899
    outer loop
      vertex -60.000000 0.698856 32.044320
      vertex -60.000000 0.276041 15.068640
      vertex -30.000000 0.276041 15.068640
    endloop
  endfacet
  facet normal 1.000000 0.000000 -0.000000
    outer loop
      vertex -60.000000 0.698856 32.044320
      vertex -60.000000 1.403544 44.482680
      vertex -60.000000 0.339533 32.066820
    endloop
  endfacet
  facet normal 0.000000 -0.941690 0.336481
    outer loop
      vertex -60.000000 5.780808 65.362200
      vertex -60.000000 3.887322 60.063000
      vertex -30.000000 3.887322 60.063000
    endloop
  endfacet
  facet normal 1.000000 0.000000 -0.000000
    outer loop
      vertex -60.000000 5.780808 65.362200
      vertex -60.000000 8.184960 70.439400
      vertex -60.000000 5.444052 65.502600
    endloop
  endfacet
  facet normal 0.000000 -0.741337 0.671133
    outer loop
      vertex -60.000000 18.168540 83.910600
      vertex -60.000000 14.408100 79.756800
      vertex -30.000000 14.408100 79.756800
    endloop
  endfacet
  facet normal 1.000000 0.000000 0.000000
    outer loop
      vertex -60.000000 18.168540 83.910600
      vertex -60.000000 17.909100 84.170400
      vertex -60.000000 14.124480 79.989600
    endloop
  endfacet
  facet normal 1.000000 0.000000 -0.000000
    outer loop
      vertex -60.000000 18.168540 83.910600
      vertex -60.000000 22.322640 87.671400
      vertex -60.000000 17.909100 84.170400
    endloop
  endfacet
  facet normal 1.000000 0.000000 0.000000
    outer loop
      vertex -60.000000 18.168540 83.910600
      vertex -60.000000 14.124480 79.989600
      vertex -60.000000 14.408100 79.756800
    endloop
  endfacet
  facet normal 0.000000 -0.427959 0.903798
    outer loop
      vertex -60.000000 36.717240 96.298800
      vertex -60.000000 31.639860 93.894600
      vertex -30.000000 31.639860 93.894600
    endloop
  endfacet
  facet normal 1.000000 0.000000 0.000000
    outer loop
      vertex -60.000000 36.717240 96.298800
      vertex -60.000000 36.576840 96.635400
      vertex -60.000000 31.466880 94.217400
    endloop
  endfacet
  facet normal 1.000000 0.000000 -0.000000
    outer loop
      vertex -60.000000 36.717240 96.298800
      vertex -60.000000 42.016620 98.192400
      vertex -60.000000 36.576840 96.635400
    endloop
  endfacet
  facet normal 1.000000 0.000000 0.000000
    outer loop
      vertex -60.000000 36.717240 96.298800
      vertex -60.000000 31.466880 94.217400
      vertex -60.000000 31.639860 93.894600
    endloop
  endfacet
  facet normal 0.000000 -0.056589 0.998398
    outer loop
      vertex -60.000000 70.035000 101.380800
      vertex -60.000000 57.596760 100.675800
      vertex -30.000000 57.596760 100.675800
    endloop
  endfacet
  facet normal 1.000000 0.000000 0.000000
    outer loop
      vertex -60.000000 70.035000 101.380800
      vertex -60.000000 87.010800 101.803200
      vertex -60.000000 87.001800 102.163800
    endloop
  endfacet
  facet normal 1.000000 0.000000 -0.000000
    outer loop
      vertex -60.000000 70.035000 101.380800
      vertex -60.000000 87.001800 102.163800
      vertex -60.000000 70.012800 101.740200
    endloop
  endfacet
  facet normal -1.000000 0.000000 0.000000
    outer loop
      vertex 60.000000 0.698856 32.044320
      vertex 60.000000 0.276041 15.068640
      vertex 60.000000 -0.084622 15.077640
    endloop
  endfacet
  facet normal 0.000000 -0.998399 0.056564
    outer loop
      vertex 60.000000 0.698856 32.044320
      vertex 60.000000 1.403544 44.482680
      vertex 30.000000 1.403544 44.482680
    endloop
  endfacet
  facet normal -1.000000 -0.000000 0.000000
    outer loop
      vertex 60.000000 0.698856 32.044320
      vertex 60.000000 -0.084622 15.077640
      vertex 60.000000 0.339533 32.066820
    endloop
  endfacet
  facet normal 0.000000 -0.903796 0.427965
    outer loop
      vertex 60.000000 5.780808 65.362200
      vertex 60.000000 8.184960 70.439400
      vertex 30.000000 8.184960 70.439400
    endloop
  endfacet
  facet normal 0.000000 -0.671142 0.741329
    outer loop
      vertex 60.000000 18.168540 83.910600
      vertex 60.000000 22.322640 87.671400
      vertex 30.000000 22.322640 87.671400
    endloop
  endfacet
  facet normal 0.000000 -0.336488 0.941688
    outer loop
      vertex 60.000000 36.717240 96.298800
      vertex 60.000000 42.016620 98.192400
      vertex 30.000000 42.016620 98.192400
    endloop
  endfacet
  facet normal -1.000000 0.000000 0.000000
    outer loop
      vertex 60.000000 70.035000 101.380800
      vertex 60.000000 70.012800 101.740200
      vertex 60.000000 87.001800 102.163800
    endloop
  endfacet
  facet normal 0.000000 -0.024875 0.999691
    outer loop
      vertex 60.000000 70.035000 101.380800
      vertex 60.000000 87.010800 101.803200
      vertex 30.000000 87.010800 101.803200
    endloop
  endfacet
  facet normal -1.000000 0.000000 0.000000
    outer loop
      vertex 60.000000 70.035000 101.380800
      vertex 60.000000 87.001800 102.163800
      vertex 60.000000 87.010800 101.803200
    endloop
  endfacet
  facet normal 0.000000 -0.000000 1.000000
    outer loop
      vertex 60.000000 -1.452060 -51.739140
      vertex 60.000000 -1.090506 -51.739140
      vertex 30.000000 -1.452060 -51.739140
    endloop
  endfacet
  facet normal -1.000000 0.000000 0.000000
    outer loop
      vertex 60.000000 -1.452060 -51.739140
      vertex 60.000000 -1.452060 -27.957420
      vertex 60.000000 -1.090506 -51.739140
    endloop
  endfacet
  facet normal 0.000000 0.000000 1.000000
    outer loop
      vertex 60.000000 -0.005834 -51.739140
      vertex 30.000000 -0.005834 -51.739140
      vertex 30.000000 -0.367391 -51.739140
    endloop
  endfacet
  facet normal 0.000000 -1.000000 0.000000
    outer loop
      vertex 60.000000 -0.005834 -51.739140
      vertex 60.000000 -0.005834 -27.957420
      vertex 30.000000 -0.005834 -51.739140
    endloop
  endfacet
  facet normal 0.000000 0.000000 1.000000
    outer loop
      vertex 60.000000 -0.005834 -51.739140
      vertex 30.000000 -0.367391 -51.739140
      vertex 60.000000 -0.367391 -51.739140
    endloop
  endfacet
  facet normal 1.000000 0.000000 -0.000000
    outer loop
      vertex -60.000000 -0.005834 -51.739140
      vertex -60.000000 -0.005834 -27.957420
      vertex -60.000000 -0.367391 -27.957420
    endloop
  endfacet
  facet normal 1.000000 0.000000 0.000000
    outer loop
      vertex -60.000000 -0.005834 -51.739140
      vertex -60.000000 -0.367391 -27.957420
      vertex -60.000000 -0.367391 -51.739140
    endloop
  endfacet
  facet normal 0.000000 0.000000 1.000000
    outer loop
      vertex -60.000000 -1.452060 -51.739140
      vertex -30.000000 -1.452060 -51.739140
      vertex -30.000000 -1.090506 -51.739140
    endloop
  endfacet
  facet normal 0.000000 1.000000 0.000000
    outer loop
      vertex -60.000000 -1.452060 -51.739140
      vertex -60.000000 -1.452060 -27.957420
      vertex -30.000000 -1.452060 -51.739140
    endloop
  endfacet
  facet normal 0.000000 0.000000 -1.000000
    outer loop
      vertex -60.000000 153.818400 103.531800
      vertex -30.000000 153.818400 103.531800
      vertex -30.000000 130.036800 103.531800
    endloop
  endfacet
  facet normal 1.000000 0.000000 0.000000
    outer loop
      vertex -60.000000 153.818400 103.531800
      vertex -60.000000 130.036800 103.531800
      vertex -60.000000 130.036800 103.170000
    endloop
  endfacet
  facet normal 1.000000 0.000000 0.000000
    outer loop
      vertex -60.000000 153.818400 103.531800
      vertex -60.000000 130.036800 103.170000
      vertex -60.000000 153.818400 103.170000
    endloop
  endfacet
  facet normal 0.000000 -1.000000 0.000000
    outer loop
      vertex -60.000000 153.818400 102.085200
      vertex -30.000000 153.818400 102.085200
      vertex -30.000000 153.818400 102.447000
    endloop
  endfacet
  facet normal 0.000000 0.000000 1.000000
    outer loop
      vertex 60.000000 153.818400 102.085200
      vertex 30.000000 153.818400 102.085200
      vertex 30.000000 130.036800 102.085200
    endloop
  endfacet
  facet normal 0.000000 -1.000000 0.000000
    outer loop
      vertex 60.000000 153.818400 102.085200
      vertex 60.000000 153.818400 102.447000
      vertex 30.000000 153.818400 102.085200
    endloop
  endfacet
  facet normal -1.000000 0.000000 0.000000
    outer loop
      vertex 60.000000 153.818400 102.085200
      vertex 60.000000 130.036800 102.085200
      vertex 60.000000 130.036800 102.447000
    endloop
  endfacet
  facet normal -0.000000 -1.000000 0.000000
    outer loop
      vertex 60.000000 153.818400 103.531800
      vertex 30.000000 153.818400 103.531800
      vertex 30.000000 153.818400 103.170000
    endloop
  endfacet
  facet normal 0.000000 -1.000000 -0.000000
    outer loop
      vertex 60.000000 153.818400 103.531800
      vertex 30.000000 153.818400 103.170000
      vertex 60.000000 153.818400 103.170000
    endloop
  endfacet
  facet normal 0.000000 0.977094 -0.212810
    outer loop
      vertex -60.000000 1.034778 53.757900
      vertex -60.000000 2.500806 60.489000
      vertex -30.000000 2.500806 60.489000
    endloop
  endfacet
  facet normal 1.000000 -0.000000 0.000000
    outer loop
      vertex -60.000000 1.034778 53.757900
      vertex -60.000000 1.387908 53.684040
      vertex -60.000000 2.847438 60.382200
    endloop
  endfacet
  facet normal 0.000000 0.998382 -0.056870
    outer loop
      vertex -0.000000 -0.738432 32.134260
      vertex -30.000000 -0.738432 32.134260
      vertex -0.000000 -0.024802 44.662500
    endloop
  endfacet
  facet normal 0.000000 0.803574 -0.595204
    outer loop
      vertex -60.000000 9.851160 76.067400
      vertex -60.000000 13.273620 80.688000
      vertex -30.000000 13.273620 80.688000
    endloop
  endfacet
  facet normal 1.000000 -0.000000 0.000000
    outer loop
      vertex -60.000000 9.851160 76.067400
      vertex -60.000000 10.155960 75.863400
      vertex -60.000000 13.557240 80.455200
    endloop
  endfacet
  facet normal 0.000000 0.904158 -0.427197
    outer loop
      vertex -0.000000 4.433784 65.923800
      vertex -30.000000 4.433784 65.923800
      vertex -0.000000 6.894180 71.131200
    endloop
  endfacet
  facet normal 0.000000 0.513881 -0.857862
    outer loop
      vertex -60.000000 26.012040 92.228400
      vertex -60.000000 30.948060 95.185200
      vertex -30.000000 30.948060 95.185200
    endloop
  endfacet
  facet normal 1.000000 -0.000000 0.000000
    outer loop
      vertex -60.000000 26.012040 92.228400
      vertex -60.000000 26.215860 91.923600
      vertex -60.000000 31.120980 94.862400
    endloop
  endfacet
  facet normal 0.000000 0.671144 -0.741327
    outer loop
      vertex 0.000000 17.130780 84.948600
      vertex -30.000000 17.130780 84.948600
      vertex 0.000000 21.391560 88.806000
    endloop
  endfacet
  facet normal 0.000000 0.671144 -0.741327
    outer loop
      vertex 0.000000 17.130780 84.948600
      vertex 0.000000 21.391560 88.806000
      vertex 30.000000 21.391560 88.806000
    endloop
  endfacet
  facet normal 0.000000 0.671144 -0.741327
    outer loop
      vertex 0.000000 17.130780 84.948600
      vertex 30.000000 21.391560 88.806000
      vertex 30.000000 17.130780 84.948600
    endloop
  endfacet
  facet normal 0.000000 0.115716 -0.993282
    outer loop
      vertex -60.000000 48.321540 101.044800
      vertex -60.000000 57.416940 102.104400
      vertex -30.000000 57.416940 102.104400
    endloop
  endfacet
  facet normal 1.000000 -0.000000 0.000000
    outer loop
      vertex -60.000000 48.321540 101.044800
      vertex -60.000000 48.395400 100.691400
      vertex -60.000000 57.461880 101.747400
    endloop
  endfacet
  facet normal 0.000000 0.335031 -0.942207
    outer loop
      vertex 0.000000 36.155580 97.645800
      vertex -30.000000 36.155580 97.645800
      vertex 0.000000 41.590620 99.578400
    endloop
  endfacet
  facet normal 0.000000 0.335031 -0.942207
    outer loop
      vertex 0.000000 36.155580 97.645800
      vertex 0.000000 41.590620 99.578400
      vertex 30.000000 41.590620 99.578400
    endloop
  endfacet
  facet normal 0.000000 0.335031 -0.942207
    outer loop
      vertex 0.000000 36.155580 97.645800
      vertex 30.000000 41.590620 99.578400
      vertex 30.000000 36.155580 97.645800
    endloop
  endfacet
  facet normal 0.000000 0.025148 -0.999684
    outer loop
      vertex 0.000000 69.945000 102.817800
      vertex -30.000000 69.945000 102.817800
      vertex 0.000000 86.974800 103.246200
    endloop
  endfacet
  facet normal 0.000000 0.025148 -0.999684
    outer loop
      vertex 0.000000 69.945000 102.817800
      vertex 0.000000 86.974800 103.246200
      vertex 30.000000 86.974800 103.246200
    endloop
  endfacet
  facet normal 0.000000 0.025148 -0.999684
    outer loop
      vertex 0.000000 69.945000 102.817800
      vertex 30.000000 86.974800 103.246200
      vertex 30.000000 69.945000 102.817800
    endloop
  endfacet
  facet normal 0.000000 0.993283 -0.115714
    outer loop
      vertex 60.000000 1.034778 53.757900
      vertex 60.000000 -0.024802 44.662500
      vertex 30.000000 -0.024802 44.662500
    endloop
  endfacet
  facet normal 0.000000 0.977094 -0.212810
    outer loop
      vertex 60.000000 1.034778 53.757900
      vertex 30.000000 1.034778 53.757900
      vertex 60.000000 2.500806 60.489000
    endloop
  endfacet
  facet normal 0.000000 0.857856 -0.513890
    outer loop
      vertex 60.000000 9.851160 76.067400
      vertex 60.000000 6.894180 71.131200
      vertex 30.000000 6.894180 71.131200
    endloop
  endfacet
  facet normal -1.000000 0.000000 0.000000
    outer loop
      vertex 60.000000 9.851160 76.067400
      vertex 60.000000 13.273620 80.688000
      vertex 60.000000 13.557240 80.455200
    endloop
  endfacet
  facet normal 0.000000 0.803574 -0.595204
    outer loop
      vertex 60.000000 9.851160 76.067400
      vertex 30.000000 9.851160 76.067400
      vertex 60.000000 13.273620 80.688000
    endloop
  endfacet
  facet normal 0.000000 0.595208 -0.803572
    outer loop
      vertex 60.000000 26.012040 92.228400
      vertex 60.000000 21.391560 88.806000
      vertex 30.000000 21.391560 88.806000
    endloop
  endfacet
  facet normal -1.000000 0.000000 0.000000
    outer loop
      vertex 60.000000 26.012040 92.228400
      vertex 60.000000 30.948060 95.185200
      vertex 60.000000 31.120980 94.862400
    endloop
  endfacet
  facet normal 0.000000 0.513881 -0.857862
    outer loop
      vertex 60.000000 26.012040 92.228400
      vertex 30.000000 26.012040 92.228400
      vertex 60.000000 30.948060 95.185200
    endloop
  endfacet
  facet normal 0.000000 0.212867 -0.977081
    outer loop
      vertex 60.000000 48.321540 101.044800
      vertex 60.000000 41.590620 99.578400
      vertex 30.000000 41.590620 99.578400
    endloop
  endfacet
  facet normal -1.000000 0.000000 0.000000
    outer loop
      vertex 60.000000 48.321540 101.044800
      vertex 60.000000 57.416940 102.104400
      vertex 60.000000 57.461880 101.747400
    endloop
  endfacet
  facet normal 0.000000 0.115716 -0.993282
    outer loop
      vertex 60.000000 48.321540 101.044800
      vertex 30.000000 48.321540 101.044800
      vertex 60.000000 57.416940 102.104400
    endloop
  endfacet
  facet normal 1.000000 0.000000 -0.000000
    outer loop
      vertex -60.000000 2.447304 53.462580
      vertex -60.000000 3.887322 60.063000
      vertex -60.000000 2.094168 53.536380
    endloop
  endfacet
  facet normal 0.000000 -0.993313 0.115456
    outer loop
      vertex -60.000000 2.447304 53.462580
      vertex -60.000000 1.403544 44.482680
      vertex -30.000000 1.403544 44.482680
    endloop
  endfacet
  facet normal 0.000000 -0.998399 0.056564
    outer loop
      vertex -0.000000 0.698856 32.044320
      vertex 30.000000 0.698856 32.044320
      vertex 30.000000 1.403544 44.482680
    endloop
  endfacet
  facet normal 0.000000 -0.998399 0.056564
    outer loop
      vertex -0.000000 0.698856 32.044320
      vertex -0.000000 1.403544 44.482680
      vertex -30.000000 1.403544 44.482680
    endloop
  endfacet
  facet normal 1.000000 0.000000 -0.000000
    outer loop
      vertex -60.000000 11.070480 75.252000
      vertex -60.000000 14.408100 79.756800
      vertex -60.000000 10.765620 75.456000
    endloop
  endfacet
  facet normal 0.000000 -0.857653 0.514228
    outer loop
      vertex -60.000000 11.070480 75.252000
      vertex -60.000000 8.184960 70.439400
      vertex -30.000000 8.184960 70.439400
    endloop
  endfacet
  facet normal 1.000000 0.000000 0.000000
    outer loop
      vertex -60.000000 11.070480 75.252000
      vertex -60.000000 10.765620 75.456000
      vertex -60.000000 7.862280 70.612800
    endloop
  endfacet
  facet normal 1.000000 0.000000 0.000000
    outer loop
      vertex -60.000000 11.070480 75.252000
      vertex -60.000000 7.862280 70.612800
      vertex -60.000000 8.184960 70.439400
    endloop
  endfacet
  facet normal 0.000000 -0.903796 0.427965
    outer loop
      vertex -0.000000 5.780808 65.362200
      vertex -0.000000 8.184960 70.439400
      vertex -30.000000 8.184960 70.439400
    endloop
  endfacet
  facet normal 1.000000 0.000000 -0.000000
    outer loop
      vertex -60.000000 26.827320 91.009200
      vertex -60.000000 31.639860 93.894600
      vertex -60.000000 26.623500 91.314000
    endloop
  endfacet
  facet normal 0.000000 -0.595343 0.803472
    outer loop
      vertex -60.000000 26.827320 91.009200
      vertex -60.000000 22.322640 87.671400
      vertex -30.000000 22.322640 87.671400
    endloop
  endfacet
  facet normal 1.000000 0.000000 0.000000
    outer loop
      vertex -60.000000 26.827320 91.009200
      vertex -60.000000 26.623500 91.314000
      vertex -60.000000 22.089840 87.955200
    endloop
  endfacet
  facet normal 1.000000 0.000000 0.000000
    outer loop
      vertex -60.000000 26.827320 91.009200
      vertex -60.000000 22.089840 87.955200
      vertex -60.000000 22.322640 87.671400
    endloop
  endfacet
  facet normal 0.000000 -0.671142 0.741329
    outer loop
      vertex -0.000000 18.168540 83.910600
      vertex 0.000000 22.322640 87.671400
      vertex -30.000000 22.322640 87.671400
    endloop
  endfacet
  facet normal 0.000000 -0.741337 0.671133
    outer loop
      vertex -0.000000 18.168540 83.910600
      vertex -0.000000 14.408100 79.756800
      vertex 30.000000 14.408100 79.756800
    endloop
  endfacet
  facet normal 1.000000 0.000000 -0.000000
    outer loop
      vertex -60.000000 48.616860 99.632400
      vertex -60.000000 57.596760 100.675800
      vertex -60.000000 48.543060 99.985200
    endloop
  endfacet
  facet normal 0.000000 -0.213160 0.977017
    outer loop
      vertex -60.000000 48.616860 99.632400
      vertex -60.000000 42.016620 98.192400
      vertex -30.000000 42.016620 98.192400
    endloop
  endfacet
  facet normal 1.000000 0.000000 0.000000
    outer loop
      vertex -60.000000 48.616860 99.632400
      vertex -60.000000 48.543060 99.985200
      vertex -60.000000 41.910120 98.538600
    endloop
  endfacet
  facet normal 1.000000 0.000000 0.000000
    outer loop
      vertex -60.000000 48.616860 99.632400
      vertex -60.000000 41.910120 98.538600
      vertex -60.000000 42.016620 98.192400
    endloop
  endfacet
  facet normal 0.000000 -0.427959 0.903798
    outer loop
      vertex 0.000000 36.717240 96.298800
      vertex -30.000000 36.717240 96.298800
      vertex -30.000000 31.639860 93.894600
    endloop
  endfacet
  facet normal 0.000000 -0.336488 0.941688
    outer loop
      vertex 0.000000 36.717240 96.298800
      vertex 0.000000 42.016620 98.192400
      vertex -30.000000 42.016620 98.192400
    endloop
  endfacet
  facet normal 0.000000 -0.427959 0.903798
    outer loop
      vertex 0.000000 36.717240 96.298800
      vertex 0.000000 31.639860 93.894600
      vertex 30.000000 31.639860 93.894600
    endloop
  endfacet
  facet normal 0.000000 -0.024875 0.999691
    outer loop
      vertex 0.000000 70.035000 101.380800
      vertex 0.000000 87.010800 101.803200
      vertex -30.000000 87.010800 101.803200
    endloop
  endfacet
  facet normal 0.000000 -0.977018 0.213157
    outer loop
      vertex 60.000000 2.447304 53.462580
      vertex 60.000000 3.887322 60.063000
      vertex 30.000000 3.887322 60.063000
    endloop
  endfacet
  facet normal 0.000000 -0.993313 0.115456
    outer loop
      vertex 60.000000 2.447304 53.462580
      vertex 30.000000 2.447304 53.462580
      vertex 60.000000 1.403544 44.482680
    endloop
  endfacet
  facet normal 0.000000 -0.803495 0.595312
    outer loop
      vertex 60.000000 11.070480 75.252000
      vertex 60.000000 14.408100 79.756800
      vertex 30.000000 14.408100 79.756800
    endloop
  endfacet
  facet normal 0.000000 -0.857653 0.514228
    outer loop
      vertex 60.000000 11.070480 75.252000
      vertex 30.000000 11.070480 75.252000
      vertex 60.000000 8.184960 70.439400
    endloop
  endfacet
  facet normal 0.000000 -0.514217 0.857660
    outer loop
      vertex 60.000000 26.827320 91.009200
      vertex 60.000000 31.639860 93.894600
      vertex 30.000000 31.639860 93.894600
    endloop
  endfacet
  facet normal 0.000000 -0.595343 0.803472
    outer loop
      vertex 60.000000 26.827320 91.009200
      vertex 30.000000 26.827320 91.009200
      vertex 60.000000 22.322640 87.671400
    endloop
  endfacet
  facet normal 0.000000 -0.115416 0.993317
    outer loop
      vertex 60.000000 48.616860 99.632400
      vertex 60.000000 57.596760 100.675800
      vertex 30.000000 57.596760 100.675800
    endloop
  endfacet
  facet normal 0.000000 -0.213160 0.977017
    outer loop
      vertex 60.000000 48.616860 99.632400
      vertex 30.000000 48.616860 99.632400
      vertex 60.000000 42.016620 98.192400
    endloop
  endfacet
  facet normal -1.000000 0.000000 0.000000
    outer loop
      vertex 60.000000 -0.019789 32.089260
      vertex 60.000000 0.689370 44.572620
      vertex 60.000000 1.046454 44.527680
    endloop
  endfacet
  facet normal -1.000000 0.000000 0.000000
    outer loop
      vertex 60.000000 -0.019789 32.089260
      vertex 60.000000 -0.445284 15.086640
      vertex 60.000000 -0.805944 15.095580
    endloop
  endfacet
  facet normal -1.000000 -0.000000 0.000000
    outer loop
      vertex 60.000000 -0.019789 32.089260
      vertex 60.000000 -0.805944 15.095580
      vertex 60.000000 -0.379110 32.111760
    endloop
  endfacet
  facet normal 1.000000 -0.000000 0.000000
    outer loop
      vertex -60.000000 -0.019789 32.089260
      vertex -60.000000 0.339533 32.066820
      vertex -60.000000 1.046454 44.527680
    endloop
  endfacet
  facet normal 1.000000 0.000000 0.000000
    outer loop
      vertex -60.000000 -0.019789 32.089260
      vertex -60.000000 -0.379110 32.111760
      vertex -60.000000 -0.805944 15.095580
    endloop
  endfacet
  facet normal 1.000000 0.000000 -0.000000
    outer loop
      vertex -60.000000 -0.019789 32.089260
      vertex -60.000000 0.689370 44.572620
      vertex -60.000000 -0.379110 32.111760
    endloop
  endfacet
  facet normal 1.000000 -0.000000 0.000000
    outer loop
      vertex -60.000000 5.107296 65.643000
      vertex -60.000000 5.444052 65.502600
      vertex -60.000000 7.862280 70.612800
    endloop
  endfacet
  facet normal 1.000000 0.000000 0.000000
    outer loop
      vertex -60.000000 5.107296 65.643000
      vertex -60.000000 4.770540 65.783400
      vertex -60.000000 2.847438 60.382200
    endloop
  endfacet
  facet normal 1.000000 0.000000 -0.000000
    outer loop
      vertex -60.000000 5.107296 65.643000
      vertex -60.000000 7.539600 70.785600
      vertex -60.000000 4.770540 65.783400
    endloop
  endfacet
  facet normal 1.000000 -0.000000 0.000000
    outer loop
      vertex -60.000000 17.649660 84.429600
      vertex -60.000000 17.909100 84.170400
      vertex -60.000000 22.089840 87.955200
    endloop
  endfacet
  facet normal 1.000000 0.000000 0.000000
    outer loop
      vertex -60.000000 17.649660 84.429600
      vertex -60.000000 17.390220 84.689400
      vertex -60.000000 13.557240 80.455200
    endloop
  endfacet
  facet normal 1.000000 0.000000 -0.000000
    outer loop
      vertex -60.000000 17.649660 84.429600
      vertex -60.000000 21.857100 88.238400
      vertex -60.000000 17.390220 84.689400
    endloop
  endfacet
  facet normal 1.000000 -0.000000 0.000000
    outer loop
      vertex -60.000000 36.436440 96.972000
      vertex -60.000000 36.576840 96.635400
      vertex -60.000000 41.910120 98.538600
    endloop
  endfacet
  facet normal 1.000000 0.000000 0.000000
    outer loop
      vertex -60.000000 36.436440 96.972000
      vertex -60.000000 36.296040 97.309200
      vertex -60.000000 31.120980 94.862400
    endloop
  endfacet
  facet normal 1.000000 0.000000 -0.000000
    outer loop
      vertex -60.000000 36.436440 96.972000
      vertex -60.000000 41.803620 98.885400
      vertex -60.000000 36.296040 97.309200
    endloop
  endfacet
  facet normal 1.000000 0.000000 0.000000
    outer loop
      vertex -60.000000 69.990000 102.099000
      vertex -60.000000 57.506820 101.389800
      vertex -60.000000 57.551760 101.032800
    endloop
  endfacet
  facet normal 1.000000 0.000000 0.000000
    outer loop
      vertex -60.000000 69.990000 102.099000
      vertex -60.000000 86.992800 102.525000
      vertex -60.000000 86.983800 102.885600
    endloop
  endfacet
  facet normal 1.000000 0.000000 0.000000
    outer loop
      vertex -60.000000 69.990000 102.099000
      vertex -60.000000 57.551760 101.032800
      vertex -60.000000 70.012800 101.740200
    endloop
  endfacet
  facet normal 1.000000 0.000000 -0.000000
    outer loop
      vertex -60.000000 69.990000 102.099000
      vertex -60.000000 86.983800 102.885600
      vertex -60.000000 69.967800 102.458400
    endloop
  endfacet
  facet normal -1.000000 0.000000 -0.000000
    outer loop
      vertex 60.000000 69.990000 102.099000
      vertex 60.000000 70.012800 101.740200
      vertex 60.000000 57.551760 101.032800
    endloop
  endfacet
  facet normal -1.000000 0.000000 0.000000
    outer loop
      vertex 60.000000 69.990000 102.099000
      vertex 60.000000 69.967800 102.458400
      vertex 60.000000 86.983800 102.885600
    endloop
  endfacet
  facet normal -1.000000 0.000000 0.000000
    outer loop
      vertex 60.000000 69.990000 102.099000
      vertex 60.000000 57.551760 101.032800
      vertex 60.000000 57.506820 101.389800
    endloop
  endfacet
  facet normal -1.000000 0.000000 0.000000
    outer loop
      vertex 60.000000 69.990000 102.099000
      vertex 60.000000 86.983800 102.885600
      vertex 60.000000 86.992800 102.525000
    endloop
  endfacet
  facet normal -1.000000 0.000000 0.000000
    outer loop
      vertex 60.000000 36.436440 96.972000
      vertex 60.000000 41.803620 98.885400
      vertex 60.000000 41.910120 98.538600
    endloop
  endfacet
  facet normal -1.000000 0.000000 0.000000
    outer loop
      vertex 60.000000 36.436440 96.972000
      vertex 60.000000 31.293960 94.539600
      vertex 60.000000 31.120980 94.862400
    endloop
  endfacet
  facet normal -1.000000 0.000000 0.000000
    outer loop
      vertex 60.000000 17.649660 84.429600
      vertex 60.000000 21.857100 88.238400
      vertex 60.000000 22.089840 87.955200
    endloop
  endfacet
  facet normal -1.000000 0.000000 0.000000
    outer loop
      vertex 60.000000 17.649660 84.429600
      vertex 60.000000 13.840860 80.222400
      vertex 60.000000 13.557240 80.455200
    endloop
  endfacet
  facet normal -1.000000 0.000000 0.000000
    outer loop
      vertex 60.000000 5.107296 65.643000
      vertex 60.000000 7.539600 70.785600
      vertex 60.000000 7.862280 70.612800
    endloop
  endfacet
  facet normal -1.000000 0.000000 0.000000
    outer loop
      vertex 60.000000 5.107296 65.643000
      vertex 60.000000 3.194064 60.276000
      vertex 60.000000 2.847438 60.382200
    endloop
  endfacet
  facet normal 0.000000 -0.000000 1.000000
    outer loop
      vertex 60.000000 -0.728946 -51.739140
      vertex 60.000000 -0.367391 -51.739140
      vertex 30.000000 -0.367391 -51.739140
    endloop
  endfacet
  facet normal 0.000000 0.000000 1.000000
    outer loop
      vertex 60.000000 -0.728946 -51.739140
      vertex 30.000000 -0.728946 -51.739140
      vertex 60.000000 -1.090506 -51.739140
    endloop
  endfacet
  facet normal -1.000000 0.000000 0.000000
    outer loop
      vertex 60.000000 -1.380696 -5.301084
      vertex 60.000000 -1.166610 15.104580
      vertex 60.000000 -1.019364 -5.303334
    endloop
  endfacet
  facet normal 0.000000 0.999945 -0.010491
    outer loop
      vertex 60.000000 -1.380696 -5.301084
      vertex 30.000000 -1.380696 -5.301084
      vertex 30.000000 -1.166610 15.104580
    endloop
  endfacet
  facet normal 0.000000 0.000000 1.000000
    outer loop
      vertex -0.000000 -0.005834 -51.739140
      vertex -30.000000 -0.005834 -51.739140
      vertex -0.000000 -0.367391 -51.739140
    endloop
  endfacet
  facet normal 0.000000 -0.999946 0.010373
    outer loop
      vertex 60.000000 0.064634 -5.310072
      vertex 60.000000 0.276041 15.068640
      vertex 30.000000 0.276041 15.068640
    endloop
  endfacet
  facet normal 0.000000 -0.999995 0.003112
    outer loop
      vertex 60.000000 0.064634 -5.310072
      vertex 30.000000 0.064634 -5.310072
      vertex 60.000000 -0.005834 -27.957420
    endloop
  endfacet
  facet normal 0.000000 0.000000 1.000000
    outer loop
      vertex -60.000000 -0.728946 -51.739140
      vertex -60.000000 -1.090506 -51.739140
      vertex -30.000000 -1.090506 -51.739140
    endloop
  endfacet
  facet normal -0.000000 0.000000 1.000000
    outer loop
      vertex -60.000000 -0.728946 -51.739140
      vertex -30.000000 -1.090506 -51.739140
      vertex -30.000000 -0.728946 -51.739140
    endloop
  endfacet
  facet normal 1.000000 0.000000 -0.000000
    outer loop
      vertex -60.000000 0.064634 -5.310072
      vertex -60.000000 0.276041 15.068640
      vertex -60.000000 -0.084622 15.077640
    endloop
  endfacet
  facet normal 0.000000 -0.999995 0.003112
    outer loop
      vertex -60.000000 0.064634 -5.310072
      vertex -60.000000 -0.005834 -27.957420
      vertex -30.000000 -0.005834 -27.957420
    endloop
  endfacet
  facet normal 1.000000 0.000000 0.000000
    outer loop
      vertex -60.000000 0.064634 -5.310072
      vertex -60.000000 -0.296698 -5.307828
      vertex -60.000000 -0.367391 -27.957420
    endloop
  endfacet
  facet normal 1.000000 0.000000 0.000000
    outer loop
      vertex -60.000000 0.064634 -5.310072
      vertex -60.000000 -0.367391 -27.957420
      vertex -60.000000 -0.005834 -27.957420
    endloop
  endfacet
  facet normal 1.000000 0.000000 0.000000
    outer loop
      vertex -60.000000 0.064634 -5.310072
      vertex -60.000000 -0.084622 15.077640
      vertex -60.000000 -0.296698 -5.307828
    endloop
  endfacet
  facet normal 0.000000 -0.000000 1.000000
    outer loop
      vertex -0.000000 -1.452060 -51.739140
      vertex -0.000000 -1.090506 -51.739140
      vertex -30.000000 -1.090506 -51.739140
    endloop
  endfacet
  facet normal 0.000000 0.999945 -0.010491
    outer loop
      vertex -60.000000 -1.380696 -5.301084
      vertex -60.000000 -1.166610 15.104580
      vertex -30.000000 -1.166610 15.104580
    endloop
  endfacet
  facet normal 0.000000 0.999945 -0.010491
    outer loop
      vertex -60.000000 -1.380696 -5.301084
      vertex -30.000000 -1.166610 15.104580
      vertex -30.000000 -1.380696 -5.301084
    endloop
  endfacet
  facet normal 0.000000 -1.000000 0.000000
    outer loop
      vertex -60.000000 153.818400 102.808200
      vertex -60.000000 153.818400 102.447000
      vertex -30.000000 153.818400 102.447000
    endloop
  endfacet
  facet normal 1.000000 0.000000 0.000000
    outer loop
      vertex -60.000000 153.818400 102.808200
      vertex -60.000000 130.036800 102.808200
      vertex -60.000000 130.036800 102.447000
    endloop
  endfacet
  facet normal 0.000000 -1.000000 0.000000
    outer loop
      vertex -60.000000 153.818400 102.808200
      vertex -30.000000 153.818400 102.447000
      vertex -30.000000 153.818400 102.808200
    endloop
  endfacet
  facet normal 0.000000 0.003151 -0.999995
    outer loop
      vertex -60.000000 107.380800 103.460400
      vertex -60.000000 130.036800 103.531800
      vertex -30.000000 130.036800 103.531800
    endloop
  endfacet
  facet normal 1.000000 0.000000 0.000000
    outer loop
      vertex -60.000000 107.380800 103.460400
      vertex -60.000000 107.382600 103.098600
      vertex -60.000000 130.036800 103.170000
    endloop
  endfacet
  facet normal 0.000000 0.000000 1.000000
    outer loop
      vertex 0.000000 153.818400 102.085200
      vertex -30.000000 153.818400 102.085200
      vertex -30.000000 130.036800 102.085200
    endloop
  endfacet
  facet normal 0.000000 -1.000000 0.000000
    outer loop
      vertex 0.000000 153.818400 102.085200
      vertex 0.000000 153.818400 102.447000
      vertex -30.000000 153.818400 102.447000
    endloop
  endfacet
  facet normal 0.000000 -0.010392 0.999946
    outer loop
      vertex -60.000000 107.389800 102.015000
      vertex -60.000000 87.010800 101.803200
      vertex -30.000000 87.010800 101.803200
    endloop
  endfacet
  facet normal 1.000000 0.000000 0.000000
    outer loop
      vertex -60.000000 107.389800 102.015000
      vertex -60.000000 107.387400 102.376200
      vertex -60.000000 87.001800 102.163800
    endloop
  endfacet
  facet normal 0.000000 -0.010392 0.999946
    outer loop
      vertex -60.000000 107.389800 102.015000
      vertex -30.000000 87.010800 101.803200
      vertex -30.000000 107.389800 102.015000
    endloop
  endfacet
  facet normal 0.000000 -1.000000 0.000000
    outer loop
      vertex 60.000000 153.818400 102.808200
      vertex 60.000000 153.818400 103.170000
      vertex 30.000000 153.818400 103.170000
    endloop
  endfacet
  facet normal -0.000000 -1.000000 -0.000000
    outer loop
      vertex 60.000000 153.818400 102.808200
      vertex 30.000000 153.818400 102.808200
      vertex 60.000000 153.818400 102.447000
    endloop
  endfacet
  facet normal -1.000000 -0.000000 0.000000
    outer loop
      vertex 60.000000 107.389800 102.015000
      vertex 60.000000 87.010800 101.803200
      vertex 60.000000 87.001800 102.163800
    endloop
  endfacet
  facet normal -1.000000 0.000000 0.000000
    outer loop
      vertex 60.000000 107.389800 102.015000
      vertex 60.000000 107.387400 102.376200
      vertex 60.000000 130.036800 102.085200
    endloop
  endfacet
  facet normal -0.000000 -1.000000 -0.000000
    outer loop
      vertex 0.000000 153.818400 103.531800
      vertex -30.000000 153.818400 103.531800
      vertex 0.000000 153.818400 103.170000
    endloop
  endfacet
  facet normal 0.000000 0.000000 -1.000000
    outer loop
      vertex 0.000000 153.818400 103.531800
      vertex 30.000000 153.818400 103.531800
      vertex 30.000000 130.036800 103.531800
    endloop
  endfacet
  facet normal 0.000000 -1.000000 0.000000
    outer loop
      vertex 0.000000 153.818400 103.531800
      vertex 0.000000 153.818400 103.170000
      vertex 30.000000 153.818400 103.170000
    endloop
  endfacet
  facet normal 0.000000 -1.000000 0.000000
    outer loop
      vertex 0.000000 153.818400 103.531800
      vertex 30.000000 153.818400 103.170000
      vertex 30.000000 153.818400 103.531800
    endloop
  endfacet
  facet normal 0.000000 0.010496 -0.999945
    outer loop
      vertex 60.000000 107.380800 103.460400
      vertex 60.000000 86.974800 103.246200
      vertex 30.000000 86.974800 103.246200
    endloop
  endfacet
  facet normal -1.000000 0.000000 0.000000
    outer loop
      vertex 60.000000 107.380800 103.460400
      vertex 60.000000 130.036800 103.531800
      vertex 60.000000 130.036800 103.170000
    endloop
  endfacet
  facet normal 0.000000 0.003151 -0.999995
    outer loop
      vertex 60.000000 107.380800 103.460400
      vertex 30.000000 107.380800 103.460400
      vertex 60.000000 130.036800 103.531800
    endloop
  endfacet
  facet normal 0.000000 0.115716 -0.993282
    outer loop
      vertex 0.000000 48.321540 101.044800
      vertex -30.000000 48.321540 101.044800
      vertex 0.000000 57.416940 102.104400
    endloop
  endfacet
  facet normal 0.000000 0.212867 -0.977081
    outer loop
      vertex 0.000000 48.321540 101.044800
      vertex 0.000000 41.590620 99.578400
      vertex -30.000000 41.590620 99.578400
    endloop
  endfacet
  facet normal 0.000000 0.513881 -0.857862
    outer loop
      vertex 0.000000 26.012040 92.228400
      vertex 0.000000 30.948060 95.185200
      vertex 30.000000 30.948060 95.185200
    endloop
  endfacet
  facet normal 0.000000 0.513881 -0.857862
    outer loop
      vertex 0.000000 26.012040 92.228400
      vertex -30.000000 26.012040 92.228400
      vertex 0.000000 30.948060 95.185200
    endloop
  endfacet
  facet normal 0.000000 0.595208 -0.803572
    outer loop
      vertex 0.000000 26.012040 92.228400
      vertex 0.000000 21.391560 88.806000
      vertex -30.000000 21.391560 88.806000
    endloop
  endfacet
  facet normal 0.000000 0.803574 -0.595204
    outer loop
      vertex 0.000000 9.851160 76.067400
      vertex 0.000000 13.273620 80.688000
      vertex 30.000000 13.273620 80.688000
    endloop
  endfacet
  facet normal 0.000000 0.803574 -0.595204
    outer loop
      vertex 0.000000 9.851160 76.067400
      vertex -30.000000 9.851160 76.067400
      vertex 0.000000 13.273620 80.688000
    endloop
  endfacet
  facet normal 0.000000 0.857856 -0.513890
    outer loop
      vertex 0.000000 9.851160 76.067400
      vertex -0.000000 6.894180 71.131200
      vertex -30.000000 6.894180 71.131200
    endloop
  endfacet
  facet normal 0.000000 0.857856 -0.513890
    outer loop
      vertex 0.000000 9.851160 76.067400
      vertex 30.000000 9.851160 76.067400
      vertex 30.000000 6.894180 71.131200
    endloop
  endfacet
  facet normal 0.000000 0.977094 -0.212810
    outer loop
      vertex -0.000000 1.034778 53.757900
      vertex -0.000000 2.500806 60.489000
      vertex 30.000000 2.500806 60.489000
    endloop
  endfacet
  facet normal 0.000000 0.977094 -0.212810
    outer loop
      vertex -0.000000 1.034778 53.757900
      vertex -30.000000 1.034778 53.757900
      vertex -0.000000 2.500806 60.489000
    endloop
  endfacet
  facet normal 0.000000 0.993283 -0.115714
    outer loop
      vertex -0.000000 1.034778 53.757900
      vertex -0.000000 -0.024802 44.662500
      vertex -30.000000 -0.024802 44.662500
    endloop
  endfacet
  facet normal 0.000000 0.993283 -0.115714
    outer loop
      vertex -0.000000 1.034778 53.757900
      vertex 30.000000 1.034778 53.757900
      vertex 30.000000 -0.024802 44.662500
    endloop
  endfacet
  facet normal 0.000000 -0.213160 0.977017
    outer loop
      vertex 0.000000 48.616860 99.632400
      vertex 0.000000 42.016620 98.192400
      vertex 30.000000 42.016620 98.192400
    endloop
  endfacet
  facet normal 0.000000 -0.213160 0.977017
    outer loop
      vertex 0.000000 48.616860 99.632400
      vertex -30.000000 48.616860 99.632400
      vertex 0.000000 42.016620 98.192400
    endloop
  endfacet
  facet normal 0.000000 -0.115416 0.993317
    outer loop
      vertex 0.000000 48.616860 99.632400
      vertex 0.000000 57.596760 100.675800
      vertex -30.000000 57.596760 100.675800
    endloop
  endfacet
  facet normal 0.000000 -0.595343 0.803472
    outer loop
      vertex -0.000000 26.827320 91.009200
      vertex -30.000000 26.827320 91.009200
      vertex 0.000000 22.322640 87.671400
    endloop
  endfacet
  facet normal 0.000000 -0.514217 0.857660
    outer loop
      vertex -0.000000 26.827320 91.009200
      vertex 0.000000 31.639860 93.894600
      vertex -30.000000 31.639860 93.894600
    endloop
  endfacet
  facet normal 0.000000 -0.857653 0.514228
    outer loop
      vertex -0.000000 11.070480 75.252000
      vertex -0.000000 8.184960 70.439400
      vertex 30.000000 8.184960 70.439400
    endloop
  endfacet
  facet normal 0.000000 -0.857653 0.514228
    outer loop
      vertex -0.000000 11.070480 75.252000
      vertex -30.000000 11.070480 75.252000
      vertex -0.000000 8.184960 70.439400
    endloop
  endfacet
  facet normal 0.000000 -0.803495 0.595312
    outer loop
      vertex -0.000000 11.070480 75.252000
      vertex -0.000000 14.408100 79.756800
      vertex -30.000000 14.408100 79.756800
    endloop
  endfacet
  facet normal 0.000000 -0.993313 0.115456
    outer loop
      vertex -0.000000 2.447304 53.462580
      vertex -0.000000 1.403544 44.482680
      vertex 30.000000 1.403544 44.482680
    endloop
  endfacet
  facet normal 0.000000 -0.993313 0.115456
    outer loop
      vertex -0.000000 2.447304 53.462580
      vertex -30.000000 2.447304 53.462580
      vertex -0.000000 1.403544 44.482680
    endloop
  endfacet
  facet normal 0.000000 -0.977018 0.213157
    outer loop
      vertex -0.000000 2.447304 53.462580
      vertex -0.000000 3.887322 60.063000
      vertex -30.000000 3.887322 60.063000
    endloop
  endfacet
  facet normal 0.000000 -0.977018 0.213157
    outer loop
      vertex -0.000000 2.447304 53.462580
      vertex 30.000000 2.447304 53.462580
      vertex 30.000000 3.887322 60.063000
    endloop
  endfacet
  facet normal 0.000000 0.000000 1.000000
    outer loop
      vertex -0.000000 -0.728946 -51.739140
      vertex -0.000000 -1.090506 -51.739140
      vertex 30.000000 -1.090506 -51.739140
    endloop
  endfacet
  facet normal 0.000000 0.000000 1.000000
    outer loop
      vertex -0.000000 -0.728946 -51.739140
      vertex -30.000000 -0.728946 -51.739140
      vertex -0.000000 -1.090506 -51.739140
    endloop
  endfacet
  facet normal -0.000000 0.000000 1.000000
    outer loop
      vertex -0.000000 -0.728946 -51.739140
      vertex 30.000000 -1.090506 -51.739140
      vertex 30.000000 -0.728946 -51.739140
    endloop
  endfacet
  facet normal 1.000000 0.000000 -0.000000
    outer loop
      vertex -60.000000 1.741038 53.610240
      vertex -60.000000 3.194064 60.276000
      vertex -60.000000 1.387908 53.684040
    endloop
  endfacet
  facet normal 1.000000 0.000000 0.000000
    outer loop
      vertex -60.000000 10.460820 75.660000
      vertex -60.000000 10.155960 75.863400
      vertex -60.000000 7.216860 70.958400
    endloop
  endfacet
  facet normal 1.000000 0.000000 -0.000000
    outer loop
      vertex -60.000000 10.460820 75.660000
      vertex -60.000000 13.840860 80.222400
      vertex -60.000000 10.155960 75.863400
    endloop
  endfacet
  facet normal 1.000000 0.000000 0.000000
    outer loop
      vertex -60.000000 10.460820 75.660000
      vertex -60.000000 7.216860 70.958400
      vertex -60.000000 7.539600 70.785600
    endloop
  endfacet
  facet normal 1.000000 0.000000 0.000000
    outer loop
      vertex -60.000000 26.419680 91.618800
      vertex -60.000000 26.215860 91.923600
      vertex -60.000000 21.624360 88.522200
    endloop
  endfacet
  facet normal 1.000000 0.000000 -0.000000
    outer loop
      vertex -60.000000 26.419680 91.618800
      vertex -60.000000 31.293960 94.539600
      vertex -60.000000 26.215860 91.923600
    endloop
  endfacet
  facet normal 1.000000 0.000000 0.000000
    outer loop
      vertex -60.000000 26.419680 91.618800
      vertex -60.000000 21.624360 88.522200
      vertex -60.000000 21.857100 88.238400
    endloop
  endfacet
  facet normal 1.000000 0.000000 0.000000
    outer loop
      vertex -60.000000 48.469200 100.338600
      vertex -60.000000 48.395400 100.691400
      vertex -60.000000 41.697120 99.232200
    endloop
  endfacet
  facet normal 1.000000 0.000000 -0.000000
    outer loop
      vertex -60.000000 48.469200 100.338600
      vertex -60.000000 57.506820 101.389800
      vertex -60.000000 48.395400 100.691400
    endloop
  endfacet
  facet normal 1.000000 0.000000 0.000000
    outer loop
      vertex -60.000000 48.469200 100.338600
      vertex -60.000000 41.697120 99.232200
      vertex -60.000000 41.803620 98.885400
    endloop
  endfacet
  facet normal -0.000000 -1.000000 0.000000
    outer loop
      vertex 0.000000 153.818400 102.808200
      vertex -30.000000 153.818400 102.808200
      vertex -30.000000 153.818400 102.447000
    endloop
  endfacet
  facet normal 0.000000 -1.000000 0.000000
    outer loop
      vertex 0.000000 153.818400 102.808200
      vertex 0.000000 153.818400 103.170000
      vertex -30.000000 153.818400 102.808200
    endloop
  endfacet
  facet normal 0.000000 -1.000000 0.000000
    outer loop
      vertex 0.000000 153.818400 102.808200
      vertex 30.000000 153.818400 102.808200
      vertex 30.000000 153.818400 103.170000
    endloop
  endfacet
  facet normal 0.000000 -1.000000 -0.000000
    outer loop
      vertex 0.000000 153.818400 102.808200
      vertex -30.000000 153.818400 102.447000
      vertex 0.000000 153.818400 102.447000
    endloop
  endfacet
  facet normal -1.000000 0.000000 0.000000
    outer loop
      vertex 60.000000 48.469200 100.338600
      vertex 60.000000 57.506820 101.389800
      vertex 60.000000 57.551760 101.032800
    endloop
  endfacet
  facet normal -1.000000 0.000000 0.000000
    outer loop
      vertex 60.000000 48.469200 100.338600
      vertex 60.000000 48.395400 100.691400
      vertex 60.000000 57.506820 101.389800
    endloop
  endfacet
  facet normal -1.000000 0.000000 0.000000
    outer loop
      vertex 60.000000 48.469200 100.338600
      vertex 60.000000 41.803620 98.885400
      vertex 60.000000 41.697120 99.232200
    endloop
  endfacet
  facet normal -1.000000 0.000000 0.000000
    outer loop
      vertex 60.000000 48.469200 100.338600
      vertex 60.000000 57.551760 101.032800
      vertex 60.000000 48.543060 99.985200
    endloop
  endfacet
  facet normal -1.000000 0.000000 0.000000
    outer loop
      vertex 60.000000 26.419680 91.618800
      vertex 60.000000 31.293960 94.539600
      vertex 60.000000 31.466880 94.217400
    endloop
  endfacet
  facet normal -1.000000 0.000000 0.000000
    outer loop
      vertex 60.000000 26.419680 91.618800
      vertex 60.000000 26.215860 91.923600
      vertex 60.000000 31.293960 94.539600
    endloop
  endfacet
  facet normal -1.000000 0.000000 0.000000
    outer loop
      vertex 60.000000 26.419680 91.618800
      vertex 60.000000 21.857100 88.238400
      vertex 60.000000 21.624360 88.522200
    endloop
  endfacet
  facet normal -1.000000 0.000000 0.000000
    outer loop
      vertex 60.000000 26.419680 91.618800
      vertex 60.000000 31.466880 94.217400
      vertex 60.000000 26.623500 91.314000
    endloop
  endfacet
  facet normal -1.000000 0.000000 0.000000
    outer loop
      vertex 60.000000 10.460820 75.660000
      vertex 60.000000 13.840860 80.222400
      vertex 60.000000 14.124480 79.989600
    endloop
  endfacet
  facet normal -1.000000 0.000000 0.000000
    outer loop
      vertex 60.000000 10.460820 75.660000
      vertex 60.000000 10.155960 75.863400
      vertex 60.000000 13.840860 80.222400
    endloop
  endfacet
  facet normal -1.000000 0.000000 0.000000
    outer loop
      vertex 60.000000 10.460820 75.660000
      vertex 60.000000 7.539600 70.785600
      vertex 60.000000 7.216860 70.958400
    endloop
  endfacet
  facet normal -1.000000 0.000000 0.000000
    outer loop
      vertex 60.000000 10.460820 75.660000
      vertex 60.000000 14.124480 79.989600
      vertex 60.000000 10.765620 75.456000
    endloop
  endfacet
  facet normal -1.000000 0.000000 -0.000000
    outer loop
      vertex 60.000000 1.741038 53.610240
      vertex 60.000000 2.094168 53.536380
      vertex 60.000000 1.046454 44.527680
    endloop
  endfacet
  facet normal -1.000000 0.000000 0.000000
    outer loop
      vertex 60.000000 1.741038 53.610240
      vertex 60.000000 3.194064 60.276000
      vertex 60.000000 3.540696 60.169200
    endloop
  endfacet
  facet normal -1.000000 0.000000 0.000000
    outer loop
      vertex 60.000000 1.741038 53.610240
      vertex 60.000000 1.387908 53.684040
      vertex 60.000000 3.194064 60.276000
    endloop
  endfacet
  facet normal -1.000000 0.000000 0.000000
    outer loop
      vertex 60.000000 1.741038 53.610240
      vertex 60.000000 0.689370 44.572620
      vertex 60.000000 0.332284 44.617560
    endloop
  endfacet
  facet normal -1.000000 0.000000 0.000000
    outer loop
      vertex 60.000000 1.741038 53.610240
      vertex 60.000000 3.540696 60.169200
      vertex 60.000000 2.094168 53.536380
    endloop
  endfacet
  facet normal -1.000000 0.000000 0.000000
    outer loop
      vertex 60.000000 -0.658032 -5.305578
      vertex 60.000000 -0.728946 -27.957420
      vertex 60.000000 -1.090506 -27.957420
    endloop
  endfacet
  facet normal -1.000000 0.000000 0.000000
    outer loop
      vertex 60.000000 -0.658032 -5.305578
      vertex 60.000000 -0.445284 15.086640
      vertex 60.000000 -0.296698 -5.307828
    endloop
  endfacet
  facet normal 0.000000 -0.999995 0.003112
    outer loop
      vertex -0.000000 0.064634 -5.310072
      vertex -0.000000 -0.005834 -27.957420
      vertex 30.000000 -0.005834 -27.957420
    endloop
  endfacet
  facet normal 0.000000 -0.999995 0.003112
    outer loop
      vertex -0.000000 0.064634 -5.310072
      vertex -30.000000 0.064634 -5.310072
      vertex -0.000000 -0.005834 -27.957420
    endloop
  endfacet
  facet normal 0.000000 -0.999946 0.010373
    outer loop
      vertex -0.000000 0.064634 -5.310072
      vertex -0.000000 0.276041 15.068640
      vertex -30.000000 0.276041 15.068640
    endloop
  endfacet
  facet normal 0.000000 -0.999995 0.003112
    outer loop
      vertex -0.000000 0.064634 -5.310072
      vertex 30.000000 -0.005834 -27.957420
      vertex 30.000000 0.064634 -5.310072
    endloop
  endfacet
  facet normal 1.000000 0.000000 0.000000
    outer loop
      vertex -60.000000 -0.658032 -5.305578
      vertex -60.000000 -1.019364 -5.303334
      vertex -60.000000 -1.090506 -27.957420
    endloop
  endfacet
  facet normal 1.000000 0.000000 -0.000000
    outer loop
      vertex -60.000000 -0.658032 -5.305578
      vertex -60.000000 -0.445284 15.086640
      vertex -60.000000 -1.019364 -5.303334
    endloop
  endfacet
  facet normal 1.000000 0.000000 0.000000
    outer loop
      vertex -60.000000 -0.658032 -5.305578
      vertex -60.000000 -1.090506 -27.957420
      vertex -60.000000 -0.728946 -27.957420
    endloop
  endfacet
  facet normal 0.000000 0.999995 -0.003150
    outer loop
      vertex -0.000000 -1.380696 -5.301084
      vertex -0.000000 -1.452060 -27.957420
      vertex -30.000000 -1.452060 -27.957420
    endloop
  endfacet
  facet normal 1.000000 0.000000 0.000000
    outer loop
      vertex -60.000000 107.385000 102.737400
      vertex -60.000000 107.382600 103.098600
      vertex -60.000000 86.983800 102.885600
    endloop
  endfacet
  facet normal 1.000000 0.000000 -0.000000
    outer loop
      vertex -60.000000 107.385000 102.737400
      vertex -60.000000 130.036800 102.808200
      vertex -60.000000 107.382600 103.098600
    endloop
  endfacet
  facet normal 1.000000 0.000000 0.000000
    outer loop
      vertex -60.000000 107.385000 102.737400
      vertex -60.000000 107.387400 102.376200
      vertex -60.000000 130.036800 102.447000
    endloop
  endfacet
  facet normal 0.000000 -0.003100 0.999995
    outer loop
      vertex 0.000000 107.389800 102.015000
      vertex 0.000000 130.036800 102.085200
      vertex -30.000000 130.036800 102.085200
    endloop
  endfacet
  facet normal 0.000000 -0.010392 0.999946
    outer loop
      vertex 0.000000 107.389800 102.015000
      vertex 0.000000 87.010800 101.803200
      vertex 30.000000 87.010800 101.803200
    endloop
  endfacet
  facet normal 0.000000 -0.010392 0.999946
    outer loop
      vertex 0.000000 107.389800 102.015000
      vertex 30.000000 87.010800 101.803200
      vertex 30.000000 107.389800 102.015000
    endloop
  endfacet
  facet normal -1.000000 0.000000 0.000000
    outer loop
      vertex 60.000000 107.385000 102.737400
      vertex 60.000000 130.036800 102.808200
      vertex 60.000000 130.036800 102.447000
    endloop
  endfacet
  facet normal -1.000000 0.000000 0.000000
    outer loop
      vertex 60.000000 107.385000 102.737400
      vertex 60.000000 107.382600 103.098600
      vertex 60.000000 130.036800 102.808200
    endloop
  endfacet
  facet normal -1.000000 -0.000000 0.000000
    outer loop
      vertex 60.000000 107.385000 102.737400
      vertex 60.000000 86.992800 102.525000
      vertex 60.000000 86.983800 102.885600
    endloop
  endfacet
  facet normal -1.000000 0.000000 0.000000
    outer loop
      vertex 60.000000 107.385000 102.737400
      vertex 60.000000 130.036800 102.447000
      vertex 60.000000 107.387400 102.376200
    endloop
  endfacet
  facet normal 0.000000 0.003151 -0.999995
    outer loop
      vertex 0.000000 107.380800 103.460400
      vertex 0.000000 130.036800 103.531800
      vertex 30.000000 130.036800 103.531800
    endloop
  endfacet
  facet normal 0.000000 0.003151 -0.999995
    outer loop
      vertex 0.000000 107.380800 103.460400
      vertex -30.000000 107.380800 103.460400
      vertex 0.000000 130.036800 103.531800
    endloop
  endfacet
  facet normal 0.000000 0.010496 -0.999945
    outer loop
      vertex 0.000000 107.380800 103.460400
      vertex 0.000000 86.974800 103.246200
      vertex -30.000000 86.974800 103.246200
    endloop
  endfacet
  facet normal 0.000000 0.003151 -0.999995
    outer loop
      vertex 0.000000 107.380800 103.460400
      vertex 30.000000 130.036800 103.531800
      vertex 30.000000 107.380800 103.460400
    endloop
  endfacet
  facet normal 0.000000 0.993283 -0.115714
    outer loop
      vertex -60.000000 -0.024802 44.662500
      vertex -60.000000 1.034778 53.757900
      vertex -30.000000 1.034778 53.757900
    endloop
  endfacet
  facet normal 1.000000 -0.000000 0.000000
    outer loop
      vertex -60.000000 -0.024802 44.662500
      vertex -60.000000 0.332284 44.617560
      vertex -60.000000 1.387908 53.684040
    endloop
  endfacet
  facet normal 0.000000 0.998382 -0.056870
    outer loop
      vertex -30.000000 -0.738432 32.134260
      vertex -30.000000 -0.024802 44.662500
      vertex -0.000000 -0.024802 44.662500
    endloop
  endfacet
  facet normal 0.000000 0.999684 -0.025135
    outer loop
      vertex -30.000000 -0.738432 32.134260
      vertex -30.000000 -1.166610 15.104580
      vertex -60.000000 -1.166610 15.104580
    endloop
  endfacet
  facet normal 0.000000 0.857856 -0.513890
    outer loop
      vertex -60.000000 6.894180 71.131200
      vertex -60.000000 9.851160 76.067400
      vertex -30.000000 9.851160 76.067400
    endloop
  endfacet
  facet normal 1.000000 -0.000000 0.000000
    outer loop
      vertex -60.000000 6.894180 71.131200
      vertex -60.000000 7.216860 70.958400
      vertex -60.000000 10.155960 75.863400
    endloop
  endfacet
  facet normal 0.000000 0.904158 -0.427197
    outer loop
      vertex -30.000000 4.433784 65.923800
      vertex -30.000000 6.894180 71.131200
      vertex -0.000000 6.894180 71.131200
    endloop
  endfacet
  facet normal 0.000000 0.942182 -0.335103
    outer loop
      vertex -30.000000 4.433784 65.923800
      vertex -30.000000 2.500806 60.489000
      vertex -60.000000 2.500806 60.489000
    endloop
  endfacet
  facet normal 0.000000 0.595208 -0.803572
    outer loop
      vertex -60.000000 21.391560 88.806000
      vertex -60.000000 26.012040 92.228400
      vertex -30.000000 26.012040 92.228400
    endloop
  endfacet
  facet normal 1.000000 -0.000000 0.000000
    outer loop
      vertex -60.000000 21.391560 88.806000
      vertex -60.000000 21.624360 88.522200
      vertex -60.000000 26.215860 91.923600
    endloop
  endfacet
  facet normal 0.000000 0.671144 -0.741327
    outer loop
      vertex -30.000000 17.130780 84.948600
      vertex -30.000000 21.391560 88.806000
      vertex 0.000000 21.391560 88.806000
    endloop
  endfacet
  facet normal 0.000000 0.741334 -0.671136
    outer loop
      vertex -30.000000 17.130780 84.948600
      vertex -30.000000 13.273620 80.688000
      vertex -60.000000 13.273620 80.688000
    endloop
  endfacet
  facet normal 0.000000 0.212867 -0.977081
    outer loop
      vertex -60.000000 41.590620 99.578400
      vertex -60.000000 48.321540 101.044800
      vertex -30.000000 48.321540 101.044800
    endloop
  endfacet
  facet normal 1.000000 -0.000000 0.000000
    outer loop
      vertex -60.000000 41.590620 99.578400
      vertex -60.000000 41.697120 99.232200
      vertex -60.000000 48.395400 100.691400
    endloop
  endfacet
  facet normal 0.000000 0.335031 -0.942207
    outer loop
      vertex -30.000000 36.155580 97.645800
      vertex -30.000000 41.590620 99.578400
      vertex 0.000000 41.590620 99.578400
    endloop
  endfacet
  facet normal 0.000000 0.427218 -0.904149
    outer loop
      vertex -30.000000 36.155580 97.645800
      vertex -30.000000 30.948060 95.185200
      vertex -60.000000 30.948060 95.185200
    endloop
  endfacet
  facet normal 0.000000 0.056852 -0.998383
    outer loop
      vertex -30.000000 69.945000 102.817800
      vertex -30.000000 57.416940 102.104400
      vertex -60.000000 57.416940 102.104400
    endloop
  endfacet
  facet normal 0.000000 0.025148 -0.999684
    outer loop
      vertex -30.000000 69.945000 102.817800
      vertex -30.000000 86.974800 103.246200
      vertex 0.000000 86.974800 103.246200
    endloop
  endfacet
  facet normal -1.000000 0.000000 0.000000
    outer loop
      vertex 60.000000 -0.024802 44.662500
      vertex 60.000000 1.034778 53.757900
      vertex 60.000000 1.387908 53.684040
    endloop
  endfacet
  facet normal -1.000000 0.000000 0.000000
    outer loop
      vertex 60.000000 6.894180 71.131200
      vertex 60.000000 9.851160 76.067400
      vertex 60.000000 10.155960 75.863400
    endloop
  endfacet
  facet normal -1.000000 0.000000 0.000000
    outer loop
      vertex 60.000000 21.391560 88.806000
      vertex 60.000000 26.012040 92.228400
      vertex 60.000000 26.215860 91.923600
    endloop
  endfacet
  facet normal -1.000000 0.000000 0.000000
    outer loop
      vertex 60.000000 41.590620 99.578400
      vertex 60.000000 48.321540 101.044800
      vertex 60.000000 48.395400 100.691400
    endloop
  endfacet
  facet normal 1.000000 0.000000 0.000000
    outer loop
      vertex -60.000000 3.887322 60.063000
      vertex -60.000000 5.780808 65.362200
      vertex -60.000000 5.444052 65.502600
    endloop
  endfacet
  facet normal 0.000000 -0.977018 0.213157
    outer loop
      vertex -60.000000 3.887322 60.063000
      vertex -60.000000 2.447304 53.462580
      vertex -30.000000 2.447304 53.462580
    endloop
  endfacet
  facet normal 1.000000 0.000000 0.000000
    outer loop
      vertex -60.000000 3.887322 60.063000
      vertex -60.000000 3.540696 60.169200
      vertex -60.000000 2.094168 53.536380
    endloop
  endfacet
  facet normal 0.000000 -0.999690 0.024899
    outer loop
      vertex 30.000000 0.698856 32.044320
      vertex -0.000000 0.698856 32.044320
      vertex -0.000000 0.276041 15.068640
    endloop
  endfacet
  facet normal 0.000000 -0.999690 0.024899
    outer loop
      vertex 30.000000 0.698856 32.044320
      vertex 60.000000 0.276041 15.068640
      vertex 60.000000 0.698856 32.044320
    endloop
  endfacet
  facet normal 0.000000 -0.999690 0.024899
    outer loop
      vertex 30.000000 0.698856 32.044320
      vertex 30.000000 0.276041 15.068640
      vertex 60.000000 0.276041 15.068640
    endloop
  endfacet
  facet normal 0.000000 -0.803495 0.595312
    outer loop
      vertex -60.000000 14.408100 79.756800
      vertex -60.000000 11.070480 75.252000
      vertex -30.000000 11.070480 75.252000
    endloop
  endfacet
  facet normal 1.000000 0.000000 0.000000
    outer loop
      vertex -60.000000 14.408100 79.756800
      vertex -60.000000 14.124480 79.989600
      vertex -60.000000 10.765620 75.456000
    endloop
  endfacet
  facet normal 0.000000 -0.941690 0.336481
    outer loop
      vertex 30.000000 5.780808 65.362200
      vertex -0.000000 5.780808 65.362200
      vertex -0.000000 3.887322 60.063000
    endloop
  endfacet
  facet normal 0.000000 -0.941690 0.336481
    outer loop
      vertex 30.000000 5.780808 65.362200
      vertex 60.000000 3.887322 60.063000
      vertex 60.000000 5.780808 65.362200
    endloop
  endfacet
  facet normal 0.000000 -0.903796 0.427965
    outer loop
      vertex 30.000000 5.780808 65.362200
      vertex 30.000000 8.184960 70.439400
      vertex -0.000000 8.184960 70.439400
    endloop
  endfacet
  facet normal 0.000000 -0.941690 0.336481
    outer loop
      vertex 30.000000 5.780808 65.362200
      vertex 30.000000 3.887322 60.063000
      vertex 60.000000 3.887322 60.063000
    endloop
  endfacet
  facet normal 0.000000 -0.514217 0.857660
    outer loop
      vertex -60.000000 31.639860 93.894600
      vertex -60.000000 26.827320 91.009200
      vertex -30.000000 26.827320 91.009200
    endloop
  endfacet
  facet normal 1.000000 0.000000 0.000000
    outer loop
      vertex -60.000000 31.639860 93.894600
      vertex -60.000000 31.466880 94.217400
      vertex -60.000000 26.623500 91.314000
    endloop
  endfacet
  facet normal 0.000000 -0.741337 0.671133
    outer loop
      vertex 30.000000 18.168540 83.910600
      vertex 60.000000 14.408100 79.756800
      vertex 60.000000 18.168540 83.910600
    endloop
  endfacet
  facet normal 0.000000 -0.671142 0.741329
    outer loop
      vertex 30.000000 18.168540 83.910600
      vertex 30.000000 22.322640 87.671400
      vertex 0.000000 22.322640 87.671400
    endloop
  endfacet
  facet normal 0.000000 -0.741337 0.671133
    outer loop
      vertex 30.000000 18.168540 83.910600
      vertex 30.000000 14.408100 79.756800
      vertex 60.000000 14.408100 79.756800
    endloop
  endfacet
  facet normal 1.000000 0.000000 0.000000
    outer loop
      vertex -60.000000 57.596760 100.675800
      vertex -60.000000 70.035000 101.380800
      vertex -60.000000 70.012800 101.740200
    endloop
  endfacet
  facet normal 0.000000 -0.115416 0.993317
    outer loop
      vertex -60.000000 57.596760 100.675800
      vertex -60.000000 48.616860 99.632400
      vertex -30.000000 48.616860 99.632400
    endloop
  endfacet
  facet normal 1.000000 0.000000 -0.000000
    outer loop
      vertex -60.000000 57.596760 100.675800
      vertex -60.000000 70.012800 101.740200
      vertex -60.000000 57.551760 101.032800
    endloop
  endfacet
  facet normal 1.000000 0.000000 0.000000
    outer loop
      vertex -60.000000 57.596760 100.675800
      vertex -60.000000 57.551760 101.032800
      vertex -60.000000 48.543060 99.985200
    endloop
  endfacet
  facet normal 0.000000 -0.427959 0.903798
    outer loop
      vertex 30.000000 36.717240 96.298800
      vertex 60.000000 31.639860 93.894600
      vertex 60.000000 36.717240 96.298800
    endloop
  endfacet
  facet normal 0.000000 -0.336488 0.941688
    outer loop
      vertex 30.000000 36.717240 96.298800
      vertex 30.000000 42.016620 98.192400
      vertex 0.000000 42.016620 98.192400
    endloop
  endfacet
  facet normal 0.000000 -0.427959 0.903798
    outer loop
      vertex 30.000000 36.717240 96.298800
      vertex 30.000000 31.639860 93.894600
      vertex 60.000000 31.639860 93.894600
    endloop
  endfacet
  facet normal 0.000000 -0.056589 0.998398
    outer loop
      vertex 30.000000 70.035000 101.380800
      vertex 0.000000 70.035000 101.380800
      vertex 0.000000 57.596760 100.675800
    endloop
  endfacet
  facet normal 0.000000 -0.056589 0.998398
    outer loop
      vertex 30.000000 70.035000 101.380800
      vertex 60.000000 57.596760 100.675800
      vertex 60.000000 70.035000 101.380800
    endloop
  endfacet
  facet normal 0.000000 -0.056589 0.998398
    outer loop
      vertex 30.000000 70.035000 101.380800
      vertex 30.000000 57.596760 100.675800
      vertex 60.000000 57.596760 100.675800
    endloop
  endfacet
  facet normal 0.000000 -0.024875 0.999691
    outer loop
      vertex 30.000000 70.035000 101.380800
      vertex 30.000000 87.010800 101.803200
      vertex 0.000000 87.010800 101.803200
    endloop
  endfacet
  facet normal -1.000000 0.000000 0.000000
    outer loop
      vertex 60.000000 3.887322 60.063000
      vertex 60.000000 3.540696 60.169200
      vertex 60.000000 5.780808 65.362200
    endloop
  endfacet
  facet normal -1.000000 0.000000 0.000000
    outer loop
      vertex 60.000000 14.408100 79.756800
      vertex 60.000000 14.124480 79.989600
      vertex 60.000000 18.168540 83.910600
    endloop
  endfacet
  facet normal -1.000000 0.000000 0.000000
    outer loop
      vertex 60.000000 31.639860 93.894600
      vertex 60.000000 31.466880 94.217400
      vertex 60.000000 36.717240 96.298800
    endloop
  endfacet
  facet normal -1.000000 0.000000 0.000000
    outer loop
      vertex 60.000000 57.596760 100.675800
      vertex 60.000000 70.012800 101.740200
      vertex 60.000000 70.035000 101.380800
    endloop
  endfacet
  facet normal -1.000000 0.000000 0.000000
    outer loop
      vertex 60.000000 57.596760 100.675800
      vertex 60.000000 57.551760 101.032800
      vertex 60.000000 70.012800 101.740200
    endloop
  endfacet
  facet normal -1.000000 0.000000 0.000000
    outer loop
      vertex 60.000000 0.339533 32.066820
      vertex 60.000000 1.403544 44.482680
      vertex 60.000000 0.698856 32.044320
    endloop
  endfacet
  facet normal -1.000000 0.000000 0.000000
    outer loop
      vertex 60.000000 0.339533 32.066820
      vertex 60.000000 1.046454 44.527680
      vertex 60.000000 1.403544 44.482680
    endloop
  endfacet
  facet normal -1.000000 0.000000 0.000000
    outer loop
      vertex 60.000000 0.339533 32.066820
      vertex 60.000000 -0.084622 15.077640
      vertex 60.000000 -0.445284 15.086640
    endloop
  endfacet
  facet normal 1.000000 0.000000 0.000000
    outer loop
      vertex -60.000000 5.444052 65.502600
      vertex -60.000000 5.107296 65.643000
      vertex -60.000000 3.194064 60.276000
    endloop
  endfacet
  facet normal 1.000000 0.000000 0.000000
    outer loop
      vertex -60.000000 5.444052 65.502600
      vertex -60.000000 3.540696 60.169200
      vertex -60.000000 3.887322 60.063000
    endloop
  endfacet
  facet normal 1.000000 0.000000 0.000000
    outer loop
      vertex -60.000000 17.909100 84.170400
      vertex -60.000000 17.649660 84.429600
      vertex -60.000000 13.840860 80.222400
    endloop
  endfacet
  facet normal 1.000000 0.000000 0.000000
    outer loop
      vertex -60.000000 36.576840 96.635400
      vertex -60.000000 36.436440 96.972000
      vertex -60.000000 31.293960 94.539600
    endloop
  endfacet
  facet normal -1.000000 0.000000 0.000000
    outer loop
      vertex 60.000000 36.576840 96.635400
      vertex 60.000000 42.016620 98.192400
      vertex 60.000000 36.717240 96.298800
    endloop
  endfacet
  facet normal -1.000000 0.000000 0.000000
    outer loop
      vertex 60.000000 36.576840 96.635400
      vertex 60.000000 41.910120 98.538600
      vertex 60.000000 42.016620 98.192400
    endloop
  endfacet
  facet normal -1.000000 0.000000 0.000000
    outer loop
      vertex 60.000000 36.576840 96.635400
      vertex 60.000000 31.466880 94.217400
      vertex 60.000000 31.293960 94.539600
    endloop
  endfacet
  facet normal -1.000000 0.000000 0.000000
    outer loop
      vertex 60.000000 17.909100 84.170400
      vertex 60.000000 22.322640 87.671400
      vertex 60.000000 18.168540 83.910600
    endloop
  endfacet
  facet normal -1.000000 0.000000 0.000000
    outer loop
      vertex 60.000000 17.909100 84.170400
      vertex 60.000000 22.089840 87.955200
      vertex 60.000000 22.322640 87.671400
    endloop
  endfacet
  facet normal -1.000000 0.000000 0.000000
    outer loop
      vertex 60.000000 17.909100 84.170400
      vertex 60.000000 14.124480 79.989600
      vertex 60.000000 13.840860 80.222400
    endloop
  endfacet
  facet normal -1.000000 0.000000 0.000000
    outer loop
      vertex 60.000000 5.444052 65.502600
      vertex 60.000000 8.184960 70.439400
      vertex 60.000000 5.780808 65.362200
    endloop
  endfacet
  facet normal -1.000000 0.000000 0.000000
    outer loop
      vertex 60.000000 5.444052 65.502600
      vertex 60.000000 7.862280 70.612800
      vertex 60.000000 8.184960 70.439400
    endloop
  endfacet
  facet normal -1.000000 0.000000 0.000000
    outer loop
      vertex 60.000000 5.444052 65.502600
      vertex 60.000000 3.540696 60.169200
      vertex 60.000000 3.194064 60.276000
    endloop
  endfacet
  facet normal -1.000000 0.000000 0.000000
    outer loop
      vertex 60.000000 -0.367391 -51.739140
      vertex 60.000000 -0.367391 -27.957420
      vertex 60.000000 -0.005834 -51.739140
    endloop
  endfacet
  facet normal -1.000000 0.000000 0.000000
    outer loop
      vertex 60.000000 -1.166610 15.104580
      vertex 60.000000 -0.738432 32.134260
      vertex 60.000000 -0.379110 32.111760
    endloop
  endfacet
  facet normal -1.000000 0.000000 0.000000
    outer loop
      vertex 60.000000 -1.166610 15.104580
      vertex 60.000000 -0.805944 15.095580
      vertex 60.000000 -1.019364 -5.303334
    endloop
  endfacet
  facet normal 0.000000 0.999684 -0.025135
    outer loop
      vertex 60.000000 -1.166610 15.104580
      vertex 30.000000 -1.166610 15.104580
      vertex 60.000000 -0.738432 32.134260
    endloop
  endfacet
  facet normal 0.000000 0.000000 1.000000
    outer loop
      vertex -30.000000 -0.005834 -51.739140
      vertex -60.000000 -0.005834 -51.739140
      vertex -60.000000 -0.367391 -51.739140
    endloop
  endfacet
  facet normal 0.000000 0.000000 1.000000
    outer loop
      vertex -30.000000 -0.005834 -51.739140
      vertex -30.000000 -0.367391 -51.739140
      vertex -0.000000 -0.367391 -51.739140
    endloop
  endfacet
  facet normal 0.000000 -1.000000 0.000000
    outer loop
      vertex -30.000000 -0.005834 -51.739140
      vertex -30.000000 -0.005834 -27.957420
      vertex -60.000000 -0.005834 -51.739140
    endloop
  endfacet
  facet normal 1.000000 0.000000 -0.000000
    outer loop
      vertex -60.000000 -1.090506 -51.739140
      vertex -60.000000 -1.090506 -27.957420
      vertex -60.000000 -1.452060 -51.739140
    endloop
  endfacet
  facet normal 0.000000 -0.999946 0.010373
    outer loop
      vertex -60.000000 0.276041 15.068640
      vertex -60.000000 0.064634 -5.310072
      vertex -30.000000 0.064634 -5.310072
    endloop
  endfacet
  facet normal 0.000000 -0.000000 1.000000
    outer loop
      vertex 30.000000 -1.452060 -51.739140
      vertex 30.000000 -1.090506 -51.739140
      vertex -0.000000 -1.090506 -51.739140
    endloop
  endfacet
  facet normal 0.000000 1.000000 0.000000
    outer loop
      vertex 30.000000 -1.452060 -51.739140
      vertex 30.000000 -1.452060 -27.957420
      vertex 60.000000 -1.452060 -51.739140
    endloop
  endfacet
  facet normal 0.000000 0.999684 -0.025135
    outer loop
      vertex -60.000000 -1.166610 15.104580
      vertex -60.000000 -0.738432 32.134260
      vertex -30.000000 -0.738432 32.134260
    endloop
  endfacet
  facet normal 1.000000 -0.000000 0.000000
    outer loop
      vertex -60.000000 -1.166610 15.104580
      vertex -60.000000 -0.805944 15.095580
      vertex -60.000000 -0.379110 32.111760
    endloop
  endfacet
  facet normal 1.000000 0.000000 0.000000
    outer loop
      vertex -60.000000 153.818400 102.447000
      vertex -60.000000 130.036800 102.085200
      vertex -60.000000 153.818400 102.085200
    endloop
  endfacet
  facet normal 1.000000 0.000000 0.000000
    outer loop
      vertex -60.000000 153.818400 102.447000
      vertex -60.000000 130.036800 102.447000
      vertex -60.000000 130.036800 102.085200
    endloop
  endfacet
  facet normal 1.000000 0.000000 0.000000
    outer loop
      vertex -60.000000 86.974800 103.246200
      vertex -60.000000 69.945000 102.817800
      vertex -60.000000 69.967800 102.458400
    endloop
  endfacet
  facet normal 0.000000 0.010496 -0.999945
    outer loop
      vertex -60.000000 86.974800 103.246200
      vertex -60.000000 107.380800 103.460400
      vertex -30.000000 107.380800 103.460400
    endloop
  endfacet
  facet normal 1.000000 0.000000 0.000000
    outer loop
      vertex -60.000000 86.974800 103.246200
      vertex -60.000000 69.967800 102.458400
      vertex -60.000000 86.983800 102.885600
    endloop
  endfacet
  facet normal 1.000000 0.000000 0.000000
    outer loop
      vertex -60.000000 86.974800 103.246200
      vertex -60.000000 86.983800 102.885600
      vertex -60.000000 107.382600 103.098600
    endloop
  endfacet
  facet normal 0.000000 -1.000000 0.000000
    outer loop
      vertex 30.000000 153.818400 102.085200
      vertex 30.000000 153.818400 102.447000
      vertex 0.000000 153.818400 102.447000
    endloop
  endfacet
  facet normal 0.000000 -0.024875 0.999691
    outer loop
      vertex -60.000000 87.010800 101.803200
      vertex -60.000000 70.035000 101.380800
      vertex -30.000000 70.035000 101.380800
    endloop
  endfacet
  facet normal -1.000000 0.000000 0.000000
    outer loop
      vertex 60.000000 153.818400 103.170000
      vertex 60.000000 130.036800 103.170000
      vertex 60.000000 130.036800 103.531800
    endloop
  endfacet
  facet normal -0.000000 -1.000000 0.000000
    outer loop
      vertex -30.000000 153.818400 103.531800
      vertex -60.000000 153.818400 103.531800
      vertex -60.000000 153.818400 103.170000
    endloop
  endfacet
  facet normal 0.000000 -1.000000 0.000000
    outer loop
      vertex -30.000000 153.818400 103.531800
      vertex -30.000000 153.818400 103.170000
      vertex 0.000000 153.818400 103.170000
    endloop
  endfacet
  facet normal -1.000000 0.000000 0.000000
    outer loop
      vertex 60.000000 86.974800 103.246200
      vertex 60.000000 107.380800 103.460400
      vertex 60.000000 107.382600 103.098600
    endloop
  endfacet
  facet normal -1.000000 0.000000 0.000000
    outer loop
      vertex 60.000000 86.974800 103.246200
      vertex 60.000000 69.967800 102.458400
      vertex 60.000000 69.945000 102.817800
    endloop
  endfacet
  facet normal -1.000000 0.000000 -0.000000
    outer loop
      vertex 60.000000 86.974800 103.246200
      vertex 60.000000 86.983800 102.885600
      vertex 60.000000 69.967800 102.458400
    endloop
  endfacet
  facet normal 0.000000 0.942182 -0.335103
    outer loop
      vertex -60.000000 2.500806 60.489000
      vertex -60.000000 4.433784 65.923800
      vertex -30.000000 4.433784 65.923800
    endloop
  endfacet
  facet normal 1.000000 -0.000000 0.000000
    outer loop
      vertex -60.000000 2.500806 60.489000
      vertex -60.000000 2.847438 60.382200
      vertex -60.000000 4.433784 65.923800
    endloop
  endfacet
  facet normal 0.000000 0.998382 -0.056870
    outer loop
      vertex 30.000000 -0.738432 32.134260
      vertex -0.000000 -0.738432 32.134260
      vertex -0.000000 -0.024802 44.662500
    endloop
  endfacet
  facet normal 0.000000 0.998382 -0.056870
    outer loop
      vertex 30.000000 -0.738432 32.134260
      vertex 30.000000 -0.024802 44.662500
      vertex 60.000000 -0.024802 44.662500
    endloop
  endfacet
  facet normal 0.000000 0.999684 -0.025135
    outer loop
      vertex 30.000000 -0.738432 32.134260
      vertex 30.000000 -1.166610 15.104580
      vertex -0.000000 -1.166610 15.104580
    endloop
  endfacet
  facet normal 0.000000 0.741334 -0.671136
    outer loop
      vertex -60.000000 13.273620 80.688000
      vertex -60.000000 17.130780 84.948600
      vertex -30.000000 17.130780 84.948600
    endloop
  endfacet
  facet normal 1.000000 -0.000000 0.000000
    outer loop
      vertex -60.000000 13.273620 80.688000
      vertex -60.000000 13.557240 80.455200
      vertex -60.000000 17.390220 84.689400
    endloop
  endfacet
  facet normal 0.000000 0.904158 -0.427197
    outer loop
      vertex 30.000000 4.433784 65.923800
      vertex -0.000000 4.433784 65.923800
      vertex -0.000000 6.894180 71.131200
    endloop
  endfacet
  facet normal 0.000000 0.942182 -0.335103
    outer loop
      vertex 30.000000 4.433784 65.923800
      vertex 30.000000 2.500806 60.489000
      vertex -0.000000 4.433784 65.923800
    endloop
  endfacet
  facet normal 0.000000 0.427218 -0.904149
    outer loop
      vertex -60.000000 30.948060 95.185200
      vertex -60.000000 36.155580 97.645800
      vertex -30.000000 36.155580 97.645800
    endloop
  endfacet
  facet normal 1.000000 -0.000000 0.000000
    outer loop
      vertex -60.000000 30.948060 95.185200
      vertex -60.000000 31.120980 94.862400
      vertex -60.000000 36.296040 97.309200
    endloop
  endfacet
  facet normal 0.000000 0.671144 -0.741327
    outer loop
      vertex 30.000000 17.130780 84.948600
      vertex 30.000000 21.391560 88.806000
      vertex 60.000000 21.391560 88.806000
    endloop
  endfacet
  facet normal 0.000000 0.741334 -0.671136
    outer loop
      vertex 30.000000 17.130780 84.948600
      vertex 30.000000 13.273620 80.688000
      vertex 0.000000 17.130780 84.948600
    endloop
  endfacet
  facet normal 0.000000 0.056852 -0.998383
    outer loop
      vertex -60.000000 57.416940 102.104400
      vertex -60.000000 69.945000 102.817800
      vertex -30.000000 69.945000 102.817800
    endloop
  endfacet
  facet normal 0.000000 0.335031 -0.942207
    outer loop
      vertex 30.000000 36.155580 97.645800
      vertex 30.000000 41.590620 99.578400
      vertex 60.000000 41.590620 99.578400
    endloop
  endfacet
  facet normal 0.000000 0.427218 -0.904149
    outer loop
      vertex 30.000000 36.155580 97.645800
      vertex 30.000000 30.948060 95.185200
      vertex 0.000000 30.948060 95.185200
    endloop
  endfacet
  facet normal 0.000000 0.056852 -0.998383
    outer loop
      vertex 30.000000 69.945000 102.817800
      vertex 30.000000 57.416940 102.104400
      vertex 0.000000 57.416940 102.104400
    endloop
  endfacet
  facet normal 0.000000 0.025148 -0.999684
    outer loop
      vertex 30.000000 69.945000 102.817800
      vertex 30.000000 86.974800 103.246200
      vertex 60.000000 86.974800 103.246200
    endloop
  endfacet
  facet normal -1.000000 0.000000 0.000000
    outer loop
      vertex 60.000000 2.500806 60.489000
      vertex 60.000000 4.433784 65.923800
      vertex 60.000000 4.770540 65.783400
    endloop
  endfacet
  facet normal -1.000000 0.000000 0.000000
    outer loop
      vertex 60.000000 2.500806 60.489000
      vertex 60.000000 1.387908 53.684040
      vertex 60.000000 1.034778 53.757900
    endloop
  endfacet
  facet normal -1.000000 0.000000 -0.000000
    outer loop
      vertex 60.000000 2.500806 60.489000
      vertex 60.000000 2.847438 60.382200
      vertex 60.000000 1.387908 53.684040
    endloop
  endfacet
  facet normal -1.000000 0.000000 0.000000
    outer loop
      vertex 60.000000 13.273620 80.688000
      vertex 60.000000 17.130780 84.948600
      vertex 60.000000 17.390220 84.689400
    endloop
  endfacet
  facet normal -1.000000 0.000000 0.000000
    outer loop
      vertex 60.000000 30.948060 95.185200
      vertex 60.000000 36.155580 97.645800
      vertex 60.000000 36.296040 97.309200
    endloop
  endfacet
  facet normal 0.000000 -0.998399 0.056564
    outer loop
      vertex -60.000000 1.403544 44.482680
      vertex -60.000000 0.698856 32.044320
      vertex -30.000000 0.698856 32.044320
    endloop
  endfacet
  facet normal 1.000000 0.000000 0.000000
    outer loop
      vertex -60.000000 1.403544 44.482680
      vertex -60.000000 2.447304 53.462580
      vertex -60.000000 2.094168 53.536380
    endloop
  endfacet
  facet normal 1.000000 0.000000 0.000000
    outer loop
      vertex -60.000000 1.403544 44.482680
      vertex -60.000000 1.046454 44.527680
      vertex -60.000000 0.339533 32.066820
    endloop
  endfacet
  facet normal 0.000000 -0.999690 0.024899
    outer loop
      vertex -30.000000 0.698856 32.044320
      vertex -0.000000 0.276041 15.068640
      vertex -0.000000 0.698856 32.044320
    endloop
  endfacet
  facet normal 0.000000 -0.998399 0.056564
    outer loop
      vertex -30.000000 0.698856 32.044320
      vertex -30.000000 1.403544 44.482680
      vertex -60.000000 1.403544 44.482680
    endloop
  endfacet
  facet normal 0.000000 -0.999690 0.024899
    outer loop
      vertex -30.000000 0.698856 32.044320
      vertex -30.000000 0.276041 15.068640
      vertex -0.000000 0.276041 15.068640
    endloop
  endfacet
  facet normal 0.000000 -0.903796 0.427965
    outer loop
      vertex -60.000000 8.184960 70.439400
      vertex -60.000000 5.780808 65.362200
      vertex -30.000000 5.780808 65.362200
    endloop
  endfacet
  facet normal 1.000000 0.000000 0.000000
    outer loop
      vertex -60.000000 8.184960 70.439400
      vertex -60.000000 7.862280 70.612800
      vertex -60.000000 5.444052 65.502600
    endloop
  endfacet
  facet normal 0.000000 -0.941690 0.336481
    outer loop
      vertex -30.000000 5.780808 65.362200
      vertex -0.000000 3.887322 60.063000
      vertex -0.000000 5.780808 65.362200
    endloop
  endfacet
  facet normal 0.000000 -0.903796 0.427965
    outer loop
      vertex -30.000000 5.780808 65.362200
      vertex -30.000000 8.184960 70.439400
      vertex -60.000000 8.184960 70.439400
    endloop
  endfacet
  facet normal 0.000000 -0.941690 0.336481
    outer loop
      vertex -30.000000 5.780808 65.362200
      vertex -30.000000 3.887322 60.063000
      vertex -0.000000 3.887322 60.063000
    endloop
  endfacet
  facet normal 0.000000 -0.671142 0.741329
    outer loop
      vertex -60.000000 22.322640 87.671400
      vertex -60.000000 18.168540 83.910600
      vertex -30.000000 18.168540 83.910600
    endloop
  endfacet
  facet normal 1.000000 0.000000 0.000000
    outer loop
      vertex -60.000000 22.322640 87.671400
      vertex -60.000000 22.089840 87.955200
      vertex -60.000000 17.909100 84.170400
    endloop
  endfacet
  facet normal 0.000000 -0.741337 0.671133
    outer loop
      vertex -30.000000 18.168540 83.910600
      vertex -0.000000 14.408100 79.756800
      vertex -0.000000 18.168540 83.910600
    endloop
  endfacet
  facet normal 0.000000 -0.671142 0.741329
    outer loop
      vertex -30.000000 18.168540 83.910600
      vertex -30.000000 22.322640 87.671400
      vertex -60.000000 22.322640 87.671400
    endloop
  endfacet
  facet normal 0.000000 -0.741337 0.671133
    outer loop
      vertex -30.000000 18.168540 83.910600
      vertex -30.000000 14.408100 79.756800
      vertex -0.000000 14.408100 79.756800
    endloop
  endfacet
  facet normal 0.000000 -0.336488 0.941688
    outer loop
      vertex -60.000000 42.016620 98.192400
      vertex -60.000000 36.717240 96.298800
      vertex -30.000000 36.717240 96.298800
    endloop
  endfacet
  facet normal 1.000000 0.000000 0.000000
    outer loop
      vertex -60.000000 42.016620 98.192400
      vertex -60.000000 41.910120 98.538600
      vertex -60.000000 36.576840 96.635400
    endloop
  endfacet
  facet normal 0.000000 -0.336488 0.941688
    outer loop
      vertex -30.000000 36.717240 96.298800
      vertex -30.000000 42.016620 98.192400
      vertex -60.000000 42.016620 98.192400
    endloop
  endfacet
  facet normal 0.000000 -0.056589 0.998398
    outer loop
      vertex -30.000000 70.035000 101.380800
      vertex 0.000000 57.596760 100.675800
      vertex 0.000000 70.035000 101.380800
    endloop
  endfacet
  facet normal 0.000000 -0.056589 0.998398
    outer loop
      vertex -30.000000 70.035000 101.380800
      vertex -30.000000 57.596760 100.675800
      vertex 0.000000 57.596760 100.675800
    endloop
  endfacet
  facet normal 0.000000 -0.024875 0.999691
    outer loop
      vertex -30.000000 70.035000 101.380800
      vertex -30.000000 87.010800 101.803200
      vertex -60.000000 87.010800 101.803200
    endloop
  endfacet
  facet normal -1.000000 0.000000 0.000000
    outer loop
      vertex 60.000000 1.403544 44.482680
      vertex 60.000000 1.046454 44.527680
      vertex 60.000000 2.447304 53.462580
    endloop
  endfacet
  facet normal -1.000000 0.000000 0.000000
    outer loop
      vertex 60.000000 8.184960 70.439400
      vertex 60.000000 7.862280 70.612800
      vertex 60.000000 11.070480 75.252000
    endloop
  endfacet
  facet normal -1.000000 0.000000 0.000000
    outer loop
      vertex 60.000000 22.322640 87.671400
      vertex 60.000000 22.089840 87.955200
      vertex 60.000000 26.827320 91.009200
    endloop
  endfacet
  facet normal -1.000000 0.000000 0.000000
    outer loop
      vertex 60.000000 42.016620 98.192400
      vertex 60.000000 41.910120 98.538600
      vertex 60.000000 48.616860 99.632400
    endloop
  endfacet
  facet normal -1.000000 0.000000 0.000000
    outer loop
      vertex 60.000000 -0.379110 32.111760
      vertex 60.000000 0.689370 44.572620
      vertex 60.000000 -0.019789 32.089260
    endloop
  endfacet
  facet normal -1.000000 0.000000 0.000000
    outer loop
      vertex 60.000000 -0.379110 32.111760
      vertex 60.000000 0.332284 44.617560
      vertex 60.000000 0.689370 44.572620
    endloop
  endfacet
  facet normal -1.000000 0.000000 0.000000
    outer loop
      vertex 60.000000 -0.379110 32.111760
      vertex 60.000000 -0.805944 15.095580
      vertex 60.000000 -1.166610 15.104580
    endloop
  endfacet
  facet normal 1.000000 0.000000 0.000000
    outer loop
      vertex -60.000000 -0.379110 32.111760
      vertex -60.000000 -0.738432 32.134260
      vertex -60.000000 -1.166610 15.104580
    endloop
  endfacet
  facet normal 1.000000 0.000000 0.000000
    outer loop
      vertex -60.000000 17.390220 84.689400
      vertex -60.000000 17.130780 84.948600
      vertex -60.000000 13.273620 80.688000
    endloop
  endfacet
  facet normal 1.000000 0.000000 0.000000
    outer loop
      vertex -60.000000 36.296040 97.309200
      vertex -60.000000 36.155580 97.645800
      vertex -60.000000 30.948060 95.185200
    endloop
  endfacet
  facet normal 1.000000 0.000000 0.000000
    outer loop
      vertex -60.000000 69.967800 102.458400
      vertex -60.000000 57.506820 101.389800
      vertex -60.000000 69.990000 102.099000
    endloop
  endfacet
  facet normal 1.000000 0.000000 0.000000
    outer loop
      vertex -60.000000 69.967800 102.458400
      vertex -60.000000 57.461880 101.747400
      vertex -60.000000 57.506820 101.389800
    endloop
  endfacet
  facet normal -1.000000 0.000000 -0.000000
    outer loop
      vertex 60.000000 69.967800 102.458400
      vertex 60.000000 69.990000 102.099000
      vertex 60.000000 57.506820 101.389800
    endloop
  endfacet
  facet normal -1.000000 0.000000 0.000000
    outer loop
      vertex 60.000000 69.967800 102.458400
      vertex 60.000000 57.506820 101.389800
      vertex 60.000000 57.461880 101.747400
    endloop
  endfacet
  facet normal -1.000000 0.000000 0.000000
    outer loop
      vertex 60.000000 36.296040 97.309200
      vertex 60.000000 41.803620 98.885400
      vertex 60.000000 36.436440 96.972000
    endloop
  endfacet
  facet normal -1.000000 0.000000 0.000000
    outer loop
      vertex 60.000000 36.296040 97.309200
      vertex 60.000000 41.697120 99.232200
      vertex 60.000000 41.803620 98.885400
    endloop
  endfacet
  facet normal -1.000000 0.000000 0.000000
    outer loop
      vertex 60.000000 36.296040 97.309200
      vertex 60.000000 31.120980 94.862400
      vertex 60.000000 30.948060 95.185200
    endloop
  endfacet
  facet normal -1.000000 0.000000 0.000000
    outer loop
      vertex 60.000000 17.390220 84.689400
      vertex 60.000000 21.857100 88.238400
      vertex 60.000000 17.649660 84.429600
    endloop
  endfacet
  facet normal -1.000000 0.000000 0.000000
    outer loop
      vertex 60.000000 17.390220 84.689400
      vertex 60.000000 21.624360 88.522200
      vertex 60.000000 21.857100 88.238400
    endloop
  endfacet
  facet normal -1.000000 0.000000 0.000000
    outer loop
      vertex 60.000000 17.390220 84.689400
      vertex 60.000000 13.557240 80.455200
      vertex 60.000000 13.273620 80.688000
    endloop
  endfacet
  facet normal -1.000000 0.000000 0.000000
    outer loop
      vertex 60.000000 4.770540 65.783400
      vertex 60.000000 7.539600 70.785600
      vertex 60.000000 5.107296 65.643000
    endloop
  endfacet
  facet normal -1.000000 0.000000 0.000000
    outer loop
      vertex 60.000000 4.770540 65.783400
      vertex 60.000000 7.216860 70.958400
      vertex 60.000000 7.539600 70.785600
    endloop
  endfacet
  facet normal -1.000000 0.000000 0.000000
    outer loop
      vertex 60.000000 4.770540 65.783400
      vertex 60.000000 2.847438 60.382200
      vertex 60.000000 2.500806 60.489000
    endloop
  endfacet
  facet normal 0.000000 0.000000 1.000000
    outer loop
      vertex 60.000000 -1.090506 -51.739140
      vertex 30.000000 -1.090506 -51.739140
      vertex 30.000000 -1.452060 -51.739140
    endloop
  endfacet
  facet normal -1.000000 0.000000 0.000000
    outer loop
      vertex 60.000000 -1.090506 -51.739140
      vertex 60.000000 -1.090506 -27.957420
      vertex 60.000000 -0.728946 -51.739140
    endloop
  endfacet
  facet normal -1.000000 0.000000 0.000000
    outer loop
      vertex 60.000000 -1.452060 -27.957420
      vertex 60.000000 -1.380696 -5.301084
      vertex 60.000000 -1.019364 -5.303334
    endloop
  endfacet
  facet normal -1.000000 0.000000 0.000000
    outer loop
      vertex 60.000000 -1.452060 -27.957420
      vertex 60.000000 -1.090506 -27.957420
      vertex 60.000000 -1.090506 -51.739140
    endloop
  endfacet
  facet normal 0.000000 0.999995 -0.003150
    outer loop
      vertex 60.000000 -1.452060 -27.957420
      vertex 30.000000 -1.452060 -27.957420
      vertex 60.000000 -1.380696 -5.301084
    endloop
  endfacet
  facet normal 0.000000 0.000000 1.000000
    outer loop
      vertex 30.000000 -0.005834 -51.739140
      vertex -0.000000 -0.005834 -51.739140
      vertex -0.000000 -0.367391 -51.739140
    endloop
  endfacet
  facet normal 0.000000 -1.000000 0.000000
    outer loop
      vertex 30.000000 -0.005834 -51.739140
      vertex 30.000000 -0.005834 -27.957420
      vertex -0.000000 -0.005834 -51.739140
    endloop
  endfacet
  facet normal -1.000000 0.000000 0.000000
    outer loop
      vertex 60.000000 -0.005834 -27.957420
      vertex 60.000000 -0.367391 -27.957420
      vertex 60.000000 0.064634 -5.310072
    endloop
  endfacet
  facet normal -0.000000 -1.000000 0.000000
    outer loop
      vertex 60.000000 -0.005834 -27.957420
      vertex 30.000000 -0.005834 -27.957420
      vertex 30.000000 -0.005834 -51.739140
    endloop
  endfacet
  facet normal 0.000000 0.000000 1.000000
    outer loop
      vertex -60.000000 -0.367391 -51.739140
      vertex -60.000000 -0.728946 -51.739140
      vertex -30.000000 -0.728946 -51.739140
    endloop
  endfacet
  facet normal 1.000000 0.000000 0.000000
    outer loop
      vertex -60.000000 -0.367391 -51.739140
      vertex -60.000000 -0.728946 -27.957420
      vertex -60.000000 -0.728946 -51.739140
    endloop
  endfacet
  facet normal 0.000000 0.000000 1.000000
    outer loop
      vertex -60.000000 -0.367391 -51.739140
      vertex -30.000000 -0.367391 -51.739140
      vertex -30.000000 -0.005834 -51.739140
    endloop
  endfacet
  facet normal 1.000000 0.000000 -0.000000
    outer loop
      vertex -60.000000 -0.367391 -51.739140
      vertex -60.000000 -0.367391 -27.957420
      vertex -60.000000 -0.728946 -27.957420
    endloop
  endfacet
  facet normal 0.000000 1.000000 0.000000
    outer loop
      vertex -30.000000 -1.452060 -51.739140
      vertex -30.000000 -1.452060 -27.957420
      vertex -0.000000 -1.452060 -51.739140
    endloop
  endfacet
  facet normal 0.000000 0.999995 -0.003150
    outer loop
      vertex -60.000000 -1.452060 -27.957420
      vertex -60.000000 -1.380696 -5.301084
      vertex -30.000000 -1.380696 -5.301084
    endloop
  endfacet
  facet normal 1.000000 0.000000 0.000000
    outer loop
      vertex -60.000000 -1.452060 -27.957420
      vertex -60.000000 -1.090506 -27.957420
      vertex -60.000000 -1.019364 -5.303334
    endloop
  endfacet
  facet normal -0.000000 1.000000 0.000000
    outer loop
      vertex -60.000000 -1.452060 -27.957420
      vertex -30.000000 -1.452060 -27.957420
      vertex -30.000000 -1.452060 -51.739140
    endloop
  endfacet
  facet normal 0.000000 -1.000000 0.000000
    outer loop
      vertex -60.000000 153.818400 103.170000
      vertex -60.000000 153.818400 102.808200
      vertex -30.000000 153.818400 102.808200
    endloop
  endfacet
  facet normal 1.000000 0.000000 0.000000
    outer loop
      vertex -60.000000 153.818400 103.170000
      vertex -60.000000 130.036800 102.808200
      vertex -60.000000 153.818400 102.808200
    endloop
  endfacet
  facet normal 0.000000 -1.000000 0.000000
    outer loop
      vertex -60.000000 153.818400 103.170000
      vertex -30.000000 153.818400 103.170000
      vertex -30.000000 153.818400 103.531800
    endloop
  endfacet
  facet normal 1.000000 0.000000 0.000000
    outer loop
      vertex -60.000000 153.818400 103.170000
      vertex -60.000000 130.036800 103.170000
      vertex -60.000000 130.036800 102.808200
    endloop
  endfacet
  facet normal 0.000000 0.000000 1.000000
    outer loop
      vertex -30.000000 153.818400 102.085200
      vertex -60.000000 153.818400 102.085200
      vertex -60.000000 130.036800 102.085200
    endloop
  endfacet
  facet normal 0.000000 -0.003100 0.999995
    outer loop
      vertex -60.000000 130.036800 102.085200
      vertex -60.000000 107.389800 102.015000
      vertex -30.000000 107.389800 102.015000
    endloop
  endfacet
  facet normal 1.000000 0.000000 0.000000
    outer loop
      vertex -60.000000 130.036800 102.085200
      vertex -60.000000 107.387400 102.376200
      vertex -60.000000 107.389800 102.015000
    endloop
  endfacet
  facet normal 1.000000 0.000000 -0.000000
    outer loop
      vertex -60.000000 130.036800 102.085200
      vertex -60.000000 130.036800 102.447000
      vertex -60.000000 107.387400 102.376200
    endloop
  endfacet
  facet normal 0.000000 0.000000 1.000000
    outer loop
      vertex -60.000000 130.036800 102.085200
      vertex -30.000000 130.036800 102.085200
      vertex -30.000000 153.818400 102.085200
    endloop
  endfacet
  facet normal -0.000000 -1.000000 0.000000
    outer loop
      vertex 60.000000 153.818400 102.447000
      vertex 30.000000 153.818400 102.447000
      vertex 30.000000 153.818400 102.085200
    endloop
  endfacet
  facet normal -1.000000 0.000000 0.000000
    outer loop
      vertex 60.000000 153.818400 102.447000
      vertex 60.000000 130.036800 102.447000
      vertex 60.000000 153.818400 102.808200
    endloop
  endfacet
  facet normal 0.000000 -0.003100 0.999995
    outer loop
      vertex 60.000000 130.036800 102.085200
      vertex 30.000000 130.036800 102.085200
      vertex 60.000000 107.389800 102.015000
    endloop
  endfacet
  facet normal 0.000000 0.000000 -1.000000
    outer loop
      vertex 30.000000 153.818400 103.531800
      vertex 60.000000 153.818400 103.531800
      vertex 60.000000 130.036800 103.531800
    endloop
  endfacet
  facet normal -1.000000 0.000000 0.000000
    outer loop
      vertex 60.000000 130.036800 103.531800
      vertex 60.000000 153.818400 103.531800
      vertex 60.000000 153.818400 103.170000
    endloop
  endfacet
  facet normal 0.000000 0.000000 -1.000000
    outer loop
      vertex 60.000000 130.036800 103.531800
      vertex 30.000000 130.036800 103.531800
      vertex 30.000000 153.818400 103.531800
    endloop
  endfacet
  facet normal 0.000000 0.056852 -0.998383
    outer loop
      vertex 0.000000 57.416940 102.104400
      vertex 0.000000 69.945000 102.817800
      vertex 30.000000 69.945000 102.817800
    endloop
  endfacet
  facet normal 0.000000 0.056852 -0.998383
    outer loop
      vertex 0.000000 57.416940 102.104400
      vertex -30.000000 57.416940 102.104400
      vertex 0.000000 69.945000 102.817800
    endloop
  endfacet
  facet normal 0.000000 0.115716 -0.993282
    outer loop
      vertex 0.000000 57.416940 102.104400
      vertex 30.000000 57.416940 102.104400
      vertex 30.000000 48.321540 101.044800
    endloop
  endfacet
  facet normal 0.000000 0.115716 -0.993282
    outer loop
      vertex -30.000000 48.321540 101.044800
      vertex -30.000000 57.416940 102.104400
      vertex 0.000000 57.416940 102.104400
    endloop
  endfacet
  facet normal 0.000000 0.212867 -0.977081
    outer loop
      vertex -30.000000 48.321540 101.044800
      vertex -30.000000 41.590620 99.578400
      vertex -60.000000 41.590620 99.578400
    endloop
  endfacet
  facet normal 0.000000 0.212867 -0.977081
    outer loop
      vertex 0.000000 41.590620 99.578400
      vertex 0.000000 48.321540 101.044800
      vertex 30.000000 48.321540 101.044800
    endloop
  endfacet
  facet normal 0.000000 0.115716 -0.993282
    outer loop
      vertex 30.000000 48.321540 101.044800
      vertex 0.000000 48.321540 101.044800
      vertex 0.000000 57.416940 102.104400
    endloop
  endfacet
  facet normal 0.000000 0.212867 -0.977081
    outer loop
      vertex 30.000000 48.321540 101.044800
      vertex 30.000000 41.590620 99.578400
      vertex 0.000000 41.590620 99.578400
    endloop
  endfacet
  facet normal 0.000000 0.115716 -0.993282
    outer loop
      vertex 30.000000 48.321540 101.044800
      vertex 30.000000 57.416940 102.104400
      vertex 60.000000 57.416940 102.104400
    endloop
  endfacet
  facet normal 0.000000 0.427218 -0.904149
    outer loop
      vertex 0.000000 30.948060 95.185200
      vertex 0.000000 36.155580 97.645800
      vertex 30.000000 36.155580 97.645800
    endloop
  endfacet
  facet normal 0.000000 0.427218 -0.904149
    outer loop
      vertex 0.000000 30.948060 95.185200
      vertex -30.000000 30.948060 95.185200
      vertex 0.000000 36.155580 97.645800
    endloop
  endfacet
  facet normal 0.000000 0.513881 -0.857862
    outer loop
      vertex -30.000000 26.012040 92.228400
      vertex -30.000000 30.948060 95.185200
      vertex 0.000000 30.948060 95.185200
    endloop
  endfacet
  facet normal 0.000000 0.595208 -0.803572
    outer loop
      vertex -30.000000 26.012040 92.228400
      vertex -30.000000 21.391560 88.806000
      vertex -60.000000 21.391560 88.806000
    endloop
  endfacet
  facet normal 0.000000 0.595208 -0.803572
    outer loop
      vertex 0.000000 21.391560 88.806000
      vertex 0.000000 26.012040 92.228400
      vertex 30.000000 26.012040 92.228400
    endloop
  endfacet
  facet normal 0.000000 0.595208 -0.803572
    outer loop
      vertex 30.000000 26.012040 92.228400
      vertex 30.000000 21.391560 88.806000
      vertex 0.000000 21.391560 88.806000
    endloop
  endfacet
  facet normal 0.000000 0.513881 -0.857862
    outer loop
      vertex 30.000000 26.012040 92.228400
      vertex 30.000000 30.948060 95.185200
      vertex 60.000000 30.948060 95.185200
    endloop
  endfacet
  facet normal 0.000000 0.741334 -0.671136
    outer loop
      vertex 0.000000 13.273620 80.688000
      vertex -30.000000 13.273620 80.688000
      vertex 0.000000 17.130780 84.948600
    endloop
  endfacet
  facet normal 0.000000 0.803574 -0.595204
    outer loop
      vertex -30.000000 9.851160 76.067400
      vertex -30.000000 13.273620 80.688000
      vertex 0.000000 13.273620 80.688000
    endloop
  endfacet
  facet normal 0.000000 0.857856 -0.513890
    outer loop
      vertex -30.000000 9.851160 76.067400
      vertex -30.000000 6.894180 71.131200
      vertex -60.000000 6.894180 71.131200
    endloop
  endfacet
  facet normal 0.000000 0.904158 -0.427197
    outer loop
      vertex -0.000000 6.894180 71.131200
      vertex 30.000000 6.894180 71.131200
      vertex 30.000000 4.433784 65.923800
    endloop
  endfacet
  facet normal 0.000000 0.803574 -0.595204
    outer loop
      vertex 30.000000 9.851160 76.067400
      vertex 30.000000 13.273620 80.688000
      vertex 60.000000 13.273620 80.688000
    endloop
  endfacet
  facet normal 0.000000 0.942182 -0.335103
    outer loop
      vertex -0.000000 2.500806 60.489000
      vertex -30.000000 2.500806 60.489000
      vertex -0.000000 4.433784 65.923800
    endloop
  endfacet
  facet normal 0.000000 0.977094 -0.212810
    outer loop
      vertex -30.000000 1.034778 53.757900
      vertex -30.000000 2.500806 60.489000
      vertex -0.000000 2.500806 60.489000
    endloop
  endfacet
  facet normal 0.000000 0.993283 -0.115714
    outer loop
      vertex -30.000000 1.034778 53.757900
      vertex -30.000000 -0.024802 44.662500
      vertex -60.000000 -0.024802 44.662500
    endloop
  endfacet
  facet normal 0.000000 0.998382 -0.056870
    outer loop
      vertex -0.000000 -0.024802 44.662500
      vertex 30.000000 -0.024802 44.662500
      vertex 30.000000 -0.738432 32.134260
    endloop
  endfacet
  facet normal 0.000000 0.977094 -0.212810
    outer loop
      vertex 30.000000 1.034778 53.757900
      vertex 30.000000 2.500806 60.489000
      vertex 60.000000 2.500806 60.489000
    endloop
  endfacet
  facet normal 0.000000 -0.336488 0.941688
    outer loop
      vertex 0.000000 42.016620 98.192400
      vertex 0.000000 36.717240 96.298800
      vertex 30.000000 36.717240 96.298800
    endloop
  endfacet
  facet normal 0.000000 -0.213160 0.977017
    outer loop
      vertex -30.000000 48.616860 99.632400
      vertex -30.000000 42.016620 98.192400
      vertex 0.000000 42.016620 98.192400
    endloop
  endfacet
  facet normal 0.000000 -0.115416 0.993317
    outer loop
      vertex -30.000000 48.616860 99.632400
      vertex -30.000000 57.596760 100.675800
      vertex -60.000000 57.596760 100.675800
    endloop
  endfacet
  facet normal 0.000000 -0.115416 0.993317
    outer loop
      vertex 0.000000 57.596760 100.675800
      vertex 0.000000 48.616860 99.632400
      vertex 30.000000 48.616860 99.632400
    endloop
  endfacet
  facet normal 0.000000 -0.056589 0.998398
    outer loop
      vertex 0.000000 57.596760 100.675800
      vertex 30.000000 57.596760 100.675800
      vertex 30.000000 70.035000 101.380800
    endloop
  endfacet
  facet normal 0.000000 -0.115416 0.993317
    outer loop
      vertex 30.000000 48.616860 99.632400
      vertex 30.000000 57.596760 100.675800
      vertex 0.000000 57.596760 100.675800
    endloop
  endfacet
  facet normal 0.000000 -0.213160 0.977017
    outer loop
      vertex 30.000000 48.616860 99.632400
      vertex 30.000000 42.016620 98.192400
      vertex 60.000000 42.016620 98.192400
    endloop
  endfacet
  facet normal 0.000000 -0.671142 0.741329
    outer loop
      vertex 0.000000 22.322640 87.671400
      vertex -0.000000 18.168540 83.910600
      vertex 30.000000 18.168540 83.910600
    endloop
  endfacet
  facet normal 0.000000 -0.595343 0.803472
    outer loop
      vertex 0.000000 22.322640 87.671400
      vertex 30.000000 22.322640 87.671400
      vertex 30.000000 26.827320 91.009200
    endloop
  endfacet
  facet normal 0.000000 -0.595343 0.803472
    outer loop
      vertex -30.000000 26.827320 91.009200
      vertex -30.000000 22.322640 87.671400
      vertex 0.000000 22.322640 87.671400
    endloop
  endfacet
  facet normal 0.000000 -0.514217 0.857660
    outer loop
      vertex -30.000000 26.827320 91.009200
      vertex -30.000000 31.639860 93.894600
      vertex -60.000000 31.639860 93.894600
    endloop
  endfacet
  facet normal 0.000000 -0.514217 0.857660
    outer loop
      vertex 0.000000 31.639860 93.894600
      vertex -0.000000 26.827320 91.009200
      vertex 30.000000 26.827320 91.009200
    endloop
  endfacet
  facet normal 0.000000 -0.595343 0.803472
    outer loop
      vertex 30.000000 26.827320 91.009200
      vertex -0.000000 26.827320 91.009200
      vertex 0.000000 22.322640 87.671400
    endloop
  endfacet
  facet normal 0.000000 -0.514217 0.857660
    outer loop
      vertex 30.000000 26.827320 91.009200
      vertex 30.000000 31.639860 93.894600
      vertex 0.000000 31.639860 93.894600
    endloop
  endfacet
  facet normal 0.000000 -0.595343 0.803472
    outer loop
      vertex 30.000000 26.827320 91.009200
      vertex 30.000000 22.322640 87.671400
      vertex 60.000000 22.322640 87.671400
    endloop
  endfacet
  facet normal 0.000000 -0.903796 0.427965
    outer loop
      vertex -0.000000 8.184960 70.439400
      vertex -0.000000 5.780808 65.362200
      vertex 30.000000 5.780808 65.362200
    endloop
  endfacet
  facet normal 0.000000 -0.857653 0.514228
    outer loop
      vertex -30.000000 11.070480 75.252000
      vertex -30.000000 8.184960 70.439400
      vertex -0.000000 8.184960 70.439400
    endloop
  endfacet
  facet normal 0.000000 -0.803495 0.595312
    outer loop
      vertex -30.000000 11.070480 75.252000
      vertex -30.000000 14.408100 79.756800
      vertex -60.000000 14.408100 79.756800
    endloop
  endfacet
  facet normal 0.000000 -0.803495 0.595312
    outer loop
      vertex -0.000000 14.408100 79.756800
      vertex -0.000000 11.070480 75.252000
      vertex 30.000000 11.070480 75.252000
    endloop
  endfacet
  facet normal 0.000000 -0.803495 0.595312
    outer loop
      vertex 30.000000 11.070480 75.252000
      vertex 30.000000 14.408100 79.756800
      vertex -0.000000 14.408100 79.756800
    endloop
  endfacet
  facet normal 0.000000 -0.857653 0.514228
    outer loop
      vertex 30.000000 11.070480 75.252000
      vertex 30.000000 8.184960 70.439400
      vertex 60.000000 8.184960 70.439400
    endloop
  endfacet
  facet normal 0.000000 -0.993313 0.115456
    outer loop
      vertex -30.000000 2.447304 53.462580
      vertex -30.000000 1.403544 44.482680
      vertex -0.000000 1.403544 44.482680
    endloop
  endfacet
  facet normal 0.000000 -0.977018 0.213157
    outer loop
      vertex -30.000000 2.447304 53.462580
      vertex -30.000000 3.887322 60.063000
      vertex -60.000000 3.887322 60.063000
    endloop
  endfacet
  facet normal 0.000000 -0.941690 0.336481
    outer loop
      vertex -0.000000 3.887322 60.063000
      vertex 30.000000 3.887322 60.063000
      vertex 30.000000 5.780808 65.362200
    endloop
  endfacet
  facet normal 0.000000 -0.993313 0.115456
    outer loop
      vertex 30.000000 2.447304 53.462580
      vertex 30.000000 1.403544 44.482680
      vertex 60.000000 1.403544 44.482680
    endloop
  endfacet
  facet normal 0.000000 0.000000 1.000000
    outer loop
      vertex -0.000000 -0.367391 -51.739140
      vertex -0.000000 -0.728946 -51.739140
      vertex 30.000000 -0.728946 -51.739140
    endloop
  endfacet
  facet normal 0.000000 0.000000 1.000000
    outer loop
      vertex -0.000000 -0.367391 -51.739140
      vertex 30.000000 -0.367391 -51.739140
      vertex 30.000000 -0.005834 -51.739140
    endloop
  endfacet
  facet normal 0.000000 0.000000 1.000000
    outer loop
      vertex -0.000000 -0.367391 -51.739140
      vertex -30.000000 -0.367391 -51.739140
      vertex -0.000000 -0.728946 -51.739140
    endloop
  endfacet
  facet normal 0.000000 -0.000000 1.000000
    outer loop
      vertex 30.000000 -0.728946 -51.739140
      vertex 30.000000 -0.367391 -51.739140
      vertex -0.000000 -0.367391 -51.739140
    endloop
  endfacet
  facet normal 0.000000 0.000000 1.000000
    outer loop
      vertex 30.000000 -0.728946 -51.739140
      vertex 30.000000 -1.090506 -51.739140
      vertex 60.000000 -1.090506 -51.739140
    endloop
  endfacet
  facet normal 0.000000 0.000000 1.000000
    outer loop
      vertex -0.000000 -1.090506 -51.739140
      vertex -0.000000 -1.452060 -51.739140
      vertex 30.000000 -1.452060 -51.739140
    endloop
  endfacet
  facet normal 0.000000 0.000000 1.000000
    outer loop
      vertex -30.000000 -0.728946 -51.739140
      vertex -30.000000 -1.090506 -51.739140
      vertex -0.000000 -1.090506 -51.739140
    endloop
  endfacet
  facet normal 0.000000 -0.000000 1.000000
    outer loop
      vertex -30.000000 -0.728946 -51.739140
      vertex -30.000000 -0.367391 -51.739140
      vertex -60.000000 -0.367391 -51.739140
    endloop
  endfacet
  facet normal 1.000000 0.000000 0.000000
    outer loop
      vertex -60.000000 2.094168 53.536380
      vertex -60.000000 1.741038 53.610240
      vertex -60.000000 0.689370 44.572620
    endloop
  endfacet
  facet normal 1.000000 0.000000 0.000000
    outer loop
      vertex -60.000000 2.094168 53.536380
      vertex -60.000000 1.046454 44.527680
      vertex -60.000000 1.403544 44.482680
    endloop
  endfacet
  facet normal 1.000000 0.000000 -0.000000
    outer loop
      vertex -60.000000 2.094168 53.536380
      vertex -60.000000 3.540696 60.169200
      vertex -60.000000 1.741038 53.610240
    endloop
  endfacet
  facet normal 1.000000 0.000000 0.000000
    outer loop
      vertex -60.000000 0.689370 44.572620
      vertex -60.000000 1.741038 53.610240
      vertex -60.000000 1.387908 53.684040
    endloop
  endfacet
  facet normal 1.000000 -0.000000 0.000000
    outer loop
      vertex -60.000000 0.689370 44.572620
      vertex -60.000000 1.046454 44.527680
      vertex -60.000000 2.094168 53.536380
    endloop
  endfacet
  facet normal 1.000000 0.000000 0.000000
    outer loop
      vertex -60.000000 0.689370 44.572620
      vertex -60.000000 0.332284 44.617560
      vertex -60.000000 -0.379110 32.111760
    endloop
  endfacet
  facet normal 1.000000 0.000000 0.000000
    outer loop
      vertex -60.000000 1.387908 53.684040
      vertex -60.000000 1.034778 53.757900
      vertex -60.000000 -0.024802 44.662500
    endloop
  endfacet
  facet normal 1.000000 0.000000 0.000000
    outer loop
      vertex -60.000000 1.387908 53.684040
      vertex -60.000000 0.332284 44.617560
      vertex -60.000000 0.689370 44.572620
    endloop
  endfacet
  facet normal 1.000000 0.000000 0.000000
    outer loop
      vertex -60.000000 3.194064 60.276000
      vertex -60.000000 2.847438 60.382200
      vertex -60.000000 1.387908 53.684040
    endloop
  endfacet
  facet normal 1.000000 -0.000000 0.000000
    outer loop
      vertex -60.000000 3.194064 60.276000
      vertex -60.000000 3.540696 60.169200
      vertex -60.000000 5.444052 65.502600
    endloop
  endfacet
  facet normal 1.000000 0.000000 0.000000
    outer loop
      vertex -60.000000 10.765620 75.456000
      vertex -60.000000 10.460820 75.660000
      vertex -60.000000 7.539600 70.785600
    endloop
  endfacet
  facet normal 1.000000 0.000000 -0.000000
    outer loop
      vertex -60.000000 10.765620 75.456000
      vertex -60.000000 14.124480 79.989600
      vertex -60.000000 10.460820 75.660000
    endloop
  endfacet
  facet normal 1.000000 -0.000000 0.000000
    outer loop
      vertex -60.000000 7.539600 70.785600
      vertex -60.000000 7.862280 70.612800
      vertex -60.000000 10.765620 75.456000
    endloop
  endfacet
  facet normal 1.000000 0.000000 0.000000
    outer loop
      vertex -60.000000 7.539600 70.785600
      vertex -60.000000 7.216860 70.958400
      vertex -60.000000 4.770540 65.783400
    endloop
  endfacet
  facet normal 1.000000 0.000000 0.000000
    outer loop
      vertex -60.000000 10.155960 75.863400
      vertex -60.000000 9.851160 76.067400
      vertex -60.000000 6.894180 71.131200
    endloop
  endfacet
  facet normal 1.000000 0.000000 0.000000
    outer loop
      vertex -60.000000 13.840860 80.222400
      vertex -60.000000 13.557240 80.455200
      vertex -60.000000 10.155960 75.863400
    endloop
  endfacet
  facet normal 1.000000 -0.000000 0.000000
    outer loop
      vertex -60.000000 13.840860 80.222400
      vertex -60.000000 14.124480 79.989600
      vertex -60.000000 17.909100 84.170400
    endloop
  endfacet
  facet normal 1.000000 0.000000 0.000000
    outer loop
      vertex -60.000000 26.623500 91.314000
      vertex -60.000000 26.419680 91.618800
      vertex -60.000000 21.857100 88.238400
    endloop
  endfacet
  facet normal 1.000000 0.000000 -0.000000
    outer loop
      vertex -60.000000 26.623500 91.314000
      vertex -60.000000 31.466880 94.217400
      vertex -60.000000 26.419680 91.618800
    endloop
  endfacet
  facet normal 1.000000 -0.000000 0.000000
    outer loop
      vertex -60.000000 21.857100 88.238400
      vertex -60.000000 22.089840 87.955200
      vertex -60.000000 26.623500 91.314000
    endloop
  endfacet
  facet normal 1.000000 0.000000 0.000000
    outer loop
      vertex -60.000000 21.857100 88.238400
      vertex -60.000000 21.624360 88.522200
      vertex -60.000000 17.390220 84.689400
    endloop
  endfacet
  facet normal 1.000000 0.000000 0.000000
    outer loop
      vertex -60.000000 26.215860 91.923600
      vertex -60.000000 26.012040 92.228400
      vertex -60.000000 21.391560 88.806000
    endloop
  endfacet
  facet normal 1.000000 0.000000 0.000000
    outer loop
      vertex -60.000000 31.293960 94.539600
      vertex -60.000000 31.120980 94.862400
      vertex -60.000000 26.215860 91.923600
    endloop
  endfacet
  facet normal 1.000000 -0.000000 0.000000
    outer loop
      vertex -60.000000 31.293960 94.539600
      vertex -60.000000 31.466880 94.217400
      vertex -60.000000 36.576840 96.635400
    endloop
  endfacet
  facet normal 1.000000 0.000000 0.000000
    outer loop
      vertex -60.000000 48.543060 99.985200
      vertex -60.000000 48.469200 100.338600
      vertex -60.000000 41.803620 98.885400
    endloop
  endfacet
  facet normal 1.000000 0.000000 -0.000000
    outer loop
      vertex -60.000000 48.543060 99.985200
      vertex -60.000000 57.551760 101.032800
      vertex -60.000000 48.469200 100.338600
    endloop
  endfacet
  facet normal 1.000000 -0.000000 0.000000
    outer loop
      vertex -60.000000 41.803620 98.885400
      vertex -60.000000 41.910120 98.538600
      vertex -60.000000 48.543060 99.985200
    endloop
  endfacet
  facet normal 1.000000 0.000000 0.000000
    outer loop
      vertex -60.000000 41.803620 98.885400
      vertex -60.000000 41.697120 99.232200
      vertex -60.000000 36.296040 97.309200
    endloop
  endfacet
  facet normal 1.000000 0.000000 0.000000
    outer loop
      vertex -60.000000 48.395400 100.691400
      vertex -60.000000 48.321540 101.044800
      vertex -60.000000 41.590620 99.578400
    endloop
  endfacet
  facet normal 1.000000 0.000000 0.000000
    outer loop
      vertex -60.000000 57.506820 101.389800
      vertex -60.000000 57.461880 101.747400
      vertex -60.000000 48.395400 100.691400
    endloop
  endfacet
  facet normal 0.000000 -1.000000 0.000000
    outer loop
      vertex 0.000000 153.818400 102.447000
      vertex 0.000000 153.818400 102.085200
      vertex 30.000000 153.818400 102.085200
    endloop
  endfacet
  facet normal 0.000000 -1.000000 0.000000
    outer loop
      vertex 0.000000 153.818400 102.447000
      vertex 30.000000 153.818400 102.447000
      vertex 0.000000 153.818400 102.808200
    endloop
  endfacet
  facet normal 0.000000 -1.000000 0.000000
    outer loop
      vertex -30.000000 153.818400 102.808200
      vertex -30.000000 153.818400 103.170000
      vertex -60.000000 153.818400 103.170000
    endloop
  endfacet
  facet normal -0.000000 -1.000000 0.000000
    outer loop
      vertex 0.000000 153.818400 103.170000
      vertex -30.000000 153.818400 103.170000
      vertex -30.000000 153.818400 102.808200
    endloop
  endfacet
  facet normal 0.000000 -1.000000 0.000000
    outer loop
      vertex 30.000000 153.818400 102.808200
      vertex 30.000000 153.818400 102.447000
      vertex 60.000000 153.818400 102.447000
    endloop
  endfacet
  facet normal -1.000000 0.000000 0.000000
    outer loop
      vertex 60.000000 48.543060 99.985200
      vertex 60.000000 57.596760 100.675800
      vertex 60.000000 48.616860 99.632400
    endloop
  endfacet
  facet normal -1.000000 0.000000 0.000000
    outer loop
      vertex 60.000000 48.543060 99.985200
      vertex 60.000000 57.551760 101.032800
      vertex 60.000000 57.596760 100.675800
    endloop
  endfacet
  facet normal -1.000000 0.000000 0.000000
    outer loop
      vertex 60.000000 48.543060 99.985200
      vertex 60.000000 41.910120 98.538600
      vertex 60.000000 41.803620 98.885400
    endloop
  endfacet
  facet normal -1.000000 0.000000 0.000000
    outer loop
      vertex 60.000000 48.395400 100.691400
      vertex 60.000000 57.461880 101.747400
      vertex 60.000000 57.506820 101.389800
    endloop
  endfacet
  facet normal -1.000000 0.000000 0.000000
    outer loop
      vertex 60.000000 48.395400 100.691400
      vertex 60.000000 41.697120 99.232200
      vertex 60.000000 41.590620 99.578400
    endloop
  endfacet
  facet normal -1.000000 0.000000 0.000000
    outer loop
      vertex 60.000000 41.803620 98.885400
      vertex 60.000000 48.469200 100.338600
      vertex 60.000000 48.543060 99.985200
    endloop
  endfacet
  facet normal -1.000000 0.000000 0.000000
    outer loop
      vertex 60.000000 26.623500 91.314000
      vertex 60.000000 31.639860 93.894600
      vertex 60.000000 26.827320 91.009200
    endloop
  endfacet
  facet normal -1.000000 0.000000 0.000000
    outer loop
      vertex 60.000000 26.623500 91.314000
      vertex 60.000000 31.466880 94.217400
      vertex 60.000000 31.639860 93.894600
    endloop
  endfacet
  facet normal -1.000000 0.000000 0.000000
    outer loop
      vertex 60.000000 26.623500 91.314000
      vertex 60.000000 22.089840 87.955200
      vertex 60.000000 21.857100 88.238400
    endloop
  endfacet
  facet normal -1.000000 0.000000 0.000000
    outer loop
      vertex 60.000000 31.293960 94.539600
      vertex 60.000000 36.436440 96.972000
      vertex 60.000000 36.576840 96.635400
    endloop
  endfacet
  facet normal -1.000000 0.000000 0.000000
    outer loop
      vertex 60.000000 26.215860 91.923600
      vertex 60.000000 31.120980 94.862400
      vertex 60.000000 31.293960 94.539600
    endloop
  endfacet
  facet normal -1.000000 0.000000 0.000000
    outer loop
      vertex 60.000000 26.215860 91.923600
      vertex 60.000000 21.624360 88.522200
      vertex 60.000000 21.391560 88.806000
    endloop
  endfacet
  facet normal -1.000000 0.000000 0.000000
    outer loop
      vertex 60.000000 21.857100 88.238400
      vertex 60.000000 26.419680 91.618800
      vertex 60.000000 26.623500 91.314000
    endloop
  endfacet
  facet normal -1.000000 0.000000 0.000000
    outer loop
      vertex 60.000000 10.765620 75.456000
      vertex 60.000000 14.408100 79.756800
      vertex 60.000000 11.070480 75.252000
    endloop
  endfacet
  facet normal -1.000000 0.000000 0.000000
    outer loop
      vertex 60.000000 10.765620 75.456000
      vertex 60.000000 14.124480 79.989600
      vertex 60.000000 14.408100 79.756800
    endloop
  endfacet
  facet normal -1.000000 0.000000 0.000000
    outer loop
      vertex 60.000000 10.765620 75.456000
      vertex 60.000000 7.862280 70.612800
      vertex 60.000000 7.539600 70.785600
    endloop
  endfacet
  facet normal -1.000000 0.000000 0.000000
    outer loop
      vertex 60.000000 13.840860 80.222400
      vertex 60.000000 17.649660 84.429600
      vertex 60.000000 17.909100 84.170400
    endloop
  endfacet
  facet normal -1.000000 0.000000 0.000000
    outer loop
      vertex 60.000000 10.155960 75.863400
      vertex 60.000000 13.557240 80.455200
      vertex 60.000000 13.840860 80.222400
    endloop
  endfacet
  facet normal -1.000000 0.000000 0.000000
    outer loop
      vertex 60.000000 10.155960 75.863400
      vertex 60.000000 7.216860 70.958400
      vertex 60.000000 6.894180 71.131200
    endloop
  endfacet
  facet normal -1.000000 0.000000 0.000000
    outer loop
      vertex 60.000000 7.539600 70.785600
      vertex 60.000000 10.460820 75.660000
      vertex 60.000000 10.765620 75.456000
    endloop
  endfacet
  facet normal -1.000000 0.000000 0.000000
    outer loop
      vertex 60.000000 2.094168 53.536380
      vertex 60.000000 3.887322 60.063000
      vertex 60.000000 2.447304 53.462580
    endloop
  endfacet
  facet normal -1.000000 0.000000 0.000000
    outer loop
      vertex 60.000000 2.094168 53.536380
      vertex 60.000000 3.540696 60.169200
      vertex 60.000000 3.887322 60.063000
    endloop
  endfacet
  facet normal -1.000000 0.000000 0.000000
    outer loop
      vertex 60.000000 3.194064 60.276000
      vertex 60.000000 5.107296 65.643000
      vertex 60.000000 5.444052 65.502600
    endloop
  endfacet
  facet normal -1.000000 0.000000 0.000000
    outer loop
      vertex 60.000000 1.387908 53.684040
      vertex 60.000000 2.847438 60.382200
      vertex 60.000000 3.194064 60.276000
    endloop
  endfacet
  facet normal -1.000000 0.000000 0.000000
    outer loop
      vertex 60.000000 1.387908 53.684040
      vertex 60.000000 0.332284 44.617560
      vertex 60.000000 -0.024802 44.662500
    endloop
  endfacet
  facet normal -1.000000 0.000000 0.000000
    outer loop
      vertex 60.000000 -1.019364 -5.303334
      vertex 60.000000 -1.090506 -27.957420
      vertex 60.000000 -1.452060 -27.957420
    endloop
  endfacet
  facet normal -1.000000 0.000000 0.000000
    outer loop
      vertex 60.000000 -1.019364 -5.303334
      vertex 60.000000 -0.805944 15.095580
      vertex 60.000000 -0.658032 -5.305578
    endloop
  endfacet
  facet normal -1.000000 0.000000 0.000000
    outer loop
      vertex 60.000000 -0.728946 -27.957420
      vertex 60.000000 -0.658032 -5.305578
      vertex 60.000000 -0.296698 -5.307828
    endloop
  endfacet
  facet normal -1.000000 0.000000 0.000000
    outer loop
      vertex 60.000000 -0.728946 -27.957420
      vertex 60.000000 -0.367391 -51.739140
      vertex 60.000000 -0.728946 -51.739140
    endloop
  endfacet
  facet normal -1.000000 0.000000 0.000000
    outer loop
      vertex 60.000000 -0.728946 -27.957420
      vertex 60.000000 -0.367391 -27.957420
      vertex 60.000000 -0.367391 -51.739140
    endloop
  endfacet
  facet normal -1.000000 0.000000 0.000000
    outer loop
      vertex 60.000000 -0.296698 -5.307828
      vertex 60.000000 -0.367391 -27.957420
      vertex 60.000000 -0.728946 -27.957420
    endloop
  endfacet
  facet normal -1.000000 0.000000 0.000000
    outer loop
      vertex 60.000000 -0.296698 -5.307828
      vertex 60.000000 -0.084622 15.077640
      vertex 60.000000 0.064634 -5.310072
    endloop
  endfacet
  facet normal -1.000000 0.000000 0.000000
    outer loop
      vertex 60.000000 -0.445284 15.086640
      vertex 60.000000 -0.019789 32.089260
      vertex 60.000000 0.339533 32.066820
    endloop
  endfacet
  facet normal -1.000000 0.000000 0.000000
    outer loop
      vertex 60.000000 -0.445284 15.086640
      vertex 60.000000 -0.084622 15.077640
      vertex 60.000000 -0.296698 -5.307828
    endloop
  endfacet
  facet normal 0.000000 -0.999995 0.003112
    outer loop
      vertex 30.000000 0.064634 -5.310072
      vertex 30.000000 -0.005834 -27.957420
      vertex 60.000000 -0.005834 -27.957420
    endloop
  endfacet
  facet normal 0.000000 -0.999946 0.010373
    outer loop
      vertex 30.000000 0.064634 -5.310072
      vertex 30.000000 0.276041 15.068640
      vertex -0.000000 0.064634 -5.310072
    endloop
  endfacet
  facet normal 0.000000 -1.000000 -0.000000
    outer loop
      vertex -0.000000 -0.005834 -27.957420
      vertex -30.000000 -0.005834 -51.739140
      vertex -0.000000 -0.005834 -51.739140
    endloop
  endfacet
  facet normal -0.000000 -1.000000 0.000000
    outer loop
      vertex -0.000000 -0.005834 -27.957420
      vertex -30.000000 -0.005834 -27.957420
      vertex -30.000000 -0.005834 -51.739140
    endloop
  endfacet
  facet normal 0.000000 -0.999995 0.003112
    outer loop
      vertex -30.000000 0.064634 -5.310072
      vertex -30.000000 -0.005834 -27.957420
      vertex -0.000000 -0.005834 -27.957420
    endloop
  endfacet
  facet normal 0.000000 -0.999946 0.010373
    outer loop
      vertex -30.000000 0.064634 -5.310072
      vertex -30.000000 0.276041 15.068640
      vertex -60.000000 0.276041 15.068640
    endloop
  endfacet
  facet normal 0.000000 -0.999690 0.024899
    outer loop
      vertex -0.000000 0.276041 15.068640
      vertex 30.000000 0.276041 15.068640
      vertex 30.000000 0.698856 32.044320
    endloop
  endfacet
  facet normal 1.000000 0.000000 0.000000
    outer loop
      vertex -60.000000 -0.296698 -5.307828
      vertex -60.000000 -0.658032 -5.305578
      vertex -60.000000 -0.728946 -27.957420
    endloop
  endfacet
  facet normal 1.000000 0.000000 -0.000000
    outer loop
      vertex -60.000000 -0.296698 -5.307828
      vertex -60.000000 -0.084622 15.077640
      vertex -60.000000 -0.658032 -5.305578
    endloop
  endfacet
  facet normal 1.000000 0.000000 0.000000
    outer loop
      vertex -60.000000 -0.728946 -27.957420
      vertex -60.000000 -1.090506 -51.739140
      vertex -60.000000 -0.728946 -51.739140
    endloop
  endfacet
  facet normal 1.000000 0.000000 0.000000
    outer loop
      vertex -60.000000 -0.728946 -27.957420
      vertex -60.000000 -0.367391 -27.957420
      vertex -60.000000 -0.296698 -5.307828
    endloop
  endfacet
  facet normal 1.000000 0.000000 0.000000
    outer loop
      vertex -60.000000 -0.728946 -27.957420
      vertex -60.000000 -1.090506 -27.957420
      vertex -60.000000 -1.090506 -51.739140
    endloop
  endfacet
  facet normal 1.000000 0.000000 0.000000
    outer loop
      vertex -60.000000 -1.019364 -5.303334
      vertex -60.000000 -1.380696 -5.301084
      vertex -60.000000 -1.452060 -27.957420
    endloop
  endfacet
  facet normal 1.000000 0.000000 -0.000000
    outer loop
      vertex -60.000000 -1.019364 -5.303334
      vertex -60.000000 -0.805944 15.095580
      vertex -60.000000 -1.380696 -5.301084
    endloop
  endfacet
  facet normal 1.000000 0.000000 0.000000
    outer loop
      vertex -60.000000 -0.445284 15.086640
      vertex -60.000000 0.339533 32.066820
      vertex -60.000000 -0.019789 32.089260
    endloop
  endfacet
  facet normal 1.000000 0.000000 0.000000
    outer loop
      vertex -60.000000 -0.445284 15.086640
      vertex -60.000000 -0.805944 15.095580
      vertex -60.000000 -1.019364 -5.303334
    endloop
  endfacet
  facet normal 1.000000 -0.000000 0.000000
    outer loop
      vertex -60.000000 -0.445284 15.086640
      vertex -60.000000 -0.084622 15.077640
      vertex -60.000000 0.339533 32.066820
    endloop
  endfacet
  facet normal 0.000000 0.999945 -0.010491
    outer loop
      vertex -30.000000 -1.380696 -5.301084
      vertex -0.000000 -1.166610 15.104580
      vertex -0.000000 -1.380696 -5.301084
    endloop
  endfacet
  facet normal 0.000000 0.999995 -0.003150
    outer loop
      vertex -30.000000 -1.380696 -5.301084
      vertex -30.000000 -1.452060 -27.957420
      vertex -60.000000 -1.452060 -27.957420
    endloop
  endfacet
  facet normal 0.000000 0.999945 -0.010491
    outer loop
      vertex -30.000000 -1.380696 -5.301084
      vertex -30.000000 -1.166610 15.104580
      vertex -0.000000 -1.166610 15.104580
    endloop
  endfacet
  facet normal 0.000000 0.999995 -0.003150
    outer loop
      vertex -0.000000 -1.452060 -27.957420
      vertex -0.000000 -1.380696 -5.301084
      vertex 30.000000 -1.380696 -5.301084
    endloop
  endfacet
  facet normal 0.000000 1.000000 0.000000
    outer loop
      vertex -0.000000 -1.452060 -27.957420
      vertex 30.000000 -1.452060 -51.739140
      vertex -0.000000 -1.452060 -51.739140
    endloop
  endfacet
  facet normal -0.000000 1.000000 0.000000
    outer loop
      vertex -0.000000 -1.452060 -27.957420
      vertex 30.000000 -1.452060 -27.957420
      vertex 30.000000 -1.452060 -51.739140
    endloop
  endfacet
  facet normal 0.000000 0.999945 -0.010491
    outer loop
      vertex 30.000000 -1.380696 -5.301084
      vertex -0.000000 -1.380696 -5.301084
      vertex -0.000000 -1.166610 15.104580
    endloop
  endfacet
  facet normal 0.000000 0.999995 -0.003150
    outer loop
      vertex 30.000000 -1.380696 -5.301084
      vertex 30.000000 -1.452060 -27.957420
      vertex -0.000000 -1.452060 -27.957420
    endloop
  endfacet
  facet normal 0.000000 0.999684 -0.025135
    outer loop
      vertex -0.000000 -1.166610 15.104580
      vertex -0.000000 -0.738432 32.134260
      vertex 30.000000 -0.738432 32.134260
    endloop
  endfacet
  facet normal 0.000000 0.999945 -0.010491
    outer loop
      vertex -0.000000 -1.166610 15.104580
      vertex 30.000000 -1.166610 15.104580
      vertex 30.000000 -1.380696 -5.301084
    endloop
  endfacet
  facet normal 0.000000 0.999684 -0.025135
    outer loop
      vertex -0.000000 -1.166610 15.104580
      vertex -30.000000 -1.166610 15.104580
      vertex -0.000000 -0.738432 32.134260
    endloop
  endfacet
  facet normal 1.000000 0.000000 0.000000
    outer loop
      vertex -60.000000 107.382600 103.098600
      vertex -60.000000 107.380800 103.460400
      vertex -60.000000 86.974800 103.246200
    endloop
  endfacet
  facet normal 1.000000 0.000000 -0.000000
    outer loop
      vertex -60.000000 130.036800 102.808200
      vertex -60.000000 130.036800 103.170000
      vertex -60.000000 107.382600 103.098600
    endloop
  endfacet
  facet normal 1.000000 0.000000 0.000000
    outer loop
      vertex -60.000000 107.387400 102.376200
      vertex -60.000000 107.385000 102.737400
      vertex -60.000000 86.992800 102.525000
    endloop
  endfacet
  facet normal 1.000000 0.000000 0.000000
    outer loop
      vertex -60.000000 86.992800 102.525000
      vertex -60.000000 69.990000 102.099000
      vertex -60.000000 70.012800 101.740200
    endloop
  endfacet
  facet normal 1.000000 0.000000 0.000000
    outer loop
      vertex -60.000000 86.992800 102.525000
      vertex -60.000000 70.012800 101.740200
      vertex -60.000000 87.001800 102.163800
    endloop
  endfacet
  facet normal 1.000000 0.000000 0.000000
    outer loop
      vertex -60.000000 86.992800 102.525000
      vertex -60.000000 87.001800 102.163800
      vertex -60.000000 107.387400 102.376200
    endloop
  endfacet
  facet normal 0.000000 -0.010392 0.999946
    outer loop
      vertex -30.000000 107.389800 102.015000
      vertex 0.000000 87.010800 101.803200
      vertex 0.000000 107.389800 102.015000
    endloop
  endfacet
  facet normal 0.000000 -0.003100 0.999995
    outer loop
      vertex -30.000000 107.389800 102.015000
      vertex -30.000000 130.036800 102.085200
      vertex -60.000000 130.036800 102.085200
    endloop
  endfacet
  facet normal 0.000000 -0.010392 0.999946
    outer loop
      vertex -30.000000 107.389800 102.015000
      vertex -30.000000 87.010800 101.803200
      vertex 0.000000 87.010800 101.803200
    endloop
  endfacet
  facet normal 0.000000 -0.003100 0.999995
    outer loop
      vertex 0.000000 130.036800 102.085200
      vertex 0.000000 107.389800 102.015000
      vertex 30.000000 107.389800 102.015000
    endloop
  endfacet
  facet normal 0.000000 0.000000 1.000000
    outer loop
      vertex 0.000000 130.036800 102.085200
      vertex 30.000000 130.036800 102.085200
      vertex 0.000000 153.818400 102.085200
    endloop
  endfacet
  facet normal 0.000000 -0.010392 0.999946
    outer loop
      vertex 30.000000 107.389800 102.015000
      vertex 60.000000 87.010800 101.803200
      vertex 60.000000 107.389800 102.015000
    endloop
  endfacet
  facet normal 0.000000 -0.003100 0.999995
    outer loop
      vertex 30.000000 107.389800 102.015000
      vertex 30.000000 130.036800 102.085200
      vertex 0.000000 130.036800 102.085200
    endloop
  endfacet
  facet normal 0.000000 -0.010392 0.999946
    outer loop
      vertex 30.000000 107.389800 102.015000
      vertex 30.000000 87.010800 101.803200
      vertex 60.000000 87.010800 101.803200
    endloop
  endfacet
  facet normal 0.000000 -0.024875 0.999691
    outer loop
      vertex 0.000000 87.010800 101.803200
      vertex 0.000000 70.035000 101.380800
      vertex 30.000000 70.035000 101.380800
    endloop
  endfacet
  facet normal -1.000000 0.000000 0.000000
    outer loop
      vertex 60.000000 107.387400 102.376200
      vertex 60.000000 130.036800 102.447000
      vertex 60.000000 130.036800 102.085200
    endloop
  endfacet
  facet normal -1.000000 -0.000000 0.000000
    outer loop
      vertex 60.000000 107.387400 102.376200
      vertex 60.000000 87.001800 102.163800
      vertex 60.000000 86.992800 102.525000
    endloop
  endfacet
  facet normal -1.000000 0.000000 0.000000
    outer loop
      vertex 60.000000 130.036800 102.808200
      vertex 60.000000 153.818400 103.170000
      vertex 60.000000 153.818400 102.808200
    endloop
  endfacet
  facet normal -1.000000 0.000000 0.000000
    outer loop
      vertex 60.000000 130.036800 102.808200
      vertex 60.000000 130.036800 103.170000
      vertex 60.000000 153.818400 103.170000
    endloop
  endfacet
  facet normal -1.000000 0.000000 0.000000
    outer loop
      vertex 60.000000 107.382600 103.098600
      vertex 60.000000 130.036800 103.170000
      vertex 60.000000 130.036800 102.808200
    endloop
  endfacet
  facet normal -1.000000 -0.000000 0.000000
    outer loop
      vertex 60.000000 107.382600 103.098600
      vertex 60.000000 86.983800 102.885600
      vertex 60.000000 86.974800 103.246200
    endloop
  endfacet
  facet normal -1.000000 0.000000 0.000000
    outer loop
      vertex 60.000000 86.992800 102.525000
      vertex 60.000000 107.385000 102.737400
      vertex 60.000000 107.387400 102.376200
    endloop
  endfacet
  facet normal -1.000000 0.000000 0.000000
    outer loop
      vertex 60.000000 86.992800 102.525000
      vertex 60.000000 70.012800 101.740200
      vertex 60.000000 69.990000 102.099000
    endloop
  endfacet
  facet normal -1.000000 0.000000 -0.000000
    outer loop
      vertex 60.000000 86.992800 102.525000
      vertex 60.000000 87.001800 102.163800
      vertex 60.000000 70.012800 101.740200
    endloop
  endfacet
  facet normal 0.000000 0.003151 -0.999995
    outer loop
      vertex 30.000000 107.380800 103.460400
      vertex 30.000000 130.036800 103.531800
      vertex 60.000000 130.036800 103.531800
    endloop
  endfacet
  facet normal 0.000000 0.010496 -0.999945
    outer loop
      vertex 30.000000 107.380800 103.460400
      vertex 30.000000 86.974800 103.246200
      vertex 0.000000 86.974800 103.246200
    endloop
  endfacet
  facet normal 0.000000 0.000000 -1.000000
    outer loop
      vertex 0.000000 130.036800 103.531800
      vertex -30.000000 130.036800 103.531800
      vertex 0.000000 153.818400 103.531800
    endloop
  endfacet
  facet normal 0.000000 0.003151 -0.999995
    outer loop
      vertex -30.000000 107.380800 103.460400
      vertex -30.000000 130.036800 103.531800
      vertex 0.000000 130.036800 103.531800
    endloop
  endfacet
  facet normal 0.000000 0.010496 -0.999945
    outer loop
      vertex -30.000000 107.380800 103.460400
      vertex -30.000000 86.974800 103.246200
      vertex -60.000000 86.974800 103.246200
    endloop
  endfacet
  facet normal 0.000000 0.010496 -0.999945
    outer loop
      vertex 0.000000 86.974800 103.246200
      vertex 0.000000 107.380800 103.460400
      vertex 30.000000 107.380800 103.460400
    endloop
  endfacet
  facet normal 0.000000 0.056852 -0.998383
    outer loop
      vertex -30.000000 57.416940 102.104400
      vertex -30.000000 69.945000 102.817800
      vertex 0.000000 69.945000 102.817800
    endloop
  endfacet
  facet normal 0.000000 0.115716 -0.993282
    outer loop
      vertex -30.000000 57.416940 102.104400
      vertex -30.000000 48.321540 101.044800
      vertex -60.000000 48.321540 101.044800
    endloop
  endfacet
  facet normal 0.000000 0.335031 -0.942207
    outer loop
      vertex -30.000000 41.590620 99.578400
      vertex -30.000000 36.155580 97.645800
      vertex -60.000000 36.155580 97.645800
    endloop
  endfacet
  facet normal 0.000000 0.212867 -0.977081
    outer loop
      vertex -30.000000 41.590620 99.578400
      vertex -30.000000 48.321540 101.044800
      vertex 0.000000 48.321540 101.044800
    endloop
  endfacet
  facet normal 0.000000 0.212867 -0.977081
    outer loop
      vertex 30.000000 41.590620 99.578400
      vertex 30.000000 48.321540 101.044800
      vertex 60.000000 48.321540 101.044800
    endloop
  endfacet
  facet normal 0.000000 0.056852 -0.998383
    outer loop
      vertex 30.000000 57.416940 102.104400
      vertex 30.000000 69.945000 102.817800
      vertex 60.000000 69.945000 102.817800
    endloop
  endfacet
  facet normal 0.000000 0.427218 -0.904149
    outer loop
      vertex -30.000000 30.948060 95.185200
      vertex -30.000000 36.155580 97.645800
      vertex 0.000000 36.155580 97.645800
    endloop
  endfacet
  facet normal 0.000000 0.513881 -0.857862
    outer loop
      vertex -30.000000 30.948060 95.185200
      vertex -30.000000 26.012040 92.228400
      vertex -60.000000 26.012040 92.228400
    endloop
  endfacet
  facet normal 0.000000 0.671144 -0.741327
    outer loop
      vertex -30.000000 21.391560 88.806000
      vertex -30.000000 17.130780 84.948600
      vertex -60.000000 17.130780 84.948600
    endloop
  endfacet
  facet normal 0.000000 0.595208 -0.803572
    outer loop
      vertex -30.000000 21.391560 88.806000
      vertex -30.000000 26.012040 92.228400
      vertex 0.000000 26.012040 92.228400
    endloop
  endfacet
  facet normal 0.000000 0.595208 -0.803572
    outer loop
      vertex 30.000000 21.391560 88.806000
      vertex 30.000000 26.012040 92.228400
      vertex 60.000000 26.012040 92.228400
    endloop
  endfacet
  facet normal 0.000000 0.427218 -0.904149
    outer loop
      vertex 30.000000 30.948060 95.185200
      vertex 30.000000 36.155580 97.645800
      vertex 60.000000 36.155580 97.645800
    endloop
  endfacet
  facet normal 0.000000 0.513881 -0.857862
    outer loop
      vertex 30.000000 30.948060 95.185200
      vertex 30.000000 26.012040 92.228400
      vertex 0.000000 26.012040 92.228400
    endloop
  endfacet
  facet normal 0.000000 0.741334 -0.671136
    outer loop
      vertex -30.000000 13.273620 80.688000
      vertex -30.000000 17.130780 84.948600
      vertex 0.000000 17.130780 84.948600
    endloop
  endfacet
  facet normal 0.000000 0.803574 -0.595204
    outer loop
      vertex -30.000000 13.273620 80.688000
      vertex -30.000000 9.851160 76.067400
      vertex -60.000000 9.851160 76.067400
    endloop
  endfacet
  facet normal 0.000000 0.904158 -0.427197
    outer loop
      vertex -30.000000 6.894180 71.131200
      vertex -30.000000 4.433784 65.923800
      vertex -60.000000 4.433784 65.923800
    endloop
  endfacet
  facet normal 0.000000 0.857856 -0.513890
    outer loop
      vertex -30.000000 6.894180 71.131200
      vertex -30.000000 9.851160 76.067400
      vertex 0.000000 9.851160 76.067400
    endloop
  endfacet
  facet normal 0.000000 0.857856 -0.513890
    outer loop
      vertex 30.000000 6.894180 71.131200
      vertex -0.000000 6.894180 71.131200
      vertex 0.000000 9.851160 76.067400
    endloop
  endfacet
  facet normal 0.000000 0.857856 -0.513890
    outer loop
      vertex 30.000000 6.894180 71.131200
      vertex 30.000000 9.851160 76.067400
      vertex 60.000000 9.851160 76.067400
    endloop
  endfacet
  facet normal 0.000000 0.741334 -0.671136
    outer loop
      vertex 30.000000 13.273620 80.688000
      vertex 30.000000 17.130780 84.948600
      vertex 60.000000 17.130780 84.948600
    endloop
  endfacet
  facet normal 0.000000 0.741334 -0.671136
    outer loop
      vertex 30.000000 13.273620 80.688000
      vertex 0.000000 13.273620 80.688000
      vertex 0.000000 17.130780 84.948600
    endloop
  endfacet
  facet normal 0.000000 0.803574 -0.595204
    outer loop
      vertex 30.000000 13.273620 80.688000
      vertex 30.000000 9.851160 76.067400
      vertex 0.000000 9.851160 76.067400
    endloop
  endfacet
  facet normal 0.000000 0.942182 -0.335103
    outer loop
      vertex -30.000000 2.500806 60.489000
      vertex -30.000000 4.433784 65.923800
      vertex -0.000000 4.433784 65.923800
    endloop
  endfacet
  facet normal 0.000000 0.977094 -0.212810
    outer loop
      vertex -30.000000 2.500806 60.489000
      vertex -30.000000 1.034778 53.757900
      vertex -60.000000 1.034778 53.757900
    endloop
  endfacet
  facet normal 0.000000 0.998382 -0.056870
    outer loop
      vertex -30.000000 -0.024802 44.662500
      vertex -30.000000 -0.738432 32.134260
      vertex -60.000000 -0.738432 32.134260
    endloop
  endfacet
  facet normal 0.000000 0.993283 -0.115714
    outer loop
      vertex -30.000000 -0.024802 44.662500
      vertex -30.000000 1.034778 53.757900
      vertex -0.000000 1.034778 53.757900
    endloop
  endfacet
  facet normal 0.000000 0.993283 -0.115714
    outer loop
      vertex 30.000000 -0.024802 44.662500
      vertex -0.000000 -0.024802 44.662500
      vertex -0.000000 1.034778 53.757900
    endloop
  endfacet
  facet normal 0.000000 0.993283 -0.115714
    outer loop
      vertex 30.000000 -0.024802 44.662500
      vertex 30.000000 1.034778 53.757900
      vertex 60.000000 1.034778 53.757900
    endloop
  endfacet
  facet normal 0.000000 0.942182 -0.335103
    outer loop
      vertex 30.000000 2.500806 60.489000
      vertex 30.000000 4.433784 65.923800
      vertex 60.000000 4.433784 65.923800
    endloop
  endfacet
  facet normal 0.000000 0.942182 -0.335103
    outer loop
      vertex 30.000000 2.500806 60.489000
      vertex -0.000000 2.500806 60.489000
      vertex -0.000000 4.433784 65.923800
    endloop
  endfacet
  facet normal 0.000000 0.977094 -0.212810
    outer loop
      vertex 30.000000 2.500806 60.489000
      vertex 30.000000 1.034778 53.757900
      vertex -0.000000 1.034778 53.757900
    endloop
  endfacet
  facet normal 0.000000 -0.336488 0.941688
    outer loop
      vertex -30.000000 42.016620 98.192400
      vertex -30.000000 36.717240 96.298800
      vertex 0.000000 36.717240 96.298800
    endloop
  endfacet
  facet normal 0.000000 -0.213160 0.977017
    outer loop
      vertex -30.000000 42.016620 98.192400
      vertex -30.000000 48.616860 99.632400
      vertex -60.000000 48.616860 99.632400
    endloop
  endfacet
  facet normal 0.000000 -0.056589 0.998398
    outer loop
      vertex -30.000000 57.596760 100.675800
      vertex -30.000000 70.035000 101.380800
      vertex -60.000000 70.035000 101.380800
    endloop
  endfacet
  facet normal 0.000000 -0.115416 0.993317
    outer loop
      vertex -30.000000 57.596760 100.675800
      vertex -30.000000 48.616860 99.632400
      vertex 0.000000 48.616860 99.632400
    endloop
  endfacet
  facet normal 0.000000 -0.115416 0.993317
    outer loop
      vertex 30.000000 57.596760 100.675800
      vertex 30.000000 48.616860 99.632400
      vertex 60.000000 48.616860 99.632400
    endloop
  endfacet
  facet normal 0.000000 -0.336488 0.941688
    outer loop
      vertex 30.000000 42.016620 98.192400
      vertex 30.000000 36.717240 96.298800
      vertex 60.000000 36.717240 96.298800
    endloop
  endfacet
  facet normal 0.000000 -0.213160 0.977017
    outer loop
      vertex 30.000000 42.016620 98.192400
      vertex 30.000000 48.616860 99.632400
      vertex 0.000000 48.616860 99.632400
    endloop
  endfacet
  facet normal 0.000000 -0.671142 0.741329
    outer loop
      vertex -30.000000 22.322640 87.671400
      vertex -30.000000 18.168540 83.910600
      vertex -0.000000 18.168540 83.910600
    endloop
  endfacet
  facet normal 0.000000 -0.595343 0.803472
    outer loop
      vertex -30.000000 22.322640 87.671400
      vertex -30.000000 26.827320 91.009200
      vertex -60.000000 26.827320 91.009200
    endloop
  endfacet
  facet normal 0.000000 -0.427959 0.903798
    outer loop
      vertex -30.000000 31.639860 93.894600
      vertex -30.000000 36.717240 96.298800
      vertex -60.000000 36.717240 96.298800
    endloop
  endfacet
  facet normal 0.000000 -0.514217 0.857660
    outer loop
      vertex -30.000000 31.639860 93.894600
      vertex -30.000000 26.827320 91.009200
      vertex -0.000000 26.827320 91.009200
    endloop
  endfacet
  facet normal 0.000000 -0.427959 0.903798
    outer loop
      vertex -30.000000 31.639860 93.894600
      vertex 0.000000 31.639860 93.894600
      vertex 0.000000 36.717240 96.298800
    endloop
  endfacet
  facet normal 0.000000 -0.427959 0.903798
    outer loop
      vertex 30.000000 31.639860 93.894600
      vertex 30.000000 36.717240 96.298800
      vertex 0.000000 36.717240 96.298800
    endloop
  endfacet
  facet normal 0.000000 -0.514217 0.857660
    outer loop
      vertex 30.000000 31.639860 93.894600
      vertex 30.000000 26.827320 91.009200
      vertex 60.000000 26.827320 91.009200
    endloop
  endfacet
  facet normal 0.000000 -0.671142 0.741329
    outer loop
      vertex 30.000000 22.322640 87.671400
      vertex 30.000000 18.168540 83.910600
      vertex 60.000000 18.168540 83.910600
    endloop
  endfacet
  facet normal 0.000000 -0.903796 0.427965
    outer loop
      vertex -30.000000 8.184960 70.439400
      vertex -30.000000 5.780808 65.362200
      vertex -0.000000 5.780808 65.362200
    endloop
  endfacet
  facet normal 0.000000 -0.857653 0.514228
    outer loop
      vertex -30.000000 8.184960 70.439400
      vertex -30.000000 11.070480 75.252000
      vertex -60.000000 11.070480 75.252000
    endloop
  endfacet
  facet normal 0.000000 -0.741337 0.671133
    outer loop
      vertex -30.000000 14.408100 79.756800
      vertex -30.000000 18.168540 83.910600
      vertex -60.000000 18.168540 83.910600
    endloop
  endfacet
  facet normal 0.000000 -0.803495 0.595312
    outer loop
      vertex -30.000000 14.408100 79.756800
      vertex -30.000000 11.070480 75.252000
      vertex -0.000000 11.070480 75.252000
    endloop
  endfacet
  facet normal 0.000000 -0.741337 0.671133
    outer loop
      vertex 30.000000 14.408100 79.756800
      vertex 30.000000 18.168540 83.910600
      vertex -0.000000 18.168540 83.910600
    endloop
  endfacet
  facet normal 0.000000 -0.803495 0.595312
    outer loop
      vertex 30.000000 14.408100 79.756800
      vertex 30.000000 11.070480 75.252000
      vertex 60.000000 11.070480 75.252000
    endloop
  endfacet
  facet normal 0.000000 -0.903796 0.427965
    outer loop
      vertex 30.000000 8.184960 70.439400
      vertex 30.000000 5.780808 65.362200
      vertex 60.000000 5.780808 65.362200
    endloop
  endfacet
  facet normal 0.000000 -0.857653 0.514228
    outer loop
      vertex 30.000000 8.184960 70.439400
      vertex 30.000000 11.070480 75.252000
      vertex -0.000000 11.070480 75.252000
    endloop
  endfacet
  facet normal 0.000000 -0.998399 0.056564
    outer loop
      vertex -30.000000 1.403544 44.482680
      vertex -30.000000 0.698856 32.044320
      vertex -0.000000 0.698856 32.044320
    endloop
  endfacet
  facet normal 0.000000 -0.993313 0.115456
    outer loop
      vertex -30.000000 1.403544 44.482680
      vertex -30.000000 2.447304 53.462580
      vertex -60.000000 2.447304 53.462580
    endloop
  endfacet
  facet normal 0.000000 -0.941690 0.336481
    outer loop
      vertex -30.000000 3.887322 60.063000
      vertex -30.000000 5.780808 65.362200
      vertex -60.000000 5.780808 65.362200
    endloop
  endfacet
  facet normal 0.000000 -0.977018 0.213157
    outer loop
      vertex -30.000000 3.887322 60.063000
      vertex -30.000000 2.447304 53.462580
      vertex -0.000000 2.447304 53.462580
    endloop
  endfacet
  facet normal 0.000000 -0.977018 0.213157
    outer loop
      vertex 30.000000 3.887322 60.063000
      vertex -0.000000 3.887322 60.063000
      vertex -0.000000 2.447304 53.462580
    endloop
  endfacet
  facet normal 0.000000 -0.977018 0.213157
    outer loop
      vertex 30.000000 3.887322 60.063000
      vertex 30.000000 2.447304 53.462580
      vertex 60.000000 2.447304 53.462580
    endloop
  endfacet
  facet normal 0.000000 -0.998399 0.056564
    outer loop
      vertex 30.000000 1.403544 44.482680
      vertex 30.000000 0.698856 32.044320
      vertex 60.000000 0.698856 32.044320
    endloop
  endfacet
  facet normal 0.000000 -0.998399 0.056564
    outer loop
      vertex 30.000000 1.403544 44.482680
      vertex -0.000000 1.403544 44.482680
      vertex -0.000000 0.698856 32.044320
    endloop
  endfacet
  facet normal 0.000000 -0.993313 0.115456
    outer loop
      vertex 30.000000 1.403544 44.482680
      vertex 30.000000 2.447304 53.462580
      vertex -0.000000 2.447304 53.462580
    endloop
  endfacet
  facet normal 0.000000 0.000000 1.000000
    outer loop
      vertex 30.000000 -0.367391 -51.739140
      vertex 30.000000 -0.728946 -51.739140
      vertex 60.000000 -0.728946 -51.739140
    endloop
  endfacet
  facet normal 0.000000 0.000000 1.000000
    outer loop
      vertex -30.000000 -1.090506 -51.739140
      vertex -60.000000 -1.090506 -51.739140
      vertex -60.000000 -1.452060 -51.739140
    endloop
  endfacet
  facet normal 0.000000 0.000000 1.000000
    outer loop
      vertex -30.000000 -1.090506 -51.739140
      vertex -30.000000 -1.452060 -51.739140
      vertex -0.000000 -1.452060 -51.739140
    endloop
  endfacet
  facet normal 0.000000 0.000000 1.000000
    outer loop
      vertex -30.000000 -0.367391 -51.739140
      vertex -30.000000 -0.728946 -51.739140
      vertex -0.000000 -0.728946 -51.739140
    endloop
  endfacet
  facet normal 1.000000 0.000000 0.000000
    outer loop
      vertex -60.000000 1.046454 44.527680
      vertex -60.000000 0.689370 44.572620
      vertex -60.000000 -0.019789 32.089260
    endloop
  endfacet
  facet normal 1.000000 0.000000 0.000000
    outer loop
      vertex -60.000000 0.332284 44.617560
      vertex -60.000000 -0.024802 44.662500
      vertex -60.000000 -0.738432 32.134260
    endloop
  endfacet
  facet normal 1.000000 0.000000 0.000000
    outer loop
      vertex -60.000000 2.847438 60.382200
      vertex -60.000000 2.500806 60.489000
      vertex -60.000000 1.034778 53.757900
    endloop
  endfacet
  facet normal 1.000000 0.000000 0.000000
    outer loop
      vertex -60.000000 2.847438 60.382200
      vertex -60.000000 4.770540 65.783400
      vertex -60.000000 4.433784 65.923800
    endloop
  endfacet
  facet normal 1.000000 -0.000000 0.000000
    outer loop
      vertex -60.000000 2.847438 60.382200
      vertex -60.000000 3.194064 60.276000
      vertex -60.000000 5.107296 65.643000
    endloop
  endfacet
  facet normal 1.000000 0.000000 0.000000
    outer loop
      vertex -60.000000 3.540696 60.169200
      vertex -60.000000 3.194064 60.276000
      vertex -60.000000 1.741038 53.610240
    endloop
  endfacet
  facet normal 1.000000 0.000000 0.000000
    outer loop
      vertex -60.000000 7.862280 70.612800
      vertex -60.000000 7.539600 70.785600
      vertex -60.000000 5.107296 65.643000
    endloop
  endfacet
  facet normal 1.000000 0.000000 0.000000
    outer loop
      vertex -60.000000 7.216860 70.958400
      vertex -60.000000 6.894180 71.131200
      vertex -60.000000 4.433784 65.923800
    endloop
  endfacet
  facet normal 1.000000 0.000000 0.000000
    outer loop
      vertex -60.000000 13.557240 80.455200
      vertex -60.000000 13.273620 80.688000
      vertex -60.000000 9.851160 76.067400
    endloop
  endfacet
  facet normal 1.000000 -0.000000 0.000000
    outer loop
      vertex -60.000000 13.557240 80.455200
      vertex -60.000000 13.840860 80.222400
      vertex -60.000000 17.649660 84.429600
    endloop
  endfacet
  facet normal 1.000000 0.000000 0.000000
    outer loop
      vertex -60.000000 14.124480 79.989600
      vertex -60.000000 13.840860 80.222400
      vertex -60.000000 10.460820 75.660000
    endloop
  endfacet
  facet normal 1.000000 0.000000 0.000000
    outer loop
      vertex -60.000000 22.089840 87.955200
      vertex -60.000000 21.857100 88.238400
      vertex -60.000000 17.649660 84.429600
    endloop
  endfacet
  facet normal 1.000000 0.000000 0.000000
    outer loop
      vertex -60.000000 21.624360 88.522200
      vertex -60.000000 21.391560 88.806000
      vertex -60.000000 17.130780 84.948600
    endloop
  endfacet
  facet normal 1.000000 0.000000 0.000000
    outer loop
      vertex -60.000000 31.120980 94.862400
      vertex -60.000000 30.948060 95.185200
      vertex -60.000000 26.012040 92.228400
    endloop
  endfacet
  facet normal 1.000000 -0.000000 0.000000
    outer loop
      vertex -60.000000 31.120980 94.862400
      vertex -60.000000 31.293960 94.539600
      vertex -60.000000 36.436440 96.972000
    endloop
  endfacet
  facet normal 1.000000 0.000000 0.000000
    outer loop
      vertex -60.000000 31.466880 94.217400
      vertex -60.000000 31.293960 94.539600
      vertex -60.000000 26.419680 91.618800
    endloop
  endfacet
  facet normal 1.000000 0.000000 0.000000
    outer loop
      vertex -60.000000 41.910120 98.538600
      vertex -60.000000 41.803620 98.885400
      vertex -60.000000 36.436440 96.972000
    endloop
  endfacet
  facet normal 1.000000 0.000000 0.000000
    outer loop
      vertex -60.000000 41.697120 99.232200
      vertex -60.000000 41.590620 99.578400
      vertex -60.000000 36.155580 97.645800
    endloop
  endfacet
  facet normal 1.000000 0.000000 0.000000
    outer loop
      vertex -60.000000 57.461880 101.747400
      vertex -60.000000 57.416940 102.104400
      vertex -60.000000 48.321540 101.044800
    endloop
  endfacet
  facet normal 1.000000 0.000000 0.000000
    outer loop
      vertex -60.000000 57.551760 101.032800
      vertex -60.000000 57.506820 101.389800
      vertex -60.000000 48.469200 100.338600
    endloop
  endfacet
  facet normal -0.000000 -1.000000 0.000000
    outer loop
      vertex -30.000000 153.818400 102.447000
      vertex -60.000000 153.818400 102.447000
      vertex -60.000000 153.818400 102.085200
    endloop
  endfacet
  facet normal 0.000000 -1.000000 0.000000
    outer loop
      vertex -30.000000 153.818400 102.447000
      vertex -30.000000 153.818400 102.085200
      vertex 0.000000 153.818400 102.085200
    endloop
  endfacet
  facet normal -0.000000 -1.000000 0.000000
    outer loop
      vertex 30.000000 153.818400 103.170000
      vertex 0.000000 153.818400 103.170000
      vertex 0.000000 153.818400 102.808200
    endloop
  endfacet
  facet normal 0.000000 -1.000000 0.000000
    outer loop
      vertex 30.000000 153.818400 103.170000
      vertex 30.000000 153.818400 102.808200
      vertex 60.000000 153.818400 102.808200
    endloop
  endfacet
  facet normal 0.000000 -1.000000 0.000000
    outer loop
      vertex 30.000000 153.818400 102.447000
      vertex 30.000000 153.818400 102.808200
      vertex 0.000000 153.818400 102.808200
    endloop
  endfacet
  facet normal -1.000000 0.000000 0.000000
    outer loop
      vertex 60.000000 57.461880 101.747400
      vertex 60.000000 48.395400 100.691400
      vertex 60.000000 48.321540 101.044800
    endloop
  endfacet
  facet normal -1.000000 0.000000 0.000000
    outer loop
      vertex 60.000000 41.697120 99.232200
      vertex 60.000000 36.296040 97.309200
      vertex 60.000000 36.155580 97.645800
    endloop
  endfacet
  facet normal -1.000000 0.000000 0.000000
    outer loop
      vertex 60.000000 41.697120 99.232200
      vertex 60.000000 48.395400 100.691400
      vertex 60.000000 48.469200 100.338600
    endloop
  endfacet
  facet normal -1.000000 0.000000 0.000000
    outer loop
      vertex 60.000000 41.910120 98.538600
      vertex 60.000000 36.576840 96.635400
      vertex 60.000000 36.436440 96.972000
    endloop
  endfacet
  facet normal -1.000000 0.000000 0.000000
    outer loop
      vertex 60.000000 41.910120 98.538600
      vertex 60.000000 48.543060 99.985200
      vertex 60.000000 48.616860 99.632400
    endloop
  endfacet
  facet normal -1.000000 0.000000 0.000000
    outer loop
      vertex 60.000000 31.466880 94.217400
      vertex 60.000000 36.576840 96.635400
      vertex 60.000000 36.717240 96.298800
    endloop
  endfacet
  facet normal -1.000000 0.000000 0.000000
    outer loop
      vertex 60.000000 31.120980 94.862400
      vertex 60.000000 36.296040 97.309200
      vertex 60.000000 36.436440 96.972000
    endloop
  endfacet
  facet normal -1.000000 0.000000 0.000000
    outer loop
      vertex 60.000000 31.120980 94.862400
      vertex 60.000000 26.215860 91.923600
      vertex 60.000000 26.012040 92.228400
    endloop
  endfacet
  facet normal -1.000000 0.000000 0.000000
    outer loop
      vertex 60.000000 21.624360 88.522200
      vertex 60.000000 17.390220 84.689400
      vertex 60.000000 17.130780 84.948600
    endloop
  endfacet
  facet normal -1.000000 0.000000 0.000000
    outer loop
      vertex 60.000000 21.624360 88.522200
      vertex 60.000000 26.215860 91.923600
      vertex 60.000000 26.419680 91.618800
    endloop
  endfacet
  facet normal -1.000000 0.000000 0.000000
    outer loop
      vertex 60.000000 22.089840 87.955200
      vertex 60.000000 17.909100 84.170400
      vertex 60.000000 17.649660 84.429600
    endloop
  endfacet
  facet normal -1.000000 0.000000 0.000000
    outer loop
      vertex 60.000000 22.089840 87.955200
      vertex 60.000000 26.623500 91.314000
      vertex 60.000000 26.827320 91.009200
    endloop
  endfacet
  facet normal -1.000000 0.000000 0.000000
    outer loop
      vertex 60.000000 14.124480 79.989600
      vertex 60.000000 17.909100 84.170400
      vertex 60.000000 18.168540 83.910600
    endloop
  endfacet
  facet normal -1.000000 0.000000 0.000000
    outer loop
      vertex 60.000000 13.557240 80.455200
      vertex 60.000000 17.390220 84.689400
      vertex 60.000000 17.649660 84.429600
    endloop
  endfacet
  facet normal -1.000000 0.000000 0.000000
    outer loop
      vertex 60.000000 13.557240 80.455200
      vertex 60.000000 10.155960 75.863400
      vertex 60.000000 9.851160 76.067400
    endloop
  endfacet
  facet normal -1.000000 0.000000 0.000000
    outer loop
      vertex 60.000000 7.216860 70.958400
      vertex 60.000000 4.770540 65.783400
      vertex 60.000000 4.433784 65.923800
    endloop
  endfacet
  facet normal -1.000000 0.000000 0.000000
    outer loop
      vertex 60.000000 7.216860 70.958400
      vertex 60.000000 10.155960 75.863400
      vertex 60.000000 10.460820 75.660000
    endloop
  endfacet
  facet normal -1.000000 0.000000 0.000000
    outer loop
      vertex 60.000000 7.862280 70.612800
      vertex 60.000000 5.444052 65.502600
      vertex 60.000000 5.107296 65.643000
    endloop
  endfacet
  facet normal -1.000000 0.000000 0.000000
    outer loop
      vertex 60.000000 7.862280 70.612800
      vertex 60.000000 10.765620 75.456000
      vertex 60.000000 11.070480 75.252000
    endloop
  endfacet
  facet normal -1.000000 0.000000 0.000000
    outer loop
      vertex 60.000000 3.540696 60.169200
      vertex 60.000000 5.444052 65.502600
      vertex 60.000000 5.780808 65.362200
    endloop
  endfacet
  facet normal -1.000000 0.000000 0.000000
    outer loop
      vertex 60.000000 2.847438 60.382200
      vertex 60.000000 4.770540 65.783400
      vertex 60.000000 5.107296 65.643000
    endloop
  endfacet
  facet normal -1.000000 0.000000 0.000000
    outer loop
      vertex 60.000000 0.332284 44.617560
      vertex 60.000000 -0.379110 32.111760
      vertex 60.000000 -0.738432 32.134260
    endloop
  endfacet
  facet normal -1.000000 0.000000 0.000000
    outer loop
      vertex 60.000000 0.332284 44.617560
      vertex 60.000000 1.387908 53.684040
      vertex 60.000000 1.741038 53.610240
    endloop
  endfacet
  facet normal -1.000000 0.000000 0.000000
    outer loop
      vertex 60.000000 1.046454 44.527680
      vertex 60.000000 0.339533 32.066820
      vertex 60.000000 -0.019789 32.089260
    endloop
  endfacet
  facet normal -1.000000 0.000000 0.000000
    outer loop
      vertex 60.000000 1.046454 44.527680
      vertex 60.000000 2.094168 53.536380
      vertex 60.000000 2.447304 53.462580
    endloop
  endfacet
  facet normal -1.000000 0.000000 0.000000
    outer loop
      vertex 60.000000 1.046454 44.527680
      vertex 60.000000 0.689370 44.572620
      vertex 60.000000 1.741038 53.610240
    endloop
  endfacet
  facet normal -1.000000 0.000000 0.000000
    outer loop
      vertex 60.000000 -1.090506 -27.957420
      vertex 60.000000 -1.019364 -5.303334
      vertex 60.000000 -0.658032 -5.305578
    endloop
  endfacet
  facet normal -1.000000 0.000000 0.000000
    outer loop
      vertex 60.000000 -1.090506 -27.957420
      vertex 60.000000 -0.728946 -27.957420
      vertex 60.000000 -0.728946 -51.739140
    endloop
  endfacet
  facet normal -1.000000 0.000000 0.000000
    outer loop
      vertex 60.000000 -0.367391 -27.957420
      vertex 60.000000 -0.005834 -27.957420
      vertex 60.000000 -0.005834 -51.739140
    endloop
  endfacet
  facet normal -1.000000 0.000000 0.000000
    outer loop
      vertex 60.000000 -0.367391 -27.957420
      vertex 60.000000 -0.296698 -5.307828
      vertex 60.000000 0.064634 -5.310072
    endloop
  endfacet
  facet normal -1.000000 0.000000 0.000000
    outer loop
      vertex 60.000000 -0.084622 15.077640
      vertex 60.000000 0.276041 15.068640
      vertex 60.000000 0.064634 -5.310072
    endloop
  endfacet
  facet normal -1.000000 0.000000 0.000000
    outer loop
      vertex 60.000000 -0.805944 15.095580
      vertex 60.000000 -0.445284 15.086640
      vertex 60.000000 -0.658032 -5.305578
    endloop
  endfacet
  facet normal -0.000000 -1.000000 0.000000
    outer loop
      vertex 30.000000 -0.005834 -27.957420
      vertex -0.000000 -0.005834 -27.957420
      vertex -0.000000 -0.005834 -51.739140
    endloop
  endfacet
  facet normal -0.000000 -1.000000 0.000000
    outer loop
      vertex -30.000000 -0.005834 -27.957420
      vertex -60.000000 -0.005834 -27.957420
      vertex -60.000000 -0.005834 -51.739140
    endloop
  endfacet
  facet normal 0.000000 -0.999995 0.003112
    outer loop
      vertex -30.000000 -0.005834 -27.957420
      vertex -30.000000 0.064634 -5.310072
      vertex -60.000000 0.064634 -5.310072
    endloop
  endfacet
  facet normal 0.000000 -0.999690 0.024899
    outer loop
      vertex -30.000000 0.276041 15.068640
      vertex -30.000000 0.698856 32.044320
      vertex -60.000000 0.698856 32.044320
    endloop
  endfacet
  facet normal 0.000000 -0.999946 0.010373
    outer loop
      vertex -30.000000 0.276041 15.068640
      vertex -30.000000 0.064634 -5.310072
      vertex -0.000000 0.064634 -5.310072
    endloop
  endfacet
  facet normal 0.000000 -0.999946 0.010373
    outer loop
      vertex 30.000000 0.276041 15.068640
      vertex 30.000000 0.064634 -5.310072
      vertex 60.000000 0.064634 -5.310072
    endloop
  endfacet
  facet normal 0.000000 -0.999946 0.010373
    outer loop
      vertex 30.000000 0.276041 15.068640
      vertex -0.000000 0.276041 15.068640
      vertex -0.000000 0.064634 -5.310072
    endloop
  endfacet
  facet normal 1.000000 0.000000 0.000000
    outer loop
      vertex -60.000000 -1.090506 -27.957420
      vertex -60.000000 -1.452060 -27.957420
      vertex -60.000000 -1.452060 -51.739140
    endloop
  endfacet
  facet normal 1.000000 0.000000 0.000000
    outer loop
      vertex -60.000000 -0.805944 15.095580
      vertex -60.000000 -1.166610 15.104580
      vertex -60.000000 -1.380696 -5.301084
    endloop
  endfacet
  facet normal 1.000000 -0.000000 0.000000
    outer loop
      vertex -60.000000 -0.805944 15.095580
      vertex -60.000000 -0.445284 15.086640
      vertex -60.000000 -0.019789 32.089260
    endloop
  endfacet
  facet normal 1.000000 -0.000000 0.000000
    outer loop
      vertex -60.000000 -0.084622 15.077640
      vertex -60.000000 0.276041 15.068640
      vertex -60.000000 0.698856 32.044320
    endloop
  endfacet
  facet normal 1.000000 0.000000 0.000000
    outer loop
      vertex -60.000000 -0.084622 15.077640
      vertex -60.000000 -0.445284 15.086640
      vertex -60.000000 -0.658032 -5.305578
    endloop
  endfacet
  facet normal 0.000000 0.999995 -0.003150
    outer loop
      vertex -30.000000 -1.452060 -27.957420
      vertex -30.000000 -1.380696 -5.301084
      vertex -0.000000 -1.380696 -5.301084
    endloop
  endfacet
  facet normal -0.000000 1.000000 0.000000
    outer loop
      vertex -30.000000 -1.452060 -27.957420
      vertex -0.000000 -1.452060 -27.957420
      vertex -0.000000 -1.452060 -51.739140
    endloop
  endfacet
  facet normal -0.000000 1.000000 0.000000
    outer loop
      vertex 30.000000 -1.452060 -27.957420
      vertex 60.000000 -1.452060 -27.957420
      vertex 60.000000 -1.452060 -51.739140
    endloop
  endfacet
  facet normal 0.000000 0.999995 -0.003150
    outer loop
      vertex 30.000000 -1.452060 -27.957420
      vertex 30.000000 -1.380696 -5.301084
      vertex 60.000000 -1.380696 -5.301084
    endloop
  endfacet
  facet normal 0.000000 0.999945 -0.010491
    outer loop
      vertex 30.000000 -1.166610 15.104580
      vertex 60.000000 -1.166610 15.104580
      vertex 60.000000 -1.380696 -5.301084
    endloop
  endfacet
  facet normal 0.000000 0.999684 -0.025135
    outer loop
      vertex 30.000000 -1.166610 15.104580
      vertex 30.000000 -0.738432 32.134260
      vertex 60.000000 -0.738432 32.134260
    endloop
  endfacet
  facet normal 0.000000 0.999684 -0.025135
    outer loop
      vertex -30.000000 -1.166610 15.104580
      vertex -30.000000 -0.738432 32.134260
      vertex -0.000000 -0.738432 32.134260
    endloop
  endfacet
  facet normal 1.000000 0.000000 -0.000000
    outer loop
      vertex -60.000000 130.036800 103.170000
      vertex -60.000000 130.036800 103.531800
      vertex -60.000000 107.380800 103.460400
    endloop
  endfacet
  facet normal 1.000000 0.000000 0.000000
    outer loop
      vertex -60.000000 130.036800 102.447000
      vertex -60.000000 153.818400 102.447000
      vertex -60.000000 153.818400 102.808200
    endloop
  endfacet
  facet normal 1.000000 0.000000 -0.000000
    outer loop
      vertex -60.000000 130.036800 102.447000
      vertex -60.000000 130.036800 102.808200
      vertex -60.000000 107.385000 102.737400
    endloop
  endfacet
  facet normal 1.000000 0.000000 0.000000
    outer loop
      vertex -60.000000 87.001800 102.163800
      vertex -60.000000 87.010800 101.803200
      vertex -60.000000 107.389800 102.015000
    endloop
  endfacet
  facet normal 1.000000 0.000000 0.000000
    outer loop
      vertex -60.000000 86.983800 102.885600
      vertex -60.000000 86.992800 102.525000
      vertex -60.000000 107.385000 102.737400
    endloop
  endfacet
  facet normal 0.000000 -0.003100 0.999995
    outer loop
      vertex -30.000000 130.036800 102.085200
      vertex -30.000000 107.389800 102.015000
      vertex 0.000000 107.389800 102.015000
    endloop
  endfacet
  facet normal 0.000000 0.000000 1.000000
    outer loop
      vertex -30.000000 130.036800 102.085200
      vertex 0.000000 130.036800 102.085200
      vertex 0.000000 153.818400 102.085200
    endloop
  endfacet
  facet normal 0.000000 -0.000000 1.000000
    outer loop
      vertex 30.000000 130.036800 102.085200
      vertex 30.000000 153.818400 102.085200
      vertex 0.000000 153.818400 102.085200
    endloop
  endfacet
  facet normal 0.000000 0.000000 1.000000
    outer loop
      vertex 30.000000 130.036800 102.085200
      vertex 60.000000 130.036800 102.085200
      vertex 60.000000 153.818400 102.085200
    endloop
  endfacet
  facet normal 0.000000 -0.003100 0.999995
    outer loop
      vertex 30.000000 130.036800 102.085200
      vertex 30.000000 107.389800 102.015000
      vertex 60.000000 107.389800 102.015000
    endloop
  endfacet
  facet normal 0.000000 -0.024875 0.999691
    outer loop
      vertex 30.000000 87.010800 101.803200
      vertex 30.000000 70.035000 101.380800
      vertex 60.000000 70.035000 101.380800
    endloop
  endfacet
  facet normal 0.000000 -0.024875 0.999691
    outer loop
      vertex -30.000000 87.010800 101.803200
      vertex -30.000000 70.035000 101.380800
      vertex 0.000000 70.035000 101.380800
    endloop
  endfacet
  facet normal -1.000000 0.000000 0.000000
    outer loop
      vertex 60.000000 130.036800 102.447000
      vertex 60.000000 153.818400 102.447000
      vertex 60.000000 153.818400 102.085200
    endloop
  endfacet
  facet normal -1.000000 0.000000 0.000000
    outer loop
      vertex 60.000000 130.036800 102.447000
      vertex 60.000000 130.036800 102.808200
      vertex 60.000000 153.818400 102.808200
    endloop
  endfacet
  facet normal -1.000000 -0.000000 0.000000
    outer loop
      vertex 60.000000 130.036800 103.170000
      vertex 60.000000 107.382600 103.098600
      vertex 60.000000 107.380800 103.460400
    endloop
  endfacet
  facet normal -1.000000 0.000000 0.000000
    outer loop
      vertex 60.000000 86.983800 102.885600
      vertex 60.000000 107.382600 103.098600
      vertex 60.000000 107.385000 102.737400
    endloop
  endfacet
  facet normal -1.000000 0.000000 0.000000
    outer loop
      vertex 60.000000 87.001800 102.163800
      vertex 60.000000 107.387400 102.376200
      vertex 60.000000 107.389800 102.015000
    endloop
  endfacet
  facet normal 0.000000 0.000000 -1.000000
    outer loop
      vertex 30.000000 130.036800 103.531800
      vertex 0.000000 130.036800 103.531800
      vertex 0.000000 153.818400 103.531800
    endloop
  endfacet
  facet normal 0.000000 0.000000 -1.000000
    outer loop
      vertex -30.000000 130.036800 103.531800
      vertex -30.000000 153.818400 103.531800
      vertex 0.000000 153.818400 103.531800
    endloop
  endfacet
  facet normal 0.000000 0.000000 -1.000000
    outer loop
      vertex -30.000000 130.036800 103.531800
      vertex -60.000000 130.036800 103.531800
      vertex -60.000000 153.818400 103.531800
    endloop
  endfacet
  facet normal 0.000000 0.003151 -0.999995
    outer loop
      vertex -30.000000 130.036800 103.531800
      vertex -30.000000 107.380800 103.460400
      vertex -60.000000 107.380800 103.460400
    endloop
  endfacet
  facet normal 0.000000 0.010496 -0.999945
    outer loop
      vertex -30.000000 86.974800 103.246200
      vertex -30.000000 107.380800 103.460400
      vertex 0.000000 107.380800 103.460400
    endloop
  endfacet
  facet normal 0.000000 0.010496 -0.999945
    outer loop
      vertex 30.000000 86.974800 103.246200
      vertex 30.000000 107.380800 103.460400
      vertex 60.000000 107.380800 103.460400
    endloop
  endfacet
endsolid studio_backdrop
