# 26-corner spiral polyhedron drawn as a frame: balls at the corners, rods on the 50 edges (cm, COM at origin)
v -0.15772 0.25520 7.60640
v 0.15772 0.25520 7.60640
v -0.15772 -0.25520 7.60640
v 0.15772 -0.25520 7.60640
v 0.00000 -0.15772 7.86160
v 0.00000 0.15772 7.86160
v 0.00000 -0.15772 7.35120
v 0.00000 0.15772 7.35120
v 0.25520 0.00000 7.44868
v 0.25520 0.00000 7.76412
v -0.25520 0.00000 7.44868
v -0.25520 0.00000 7.76412
v -0.24271 0.15000 7.69911
v -0.15000 0.09271 7.84911
v -0.09271 0.24271 7.75640
v 0.09271 0.24271 7.75640
v 0.00000 0.30000 7.60640
v 0.09271 0.24271 7.45640
v -0.09271 0.24271 7.45640
v -0.15000 0.09271 7.36369
v -0.24271 0.15000 7.51369
v -0.30000 0.00000 7.60640
v 0.15000 0.09271 7.84911
v 0.24271 0.15000 7.69911
v -0.15000 -0.09271 7.84911
v 0.00000 0.00000 7.90640
v -0.24271 -0.15000 7.51369
v -0.24271 -0.15000 7.69911
v 0.00000 0.00000 7.30640
v -0.15000 -0.09271 7.36369
v 0.24271 0.15000 7.51369
v 0.15000 0.09271 7.36369
v 0.24271 -0.15000 7.69911
v 0.15000 -0.09271 7.84911
v 0.09271 -0.24271 7.75640
v -0.09271 -0.24271 7.75640
v 0.00000 -0.30000 7.60640
v -0.09271 -0.24271 7.45640
v 0.09271 -0.24271 7.45640
v 0.15000 -0.09271 7.36369
v 0.24271 -0.15000 7.51369
v 0.30000 0.00000 7.60640
v -0.20813 0.21061 7.65459
v -0.17634 0.20646 7.73400
v -0.13017 0.25880 7.68437
v -0.21061 0.04819 7.81453
v -0.20646 0.12760 7.78274
v -0.25880 0.07797 7.73657
v -0.04819 0.20813 7.81701
v -0.12760 0.17634 7.81286
v -0.07797 0.13017 7.86520
v -0.04874 0.28532 7.68526
v -0.08198 0.28858 7.60640
v 0.04819 0.20813 7.81701
v 0.00000 0.25520 7.76412
v 0.08198 0.28858 7.60640
v 0.04874 0.28532 7.68526
v 0.13017 0.25880 7.68437
v -0.04874 0.28532 7.52754
v -0.13017 0.25880 7.52843
v 0.13017 0.25880 7.52843
v 0.04874 0.28532 7.52754
v -0.04819 0.20813 7.39579
v 0.00000 0.25520 7.44868
v 0.04819 0.20813 7.39579
v -0.17634 0.20646 7.47880
v -0.20813 0.21061 7.55821
v -0.07797 0.13017 7.34760
v -0.12760 0.17634 7.39994
v -0.25880 0.07797 7.47623
v -0.20646 0.12760 7.43006
v -0.21061 0.04819 7.39827
v -0.25520 0.15772 7.60640
v -0.28858 0.00000 7.52442
v -0.28532 0.07886 7.55766
v -0.28532 0.07886 7.65514
v -0.28858 0.00000 7.68838
v 0.17634 0.20646 7.73400
v 0.20813 0.21061 7.65459
v 0.07797 0.13017 7.86520
v 0.12760 0.17634 7.81286
v 0.25880 0.07797 7.73657
v 0.20646 0.12760 7.78274
v 0.21061 0.04819 7.81453
v -0.07886 0.04874 7.89172
v 0.00000 0.08198 7.89498
v -0.21061 -0.04819 7.81453
v -0.15772 0.00000 7.86160
v 0.00000 -0.08198 7.89498
v -0.07886 -0.04874 7.89172
v -0.07797 -0.13017 7.86520
v -0.28532 -0.07886 7.65514
v -0.25880 -0.07797 7.73657
v -0.25880 -0.07797 7.47623
v -0.28532 -0.07886 7.55766
v -0.20813 -0.21061 7.65459
v -0.25520 -0.15772 7.60640
v -0.20813 -0.21061 7.55821
v -0.15772 0.00000 7.35120
v -0.21061 -0.04819 7.39827
v 0.00000 0.08198 7.31782
v -0.07886 0.04874 7.32108
v -0.07797 -0.13017 7.34760
v -0.07886 -0.04874 7.32108
v 0.00000 -0.08198 7.31782
v 0.12760 0.17634 7.39994
v 0.07797 0.13017 7.34760
v 0.20813 0.21061 7.55821
v 0.17634 0.20646 7.47880
v 0.21061 0.04819 7.39827
v 0.20646 0.12760 7.43006
v 0.25880 0.07797 7.47623
v 0.20813 -0.21061 7.65459
v 0.17634 -0.20646 7.73400
v 0.13017 -0.25880 7.68437
v 0.21061 -0.04819 7.81453
v 0.20646 -0.12760 7.78274
v 0.25880 -0.07797 7.73657
v 0.04819 -0.20813 7.81701
v 0.12760 -0.17634 7.81286
v 0.07797 -0.13017 7.86520
v 0.04874 -0.28532 7.68526
v 0.08198 -0.28858 7.60640
v -0.04819 -0.20813 7.81701
v 0.00000 -0.25520 7.76412
v -0.08198 -0.28858 7.60640
v -0.04874 -0.28532 7.68526
v -0.13017 -0.25880 7.68437
v 0.04874 -0.28532 7.52754
v 0.13017 -0.25880 7.52843
v -0.13017 -0.25880 7.52843
v -0.04874 -0.28532 7.52754
v 0.04819 -0.20813 7.39579
v 0.00000 -0.25520 7.44868
v -0.04819 -0.20813 7.39579
v 0.17634 -0.20646 7.47880
v 0.20813 -0.21061 7.55821
v 0.07797 -0.13017 7.34760
v 0.12760 -0.17634 7.39994
v 0.25880 -0.07797 7.47623
v 0.20646 -0.12760 7.43006
v 0.21061 -0.04819 7.39827
v 0.25520 -0.15772 7.60640
v 0.28858 0.00000 7.52442
v 0.28532 -0.07886 7.55766
v 0.28532 -0.07886 7.65514
v 0.28858 0.00000 7.68838
v 0.07886 -0.04874 7.89172
v 0.15772 0.00000 7.86160
v 0.07886 0.04874 7.89172
v -0.17634 -0.20646 7.73400
v -0.12760 -0.17634 7.81286
v -0.20646 -0.12760 7.78274
v -0.12760 -0.17634 7.39994
v -0.17634 -0.20646 7.47880
v -0.20646 -0.12760 7.43006
v 0.15772 0.00000 7.35120
v 0.07886 -0.04874 7.32108
v 0.07886 0.04874 7.32108
v 0.28532 0.07886 7.65514
v 0.28532 0.07886 7.55766
v 0.25520 0.15772 7.60640
v 2.82380 0.25520 1.54577
v 3.13924 0.25520 1.54577
v 2.82380 -0.25520 1.54577
v 3.13924 -0.25520 1.54577
v 2.98152 -0.15772 1.80097
v 2.98152 0.15772 1.80097
v 2.98152 -0.15772 1.29057
v 2.98152 0.15772 1.29057
v 3.23672 0.00000 1.38805
v 3.23672 0.00000 1.70349
v 2.72632 0.00000 1.38805
v 2.72632 0.00000 1.70349
v 2.73881 0.15000 1.63848
v 2.83152 0.09271 1.78848
v 2.88881 0.24271 1.69577
v 3.07423 0.24271 1.69577
v 2.98152 0.30000 1.54577
v 3.07423 0.24271 1.39577
v 2.88881 0.24271 1.39577
v 2.83152 0.09271 1.30306
v 2.73881 0.15000 1.45306
v 2.68152 0.00000 1.54577
v 3.13152 0.09271 1.78848
v 3.22423 0.15000 1.63848
v 2.83152 -0.09271 1.78848
v 2.98152 0.00000 1.84577
v 2.73881 -0.15000 1.45306
v 2.73881 -0.15000 1.63848
v 2.98152 0.00000 1.24577
v 2.83152 -0.09271 1.30306
v 3.22423 0.15000 1.45306
v 3.13152 0.09271 1.30306
v 3.22423 -0.15000 1.63848
v 3.13152 -0.09271 1.78848
v 3.07423 -0.24271 1.69577
v 2.88881 -0.24271 1.69577
v 2.98152 -0.30000 1.54577
v 2.88881 -0.24271 1.39577
v 3.07423 -0.24271 1.39577
v 3.13152 -0.09271 1.30306
v 3.22423 -0.15000 1.45306
v 3.28152 0.00000 1.54577
v 2.77339 0.21061 1.59396
v 2.80518 0.20646 1.67337
v 2.85135 0.25880 1.62374
v 2.77091 0.04819 1.75390
v 2.77506 0.12760 1.72211
v 2.72272 0.07797 1.67594
v 2.93333 0.20813 1.75638
v 2.85392 0.17634 1.75223
v 2.90355 0.13017 1.80457
v 2.93278 0.28532 1.62463
v 2.89954 0.28858 1.54577
v 3.02971 0.20813 1.75638
v 2.98152 0.25520 1.70349
v 3.06350 0.28858 1.54577
v 3.03026 0.28532 1.62463
v 3.11169 0.25880 1.62374
v 2.93278 0.28532 1.46691
v 2.85135 0.25880 1.46780
v 3.11169 0.25880 1.46780
v 3.03026 0.28532 1.46691
v 2.93333 0.20813 1.33516
v 2.98152 0.25520 1.38805
v 3.02971 0.20813 1.33516
v 2.80518 0.20646 1.41817
v 2.77339 0.21061 1.49758
v 2.90355 0.13017 1.28697
v 2.85392 0.17634 1.33931
v 2.72272 0.07797 1.41560
v 2.77506 0.12760 1.36943
v 2.77091 0.04819 1.33764
v 2.72632 0.15772 1.54577
v 2.69294 0.00000 1.46379
v 2.69620 0.07886 1.49703
v 2.69620 0.07886 1.59451
v 2.69294 0.00000 1.62775
v 3.15786 0.20646 1.67337
v 3.18965 0.21061 1.59396
v 3.05949 0.13017 1.80457
v 3.10912 0.17634 1.75223
v 3.24032 0.07797 1.67594
v 3.18798 0.12760 1.72211
v 3.19213 0.04819 1.75390
v 2.90266 0.04874 1.83109
v 2.98152 0.08198 1.83435
v 2.77091 -0.04819 1.75390
v 2.82380 0.00000 1.80097
v 2.98152 -0.08198 1.83435
v 2.90266 -0.04874 1.83109
v 2.90355 -0.13017 1.80457
v 2.69620 -0.07886 1.59451
v 2.72272 -0.07797 1.67594
v 2.72272 -0.07797 1.41560
v 2.69620 -0.07886 1.49703
v 2.77339 -0.21061 1.59396
v 2.72632 -0.15772 1.54577
v 2.77339 -0.21061 1.49758
v 2.82380 0.00000 1.29057
v 2.77091 -0.04819 1.33764
v 2.98152 0.08198 1.25719
v 2.90266 0.04874 1.26045
v 2.90355 -0.13017 1.28697
v 2.90266 -0.04874 1.26045
v 2.98152 -0.08198 1.25719
v 3.10912 0.17634 1.33931
v 3.05949 0.13017 1.28697
v 3.18965 0.21061 1.49758
v 3.15786 0.20646 1.41817
v 3.19213 0.04819 1.33764
v 3.18798 0.12760 1.36943
v 3.24032 0.07797 1.41560
v 3.18965 -0.21061 1.59396
v 3.15786 -0.20646 1.67337
v 3.11169 -0.25880 1.62374
v 3.19213 -0.04819 1.75390
v 3.18798 -0.12760 1.72211
v 3.24032 -0.07797 1.67594
v 3.02971 -0.20813 1.75638
v 3.10912 -0.17634 1.75223
v 3.05949 -0.13017 1.80457
v 3.03026 -0.28532 1.62463
v 3.06350 -0.28858 1.54577
v 2.93333 -0.20813 1.75638
v 2.98152 -0.25520 1.70349
v 2.89954 -0.28858 1.54577
v 2.93278 -0.28532 1.62463
v 2.85135 -0.25880 1.62374
v 3.03026 -0.28532 1.46691
v 3.11169 -0.25880 1.46780
v 2.85135 -0.25880 1.46780
v 2.93278 -0.28532 1.46691
v 3.02971 -0.20813 1.33516
v 2.98152 -0.25520 1.38805
v 2.93333 -0.20813 1.33516
v 3.15786 -0.20646 1.41817
v 3.18965 -0.21061 1.49758
v 3.05949 -0.13017 1.28697
v 3.10912 -0.17634 1.33931
v 3.24032 -0.07797 1.41560
v 3.18798 -0.12760 1.36943
v 3.19213 -0.04819 1.33764
v 3.23672 -0.15772 1.54577
v 3.27010 0.00000 1.46379
v 3.26684 -0.07886 1.49703
v 3.26684 -0.07886 1.59451
v 3.27010 0.00000 1.62775
v 3.06038 -0.04874 1.83109
v 3.13924 0.00000 1.80097
v 3.06038 0.04874 1.83109
v 2.80518 -0.20646 1.67337
v 2.85392 -0.17634 1.75223
v 2.77506 -0.12760 1.72211
v 2.85392 -0.17634 1.33931
v 2.80518 -0.20646 1.41817
v 2.77506 -0.12760 1.36943
v 3.13924 0.00000 1.29057
v 3.06038 -0.04874 1.26045
v 3.06038 0.04874 1.26045
v 3.26684 0.07886 1.59451
v 3.26684 0.07886 1.49703
v 3.23672 0.15772 1.54577
v 0.76362 3.09080 1.54577
v 1.07906 3.09080 1.54577
v 0.76362 2.58040 1.54577
v 1.07906 2.58040 1.54577
v 0.92134 2.67788 1.80097
v 0.92134 2.99332 1.80097
v 0.92134 2.67788 1.29057
v 0.92134 2.99332 1.29057
v 1.17654 2.83560 1.38805
v 1.17654 2.83560 1.70349
v 0.66614 2.83560 1.38805
v 0.66614 2.83560 1.70349
v 0.67863 2.98560 1.63848
v 0.77134 2.92831 1.78848
v 0.82863 3.07831 1.69577
v 1.01405 3.07831 1.69577
v 0.92134 3.13560 1.54577
v 1.01405 3.07831 1.39577
v 0.82863 3.07831 1.39577
v 0.77134 2.92831 1.30306
v 0.67863 2.98560 1.45306
v 0.62134 2.83560 1.54577
v 1.07134 2.92831 1.78848
v 1.16405 2.98560 1.63848
v 0.77134 2.74289 1.78848
v 0.92134 2.83560 1.84577
v 0.67863 2.68560 1.45306
v 0.67863 2.68560 1.63848
v 0.92134 2.83560 1.24577
v 0.77134 2.74289 1.30306
v 1.16405 2.98560 1.45306
v 1.07134 2.92831 1.30306
v 1.16405 2.68560 1.63848
v 1.07134 2.74289 1.78848
v 1.01405 2.59289 1.69577
v 0.82863 2.59289 1.69577
v 0.92134 2.53560 1.54577
v 0.82863 2.59289 1.39577
v 1.01405 2.59289 1.39577
v 1.07134 2.74289 1.30306
v 1.16405 2.68560 1.45306
v 1.22134 2.83560 1.54577
v 0.71321 3.04621 1.59396
v 0.74500 3.04206 1.67337
v 0.79117 3.09440 1.62374
v 0.71073 2.88379 1.75390
v 0.71488 2.96320 1.72211
v 0.66254 2.91357 1.67594
v 0.87315 3.04373 1.75638
v 0.79374 3.01194 1.75223
v 0.84337 2.96577 1.80457
v 0.87260 3.12092 1.62463
v 0.83936 3.12418 1.54577
v 0.96953 3.04373 1.75638
v 0.92134 3.09080 1.70349
v 1.00332 3.12418 1.54577
v 0.97008 3.12092 1.62463
v 1.05151 3.09440 1.62374
v 0.87260 3.12092 1.46691
v 0.79117 3.09440 1.46780
v 1.05151 3.09440 1.46780
v 0.97008 3.12092 1.46691
v 0.87315 3.04373 1.33516
v 0.92134 3.09080 1.38805
v 0.96953 3.04373 1.33516
v 0.74500 3.04206 1.41817
v 0.71321 3.04621 1.49758
v 0.84337 2.96577 1.28697
v 0.79374 3.01194 1.33931
v 0.66254 2.91357 1.41560
v 0.71488 2.96320 1.36943
v 0.71073 2.88379 1.33764
v 0.66614 2.99332 1.54577
v 0.63276 2.83560 1.46379
v 0.63602 2.91446 1.49703
v 0.63602 2.91446 1.59451
v 0.63276 2.83560 1.62775
v 1.09768 3.04206 1.67337
v 1.12947 3.04621 1.59396
v 0.99931 2.96577 1.80457
v 1.04894 3.01194 1.75223
v 1.18014 2.91357 1.67594
v 1.12780 2.96320 1.72211
v 1.13195 2.88379 1.75390
v 0.84248 2.88434 1.83109
v 0.92134 2.91758 1.83435
v 0.71073 2.78741 1.75390
v 0.76362 2.83560 1.80097
v 0.92134 2.75362 1.83435
v 0.84248 2.78686 1.83109
v 0.84337 2.70543 1.80457
v 0.63602 2.75674 1.59451
v 0.66254 2.75763 1.67594
v 0.66254 2.75763 1.41560
v 0.63602 2.75674 1.49703
v 0.71321 2.62499 1.59396
v 0.66614 2.67788 1.54577
v 0.71321 2.62499 1.49758
v 0.76362 2.83560 1.29057
v 0.71073 2.78741 1.33764
v 0.92134 2.91758 1.25719
v 0.84248 2.88434 1.26045
v 0.84337 2.70543 1.28697
v 0.84248 2.78686 1.26045
v 0.92134 2.75362 1.25719
v 1.04894 3.01194 1.33931
v 0.99931 2.96577 1.28697
v 1.12947 3.04621 1.49758
v 1.09768 3.04206 1.41817
v 1.13195 2.88379 1.33764
v 1.12780 2.96320 1.36943
v 1.18014 2.91357 1.41560
v 1.12947 2.62499 1.59396
v 1.09768 2.62914 1.67337
v 1.05151 2.57680 1.62374
v 1.13195 2.78741 1.75390
v 1.12780 2.70800 1.72211
v 1.18014 2.75763 1.67594
v 0.96953 2.62747 1.75638
v 1.04894 2.65926 1.75223
v 0.99931 2.70543 1.80457
v 0.97008 2.55028 1.62463
v 1.00332 2.54702 1.54577
v 0.87315 2.62747 1.75638
v 0.92134 2.58040 1.70349
v 0.83936 2.54702 1.54577
v 0.87260 2.55028 1.62463
v 0.79117 2.57680 1.62374
v 0.97008 2.55028 1.46691
v 1.05151 2.57680 1.46780
v 0.79117 2.57680 1.46780
v 0.87260 2.55028 1.46691
v 0.96953 2.62747 1.33516
v 0.92134 2.58040 1.38805
v 0.87315 2.62747 1.33516
v 1.09768 2.62914 1.41817
v 1.12947 2.62499 1.49758
v 0.99931 2.70543 1.28697
v 1.04894 2.65926 1.33931
v 1.18014 2.75763 1.41560
v 1.12780 2.70800 1.36943
v 1.13195 2.78741 1.33764
v 1.17654 2.67788 1.54577
v 1.20992 2.83560 1.46379
v 1.20666 2.75674 1.49703
v 1.20666 2.75674 1.59451
v 1.20992 2.83560 1.62775
v 1.00020 2.78686 1.83109
v 1.07906 2.83560 1.80097
v 1.00020 2.88434 1.83109
v 0.74500 2.62914 1.67337
v 0.79374 2.65926 1.75223
v 0.71488 2.70800 1.72211
v 0.79374 2.65926 1.33931
v 0.74500 2.62914 1.41817
v 0.71488 2.70800 1.36943
v 1.07906 2.83560 1.29057
v 1.00020 2.78686 1.26045
v 1.00020 2.88434 1.26045
v 1.20666 2.91446 1.59451
v 1.20666 2.91446 1.49703
v 1.17654 2.99332 1.54577
v -2.56982 2.00770 1.54577
v -2.25438 2.00770 1.54577
v -2.56982 1.49730 1.54577
v -2.25438 1.49730 1.54577
v -2.41210 1.59478 1.80097
v -2.41210 1.91022 1.80097
v -2.41210 1.59478 1.29057
v -2.41210 1.91022 1.29057
v -2.15690 1.75250 1.38805
v -2.15690 1.75250 1.70349
v -2.66730 1.75250 1.38805
v -2.66730 1.75250 1.70349
v -2.65481 1.90250 1.63848
v -2.56210 1.84521 1.78848
v -2.50481 1.99521 1.69577
v -2.31939 1.99521 1.69577
v -2.41210 2.05250 1.54577
v -2.31939 1.99521 1.39577
v -2.50481 1.99521 1.39577
v -2.56210 1.84521 1.30306
v -2.65481 1.90250 1.45306
v -2.71210 1.75250 1.54577
v -2.26210 1.84521 1.78848
v -2.16939 1.90250 1.63848
v -2.56210 1.65979 1.78848
v -2.41210 1.75250 1.84577
v -2.65481 1.60250 1.45306
v -2.65481 1.60250 1.63848
v -2.41210 1.75250 1.24577
v -2.56210 1.65979 1.30306
v -2.16939 1.90250 1.45306
v -2.26210 1.84521 1.30306
v -2.16939 1.60250 1.63848
v -2.26210 1.65979 1.78848
v -2.31939 1.50979 1.69577
v -2.50481 1.50979 1.69577
v -2.41210 1.45250 1.54577
v -2.50481 1.50979 1.39577
v -2.31939 1.50979 1.39577
v -2.26210 1.65979 1.30306
v -2.16939 1.60250 1.45306
v -2.11210 1.75250 1.54577
v -2.62023 1.96311 1.59396
v -2.58844 1.95896 1.67337
v -2.54227 2.01130 1.62374
v -2.62271 1.80069 1.75390
v -2.61856 1.88010 1.72211
v -2.67090 1.83047 1.67594
v -2.46029 1.96063 1.75638
v -2.53970 1.92884 1.75223
v -2.49007 1.88267 1.80457
v -2.46084 2.03782 1.62463
v -2.49408 2.04108 1.54577
v -2.36391 1.96063 1.75638
v -2.41210 2.00770 1.70349
v -2.33012 2.04108 1.54577
v -2.36336 2.03782 1.62463
v -2.28193 2.01130 1.62374
v -2.46084 2.03782 1.46691
v -2.54227 2.01130 1.46780
v -2.28193 2.01130 1.46780
v -2.36336 2.03782 1.46691
v -2.46029 1.96063 1.33516
v -2.41210 2.00770 1.38805
v -2.36391 1.96063 1.33516
v -2.58844 1.95896 1.41817
v -2.62023 1.96311 1.49758
v -2.49007 1.88267 1.28697
v -2.53970 1.92884 1.33931
v -2.67090 1.83047 1.41560
v -2.61856 1.88010 1.36943
v -2.62271 1.80069 1.33764
v -2.66730 1.91022 1.54577
v -2.70068 1.75250 1.46379
v -2.69742 1.83136 1.49703
v -2.69742 1.83136 1.59451
v -2.70068 1.75250 1.62775
v -2.23576 1.95896 1.67337
v -2.20397 1.96311 1.59396
v -2.33413 1.88267 1.80457
v -2.28450 1.92884 1.75223
v -2.15330 1.83047 1.67594
v -2.20564 1.88010 1.72211
v -2.20149 1.80069 1.75390
v -2.49096 1.80124 1.83109
v -2.41210 1.83448 1.83435
v -2.62271 1.70431 1.75390
v -2.56982 1.75250 1.80097
v -2.41210 1.67052 1.83435
v -2.49096 1.70376 1.83109
v -2.49007 1.62233 1.80457
v -2.69742 1.67364 1.59451
v -2.67090 1.67453 1.67594
v -2.67090 1.67453 1.41560
v -2.69742 1.67364 1.49703
v -2.62023 1.54189 1.59396
v -2.66730 1.59478 1.54577
v -2.62023 1.54189 1.49758
v -2.56982 1.75250 1.29057
v -2.62271 1.70431 1.33764
v -2.41210 1.83448 1.25719
v -2.49096 1.80124 1.26045
v -2.49007 1.62233 1.28697
v -2.49096 1.70376 1.26045
v -2.41210 1.67052 1.25719
v -2.28450 1.92884 1.33931
v -2.33413 1.88267 1.28697
v -2.20397 1.96311 1.49758
v -2.23576 1.95896 1.41817
v -2.20149 1.80069 1.33764
v -2.20564 1.88010 1.36943
v -2.15330 1.83047 1.41560
v -2.20397 1.54189 1.59396
v -2.23576 1.54604 1.67337
v -2.28193 1.49370 1.62374
v -2.20149 1.70431 1.75390
v -2.20564 1.62490 1.72211
v -2.15330 1.67453 1.67594
v -2.36391 1.54437 1.75638
v -2.28450 1.57616 1.75223
v -2.33413 1.62233 1.80457
v -2.36336 1.46718 1.62463
v -2.33012 1.46392 1.54577
v -2.46029 1.54437 1.75638
v -2.41210 1.49730 1.70349
v -2.49408 1.46392 1.54577
v -2.46084 1.46718 1.62463
v -2.54227 1.49370 1.62374
v -2.36336 1.46718 1.46691
v -2.28193 1.49370 1.46780
v -2.54227 1.49370 1.46780
v -2.46084 1.46718 1.46691
v -2.36391 1.54437 1.33516
v -2.41210 1.49730 1.38805
v -2.46029 1.54437 1.33516
v -2.23576 1.54604 1.41817
v -2.20397 1.54189 1.49758
v -2.33413 1.62233 1.28697
v -2.28450 1.57616 1.33931
v -2.15330 1.67453 1.41560
v -2.20564 1.62490 1.36943
v -2.20149 1.70431 1.33764
v -2.15690 1.59478 1.54577
v -2.12352 1.75250 1.46379
v -2.12678 1.67364 1.49703
v -2.12678 1.67364 1.59451
v -2.12352 1.75250 1.62775
v -2.33324 1.70376 1.83109
v -2.25438 1.75250 1.80097
v -2.33324 1.80124 1.83109
v -2.58844 1.54604 1.67337
v -2.53970 1.57616 1.75223
v -2.61856 1.62490 1.72211
v -2.53970 1.57616 1.33931
v -2.58844 1.54604 1.41817
v -2.61856 1.62490 1.36943
v -2.25438 1.75250 1.29057
v -2.33324 1.70376 1.26045
v -2.33324 1.80124 1.26045
v -2.12678 1.83136 1.59451
v -2.12678 1.83136 1.49703
v -2.15690 1.91022 1.54577
v -2.56982 -1.49730 1.54577
v -2.25438 -1.49730 1.54577
v -2.56982 -2.00770 1.54577
v -2.25438 -2.00770 1.54577
v -2.41210 -1.91022 1.80097
v -2.41210 -1.59478 1.80097
v -2.41210 -1.91022 1.29057
v -2.41210 -1.59478 1.29057
v -2.15690 -1.75250 1.38805
v -2.15690 -1.75250 1.70349
v -2.66730 -1.75250 1.38805
v -2.66730 -1.75250 1.70349
v -2.65481 -1.60250 1.63848
v -2.56210 -1.65979 1.78848
v -2.50481 -1.50979 1.69577
v -2.31939 -1.50979 1.69577
v -2.41210 -1.45250 1.54577
v -2.31939 -1.50979 1.39577
v -2.50481 -1.50979 1.39577
v -2.56210 -1.65979 1.30306
v -2.65481 -1.60250 1.45306
v -2.71210 -1.75250 1.54577
v -2.26210 -1.65979 1.78848
v -2.16939 -1.60250 1.63848
v -2.56210 -1.84521 1.78848
v -2.41210 -1.75250 1.84577
v -2.65481 -1.90250 1.45306
v -2.65481 -1.90250 1.63848
v -2.41210 -1.75250 1.24577
v -2.56210 -1.84521 1.30306
v -2.16939 -1.60250 1.45306
v -2.26210 -1.65979 1.30306
v -2.16939 -1.90250 1.63848
v -2.26210 -1.84521 1.78848
v -2.31939 -1.99521 1.69577
v -2.50481 -1.99521 1.69577
v -2.41210 -2.05250 1.54577
v -2.50481 -1.99521 1.39577
v -2.31939 -1.99521 1.39577
v -2.26210 -1.84521 1.30306
v -2.16939 -1.90250 1.45306
v -2.11210 -1.75250 1.54577
v -2.62023 -1.54189 1.59396
v -2.58844 -1.54604 1.67337
v -2.54227 -1.49370 1.62374
v -2.62271 -1.70431 1.75390
v -2.61856 -1.62490 1.72211
v -2.67090 -1.67453 1.67594
v -2.46029 -1.54437 1.75638
v -2.53970 -1.57616 1.75223
v -2.49007 -1.62233 1.80457
v -2.46084 -1.46718 1.62463
v -2.49408 -1.46392 1.54577
v -2.36391 -1.54437 1.75638
v -2.41210 -1.49730 1.70349
v -2.33012 -1.46392 1.54577
v -2.36336 -1.46718 1.62463
v -2.28193 -1.49370 1.62374
v -2.46084 -1.46718 1.46691
v -2.54227 -1.49370 1.46780
v -2.28193 -1.49370 1.46780
v -2.36336 -1.46718 1.46691
v -2.46029 -1.54437 1.33516
v -2.41210 -1.49730 1.38805
v -2.36391 -1.54437 1.33516
v -2.58844 -1.54604 1.41817
v -2.62023 -1.54189 1.49758
v -2.49007 -1.62233 1.28697
v -2.53970 -1.57616 1.33931
v -2.67090 -1.67453 1.41560
v -2.61856 -1.62490 1.36943
v -2.62271 -1.70431 1.33764
v -2.66730 -1.59478 1.54577
v -2.70068 -1.75250 1.46379
v -2.69742 -1.67364 1.49703
v -2.69742 -1.67364 1.59451
v -2.70068 -1.75250 1.62775
v -2.23576 -1.54604 1.67337
v -2.20397 -1.54189 1.59396
v -2.33413 -1.62233 1.80457
v -2.28450 -1.57616 1.75223
v -2.15330 -1.67453 1.67594
v -2.20564 -1.62490 1.72211
v -2.20149 -1.70431 1.75390
v -2.49096 -1.70376 1.83109
v -2.41210 -1.67052 1.83435
v -2.62271 -1.80069 1.75390
v -2.56982 -1.75250 1.80097
v -2.41210 -1.83448 1.83435
v -2.49096 -1.80124 1.83109
v -2.49007 -1.88267 1.80457
v -2.69742 -1.83136 1.59451
v -2.67090 -1.83047 1.67594
v -2.67090 -1.83047 1.41560
v -2.69742 -1.83136 1.49703
v -2.62023 -1.96311 1.59396
v -2.66730 -1.91022 1.54577
v -2.62023 -1.96311 1.49758
v -2.56982 -1.75250 1.29057
v -2.62271 -1.80069 1.33764
v -2.41210 -1.67052 1.25719
v -2.49096 -1.70376 1.26045
v -2.49007 -1.88267 1.28697
v -2.49096 -1.80124 1.26045
v -2.41210 -1.83448 1.25719
v -2.28450 -1.57616 1.33931
v -2.33413 -1.62233 1.28697
v -2.20397 -1.54189 1.49758
v -2.23576 -1.54604 1.41817
v -2.20149 -1.70431 1.33764
v -2.20564 -1.62490 1.36943
v -2.15330 -1.67453 1.41560
v -2.20397 -1.96311 1.59396
v -2.23576 -1.95896 1.67337
v -2.28193 -2.01130 1.62374
v -2.20149 -1.80069 1.75390
v -2.20564 -1.88010 1.72211
v -2.15330 -1.83047 1.67594
v -2.36391 -1.96063 1.75638
v -2.28450 -1.92884 1.75223
v -2.33413 -1.88267 1.80457
v -2.36336 -2.03782 1.62463
v -2.33012 -2.04108 1.54577
v -2.46029 -1.96063 1.75638
v -2.41210 -2.00770 1.70349
v -2.49408 -2.04108 1.54577
v -2.46084 -2.03782 1.62463
v -2.54227 -2.01130 1.62374
v -2.36336 -2.03782 1.46691
v -2.28193 -2.01130 1.46780
v -2.54227 -2.01130 1.46780
v -2.46084 -2.03782 1.46691
v -2.36391 -1.96063 1.33516
v -2.41210 -2.00770 1.38805
v -2.46029 -1.96063 1.33516
v -2.23576 -1.95896 1.41817
v -2.20397 -1.96311 1.49758
v -2.33413 -1.88267 1.28697
v -2.28450 -1.92884 1.33931
v -2.15330 -1.83047 1.41560
v -2.20564 -1.88010 1.36943
v -2.20149 -1.80069 1.33764
v -2.15690 -1.91022 1.54577
v -2.12352 -1.75250 1.46379
v -2.12678 -1.83136 1.49703
v -2.12678 -1.83136 1.59451
v -2.12352 -1.75250 1.62775
v -2.33324 -1.80124 1.83109
v -2.25438 -1.75250 1.80097
v -2.33324 -1.70376 1.83109
v -2.58844 -1.95896 1.67337
v -2.53970 -1.92884 1.75223
v -2.61856 -1.88010 1.72211
v -2.53970 -1.92884 1.33931
v -2.58844 -1.95896 1.41817
v -2.61856 -1.88010 1.36943
v -2.25438 -1.75250 1.29057
v -2.33324 -1.80124 1.26045
v -2.33324 -1.70376 1.26045
v -2.12678 -1.67364 1.59451
v -2.12678 -1.67364 1.49703
v -2.15690 -1.59478 1.54577
v 0.76362 -2.58040 1.54577
v 1.07906 -2.58040 1.54577
v 0.76362 -3.09080 1.54577
v 1.07906 -3.09080 1.54577
v 0.92134 -2.99332 1.80097
v 0.92134 -2.67788 1.80097
v 0.92134 -2.99332 1.29057
v 0.92134 -2.67788 1.29057
v 1.17654 -2.83560 1.38805
v 1.17654 -2.83560 1.70349
v 0.66614 -2.83560 1.38805
v 0.66614 -2.83560 1.70349
v 0.67863 -2.68560 1.63848
v 0.77134 -2.74289 1.78848
v 0.82863 -2.59289 1.69577
v 1.01405 -2.59289 1.69577
v 0.92134 -2.53560 1.54577
v 1.01405 -2.59289 1.39577
v 0.82863 -2.59289 1.39577
v 0.77134 -2.74289 1.30306
v 0.67863 -2.68560 1.45306
v 0.62134 -2.83560 1.54577
v 1.07134 -2.74289 1.78848
v 1.16405 -2.68560 1.63848
v 0.77134 -2.92831 1.78848
v 0.92134 -2.83560 1.84577
v 0.67863 -2.98560 1.45306
v 0.67863 -2.98560 1.63848
v 0.92134 -2.83560 1.24577
v 0.77134 -2.92831 1.30306
v 1.16405 -2.68560 1.45306
v 1.07134 -2.74289 1.30306
v 1.16405 -2.98560 1.63848
v 1.07134 -2.92831 1.78848
v 1.01405 -3.07831 1.69577
v 0.82863 -3.07831 1.69577
v 0.92134 -3.13560 1.54577
v 0.82863 -3.07831 1.39577
v 1.01405 -3.07831 1.39577
v 1.07134 -2.92831 1.30306
v 1.16405 -2.98560 1.45306
v 1.22134 -2.83560 1.54577
v 0.71321 -2.62499 1.59396
v 0.74500 -2.62914 1.67337
v 0.79117 -2.57680 1.62374
v 0.71073 -2.78741 1.75390
v 0.71488 -2.70800 1.72211
v 0.66254 -2.75763 1.67594
v 0.87315 -2.62747 1.75638
v 0.79374 -2.65926 1.75223
v 0.84337 -2.70543 1.80457
v 0.87260 -2.55028 1.62463
v 0.83936 -2.54702 1.54577
v 0.96953 -2.62747 1.75638
v 0.92134 -2.58040 1.70349
v 1.00332 -2.54702 1.54577
v 0.97008 -2.55028 1.62463
v 1.05151 -2.57680 1.62374
v 0.87260 -2.55028 1.46691
v 0.79117 -2.57680 1.46780
v 1.05151 -2.57680 1.46780
v 0.97008 -2.55028 1.46691
v 0.87315 -2.62747 1.33516
v 0.92134 -2.58040 1.38805
v 0.96953 -2.62747 1.33516
v 0.74500 -2.62914 1.41817
v 0.71321 -2.62499 1.49758
v 0.84337 -2.70543 1.28697
v 0.79374 -2.65926 1.33931
v 0.66254 -2.75763 1.41560
v 0.71488 -2.70800 1.36943
v 0.71073 -2.78741 1.33764
v 0.66614 -2.67788 1.54577
v 0.63276 -2.83560 1.46379
v 0.63602 -2.75674 1.49703
v 0.63602 -2.75674 1.59451
v 0.63276 -2.83560 1.62775
v 1.09768 -2.62914 1.67337
v 1.12947 -2.62499 1.59396
v 0.99931 -2.70543 1.80457
v 1.04894 -2.65926 1.75223
v 1.18014 -2.75763 1.67594
v 1.12780 -2.70800 1.72211
v 1.13195 -2.78741 1.75390
v 0.84248 -2.78686 1.83109
v 0.92134 -2.75362 1.83435
v 0.71073 -2.88379 1.75390
v 0.76362 -2.83560 1.80097
v 0.92134 -2.91758 1.83435
v 0.84248 -2.88434 1.83109
v 0.84337 -2.96577 1.80457
v 0.63602 -2.91446 1.59451
v 0.66254 -2.91357 1.67594
v 0.66254 -2.91357 1.41560
v 0.63602 -2.91446 1.49703
v 0.71321 -3.04621 1.59396
v 0.66614 -2.99332 1.54577
v 0.71321 -3.04621 1.49758
v 0.76362 -2.83560 1.29057
v 0.71073 -2.88379 1.33764
v 0.92134 -2.75362 1.25719
v 0.84248 -2.78686 1.26045
v 0.84337 -2.96577 1.28697
v 0.84248 -2.88434 1.26045
v 0.92134 -2.91758 1.25719
v 1.04894 -2.65926 1.33931
v 0.99931 -2.70543 1.28697
v 1.12947 -2.62499 1.49758
v 1.09768 -2.62914 1.41817
v 1.13195 -2.78741 1.33764
v 1.12780 -2.70800 1.36943
v 1.18014 -2.75763 1.41560
v 1.12947 -3.04621 1.59396
v 1.09768 -3.04206 1.67337
v 1.05151 -3.09440 1.62374
v 1.13195 -2.88379 1.75390
v 1.12780 -2.96320 1.72211
v 1.18014 -2.91357 1.67594
v 0.96953 -3.04373 1.75638
v 1.04894 -3.01194 1.75223
v 0.99931 -2.96577 1.80457
v 0.97008 -3.12092 1.62463
v 1.00332 -3.12418 1.54577
v 0.87315 -3.04373 1.75638
v 0.92134 -3.09080 1.70349
v 0.83936 -3.12418 1.54577
v 0.87260 -3.12092 1.62463
v 0.79117 -3.09440 1.62374
v 0.97008 -3.12092 1.46691
v 1.05151 -3.09440 1.46780
v 0.79117 -3.09440 1.46780
v 0.87260 -3.12092 1.46691
v 0.96953 -3.04373 1.33516
v 0.92134 -3.09080 1.38805
v 0.87315 -3.04373 1.33516
v 1.09768 -3.04206 1.41817
v 1.12947 -3.04621 1.49758
v 0.99931 -2.96577 1.28697
v 1.04894 -3.01194 1.33931
v 1.18014 -2.91357 1.41560
v 1.12780 -2.96320 1.36943
v 1.13195 -2.88379 1.33764
v 1.17654 -2.99332 1.54577
v 1.20992 -2.83560 1.46379
v 1.20666 -2.91446 1.49703
v 1.20666 -2.91446 1.59451
v 1.20992 -2.83560 1.62775
v 1.00020 -2.88434 1.83109
v 1.07906 -2.83560 1.80097
v 1.00020 -2.78686 1.83109
v 0.74500 -3.04206 1.67337
v 0.79374 -3.01194 1.75223
v 0.71488 -2.96320 1.72211
v 0.79374 -3.01194 1.33931
v 0.74500 -3.04206 1.41817
v 0.71488 -2.96320 1.36943
v 1.07906 -2.83560 1.29057
v 1.00020 -2.88434 1.26045
v 1.00020 -2.78686 1.26045
v 1.20666 -2.75674 1.59451
v 1.20666 -2.75674 1.49703
v 1.17654 -2.67788 1.54577
v 2.36093 0.25520 -0.27373
v 2.67637 0.25520 -0.27373
v 2.36093 -0.25520 -0.27373
v 2.67637 -0.25520 -0.27373
v 2.51865 -0.15772 -0.01853
v 2.51865 0.15772 -0.01853
v 2.51865 -0.15772 -0.52893
v 2.51865 0.15772 -0.52893
v 2.77385 0.00000 -0.43145
v 2.77385 0.00000 -0.11601
v 2.26345 0.00000 -0.43145
v 2.26345 0.00000 -0.11601
v 2.27594 0.15000 -0.18102
v 2.36865 0.09271 -0.03102
v 2.42594 0.24271 -0.12373
v 2.61136 0.24271 -0.12373
v 2.51865 0.30000 -0.27373
v 2.61136 0.24271 -0.42373
v 2.42594 0.24271 -0.42373
v 2.36865 0.09271 -0.51644
v 2.27594 0.15000 -0.36644
v 2.21865 0.00000 -0.27373
v 2.66865 0.09271 -0.03102
v 2.76136 0.15000 -0.18102
v 2.36865 -0.09271 -0.03102
v 2.51865 0.00000 0.02627
v 2.27594 -0.15000 -0.36644
v 2.27594 -0.15000 -0.18102
v 2.51865 0.00000 -0.57373
v 2.36865 -0.09271 -0.51644
v 2.76136 0.15000 -0.36644
v 2.66865 0.09271 -0.51644
v 2.76136 -0.15000 -0.18102
v 2.66865 -0.09271 -0.03102
v 2.61136 -0.24271 -0.12373
v 2.42594 -0.24271 -0.12373
v 2.51865 -0.30000 -0.27373
v 2.42594 -0.24271 -0.42373
v 2.61136 -0.24271 -0.42373
v 2.66865 -0.09271 -0.51644
v 2.76136 -0.15000 -0.36644
v 2.81865 0.00000 -0.27373
v 2.31052 0.21061 -0.22554
v 2.34231 0.20646 -0.14613
v 2.38848 0.25880 -0.19576
v 2.30804 0.04819 -0.06560
v 2.31219 0.12760 -0.09739
v 2.25985 0.07797 -0.14356
v 2.47046 0.20813 -0.06312
v 2.39105 0.17634 -0.06727
v 2.44068 0.13017 -0.01493
v 2.46991 0.28532 -0.19487
v 2.43667 0.28858 -0.27373
v 2.56684 0.20813 -0.06312
v 2.51865 0.25520 -0.11601
v 2.60063 0.28858 -0.27373
v 2.56739 0.28532 -0.19487
v 2.64882 0.25880 -0.19576
v 2.46991 0.28532 -0.35259
v 2.38848 0.25880 -0.35170
v 2.64882 0.25880 -0.35170
v 2.56739 0.28532 -0.35259
v 2.47046 0.20813 -0.48434
v 2.51865 0.25520 -0.43145
v 2.56684 0.20813 -0.48434
v 2.34231 0.20646 -0.40133
v 2.31052 0.21061 -0.32192
v 2.44068 0.13017 -0.53253
v 2.39105 0.17634 -0.48019
v 2.25985 0.07797 -0.40390
v 2.31219 0.12760 -0.45007
v 2.30804 0.04819 -0.48186
v 2.26345 0.15772 -0.27373
v 2.23007 0.00000 -0.35571
v 2.23333 0.07886 -0.32247
v 2.23333 0.07886 -0.22499
v 2.23007 0.00000 -0.19175
v 2.69499 0.20646 -0.14613
v 2.72678 0.21061 -0.22554
v 2.59662 0.13017 -0.01493
v 2.64625 0.17634 -0.06727
v 2.77745 0.07797 -0.14356
v 2.72511 0.12760 -0.09739
v 2.72926 0.04819 -0.06560
v 2.43979 0.04874 0.01159
v 2.51865 0.08198 0.01485
v 2.30804 -0.04819 -0.06560
v 2.36093 0.00000 -0.01853
v 2.51865 -0.08198 0.01485
v 2.43979 -0.04874 0.01159
v 2.44068 -0.13017 -0.01493
v 2.23333 -0.07886 -0.22499
v 2.25985 -0.07797 -0.14356
v 2.25985 -0.07797 -0.40390
v 2.23333 -0.07886 -0.32247
v 2.31052 -0.21061 -0.22554
v 2.26345 -0.15772 -0.27373
v 2.31052 -0.21061 -0.32192
v 2.36093 0.00000 -0.52893
v 2.30804 -0.04819 -0.48186
v 2.51865 0.08198 -0.56231
v 2.43979 0.04874 -0.55905
v 2.44068 -0.13017 -0.53253
v 2.43979 -0.04874 -0.55905
v 2.51865 -0.08198 -0.56231
v 2.64625 0.17634 -0.48019
v 2.59662 0.13017 -0.53253
v 2.72678 0.21061 -0.32192
v 2.69499 0.20646 -0.40133
v 2.72926 0.04819 -0.48186
v 2.72511 0.12760 -0.45007
v 2.77745 0.07797 -0.40390
v 2.72678 -0.21061 -0.22554
v 2.69499 -0.20646 -0.14613
v 2.64882 -0.25880 -0.19576
v 2.72926 -0.04819 -0.06560
v 2.72511 -0.12760 -0.09739
v 2.77745 -0.07797 -0.14356
v 2.56684 -0.20813 -0.06312
v 2.64625 -0.17634 -0.06727
v 2.59662 -0.13017 -0.01493
v 2.56739 -0.28532 -0.19487
v 2.60063 -0.28858 -0.27373
v 2.47046 -0.20813 -0.06312
v 2.51865 -0.25520 -0.11601
v 2.43667 -0.28858 -0.27373
v 2.46991 -0.28532 -0.19487
v 2.38848 -0.25880 -0.19576
v 2.56739 -0.28532 -0.35259
v 2.64882 -0.25880 -0.35170
v 2.38848 -0.25880 -0.35170
v 2.46991 -0.28532 -0.35259
v 2.56684 -0.20813 -0.48434
v 2.51865 -0.25520 -0.43145
v 2.47046 -0.20813 -0.48434
v 2.69499 -0.20646 -0.40133
v 2.72678 -0.21061 -0.32192
v 2.59662 -0.13017 -0.53253
v 2.64625 -0.17634 -0.48019
v 2.77745 -0.07797 -0.40390
v 2.72511 -0.12760 -0.45007
v 2.72926 -0.04819 -0.48186
v 2.77385 -0.15772 -0.27373
v 2.80723 0.00000 -0.35571
v 2.80397 -0.07886 -0.32247
v 2.80397 -0.07886 -0.22499
v 2.80723 0.00000 -0.19175
v 2.59751 -0.04874 0.01159
v 2.67637 0.00000 -0.01853
v 2.59751 0.04874 0.01159
v 2.34231 -0.20646 -0.14613
v 2.39105 -0.17634 -0.06727
v 2.31219 -0.12760 -0.09739
v 2.39105 -0.17634 -0.48019
v 2.34231 -0.20646 -0.40133
v 2.31219 -0.12760 -0.45007
v 2.67637 0.00000 -0.52893
v 2.59751 -0.04874 -0.55905
v 2.59751 0.04874 -0.55905
v 2.80397 0.07886 -0.22499
v 2.80397 0.07886 -0.32247
v 2.77385 0.15772 -0.27373
v 0.62059 2.65058 -0.27373
v 0.93603 2.65058 -0.27373
v 0.62059 2.14018 -0.27373
v 0.93603 2.14018 -0.27373
v 0.77831 2.23766 -0.01853
v 0.77831 2.55310 -0.01853
v 0.77831 2.23766 -0.52893
v 0.77831 2.55310 -0.52893
v 1.03351 2.39538 -0.43145
v 1.03351 2.39538 -0.11601
v 0.52311 2.39538 -0.43145
v 0.52311 2.39538 -0.11601
v 0.53560 2.54538 -0.18102
v 0.62831 2.48809 -0.03102
v 0.68560 2.63809 -0.12373
v 0.87102 2.63809 -0.12373
v 0.77831 2.69538 -0.27373
v 0.87102 2.63809 -0.42373
v 0.68560 2.63809 -0.42373
v 0.62831 2.48809 -0.51644
v 0.53560 2.54538 -0.36644
v 0.47831 2.39538 -0.27373
v 0.92831 2.48809 -0.03102
v 1.02102 2.54538 -0.18102
v 0.62831 2.30267 -0.03102
v 0.77831 2.39538 0.02627
v 0.53560 2.24538 -0.36644
v 0.53560 2.24538 -0.18102
v 0.77831 2.39538 -0.57373
v 0.62831 2.30267 -0.51644
v 1.02102 2.54538 -0.36644
v 0.92831 2.48809 -0.51644
v 1.02102 2.24538 -0.18102
v 0.92831 2.30267 -0.03102
v 0.87102 2.15267 -0.12373
v 0.68560 2.15267 -0.12373
v 0.77831 2.09538 -0.27373
v 0.68560 2.15267 -0.42373
v 0.87102 2.15267 -0.42373
v 0.92831 2.30267 -0.51644
v 1.02102 2.24538 -0.36644
v 1.07831 2.39538 -0.27373
v 0.57018 2.60599 -0.22554
v 0.60197 2.60184 -0.14613
v 0.64814 2.65418 -0.19576
v 0.56770 2.44357 -0.06560
v 0.57185 2.52298 -0.09739
v 0.51951 2.47335 -0.14356
v 0.73012 2.60351 -0.06312
v 0.65071 2.57172 -0.06727
v 0.70034 2.52555 -0.01493
v 0.72957 2.68070 -0.19487
v 0.69633 2.68396 -0.27373
v 0.82650 2.60351 -0.06312
v 0.77831 2.65058 -0.11601
v 0.86029 2.68396 -0.27373
v 0.82705 2.68070 -0.19487
v 0.90848 2.65418 -0.19576
v 0.72957 2.68070 -0.35259
v 0.64814 2.65418 -0.35170
v 0.90848 2.65418 -0.35170
v 0.82705 2.68070 -0.35259
v 0.73012 2.60351 -0.48434
v 0.77831 2.65058 -0.43145
v 0.82650 2.60351 -0.48434
v 0.60197 2.60184 -0.40133
v 0.57018 2.60599 -0.32192
v 0.70034 2.52555 -0.53253
v 0.65071 2.57172 -0.48019
v 0.51951 2.47335 -0.40390
v 0.57185 2.52298 -0.45007
v 0.56770 2.44357 -0.48186
v 0.52311 2.55310 -0.27373
v 0.48973 2.39538 -0.35571
v 0.49299 2.47424 -0.32247
v 0.49299 2.47424 -0.22499
v 0.48973 2.39538 -0.19175
v 0.95465 2.60184 -0.14613
v 0.98644 2.60599 -0.22554
v 0.85628 2.52555 -0.01493
v 0.90591 2.57172 -0.06727
v 1.03711 2.47335 -0.14356
v 0.98477 2.52298 -0.09739
v 0.98892 2.44357 -0.06560
v 0.69945 2.44412 0.01159
v 0.77831 2.47736 0.01485
v 0.56770 2.34719 -0.06560
v 0.62059 2.39538 -0.01853
v 0.77831 2.31340 0.01485
v 0.69945 2.34664 0.01159
v 0.70034 2.26521 -0.01493
v 0.49299 2.31652 -0.22499
v 0.51951 2.31741 -0.14356
v 0.51951 2.31741 -0.40390
v 0.49299 2.31652 -0.32247
v 0.57018 2.18477 -0.22554
v 0.52311 2.23766 -0.27373
v 0.57018 2.18477 -0.32192
v 0.62059 2.39538 -0.52893
v 0.56770 2.34719 -0.48186
v 0.77831 2.47736 -0.56231
v 0.69945 2.44412 -0.55905
v 0.70034 2.26521 -0.53253
v 0.69945 2.34664 -0.55905
v 0.77831 2.31340 -0.56231
v 0.90591 2.57172 -0.48019
v 0.85628 2.52555 -0.53253
v 0.98644 2.60599 -0.32192
v 0.95465 2.60184 -0.40133
v 0.98892 2.44357 -0.48186
v 0.98477 2.52298 -0.45007
v 1.03711 2.47335 -0.40390
v 0.98644 2.18477 -0.22554
v 0.95465 2.18892 -0.14613
v 0.90848 2.13658 -0.19576
v 0.98892 2.34719 -0.06560
v 0.98477 2.26778 -0.09739
v 1.03711 2.31741 -0.14356
v 0.82650 2.18725 -0.06312
v 0.90591 2.21904 -0.06727
v 0.85628 2.26521 -0.01493
v 0.82705 2.11006 -0.19487
v 0.86029 2.10680 -0.27373
v 0.73012 2.18725 -0.06312
v 0.77831 2.14018 -0.11601
v 0.69633 2.10680 -0.27373
v 0.72957 2.11006 -0.19487
v 0.64814 2.13658 -0.19576
v 0.82705 2.11006 -0.35259
v 0.90848 2.13658 -0.35170
v 0.64814 2.13658 -0.35170
v 0.72957 2.11006 -0.35259
v 0.82650 2.18725 -0.48434
v 0.77831 2.14018 -0.43145
v 0.73012 2.18725 -0.48434
v 0.95465 2.18892 -0.40133
v 0.98644 2.18477 -0.32192
v 0.85628 2.26521 -0.53253
v 0.90591 2.21904 -0.48019
v 1.03711 2.31741 -0.40390
v 0.98477 2.26778 -0.45007
v 0.98892 2.34719 -0.48186
v 1.03351 2.23766 -0.27373
v 1.06689 2.39538 -0.35571
v 1.06363 2.31652 -0.32247
v 1.06363 2.31652 -0.22499
v 1.06689 2.39538 -0.19175
v 0.85717 2.34664 0.01159
v 0.93603 2.39538 -0.01853
v 0.85717 2.44412 0.01159
v 0.60197 2.18892 -0.14613
v 0.65071 2.21904 -0.06727
v 0.57185 2.26778 -0.09739
v 0.65071 2.21904 -0.48019
v 0.60197 2.18892 -0.40133
v 0.57185 2.26778 -0.45007
v 0.93603 2.39538 -0.52893
v 0.85717 2.34664 -0.55905
v 0.85717 2.44412 -0.55905
v 1.06363 2.47424 -0.22499
v 1.06363 2.47424 -0.32247
v 1.03351 2.55310 -0.27373
v -2.19535 1.73563 -0.27373
v -1.87991 1.73563 -0.27373
v -2.19535 1.22523 -0.27373
v -1.87991 1.22523 -0.27373
v -2.03763 1.32271 -0.01853
v -2.03763 1.63815 -0.01853
v -2.03763 1.32271 -0.52893
v -2.03763 1.63815 -0.52893
v -1.78243 1.48043 -0.43145
v -1.78243 1.48043 -0.11601
v -2.29283 1.48043 -0.43145
v -2.29283 1.48043 -0.11601
v -2.28034 1.63043 -0.18102
v -2.18763 1.57314 -0.03102
v -2.13034 1.72314 -0.12373
v -1.94492 1.72314 -0.12373
v -2.03763 1.78043 -0.27373
v -1.94492 1.72314 -0.42373
v -2.13034 1.72314 -0.42373
v -2.18763 1.57314 -0.51644
v -2.28034 1.63043 -0.36644
v -2.33763 1.48043 -0.27373
v -1.88763 1.57314 -0.03102
v -1.79492 1.63043 -0.18102
v -2.18763 1.38772 -0.03102
v -2.03763 1.48043 0.02627
v -2.28034 1.33043 -0.36644
v -2.28034 1.33043 -0.18102
v -2.03763 1.48043 -0.57373
v -2.18763 1.38772 -0.51644
v -1.79492 1.63043 -0.36644
v -1.88763 1.57314 -0.51644
v -1.79492 1.33043 -0.18102
v -1.88763 1.38772 -0.03102
v -1.94492 1.23772 -0.12373
v -2.13034 1.23772 -0.12373
v -2.03763 1.18043 -0.27373
v -2.13034 1.23772 -0.42373
v -1.94492 1.23772 -0.42373
v -1.88763 1.38772 -0.51644
v -1.79492 1.33043 -0.36644
v -1.73763 1.48043 -0.27373
v -2.24576 1.69104 -0.22554
v -2.21397 1.68689 -0.14613
v -2.16780 1.73923 -0.19576
v -2.24824 1.52862 -0.06560
v -2.24409 1.60803 -0.09739
v -2.29643 1.55840 -0.14356
v -2.08582 1.68856 -0.06312
v -2.16523 1.65677 -0.06727
v -2.11560 1.61060 -0.01493
v -2.08637 1.76575 -0.19487
v -2.11961 1.76901 -0.27373
v -1.98944 1.68856 -0.06312
v -2.03763 1.73563 -0.11601
v -1.95565 1.76901 -0.27373
v -1.98889 1.76575 -0.19487
v -1.90746 1.73923 -0.19576
v -2.08637 1.76575 -0.35259
v -2.16780 1.73923 -0.35170
v -1.90746 1.73923 -0.35170
v -1.98889 1.76575 -0.35259
v -2.08582 1.68856 -0.48434
v -2.03763 1.73563 -0.43145
v -1.98944 1.68856 -0.48434
v -2.21397 1.68689 -0.40133
v -2.24576 1.69104 -0.32192
v -2.11560 1.61060 -0.53253
v -2.16523 1.65677 -0.48019
v -2.29643 1.55840 -0.40390
v -2.24409 1.60803 -0.45007
v -2.24824 1.52862 -0.48186
v -2.29283 1.63815 -0.27373
v -2.32621 1.48043 -0.35571
v -2.32295 1.55929 -0.32247
v -2.32295 1.55929 -0.22499
v -2.32621 1.48043 -0.19175
v -1.86129 1.68689 -0.14613
v -1.82950 1.69104 -0.22554
v -1.95966 1.61060 -0.01493
v -1.91003 1.65677 -0.06727
v -1.77883 1.55840 -0.14356
v -1.83117 1.60803 -0.09739
v -1.82702 1.52862 -0.06560
v -2.11649 1.52917 0.01159
v -2.03763 1.56241 0.01485
v -2.24824 1.43224 -0.06560
v -2.19535 1.48043 -0.01853
v -2.03763 1.39845 0.01485
v -2.11649 1.43169 0.01159
v -2.11560 1.35026 -0.01493
v -2.32295 1.40157 -0.22499
v -2.29643 1.40246 -0.14356
v -2.29643 1.40246 -0.40390
v -2.32295 1.40157 -0.32247
v -2.24576 1.26982 -0.22554
v -2.29283 1.32271 -0.27373
v -2.24576 1.26982 -0.32192
v -2.19535 1.48043 -0.52893
v -2.24824 1.43224 -0.48186
v -2.03763 1.56241 -0.56231
v -2.11649 1.52917 -0.55905
v -2.11560 1.35026 -0.53253
v -2.11649 1.43169 -0.55905
v -2.03763 1.39845 -0.56231
v -1.91003 1.65677 -0.48019
v -1.95966 1.61060 -0.53253
v -1.82950 1.69104 -0.32192
v -1.86129 1.68689 -0.40133
v -1.82702 1.52862 -0.48186
v -1.83117 1.60803 -0.45007
v -1.77883 1.55840 -0.40390
v -1.82950 1.26982 -0.22554
v -1.86129 1.27397 -0.14613
v -1.90746 1.22163 -0.19576
v -1.82702 1.43224 -0.06560
v -1.83117 1.35283 -0.09739
v -1.77883 1.40246 -0.14356
v -1.98944 1.27230 -0.06312
v -1.91003 1.30409 -0.06727
v -1.95966 1.35026 -0.01493
v -1.98889 1.19511 -0.19487
v -1.95565 1.19185 -0.27373
v -2.08582 1.27230 -0.06312
v -2.03763 1.22523 -0.11601
v -2.11961 1.19185 -0.27373
v -2.08637 1.19511 -0.19487
v -2.16780 1.22163 -0.19576
v -1.98889 1.19511 -0.35259
v -1.90746 1.22163 -0.35170
v -2.16780 1.22163 -0.35170
v -2.08637 1.19511 -0.35259
v -1.98944 1.27230 -0.48434
v -2.03763 1.22523 -0.43145
v -2.08582 1.27230 -0.48434
v -1.86129 1.27397 -0.40133
v -1.82950 1.26982 -0.32192
v -1.95966 1.35026 -0.53253
v -1.91003 1.30409 -0.48019
v -1.77883 1.40246 -0.40390
v -1.83117 1.35283 -0.45007
v -1.82702 1.43224 -0.48186
v -1.78243 1.32271 -0.27373
v -1.74905 1.48043 -0.35571
v -1.75231 1.40157 -0.32247
v -1.75231 1.40157 -0.22499
v -1.74905 1.48043 -0.19175
v -1.95877 1.43169 0.01159
v -1.87991 1.48043 -0.01853
v -1.95877 1.52917 0.01159
v -2.21397 1.27397 -0.14613
v -2.16523 1.30409 -0.06727
v -2.24409 1.35283 -0.09739
v -2.16523 1.30409 -0.48019
v -2.21397 1.27397 -0.40133
v -2.24409 1.35283 -0.45007
v -1.87991 1.48043 -0.52893
v -1.95877 1.43169 -0.55905
v -1.95877 1.52917 -0.55905
v -1.75231 1.55929 -0.22499
v -1.75231 1.55929 -0.32247
v -1.78243 1.63815 -0.27373
v -2.19535 -1.22523 -0.27373
v -1.87991 -1.22523 -0.27373
v -2.19535 -1.73563 -0.27373
v -1.87991 -1.73563 -0.27373
v -2.03763 -1.63815 -0.01853
v -2.03763 -1.32271 -0.01853
v -2.03763 -1.63815 -0.52893
v -2.03763 -1.32271 -0.52893
v -1.78243 -1.48043 -0.43145
v -1.78243 -1.48043 -0.11601
v -2.29283 -1.48043 -0.43145
v -2.29283 -1.48043 -0.11601
v -2.28034 -1.33043 -0.18102
v -2.18763 -1.38772 -0.03102
v -2.13034 -1.23772 -0.12373
v -1.94492 -1.23772 -0.12373
v -2.03763 -1.18043 -0.27373
v -1.94492 -1.23772 -0.42373
v -2.13034 -1.23772 -0.42373
v -2.18763 -1.38772 -0.51644
v -2.28034 -1.33043 -0.36644
v -2.33763 -1.48043 -0.27373
v -1.88763 -1.38772 -0.03102
v -1.79492 -1.33043 -0.18102
v -2.18763 -1.57314 -0.03102
v -2.03763 -1.48043 0.02627
v -2.28034 -1.63043 -0.36644
v -2.28034 -1.63043 -0.18102
v -2.03763 -1.48043 -0.57373
v -2.18763 -1.57314 -0.51644
v -1.79492 -1.33043 -0.36644
v -1.88763 -1.38772 -0.51644
v -1.79492 -1.63043 -0.18102
v -1.88763 -1.57314 -0.03102
v -1.94492 -1.72314 -0.12373
v -2.13034 -1.72314 -0.12373
v -2.03763 -1.78043 -0.27373
v -2.13034 -1.72314 -0.42373
v -1.94492 -1.72314 -0.42373
v -1.88763 -1.57314 -0.51644
v -1.79492 -1.63043 -0.36644
v -1.73763 -1.48043 -0.27373
v -2.24576 -1.26982 -0.22554
v -2.21397 -1.27397 -0.14613
v -2.16780 -1.22163 -0.19576
v -2.24824 -1.43224 -0.06560
v -2.24409 -1.35283 -0.09739
v -2.29643 -1.40246 -0.14356
v -2.08582 -1.27230 -0.06312
v -2.16523 -1.30409 -0.06727
v -2.11560 -1.35026 -0.01493
v -2.08637 -1.19511 -0.19487
v -2.11961 -1.19185 -0.27373
v -1.98944 -1.27230 -0.06312
v -2.03763 -1.22523 -0.11601
v -1.95565 -1.19185 -0.27373
v -1.98889 -1.19511 -0.19487
v -1.90746 -1.22163 -0.19576
v -2.08637 -1.19511 -0.35259
v -2.16780 -1.22163 -0.35170
v -1.90746 -1.22163 -0.35170
v -1.98889 -1.19511 -0.35259
v -2.08582 -1.27230 -0.48434
v -2.03763 -1.22523 -0.43145
v -1.98944 -1.27230 -0.48434
v -2.21397 -1.27397 -0.40133
v -2.24576 -1.26982 -0.32192
v -2.11560 -1.35026 -0.53253
v -2.16523 -1.30409 -0.48019
v -2.29643 -1.40246 -0.40390
v -2.24409 -1.35283 -0.45007
v -2.24824 -1.43224 -0.48186
v -2.29283 -1.32271 -0.27373
v -2.32621 -1.48043 -0.35571
v -2.32295 -1.40157 -0.32247
v -2.32295 -1.40157 -0.22499
v -2.32621 -1.48043 -0.19175
v -1.86129 -1.27397 -0.14613
v -1.82950 -1.26982 -0.22554
v -1.95966 -1.35026 -0.01493
v -1.91003 -1.30409 -0.06727
v -1.77883 -1.40246 -0.14356
v -1.83117 -1.35283 -0.09739
v -1.82702 -1.43224 -0.06560
v -2.11649 -1.43169 0.01159
v -2.03763 -1.39845 0.01485
v -2.24824 -1.52862 -0.06560
v -2.19535 -1.48043 -0.01853
v -2.03763 -1.56241 0.01485
v -2.11649 -1.52917 0.01159
v -2.11560 -1.61060 -0.01493
v -2.32295 -1.55929 -0.22499
v -2.29643 -1.55840 -0.14356
v -2.29643 -1.55840 -0.40390
v -2.32295 -1.55929 -0.32247
v -2.24576 -1.69104 -0.22554
v -2.29283 -1.63815 -0.27373
v -2.24576 -1.69104 -0.32192
v -2.19535 -1.48043 -0.52893
v -2.24824 -1.52862 -0.48186
v -2.03763 -1.39845 -0.56231
v -2.11649 -1.43169 -0.55905
v -2.11560 -1.61060 -0.53253
v -2.11649 -1.52917 -0.55905
v -2.03763 -1.56241 -0.56231
v -1.91003 -1.30409 -0.48019
v -1.95966 -1.35026 -0.53253
v -1.82950 -1.26982 -0.32192
v -1.86129 -1.27397 -0.40133
v -1.82702 -1.43224 -0.48186
v -1.83117 -1.35283 -0.45007
v -1.77883 -1.40246 -0.40390
v -1.82950 -1.69104 -0.22554
v -1.86129 -1.68689 -0.14613
v -1.90746 -1.73923 -0.19576
v -1.82702 -1.52862 -0.06560
v -1.83117 -1.60803 -0.09739
v -1.77883 -1.55840 -0.14356
v -1.98944 -1.68856 -0.06312
v -1.91003 -1.65677 -0.06727
v -1.95966 -1.61060 -0.01493
v -1.98889 -1.76575 -0.19487
v -1.95565 -1.76901 -0.27373
v -2.08582 -1.68856 -0.06312
v -2.03763 -1.73563 -0.11601
v -2.11961 -1.76901 -0.27373
v -2.08637 -1.76575 -0.19487
v -2.16780 -1.73923 -0.19576
v -1.98889 -1.76575 -0.35259
v -1.90746 -1.73923 -0.35170
v -2.16780 -1.73923 -0.35170
v -2.08637 -1.76575 -0.35259
v -1.98944 -1.68856 -0.48434
v -2.03763 -1.73563 -0.43145
v -2.08582 -1.68856 -0.48434
v -1.86129 -1.68689 -0.40133
v -1.82950 -1.69104 -0.32192
v -1.95966 -1.61060 -0.53253
v -1.91003 -1.65677 -0.48019
v -1.77883 -1.55840 -0.40390
v -1.83117 -1.60803 -0.45007
v -1.82702 -1.52862 -0.48186
v -1.78243 -1.63815 -0.27373
v -1.74905 -1.48043 -0.35571
v -1.75231 -1.55929 -0.32247
v -1.75231 -1.55929 -0.22499
v -1.74905 -1.48043 -0.19175
v -1.95877 -1.52917 0.01159
v -1.87991 -1.48043 -0.01853
v -1.95877 -1.43169 0.01159
v -2.21397 -1.68689 -0.14613
v -2.16523 -1.65677 -0.06727
v -2.24409 -1.60803 -0.09739
v -2.16523 -1.65677 -0.48019
v -2.21397 -1.68689 -0.40133
v -2.24409 -1.60803 -0.45007
v -1.87991 -1.48043 -0.52893
v -1.95877 -1.52917 -0.55905
v -1.95877 -1.43169 -0.55905
v -1.75231 -1.40157 -0.22499
v -1.75231 -1.40157 -0.32247
v -1.78243 -1.32271 -0.27373
v 0.62059 -2.14018 -0.27373
v 0.93603 -2.14018 -0.27373
v 0.62059 -2.65058 -0.27373
v 0.93603 -2.65058 -0.27373
v 0.77831 -2.55310 -0.01853
v 0.77831 -2.23766 -0.01853
v 0.77831 -2.55310 -0.52893
v 0.77831 -2.23766 -0.52893
v 1.03351 -2.39538 -0.43145
v 1.03351 -2.39538 -0.11601
v 0.52311 -2.39538 -0.43145
v 0.52311 -2.39538 -0.11601
v 0.53560 -2.24538 -0.18102
v 0.62831 -2.30267 -0.03102
v 0.68560 -2.15267 -0.12373
v 0.87102 -2.15267 -0.12373
v 0.77831 -2.09538 -0.27373
v 0.87102 -2.15267 -0.42373
v 0.68560 -2.15267 -0.42373
v 0.62831 -2.30267 -0.51644
v 0.53560 -2.24538 -0.36644
v 0.47831 -2.39538 -0.27373
v 0.92831 -2.30267 -0.03102
v 1.02102 -2.24538 -0.18102
v 0.62831 -2.48809 -0.03102
v 0.77831 -2.39538 0.02627
v 0.53560 -2.54538 -0.36644
v 0.53560 -2.54538 -0.18102
v 0.77831 -2.39538 -0.57373
v 0.62831 -2.48809 -0.51644
v 1.02102 -2.24538 -0.36644
v 0.92831 -2.30267 -0.51644
v 1.02102 -2.54538 -0.18102
v 0.92831 -2.48809 -0.03102
v 0.87102 -2.63809 -0.12373
v 0.68560 -2.63809 -0.12373
v 0.77831 -2.69538 -0.27373
v 0.68560 -2.63809 -0.42373
v 0.87102 -2.63809 -0.42373
v 0.92831 -2.48809 -0.51644
v 1.02102 -2.54538 -0.36644
v 1.07831 -2.39538 -0.27373
v 0.57018 -2.18477 -0.22554
v 0.60197 -2.18892 -0.14613
v 0.64814 -2.13658 -0.19576
v 0.56770 -2.34719 -0.06560
v 0.57185 -2.26778 -0.09739
v 0.51951 -2.31741 -0.14356
v 0.73012 -2.18725 -0.06312
v 0.65071 -2.21904 -0.06727
v 0.70034 -2.26521 -0.01493
v 0.72957 -2.11006 -0.19487
v 0.69633 -2.10680 -0.27373
v 0.82650 -2.18725 -0.06312
v 0.77831 -2.14018 -0.11601
v 0.86029 -2.10680 -0.27373
v 0.82705 -2.11006 -0.19487
v 0.90848 -2.13658 -0.19576
v 0.72957 -2.11006 -0.35259
v 0.64814 -2.13658 -0.35170
v 0.90848 -2.13658 -0.35170
v 0.82705 -2.11006 -0.35259
v 0.73012 -2.18725 -0.48434
v 0.77831 -2.14018 -0.43145
v 0.82650 -2.18725 -0.48434
v 0.60197 -2.18892 -0.40133
v 0.57018 -2.18477 -0.32192
v 0.70034 -2.26521 -0.53253
v 0.65071 -2.21904 -0.48019
v 0.51951 -2.31741 -0.40390
v 0.57185 -2.26778 -0.45007
v 0.56770 -2.34719 -0.48186
v 0.52311 -2.23766 -0.27373
v 0.48973 -2.39538 -0.35571
v 0.49299 -2.31652 -0.32247
v 0.49299 -2.31652 -0.22499
v 0.48973 -2.39538 -0.19175
v 0.95465 -2.18892 -0.14613
v 0.98644 -2.18477 -0.22554
v 0.85628 -2.26521 -0.01493
v 0.90591 -2.21904 -0.06727
v 1.03711 -2.31741 -0.14356
v 0.98477 -2.26778 -0.09739
v 0.98892 -2.34719 -0.06560
v 0.69945 -2.34664 0.01159
v 0.77831 -2.31340 0.01485
v 0.56770 -2.44357 -0.06560
v 0.62059 -2.39538 -0.01853
v 0.77831 -2.47736 0.01485
v 0.69945 -2.44412 0.01159
v 0.70034 -2.52555 -0.01493
v 0.49299 -2.47424 -0.22499
v 0.51951 -2.47335 -0.14356
v 0.51951 -2.47335 -0.40390
v 0.49299 -2.47424 -0.32247
v 0.57018 -2.60599 -0.22554
v 0.52311 -2.55310 -0.27373
v 0.57018 -2.60599 -0.32192
v 0.62059 -2.39538 -0.52893
v 0.56770 -2.44357 -0.48186
v 0.77831 -2.31340 -0.56231
v 0.69945 -2.34664 -0.55905
v 0.70034 -2.52555 -0.53253
v 0.69945 -2.44412 -0.55905
v 0.77831 -2.47736 -0.56231
v 0.90591 -2.21904 -0.48019
v 0.85628 -2.26521 -0.53253
v 0.98644 -2.18477 -0.32192
v 0.95465 -2.18892 -0.40133
v 0.98892 -2.34719 -0.48186
v 0.98477 -2.26778 -0.45007
v 1.03711 -2.31741 -0.40390
v 0.98644 -2.60599 -0.22554
v 0.95465 -2.60184 -0.14613
v 0.90848 -2.65418 -0.19576
v 0.98892 -2.44357 -0.06560
v 0.98477 -2.52298 -0.09739
v 1.03711 -2.47335 -0.14356
v 0.82650 -2.60351 -0.06312
v 0.90591 -2.57172 -0.06727
v 0.85628 -2.52555 -0.01493
v 0.82705 -2.68070 -0.19487
v 0.86029 -2.68396 -0.27373
v 0.73012 -2.60351 -0.06312
v 0.77831 -2.65058 -0.11601
v 0.69633 -2.68396 -0.27373
v 0.72957 -2.68070 -0.19487
v 0.64814 -2.65418 -0.19576
v 0.82705 -2.68070 -0.35259
v 0.90848 -2.65418 -0.35170
v 0.64814 -2.65418 -0.35170
v 0.72957 -2.68070 -0.35259
v 0.82650 -2.60351 -0.48434
v 0.77831 -2.65058 -0.43145
v 0.73012 -2.60351 -0.48434
v 0.95465 -2.60184 -0.40133
v 0.98644 -2.60599 -0.32192
v 0.85628 -2.52555 -0.53253
v 0.90591 -2.57172 -0.48019
v 1.03711 -2.47335 -0.40390
v 0.98477 -2.52298 -0.45007
v 0.98892 -2.44357 -0.48186
v 1.03351 -2.55310 -0.27373
v 1.06689 -2.39538 -0.35571
v 1.06363 -2.47424 -0.32247
v 1.06363 -2.47424 -0.22499
v 1.06689 -2.39538 -0.19175
v 0.85717 -2.44412 0.01159
v 0.93603 -2.39538 -0.01853
v 0.85717 -2.34664 0.01159
v 0.60197 -2.60184 -0.14613
v 0.65071 -2.57172 -0.06727
v 0.57185 -2.52298 -0.09739
v 0.65071 -2.57172 -0.48019
v 0.60197 -2.60184 -0.40133
v 0.57185 -2.52298 -0.45007
v 0.93603 -2.39538 -0.52893
v 0.85717 -2.44412 -0.55905
v 0.85717 -2.34664 -0.55905
v 1.06363 -2.31652 -0.22499
v 1.06363 -2.31652 -0.32247
v 1.03351 -2.23766 -0.27373
v 1.68297 0.25520 -0.97817
v 1.99841 0.25520 -0.97817
v 1.68297 -0.25520 -0.97817
v 1.99841 -0.25520 -0.97817
v 1.84069 -0.15772 -0.72297
v 1.84069 0.15772 -0.72297
v 1.84069 -0.15772 -1.23337
v 1.84069 0.15772 -1.23337
v 2.09589 0.00000 -1.13589
v 2.09589 0.00000 -0.82045
v 1.58549 0.00000 -1.13589
v 1.58549 0.00000 -0.82045
v 1.59798 0.15000 -0.88546
v 1.69069 0.09271 -0.73546
v 1.74798 0.24271 -0.82817
v 1.93340 0.24271 -0.82817
v 1.84069 0.30000 -0.97817
v 1.93340 0.24271 -1.12817
v 1.74798 0.24271 -1.12817
v 1.69069 0.09271 -1.22088
v 1.59798 0.15000 -1.07088
v 1.54069 0.00000 -0.97817
v 1.99069 0.09271 -0.73546
v 2.08340 0.15000 -0.88546
v 1.69069 -0.09271 -0.73546
v 1.84069 0.00000 -0.67817
v 1.59798 -0.15000 -1.07088
v 1.59798 -0.15000 -0.88546
v 1.84069 0.00000 -1.27817
v 1.69069 -0.09271 -1.22088
v 2.08340 0.15000 -1.07088
v 1.99069 0.09271 -1.22088
v 2.08340 -0.15000 -0.88546
v 1.99069 -0.09271 -0.73546
v 1.93340 -0.24271 -0.82817
v 1.74798 -0.24271 -0.82817
v 1.84069 -0.30000 -0.97817
v 1.74798 -0.24271 -1.12817
v 1.93340 -0.24271 -1.12817
v 1.99069 -0.09271 -1.22088
v 2.08340 -0.15000 -1.07088
v 2.14069 0.00000 -0.97817
v 1.63256 0.21061 -0.92998
v 1.66435 0.20646 -0.85057
v 1.71052 0.25880 -0.90020
v 1.63008 0.04819 -0.77004
v 1.63423 0.12760 -0.80183
v 1.58189 0.07797 -0.84800
v 1.79250 0.20813 -0.76756
v 1.71309 0.17634 -0.77171
v 1.76272 0.13017 -0.71937
v 1.79195 0.28532 -0.89931
v 1.75871 0.28858 -0.97817
v 1.88888 0.20813 -0.76756
v 1.84069 0.25520 -0.82045
v 1.92267 0.28858 -0.97817
v 1.88943 0.28532 -0.89931
v 1.97086 0.25880 -0.90020
v 1.79195 0.28532 -1.05703
v 1.71052 0.25880 -1.05614
v 1.97086 0.25880 -1.05614
v 1.88943 0.28532 -1.05703
v 1.79250 0.20813 -1.18878
v 1.84069 0.25520 -1.13589
v 1.88888 0.20813 -1.18878
v 1.66435 0.20646 -1.10577
v 1.63256 0.21061 -1.02636
v 1.76272 0.13017 -1.23697
v 1.71309 0.17634 -1.18463
v 1.58189 0.07797 -1.10834
v 1.63423 0.12760 -1.15451
v 1.63008 0.04819 -1.18630
v 1.58549 0.15772 -0.97817
v 1.55211 0.00000 -1.06015
v 1.55537 0.07886 -1.02691
v 1.55537 0.07886 -0.92943
v 1.55211 0.00000 -0.89619
v 2.01703 0.20646 -0.85057
v 2.04882 0.21061 -0.92998
v 1.91866 0.13017 -0.71937
v 1.96829 0.17634 -0.77171
v 2.09949 0.07797 -0.84800
v 2.04715 0.12760 -0.80183
v 2.05130 0.04819 -0.77004
v 1.76183 0.04874 -0.69285
v 1.84069 0.08198 -0.68959
v 1.63008 -0.04819 -0.77004
v 1.68297 0.00000 -0.72297
v 1.84069 -0.08198 -0.68959
v 1.76183 -0.04874 -0.69285
v 1.76272 -0.13017 -0.71937
v 1.55537 -0.07886 -0.92943
v 1.58189 -0.07797 -0.84800
v 1.58189 -0.07797 -1.10834
v 1.55537 -0.07886 -1.02691
v 1.63256 -0.21061 -0.92998
v 1.58549 -0.15772 -0.97817
v 1.63256 -0.21061 -1.02636
v 1.68297 0.00000 -1.23337
v 1.63008 -0.04819 -1.18630
v 1.84069 0.08198 -1.26675
v 1.76183 0.04874 -1.26349
v 1.76272 -0.13017 -1.23697
v 1.76183 -0.04874 -1.26349
v 1.84069 -0.08198 -1.26675
v 1.96829 0.17634 -1.18463
v 1.91866 0.13017 -1.23697
v 2.04882 0.21061 -1.02636
v 2.01703 0.20646 -1.10577
v 2.05130 0.04819 -1.18630
v 2.04715 0.12760 -1.15451
v 2.09949 0.07797 -1.10834
v 2.04882 -0.21061 -0.92998
v 2.01703 -0.20646 -0.85057
v 1.97086 -0.25880 -0.90020
v 2.05130 -0.04819 -0.77004
v 2.04715 -0.12760 -0.80183
v 2.09949 -0.07797 -0.84800
v 1.88888 -0.20813 -0.76756
v 1.96829 -0.17634 -0.77171
v 1.91866 -0.13017 -0.71937
v 1.88943 -0.28532 -0.89931
v 1.92267 -0.28858 -0.97817
v 1.79250 -0.20813 -0.76756
v 1.84069 -0.25520 -0.82045
v 1.75871 -0.28858 -0.97817
v 1.79195 -0.28532 -0.89931
v 1.71052 -0.25880 -0.90020
v 1.88943 -0.28532 -1.05703
v 1.97086 -0.25880 -1.05614
v 1.71052 -0.25880 -1.05614
v 1.79195 -0.28532 -1.05703
v 1.88888 -0.20813 -1.18878
v 1.84069 -0.25520 -1.13589
v 1.79250 -0.20813 -1.18878
v 2.01703 -0.20646 -1.10577
v 2.04882 -0.21061 -1.02636
v 1.91866 -0.13017 -1.23697
v 1.96829 -0.17634 -1.18463
v 2.09949 -0.07797 -1.10834
v 2.04715 -0.12760 -1.15451
v 2.05130 -0.04819 -1.18630
v 2.09589 -0.15772 -0.97817
v 2.12927 0.00000 -1.06015
v 2.12601 -0.07886 -1.02691
v 2.12601 -0.07886 -0.92943
v 2.12927 0.00000 -0.89619
v 1.91955 -0.04874 -0.69285
v 1.99841 0.00000 -0.72297
v 1.91955 0.04874 -0.69285
v 1.66435 -0.20646 -0.85057
v 1.71309 -0.17634 -0.77171
v 1.63423 -0.12760 -0.80183
v 1.71309 -0.17634 -1.18463
v 1.66435 -0.20646 -1.10577
v 1.63423 -0.12760 -1.15451
v 1.99841 0.00000 -1.23337
v 1.91955 -0.04874 -1.26349
v 1.91955 0.04874 -1.26349
v 2.12601 0.07886 -0.92943
v 2.12601 0.07886 -1.02691
v 2.09589 0.15772 -0.97817
v 0.41108 2.00580 -0.97817
v 0.72652 2.00580 -0.97817
v 0.41108 1.49540 -0.97817
v 0.72652 1.49540 -0.97817
v 0.56880 1.59288 -0.72297
v 0.56880 1.90832 -0.72297
v 0.56880 1.59288 -1.23337
v 0.56880 1.90832 -1.23337
v 0.82400 1.75060 -1.13589
v 0.82400 1.75060 -0.82045
v 0.31360 1.75060 -1.13589
v 0.31360 1.75060 -0.82045
v 0.32609 1.90060 -0.88546
v 0.41880 1.84331 -0.73546
v 0.47609 1.99331 -0.82817
v 0.66151 1.99331 -0.82817
v 0.56880 2.05060 -0.97817
v 0.66151 1.99331 -1.12817
v 0.47609 1.99331 -1.12817
v 0.41880 1.84331 -1.22088
v 0.32609 1.90060 -1.07088
v 0.26880 1.75060 -0.97817
v 0.71880 1.84331 -0.73546
v 0.81151 1.90060 -0.88546
v 0.41880 1.65789 -0.73546
v 0.56880 1.75060 -0.67817
v 0.32609 1.60060 -1.07088
v 0.32609 1.60060 -0.88546
v 0.56880 1.75060 -1.27817
v 0.41880 1.65789 -1.22088
v 0.81151 1.90060 -1.07088
v 0.71880 1.84331 -1.22088
v 0.81151 1.60060 -0.88546
v 0.71880 1.65789 -0.73546
v 0.66151 1.50789 -0.82817
v 0.47609 1.50789 -0.82817
v 0.56880 1.45060 -0.97817
v 0.47609 1.50789 -1.12817
v 0.66151 1.50789 -1.12817
v 0.71880 1.65789 -1.22088
v 0.81151 1.60060 -1.07088
v 0.86880 1.75060 -0.97817
v 0.36067 1.96121 -0.92998
v 0.39246 1.95706 -0.85057
v 0.43863 2.00940 -0.90020
v 0.35819 1.79879 -0.77004
v 0.36234 1.87820 -0.80183
v 0.31000 1.82857 -0.84800
v 0.52061 1.95873 -0.76756
v 0.44120 1.92694 -0.77171
v 0.49083 1.88077 -0.71937
v 0.52006 2.03592 -0.89931
v 0.48682 2.03918 -0.97817
v 0.61699 1.95873 -0.76756
v 0.56880 2.00580 -0.82045
v 0.65078 2.03918 -0.97817
v 0.61754 2.03592 -0.89931
v 0.69897 2.00940 -0.90020
v 0.52006 2.03592 -1.05703
v 0.43863 2.00940 -1.05614
v 0.69897 2.00940 -1.05614
v 0.61754 2.03592 -1.05703
v 0.52061 1.95873 -1.18878
v 0.56880 2.00580 -1.13589
v 0.61699 1.95873 -1.18878
v 0.39246 1.95706 -1.10577
v 0.36067 1.96121 -1.02636
v 0.49083 1.88077 -1.23697
v 0.44120 1.92694 -1.18463
v 0.31000 1.82857 -1.10834
v 0.36234 1.87820 -1.15451
v 0.35819 1.79879 -1.18630
v 0.31360 1.90832 -0.97817
v 0.28022 1.75060 -1.06015
v 0.28348 1.82946 -1.02691
v 0.28348 1.82946 -0.92943
v 0.28022 1.75060 -0.89619
v 0.74514 1.95706 -0.85057
v 0.77693 1.96121 -0.92998
v 0.64677 1.88077 -0.71937
v 0.69640 1.92694 -0.77171
v 0.82760 1.82857 -0.84800
v 0.77526 1.87820 -0.80183
v 0.77941 1.79879 -0.77004
v 0.48994 1.79934 -0.69285
v 0.56880 1.83258 -0.68959
v 0.35819 1.70241 -0.77004
v 0.41108 1.75060 -0.72297
v 0.56880 1.66862 -0.68959
v 0.48994 1.70186 -0.69285
v 0.49083 1.62043 -0.71937
v 0.28348 1.67174 -0.92943
v 0.31000 1.67263 -0.84800
v 0.31000 1.67263 -1.10834
v 0.28348 1.67174 -1.02691
v 0.36067 1.53999 -0.92998
v 0.31360 1.59288 -0.97817
v 0.36067 1.53999 -1.02636
v 0.41108 1.75060 -1.23337
v 0.35819 1.70241 -1.18630
v 0.56880 1.83258 -1.26675
v 0.48994 1.79934 -1.26349
v 0.49083 1.62043 -1.23697
v 0.48994 1.70186 -1.26349
v 0.56880 1.66862 -1.26675
v 0.69640 1.92694 -1.18463
v 0.64677 1.88077 -1.23697
v 0.77693 1.96121 -1.02636
v 0.74514 1.95706 -1.10577
v 0.77941 1.79879 -1.18630
v 0.77526 1.87820 -1.15451
v 0.82760 1.82857 -1.10834
v 0.77693 1.53999 -0.92998
v 0.74514 1.54414 -0.85057
v 0.69897 1.49180 -0.90020
v 0.77941 1.70241 -0.77004
v 0.77526 1.62300 -0.80183
v 0.82760 1.67263 -0.84800
v 0.61699 1.54247 -0.76756
v 0.69640 1.57426 -0.77171
v 0.64677 1.62043 -0.71937
v 0.61754 1.46528 -0.89931
v 0.65078 1.46202 -0.97817
v 0.52061 1.54247 -0.76756
v 0.56880 1.49540 -0.82045
v 0.48682 1.46202 -0.97817
v 0.52006 1.46528 -0.89931
v 0.43863 1.49180 -0.90020
v 0.61754 1.46528 -1.05703
v 0.69897 1.49180 -1.05614
v 0.43863 1.49180 -1.05614
v 0.52006 1.46528 -1.05703
v 0.61699 1.54247 -1.18878
v 0.56880 1.49540 -1.13589
v 0.52061 1.54247 -1.18878
v 0.74514 1.54414 -1.10577
v 0.77693 1.53999 -1.02636
v 0.64677 1.62043 -1.23697
v 0.69640 1.57426 -1.18463
v 0.82760 1.67263 -1.10834
v 0.77526 1.62300 -1.15451
v 0.77941 1.70241 -1.18630
v 0.82400 1.59288 -0.97817
v 0.85738 1.75060 -1.06015
v 0.85412 1.67174 -1.02691
v 0.85412 1.67174 -0.92943
v 0.85738 1.75060 -0.89619
v 0.64766 1.70186 -0.69285
v 0.72652 1.75060 -0.72297
v 0.64766 1.79934 -0.69285
v 0.39246 1.54414 -0.85057
v 0.44120 1.57426 -0.77171
v 0.36234 1.62300 -0.80183
v 0.44120 1.57426 -1.18463
v 0.39246 1.54414 -1.10577
v 0.36234 1.62300 -1.15451
v 0.72652 1.75060 -1.23337
v 0.64766 1.70186 -1.26349
v 0.64766 1.79934 -1.26349
v 0.85412 1.82946 -0.92943
v 0.85412 1.82946 -1.02691
v 0.82400 1.90832 -0.97817
v -1.64687 1.33713 -0.97817
v -1.33143 1.33713 -0.97817
v -1.64687 0.82673 -0.97817
v -1.33143 0.82673 -0.97817
v -1.48915 0.92421 -0.72297
v -1.48915 1.23965 -0.72297
v -1.48915 0.92421 -1.23337
v -1.48915 1.23965 -1.23337
v -1.23395 1.08193 -1.13589
v -1.23395 1.08193 -0.82045
v -1.74435 1.08193 -1.13589
v -1.74435 1.08193 -0.82045
v -1.73186 1.23193 -0.88546
v -1.63915 1.17464 -0.73546
v -1.58186 1.32464 -0.82817
v -1.39644 1.32464 -0.82817
v -1.48915 1.38193 -0.97817
v -1.39644 1.32464 -1.12817
v -1.58186 1.32464 -1.12817
v -1.63915 1.17464 -1.22088
v -1.73186 1.23193 -1.07088
v -1.78915 1.08193 -0.97817
v -1.33915 1.17464 -0.73546
v -1.24644 1.23193 -0.88546
v -1.63915 0.98922 -0.73546
v -1.48915 1.08193 -0.67817
v -1.73186 0.93193 -1.07088
v -1.73186 0.93193 -0.88546
v -1.48915 1.08193 -1.27817
v -1.63915 0.98922 -1.22088
v -1.24644 1.23193 -1.07088
v -1.33915 1.17464 -1.22088
v -1.24644 0.93193 -0.88546
v -1.33915 0.98922 -0.73546
v -1.39644 0.83922 -0.82817
v -1.58186 0.83922 -0.82817
v -1.48915 0.78193 -0.97817
v -1.58186 0.83922 -1.12817
v -1.39644 0.83922 -1.12817
v -1.33915 0.98922 -1.22088
v -1.24644 0.93193 -1.07088
v -1.18915 1.08193 -0.97817
v -1.69728 1.29254 -0.92998
v -1.66549 1.28839 -0.85057
v -1.61932 1.34073 -0.90020
v -1.69976 1.13012 -0.77004
v -1.69561 1.20953 -0.80183
v -1.74795 1.15990 -0.84800
v -1.53734 1.29006 -0.76756
v -1.61675 1.25827 -0.77171
v -1.56712 1.21210 -0.71937
v -1.53789 1.36725 -0.89931
v -1.57113 1.37051 -0.97817
v -1.44096 1.29006 -0.76756
v -1.48915 1.33713 -0.82045
v -1.40717 1.37051 -0.97817
v -1.44041 1.36725 -0.89931
v -1.35898 1.34073 -0.90020
v -1.53789 1.36725 -1.05703
v -1.61932 1.34073 -1.05614
v -1.35898 1.34073 -1.05614
v -1.44041 1.36725 -1.05703
v -1.53734 1.29006 -1.18878
v -1.48915 1.33713 -1.13589
v -1.44096 1.29006 -1.18878
v -1.66549 1.28839 -1.10577
v -1.69728 1.29254 -1.02636
v -1.56712 1.21210 -1.23697
v -1.61675 1.25827 -1.18463
v -1.74795 1.15990 -1.10834
v -1.69561 1.20953 -1.15451
v -1.69976 1.13012 -1.18630
v -1.74435 1.23965 -0.97817
v -1.77773 1.08193 -1.06015
v -1.77447 1.16079 -1.02691
v -1.77447 1.16079 -0.92943
v -1.77773 1.08193 -0.89619
v -1.31281 1.28839 -0.85057
v -1.28102 1.29254 -0.92998
v -1.41118 1.21210 -0.71937
v -1.36155 1.25827 -0.77171
v -1.23035 1.15990 -0.84800
v -1.28269 1.20953 -0.80183
v -1.27854 1.13012 -0.77004
v -1.56801 1.13067 -0.69285
v -1.48915 1.16391 -0.68959
v -1.69976 1.03374 -0.77004
v -1.64687 1.08193 -0.72297
v -1.48915 0.99995 -0.68959
v -1.56801 1.03319 -0.69285
v -1.56712 0.95176 -0.71937
v -1.77447 1.00307 -0.92943
v -1.74795 1.00396 -0.84800
v -1.74795 1.00396 -1.10834
v -1.77447 1.00307 -1.02691
v -1.69728 0.87132 -0.92998
v -1.74435 0.92421 -0.97817
v -1.69728 0.87132 -1.02636
v -1.64687 1.08193 -1.23337
v -1.69976 1.03374 -1.18630
v -1.48915 1.16391 -1.26675
v -1.56801 1.13067 -1.26349
v -1.56712 0.95176 -1.23697
v -1.56801 1.03319 -1.26349
v -1.48915 0.99995 -1.26675
v -1.36155 1.25827 -1.18463
v -1.41118 1.21210 -1.23697
v -1.28102 1.29254 -1.02636
v -1.31281 1.28839 -1.10577
v -1.27854 1.13012 -1.18630
v -1.28269 1.20953 -1.15451
v -1.23035 1.15990 -1.10834
v -1.28102 0.87132 -0.92998
v -1.31281 0.87547 -0.85057
v -1.35898 0.82313 -0.90020
v -1.27854 1.03374 -0.77004
v -1.28269 0.95433 -0.80183
v -1.23035 1.00396 -0.84800
v -1.44096 0.87380 -0.76756
v -1.36155 0.90559 -0.77171
v -1.41118 0.95176 -0.71937
v -1.44041 0.79661 -0.89931
v -1.40717 0.79335 -0.97817
v -1.53734 0.87380 -0.76756
v -1.48915 0.82673 -0.82045
v -1.57113 0.79335 -0.97817
v -1.53789 0.79661 -0.89931
v -1.61932 0.82313 -0.90020
v -1.44041 0.79661 -1.05703
v -1.35898 0.82313 -1.05614
v -1.61932 0.82313 -1.05614
v -1.53789 0.79661 -1.05703
v -1.44096 0.87380 -1.18878
v -1.48915 0.82673 -1.13589
v -1.53734 0.87380 -1.18878
v -1.31281 0.87547 -1.10577
v -1.28102 0.87132 -1.02636
v -1.41118 0.95176 -1.23697
v -1.36155 0.90559 -1.18463
v -1.23035 1.00396 -1.10834
v -1.28269 0.95433 -1.15451
v -1.27854 1.03374 -1.18630
v -1.23395 0.92421 -0.97817
v -1.20057 1.08193 -1.06015
v -1.20383 1.00307 -1.02691
v -1.20383 1.00307 -0.92943
v -1.20057 1.08193 -0.89619
v -1.41029 1.03319 -0.69285
v -1.33143 1.08193 -0.72297
v -1.41029 1.13067 -0.69285
v -1.66549 0.87547 -0.85057
v -1.61675 0.90559 -0.77171
v -1.69561 0.95433 -0.80183
v -1.61675 0.90559 -1.18463
v -1.66549 0.87547 -1.10577
v -1.69561 0.95433 -1.15451
v -1.33143 1.08193 -1.23337
v -1.41029 1.03319 -1.26349
v -1.41029 1.13067 -1.26349
v -1.20383 1.16079 -0.92943
v -1.20383 1.16079 -1.02691
v -1.23395 1.23965 -0.97817
v -1.64687 -0.82673 -0.97817
v -1.33143 -0.82673 -0.97817
v -1.64687 -1.33713 -0.97817
v -1.33143 -1.33713 -0.97817
v -1.48915 -1.23965 -0.72297
v -1.48915 -0.92421 -0.72297
v -1.48915 -1.23965 -1.23337
v -1.48915 -0.92421 -1.23337
v -1.23395 -1.08193 -1.13589
v -1.23395 -1.08193 -0.82045
v -1.74435 -1.08193 -1.13589
v -1.74435 -1.08193 -0.82045
v -1.73186 -0.93193 -0.88546
v -1.63915 -0.98922 -0.73546
v -1.58186 -0.83922 -0.82817
v -1.39644 -0.83922 -0.82817
v -1.48915 -0.78193 -0.97817
v -1.39644 -0.83922 -1.12817
v -1.58186 -0.83922 -1.12817
v -1.63915 -0.98922 -1.22088
v -1.73186 -0.93193 -1.07088
v -1.78915 -1.08193 -0.97817
v -1.33915 -0.98922 -0.73546
v -1.24644 -0.93193 -0.88546
v -1.63915 -1.17464 -0.73546
v -1.48915 -1.08193 -0.67817
v -1.73186 -1.23193 -1.07088
v -1.73186 -1.23193 -0.88546
v -1.48915 -1.08193 -1.27817
v -1.63915 -1.17464 -1.22088
v -1.24644 -0.93193 -1.07088
v -1.33915 -0.98922 -1.22088
v -1.24644 -1.23193 -0.88546
v -1.33915 -1.17464 -0.73546
v -1.39644 -1.32464 -0.82817
v -1.58186 -1.32464 -0.82817
v -1.48915 -1.38193 -0.97817
v -1.58186 -1.32464 -1.12817
v -1.39644 -1.32464 -1.12817
v -1.33915 -1.17464 -1.22088
v -1.24644 -1.23193 -1.07088
v -1.18915 -1.08193 -0.97817
v -1.69728 -0.87132 -0.92998
v -1.66549 -0.87547 -0.85057
v -1.61932 -0.82313 -0.90020
v -1.69976 -1.03374 -0.77004
v -1.69561 -0.95433 -0.80183
v -1.74795 -1.00396 -0.84800
v -1.53734 -0.87380 -0.76756
v -1.61675 -0.90559 -0.77171
v -1.56712 -0.95176 -0.71937
v -1.53789 -0.79661 -0.89931
v -1.57113 -0.79335 -0.97817
v -1.44096 -0.87380 -0.76756
v -1.48915 -0.82673 -0.82045
v -1.40717 -0.79335 -0.97817
v -1.44041 -0.79661 -0.89931
v -1.35898 -0.82313 -0.90020
v -1.53789 -0.79661 -1.05703
v -1.61932 -0.82313 -1.05614
v -1.35898 -0.82313 -1.05614
v -1.44041 -0.79661 -1.05703
v -1.53734 -0.87380 -1.18878
v -1.48915 -0.82673 -1.13589
v -1.44096 -0.87380 -1.18878
v -1.66549 -0.87547 -1.10577
v -1.69728 -0.87132 -1.02636
v -1.56712 -0.95176 -1.23697
v -1.61675 -0.90559 -1.18463
v -1.74795 -1.00396 -1.10834
v -1.69561 -0.95433 -1.15451
v -1.69976 -1.03374 -1.18630
v -1.74435 -0.92421 -0.97817
v -1.77773 -1.08193 -1.06015
v -1.77447 -1.00307 -1.02691
v -1.77447 -1.00307 -0.92943
v -1.77773 -1.08193 -0.89619
v -1.31281 -0.87547 -0.85057
v -1.28102 -0.87132 -0.92998
v -1.41118 -0.95176 -0.71937
v -1.36155 -0.90559 -0.77171
v -1.23035 -1.00396 -0.84800
v -1.28269 -0.95433 -0.80183
v -1.27854 -1.03374 -0.77004
v -1.56801 -1.03319 -0.69285
v -1.48915 -0.99995 -0.68959
v -1.69976 -1.13012 -0.77004
v -1.64687 -1.08193 -0.72297
v -1.48915 -1.16391 -0.68959
v -1.56801 -1.13067 -0.69285
v -1.56712 -1.21210 -0.71937
v -1.77447 -1.16079 -0.92943
v -1.74795 -1.15990 -0.84800
v -1.74795 -1.15990 -1.10834
v -1.77447 -1.16079 -1.02691
v -1.69728 -1.29254 -0.92998
v -1.74435 -1.23965 -0.97817
v -1.69728 -1.29254 -1.02636
v -1.64687 -1.08193 -1.23337
v -1.69976 -1.13012 -1.18630
v -1.48915 -0.99995 -1.26675
v -1.56801 -1.03319 -1.26349
v -1.56712 -1.21210 -1.23697
v -1.56801 -1.13067 -1.26349
v -1.48915 -1.16391 -1.26675
v -1.36155 -0.90559 -1.18463
v -1.41118 -0.95176 -1.23697
v -1.28102 -0.87132 -1.02636
v -1.31281 -0.87547 -1.10577
v -1.27854 -1.03374 -1.18630
v -1.28269 -0.95433 -1.15451
v -1.23035 -1.00396 -1.10834
v -1.28102 -1.29254 -0.92998
v -1.31281 -1.28839 -0.85057
v -1.35898 -1.34073 -0.90020
v -1.27854 -1.13012 -0.77004
v -1.28269 -1.20953 -0.80183
v -1.23035 -1.15990 -0.84800
v -1.44096 -1.29006 -0.76756
v -1.36155 -1.25827 -0.77171
v -1.41118 -1.21210 -0.71937
v -1.44041 -1.36725 -0.89931
v -1.40717 -1.37051 -0.97817
v -1.53734 -1.29006 -0.76756
v -1.48915 -1.33713 -0.82045
v -1.57113 -1.37051 -0.97817
v -1.53789 -1.36725 -0.89931
v -1.61932 -1.34073 -0.90020
v -1.44041 -1.36725 -1.05703
v -1.35898 -1.34073 -1.05614
v -1.61932 -1.34073 -1.05614
v -1.53789 -1.36725 -1.05703
v -1.44096 -1.29006 -1.18878
v -1.48915 -1.33713 -1.13589
v -1.53734 -1.29006 -1.18878
v -1.31281 -1.28839 -1.10577
v -1.28102 -1.29254 -1.02636
v -1.41118 -1.21210 -1.23697
v -1.36155 -1.25827 -1.18463
v -1.23035 -1.15990 -1.10834
v -1.28269 -1.20953 -1.15451
v -1.27854 -1.13012 -1.18630
v -1.23395 -1.23965 -0.97817
v -1.20057 -1.08193 -1.06015
v -1.20383 -1.16079 -1.02691
v -1.20383 -1.16079 -0.92943
v -1.20057 -1.08193 -0.89619
v -1.41029 -1.13067 -0.69285
v -1.33143 -1.08193 -0.72297
v -1.41029 -1.03319 -0.69285
v -1.66549 -1.28839 -0.85057
v -1.61675 -1.25827 -0.77171
v -1.69561 -1.20953 -0.80183
v -1.61675 -1.25827 -1.18463
v -1.66549 -1.28839 -1.10577
v -1.69561 -1.20953 -1.15451
v -1.33143 -1.08193 -1.23337
v -1.41029 -1.13067 -1.26349
v -1.41029 -1.03319 -1.26349
v -1.20383 -1.00307 -0.92943
v -1.20383 -1.00307 -1.02691
v -1.23395 -0.92421 -0.97817
v 0.41108 -1.49540 -0.97817
v 0.72652 -1.49540 -0.97817
v 0.41108 -2.00580 -0.97817
v 0.72652 -2.00580 -0.97817
v 0.56880 -1.90832 -0.72297
v 0.56880 -1.59288 -0.72297
v 0.56880 -1.90832 -1.23337
v 0.56880 -1.59288 -1.23337
v 0.82400 -1.75060 -1.13589
v 0.82400 -1.75060 -0.82045
v 0.31360 -1.75060 -1.13589
v 0.31360 -1.75060 -0.82045
v 0.32609 -1.60060 -0.88546
v 0.41880 -1.65789 -0.73546
v 0.47609 -1.50789 -0.82817
v 0.66151 -1.50789 -0.82817
v 0.56880 -1.45060 -0.97817
v 0.66151 -1.50789 -1.12817
v 0.47609 -1.50789 -1.12817
v 0.41880 -1.65789 -1.22088
v 0.32609 -1.60060 -1.07088
v 0.26880 -1.75060 -0.97817
v 0.71880 -1.65789 -0.73546
v 0.81151 -1.60060 -0.88546
v 0.41880 -1.84331 -0.73546
v 0.56880 -1.75060 -0.67817
v 0.32609 -1.90060 -1.07088
v 0.32609 -1.90060 -0.88546
v 0.56880 -1.75060 -1.27817
v 0.41880 -1.84331 -1.22088
v 0.81151 -1.60060 -1.07088
v 0.71880 -1.65789 -1.22088
v 0.81151 -1.90060 -0.88546
v 0.71880 -1.84331 -0.73546
v 0.66151 -1.99331 -0.82817
v 0.47609 -1.99331 -0.82817
v 0.56880 -2.05060 -0.97817
v 0.47609 -1.99331 -1.12817
v 0.66151 -1.99331 -1.12817
v 0.71880 -1.84331 -1.22088
v 0.81151 -1.90060 -1.07088
v 0.86880 -1.75060 -0.97817
v 0.36067 -1.53999 -0.92998
v 0.39246 -1.54414 -0.85057
v 0.43863 -1.49180 -0.90020
v 0.35819 -1.70241 -0.77004
v 0.36234 -1.62300 -0.80183
v 0.31000 -1.67263 -0.84800
v 0.52061 -1.54247 -0.76756
v 0.44120 -1.57426 -0.77171
v 0.49083 -1.62043 -0.71937
v 0.52006 -1.46528 -0.89931
v 0.48682 -1.46202 -0.97817
v 0.61699 -1.54247 -0.76756
v 0.56880 -1.49540 -0.82045
v 0.65078 -1.46202 -0.97817
v 0.61754 -1.46528 -0.89931
v 0.69897 -1.49180 -0.90020
v 0.52006 -1.46528 -1.05703
v 0.43863 -1.49180 -1.05614
v 0.69897 -1.49180 -1.05614
v 0.61754 -1.46528 -1.05703
v 0.52061 -1.54247 -1.18878
v 0.56880 -1.49540 -1.13589
v 0.61699 -1.54247 -1.18878
v 0.39246 -1.54414 -1.10577
v 0.36067 -1.53999 -1.02636
v 0.49083 -1.62043 -1.23697
v 0.44120 -1.57426 -1.18463
v 0.31000 -1.67263 -1.10834
v 0.36234 -1.62300 -1.15451
v 0.35819 -1.70241 -1.18630
v 0.31360 -1.59288 -0.97817
v 0.28022 -1.75060 -1.06015
v 0.28348 -1.67174 -1.02691
v 0.28348 -1.67174 -0.92943
v 0.28022 -1.75060 -0.89619
v 0.74514 -1.54414 -0.85057
v 0.77693 -1.53999 -0.92998
v 0.64677 -1.62043 -0.71937
v 0.69640 -1.57426 -0.77171
v 0.82760 -1.67263 -0.84800
v 0.77526 -1.62300 -0.80183
v 0.77941 -1.70241 -0.77004
v 0.48994 -1.70186 -0.69285
v 0.56880 -1.66862 -0.68959
v 0.35819 -1.79879 -0.77004
v 0.41108 -1.75060 -0.72297
v 0.56880 -1.83258 -0.68959
v 0.48994 -1.79934 -0.69285
v 0.49083 -1.88077 -0.71937
v 0.28348 -1.82946 -0.92943
v 0.31000 -1.82857 -0.84800
v 0.31000 -1.82857 -1.10834
v 0.28348 -1.82946 -1.02691
v 0.36067 -1.96121 -0.92998
v 0.31360 -1.90832 -0.97817
v 0.36067 -1.96121 -1.02636
v 0.41108 -1.75060 -1.23337
v 0.35819 -1.79879 -1.18630
v 0.56880 -1.66862 -1.26675
v 0.48994 -1.70186 -1.26349
v 0.49083 -1.88077 -1.23697
v 0.48994 -1.79934 -1.26349
v 0.56880 -1.83258 -1.26675
v 0.69640 -1.57426 -1.18463
v 0.64677 -1.62043 -1.23697
v 0.77693 -1.53999 -1.02636
v 0.74514 -1.54414 -1.10577
v 0.77941 -1.70241 -1.18630
v 0.77526 -1.62300 -1.15451
v 0.82760 -1.67263 -1.10834
v 0.77693 -1.96121 -0.92998
v 0.74514 -1.95706 -0.85057
v 0.69897 -2.00940 -0.90020
v 0.77941 -1.79879 -0.77004
v 0.77526 -1.87820 -0.80183
v 0.82760 -1.82857 -0.84800
v 0.61699 -1.95873 -0.76756
v 0.69640 -1.92694 -0.77171
v 0.64677 -1.88077 -0.71937
v 0.61754 -2.03592 -0.89931
v 0.65078 -2.03918 -0.97817
v 0.52061 -1.95873 -0.76756
v 0.56880 -2.00580 -0.82045
v 0.48682 -2.03918 -0.97817
v 0.52006 -2.03592 -0.89931
v 0.43863 -2.00940 -0.90020
v 0.61754 -2.03592 -1.05703
v 0.69897 -2.00940 -1.05614
v 0.43863 -2.00940 -1.05614
v 0.52006 -2.03592 -1.05703
v 0.61699 -1.95873 -1.18878
v 0.56880 -2.00580 -1.13589
v 0.52061 -1.95873 -1.18878
v 0.74514 -1.95706 -1.10577
v 0.77693 -1.96121 -1.02636
v 0.64677 -1.88077 -1.23697
v 0.69640 -1.92694 -1.18463
v 0.82760 -1.82857 -1.10834
v 0.77526 -1.87820 -1.15451
v 0.77941 -1.79879 -1.18630
v 0.82400 -1.90832 -0.97817
v 0.85738 -1.75060 -1.06015
v 0.85412 -1.82946 -1.02691
v 0.85412 -1.82946 -0.92943
v 0.85738 -1.75060 -0.89619
v 0.64766 -1.79934 -0.69285
v 0.72652 -1.75060 -0.72297
v 0.64766 -1.70186 -0.69285
v 0.39246 -1.95706 -0.85057
v 0.44120 -1.92694 -0.77171
v 0.36234 -1.87820 -0.80183
v 0.44120 -1.92694 -1.18463
v 0.39246 -1.95706 -1.10577
v 0.36234 -1.87820 -1.15451
v 0.72652 -1.75060 -1.23337
v 0.64766 -1.79934 -1.26349
v 0.64766 -1.70186 -1.26349
v 0.85412 -1.67174 -0.92943
v 0.85412 -1.67174 -1.02691
v 0.82400 -1.59288 -0.97817
v 1.29605 0.25520 -1.23071
v 1.61149 0.25520 -1.23071
v 1.29605 -0.25520 -1.23071
v 1.61149 -0.25520 -1.23071
v 1.45377 -0.15772 -0.97551
v 1.45377 0.15772 -0.97551
v 1.45377 -0.15772 -1.48591
v 1.45377 0.15772 -1.48591
v 1.70897 0.00000 -1.38843
v 1.70897 0.00000 -1.07299
v 1.19857 0.00000 -1.38843
v 1.19857 0.00000 -1.07299
v 1.21106 0.15000 -1.13800
v 1.30377 0.09271 -0.98800
v 1.36106 0.24271 -1.08071
v 1.54648 0.24271 -1.08071
v 1.45377 0.30000 -1.23071
v 1.54648 0.24271 -1.38071
v 1.36106 0.24271 -1.38071
v 1.30377 0.09271 -1.47342
v 1.21106 0.15000 -1.32342
v 1.15377 0.00000 -1.23071
v 1.60377 0.09271 -0.98800
v 1.69648 0.15000 -1.13800
v 1.30377 -0.09271 -0.98800
v 1.45377 0.00000 -0.93071
v 1.21106 -0.15000 -1.32342
v 1.21106 -0.15000 -1.13800
v 1.45377 0.00000 -1.53071
v 1.30377 -0.09271 -1.47342
v 1.69648 0.15000 -1.32342
v 1.60377 0.09271 -1.47342
v 1.69648 -0.15000 -1.13800
v 1.60377 -0.09271 -0.98800
v 1.54648 -0.24271 -1.08071
v 1.36106 -0.24271 -1.08071
v 1.45377 -0.30000 -1.23071
v 1.36106 -0.24271 -1.38071
v 1.54648 -0.24271 -1.38071
v 1.60377 -0.09271 -1.47342
v 1.69648 -0.15000 -1.32342
v 1.75377 0.00000 -1.23071
v 1.24564 0.21061 -1.18252
v 1.27743 0.20646 -1.10311
v 1.32360 0.25880 -1.15274
v 1.24316 0.04819 -1.02258
v 1.24731 0.12760 -1.05437
v 1.19497 0.07797 -1.10054
v 1.40558 0.20813 -1.02010
v 1.32617 0.17634 -1.02425
v 1.37580 0.13017 -0.97191
v 1.40503 0.28532 -1.15185
v 1.37179 0.28858 -1.23071
v 1.50196 0.20813 -1.02010
v 1.45377 0.25520 -1.07299
v 1.53575 0.28858 -1.23071
v 1.50251 0.28532 -1.15185
v 1.58394 0.25880 -1.15274
v 1.40503 0.28532 -1.30957
v 1.32360 0.25880 -1.30868
v 1.58394 0.25880 -1.30868
v 1.50251 0.28532 -1.30957
v 1.40558 0.20813 -1.44132
v 1.45377 0.25520 -1.38843
v 1.50196 0.20813 -1.44132
v 1.27743 0.20646 -1.35831
v 1.24564 0.21061 -1.27890
v 1.37580 0.13017 -1.48951
v 1.32617 0.17634 -1.43717
v 1.19497 0.07797 -1.36088
v 1.24731 0.12760 -1.40705
v 1.24316 0.04819 -1.43884
v 1.19857 0.15772 -1.23071
v 1.16519 0.00000 -1.31269
v 1.16845 0.07886 -1.27945
v 1.16845 0.07886 -1.18197
v 1.16519 0.00000 -1.14873
v 1.63011 0.20646 -1.10311
v 1.66190 0.21061 -1.18252
v 1.53174 0.13017 -0.97191
v 1.58137 0.17634 -1.02425
v 1.71257 0.07797 -1.10054
v 1.66023 0.12760 -1.05437
v 1.66438 0.04819 -1.02258
v 1.37491 0.04874 -0.94539
v 1.45377 0.08198 -0.94213
v 1.24316 -0.04819 -1.02258
v 1.29605 0.00000 -0.97551
v 1.45377 -0.08198 -0.94213
v 1.37491 -0.04874 -0.94539
v 1.37580 -0.13017 -0.97191
v 1.16845 -0.07886 -1.18197
v 1.19497 -0.07797 -1.10054
v 1.19497 -0.07797 -1.36088
v 1.16845 -0.07886 -1.27945
v 1.24564 -0.21061 -1.18252
v 1.19857 -0.15772 -1.23071
v 1.24564 -0.21061 -1.27890
v 1.29605 0.00000 -1.48591
v 1.24316 -0.04819 -1.43884
v 1.45377 0.08198 -1.51929
v 1.37491 0.04874 -1.51603
v 1.37580 -0.13017 -1.48951
v 1.37491 -0.04874 -1.51603
v 1.45377 -0.08198 -1.51929
v 1.58137 0.17634 -1.43717
v 1.53174 0.13017 -1.48951
v 1.66190 0.21061 -1.27890
v 1.63011 0.20646 -1.35831
v 1.66438 0.04819 -1.43884
v 1.66023 0.12760 -1.40705
v 1.71257 0.07797 -1.36088
v 1.66190 -0.21061 -1.18252
v 1.63011 -0.20646 -1.10311
v 1.58394 -0.25880 -1.15274
v 1.66438 -0.04819 -1.02258
v 1.66023 -0.12760 -1.05437
v 1.71257 -0.07797 -1.10054
v 1.50196 -0.20813 -1.02010
v 1.58137 -0.17634 -1.02425
v 1.53174 -0.13017 -0.97191
v 1.50251 -0.28532 -1.15185
v 1.53575 -0.28858 -1.23071
v 1.40558 -0.20813 -1.02010
v 1.45377 -0.25520 -1.07299
v 1.37179 -0.28858 -1.23071
v 1.40503 -0.28532 -1.15185
v 1.32360 -0.25880 -1.15274
v 1.50251 -0.28532 -1.30957
v 1.58394 -0.25880 -1.30868
v 1.32360 -0.25880 -1.30868
v 1.40503 -0.28532 -1.30957
v 1.50196 -0.20813 -1.44132
v 1.45377 -0.25520 -1.38843
v 1.40558 -0.20813 -1.44132
v 1.63011 -0.20646 -1.35831
v 1.66190 -0.21061 -1.27890
v 1.53174 -0.13017 -1.48951
v 1.58137 -0.17634 -1.43717
v 1.71257 -0.07797 -1.36088
v 1.66023 -0.12760 -1.40705
v 1.66438 -0.04819 -1.43884
v 1.70897 -0.15772 -1.23071
v 1.74235 0.00000 -1.31269
v 1.73909 -0.07886 -1.27945
v 1.73909 -0.07886 -1.18197
v 1.74235 0.00000 -1.14873
v 1.53263 -0.04874 -0.94539
v 1.61149 0.00000 -0.97551
v 1.53263 0.04874 -0.94539
v 1.27743 -0.20646 -1.10311
v 1.32617 -0.17634 -1.02425
v 1.24731 -0.12760 -1.05437
v 1.32617 -0.17634 -1.43717
v 1.27743 -0.20646 -1.35831
v 1.24731 -0.12760 -1.40705
v 1.61149 0.00000 -1.48591
v 1.53263 -0.04874 -1.51603
v 1.53263 0.04874 -1.51603
v 1.73909 0.07886 -1.18197
v 1.73909 0.07886 -1.27945
v 1.70897 0.15772 -1.23071
v 0.29152 1.63782 -1.23071
v 0.60696 1.63782 -1.23071
v 0.29152 1.12742 -1.23071
v 0.60696 1.12742 -1.23071
v 0.44924 1.22490 -0.97551
v 0.44924 1.54034 -0.97551
v 0.44924 1.22490 -1.48591
v 0.44924 1.54034 -1.48591
v 0.70444 1.38262 -1.38843
v 0.70444 1.38262 -1.07299
v 0.19404 1.38262 -1.38843
v 0.19404 1.38262 -1.07299
v 0.20653 1.53262 -1.13800
v 0.29924 1.47533 -0.98800
v 0.35653 1.62533 -1.08071
v 0.54195 1.62533 -1.08071
v 0.44924 1.68262 -1.23071
v 0.54195 1.62533 -1.38071
v 0.35653 1.62533 -1.38071
v 0.29924 1.47533 -1.47342
v 0.20653 1.53262 -1.32342
v 0.14924 1.38262 -1.23071
v 0.59924 1.47533 -0.98800
v 0.69195 1.53262 -1.13800
v 0.29924 1.28991 -0.98800
v 0.44924 1.38262 -0.93071
v 0.20653 1.23262 -1.32342
v 0.20653 1.23262 -1.13800
v 0.44924 1.38262 -1.53071
v 0.29924 1.28991 -1.47342
v 0.69195 1.53262 -1.32342
v 0.59924 1.47533 -1.47342
v 0.69195 1.23262 -1.13800
v 0.59924 1.28991 -0.98800
v 0.54195 1.13991 -1.08071
v 0.35653 1.13991 -1.08071
v 0.44924 1.08262 -1.23071
v 0.35653 1.13991 -1.38071
v 0.54195 1.13991 -1.38071
v 0.59924 1.28991 -1.47342
v 0.69195 1.23262 -1.32342
v 0.74924 1.38262 -1.23071
v 0.24111 1.59323 -1.18252
v 0.27290 1.58908 -1.10311
v 0.31907 1.64142 -1.15274
v 0.23863 1.43081 -1.02258
v 0.24278 1.51022 -1.05437
v 0.19044 1.46059 -1.10054
v 0.40105 1.59075 -1.02010
v 0.32164 1.55896 -1.02425
v 0.37127 1.51279 -0.97191
v 0.40050 1.66794 -1.15185
v 0.36726 1.67120 -1.23071
v 0.49743 1.59075 -1.02010
v 0.44924 1.63782 -1.07299
v 0.53122 1.67120 -1.23071
v 0.49798 1.66794 -1.15185
v 0.57941 1.64142 -1.15274
v 0.40050 1.66794 -1.30957
v 0.31907 1.64142 -1.30868
v 0.57941 1.64142 -1.30868
v 0.49798 1.66794 -1.30957
v 0.40105 1.59075 -1.44132
v 0.44924 1.63782 -1.38843
v 0.49743 1.59075 -1.44132
v 0.27290 1.58908 -1.35831
v 0.24111 1.59323 -1.27890
v 0.37127 1.51279 -1.48951
v 0.32164 1.55896 -1.43717
v 0.19044 1.46059 -1.36088
v 0.24278 1.51022 -1.40705
v 0.23863 1.43081 -1.43884
v 0.19404 1.54034 -1.23071
v 0.16066 1.38262 -1.31269
v 0.16392 1.46148 -1.27945
v 0.16392 1.46148 -1.18197
v 0.16066 1.38262 -1.14873
v 0.62558 1.58908 -1.10311
v 0.65737 1.59323 -1.18252
v 0.52721 1.51279 -0.97191
v 0.57684 1.55896 -1.02425
v 0.70804 1.46059 -1.10054
v 0.65570 1.51022 -1.05437
v 0.65985 1.43081 -1.02258
v 0.37038 1.43136 -0.94539
v 0.44924 1.46460 -0.94213
v 0.23863 1.33443 -1.02258
v 0.29152 1.38262 -0.97551
v 0.44924 1.30064 -0.94213
v 0.37038 1.33388 -0.94539
v 0.37127 1.25245 -0.97191
v 0.16392 1.30376 -1.18197
v 0.19044 1.30465 -1.10054
v 0.19044 1.30465 -1.36088
v 0.16392 1.30376 -1.27945
v 0.24111 1.17201 -1.18252
v 0.19404 1.22490 -1.23071
v 0.24111 1.17201 -1.27890
v 0.29152 1.38262 -1.48591
v 0.23863 1.33443 -1.43884
v 0.44924 1.46460 -1.51929
v 0.37038 1.43136 -1.51603
v 0.37127 1.25245 -1.48951
v 0.37038 1.33388 -1.51603
v 0.44924 1.30064 -1.51929
v 0.57684 1.55896 -1.43717
v 0.52721 1.51279 -1.48951
v 0.65737 1.59323 -1.27890
v 0.62558 1.58908 -1.35831
v 0.65985 1.43081 -1.43884
v 0.65570 1.51022 -1.40705
v 0.70804 1.46059 -1.36088
v 0.65737 1.17201 -1.18252
v 0.62558 1.17616 -1.10311
v 0.57941 1.12382 -1.15274
v 0.65985 1.33443 -1.02258
v 0.65570 1.25502 -1.05437
v 0.70804 1.30465 -1.10054
v 0.49743 1.17449 -1.02010
v 0.57684 1.20628 -1.02425
v 0.52721 1.25245 -0.97191
v 0.49798 1.09730 -1.15185
v 0.53122 1.09404 -1.23071
v 0.40105 1.17449 -1.02010
v 0.44924 1.12742 -1.07299
v 0.36726 1.09404 -1.23071
v 0.40050 1.09730 -1.15185
v 0.31907 1.12382 -1.15274
v 0.49798 1.09730 -1.30957
v 0.57941 1.12382 -1.30868
v 0.31907 1.12382 -1.30868
v 0.40050 1.09730 -1.30957
v 0.49743 1.17449 -1.44132
v 0.44924 1.12742 -1.38843
v 0.40105 1.17449 -1.44132
v 0.62558 1.17616 -1.35831
v 0.65737 1.17201 -1.27890
v 0.52721 1.25245 -1.48951
v 0.57684 1.20628 -1.43717
v 0.70804 1.30465 -1.36088
v 0.65570 1.25502 -1.40705
v 0.65985 1.33443 -1.43884
v 0.70444 1.22490 -1.23071
v 0.73782 1.38262 -1.31269
v 0.73456 1.30376 -1.27945
v 0.73456 1.30376 -1.18197
v 0.73782 1.38262 -1.14873
v 0.52810 1.33388 -0.94539
v 0.60696 1.38262 -0.97551
v 0.52810 1.43136 -0.94539
v 0.27290 1.17616 -1.10311
v 0.32164 1.20628 -1.02425
v 0.24278 1.25502 -1.05437
v 0.32164 1.20628 -1.43717
v 0.27290 1.17616 -1.35831
v 0.24278 1.25502 -1.40705
v 0.60696 1.38262 -1.48591
v 0.52810 1.33388 -1.51603
v 0.52810 1.43136 -1.51603
v 0.73456 1.46148 -1.18197
v 0.73456 1.46148 -1.27945
v 0.70444 1.54034 -1.23071
v -1.33385 1.10971 -1.23071
v -1.01841 1.10971 -1.23071
v -1.33385 0.59931 -1.23071
v -1.01841 0.59931 -1.23071
v -1.17613 0.69679 -0.97551
v -1.17613 1.01223 -0.97551
v -1.17613 0.69679 -1.48591
v -1.17613 1.01223 -1.48591
v -0.92093 0.85451 -1.38843
v -0.92093 0.85451 -1.07299
v -1.43133 0.85451 -1.38843
v -1.43133 0.85451 -1.07299
v -1.41884 1.00451 -1.13800
v -1.32613 0.94722 -0.98800
v -1.26884 1.09722 -1.08071
v -1.08342 1.09722 -1.08071
v -1.17613 1.15451 -1.23071
v -1.08342 1.09722 -1.38071
v -1.26884 1.09722 -1.38071
v -1.32613 0.94722 -1.47342
v -1.41884 1.00451 -1.32342
v -1.47613 0.85451 -1.23071
v -1.02613 0.94722 -0.98800
v -0.93342 1.00451 -1.13800
v -1.32613 0.76180 -0.98800
v -1.17613 0.85451 -0.93071
v -1.41884 0.70451 -1.32342
v -1.41884 0.70451 -1.13800
v -1.17613 0.85451 -1.53071
v -1.32613 0.76180 -1.47342
v -0.93342 1.00451 -1.32342
v -1.02613 0.94722 -1.47342
v -0.93342 0.70451 -1.13800
v -1.02613 0.76180 -0.98800
v -1.08342 0.61180 -1.08071
v -1.26884 0.61180 -1.08071
v -1.17613 0.55451 -1.23071
v -1.26884 0.61180 -1.38071
v -1.08342 0.61180 -1.38071
v -1.02613 0.76180 -1.47342
v -0.93342 0.70451 -1.32342
v -0.87613 0.85451 -1.23071
v -1.38426 1.06512 -1.18252
v -1.35247 1.06097 -1.10311
v -1.30630 1.11331 -1.15274
v -1.38674 0.90270 -1.02258
v -1.38259 0.98211 -1.05437
v -1.43493 0.93248 -1.10054
v -1.22432 1.06264 -1.02010
v -1.30373 1.03085 -1.02425
v -1.25410 0.98468 -0.97191
v -1.22487 1.13983 -1.15185
v -1.25811 1.14309 -1.23071
v -1.12794 1.06264 -1.02010
v -1.17613 1.10971 -1.07299
v -1.09415 1.14309 -1.23071
v -1.12739 1.13983 -1.15185
v -1.04596 1.11331 -1.15274
v -1.22487 1.13983 -1.30957
v -1.30630 1.11331 -1.30868
v -1.04596 1.11331 -1.30868
v -1.12739 1.13983 -1.30957
v -1.22432 1.06264 -1.44132
v -1.17613 1.10971 -1.38843
v -1.12794 1.06264 -1.44132
v -1.35247 1.06097 -1.35831
v -1.38426 1.06512 -1.27890
v -1.25410 0.98468 -1.48951
v -1.30373 1.03085 -1.43717
v -1.43493 0.93248 -1.36088
v -1.38259 0.98211 -1.40705
v -1.38674 0.90270 -1.43884
v -1.43133 1.01223 -1.23071
v -1.46471 0.85451 -1.31269
v -1.46145 0.93337 -1.27945
v -1.46145 0.93337 -1.18197
v -1.46471 0.85451 -1.14873
v -0.99979 1.06097 -1.10311
v -0.96800 1.06512 -1.18252
v -1.09816 0.98468 -0.97191
v -1.04853 1.03085 -1.02425
v -0.91733 0.93248 -1.10054
v -0.96967 0.98211 -1.05437
v -0.96552 0.90270 -1.02258
v -1.25499 0.90325 -0.94539
v -1.17613 0.93649 -0.94213
v -1.38674 0.80632 -1.02258
v -1.33385 0.85451 -0.97551
v -1.17613 0.77253 -0.94213
v -1.25499 0.80577 -0.94539
v -1.25410 0.72434 -0.97191
v -1.46145 0.77565 -1.18197
v -1.43493 0.77654 -1.10054
v -1.43493 0.77654 -1.36088
v -1.46145 0.77565 -1.27945
v -1.38426 0.64390 -1.18252
v -1.43133 0.69679 -1.23071
v -1.38426 0.64390 -1.27890
v -1.33385 0.85451 -1.48591
v -1.38674 0.80632 -1.43884
v -1.17613 0.93649 -1.51929
v -1.25499 0.90325 -1.51603
v -1.25410 0.72434 -1.48951
v -1.25499 0.80577 -1.51603
v -1.17613 0.77253 -1.51929
v -1.04853 1.03085 -1.43717
v -1.09816 0.98468 -1.48951
v -0.96800 1.06512 -1.27890
v -0.99979 1.06097 -1.35831
v -0.96552 0.90270 -1.43884
v -0.96967 0.98211 -1.40705
v -0.91733 0.93248 -1.36088
v -0.96800 0.64390 -1.18252
v -0.99979 0.64805 -1.10311
v -1.04596 0.59571 -1.15274
v -0.96552 0.80632 -1.02258
v -0.96967 0.72691 -1.05437
v -0.91733 0.77654 -1.10054
v -1.12794 0.64638 -1.02010
v -1.04853 0.67817 -1.02425
v -1.09816 0.72434 -0.97191
v -1.12739 0.56919 -1.15185
v -1.09415 0.56593 -1.23071
v -1.22432 0.64638 -1.02010
v -1.17613 0.59931 -1.07299
v -1.25811 0.56593 -1.23071
v -1.22487 0.56919 -1.15185
v -1.30630 0.59571 -1.15274
v -1.12739 0.56919 -1.30957
v -1.04596 0.59571 -1.30868
v -1.30630 0.59571 -1.30868
v -1.22487 0.56919 -1.30957
v -1.12794 0.64638 -1.44132
v -1.17613 0.59931 -1.38843
v -1.22432 0.64638 -1.44132
v -0.99979 0.64805 -1.35831
v -0.96800 0.64390 -1.27890
v -1.09816 0.72434 -1.48951
v -1.04853 0.67817 -1.43717
v -0.91733 0.77654 -1.36088
v -0.96967 0.72691 -1.40705
v -0.96552 0.80632 -1.43884
v -0.92093 0.69679 -1.23071
v -0.88755 0.85451 -1.31269
v -0.89081 0.77565 -1.27945
v -0.89081 0.77565 -1.18197
v -0.88755 0.85451 -1.14873
v -1.09727 0.80577 -0.94539
v -1.01841 0.85451 -0.97551
v -1.09727 0.90325 -0.94539
v -1.35247 0.64805 -1.10311
v -1.30373 0.67817 -1.02425
v -1.38259 0.72691 -1.05437
v -1.30373 0.67817 -1.43717
v -1.35247 0.64805 -1.35831
v -1.38259 0.72691 -1.40705
v -1.01841 0.85451 -1.48591
v -1.09727 0.80577 -1.51603
v -1.09727 0.90325 -1.51603
v -0.89081 0.93337 -1.18197
v -0.89081 0.93337 -1.27945
v -0.92093 1.01223 -1.23071
v -1.33385 -0.59931 -1.23071
v -1.01841 -0.59931 -1.23071
v -1.33385 -1.10971 -1.23071
v -1.01841 -1.10971 -1.23071
v -1.17613 -1.01223 -0.97551
v -1.17613 -0.69679 -0.97551
v -1.17613 -1.01223 -1.48591
v -1.17613 -0.69679 -1.48591
v -0.92093 -0.85451 -1.38843
v -0.92093 -0.85451 -1.07299
v -1.43133 -0.85451 -1.38843
v -1.43133 -0.85451 -1.07299
v -1.41884 -0.70451 -1.13800
v -1.32613 -0.76180 -0.98800
v -1.26884 -0.61180 -1.08071
v -1.08342 -0.61180 -1.08071
v -1.17613 -0.55451 -1.23071
v -1.08342 -0.61180 -1.38071
v -1.26884 -0.61180 -1.38071
v -1.32613 -0.76180 -1.47342
v -1.41884 -0.70451 -1.32342
v -1.47613 -0.85451 -1.23071
v -1.02613 -0.76180 -0.98800
v -0.93342 -0.70451 -1.13800
v -1.32613 -0.94722 -0.98800
v -1.17613 -0.85451 -0.93071
v -1.41884 -1.00451 -1.32342
v -1.41884 -1.00451 -1.13800
v -1.17613 -0.85451 -1.53071
v -1.32613 -0.94722 -1.47342
v -0.93342 -0.70451 -1.32342
v -1.02613 -0.76180 -1.47342
v -0.93342 -1.00451 -1.13800
v -1.02613 -0.94722 -0.98800
v -1.08342 -1.09722 -1.08071
v -1.26884 -1.09722 -1.08071
v -1.17613 -1.15451 -1.23071
v -1.26884 -1.09722 -1.38071
v -1.08342 -1.09722 -1.38071
v -1.02613 -0.94722 -1.47342
v -0.93342 -1.00451 -1.32342
v -0.87613 -0.85451 -1.23071
v -1.38426 -0.64390 -1.18252
v -1.35247 -0.64805 -1.10311
v -1.30630 -0.59571 -1.15274
v -1.38674 -0.80632 -1.02258
v -1.38259 -0.72691 -1.05437
v -1.43493 -0.77654 -1.10054
v -1.22432 -0.64638 -1.02010
v -1.30373 -0.67817 -1.02425
v -1.25410 -0.72434 -0.97191
v -1.22487 -0.56919 -1.15185
v -1.25811 -0.56593 -1.23071
v -1.12794 -0.64638 -1.02010
v -1.17613 -0.59931 -1.07299
v -1.09415 -0.56593 -1.23071
v -1.12739 -0.56919 -1.15185
v -1.04596 -0.59571 -1.15274
v -1.22487 -0.56919 -1.30957
v -1.30630 -0.59571 -1.30868
v -1.04596 -0.59571 -1.30868
v -1.12739 -0.56919 -1.30957
v -1.22432 -0.64638 -1.44132
v -1.17613 -0.59931 -1.38843
v -1.12794 -0.64638 -1.44132
v -1.35247 -0.64805 -1.35831
v -1.38426 -0.64390 -1.27890
v -1.25410 -0.72434 -1.48951
v -1.30373 -0.67817 -1.43717
v -1.43493 -0.77654 -1.36088
v -1.38259 -0.72691 -1.40705
v -1.38674 -0.80632 -1.43884
v -1.43133 -0.69679 -1.23071
v -1.46471 -0.85451 -1.31269
v -1.46145 -0.77565 -1.27945
v -1.46145 -0.77565 -1.18197
v -1.46471 -0.85451 -1.14873
v -0.99979 -0.64805 -1.10311
v -0.96800 -0.64390 -1.18252
v -1.09816 -0.72434 -0.97191
v -1.04853 -0.67817 -1.02425
v -0.91733 -0.77654 -1.10054
v -0.96967 -0.72691 -1.05437
v -0.96552 -0.80632 -1.02258
v -1.25499 -0.80577 -0.94539
v -1.17613 -0.77253 -0.94213
v -1.38674 -0.90270 -1.02258
v -1.33385 -0.85451 -0.97551
v -1.17613 -0.93649 -0.94213
v -1.25499 -0.90325 -0.94539
v -1.25410 -0.98468 -0.97191
v -1.46145 -0.93337 -1.18197
v -1.43493 -0.93248 -1.10054
v -1.43493 -0.93248 -1.36088
v -1.46145 -0.93337 -1.27945
v -1.38426 -1.06512 -1.18252
v -1.43133 -1.01223 -1.23071
v -1.38426 -1.06512 -1.27890
v -1.33385 -0.85451 -1.48591
v -1.38674 -0.90270 -1.43884
v -1.17613 -0.77253 -1.51929
v -1.25499 -0.80577 -1.51603
v -1.25410 -0.98468 -1.48951
v -1.25499 -0.90325 -1.51603
v -1.17613 -0.93649 -1.51929
v -1.04853 -0.67817 -1.43717
v -1.09816 -0.72434 -1.48951
v -0.96800 -0.64390 -1.27890
v -0.99979 -0.64805 -1.35831
v -0.96552 -0.80632 -1.43884
v -0.96967 -0.72691 -1.40705
v -0.91733 -0.77654 -1.36088
v -0.96800 -1.06512 -1.18252
v -0.99979 -1.06097 -1.10311
v -1.04596 -1.11331 -1.15274
v -0.96552 -0.90270 -1.02258
v -0.96967 -0.98211 -1.05437
v -0.91733 -0.93248 -1.10054
v -1.12794 -1.06264 -1.02010
v -1.04853 -1.03085 -1.02425
v -1.09816 -0.98468 -0.97191
v -1.12739 -1.13983 -1.15185
v -1.09415 -1.14309 -1.23071
v -1.22432 -1.06264 -1.02010
v -1.17613 -1.10971 -1.07299
v -1.25811 -1.14309 -1.23071
v -1.22487 -1.13983 -1.15185
v -1.30630 -1.11331 -1.15274
v -1.12739 -1.13983 -1.30957
v -1.04596 -1.11331 -1.30868
v -1.30630 -1.11331 -1.30868
v -1.22487 -1.13983 -1.30957
v -1.12794 -1.06264 -1.44132
v -1.17613 -1.10971 -1.38843
v -1.22432 -1.06264 -1.44132
v -0.99979 -1.06097 -1.35831
v -0.96800 -1.06512 -1.27890
v -1.09816 -0.98468 -1.48951
v -1.04853 -1.03085 -1.43717
v -0.91733 -0.93248 -1.36088
v -0.96967 -0.98211 -1.40705
v -0.96552 -0.90270 -1.43884
v -0.92093 -1.01223 -1.23071
v -0.88755 -0.85451 -1.31269
v -0.89081 -0.93337 -1.27945
v -0.89081 -0.93337 -1.18197
v -0.88755 -0.85451 -1.14873
v -1.09727 -0.90325 -0.94539
v -1.01841 -0.85451 -0.97551
v -1.09727 -0.80577 -0.94539
v -1.35247 -1.06097 -1.10311
v -1.30373 -1.03085 -1.02425
v -1.38259 -0.98211 -1.05437
v -1.30373 -1.03085 -1.43717
v -1.35247 -1.06097 -1.35831
v -1.38259 -0.98211 -1.40705
v -1.01841 -0.85451 -1.48591
v -1.09727 -0.90325 -1.51603
v -1.09727 -0.80577 -1.51603
v -0.89081 -0.77565 -1.18197
v -0.89081 -0.77565 -1.27945
v -0.92093 -0.69679 -1.23071
v 0.29152 -1.12742 -1.23071
v 0.60696 -1.12742 -1.23071
v 0.29152 -1.63782 -1.23071
v 0.60696 -1.63782 -1.23071
v 0.44924 -1.54034 -0.97551
v 0.44924 -1.22490 -0.97551
v 0.44924 -1.54034 -1.48591
v 0.44924 -1.22490 -1.48591
v 0.70444 -1.38262 -1.38843
v 0.70444 -1.38262 -1.07299
v 0.19404 -1.38262 -1.38843
v 0.19404 -1.38262 -1.07299
v 0.20653 -1.23262 -1.13800
v 0.29924 -1.28991 -0.98800
v 0.35653 -1.13991 -1.08071
v 0.54195 -1.13991 -1.08071
v 0.44924 -1.08262 -1.23071
v 0.54195 -1.13991 -1.38071
v 0.35653 -1.13991 -1.38071
v 0.29924 -1.28991 -1.47342
v 0.20653 -1.23262 -1.32342
v 0.14924 -1.38262 -1.23071
v 0.59924 -1.28991 -0.98800
v 0.69195 -1.23262 -1.13800
v 0.29924 -1.47533 -0.98800
v 0.44924 -1.38262 -0.93071
v 0.20653 -1.53262 -1.32342
v 0.20653 -1.53262 -1.13800
v 0.44924 -1.38262 -1.53071
v 0.29924 -1.47533 -1.47342
v 0.69195 -1.23262 -1.32342
v 0.59924 -1.28991 -1.47342
v 0.69195 -1.53262 -1.13800
v 0.59924 -1.47533 -0.98800
v 0.54195 -1.62533 -1.08071
v 0.35653 -1.62533 -1.08071
v 0.44924 -1.68262 -1.23071
v 0.35653 -1.62533 -1.38071
v 0.54195 -1.62533 -1.38071
v 0.59924 -1.47533 -1.47342
v 0.69195 -1.53262 -1.32342
v 0.74924 -1.38262 -1.23071
v 0.24111 -1.17201 -1.18252
v 0.27290 -1.17616 -1.10311
v 0.31907 -1.12382 -1.15274
v 0.23863 -1.33443 -1.02258
v 0.24278 -1.25502 -1.05437
v 0.19044 -1.30465 -1.10054
v 0.40105 -1.17449 -1.02010
v 0.32164 -1.20628 -1.02425
v 0.37127 -1.25245 -0.97191
v 0.40050 -1.09730 -1.15185
v 0.36726 -1.09404 -1.23071
v 0.49743 -1.17449 -1.02010
v 0.44924 -1.12742 -1.07299
v 0.53122 -1.09404 -1.23071
v 0.49798 -1.09730 -1.15185
v 0.57941 -1.12382 -1.15274
v 0.40050 -1.09730 -1.30957
v 0.31907 -1.12382 -1.30868
v 0.57941 -1.12382 -1.30868
v 0.49798 -1.09730 -1.30957
v 0.40105 -1.17449 -1.44132
v 0.44924 -1.12742 -1.38843
v 0.49743 -1.17449 -1.44132
v 0.27290 -1.17616 -1.35831
v 0.24111 -1.17201 -1.27890
v 0.37127 -1.25245 -1.48951
v 0.32164 -1.20628 -1.43717
v 0.19044 -1.30465 -1.36088
v 0.24278 -1.25502 -1.40705
v 0.23863 -1.33443 -1.43884
v 0.19404 -1.22490 -1.23071
v 0.16066 -1.38262 -1.31269
v 0.16392 -1.30376 -1.27945
v 0.16392 -1.30376 -1.18197
v 0.16066 -1.38262 -1.14873
v 0.62558 -1.17616 -1.10311
v 0.65737 -1.17201 -1.18252
v 0.52721 -1.25245 -0.97191
v 0.57684 -1.20628 -1.02425
v 0.70804 -1.30465 -1.10054
v 0.65570 -1.25502 -1.05437
v 0.65985 -1.33443 -1.02258
v 0.37038 -1.33388 -0.94539
v 0.44924 -1.30064 -0.94213
v 0.23863 -1.43081 -1.02258
v 0.29152 -1.38262 -0.97551
v 0.44924 -1.46460 -0.94213
v 0.37038 -1.43136 -0.94539
v 0.37127 -1.51279 -0.97191
v 0.16392 -1.46148 -1.18197
v 0.19044 -1.46059 -1.10054
v 0.19044 -1.46059 -1.36088
v 0.16392 -1.46148 -1.27945
v 0.24111 -1.59323 -1.18252
v 0.19404 -1.54034 -1.23071
v 0.24111 -1.59323 -1.27890
v 0.29152 -1.38262 -1.48591
v 0.23863 -1.43081 -1.43884
v 0.44924 -1.30064 -1.51929
v 0.37038 -1.33388 -1.51603
v 0.37127 -1.51279 -1.48951
v 0.37038 -1.43136 -1.51603
v 0.44924 -1.46460 -1.51929
v 0.57684 -1.20628 -1.43717
v 0.52721 -1.25245 -1.48951
v 0.65737 -1.17201 -1.27890
v 0.62558 -1.17616 -1.35831
v 0.65985 -1.33443 -1.43884
v 0.65570 -1.25502 -1.40705
v 0.70804 -1.30465 -1.36088
v 0.65737 -1.59323 -1.18252
v 0.62558 -1.58908 -1.10311
v 0.57941 -1.64142 -1.15274
v 0.65985 -1.43081 -1.02258
v 0.65570 -1.51022 -1.05437
v 0.70804 -1.46059 -1.10054
v 0.49743 -1.59075 -1.02010
v 0.57684 -1.55896 -1.02425
v 0.52721 -1.51279 -0.97191
v 0.49798 -1.66794 -1.15185
v 0.53122 -1.67120 -1.23071
v 0.40105 -1.59075 -1.02010
v 0.44924 -1.63782 -1.07299
v 0.36726 -1.67120 -1.23071
v 0.40050 -1.66794 -1.15185
v 0.31907 -1.64142 -1.15274
v 0.49798 -1.66794 -1.30957
v 0.57941 -1.64142 -1.30868
v 0.31907 -1.64142 -1.30868
v 0.40050 -1.66794 -1.30957
v 0.49743 -1.59075 -1.44132
v 0.44924 -1.63782 -1.38843
v 0.40105 -1.59075 -1.44132
v 0.62558 -1.58908 -1.35831
v 0.65737 -1.59323 -1.27890
v 0.52721 -1.51279 -1.48951
v 0.57684 -1.55896 -1.43717
v 0.70804 -1.46059 -1.36088
v 0.65570 -1.51022 -1.40705
v 0.65985 -1.43081 -1.43884
v 0.70444 -1.54034 -1.23071
v 0.73782 -1.38262 -1.31269
v 0.73456 -1.46148 -1.27945
v 0.73456 -1.46148 -1.18197
v 0.73782 -1.38262 -1.14873
v 0.52810 -1.43136 -0.94539
v 0.60696 -1.38262 -0.97551
v 0.52810 -1.33388 -0.94539
v 0.27290 -1.58908 -1.10311
v 0.32164 -1.55896 -1.02425
v 0.24278 -1.51022 -1.05437
v 0.32164 -1.55896 -1.43717
v 0.27290 -1.58908 -1.35831
v 0.24278 -1.51022 -1.40705
v 0.60696 -1.38262 -1.48591
v 0.52810 -1.43136 -1.51603
v 0.52810 -1.33388 -1.51603
v 0.73456 -1.30376 -1.18197
v 0.73456 -1.30376 -1.27945
v 0.70444 -1.22490 -1.23071
v 0.88734 0.25520 -1.39360
v 1.20278 0.25520 -1.39360
v 0.88734 -0.25520 -1.39360
v 1.20278 -0.25520 -1.39360
v 1.04506 -0.15772 -1.13840
v 1.04506 0.15772 -1.13840
v 1.04506 -0.15772 -1.64880
v 1.04506 0.15772 -1.64880
v 1.30026 0.00000 -1.55132
v 1.30026 0.00000 -1.23588
v 0.78986 0.00000 -1.55132
v 0.78986 0.00000 -1.23588
v 0.80235 0.15000 -1.30089
v 0.89506 0.09271 -1.15089
v 0.95235 0.24271 -1.24360
v 1.13777 0.24271 -1.24360
v 1.04506 0.30000 -1.39360
v 1.13777 0.24271 -1.54360
v 0.95235 0.24271 -1.54360
v 0.89506 0.09271 -1.63631
v 0.80235 0.15000 -1.48631
v 0.74506 0.00000 -1.39360
v 1.19506 0.09271 -1.15089
v 1.28777 0.15000 -1.30089
v 0.89506 -0.09271 -1.15089
v 1.04506 0.00000 -1.09360
v 0.80235 -0.15000 -1.48631
v 0.80235 -0.15000 -1.30089
v 1.04506 0.00000 -1.69360
v 0.89506 -0.09271 -1.63631
v 1.28777 0.15000 -1.48631
v 1.19506 0.09271 -1.63631
v 1.28777 -0.15000 -1.30089
v 1.19506 -0.09271 -1.15089
v 1.13777 -0.24271 -1.24360
v 0.95235 -0.24271 -1.24360
v 1.04506 -0.30000 -1.39360
v 0.95235 -0.24271 -1.54360
v 1.13777 -0.24271 -1.54360
v 1.19506 -0.09271 -1.63631
v 1.28777 -0.15000 -1.48631
v 1.34506 0.00000 -1.39360
v 0.83693 0.21061 -1.34541
v 0.86872 0.20646 -1.26600
v 0.91489 0.25880 -1.31563
v 0.83445 0.04819 -1.18547
v 0.83860 0.12760 -1.21726
v 0.78626 0.07797 -1.26343
v 0.99687 0.20813 -1.18299
v 0.91746 0.17634 -1.18714
v 0.96709 0.13017 -1.13480
v 0.99632 0.28532 -1.31474
v 0.96308 0.28858 -1.39360
v 1.09325 0.20813 -1.18299
v 1.04506 0.25520 -1.23588
v 1.12704 0.28858 -1.39360
v 1.09380 0.28532 -1.31474
v 1.17523 0.25880 -1.31563
v 0.99632 0.28532 -1.47246
v 0.91489 0.25880 -1.47157
v 1.17523 0.25880 -1.47157
v 1.09380 0.28532 -1.47246
v 0.99687 0.20813 -1.60421
v 1.04506 0.25520 -1.55132
v 1.09325 0.20813 -1.60421
v 0.86872 0.20646 -1.52120
v 0.83693 0.21061 -1.44179
v 0.96709 0.13017 -1.65240
v 0.91746 0.17634 -1.60006
v 0.78626 0.07797 -1.52377
v 0.83860 0.12760 -1.56994
v 0.83445 0.04819 -1.60173
v 0.78986 0.15772 -1.39360
v 0.75648 0.00000 -1.47558
v 0.75974 0.07886 -1.44234
v 0.75974 0.07886 -1.34486
v 0.75648 0.00000 -1.31162
v 1.22140 0.20646 -1.26600
v 1.25319 0.21061 -1.34541
v 1.12303 0.13017 -1.13480
v 1.17266 0.17634 -1.18714
v 1.30386 0.07797 -1.26343
v 1.25152 0.12760 -1.21726
v 1.25567 0.04819 -1.18547
v 0.96620 0.04874 -1.10828
v 1.04506 0.08198 -1.10502
v 0.83445 -0.04819 -1.18547
v 0.88734 0.00000 -1.13840
v 1.04506 -0.08198 -1.10502
v 0.96620 -0.04874 -1.10828
v 0.96709 -0.13017 -1.13480
v 0.75974 -0.07886 -1.34486
v 0.78626 -0.07797 -1.26343
v 0.78626 -0.07797 -1.52377
v 0.75974 -0.07886 -1.44234
v 0.83693 -0.21061 -1.34541
v 0.78986 -0.15772 -1.39360
v 0.83693 -0.21061 -1.44179
v 0.88734 0.00000 -1.64880
v 0.83445 -0.04819 -1.60173
v 1.04506 0.08198 -1.68218
v 0.96620 0.04874 -1.67892
v 0.96709 -0.13017 -1.65240
v 0.96620 -0.04874 -1.67892
v 1.04506 -0.08198 -1.68218
v 1.17266 0.17634 -1.60006
v 1.12303 0.13017 -1.65240
v 1.25319 0.21061 -1.44179
v 1.22140 0.20646 -1.52120
v 1.25567 0.04819 -1.60173
v 1.25152 0.12760 -1.56994
v 1.30386 0.07797 -1.52377
v 1.25319 -0.21061 -1.34541
v 1.22140 -0.20646 -1.26600
v 1.17523 -0.25880 -1.31563
v 1.25567 -0.04819 -1.18547
v 1.25152 -0.12760 -1.21726
v 1.30386 -0.07797 -1.26343
v 1.09325 -0.20813 -1.18299
v 1.17266 -0.17634 -1.18714
v 1.12303 -0.13017 -1.13480
v 1.09380 -0.28532 -1.31474
v 1.12704 -0.28858 -1.39360
v 0.99687 -0.20813 -1.18299
v 1.04506 -0.25520 -1.23588
v 0.96308 -0.28858 -1.39360
v 0.99632 -0.28532 -1.31474
v 0.91489 -0.25880 -1.31563
v 1.09380 -0.28532 -1.47246
v 1.17523 -0.25880 -1.47157
v 0.91489 -0.25880 -1.47157
v 0.99632 -0.28532 -1.47246
v 1.09325 -0.20813 -1.60421
v 1.04506 -0.25520 -1.55132
v 0.99687 -0.20813 -1.60421
v 1.22140 -0.20646 -1.52120
v 1.25319 -0.21061 -1.44179
v 1.12303 -0.13017 -1.65240
v 1.17266 -0.17634 -1.60006
v 1.30386 -0.07797 -1.52377
v 1.25152 -0.12760 -1.56994
v 1.25567 -0.04819 -1.60173
v 1.30026 -0.15772 -1.39360
v 1.33364 0.00000 -1.47558
v 1.33038 -0.07886 -1.44234
v 1.33038 -0.07886 -1.34486
v 1.33364 0.00000 -1.31162
v 1.12392 -0.04874 -1.10828
v 1.20278 0.00000 -1.13840
v 1.12392 0.04874 -1.10828
v 0.86872 -0.20646 -1.26600
v 0.91746 -0.17634 -1.18714
v 0.83860 -0.12760 -1.21726
v 0.91746 -0.17634 -1.60006
v 0.86872 -0.20646 -1.52120
v 0.83860 -0.12760 -1.56994
v 1.20278 0.00000 -1.64880
v 1.12392 -0.04874 -1.67892
v 1.12392 0.04874 -1.67892
v 1.33038 0.07886 -1.34486
v 1.33038 0.07886 -1.44234
v 1.30026 0.15772 -1.39360
v 0.16522 1.24911 -1.39360
v 0.48066 1.24911 -1.39360
v 0.16522 0.73871 -1.39360
v 0.48066 0.73871 -1.39360
v 0.32294 0.83619 -1.13840
v 0.32294 1.15163 -1.13840
v 0.32294 0.83619 -1.64880
v 0.32294 1.15163 -1.64880
v 0.57814 0.99391 -1.55132
v 0.57814 0.99391 -1.23588
v 0.06774 0.99391 -1.55132
v 0.06774 0.99391 -1.23588
v 0.08023 1.14391 -1.30089
v 0.17294 1.08662 -1.15089
v 0.23023 1.23662 -1.24360
v 0.41565 1.23662 -1.24360
v 0.32294 1.29391 -1.39360
v 0.41565 1.23662 -1.54360
v 0.23023 1.23662 -1.54360
v 0.17294 1.08662 -1.63631
v 0.08023 1.14391 -1.48631
v 0.02294 0.99391 -1.39360
v 0.47294 1.08662 -1.15089
v 0.56565 1.14391 -1.30089
v 0.17294 0.90120 -1.15089
v 0.32294 0.99391 -1.09360
v 0.08023 0.84391 -1.48631
v 0.08023 0.84391 -1.30089
v 0.32294 0.99391 -1.69360
v 0.17294 0.90120 -1.63631
v 0.56565 1.14391 -1.48631
v 0.47294 1.08662 -1.63631
v 0.56565 0.84391 -1.30089
v 0.47294 0.90120 -1.15089
v 0.41565 0.75120 -1.24360
v 0.23023 0.75120 -1.24360
v 0.32294 0.69391 -1.39360
v 0.23023 0.75120 -1.54360
v 0.41565 0.75120 -1.54360
v 0.47294 0.90120 -1.63631
v 0.56565 0.84391 -1.48631
v 0.62294 0.99391 -1.39360
v 0.11481 1.20452 -1.34541
v 0.14660 1.20037 -1.26600
v 0.19277 1.25271 -1.31563
v 0.11233 1.04210 -1.18547
v 0.11648 1.12151 -1.21726
v 0.06414 1.07188 -1.26343
v 0.27475 1.20204 -1.18299
v 0.19534 1.17025 -1.18714
v 0.24497 1.12408 -1.13480
v 0.27420 1.27923 -1.31474
v 0.24096 1.28249 -1.39360
v 0.37113 1.20204 -1.18299
v 0.32294 1.24911 -1.23588
v 0.40492 1.28249 -1.39360
v 0.37168 1.27923 -1.31474
v 0.45311 1.25271 -1.31563
v 0.27420 1.27923 -1.47246
v 0.19277 1.25271 -1.47157
v 0.45311 1.25271 -1.47157
v 0.37168 1.27923 -1.47246
v 0.27475 1.20204 -1.60421
v 0.32294 1.24911 -1.55132
v 0.37113 1.20204 -1.60421
v 0.14660 1.20037 -1.52120
v 0.11481 1.20452 -1.44179
v 0.24497 1.12408 -1.65240
v 0.19534 1.17025 -1.60006
v 0.06414 1.07188 -1.52377
v 0.11648 1.12151 -1.56994
v 0.11233 1.04210 -1.60173
v 0.06774 1.15163 -1.39360
v 0.03436 0.99391 -1.47558
v 0.03762 1.07277 -1.44234
v 0.03762 1.07277 -1.34486
v 0.03436 0.99391 -1.31162
v 0.49928 1.20037 -1.26600
v 0.53107 1.20452 -1.34541
v 0.40091 1.12408 -1.13480
v 0.45054 1.17025 -1.18714
v 0.58174 1.07188 -1.26343
v 0.52940 1.12151 -1.21726
v 0.53355 1.04210 -1.18547
v 0.24408 1.04265 -1.10828
v 0.32294 1.07589 -1.10502
v 0.11233 0.94572 -1.18547
v 0.16522 0.99391 -1.13840
v 0.32294 0.91193 -1.10502
v 0.24408 0.94517 -1.10828
v 0.24497 0.86374 -1.13480
v 0.03762 0.91505 -1.34486
v 0.06414 0.91594 -1.26343
v 0.06414 0.91594 -1.52377
v 0.03762 0.91505 -1.44234
v 0.11481 0.78330 -1.34541
v 0.06774 0.83619 -1.39360
v 0.11481 0.78330 -1.44179
v 0.16522 0.99391 -1.64880
v 0.11233 0.94572 -1.60173
v 0.32294 1.07589 -1.68218
v 0.24408 1.04265 -1.67892
v 0.24497 0.86374 -1.65240
v 0.24408 0.94517 -1.67892
v 0.32294 0.91193 -1.68218
v 0.45054 1.17025 -1.60006
v 0.40091 1.12408 -1.65240
v 0.53107 1.20452 -1.44179
v 0.49928 1.20037 -1.52120
v 0.53355 1.04210 -1.60173
v 0.52940 1.12151 -1.56994
v 0.58174 1.07188 -1.52377
v 0.53107 0.78330 -1.34541
v 0.49928 0.78745 -1.26600
v 0.45311 0.73511 -1.31563
v 0.53355 0.94572 -1.18547
v 0.52940 0.86631 -1.21726
v 0.58174 0.91594 -1.26343
v 0.37113 0.78578 -1.18299
v 0.45054 0.81757 -1.18714
v 0.40091 0.86374 -1.13480
v 0.37168 0.70859 -1.31474
v 0.40492 0.70533 -1.39360
v 0.27475 0.78578 -1.18299
v 0.32294 0.73871 -1.23588
v 0.24096 0.70533 -1.39360
v 0.27420 0.70859 -1.31474
v 0.19277 0.73511 -1.31563
v 0.37168 0.70859 -1.47246
v 0.45311 0.73511 -1.47157
v 0.19277 0.73511 -1.47157
v 0.27420 0.70859 -1.47246
v 0.37113 0.78578 -1.60421
v 0.32294 0.73871 -1.55132
v 0.27475 0.78578 -1.60421
v 0.49928 0.78745 -1.52120
v 0.53107 0.78330 -1.44179
v 0.40091 0.86374 -1.65240
v 0.45054 0.81757 -1.60006
v 0.58174 0.91594 -1.52377
v 0.52940 0.86631 -1.56994
v 0.53355 0.94572 -1.60173
v 0.57814 0.83619 -1.39360
v 0.61152 0.99391 -1.47558
v 0.60826 0.91505 -1.44234
v 0.60826 0.91505 -1.34486
v 0.61152 0.99391 -1.31162
v 0.40180 0.94517 -1.10828
v 0.48066 0.99391 -1.13840
v 0.40180 1.04265 -1.10828
v 0.14660 0.78745 -1.26600
v 0.19534 0.81757 -1.18714
v 0.11648 0.86631 -1.21726
v 0.19534 0.81757 -1.60006
v 0.14660 0.78745 -1.52120
v 0.11648 0.86631 -1.56994
v 0.48066 0.99391 -1.64880
v 0.40180 0.94517 -1.67892
v 0.40180 1.04265 -1.67892
v 0.60826 1.07277 -1.34486
v 0.60826 1.07277 -1.44234
v 0.57814 1.15163 -1.39360
v -1.00319 0.86947 -1.39360
v -0.68775 0.86947 -1.39360
v -1.00319 0.35907 -1.39360
v -0.68775 0.35907 -1.39360
v -0.84547 0.45655 -1.13840
v -0.84547 0.77199 -1.13840
v -0.84547 0.45655 -1.64880
v -0.84547 0.77199 -1.64880
v -0.59027 0.61427 -1.55132
v -0.59027 0.61427 -1.23588
v -1.10067 0.61427 -1.55132
v -1.10067 0.61427 -1.23588
v -1.08818 0.76427 -1.30089
v -0.99547 0.70698 -1.15089
v -0.93818 0.85698 -1.24360
v -0.75276 0.85698 -1.24360
v -0.84547 0.91427 -1.39360
v -0.75276 0.85698 -1.54360
v -0.93818 0.85698 -1.54360
v -0.99547 0.70698 -1.63631
v -1.08818 0.76427 -1.48631
v -1.14547 0.61427 -1.39360
v -0.69547 0.70698 -1.15089
v -0.60276 0.76427 -1.30089
v -0.99547 0.52156 -1.15089
v -0.84547 0.61427 -1.09360
v -1.08818 0.46427 -1.48631
v -1.08818 0.46427 -1.30089
v -0.84547 0.61427 -1.69360
v -0.99547 0.52156 -1.63631
v -0.60276 0.76427 -1.48631
v -0.69547 0.70698 -1.63631
v -0.60276 0.46427 -1.30089
v -0.69547 0.52156 -1.15089
v -0.75276 0.37156 -1.24360
v -0.93818 0.37156 -1.24360
v -0.84547 0.31427 -1.39360
v -0.93818 0.37156 -1.54360
v -0.75276 0.37156 -1.54360
v -0.69547 0.52156 -1.63631
v -0.60276 0.46427 -1.48631
v -0.54547 0.61427 -1.39360
v -1.05360 0.82488 -1.34541
v -1.02181 0.82073 -1.26600
v -0.97564 0.87307 -1.31563
v -1.05608 0.66246 -1.18547
v -1.05193 0.74187 -1.21726
v -1.10427 0.69224 -1.26343
v -0.89366 0.82240 -1.18299
v -0.97307 0.79061 -1.18714
v -0.92344 0.74444 -1.13480
v -0.89421 0.89959 -1.31474
v -0.92745 0.90285 -1.39360
v -0.79728 0.82240 -1.18299
v -0.84547 0.86947 -1.23588
v -0.76349 0.90285 -1.39360
v -0.79673 0.89959 -1.31474
v -0.71530 0.87307 -1.31563
v -0.89421 0.89959 -1.47246
v -0.97564 0.87307 -1.47157
v -0.71530 0.87307 -1.47157
v -0.79673 0.89959 -1.47246
v -0.89366 0.82240 -1.60421
v -0.84547 0.86947 -1.55132
v -0.79728 0.82240 -1.60421
v -1.02181 0.82073 -1.52120
v -1.05360 0.82488 -1.44179
v -0.92344 0.74444 -1.65240
v -0.97307 0.79061 -1.60006
v -1.10427 0.69224 -1.52377
v -1.05193 0.74187 -1.56994
v -1.05608 0.66246 -1.60173
v -1.10067 0.77199 -1.39360
v -1.13405 0.61427 -1.47558
v -1.13079 0.69313 -1.44234
v -1.13079 0.69313 -1.34486
v -1.13405 0.61427 -1.31162
v -0.66913 0.82073 -1.26600
v -0.63734 0.82488 -1.34541
v -0.76750 0.74444 -1.13480
v -0.71787 0.79061 -1.18714
v -0.58667 0.69224 -1.26343
v -0.63901 0.74187 -1.21726
v -0.63486 0.66246 -1.18547
v -0.92433 0.66301 -1.10828
v -0.84547 0.69625 -1.10502
v -1.05608 0.56608 -1.18547
v -1.00319 0.61427 -1.13840
v -0.84547 0.53229 -1.10502
v -0.92433 0.56553 -1.10828
v -0.92344 0.48410 -1.13480
v -1.13079 0.53541 -1.34486
v -1.10427 0.53630 -1.26343
v -1.10427 0.53630 -1.52377
v -1.13079 0.53541 -1.44234
v -1.05360 0.40366 -1.34541
v -1.10067 0.45655 -1.39360
v -1.05360 0.40366 -1.44179
v -1.00319 0.61427 -1.64880
v -1.05608 0.56608 -1.60173
v -0.84547 0.69625 -1.68218
v -0.92433 0.66301 -1.67892
v -0.92344 0.48410 -1.65240
v -0.92433 0.56553 -1.67892
v -0.84547 0.53229 -1.68218
v -0.71787 0.79061 -1.60006
v -0.76750 0.74444 -1.65240
v -0.63734 0.82488 -1.44179
v -0.66913 0.82073 -1.52120
v -0.63486 0.66246 -1.60173
v -0.63901 0.74187 -1.56994
v -0.58667 0.69224 -1.52377
v -0.63734 0.40366 -1.34541
v -0.66913 0.40781 -1.26600
v -0.71530 0.35547 -1.31563
v -0.63486 0.56608 -1.18547
v -0.63901 0.48667 -1.21726
v -0.58667 0.53630 -1.26343
v -0.79728 0.40614 -1.18299
v -0.71787 0.43793 -1.18714
v -0.76750 0.48410 -1.13480
v -0.79673 0.32895 -1.31474
v -0.76349 0.32569 -1.39360
v -0.89366 0.40614 -1.18299
v -0.84547 0.35907 -1.23588
v -0.92745 0.32569 -1.39360
v -0.89421 0.32895 -1.31474
v -0.97564 0.35547 -1.31563
v -0.79673 0.32895 -1.47246
v -0.71530 0.35547 -1.47157
v -0.97564 0.35547 -1.47157
v -0.89421 0.32895 -1.47246
v -0.79728 0.40614 -1.60421
v -0.84547 0.35907 -1.55132
v -0.89366 0.40614 -1.60421
v -0.66913 0.40781 -1.52120
v -0.63734 0.40366 -1.44179
v -0.76750 0.48410 -1.65240
v -0.71787 0.43793 -1.60006
v -0.58667 0.53630 -1.52377
v -0.63901 0.48667 -1.56994
v -0.63486 0.56608 -1.60173
v -0.59027 0.45655 -1.39360
v -0.55689 0.61427 -1.47558
v -0.56015 0.53541 -1.44234
v -0.56015 0.53541 -1.34486
v -0.55689 0.61427 -1.31162
v -0.76661 0.56553 -1.10828
v -0.68775 0.61427 -1.13840
v -0.76661 0.66301 -1.10828
v -1.02181 0.40781 -1.26600
v -0.97307 0.43793 -1.18714
v -1.05193 0.48667 -1.21726
v -0.97307 0.43793 -1.60006
v -1.02181 0.40781 -1.52120
v -1.05193 0.48667 -1.56994
v -0.68775 0.61427 -1.64880
v -0.76661 0.56553 -1.67892
v -0.76661 0.66301 -1.67892
v -0.56015 0.69313 -1.34486
v -0.56015 0.69313 -1.44234
v -0.59027 0.77199 -1.39360
v -1.00319 -0.35907 -1.39360
v -0.68775 -0.35907 -1.39360
v -1.00319 -0.86947 -1.39360
v -0.68775 -0.86947 -1.39360
v -0.84547 -0.77199 -1.13840
v -0.84547 -0.45655 -1.13840
v -0.84547 -0.77199 -1.64880
v -0.84547 -0.45655 -1.64880
v -0.59027 -0.61427 -1.55132
v -0.59027 -0.61427 -1.23588
v -1.10067 -0.61427 -1.55132
v -1.10067 -0.61427 -1.23588
v -1.08818 -0.46427 -1.30089
v -0.99547 -0.52156 -1.15089
v -0.93818 -0.37156 -1.24360
v -0.75276 -0.37156 -1.24360
v -0.84547 -0.31427 -1.39360
v -0.75276 -0.37156 -1.54360
v -0.93818 -0.37156 -1.54360
v -0.99547 -0.52156 -1.63631
v -1.08818 -0.46427 -1.48631
v -1.14547 -0.61427 -1.39360
v -0.69547 -0.52156 -1.15089
v -0.60276 -0.46427 -1.30089
v -0.99547 -0.70698 -1.15089
v -0.84547 -0.61427 -1.09360
v -1.08818 -0.76427 -1.48631
v -1.08818 -0.76427 -1.30089
v -0.84547 -0.61427 -1.69360
v -0.99547 -0.70698 -1.63631
v -0.60276 -0.46427 -1.48631
v -0.69547 -0.52156 -1.63631
v -0.60276 -0.76427 -1.30089
v -0.69547 -0.70698 -1.15089
v -0.75276 -0.85698 -1.24360
v -0.93818 -0.85698 -1.24360
v -0.84547 -0.91427 -1.39360
v -0.93818 -0.85698 -1.54360
v -0.75276 -0.85698 -1.54360
v -0.69547 -0.70698 -1.63631
v -0.60276 -0.76427 -1.48631
v -0.54547 -0.61427 -1.39360
v -1.05360 -0.40366 -1.34541
v -1.02181 -0.40781 -1.26600
v -0.97564 -0.35547 -1.31563
v -1.05608 -0.56608 -1.18547
v -1.05193 -0.48667 -1.21726
v -1.10427 -0.53630 -1.26343
v -0.89366 -0.40614 -1.18299
v -0.97307 -0.43793 -1.18714
v -0.92344 -0.48410 -1.13480
v -0.89421 -0.32895 -1.31474
v -0.92745 -0.32569 -1.39360
v -0.79728 -0.40614 -1.18299
v -0.84547 -0.35907 -1.23588
v -0.76349 -0.32569 -1.39360
v -0.79673 -0.32895 -1.31474
v -0.71530 -0.35547 -1.31563
v -0.89421 -0.32895 -1.47246
v -0.97564 -0.35547 -1.47157
v -0.71530 -0.35547 -1.47157
v -0.79673 -0.32895 -1.47246
v -0.89366 -0.40614 -1.60421
v -0.84547 -0.35907 -1.55132
v -0.79728 -0.40614 -1.60421
v -1.02181 -0.40781 -1.52120
v -1.05360 -0.40366 -1.44179
v -0.92344 -0.48410 -1.65240
v -0.97307 -0.43793 -1.60006
v -1.10427 -0.53630 -1.52377
v -1.05193 -0.48667 -1.56994
v -1.05608 -0.56608 -1.60173
v -1.10067 -0.45655 -1.39360
v -1.13405 -0.61427 -1.47558
v -1.13079 -0.53541 -1.44234
v -1.13079 -0.53541 -1.34486
v -1.13405 -0.61427 -1.31162
v -0.66913 -0.40781 -1.26600
v -0.63734 -0.40366 -1.34541
v -0.76750 -0.48410 -1.13480
v -0.71787 -0.43793 -1.18714
v -0.58667 -0.53630 -1.26343
v -0.63901 -0.48667 -1.21726
v -0.63486 -0.56608 -1.18547
v -0.92433 -0.56553 -1.10828
v -0.84547 -0.53229 -1.10502
v -1.05608 -0.66246 -1.18547
v -1.00319 -0.61427 -1.13840
v -0.84547 -0.69625 -1.10502
v -0.92433 -0.66301 -1.10828
v -0.92344 -0.74444 -1.13480
v -1.13079 -0.69313 -1.34486
v -1.10427 -0.69224 -1.26343
v -1.10427 -0.69224 -1.52377
v -1.13079 -0.69313 -1.44234
v -1.05360 -0.82488 -1.34541
v -1.10067 -0.77199 -1.39360
v -1.05360 -0.82488 -1.44179
v -1.00319 -0.61427 -1.64880
v -1.05608 -0.66246 -1.60173
v -0.84547 -0.53229 -1.68218
v -0.92433 -0.56553 -1.67892
v -0.92344 -0.74444 -1.65240
v -0.92433 -0.66301 -1.67892
v -0.84547 -0.69625 -1.68218
v -0.71787 -0.43793 -1.60006
v -0.76750 -0.48410 -1.65240
v -0.63734 -0.40366 -1.44179
v -0.66913 -0.40781 -1.52120
v -0.63486 -0.56608 -1.60173
v -0.63901 -0.48667 -1.56994
v -0.58667 -0.53630 -1.52377
v -0.63734 -0.82488 -1.34541
v -0.66913 -0.82073 -1.26600
v -0.71530 -0.87307 -1.31563
v -0.63486 -0.66246 -1.18547
v -0.63901 -0.74187 -1.21726
v -0.58667 -0.69224 -1.26343
v -0.79728 -0.82240 -1.18299
v -0.71787 -0.79061 -1.18714
v -0.76750 -0.74444 -1.13480
v -0.79673 -0.89959 -1.31474
v -0.76349 -0.90285 -1.39360
v -0.89366 -0.82240 -1.18299
v -0.84547 -0.86947 -1.23588
v -0.92745 -0.90285 -1.39360
v -0.89421 -0.89959 -1.31474
v -0.97564 -0.87307 -1.31563
v -0.79673 -0.89959 -1.47246
v -0.71530 -0.87307 -1.47157
v -0.97564 -0.87307 -1.47157
v -0.89421 -0.89959 -1.47246
v -0.79728 -0.82240 -1.60421
v -0.84547 -0.86947 -1.55132
v -0.89366 -0.82240 -1.60421
v -0.66913 -0.82073 -1.52120
v -0.63734 -0.82488 -1.44179
v -0.76750 -0.74444 -1.65240
v -0.71787 -0.79061 -1.60006
v -0.58667 -0.69224 -1.52377
v -0.63901 -0.74187 -1.56994
v -0.63486 -0.66246 -1.60173
v -0.59027 -0.77199 -1.39360
v -0.55689 -0.61427 -1.47558
v -0.56015 -0.69313 -1.44234
v -0.56015 -0.69313 -1.34486
v -0.55689 -0.61427 -1.31162
v -0.76661 -0.66301 -1.10828
v -0.68775 -0.61427 -1.13840
v -0.76661 -0.56553 -1.10828
v -1.02181 -0.82073 -1.26600
v -0.97307 -0.79061 -1.18714
v -1.05193 -0.74187 -1.21726
v -0.97307 -0.79061 -1.60006
v -1.02181 -0.82073 -1.52120
v -1.05193 -0.74187 -1.56994
v -0.68775 -0.61427 -1.64880
v -0.76661 -0.66301 -1.67892
v -0.76661 -0.56553 -1.67892
v -0.56015 -0.53541 -1.34486
v -0.56015 -0.53541 -1.44234
v -0.59027 -0.45655 -1.39360
v 0.16522 -0.73871 -1.39360
v 0.48066 -0.73871 -1.39360
v 0.16522 -1.24911 -1.39360
v 0.48066 -1.24911 -1.39360
v 0.32294 -1.15163 -1.13840
v 0.32294 -0.83619 -1.13840
v 0.32294 -1.15163 -1.64880
v 0.32294 -0.83619 -1.64880
v 0.57814 -0.99391 -1.55132
v 0.57814 -0.99391 -1.23588
v 0.06774 -0.99391 -1.55132
v 0.06774 -0.99391 -1.23588
v 0.08023 -0.84391 -1.30089
v 0.17294 -0.90120 -1.15089
v 0.23023 -0.75120 -1.24360
v 0.41565 -0.75120 -1.24360
v 0.32294 -0.69391 -1.39360
v 0.41565 -0.75120 -1.54360
v 0.23023 -0.75120 -1.54360
v 0.17294 -0.90120 -1.63631
v 0.08023 -0.84391 -1.48631
v 0.02294 -0.99391 -1.39360
v 0.47294 -0.90120 -1.15089
v 0.56565 -0.84391 -1.30089
v 0.17294 -1.08662 -1.15089
v 0.32294 -0.99391 -1.09360
v 0.08023 -1.14391 -1.48631
v 0.08023 -1.14391 -1.30089
v 0.32294 -0.99391 -1.69360
v 0.17294 -1.08662 -1.63631
v 0.56565 -0.84391 -1.48631
v 0.47294 -0.90120 -1.63631
v 0.56565 -1.14391 -1.30089
v 0.47294 -1.08662 -1.15089
v 0.41565 -1.23662 -1.24360
v 0.23023 -1.23662 -1.24360
v 0.32294 -1.29391 -1.39360
v 0.23023 -1.23662 -1.54360
v 0.41565 -1.23662 -1.54360
v 0.47294 -1.08662 -1.63631
v 0.56565 -1.14391 -1.48631
v 0.62294 -0.99391 -1.39360
v 0.11481 -0.78330 -1.34541
v 0.14660 -0.78745 -1.26600
v 0.19277 -0.73511 -1.31563
v 0.11233 -0.94572 -1.18547
v 0.11648 -0.86631 -1.21726
v 0.06414 -0.91594 -1.26343
v 0.27475 -0.78578 -1.18299
v 0.19534 -0.81757 -1.18714
v 0.24497 -0.86374 -1.13480
v 0.27420 -0.70859 -1.31474
v 0.24096 -0.70533 -1.39360
v 0.37113 -0.78578 -1.18299
v 0.32294 -0.73871 -1.23588
v 0.40492 -0.70533 -1.39360
v 0.37168 -0.70859 -1.31474
v 0.45311 -0.73511 -1.31563
v 0.27420 -0.70859 -1.47246
v 0.19277 -0.73511 -1.47157
v 0.45311 -0.73511 -1.47157
v 0.37168 -0.70859 -1.47246
v 0.27475 -0.78578 -1.60421
v 0.32294 -0.73871 -1.55132
v 0.37113 -0.78578 -1.60421
v 0.14660 -0.78745 -1.52120
v 0.11481 -0.78330 -1.44179
v 0.24497 -0.86374 -1.65240
v 0.19534 -0.81757 -1.60006
v 0.06414 -0.91594 -1.52377
v 0.11648 -0.86631 -1.56994
v 0.11233 -0.94572 -1.60173
v 0.06774 -0.83619 -1.39360
v 0.03436 -0.99391 -1.47558
v 0.03762 -0.91505 -1.44234
v 0.03762 -0.91505 -1.34486
v 0.03436 -0.99391 -1.31162
v 0.49928 -0.78745 -1.26600
v 0.53107 -0.78330 -1.34541
v 0.40091 -0.86374 -1.13480
v 0.45054 -0.81757 -1.18714
v 0.58174 -0.91594 -1.26343
v 0.52940 -0.86631 -1.21726
v 0.53355 -0.94572 -1.18547
v 0.24408 -0.94517 -1.10828
v 0.32294 -0.91193 -1.10502
v 0.11233 -1.04210 -1.18547
v 0.16522 -0.99391 -1.13840
v 0.32294 -1.07589 -1.10502
v 0.24408 -1.04265 -1.10828
v 0.24497 -1.12408 -1.13480
v 0.03762 -1.07277 -1.34486
v 0.06414 -1.07188 -1.26343
v 0.06414 -1.07188 -1.52377
v 0.03762 -1.07277 -1.44234
v 0.11481 -1.20452 -1.34541
v 0.06774 -1.15163 -1.39360
v 0.11481 -1.20452 -1.44179
v 0.16522 -0.99391 -1.64880
v 0.11233 -1.04210 -1.60173
v 0.32294 -0.91193 -1.68218
v 0.24408 -0.94517 -1.67892
v 0.24497 -1.12408 -1.65240
v 0.24408 -1.04265 -1.67892
v 0.32294 -1.07589 -1.68218
v 0.45054 -0.81757 -1.60006
v 0.40091 -0.86374 -1.65240
v 0.53107 -0.78330 -1.44179
v 0.49928 -0.78745 -1.52120
v 0.53355 -0.94572 -1.60173
v 0.52940 -0.86631 -1.56994
v 0.58174 -0.91594 -1.52377
v 0.53107 -1.20452 -1.34541
v 0.49928 -1.20037 -1.26600
v 0.45311 -1.25271 -1.31563
v 0.53355 -1.04210 -1.18547
v 0.52940 -1.12151 -1.21726
v 0.58174 -1.07188 -1.26343
v 0.37113 -1.20204 -1.18299
v 0.45054 -1.17025 -1.18714
v 0.40091 -1.12408 -1.13480
v 0.37168 -1.27923 -1.31474
v 0.40492 -1.28249 -1.39360
v 0.27475 -1.20204 -1.18299
v 0.32294 -1.24911 -1.23588
v 0.24096 -1.28249 -1.39360
v 0.27420 -1.27923 -1.31474
v 0.19277 -1.25271 -1.31563
v 0.37168 -1.27923 -1.47246
v 0.45311 -1.25271 -1.47157
v 0.19277 -1.25271 -1.47157
v 0.27420 -1.27923 -1.47246
v 0.37113 -1.20204 -1.60421
v 0.32294 -1.24911 -1.55132
v 0.27475 -1.20204 -1.60421
v 0.49928 -1.20037 -1.52120
v 0.53107 -1.20452 -1.44179
v 0.40091 -1.12408 -1.65240
v 0.45054 -1.17025 -1.60006
v 0.58174 -1.07188 -1.52377
v 0.52940 -1.12151 -1.56994
v 0.53355 -1.04210 -1.60173
v 0.57814 -1.15163 -1.39360
v 0.61152 -0.99391 -1.47558
v 0.60826 -1.07277 -1.44234
v 0.60826 -1.07277 -1.34486
v 0.61152 -0.99391 -1.31162
v 0.40180 -1.04265 -1.10828
v 0.48066 -0.99391 -1.13840
v 0.40180 -0.94517 -1.10828
v 0.14660 -1.20037 -1.26600
v 0.19534 -1.17025 -1.18714
v 0.11648 -1.12151 -1.21726
v 0.19534 -1.17025 -1.60006
v 0.14660 -1.20037 -1.52120
v 0.11648 -1.12151 -1.56994
v 0.48066 -0.99391 -1.64880
v 0.40180 -1.04265 -1.67892
v 0.40180 -0.94517 -1.67892
v 0.60826 -0.91505 -1.34486
v 0.60826 -0.91505 -1.44234
v 0.57814 -0.83619 -1.39360
v 1.45377 0.00000 -1.13071
v 1.40622 0.03455 -1.14981
v 1.37683 0.05590 -1.19981
v 1.37683 0.05590 -1.26161
v 1.40622 0.03455 -1.31161
v 1.45377 0.00000 -1.33071
v 1.50132 -0.03455 -1.31161
v 1.53071 -0.05590 -1.26161
v 1.53071 -0.05590 -1.19981
v 1.50132 -0.03455 -1.14981
v 0.44924 -1.38262 -1.13071
v 0.40169 -1.34807 -1.14981
v 0.37230 -1.32672 -1.19981
v 0.37230 -1.32672 -1.26161
v 0.40169 -1.34807 -1.31161
v 0.44924 -1.38262 -1.33071
v 0.49679 -1.41717 -1.31161
v 0.52618 -1.43852 -1.26161
v 0.52618 -1.43852 -1.19981
v 0.49679 -1.41717 -1.14981
v -1.17613 0.79839 -1.14794
v -1.21491 0.77255 -1.18854
v -1.23887 0.77801 -1.24524
v -1.23887 0.81269 -1.29640
v -1.21491 0.86335 -1.32246
v -1.17613 0.91063 -1.31348
v -1.13735 0.93647 -1.27288
v -1.11339 0.93101 -1.21618
v -1.11339 0.89633 -1.16502
v -1.13735 0.84567 -1.13896
v -0.84547 0.55815 -1.31083
v -0.88425 0.53231 -1.35143
v -0.90821 0.53777 -1.40813
v -0.90821 0.57245 -1.45929
v -0.88425 0.62311 -1.48535
v -0.84547 0.67039 -1.47637
v -0.80669 0.69623 -1.43577
v -0.78273 0.69077 -1.37907
v -0.78273 0.65609 -1.32791
v -0.80669 0.60543 -1.30185
v -2.41210 1.75250 1.64577
v -2.47088 1.75250 1.62667
v -2.50721 1.75250 1.57667
v -2.50721 1.75250 1.51487
v -2.47088 1.75250 1.46487
v -2.41210 1.75250 1.44577
v -2.35332 1.75250 1.46487
v -2.31699 1.75250 1.51487
v -2.31699 1.75250 1.57667
v -2.35332 1.75250 1.62667
v -2.41210 -1.75250 1.64577
v -2.47088 -1.75250 1.62667
v -2.50721 -1.75250 1.57667
v -2.50721 -1.75250 1.51487
v -2.47088 -1.75250 1.46487
v -2.41210 -1.75250 1.44577
v -2.35332 -1.75250 1.46487
v -2.31699 -1.75250 1.51487
v -2.31699 -1.75250 1.57667
v -2.35332 -1.75250 1.62667
v -2.41210 -1.85140 1.53098
v -2.46970 -1.83078 1.52221
v -2.50529 -1.78026 1.52244
v -2.50529 -1.71913 1.53158
v -2.46970 -1.67075 1.54614
v -2.41210 -1.65360 1.56056
v -2.35450 -1.67422 1.56933
v -2.31891 -1.72474 1.56910
v -2.31891 -1.78587 1.55996
v -2.35450 -1.83425 1.54540
v -2.03763 -1.57933 -0.28852
v -2.09523 -1.55871 -0.29729
v -2.13082 -1.50819 -0.29706
v -2.13082 -1.44706 -0.28792
v -2.09523 -1.39868 -0.27336
v -2.03763 -1.38153 -0.25894
v -1.98003 -1.40215 -0.25017
v -1.94444 -1.45267 -0.25040
v -1.94444 -1.51380 -0.25954
v -1.98003 -1.56218 -0.27410
v 0.56880 1.75060 -0.87817
v 0.55064 1.80650 -0.89727
v 0.53941 1.84105 -0.94727
v 0.53941 1.84105 -1.00907
v 0.55064 1.80650 -1.05907
v 0.56880 1.75060 -1.07817
v 0.58696 1.69470 -1.05907
v 0.59819 1.66015 -1.00907
v 0.59819 1.66015 -0.94727
v 0.58696 1.69470 -0.89727
v -1.48915 1.08193 -0.87817
v -1.50731 1.13783 -0.89727
v -1.51854 1.17238 -0.94727
v -1.51854 1.17238 -1.00907
v -1.50731 1.13783 -1.05907
v -1.48915 1.08193 -1.07817
v -1.47099 1.02603 -1.05907
v -1.45976 0.99148 -1.00907
v -1.45976 0.99148 -0.94727
v -1.47099 1.02603 -0.89727
v 1.04506 0.00000 -1.49360
v 0.99751 -0.03455 -1.47450
v 0.96812 -0.05590 -1.42450
v 0.96812 -0.05590 -1.36270
v 0.99751 -0.03455 -1.31270
v 1.04506 -0.00000 -1.29360
v 1.09261 0.03455 -1.31270
v 1.12200 0.05590 -1.36270
v 1.12200 0.05590 -1.42450
v 1.09261 0.03455 -1.47450
v 0.32294 0.99391 -1.49360
v 0.27539 0.95936 -1.47450
v 0.24600 0.93801 -1.42450
v 0.24600 0.93801 -1.36270
v 0.27539 0.95936 -1.31270
v 0.32294 0.99391 -1.29360
v 0.37049 1.02846 -1.31270
v 0.39988 1.04981 -1.36270
v 0.39988 1.04981 -1.42450
v 0.37049 1.02846 -1.47450
v 0.32294 0.99391 -1.29360
v 0.30478 1.04981 -1.31270
v 0.29355 1.08436 -1.36270
v 0.29355 1.08436 -1.42450
v 0.30478 1.04981 -1.47450
v 0.32294 0.99391 -1.49360
v 0.34110 0.93801 -1.47450
v 0.35233 0.90346 -1.42450
v 0.35233 0.90346 -1.36270
v 0.34110 0.93801 -1.31270
v -0.84547 0.61427 -1.29360
v -0.86363 0.67017 -1.31270
v -0.87486 0.70472 -1.36270
v -0.87486 0.70472 -1.42450
v -0.86363 0.67017 -1.47450
v -0.84547 0.61427 -1.49360
v -0.82731 0.55837 -1.47450
v -0.81608 0.52382 -1.42450
v -0.81608 0.52382 -1.36270
v -0.82731 0.55837 -1.31270
v 1.04506 0.00000 -1.29360
v 0.99751 0.03455 -1.31270
v 0.96812 0.05590 -1.36270
v 0.96812 0.05590 -1.42450
v 0.99751 0.03455 -1.47450
v 1.04506 0.00000 -1.49360
v 1.09261 -0.03455 -1.47450
v 1.12200 -0.05590 -1.42450
v 1.12200 -0.05590 -1.36270
v 1.09261 -0.03455 -1.31270
v 0.32294 -0.99391 -1.29360
v 0.27539 -0.95936 -1.31270
v 0.24600 -0.93801 -1.36270
v 0.24600 -0.93801 -1.42450
v 0.27539 -0.95936 -1.47450
v 0.32294 -0.99391 -1.49360
v 0.37049 -1.02846 -1.47450
v 0.39988 -1.04981 -1.42450
v 0.39988 -1.04981 -1.36270
v 0.37049 -1.02846 -1.31270
v 0.00000 -0.09058 7.56402
v -0.05823 -0.06988 7.56485
v -0.09422 -0.02249 7.58155
v -0.09422 0.03349 7.60774
v -0.05823 0.07668 7.63342
v -0.00000 0.09058 7.64878
v 0.05823 0.06988 7.64795
v 0.09422 0.02249 7.63125
v 0.09422 -0.03349 7.60506
v 0.05823 -0.07668 7.57938
v 0.92134 2.74502 1.50339
v 0.86311 2.76572 1.50422
v 0.82712 2.81311 1.52092
v 0.82712 2.86909 1.54711
v 0.86311 2.91228 1.57279
v 0.92134 2.92618 1.58815
v 0.97957 2.90548 1.58732
v 1.01556 2.85809 1.57062
v 1.01556 2.80211 1.54443
v 0.97957 2.75892 1.51875
v 0.92134 -2.93280 1.52225
v 0.86273 -2.91529 1.53110
v 0.82651 -2.86734 1.54555
v 0.82651 -2.80727 1.56008
v 0.86273 -2.75802 1.56915
v 0.92134 -2.73840 1.56929
v 0.97995 -2.75591 1.56044
v 1.01617 -2.80386 1.54599
v 1.01617 -2.86393 1.53146
v 0.97995 -2.91318 1.52239
v 0.77831 -2.49258 -0.29725
v 0.71970 -2.47507 -0.28840
v 0.68348 -2.42712 -0.27395
v 0.68348 -2.36705 -0.25942
v 0.71970 -2.31780 -0.25035
v 0.77831 -2.29818 -0.25021
v 0.83692 -2.31569 -0.25906
v 0.87314 -2.36364 -0.27351
v 0.87314 -2.42371 -0.28804
v 0.83692 -2.47296 -0.29711
v -1.48915 -1.15624 -1.04509
v -1.53238 -1.11540 -1.06190
v -1.55910 -1.06178 -1.04673
v -1.55910 -1.01585 -1.00537
v -1.53238 -0.99516 -0.95362
v -1.48915 -1.00762 -0.91125
v -1.44592 -1.04846 -0.89444
v -1.41920 -1.10208 -0.90961
v -1.41920 -1.14801 -0.95097
v -1.44592 -1.16870 -1.00272
v -1.17613 -0.92882 -1.29763
v -1.21936 -0.88798 -1.31444
v -1.24608 -0.83436 -1.29927
v -1.24608 -0.78843 -1.25791
v -1.21936 -0.76774 -1.20616
v -1.17613 -0.78020 -1.16379
v -1.13290 -0.82104 -1.14698
v -1.10618 -0.87466 -1.16215
v -1.10618 -0.92059 -1.20351
v -1.13290 -0.94128 -1.25526
v -2.03763 1.48043 -0.17373
v -2.09641 1.48043 -0.19283
v -2.13274 1.48043 -0.24283
v -2.13274 1.48043 -0.30463
v -2.09641 1.48043 -0.35463
v -2.03763 1.48043 -0.37373
v -1.97885 1.48043 -0.35463
v -1.94252 1.48043 -0.30463
v -1.94252 1.48043 -0.24283
v -1.97885 1.48043 -0.19283
v -2.03763 -1.48043 -0.17373
v -2.09641 -1.48043 -0.19283
v -2.13274 -1.48043 -0.24283
v -2.13274 -1.48043 -0.30463
v -2.09641 -1.48043 -0.35463
v -2.03763 -1.48043 -0.37373
v -1.97885 -1.48043 -0.35463
v -1.94252 -1.48043 -0.30463
v -1.94252 -1.48043 -0.24283
v -1.97885 -1.48043 -0.19283
v 0.00000 -0.09058 7.64878
v -0.05823 -0.07668 7.63342
v -0.09422 -0.03349 7.60774
v -0.09422 0.02249 7.58155
v -0.05823 0.06988 7.56485
v -0.00000 0.09058 7.56402
v 0.05823 0.07668 7.57938
v 0.09422 0.03349 7.60506
v 0.09422 -0.02249 7.63125
v 0.05823 -0.06988 7.64795
v 0.92134 -2.92618 1.58815
v 0.86311 -2.91228 1.57279
v 0.82712 -2.86909 1.54711
v 0.82712 -2.81311 1.52092
v 0.86311 -2.76572 1.50422
v 0.92134 -2.74502 1.50339
v 0.97957 -2.75892 1.51875
v 1.01556 -2.80211 1.54443
v 1.01556 -2.85809 1.57062
v 0.97957 -2.90548 1.58732
v -2.03763 -1.56747 -0.32297
v -2.08629 -1.53461 -0.34226
v -2.11636 -1.48106 -0.33538
v -2.11636 -1.42726 -0.30495
v -2.08629 -1.39378 -0.26260
v -2.03763 -1.39339 -0.22449
v -1.98897 -1.42625 -0.20520
v -1.95890 -1.47980 -0.21208
v -1.95890 -1.53360 -0.24251
v -1.98897 -1.56708 -0.28486
v -1.48915 -1.16897 -1.02741
v -1.53781 -1.13611 -1.04670
v -1.56788 -1.08256 -1.03982
v -1.56788 -1.02876 -1.00939
v -1.53781 -0.99528 -0.96704
v -1.48915 -0.99489 -0.92893
v -1.44049 -1.02775 -0.90964
v -1.41042 -1.08130 -0.91652
v -1.41042 -1.13510 -0.94695
v -1.44049 -1.16858 -0.98930
v 2.98152 -0.10000 1.54577
v 2.92456 -0.08090 1.56026
v 2.88935 -0.03090 1.56922
v 2.88935 0.03090 1.56922
v 2.92456 0.08090 1.56026
v 2.98152 0.10000 1.54577
v 3.03848 0.08090 1.53128
v 3.07369 0.03090 1.52232
v 3.07369 -0.03090 1.52232
v 3.03848 -0.08090 1.53128
v 2.51865 -0.10000 -0.27373
v 2.46169 -0.08090 -0.25924
v 2.42648 -0.03090 -0.25028
v 2.42648 0.03090 -0.25028
v 2.46169 0.08090 -0.25924
v 2.51865 0.10000 -0.27373
v 2.57561 0.08090 -0.28822
v 2.61082 0.03090 -0.29718
v 2.61082 -0.03090 -0.29718
v 2.57561 -0.08090 -0.28822
v 0.44924 1.38262 -1.13071
v 0.43108 1.43852 -1.14981
v 0.41985 1.47307 -1.19981
v 0.41985 1.47307 -1.26161
v 0.43108 1.43852 -1.31161
v 0.44924 1.38262 -1.33071
v 0.46740 1.32672 -1.31161
v 0.47863 1.29217 -1.26161
v 0.47863 1.29217 -1.19981
v 0.46740 1.32672 -1.14981
v -1.17613 0.85451 -1.13071
v -1.19429 0.91041 -1.14981
v -1.20552 0.94496 -1.19981
v -1.20552 0.94496 -1.26161
v -1.19429 0.91041 -1.31161
v -1.17613 0.85451 -1.33071
v -1.15797 0.79861 -1.31161
v -1.14674 0.76406 -1.26161
v -1.14674 0.76406 -1.19981
v -1.15797 0.79861 -1.14981
v 0.77831 -2.46915 -0.34125
v 0.72090 -2.46356 -0.31906
v 0.68541 -2.43194 -0.27956
v 0.68541 -2.38635 -0.23783
v 0.72090 -2.34421 -0.20982
v 0.77831 -2.32161 -0.20621
v 0.83572 -2.32720 -0.22840
v 0.87121 -2.35882 -0.26790
v 0.87121 -2.40441 -0.30963
v 0.83572 -2.44655 -0.33764
v 0.56880 -1.82437 -1.04569
v 0.51139 -1.81878 -1.02350
v 0.47590 -1.78716 -0.98400
v 0.47590 -1.74157 -0.94227
v 0.51139 -1.69943 -0.91426
v 0.56880 -1.67683 -0.91065
v 0.62621 -1.68242 -0.93284
v 0.66170 -1.71404 -0.97234
v 0.66170 -1.75963 -1.01407
v 0.62621 -1.80177 -1.04208
v -1.17613 -0.91063 -1.31348
v -1.21491 -0.86335 -1.32246
v -1.23887 -0.81269 -1.29640
v -1.23887 -0.77801 -1.24524
v -1.21491 -0.77255 -1.18854
v -1.17613 -0.79839 -1.14794
v -1.13735 -0.84567 -1.13896
v -1.11339 -0.89633 -1.16502
v -1.11339 -0.93101 -1.21618
v -1.13735 -0.93647 -1.27288
v -0.84547 -0.67039 -1.47637
v -0.88425 -0.62311 -1.48535
v -0.90821 -0.57245 -1.45929
v -0.90821 -0.53777 -1.40813
v -0.88425 -0.53231 -1.35143
v -0.84547 -0.55815 -1.31083
v -0.80669 -0.60543 -1.30185
v -0.78273 -0.65609 -1.32791
v -0.78273 -0.69077 -1.37907
v -0.80669 -0.69623 -1.43577
v -1.48915 1.08193 -0.87817
v -1.54793 1.08193 -0.89727
v -1.58426 1.08193 -0.94727
v -1.58426 1.08193 -1.00907
v -1.54793 1.08193 -1.05907
v -1.48915 1.08193 -1.07817
v -1.43037 1.08193 -1.05907
v -1.39404 1.08193 -1.00907
v -1.39404 1.08193 -0.94727
v -1.43037 1.08193 -0.89727
v -1.48915 -1.08193 -0.87817
v -1.54793 -1.08193 -0.89727
v -1.58426 -1.08193 -0.94727
v -1.58426 -1.08193 -1.00907
v -1.54793 -1.08193 -1.05907
v -1.48915 -1.08193 -1.07817
v -1.43037 -1.08193 -1.05907
v -1.39404 -1.08193 -1.00907
v -1.39404 -1.08193 -0.94727
v -1.43037 -1.08193 -0.89727
v 2.51865 -0.10000 -0.27373
v 2.47630 -0.08090 -0.23297
v 2.45012 -0.03090 -0.20778
v 2.45012 0.03090 -0.20778
v 2.47630 0.08090 -0.23297
v 2.51865 0.10000 -0.27373
v 2.56100 0.08090 -0.31449
v 2.58718 0.03090 -0.33968
v 2.58718 -0.03090 -0.33968
v 2.56100 -0.08090 -0.31449
v 1.84069 -0.10000 -0.97817
v 1.79834 -0.08090 -0.93741
v 1.77216 -0.03090 -0.91222
v 1.77216 0.03090 -0.91222
v 1.79834 0.08090 -0.93741
v 1.84069 0.10000 -0.97817
v 1.88304 0.08090 -1.01893
v 1.90922 0.03090 -1.04412
v 1.90922 -0.03090 -1.04412
v 1.88304 -0.08090 -1.01893
v 0.56880 -1.80718 -1.06062
v 0.51202 -1.80892 -1.03627
v 0.47693 -1.78838 -0.98972
v 0.47693 -1.75341 -0.93877
v 0.51202 -1.71736 -0.90286
v 0.56880 -1.69402 -0.89572
v 0.62558 -1.69228 -0.92007
v 0.66067 -1.71282 -0.96662
v 0.66067 -1.74779 -1.01757
v 0.62558 -1.78384 -1.05348
v 0.44924 -1.43920 -1.31316
v 0.39246 -1.44094 -1.28881
v 0.35737 -1.42040 -1.24226
v 0.35737 -1.38543 -1.19131
v 0.39246 -1.34938 -1.15540
v 0.44924 -1.32604 -1.14826
v 0.50602 -1.32430 -1.17261
v 0.54111 -1.34484 -1.21916
v 0.54111 -1.37981 -1.27011
v 0.50602 -1.41586 -1.30602
v -1.17613 0.85451 -1.13071
v -1.23491 0.85451 -1.14981
v -1.27124 0.85451 -1.19981
v -1.27124 0.85451 -1.26161
v -1.23491 0.85451 -1.31161
v -1.17613 0.85451 -1.33071
v -1.11735 0.85451 -1.31161
v -1.08102 0.85451 -1.26161
v -1.08102 0.85451 -1.19981
v -1.11735 0.85451 -1.14981
v -1.17613 -0.85451 -1.13071
v -1.23491 -0.85451 -1.14981
v -1.27124 -0.85451 -1.19981
v -1.27124 -0.85451 -1.26161
v -1.23491 -0.85451 -1.31161
v -1.17613 -0.85451 -1.33071
v -1.11735 -0.85451 -1.31161
v -1.08102 -0.85451 -1.26161
v -1.08102 -0.85451 -1.19981
v -1.11735 -0.85451 -1.14981
v -2.41210 -1.75250 1.64577
v -2.43026 -1.80840 1.62667
v -2.44149 -1.84295 1.57667
v -2.44149 -1.84295 1.51487
v -2.43026 -1.80840 1.46487
v -2.41210 -1.75250 1.44577
v -2.39394 -1.69660 1.46487
v -2.38271 -1.66205 1.51487
v -2.38271 -1.66205 1.57667
v -2.39394 -1.69660 1.62667
v 0.92134 -2.83560 1.64577
v 0.90318 -2.89150 1.62667
v 0.89195 -2.92605 1.57667
v 0.89195 -2.92605 1.51487
v 0.90318 -2.89150 1.46487
v 0.92134 -2.83560 1.44577
v 0.93950 -2.77970 1.46487
v 0.95073 -2.74515 1.51487
v 0.95073 -2.74515 1.57667
v 0.93950 -2.77970 1.62667
v 0.44924 -1.42127 -1.32294
v 0.39294 -1.42945 -1.29880
v 0.35814 -1.41974 -1.24866
v 0.35814 -1.39586 -1.19166
v 0.39294 -1.36691 -1.14957
v 0.44924 -1.34397 -1.13848
v 0.50554 -1.33579 -1.16262
v 0.54034 -1.34550 -1.21276
v 0.54034 -1.36938 -1.26976
v 0.50554 -1.39833 -1.31185
v 0.32294 -1.03256 -1.48583
v 0.26664 -1.04074 -1.46169
v 0.23184 -1.03103 -1.41155
v 0.23184 -1.00715 -1.35455
v 0.26664 -0.97820 -1.31246
v 0.32294 -0.95526 -1.30137
v 0.37924 -0.94708 -1.32551
v 0.41404 -0.95679 -1.37565
v 0.41404 -0.98067 -1.43265
v 0.37924 -1.00962 -1.47474
v -1.48915 -1.08193 -0.87817
v -1.50731 -1.13783 -0.89727
v -1.51854 -1.17238 -0.94727
v -1.51854 -1.17238 -1.00907
v -1.50731 -1.13783 -1.05907
v -1.48915 -1.08193 -1.07817
v -1.47099 -1.02603 -1.05907
v -1.45976 -0.99148 -1.00907
v -1.45976 -0.99148 -0.94727
v -1.47099 -1.02603 -0.89727
v 0.56880 -1.75060 -0.87817
v 0.55064 -1.80650 -0.89727
v 0.53941 -1.84105 -0.94727
v 0.53941 -1.84105 -1.00907
v 0.55064 -1.80650 -1.05907
v 0.56880 -1.75060 -1.07817
v 0.58696 -1.69470 -1.05907
v 0.59819 -1.66015 -1.00907
v 0.59819 -1.66015 -0.94727
v 0.58696 -1.69470 -0.89727
v -0.84547 0.61427 -1.29360
v -0.90425 0.61427 -1.31270
v -0.94058 0.61427 -1.36270
v -0.94058 0.61427 -1.42450
v -0.90425 0.61427 -1.47450
v -0.84547 0.61427 -1.49360
v -0.78669 0.61427 -1.47450
v -0.75036 0.61427 -1.42450
v -0.75036 0.61427 -1.36270
v -0.78669 0.61427 -1.31270
v -0.84547 -0.61427 -1.29360
v -0.90425 -0.61427 -1.31270
v -0.94058 -0.61427 -1.36270
v -0.94058 -0.61427 -1.42450
v -0.90425 -0.61427 -1.47450
v -0.84547 -0.61427 -1.49360
v -0.78669 -0.61427 -1.47450
v -0.75036 -0.61427 -1.42450
v -0.75036 -0.61427 -1.36270
v -0.78669 -0.61427 -1.31270
v 0.00000 -0.10000 7.60640
v -0.05274 -0.08090 7.58045
v -0.08534 -0.03090 7.56442
v -0.08534 0.03090 7.56442
v -0.05274 0.08090 7.58045
v -0.00000 0.10000 7.60640
v 0.05274 0.08090 7.63235
v 0.08534 0.03090 7.64838
v 0.08534 -0.03090 7.64838
v 0.05274 -0.08090 7.63235
v 2.98152 -0.10000 1.54577
v 2.92878 -0.08090 1.51982
v 2.89618 -0.03090 1.50379
v 2.89618 0.03090 1.50379
v 2.92878 0.08090 1.51982
v 2.98152 0.10000 1.54577
v 3.03426 0.08090 1.57172
v 3.06686 0.03090 1.58775
v 3.06686 -0.03090 1.58775
v 3.03426 -0.08090 1.57172
v -2.03763 -1.48043 -0.17373
v -2.05579 -1.53633 -0.19283
v -2.06702 -1.57088 -0.24283
v -2.06702 -1.57088 -0.30463
v -2.05579 -1.53633 -0.35463
v -2.03763 -1.48043 -0.37373
v -2.01947 -1.42453 -0.35463
v -2.00824 -1.38998 -0.30463
v -2.00824 -1.38998 -0.24283
v -2.01947 -1.42453 -0.19283
v 0.77831 -2.39538 -0.17373
v 0.76015 -2.45128 -0.19283
v 0.74892 -2.48583 -0.24283
v 0.74892 -2.48583 -0.30463
v 0.76015 -2.45128 -0.35463
v 0.77831 -2.39538 -0.37373
v 0.79647 -2.33948 -0.35463
v 0.80770 -2.30493 -0.30463
v 0.80770 -2.30493 -0.24283
v 0.79647 -2.33948 -0.19283
v 2.98152 0.00000 1.44577
v 2.93397 -0.03455 1.46487
v 2.90458 -0.05590 1.51487
v 2.90458 -0.05590 1.57667
v 2.93397 -0.03455 1.62667
v 2.98152 -0.00000 1.64577
v 3.02907 0.03455 1.62667
v 3.05846 0.05590 1.57667
v 3.05846 0.05590 1.51487
v 3.02907 0.03455 1.46487
v 0.92134 2.83560 1.44577
v 0.87379 2.80105 1.46487
v 0.84440 2.77970 1.51487
v 0.84440 2.77970 1.57667
v 0.87379 2.80105 1.62667
v 0.92134 2.83560 1.64577
v 0.96889 2.87015 1.62667
v 0.99828 2.89150 1.57667
v 0.99828 2.89150 1.51487
v 0.96889 2.87015 1.46487
v 0.00000 -0.09606 7.63418
v -0.05490 -0.07189 7.64904
v -0.08883 -0.02025 7.64761
v -0.08883 0.03912 7.63044
v -0.05490 0.08355 7.60409
v -0.00000 0.09606 7.57862
v 0.05490 0.07189 7.56376
v 0.08883 0.02025 7.56519
v 0.08883 -0.03912 7.58236
v 0.05490 -0.08355 7.60871
v -2.41210 -1.84856 1.57355
v -2.46700 -1.82439 1.58841
v -2.50093 -1.77275 1.58698
v -2.50093 -1.71338 1.56981
v -2.46700 -1.66895 1.54346
v -2.41210 -1.65644 1.51799
v -2.35720 -1.68061 1.50313
v -2.32327 -1.73225 1.50456
v -2.32327 -1.79162 1.52173
v -2.35720 -1.83605 1.54808
v 0.92134 2.73840 1.56929
v 0.86273 2.75802 1.56915
v 0.82651 2.80727 1.56008
v 0.82651 2.86734 1.54555
v 0.86273 2.91529 1.53110
v 0.92134 2.93280 1.52225
v 0.97995 2.91318 1.52239
v 1.01617 2.86393 1.53146
v 1.01617 2.80386 1.54599
v 0.97995 2.75591 1.56044
v 0.77831 2.29818 -0.25021
v 0.71970 2.31780 -0.25035
v 0.68348 2.36705 -0.25942
v 0.68348 2.42712 -0.27395
v 0.71970 2.47507 -0.28840
v 0.77831 2.49258 -0.29725
v 0.83692 2.47296 -0.29711
v 0.87314 2.42371 -0.28804
v 0.87314 2.36364 -0.27351
v 0.83692 2.31569 -0.25906
v 2.98152 0.00000 1.64577
v 2.93397 0.03455 1.62667
v 2.90458 0.05590 1.57667
v 2.90458 0.05590 1.51487
v 2.93397 0.03455 1.46487
v 2.98152 0.00000 1.44577
v 3.02907 -0.03455 1.46487
v 3.05846 -0.05590 1.51487
v 3.05846 -0.05590 1.57667
v 3.02907 -0.03455 1.62667
v 0.92134 -2.83560 1.64577
v 0.87379 -2.80105 1.62667
v 0.84440 -2.77970 1.57667
v 0.84440 -2.77970 1.51487
v 0.87379 -2.80105 1.46487
v 0.92134 -2.83560 1.44577
v 0.96889 -2.87015 1.46487
v 0.99828 -2.89150 1.51487
v 0.99828 -2.89150 1.57667
v 0.96889 -2.87015 1.62667
v 1.84069 -0.10000 -0.97817
v 1.80856 -0.08090 -0.92895
v 1.78871 -0.03090 -0.89853
v 1.78871 0.03090 -0.89853
v 1.80856 0.08090 -0.92895
v 1.84069 0.10000 -0.97817
v 1.87282 0.08090 -1.02739
v 1.89267 0.03090 -1.05781
v 1.89267 -0.03090 -1.05781
v 1.87282 -0.08090 -1.02739
v 1.45377 -0.10000 -1.23071
v 1.42164 -0.08090 -1.18149
v 1.40179 -0.03090 -1.15107
v 1.40179 0.03090 -1.15107
v 1.42164 0.08090 -1.18149
v 1.45377 0.10000 -1.23071
v 1.48590 0.08090 -1.27993
v 1.50575 0.03090 -1.31035
v 1.50575 -0.03090 -1.31035
v 1.48590 -0.08090 -1.27993
v -1.17613 -0.85451 -1.13071
v -1.19429 -0.91041 -1.14981
v -1.20552 -0.94496 -1.19981
v -1.20552 -0.94496 -1.26161
v -1.19429 -0.91041 -1.31161
v -1.17613 -0.85451 -1.33071
v -1.15797 -0.79861 -1.31161
v -1.14674 -0.76406 -1.26161
v -1.14674 -0.76406 -1.19981
v -1.15797 -0.79861 -1.14981
v 0.44924 -1.38262 -1.13071
v 0.43108 -1.43852 -1.14981
v 0.41985 -1.47307 -1.19981
v 0.41985 -1.47307 -1.26161
v 0.43108 -1.43852 -1.31161
v 0.44924 -1.38262 -1.33071
v 0.46740 -1.32672 -1.31161
v 0.47863 -1.29217 -1.26161
v 0.47863 -1.29217 -1.19981
v 0.46740 -1.32672 -1.14981
v 2.51865 0.00000 -0.37373
v 2.47110 -0.03455 -0.35463
v 2.44171 -0.05590 -0.30463
v 2.44171 -0.05590 -0.24283
v 2.47110 -0.03455 -0.19283
v 2.51865 -0.00000 -0.17373
v 2.56620 0.03455 -0.19283
v 2.59559 0.05590 -0.24283
v 2.59559 0.05590 -0.30463
v 2.56620 0.03455 -0.35463
v 0.77831 2.39538 -0.37373
v 0.73076 2.36083 -0.35463
v 0.70137 2.33948 -0.30463
v 0.70137 2.33948 -0.24283
v 0.73076 2.36083 -0.19283
v 0.77831 2.39538 -0.17373
v 0.82586 2.42993 -0.19283
v 0.85525 2.45128 -0.24283
v 0.85525 2.45128 -0.30463
v 0.82586 2.42993 -0.35463
v -0.84547 -0.61427 -1.29360
v -0.86363 -0.67017 -1.31270
v -0.87486 -0.70472 -1.36270
v -0.87486 -0.70472 -1.42450
v -0.86363 -0.67017 -1.47450
v -0.84547 -0.61427 -1.49360
v -0.82731 -0.55837 -1.47450
v -0.81608 -0.52382 -1.42450
v -0.81608 -0.52382 -1.36270
v -0.82731 -0.55837 -1.31270
v 0.32294 -0.99391 -1.29360
v 0.30478 -1.04981 -1.31270
v 0.29355 -1.08436 -1.36270
v 0.29355 -1.08436 -1.42450
v 0.30478 -1.04981 -1.47450
v 0.32294 -0.99391 -1.49360
v 0.34110 -0.93801 -1.47450
v 0.35233 -0.90346 -1.42450
v 0.35233 -0.90346 -1.36270
v 0.34110 -0.93801 -1.31270
v 0.77831 2.32161 -0.20621
v 0.72090 2.34421 -0.20982
v 0.68541 2.38635 -0.23783
v 0.68541 2.43194 -0.27956
v 0.72090 2.46356 -0.31906
v 0.77831 2.46915 -0.34125
v 0.83572 2.44655 -0.33764
v 0.87121 2.40441 -0.30963
v 0.87121 2.35882 -0.26790
v 0.83572 2.32720 -0.22840
v 0.56880 1.67683 -0.91065
v 0.51139 1.69943 -0.91426
v 0.47590 1.74157 -0.94227
v 0.47590 1.78716 -0.98400
v 0.51139 1.81878 -1.02350
v 0.56880 1.82437 -1.04569
v 0.62621 1.80177 -1.04208
v 0.66170 1.75963 -1.01407
v 0.66170 1.71404 -0.97234
v 0.62621 1.68242 -0.93284
v 2.51865 0.00000 -0.17373
v 2.47110 0.03455 -0.19283
v 2.44171 0.05590 -0.24283
v 2.44171 0.05590 -0.30463
v 2.47110 0.03455 -0.35463
v 2.51865 0.00000 -0.37373
v 2.56620 -0.03455 -0.35463
v 2.59559 -0.05590 -0.30463
v 2.59559 -0.05590 -0.24283
v 2.56620 -0.03455 -0.19283
v 0.77831 -2.39538 -0.17373
v 0.73076 -2.36083 -0.19283
v 0.70137 -2.33948 -0.24283
v 0.70137 -2.33948 -0.30463
v 0.73076 -2.36083 -0.35463
v 0.77831 -2.39538 -0.37373
v 0.82586 -2.42993 -0.35463
v 0.85525 -2.45128 -0.30463
v 0.85525 -2.45128 -0.24283
v 0.82586 -2.42993 -0.19283
v 1.45377 -0.10000 -1.23071
v 1.43201 -0.08090 -1.17611
v 1.41856 -0.03090 -1.14236
v 1.41856 0.03090 -1.14236
v 1.43201 0.08090 -1.17611
v 1.45377 0.10000 -1.23071
v 1.47553 0.08090 -1.28531
v 1.48898 0.03090 -1.31906
v 1.48898 -0.03090 -1.31906
v 1.47553 -0.08090 -1.28531
v 1.04506 -0.10000 -1.39360
v 1.02330 -0.08090 -1.33900
v 1.00985 -0.03090 -1.30525
v 1.00985 0.03090 -1.30525
v 1.02330 0.08090 -1.33900
v 1.04506 0.10000 -1.39360
v 1.06682 0.08090 -1.44820
v 1.08027 0.03090 -1.48195
v 1.08027 -0.03090 -1.48195
v 1.06682 -0.08090 -1.44820
v -2.41210 1.65360 1.56056
v -2.46970 1.67075 1.54614
v -2.50529 1.71913 1.53158
v -2.50529 1.78026 1.52244
v -2.46970 1.83078 1.52221
v -2.41210 1.85140 1.53098
v -2.35450 1.83425 1.54540
v -2.31891 1.78587 1.55996
v -2.31891 1.72474 1.56910
v -2.35450 1.67422 1.56933
v -2.03763 1.38153 -0.25894
v -2.09523 1.39868 -0.27336
v -2.13082 1.44706 -0.28792
v -2.13082 1.50819 -0.29706
v -2.09523 1.55871 -0.29729
v -2.03763 1.57933 -0.28852
v -1.98003 1.56218 -0.27410
v -1.94444 1.51380 -0.25954
v -1.94444 1.45267 -0.25040
v -1.98003 1.40215 -0.25017
v 0.56880 1.69402 -0.89572
v 0.51202 1.71736 -0.90286
v 0.47693 1.75341 -0.93877
v 0.47693 1.78838 -0.98972
v 0.51202 1.80892 -1.03627
v 0.56880 1.80718 -1.06062
v 0.62558 1.78384 -1.05348
v 0.66067 1.74779 -1.01757
v 0.66067 1.71282 -0.96662
v 0.62558 1.69228 -0.92007
v 0.44924 1.32604 -1.14826
v 0.39246 1.34938 -1.15540
v 0.35737 1.38543 -1.19131
v 0.35737 1.42040 -1.24226
v 0.39246 1.44094 -1.28881
v 0.44924 1.43920 -1.31316
v 0.50602 1.41586 -1.30602
v 0.54111 1.37981 -1.27011
v 0.54111 1.34484 -1.21916
v 0.50602 1.32430 -1.17261
v 0.00000 -0.09606 7.57862
v -0.05490 -0.08355 7.60409
v -0.08883 -0.03912 7.63044
v -0.08883 0.02025 7.64761
v -0.05490 0.07189 7.64904
v -0.00000 0.09606 7.63418
v 0.05490 0.08355 7.60871
v 0.08883 0.03912 7.58236
v 0.08883 -0.02025 7.56519
v 0.05490 -0.07189 7.56376
v -2.41210 1.65644 1.51799
v -2.46700 1.66895 1.54346
v -2.50093 1.71338 1.56981
v -2.50093 1.77275 1.58698
v -2.46700 1.82439 1.58841
v -2.41210 1.84856 1.57355
v -2.35720 1.83605 1.54808
v -2.32327 1.79162 1.52173
v -2.32327 1.73225 1.50456
v -2.35720 1.68061 1.50313
v 0.92134 2.83560 1.64577
v 0.90318 2.89150 1.62667
v 0.89195 2.92605 1.57667
v 0.89195 2.92605 1.51487
v 0.90318 2.89150 1.46487
v 0.92134 2.83560 1.44577
v 0.93950 2.77970 1.46487
v 0.95073 2.74515 1.51487
v 0.95073 2.74515 1.57667
v 0.93950 2.77970 1.62667
v -2.41210 1.75250 1.64577
v -2.43026 1.80840 1.62667
v -2.44149 1.84295 1.57667
v -2.44149 1.84295 1.51487
v -2.43026 1.80840 1.46487
v -2.41210 1.75250 1.44577
v -2.39394 1.69660 1.46487
v -2.38271 1.66205 1.51487
v -2.38271 1.66205 1.57667
v -2.39394 1.69660 1.62667
v 1.84069 0.00000 -1.07817
v 1.79314 -0.03455 -1.05907
v 1.76375 -0.05590 -1.00907
v 1.76375 -0.05590 -0.94727
v 1.79314 -0.03455 -0.89727
v 1.84069 -0.00000 -0.87817
v 1.88824 0.03455 -0.89727
v 1.91763 0.05590 -0.94727
v 1.91763 0.05590 -1.00907
v 1.88824 0.03455 -1.05907
v 0.56880 1.75060 -1.07817
v 0.52125 1.71605 -1.05907
v 0.49186 1.69470 -1.00907
v 0.49186 1.69470 -0.94727
v 0.52125 1.71605 -0.89727
v 0.56880 1.75060 -0.87817
v 0.61635 1.78515 -0.89727
v 0.64574 1.80650 -0.94727
v 0.64574 1.80650 -1.00907
v 0.61635 1.78515 -1.05907
v -2.03763 1.39339 -0.22449
v -2.08629 1.39378 -0.26260
v -2.11636 1.42726 -0.30495
v -2.11636 1.48106 -0.33538
v -2.08629 1.53461 -0.34226
v -2.03763 1.56747 -0.32297
v -1.98897 1.56708 -0.28486
v -1.95890 1.53360 -0.24251
v -1.95890 1.47980 -0.21208
v -1.98897 1.42625 -0.20520
v -1.48915 0.99489 -0.92893
v -1.53781 0.99528 -0.96704
v -1.56788 1.02876 -1.00939
v -1.56788 1.08256 -1.03982
v -1.53781 1.13611 -1.04670
v -1.48915 1.16897 -1.02741
v -1.44049 1.16858 -0.98930
v -1.41042 1.13510 -0.94695
v -1.41042 1.08130 -0.91652
v -1.44049 1.02775 -0.90964
v 0.44924 1.34397 -1.13848
v 0.39294 1.36691 -1.14957
v 0.35814 1.39586 -1.19166
v 0.35814 1.41974 -1.24866
v 0.39294 1.42945 -1.29880
v 0.44924 1.42127 -1.32294
v 0.50554 1.39833 -1.31185
v 0.54034 1.36938 -1.26976
v 0.54034 1.34550 -1.21276
v 0.50554 1.33579 -1.16262
v 0.32294 0.95526 -1.30137
v 0.26664 0.97820 -1.31246
v 0.23184 1.00715 -1.35455
v 0.23184 1.03103 -1.41155
v 0.26664 1.04074 -1.46169
v 0.32294 1.03256 -1.48583
v 0.37924 1.00962 -1.47474
v 0.41404 0.98067 -1.43265
v 0.41404 0.95679 -1.37565
v 0.37924 0.94708 -1.32551
v 1.84069 0.00000 -0.87817
v 1.79314 0.03455 -0.89727
v 1.76375 0.05590 -0.94727
v 1.76375 0.05590 -1.00907
v 1.79314 0.03455 -1.05907
v 1.84069 0.00000 -1.07817
v 1.88824 -0.03455 -1.05907
v 1.91763 -0.05590 -1.00907
v 1.91763 -0.05590 -0.94727
v 1.88824 -0.03455 -0.89727
v 0.56880 -1.75060 -0.87817
v 0.52125 -1.71605 -0.89727
v 0.49186 -1.69470 -0.94727
v 0.49186 -1.69470 -1.00907
v 0.52125 -1.71605 -1.05907
v 0.56880 -1.75060 -1.07817
v 0.61635 -1.78515 -1.05907
v 0.64574 -1.80650 -1.00907
v 0.64574 -1.80650 -0.94727
v 0.61635 -1.78515 -0.89727
v 0.77831 2.39538 -0.17373
v 0.76015 2.45128 -0.19283
v 0.74892 2.48583 -0.24283
v 0.74892 2.48583 -0.30463
v 0.76015 2.45128 -0.35463
v 0.77831 2.39538 -0.37373
v 0.79647 2.33948 -0.35463
v 0.80770 2.30493 -0.30463
v 0.80770 2.30493 -0.24283
v 0.79647 2.33948 -0.19283
v -2.03763 1.48043 -0.17373
v -2.05579 1.53633 -0.19283
v -2.06702 1.57088 -0.24283
v -2.06702 1.57088 -0.30463
v -2.05579 1.53633 -0.35463
v -2.03763 1.48043 -0.37373
v -2.01947 1.42453 -0.35463
v -2.00824 1.38998 -0.30463
v -2.00824 1.38998 -0.24283
v -2.01947 1.42453 -0.19283
v -1.48915 1.00762 -0.91125
v -1.53238 0.99516 -0.95362
v -1.55910 1.01585 -1.00537
v -1.55910 1.06178 -1.04673
v -1.53238 1.11540 -1.06190
v -1.48915 1.15624 -1.04509
v -1.44592 1.16870 -1.00272
v -1.41920 1.14801 -0.95097
v -1.41920 1.10208 -0.90961
v -1.44592 1.04846 -0.89444
v -1.17613 0.78020 -1.16379
v -1.21936 0.76774 -1.20616
v -1.24608 0.78843 -1.25791
v -1.24608 0.83436 -1.29927
v -1.21936 0.88798 -1.31444
v -1.17613 0.92882 -1.29763
v -1.13290 0.94128 -1.25526
v -1.10618 0.92059 -1.20351
v -1.10618 0.87466 -1.16215
v -1.13290 0.82104 -1.14698
v 1.45377 0.00000 -1.33071
v 1.40622 -0.03455 -1.31161
v 1.37683 -0.05590 -1.26161
v 1.37683 -0.05590 -1.19981
v 1.40622 -0.03455 -1.14981
v 1.45377 -0.00000 -1.13071
v 1.50132 0.03455 -1.14981
v 1.53071 0.05590 -1.19981
v 1.53071 0.05590 -1.26161
v 1.50132 0.03455 -1.31161
v 0.44924 1.38262 -1.33071
v 0.40169 1.34807 -1.31161
v 0.37230 1.32672 -1.26161
v 0.37230 1.32672 -1.19981
v 0.40169 1.34807 -1.14981
v 0.44924 1.38262 -1.13071
v 0.49679 1.41717 -1.14981
v 0.52618 1.43852 -1.19981
v 0.52618 1.43852 -1.26161
v 0.49679 1.41717 -1.31161
f 1 43 45
f 13 44 43
f 15 45 44
f 43 44 45
f 12 46 48
f 14 47 46
f 13 48 47
f 46 47 48
f 6 49 51
f 15 50 49
f 14 51 50
f 49 50 51
f 13 47 44
f 14 50 47
f 15 44 50
f 47 50 44
f 1 45 53
f 15 52 45
f 17 53 52
f 45 52 53
f 6 54 49
f 16 55 54
f 15 49 55
f 54 55 49
f 2 56 58
f 17 57 56
f 16 58 57
f 56 57 58
f 15 55 52
f 16 57 55
f 17 52 57
f 55 57 52
f 1 53 60
f 17 59 53
f 19 60 59
f 53 59 60
f 2 61 56
f 18 62 61
f 17 56 62
f 61 62 56
f 8 63 65
f 19 64 63
f 18 65 64
f 63 64 65
f 17 62 59
f 18 64 62
f 19 59 64
f 62 64 59
f 1 60 67
f 19 66 60
f 21 67 66
f 60 66 67
f 8 68 63
f 20 69 68
f 19 63 69
f 68 69 63
f 11 70 72
f 21 71 70
f 20 72 71
f 70 71 72
f 19 69 66
f 20 71 69
f 21 66 71
f 69 71 66
f 1 67 43
f 21 73 67
f 13 43 73
f 67 73 43
f 11 74 70
f 22 75 74
f 21 70 75
f 74 75 70
f 12 48 77
f 13 76 48
f 22 77 76
f 48 76 77
f 21 75 73
f 22 76 75
f 13 73 76
f 75 76 73
f 2 58 79
f 16 78 58
f 24 79 78
f 58 78 79
f 6 80 54
f 23 81 80
f 16 54 81
f 80 81 54
f 10 82 84
f 24 83 82
f 23 84 83
f 82 83 84
f 16 81 78
f 23 83 81
f 24 78 83
f 81 83 78
f 6 51 86
f 14 85 51
f 26 86 85
f 51 85 86
f 12 87 46
f 25 88 87
f 14 46 88
f 87 88 46
f 5 89 91
f 26 90 89
f 25 91 90
f 89 90 91
f 14 88 85
f 25 90 88
f 26 85 90
f 88 90 85
f 12 77 93
f 22 92 77
f 28 93 92
f 77 92 93
f 11 94 74
f 27 95 94
f 22 74 95
f 94 95 74
f 3 96 98
f 28 97 96
f 27 98 97
f 96 97 98
f 22 95 92
f 27 97 95
f 28 92 97
f 95 97 92
f 11 72 100
f 20 99 72
f 30 100 99
f 72 99 100
f 8 101 68
f 29 102 101
f 20 68 102
f 101 102 68
f 7 103 105
f 30 104 103
f 29 105 104
f 103 104 105
f 20 102 99
f 29 104 102
f 30 99 104
f 102 104 99
f 8 65 107
f 18 106 65
f 32 107 106
f 65 106 107
f 2 108 61
f 31 109 108
f 18 61 109
f 108 109 61
f 9 110 112
f 32 111 110
f 31 112 111
f 110 111 112
f 18 109 106
f 31 111 109
f 32 106 111
f 109 111 106
f 4 113 115
f 33 114 113
f 35 115 114
f 113 114 115
f 10 116 118
f 34 117 116
f 33 118 117
f 116 117 118
f 5 119 121
f 35 120 119
f 34 121 120
f 119 120 121
f 33 117 114
f 34 120 117
f 35 114 120
f 117 120 114
f 4 115 123
f 35 122 115
f 37 123 122
f 115 122 123
f 5 124 119
f 36 125 124
f 35 119 125
f 124 125 119
f 3 126 128
f 37 127 126
f 36 128 127
f 126 127 128
f 35 125 122
f 36 127 125
f 37 122 127
f 125 127 122
f 4 123 130
f 37 129 123
f 39 130 129
f 123 129 130
f 3 131 126
f 38 132 131
f 37 126 132
f 131 132 126
f 7 133 135
f 39 134 133
f 38 135 134
f 133 134 135
f 37 132 129
f 38 134 132
f 39 129 134
f 132 134 129
f 4 130 137
f 39 136 130
f 41 137 136
f 130 136 137
f 7 138 133
f 40 139 138
f 39 133 139
f 138 139 133
f 9 140 142
f 41 141 140
f 40 142 141
f 140 141 142
f 39 139 136
f 40 141 139
f 41 136 141
f 139 141 136
f 4 137 113
f 41 143 137
f 33 113 143
f 137 143 113
f 9 144 140
f 42 145 144
f 41 140 145
f 144 145 140
f 10 118 147
f 33 146 118
f 42 147 146
f 118 146 147
f 41 145 143
f 42 146 145
f 33 143 146
f 145 146 143
f 5 121 89
f 34 148 121
f 26 89 148
f 121 148 89
f 10 84 116
f 23 149 84
f 34 116 149
f 84 149 116
f 6 86 80
f 26 150 86
f 23 80 150
f 86 150 80
f 34 149 148
f 23 150 149
f 26 148 150
f 149 150 148
f 3 128 96
f 36 151 128
f 28 96 151
f 128 151 96
f 5 91 124
f 25 152 91
f 36 124 152
f 91 152 124
f 12 93 87
f 28 153 93
f 25 87 153
f 93 153 87
f 36 152 151
f 25 153 152
f 28 151 153
f 152 153 151
f 7 135 103
f 38 154 135
f 30 103 154
f 135 154 103
f 3 98 131
f 27 155 98
f 38 131 155
f 98 155 131
f 11 100 94
f 30 156 100
f 27 94 156
f 100 156 94
f 38 155 154
f 27 156 155
f 30 154 156
f 155 156 154
f 9 142 110
f 40 157 142
f 32 110 157
f 142 157 110
f 7 105 138
f 29 158 105
f 40 138 158
f 105 158 138
f 8 107 101
f 32 159 107
f 29 101 159
f 107 159 101
f 40 158 157
f 29 159 158
f 32 157 159
f 158 159 157
f 10 147 82
f 42 160 147
f 24 82 160
f 147 160 82
f 9 112 144
f 31 161 112
f 42 144 161
f 112 161 144
f 2 79 108
f 24 162 79
f 31 108 162
f 79 162 108
f 42 161 160
f 31 162 161
f 24 160 162
f 161 162 160
f 163 205 207
f 175 206 205
f 177 207 206
f 205 206 207
f 174 208 210
f 176 209 208
f 175 210 209
f 208 209 210
f 168 211 213
f 177 212 211
f 176 213 212
f 211 212 213
f 175 209 206
f 176 212 209
f 177 206 212
f 209 212 206
f 163 207 215
f 177 214 207
f 179 215 214
f 207 214 215
f 168 216 211
f 178 217 216
f 177 211 217
f 216 217 211
f 164 218 220
f 179 219 218
f 178 220 219
f 218 219 220
f 177 217 214
f 178 219 217
f 179 214 219
f 217 219 214
f 163 215 222
f 179 221 215
f 181 222 221
f 215 221 222
f 164 223 218
f 180 224 223
f 179 218 224
f 223 224 218
f 170 225 227
f 181 226 225
f 180 227 226
f 225 226 227
f 179 224 221
f 180 226 224
f 181 221 226
f 224 226 221
f 163 222 229
f 181 228 222
f 183 229 228
f 222 228 229
f 170 230 225
f 182 231 230
f 181 225 231
f 230 231 225
f 173 232 234
f 183 233 232
f 182 234 233
f 232 233 234
f 181 231 228
f 182 233 231
f 183 228 233
f 231 233 228
f 163 229 205
f 183 235 229
f 175 205 235
f 229 235 205
f 173 236 232
f 184 237 236
f 183 232 237
f 236 237 232
f 174 210 239
f 175 238 210
f 184 239 238
f 210 238 239
f 183 237 235
f 184 238 237
f 175 235 238
f 237 238 235
f 164 220 241
f 178 240 220
f 186 241 240
f 220 240 241
f 168 242 216
f 185 243 242
f 178 216 243
f 242 243 216
f 172 244 246
f 186 245 244
f 185 246 245
f 244 245 246
f 178 243 240
f 185 245 243
f 186 240 245
f 243 245 240
f 168 213 248
f 176 247 213
f 188 248 247
f 213 247 248
f 174 249 208
f 187 250 249
f 176 208 250
f 249 250 208
f 167 251 253
f 188 252 251
f 187 253 252
f 251 252 253
f 176 250 247
f 187 252 250
f 188 247 252
f 250 252 247
f 174 239 255
f 184 254 239
f 190 255 254
f 239 254 255
f 173 256 236
f 189 257 256
f 184 236 257
f 256 257 236
f 165 258 260
f 190 259 258
f 189 260 259
f 258 259 260
f 184 257 254
f 189 259 257
f 190 254 259
f 257 259 254
f 173 234 262
f 182 261 234
f 192 262 261
f 234 261 262
f 170 263 230
f 191 264 263
f 182 230 264
f 263 264 230
f 169 265 267
f 192 266 265
f 191 267 266
f 265 266 267
f 182 264 261
f 191 266 264
f 192 261 266
f 264 266 261
f 170 227 269
f 180 268 227
f 194 269 268
f 227 268 269
f 164 270 223
f 193 271 270
f 180 223 271
f 270 271 223
f 171 272 274
f 194 273 272
f 193 274 273
f 272 273 274
f 180 271 268
f 193 273 271
f 194 268 273
f 271 273 268
f 166 275 277
f 195 276 275
f 197 277 276
f 275 276 277
f 172 278 280
f 196 279 278
f 195 280 279
f 278 279 280
f 167 281 283
f 197 282 281
f 196 283 282
f 281 282 283
f 195 279 276
f 196 282 279
f 197 276 282
f 279 282 276
f 166 277 285
f 197 284 277
f 199 285 284
f 277 284 285
f 167 286 281
f 198 287 286
f 197 281 287
f 286 287 281
f 165 288 290
f 199 289 288
f 198 290 289
f 288 289 290
f 197 287 284
f 198 289 287
f 199 284 289
f 287 289 284
f 166 285 292
f 199 291 285
f 201 292 291
f 285 291 292
f 165 293 288
f 200 294 293
f 199 288 294
f 293 294 288
f 169 295 297
f 201 296 295
f 200 297 296
f 295 296 297
f 199 294 291
f 200 296 294
f 201 291 296
f 294 296 291
f 166 292 299
f 201 298 292
f 203 299 298
f 292 298 299
f 169 300 295
f 202 301 300
f 201 295 301
f 300 301 295
f 171 302 304
f 203 303 302
f 202 304 303
f 302 303 304
f 201 301 298
f 202 303 301
f 203 298 303
f 301 303 298
f 166 299 275
f 203 305 299
f 195 275 305
f 299 305 275
f 171 306 302
f 204 307 306
f 203 302 307
f 306 307 302
f 172 280 309
f 195 308 280
f 204 309 308
f 280 308 309
f 203 307 305
f 204 308 307
f 195 305 308
f 307 308 305
f 167 283 251
f 196 310 283
f 188 251 310
f 283 310 251
f 172 246 278
f 185 311 246
f 196 278 311
f 246 311 278
f 168 248 242
f 188 312 248
f 185 242 312
f 248 312 242
f 196 311 310
f 185 312 311
f 188 310 312
f 311 312 310
f 165 290 258
f 198 313 290
f 190 258 313
f 290 313 258
f 167 253 286
f 187 314 253
f 198 286 314
f 253 314 286
f 174 255 249
f 190 315 255
f 187 249 315
f 255 315 249
f 198 314 313
f 187 315 314
f 190 313 315
f 314 315 313
f 169 297 265
f 200 316 297
f 192 265 316
f 297 316 265
f 165 260 293
f 189 317 260
f 200 293 317
f 260 317 293
f 173 262 256
f 192 318 262
f 189 256 318
f 262 318 256
f 200 317 316
f 189 318 317
f 192 316 318
f 317 318 316
f 171 304 272
f 202 319 304
f 194 272 319
f 304 319 272
f 169 267 300
f 191 320 267
f 202 300 320
f 267 320 300
f 170 269 263
f 194 321 269
f 191 263 321
f 269 321 263
f 202 320 319
f 191 321 320
f 194 319 321
f 320 321 319
f 172 309 244
f 204 322 309
f 186 244 322
f 309 322 244
f 171 274 306
f 193 323 274
f 204 306 323
f 274 323 306
f 164 241 270
f 186 324 241
f 193 270 324
f 241 324 270
f 204 323 322
f 193 324 323
f 186 322 324
f 323 324 322
f 325 367 369
f 337 368 367
f 339 369 368
f 367 368 369
f 336 370 372
f 338 371 370
f 337 372 371
f 370 371 372
f 330 373 375
f 339 374 373
f 338 375 374
f 373 374 375
f 337 371 368
f 338 374 371
f 339 368 374
f 371 374 368
f 325 369 377
f 339 376 369
f 341 377 376
f 369 376 377
f 330 378 373
f 340 379 378
f 339 373 379
f 378 379 373
f 326 380 382
f 341 381 380
f 340 382 381
f 380 381 382
f 339 379 376
f 340 381 379
f 341 376 381
f 379 381 376
f 325 377 384
f 341 383 377
f 343 384 383
f 377 383 384
f 326 385 380
f 342 386 385
f 341 380 386
f 385 386 380
f 332 387 389
f 343 388 387
f 342 389 388
f 387 388 389
f 341 386 383
f 342 388 386
f 343 383 388
f 386 388 383
f 325 384 391
f 343 390 384
f 345 391 390
f 384 390 391
f 332 392 387
f 344 393 392
f 343 387 393
f 392 393 387
f 335 394 396
f 345 395 394
f 344 396 395
f 394 395 396
f 343 393 390
f 344 395 393
f 345 390 395
f 393 395 390
f 325 391 367
f 345 397 391
f 337 367 397
f 391 397 367
f 335 398 394
f 346 399 398
f 345 394 399
f 398 399 394
f 336 372 401
f 337 400 372
f 346 401 400
f 372 400 401
f 345 399 397
f 346 400 399
f 337 397 400
f 399 400 397
f 326 382 403
f 340 402 382
f 348 403 402
f 382 402 403
f 330 404 378
f 347 405 404
f 340 378 405
f 404 405 378
f 334 406 408
f 348 407 406
f 347 408 407
f 406 407 408
f 340 405 402
f 347 407 405
f 348 402 407
f 405 407 402
f 330 375 410
f 338 409 375
f 350 410 409
f 375 409 410
f 336 411 370
f 349 412 411
f 338 370 412
f 411 412 370
f 329 413 415
f 350 414 413
f 349 415 414
f 413 414 415
f 338 412 409
f 349 414 412
f 350 409 414
f 412 414 409
f 336 401 417
f 346 416 401
f 352 417 416
f 401 416 417
f 335 418 398
f 351 419 418
f 346 398 419
f 418 419 398
f 327 420 422
f 352 421 420
f 351 422 421
f 420 421 422
f 346 419 416
f 351 421 419
f 352 416 421
f 419 421 416
f 335 396 424
f 344 423 396
f 354 424 423
f 396 423 424
f 332 425 392
f 353 426 425
f 344 392 426
f 425 426 392
f 331 427 429
f 354 428 427
f 353 429 428
f 427 428 429
f 344 426 423
f 353 428 426
f 354 423 428
f 426 428 423
f 332 389 431
f 342 430 389
f 356 431 430
f 389 430 431
f 326 432 385
f 355 433 432
f 342 385 433
f 432 433 385
f 333 434 436
f 356 435 434
f 355 436 435
f 434 435 436
f 342 433 430
f 355 435 433
f 356 430 435
f 433 435 430
f 328 437 439
f 357 438 437
f 359 439 438
f 437 438 439
f 334 440 442
f 358 441 440
f 357 442 441
f 440 441 442
f 329 443 445
f 359 444 443
f 358 445 444
f 443 444 445
f 357 441 438
f 358 444 441
f 359 438 444
f 441 444 438
f 328 439 447
f 359 446 439
f 361 447 446
f 439 446 447
f 329 448 443
f 360 449 448
f 359 443 449
f 448 449 443
f 327 450 452
f 361 451 450
f 360 452 451
f 450 451 452
f 359 449 446
f 360 451 449
f 361 446 451
f 449 451 446
f 328 447 454
f 361 453 447
f 363 454 453
f 447 453 454
f 327 455 450
f 362 456 455
f 361 450 456
f 455 456 450
f 331 457 459
f 363 458 457
f 362 459 458
f 457 458 459
f 361 456 453
f 362 458 456
f 363 453 458
f 456 458 453
f 328 454 461
f 363 460 454
f 365 461 460
f 454 460 461
f 331 462 457
f 364 463 462
f 363 457 463
f 462 463 457
f 333 464 466
f 365 465 464
f 364 466 465
f 464 465 466
f 363 463 460
f 364 465 463
f 365 460 465
f 463 465 460
f 328 461 437
f 365 467 461
f 357 437 467
f 461 467 437
f 333 468 464
f 366 469 468
f 365 464 469
f 468 469 464
f 334 442 471
f 357 470 442
f 366 471 470
f 442 470 471
f 365 469 467
f 366 470 469
f 357 467 470
f 469 470 467
f 329 445 413
f 358 472 445
f 350 413 472
f 445 472 413
f 334 408 440
f 347 473 408
f 358 440 473
f 408 473 440
f 330 410 404
f 350 474 410
f 347 404 474
f 410 474 404
f 358 473 472
f 347 474 473
f 350 472 474
f 473 474 472
f 327 452 420
f 360 475 452
f 352 420 475
f 452 475 420
f 329 415 448
f 349 476 415
f 360 448 476
f 415 476 448
f 336 417 411
f 352 477 417
f 349 411 477
f 417 477 411
f 360 476 475
f 349 477 476
f 352 475 477
f 476 477 475
f 331 459 427
f 362 478 459
f 354 427 478
f 459 478 427
f 327 422 455
f 351 479 422
f 362 455 479
f 422 479 455
f 335 424 418
f 354 480 424
f 351 418 480
f 424 480 418
f 362 479 478
f 351 480 479
f 354 478 480
f 479 480 478
f 333 466 434
f 364 481 466
f 356 434 481
f 466 481 434
f 331 429 462
f 353 482 429
f 364 462 482
f 429 482 462
f 332 431 425
f 356 483 431
f 353 425 483
f 431 483 425
f 364 482 481
f 353 483 482
f 356 481 483
f 482 483 481
f 334 471 406
f 366 484 471
f 348 406 484
f 471 484 406
f 333 436 468
f 355 485 436
f 366 468 485
f 436 485 468
f 326 403 432
f 348 486 403
f 355 432 486
f 403 486 432
f 366 485 484
f 355 486 485
f 348 484 486
f 485 486 484
f 487 529 531
f 499 530 529
f 501 531 530
f 529 530 531
f 498 532 534
f 500 533 532
f 499 534 533
f 532 533 534
f 492 535 537
f 501 536 535
f 500 537 536
f 535 536 537
f 499 533 530
f 500 536 533
f 501 530 536
f 533 536 530
f 487 531 539
f 501 538 531
f 503 539 538
f 531 538 539
f 492 540 535
f 502 541 540
f 501 535 541
f 540 541 535
f 488 542 544
f 503 543 542
f 502 544 543
f 542 543 544
f 501 541 538
f 502 543 541
f 503 538 543
f 541 543 538
f 487 539 546
f 503 545 539
f 505 546 545
f 539 545 546
f 488 547 542
f 504 548 547
f 503 542 548
f 547 548 542
f 494 549 551
f 505 550 549
f 504 551 550
f 549 550 551
f 503 548 545
f 504 550 548
f 505 545 550
f 548 550 545
f 487 546 553
f 505 552 546
f 507 553 552
f 546 552 553
f 494 554 549
f 506 555 554
f 505 549 555
f 554 555 549
f 497 556 558
f 507 557 556
f 506 558 557
f 556 557 558
f 505 555 552
f 506 557 555
f 507 552 557
f 555 557 552
f 487 553 529
f 507 559 553
f 499 529 559
f 553 559 529
f 497 560 556
f 508 561 560
f 507 556 561
f 560 561 556
f 498 534 563
f 499 562 534
f 508 563 562
f 534 562 563
f 507 561 559
f 508 562 561
f 499 559 562
f 561 562 559
f 488 544 565
f 502 564 544
f 510 565 564
f 544 564 565
f 492 566 540
f 509 567 566
f 502 540 567
f 566 567 540
f 496 568 570
f 510 569 568
f 509 570 569
f 568 569 570
f 502 567 564
f 509 569 567
f 510 564 569
f 567 569 564
f 492 537 572
f 500 571 537
f 512 572 571
f 537 571 572
f 498 573 532
f 511 574 573
f 500 532 574
f 573 574 532
f 491 575 577
f 512 576 575
f 511 577 576
f 575 576 577
f 500 574 571
f 511 576 574
f 512 571 576
f 574 576 571
f 498 563 579
f 508 578 563
f 514 579 578
f 563 578 579
f 497 580 560
f 513 581 580
f 508 560 581
f 580 581 560
f 489 582 584
f 514 583 582
f 513 584 583
f 582 583 584
f 508 581 578
f 513 583 581
f 514 578 583
f 581 583 578
f 497 558 586
f 506 585 558
f 516 586 585
f 558 585 586
f 494 587 554
f 515 588 587
f 506 554 588
f 587 588 554
f 493 589 591
f 516 590 589
f 515 591 590
f 589 590 591
f 506 588 585
f 515 590 588
f 516 585 590
f 588 590 585
f 494 551 593
f 504 592 551
f 518 593 592
f 551 592 593
f 488 594 547
f 517 595 594
f 504 547 595
f 594 595 547
f 495 596 598
f 518 597 596
f 517 598 597
f 596 597 598
f 504 595 592
f 517 597 595
f 518 592 597
f 595 597 592
f 490 599 601
f 519 600 599
f 521 601 600
f 599 600 601
f 496 602 604
f 520 603 602
f 519 604 603
f 602 603 604
f 491 605 607
f 521 606 605
f 520 607 606
f 605 606 607
f 519 603 600
f 520 606 603
f 521 600 606
f 603 606 600
f 490 601 609
f 521 608 601
f 523 609 608
f 601 608 609
f 491 610 605
f 522 611 610
f 521 605 611
f 610 611 605
f 489 612 614
f 523 613 612
f 522 614 613
f 612 613 614
f 521 611 608
f 522 613 611
f 523 608 613
f 611 613 608
f 490 609 616
f 523 615 609
f 525 616 615
f 609 615 616
f 489 617 612
f 524 618 617
f 523 612 618
f 617 618 612
f 493 619 621
f 525 620 619
f 524 621 620
f 619 620 621
f 523 618 615
f 524 620 618
f 525 615 620
f 618 620 615
f 490 616 623
f 525 622 616
f 527 623 622
f 616 622 623
f 493 624 619
f 526 625 624
f 525 619 625
f 624 625 619
f 495 626 628
f 527 627 626
f 526 628 627
f 626 627 628
f 525 625 622
f 526 627 625
f 527 622 627
f 625 627 622
f 490 623 599
f 527 629 623
f 519 599 629
f 623 629 599
f 495 630 626
f 528 631 630
f 527 626 631
f 630 631 626
f 496 604 633
f 519 632 604
f 528 633 632
f 604 632 633
f 527 631 629
f 528 632 631
f 519 629 632
f 631 632 629
f 491 607 575
f 520 634 607
f 512 575 634
f 607 634 575
f 496 570 602
f 509 635 570
f 520 602 635
f 570 635 602
f 492 572 566
f 512 636 572
f 509 566 636
f 572 636 566
f 520 635 634
f 509 636 635
f 512 634 636
f 635 636 634
f 489 614 582
f 522 637 614
f 514 582 637
f 614 637 582
f 491 577 610
f 511 638 577
f 522 610 638
f 577 638 610
f 498 579 573
f 514 639 579
f 511 573 639
f 579 639 573
f 522 638 637
f 511 639 638
f 514 637 639
f 638 639 637
f 493 621 589
f 524 640 621
f 516 589 640
f 621 640 589
f 489 584 617
f 513 641 584
f 524 617 641
f 584 641 617
f 497 586 580
f 516 642 586
f 513 580 642
f 586 642 580
f 524 641 640
f 513 642 641
f 516 640 642
f 641 642 640
f 495 628 596
f 526 643 628
f 518 596 643
f 628 643 596
f 493 591 624
f 515 644 591
f 526 624 644
f 591 644 624
f 494 593 587
f 518 645 593
f 515 587 645
f 593 645 587
f 526 644 643
f 515 645 644
f 518 643 645
f 644 645 643
f 496 633 568
f 528 646 633
f 510 568 646
f 633 646 568
f 495 598 630
f 517 647 598
f 528 630 647
f 598 647 630
f 488 565 594
f 510 648 565
f 517 594 648
f 565 648 594
f 528 647 646
f 517 648 647
f 510 646 648
f 647 648 646
f 649 691 693
f 661 692 691
f 663 693 692
f 691 692 693
f 660 694 696
f 662 695 694
f 661 696 695
f 694 695 696
f 654 697 699
f 663 698 697
f 662 699 698
f 697 698 699
f 661 695 692
f 662 698 695
f 663 692 698
f 695 698 692
f 649 693 701
f 663 700 693
f 665 701 700
f 693 700 701
f 654 702 697
f 664 703 702
f 663 697 703
f 702 703 697
f 650 704 706
f 665 705 704
f 664 706 705
f 704 705 706
f 663 703 700
f 664 705 703
f 665 700 705
f 703 705 700
f 649 701 708
f 665 707 701
f 667 708 707
f 701 707 708
f 650 709 704
f 666 710 709
f 665 704 710
f 709 710 704
f 656 711 713
f 667 712 711
f 666 713 712
f 711 712 713
f 665 710 707
f 666 712 710
f 667 707 712
f 710 712 707
f 649 708 715
f 667 714 708
f 669 715 714
f 708 714 715
f 656 716 711
f 668 717 716
f 667 711 717
f 716 717 711
f 659 718 720
f 669 719 718
f 668 720 719
f 718 719 720
f 667 717 714
f 668 719 717
f 669 714 719
f 717 719 714
f 649 715 691
f 669 721 715
f 661 691 721
f 715 721 691
f 659 722 718
f 670 723 722
f 669 718 723
f 722 723 718
f 660 696 725
f 661 724 696
f 670 725 724
f 696 724 725
f 669 723 721
f 670 724 723
f 661 721 724
f 723 724 721
f 650 706 727
f 664 726 706
f 672 727 726
f 706 726 727
f 654 728 702
f 671 729 728
f 664 702 729
f 728 729 702
f 658 730 732
f 672 731 730
f 671 732 731
f 730 731 732
f 664 729 726
f 671 731 729
f 672 726 731
f 729 731 726
f 654 699 734
f 662 733 699
f 674 734 733
f 699 733 734
f 660 735 694
f 673 736 735
f 662 694 736
f 735 736 694
f 653 737 739
f 674 738 737
f 673 739 738
f 737 738 739
f 662 736 733
f 673 738 736
f 674 733 738
f 736 738 733
f 660 725 741
f 670 740 725
f 676 741 740
f 725 740 741
f 659 742 722
f 675 743 742
f 670 722 743
f 742 743 722
f 651 744 746
f 676 745 744
f 675 746 745
f 744 745 746
f 670 743 740
f 675 745 743
f 676 740 745
f 743 745 740
f 659 720 748
f 668 747 720
f 678 748 747
f 720 747 748
f 656 749 716
f 677 750 749
f 668 716 750
f 749 750 716
f 655 751 753
f 678 752 751
f 677 753 752
f 751 752 753
f 668 750 747
f 677 752 750
f 678 747 752
f 750 752 747
f 656 713 755
f 666 754 713
f 680 755 754
f 713 754 755
f 650 756 709
f 679 757 756
f 666 709 757
f 756 757 709
f 657 758 760
f 680 759 758
f 679 760 759
f 758 759 760
f 666 757 754
f 679 759 757
f 680 754 759
f 757 759 754
f 652 761 763
f 681 762 761
f 683 763 762
f 761 762 763
f 658 764 766
f 682 765 764
f 681 766 765
f 764 765 766
f 653 767 769
f 683 768 767
f 682 769 768
f 767 768 769
f 681 765 762
f 682 768 765
f 683 762 768
f 765 768 762
f 652 763 771
f 683 770 763
f 685 771 770
f 763 770 771
f 653 772 767
f 684 773 772
f 683 767 773
f 772 773 767
f 651 774 776
f 685 775 774
f 684 776 775
f 774 775 776
f 683 773 770
f 684 775 773
f 685 770 775
f 773 775 770
f 652 771 778
f 685 777 771
f 687 778 777
f 771 777 778
f 651 779 774
f 686 780 779
f 685 774 780
f 779 780 774
f 655 781 783
f 687 782 781
f 686 783 782
f 781 782 783
f 685 780 777
f 686 782 780
f 687 777 782
f 780 782 777
f 652 778 785
f 687 784 778
f 689 785 784
f 778 784 785
f 655 786 781
f 688 787 786
f 687 781 787
f 786 787 781
f 657 788 790
f 689 789 788
f 688 790 789
f 788 789 790
f 687 787 784
f 688 789 787
f 689 784 789
f 787 789 784
f 652 785 761
f 689 791 785
f 681 761 791
f 785 791 761
f 657 792 788
f 690 793 792
f 689 788 793
f 792 793 788
f 658 766 795
f 681 794 766
f 690 795 794
f 766 794 795
f 689 793 791
f 690 794 793
f 681 791 794
f 793 794 791
f 653 769 737
f 682 796 769
f 674 737 796
f 769 796 737
f 658 732 764
f 671 797 732
f 682 764 797
f 732 797 764
f 654 734 728
f 674 798 734
f 671 728 798
f 734 798 728
f 682 797 796
f 671 798 797
f 674 796 798
f 797 798 796
f 651 776 744
f 684 799 776
f 676 744 799
f 776 799 744
f 653 739 772
f 673 800 739
f 684 772 800
f 739 800 772
f 660 741 735
f 676 801 741
f 673 735 801
f 741 801 735
f 684 800 799
f 673 801 800
f 676 799 801
f 800 801 799
f 655 783 751
f 686 802 783
f 678 751 802
f 783 802 751
f 651 746 779
f 675 803 746
f 686 779 803
f 746 803 779
f 659 748 742
f 678 804 748
f 675 742 804
f 748 804 742
f 686 803 802
f 675 804 803
f 678 802 804
f 803 804 802
f 657 790 758
f 688 805 790
f 680 758 805
f 790 805 758
f 655 753 786
f 677 806 753
f 688 786 806
f 753 806 786
f 656 755 749
f 680 807 755
f 677 749 807
f 755 807 749
f 688 806 805
f 677 807 806
f 680 805 807
f 806 807 805
f 658 795 730
f 690 808 795
f 672 730 808
f 795 808 730
f 657 760 792
f 679 809 760
f 690 792 809
f 760 809 792
f 650 727 756
f 672 810 727
f 679 756 810
f 727 810 756
f 690 809 808
f 679 810 809
f 672 808 810
f 809 810 808
f 811 853 855
f 823 854 853
f 825 855 854
f 853 854 855
f 822 856 858
f 824 857 856
f 823 858 857
f 856 857 858
f 816 859 861
f 825 860 859
f 824 861 860
f 859 860 861
f 823 857 854
f 824 860 857
f 825 854 860
f 857 860 854
f 811 855 863
f 825 862 855
f 827 863 862
f 855 862 863
f 816 864 859
f 826 865 864
f 825 859 865
f 864 865 859
f 812 866 868
f 827 867 866
f 826 868 867
f 866 867 868
f 825 865 862
f 826 867 865
f 827 862 867
f 865 867 862
f 811 863 870
f 827 869 863
f 829 870 869
f 863 869 870
f 812 871 866
f 828 872 871
f 827 866 872
f 871 872 866
f 818 873 875
f 829 874 873
f 828 875 874
f 873 874 875
f 827 872 869
f 828 874 872
f 829 869 874
f 872 874 869
f 811 870 877
f 829 876 870
f 831 877 876
f 870 876 877
f 818 878 873
f 830 879 878
f 829 873 879
f 878 879 873
f 821 880 882
f 831 881 880
f 830 882 881
f 880 881 882
f 829 879 876
f 830 881 879
f 831 876 881
f 879 881 876
f 811 877 853
f 831 883 877
f 823 853 883
f 877 883 853
f 821 884 880
f 832 885 884
f 831 880 885
f 884 885 880
f 822 858 887
f 823 886 858
f 832 887 886
f 858 886 887
f 831 885 883
f 832 886 885
f 823 883 886
f 885 886 883
f 812 868 889
f 826 888 868
f 834 889 888
f 868 888 889
f 816 890 864
f 833 891 890
f 826 864 891
f 890 891 864
f 820 892 894
f 834 893 892
f 833 894 893
f 892 893 894
f 826 891 888
f 833 893 891
f 834 888 893
f 891 893 888
f 816 861 896
f 824 895 861
f 836 896 895
f 861 895 896
f 822 897 856
f 835 898 897
f 824 856 898
f 897 898 856
f 815 899 901
f 836 900 899
f 835 901 900
f 899 900 901
f 824 898 895
f 835 900 898
f 836 895 900
f 898 900 895
f 822 887 903
f 832 902 887
f 838 903 902
f 887 902 903
f 821 904 884
f 837 905 904
f 832 884 905
f 904 905 884
f 813 906 908
f 838 907 906
f 837 908 907
f 906 907 908
f 832 905 902
f 837 907 905
f 838 902 907
f 905 907 902
f 821 882 910
f 830 909 882
f 840 910 909
f 882 909 910
f 818 911 878
f 839 912 911
f 830 878 912
f 911 912 878
f 817 913 915
f 840 914 913
f 839 915 914
f 913 914 915
f 830 912 909
f 839 914 912
f 840 909 914
f 912 914 909
f 818 875 917
f 828 916 875
f 842 917 916
f 875 916 917
f 812 918 871
f 841 919 918
f 828 871 919
f 918 919 871
f 819 920 922
f 842 921 920
f 841 922 921
f 920 921 922
f 828 919 916
f 841 921 919
f 842 916 921
f 919 921 916
f 814 923 925
f 843 924 923
f 845 925 924
f 923 924 925
f 820 926 928
f 844 927 926
f 843 928 927
f 926 927 928
f 815 929 931
f 845 930 929
f 844 931 930
f 929 930 931
f 843 927 924
f 844 930 927
f 845 924 930
f 927 930 924
f 814 925 933
f 845 932 925
f 847 933 932
f 925 932 933
f 815 934 929
f 846 935 934
f 845 929 935
f 934 935 929
f 813 936 938
f 847 937 936
f 846 938 937
f 936 937 938
f 845 935 932
f 846 937 935
f 847 932 937
f 935 937 932
f 814 933 940
f 847 939 933
f 849 940 939
f 933 939 940
f 813 941 936
f 848 942 941
f 847 936 942
f 941 942 936
f 817 943 945
f 849 944 943
f 848 945 944
f 943 944 945
f 847 942 939
f 848 944 942
f 849 939 944
f 942 944 939
f 814 940 947
f 849 946 940
f 851 947 946
f 940 946 947
f 817 948 943
f 850 949 948
f 849 943 949
f 948 949 943
f 819 950 952
f 851 951 950
f 850 952 951
f 950 951 952
f 849 949 946
f 850 951 949
f 851 946 951
f 949 951 946
f 814 947 923
f 851 953 947
f 843 923 953
f 947 953 923
f 819 954 950
f 852 955 954
f 851 950 955
f 954 955 950
f 820 928 957
f 843 956 928
f 852 957 956
f 928 956 957
f 851 955 953
f 852 956 955
f 843 953 956
f 955 956 953
f 815 931 899
f 844 958 931
f 836 899 958
f 931 958 899
f 820 894 926
f 833 959 894
f 844 926 959
f 894 959 926
f 816 896 890
f 836 960 896
f 833 890 960
f 896 960 890
f 844 959 958
f 833 960 959
f 836 958 960
f 959 960 958
f 813 938 906
f 846 961 938
f 838 906 961
f 938 961 906
f 815 901 934
f 835 962 901
f 846 934 962
f 901 962 934
f 822 903 897
f 838 963 903
f 835 897 963
f 903 963 897
f 846 962 961
f 835 963 962
f 838 961 963
f 962 963 961
f 817 945 913
f 848 964 945
f 840 913 964
f 945 964 913
f 813 908 941
f 837 965 908
f 848 941 965
f 908 965 941
f 821 910 904
f 840 966 910
f 837 904 966
f 910 966 904
f 848 965 964
f 837 966 965
f 840 964 966
f 965 966 964
f 819 952 920
f 850 967 952
f 842 920 967
f 952 967 920
f 817 915 948
f 839 968 915
f 850 948 968
f 915 968 948
f 818 917 911
f 842 969 917
f 839 911 969
f 917 969 911
f 850 968 967
f 839 969 968
f 842 967 969
f 968 969 967
f 820 957 892
f 852 970 957
f 834 892 970
f 957 970 892
f 819 922 954
f 841 971 922
f 852 954 971
f 922 971 954
f 812 889 918
f 834 972 889
f 841 918 972
f 889 972 918
f 852 971 970
f 841 972 971
f 834 970 972
f 971 972 970
f 973 1015 1017
f 985 1016 1015
f 987 1017 1016
f 1015 1016 1017
f 984 1018 1020
f 986 1019 1018
f 985 1020 1019
f 1018 1019 1020
f 978 1021 1023
f 987 1022 1021
f 986 1023 1022
f 1021 1022 1023
f 985 1019 1016
f 986 1022 1019
f 987 1016 1022
f 1019 1022 1016
f 973 1017 1025
f 987 1024 1017
f 989 1025 1024
f 1017 1024 1025
f 978 1026 1021
f 988 1027 1026
f 987 1021 1027
f 1026 1027 1021
f 974 1028 1030
f 989 1029 1028
f 988 1030 1029
f 1028 1029 1030
f 987 1027 1024
f 988 1029 1027
f 989 1024 1029
f 1027 1029 1024
f 973 1025 1032
f 989 1031 1025
f 991 1032 1031
f 1025 1031 1032
f 974 1033 1028
f 990 1034 1033
f 989 1028 1034
f 1033 1034 1028
f 980 1035 1037
f 991 1036 1035
f 990 1037 1036
f 1035 1036 1037
f 989 1034 1031
f 990 1036 1034
f 991 1031 1036
f 1034 1036 1031
f 973 1032 1039
f 991 1038 1032
f 993 1039 1038
f 1032 1038 1039
f 980 1040 1035
f 992 1041 1040
f 991 1035 1041
f 1040 1041 1035
f 983 1042 1044
f 993 1043 1042
f 992 1044 1043
f 1042 1043 1044
f 991 1041 1038
f 992 1043 1041
f 993 1038 1043
f 1041 1043 1038
f 973 1039 1015
f 993 1045 1039
f 985 1015 1045
f 1039 1045 1015
f 983 1046 1042
f 994 1047 1046
f 993 1042 1047
f 1046 1047 1042
f 984 1020 1049
f 985 1048 1020
f 994 1049 1048
f 1020 1048 1049
f 993 1047 1045
f 994 1048 1047
f 985 1045 1048
f 1047 1048 1045
f 974 1030 1051
f 988 1050 1030
f 996 1051 1050
f 1030 1050 1051
f 978 1052 1026
f 995 1053 1052
f 988 1026 1053
f 1052 1053 1026
f 982 1054 1056
f 996 1055 1054
f 995 1056 1055
f 1054 1055 1056
f 988 1053 1050
f 995 1055 1053
f 996 1050 1055
f 1053 1055 1050
f 978 1023 1058
f 986 1057 1023
f 998 1058 1057
f 1023 1057 1058
f 984 1059 1018
f 997 1060 1059
f 986 1018 1060
f 1059 1060 1018
f 977 1061 1063
f 998 1062 1061
f 997 1063 1062
f 1061 1062 1063
f 986 1060 1057
f 997 1062 1060
f 998 1057 1062
f 1060 1062 1057
f 984 1049 1065
f 994 1064 1049
f 1000 1065 1064
f 1049 1064 1065
f 983 1066 1046
f 999 1067 1066
f 994 1046 1067
f 1066 1067 1046
f 975 1068 1070
f 1000 1069 1068
f 999 1070 1069
f 1068 1069 1070
f 994 1067 1064
f 999 1069 1067
f 1000 1064 1069
f 1067 1069 1064
f 983 1044 1072
f 992 1071 1044
f 1002 1072 1071
f 1044 1071 1072
f 980 1073 1040
f 1001 1074 1073
f 992 1040 1074
f 1073 1074 1040
f 979 1075 1077
f 1002 1076 1075
f 1001 1077 1076
f 1075 1076 1077
f 992 1074 1071
f 1001 1076 1074
f 1002 1071 1076
f 1074 1076 1071
f 980 1037 1079
f 990 1078 1037
f 1004 1079 1078
f 1037 1078 1079
f 974 1080 1033
f 1003 1081 1080
f 990 1033 1081
f 1080 1081 1033
f 981 1082 1084
f 1004 1083 1082
f 1003 1084 1083
f 1082 1083 1084
f 990 1081 1078
f 1003 1083 1081
f 1004 1078 1083
f 1081 1083 1078
f 976 1085 1087
f 1005 1086 1085
f 1007 1087 1086
f 1085 1086 1087
f 982 1088 1090
f 1006 1089 1088
f 1005 1090 1089
f 1088 1089 1090
f 977 1091 1093
f 1007 1092 1091
f 1006 1093 1092
f 1091 1092 1093
f 1005 1089 1086
f 1006 1092 1089
f 1007 1086 1092
f 1089 1092 1086
f 976 1087 1095
f 1007 1094 1087
f 1009 1095 1094
f 1087 1094 1095
f 977 1096 1091
f 1008 1097 1096
f 1007 1091 1097
f 1096 1097 1091
f 975 1098 1100
f 1009 1099 1098
f 1008 1100 1099
f 1098 1099 1100
f 1007 1097 1094
f 1008 1099 1097
f 1009 1094 1099
f 1097 1099 1094
f 976 1095 1102
f 1009 1101 1095
f 1011 1102 1101
f 1095 1101 1102
f 975 1103 1098
f 1010 1104 1103
f 1009 1098 1104
f 1103 1104 1098
f 979 1105 1107
f 1011 1106 1105
f 1010 1107 1106
f 1105 1106 1107
f 1009 1104 1101
f 1010 1106 1104
f 1011 1101 1106
f 1104 1106 1101
f 976 1102 1109
f 1011 1108 1102
f 1013 1109 1108
f 1102 1108 1109
f 979 1110 1105
f 1012 1111 1110
f 1011 1105 1111
f 1110 1111 1105
f 981 1112 1114
f 1013 1113 1112
f 1012 1114 1113
f 1112 1113 1114
f 1011 1111 1108
f 1012 1113 1111
f 1013 1108 1113
f 1111 1113 1108
f 976 1109 1085
f 1013 1115 1109
f 1005 1085 1115
f 1109 1115 1085
f 981 1116 1112
f 1014 1117 1116
f 1013 1112 1117
f 1116 1117 1112
f 982 1090 1119
f 1005 1118 1090
f 1014 1119 1118
f 1090 1118 1119
f 1013 1117 1115
f 1014 1118 1117
f 1005 1115 1118
f 1117 1118 1115
f 977 1093 1061
f 1006 1120 1093
f 998 1061 1120
f 1093 1120 1061
f 982 1056 1088
f 995 1121 1056
f 1006 1088 1121
f 1056 1121 1088
f 978 1058 1052
f 998 1122 1058
f 995 1052 1122
f 1058 1122 1052
f 1006 1121 1120
f 995 1122 1121
f 998 1120 1122
f 1121 1122 1120
f 975 1100 1068
f 1008 1123 1100
f 1000 1068 1123
f 1100 1123 1068
f 977 1063 1096
f 997 1124 1063
f 1008 1096 1124
f 1063 1124 1096
f 984 1065 1059
f 1000 1125 1065
f 997 1059 1125
f 1065 1125 1059
f 1008 1124 1123
f 997 1125 1124
f 1000 1123 1125
f 1124 1125 1123
f 979 1107 1075
f 1010 1126 1107
f 1002 1075 1126
f 1107 1126 1075
f 975 1070 1103
f 999 1127 1070
f 1010 1103 1127
f 1070 1127 1103
f 983 1072 1066
f 1002 1128 1072
f 999 1066 1128
f 1072 1128 1066
f 1010 1127 1126
f 999 1128 1127
f 1002 1126 1128
f 1127 1128 1126
f 981 1114 1082
f 1012 1129 1114
f 1004 1082 1129
f 1114 1129 1082
f 979 1077 1110
f 1001 1130 1077
f 1012 1110 1130
f 1077 1130 1110
f 980 1079 1073
f 1004 1131 1079
f 1001 1073 1131
f 1079 1131 1073
f 1012 1130 1129
f 1001 1131 1130
f 1004 1129 1131
f 1130 1131 1129
f 982 1119 1054
f 1014 1132 1119
f 996 1054 1132
f 1119 1132 1054
f 981 1084 1116
f 1003 1133 1084
f 1014 1116 1133
f 1084 1133 1116
f 974 1051 1080
f 996 1134 1051
f 1003 1080 1134
f 1051 1134 1080
f 1014 1133 1132
f 1003 1134 1133
f 996 1132 1134
f 1133 1134 1132
f 1135 1177 1179
f 1147 1178 1177
f 1149 1179 1178
f 1177 1178 1179
f 1146 1180 1182
f 1148 1181 1180
f 1147 1182 1181
f 1180 1181 1182
f 1140 1183 1185
f 1149 1184 1183
f 1148 1185 1184
f 1183 1184 1185
f 1147 1181 1178
f 1148 1184 1181
f 1149 1178 1184
f 1181 1184 1178
f 1135 1179 1187
f 1149 1186 1179
f 1151 1187 1186
f 1179 1186 1187
f 1140 1188 1183
f 1150 1189 1188
f 1149 1183 1189
f 1188 1189 1183
f 1136 1190 1192
f 1151 1191 1190
f 1150 1192 1191
f 1190 1191 1192
f 1149 1189 1186
f 1150 1191 1189
f 1151 1186 1191
f 1189 1191 1186
f 1135 1187 1194
f 1151 1193 1187
f 1153 1194 1193
f 1187 1193 1194
f 1136 1195 1190
f 1152 1196 1195
f 1151 1190 1196
f 1195 1196 1190
f 1142 1197 1199
f 1153 1198 1197
f 1152 1199 1198
f 1197 1198 1199
f 1151 1196 1193
f 1152 1198 1196
f 1153 1193 1198
f 1196 1198 1193
f 1135 1194 1201
f 1153 1200 1194
f 1155 1201 1200
f 1194 1200 1201
f 1142 1202 1197
f 1154 1203 1202
f 1153 1197 1203
f 1202 1203 1197
f 1145 1204 1206
f 1155 1205 1204
f 1154 1206 1205
f 1204 1205 1206
f 1153 1203 1200
f 1154 1205 1203
f 1155 1200 1205
f 1203 1205 1200
f 1135 1201 1177
f 1155 1207 1201
f 1147 1177 1207
f 1201 1207 1177
f 1145 1208 1204
f 1156 1209 1208
f 1155 1204 1209
f 1208 1209 1204
f 1146 1182 1211
f 1147 1210 1182
f 1156 1211 1210
f 1182 1210 1211
f 1155 1209 1207
f 1156 1210 1209
f 1147 1207 1210
f 1209 1210 1207
f 1136 1192 1213
f 1150 1212 1192
f 1158 1213 1212
f 1192 1212 1213
f 1140 1214 1188
f 1157 1215 1214
f 1150 1188 1215
f 1214 1215 1188
f 1144 1216 1218
f 1158 1217 1216
f 1157 1218 1217
f 1216 1217 1218
f 1150 1215 1212
f 1157 1217 1215
f 1158 1212 1217
f 1215 1217 1212
f 1140 1185 1220
f 1148 1219 1185
f 1160 1220 1219
f 1185 1219 1220
f 1146 1221 1180
f 1159 1222 1221
f 1148 1180 1222
f 1221 1222 1180
f 1139 1223 1225
f 1160 1224 1223
f 1159 1225 1224
f 1223 1224 1225
f 1148 1222 1219
f 1159 1224 1222
f 1160 1219 1224
f 1222 1224 1219
f 1146 1211 1227
f 1156 1226 1211
f 1162 1227 1226
f 1211 1226 1227
f 1145 1228 1208
f 1161 1229 1228
f 1156 1208 1229
f 1228 1229 1208
f 1137 1230 1232
f 1162 1231 1230
f 1161 1232 1231
f 1230 1231 1232
f 1156 1229 1226
f 1161 1231 1229
f 1162 1226 1231
f 1229 1231 1226
f 1145 1206 1234
f 1154 1233 1206
f 1164 1234 1233
f 1206 1233 1234
f 1142 1235 1202
f 1163 1236 1235
f 1154 1202 1236
f 1235 1236 1202
f 1141 1237 1239
f 1164 1238 1237
f 1163 1239 1238
f 1237 1238 1239
f 1154 1236 1233
f 1163 1238 1236
f 1164 1233 1238
f 1236 1238 1233
f 1142 1199 1241
f 1152 1240 1199
f 1166 1241 1240
f 1199 1240 1241
f 1136 1242 1195
f 1165 1243 1242
f 1152 1195 1243
f 1242 1243 1195
f 1143 1244 1246
f 1166 1245 1244
f 1165 1246 1245
f 1244 1245 1246
f 1152 1243 1240
f 1165 1245 1243
f 1166 1240 1245
f 1243 1245 1240
f 1138 1247 1249
f 1167 1248 1247
f 1169 1249 1248
f 1247 1248 1249
f 1144 1250 1252
f 1168 1251 1250
f 1167 1252 1251
f 1250 1251 1252
f 1139 1253 1255
f 1169 1254 1253
f 1168 1255 1254
f 1253 1254 1255
f 1167 1251 1248
f 1168 1254 1251
f 1169 1248 1254
f 1251 1254 1248
f 1138 1249 1257
f 1169 1256 1249
f 1171 1257 1256
f 1249 1256 1257
f 1139 1258 1253
f 1170 1259 1258
f 1169 1253 1259
f 1258 1259 1253
f 1137 1260 1262
f 1171 1261 1260
f 1170 1262 1261
f 1260 1261 1262
f 1169 1259 1256
f 1170 1261 1259
f 1171 1256 1261
f 1259 1261 1256
f 1138 1257 1264
f 1171 1263 1257
f 1173 1264 1263
f 1257 1263 1264
f 1137 1265 1260
f 1172 1266 1265
f 1171 1260 1266
f 1265 1266 1260
f 1141 1267 1269
f 1173 1268 1267
f 1172 1269 1268
f 1267 1268 1269
f 1171 1266 1263
f 1172 1268 1266
f 1173 1263 1268
f 1266 1268 1263
f 1138 1264 1271
f 1173 1270 1264
f 1175 1271 1270
f 1264 1270 1271
f 1141 1272 1267
f 1174 1273 1272
f 1173 1267 1273
f 1272 1273 1267
f 1143 1274 1276
f 1175 1275 1274
f 1174 1276 1275
f 1274 1275 1276
f 1173 1273 1270
f 1174 1275 1273
f 1175 1270 1275
f 1273 1275 1270
f 1138 1271 1247
f 1175 1277 1271
f 1167 1247 1277
f 1271 1277 1247
f 1143 1278 1274
f 1176 1279 1278
f 1175 1274 1279
f 1278 1279 1274
f 1144 1252 1281
f 1167 1280 1252
f 1176 1281 1280
f 1252 1280 1281
f 1175 1279 1277
f 1176 1280 1279
f 1167 1277 1280
f 1279 1280 1277
f 1139 1255 1223
f 1168 1282 1255
f 1160 1223 1282
f 1255 1282 1223
f 1144 1218 1250
f 1157 1283 1218
f 1168 1250 1283
f 1218 1283 1250
f 1140 1220 1214
f 1160 1284 1220
f 1157 1214 1284
f 1220 1284 1214
f 1168 1283 1282
f 1157 1284 1283
f 1160 1282 1284
f 1283 1284 1282
f 1137 1262 1230
f 1170 1285 1262
f 1162 1230 1285
f 1262 1285 1230
f 1139 1225 1258
f 1159 1286 1225
f 1170 1258 1286
f 1225 1286 1258
f 1146 1227 1221
f 1162 1287 1227
f 1159 1221 1287
f 1227 1287 1221
f 1170 1286 1285
f 1159 1287 1286
f 1162 1285 1287
f 1286 1287 1285
f 1141 1269 1237
f 1172 1288 1269
f 1164 1237 1288
f 1269 1288 1237
f 1137 1232 1265
f 1161 1289 1232
f 1172 1265 1289
f 1232 1289 1265
f 1145 1234 1228
f 1164 1290 1234
f 1161 1228 1290
f 1234 1290 1228
f 1172 1289 1288
f 1161 1290 1289
f 1164 1288 1290
f 1289 1290 1288
f 1143 1276 1244
f 1174 1291 1276
f 1166 1244 1291
f 1276 1291 1244
f 1141 1239 1272
f 1163 1292 1239
f 1174 1272 1292
f 1239 1292 1272
f 1142 1241 1235
f 1166 1293 1241
f 1163 1235 1293
f 1241 1293 1235
f 1174 1292 1291
f 1163 1293 1292
f 1166 1291 1293
f 1292 1293 1291
f 1144 1281 1216
f 1176 1294 1281
f 1158 1216 1294
f 1281 1294 1216
f 1143 1246 1278
f 1165 1295 1246
f 1176 1278 1295
f 1246 1295 1278
f 1136 1213 1242
f 1158 1296 1213
f 1165 1242 1296
f 1213 1296 1242
f 1176 1295 1294
f 1165 1296 1295
f 1158 1294 1296
f 1295 1296 1294
f 1297 1339 1341
f 1309 1340 1339
f 1311 1341 1340
f 1339 1340 1341
f 1308 1342 1344
f 1310 1343 1342
f 1309 1344 1343
f 1342 1343 1344
f 1302 1345 1347
f 1311 1346 1345
f 1310 1347 1346
f 1345 1346 1347
f 1309 1343 1340
f 1310 1346 1343
f 1311 1340 1346
f 1343 1346 1340
f 1297 1341 1349
f 1311 1348 1341
f 1313 1349 1348
f 1341 1348 1349
f 1302 1350 1345
f 1312 1351 1350
f 1311 1345 1351
f 1350 1351 1345
f 1298 1352 1354
f 1313 1353 1352
f 1312 1354 1353
f 1352 1353 1354
f 1311 1351 1348
f 1312 1353 1351
f 1313 1348 1353
f 1351 1353 1348
f 1297 1349 1356
f 1313 1355 1349
f 1315 1356 1355
f 1349 1355 1356
f 1298 1357 1352
f 1314 1358 1357
f 1313 1352 1358
f 1357 1358 1352
f 1304 1359 1361
f 1315 1360 1359
f 1314 1361 1360
f 1359 1360 1361
f 1313 1358 1355
f 1314 1360 1358
f 1315 1355 1360
f 1358 1360 1355
f 1297 1356 1363
f 1315 1362 1356
f 1317 1363 1362
f 1356 1362 1363
f 1304 1364 1359
f 1316 1365 1364
f 1315 1359 1365
f 1364 1365 1359
f 1307 1366 1368
f 1317 1367 1366
f 1316 1368 1367
f 1366 1367 1368
f 1315 1365 1362
f 1316 1367 1365
f 1317 1362 1367
f 1365 1367 1362
f 1297 1363 1339
f 1317 1369 1363
f 1309 1339 1369
f 1363 1369 1339
f 1307 1370 1366
f 1318 1371 1370
f 1317 1366 1371
f 1370 1371 1366
f 1308 1344 1373
f 1309 1372 1344
f 1318 1373 1372
f 1344 1372 1373
f 1317 1371 1369
f 1318 1372 1371
f 1309 1369 1372
f 1371 1372 1369
f 1298 1354 1375
f 1312 1374 1354
f 1320 1375 1374
f 1354 1374 1375
f 1302 1376 1350
f 1319 1377 1376
f 1312 1350 1377
f 1376 1377 1350
f 1306 1378 1380
f 1320 1379 1378
f 1319 1380 1379
f 1378 1379 1380
f 1312 1377 1374
f 1319 1379 1377
f 1320 1374 1379
f 1377 1379 1374
f 1302 1347 1382
f 1310 1381 1347
f 1322 1382 1381
f 1347 1381 1382
f 1308 1383 1342
f 1321 1384 1383
f 1310 1342 1384
f 1383 1384 1342
f 1301 1385 1387
f 1322 1386 1385
f 1321 1387 1386
f 1385 1386 1387
f 1310 1384 1381
f 1321 1386 1384
f 1322 1381 1386
f 1384 1386 1381
f 1308 1373 1389
f 1318 1388 1373
f 1324 1389 1388
f 1373 1388 1389
f 1307 1390 1370
f 1323 1391 1390
f 1318 1370 1391
f 1390 1391 1370
f 1299 1392 1394
f 1324 1393 1392
f 1323 1394 1393
f 1392 1393 1394
f 1318 1391 1388
f 1323 1393 1391
f 1324 1388 1393
f 1391 1393 1388
f 1307 1368 1396
f 1316 1395 1368
f 1326 1396 1395
f 1368 1395 1396
f 1304 1397 1364
f 1325 1398 1397
f 1316 1364 1398
f 1397 1398 1364
f 1303 1399 1401
f 1326 1400 1399
f 1325 1401 1400
f 1399 1400 1401
f 1316 1398 1395
f 1325 1400 1398
f 1326 1395 1400
f 1398 1400 1395
f 1304 1361 1403
f 1314 1402 1361
f 1328 1403 1402
f 1361 1402 1403
f 1298 1404 1357
f 1327 1405 1404
f 1314 1357 1405
f 1404 1405 1357
f 1305 1406 1408
f 1328 1407 1406
f 1327 1408 1407
f 1406 1407 1408
f 1314 1405 1402
f 1327 1407 1405
f 1328 1402 1407
f 1405 1407 1402
f 1300 1409 1411
f 1329 1410 1409
f 1331 1411 1410
f 1409 1410 1411
f 1306 1412 1414
f 1330 1413 1412
f 1329 1414 1413
f 1412 1413 1414
f 1301 1415 1417
f 1331 1416 1415
f 1330 1417 1416
f 1415 1416 1417
f 1329 1413 1410
f 1330 1416 1413
f 1331 1410 1416
f 1413 1416 1410
f 1300 1411 1419
f 1331 1418 1411
f 1333 1419 1418
f 1411 1418 1419
f 1301 1420 1415
f 1332 1421 1420
f 1331 1415 1421
f 1420 1421 1415
f 1299 1422 1424
f 1333 1423 1422
f 1332 1424 1423
f 1422 1423 1424
f 1331 1421 1418
f 1332 1423 1421
f 1333 1418 1423
f 1421 1423 1418
f 1300 1419 1426
f 1333 1425 1419
f 1335 1426 1425
f 1419 1425 1426
f 1299 1427 1422
f 1334 1428 1427
f 1333 1422 1428
f 1427 1428 1422
f 1303 1429 1431
f 1335 1430 1429
f 1334 1431 1430
f 1429 1430 1431
f 1333 1428 1425
f 1334 1430 1428
f 1335 1425 1430
f 1428 1430 1425
f 1300 1426 1433
f 1335 1432 1426
f 1337 1433 1432
f 1426 1432 1433
f 1303 1434 1429
f 1336 1435 1434
f 1335 1429 1435
f 1434 1435 1429
f 1305 1436 1438
f 1337 1437 1436
f 1336 1438 1437
f 1436 1437 1438
f 1335 1435 1432
f 1336 1437 1435
f 1337 1432 1437
f 1435 1437 1432
f 1300 1433 1409
f 1337 1439 1433
f 1329 1409 1439
f 1433 1439 1409
f 1305 1440 1436
f 1338 1441 1440
f 1337 1436 1441
f 1440 1441 1436
f 1306 1414 1443
f 1329 1442 1414
f 1338 1443 1442
f 1414 1442 1443
f 1337 1441 1439
f 1338 1442 1441
f 1329 1439 1442
f 1441 1442 1439
f 1301 1417 1385
f 1330 1444 1417
f 1322 1385 1444
f 1417 1444 1385
f 1306 1380 1412
f 1319 1445 1380
f 1330 1412 1445
f 1380 1445 1412
f 1302 1382 1376
f 1322 1446 1382
f 1319 1376 1446
f 1382 1446 1376
f 1330 1445 1444
f 1319 1446 1445
f 1322 1444 1446
f 1445 1446 1444
f 1299 1424 1392
f 1332 1447 1424
f 1324 1392 1447
f 1424 1447 1392
f 1301 1387 1420
f 1321 1448 1387
f 1332 1420 1448
f 1387 1448 1420
f 1308 1389 1383
f 1324 1449 1389
f 1321 1383 1449
f 1389 1449 1383
f 1332 1448 1447
f 1321 1449 1448
f 1324 1447 1449
f 1448 1449 1447
f 1303 1431 1399
f 1334 1450 1431
f 1326 1399 1450
f 1431 1450 1399
f 1299 1394 1427
f 1323 1451 1394
f 1334 1427 1451
f 1394 1451 1427
f 1307 1396 1390
f 1326 1452 1396
f 1323 1390 1452
f 1396 1452 1390
f 1334 1451 1450
f 1323 1452 1451
f 1326 1450 1452
f 1451 1452 1450
f 1305 1438 1406
f 1336 1453 1438
f 1328 1406 1453
f 1438 1453 1406
f 1303 1401 1434
f 1325 1454 1401
f 1336 1434 1454
f 1401 1454 1434
f 1304 1403 1397
f 1328 1455 1403
f 1325 1397 1455
f 1403 1455 1397
f 1336 1454 1453
f 1325 1455 1454
f 1328 1453 1455
f 1454 1455 1453
f 1306 1443 1378
f 1338 1456 1443
f 1320 1378 1456
f 1443 1456 1378
f 1305 1408 1440
f 1327 1457 1408
f 1338 1440 1457
f 1408 1457 1440
f 1298 1375 1404
f 1320 1458 1375
f 1327 1404 1458
f 1375 1458 1404
f 1338 1457 1456
f 1327 1458 1457
f 1320 1456 1458
f 1457 1458 1456
f 1459 1501 1503
f 1471 1502 1501
f 1473 1503 1502
f 1501 1502 1503
f 1470 1504 1506
f 1472 1505 1504
f 1471 1506 1505
f 1504 1505 1506
f 1464 1507 1509
f 1473 1508 1507
f 1472 1509 1508
f 1507 1508 1509
f 1471 1505 1502
f 1472 1508 1505
f 1473 1502 1508
f 1505 1508 1502
f 1459 1503 1511
f 1473 1510 1503
f 1475 1511 1510
f 1503 1510 1511
f 1464 1512 1507
f 1474 1513 1512
f 1473 1507 1513
f 1512 1513 1507
f 1460 1514 1516
f 1475 1515 1514
f 1474 1516 1515
f 1514 1515 1516
f 1473 1513 1510
f 1474 1515 1513
f 1475 1510 1515
f 1513 1515 1510
f 1459 1511 1518
f 1475 1517 1511
f 1477 1518 1517
f 1511 1517 1518
f 1460 1519 1514
f 1476 1520 1519
f 1475 1514 1520
f 1519 1520 1514
f 1466 1521 1523
f 1477 1522 1521
f 1476 1523 1522
f 1521 1522 1523
f 1475 1520 1517
f 1476 1522 1520
f 1477 1517 1522
f 1520 1522 1517
f 1459 1518 1525
f 1477 1524 1518
f 1479 1525 1524
f 1518 1524 1525
f 1466 1526 1521
f 1478 1527 1526
f 1477 1521 1527
f 1526 1527 1521
f 1469 1528 1530
f 1479 1529 1528
f 1478 1530 1529
f 1528 1529 1530
f 1477 1527 1524
f 1478 1529 1527
f 1479 1524 1529
f 1527 1529 1524
f 1459 1525 1501
f 1479 1531 1525
f 1471 1501 1531
f 1525 1531 1501
f 1469 1532 1528
f 1480 1533 1532
f 1479 1528 1533
f 1532 1533 1528
f 1470 1506 1535
f 1471 1534 1506
f 1480 1535 1534
f 1506 1534 1535
f 1479 1533 1531
f 1480 1534 1533
f 1471 1531 1534
f 1533 1534 1531
f 1460 1516 1537
f 1474 1536 1516
f 1482 1537 1536
f 1516 1536 1537
f 1464 1538 1512
f 1481 1539 1538
f 1474 1512 1539
f 1538 1539 1512
f 1468 1540 1542
f 1482 1541 1540
f 1481 1542 1541
f 1540 1541 1542
f 1474 1539 1536
f 1481 1541 1539
f 1482 1536 1541
f 1539 1541 1536
f 1464 1509 1544
f 1472 1543 1509
f 1484 1544 1543
f 1509 1543 1544
f 1470 1545 1504
f 1483 1546 1545
f 1472 1504 1546
f 1545 1546 1504
f 1463 1547 1549
f 1484 1548 1547
f 1483 1549 1548
f 1547 1548 1549
f 1472 1546 1543
f 1483 1548 1546
f 1484 1543 1548
f 1546 1548 1543
f 1470 1535 1551
f 1480 1550 1535
f 1486 1551 1550
f 1535 1550 1551
f 1469 1552 1532
f 1485 1553 1552
f 1480 1532 1553
f 1552 1553 1532
f 1461 1554 1556
f 1486 1555 1554
f 1485 1556 1555
f 1554 1555 1556
f 1480 1553 1550
f 1485 1555 1553
f 1486 1550 1555
f 1553 1555 1550
f 1469 1530 1558
f 1478 1557 1530
f 1488 1558 1557
f 1530 1557 1558
f 1466 1559 1526
f 1487 1560 1559
f 1478 1526 1560
f 1559 1560 1526
f 1465 1561 1563
f 1488 1562 1561
f 1487 1563 1562
f 1561 1562 1563
f 1478 1560 1557
f 1487 1562 1560
f 1488 1557 1562
f 1560 1562 1557
f 1466 1523 1565
f 1476 1564 1523
f 1490 1565 1564
f 1523 1564 1565
f 1460 1566 1519
f 1489 1567 1566
f 1476 1519 1567
f 1566 1567 1519
f 1467 1568 1570
f 1490 1569 1568
f 1489 1570 1569
f 1568 1569 1570
f 1476 1567 1564
f 1489 1569 1567
f 1490 1564 1569
f 1567 1569 1564
f 1462 1571 1573
f 1491 1572 1571
f 1493 1573 1572
f 1571 1572 1573
f 1468 1574 1576
f 1492 1575 1574
f 1491 1576 1575
f 1574 1575 1576
f 1463 1577 1579
f 1493 1578 1577
f 1492 1579 1578
f 1577 1578 1579
f 1491 1575 1572
f 1492 1578 1575
f 1493 1572 1578
f 1575 1578 1572
f 1462 1573 1581
f 1493 1580 1573
f 1495 1581 1580
f 1573 1580 1581
f 1463 1582 1577
f 1494 1583 1582
f 1493 1577 1583
f 1582 1583 1577
f 1461 1584 1586
f 1495 1585 1584
f 1494 1586 1585
f 1584 1585 1586
f 1493 1583 1580
f 1494 1585 1583
f 1495 1580 1585
f 1583 1585 1580
f 1462 1581 1588
f 1495 1587 1581
f 1497 1588 1587
f 1581 1587 1588
f 1461 1589 1584
f 1496 1590 1589
f 1495 1584 1590
f 1589 1590 1584
f 1465 1591 1593
f 1497 1592 1591
f 1496 1593 1592
f 1591 1592 1593
f 1495 1590 1587
f 1496 1592 1590
f 1497 1587 1592
f 1590 1592 1587
f 1462 1588 1595
f 1497 1594 1588
f 1499 1595 1594
f 1588 1594 1595
f 1465 1596 1591
f 1498 1597 1596
f 1497 1591 1597
f 1596 1597 1591
f 1467 1598 1600
f 1499 1599 1598
f 1498 1600 1599
f 1598 1599 1600
f 1497 1597 1594
f 1498 1599 1597
f 1499 1594 1599
f 1597 1599 1594
f 1462 1595 1571
f 1499 1601 1595
f 1491 1571 1601
f 1595 1601 1571
f 1467 1602 1598
f 1500 1603 1602
f 1499 1598 1603
f 1602 1603 1598
f 1468 1576 1605
f 1491 1604 1576
f 1500 1605 1604
f 1576 1604 1605
f 1499 1603 1601
f 1500 1604 1603
f 1491 1601 1604
f 1603 1604 1601
f 1463 1579 1547
f 1492 1606 1579
f 1484 1547 1606
f 1579 1606 1547
f 1468 1542 1574
f 1481 1607 1542
f 1492 1574 1607
f 1542 1607 1574
f 1464 1544 1538
f 1484 1608 1544
f 1481 1538 1608
f 1544 1608 1538
f 1492 1607 1606
f 1481 1608 1607
f 1484 1606 1608
f 1607 1608 1606
f 1461 1586 1554
f 1494 1609 1586
f 1486 1554 1609
f 1586 1609 1554
f 1463 1549 1582
f 1483 1610 1549
f 1494 1582 1610
f 1549 1610 1582
f 1470 1551 1545
f 1486 1611 1551
f 1483 1545 1611
f 1551 1611 1545
f 1494 1610 1609
f 1483 1611 1610
f 1486 1609 1611
f 1610 1611 1609
f 1465 1593 1561
f 1496 1612 1593
f 1488 1561 1612
f 1593 1612 1561
f 1461 1556 1589
f 1485 1613 1556
f 1496 1589 1613
f 1556 1613 1589
f 1469 1558 1552
f 1488 1614 1558
f 1485 1552 1614
f 1558 1614 1552
f 1496 1613 1612
f 1485 1614 1613
f 1488 1612 1614
f 1613 1614 1612
f 1467 1600 1568
f 1498 1615 1600
f 1490 1568 1615
f 1600 1615 1568
f 1465 1563 1596
f 1487 1616 1563
f 1498 1596 1616
f 1563 1616 1596
f 1466 1565 1559
f 1490 1617 1565
f 1487 1559 1617
f 1565 1617 1559
f 1498 1616 1615
f 1487 1617 1616
f 1490 1615 1617
f 1616 1617 1615
f 1468 1605 1540
f 1500 1618 1605
f 1482 1540 1618
f 1605 1618 1540
f 1467 1570 1602
f 1489 1619 1570
f 1500 1602 1619
f 1570 1619 1602
f 1460 1537 1566
f 1482 1620 1537
f 1489 1566 1620
f 1537 1620 1566
f 1500 1619 1618
f 1489 1620 1619
f 1482 1618 1620
f 1619 1620 1618
f 1621 1663 1665
f 1633 1664 1663
f 1635 1665 1664
f 1663 1664 1665
f 1632 1666 1668
f 1634 1667 1666
f 1633 1668 1667
f 1666 1667 1668
f 1626 1669 1671
f 1635 1670 1669
f 1634 1671 1670
f 1669 1670 1671
f 1633 1667 1664
f 1634 1670 1667
f 1635 1664 1670
f 1667 1670 1664
f 1621 1665 1673
f 1635 1672 1665
f 1637 1673 1672
f 1665 1672 1673
f 1626 1674 1669
f 1636 1675 1674
f 1635 1669 1675
f 1674 1675 1669
f 1622 1676 1678
f 1637 1677 1676
f 1636 1678 1677
f 1676 1677 1678
f 1635 1675 1672
f 1636 1677 1675
f 1637 1672 1677
f 1675 1677 1672
f 1621 1673 1680
f 1637 1679 1673
f 1639 1680 1679
f 1673 1679 1680
f 1622 1681 1676
f 1638 1682 1681
f 1637 1676 1682
f 1681 1682 1676
f 1628 1683 1685
f 1639 1684 1683
f 1638 1685 1684
f 1683 1684 1685
f 1637 1682 1679
f 1638 1684 1682
f 1639 1679 1684
f 1682 1684 1679
f 1621 1680 1687
f 1639 1686 1680
f 1641 1687 1686
f 1680 1686 1687
f 1628 1688 1683
f 1640 1689 1688
f 1639 1683 1689
f 1688 1689 1683
f 1631 1690 1692
f 1641 1691 1690
f 1640 1692 1691
f 1690 1691 1692
f 1639 1689 1686
f 1640 1691 1689
f 1641 1686 1691
f 1689 1691 1686
f 1621 1687 1663
f 1641 1693 1687
f 1633 1663 1693
f 1687 1693 1663
f 1631 1694 1690
f 1642 1695 1694
f 1641 1690 1695
f 1694 1695 1690
f 1632 1668 1697
f 1633 1696 1668
f 1642 1697 1696
f 1668 1696 1697
f 1641 1695 1693
f 1642 1696 1695
f 1633 1693 1696
f 1695 1696 1693
f 1622 1678 1699
f 1636 1698 1678
f 1644 1699 1698
f 1678 1698 1699
f 1626 1700 1674
f 1643 1701 1700
f 1636 1674 1701
f 1700 1701 1674
f 1630 1702 1704
f 1644 1703 1702
f 1643 1704 1703
f 1702 1703 1704
f 1636 1701 1698
f 1643 1703 1701
f 1644 1698 1703
f 1701 1703 1698
f 1626 1671 1706
f 1634 1705 1671
f 1646 1706 1705
f 1671 1705 1706
f 1632 1707 1666
f 1645 1708 1707
f 1634 1666 1708
f 1707 1708 1666
f 1625 1709 1711
f 1646 1710 1709
f 1645 1711 1710
f 1709 1710 1711
f 1634 1708 1705
f 1645 1710 1708
f 1646 1705 1710
f 1708 1710 1705
f 1632 1697 1713
f 1642 1712 1697
f 1648 1713 1712
f 1697 1712 1713
f 1631 1714 1694
f 1647 1715 1714
f 1642 1694 1715
f 1714 1715 1694
f 1623 1716 1718
f 1648 1717 1716
f 1647 1718 1717
f 1716 1717 1718
f 1642 1715 1712
f 1647 1717 1715
f 1648 1712 1717
f 1715 1717 1712
f 1631 1692 1720
f 1640 1719 1692
f 1650 1720 1719
f 1692 1719 1720
f 1628 1721 1688
f 1649 1722 1721
f 1640 1688 1722
f 1721 1722 1688
f 1627 1723 1725
f 1650 1724 1723
f 1649 1725 1724
f 1723 1724 1725
f 1640 1722 1719
f 1649 1724 1722
f 1650 1719 1724
f 1722 1724 1719
f 1628 1685 1727
f 1638 1726 1685
f 1652 1727 1726
f 1685 1726 1727
f 1622 1728 1681
f 1651 1729 1728
f 1638 1681 1729
f 1728 1729 1681
f 1629 1730 1732
f 1652 1731 1730
f 1651 1732 1731
f 1730 1731 1732
f 1638 1729 1726
f 1651 1731 1729
f 1652 1726 1731
f 1729 1731 1726
f 1624 1733 1735
f 1653 1734 1733
f 1655 1735 1734
f 1733 1734 1735
f 1630 1736 1738
f 1654 1737 1736
f 1653 1738 1737
f 1736 1737 1738
f 1625 1739 1741
f 1655 1740 1739
f 1654 1741 1740
f 1739 1740 1741
f 1653 1737 1734
f 1654 1740 1737
f 1655 1734 1740
f 1737 1740 1734
f 1624 1735 1743
f 1655 1742 1735
f 1657 1743 1742
f 1735 1742 1743
f 1625 1744 1739
f 1656 1745 1744
f 1655 1739 1745
f 1744 1745 1739
f 1623 1746 1748
f 1657 1747 1746
f 1656 1748 1747
f 1746 1747 1748
f 1655 1745 1742
f 1656 1747 1745
f 1657 1742 1747
f 1745 1747 1742
f 1624 1743 1750
f 1657 1749 1743
f 1659 1750 1749
f 1743 1749 1750
f 1623 1751 1746
f 1658 1752 1751
f 1657 1746 1752
f 1751 1752 1746
f 1627 1753 1755
f 1659 1754 1753
f 1658 1755 1754
f 1753 1754 1755
f 1657 1752 1749
f 1658 1754 1752
f 1659 1749 1754
f 1752 1754 1749
f 1624 1750 1757
f 1659 1756 1750
f 1661 1757 1756
f 1750 1756 1757
f 1627 1758 1753
f 1660 1759 1758
f 1659 1753 1759
f 1758 1759 1753
f 1629 1760 1762
f 1661 1761 1760
f 1660 1762 1761
f 1760 1761 1762
f 1659 1759 1756
f 1660 1761 1759
f 1661 1756 1761
f 1759 1761 1756
f 1624 1757 1733
f 1661 1763 1757
f 1653 1733 1763
f 1757 1763 1733
f 1629 1764 1760
f 1662 1765 1764
f 1661 1760 1765
f 1764 1765 1760
f 1630 1738 1767
f 1653 1766 1738
f 1662 1767 1766
f 1738 1766 1767
f 1661 1765 1763
f 1662 1766 1765
f 1653 1763 1766
f 1765 1766 1763
f 1625 1741 1709
f 1654 1768 1741
f 1646 1709 1768
f 1741 1768 1709
f 1630 1704 1736
f 1643 1769 1704
f 1654 1736 1769
f 1704 1769 1736
f 1626 1706 1700
f 1646 1770 1706
f 1643 1700 1770
f 1706 1770 1700
f 1654 1769 1768
f 1643 1770 1769
f 1646 1768 1770
f 1769 1770 1768
f 1623 1748 1716
f 1656 1771 1748
f 1648 1716 1771
f 1748 1771 1716
f 1625 1711 1744
f 1645 1772 1711
f 1656 1744 1772
f 1711 1772 1744
f 1632 1713 1707
f 1648 1773 1713
f 1645 1707 1773
f 1713 1773 1707
f 1656 1772 1771
f 1645 1773 1772
f 1648 1771 1773
f 1772 1773 1771
f 1627 1755 1723
f 1658 1774 1755
f 1650 1723 1774
f 1755 1774 1723
f 1623 1718 1751
f 1647 1775 1718
f 1658 1751 1775
f 1718 1775 1751
f 1631 1720 1714
f 1650 1776 1720
f 1647 1714 1776
f 1720 1776 1714
f 1658 1775 1774
f 1647 1776 1775
f 1650 1774 1776
f 1775 1776 1774
f 1629 1762 1730
f 1660 1777 1762
f 1652 1730 1777
f 1762 1777 1730
f 1627 1725 1758
f 1649 1778 1725
f 1660 1758 1778
f 1725 1778 1758
f 1628 1727 1721
f 1652 1779 1727
f 1649 1721 1779
f 1727 1779 1721
f 1660 1778 1777
f 1649 1779 1778
f 1652 1777 1779
f 1778 1779 1777
f 1630 1767 1702
f 1662 1780 1767
f 1644 1702 1780
f 1767 1780 1702
f 1629 1732 1764
f 1651 1781 1732
f 1662 1764 1781
f 1732 1781 1764
f 1622 1699 1728
f 1644 1782 1699
f 1651 1728 1782
f 1699 1782 1728
f 1662 1781 1780
f 1651 1782 1781
f 1644 1780 1782
f 1781 1782 1780
f 1783 1825 1827
f 1795 1826 1825
f 1797 1827 1826
f 1825 1826 1827
f 1794 1828 1830
f 1796 1829 1828
f 1795 1830 1829
f 1828 1829 1830
f 1788 1831 1833
f 1797 1832 1831
f 1796 1833 1832
f 1831 1832 1833
f 1795 1829 1826
f 1796 1832 1829
f 1797 1826 1832
f 1829 1832 1826
f 1783 1827 1835
f 1797 1834 1827
f 1799 1835 1834
f 1827 1834 1835
f 1788 1836 1831
f 1798 1837 1836
f 1797 1831 1837
f 1836 1837 1831
f 1784 1838 1840
f 1799 1839 1838
f 1798 1840 1839
f 1838 1839 1840
f 1797 1837 1834
f 1798 1839 1837
f 1799 1834 1839
f 1837 1839 1834
f 1783 1835 1842
f 1799 1841 1835
f 1801 1842 1841
f 1835 1841 1842
f 1784 1843 1838
f 1800 1844 1843
f 1799 1838 1844
f 1843 1844 1838
f 1790 1845 1847
f 1801 1846 1845
f 1800 1847 1846
f 1845 1846 1847
f 1799 1844 1841
f 1800 1846 1844
f 1801 1841 1846
f 1844 1846 1841
f 1783 1842 1849
f 1801 1848 1842
f 1803 1849 1848
f 1842 1848 1849
f 1790 1850 1845
f 1802 1851 1850
f 1801 1845 1851
f 1850 1851 1845
f 1793 1852 1854
f 1803 1853 1852
f 1802 1854 1853
f 1852 1853 1854
f 1801 1851 1848
f 1802 1853 1851
f 1803 1848 1853
f 1851 1853 1848
f 1783 1849 1825
f 1803 1855 1849
f 1795 1825 1855
f 1849 1855 1825
f 1793 1856 1852
f 1804 1857 1856
f 1803 1852 1857
f 1856 1857 1852
f 1794 1830 1859
f 1795 1858 1830
f 1804 1859 1858
f 1830 1858 1859
f 1803 1857 1855
f 1804 1858 1857
f 1795 1855 1858
f 1857 1858 1855
f 1784 1840 1861
f 1798 1860 1840
f 1806 1861 1860
f 1840 1860 1861
f 1788 1862 1836
f 1805 1863 1862
f 1798 1836 1863
f 1862 1863 1836
f 1792 1864 1866
f 1806 1865 1864
f 1805 1866 1865
f 1864 1865 1866
f 1798 1863 1860
f 1805 1865 1863
f 1806 1860 1865
f 1863 1865 1860
f 1788 1833 1868
f 1796 1867 1833
f 1808 1868 1867
f 1833 1867 1868
f 1794 1869 1828
f 1807 1870 1869
f 1796 1828 1870
f 1869 1870 1828
f 1787 1871 1873
f 1808 1872 1871
f 1807 1873 1872
f 1871 1872 1873
f 1796 1870 1867
f 1807 1872 1870
f 1808 1867 1872
f 1870 1872 1867
f 1794 1859 1875
f 1804 1874 1859
f 1810 1875 1874
f 1859 1874 1875
f 1793 1876 1856
f 1809 1877 1876
f 1804 1856 1877
f 1876 1877 1856
f 1785 1878 1880
f 1810 1879 1878
f 1809 1880 1879
f 1878 1879 1880
f 1804 1877 1874
f 1809 1879 1877
f 1810 1874 1879
f 1877 1879 1874
f 1793 1854 1882
f 1802 1881 1854
f 1812 1882 1881
f 1854 1881 1882
f 1790 1883 1850
f 1811 1884 1883
f 1802 1850 1884
f 1883 1884 1850
f 1789 1885 1887
f 1812 1886 1885
f 1811 1887 1886
f 1885 1886 1887
f 1802 1884 1881
f 1811 1886 1884
f 1812 1881 1886
f 1884 1886 1881
f 1790 1847 1889
f 1800 1888 1847
f 1814 1889 1888
f 1847 1888 1889
f 1784 1890 1843
f 1813 1891 1890
f 1800 1843 1891
f 1890 1891 1843
f 1791 1892 1894
f 1814 1893 1892
f 1813 1894 1893
f 1892 1893 1894
f 1800 1891 1888
f 1813 1893 1891
f 1814 1888 1893
f 1891 1893 1888
f 1786 1895 1897
f 1815 1896 1895
f 1817 1897 1896
f 1895 1896 1897
f 1792 1898 1900
f 1816 1899 1898
f 1815 1900 1899
f 1898 1899 1900
f 1787 1901 1903
f 1817 1902 1901
f 1816 1903 1902
f 1901 1902 1903
f 1815 1899 1896
f 1816 1902 1899
f 1817 1896 1902
f 1899 1902 1896
f 1786 1897 1905
f 1817 1904 1897
f 1819 1905 1904
f 1897 1904 1905
f 1787 1906 1901
f 1818 1907 1906
f 1817 1901 1907
f 1906 1907 1901
f 1785 1908 1910
f 1819 1909 1908
f 1818 1910 1909
f 1908 1909 1910
f 1817 1907 1904
f 1818 1909 1907
f 1819 1904 1909
f 1907 1909 1904
f 1786 1905 1912
f 1819 1911 1905
f 1821 1912 1911
f 1905 1911 1912
f 1785 1913 1908
f 1820 1914 1913
f 1819 1908 1914
f 1913 1914 1908
f 1789 1915 1917
f 1821 1916 1915
f 1820 1917 1916
f 1915 1916 1917
f 1819 1914 1911
f 1820 1916 1914
f 1821 1911 1916
f 1914 1916 1911
f 1786 1912 1919
f 1821 1918 1912
f 1823 1919 1918
f 1912 1918 1919
f 1789 1920 1915
f 1822 1921 1920
f 1821 1915 1921
f 1920 1921 1915
f 1791 1922 1924
f 1823 1923 1922
f 1822 1924 1923
f 1922 1923 1924
f 1821 1921 1918
f 1822 1923 1921
f 1823 1918 1923
f 1921 1923 1918
f 1786 1919 1895
f 1823 1925 1919
f 1815 1895 1925
f 1919 1925 1895
f 1791 1926 1922
f 1824 1927 1926
f 1823 1922 1927
f 1926 1927 1922
f 1792 1900 1929
f 1815 1928 1900
f 1824 1929 1928
f 1900 1928 1929
f 1823 1927 1925
f 1824 1928 1927
f 1815 1925 1928
f 1927 1928 1925
f 1787 1903 1871
f 1816 1930 1903
f 1808 1871 1930
f 1903 1930 1871
f 1792 1866 1898
f 1805 1931 1866
f 1816 1898 1931
f 1866 1931 1898
f 1788 1868 1862
f 1808 1932 1868
f 1805 1862 1932
f 1868 1932 1862
f 1816 1931 1930
f 1805 1932 1931
f 1808 1930 1932
f 1931 1932 1930
f 1785 1910 1878
f 1818 1933 1910
f 1810 1878 1933
f 1910 1933 1878
f 1787 1873 1906
f 1807 1934 1873
f 1818 1906 1934
f 1873 1934 1906
f 1794 1875 1869
f 1810 1935 1875
f 1807 1869 1935
f 1875 1935 1869
f 1818 1934 1933
f 1807 1935 1934
f 1810 1933 1935
f 1934 1935 1933
f 1789 1917 1885
f 1820 1936 1917
f 1812 1885 1936
f 1917 1936 1885
f 1785 1880 1913
f 1809 1937 1880
f 1820 1913 1937
f 1880 1937 1913
f 1793 1882 1876
f 1812 1938 1882
f 1809 1876 1938
f 1882 1938 1876
f 1820 1937 1936
f 1809 1938 1937
f 1812 1936 1938
f 1937 1938 1936
f 1791 1924 1892
f 1822 1939 1924
f 1814 1892 1939
f 1924 1939 1892
f 1789 1887 1920
f 1811 1940 1887
f 1822 1920 1940
f 1887 1940 1920
f 1790 1889 1883
f 1814 1941 1889
f 1811 1883 1941
f 1889 1941 1883
f 1822 1940 1939
f 1811 1941 1940
f 1814 1939 1941
f 1940 1941 1939
f 1792 1929 1864
f 1824 1942 1929
f 1806 1864 1942
f 1929 1942 1864
f 1791 1894 1926
f 1813 1943 1894
f 1824 1926 1943
f 1894 1943 1926
f 1784 1861 1890
f 1806 1944 1861
f 1813 1890 1944
f 1861 1944 1890
f 1824 1943 1942
f 1813 1944 1943
f 1806 1942 1944
f 1943 1944 1942
f 1945 1987 1989
f 1957 1988 1987
f 1959 1989 1988
f 1987 1988 1989
f 1956 1990 1992
f 1958 1991 1990
f 1957 1992 1991
f 1990 1991 1992
f 1950 1993 1995
f 1959 1994 1993
f 1958 1995 1994
f 1993 1994 1995
f 1957 1991 1988
f 1958 1994 1991
f 1959 1988 1994
f 1991 1994 1988
f 1945 1989 1997
f 1959 1996 1989
f 1961 1997 1996
f 1989 1996 1997
f 1950 1998 1993
f 1960 1999 1998
f 1959 1993 1999
f 1998 1999 1993
f 1946 2000 2002
f 1961 2001 2000
f 1960 2002 2001
f 2000 2001 2002
f 1959 1999 1996
f 1960 2001 1999
f 1961 1996 2001
f 1999 2001 1996
f 1945 1997 2004
f 1961 2003 1997
f 1963 2004 2003
f 1997 2003 2004
f 1946 2005 2000
f 1962 2006 2005
f 1961 2000 2006
f 2005 2006 2000
f 1952 2007 2009
f 1963 2008 2007
f 1962 2009 2008
f 2007 2008 2009
f 1961 2006 2003
f 1962 2008 2006
f 1963 2003 2008
f 2006 2008 2003
f 1945 2004 2011
f 1963 2010 2004
f 1965 2011 2010
f 2004 2010 2011
f 1952 2012 2007
f 1964 2013 2012
f 1963 2007 2013
f 2012 2013 2007
f 1955 2014 2016
f 1965 2015 2014
f 1964 2016 2015
f 2014 2015 2016
f 1963 2013 2010
f 1964 2015 2013
f 1965 2010 2015
f 2013 2015 2010
f 1945 2011 1987
f 1965 2017 2011
f 1957 1987 2017
f 2011 2017 1987
f 1955 2018 2014
f 1966 2019 2018
f 1965 2014 2019
f 2018 2019 2014
f 1956 1992 2021
f 1957 2020 1992
f 1966 2021 2020
f 1992 2020 2021
f 1965 2019 2017
f 1966 2020 2019
f 1957 2017 2020
f 2019 2020 2017
f 1946 2002 2023
f 1960 2022 2002
f 1968 2023 2022
f 2002 2022 2023
f 1950 2024 1998
f 1967 2025 2024
f 1960 1998 2025
f 2024 2025 1998
f 1954 2026 2028
f 1968 2027 2026
f 1967 2028 2027
f 2026 2027 2028
f 1960 2025 2022
f 1967 2027 2025
f 1968 2022 2027
f 2025 2027 2022
f 1950 1995 2030
f 1958 2029 1995
f 1970 2030 2029
f 1995 2029 2030
f 1956 2031 1990
f 1969 2032 2031
f 1958 1990 2032
f 2031 2032 1990
f 1949 2033 2035
f 1970 2034 2033
f 1969 2035 2034
f 2033 2034 2035
f 1958 2032 2029
f 1969 2034 2032
f 1970 2029 2034
f 2032 2034 2029
f 1956 2021 2037
f 1966 2036 2021
f 1972 2037 2036
f 2021 2036 2037
f 1955 2038 2018
f 1971 2039 2038
f 1966 2018 2039
f 2038 2039 2018
f 1947 2040 2042
f 1972 2041 2040
f 1971 2042 2041
f 2040 2041 2042
f 1966 2039 2036
f 1971 2041 2039
f 1972 2036 2041
f 2039 2041 2036
f 1955 2016 2044
f 1964 2043 2016
f 1974 2044 2043
f 2016 2043 2044
f 1952 2045 2012
f 1973 2046 2045
f 1964 2012 2046
f 2045 2046 2012
f 1951 2047 2049
f 1974 2048 2047
f 1973 2049 2048
f 2047 2048 2049
f 1964 2046 2043
f 1973 2048 2046
f 1974 2043 2048
f 2046 2048 2043
f 1952 2009 2051
f 1962 2050 2009
f 1976 2051 2050
f 2009 2050 2051
f 1946 2052 2005
f 1975 2053 2052
f 1962 2005 2053
f 2052 2053 2005
f 1953 2054 2056
f 1976 2055 2054
f 1975 2056 2055
f 2054 2055 2056
f 1962 2053 2050
f 1975 2055 2053
f 1976 2050 2055
f 2053 2055 2050
f 1948 2057 2059
f 1977 2058 2057
f 1979 2059 2058
f 2057 2058 2059
f 1954 2060 2062
f 1978 2061 2060
f 1977 2062 2061
f 2060 2061 2062
f 1949 2063 2065
f 1979 2064 2063
f 1978 2065 2064
f 2063 2064 2065
f 1977 2061 2058
f 1978 2064 2061
f 1979 2058 2064
f 2061 2064 2058
f 1948 2059 2067
f 1979 2066 2059
f 1981 2067 2066
f 2059 2066 2067
f 1949 2068 2063
f 1980 2069 2068
f 1979 2063 2069
f 2068 2069 2063
f 1947 2070 2072
f 1981 2071 2070
f 1980 2072 2071
f 2070 2071 2072
f 1979 2069 2066
f 1980 2071 2069
f 1981 2066 2071
f 2069 2071 2066
f 1948 2067 2074
f 1981 2073 2067
f 1983 2074 2073
f 2067 2073 2074
f 1947 2075 2070
f 1982 2076 2075
f 1981 2070 2076
f 2075 2076 2070
f 1951 2077 2079
f 1983 2078 2077
f 1982 2079 2078
f 2077 2078 2079
f 1981 2076 2073
f 1982 2078 2076
f 1983 2073 2078
f 2076 2078 2073
f 1948 2074 2081
f 1983 2080 2074
f 1985 2081 2080
f 2074 2080 2081
f 1951 2082 2077
f 1984 2083 2082
f 1983 2077 2083
f 2082 2083 2077
f 1953 2084 2086
f 1985 2085 2084
f 1984 2086 2085
f 2084 2085 2086
f 1983 2083 2080
f 1984 2085 2083
f 1985 2080 2085
f 2083 2085 2080
f 1948 2081 2057
f 1985 2087 2081
f 1977 2057 2087
f 2081 2087 2057
f 1953 2088 2084
f 1986 2089 2088
f 1985 2084 2089
f 2088 2089 2084
f 1954 2062 2091
f 1977 2090 2062
f 1986 2091 2090
f 2062 2090 2091
f 1985 2089 2087
f 1986 2090 2089
f 1977 2087 2090
f 2089 2090 2087
f 1949 2065 2033
f 1978 2092 2065
f 1970 2033 2092
f 2065 2092 2033
f 1954 2028 2060
f 1967 2093 2028
f 1978 2060 2093
f 2028 2093 2060
f 1950 2030 2024
f 1970 2094 2030
f 1967 2024 2094
f 2030 2094 2024
f 1978 2093 2092
f 1967 2094 2093
f 1970 2092 2094
f 2093 2094 2092
f 1947 2072 2040
f 1980 2095 2072
f 1972 2040 2095
f 2072 2095 2040
f 1949 2035 2068
f 1969 2096 2035
f 1980 2068 2096
f 2035 2096 2068
f 1956 2037 2031
f 1972 2097 2037
f 1969 2031 2097
f 2037 2097 2031
f 1980 2096 2095
f 1969 2097 2096
f 1972 2095 2097
f 2096 2097 2095
f 1951 2079 2047
f 1982 2098 2079
f 1974 2047 2098
f 2079 2098 2047
f 1947 2042 2075
f 1971 2099 2042
f 1982 2075 2099
f 2042 2099 2075
f 1955 2044 2038
f 1974 2100 2044
f 1971 2038 2100
f 2044 2100 2038
f 1982 2099 2098
f 1971 2100 2099
f 1974 2098 2100
f 2099 2100 2098
f 1953 2086 2054
f 1984 2101 2086
f 1976 2054 2101
f 2086 2101 2054
f 1951 2049 2082
f 1973 2102 2049
f 1984 2082 2102
f 2049 2102 2082
f 1952 2051 2045
f 1976 2103 2051
f 1973 2045 2103
f 2051 2103 2045
f 1984 2102 2101
f 1973 2103 2102
f 1976 2101 2103
f 2102 2103 2101
f 1954 2091 2026
f 1986 2104 2091
f 1968 2026 2104
f 2091 2104 2026
f 1953 2056 2088
f 1975 2105 2056
f 1986 2088 2105
f 2056 2105 2088
f 1946 2023 2052
f 1968 2106 2023
f 1975 2052 2106
f 2023 2106 2052
f 1986 2105 2104
f 1975 2106 2105
f 1968 2104 2106
f 2105 2106 2104
f 2107 2149 2151
f 2119 2150 2149
f 2121 2151 2150
f 2149 2150 2151
f 2118 2152 2154
f 2120 2153 2152
f 2119 2154 2153
f 2152 2153 2154
f 2112 2155 2157
f 2121 2156 2155
f 2120 2157 2156
f 2155 2156 2157
f 2119 2153 2150
f 2120 2156 2153
f 2121 2150 2156
f 2153 2156 2150
f 2107 2151 2159
f 2121 2158 2151
f 2123 2159 2158
f 2151 2158 2159
f 2112 2160 2155
f 2122 2161 2160
f 2121 2155 2161
f 2160 2161 2155
f 2108 2162 2164
f 2123 2163 2162
f 2122 2164 2163
f 2162 2163 2164
f 2121 2161 2158
f 2122 2163 2161
f 2123 2158 2163
f 2161 2163 2158
f 2107 2159 2166
f 2123 2165 2159
f 2125 2166 2165
f 2159 2165 2166
f 2108 2167 2162
f 2124 2168 2167
f 2123 2162 2168
f 2167 2168 2162
f 2114 2169 2171
f 2125 2170 2169
f 2124 2171 2170
f 2169 2170 2171
f 2123 2168 2165
f 2124 2170 2168
f 2125 2165 2170
f 2168 2170 2165
f 2107 2166 2173
f 2125 2172 2166
f 2127 2173 2172
f 2166 2172 2173
f 2114 2174 2169
f 2126 2175 2174
f 2125 2169 2175
f 2174 2175 2169
f 2117 2176 2178
f 2127 2177 2176
f 2126 2178 2177
f 2176 2177 2178
f 2125 2175 2172
f 2126 2177 2175
f 2127 2172 2177
f 2175 2177 2172
f 2107 2173 2149
f 2127 2179 2173
f 2119 2149 2179
f 2173 2179 2149
f 2117 2180 2176
f 2128 2181 2180
f 2127 2176 2181
f 2180 2181 2176
f 2118 2154 2183
f 2119 2182 2154
f 2128 2183 2182
f 2154 2182 2183
f 2127 2181 2179
f 2128 2182 2181
f 2119 2179 2182
f 2181 2182 2179
f 2108 2164 2185
f 2122 2184 2164
f 2130 2185 2184
f 2164 2184 2185
f 2112 2186 2160
f 2129 2187 2186
f 2122 2160 2187
f 2186 2187 2160
f 2116 2188 2190
f 2130 2189 2188
f 2129 2190 2189
f 2188 2189 2190
f 2122 2187 2184
f 2129 2189 2187
f 2130 2184 2189
f 2187 2189 2184
f 2112 2157 2192
f 2120 2191 2157
f 2132 2192 2191
f 2157 2191 2192
f 2118 2193 2152
f 2131 2194 2193
f 2120 2152 2194
f 2193 2194 2152
f 2111 2195 2197
f 2132 2196 2195
f 2131 2197 2196
f 2195 2196 2197
f 2120 2194 2191
f 2131 2196 2194
f 2132 2191 2196
f 2194 2196 2191
f 2118 2183 2199
f 2128 2198 2183
f 2134 2199 2198
f 2183 2198 2199
f 2117 2200 2180
f 2133 2201 2200
f 2128 2180 2201
f 2200 2201 2180
f 2109 2202 2204
f 2134 2203 2202
f 2133 2204 2203
f 2202 2203 2204
f 2128 2201 2198
f 2133 2203 2201
f 2134 2198 2203
f 2201 2203 2198
f 2117 2178 2206
f 2126 2205 2178
f 2136 2206 2205
f 2178 2205 2206
f 2114 2207 2174
f 2135 2208 2207
f 2126 2174 2208
f 2207 2208 2174
f 2113 2209 2211
f 2136 2210 2209
f 2135 2211 2210
f 2209 2210 2211
f 2126 2208 2205
f 2135 2210 2208
f 2136 2205 2210
f 2208 2210 2205
f 2114 2171 2213
f 2124 2212 2171
f 2138 2213 2212
f 2171 2212 2213
f 2108 2214 2167
f 2137 2215 2214
f 2124 2167 2215
f 2214 2215 2167
f 2115 2216 2218
f 2138 2217 2216
f 2137 2218 2217
f 2216 2217 2218
f 2124 2215 2212
f 2137 2217 2215
f 2138 2212 2217
f 2215 2217 2212
f 2110 2219 2221
f 2139 2220 2219
f 2141 2221 2220
f 2219 2220 2221
f 2116 2222 2224
f 2140 2223 2222
f 2139 2224 2223
f 2222 2223 2224
f 2111 2225 2227
f 2141 2226 2225
f 2140 2227 2226
f 2225 2226 2227
f 2139 2223 2220
f 2140 2226 2223
f 2141 2220 2226
f 2223 2226 2220
f 2110 2221 2229
f 2141 2228 2221
f 2143 2229 2228
f 2221 2228 2229
f 2111 2230 2225
f 2142 2231 2230
f 2141 2225 2231
f 2230 2231 2225
f 2109 2232 2234
f 2143 2233 2232
f 2142 2234 2233
f 2232 2233 2234
f 2141 2231 2228
f 2142 2233 2231
f 2143 2228 2233
f 2231 2233 2228
f 2110 2229 2236
f 2143 2235 2229
f 2145 2236 2235
f 2229 2235 2236
f 2109 2237 2232
f 2144 2238 2237
f 2143 2232 2238
f 2237 2238 2232
f 2113 2239 2241
f 2145 2240 2239
f 2144 2241 2240
f 2239 2240 2241
f 2143 2238 2235
f 2144 2240 2238
f 2145 2235 2240
f 2238 2240 2235
f 2110 2236 2243
f 2145 2242 2236
f 2147 2243 2242
f 2236 2242 2243
f 2113 2244 2239
f 2146 2245 2244
f 2145 2239 2245
f 2244 2245 2239
f 2115 2246 2248
f 2147 2247 2246
f 2146 2248 2247
f 2246 2247 2248
f 2145 2245 2242
f 2146 2247 2245
f 2147 2242 2247
f 2245 2247 2242
f 2110 2243 2219
f 2147 2249 2243
f 2139 2219 2249
f 2243 2249 2219
f 2115 2250 2246
f 2148 2251 2250
f 2147 2246 2251
f 2250 2251 2246
f 2116 2224 2253
f 2139 2252 2224
f 2148 2253 2252
f 2224 2252 2253
f 2147 2251 2249
f 2148 2252 2251
f 2139 2249 2252
f 2251 2252 2249
f 2111 2227 2195
f 2140 2254 2227
f 2132 2195 2254
f 2227 2254 2195
f 2116 2190 2222
f 2129 2255 2190
f 2140 2222 2255
f 2190 2255 2222
f 2112 2192 2186
f 2132 2256 2192
f 2129 2186 2256
f 2192 2256 2186
f 2140 2255 2254
f 2129 2256 2255
f 2132 2254 2256
f 2255 2256 2254
f 2109 2234 2202
f 2142 2257 2234
f 2134 2202 2257
f 2234 2257 2202
f 2111 2197 2230
f 2131 2258 2197
f 2142 2230 2258
f 2197 2258 2230
f 2118 2199 2193
f 2134 2259 2199
f 2131 2193 2259
f 2199 2259 2193
f 2142 2258 2257
f 2131 2259 2258
f 2134 2257 2259
f 2258 2259 2257
f 2113 2241 2209
f 2144 2260 2241
f 2136 2209 2260
f 2241 2260 2209
f 2109 2204 2237
f 2133 2261 2204
f 2144 2237 2261
f 2204 2261 2237
f 2117 2206 2200
f 2136 2262 2206
f 2133 2200 2262
f 2206 2262 2200
f 2144 2261 2260
f 2133 2262 2261
f 2136 2260 2262
f 2261 2262 2260
f 2115 2248 2216
f 2146 2263 2248
f 2138 2216 2263
f 2248 2263 2216
f 2113 2211 2244
f 2135 2264 2211
f 2146 2244 2264
f 2211 2264 2244
f 2114 2213 2207
f 2138 2265 2213
f 2135 2207 2265
f 2213 2265 2207
f 2146 2264 2263
f 2135 2265 2264
f 2138 2263 2265
f 2264 2265 2263
f 2116 2253 2188
f 2148 2266 2253
f 2130 2188 2266
f 2253 2266 2188
f 2115 2218 2250
f 2137 2267 2218
f 2148 2250 2267
f 2218 2267 2250
f 2108 2185 2214
f 2130 2268 2185
f 2137 2214 2268
f 2185 2268 2214
f 2148 2267 2266
f 2137 2268 2267
f 2130 2266 2268
f 2267 2268 2266
f 2269 2311 2313
f 2281 2312 2311
f 2283 2313 2312
f 2311 2312 2313
f 2280 2314 2316
f 2282 2315 2314
f 2281 2316 2315
f 2314 2315 2316
f 2274 2317 2319
f 2283 2318 2317
f 2282 2319 2318
f 2317 2318 2319
f 2281 2315 2312
f 2282 2318 2315
f 2283 2312 2318
f 2315 2318 2312
f 2269 2313 2321
f 2283 2320 2313
f 2285 2321 2320
f 2313 2320 2321
f 2274 2322 2317
f 2284 2323 2322
f 2283 2317 2323
f 2322 2323 2317
f 2270 2324 2326
f 2285 2325 2324
f 2284 2326 2325
f 2324 2325 2326
f 2283 2323 2320
f 2284 2325 2323
f 2285 2320 2325
f 2323 2325 2320
f 2269 2321 2328
f 2285 2327 2321
f 2287 2328 2327
f 2321 2327 2328
f 2270 2329 2324
f 2286 2330 2329
f 2285 2324 2330
f 2329 2330 2324
f 2276 2331 2333
f 2287 2332 2331
f 2286 2333 2332
f 2331 2332 2333
f 2285 2330 2327
f 2286 2332 2330
f 2287 2327 2332
f 2330 2332 2327
f 2269 2328 2335
f 2287 2334 2328
f 2289 2335 2334
f 2328 2334 2335
f 2276 2336 2331
f 2288 2337 2336
f 2287 2331 2337
f 2336 2337 2331
f 2279 2338 2340
f 2289 2339 2338
f 2288 2340 2339
f 2338 2339 2340
f 2287 2337 2334
f 2288 2339 2337
f 2289 2334 2339
f 2337 2339 2334
f 2269 2335 2311
f 2289 2341 2335
f 2281 2311 2341
f 2335 2341 2311
f 2279 2342 2338
f 2290 2343 2342
f 2289 2338 2343
f 2342 2343 2338
f 2280 2316 2345
f 2281 2344 2316
f 2290 2345 2344
f 2316 2344 2345
f 2289 2343 2341
f 2290 2344 2343
f 2281 2341 2344
f 2343 2344 2341
f 2270 2326 2347
f 2284 2346 2326
f 2292 2347 2346
f 2326 2346 2347
f 2274 2348 2322
f 2291 2349 2348
f 2284 2322 2349
f 2348 2349 2322
f 2278 2350 2352
f 2292 2351 2350
f 2291 2352 2351
f 2350 2351 2352
f 2284 2349 2346
f 2291 2351 2349
f 2292 2346 2351
f 2349 2351 2346
f 2274 2319 2354
f 2282 2353 2319
f 2294 2354 2353
f 2319 2353 2354
f 2280 2355 2314
f 2293 2356 2355
f 2282 2314 2356
f 2355 2356 2314
f 2273 2357 2359
f 2294 2358 2357
f 2293 2359 2358
f 2357 2358 2359
f 2282 2356 2353
f 2293 2358 2356
f 2294 2353 2358
f 2356 2358 2353
f 2280 2345 2361
f 2290 2360 2345
f 2296 2361 2360
f 2345 2360 2361
f 2279 2362 2342
f 2295 2363 2362
f 2290 2342 2363
f 2362 2363 2342
f 2271 2364 2366
f 2296 2365 2364
f 2295 2366 2365
f 2364 2365 2366
f 2290 2363 2360
f 2295 2365 2363
f 2296 2360 2365
f 2363 2365 2360
f 2279 2340 2368
f 2288 2367 2340
f 2298 2368 2367
f 2340 2367 2368
f 2276 2369 2336
f 2297 2370 2369
f 2288 2336 2370
f 2369 2370 2336
f 2275 2371 2373
f 2298 2372 2371
f 2297 2373 2372
f 2371 2372 2373
f 2288 2370 2367
f 2297 2372 2370
f 2298 2367 2372
f 2370 2372 2367
f 2276 2333 2375
f 2286 2374 2333
f 2300 2375 2374
f 2333 2374 2375
f 2270 2376 2329
f 2299 2377 2376
f 2286 2329 2377
f 2376 2377 2329
f 2277 2378 2380
f 2300 2379 2378
f 2299 2380 2379
f 2378 2379 2380
f 2286 2377 2374
f 2299 2379 2377
f 2300 2374 2379
f 2377 2379 2374
f 2272 2381 2383
f 2301 2382 2381
f 2303 2383 2382
f 2381 2382 2383
f 2278 2384 2386
f 2302 2385 2384
f 2301 2386 2385
f 2384 2385 2386
f 2273 2387 2389
f 2303 2388 2387
f 2302 2389 2388
f 2387 2388 2389
f 2301 2385 2382
f 2302 2388 2385
f 2303 2382 2388
f 2385 2388 2382
f 2272 2383 2391
f 2303 2390 2383
f 2305 2391 2390
f 2383 2390 2391
f 2273 2392 2387
f 2304 2393 2392
f 2303 2387 2393
f 2392 2393 2387
f 2271 2394 2396
f 2305 2395 2394
f 2304 2396 2395
f 2394 2395 2396
f 2303 2393 2390
f 2304 2395 2393
f 2305 2390 2395
f 2393 2395 2390
f 2272 2391 2398
f 2305 2397 2391
f 2307 2398 2397
f 2391 2397 2398
f 2271 2399 2394
f 2306 2400 2399
f 2305 2394 2400
f 2399 2400 2394
f 2275 2401 2403
f 2307 2402 2401
f 2306 2403 2402
f 2401 2402 2403
f 2305 2400 2397
f 2306 2402 2400
f 2307 2397 2402
f 2400 2402 2397
f 2272 2398 2405
f 2307 2404 2398
f 2309 2405 2404
f 2398 2404 2405
f 2275 2406 2401
f 2308 2407 2406
f 2307 2401 2407
f 2406 2407 2401
f 2277 2408 2410
f 2309 2409 2408
f 2308 2410 2409
f 2408 2409 2410
f 2307 2407 2404
f 2308 2409 2407
f 2309 2404 2409
f 2407 2409 2404
f 2272 2405 2381
f 2309 2411 2405
f 2301 2381 2411
f 2405 2411 2381
f 2277 2412 2408
f 2310 2413 2412
f 2309 2408 2413
f 2412 2413 2408
f 2278 2386 2415
f 2301 2414 2386
f 2310 2415 2414
f 2386 2414 2415
f 2309 2413 2411
f 2310 2414 2413
f 2301 2411 2414
f 2413 2414 2411
f 2273 2389 2357
f 2302 2416 2389
f 2294 2357 2416
f 2389 2416 2357
f 2278 2352 2384
f 2291 2417 2352
f 2302 2384 2417
f 2352 2417 2384
f 2274 2354 2348
f 2294 2418 2354
f 2291 2348 2418
f 2354 2418 2348
f 2302 2417 2416
f 2291 2418 2417
f 2294 2416 2418
f 2417 2418 2416
f 2271 2396 2364
f 2304 2419 2396
f 2296 2364 2419
f 2396 2419 2364
f 2273 2359 2392
f 2293 2420 2359
f 2304 2392 2420
f 2359 2420 2392
f 2280 2361 2355
f 2296 2421 2361
f 2293 2355 2421
f 2361 2421 2355
f 2304 2420 2419
f 2293 2421 2420
f 2296 2419 2421
f 2420 2421 2419
f 2275 2403 2371
f 2306 2422 2403
f 2298 2371 2422
f 2403 2422 2371
f 2271 2366 2399
f 2295 2423 2366
f 2306 2399 2423
f 2366 2423 2399
f 2279 2368 2362
f 2298 2424 2368
f 2295 2362 2424
f 2368 2424 2362
f 2306 2423 2422
f 2295 2424 2423
f 2298 2422 2424
f 2423 2424 2422
f 2277 2410 2378
f 2308 2425 2410
f 2300 2378 2425
f 2410 2425 2378
f 2275 2373 2406
f 2297 2426 2373
f 2308 2406 2426
f 2373 2426 2406
f 2276 2375 2369
f 2300 2427 2375
f 2297 2369 2427
f 2375 2427 2369
f 2308 2426 2425
f 2297 2427 2426
f 2300 2425 2427
f 2426 2427 2425
f 2278 2415 2350
f 2310 2428 2415
f 2292 2350 2428
f 2415 2428 2350
f 2277 2380 2412
f 2299 2429 2380
f 2310 2412 2429
f 2380 2429 2412
f 2270 2347 2376
f 2292 2430 2347
f 2299 2376 2430
f 2347 2430 2376
f 2310 2429 2428
f 2299 2430 2429
f 2292 2428 2430
f 2429 2430 2428
f 2431 2473 2475
f 2443 2474 2473
f 2445 2475 2474
f 2473 2474 2475
f 2442 2476 2478
f 2444 2477 2476
f 2443 2478 2477
f 2476 2477 2478
f 2436 2479 2481
f 2445 2480 2479
f 2444 2481 2480
f 2479 2480 2481
f 2443 2477 2474
f 2444 2480 2477
f 2445 2474 2480
f 2477 2480 2474
f 2431 2475 2483
f 2445 2482 2475
f 2447 2483 2482
f 2475 2482 2483
f 2436 2484 2479
f 2446 2485 2484
f 2445 2479 2485
f 2484 2485 2479
f 2432 2486 2488
f 2447 2487 2486
f 2446 2488 2487
f 2486 2487 2488
f 2445 2485 2482
f 2446 2487 2485
f 2447 2482 2487
f 2485 2487 2482
f 2431 2483 2490
f 2447 2489 2483
f 2449 2490 2489
f 2483 2489 2490
f 2432 2491 2486
f 2448 2492 2491
f 2447 2486 2492
f 2491 2492 2486
f 2438 2493 2495
f 2449 2494 2493
f 2448 2495 2494
f 2493 2494 2495
f 2447 2492 2489
f 2448 2494 2492
f 2449 2489 2494
f 2492 2494 2489
f 2431 2490 2497
f 2449 2496 2490
f 2451 2497 2496
f 2490 2496 2497
f 2438 2498 2493
f 2450 2499 2498
f 2449 2493 2499
f 2498 2499 2493
f 2441 2500 2502
f 2451 2501 2500
f 2450 2502 2501
f 2500 2501 2502
f 2449 2499 2496
f 2450 2501 2499
f 2451 2496 2501
f 2499 2501 2496
f 2431 2497 2473
f 2451 2503 2497
f 2443 2473 2503
f 2497 2503 2473
f 2441 2504 2500
f 2452 2505 2504
f 2451 2500 2505
f 2504 2505 2500
f 2442 2478 2507
f 2443 2506 2478
f 2452 2507 2506
f 2478 2506 2507
f 2451 2505 2503
f 2452 2506 2505
f 2443 2503 2506
f 2505 2506 2503
f 2432 2488 2509
f 2446 2508 2488
f 2454 2509 2508
f 2488 2508 2509
f 2436 2510 2484
f 2453 2511 2510
f 2446 2484 2511
f 2510 2511 2484
f 2440 2512 2514
f 2454 2513 2512
f 2453 2514 2513
f 2512 2513 2514
f 2446 2511 2508
f 2453 2513 2511
f 2454 2508 2513
f 2511 2513 2508
f 2436 2481 2516
f 2444 2515 2481
f 2456 2516 2515
f 2481 2515 2516
f 2442 2517 2476
f 2455 2518 2517
f 2444 2476 2518
f 2517 2518 2476
f 2435 2519 2521
f 2456 2520 2519
f 2455 2521 2520
f 2519 2520 2521
f 2444 2518 2515
f 2455 2520 2518
f 2456 2515 2520
f 2518 2520 2515
f 2442 2507 2523
f 2452 2522 2507
f 2458 2523 2522
f 2507 2522 2523
f 2441 2524 2504
f 2457 2525 2524
f 2452 2504 2525
f 2524 2525 2504
f 2433 2526 2528
f 2458 2527 2526
f 2457 2528 2527
f 2526 2527 2528
f 2452 2525 2522
f 2457 2527 2525
f 2458 2522 2527
f 2525 2527 2522
f 2441 2502 2530
f 2450 2529 2502
f 2460 2530 2529
f 2502 2529 2530
f 2438 2531 2498
f 2459 2532 2531
f 2450 2498 2532
f 2531 2532 2498
f 2437 2533 2535
f 2460 2534 2533
f 2459 2535 2534
f 2533 2534 2535
f 2450 2532 2529
f 2459 2534 2532
f 2460 2529 2534
f 2532 2534 2529
f 2438 2495 2537
f 2448 2536 2495
f 2462 2537 2536
f 2495 2536 2537
f 2432 2538 2491
f 2461 2539 2538
f 2448 2491 2539
f 2538 2539 2491
f 2439 2540 2542
f 2462 2541 2540
f 2461 2542 2541
f 2540 2541 2542
f 2448 2539 2536
f 2461 2541 2539
f 2462 2536 2541
f 2539 2541 2536
f 2434 2543 2545
f 2463 2544 2543
f 2465 2545 2544
f 2543 2544 2545
f 2440 2546 2548
f 2464 2547 2546
f 2463 2548 2547
f 2546 2547 2548
f 2435 2549 2551
f 2465 2550 2549
f 2464 2551 2550
f 2549 2550 2551
f 2463 2547 2544
f 2464 2550 2547
f 2465 2544 2550
f 2547 2550 2544
f 2434 2545 2553
f 2465 2552 2545
f 2467 2553 2552
f 2545 2552 2553
f 2435 2554 2549
f 2466 2555 2554
f 2465 2549 2555
f 2554 2555 2549
f 2433 2556 2558
f 2467 2557 2556
f 2466 2558 2557
f 2556 2557 2558
f 2465 2555 2552
f 2466 2557 2555
f 2467 2552 2557
f 2555 2557 2552
f 2434 2553 2560
f 2467 2559 2553
f 2469 2560 2559
f 2553 2559 2560
f 2433 2561 2556
f 2468 2562 2561
f 2467 2556 2562
f 2561 2562 2556
f 2437 2563 2565
f 2469 2564 2563
f 2468 2565 2564
f 2563 2564 2565
f 2467 2562 2559
f 2468 2564 2562
f 2469 2559 2564
f 2562 2564 2559
f 2434 2560 2567
f 2469 2566 2560
f 2471 2567 2566
f 2560 2566 2567
f 2437 2568 2563
f 2470 2569 2568
f 2469 2563 2569
f 2568 2569 2563
f 2439 2570 2572
f 2471 2571 2570
f 2470 2572 2571
f 2570 2571 2572
f 2469 2569 2566
f 2470 2571 2569
f 2471 2566 2571
f 2569 2571 2566
f 2434 2567 2543
f 2471 2573 2567
f 2463 2543 2573
f 2567 2573 2543
f 2439 2574 2570
f 2472 2575 2574
f 2471 2570 2575
f 2574 2575 2570
f 2440 2548 2577
f 2463 2576 2548
f 2472 2577 2576
f 2548 2576 2577
f 2471 2575 2573
f 2472 2576 2575
f 2463 2573 2576
f 2575 2576 2573
f 2435 2551 2519
f 2464 2578 2551
f 2456 2519 2578
f 2551 2578 2519
f 2440 2514 2546
f 2453 2579 2514
f 2464 2546 2579
f 2514 2579 2546
f 2436 2516 2510
f 2456 2580 2516
f 2453 2510 2580
f 2516 2580 2510
f 2464 2579 2578
f 2453 2580 2579
f 2456 2578 2580
f 2579 2580 2578
f 2433 2558 2526
f 2466 2581 2558
f 2458 2526 2581
f 2558 2581 2526
f 2435 2521 2554
f 2455 2582 2521
f 2466 2554 2582
f 2521 2582 2554
f 2442 2523 2517
f 2458 2583 2523
f 2455 2517 2583
f 2523 2583 2517
f 2466 2582 2581
f 2455 2583 2582
f 2458 2581 2583
f 2582 2583 2581
f 2437 2565 2533
f 2468 2584 2565
f 2460 2533 2584
f 2565 2584 2533
f 2433 2528 2561
f 2457 2585 2528
f 2468 2561 2585
f 2528 2585 2561
f 2441 2530 2524
f 2460 2586 2530
f 2457 2524 2586
f 2530 2586 2524
f 2468 2585 2584
f 2457 2586 2585
f 2460 2584 2586
f 2585 2586 2584
f 2439 2572 2540
f 2470 2587 2572
f 2462 2540 2587
f 2572 2587 2540
f 2437 2535 2568
f 2459 2588 2535
f 2470 2568 2588
f 2535 2588 2568
f 2438 2537 2531
f 2462 2589 2537
f 2459 2531 2589
f 2537 2589 2531
f 2470 2588 2587
f 2459 2589 2588
f 2462 2587 2589
f 2588 2589 2587
f 2440 2577 2512
f 2472 2590 2577
f 2454 2512 2590
f 2577 2590 2512
f 2439 2542 2574
f 2461 2591 2542
f 2472 2574 2591
f 2542 2591 2574
f 2432 2509 2538
f 2454 2592 2509
f 2461 2538 2592
f 2509 2592 2538
f 2472 2591 2590
f 2461 2592 2591
f 2454 2590 2592
f 2591 2592 2590
f 2593 2635 2637
f 2605 2636 2635
f 2607 2637 2636
f 2635 2636 2637
f 2604 2638 2640
f 2606 2639 2638
f 2605 2640 2639
f 2638 2639 2640
f 2598 2641 2643
f 2607 2642 2641
f 2606 2643 2642
f 2641 2642 2643
f 2605 2639 2636
f 2606 2642 2639
f 2607 2636 2642
f 2639 2642 2636
f 2593 2637 2645
f 2607 2644 2637
f 2609 2645 2644
f 2637 2644 2645
f 2598 2646 2641
f 2608 2647 2646
f 2607 2641 2647
f 2646 2647 2641
f 2594 2648 2650
f 2609 2649 2648
f 2608 2650 2649
f 2648 2649 2650
f 2607 2647 2644
f 2608 2649 2647
f 2609 2644 2649
f 2647 2649 2644
f 2593 2645 2652
f 2609 2651 2645
f 2611 2652 2651
f 2645 2651 2652
f 2594 2653 2648
f 2610 2654 2653
f 2609 2648 2654
f 2653 2654 2648
f 2600 2655 2657
f 2611 2656 2655
f 2610 2657 2656
f 2655 2656 2657
f 2609 2654 2651
f 2610 2656 2654
f 2611 2651 2656
f 2654 2656 2651
f 2593 2652 2659
f 2611 2658 2652
f 2613 2659 2658
f 2652 2658 2659
f 2600 2660 2655
f 2612 2661 2660
f 2611 2655 2661
f 2660 2661 2655
f 2603 2662 2664
f 2613 2663 2662
f 2612 2664 2663
f 2662 2663 2664
f 2611 2661 2658
f 2612 2663 2661
f 2613 2658 2663
f 2661 2663 2658
f 2593 2659 2635
f 2613 2665 2659
f 2605 2635 2665
f 2659 2665 2635
f 2603 2666 2662
f 2614 2667 2666
f 2613 2662 2667
f 2666 2667 2662
f 2604 2640 2669
f 2605 2668 2640
f 2614 2669 2668
f 2640 2668 2669
f 2613 2667 2665
f 2614 2668 2667
f 2605 2665 2668
f 2667 2668 2665
f 2594 2650 2671
f 2608 2670 2650
f 2616 2671 2670
f 2650 2670 2671
f 2598 2672 2646
f 2615 2673 2672
f 2608 2646 2673
f 2672 2673 2646
f 2602 2674 2676
f 2616 2675 2674
f 2615 2676 2675
f 2674 2675 2676
f 2608 2673 2670
f 2615 2675 2673
f 2616 2670 2675
f 2673 2675 2670
f 2598 2643 2678
f 2606 2677 2643
f 2618 2678 2677
f 2643 2677 2678
f 2604 2679 2638
f 2617 2680 2679
f 2606 2638 2680
f 2679 2680 2638
f 2597 2681 2683
f 2618 2682 2681
f 2617 2683 2682
f 2681 2682 2683
f 2606 2680 2677
f 2617 2682 2680
f 2618 2677 2682
f 2680 2682 2677
f 2604 2669 2685
f 2614 2684 2669
f 2620 2685 2684
f 2669 2684 2685
f 2603 2686 2666
f 2619 2687 2686
f 2614 2666 2687
f 2686 2687 2666
f 2595 2688 2690
f 2620 2689 2688
f 2619 2690 2689
f 2688 2689 2690
f 2614 2687 2684
f 2619 2689 2687
f 2620 2684 2689
f 2687 2689 2684
f 2603 2664 2692
f 2612 2691 2664
f 2622 2692 2691
f 2664 2691 2692
f 2600 2693 2660
f 2621 2694 2693
f 2612 2660 2694
f 2693 2694 2660
f 2599 2695 2697
f 2622 2696 2695
f 2621 2697 2696
f 2695 2696 2697
f 2612 2694 2691
f 2621 2696 2694
f 2622 2691 2696
f 2694 2696 2691
f 2600 2657 2699
f 2610 2698 2657
f 2624 2699 2698
f 2657 2698 2699
f 2594 2700 2653
f 2623 2701 2700
f 2610 2653 2701
f 2700 2701 2653
f 2601 2702 2704
f 2624 2703 2702
f 2623 2704 2703
f 2702 2703 2704
f 2610 2701 2698
f 2623 2703 2701
f 2624 2698 2703
f 2701 2703 2698
f 2596 2705 2707
f 2625 2706 2705
f 2627 2707 2706
f 2705 2706 2707
f 2602 2708 2710
f 2626 2709 2708
f 2625 2710 2709
f 2708 2709 2710
f 2597 2711 2713
f 2627 2712 2711
f 2626 2713 2712
f 2711 2712 2713
f 2625 2709 2706
f 2626 2712 2709
f 2627 2706 2712
f 2709 2712 2706
f 2596 2707 2715
f 2627 2714 2707
f 2629 2715 2714
f 2707 2714 2715
f 2597 2716 2711
f 2628 2717 2716
f 2627 2711 2717
f 2716 2717 2711
f 2595 2718 2720
f 2629 2719 2718
f 2628 2720 2719
f 2718 2719 2720
f 2627 2717 2714
f 2628 2719 2717
f 2629 2714 2719
f 2717 2719 2714
f 2596 2715 2722
f 2629 2721 2715
f 2631 2722 2721
f 2715 2721 2722
f 2595 2723 2718
f 2630 2724 2723
f 2629 2718 2724
f 2723 2724 2718
f 2599 2725 2727
f 2631 2726 2725
f 2630 2727 2726
f 2725 2726 2727
f 2629 2724 2721
f 2630 2726 2724
f 2631 2721 2726
f 2724 2726 2721
f 2596 2722 2729
f 2631 2728 2722
f 2633 2729 2728
f 2722 2728 2729
f 2599 2730 2725
f 2632 2731 2730
f 2631 2725 2731
f 2730 2731 2725
f 2601 2732 2734
f 2633 2733 2732
f 2632 2734 2733
f 2732 2733 2734
f 2631 2731 2728
f 2632 2733 2731
f 2633 2728 2733
f 2731 2733 2728
f 2596 2729 2705
f 2633 2735 2729
f 2625 2705 2735
f 2729 2735 2705
f 2601 2736 2732
f 2634 2737 2736
f 2633 2732 2737
f 2736 2737 2732
f 2602 2710 2739
f 2625 2738 2710
f 2634 2739 2738
f 2710 2738 2739
f 2633 2737 2735
f 2634 2738 2737
f 2625 2735 2738
f 2737 2738 2735
f 2597 2713 2681
f 2626 2740 2713
f 2618 2681 2740
f 2713 2740 2681
f 2602 2676 2708
f 2615 2741 2676
f 2626 2708 2741
f 2676 2741 2708
f 2598 2678 2672
f 2618 2742 2678
f 2615 2672 2742
f 2678 2742 2672
f 2626 2741 2740
f 2615 2742 2741
f 2618 2740 2742
f 2741 2742 2740
f 2595 2720 2688
f 2628 2743 2720
f 2620 2688 2743
f 2720 2743 2688
f 2597 2683 2716
f 2617 2744 2683
f 2628 2716 2744
f 2683 2744 2716
f 2604 2685 2679
f 2620 2745 2685
f 2617 2679 2745
f 2685 2745 2679
f 2628 2744 2743
f 2617 2745 2744
f 2620 2743 2745
f 2744 2745 2743
f 2599 2727 2695
f 2630 2746 2727
f 2622 2695 2746
f 2727 2746 2695
f 2595 2690 2723
f 2619 2747 2690
f 2630 2723 2747
f 2690 2747 2723
f 2603 2692 2686
f 2622 2748 2692
f 2619 2686 2748
f 2692 2748 2686
f 2630 2747 2746
f 2619 2748 2747
f 2622 2746 2748
f 2747 2748 2746
f 2601 2734 2702
f 2632 2749 2734
f 2624 2702 2749
f 2734 2749 2702
f 2599 2697 2730
f 2621 2750 2697
f 2632 2730 2750
f 2697 2750 2730
f 2600 2699 2693
f 2624 2751 2699
f 2621 2693 2751
f 2699 2751 2693
f 2632 2750 2749
f 2621 2751 2750
f 2624 2749 2751
f 2750 2751 2749
f 2602 2739 2674
f 2634 2752 2739
f 2616 2674 2752
f 2739 2752 2674
f 2601 2704 2736
f 2623 2753 2704
f 2634 2736 2753
f 2704 2753 2736
f 2594 2671 2700
f 2616 2754 2671
f 2623 2700 2754
f 2671 2754 2700
f 2634 2753 2752
f 2623 2754 2753
f 2616 2752 2754
f 2753 2754 2752
f 2755 2797 2799
f 2767 2798 2797
f 2769 2799 2798
f 2797 2798 2799
f 2766 2800 2802
f 2768 2801 2800
f 2767 2802 2801
f 2800 2801 2802
f 2760 2803 2805
f 2769 2804 2803
f 2768 2805 2804
f 2803 2804 2805
f 2767 2801 2798
f 2768 2804 2801
f 2769 2798 2804
f 2801 2804 2798
f 2755 2799 2807
f 2769 2806 2799
f 2771 2807 2806
f 2799 2806 2807
f 2760 2808 2803
f 2770 2809 2808
f 2769 2803 2809
f 2808 2809 2803
f 2756 2810 2812
f 2771 2811 2810
f 2770 2812 2811
f 2810 2811 2812
f 2769 2809 2806
f 2770 2811 2809
f 2771 2806 2811
f 2809 2811 2806
f 2755 2807 2814
f 2771 2813 2807
f 2773 2814 2813
f 2807 2813 2814
f 2756 2815 2810
f 2772 2816 2815
f 2771 2810 2816
f 2815 2816 2810
f 2762 2817 2819
f 2773 2818 2817
f 2772 2819 2818
f 2817 2818 2819
f 2771 2816 2813
f 2772 2818 2816
f 2773 2813 2818
f 2816 2818 2813
f 2755 2814 2821
f 2773 2820 2814
f 2775 2821 2820
f 2814 2820 2821
f 2762 2822 2817
f 2774 2823 2822
f 2773 2817 2823
f 2822 2823 2817
f 2765 2824 2826
f 2775 2825 2824
f 2774 2826 2825
f 2824 2825 2826
f 2773 2823 2820
f 2774 2825 2823
f 2775 2820 2825
f 2823 2825 2820
f 2755 2821 2797
f 2775 2827 2821
f 2767 2797 2827
f 2821 2827 2797
f 2765 2828 2824
f 2776 2829 2828
f 2775 2824 2829
f 2828 2829 2824
f 2766 2802 2831
f 2767 2830 2802
f 2776 2831 2830
f 2802 2830 2831
f 2775 2829 2827
f 2776 2830 2829
f 2767 2827 2830
f 2829 2830 2827
f 2756 2812 2833
f 2770 2832 2812
f 2778 2833 2832
f 2812 2832 2833
f 2760 2834 2808
f 2777 2835 2834
f 2770 2808 2835
f 2834 2835 2808
f 2764 2836 2838
f 2778 2837 2836
f 2777 2838 2837
f 2836 2837 2838
f 2770 2835 2832
f 2777 2837 2835
f 2778 2832 2837
f 2835 2837 2832
f 2760 2805 2840
f 2768 2839 2805
f 2780 2840 2839
f 2805 2839 2840
f 2766 2841 2800
f 2779 2842 2841
f 2768 2800 2842
f 2841 2842 2800
f 2759 2843 2845
f 2780 2844 2843
f 2779 2845 2844
f 2843 2844 2845
f 2768 2842 2839
f 2779 2844 2842
f 2780 2839 2844
f 2842 2844 2839
f 2766 2831 2847
f 2776 2846 2831
f 2782 2847 2846
f 2831 2846 2847
f 2765 2848 2828
f 2781 2849 2848
f 2776 2828 2849
f 2848 2849 2828
f 2757 2850 2852
f 2782 2851 2850
f 2781 2852 2851
f 2850 2851 2852
f 2776 2849 2846
f 2781 2851 2849
f 2782 2846 2851
f 2849 2851 2846
f 2765 2826 2854
f 2774 2853 2826
f 2784 2854 2853
f 2826 2853 2854
f 2762 2855 2822
f 2783 2856 2855
f 2774 2822 2856
f 2855 2856 2822
f 2761 2857 2859
f 2784 2858 2857
f 2783 2859 2858
f 2857 2858 2859
f 2774 2856 2853
f 2783 2858 2856
f 2784 2853 2858
f 2856 2858 2853
f 2762 2819 2861
f 2772 2860 2819
f 2786 2861 2860
f 2819 2860 2861
f 2756 2862 2815
f 2785 2863 2862
f 2772 2815 2863
f 2862 2863 2815
f 2763 2864 2866
f 2786 2865 2864
f 2785 2866 2865
f 2864 2865 2866
f 2772 2863 2860
f 2785 2865 2863
f 2786 2860 2865
f 2863 2865 2860
f 2758 2867 2869
f 2787 2868 2867
f 2789 2869 2868
f 2867 2868 2869
f 2764 2870 2872
f 2788 2871 2870
f 2787 2872 2871
f 2870 2871 2872
f 2759 2873 2875
f 2789 2874 2873
f 2788 2875 2874
f 2873 2874 2875
f 2787 2871 2868
f 2788 2874 2871
f 2789 2868 2874
f 2871 2874 2868
f 2758 2869 2877
f 2789 2876 2869
f 2791 2877 2876
f 2869 2876 2877
f 2759 2878 2873
f 2790 2879 2878
f 2789 2873 2879
f 2878 2879 2873
f 2757 2880 2882
f 2791 2881 2880
f 2790 2882 2881
f 2880 2881 2882
f 2789 2879 2876
f 2790 2881 2879
f 2791 2876 2881
f 2879 2881 2876
f 2758 2877 2884
f 2791 2883 2877
f 2793 2884 2883
f 2877 2883 2884
f 2757 2885 2880
f 2792 2886 2885
f 2791 2880 2886
f 2885 2886 2880
f 2761 2887 2889
f 2793 2888 2887
f 2792 2889 2888
f 2887 2888 2889
f 2791 2886 2883
f 2792 2888 2886
f 2793 2883 2888
f 2886 2888 2883
f 2758 2884 2891
f 2793 2890 2884
f 2795 2891 2890
f 2884 2890 2891
f 2761 2892 2887
f 2794 2893 2892
f 2793 2887 2893
f 2892 2893 2887
f 2763 2894 2896
f 2795 2895 2894
f 2794 2896 2895
f 2894 2895 2896
f 2793 2893 2890
f 2794 2895 2893
f 2795 2890 2895
f 2893 2895 2890
f 2758 2891 2867
f 2795 2897 2891
f 2787 2867 2897
f 2891 2897 2867
f 2763 2898 2894
f 2796 2899 2898
f 2795 2894 2899
f 2898 2899 2894
f 2764 2872 2901
f 2787 2900 2872
f 2796 2901 2900
f 2872 2900 2901
f 2795 2899 2897
f 2796 2900 2899
f 2787 2897 2900
f 2899 2900 2897
f 2759 2875 2843
f 2788 2902 2875
f 2780 2843 2902
f 2875 2902 2843
f 2764 2838 2870
f 2777 2903 2838
f 2788 2870 2903
f 2838 2903 2870
f 2760 2840 2834
f 2780 2904 2840
f 2777 2834 2904
f 2840 2904 2834
f 2788 2903 2902
f 2777 2904 2903
f 2780 2902 2904
f 2903 2904 2902
f 2757 2882 2850
f 2790 2905 2882
f 2782 2850 2905
f 2882 2905 2850
f 2759 2845 2878
f 2779 2906 2845
f 2790 2878 2906
f 2845 2906 2878
f 2766 2847 2841
f 2782 2907 2847
f 2779 2841 2907
f 2847 2907 2841
f 2790 2906 2905
f 2779 2907 2906
f 2782 2905 2907
f 2906 2907 2905
f 2761 2889 2857
f 2792 2908 2889
f 2784 2857 2908
f 2889 2908 2857
f 2757 2852 2885
f 2781 2909 2852
f 2792 2885 2909
f 2852 2909 2885
f 2765 2854 2848
f 2784 2910 2854
f 2781 2848 2910
f 2854 2910 2848
f 2792 2909 2908
f 2781 2910 2909
f 2784 2908 2910
f 2909 2910 2908
f 2763 2896 2864
f 2794 2911 2896
f 2786 2864 2911
f 2896 2911 2864
f 2761 2859 2892
f 2783 2912 2859
f 2794 2892 2912
f 2859 2912 2892
f 2762 2861 2855
f 2786 2913 2861
f 2783 2855 2913
f 2861 2913 2855
f 2794 2912 2911
f 2783 2913 2912
f 2786 2911 2913
f 2912 2913 2911
f 2764 2901 2836
f 2796 2914 2901
f 2778 2836 2914
f 2901 2914 2836
f 2763 2866 2898
f 2785 2915 2866
f 2796 2898 2915
f 2866 2915 2898
f 2756 2833 2862
f 2778 2916 2833
f 2785 2862 2916
f 2833 2916 2862
f 2796 2915 2914
f 2785 2916 2915
f 2778 2914 2916
f 2915 2916 2914
f 2917 2959 2961
f 2929 2960 2959
f 2931 2961 2960
f 2959 2960 2961
f 2928 2962 2964
f 2930 2963 2962
f 2929 2964 2963
f 2962 2963 2964
f 2922 2965 2967
f 2931 2966 2965
f 2930 2967 2966
f 2965 2966 2967
f 2929 2963 2960
f 2930 2966 2963
f 2931 2960 2966
f 2963 2966 2960
f 2917 2961 2969
f 2931 2968 2961
f 2933 2969 2968
f 2961 2968 2969
f 2922 2970 2965
f 2932 2971 2970
f 2931 2965 2971
f 2970 2971 2965
f 2918 2972 2974
f 2933 2973 2972
f 2932 2974 2973
f 2972 2973 2974
f 2931 2971 2968
f 2932 2973 2971
f 2933 2968 2973
f 2971 2973 2968
f 2917 2969 2976
f 2933 2975 2969
f 2935 2976 2975
f 2969 2975 2976
f 2918 2977 2972
f 2934 2978 2977
f 2933 2972 2978
f 2977 2978 2972
f 2924 2979 2981
f 2935 2980 2979
f 2934 2981 2980
f 2979 2980 2981
f 2933 2978 2975
f 2934 2980 2978
f 2935 2975 2980
f 2978 2980 2975
f 2917 2976 2983
f 2935 2982 2976
f 2937 2983 2982
f 2976 2982 2983
f 2924 2984 2979
f 2936 2985 2984
f 2935 2979 2985
f 2984 2985 2979
f 2927 2986 2988
f 2937 2987 2986
f 2936 2988 2987
f 2986 2987 2988
f 2935 2985 2982
f 2936 2987 2985
f 2937 2982 2987
f 2985 2987 2982
f 2917 2983 2959
f 2937 2989 2983
f 2929 2959 2989
f 2983 2989 2959
f 2927 2990 2986
f 2938 2991 2990
f 2937 2986 2991
f 2990 2991 2986
f 2928 2964 2993
f 2929 2992 2964
f 2938 2993 2992
f 2964 2992 2993
f 2937 2991 2989
f 2938 2992 2991
f 2929 2989 2992
f 2991 2992 2989
f 2918 2974 2995
f 2932 2994 2974
f 2940 2995 2994
f 2974 2994 2995
f 2922 2996 2970
f 2939 2997 2996
f 2932 2970 2997
f 2996 2997 2970
f 2926 2998 3000
f 2940 2999 2998
f 2939 3000 2999
f 2998 2999 3000
f 2932 2997 2994
f 2939 2999 2997
f 2940 2994 2999
f 2997 2999 2994
f 2922 2967 3002
f 2930 3001 2967
f 2942 3002 3001
f 2967 3001 3002
f 2928 3003 2962
f 2941 3004 3003
f 2930 2962 3004
f 3003 3004 2962
f 2921 3005 3007
f 2942 3006 3005
f 2941 3007 3006
f 3005 3006 3007
f 2930 3004 3001
f 2941 3006 3004
f 2942 3001 3006
f 3004 3006 3001
f 2928 2993 3009
f 2938 3008 2993
f 2944 3009 3008
f 2993 3008 3009
f 2927 3010 2990
f 2943 3011 3010
f 2938 2990 3011
f 3010 3011 2990
f 2919 3012 3014
f 2944 3013 3012
f 2943 3014 3013
f 3012 3013 3014
f 2938 3011 3008
f 2943 3013 3011
f 2944 3008 3013
f 3011 3013 3008
f 2927 2988 3016
f 2936 3015 2988
f 2946 3016 3015
f 2988 3015 3016
f 2924 3017 2984
f 2945 3018 3017
f 2936 2984 3018
f 3017 3018 2984
f 2923 3019 3021
f 2946 3020 3019
f 2945 3021 3020
f 3019 3020 3021
f 2936 3018 3015
f 2945 3020 3018
f 2946 3015 3020
f 3018 3020 3015
f 2924 2981 3023
f 2934 3022 2981
f 2948 3023 3022
f 2981 3022 3023
f 2918 3024 2977
f 2947 3025 3024
f 2934 2977 3025
f 3024 3025 2977
f 2925 3026 3028
f 2948 3027 3026
f 2947 3028 3027
f 3026 3027 3028
f 2934 3025 3022
f 2947 3027 3025
f 2948 3022 3027
f 3025 3027 3022
f 2920 3029 3031
f 2949 3030 3029
f 2951 3031 3030
f 3029 3030 3031
f 2926 3032 3034
f 2950 3033 3032
f 2949 3034 3033
f 3032 3033 3034
f 2921 3035 3037
f 2951 3036 3035
f 2950 3037 3036
f 3035 3036 3037
f 2949 3033 3030
f 2950 3036 3033
f 2951 3030 3036
f 3033 3036 3030
f 2920 3031 3039
f 2951 3038 3031
f 2953 3039 3038
f 3031 3038 3039
f 2921 3040 3035
f 2952 3041 3040
f 2951 3035 3041
f 3040 3041 3035
f 2919 3042 3044
f 2953 3043 3042
f 2952 3044 3043
f 3042 3043 3044
f 2951 3041 3038
f 2952 3043 3041
f 2953 3038 3043
f 3041 3043 3038
f 2920 3039 3046
f 2953 3045 3039
f 2955 3046 3045
f 3039 3045 3046
f 2919 3047 3042
f 2954 3048 3047
f 2953 3042 3048
f 3047 3048 3042
f 2923 3049 3051
f 2955 3050 3049
f 2954 3051 3050
f 3049 3050 3051
f 2953 3048 3045
f 2954 3050 3048
f 2955 3045 3050
f 3048 3050 3045
f 2920 3046 3053
f 2955 3052 3046
f 2957 3053 3052
f 3046 3052 3053
f 2923 3054 3049
f 2956 3055 3054
f 2955 3049 3055
f 3054 3055 3049
f 2925 3056 3058
f 2957 3057 3056
f 2956 3058 3057
f 3056 3057 3058
f 2955 3055 3052
f 2956 3057 3055
f 2957 3052 3057
f 3055 3057 3052
f 2920 3053 3029
f 2957 3059 3053
f 2949 3029 3059
f 3053 3059 3029
f 2925 3060 3056
f 2958 3061 3060
f 2957 3056 3061
f 3060 3061 3056
f 2926 3034 3063
f 2949 3062 3034
f 2958 3063 3062
f 3034 3062 3063
f 2957 3061 3059
f 2958 3062 3061
f 2949 3059 3062
f 3061 3062 3059
f 2921 3037 3005
f 2950 3064 3037
f 2942 3005 3064
f 3037 3064 3005
f 2926 3000 3032
f 2939 3065 3000
f 2950 3032 3065
f 3000 3065 3032
f 2922 3002 2996
f 2942 3066 3002
f 2939 2996 3066
f 3002 3066 2996
f 2950 3065 3064
f 2939 3066 3065
f 2942 3064 3066
f 3065 3066 3064
f 2919 3044 3012
f 2952 3067 3044
f 2944 3012 3067
f 3044 3067 3012
f 2921 3007 3040
f 2941 3068 3007
f 2952 3040 3068
f 3007 3068 3040
f 2928 3009 3003
f 2944 3069 3009
f 2941 3003 3069
f 3009 3069 3003
f 2952 3068 3067
f 2941 3069 3068
f 2944 3067 3069
f 3068 3069 3067
f 2923 3051 3019
f 2954 3070 3051
f 2946 3019 3070
f 3051 3070 3019
f 2919 3014 3047
f 2943 3071 3014
f 2954 3047 3071
f 3014 3071 3047
f 2927 3016 3010
f 2946 3072 3016
f 2943 3010 3072
f 3016 3072 3010
f 2954 3071 3070
f 2943 3072 3071
f 2946 3070 3072
f 3071 3072 3070
f 2925 3058 3026
f 2956 3073 3058
f 2948 3026 3073
f 3058 3073 3026
f 2923 3021 3054
f 2945 3074 3021
f 2956 3054 3074
f 3021 3074 3054
f 2924 3023 3017
f 2948 3075 3023
f 2945 3017 3075
f 3023 3075 3017
f 2956 3074 3073
f 2945 3075 3074
f 2948 3073 3075
f 3074 3075 3073
f 2926 3063 2998
f 2958 3076 3063
f 2940 2998 3076
f 3063 3076 2998
f 2925 3028 3060
f 2947 3077 3028
f 2958 3060 3077
f 3028 3077 3060
f 2918 2995 3024
f 2940 3078 2995
f 2947 3024 3078
f 2995 3078 3024
f 2958 3077 3076
f 2947 3078 3077
f 2940 3076 3078
f 3077 3078 3076
f 3079 3121 3123
f 3091 3122 3121
f 3093 3123 3122
f 3121 3122 3123
f 3090 3124 3126
f 3092 3125 3124
f 3091 3126 3125
f 3124 3125 3126
f 3084 3127 3129
f 3093 3128 3127
f 3092 3129 3128
f 3127 3128 3129
f 3091 3125 3122
f 3092 3128 3125
f 3093 3122 3128
f 3125 3128 3122
f 3079 3123 3131
f 3093 3130 3123
f 3095 3131 3130
f 3123 3130 3131
f 3084 3132 3127
f 3094 3133 3132
f 3093 3127 3133
f 3132 3133 3127
f 3080 3134 3136
f 3095 3135 3134
f 3094 3136 3135
f 3134 3135 3136
f 3093 3133 3130
f 3094 3135 3133
f 3095 3130 3135
f 3133 3135 3130
f 3079 3131 3138
f 3095 3137 3131
f 3097 3138 3137
f 3131 3137 3138
f 3080 3139 3134
f 3096 3140 3139
f 3095 3134 3140
f 3139 3140 3134
f 3086 3141 3143
f 3097 3142 3141
f 3096 3143 3142
f 3141 3142 3143
f 3095 3140 3137
f 3096 3142 3140
f 3097 3137 3142
f 3140 3142 3137
f 3079 3138 3145
f 3097 3144 3138
f 3099 3145 3144
f 3138 3144 3145
f 3086 3146 3141
f 3098 3147 3146
f 3097 3141 3147
f 3146 3147 3141
f 3089 3148 3150
f 3099 3149 3148
f 3098 3150 3149
f 3148 3149 3150
f 3097 3147 3144
f 3098 3149 3147
f 3099 3144 3149
f 3147 3149 3144
f 3079 3145 3121
f 3099 3151 3145
f 3091 3121 3151
f 3145 3151 3121
f 3089 3152 3148
f 3100 3153 3152
f 3099 3148 3153
f 3152 3153 3148
f 3090 3126 3155
f 3091 3154 3126
f 3100 3155 3154
f 3126 3154 3155
f 3099 3153 3151
f 3100 3154 3153
f 3091 3151 3154
f 3153 3154 3151
f 3080 3136 3157
f 3094 3156 3136
f 3102 3157 3156
f 3136 3156 3157
f 3084 3158 3132
f 3101 3159 3158
f 3094 3132 3159
f 3158 3159 3132
f 3088 3160 3162
f 3102 3161 3160
f 3101 3162 3161
f 3160 3161 3162
f 3094 3159 3156
f 3101 3161 3159
f 3102 3156 3161
f 3159 3161 3156
f 3084 3129 3164
f 3092 3163 3129
f 3104 3164 3163
f 3129 3163 3164
f 3090 3165 3124
f 3103 3166 3165
f 3092 3124 3166
f 3165 3166 3124
f 3083 3167 3169
f 3104 3168 3167
f 3103 3169 3168
f 3167 3168 3169
f 3092 3166 3163
f 3103 3168 3166
f 3104 3163 3168
f 3166 3168 3163
f 3090 3155 3171
f 3100 3170 3155
f 3106 3171 3170
f 3155 3170 3171
f 3089 3172 3152
f 3105 3173 3172
f 3100 3152 3173
f 3172 3173 3152
f 3081 3174 3176
f 3106 3175 3174
f 3105 3176 3175
f 3174 3175 3176
f 3100 3173 3170
f 3105 3175 3173
f 3106 3170 3175
f 3173 3175 3170
f 3089 3150 3178
f 3098 3177 3150
f 3108 3178 3177
f 3150 3177 3178
f 3086 3179 3146
f 3107 3180 3179
f 3098 3146 3180
f 3179 3180 3146
f 3085 3181 3183
f 3108 3182 3181
f 3107 3183 3182
f 3181 3182 3183
f 3098 3180 3177
f 3107 3182 3180
f 3108 3177 3182
f 3180 3182 3177
f 3086 3143 3185
f 3096 3184 3143
f 3110 3185 3184
f 3143 3184 3185
f 3080 3186 3139
f 3109 3187 3186
f 3096 3139 3187
f 3186 3187 3139
f 3087 3188 3190
f 3110 3189 3188
f 3109 3190 3189
f 3188 3189 3190
f 3096 3187 3184
f 3109 3189 3187
f 3110 3184 3189
f 3187 3189 3184
f 3082 3191 3193
f 3111 3192 3191
f 3113 3193 3192
f 3191 3192 3193
f 3088 3194 3196
f 3112 3195 3194
f 3111 3196 3195
f 3194 3195 3196
f 3083 3197 3199
f 3113 3198 3197
f 3112 3199 3198
f 3197 3198 3199
f 3111 3195 3192
f 3112 3198 3195
f 3113 3192 3198
f 3195 3198 3192
f 3082 3193 3201
f 3113 3200 3193
f 3115 3201 3200
f 3193 3200 3201
f 3083 3202 3197
f 3114 3203 3202
f 3113 3197 3203
f 3202 3203 3197
f 3081 3204 3206
f 3115 3205 3204
f 3114 3206 3205
f 3204 3205 3206
f 3113 3203 3200
f 3114 3205 3203
f 3115 3200 3205
f 3203 3205 3200
f 3082 3201 3208
f 3115 3207 3201
f 3117 3208 3207
f 3201 3207 3208
f 3081 3209 3204
f 3116 3210 3209
f 3115 3204 3210
f 3209 3210 3204
f 3085 3211 3213
f 3117 3212 3211
f 3116 3213 3212
f 3211 3212 3213
f 3115 3210 3207
f 3116 3212 3210
f 3117 3207 3212
f 3210 3212 3207
f 3082 3208 3215
f 3117 3214 3208
f 3119 3215 3214
f 3208 3214 3215
f 3085 3216 3211
f 3118 3217 3216
f 3117 3211 3217
f 3216 3217 3211
f 3087 3218 3220
f 3119 3219 3218
f 3118 3220 3219
f 3218 3219 3220
f 3117 3217 3214
f 3118 3219 3217
f 3119 3214 3219
f 3217 3219 3214
f 3082 3215 3191
f 3119 3221 3215
f 3111 3191 3221
f 3215 3221 3191
f 3087 3222 3218
f 3120 3223 3222
f 3119 3218 3223
f 3222 3223 3218
f 3088 3196 3225
f 3111 3224 3196
f 3120 3225 3224
f 3196 3224 3225
f 3119 3223 3221
f 3120 3224 3223
f 3111 3221 3224
f 3223 3224 3221
f 3083 3199 3167
f 3112 3226 3199
f 3104 3167 3226
f 3199 3226 3167
f 3088 3162 3194
f 3101 3227 3162
f 3112 3194 3227
f 3162 3227 3194
f 3084 3164 3158
f 3104 3228 3164
f 3101 3158 3228
f 3164 3228 3158
f 3112 3227 3226
f 3101 3228 3227
f 3104 3226 3228
f 3227 3228 3226
f 3081 3206 3174
f 3114 3229 3206
f 3106 3174 3229
f 3206 3229 3174
f 3083 3169 3202
f 3103 3230 3169
f 3114 3202 3230
f 3169 3230 3202
f 3090 3171 3165
f 3106 3231 3171
f 3103 3165 3231
f 3171 3231 3165
f 3114 3230 3229
f 3103 3231 3230
f 3106 3229 3231
f 3230 3231 3229
f 3085 3213 3181
f 3116 3232 3213
f 3108 3181 3232
f 3213 3232 3181
f 3081 3176 3209
f 3105 3233 3176
f 3116 3209 3233
f 3176 3233 3209
f 3089 3178 3172
f 3108 3234 3178
f 3105 3172 3234
f 3178 3234 3172
f 3116 3233 3232
f 3105 3234 3233
f 3108 3232 3234
f 3233 3234 3232
f 3087 3220 3188
f 3118 3235 3220
f 3110 3188 3235
f 3220 3235 3188
f 3085 3183 3216
f 3107 3236 3183
f 3118 3216 3236
f 3183 3236 3216
f 3086 3185 3179
f 3110 3237 3185
f 3107 3179 3237
f 3185 3237 3179
f 3118 3236 3235
f 3107 3237 3236
f 3110 3235 3237
f 3236 3237 3235
f 3088 3225 3160
f 3120 3238 3225
f 3102 3160 3238
f 3225 3238 3160
f 3087 3190 3222
f 3109 3239 3190
f 3120 3222 3239
f 3190 3239 3222
f 3080 3157 3186
f 3102 3240 3157
f 3109 3186 3240
f 3157 3240 3186
f 3120 3239 3238
f 3109 3240 3239
f 3102 3238 3240
f 3239 3240 3238
f 3241 3283 3285
f 3253 3284 3283
f 3255 3285 3284
f 3283 3284 3285
f 3252 3286 3288
f 3254 3287 3286
f 3253 3288 3287
f 3286 3287 3288
f 3246 3289 3291
f 3255 3290 3289
f 3254 3291 3290
f 3289 3290 3291
f 3253 3287 3284
f 3254 3290 3287
f 3255 3284 3290
f 3287 3290 3284
f 3241 3285 3293
f 3255 3292 3285
f 3257 3293 3292
f 3285 3292 3293
f 3246 3294 3289
f 3256 3295 3294
f 3255 3289 3295
f 3294 3295 3289
f 3242 3296 3298
f 3257 3297 3296
f 3256 3298 3297
f 3296 3297 3298
f 3255 3295 3292
f 3256 3297 3295
f 3257 3292 3297
f 3295 3297 3292
f 3241 3293 3300
f 3257 3299 3293
f 3259 3300 3299
f 3293 3299 3300
f 3242 3301 3296
f 3258 3302 3301
f 3257 3296 3302
f 3301 3302 3296
f 3248 3303 3305
f 3259 3304 3303
f 3258 3305 3304
f 3303 3304 3305
f 3257 3302 3299
f 3258 3304 3302
f 3259 3299 3304
f 3302 3304 3299
f 3241 3300 3307
f 3259 3306 3300
f 3261 3307 3306
f 3300 3306 3307
f 3248 3308 3303
f 3260 3309 3308
f 3259 3303 3309
f 3308 3309 3303
f 3251 3310 3312
f 3261 3311 3310
f 3260 3312 3311
f 3310 3311 3312
f 3259 3309 3306
f 3260 3311 3309
f 3261 3306 3311
f 3309 3311 3306
f 3241 3307 3283
f 3261 3313 3307
f 3253 3283 3313
f 3307 3313 3283
f 3251 3314 3310
f 3262 3315 3314
f 3261 3310 3315
f 3314 3315 3310
f 3252 3288 3317
f 3253 3316 3288
f 3262 3317 3316
f 3288 3316 3317
f 3261 3315 3313
f 3262 3316 3315
f 3253 3313 3316
f 3315 3316 3313
f 3242 3298 3319
f 3256 3318 3298
f 3264 3319 3318
f 3298 3318 3319
f 3246 3320 3294
f 3263 3321 3320
f 3256 3294 3321
f 3320 3321 3294
f 3250 3322 3324
f 3264 3323 3322
f 3263 3324 3323
f 3322 3323 3324
f 3256 3321 3318
f 3263 3323 3321
f 3264 3318 3323
f 3321 3323 3318
f 3246 3291 3326
f 3254 3325 3291
f 3266 3326 3325
f 3291 3325 3326
f 3252 3327 3286
f 3265 3328 3327
f 3254 3286 3328
f 3327 3328 3286
f 3245 3329 3331
f 3266 3330 3329
f 3265 3331 3330
f 3329 3330 3331
f 3254 3328 3325
f 3265 3330 3328
f 3266 3325 3330
f 3328 3330 3325
f 3252 3317 3333
f 3262 3332 3317
f 3268 3333 3332
f 3317 3332 3333
f 3251 3334 3314
f 3267 3335 3334
f 3262 3314 3335
f 3334 3335 3314
f 3243 3336 3338
f 3268 3337 3336
f 3267 3338 3337
f 3336 3337 3338
f 3262 3335 3332
f 3267 3337 3335
f 3268 3332 3337
f 3335 3337 3332
f 3251 3312 3340
f 3260 3339 3312
f 3270 3340 3339
f 3312 3339 3340
f 3248 3341 3308
f 3269 3342 3341
f 3260 3308 3342
f 3341 3342 3308
f 3247 3343 3345
f 3270 3344 3343
f 3269 3345 3344
f 3343 3344 3345
f 3260 3342 3339
f 3269 3344 3342
f 3270 3339 3344
f 3342 3344 3339
f 3248 3305 3347
f 3258 3346 3305
f 3272 3347 3346
f 3305 3346 3347
f 3242 3348 3301
f 3271 3349 3348
f 3258 3301 3349
f 3348 3349 3301
f 3249 3350 3352
f 3272 3351 3350
f 3271 3352 3351
f 3350 3351 3352
f 3258 3349 3346
f 3271 3351 3349
f 3272 3346 3351
f 3349 3351 3346
f 3244 3353 3355
f 3273 3354 3353
f 3275 3355 3354
f 3353 3354 3355
f 3250 3356 3358
f 3274 3357 3356
f 3273 3358 3357
f 3356 3357 3358
f 3245 3359 3361
f 3275 3360 3359
f 3274 3361 3360
f 3359 3360 3361
f 3273 3357 3354
f 3274 3360 3357
f 3275 3354 3360
f 3357 3360 3354
f 3244 3355 3363
f 3275 3362 3355
f 3277 3363 3362
f 3355 3362 3363
f 3245 3364 3359
f 3276 3365 3364
f 3275 3359 3365
f 3364 3365 3359
f 3243 3366 3368
f 3277 3367 3366
f 3276 3368 3367
f 3366 3367 3368
f 3275 3365 3362
f 3276 3367 3365
f 3277 3362 3367
f 3365 3367 3362
f 3244 3363 3370
f 3277 3369 3363
f 3279 3370 3369
f 3363 3369 3370
f 3243 3371 3366
f 3278 3372 3371
f 3277 3366 3372
f 3371 3372 3366
f 3247 3373 3375
f 3279 3374 3373
f 3278 3375 3374
f 3373 3374 3375
f 3277 3372 3369
f 3278 3374 3372
f 3279 3369 3374
f 3372 3374 3369
f 3244 3370 3377
f 3279 3376 3370
f 3281 3377 3376
f 3370 3376 3377
f 3247 3378 3373
f 3280 3379 3378
f 3279 3373 3379
f 3378 3379 3373
f 3249 3380 3382
f 3281 3381 3380
f 3280 3382 3381
f 3380 3381 3382
f 3279 3379 3376
f 3280 3381 3379
f 3281 3376 3381
f 3379 3381 3376
f 3244 3377 3353
f 3281 3383 3377
f 3273 3353 3383
f 3377 3383 3353
f 3249 3384 3380
f 3282 3385 3384
f 3281 3380 3385
f 3384 3385 3380
f 3250 3358 3387
f 3273 3386 3358
f 3282 3387 3386
f 3358 3386 3387
f 3281 3385 3383
f 3282 3386 3385
f 3273 3383 3386
f 3385 3386 3383
f 3245 3361 3329
f 3274 3388 3361
f 3266 3329 3388
f 3361 3388 3329
f 3250 3324 3356
f 3263 3389 3324
f 3274 3356 3389
f 3324 3389 3356
f 3246 3326 3320
f 3266 3390 3326
f 3263 3320 3390
f 3326 3390 3320
f 3274 3389 3388
f 3263 3390 3389
f 3266 3388 3390
f 3389 3390 3388
f 3243 3368 3336
f 3276 3391 3368
f 3268 3336 3391
f 3368 3391 3336
f 3245 3331 3364
f 3265 3392 3331
f 3276 3364 3392
f 3331 3392 3364
f 3252 3333 3327
f 3268 3393 3333
f 3265 3327 3393
f 3333 3393 3327
f 3276 3392 3391
f 3265 3393 3392
f 3268 3391 3393
f 3392 3393 3391
f 3247 3375 3343
f 3278 3394 3375
f 3270 3343 3394
f 3375 3394 3343
f 3243 3338 3371
f 3267 3395 3338
f 3278 3371 3395
f 3338 3395 3371
f 3251 3340 3334
f 3270 3396 3340
f 3267 3334 3396
f 3340 3396 3334
f 3278 3395 3394
f 3267 3396 3395
f 3270 3394 3396
f 3395 3396 3394
f 3249 3382 3350
f 3280 3397 3382
f 3272 3350 3397
f 3382 3397 3350
f 3247 3345 3378
f 3269 3398 3345
f 3280 3378 3398
f 3345 3398 3378
f 3248 3347 3341
f 3272 3399 3347
f 3269 3341 3399
f 3347 3399 3341
f 3280 3398 3397
f 3269 3399 3398
f 3272 3397 3399
f 3398 3399 3397
f 3250 3387 3322
f 3282 3400 3387
f 3264 3322 3400
f 3387 3400 3322
f 3249 3352 3384
f 3271 3401 3352
f 3282 3384 3401
f 3352 3401 3384
f 3242 3319 3348
f 3264 3402 3319
f 3271 3348 3402
f 3319 3402 3348
f 3282 3401 3400
f 3271 3402 3401
f 3264 3400 3402
f 3401 3402 3400
f 3403 3445 3447
f 3415 3446 3445
f 3417 3447 3446
f 3445 3446 3447
f 3414 3448 3450
f 3416 3449 3448
f 3415 3450 3449
f 3448 3449 3450
f 3408 3451 3453
f 3417 3452 3451
f 3416 3453 3452
f 3451 3452 3453
f 3415 3449 3446
f 3416 3452 3449
f 3417 3446 3452
f 3449 3452 3446
f 3403 3447 3455
f 3417 3454 3447
f 3419 3455 3454
f 3447 3454 3455
f 3408 3456 3451
f 3418 3457 3456
f 3417 3451 3457
f 3456 3457 3451
f 3404 3458 3460
f 3419 3459 3458
f 3418 3460 3459
f 3458 3459 3460
f 3417 3457 3454
f 3418 3459 3457
f 3419 3454 3459
f 3457 3459 3454
f 3403 3455 3462
f 3419 3461 3455
f 3421 3462 3461
f 3455 3461 3462
f 3404 3463 3458
f 3420 3464 3463
f 3419 3458 3464
f 3463 3464 3458
f 3410 3465 3467
f 3421 3466 3465
f 3420 3467 3466
f 3465 3466 3467
f 3419 3464 3461
f 3420 3466 3464
f 3421 3461 3466
f 3464 3466 3461
f 3403 3462 3469
f 3421 3468 3462
f 3423 3469 3468
f 3462 3468 3469
f 3410 3470 3465
f 3422 3471 3470
f 3421 3465 3471
f 3470 3471 3465
f 3413 3472 3474
f 3423 3473 3472
f 3422 3474 3473
f 3472 3473 3474
f 3421 3471 3468
f 3422 3473 3471
f 3423 3468 3473
f 3471 3473 3468
f 3403 3469 3445
f 3423 3475 3469
f 3415 3445 3475
f 3469 3475 3445
f 3413 3476 3472
f 3424 3477 3476
f 3423 3472 3477
f 3476 3477 3472
f 3414 3450 3479
f 3415 3478 3450
f 3424 3479 3478
f 3450 3478 3479
f 3423 3477 3475
f 3424 3478 3477
f 3415 3475 3478
f 3477 3478 3475
f 3404 3460 3481
f 3418 3480 3460
f 3426 3481 3480
f 3460 3480 3481
f 3408 3482 3456
f 3425 3483 3482
f 3418 3456 3483
f 3482 3483 3456
f 3412 3484 3486
f 3426 3485 3484
f 3425 3486 3485
f 3484 3485 3486
f 3418 3483 3480
f 3425 3485 3483
f 3426 3480 3485
f 3483 3485 3480
f 3408 3453 3488
f 3416 3487 3453
f 3428 3488 3487
f 3453 3487 3488
f 3414 3489 3448
f 3427 3490 3489
f 3416 3448 3490
f 3489 3490 3448
f 3407 3491 3493
f 3428 3492 3491
f 3427 3493 3492
f 3491 3492 3493
f 3416 3490 3487
f 3427 3492 3490
f 3428 3487 3492
f 3490 3492 3487
f 3414 3479 3495
f 3424 3494 3479
f 3430 3495 3494
f 3479 3494 3495
f 3413 3496 3476
f 3429 3497 3496
f 3424 3476 3497
f 3496 3497 3476
f 3405 3498 3500
f 3430 3499 3498
f 3429 3500 3499
f 3498 3499 3500
f 3424 3497 3494
f 3429 3499 3497
f 3430 3494 3499
f 3497 3499 3494
f 3413 3474 3502
f 3422 3501 3474
f 3432 3502 3501
f 3474 3501 3502
f 3410 3503 3470
f 3431 3504 3503
f 3422 3470 3504
f 3503 3504 3470
f 3409 3505 3507
f 3432 3506 3505
f 3431 3507 3506
f 3505 3506 3507
f 3422 3504 3501
f 3431 3506 3504
f 3432 3501 3506
f 3504 3506 3501
f 3410 3467 3509
f 3420 3508 3467
f 3434 3509 3508
f 3467 3508 3509
f 3404 3510 3463
f 3433 3511 3510
f 3420 3463 3511
f 3510 3511 3463
f 3411 3512 3514
f 3434 3513 3512
f 3433 3514 3513
f 3512 3513 3514
f 3420 3511 3508
f 3433 3513 3511
f 3434 3508 3513
f 3511 3513 3508
f 3406 3515 3517
f 3435 3516 3515
f 3437 3517 3516
f 3515 3516 3517
f 3412 3518 3520
f 3436 3519 3518
f 3435 3520 3519
f 3518 3519 3520
f 3407 3521 3523
f 3437 3522 3521
f 3436 3523 3522
f 3521 3522 3523
f 3435 3519 3516
f 3436 3522 3519
f 3437 3516 3522
f 3519 3522 3516
f 3406 3517 3525
f 3437 3524 3517
f 3439 3525 3524
f 3517 3524 3525
f 3407 3526 3521
f 3438 3527 3526
f 3437 3521 3527
f 3526 3527 3521
f 3405 3528 3530
f 3439 3529 3528
f 3438 3530 3529
f 3528 3529 3530
f 3437 3527 3524
f 3438 3529 3527
f 3439 3524 3529
f 3527 3529 3524
f 3406 3525 3532
f 3439 3531 3525
f 3441 3532 3531
f 3525 3531 3532
f 3405 3533 3528
f 3440 3534 3533
f 3439 3528 3534
f 3533 3534 3528
f 3409 3535 3537
f 3441 3536 3535
f 3440 3537 3536
f 3535 3536 3537
f 3439 3534 3531
f 3440 3536 3534
f 3441 3531 3536
f 3534 3536 3531
f 3406 3532 3539
f 3441 3538 3532
f 3443 3539 3538
f 3532 3538 3539
f 3409 3540 3535
f 3442 3541 3540
f 3441 3535 3541
f 3540 3541 3535
f 3411 3542 3544
f 3443 3543 3542
f 3442 3544 3543
f 3542 3543 3544
f 3441 3541 3538
f 3442 3543 3541
f 3443 3538 3543
f 3541 3543 3538
f 3406 3539 3515
f 3443 3545 3539
f 3435 3515 3545
f 3539 3545 3515
f 3411 3546 3542
f 3444 3547 3546
f 3443 3542 3547
f 3546 3547 3542
f 3412 3520 3549
f 3435 3548 3520
f 3444 3549 3548
f 3520 3548 3549
f 3443 3547 3545
f 3444 3548 3547
f 3435 3545 3548
f 3547 3548 3545
f 3407 3523 3491
f 3436 3550 3523
f 3428 3491 3550
f 3523 3550 3491
f 3412 3486 3518
f 3425 3551 3486
f 3436 3518 3551
f 3486 3551 3518
f 3408 3488 3482
f 3428 3552 3488
f 3425 3482 3552
f 3488 3552 3482
f 3436 3551 3550
f 3425 3552 3551
f 3428 3550 3552
f 3551 3552 3550
f 3405 3530 3498
f 3438 3553 3530
f 3430 3498 3553
f 3530 3553 3498
f 3407 3493 3526
f 3427 3554 3493
f 3438 3526 3554
f 3493 3554 3526
f 3414 3495 3489
f 3430 3555 3495
f 3427 3489 3555
f 3495 3555 3489
f 3438 3554 3553
f 3427 3555 3554
f 3430 3553 3555
f 3554 3555 3553
f 3409 3537 3505
f 3440 3556 3537
f 3432 3505 3556
f 3537 3556 3505
f 3405 3500 3533
f 3429 3557 3500
f 3440 3533 3557
f 3500 3557 3533
f 3413 3502 3496
f 3432 3558 3502
f 3429 3496 3558
f 3502 3558 3496
f 3440 3557 3556
f 3429 3558 3557
f 3432 3556 3558
f 3557 3558 3556
f 3411 3544 3512
f 3442 3559 3544
f 3434 3512 3559
f 3544 3559 3512
f 3409 3507 3540
f 3431 3560 3507
f 3442 3540 3560
f 3507 3560 3540
f 3410 3509 3503
f 3434 3561 3509
f 3431 3503 3561
f 3509 3561 3503
f 3442 3560 3559
f 3431 3561 3560
f 3434 3559 3561
f 3560 3561 3559
f 3412 3549 3484
f 3444 3562 3549
f 3426 3484 3562
f 3549 3562 3484
f 3411 3514 3546
f 3433 3563 3514
f 3444 3546 3563
f 3514 3563 3546
f 3404 3481 3510
f 3426 3564 3481
f 3433 3510 3564
f 3481 3564 3510
f 3444 3563 3562
f 3433 3564 3563
f 3426 3562 3564
f 3563 3564 3562
f 3565 3607 3609
f 3577 3608 3607
f 3579 3609 3608
f 3607 3608 3609
f 3576 3610 3612
f 3578 3611 3610
f 3577 3612 3611
f 3610 3611 3612
f 3570 3613 3615
f 3579 3614 3613
f 3578 3615 3614
f 3613 3614 3615
f 3577 3611 3608
f 3578 3614 3611
f 3579 3608 3614
f 3611 3614 3608
f 3565 3609 3617
f 3579 3616 3609
f 3581 3617 3616
f 3609 3616 3617
f 3570 3618 3613
f 3580 3619 3618
f 3579 3613 3619
f 3618 3619 3613
f 3566 3620 3622
f 3581 3621 3620
f 3580 3622 3621
f 3620 3621 3622
f 3579 3619 3616
f 3580 3621 3619
f 3581 3616 3621
f 3619 3621 3616
f 3565 3617 3624
f 3581 3623 3617
f 3583 3624 3623
f 3617 3623 3624
f 3566 3625 3620
f 3582 3626 3625
f 3581 3620 3626
f 3625 3626 3620
f 3572 3627 3629
f 3583 3628 3627
f 3582 3629 3628
f 3627 3628 3629
f 3581 3626 3623
f 3582 3628 3626
f 3583 3623 3628
f 3626 3628 3623
f 3565 3624 3631
f 3583 3630 3624
f 3585 3631 3630
f 3624 3630 3631
f 3572 3632 3627
f 3584 3633 3632
f 3583 3627 3633
f 3632 3633 3627
f 3575 3634 3636
f 3585 3635 3634
f 3584 3636 3635
f 3634 3635 3636
f 3583 3633 3630
f 3584 3635 3633
f 3585 3630 3635
f 3633 3635 3630
f 3565 3631 3607
f 3585 3637 3631
f 3577 3607 3637
f 3631 3637 3607
f 3575 3638 3634
f 3586 3639 3638
f 3585 3634 3639
f 3638 3639 3634
f 3576 3612 3641
f 3577 3640 3612
f 3586 3641 3640
f 3612 3640 3641
f 3585 3639 3637
f 3586 3640 3639
f 3577 3637 3640
f 3639 3640 3637
f 3566 3622 3643
f 3580 3642 3622
f 3588 3643 3642
f 3622 3642 3643
f 3570 3644 3618
f 3587 3645 3644
f 3580 3618 3645
f 3644 3645 3618
f 3574 3646 3648
f 3588 3647 3646
f 3587 3648 3647
f 3646 3647 3648
f 3580 3645 3642
f 3587 3647 3645
f 3588 3642 3647
f 3645 3647 3642
f 3570 3615 3650
f 3578 3649 3615
f 3590 3650 3649
f 3615 3649 3650
f 3576 3651 3610
f 3589 3652 3651
f 3578 3610 3652
f 3651 3652 3610
f 3569 3653 3655
f 3590 3654 3653
f 3589 3655 3654
f 3653 3654 3655
f 3578 3652 3649
f 3589 3654 3652
f 3590 3649 3654
f 3652 3654 3649
f 3576 3641 3657
f 3586 3656 3641
f 3592 3657 3656
f 3641 3656 3657
f 3575 3658 3638
f 3591 3659 3658
f 3586 3638 3659
f 3658 3659 3638
f 3567 3660 3662
f 3592 3661 3660
f 3591 3662 3661
f 3660 3661 3662
f 3586 3659 3656
f 3591 3661 3659
f 3592 3656 3661
f 3659 3661 3656
f 3575 3636 3664
f 3584 3663 3636
f 3594 3664 3663
f 3636 3663 3664
f 3572 3665 3632
f 3593 3666 3665
f 3584 3632 3666
f 3665 3666 3632
f 3571 3667 3669
f 3594 3668 3667
f 3593 3669 3668
f 3667 3668 3669
f 3584 3666 3663
f 3593 3668 3666
f 3594 3663 3668
f 3666 3668 3663
f 3572 3629 3671
f 3582 3670 3629
f 3596 3671 3670
f 3629 3670 3671
f 3566 3672 3625
f 3595 3673 3672
f 3582 3625 3673
f 3672 3673 3625
f 3573 3674 3676
f 3596 3675 3674
f 3595 3676 3675
f 3674 3675 3676
f 3582 3673 3670
f 3595 3675 3673
f 3596 3670 3675
f 3673 3675 3670
f 3568 3677 3679
f 3597 3678 3677
f 3599 3679 3678
f 3677 3678 3679
f 3574 3680 3682
f 3598 3681 3680
f 3597 3682 3681
f 3680 3681 3682
f 3569 3683 3685
f 3599 3684 3683
f 3598 3685 3684
f 3683 3684 3685
f 3597 3681 3678
f 3598 3684 3681
f 3599 3678 3684
f 3681 3684 3678
f 3568 3679 3687
f 3599 3686 3679
f 3601 3687 3686
f 3679 3686 3687
f 3569 3688 3683
f 3600 3689 3688
f 3599 3683 3689
f 3688 3689 3683
f 3567 3690 3692
f 3601 3691 3690
f 3600 3692 3691
f 3690 3691 3692
f 3599 3689 3686
f 3600 3691 3689
f 3601 3686 3691
f 3689 3691 3686
f 3568 3687 3694
f 3601 3693 3687
f 3603 3694 3693
f 3687 3693 3694
f 3567 3695 3690
f 3602 3696 3695
f 3601 3690 3696
f 3695 3696 3690
f 3571 3697 3699
f 3603 3698 3697
f 3602 3699 3698
f 3697 3698 3699
f 3601 3696 3693
f 3602 3698 3696
f 3603 3693 3698
f 3696 3698 3693
f 3568 3694 3701
f 3603 3700 3694
f 3605 3701 3700
f 3694 3700 3701
f 3571 3702 3697
f 3604 3703 3702
f 3603 3697 3703
f 3702 3703 3697
f 3573 3704 3706
f 3605 3705 3704
f 3604 3706 3705
f 3704 3705 3706
f 3603 3703 3700
f 3604 3705 3703
f 3605 3700 3705
f 3703 3705 3700
f 3568 3701 3677
f 3605 3707 3701
f 3597 3677 3707
f 3701 3707 3677
f 3573 3708 3704
f 3606 3709 3708
f 3605 3704 3709
f 3708 3709 3704
f 3574 3682 3711
f 3597 3710 3682
f 3606 3711 3710
f 3682 3710 3711
f 3605 3709 3707
f 3606 3710 3709
f 3597 3707 3710
f 3709 3710 3707
f 3569 3685 3653
f 3598 3712 3685
f 3590 3653 3712
f 3685 3712 3653
f 3574 3648 3680
f 3587 3713 3648
f 3598 3680 3713
f 3648 3713 3680
f 3570 3650 3644
f 3590 3714 3650
f 3587 3644 3714
f 3650 3714 3644
f 3598 3713 3712
f 3587 3714 3713
f 3590 3712 3714
f 3713 3714 3712
f 3567 3692 3660
f 3600 3715 3692
f 3592 3660 3715
f 3692 3715 3660
f 3569 3655 3688
f 3589 3716 3655
f 3600 3688 3716
f 3655 3716 3688
f 3576 3657 3651
f 3592 3717 3657
f 3589 3651 3717
f 3657 3717 3651
f 3600 3716 3715
f 3589 3717 3716
f 3592 3715 3717
f 3716 3717 3715
f 3571 3699 3667
f 3602 3718 3699
f 3594 3667 3718
f 3699 3718 3667
f 3567 3662 3695
f 3591 3719 3662
f 3602 3695 3719
f 3662 3719 3695
f 3575 3664 3658
f 3594 3720 3664
f 3591 3658 3720
f 3664 3720 3658
f 3602 3719 3718
f 3591 3720 3719
f 3594 3718 3720
f 3719 3720 3718
f 3573 3706 3674
f 3604 3721 3706
f 3596 3674 3721
f 3706 3721 3674
f 3571 3669 3702
f 3593 3722 3669
f 3604 3702 3722
f 3669 3722 3702
f 3572 3671 3665
f 3596 3723 3671
f 3593 3665 3723
f 3671 3723 3665
f 3604 3722 3721
f 3593 3723 3722
f 3596 3721 3723
f 3722 3723 3721
f 3574 3711 3646
f 3606 3724 3711
f 3588 3646 3724
f 3711 3724 3646
f 3573 3676 3708
f 3595 3725 3676
f 3606 3708 3725
f 3676 3725 3708
f 3566 3643 3672
f 3588 3726 3643
f 3595 3672 3726
f 3643 3726 3672
f 3606 3725 3724
f 3595 3726 3725
f 3588 3724 3726
f 3725 3726 3724
f 3727 3769 3771
f 3739 3770 3769
f 3741 3771 3770
f 3769 3770 3771
f 3738 3772 3774
f 3740 3773 3772
f 3739 3774 3773
f 3772 3773 3774
f 3732 3775 3777
f 3741 3776 3775
f 3740 3777 3776
f 3775 3776 3777
f 3739 3773 3770
f 3740 3776 3773
f 3741 3770 3776
f 3773 3776 3770
f 3727 3771 3779
f 3741 3778 3771
f 3743 3779 3778
f 3771 3778 3779
f 3732 3780 3775
f 3742 3781 3780
f 3741 3775 3781
f 3780 3781 3775
f 3728 3782 3784
f 3743 3783 3782
f 3742 3784 3783
f 3782 3783 3784
f 3741 3781 3778
f 3742 3783 3781
f 3743 3778 3783
f 3781 3783 3778
f 3727 3779 3786
f 3743 3785 3779
f 3745 3786 3785
f 3779 3785 3786
f 3728 3787 3782
f 3744 3788 3787
f 3743 3782 3788
f 3787 3788 3782
f 3734 3789 3791
f 3745 3790 3789
f 3744 3791 3790
f 3789 3790 3791
f 3743 3788 3785
f 3744 3790 3788
f 3745 3785 3790
f 3788 3790 3785
f 3727 3786 3793
f 3745 3792 3786
f 3747 3793 3792
f 3786 3792 3793
f 3734 3794 3789
f 3746 3795 3794
f 3745 3789 3795
f 3794 3795 3789
f 3737 3796 3798
f 3747 3797 3796
f 3746 3798 3797
f 3796 3797 3798
f 3745 3795 3792
f 3746 3797 3795
f 3747 3792 3797
f 3795 3797 3792
f 3727 3793 3769
f 3747 3799 3793
f 3739 3769 3799
f 3793 3799 3769
f 3737 3800 3796
f 3748 3801 3800
f 3747 3796 3801
f 3800 3801 3796
f 3738 3774 3803
f 3739 3802 3774
f 3748 3803 3802
f 3774 3802 3803
f 3747 3801 3799
f 3748 3802 3801
f 3739 3799 3802
f 3801 3802 3799
f 3728 3784 3805
f 3742 3804 3784
f 3750 3805 3804
f 3784 3804 3805
f 3732 3806 3780
f 3749 3807 3806
f 3742 3780 3807
f 3806 3807 3780
f 3736 3808 3810
f 3750 3809 3808
f 3749 3810 3809
f 3808 3809 3810
f 3742 3807 3804
f 3749 3809 3807
f 3750 3804 3809
f 3807 3809 3804
f 3732 3777 3812
f 3740 3811 3777
f 3752 3812 3811
f 3777 3811 3812
f 3738 3813 3772
f 3751 3814 3813
f 3740 3772 3814
f 3813 3814 3772
f 3731 3815 3817
f 3752 3816 3815
f 3751 3817 3816
f 3815 3816 3817
f 3740 3814 3811
f 3751 3816 3814
f 3752 3811 3816
f 3814 3816 3811
f 3738 3803 3819
f 3748 3818 3803
f 3754 3819 3818
f 3803 3818 3819
f 3737 3820 3800
f 3753 3821 3820
f 3748 3800 3821
f 3820 3821 3800
f 3729 3822 3824
f 3754 3823 3822
f 3753 3824 3823
f 3822 3823 3824
f 3748 3821 3818
f 3753 3823 3821
f 3754 3818 3823
f 3821 3823 3818
f 3737 3798 3826
f 3746 3825 3798
f 3756 3826 3825
f 3798 3825 3826
f 3734 3827 3794
f 3755 3828 3827
f 3746 3794 3828
f 3827 3828 3794
f 3733 3829 3831
f 3756 3830 3829
f 3755 3831 3830
f 3829 3830 3831
f 3746 3828 3825
f 3755 3830 3828
f 3756 3825 3830
f 3828 3830 3825
f 3734 3791 3833
f 3744 3832 3791
f 3758 3833 3832
f 3791 3832 3833
f 3728 3834 3787
f 3757 3835 3834
f 3744 3787 3835
f 3834 3835 3787
f 3735 3836 3838
f 3758 3837 3836
f 3757 3838 3837
f 3836 3837 3838
f 3744 3835 3832
f 3757 3837 3835
f 3758 3832 3837
f 3835 3837 3832
f 3730 3839 3841
f 3759 3840 3839
f 3761 3841 3840
f 3839 3840 3841
f 3736 3842 3844
f 3760 3843 3842
f 3759 3844 3843
f 3842 3843 3844
f 3731 3845 3847
f 3761 3846 3845
f 3760 3847 3846
f 3845 3846 3847
f 3759 3843 3840
f 3760 3846 3843
f 3761 3840 3846
f 3843 3846 3840
f 3730 3841 3849
f 3761 3848 3841
f 3763 3849 3848
f 3841 3848 3849
f 3731 3850 3845
f 3762 3851 3850
f 3761 3845 3851
f 3850 3851 3845
f 3729 3852 3854
f 3763 3853 3852
f 3762 3854 3853
f 3852 3853 3854
f 3761 3851 3848
f 3762 3853 3851
f 3763 3848 3853
f 3851 3853 3848
f 3730 3849 3856
f 3763 3855 3849
f 3765 3856 3855
f 3849 3855 3856
f 3729 3857 3852
f 3764 3858 3857
f 3763 3852 3858
f 3857 3858 3852
f 3733 3859 3861
f 3765 3860 3859
f 3764 3861 3860
f 3859 3860 3861
f 3763 3858 3855
f 3764 3860 3858
f 3765 3855 3860
f 3858 3860 3855
f 3730 3856 3863
f 3765 3862 3856
f 3767 3863 3862
f 3856 3862 3863
f 3733 3864 3859
f 3766 3865 3864
f 3765 3859 3865
f 3864 3865 3859
f 3735 3866 3868
f 3767 3867 3866
f 3766 3868 3867
f 3866 3867 3868
f 3765 3865 3862
f 3766 3867 3865
f 3767 3862 3867
f 3865 3867 3862
f 3730 3863 3839
f 3767 3869 3863
f 3759 3839 3869
f 3863 3869 3839
f 3735 3870 3866
f 3768 3871 3870
f 3767 3866 3871
f 3870 3871 3866
f 3736 3844 3873
f 3759 3872 3844
f 3768 3873 3872
f 3844 3872 3873
f 3767 3871 3869
f 3768 3872 3871
f 3759 3869 3872
f 3871 3872 3869
f 3731 3847 3815
f 3760 3874 3847
f 3752 3815 3874
f 3847 3874 3815
f 3736 3810 3842
f 3749 3875 3810
f 3760 3842 3875
f 3810 3875 3842
f 3732 3812 3806
f 3752 3876 3812
f 3749 3806 3876
f 3812 3876 3806
f 3760 3875 3874
f 3749 3876 3875
f 3752 3874 3876
f 3875 3876 3874
f 3729 3854 3822
f 3762 3877 3854
f 3754 3822 3877
f 3854 3877 3822
f 3731 3817 3850
f 3751 3878 3817
f 3762 3850 3878
f 3817 3878 3850
f 3738 3819 3813
f 3754 3879 3819
f 3751 3813 3879
f 3819 3879 3813
f 3762 3878 3877
f 3751 3879 3878
f 3754 3877 3879
f 3878 3879 3877
f 3733 3861 3829
f 3764 3880 3861
f 3756 3829 3880
f 3861 3880 3829
f 3729 3824 3857
f 3753 3881 3824
f 3764 3857 3881
f 3824 3881 3857
f 3737 3826 3820
f 3756 3882 3826
f 3753 3820 3882
f 3826 3882 3820
f 3764 3881 3880
f 3753 3882 3881
f 3756 3880 3882
f 3881 3882 3880
f 3735 3868 3836
f 3766 3883 3868
f 3758 3836 3883
f 3868 3883 3836
f 3733 3831 3864
f 3755 3884 3831
f 3766 3864 3884
f 3831 3884 3864
f 3734 3833 3827
f 3758 3885 3833
f 3755 3827 3885
f 3833 3885 3827
f 3766 3884 3883
f 3755 3885 3884
f 3758 3883 3885
f 3884 3885 3883
f 3736 3873 3808
f 3768 3886 3873
f 3750 3808 3886
f 3873 3886 3808
f 3735 3838 3870
f 3757 3887 3838
f 3768 3870 3887
f 3838 3887 3870
f 3728 3805 3834
f 3750 3888 3805
f 3757 3834 3888
f 3805 3888 3834
f 3768 3887 3886
f 3757 3888 3887
f 3750 3886 3888
f 3887 3888 3886
f 3889 3931 3933
f 3901 3932 3931
f 3903 3933 3932
f 3931 3932 3933
f 3900 3934 3936
f 3902 3935 3934
f 3901 3936 3935
f 3934 3935 3936
f 3894 3937 3939
f 3903 3938 3937
f 3902 3939 3938
f 3937 3938 3939
f 3901 3935 3932
f 3902 3938 3935
f 3903 3932 3938
f 3935 3938 3932
f 3889 3933 3941
f 3903 3940 3933
f 3905 3941 3940
f 3933 3940 3941
f 3894 3942 3937
f 3904 3943 3942
f 3903 3937 3943
f 3942 3943 3937
f 3890 3944 3946
f 3905 3945 3944
f 3904 3946 3945
f 3944 3945 3946
f 3903 3943 3940
f 3904 3945 3943
f 3905 3940 3945
f 3943 3945 3940
f 3889 3941 3948
f 3905 3947 3941
f 3907 3948 3947
f 3941 3947 3948
f 3890 3949 3944
f 3906 3950 3949
f 3905 3944 3950
f 3949 3950 3944
f 3896 3951 3953
f 3907 3952 3951
f 3906 3953 3952
f 3951 3952 3953
f 3905 3950 3947
f 3906 3952 3950
f 3907 3947 3952
f 3950 3952 3947
f 3889 3948 3955
f 3907 3954 3948
f 3909 3955 3954
f 3948 3954 3955
f 3896 3956 3951
f 3908 3957 3956
f 3907 3951 3957
f 3956 3957 3951
f 3899 3958 3960
f 3909 3959 3958
f 3908 3960 3959
f 3958 3959 3960
f 3907 3957 3954
f 3908 3959 3957
f 3909 3954 3959
f 3957 3959 3954
f 3889 3955 3931
f 3909 3961 3955
f 3901 3931 3961
f 3955 3961 3931
f 3899 3962 3958
f 3910 3963 3962
f 3909 3958 3963
f 3962 3963 3958
f 3900 3936 3965
f 3901 3964 3936
f 3910 3965 3964
f 3936 3964 3965
f 3909 3963 3961
f 3910 3964 3963
f 3901 3961 3964
f 3963 3964 3961
f 3890 3946 3967
f 3904 3966 3946
f 3912 3967 3966
f 3946 3966 3967
f 3894 3968 3942
f 3911 3969 3968
f 3904 3942 3969
f 3968 3969 3942
f 3898 3970 3972
f 3912 3971 3970
f 3911 3972 3971
f 3970 3971 3972
f 3904 3969 3966
f 3911 3971 3969
f 3912 3966 3971
f 3969 3971 3966
f 3894 3939 3974
f 3902 3973 3939
f 3914 3974 3973
f 3939 3973 3974
f 3900 3975 3934
f 3913 3976 3975
f 3902 3934 3976
f 3975 3976 3934
f 3893 3977 3979
f 3914 3978 3977
f 3913 3979 3978
f 3977 3978 3979
f 3902 3976 3973
f 3913 3978 3976
f 3914 3973 3978
f 3976 3978 3973
f 3900 3965 3981
f 3910 3980 3965
f 3916 3981 3980
f 3965 3980 3981
f 3899 3982 3962
f 3915 3983 3982
f 3910 3962 3983
f 3982 3983 3962
f 3891 3984 3986
f 3916 3985 3984
f 3915 3986 3985
f 3984 3985 3986
f 3910 3983 3980
f 3915 3985 3983
f 3916 3980 3985
f 3983 3985 3980
f 3899 3960 3988
f 3908 3987 3960
f 3918 3988 3987
f 3960 3987 3988
f 3896 3989 3956
f 3917 3990 3989
f 3908 3956 3990
f 3989 3990 3956
f 3895 3991 3993
f 3918 3992 3991
f 3917 3993 3992
f 3991 3992 3993
f 3908 3990 3987
f 3917 3992 3990
f 3918 3987 3992
f 3990 3992 3987
f 3896 3953 3995
f 3906 3994 3953
f 3920 3995 3994
f 3953 3994 3995
f 3890 3996 3949
f 3919 3997 3996
f 3906 3949 3997
f 3996 3997 3949
f 3897 3998 4000
f 3920 3999 3998
f 3919 4000 3999
f 3998 3999 4000
f 3906 3997 3994
f 3919 3999 3997
f 3920 3994 3999
f 3997 3999 3994
f 3892 4001 4003
f 3921 4002 4001
f 3923 4003 4002
f 4001 4002 4003
f 3898 4004 4006
f 3922 4005 4004
f 3921 4006 4005
f 4004 4005 4006
f 3893 4007 4009
f 3923 4008 4007
f 3922 4009 4008
f 4007 4008 4009
f 3921 4005 4002
f 3922 4008 4005
f 3923 4002 4008
f 4005 4008 4002
f 3892 4003 4011
f 3923 4010 4003
f 3925 4011 4010
f 4003 4010 4011
f 3893 4012 4007
f 3924 4013 4012
f 3923 4007 4013
f 4012 4013 4007
f 3891 4014 4016
f 3925 4015 4014
f 3924 4016 4015
f 4014 4015 4016
f 3923 4013 4010
f 3924 4015 4013
f 3925 4010 4015
f 4013 4015 4010
f 3892 4011 4018
f 3925 4017 4011
f 3927 4018 4017
f 4011 4017 4018
f 3891 4019 4014
f 3926 4020 4019
f 3925 4014 4020
f 4019 4020 4014
f 3895 4021 4023
f 3927 4022 4021
f 3926 4023 4022
f 4021 4022 4023
f 3925 4020 4017
f 3926 4022 4020
f 3927 4017 4022
f 4020 4022 4017
f 3892 4018 4025
f 3927 4024 4018
f 3929 4025 4024
f 4018 4024 4025
f 3895 4026 4021
f 3928 4027 4026
f 3927 4021 4027
f 4026 4027 4021
f 3897 4028 4030
f 3929 4029 4028
f 3928 4030 4029
f 4028 4029 4030
f 3927 4027 4024
f 3928 4029 4027
f 3929 4024 4029
f 4027 4029 4024
f 3892 4025 4001
f 3929 4031 4025
f 3921 4001 4031
f 4025 4031 4001
f 3897 4032 4028
f 3930 4033 4032
f 3929 4028 4033
f 4032 4033 4028
f 3898 4006 4035
f 3921 4034 4006
f 3930 4035 4034
f 4006 4034 4035
f 3929 4033 4031
f 3930 4034 4033
f 3921 4031 4034
f 4033 4034 4031
f 3893 4009 3977
f 3922 4036 4009
f 3914 3977 4036
f 4009 4036 3977
f 3898 3972 4004
f 3911 4037 3972
f 3922 4004 4037
f 3972 4037 4004
f 3894 3974 3968
f 3914 4038 3974
f 3911 3968 4038
f 3974 4038 3968
f 3922 4037 4036
f 3911 4038 4037
f 3914 4036 4038
f 4037 4038 4036
f 3891 4016 3984
f 3924 4039 4016
f 3916 3984 4039
f 4016 4039 3984
f 3893 3979 4012
f 3913 4040 3979
f 3924 4012 4040
f 3979 4040 4012
f 3900 3981 3975
f 3916 4041 3981
f 3913 3975 4041
f 3981 4041 3975
f 3924 4040 4039
f 3913 4041 4040
f 3916 4039 4041
f 4040 4041 4039
f 3895 4023 3991
f 3926 4042 4023
f 3918 3991 4042
f 4023 4042 3991
f 3891 3986 4019
f 3915 4043 3986
f 3926 4019 4043
f 3986 4043 4019
f 3899 3988 3982
f 3918 4044 3988
f 3915 3982 4044
f 3988 4044 3982
f 3926 4043 4042
f 3915 4044 4043
f 3918 4042 4044
f 4043 4044 4042
f 3897 4030 3998
f 3928 4045 4030
f 3920 3998 4045
f 4030 4045 3998
f 3895 3993 4026
f 3917 4046 3993
f 3928 4026 4046
f 3993 4046 4026
f 3896 3995 3989
f 3920 4047 3995
f 3917 3989 4047
f 3995 4047 3989
f 3928 4046 4045
f 3917 4047 4046
f 3920 4045 4047
f 4046 4047 4045
f 3898 4035 3970
f 3930 4048 4035
f 3912 3970 4048
f 4035 4048 3970
f 3897 4000 4032
f 3919 4049 4000
f 3930 4032 4049
f 4000 4049 4032
f 3890 3967 3996
f 3912 4050 3967
f 3919 3996 4050
f 3967 4050 3996
f 3930 4049 4048
f 3919 4050 4049
f 3912 4048 4050
f 4049 4050 4048
f 4051 4093 4095
f 4063 4094 4093
f 4065 4095 4094
f 4093 4094 4095
f 4062 4096 4098
f 4064 4097 4096
f 4063 4098 4097
f 4096 4097 4098
f 4056 4099 4101
f 4065 4100 4099
f 4064 4101 4100
f 4099 4100 4101
f 4063 4097 4094
f 4064 4100 4097
f 4065 4094 4100
f 4097 4100 4094
f 4051 4095 4103
f 4065 4102 4095
f 4067 4103 4102
f 4095 4102 4103
f 4056 4104 4099
f 4066 4105 4104
f 4065 4099 4105
f 4104 4105 4099
f 4052 4106 4108
f 4067 4107 4106
f 4066 4108 4107
f 4106 4107 4108
f 4065 4105 4102
f 4066 4107 4105
f 4067 4102 4107
f 4105 4107 4102
f 4051 4103 4110
f 4067 4109 4103
f 4069 4110 4109
f 4103 4109 4110
f 4052 4111 4106
f 4068 4112 4111
f 4067 4106 4112
f 4111 4112 4106
f 4058 4113 4115
f 4069 4114 4113
f 4068 4115 4114
f 4113 4114 4115
f 4067 4112 4109
f 4068 4114 4112
f 4069 4109 4114
f 4112 4114 4109
f 4051 4110 4117
f 4069 4116 4110
f 4071 4117 4116
f 4110 4116 4117
f 4058 4118 4113
f 4070 4119 4118
f 4069 4113 4119
f 4118 4119 4113
f 4061 4120 4122
f 4071 4121 4120
f 4070 4122 4121
f 4120 4121 4122
f 4069 4119 4116
f 4070 4121 4119
f 4071 4116 4121
f 4119 4121 4116
f 4051 4117 4093
f 4071 4123 4117
f 4063 4093 4123
f 4117 4123 4093
f 4061 4124 4120
f 4072 4125 4124
f 4071 4120 4125
f 4124 4125 4120
f 4062 4098 4127
f 4063 4126 4098
f 4072 4127 4126
f 4098 4126 4127
f 4071 4125 4123
f 4072 4126 4125
f 4063 4123 4126
f 4125 4126 4123
f 4052 4108 4129
f 4066 4128 4108
f 4074 4129 4128
f 4108 4128 4129
f 4056 4130 4104
f 4073 4131 4130
f 4066 4104 4131
f 4130 4131 4104
f 4060 4132 4134
f 4074 4133 4132
f 4073 4134 4133
f 4132 4133 4134
f 4066 4131 4128
f 4073 4133 4131
f 4074 4128 4133
f 4131 4133 4128
f 4056 4101 4136
f 4064 4135 4101
f 4076 4136 4135
f 4101 4135 4136
f 4062 4137 4096
f 4075 4138 4137
f 4064 4096 4138
f 4137 4138 4096
f 4055 4139 4141
f 4076 4140 4139
f 4075 4141 4140
f 4139 4140 4141
f 4064 4138 4135
f 4075 4140 4138
f 4076 4135 4140
f 4138 4140 4135
f 4062 4127 4143
f 4072 4142 4127
f 4078 4143 4142
f 4127 4142 4143
f 4061 4144 4124
f 4077 4145 4144
f 4072 4124 4145
f 4144 4145 4124
f 4053 4146 4148
f 4078 4147 4146
f 4077 4148 4147
f 4146 4147 4148
f 4072 4145 4142
f 4077 4147 4145
f 4078 4142 4147
f 4145 4147 4142
f 4061 4122 4150
f 4070 4149 4122
f 4080 4150 4149
f 4122 4149 4150
f 4058 4151 4118
f 4079 4152 4151
f 4070 4118 4152
f 4151 4152 4118
f 4057 4153 4155
f 4080 4154 4153
f 4079 4155 4154
f 4153 4154 4155
f 4070 4152 4149
f 4079 4154 4152
f 4080 4149 4154
f 4152 4154 4149
f 4058 4115 4157
f 4068 4156 4115
f 4082 4157 4156
f 4115 4156 4157
f 4052 4158 4111
f 4081 4159 4158
f 4068 4111 4159
f 4158 4159 4111
f 4059 4160 4162
f 4082 4161 4160
f 4081 4162 4161
f 4160 4161 4162
f 4068 4159 4156
f 4081 4161 4159
f 4082 4156 4161
f 4159 4161 4156
f 4054 4163 4165
f 4083 4164 4163
f 4085 4165 4164
f 4163 4164 4165
f 4060 4166 4168
f 4084 4167 4166
f 4083 4168 4167
f 4166 4167 4168
f 4055 4169 4171
f 4085 4170 4169
f 4084 4171 4170
f 4169 4170 4171
f 4083 4167 4164
f 4084 4170 4167
f 4085 4164 4170
f 4167 4170 4164
f 4054 4165 4173
f 4085 4172 4165
f 4087 4173 4172
f 4165 4172 4173
f 4055 4174 4169
f 4086 4175 4174
f 4085 4169 4175
f 4174 4175 4169
f 4053 4176 4178
f 4087 4177 4176
f 4086 4178 4177
f 4176 4177 4178
f 4085 4175 4172
f 4086 4177 4175
f 4087 4172 4177
f 4175 4177 4172
f 4054 4173 4180
f 4087 4179 4173
f 4089 4180 4179
f 4173 4179 4180
f 4053 4181 4176
f 4088 4182 4181
f 4087 4176 4182
f 4181 4182 4176
f 4057 4183 4185
f 4089 4184 4183
f 4088 4185 4184
f 4183 4184 4185
f 4087 4182 4179
f 4088 4184 4182
f 4089 4179 4184
f 4182 4184 4179
f 4054 4180 4187
f 4089 4186 4180
f 4091 4187 4186
f 4180 4186 4187
f 4057 4188 4183
f 4090 4189 4188
f 4089 4183 4189
f 4188 4189 4183
f 4059 4190 4192
f 4091 4191 4190
f 4090 4192 4191
f 4190 4191 4192
f 4089 4189 4186
f 4090 4191 4189
f 4091 4186 4191
f 4189 4191 4186
f 4054 4187 4163
f 4091 4193 4187
f 4083 4163 4193
f 4187 4193 4163
f 4059 4194 4190
f 4092 4195 4194
f 4091 4190 4195
f 4194 4195 4190
f 4060 4168 4197
f 4083 4196 4168
f 4092 4197 4196
f 4168 4196 4197
f 4091 4195 4193
f 4092 4196 4195
f 4083 4193 4196
f 4195 4196 4193
f 4055 4171 4139
f 4084 4198 4171
f 4076 4139 4198
f 4171 4198 4139
f 4060 4134 4166
f 4073 4199 4134
f 4084 4166 4199
f 4134 4199 4166
f 4056 4136 4130
f 4076 4200 4136
f 4073 4130 4200
f 4136 4200 4130
f 4084 4199 4198
f 4073 4200 4199
f 4076 4198 4200
f 4199 4200 4198
f 4053 4178 4146
f 4086 4201 4178
f 4078 4146 4201
f 4178 4201 4146
f 4055 4141 4174
f 4075 4202 4141
f 4086 4174 4202
f 4141 4202 4174
f 4062 4143 4137
f 4078 4203 4143
f 4075 4137 4203
f 4143 4203 4137
f 4086 4202 4201
f 4075 4203 4202
f 4078 4201 4203
f 4202 4203 4201
f 4057 4185 4153
f 4088 4204 4185
f 4080 4153 4204
f 4185 4204 4153
f 4053 4148 4181
f 4077 4205 4148
f 4088 4181 4205
f 4148 4205 4181
f 4061 4150 4144
f 4080 4206 4150
f 4077 4144 4206
f 4150 4206 4144
f 4088 4205 4204
f 4077 4206 4205
f 4080 4204 4206
f 4205 4206 4204
f 4059 4192 4160
f 4090 4207 4192
f 4082 4160 4207
f 4192 4207 4160
f 4057 4155 4188
f 4079 4208 4155
f 4090 4188 4208
f 4155 4208 4188
f 4058 4157 4151
f 4082 4209 4157
f 4079 4151 4209
f 4157 4209 4151
f 4090 4208 4207
f 4079 4209 4208
f 4082 4207 4209
f 4208 4209 4207
f 4060 4197 4132
f 4092 4210 4197
f 4074 4132 4210
f 4197 4210 4132
f 4059 4162 4194
f 4081 4211 4162
f 4092 4194 4211
f 4162 4211 4194
f 4052 4129 4158
f 4074 4212 4129
f 4081 4158 4212
f 4129 4212 4158
f 4092 4211 4210
f 4081 4212 4211
f 4074 4210 4212
f 4211 4212 4210
f 4213 4214 4224
f 4214 4215 4225
f 4215 4216 4226
f 4216 4217 4227
f 4217 4218 4228
f 4218 4219 4229
f 4219 4220 4230
f 4220 4221 4231
f 4221 4222 4232
f 4222 4213 4223
f 4213 4224 4223
f 4214 4225 4224
f 4215 4226 4225
f 4216 4227 4226
f 4217 4228 4227
f 4218 4229 4228
f 4219 4230 4229
f 4220 4231 4230
f 4221 4232 4231
f 4222 4223 4232
f 4233 4234 4244
f 4234 4235 4245
f 4235 4236 4246
f 4236 4237 4247
f 4237 4238 4248
f 4238 4239 4249
f 4239 4240 4250
f 4240 4241 4251
f 4241 4242 4252
f 4242 4233 4243
f 4233 4244 4243
f 4234 4245 4244
f 4235 4246 4245
f 4236 4247 4246
f 4237 4248 4247
f 4238 4249 4248
f 4239 4250 4249
f 4240 4251 4250
f 4241 4252 4251
f 4242 4243 4252
f 4253 4254 4264
f 4254 4255 4265
f 4255 4256 4266
f 4256 4257 4267
f 4257 4258 4268
f 4258 4259 4269
f 4259 4260 4270
f 4260 4261 4271
f 4261 4262 4272
f 4262 4253 4263
f 4253 4264 4263
f 4254 4265 4264
f 4255 4266 4265
f 4256 4267 4266
f 4257 4268 4267
f 4258 4269 4268
f 4259 4270 4269
f 4260 4271 4270
f 4261 4272 4271
f 4262 4263 4272
f 4273 4274 4284
f 4274 4275 4285
f 4275 4276 4286
f 4276 4277 4287
f 4277 4278 4288
f 4278 4279 4289
f 4279 4280 4290
f 4280 4281 4291
f 4281 4282 4292
f 4282 4273 4283
f 4273 4284 4283
f 4274 4285 4284
f 4275 4286 4285
f 4276 4287 4286
f 4277 4288 4287
f 4278 4289 4288
f 4279 4290 4289
f 4280 4291 4290
f 4281 4292 4291
f 4282 4283 4292
f 4293 4294 4304
f 4294 4295 4305
f 4295 4296 4306
f 4296 4297 4307
f 4297 4298 4308
f 4298 4299 4309
f 4299 4300 4310
f 4300 4301 4311
f 4301 4302 4312
f 4302 4293 4303
f 4293 4304 4303
f 4294 4305 4304
f 4295 4306 4305
f 4296 4307 4306
f 4297 4308 4307
f 4298 4309 4308
f 4299 4310 4309
f 4300 4311 4310
f 4301 4312 4311
f 4302 4303 4312
f 4313 4314 4324
f 4314 4315 4325
f 4315 4316 4326
f 4316 4317 4327
f 4317 4318 4328
f 4318 4319 4329
f 4319 4320 4330
f 4320 4321 4331
f 4321 4322 4332
f 4322 4313 4323
f 4313 4324 4323
f 4314 4325 4324
f 4315 4326 4325
f 4316 4327 4326
f 4317 4328 4327
f 4318 4329 4328
f 4319 4330 4329
f 4320 4331 4330
f 4321 4332 4331
f 4322 4323 4332
f 4333 4334 4344
f 4334 4335 4345
f 4335 4336 4346
f 4336 4337 4347
f 4337 4338 4348
f 4338 4339 4349
f 4339 4340 4350
f 4340 4341 4351
f 4341 4342 4352
f 4342 4333 4343
f 4333 4344 4343
f 4334 4345 4344
f 4335 4346 4345
f 4336 4347 4346
f 4337 4348 4347
f 4338 4349 4348
f 4339 4350 4349
f 4340 4351 4350
f 4341 4352 4351
f 4342 4343 4352
f 4353 4354 4364
f 4354 4355 4365
f 4355 4356 4366
f 4356 4357 4367
f 4357 4358 4368
f 4358 4359 4369
f 4359 4360 4370
f 4360 4361 4371
f 4361 4362 4372
f 4362 4353 4363
f 4353 4364 4363
f 4354 4365 4364
f 4355 4366 4365
f 4356 4367 4366
f 4357 4368 4367
f 4358 4369 4368
f 4359 4370 4369
f 4360 4371 4370
f 4361 4372 4371
f 4362 4363 4372
f 4373 4374 4384
f 4374 4375 4385
f 4375 4376 4386
f 4376 4377 4387
f 4377 4378 4388
f 4378 4379 4389
f 4379 4380 4390
f 4380 4381 4391
f 4381 4382 4392
f 4382 4373 4383
f 4373 4384 4383
f 4374 4385 4384
f 4375 4386 4385
f 4376 4387 4386
f 4377 4388 4387
f 4378 4389 4388
f 4379 4390 4389
f 4380 4391 4390
f 4381 4392 4391
f 4382 4383 4392
f 4393 4394 4404
f 4394 4395 4405
f 4395 4396 4406
f 4396 4397 4407
f 4397 4398 4408
f 4398 4399 4409
f 4399 4400 4410
f 4400 4401 4411
f 4401 4402 4412
f 4402 4393 4403
f 4393 4404 4403
f 4394 4405 4404
f 4395 4406 4405
f 4396 4407 4406
f 4397 4408 4407
f 4398 4409 4408
f 4399 4410 4409
f 4400 4411 4410
f 4401 4412 4411
f 4402 4403 4412
f 4413 4414 4424
f 4414 4415 4425
f 4415 4416 4426
f 4416 4417 4427
f 4417 4418 4428
f 4418 4419 4429
f 4419 4420 4430
f 4420 4421 4431
f 4421 4422 4432
f 4422 4413 4423
f 4413 4424 4423
f 4414 4425 4424
f 4415 4426 4425
f 4416 4427 4426
f 4417 4428 4427
f 4418 4429 4428
f 4419 4430 4429
f 4420 4431 4430
f 4421 4432 4431
f 4422 4423 4432
f 4433 4434 4444
f 4434 4435 4445
f 4435 4436 4446
f 4436 4437 4447
f 4437 4438 4448
f 4438 4439 4449
f 4439 4440 4450
f 4440 4441 4451
f 4441 4442 4452
f 4442 4433 4443
f 4433 4444 4443
f 4434 4445 4444
f 4435 4446 4445
f 4436 4447 4446
f 4437 4448 4447
f 4438 4449 4448
f 4439 4450 4449
f 4440 4451 4450
f 4441 4452 4451
f 4442 4443 4452
f 4453 4454 4464
f 4454 4455 4465
f 4455 4456 4466
f 4456 4457 4467
f 4457 4458 4468
f 4458 4459 4469
f 4459 4460 4470
f 4460 4461 4471
f 4461 4462 4472
f 4462 4453 4463
f 4453 4464 4463
f 4454 4465 4464
f 4455 4466 4465
f 4456 4467 4466
f 4457 4468 4467
f 4458 4469 4468
f 4459 4470 4469
f 4460 4471 4470
f 4461 4472 4471
f 4462 4463 4472
f 4473 4474 4484
f 4474 4475 4485
f 4475 4476 4486
f 4476 4477 4487
f 4477 4478 4488
f 4478 4479 4489
f 4479 4480 4490
f 4480 4481 4491
f 4481 4482 4492
f 4482 4473 4483
f 4473 4484 4483
f 4474 4485 4484
f 4475 4486 4485
f 4476 4487 4486
f 4477 4488 4487
f 4478 4489 4488
f 4479 4490 4489
f 4480 4491 4490
f 4481 4492 4491
f 4482 4483 4492
f 4493 4494 4504
f 4494 4495 4505
f 4495 4496 4506
f 4496 4497 4507
f 4497 4498 4508
f 4498 4499 4509
f 4499 4500 4510
f 4500 4501 4511
f 4501 4502 4512
f 4502 4493 4503
f 4493 4504 4503
f 4494 4505 4504
f 4495 4506 4505
f 4496 4507 4506
f 4497 4508 4507
f 4498 4509 4508
f 4499 4510 4509
f 4500 4511 4510
f 4501 4512 4511
f 4502 4503 4512
f 4513 4514 4524
f 4514 4515 4525
f 4515 4516 4526
f 4516 4517 4527
f 4517 4518 4528
f 4518 4519 4529
f 4519 4520 4530
f 4520 4521 4531
f 4521 4522 4532
f 4522 4513 4523
f 4513 4524 4523
f 4514 4525 4524
f 4515 4526 4525
f 4516 4527 4526
f 4517 4528 4527
f 4518 4529 4528
f 4519 4530 4529
f 4520 4531 4530
f 4521 4532 4531
f 4522 4523 4532
f 4533 4534 4544
f 4534 4535 4545
f 4535 4536 4546
f 4536 4537 4547
f 4537 4538 4548
f 4538 4539 4549
f 4539 4540 4550
f 4540 4541 4551
f 4541 4542 4552
f 4542 4533 4543
f 4533 4544 4543
f 4534 4545 4544
f 4535 4546 4545
f 4536 4547 4546
f 4537 4548 4547
f 4538 4549 4548
f 4539 4550 4549
f 4540 4551 4550
f 4541 4552 4551
f 4542 4543 4552
f 4553 4554 4564
f 4554 4555 4565
f 4555 4556 4566
f 4556 4557 4567
f 4557 4558 4568
f 4558 4559 4569
f 4559 4560 4570
f 4560 4561 4571
f 4561 4562 4572
f 4562 4553 4563
f 4553 4564 4563
f 4554 4565 4564
f 4555 4566 4565
f 4556 4567 4566
f 4557 4568 4567
f 4558 4569 4568
f 4559 4570 4569
f 4560 4571 4570
f 4561 4572 4571
f 4562 4563 4572
f 4573 4574 4584
f 4574 4575 4585
f 4575 4576 4586
f 4576 4577 4587
f 4577 4578 4588
f 4578 4579 4589
f 4579 4580 4590
f 4580 4581 4591
f 4581 4582 4592
f 4582 4573 4583
f 4573 4584 4583
f 4574 4585 4584
f 4575 4586 4585
f 4576 4587 4586
f 4577 4588 4587
f 4578 4589 4588
f 4579 4590 4589
f 4580 4591 4590
f 4581 4592 4591
f 4582 4583 4592
f 4593 4594 4604
f 4594 4595 4605
f 4595 4596 4606
f 4596 4597 4607
f 4597 4598 4608
f 4598 4599 4609
f 4599 4600 4610
f 4600 4601 4611
f 4601 4602 4612
f 4602 4593 4603
f 4593 4604 4603
f 4594 4605 4604
f 4595 4606 4605
f 4596 4607 4606
f 4597 4608 4607
f 4598 4609 4608
f 4599 4610 4609
f 4600 4611 4610
f 4601 4612 4611
f 4602 4603 4612
f 4613 4614 4624
f 4614 4615 4625
f 4615 4616 4626
f 4616 4617 4627
f 4617 4618 4628
f 4618 4619 4629
f 4619 4620 4630
f 4620 4621 4631
f 4621 4622 4632
f 4622 4613 4623
f 4613 4624 4623
f 4614 4625 4624
f 4615 4626 4625
f 4616 4627 4626
f 4617 4628 4627
f 4618 4629 4628
f 4619 4630 4629
f 4620 4631 4630
f 4621 4632 4631
f 4622 4623 4632
f 4633 4634 4644
f 4634 4635 4645
f 4635 4636 4646
f 4636 4637 4647
f 4637 4638 4648
f 4638 4639 4649
f 4639 4640 4650
f 4640 4641 4651
f 4641 4642 4652
f 4642 4633 4643
f 4633 4644 4643
f 4634 4645 4644
f 4635 4646 4645
f 4636 4647 4646
f 4637 4648 4647
f 4638 4649 4648
f 4639 4650 4649
f 4640 4651 4650
f 4641 4652 4651
f 4642 4643 4652
f 4653 4654 4664
f 4654 4655 4665
f 4655 4656 4666
f 4656 4657 4667
f 4657 4658 4668
f 4658 4659 4669
f 4659 4660 4670
f 4660 4661 4671
f 4661 4662 4672
f 4662 4653 4663
f 4653 4664 4663
f 4654 4665 4664
f 4655 4666 4665
f 4656 4667 4666
f 4657 4668 4667
f 4658 4669 4668
f 4659 4670 4669
f 4660 4671 4670
f 4661 4672 4671
f 4662 4663 4672
f 4673 4674 4684
f 4674 4675 4685
f 4675 4676 4686
f 4676 4677 4687
f 4677 4678 4688
f 4678 4679 4689
f 4679 4680 4690
f 4680 4681 4691
f 4681 4682 4692
f 4682 4673 4683
f 4673 4684 4683
f 4674 4685 4684
f 4675 4686 4685
f 4676 4687 4686
f 4677 4688 4687
f 4678 4689 4688
f 4679 4690 4689
f 4680 4691 4690
f 4681 4692 4691
f 4682 4683 4692
f 4693 4694 4704
f 4694 4695 4705
f 4695 4696 4706
f 4696 4697 4707
f 4697 4698 4708
f 4698 4699 4709
f 4699 4700 4710
f 4700 4701 4711
f 4701 4702 4712
f 4702 4693 4703
f 4693 4704 4703
f 4694 4705 4704
f 4695 4706 4705
f 4696 4707 4706
f 4697 4708 4707
f 4698 4709 4708
f 4699 4710 4709
f 4700 4711 4710
f 4701 4712 4711
f 4702 4703 4712
f 4713 4714 4724
f 4714 4715 4725
f 4715 4716 4726
f 4716 4717 4727
f 4717 4718 4728
f 4718 4719 4729
f 4719 4720 4730
f 4720 4721 4731
f 4721 4722 4732
f 4722 4713 4723
f 4713 4724 4723
f 4714 4725 4724
f 4715 4726 4725
f 4716 4727 4726
f 4717 4728 4727
f 4718 4729 4728
f 4719 4730 4729
f 4720 4731 4730
f 4721 4732 4731
f 4722 4723 4732
f 4733 4734 4744
f 4734 4735 4745
f 4735 4736 4746
f 4736 4737 4747
f 4737 4738 4748
f 4738 4739 4749
f 4739 4740 4750
f 4740 4741 4751
f 4741 4742 4752
f 4742 4733 4743
f 4733 4744 4743
f 4734 4745 4744
f 4735 4746 4745
f 4736 4747 4746
f 4737 4748 4747
f 4738 4749 4748
f 4739 4750 4749
f 4740 4751 4750
f 4741 4752 4751
f 4742 4743 4752
f 4753 4754 4764
f 4754 4755 4765
f 4755 4756 4766
f 4756 4757 4767
f 4757 4758 4768
f 4758 4759 4769
f 4759 4760 4770
f 4760 4761 4771
f 4761 4762 4772
f 4762 4753 4763
f 4753 4764 4763
f 4754 4765 4764
f 4755 4766 4765
f 4756 4767 4766
f 4757 4768 4767
f 4758 4769 4768
f 4759 4770 4769
f 4760 4771 4770
f 4761 4772 4771
f 4762 4763 4772
f 4773 4774 4784
f 4774 4775 4785
f 4775 4776 4786
f 4776 4777 4787
f 4777 4778 4788
f 4778 4779 4789
f 4779 4780 4790
f 4780 4781 4791
f 4781 4782 4792
f 4782 4773 4783
f 4773 4784 4783
f 4774 4785 4784
f 4775 4786 4785
f 4776 4787 4786
f 4777 4788 4787
f 4778 4789 4788
f 4779 4790 4789
f 4780 4791 4790
f 4781 4792 4791
f 4782 4783 4792
f 4793 4794 4804
f 4794 4795 4805
f 4795 4796 4806
f 4796 4797 4807
f 4797 4798 4808
f 4798 4799 4809
f 4799 4800 4810
f 4800 4801 4811
f 4801 4802 4812
f 4802 4793 4803
f 4793 4804 4803
f 4794 4805 4804
f 4795 4806 4805
f 4796 4807 4806
f 4797 4808 4807
f 4798 4809 4808
f 4799 4810 4809
f 4800 4811 4810
f 4801 4812 4811
f 4802 4803 4812
f 4813 4814 4824
f 4814 4815 4825
f 4815 4816 4826
f 4816 4817 4827
f 4817 4818 4828
f 4818 4819 4829
f 4819 4820 4830
f 4820 4821 4831
f 4821 4822 4832
f 4822 4813 4823
f 4813 4824 4823
f 4814 4825 4824
f 4815 4826 4825
f 4816 4827 4826
f 4817 4828 4827
f 4818 4829 4828
f 4819 4830 4829
f 4820 4831 4830
f 4821 4832 4831
f 4822 4823 4832
f 4833 4834 4844
f 4834 4835 4845
f 4835 4836 4846
f 4836 4837 4847
f 4837 4838 4848
f 4838 4839 4849
f 4839 4840 4850
f 4840 4841 4851
f 4841 4842 4852
f 4842 4833 4843
f 4833 4844 4843
f 4834 4845 4844
f 4835 4846 4845
f 4836 4847 4846
f 4837 4848 4847
f 4838 4849 4848
f 4839 4850 4849
f 4840 4851 4850
f 4841 4852 4851
f 4842 4843 4852
f 4853 4854 4864
f 4854 4855 4865
f 4855 4856 4866
f 4856 4857 4867
f 4857 4858 4868
f 4858 4859 4869
f 4859 4860 4870
f 4860 4861 4871
f 4861 4862 4872
f 4862 4853 4863
f 4853 4864 4863
f 4854 4865 4864
f 4855 4866 4865
f 4856 4867 4866
f 4857 4868 4867
f 4858 4869 4868
f 4859 4870 4869
f 4860 4871 4870
f 4861 4872 4871
f 4862 4863 4872
f 4873 4874 4884
f 4874 4875 4885
f 4875 4876 4886
f 4876 4877 4887
f 4877 4878 4888
f 4878 4879 4889
f 4879 4880 4890
f 4880 4881 4891
f 4881 4882 4892
f 4882 4873 4883
f 4873 4884 4883
f 4874 4885 4884
f 4875 4886 4885
f 4876 4887 4886
f 4877 4888 4887
f 4878 4889 4888
f 4879 4890 4889
f 4880 4891 4890
f 4881 4892 4891
f 4882 4883 4892
f 4893 4894 4904
f 4894 4895 4905
f 4895 4896 4906
f 4896 4897 4907
f 4897 4898 4908
f 4898 4899 4909
f 4899 4900 4910
f 4900 4901 4911
f 4901 4902 4912
f 4902 4893 4903
f 4893 4904 4903
f 4894 4905 4904
f 4895 4906 4905
f 4896 4907 4906
f 4897 4908 4907
f 4898 4909 4908
f 4899 4910 4909
f 4900 4911 4910
f 4901 4912 4911
f 4902 4903 4912
f 4913 4914 4924
f 4914 4915 4925
f 4915 4916 4926
f 4916 4917 4927
f 4917 4918 4928
f 4918 4919 4929
f 4919 4920 4930
f 4920 4921 4931
f 4921 4922 4932
f 4922 4913 4923
f 4913 4924 4923
f 4914 4925 4924
f 4915 4926 4925
f 4916 4927 4926
f 4917 4928 4927
f 4918 4929 4928
f 4919 4930 4929
f 4920 4931 4930
f 4921 4932 4931
f 4922 4923 4932
f 4933 4934 4944
f 4934 4935 4945
f 4935 4936 4946
f 4936 4937 4947
f 4937 4938 4948
f 4938 4939 4949
f 4939 4940 4950
f 4940 4941 4951
f 4941 4942 4952
f 4942 4933 4943
f 4933 4944 4943
f 4934 4945 4944
f 4935 4946 4945
f 4936 4947 4946
f 4937 4948 4947
f 4938 4949 4948
f 4939 4950 4949
f 4940 4951 4950
f 4941 4952 4951
f 4942 4943 4952
f 4953 4954 4964
f 4954 4955 4965
f 4955 4956 4966
f 4956 4957 4967
f 4957 4958 4968
f 4958 4959 4969
f 4959 4960 4970
f 4960 4961 4971
f 4961 4962 4972
f 4962 4953 4963
f 4953 4964 4963
f 4954 4965 4964
f 4955 4966 4965
f 4956 4967 4966
f 4957 4968 4967
f 4958 4969 4968
f 4959 4970 4969
f 4960 4971 4970
f 4961 4972 4971
f 4962 4963 4972
f 4973 4974 4984
f 4974 4975 4985
f 4975 4976 4986
f 4976 4977 4987
f 4977 4978 4988
f 4978 4979 4989
f 4979 4980 4990
f 4980 4981 4991
f 4981 4982 4992
f 4982 4973 4983
f 4973 4984 4983
f 4974 4985 4984
f 4975 4986 4985
f 4976 4987 4986
f 4977 4988 4987
f 4978 4989 4988
f 4979 4990 4989
f 4980 4991 4990
f 4981 4992 4991
f 4982 4983 4992
f 4993 4994 5004
f 4994 4995 5005
f 4995 4996 5006
f 4996 4997 5007
f 4997 4998 5008
f 4998 4999 5009
f 4999 5000 5010
f 5000 5001 5011
f 5001 5002 5012
f 5002 4993 5003
f 4993 5004 5003
f 4994 5005 5004
f 4995 5006 5005
f 4996 5007 5006
f 4997 5008 5007
f 4998 5009 5008
f 4999 5010 5009
f 5000 5011 5010
f 5001 5012 5011
f 5002 5003 5012
f 5013 5014 5024
f 5014 5015 5025
f 5015 5016 5026
f 5016 5017 5027
f 5017 5018 5028
f 5018 5019 5029
f 5019 5020 5030
f 5020 5021 5031
f 5021 5022 5032
f 5022 5013 5023
f 5013 5024 5023
f 5014 5025 5024
f 5015 5026 5025
f 5016 5027 5026
f 5017 5028 5027
f 5018 5029 5028
f 5019 5030 5029
f 5020 5031 5030
f 5021 5032 5031
f 5022 5023 5032
f 5033 5034 5044
f 5034 5035 5045
f 5035 5036 5046
f 5036 5037 5047
f 5037 5038 5048
f 5038 5039 5049
f 5039 5040 5050
f 5040 5041 5051
f 5041 5042 5052
f 5042 5033 5043
f 5033 5044 5043
f 5034 5045 5044
f 5035 5046 5045
f 5036 5047 5046
f 5037 5048 5047
f 5038 5049 5048
f 5039 5050 5049
f 5040 5051 5050
f 5041 5052 5051
f 5042 5043 5052
f 5053 5054 5064
f 5054 5055 5065
f 5055 5056 5066
f 5056 5057 5067
f 5057 5058 5068
f 5058 5059 5069
f 5059 5060 5070
f 5060 5061 5071
f 5061 5062 5072
f 5062 5053 5063
f 5053 5064 5063
f 5054 5065 5064
f 5055 5066 5065
f 5056 5067 5066
f 5057 5068 5067
f 5058 5069 5068
f 5059 5070 5069
f 5060 5071 5070
f 5061 5072 5071
f 5062 5063 5072
f 5073 5074 5084
f 5074 5075 5085
f 5075 5076 5086
f 5076 5077 5087
f 5077 5078 5088
f 5078 5079 5089
f 5079 5080 5090
f 5080 5081 5091
f 5081 5082 5092
f 5082 5073 5083
f 5073 5084 5083
f 5074 5085 5084
f 5075 5086 5085
f 5076 5087 5086
f 5077 5088 5087
f 5078 5089 5088
f 5079 5090 5089
f 5080 5091 5090
f 5081 5092 5091
f 5082 5083 5092
f 5093 5094 5104
f 5094 5095 5105
f 5095 5096 5106
f 5096 5097 5107
f 5097 5098 5108
f 5098 5099 5109
f 5099 5100 5110
f 5100 5101 5111
f 5101 5102 5112
f 5102 5093 5103
f 5093 5104 5103
f 5094 5105 5104
f 5095 5106 5105
f 5096 5107 5106
f 5097 5108 5107
f 5098 5109 5108
f 5099 5110 5109
f 5100 5111 5110
f 5101 5112 5111
f 5102 5103 5112
f 5113 5114 5124
f 5114 5115 5125
f 5115 5116 5126
f 5116 5117 5127
f 5117 5118 5128
f 5118 5119 5129
f 5119 5120 5130
f 5120 5121 5131
f 5121 5122 5132
f 5122 5113 5123
f 5113 5124 5123
f 5114 5125 5124
f 5115 5126 5125
f 5116 5127 5126
f 5117 5128 5127
f 5118 5129 5128
f 5119 5130 5129
f 5120 5131 5130
f 5121 5132 5131
f 5122 5123 5132
f 5133 5134 5144
f 5134 5135 5145
f 5135 5136 5146
f 5136 5137 5147
f 5137 5138 5148
f 5138 5139 5149
f 5139 5140 5150
f 5140 5141 5151
f 5141 5142 5152
f 5142 5133 5143
f 5133 5144 5143
f 5134 5145 5144
f 5135 5146 5145
f 5136 5147 5146
f 5137 5148 5147
f 5138 5149 5148
f 5139 5150 5149
f 5140 5151 5150
f 5141 5152 5151
f 5142 5143 5152
f 5153 5154 5164
f 5154 5155 5165
f 5155 5156 5166
f 5156 5157 5167
f 5157 5158 5168
f 5158 5159 5169
f 5159 5160 5170
f 5160 5161 5171
f 5161 5162 5172
f 5162 5153 5163
f 5153 5164 5163
f 5154 5165 5164
f 5155 5166 5165
f 5156 5167 5166
f 5157 5168 5167
f 5158 5169 5168
f 5159 5170 5169
f 5160 5171 5170
f 5161 5172 5171
f 5162 5163 5172
f 5173 5174 5184
f 5174 5175 5185
f 5175 5176 5186
f 5176 5177 5187
f 5177 5178 5188
f 5178 5179 5189
f 5179 5180 5190
f 5180 5181 5191
f 5181 5182 5192
f 5182 5173 5183
f 5173 5184 5183
f 5174 5185 5184
f 5175 5186 5185
f 5176 5187 5186
f 5177 5188 5187
f 5178 5189 5188
f 5179 5190 5189
f 5180 5191 5190
f 5181 5192 5191
f 5182 5183 5192
f 5193 5194 5204
f 5194 5195 5205
f 5195 5196 5206
f 5196 5197 5207
f 5197 5198 5208
f 5198 5199 5209
f 5199 5200 5210
f 5200 5201 5211
f 5201 5202 5212
f 5202 5193 5203
f 5193 5204 5203
f 5194 5205 5204
f 5195 5206 5205
f 5196 5207 5206
f 5197 5208 5207
f 5198 5209 5208
f 5199 5210 5209
f 5200 5211 5210
f 5201 5212 5211
f 5202 5203 5212
