# 37-corner spiral polyhedron drawn as a frame: balls at the corners, rods on the 72 edges (cm, COM at origin)
v -0.15772 0.25520 7.54403
v 0.15772 0.25520 7.54403
v -0.15772 -0.25520 7.54403
v 0.15772 -0.25520 7.54403
v 0.00000 -0.15772 7.79923
v 0.00000 0.15772 7.79923
v 0.00000 -0.15772 7.28883
v 0.00000 0.15772 7.28883
v 0.25520 0.00000 7.38631
v 0.25520 0.00000 7.70175
v -0.25520 0.00000 7.38631
v -0.25520 0.00000 7.70175
v -0.24271 0.15000 7.63674
v -0.15000 0.09271 7.78674
v -0.09271 0.24271 7.69403
v 0.09271 0.24271 7.69403
v 0.00000 0.30000 7.54403
v 0.09271 0.24271 7.39403
v -0.09271 0.24271 7.39403
v -0.15000 0.09271 7.30132
v -0.24271 0.15000 7.45132
v -0.30000 0.00000 7.54403
v 0.15000 0.09271 7.78674
v 0.24271 0.15000 7.63674
v -0.15000 -0.09271 7.78674
v 0.00000 0.00000 7.84403
v -0.24271 -0.15000 7.45132
v -0.24271 -0.15000 7.63674
v 0.00000 0.00000 7.24403
v -0.15000 -0.09271 7.30132
v 0.24271 0.15000 7.45132
v 0.15000 0.09271 7.30132
v 0.24271 -0.15000 7.63674
v 0.15000 -0.09271 7.78674
v 0.09271 -0.24271 7.69403
v -0.09271 -0.24271 7.69403
v 0.00000 -0.30000 7.54403
v -0.09271 -0.24271 7.39403
v 0.09271 -0.24271 7.39403
v 0.15000 -0.09271 7.30132
v 0.24271 -0.15000 7.45132
v 0.30000 0.00000 7.54403
v -0.20813 0.21061 7.59222
v -0.17634 0.20646 7.67163
v -0.13017 0.25880 7.62200
v -0.21061 0.04819 7.75216
v -0.20646 0.12760 7.72037
v -0.25880 0.07797 7.67420
v -0.04819 0.20813 7.75464
v -0.12760 0.17634 7.75049
v -0.07797 0.13017 7.80283
v -0.04874 0.28532 7.62289
v -0.08198 0.28858 7.54403
v 0.04819 0.20813 7.75464
v 0.00000 0.25520 7.70175
v 0.08198 0.28858 7.54403
v 0.04874 0.28532 7.62289
v 0.13017 0.25880 7.62200
v -0.04874 0.28532 7.46517
v -0.13017 0.25880 7.46606
v 0.13017 0.25880 7.46606
v 0.04874 0.28532 7.46517
v -0.04819 0.20813 7.33342
v 0.00000 0.25520 7.38631
v 0.04819 0.20813 7.33342
v -0.17634 0.20646 7.41643
v -0.20813 0.21061 7.49584
v -0.07797 0.13017 7.28523
v -0.12760 0.17634 7.33757
v -0.25880 0.07797 7.41386
v -0.20646 0.12760 7.36769
v -0.21061 0.04819 7.33590
v -0.25520 0.15772 7.54403
v -0.28858 0.00000 7.46205
v -0.28532 0.07886 7.49529
v -0.28532 0.07886 7.59277
v -0.28858 0.00000 7.62601
v 0.17634 0.20646 7.67163
v 0.20813 0.21061 7.59222
v 0.07797 0.13017 7.80283
v 0.12760 0.17634 7.75049
v 0.25880 0.07797 7.67420
v 0.20646 0.12760 7.72037
v 0.21061 0.04819 7.75216
v -0.07886 0.04874 7.82935
v 0.00000 0.08198 7.83261
v -0.21061 -0.04819 7.75216
v -0.15772 0.00000 7.79923
v 0.00000 -0.08198 7.83261
v -0.07886 -0.04874 7.82935
v -0.07797 -0.13017 7.80283
v -0.28532 -0.07886 7.59277
v -0.25880 -0.07797 7.67420
v -0.25880 -0.07797 7.41386
v -0.28532 -0.07886 7.49529
v -0.20813 -0.21061 7.59222
v -0.25520 -0.15772 7.54403
v -0.20813 -0.21061 7.49584
v -0.15772 0.00000 7.28883
v -0.21061 -0.04819 7.33590
v 0.00000 0.08198 7.25545
v -0.07886 0.04874 7.25871
v -0.07797 -0.13017 7.28523
v -0.07886 -0.04874 7.25871
v 0.00000 -0.08198 7.25545
v 0.12760 0.17634 7.33757
v 0.07797 0.13017 7.28523
v 0.20813 0.21061 7.49584
v 0.17634 0.20646 7.41643
v 0.21061 0.04819 7.33590
v 0.20646 0.12760 7.36769
v 0.25880 0.07797 7.41386
v 0.20813 -0.21061 7.59222
v 0.17634 -0.20646 7.67163
v 0.13017 -0.25880 7.62200
v 0.21061 -0.04819 7.75216
v 0.20646 -0.12760 7.72037
v 0.25880 -0.07797 7.67420
v 0.04819 -0.20813 7.75464
v 0.12760 -0.17634 7.75049
v 0.07797 -0.13017 7.80283
v 0.04874 -0.28532 7.62289
v 0.08198 -0.28858 7.54403
v -0.04819 -0.20813 7.75464
v 0.00000 -0.25520 7.70175
v -0.08198 -0.28858 7.54403
v -0.04874 -0.28532 7.62289
v -0.13017 -0.25880 7.62200
v 0.04874 -0.28532 7.46517
v 0.13017 -0.25880 7.46606
v -0.13017 -0.25880 7.46606
v -0.04874 -0.28532 7.46517
v 0.04819 -0.20813 7.33342
v 0.00000 -0.25520 7.38631
v -0.04819 -0.20813 7.33342
v 0.17634 -0.20646 7.41643
v 0.20813 -0.21061 7.49584
v 0.07797 -0.13017 7.28523
v 0.12760 -0.17634 7.33757
v 0.25880 -0.07797 7.41386
v 0.20646 -0.12760 7.36769
v 0.21061 -0.04819 7.33590
v 0.25520 -0.15772 7.54403
v 0.28858 0.00000 7.46205
v 0.28532 -0.07886 7.49529
v 0.28532 -0.07886 7.59277
v 0.28858 0.00000 7.62601
v 0.07886 -0.04874 7.82935
v 0.15772 0.00000 7.79923
v 0.07886 0.04874 7.82935
v -0.17634 -0.20646 7.67163
v -0.12760 -0.17634 7.75049
v -0.20646 -0.12760 7.72037
v -0.12760 -0.17634 7.33757
v -0.17634 -0.20646 7.41643
v -0.20646 -0.12760 7.36769
v 0.15772 0.00000 7.28883
v 0.07886 -0.04874 7.25871
v 0.07886 0.04874 7.25871
v 0.28532 0.07886 7.59277
v 0.28532 0.07886 7.49529
v 0.25520 0.15772 7.54403
v 3.23024 0.25520 2.62815
v 3.54568 0.25520 2.62815
v 3.23024 -0.25520 2.62815
v 3.54568 -0.25520 2.62815
v 3.38796 -0.15772 2.88335
v 3.38796 0.15772 2.88335
v 3.38796 -0.15772 2.37295
v 3.38796 0.15772 2.37295
v 3.64316 0.00000 2.47043
v 3.64316 0.00000 2.78587
v 3.13276 0.00000 2.47043
v 3.13276 0.00000 2.78587
v 3.14525 0.15000 2.72086
v 3.23796 0.09271 2.87086
v 3.29525 0.24271 2.77815
v 3.48067 0.24271 2.77815
v 3.38796 0.30000 2.62815
v 3.48067 0.24271 2.47815
v 3.29525 0.24271 2.47815
v 3.23796 0.09271 2.38544
v 3.14525 0.15000 2.53544
v 3.08796 0.00000 2.62815
v 3.53796 0.09271 2.87086
v 3.63067 0.15000 2.72086
v 3.23796 -0.09271 2.87086
v 3.38796 0.00000 2.92815
v 3.14525 -0.15000 2.53544
v 3.14525 -0.15000 2.72086
v 3.38796 0.00000 2.32815
v 3.23796 -0.09271 2.38544
v 3.63067 0.15000 2.53544
v 3.53796 0.09271 2.38544
v 3.63067 -0.15000 2.72086
v 3.53796 -0.09271 2.87086
v 3.48067 -0.24271 2.77815
v 3.29525 -0.24271 2.77815
v 3.38796 -0.30000 2.62815
v 3.29525 -0.24271 2.47815
v 3.48067 -0.24271 2.47815
v 3.53796 -0.09271 2.38544
v 3.63067 -0.15000 2.53544
v 3.68796 0.00000 2.62815
v 3.17983 0.21061 2.67634
v 3.21162 0.20646 2.75575
v 3.25779 0.25880 2.70612
v 3.17735 0.04819 2.83628
v 3.18150 0.12760 2.80449
v 3.12916 0.07797 2.75832
v 3.33977 0.20813 2.83876
v 3.26036 0.17634 2.83461
v 3.30999 0.13017 2.88695
v 3.33922 0.28532 2.70701
v 3.30598 0.28858 2.62815
v 3.43615 0.20813 2.83876
v 3.38796 0.25520 2.78587
v 3.46994 0.28858 2.62815
v 3.43670 0.28532 2.70701
v 3.51813 0.25880 2.70612
v 3.33922 0.28532 2.54929
v 3.25779 0.25880 2.55018
v 3.51813 0.25880 2.55018
v 3.43670 0.28532 2.54929
v 3.33977 0.20813 2.41754
v 3.38796 0.25520 2.47043
v 3.43615 0.20813 2.41754
v 3.21162 0.20646 2.50055
v 3.17983 0.21061 2.57996
v 3.30999 0.13017 2.36935
v 3.26036 0.17634 2.42169
v 3.12916 0.07797 2.49798
v 3.18150 0.12760 2.45181
v 3.17735 0.04819 2.42002
v 3.13276 0.15772 2.62815
v 3.09938 0.00000 2.54617
v 3.10264 0.07886 2.57941
v 3.10264 0.07886 2.67689
v 3.09938 0.00000 2.71013
v 3.56430 0.20646 2.75575
v 3.59609 0.21061 2.67634
v 3.46593 0.13017 2.88695
v 3.51556 0.17634 2.83461
v 3.64676 0.07797 2.75832
v 3.59442 0.12760 2.80449
v 3.59857 0.04819 2.83628
v 3.30910 0.04874 2.91347
v 3.38796 0.08198 2.91673
v 3.17735 -0.04819 2.83628
v 3.23024 0.00000 2.88335
v 3.38796 -0.08198 2.91673
v 3.30910 -0.04874 2.91347
v 3.30999 -0.13017 2.88695
v 3.10264 -0.07886 2.67689
v 3.12916 -0.07797 2.75832
v 3.12916 -0.07797 2.49798
v 3.10264 -0.07886 2.57941
v 3.17983 -0.21061 2.67634
v 3.13276 -0.15772 2.62815
v 3.17983 -0.21061 2.57996
v 3.23024 0.00000 2.37295
v 3.17735 -0.04819 2.42002
v 3.38796 0.08198 2.33957
v 3.30910 0.04874 2.34283
v 3.30999 -0.13017 2.36935
v 3.30910 -0.04874 2.34283
v 3.38796 -0.08198 2.33957
v 3.51556 0.17634 2.42169
v 3.46593 0.13017 2.36935
v 3.59609 0.21061 2.57996
v 3.56430 0.20646 2.50055
v 3.59857 0.04819 2.42002
v 3.59442 0.12760 2.45181
v 3.64676 0.07797 2.49798
v 3.59609 -0.21061 2.67634
v 3.56430 -0.20646 2.75575
v 3.51813 -0.25880 2.70612
v 3.59857 -0.04819 2.83628
v 3.59442 -0.12760 2.80449
v 3.64676 -0.07797 2.75832
v 3.43615 -0.20813 2.83876
v 3.51556 -0.17634 2.83461
v 3.46593 -0.13017 2.88695
v 3.43670 -0.28532 2.70701
v 3.46994 -0.28858 2.62815
v 3.33977 -0.20813 2.83876
v 3.38796 -0.25520 2.78587
v 3.30598 -0.28858 2.62815
v 3.33922 -0.28532 2.70701
v 3.25779 -0.25880 2.70612
v 3.43670 -0.28532 2.54929
v 3.51813 -0.25880 2.55018
v 3.25779 -0.25880 2.55018
v 3.33922 -0.28532 2.54929
v 3.43615 -0.20813 2.41754
v 3.38796 -0.25520 2.47043
v 3.33977 -0.20813 2.41754
v 3.56430 -0.20646 2.50055
v 3.59609 -0.21061 2.57996
v 3.46593 -0.13017 2.36935
v 3.51556 -0.17634 2.42169
v 3.64676 -0.07797 2.49798
v 3.59442 -0.12760 2.45181
v 3.59857 -0.04819 2.42002
v 3.64316 -0.15772 2.62815
v 3.67654 0.00000 2.54617
v 3.67328 -0.07886 2.57941
v 3.67328 -0.07886 2.67689
v 3.67654 0.00000 2.71013
v 3.46682 -0.04874 2.91347
v 3.54568 0.00000 2.88335
v 3.46682 0.04874 2.91347
v 3.21162 -0.20646 2.75575
v 3.26036 -0.17634 2.83461
v 3.18150 -0.12760 2.80449
v 3.26036 -0.17634 2.42169
v 3.21162 -0.20646 2.50055
v 3.18150 -0.12760 2.45181
v 3.54568 0.00000 2.37295
v 3.46682 -0.04874 2.34283
v 3.46682 0.04874 2.34283
v 3.67328 0.07886 2.67689
v 3.67328 0.07886 2.57941
v 3.64316 0.15772 2.62815
v 1.53626 3.18926 2.62815
v 1.85170 3.18926 2.62815
v 1.53626 2.67886 2.62815
v 1.85170 2.67886 2.62815
v 1.69398 2.77634 2.88335
v 1.69398 3.09178 2.88335
v 1.69398 2.77634 2.37295
v 1.69398 3.09178 2.37295
v 1.94918 2.93406 2.47043
v 1.94918 2.93406 2.78587
v 1.43878 2.93406 2.47043
v 1.43878 2.93406 2.78587
v 1.45127 3.08406 2.72086
v 1.54398 3.02677 2.87086
v 1.60127 3.17677 2.77815
v 1.78669 3.17677 2.77815
v 1.69398 3.23406 2.62815
v 1.78669 3.17677 2.47815
v 1.60127 3.17677 2.47815
v 1.54398 3.02677 2.38544
v 1.45127 3.08406 2.53544
v 1.39398 2.93406 2.62815
v 1.84398 3.02677 2.87086
v 1.93669 3.08406 2.72086
v 1.54398 2.84135 2.87086
v 1.69398 2.93406 2.92815
v 1.45127 2.78406 2.53544
v 1.45127 2.78406 2.72086
v 1.69398 2.93406 2.32815
v 1.54398 2.84135 2.38544
v 1.93669 3.08406 2.53544
v 1.84398 3.02677 2.38544
v 1.93669 2.78406 2.72086
v 1.84398 2.84135 2.87086
v 1.78669 2.69135 2.77815
v 1.60127 2.69135 2.77815
v 1.69398 2.63406 2.62815
v 1.60127 2.69135 2.47815
v 1.78669 2.69135 2.47815
v 1.84398 2.84135 2.38544
v 1.93669 2.78406 2.53544
v 1.99398 2.93406 2.62815
v 1.48585 3.14467 2.67634
v 1.51764 3.14052 2.75575
v 1.56381 3.19286 2.70612
v 1.48337 2.98225 2.83628
v 1.48752 3.06166 2.80449
v 1.43518 3.01203 2.75832
v 1.64579 3.14219 2.83876
v 1.56638 3.11040 2.83461
v 1.61601 3.06423 2.88695
v 1.64524 3.21938 2.70701
v 1.61200 3.22264 2.62815
v 1.74217 3.14219 2.83876
v 1.69398 3.18926 2.78587
v 1.77596 3.22264 2.62815
v 1.74272 3.21938 2.70701
v 1.82415 3.19286 2.70612
v 1.64524 3.21938 2.54929
v 1.56381 3.19286 2.55018
v 1.82415 3.19286 2.55018
v 1.74272 3.21938 2.54929
v 1.64579 3.14219 2.41754
v 1.69398 3.18926 2.47043
v 1.74217 3.14219 2.41754
v 1.51764 3.14052 2.50055
v 1.48585 3.14467 2.57996
v 1.61601 3.06423 2.36935
v 1.56638 3.11040 2.42169
v 1.43518 3.01203 2.49798
v 1.48752 3.06166 2.45181
v 1.48337 2.98225 2.42002
v 1.43878 3.09178 2.62815
v 1.40540 2.93406 2.54617
v 1.40866 3.01292 2.57941
v 1.40866 3.01292 2.67689
v 1.40540 2.93406 2.71013
v 1.87032 3.14052 2.75575
v 1.90211 3.14467 2.67634
v 1.77195 3.06423 2.88695
v 1.82158 3.11040 2.83461
v 1.95278 3.01203 2.75832
v 1.90044 3.06166 2.80449
v 1.90459 2.98225 2.83628
v 1.61512 2.98280 2.91347
v 1.69398 3.01604 2.91673
v 1.48337 2.88587 2.83628
v 1.53626 2.93406 2.88335
v 1.69398 2.85208 2.91673
v 1.61512 2.88532 2.91347
v 1.61601 2.80389 2.88695
v 1.40866 2.85520 2.67689
v 1.43518 2.85609 2.75832
v 1.43518 2.85609 2.49798
v 1.40866 2.85520 2.57941
v 1.48585 2.72345 2.67634
v 1.43878 2.77634 2.62815
v 1.48585 2.72345 2.57996
v 1.53626 2.93406 2.37295
v 1.48337 2.88587 2.42002
v 1.69398 3.01604 2.33957
v 1.61512 2.98280 2.34283
v 1.61601 2.80389 2.36935
v 1.61512 2.88532 2.34283
v 1.69398 2.85208 2.33957
v 1.82158 3.11040 2.42169
v 1.77195 3.06423 2.36935
v 1.90211 3.14467 2.57996
v 1.87032 3.14052 2.50055
v 1.90459 2.98225 2.42002
v 1.90044 3.06166 2.45181
v 1.95278 3.01203 2.49798
v 1.90211 2.72345 2.67634
v 1.87032 2.72760 2.75575
v 1.82415 2.67526 2.70612
v 1.90459 2.88587 2.83628
v 1.90044 2.80646 2.80449
v 1.95278 2.85609 2.75832
v 1.74217 2.72593 2.83876
v 1.82158 2.75772 2.83461
v 1.77195 2.80389 2.88695
v 1.74272 2.64874 2.70701
v 1.77596 2.64548 2.62815
v 1.64579 2.72593 2.83876
v 1.69398 2.67886 2.78587
v 1.61200 2.64548 2.62815
v 1.64524 2.64874 2.70701
v 1.56381 2.67526 2.70612
v 1.74272 2.64874 2.54929
v 1.82415 2.67526 2.55018
v 1.56381 2.67526 2.55018
v 1.64524 2.64874 2.54929
v 1.74217 2.72593 2.41754
v 1.69398 2.67886 2.47043
v 1.64579 2.72593 2.41754
v 1.87032 2.72760 2.50055
v 1.90211 2.72345 2.57996
v 1.77195 2.80389 2.36935
v 1.82158 2.75772 2.42169
v 1.95278 2.85609 2.49798
v 1.90044 2.80646 2.45181
v 1.90459 2.88587 2.42002
v 1.94918 2.77634 2.62815
v 1.98256 2.93406 2.54617
v 1.97930 2.85520 2.57941
v 1.97930 2.85520 2.67689
v 1.98256 2.93406 2.71013
v 1.77284 2.88532 2.91347
v 1.85170 2.93406 2.88335
v 1.77284 2.98280 2.91347
v 1.51764 2.72760 2.75575
v 1.56638 2.75772 2.83461
v 1.48752 2.80646 2.80449
v 1.56638 2.75772 2.42169
v 1.51764 2.72760 2.50055
v 1.48752 2.80646 2.45181
v 1.85170 2.93406 2.37295
v 1.77284 2.88532 2.34283
v 1.77284 2.98280 2.34283
v 1.97930 3.01292 2.67689
v 1.97930 3.01292 2.57941
v 1.94918 3.09178 2.62815
v -1.85170 3.18926 2.62815
v -1.53626 3.18926 2.62815
v -1.85170 2.67886 2.62815
v -1.53626 2.67886 2.62815
v -1.69398 2.77634 2.88335
v -1.69398 3.09178 2.88335
v -1.69398 2.77634 2.37295
v -1.69398 3.09178 2.37295
v -1.43878 2.93406 2.47043
v -1.43878 2.93406 2.78587
v -1.94918 2.93406 2.47043
v -1.94918 2.93406 2.78587
v -1.93669 3.08406 2.72086
v -1.84398 3.02677 2.87086
v -1.78669 3.17677 2.77815
v -1.60127 3.17677 2.77815
v -1.69398 3.23406 2.62815
v -1.60127 3.17677 2.47815
v -1.78669 3.17677 2.47815
v -1.84398 3.02677 2.38544
v -1.93669 3.08406 2.53544
v -1.99398 2.93406 2.62815
v -1.54398 3.02677 2.87086
v -1.45127 3.08406 2.72086
v -1.84398 2.84135 2.87086
v -1.69398 2.93406 2.92815
v -1.93669 2.78406 2.53544
v -1.93669 2.78406 2.72086
v -1.69398 2.93406 2.32815
v -1.84398 2.84135 2.38544
v -1.45127 3.08406 2.53544
v -1.54398 3.02677 2.38544
v -1.45127 2.78406 2.72086
v -1.54398 2.84135 2.87086
v -1.60127 2.69135 2.77815
v -1.78669 2.69135 2.77815
v -1.69398 2.63406 2.62815
v -1.78669 2.69135 2.47815
v -1.60127 2.69135 2.47815
v -1.54398 2.84135 2.38544
v -1.45127 2.78406 2.53544
v -1.39398 2.93406 2.62815
v -1.90211 3.14467 2.67634
v -1.87032 3.14052 2.75575
v -1.82415 3.19286 2.70612
v -1.90459 2.98225 2.83628
v -1.90044 3.06166 2.80449
v -1.95278 3.01203 2.75832
v -1.74217 3.14219 2.83876
v -1.82158 3.11040 2.83461
v -1.77195 3.06423 2.88695
v -1.74272 3.21938 2.70701
v -1.77596 3.22264 2.62815
v -1.64579 3.14219 2.83876
v -1.69398 3.18926 2.78587
v -1.61200 3.22264 2.62815
v -1.64524 3.21938 2.70701
v -1.56381 3.19286 2.70612
v -1.74272 3.21938 2.54929
v -1.82415 3.19286 2.55018
v -1.56381 3.19286 2.55018
v -1.64524 3.21938 2.54929
v -1.74217 3.14219 2.41754
v -1.69398 3.18926 2.47043
v -1.64579 3.14219 2.41754
v -1.87032 3.14052 2.50055
v -1.90211 3.14467 2.57996
v -1.77195 3.06423 2.36935
v -1.82158 3.11040 2.42169
v -1.95278 3.01203 2.49798
v -1.90044 3.06166 2.45181
v -1.90459 2.98225 2.42002
v -1.94918 3.09178 2.62815
v -1.98256 2.93406 2.54617
v -1.97930 3.01292 2.57941
v -1.97930 3.01292 2.67689
v -1.98256 2.93406 2.71013
v -1.51764 3.14052 2.75575
v -1.48585 3.14467 2.67634
v -1.61601 3.06423 2.88695
v -1.56638 3.11040 2.83461
v -1.43518 3.01203 2.75832
v -1.48752 3.06166 2.80449
v -1.48337 2.98225 2.83628
v -1.77284 2.98280 2.91347
v -1.69398 3.01604 2.91673
v -1.90459 2.88587 2.83628
v -1.85170 2.93406 2.88335
v -1.69398 2.85208 2.91673
v -1.77284 2.88532 2.91347
v -1.77195 2.80389 2.88695
v -1.97930 2.85520 2.67689
v -1.95278 2.85609 2.75832
v -1.95278 2.85609 2.49798
v -1.97930 2.85520 2.57941
v -1.90211 2.72345 2.67634
v -1.94918 2.77634 2.62815
v -1.90211 2.72345 2.57996
v -1.85170 2.93406 2.37295
v -1.90459 2.88587 2.42002
v -1.69398 3.01604 2.33957
v -1.77284 2.98280 2.34283
v -1.77195 2.80389 2.36935
v -1.77284 2.88532 2.34283
v -1.69398 2.85208 2.33957
v -1.56638 3.11040 2.42169
v -1.61601 3.06423 2.36935
v -1.48585 3.14467 2.57996
v -1.51764 3.14052 2.50055
v -1.48337 2.98225 2.42002
v -1.48752 3.06166 2.45181
v -1.43518 3.01203 2.49798
v -1.48585 2.72345 2.67634
v -1.51764 2.72760 2.75575
v -1.56381 2.67526 2.70612
v -1.48337 2.88587 2.83628
v -1.48752 2.80646 2.80449
v -1.43518 2.85609 2.75832
v -1.64579 2.72593 2.83876
v -1.56638 2.75772 2.83461
v -1.61601 2.80389 2.88695
v -1.64524 2.64874 2.70701
v -1.61200 2.64548 2.62815
v -1.74217 2.72593 2.83876
v -1.69398 2.67886 2.78587
v -1.77596 2.64548 2.62815
v -1.74272 2.64874 2.70701
v -1.82415 2.67526 2.70612
v -1.64524 2.64874 2.54929
v -1.56381 2.67526 2.55018
v -1.82415 2.67526 2.55018
v -1.74272 2.64874 2.54929
v -1.64579 2.72593 2.41754
v -1.69398 2.67886 2.47043
v -1.74217 2.72593 2.41754
v -1.51764 2.72760 2.50055
v -1.48585 2.72345 2.57996
v -1.61601 2.80389 2.36935
v -1.56638 2.75772 2.42169
v -1.43518 2.85609 2.49798
v -1.48752 2.80646 2.45181
v -1.48337 2.88587 2.42002
v -1.43878 2.77634 2.62815
v -1.40540 2.93406 2.54617
v -1.40866 2.85520 2.57941
v -1.40866 2.85520 2.67689
v -1.40540 2.93406 2.71013
v -1.61512 2.88532 2.91347
v -1.53626 2.93406 2.88335
v -1.61512 2.98280 2.91347
v -1.87032 2.72760 2.75575
v -1.82158 2.75772 2.83461
v -1.90044 2.80646 2.80449
v -1.82158 2.75772 2.42169
v -1.87032 2.72760 2.50055
v -1.90044 2.80646 2.45181
v -1.53626 2.93406 2.37295
v -1.61512 2.88532 2.34283
v -1.61512 2.98280 2.34283
v -1.40866 3.01292 2.67689
v -1.40866 3.01292 2.57941
v -1.43878 3.09178 2.62815
v -3.54568 0.25520 2.62815
v -3.23024 0.25520 2.62815
v -3.54568 -0.25520 2.62815
v -3.23024 -0.25520 2.62815
v -3.38796 -0.15772 2.88335
v -3.38796 0.15772 2.88335
v -3.38796 -0.15772 2.37295
v -3.38796 0.15772 2.37295
v -3.13276 0.00000 2.47043
v -3.13276 0.00000 2.78587
v -3.64316 0.00000 2.47043
v -3.64316 0.00000 2.78587
v -3.63067 0.15000 2.72086
v -3.53796 0.09271 2.87086
v -3.48067 0.24271 2.77815
v -3.29525 0.24271 2.77815
v -3.38796 0.30000 2.62815
v -3.29525 0.24271 2.47815
v -3.48067 0.24271 2.47815
v -3.53796 0.09271 2.38544
v -3.63067 0.15000 2.53544
v -3.68796 0.00000 2.62815
v -3.23796 0.09271 2.87086
v -3.14525 0.15000 2.72086
v -3.53796 -0.09271 2.87086
v -3.38796 0.00000 2.92815
v -3.63067 -0.15000 2.53544
v -3.63067 -0.15000 2.72086
v -3.38796 0.00000 2.32815
v -3.53796 -0.09271 2.38544
v -3.14525 0.15000 2.53544
v -3.23796 0.09271 2.38544
v -3.14525 -0.15000 2.72086
v -3.23796 -0.09271 2.87086
v -3.29525 -0.24271 2.77815
v -3.48067 -0.24271 2.77815
v -3.38796 -0.30000 2.62815
v -3.48067 -0.24271 2.47815
v -3.29525 -0.24271 2.47815
v -3.23796 -0.09271 2.38544
v -3.14525 -0.15000 2.53544
v -3.08796 0.00000 2.62815
v -3.59609 0.21061 2.67634
v -3.56430 0.20646 2.75575
v -3.51813 0.25880 2.70612
v -3.59857 0.04819 2.83628
v -3.59442 0.12760 2.80449
v -3.64676 0.07797 2.75832
v -3.43615 0.20813 2.83876
v -3.51556 0.17634 2.83461
v -3.46593 0.13017 2.88695
v -3.43670 0.28532 2.70701
v -3.46994 0.28858 2.62815
v -3.33977 0.20813 2.83876
v -3.38796 0.25520 2.78587
v -3.30598 0.28858 2.62815
v -3.33922 0.28532 2.70701
v -3.25779 0.25880 2.70612
v -3.43670 0.28532 2.54929
v -3.51813 0.25880 2.55018
v -3.25779 0.25880 2.55018
v -3.33922 0.28532 2.54929
v -3.43615 0.20813 2.41754
v -3.38796 0.25520 2.47043
v -3.33977 0.20813 2.41754
v -3.56430 0.20646 2.50055
v -3.59609 0.21061 2.57996
v -3.46593 0.13017 2.36935
v -3.51556 0.17634 2.42169
v -3.64676 0.07797 2.49798
v -3.59442 0.12760 2.45181
v -3.59857 0.04819 2.42002
v -3.64316 0.15772 2.62815
v -3.67654 0.00000 2.54617
v -3.67328 0.07886 2.57941
v -3.67328 0.07886 2.67689
v -3.67654 0.00000 2.71013
v -3.21162 0.20646 2.75575
v -3.17983 0.21061 2.67634
v -3.30999 0.13017 2.88695
v -3.26036 0.17634 2.83461
v -3.12916 0.07797 2.75832
v -3.18150 0.12760 2.80449
v -3.17735 0.04819 2.83628
v -3.46682 0.04874 2.91347
v -3.38796 0.08198 2.91673
v -3.59857 -0.04819 2.83628
v -3.54568 0.00000 2.88335
v -3.38796 -0.08198 2.91673
v -3.46682 -0.04874 2.91347
v -3.46593 -0.13017 2.88695
v -3.67328 -0.07886 2.67689
v -3.64676 -0.07797 2.75832
v -3.64676 -0.07797 2.49798
v -3.67328 -0.07886 2.57941
v -3.59609 -0.21061 2.67634
v -3.64316 -0.15772 2.62815
v -3.59609 -0.21061 2.57996
v -3.54568 0.00000 2.37295
v -3.59857 -0.04819 2.42002
v -3.38796 0.08198 2.33957
v -3.46682 0.04874 2.34283
v -3.46593 -0.13017 2.36935
v -3.46682 -0.04874 2.34283
v -3.38796 -0.08198 2.33957
v -3.26036 0.17634 2.42169
v -3.30999 0.13017 2.36935
v -3.17983 0.21061 2.57996
v -3.21162 0.20646 2.50055
v -3.17735 0.04819 2.42002
v -3.18150 0.12760 2.45181
v -3.12916 0.07797 2.49798
v -3.17983 -0.21061 2.67634
v -3.21162 -0.20646 2.75575
v -3.25779 -0.25880 2.70612
v -3.17735 -0.04819 2.83628
v -3.18150 -0.12760 2.80449
v -3.12916 -0.07797 2.75832
v -3.33977 -0.20813 2.83876
v -3.26036 -0.17634 2.83461
v -3.30999 -0.13017 2.88695
v -3.33922 -0.28532 2.70701
v -3.30598 -0.28858 2.62815
v -3.43615 -0.20813 2.83876
v -3.38796 -0.25520 2.78587
v -3.46994 -0.28858 2.62815
v -3.43670 -0.28532 2.70701
v -3.51813 -0.25880 2.70612
v -3.33922 -0.28532 2.54929
v -3.25779 -0.25880 2.55018
v -3.51813 -0.25880 2.55018
v -3.43670 -0.28532 2.54929
v -3.33977 -0.20813 2.41754
v -3.38796 -0.25520 2.47043
v -3.43615 -0.20813 2.41754
v -3.21162 -0.20646 2.50055
v -3.17983 -0.21061 2.57996
v -3.30999 -0.13017 2.36935
v -3.26036 -0.17634 2.42169
v -3.12916 -0.07797 2.49798
v -3.18150 -0.12760 2.45181
v -3.17735 -0.04819 2.42002
v -3.13276 -0.15772 2.62815
v -3.09938 0.00000 2.54617
v -3.10264 -0.07886 2.57941
v -3.10264 -0.07886 2.67689
v -3.09938 0.00000 2.71013
v -3.30910 -0.04874 2.91347
v -3.23024 0.00000 2.88335
v -3.30910 0.04874 2.91347
v -3.56430 -0.20646 2.75575
v -3.51556 -0.17634 2.83461
v -3.59442 -0.12760 2.80449
v -3.51556 -0.17634 2.42169
v -3.56430 -0.20646 2.50055
v -3.59442 -0.12760 2.45181
v -3.23024 0.00000 2.37295
v -3.30910 -0.04874 2.34283
v -3.30910 0.04874 2.34283
v -3.10264 0.07886 2.67689
v -3.10264 0.07886 2.57941
v -3.13276 0.15772 2.62815
v -1.85170 -2.67886 2.62815
v -1.53626 -2.67886 2.62815
v -1.85170 -3.18926 2.62815
v -1.53626 -3.18926 2.62815
v -1.69398 -3.09178 2.88335
v -1.69398 -2.77634 2.88335
v -1.69398 -3.09178 2.37295
v -1.69398 -2.77634 2.37295
v -1.43878 -2.93406 2.47043
v -1.43878 -2.93406 2.78587
v -1.94918 -2.93406 2.47043
v -1.94918 -2.93406 2.78587
v -1.93669 -2.78406 2.72086
v -1.84398 -2.84135 2.87086
v -1.78669 -2.69135 2.77815
v -1.60127 -2.69135 2.77815
v -1.69398 -2.63406 2.62815
v -1.60127 -2.69135 2.47815
v -1.78669 -2.69135 2.47815
v -1.84398 -2.84135 2.38544
v -1.93669 -2.78406 2.53544
v -1.99398 -2.93406 2.62815
v -1.54398 -2.84135 2.87086
v -1.45127 -2.78406 2.72086
v -1.84398 -3.02677 2.87086
v -1.69398 -2.93406 2.92815
v -1.93669 -3.08406 2.53544
v -1.93669 -3.08406 2.72086
v -1.69398 -2.93406 2.32815
v -1.84398 -3.02677 2.38544
v -1.45127 -2.78406 2.53544
v -1.54398 -2.84135 2.38544
v -1.45127 -3.08406 2.72086
v -1.54398 -3.02677 2.87086
v -1.60127 -3.17677 2.77815
v -1.78669 -3.17677 2.77815
v -1.69398 -3.23406 2.62815
v -1.78669 -3.17677 2.47815
v -1.60127 -3.17677 2.47815
v -1.54398 -3.02677 2.38544
v -1.45127 -3.08406 2.53544
v -1.39398 -2.93406 2.62815
v -1.90211 -2.72345 2.67634
v -1.87032 -2.72760 2.75575
v -1.82415 -2.67526 2.70612
v -1.90459 -2.88587 2.83628
v -1.90044 -2.80646 2.80449
v -1.95278 -2.85609 2.75832
v -1.74217 -2.72593 2.83876
v -1.82158 -2.75772 2.83461
v -1.77195 -2.80389 2.88695
v -1.74272 -2.64874 2.70701
v -1.77596 -2.64548 2.62815
v -1.64579 -2.72593 2.83876
v -1.69398 -2.67886 2.78587
v -1.61200 -2.64548 2.62815
v -1.64524 -2.64874 2.70701
v -1.56381 -2.67526 2.70612
v -1.74272 -2.64874 2.54929
v -1.82415 -2.67526 2.55018
v -1.56381 -2.67526 2.55018
v -1.64524 -2.64874 2.54929
v -1.74217 -2.72593 2.41754
v -1.69398 -2.67886 2.47043
v -1.64579 -2.72593 2.41754
v -1.87032 -2.72760 2.50055
v -1.90211 -2.72345 2.57996
v -1.77195 -2.80389 2.36935
v -1.82158 -2.75772 2.42169
v -1.95278 -2.85609 2.49798
v -1.90044 -2.80646 2.45181
v -1.90459 -2.88587 2.42002
v -1.94918 -2.77634 2.62815
v -1.98256 -2.93406 2.54617
v -1.97930 -2.85520 2.57941
v -1.97930 -2.85520 2.67689
v -1.98256 -2.93406 2.71013
v -1.51764 -2.72760 2.75575
v -1.48585 -2.72345 2.67634
v -1.61601 -2.80389 2.88695
v -1.56638 -2.75772 2.83461
v -1.43518 -2.85609 2.75832
v -1.48752 -2.80646 2.80449
v -1.48337 -2.88587 2.83628
v -1.77284 -2.88532 2.91347
v -1.69398 -2.85208 2.91673
v -1.90459 -2.98225 2.83628
v -1.85170 -2.93406 2.88335
v -1.69398 -3.01604 2.91673
v -1.77284 -2.98280 2.91347
v -1.77195 -3.06423 2.88695
v -1.97930 -3.01292 2.67689
v -1.95278 -3.01203 2.75832
v -1.95278 -3.01203 2.49798
v -1.97930 -3.01292 2.57941
v -1.90211 -3.14467 2.67634
v -1.94918 -3.09178 2.62815
v -1.90211 -3.14467 2.57996
v -1.85170 -2.93406 2.37295
v -1.90459 -2.98225 2.42002
v -1.69398 -2.85208 2.33957
v -1.77284 -2.88532 2.34283
v -1.77195 -3.06423 2.36935
v -1.77284 -2.98280 2.34283
v -1.69398 -3.01604 2.33957
v -1.56638 -2.75772 2.42169
v -1.61601 -2.80389 2.36935
v -1.48585 -2.72345 2.57996
v -1.51764 -2.72760 2.50055
v -1.48337 -2.88587 2.42002
v -1.48752 -2.80646 2.45181
v -1.43518 -2.85609 2.49798
v -1.48585 -3.14467 2.67634
v -1.51764 -3.14052 2.75575
v -1.56381 -3.19286 2.70612
v -1.48337 -2.98225 2.83628
v -1.48752 -3.06166 2.80449
v -1.43518 -3.01203 2.75832
v -1.64579 -3.14219 2.83876
v -1.56638 -3.11040 2.83461
v -1.61601 -3.06423 2.88695
v -1.64524 -3.21938 2.70701
v -1.61200 -3.22264 2.62815
v -1.74217 -3.14219 2.83876
v -1.69398 -3.18926 2.78587
v -1.77596 -3.22264 2.62815
v -1.74272 -3.21938 2.70701
v -1.82415 -3.19286 2.70612
v -1.64524 -3.21938 2.54929
v -1.56381 -3.19286 2.55018
v -1.82415 -3.19286 2.55018
v -1.74272 -3.21938 2.54929
v -1.64579 -3.14219 2.41754
v -1.69398 -3.18926 2.47043
v -1.74217 -3.14219 2.41754
v -1.51764 -3.14052 2.50055
v -1.48585 -3.14467 2.57996
v -1.61601 -3.06423 2.36935
v -1.56638 -3.11040 2.42169
v -1.43518 -3.01203 2.49798
v -1.48752 -3.06166 2.45181
v -1.48337 -2.98225 2.42002
v -1.43878 -3.09178 2.62815
v -1.40540 -2.93406 2.54617
v -1.40866 -3.01292 2.57941
v -1.40866 -3.01292 2.67689
v -1.40540 -2.93406 2.71013
v -1.61512 -2.98280 2.91347
v -1.53626 -2.93406 2.88335
v -1.61512 -2.88532 2.91347
v -1.87032 -3.14052 2.75575
v -1.82158 -3.11040 2.83461
v -1.90044 -3.06166 2.80449
v -1.82158 -3.11040 2.42169
v -1.87032 -3.14052 2.50055
v -1.90044 -3.06166 2.45181
v -1.53626 -2.93406 2.37295
v -1.61512 -2.98280 2.34283
v -1.61512 -2.88532 2.34283
v -1.40866 -2.85520 2.67689
v -1.40866 -2.85520 2.57941
v -1.43878 -2.77634 2.62815
v 1.53626 -2.67886 2.62815
v 1.85170 -2.67886 2.62815
v 1.53626 -3.18926 2.62815
v 1.85170 -3.18926 2.62815
v 1.69398 -3.09178 2.88335
v 1.69398 -2.77634 2.88335
v 1.69398 -3.09178 2.37295
v 1.69398 -2.77634 2.37295
v 1.94918 -2.93406 2.47043
v 1.94918 -2.93406 2.78587
v 1.43878 -2.93406 2.47043
v 1.43878 -2.93406 2.78587
v 1.45127 -2.78406 2.72086
v 1.54398 -2.84135 2.87086
v 1.60127 -2.69135 2.77815
v 1.78669 -2.69135 2.77815
v 1.69398 -2.63406 2.62815
v 1.78669 -2.69135 2.47815
v 1.60127 -2.69135 2.47815
v 1.54398 -2.84135 2.38544
v 1.45127 -2.78406 2.53544
v 1.39398 -2.93406 2.62815
v 1.84398 -2.84135 2.87086
v 1.93669 -2.78406 2.72086
v 1.54398 -3.02677 2.87086
v 1.69398 -2.93406 2.92815
v 1.45127 -3.08406 2.53544
v 1.45127 -3.08406 2.72086
v 1.69398 -2.93406 2.32815
v 1.54398 -3.02677 2.38544
v 1.93669 -2.78406 2.53544
v 1.84398 -2.84135 2.38544
v 1.93669 -3.08406 2.72086
v 1.84398 -3.02677 2.87086
v 1.78669 -3.17677 2.77815
v 1.60127 -3.17677 2.77815
v 1.69398 -3.23406 2.62815
v 1.60127 -3.17677 2.47815
v 1.78669 -3.17677 2.47815
v 1.84398 -3.02677 2.38544
v 1.93669 -3.08406 2.53544
v 1.99398 -2.93406 2.62815
v 1.48585 -2.72345 2.67634
v 1.51764 -2.72760 2.75575
v 1.56381 -2.67526 2.70612
v 1.48337 -2.88587 2.83628
v 1.48752 -2.80646 2.80449
v 1.43518 -2.85609 2.75832
v 1.64579 -2.72593 2.83876
v 1.56638 -2.75772 2.83461
v 1.61601 -2.80389 2.88695
v 1.64524 -2.64874 2.70701
v 1.61200 -2.64548 2.62815
v 1.74217 -2.72593 2.83876
v 1.69398 -2.67886 2.78587
v 1.77596 -2.64548 2.62815
v 1.74272 -2.64874 2.70701
v 1.82415 -2.67526 2.70612
v 1.64524 -2.64874 2.54929
v 1.56381 -2.67526 2.55018
v 1.82415 -2.67526 2.55018
v 1.74272 -2.64874 2.54929
v 1.64579 -2.72593 2.41754
v 1.69398 -2.67886 2.47043
v 1.74217 -2.72593 2.41754
v 1.51764 -2.72760 2.50055
v 1.48585 -2.72345 2.57996
v 1.61601 -2.80389 2.36935
v 1.56638 -2.75772 2.42169
v 1.43518 -2.85609 2.49798
v 1.48752 -2.80646 2.45181
v 1.48337 -2.88587 2.42002
v 1.43878 -2.77634 2.62815
v 1.40540 -2.93406 2.54617
v 1.40866 -2.85520 2.57941
v 1.40866 -2.85520 2.67689
v 1.40540 -2.93406 2.71013
v 1.87032 -2.72760 2.75575
v 1.90211 -2.72345 2.67634
v 1.77195 -2.80389 2.88695
v 1.82158 -2.75772 2.83461
v 1.95278 -2.85609 2.75832
v 1.90044 -2.80646 2.80449
v 1.90459 -2.88587 2.83628
v 1.61512 -2.88532 2.91347
v 1.69398 -2.85208 2.91673
v 1.48337 -2.98225 2.83628
v 1.53626 -2.93406 2.88335
v 1.69398 -3.01604 2.91673
v 1.61512 -2.98280 2.91347
v 1.61601 -3.06423 2.88695
v 1.40866 -3.01292 2.67689
v 1.43518 -3.01203 2.75832
v 1.43518 -3.01203 2.49798
v 1.40866 -3.01292 2.57941
v 1.48585 -3.14467 2.67634
v 1.43878 -3.09178 2.62815
v 1.48585 -3.14467 2.57996
v 1.53626 -2.93406 2.37295
v 1.48337 -2.98225 2.42002
v 1.69398 -2.85208 2.33957
v 1.61512 -2.88532 2.34283
v 1.61601 -3.06423 2.36935
v 1.61512 -2.98280 2.34283
v 1.69398 -3.01604 2.33957
v 1.82158 -2.75772 2.42169
v 1.77195 -2.80389 2.36935
v 1.90211 -2.72345 2.57996
v 1.87032 -2.72760 2.50055
v 1.90459 -2.88587 2.42002
v 1.90044 -2.80646 2.45181
v 1.95278 -2.85609 2.49798
v 1.90211 -3.14467 2.67634
v 1.87032 -3.14052 2.75575
v 1.82415 -3.19286 2.70612
v 1.90459 -2.98225 2.83628
v 1.90044 -3.06166 2.80449
v 1.95278 -3.01203 2.75832
v 1.74217 -3.14219 2.83876
v 1.82158 -3.11040 2.83461
v 1.77195 -3.06423 2.88695
v 1.74272 -3.21938 2.70701
v 1.77596 -3.22264 2.62815
v 1.64579 -3.14219 2.83876
v 1.69398 -3.18926 2.78587
v 1.61200 -3.22264 2.62815
v 1.64524 -3.21938 2.70701
v 1.56381 -3.19286 2.70612
v 1.74272 -3.21938 2.54929
v 1.82415 -3.19286 2.55018
v 1.56381 -3.19286 2.55018
v 1.64524 -3.21938 2.54929
v 1.74217 -3.14219 2.41754
v 1.69398 -3.18926 2.47043
v 1.64579 -3.14219 2.41754
v 1.87032 -3.14052 2.50055
v 1.90211 -3.14467 2.57996
v 1.77195 -3.06423 2.36935
v 1.82158 -3.11040 2.42169
v 1.95278 -3.01203 2.49798
v 1.90044 -3.06166 2.45181
v 1.90459 -2.98225 2.42002
v 1.94918 -3.09178 2.62815
v 1.98256 -2.93406 2.54617
v 1.97930 -3.01292 2.57941
v 1.97930 -3.01292 2.67689
v 1.98256 -2.93406 2.71013
v 1.77284 -2.98280 2.91347
v 1.85170 -2.93406 2.88335
v 1.77284 -2.88532 2.91347
v 1.51764 -3.14052 2.75575
v 1.56638 -3.11040 2.83461
v 1.48752 -3.06166 2.80449
v 1.56638 -3.11040 2.42169
v 1.51764 -3.14052 2.50055
v 1.48752 -3.06166 2.45181
v 1.85170 -2.93406 2.37295
v 1.77284 -2.98280 2.34283
v 1.77284 -2.88532 2.34283
v 1.97930 -2.85520 2.67689
v 1.97930 -2.85520 2.57941
v 1.94918 -2.77634 2.62815
v 3.08415 0.25520 0.26181
v 3.39959 0.25520 0.26181
v 3.08415 -0.25520 0.26181
v 3.39959 -0.25520 0.26181
v 3.24187 -0.15772 0.51701
v 3.24187 0.15772 0.51701
v 3.24187 -0.15772 0.00661
v 3.24187 0.15772 0.00661
v 3.49707 0.00000 0.10409
v 3.49707 0.00000 0.41953
v 2.98667 0.00000 0.10409
v 2.98667 0.00000 0.41953
v 2.99916 0.15000 0.35452
v 3.09187 0.09271 0.50452
v 3.14916 0.24271 0.41181
v 3.33458 0.24271 0.41181
v 3.24187 0.30000 0.26181
v 3.33458 0.24271 0.11181
v 3.14916 0.24271 0.11181
v 3.09187 0.09271 0.01910
v 2.99916 0.15000 0.16910
v 2.94187 0.00000 0.26181
v 3.39187 0.09271 0.50452
v 3.48458 0.15000 0.35452
v 3.09187 -0.09271 0.50452
v 3.24187 0.00000 0.56181
v 2.99916 -0.15000 0.16910
v 2.99916 -0.15000 0.35452
v 3.24187 0.00000 -0.03819
v 3.09187 -0.09271 0.01910
v 3.48458 0.15000 0.16910
v 3.39187 0.09271 0.01910
v 3.48458 -0.15000 0.35452
v 3.39187 -0.09271 0.50452
v 3.33458 -0.24271 0.41181
v 3.14916 -0.24271 0.41181
v 3.24187 -0.30000 0.26181
v 3.14916 -0.24271 0.11181
v 3.33458 -0.24271 0.11181
v 3.39187 -0.09271 0.01910
v 3.48458 -0.15000 0.16910
v 3.54187 0.00000 0.26181
v 3.03374 0.21061 0.31000
v 3.06553 0.20646 0.38941
v 3.11170 0.25880 0.33978
v 3.03126 0.04819 0.46994
v 3.03541 0.12760 0.43815
v 2.98307 0.07797 0.39198
v 3.19368 0.20813 0.47242
v 3.11427 0.17634 0.46827
v 3.16390 0.13017 0.52061
v 3.19313 0.28532 0.34067
v 3.15989 0.28858 0.26181
v 3.29006 0.20813 0.47242
v 3.24187 0.25520 0.41953
v 3.32385 0.28858 0.26181
v 3.29061 0.28532 0.34067
v 3.37204 0.25880 0.33978
v 3.19313 0.28532 0.18295
v 3.11170 0.25880 0.18384
v 3.37204 0.25880 0.18384
v 3.29061 0.28532 0.18295
v 3.19368 0.20813 0.05120
v 3.24187 0.25520 0.10409
v 3.29006 0.20813 0.05120
v 3.06553 0.20646 0.13421
v 3.03374 0.21061 0.21362
v 3.16390 0.13017 0.00301
v 3.11427 0.17634 0.05535
v 2.98307 0.07797 0.13164
v 3.03541 0.12760 0.08547
v 3.03126 0.04819 0.05368
v 2.98667 0.15772 0.26181
v 2.95329 0.00000 0.17983
v 2.95655 0.07886 0.21307
v 2.95655 0.07886 0.31055
v 2.95329 0.00000 0.34379
v 3.41821 0.20646 0.38941
v 3.45000 0.21061 0.31000
v 3.31984 0.13017 0.52061
v 3.36947 0.17634 0.46827
v 3.50067 0.07797 0.39198
v 3.44833 0.12760 0.43815
v 3.45248 0.04819 0.46994
v 3.16301 0.04874 0.54713
v 3.24187 0.08198 0.55039
v 3.03126 -0.04819 0.46994
v 3.08415 0.00000 0.51701
v 3.24187 -0.08198 0.55039
v 3.16301 -0.04874 0.54713
v 3.16390 -0.13017 0.52061
v 2.95655 -0.07886 0.31055
v 2.98307 -0.07797 0.39198
v 2.98307 -0.07797 0.13164
v 2.95655 -0.07886 0.21307
v 3.03374 -0.21061 0.31000
v 2.98667 -0.15772 0.26181
v 3.03374 -0.21061 0.21362
v 3.08415 0.00000 0.00661
v 3.03126 -0.04819 0.05368
v 3.24187 0.08198 -0.02677
v 3.16301 0.04874 -0.02351
v 3.16390 -0.13017 0.00301
v 3.16301 -0.04874 -0.02351
v 3.24187 -0.08198 -0.02677
v 3.36947 0.17634 0.05535
v 3.31984 0.13017 0.00301
v 3.45000 0.21061 0.21362
v 3.41821 0.20646 0.13421
v 3.45248 0.04819 0.05368
v 3.44833 0.12760 0.08547
v 3.50067 0.07797 0.13164
v 3.45000 -0.21061 0.31000
v 3.41821 -0.20646 0.38941
v 3.37204 -0.25880 0.33978
v 3.45248 -0.04819 0.46994
v 3.44833 -0.12760 0.43815
v 3.50067 -0.07797 0.39198
v 3.29006 -0.20813 0.47242
v 3.36947 -0.17634 0.46827
v 3.31984 -0.13017 0.52061
v 3.29061 -0.28532 0.34067
v 3.32385 -0.28858 0.26181
v 3.19368 -0.20813 0.47242
v 3.24187 -0.25520 0.41953
v 3.15989 -0.28858 0.26181
v 3.19313 -0.28532 0.34067
v 3.11170 -0.25880 0.33978
v 3.29061 -0.28532 0.18295
v 3.37204 -0.25880 0.18384
v 3.11170 -0.25880 0.18384
v 3.19313 -0.28532 0.18295
v 3.29006 -0.20813 0.05120
v 3.24187 -0.25520 0.10409
v 3.19368 -0.20813 0.05120
v 3.41821 -0.20646 0.13421
v 3.45000 -0.21061 0.21362
v 3.31984 -0.13017 0.00301
v 3.36947 -0.17634 0.05535
v 3.50067 -0.07797 0.13164
v 3.44833 -0.12760 0.08547
v 3.45248 -0.04819 0.05368
v 3.49707 -0.15772 0.26181
v 3.53045 0.00000 0.17983
v 3.52719 -0.07886 0.21307
v 3.52719 -0.07886 0.31055
v 3.53045 0.00000 0.34379
v 3.32073 -0.04874 0.54713
v 3.39959 0.00000 0.51701
v 3.32073 0.04874 0.54713
v 3.06553 -0.20646 0.38941
v 3.11427 -0.17634 0.46827
v 3.03541 -0.12760 0.43815
v 3.11427 -0.17634 0.05535
v 3.06553 -0.20646 0.13421
v 3.03541 -0.12760 0.08547
v 3.39959 0.00000 0.00661
v 3.32073 -0.04874 -0.02351
v 3.32073 0.04874 -0.02351
v 3.52719 0.07886 0.31055
v 3.52719 0.07886 0.21307
v 3.49707 0.15772 0.26181
v 1.46321 3.06274 0.26181
v 1.77865 3.06274 0.26181
v 1.46321 2.55234 0.26181
v 1.77865 2.55234 0.26181
v 1.62093 2.64982 0.51701
v 1.62093 2.96526 0.51701
v 1.62093 2.64982 0.00661
v 1.62093 2.96526 0.00661
v 1.87613 2.80754 0.10409
v 1.87613 2.80754 0.41953
v 1.36573 2.80754 0.10409
v 1.36573 2.80754 0.41953
v 1.37822 2.95754 0.35452
v 1.47093 2.90025 0.50452
v 1.52822 3.05025 0.41181
v 1.71364 3.05025 0.41181
v 1.62093 3.10754 0.26181
v 1.71364 3.05025 0.11181
v 1.52822 3.05025 0.11181
v 1.47093 2.90025 0.01910
v 1.37822 2.95754 0.16910
v 1.32093 2.80754 0.26181
v 1.77093 2.90025 0.50452
v 1.86364 2.95754 0.35452
v 1.47093 2.71483 0.50452
v 1.62093 2.80754 0.56181
v 1.37822 2.65754 0.16910
v 1.37822 2.65754 0.35452
v 1.62093 2.80754 -0.03819
v 1.47093 2.71483 0.01910
v 1.86364 2.95754 0.16910
v 1.77093 2.90025 0.01910
v 1.86364 2.65754 0.35452
v 1.77093 2.71483 0.50452
v 1.71364 2.56483 0.41181
v 1.52822 2.56483 0.41181
v 1.62093 2.50754 0.26181
v 1.52822 2.56483 0.11181
v 1.71364 2.56483 0.11181
v 1.77093 2.71483 0.01910
v 1.86364 2.65754 0.16910
v 1.92093 2.80754 0.26181
v 1.41280 3.01815 0.31000
v 1.44459 3.01400 0.38941
v 1.49076 3.06634 0.33978
v 1.41032 2.85573 0.46994
v 1.41447 2.93514 0.43815
v 1.36213 2.88551 0.39198
v 1.57274 3.01567 0.47242
v 1.49333 2.98388 0.46827
v 1.54296 2.93771 0.52061
v 1.57219 3.09286 0.34067
v 1.53895 3.09612 0.26181
v 1.66912 3.01567 0.47242
v 1.62093 3.06274 0.41953
v 1.70291 3.09612 0.26181
v 1.66967 3.09286 0.34067
v 1.75110 3.06634 0.33978
v 1.57219 3.09286 0.18295
v 1.49076 3.06634 0.18384
v 1.75110 3.06634 0.18384
v 1.66967 3.09286 0.18295
v 1.57274 3.01567 0.05120
v 1.62093 3.06274 0.10409
v 1.66912 3.01567 0.05120
v 1.44459 3.01400 0.13421
v 1.41280 3.01815 0.21362
v 1.54296 2.93771 0.00301
v 1.49333 2.98388 0.05535
v 1.36213 2.88551 0.13164
v 1.41447 2.93514 0.08547
v 1.41032 2.85573 0.05368
v 1.36573 2.96526 0.26181
v 1.33235 2.80754 0.17983
v 1.33561 2.88640 0.21307
v 1.33561 2.88640 0.31055
v 1.33235 2.80754 0.34379
v 1.79727 3.01400 0.38941
v 1.82906 3.01815 0.31000
v 1.69890 2.93771 0.52061
v 1.74853 2.98388 0.46827
v 1.87973 2.88551 0.39198
v 1.82739 2.93514 0.43815
v 1.83154 2.85573 0.46994
v 1.54207 2.85628 0.54713
v 1.62093 2.88952 0.55039
v 1.41032 2.75935 0.46994
v 1.46321 2.80754 0.51701
v 1.62093 2.72556 0.55039
v 1.54207 2.75880 0.54713
v 1.54296 2.67737 0.52061
v 1.33561 2.72868 0.31055
v 1.36213 2.72957 0.39198
v 1.36213 2.72957 0.13164
v 1.33561 2.72868 0.21307
v 1.41280 2.59693 0.31000
v 1.36573 2.64982 0.26181
v 1.41280 2.59693 0.21362
v 1.46321 2.80754 0.00661
v 1.41032 2.75935 0.05368
v 1.62093 2.88952 -0.02677
v 1.54207 2.85628 -0.02351
v 1.54296 2.67737 0.00301
v 1.54207 2.75880 -0.02351
v 1.62093 2.72556 -0.02677
v 1.74853 2.98388 0.05535
v 1.69890 2.93771 0.00301
v 1.82906 3.01815 0.21362
v 1.79727 3.01400 0.13421
v 1.83154 2.85573 0.05368
v 1.82739 2.93514 0.08547
v 1.87973 2.88551 0.13164
v 1.82906 2.59693 0.31000
v 1.79727 2.60108 0.38941
v 1.75110 2.54874 0.33978
v 1.83154 2.75935 0.46994
v 1.82739 2.67994 0.43815
v 1.87973 2.72957 0.39198
v 1.66912 2.59941 0.47242
v 1.74853 2.63120 0.46827
v 1.69890 2.67737 0.52061
v 1.66967 2.52222 0.34067
v 1.70291 2.51896 0.26181
v 1.57274 2.59941 0.47242
v 1.62093 2.55234 0.41953
v 1.53895 2.51896 0.26181
v 1.57219 2.52222 0.34067
v 1.49076 2.54874 0.33978
v 1.66967 2.52222 0.18295
v 1.75110 2.54874 0.18384
v 1.49076 2.54874 0.18384
v 1.57219 2.52222 0.18295
v 1.66912 2.59941 0.05120
v 1.62093 2.55234 0.10409
v 1.57274 2.59941 0.05120
v 1.79727 2.60108 0.13421
v 1.82906 2.59693 0.21362
v 1.69890 2.67737 0.00301
v 1.74853 2.63120 0.05535
v 1.87973 2.72957 0.13164
v 1.82739 2.67994 0.08547
v 1.83154 2.75935 0.05368
v 1.87613 2.64982 0.26181
v 1.90951 2.80754 0.17983
v 1.90625 2.72868 0.21307
v 1.90625 2.72868 0.31055
v 1.90951 2.80754 0.34379
v 1.69979 2.75880 0.54713
v 1.77865 2.80754 0.51701
v 1.69979 2.85628 0.54713
v 1.44459 2.60108 0.38941
v 1.49333 2.63120 0.46827
v 1.41447 2.67994 0.43815
v 1.49333 2.63120 0.05535
v 1.44459 2.60108 0.13421
v 1.41447 2.67994 0.08547
v 1.77865 2.80754 0.00661
v 1.69979 2.75880 -0.02351
v 1.69979 2.85628 -0.02351
v 1.90625 2.88640 0.31055
v 1.90625 2.88640 0.21307
v 1.87613 2.96526 0.26181
v -1.77865 3.06274 0.26181
v -1.46321 3.06274 0.26181
v -1.77865 2.55234 0.26181
v -1.46321 2.55234 0.26181
v -1.62093 2.64982 0.51701
v -1.62093 2.96526 0.51701
v -1.62093 2.64982 0.00661
v -1.62093 2.96526 0.00661
v -1.36573 2.80754 0.10409
v -1.36573 2.80754 0.41953
v -1.87613 2.80754 0.10409
v -1.87613 2.80754 0.41953
v -1.86364 2.95754 0.35452
v -1.77093 2.90025 0.50452
v -1.71364 3.05025 0.41181
v -1.52822 3.05025 0.41181
v -1.62093 3.10754 0.26181
v -1.52822 3.05025 0.11181
v -1.71364 3.05025 0.11181
v -1.77093 2.90025 0.01910
v -1.86364 2.95754 0.16910
v -1.92093 2.80754 0.26181
v -1.47093 2.90025 0.50452
v -1.37822 2.95754 0.35452
v -1.77093 2.71483 0.50452
v -1.62093 2.80754 0.56181
v -1.86364 2.65754 0.16910
v -1.86364 2.65754 0.35452
v -1.62093 2.80754 -0.03819
v -1.77093 2.71483 0.01910
v -1.37822 2.95754 0.16910
v -1.47093 2.90025 0.01910
v -1.37822 2.65754 0.35452
v -1.47093 2.71483 0.50452
v -1.52822 2.56483 0.41181
v -1.71364 2.56483 0.41181
v -1.62093 2.50754 0.26181
v -1.71364 2.56483 0.11181
v -1.52822 2.56483 0.11181
v -1.47093 2.71483 0.01910
v -1.37822 2.65754 0.16910
v -1.32093 2.80754 0.26181
v -1.82906 3.01815 0.31000
v -1.79727 3.01400 0.38941
v -1.75110 3.06634 0.33978
v -1.83154 2.85573 0.46994
v -1.82739 2.93514 0.43815
v -1.87973 2.88551 0.39198
v -1.66912 3.01567 0.47242
v -1.74853 2.98388 0.46827
v -1.69890 2.93771 0.52061
v -1.66967 3.09286 0.34067
v -1.70291 3.09612 0.26181
v -1.57274 3.01567 0.47242
v -1.62093 3.06274 0.41953
v -1.53895 3.09612 0.26181
v -1.57219 3.09286 0.34067
v -1.49076 3.06634 0.33978
v -1.66967 3.09286 0.18295
v -1.75110 3.06634 0.18384
v -1.49076 3.06634 0.18384
v -1.57219 3.09286 0.18295
v -1.66912 3.01567 0.05120
v -1.62093 3.06274 0.10409
v -1.57274 3.01567 0.05120
v -1.79727 3.01400 0.13421
v -1.82906 3.01815 0.21362
v -1.69890 2.93771 0.00301
v -1.74853 2.98388 0.05535
v -1.87973 2.88551 0.13164
v -1.82739 2.93514 0.08547
v -1.83154 2.85573 0.05368
v -1.87613 2.96526 0.26181
v -1.90951 2.80754 0.17983
v -1.90625 2.88640 0.21307
v -1.90625 2.88640 0.31055
v -1.90951 2.80754 0.34379
v -1.44459 3.01400 0.38941
v -1.41280 3.01815 0.31000
v -1.54296 2.93771 0.52061
v -1.49333 2.98388 0.46827
v -1.36213 2.88551 0.39198
v -1.41447 2.93514 0.43815
v -1.41032 2.85573 0.46994
v -1.69979 2.85628 0.54713
v -1.62093 2.88952 0.55039
v -1.83154 2.75935 0.46994
v -1.77865 2.80754 0.51701
v -1.62093 2.72556 0.55039
v -1.69979 2.75880 0.54713
v -1.69890 2.67737 0.52061
v -1.90625 2.72868 0.31055
v -1.87973 2.72957 0.39198
v -1.87973 2.72957 0.13164
v -1.90625 2.72868 0.21307
v -1.82906 2.59693 0.31000
v -1.87613 2.64982 0.26181
v -1.82906 2.59693 0.21362
v -1.77865 2.80754 0.00661
v -1.83154 2.75935 0.05368
v -1.62093 2.88952 -0.02677
v -1.69979 2.85628 -0.02351
v -1.69890 2.67737 0.00301
v -1.69979 2.75880 -0.02351
v -1.62093 2.72556 -0.02677
v -1.49333 2.98388 0.05535
v -1.54296 2.93771 0.00301
v -1.41280 3.01815 0.21362
v -1.44459 3.01400 0.13421
v -1.41032 2.85573 0.05368
v -1.41447 2.93514 0.08547
v -1.36213 2.88551 0.13164
v -1.41280 2.59693 0.31000
v -1.44459 2.60108 0.38941
v -1.49076 2.54874 0.33978
v -1.41032 2.75935 0.46994
v -1.41447 2.67994 0.43815
v -1.36213 2.72957 0.39198
v -1.57274 2.59941 0.47242
v -1.49333 2.63120 0.46827
v -1.54296 2.67737 0.52061
v -1.57219 2.52222 0.34067
v -1.53895 2.51896 0.26181
v -1.66912 2.59941 0.47242
v -1.62093 2.55234 0.41953
v -1.70291 2.51896 0.26181
v -1.66967 2.52222 0.34067
v -1.75110 2.54874 0.33978
v -1.57219 2.52222 0.18295
v -1.49076 2.54874 0.18384
v -1.75110 2.54874 0.18384
v -1.66967 2.52222 0.18295
v -1.57274 2.59941 0.05120
v -1.62093 2.55234 0.10409
v -1.66912 2.59941 0.05120
v -1.44459 2.60108 0.13421
v -1.41280 2.59693 0.21362
v -1.54296 2.67737 0.00301
v -1.49333 2.63120 0.05535
v -1.36213 2.72957 0.13164
v -1.41447 2.67994 0.08547
v -1.41032 2.75935 0.05368
v -1.36573 2.64982 0.26181
v -1.33235 2.80754 0.17983
v -1.33561 2.72868 0.21307
v -1.33561 2.72868 0.31055
v -1.33235 2.80754 0.34379
v -1.54207 2.75880 0.54713
v -1.46321 2.80754 0.51701
v -1.54207 2.85628 0.54713
v -1.79727 2.60108 0.38941
v -1.74853 2.63120 0.46827
v -1.82739 2.67994 0.43815
v -1.74853 2.63120 0.05535
v -1.79727 2.60108 0.13421
v -1.82739 2.67994 0.08547
v -1.46321 2.80754 0.00661
v -1.54207 2.75880 -0.02351
v -1.54207 2.85628 -0.02351
v -1.33561 2.88640 0.31055
v -1.33561 2.88640 0.21307
v -1.36573 2.96526 0.26181
v -3.39959 0.25520 0.26181
v -3.08415 0.25520 0.26181
v -3.39959 -0.25520 0.26181
v -3.08415 -0.25520 0.26181
v -3.24187 -0.15772 0.51701
v -3.24187 0.15772 0.51701
v -3.24187 -0.15772 0.00661
v -3.24187 0.15772 0.00661
v -2.98667 0.00000 0.10409
v -2.98667 0.00000 0.41953
v -3.49707 0.00000 0.10409
v -3.49707 0.00000 0.41953
v -3.48458 0.15000 0.35452
v -3.39187 0.09271 0.50452
v -3.33458 0.24271 0.41181
v -3.14916 0.24271 0.41181
v -3.24187 0.30000 0.26181
v -3.14916 0.24271 0.11181
v -3.33458 0.24271 0.11181
v -3.39187 0.09271 0.01910
v -3.48458 0.15000 0.16910
v -3.54187 0.00000 0.26181
v -3.09187 0.09271 0.50452
v -2.99916 0.15000 0.35452
v -3.39187 -0.09271 0.50452
v -3.24187 0.00000 0.56181
v -3.48458 -0.15000 0.16910
v -3.48458 -0.15000 0.35452
v -3.24187 0.00000 -0.03819
v -3.39187 -0.09271 0.01910
v -2.99916 0.15000 0.16910
v -3.09187 0.09271 0.01910
v -2.99916 -0.15000 0.35452
v -3.09187 -0.09271 0.50452
v -3.14916 -0.24271 0.41181
v -3.33458 -0.24271 0.41181
v -3.24187 -0.30000 0.26181
v -3.33458 -0.24271 0.11181
v -3.14916 -0.24271 0.11181
v -3.09187 -0.09271 0.01910
v -2.99916 -0.15000 0.16910
v -2.94187 0.00000 0.26181
v -3.45000 0.21061 0.31000
v -3.41821 0.20646 0.38941
v -3.37204 0.25880 0.33978
v -3.45248 0.04819 0.46994
v -3.44833 0.12760 0.43815
v -3.50067 0.07797 0.39198
v -3.29006 0.20813 0.47242
v -3.36947 0.17634 0.46827
v -3.31984 0.13017 0.52061
v -3.29061 0.28532 0.34067
v -3.32385 0.28858 0.26181
v -3.19368 0.20813 0.47242
v -3.24187 0.25520 0.41953
v -3.15989 0.28858 0.26181
v -3.19313 0.28532 0.34067
v -3.11170 0.25880 0.33978
v -3.29061 0.28532 0.18295
v -3.37204 0.25880 0.18384
v -3.11170 0.25880 0.18384
v -3.19313 0.28532 0.18295
v -3.29006 0.20813 0.05120
v -3.24187 0.25520 0.10409
v -3.19368 0.20813 0.05120
v -3.41821 0.20646 0.13421
v -3.45000 0.21061 0.21362
v -3.31984 0.13017 0.00301
v -3.36947 0.17634 0.05535
v -3.50067 0.07797 0.13164
v -3.44833 0.12760 0.08547
v -3.45248 0.04819 0.05368
v -3.49707 0.15772 0.26181
v -3.53045 0.00000 0.17983
v -3.52719 0.07886 0.21307
v -3.52719 0.07886 0.31055
v -3.53045 0.00000 0.34379
v -3.06553 0.20646 0.38941
v -3.03374 0.21061 0.31000
v -3.16390 0.13017 0.52061
v -3.11427 0.17634 0.46827
v -2.98307 0.07797 0.39198
v -3.03541 0.12760 0.43815
v -3.03126 0.04819 0.46994
v -3.32073 0.04874 0.54713
v -3.24187 0.08198 0.55039
v -3.45248 -0.04819 0.46994
v -3.39959 0.00000 0.51701
v -3.24187 -0.08198 0.55039
v -3.32073 -0.04874 0.54713
v -3.31984 -0.13017 0.52061
v -3.52719 -0.07886 0.31055
v -3.50067 -0.07797 0.39198
v -3.50067 -0.07797 0.13164
v -3.52719 -0.07886 0.21307
v -3.45000 -0.21061 0.31000
v -3.49707 -0.15772 0.26181
v -3.45000 -0.21061 0.21362
v -3.39959 0.00000 0.00661
v -3.45248 -0.04819 0.05368
v -3.24187 0.08198 -0.02677
v -3.32073 0.04874 -0.02351
v -3.31984 -0.13017 0.00301
v -3.32073 -0.04874 -0.02351
v -3.24187 -0.08198 -0.02677
v -3.11427 0.17634 0.05535
v -3.16390 0.13017 0.00301
v -3.03374 0.21061 0.21362
v -3.06553 0.20646 0.13421
v -3.03126 0.04819 0.05368
v -3.03541 0.12760 0.08547
v -2.98307 0.07797 0.13164
v -3.03374 -0.21061 0.31000
v -3.06553 -0.20646 0.38941
v -3.11170 -0.25880 0.33978
v -3.03126 -0.04819 0.46994
v -3.03541 -0.12760 0.43815
v -2.98307 -0.07797 0.39198
v -3.19368 -0.20813 0.47242
v -3.11427 -0.17634 0.46827
v -3.16390 -0.13017 0.52061
v -3.19313 -0.28532 0.34067
v -3.15989 -0.28858 0.26181
v -3.29006 -0.20813 0.47242
v -3.24187 -0.25520 0.41953
v -3.32385 -0.28858 0.26181
v -3.29061 -0.28532 0.34067
v -3.37204 -0.25880 0.33978
v -3.19313 -0.28532 0.18295
v -3.11170 -0.25880 0.18384
v -3.37204 -0.25880 0.18384
v -3.29061 -0.28532 0.18295
v -3.19368 -0.20813 0.05120
v -3.24187 -0.25520 0.10409
v -3.29006 -0.20813 0.05120
v -3.06553 -0.20646 0.13421
v -3.03374 -0.21061 0.21362
v -3.16390 -0.13017 0.00301
v -3.11427 -0.17634 0.05535
v -2.98307 -0.07797 0.13164
v -3.03541 -0.12760 0.08547
v -3.03126 -0.04819 0.05368
v -2.98667 -0.15772 0.26181
v -2.95329 0.00000 0.17983
v -2.95655 -0.07886 0.21307
v -2.95655 -0.07886 0.31055
v -2.95329 0.00000 0.34379
v -3.16301 -0.04874 0.54713
v -3.08415 0.00000 0.51701
v -3.16301 0.04874 0.54713
v -3.41821 -0.20646 0.38941
v -3.36947 -0.17634 0.46827
v -3.44833 -0.12760 0.43815
v -3.36947 -0.17634 0.05535
v -3.41821 -0.20646 0.13421
v -3.44833 -0.12760 0.08547
v -3.08415 0.00000 0.00661
v -3.16301 -0.04874 -0.02351
v -3.16301 0.04874 -0.02351
v -2.95655 0.07886 0.31055
v -2.95655 0.07886 0.21307
v -2.98667 0.15772 0.26181
v -1.77865 -2.55234 0.26181
v -1.46321 -2.55234 0.26181
v -1.77865 -3.06274 0.26181
v -1.46321 -3.06274 0.26181
v -1.62093 -2.96526 0.51701
v -1.62093 -2.64982 0.51701
v -1.62093 -2.96526 0.00661
v -1.62093 -2.64982 0.00661
v -1.36573 -2.80754 0.10409
v -1.36573 -2.80754 0.41953
v -1.87613 -2.80754 0.10409
v -1.87613 -2.80754 0.41953
v -1.86364 -2.65754 0.35452
v -1.77093 -2.71483 0.50452
v -1.71364 -2.56483 0.41181
v -1.52822 -2.56483 0.41181
v -1.62093 -2.50754 0.26181
v -1.52822 -2.56483 0.11181
v -1.71364 -2.56483 0.11181
v -1.77093 -2.71483 0.01910
v -1.86364 -2.65754 0.16910
v -1.92093 -2.80754 0.26181
v -1.47093 -2.71483 0.50452
v -1.37822 -2.65754 0.35452
v -1.77093 -2.90025 0.50452
v -1.62093 -2.80754 0.56181
v -1.86364 -2.95754 0.16910
v -1.86364 -2.95754 0.35452
v -1.62093 -2.80754 -0.03819
v -1.77093 -2.90025 0.01910
v -1.37822 -2.65754 0.16910
v -1.47093 -2.71483 0.01910
v -1.37822 -2.95754 0.35452
v -1.47093 -2.90025 0.50452
v -1.52822 -3.05025 0.41181
v -1.71364 -3.05025 0.41181
v -1.62093 -3.10754 0.26181
v -1.71364 -3.05025 0.11181
v -1.52822 -3.05025 0.11181
v -1.47093 -2.90025 0.01910
v -1.37822 -2.95754 0.16910
v -1.32093 -2.80754 0.26181
v -1.82906 -2.59693 0.31000
v -1.79727 -2.60108 0.38941
v -1.75110 -2.54874 0.33978
v -1.83154 -2.75935 0.46994
v -1.82739 -2.67994 0.43815
v -1.87973 -2.72957 0.39198
v -1.66912 -2.59941 0.47242
v -1.74853 -2.63120 0.46827
v -1.69890 -2.67737 0.52061
v -1.66967 -2.52222 0.34067
v -1.70291 -2.51896 0.26181
v -1.57274 -2.59941 0.47242
v -1.62093 -2.55234 0.41953
v -1.53895 -2.51896 0.26181
v -1.57219 -2.52222 0.34067
v -1.49076 -2.54874 0.33978
v -1.66967 -2.52222 0.18295
v -1.75110 -2.54874 0.18384
v -1.49076 -2.54874 0.18384
v -1.57219 -2.52222 0.18295
v -1.66912 -2.59941 0.05120
v -1.62093 -2.55234 0.10409
v -1.57274 -2.59941 0.05120
v -1.79727 -2.60108 0.13421
v -1.82906 -2.59693 0.21362
v -1.69890 -2.67737 0.00301
v -1.74853 -2.63120 0.05535
v -1.87973 -2.72957 0.13164
v -1.82739 -2.67994 0.08547
v -1.83154 -2.75935 0.05368
v -1.87613 -2.64982 0.26181
v -1.90951 -2.80754 0.17983
v -1.90625 -2.72868 0.21307
v -1.90625 -2.72868 0.31055
v -1.90951 -2.80754 0.34379
v -1.44459 -2.60108 0.38941
v -1.41280 -2.59693 0.31000
v -1.54296 -2.67737 0.52061
v -1.49333 -2.63120 0.46827
v -1.36213 -2.72957 0.39198
v -1.41447 -2.67994 0.43815
v -1.41032 -2.75935 0.46994
v -1.69979 -2.75880 0.54713
v -1.62093 -2.72556 0.55039
v -1.83154 -2.85573 0.46994
v -1.77865 -2.80754 0.51701
v -1.62093 -2.88952 0.55039
v -1.69979 -2.85628 0.54713
v -1.69890 -2.93771 0.52061
v -1.90625 -2.88640 0.31055
v -1.87973 -2.88551 0.39198
v -1.87973 -2.88551 0.13164
v -1.90625 -2.88640 0.21307
v -1.82906 -3.01815 0.31000
v -1.87613 -2.96526 0.26181
v -1.82906 -3.01815 0.21362
v -1.77865 -2.80754 0.00661
v -1.83154 -2.85573 0.05368
v -1.62093 -2.72556 -0.02677
v -1.69979 -2.75880 -0.02351
v -1.69890 -2.93771 0.00301
v -1.69979 -2.85628 -0.02351
v -1.62093 -2.88952 -0.02677
v -1.49333 -2.63120 0.05535
v -1.54296 -2.67737 0.00301
v -1.41280 -2.59693 0.21362
v -1.44459 -2.60108 0.13421
v -1.41032 -2.75935 0.05368
v -1.41447 -2.67994 0.08547
v -1.36213 -2.72957 0.13164
v -1.41280 -3.01815 0.31000
v -1.44459 -3.01400 0.38941
v -1.49076 -3.06634 0.33978
v -1.41032 -2.85573 0.46994
v -1.41447 -2.93514 0.43815
v -1.36213 -2.88551 0.39198
v -1.57274 -3.01567 0.47242
v -1.49333 -2.98388 0.46827
v -1.54296 -2.93771 0.52061
v -1.57219 -3.09286 0.34067
v -1.53895 -3.09612 0.26181
v -1.66912 -3.01567 0.47242
v -1.62093 -3.06274 0.41953
v -1.70291 -3.09612 0.26181
v -1.66967 -3.09286 0.34067
v -1.75110 -3.06634 0.33978
v -1.57219 -3.09286 0.18295
v -1.49076 -3.06634 0.18384
v -1.75110 -3.06634 0.18384
v -1.66967 -3.09286 0.18295
v -1.57274 -3.01567 0.05120
v -1.62093 -3.06274 0.10409
v -1.66912 -3.01567 0.05120
v -1.44459 -3.01400 0.13421
v -1.41280 -3.01815 0.21362
v -1.54296 -2.93771 0.00301
v -1.49333 -2.98388 0.05535
v -1.36213 -2.88551 0.13164
v -1.41447 -2.93514 0.08547
v -1.41032 -2.85573 0.05368
v -1.36573 -2.96526 0.26181
v -1.33235 -2.80754 0.17983
v -1.33561 -2.88640 0.21307
v -1.33561 -2.88640 0.31055
v -1.33235 -2.80754 0.34379
v -1.54207 -2.85628 0.54713
v -1.46321 -2.80754 0.51701
v -1.54207 -2.75880 0.54713
v -1.79727 -3.01400 0.38941
v -1.74853 -2.98388 0.46827
v -1.82739 -2.93514 0.43815
v -1.74853 -2.98388 0.05535
v -1.79727 -3.01400 0.13421
v -1.82739 -2.93514 0.08547
v -1.46321 -2.80754 0.00661
v -1.54207 -2.85628 -0.02351
v -1.54207 -2.75880 -0.02351
v -1.33561 -2.72868 0.31055
v -1.33561 -2.72868 0.21307
v -1.36573 -2.64982 0.26181
v 1.46321 -2.55234 0.26181
v 1.77865 -2.55234 0.26181
v 1.46321 -3.06274 0.26181
v 1.77865 -3.06274 0.26181
v 1.62093 -2.96526 0.51701
v 1.62093 -2.64982 0.51701
v 1.62093 -2.96526 0.00661
v 1.62093 -2.64982 0.00661
v 1.87613 -2.80754 0.10409
v 1.87613 -2.80754 0.41953
v 1.36573 -2.80754 0.10409
v 1.36573 -2.80754 0.41953
v 1.37822 -2.65754 0.35452
v 1.47093 -2.71483 0.50452
v 1.52822 -2.56483 0.41181
v 1.71364 -2.56483 0.41181
v 1.62093 -2.50754 0.26181
v 1.71364 -2.56483 0.11181
v 1.52822 -2.56483 0.11181
v 1.47093 -2.71483 0.01910
v 1.37822 -2.65754 0.16910
v 1.32093 -2.80754 0.26181
v 1.77093 -2.71483 0.50452
v 1.86364 -2.65754 0.35452
v 1.47093 -2.90025 0.50452
v 1.62093 -2.80754 0.56181
v 1.37822 -2.95754 0.16910
v 1.37822 -2.95754 0.35452
v 1.62093 -2.80754 -0.03819
v 1.47093 -2.90025 0.01910
v 1.86364 -2.65754 0.16910
v 1.77093 -2.71483 0.01910
v 1.86364 -2.95754 0.35452
v 1.77093 -2.90025 0.50452
v 1.71364 -3.05025 0.41181
v 1.52822 -3.05025 0.41181
v 1.62093 -3.10754 0.26181
v 1.52822 -3.05025 0.11181
v 1.71364 -3.05025 0.11181
v 1.77093 -2.90025 0.01910
v 1.86364 -2.95754 0.16910
v 1.92093 -2.80754 0.26181
v 1.41280 -2.59693 0.31000
v 1.44459 -2.60108 0.38941
v 1.49076 -2.54874 0.33978
v 1.41032 -2.75935 0.46994
v 1.41447 -2.67994 0.43815
v 1.36213 -2.72957 0.39198
v 1.57274 -2.59941 0.47242
v 1.49333 -2.63120 0.46827
v 1.54296 -2.67737 0.52061
v 1.57219 -2.52222 0.34067
v 1.53895 -2.51896 0.26181
v 1.66912 -2.59941 0.47242
v 1.62093 -2.55234 0.41953
v 1.70291 -2.51896 0.26181
v 1.66967 -2.52222 0.34067
v 1.75110 -2.54874 0.33978
v 1.57219 -2.52222 0.18295
v 1.49076 -2.54874 0.18384
v 1.75110 -2.54874 0.18384
v 1.66967 -2.52222 0.18295
v 1.57274 -2.59941 0.05120
v 1.62093 -2.55234 0.10409
v 1.66912 -2.59941 0.05120
v 1.44459 -2.60108 0.13421
v 1.41280 -2.59693 0.21362
v 1.54296 -2.67737 0.00301
v 1.49333 -2.63120 0.05535
v 1.36213 -2.72957 0.13164
v 1.41447 -2.67994 0.08547
v 1.41032 -2.75935 0.05368
v 1.36573 -2.64982 0.26181
v 1.33235 -2.80754 0.17983
v 1.33561 -2.72868 0.21307
v 1.33561 -2.72868 0.31055
v 1.33235 -2.80754 0.34379
v 1.79727 -2.60108 0.38941
v 1.82906 -2.59693 0.31000
v 1.69890 -2.67737 0.52061
v 1.74853 -2.63120 0.46827
v 1.87973 -2.72957 0.39198
v 1.82739 -2.67994 0.43815
v 1.83154 -2.75935 0.46994
v 1.54207 -2.75880 0.54713
v 1.62093 -2.72556 0.55039
v 1.41032 -2.85573 0.46994
v 1.46321 -2.80754 0.51701
v 1.62093 -2.88952 0.55039
v 1.54207 -2.85628 0.54713
v 1.54296 -2.93771 0.52061
v 1.33561 -2.88640 0.31055
v 1.36213 -2.88551 0.39198
v 1.36213 -2.88551 0.13164
v 1.33561 -2.88640 0.21307
v 1.41280 -3.01815 0.31000
v 1.36573 -2.96526 0.26181
v 1.41280 -3.01815 0.21362
v 1.46321 -2.80754 0.00661
v 1.41032 -2.85573 0.05368
v 1.62093 -2.72556 -0.02677
v 1.54207 -2.75880 -0.02351
v 1.54296 -2.93771 0.00301
v 1.54207 -2.85628 -0.02351
v 1.62093 -2.88952 -0.02677
v 1.74853 -2.63120 0.05535
v 1.69890 -2.67737 0.00301
v 1.82906 -2.59693 0.21362
v 1.79727 -2.60108 0.13421
v 1.83154 -2.75935 0.05368
v 1.82739 -2.67994 0.08547
v 1.87973 -2.72957 0.13164
v 1.82906 -3.01815 0.31000
v 1.79727 -3.01400 0.38941
v 1.75110 -3.06634 0.33978
v 1.83154 -2.85573 0.46994
v 1.82739 -2.93514 0.43815
v 1.87973 -2.88551 0.39198
v 1.66912 -3.01567 0.47242
v 1.74853 -2.98388 0.46827
v 1.69890 -2.93771 0.52061
v 1.66967 -3.09286 0.34067
v 1.70291 -3.09612 0.26181
v 1.57274 -3.01567 0.47242
v 1.62093 -3.06274 0.41953
v 1.53895 -3.09612 0.26181
v 1.57219 -3.09286 0.34067
v 1.49076 -3.06634 0.33978
v 1.66967 -3.09286 0.18295
v 1.75110 -3.06634 0.18384
v 1.49076 -3.06634 0.18384
v 1.57219 -3.09286 0.18295
v 1.66912 -3.01567 0.05120
v 1.62093 -3.06274 0.10409
v 1.57274 -3.01567 0.05120
v 1.79727 -3.01400 0.13421
v 1.82906 -3.01815 0.21362
v 1.69890 -2.93771 0.00301
v 1.74853 -2.98388 0.05535
v 1.87973 -2.88551 0.13164
v 1.82739 -2.93514 0.08547
v 1.83154 -2.85573 0.05368
v 1.87613 -2.96526 0.26181
v 1.90951 -2.80754 0.17983
v 1.90625 -2.88640 0.21307
v 1.90625 -2.88640 0.31055
v 1.90951 -2.80754 0.34379
v 1.69979 -2.85628 0.54713
v 1.77865 -2.80754 0.51701
v 1.69979 -2.75880 0.54713
v 1.44459 -3.01400 0.38941
v 1.49333 -2.98388 0.46827
v 1.41447 -2.93514 0.43815
v 1.49333 -2.98388 0.05535
v 1.44459 -3.01400 0.13421
v 1.41447 -2.93514 0.08547
v 1.77865 -2.80754 0.00661
v 1.69979 -2.85628 -0.02351
v 1.69979 -2.75880 -0.02351
v 1.90625 -2.72868 0.31055
v 1.90625 -2.72868 0.21307
v 1.87613 -2.64982 0.26181
v 2.35120 0.25520 -0.85171
v 2.66664 0.25520 -0.85171
v 2.35120 -0.25520 -0.85171
v 2.66664 -0.25520 -0.85171
v 2.50892 -0.15772 -0.59651
v 2.50892 0.15772 -0.59651
v 2.50892 -0.15772 -1.10691
v 2.50892 0.15772 -1.10691
v 2.76412 0.00000 -1.00943
v 2.76412 0.00000 -0.69399
v 2.25372 0.00000 -1.00943
v 2.25372 0.00000 -0.69399
v 2.26621 0.15000 -0.75900
v 2.35892 0.09271 -0.60900
v 2.41621 0.24271 -0.70171
v 2.60163 0.24271 -0.70171
v 2.50892 0.30000 -0.85171
v 2.60163 0.24271 -1.00171
v 2.41621 0.24271 -1.00171
v 2.35892 0.09271 -1.09442
v 2.26621 0.15000 -0.94442
v 2.20892 0.00000 -0.85171
v 2.65892 0.09271 -0.60900
v 2.75163 0.15000 -0.75900
v 2.35892 -0.09271 -0.60900
v 2.50892 0.00000 -0.55171
v 2.26621 -0.15000 -0.94442
v 2.26621 -0.15000 -0.75900
v 2.50892 0.00000 -1.15171
v 2.35892 -0.09271 -1.09442
v 2.75163 0.15000 -0.94442
v 2.65892 0.09271 -1.09442
v 2.75163 -0.15000 -0.75900
v 2.65892 -0.09271 -0.60900
v 2.60163 -0.24271 -0.70171
v 2.41621 -0.24271 -0.70171
v 2.50892 -0.30000 -0.85171
v 2.41621 -0.24271 -1.00171
v 2.60163 -0.24271 -1.00171
v 2.65892 -0.09271 -1.09442
v 2.75163 -0.15000 -0.94442
v 2.80892 0.00000 -0.85171
v 2.30079 0.21061 -0.80352
v 2.33258 0.20646 -0.72411
v 2.37875 0.25880 -0.77374
v 2.29831 0.04819 -0.64358
v 2.30246 0.12760 -0.67537
v 2.25012 0.07797 -0.72154
v 2.46073 0.20813 -0.64110
v 2.38132 0.17634 -0.64525
v 2.43095 0.13017 -0.59291
v 2.46018 0.28532 -0.77285
v 2.42694 0.28858 -0.85171
v 2.55711 0.20813 -0.64110
v 2.50892 0.25520 -0.69399
v 2.59090 0.28858 -0.85171
v 2.55766 0.28532 -0.77285
v 2.63909 0.25880 -0.77374
v 2.46018 0.28532 -0.93057
v 2.37875 0.25880 -0.92968
v 2.63909 0.25880 -0.92968
v 2.55766 0.28532 -0.93057
v 2.46073 0.20813 -1.06232
v 2.50892 0.25520 -1.00943
v 2.55711 0.20813 -1.06232
v 2.33258 0.20646 -0.97931
v 2.30079 0.21061 -0.89990
v 2.43095 0.13017 -1.11051
v 2.38132 0.17634 -1.05817
v 2.25012 0.07797 -0.98188
v 2.30246 0.12760 -1.02805
v 2.29831 0.04819 -1.05984
v 2.25372 0.15772 -0.85171
v 2.22034 0.00000 -0.93369
v 2.22360 0.07886 -0.90045
v 2.22360 0.07886 -0.80297
v 2.22034 0.00000 -0.76973
v 2.68526 0.20646 -0.72411
v 2.71705 0.21061 -0.80352
v 2.58689 0.13017 -0.59291
v 2.63652 0.17634 -0.64525
v 2.76772 0.07797 -0.72154
v 2.71538 0.12760 -0.67537
v 2.71953 0.04819 -0.64358
v 2.43006 0.04874 -0.56639
v 2.50892 0.08198 -0.56313
v 2.29831 -0.04819 -0.64358
v 2.35120 0.00000 -0.59651
v 2.50892 -0.08198 -0.56313
v 2.43006 -0.04874 -0.56639
v 2.43095 -0.13017 -0.59291
v 2.22360 -0.07886 -0.80297
v 2.25012 -0.07797 -0.72154
v 2.25012 -0.07797 -0.98188
v 2.22360 -0.07886 -0.90045
v 2.30079 -0.21061 -0.80352
v 2.25372 -0.15772 -0.85171
v 2.30079 -0.21061 -0.89990
v 2.35120 0.00000 -1.10691
v 2.29831 -0.04819 -1.05984
v 2.50892 0.08198 -1.14029
v 2.43006 0.04874 -1.13703
v 2.43095 -0.13017 -1.11051
v 2.43006 -0.04874 -1.13703
v 2.50892 -0.08198 -1.14029
v 2.63652 0.17634 -1.05817
v 2.58689 0.13017 -1.11051
v 2.71705 0.21061 -0.89990
v 2.68526 0.20646 -0.97931
v 2.71953 0.04819 -1.05984
v 2.71538 0.12760 -1.02805
v 2.76772 0.07797 -0.98188
v 2.71705 -0.21061 -0.80352
v 2.68526 -0.20646 -0.72411
v 2.63909 -0.25880 -0.77374
v 2.71953 -0.04819 -0.64358
v 2.71538 -0.12760 -0.67537
v 2.76772 -0.07797 -0.72154
v 2.55711 -0.20813 -0.64110
v 2.63652 -0.17634 -0.64525
v 2.58689 -0.13017 -0.59291
v 2.55766 -0.28532 -0.77285
v 2.59090 -0.28858 -0.85171
v 2.46073 -0.20813 -0.64110
v 2.50892 -0.25520 -0.69399
v 2.42694 -0.28858 -0.85171
v 2.46018 -0.28532 -0.77285
v 2.37875 -0.25880 -0.77374
v 2.55766 -0.28532 -0.93057
v 2.63909 -0.25880 -0.92968
v 2.37875 -0.25880 -0.92968
v 2.46018 -0.28532 -0.93057
v 2.55711 -0.20813 -1.06232
v 2.50892 -0.25520 -1.00943
v 2.46073 -0.20813 -1.06232
v 2.68526 -0.20646 -0.97931
v 2.71705 -0.21061 -0.89990
v 2.58689 -0.13017 -1.11051
v 2.63652 -0.17634 -1.05817
v 2.76772 -0.07797 -0.98188
v 2.71538 -0.12760 -1.02805
v 2.71953 -0.04819 -1.05984
v 2.76412 -0.15772 -0.85171
v 2.79750 0.00000 -0.93369
v 2.79424 -0.07886 -0.90045
v 2.79424 -0.07886 -0.80297
v 2.79750 0.00000 -0.76973
v 2.58778 -0.04874 -0.56639
v 2.66664 0.00000 -0.59651
v 2.58778 0.04874 -0.56639
v 2.33258 -0.20646 -0.72411
v 2.38132 -0.17634 -0.64525
v 2.30246 -0.12760 -0.67537
v 2.38132 -0.17634 -1.05817
v 2.33258 -0.20646 -0.97931
v 2.30246 -0.12760 -1.02805
v 2.66664 0.00000 -1.10691
v 2.58778 -0.04874 -1.13703
v 2.58778 0.04874 -1.13703
v 2.79424 0.07886 -0.80297
v 2.79424 0.07886 -0.90045
v 2.76412 0.15772 -0.85171
v 1.09674 2.42799 -0.85171
v 1.41218 2.42799 -0.85171
v 1.09674 1.91759 -0.85171
v 1.41218 1.91759 -0.85171
v 1.25446 2.01507 -0.59651
v 1.25446 2.33051 -0.59651
v 1.25446 2.01507 -1.10691
v 1.25446 2.33051 -1.10691
v 1.50966 2.17279 -1.00943
v 1.50966 2.17279 -0.69399
v 0.99926 2.17279 -1.00943
v 0.99926 2.17279 -0.69399
v 1.01175 2.32279 -0.75900
v 1.10446 2.26550 -0.60900
v 1.16175 2.41550 -0.70171
v 1.34717 2.41550 -0.70171
v 1.25446 2.47279 -0.85171
v 1.34717 2.41550 -1.00171
v 1.16175 2.41550 -1.00171
v 1.10446 2.26550 -1.09442
v 1.01175 2.32279 -0.94442
v 0.95446 2.17279 -0.85171
v 1.40446 2.26550 -0.60900
v 1.49717 2.32279 -0.75900
v 1.10446 2.08008 -0.60900
v 1.25446 2.17279 -0.55171
v 1.01175 2.02279 -0.94442
v 1.01175 2.02279 -0.75900
v 1.25446 2.17279 -1.15171
v 1.10446 2.08008 -1.09442
v 1.49717 2.32279 -0.94442
v 1.40446 2.26550 -1.09442
v 1.49717 2.02279 -0.75900
v 1.40446 2.08008 -0.60900
v 1.34717 1.93008 -0.70171
v 1.16175 1.93008 -0.70171
v 1.25446 1.87279 -0.85171
v 1.16175 1.93008 -1.00171
v 1.34717 1.93008 -1.00171
v 1.40446 2.08008 -1.09442
v 1.49717 2.02279 -0.94442
v 1.55446 2.17279 -0.85171
v 1.04633 2.38340 -0.80352
v 1.07812 2.37925 -0.72411
v 1.12429 2.43159 -0.77374
v 1.04385 2.22098 -0.64358
v 1.04800 2.30039 -0.67537
v 0.99566 2.25076 -0.72154
v 1.20627 2.38092 -0.64110
v 1.12686 2.34913 -0.64525
v 1.17649 2.30296 -0.59291
v 1.20572 2.45811 -0.77285
v 1.17248 2.46137 -0.85171
v 1.30265 2.38092 -0.64110
v 1.25446 2.42799 -0.69399
v 1.33644 2.46137 -0.85171
v 1.30320 2.45811 -0.77285
v 1.38463 2.43159 -0.77374
v 1.20572 2.45811 -0.93057
v 1.12429 2.43159 -0.92968
v 1.38463 2.43159 -0.92968
v 1.30320 2.45811 -0.93057
v 1.20627 2.38092 -1.06232
v 1.25446 2.42799 -1.00943
v 1.30265 2.38092 -1.06232
v 1.07812 2.37925 -0.97931
v 1.04633 2.38340 -0.89990
v 1.17649 2.30296 -1.11051
v 1.12686 2.34913 -1.05817
v 0.99566 2.25076 -0.98188
v 1.04800 2.30039 -1.02805
v 1.04385 2.22098 -1.05984
v 0.99926 2.33051 -0.85171
v 0.96588 2.17279 -0.93369
v 0.96914 2.25165 -0.90045
v 0.96914 2.25165 -0.80297
v 0.96588 2.17279 -0.76973
v 1.43080 2.37925 -0.72411
v 1.46259 2.38340 -0.80352
v 1.33243 2.30296 -0.59291
v 1.38206 2.34913 -0.64525
v 1.51326 2.25076 -0.72154
v 1.46092 2.30039 -0.67537
v 1.46507 2.22098 -0.64358
v 1.17560 2.22153 -0.56639
v 1.25446 2.25477 -0.56313
v 1.04385 2.12460 -0.64358
v 1.09674 2.17279 -0.59651
v 1.25446 2.09081 -0.56313
v 1.17560 2.12405 -0.56639
v 1.17649 2.04262 -0.59291
v 0.96914 2.09393 -0.80297
v 0.99566 2.09482 -0.72154
v 0.99566 2.09482 -0.98188
v 0.96914 2.09393 -0.90045
v 1.04633 1.96218 -0.80352
v 0.99926 2.01507 -0.85171
v 1.04633 1.96218 -0.89990
v 1.09674 2.17279 -1.10691
v 1.04385 2.12460 -1.05984
v 1.25446 2.25477 -1.14029
v 1.17560 2.22153 -1.13703
v 1.17649 2.04262 -1.11051
v 1.17560 2.12405 -1.13703
v 1.25446 2.09081 -1.14029
v 1.38206 2.34913 -1.05817
v 1.33243 2.30296 -1.11051
v 1.46259 2.38340 -0.89990
v 1.43080 2.37925 -0.97931
v 1.46507 2.22098 -1.05984
v 1.46092 2.30039 -1.02805
v 1.51326 2.25076 -0.98188
v 1.46259 1.96218 -0.80352
v 1.43080 1.96633 -0.72411
v 1.38463 1.91399 -0.77374
v 1.46507 2.12460 -0.64358
v 1.46092 2.04519 -0.67537
v 1.51326 2.09482 -0.72154
v 1.30265 1.96466 -0.64110
v 1.38206 1.99645 -0.64525
v 1.33243 2.04262 -0.59291
v 1.30320 1.88747 -0.77285
v 1.33644 1.88421 -0.85171
v 1.20627 1.96466 -0.64110
v 1.25446 1.91759 -0.69399
v 1.17248 1.88421 -0.85171
v 1.20572 1.88747 -0.77285
v 1.12429 1.91399 -0.77374
v 1.30320 1.88747 -0.93057
v 1.38463 1.91399 -0.92968
v 1.12429 1.91399 -0.92968
v 1.20572 1.88747 -0.93057
v 1.30265 1.96466 -1.06232
v 1.25446 1.91759 -1.00943
v 1.20627 1.96466 -1.06232
v 1.43080 1.96633 -0.97931
v 1.46259 1.96218 -0.89990
v 1.33243 2.04262 -1.11051
v 1.38206 1.99645 -1.05817
v 1.51326 2.09482 -0.98188
v 1.46092 2.04519 -1.02805
v 1.46507 2.12460 -1.05984
v 1.50966 2.01507 -0.85171
v 1.54304 2.17279 -0.93369
v 1.53978 2.09393 -0.90045
v 1.53978 2.09393 -0.80297
v 1.54304 2.17279 -0.76973
v 1.33332 2.12405 -0.56639
v 1.41218 2.17279 -0.59651
v 1.33332 2.22153 -0.56639
v 1.07812 1.96633 -0.72411
v 1.12686 1.99645 -0.64525
v 1.04800 2.04519 -0.67537
v 1.12686 1.99645 -1.05817
v 1.07812 1.96633 -0.97931
v 1.04800 2.04519 -1.02805
v 1.41218 2.17279 -1.10691
v 1.33332 2.12405 -1.13703
v 1.33332 2.22153 -1.13703
v 1.53978 2.25165 -0.80297
v 1.53978 2.25165 -0.90045
v 1.50966 2.33051 -0.85171
v -1.41218 2.42799 -0.85171
v -1.09674 2.42799 -0.85171
v -1.41218 1.91759 -0.85171
v -1.09674 1.91759 -0.85171
v -1.25446 2.01507 -0.59651
v -1.25446 2.33051 -0.59651
v -1.25446 2.01507 -1.10691
v -1.25446 2.33051 -1.10691
v -0.99926 2.17279 -1.00943
v -0.99926 2.17279 -0.69399
v -1.50966 2.17279 -1.00943
v -1.50966 2.17279 -0.69399
v -1.49717 2.32279 -0.75900
v -1.40446 2.26550 -0.60900
v -1.34717 2.41550 -0.70171
v -1.16175 2.41550 -0.70171
v -1.25446 2.47279 -0.85171
v -1.16175 2.41550 -1.00171
v -1.34717 2.41550 -1.00171
v -1.40446 2.26550 -1.09442
v -1.49717 2.32279 -0.94442
v -1.55446 2.17279 -0.85171
v -1.10446 2.26550 -0.60900
v -1.01175 2.32279 -0.75900
v -1.40446 2.08008 -0.60900
v -1.25446 2.17279 -0.55171
v -1.49717 2.02279 -0.94442
v -1.49717 2.02279 -0.75900
v -1.25446 2.17279 -1.15171
v -1.40446 2.08008 -1.09442
v -1.01175 2.32279 -0.94442
v -1.10446 2.26550 -1.09442
v -1.01175 2.02279 -0.75900
v -1.10446 2.08008 -0.60900
v -1.16175 1.93008 -0.70171
v -1.34717 1.93008 -0.70171
v -1.25446 1.87279 -0.85171
v -1.34717 1.93008 -1.00171
v -1.16175 1.93008 -1.00171
v -1.10446 2.08008 -1.09442
v -1.01175 2.02279 -0.94442
v -0.95446 2.17279 -0.85171
v -1.46259 2.38340 -0.80352
v -1.43080 2.37925 -0.72411
v -1.38463 2.43159 -0.77374
v -1.46507 2.22098 -0.64358
v -1.46092 2.30039 -0.67537
v -1.51326 2.25076 -0.72154
v -1.30265 2.38092 -0.64110
v -1.38206 2.34913 -0.64525
v -1.33243 2.30296 -0.59291
v -1.30320 2.45811 -0.77285
v -1.33644 2.46137 -0.85171
v -1.20627 2.38092 -0.64110
v -1.25446 2.42799 -0.69399
v -1.17248 2.46137 -0.85171
v -1.20572 2.45811 -0.77285
v -1.12429 2.43159 -0.77374
v -1.30320 2.45811 -0.93057
v -1.38463 2.43159 -0.92968
v -1.12429 2.43159 -0.92968
v -1.20572 2.45811 -0.93057
v -1.30265 2.38092 -1.06232
v -1.25446 2.42799 -1.00943
v -1.20627 2.38092 -1.06232
v -1.43080 2.37925 -0.97931
v -1.46259 2.38340 -0.89990
v -1.33243 2.30296 -1.11051
v -1.38206 2.34913 -1.05817
v -1.51326 2.25076 -0.98188
v -1.46092 2.30039 -1.02805
v -1.46507 2.22098 -1.05984
v -1.50966 2.33051 -0.85171
v -1.54304 2.17279 -0.93369
v -1.53978 2.25165 -0.90045
v -1.53978 2.25165 -0.80297
v -1.54304 2.17279 -0.76973
v -1.07812 2.37925 -0.72411
v -1.04633 2.38340 -0.80352
v -1.17649 2.30296 -0.59291
v -1.12686 2.34913 -0.64525
v -0.99566 2.25076 -0.72154
v -1.04800 2.30039 -0.67537
v -1.04385 2.22098 -0.64358
v -1.33332 2.22153 -0.56639
v -1.25446 2.25477 -0.56313
v -1.46507 2.12460 -0.64358
v -1.41218 2.17279 -0.59651
v -1.25446 2.09081 -0.56313
v -1.33332 2.12405 -0.56639
v -1.33243 2.04262 -0.59291
v -1.53978 2.09393 -0.80297
v -1.51326 2.09482 -0.72154
v -1.51326 2.09482 -0.98188
v -1.53978 2.09393 -0.90045
v -1.46259 1.96218 -0.80352
v -1.50966 2.01507 -0.85171
v -1.46259 1.96218 -0.89990
v -1.41218 2.17279 -1.10691
v -1.46507 2.12460 -1.05984
v -1.25446 2.25477 -1.14029
v -1.33332 2.22153 -1.13703
v -1.33243 2.04262 -1.11051
v -1.33332 2.12405 -1.13703
v -1.25446 2.09081 -1.14029
v -1.12686 2.34913 -1.05817
v -1.17649 2.30296 -1.11051
v -1.04633 2.38340 -0.89990
v -1.07812 2.37925 -0.97931
v -1.04385 2.22098 -1.05984
v -1.04800 2.30039 -1.02805
v -0.99566 2.25076 -0.98188
v -1.04633 1.96218 -0.80352
v -1.07812 1.96633 -0.72411
v -1.12429 1.91399 -0.77374
v -1.04385 2.12460 -0.64358
v -1.04800 2.04519 -0.67537
v -0.99566 2.09482 -0.72154
v -1.20627 1.96466 -0.64110
v -1.12686 1.99645 -0.64525
v -1.17649 2.04262 -0.59291
v -1.20572 1.88747 -0.77285
v -1.17248 1.88421 -0.85171
v -1.30265 1.96466 -0.64110
v -1.25446 1.91759 -0.69399
v -1.33644 1.88421 -0.85171
v -1.30320 1.88747 -0.77285
v -1.38463 1.91399 -0.77374
v -1.20572 1.88747 -0.93057
v -1.12429 1.91399 -0.92968
v -1.38463 1.91399 -0.92968
v -1.30320 1.88747 -0.93057
v -1.20627 1.96466 -1.06232
v -1.25446 1.91759 -1.00943
v -1.30265 1.96466 -1.06232
v -1.07812 1.96633 -0.97931
v -1.04633 1.96218 -0.89990
v -1.17649 2.04262 -1.11051
v -1.12686 1.99645 -1.05817
v -0.99566 2.09482 -0.98188
v -1.04800 2.04519 -1.02805
v -1.04385 2.12460 -1.05984
v -0.99926 2.01507 -0.85171
v -0.96588 2.17279 -0.93369
v -0.96914 2.09393 -0.90045
v -0.96914 2.09393 -0.80297
v -0.96588 2.17279 -0.76973
v -1.17560 2.12405 -0.56639
v -1.09674 2.17279 -0.59651
v -1.17560 2.22153 -0.56639
v -1.43080 1.96633 -0.72411
v -1.38206 1.99645 -0.64525
v -1.46092 2.04519 -0.67537
v -1.38206 1.99645 -1.05817
v -1.43080 1.96633 -0.97931
v -1.46092 2.04519 -1.02805
v -1.09674 2.17279 -1.10691
v -1.17560 2.12405 -1.13703
v -1.17560 2.22153 -1.13703
v -0.96914 2.25165 -0.80297
v -0.96914 2.25165 -0.90045
v -0.99926 2.33051 -0.85171
v -2.66664 0.25520 -0.85171
v -2.35120 0.25520 -0.85171
v -2.66664 -0.25520 -0.85171
v -2.35120 -0.25520 -0.85171
v -2.50892 -0.15772 -0.59651
v -2.50892 0.15772 -0.59651
v -2.50892 -0.15772 -1.10691
v -2.50892 0.15772 -1.10691
v -2.25372 0.00000 -1.00943
v -2.25372 0.00000 -0.69399
v -2.76412 0.00000 -1.00943
v -2.76412 0.00000 -0.69399
v -2.75163 0.15000 -0.75900
v -2.65892 0.09271 -0.60900
v -2.60163 0.24271 -0.70171
v -2.41621 0.24271 -0.70171
v -2.50892 0.30000 -0.85171
v -2.41621 0.24271 -1.00171
v -2.60163 0.24271 -1.00171
v -2.65892 0.09271 -1.09442
v -2.75163 0.15000 -0.94442
v -2.80892 0.00000 -0.85171
v -2.35892 0.09271 -0.60900
v -2.26621 0.15000 -0.75900
v -2.65892 -0.09271 -0.60900
v -2.50892 0.00000 -0.55171
v -2.75163 -0.15000 -0.94442
v -2.75163 -0.15000 -0.75900
v -2.50892 0.00000 -1.15171
v -2.65892 -0.09271 -1.09442
v -2.26621 0.15000 -0.94442
v -2.35892 0.09271 -1.09442
v -2.26621 -0.15000 -0.75900
v -2.35892 -0.09271 -0.60900
v -2.41621 -0.24271 -0.70171
v -2.60163 -0.24271 -0.70171
v -2.50892 -0.30000 -0.85171
v -2.60163 -0.24271 -1.00171
v -2.41621 -0.24271 -1.00171
v -2.35892 -0.09271 -1.09442
v -2.26621 -0.15000 -0.94442
v -2.20892 0.00000 -0.85171
v -2.71705 0.21061 -0.80352
v -2.68526 0.20646 -0.72411
v -2.63909 0.25880 -0.77374
v -2.71953 0.04819 -0.64358
v -2.71538 0.12760 -0.67537
v -2.76772 0.07797 -0.72154
v -2.55711 0.20813 -0.64110
v -2.63652 0.17634 -0.64525
v -2.58689 0.13017 -0.59291
v -2.55766 0.28532 -0.77285
v -2.59090 0.28858 -0.85171
v -2.46073 0.20813 -0.64110
v -2.50892 0.25520 -0.69399
v -2.42694 0.28858 -0.85171
v -2.46018 0.28532 -0.77285
v -2.37875 0.25880 -0.77374
v -2.55766 0.28532 -0.93057
v -2.63909 0.25880 -0.92968
v -2.37875 0.25880 -0.92968
v -2.46018 0.28532 -0.93057
v -2.55711 0.20813 -1.06232
v -2.50892 0.25520 -1.00943
v -2.46073 0.20813 -1.06232
v -2.68526 0.20646 -0.97931
v -2.71705 0.21061 -0.89990
v -2.58689 0.13017 -1.11051
v -2.63652 0.17634 -1.05817
v -2.76772 0.07797 -0.98188
v -2.71538 0.12760 -1.02805
v -2.71953 0.04819 -1.05984
v -2.76412 0.15772 -0.85171
v -2.79750 0.00000 -0.93369
v -2.79424 0.07886 -0.90045
v -2.79424 0.07886 -0.80297
v -2.79750 0.00000 -0.76973
v -2.33258 0.20646 -0.72411
v -2.30079 0.21061 -0.80352
v -2.43095 0.13017 -0.59291
v -2.38132 0.17634 -0.64525
v -2.25012 0.07797 -0.72154
v -2.30246 0.12760 -0.67537
v -2.29831 0.04819 -0.64358
v -2.58778 0.04874 -0.56639
v -2.50892 0.08198 -0.56313
v -2.71953 -0.04819 -0.64358
v -2.66664 0.00000 -0.59651
v -2.50892 -0.08198 -0.56313
v -2.58778 -0.04874 -0.56639
v -2.58689 -0.13017 -0.59291
v -2.79424 -0.07886 -0.80297
v -2.76772 -0.07797 -0.72154
v -2.76772 -0.07797 -0.98188
v -2.79424 -0.07886 -0.90045
v -2.71705 -0.21061 -0.80352
v -2.76412 -0.15772 -0.85171
v -2.71705 -0.21061 -0.89990
v -2.66664 0.00000 -1.10691
v -2.71953 -0.04819 -1.05984
v -2.50892 0.08198 -1.14029
v -2.58778 0.04874 -1.13703
v -2.58689 -0.13017 -1.11051
v -2.58778 -0.04874 -1.13703
v -2.50892 -0.08198 -1.14029
v -2.38132 0.17634 -1.05817
v -2.43095 0.13017 -1.11051
v -2.30079 0.21061 -0.89990
v -2.33258 0.20646 -0.97931
v -2.29831 0.04819 -1.05984
v -2.30246 0.12760 -1.02805
v -2.25012 0.07797 -0.98188
v -2.30079 -0.21061 -0.80352
v -2.33258 -0.20646 -0.72411
v -2.37875 -0.25880 -0.77374
v -2.29831 -0.04819 -0.64358
v -2.30246 -0.12760 -0.67537
v -2.25012 -0.07797 -0.72154
v -2.46073 -0.20813 -0.64110
v -2.38132 -0.17634 -0.64525
v -2.43095 -0.13017 -0.59291
v -2.46018 -0.28532 -0.77285
v -2.42694 -0.28858 -0.85171
v -2.55711 -0.20813 -0.64110
v -2.50892 -0.25520 -0.69399
v -2.59090 -0.28858 -0.85171
v -2.55766 -0.28532 -0.77285
v -2.63909 -0.25880 -0.77374
v -2.46018 -0.28532 -0.93057
v -2.37875 -0.25880 -0.92968
v -2.63909 -0.25880 -0.92968
v -2.55766 -0.28532 -0.93057
v -2.46073 -0.20813 -1.06232
v -2.50892 -0.25520 -1.00943
v -2.55711 -0.20813 -1.06232
v -2.33258 -0.20646 -0.97931
v -2.30079 -0.21061 -0.89990
v -2.43095 -0.13017 -1.11051
v -2.38132 -0.17634 -1.05817
v -2.25012 -0.07797 -0.98188
v -2.30246 -0.12760 -1.02805
v -2.29831 -0.04819 -1.05984
v -2.25372 -0.15772 -0.85171
v -2.22034 0.00000 -0.93369
v -2.22360 -0.07886 -0.90045
v -2.22360 -0.07886 -0.80297
v -2.22034 0.00000 -0.76973
v -2.43006 -0.04874 -0.56639
v -2.35120 0.00000 -0.59651
v -2.43006 0.04874 -0.56639
v -2.68526 -0.20646 -0.72411
v -2.63652 -0.17634 -0.64525
v -2.71538 -0.12760 -0.67537
v -2.63652 -0.17634 -1.05817
v -2.68526 -0.20646 -0.97931
v -2.71538 -0.12760 -1.02805
v -2.35120 0.00000 -1.10691
v -2.43006 -0.04874 -1.13703
v -2.43006 0.04874 -1.13703
v -2.22360 0.07886 -0.80297
v -2.22360 0.07886 -0.90045
v -2.25372 0.15772 -0.85171
v -1.41218 -1.91759 -0.85171
v -1.09674 -1.91759 -0.85171
v -1.41218 -2.42799 -0.85171
v -1.09674 -2.42799 -0.85171
v -1.25446 -2.33051 -0.59651
v -1.25446 -2.01507 -0.59651
v -1.25446 -2.33051 -1.10691
v -1.25446 -2.01507 -1.10691
v -0.99926 -2.17279 -1.00943
v -0.99926 -2.17279 -0.69399
v -1.50966 -2.17279 -1.00943
v -1.50966 -2.17279 -0.69399
v -1.49717 -2.02279 -0.75900
v -1.40446 -2.08008 -0.60900
v -1.34717 -1.93008 -0.70171
v -1.16175 -1.93008 -0.70171
v -1.25446 -1.87279 -0.85171
v -1.16175 -1.93008 -1.00171
v -1.34717 -1.93008 -1.00171
v -1.40446 -2.08008 -1.09442
v -1.49717 -2.02279 -0.94442
v -1.55446 -2.17279 -0.85171
v -1.10446 -2.08008 -0.60900
v -1.01175 -2.02279 -0.75900
v -1.40446 -2.26550 -0.60900
v -1.25446 -2.17279 -0.55171
v -1.49717 -2.32279 -0.94442
v -1.49717 -2.32279 -0.75900
v -1.25446 -2.17279 -1.15171
v -1.40446 -2.26550 -1.09442
v -1.01175 -2.02279 -0.94442
v -1.10446 -2.08008 -1.09442
v -1.01175 -2.32279 -0.75900
v -1.10446 -2.26550 -0.60900
v -1.16175 -2.41550 -0.70171
v -1.34717 -2.41550 -0.70171
v -1.25446 -2.47279 -0.85171
v -1.34717 -2.41550 -1.00171
v -1.16175 -2.41550 -1.00171
v -1.10446 -2.26550 -1.09442
v -1.01175 -2.32279 -0.94442
v -0.95446 -2.17279 -0.85171
v -1.46259 -1.96218 -0.80352
v -1.43080 -1.96633 -0.72411
v -1.38463 -1.91399 -0.77374
v -1.46507 -2.12460 -0.64358
v -1.46092 -2.04519 -0.67537
v -1.51326 -2.09482 -0.72154
v -1.30265 -1.96466 -0.64110
v -1.38206 -1.99645 -0.64525
v -1.33243 -2.04262 -0.59291
v -1.30320 -1.88747 -0.77285
v -1.33644 -1.88421 -0.85171
v -1.20627 -1.96466 -0.64110
v -1.25446 -1.91759 -0.69399
v -1.17248 -1.88421 -0.85171
v -1.20572 -1.88747 -0.77285
v -1.12429 -1.91399 -0.77374
v -1.30320 -1.88747 -0.93057
v -1.38463 -1.91399 -0.92968
v -1.12429 -1.91399 -0.92968
v -1.20572 -1.88747 -0.93057
v -1.30265 -1.96466 -1.06232
v -1.25446 -1.91759 -1.00943
v -1.20627 -1.96466 -1.06232
v -1.43080 -1.96633 -0.97931
v -1.46259 -1.96218 -0.89990
v -1.33243 -2.04262 -1.11051
v -1.38206 -1.99645 -1.05817
v -1.51326 -2.09482 -0.98188
v -1.46092 -2.04519 -1.02805
v -1.46507 -2.12460 -1.05984
v -1.50966 -2.01507 -0.85171
v -1.54304 -2.17279 -0.93369
v -1.53978 -2.09393 -0.90045
v -1.53978 -2.09393 -0.80297
v -1.54304 -2.17279 -0.76973
v -1.07812 -1.96633 -0.72411
v -1.04633 -1.96218 -0.80352
v -1.17649 -2.04262 -0.59291
v -1.12686 -1.99645 -0.64525
v -0.99566 -2.09482 -0.72154
v -1.04800 -2.04519 -0.67537
v -1.04385 -2.12460 -0.64358
v -1.33332 -2.12405 -0.56639
v -1.25446 -2.09081 -0.56313
v -1.46507 -2.22098 -0.64358
v -1.41218 -2.17279 -0.59651
v -1.25446 -2.25477 -0.56313
v -1.33332 -2.22153 -0.56639
v -1.33243 -2.30296 -0.59291
v -1.53978 -2.25165 -0.80297
v -1.51326 -2.25076 -0.72154
v -1.51326 -2.25076 -0.98188
v -1.53978 -2.25165 -0.90045
v -1.46259 -2.38340 -0.80352
v -1.50966 -2.33051 -0.85171
v -1.46259 -2.38340 -0.89990
v -1.41218 -2.17279 -1.10691
v -1.46507 -2.22098 -1.05984
v -1.25446 -2.09081 -1.14029
v -1.33332 -2.12405 -1.13703
v -1.33243 -2.30296 -1.11051
v -1.33332 -2.22153 -1.13703
v -1.25446 -2.25477 -1.14029
v -1.12686 -1.99645 -1.05817
v -1.17649 -2.04262 -1.11051
v -1.04633 -1.96218 -0.89990
v -1.07812 -1.96633 -0.97931
v -1.04385 -2.12460 -1.05984
v -1.04800 -2.04519 -1.02805
v -0.99566 -2.09482 -0.98188
v -1.04633 -2.38340 -0.80352
v -1.07812 -2.37925 -0.72411
v -1.12429 -2.43159 -0.77374
v -1.04385 -2.22098 -0.64358
v -1.04800 -2.30039 -0.67537
v -0.99566 -2.25076 -0.72154
v -1.20627 -2.38092 -0.64110
v -1.12686 -2.34913 -0.64525
v -1.17649 -2.30296 -0.59291
v -1.20572 -2.45811 -0.77285
v -1.17248 -2.46137 -0.85171
v -1.30265 -2.38092 -0.64110
v -1.25446 -2.42799 -0.69399
v -1.33644 -2.46137 -0.85171
v -1.30320 -2.45811 -0.77285
v -1.38463 -2.43159 -0.77374
v -1.20572 -2.45811 -0.93057
v -1.12429 -2.43159 -0.92968
v -1.38463 -2.43159 -0.92968
v -1.30320 -2.45811 -0.93057
v -1.20627 -2.38092 -1.06232
v -1.25446 -2.42799 -1.00943
v -1.30265 -2.38092 -1.06232
v -1.07812 -2.37925 -0.97931
v -1.04633 -2.38340 -0.89990
v -1.17649 -2.30296 -1.11051
v -1.12686 -2.34913 -1.05817
v -0.99566 -2.25076 -0.98188
v -1.04800 -2.30039 -1.02805
v -1.04385 -2.22098 -1.05984
v -0.99926 -2.33051 -0.85171
v -0.96588 -2.17279 -0.93369
v -0.96914 -2.25165 -0.90045
v -0.96914 -2.25165 -0.80297
v -0.96588 -2.17279 -0.76973
v -1.17560 -2.22153 -0.56639
v -1.09674 -2.17279 -0.59651
v -1.17560 -2.12405 -0.56639
v -1.43080 -2.37925 -0.72411
v -1.38206 -2.34913 -0.64525
v -1.46092 -2.30039 -0.67537
v -1.38206 -2.34913 -1.05817
v -1.43080 -2.37925 -0.97931
v -1.46092 -2.30039 -1.02805
v -1.09674 -2.17279 -1.10691
v -1.17560 -2.22153 -1.13703
v -1.17560 -2.12405 -1.13703
v -0.96914 -2.09393 -0.80297
v -0.96914 -2.09393 -0.90045
v -0.99926 -2.01507 -0.85171
v 1.09674 -1.91759 -0.85171
v 1.41218 -1.91759 -0.85171
v 1.09674 -2.42799 -0.85171
v 1.41218 -2.42799 -0.85171
v 1.25446 -2.33051 -0.59651
v 1.25446 -2.01507 -0.59651
v 1.25446 -2.33051 -1.10691
v 1.25446 -2.01507 -1.10691
v 1.50966 -2.17279 -1.00943
v 1.50966 -2.17279 -0.69399
v 0.99926 -2.17279 -1.00943
v 0.99926 -2.17279 -0.69399
v 1.01175 -2.02279 -0.75900
v 1.10446 -2.08008 -0.60900
v 1.16175 -1.93008 -0.70171
v 1.34717 -1.93008 -0.70171
v 1.25446 -1.87279 -0.85171
v 1.34717 -1.93008 -1.00171
v 1.16175 -1.93008 -1.00171
v 1.10446 -2.08008 -1.09442
v 1.01175 -2.02279 -0.94442
v 0.95446 -2.17279 -0.85171
v 1.40446 -2.08008 -0.60900
v 1.49717 -2.02279 -0.75900
v 1.10446 -2.26550 -0.60900
v 1.25446 -2.17279 -0.55171
v 1.01175 -2.32279 -0.94442
v 1.01175 -2.32279 -0.75900
v 1.25446 -2.17279 -1.15171
v 1.10446 -2.26550 -1.09442
v 1.49717 -2.02279 -0.94442
v 1.40446 -2.08008 -1.09442
v 1.49717 -2.32279 -0.75900
v 1.40446 -2.26550 -0.60900
v 1.34717 -2.41550 -0.70171
v 1.16175 -2.41550 -0.70171
v 1.25446 -2.47279 -0.85171
v 1.16175 -2.41550 -1.00171
v 1.34717 -2.41550 -1.00171
v 1.40446 -2.26550 -1.09442
v 1.49717 -2.32279 -0.94442
v 1.55446 -2.17279 -0.85171
v 1.04633 -1.96218 -0.80352
v 1.07812 -1.96633 -0.72411
v 1.12429 -1.91399 -0.77374
v 1.04385 -2.12460 -0.64358
v 1.04800 -2.04519 -0.67537
v 0.99566 -2.09482 -0.72154
v 1.20627 -1.96466 -0.64110
v 1.12686 -1.99645 -0.64525
v 1.17649 -2.04262 -0.59291
v 1.20572 -1.88747 -0.77285
v 1.17248 -1.88421 -0.85171
v 1.30265 -1.96466 -0.64110
v 1.25446 -1.91759 -0.69399
v 1.33644 -1.88421 -0.85171
v 1.30320 -1.88747 -0.77285
v 1.38463 -1.91399 -0.77374
v 1.20572 -1.88747 -0.93057
v 1.12429 -1.91399 -0.92968
v 1.38463 -1.91399 -0.92968
v 1.30320 -1.88747 -0.93057
v 1.20627 -1.96466 -1.06232
v 1.25446 -1.91759 -1.00943
v 1.30265 -1.96466 -1.06232
v 1.07812 -1.96633 -0.97931
v 1.04633 -1.96218 -0.89990
v 1.17649 -2.04262 -1.11051
v 1.12686 -1.99645 -1.05817
v 0.99566 -2.09482 -0.98188
v 1.04800 -2.04519 -1.02805
v 1.04385 -2.12460 -1.05984
v 0.99926 -2.01507 -0.85171
v 0.96588 -2.17279 -0.93369
v 0.96914 -2.09393 -0.90045
v 0.96914 -2.09393 -0.80297
v 0.96588 -2.17279 -0.76973
v 1.43080 -1.96633 -0.72411
v 1.46259 -1.96218 -0.80352
v 1.33243 -2.04262 -0.59291
v 1.38206 -1.99645 -0.64525
v 1.51326 -2.09482 -0.72154
v 1.46092 -2.04519 -0.67537
v 1.46507 -2.12460 -0.64358
v 1.17560 -2.12405 -0.56639
v 1.25446 -2.09081 -0.56313
v 1.04385 -2.22098 -0.64358
v 1.09674 -2.17279 -0.59651
v 1.25446 -2.25477 -0.56313
v 1.17560 -2.22153 -0.56639
v 1.17649 -2.30296 -0.59291
v 0.96914 -2.25165 -0.80297
v 0.99566 -2.25076 -0.72154
v 0.99566 -2.25076 -0.98188
v 0.96914 -2.25165 -0.90045
v 1.04633 -2.38340 -0.80352
v 0.99926 -2.33051 -0.85171
v 1.04633 -2.38340 -0.89990
v 1.09674 -2.17279 -1.10691
v 1.04385 -2.22098 -1.05984
v 1.25446 -2.09081 -1.14029
v 1.17560 -2.12405 -1.13703
v 1.17649 -2.30296 -1.11051
v 1.17560 -2.22153 -1.13703
v 1.25446 -2.25477 -1.14029
v 1.38206 -1.99645 -1.05817
v 1.33243 -2.04262 -1.11051
v 1.46259 -1.96218 -0.89990
v 1.43080 -1.96633 -0.97931
v 1.46507 -2.12460 -1.05984
v 1.46092 -2.04519 -1.02805
v 1.51326 -2.09482 -0.98188
v 1.46259 -2.38340 -0.80352
v 1.43080 -2.37925 -0.72411
v 1.38463 -2.43159 -0.77374
v 1.46507 -2.22098 -0.64358
v 1.46092 -2.30039 -0.67537
v 1.51326 -2.25076 -0.72154
v 1.30265 -2.38092 -0.64110
v 1.38206 -2.34913 -0.64525
v 1.33243 -2.30296 -0.59291
v 1.30320 -2.45811 -0.77285
v 1.33644 -2.46137 -0.85171
v 1.20627 -2.38092 -0.64110
v 1.25446 -2.42799 -0.69399
v 1.17248 -2.46137 -0.85171
v 1.20572 -2.45811 -0.77285
v 1.12429 -2.43159 -0.77374
v 1.30320 -2.45811 -0.93057
v 1.38463 -2.43159 -0.92968
v 1.12429 -2.43159 -0.92968
v 1.20572 -2.45811 -0.93057
v 1.30265 -2.38092 -1.06232
v 1.25446 -2.42799 -1.00943
v 1.20627 -2.38092 -1.06232
v 1.43080 -2.37925 -0.97931
v 1.46259 -2.38340 -0.89990
v 1.33243 -2.30296 -1.11051
v 1.38206 -2.34913 -1.05817
v 1.51326 -2.25076 -0.98188
v 1.46092 -2.30039 -1.02805
v 1.46507 -2.22098 -1.05984
v 1.50966 -2.33051 -0.85171
v 1.54304 -2.17279 -0.93369
v 1.53978 -2.25165 -0.90045
v 1.53978 -2.25165 -0.80297
v 1.54304 -2.17279 -0.76973
v 1.33332 -2.22153 -0.56639
v 1.41218 -2.17279 -0.59651
v 1.33332 -2.12405 -0.56639
v 1.07812 -2.37925 -0.72411
v 1.12686 -2.34913 -0.64525
v 1.04800 -2.30039 -0.67537
v 1.12686 -2.34913 -1.05817
v 1.07812 -2.37925 -0.97931
v 1.04800 -2.30039 -1.02805
v 1.41218 -2.17279 -1.10691
v 1.33332 -2.22153 -1.13703
v 1.33332 -2.12405 -1.13703
v 1.53978 -2.09393 -0.80297
v 1.53978 -2.09393 -0.90045
v 1.50966 -2.01507 -0.85171
v 1.40992 0.25520 -1.40067
v 1.72536 0.25520 -1.40067
v 1.40992 -0.25520 -1.40067
v 1.72536 -0.25520 -1.40067
v 1.56764 -0.15772 -1.14547
v 1.56764 0.15772 -1.14547
v 1.56764 -0.15772 -1.65587
v 1.56764 0.15772 -1.65587
v 1.82284 0.00000 -1.55839
v 1.82284 0.00000 -1.24295
v 1.31244 0.00000 -1.55839
v 1.31244 0.00000 -1.24295
v 1.32493 0.15000 -1.30796
v 1.41764 0.09271 -1.15796
v 1.47493 0.24271 -1.25067
v 1.66035 0.24271 -1.25067
v 1.56764 0.30000 -1.40067
v 1.66035 0.24271 -1.55067
v 1.47493 0.24271 -1.55067
v 1.41764 0.09271 -1.64338
v 1.32493 0.15000 -1.49338
v 1.26764 0.00000 -1.40067
v 1.71764 0.09271 -1.15796
v 1.81035 0.15000 -1.30796
v 1.41764 -0.09271 -1.15796
v 1.56764 0.00000 -1.10067
v 1.32493 -0.15000 -1.49338
v 1.32493 -0.15000 -1.30796
v 1.56764 0.00000 -1.70067
v 1.41764 -0.09271 -1.64338
v 1.81035 0.15000 -1.49338
v 1.71764 0.09271 -1.64338
v 1.81035 -0.15000 -1.30796
v 1.71764 -0.09271 -1.15796
v 1.66035 -0.24271 -1.25067
v 1.47493 -0.24271 -1.25067
v 1.56764 -0.30000 -1.40067
v 1.47493 -0.24271 -1.55067
v 1.66035 -0.24271 -1.55067
v 1.71764 -0.09271 -1.64338
v 1.81035 -0.15000 -1.49338
v 1.86764 0.00000 -1.40067
v 1.35951 0.21061 -1.35248
v 1.39130 0.20646 -1.27307
v 1.43747 0.25880 -1.32270
v 1.35703 0.04819 -1.19254
v 1.36118 0.12760 -1.22433
v 1.30884 0.07797 -1.27050
v 1.51945 0.20813 -1.19006
v 1.44004 0.17634 -1.19421
v 1.48967 0.13017 -1.14187
v 1.51890 0.28532 -1.32181
v 1.48566 0.28858 -1.40067
v 1.61583 0.20813 -1.19006
v 1.56764 0.25520 -1.24295
v 1.64962 0.28858 -1.40067
v 1.61638 0.28532 -1.32181
v 1.69781 0.25880 -1.32270
v 1.51890 0.28532 -1.47953
v 1.43747 0.25880 -1.47864
v 1.69781 0.25880 -1.47864
v 1.61638 0.28532 -1.47953
v 1.51945 0.20813 -1.61128
v 1.56764 0.25520 -1.55839
v 1.61583 0.20813 -1.61128
v 1.39130 0.20646 -1.52827
v 1.35951 0.21061 -1.44886
v 1.48967 0.13017 -1.65947
v 1.44004 0.17634 -1.60713
v 1.30884 0.07797 -1.53084
v 1.36118 0.12760 -1.57701
v 1.35703 0.04819 -1.60880
v 1.31244 0.15772 -1.40067
v 1.27906 0.00000 -1.48265
v 1.28232 0.07886 -1.44941
v 1.28232 0.07886 -1.35193
v 1.27906 0.00000 -1.31869
v 1.74398 0.20646 -1.27307
v 1.77577 0.21061 -1.35248
v 1.64561 0.13017 -1.14187
v 1.69524 0.17634 -1.19421
v 1.82644 0.07797 -1.27050
v 1.77410 0.12760 -1.22433
v 1.77825 0.04819 -1.19254
v 1.48878 0.04874 -1.11535
v 1.56764 0.08198 -1.11209
v 1.35703 -0.04819 -1.19254
v 1.40992 0.00000 -1.14547
v 1.56764 -0.08198 -1.11209
v 1.48878 -0.04874 -1.11535
v 1.48967 -0.13017 -1.14187
v 1.28232 -0.07886 -1.35193
v 1.30884 -0.07797 -1.27050
v 1.30884 -0.07797 -1.53084
v 1.28232 -0.07886 -1.44941
v 1.35951 -0.21061 -1.35248
v 1.31244 -0.15772 -1.40067
v 1.35951 -0.21061 -1.44886
v 1.40992 0.00000 -1.65587
v 1.35703 -0.04819 -1.60880
v 1.56764 0.08198 -1.68925
v 1.48878 0.04874 -1.68599
v 1.48967 -0.13017 -1.65947
v 1.48878 -0.04874 -1.68599
v 1.56764 -0.08198 -1.68925
v 1.69524 0.17634 -1.60713
v 1.64561 0.13017 -1.65947
v 1.77577 0.21061 -1.44886
v 1.74398 0.20646 -1.52827
v 1.77825 0.04819 -1.60880
v 1.77410 0.12760 -1.57701
v 1.82644 0.07797 -1.53084
v 1.77577 -0.21061 -1.35248
v 1.74398 -0.20646 -1.27307
v 1.69781 -0.25880 -1.32270
v 1.77825 -0.04819 -1.19254
v 1.77410 -0.12760 -1.22433
v 1.82644 -0.07797 -1.27050
v 1.61583 -0.20813 -1.19006
v 1.69524 -0.17634 -1.19421
v 1.64561 -0.13017 -1.14187
v 1.61638 -0.28532 -1.32181
v 1.64962 -0.28858 -1.40067
v 1.51945 -0.20813 -1.19006
v 1.56764 -0.25520 -1.24295
v 1.48566 -0.28858 -1.40067
v 1.51890 -0.28532 -1.32181
v 1.43747 -0.25880 -1.32270
v 1.61638 -0.28532 -1.47953
v 1.69781 -0.25880 -1.47864
v 1.43747 -0.25880 -1.47864
v 1.51890 -0.28532 -1.47953
v 1.61583 -0.20813 -1.61128
v 1.56764 -0.25520 -1.55839
v 1.51945 -0.20813 -1.61128
v 1.74398 -0.20646 -1.52827
v 1.77577 -0.21061 -1.44886
v 1.64561 -0.13017 -1.65947
v 1.69524 -0.17634 -1.60713
v 1.82644 -0.07797 -1.53084
v 1.77410 -0.12760 -1.57701
v 1.77825 -0.04819 -1.60880
v 1.82284 -0.15772 -1.40067
v 1.85622 0.00000 -1.48265
v 1.85296 -0.07886 -1.44941
v 1.85296 -0.07886 -1.35193
v 1.85622 0.00000 -1.31869
v 1.64650 -0.04874 -1.11535
v 1.72536 0.00000 -1.14547
v 1.64650 0.04874 -1.11535
v 1.39130 -0.20646 -1.27307
v 1.44004 -0.17634 -1.19421
v 1.36118 -0.12760 -1.22433
v 1.44004 -0.17634 -1.60713
v 1.39130 -0.20646 -1.52827
v 1.36118 -0.12760 -1.57701
v 1.72536 0.00000 -1.65587
v 1.64650 -0.04874 -1.68599
v 1.64650 0.04874 -1.68599
v 1.85296 0.07886 -1.35193
v 1.85296 0.07886 -1.44941
v 1.82284 0.15772 -1.40067
v 0.62610 1.61282 -1.40067
v 0.94154 1.61282 -1.40067
v 0.62610 1.10242 -1.40067
v 0.94154 1.10242 -1.40067
v 0.78382 1.19990 -1.14547
v 0.78382 1.51534 -1.14547
v 0.78382 1.19990 -1.65587
v 0.78382 1.51534 -1.65587
v 1.03902 1.35762 -1.55839
v 1.03902 1.35762 -1.24295
v 0.52862 1.35762 -1.55839
v 0.52862 1.35762 -1.24295
v 0.54111 1.50762 -1.30796
v 0.63382 1.45033 -1.15796
v 0.69111 1.60033 -1.25067
v 0.87653 1.60033 -1.25067
v 0.78382 1.65762 -1.40067
v 0.87653 1.60033 -1.55067
v 0.69111 1.60033 -1.55067
v 0.63382 1.45033 -1.64338
v 0.54111 1.50762 -1.49338
v 0.48382 1.35762 -1.40067
v 0.93382 1.45033 -1.15796
v 1.02653 1.50762 -1.30796
v 0.63382 1.26491 -1.15796
v 0.78382 1.35762 -1.10067
v 0.54111 1.20762 -1.49338
v 0.54111 1.20762 -1.30796
v 0.78382 1.35762 -1.70067
v 0.63382 1.26491 -1.64338
v 1.02653 1.50762 -1.49338
v 0.93382 1.45033 -1.64338
v 1.02653 1.20762 -1.30796
v 0.93382 1.26491 -1.15796
v 0.87653 1.11491 -1.25067
v 0.69111 1.11491 -1.25067
v 0.78382 1.05762 -1.40067
v 0.69111 1.11491 -1.55067
v 0.87653 1.11491 -1.55067
v 0.93382 1.26491 -1.64338
v 1.02653 1.20762 -1.49338
v 1.08382 1.35762 -1.40067
v 0.57569 1.56823 -1.35248
v 0.60748 1.56408 -1.27307
v 0.65365 1.61642 -1.32270
v 0.57321 1.40581 -1.19254
v 0.57736 1.48522 -1.22433
v 0.52502 1.43559 -1.27050
v 0.73563 1.56575 -1.19006
v 0.65622 1.53396 -1.19421
v 0.70585 1.48779 -1.14187
v 0.73508 1.64294 -1.32181
v 0.70184 1.64620 -1.40067
v 0.83201 1.56575 -1.19006
v 0.78382 1.61282 -1.24295
v 0.86580 1.64620 -1.40067
v 0.83256 1.64294 -1.32181
v 0.91399 1.61642 -1.32270
v 0.73508 1.64294 -1.47953
v 0.65365 1.61642 -1.47864
v 0.91399 1.61642 -1.47864
v 0.83256 1.64294 -1.47953
v 0.73563 1.56575 -1.61128
v 0.78382 1.61282 -1.55839
v 0.83201 1.56575 -1.61128
v 0.60748 1.56408 -1.52827
v 0.57569 1.56823 -1.44886
v 0.70585 1.48779 -1.65947
v 0.65622 1.53396 -1.60713
v 0.52502 1.43559 -1.53084
v 0.57736 1.48522 -1.57701
v 0.57321 1.40581 -1.60880
v 0.52862 1.51534 -1.40067
v 0.49524 1.35762 -1.48265
v 0.49850 1.43648 -1.44941
v 0.49850 1.43648 -1.35193
v 0.49524 1.35762 -1.31869
v 0.96016 1.56408 -1.27307
v 0.99195 1.56823 -1.35248
v 0.86179 1.48779 -1.14187
v 0.91142 1.53396 -1.19421
v 1.04262 1.43559 -1.27050
v 0.99028 1.48522 -1.22433
v 0.99443 1.40581 -1.19254
v 0.70496 1.40636 -1.11535
v 0.78382 1.43960 -1.11209
v 0.57321 1.30943 -1.19254
v 0.62610 1.35762 -1.14547
v 0.78382 1.27564 -1.11209
v 0.70496 1.30888 -1.11535
v 0.70585 1.22745 -1.14187
v 0.49850 1.27876 -1.35193
v 0.52502 1.27965 -1.27050
v 0.52502 1.27965 -1.53084
v 0.49850 1.27876 -1.44941
v 0.57569 1.14701 -1.35248
v 0.52862 1.19990 -1.40067
v 0.57569 1.14701 -1.44886
v 0.62610 1.35762 -1.65587
v 0.57321 1.30943 -1.60880
v 0.78382 1.43960 -1.68925
v 0.70496 1.40636 -1.68599
v 0.70585 1.22745 -1.65947
v 0.70496 1.30888 -1.68599
v 0.78382 1.27564 -1.68925
v 0.91142 1.53396 -1.60713
v 0.86179 1.48779 -1.65947
v 0.99195 1.56823 -1.44886
v 0.96016 1.56408 -1.52827
v 0.99443 1.40581 -1.60880
v 0.99028 1.48522 -1.57701
v 1.04262 1.43559 -1.53084
v 0.99195 1.14701 -1.35248
v 0.96016 1.15116 -1.27307
v 0.91399 1.09882 -1.32270
v 0.99443 1.30943 -1.19254
v 0.99028 1.23002 -1.22433
v 1.04262 1.27965 -1.27050
v 0.83201 1.14949 -1.19006
v 0.91142 1.18128 -1.19421
v 0.86179 1.22745 -1.14187
v 0.83256 1.07230 -1.32181
v 0.86580 1.06904 -1.40067
v 0.73563 1.14949 -1.19006
v 0.78382 1.10242 -1.24295
v 0.70184 1.06904 -1.40067
v 0.73508 1.07230 -1.32181
v 0.65365 1.09882 -1.32270
v 0.83256 1.07230 -1.47953
v 0.91399 1.09882 -1.47864
v 0.65365 1.09882 -1.47864
v 0.73508 1.07230 -1.47953
v 0.83201 1.14949 -1.61128
v 0.78382 1.10242 -1.55839
v 0.73563 1.14949 -1.61128
v 0.96016 1.15116 -1.52827
v 0.99195 1.14701 -1.44886
v 0.86179 1.22745 -1.65947
v 0.91142 1.18128 -1.60713
v 1.04262 1.27965 -1.53084
v 0.99028 1.23002 -1.57701
v 0.99443 1.30943 -1.60880
v 1.03902 1.19990 -1.40067
v 1.07240 1.35762 -1.48265
v 1.06914 1.27876 -1.44941
v 1.06914 1.27876 -1.35193
v 1.07240 1.35762 -1.31869
v 0.86268 1.30888 -1.11535
v 0.94154 1.35762 -1.14547
v 0.86268 1.40636 -1.11535
v 0.60748 1.15116 -1.27307
v 0.65622 1.18128 -1.19421
v 0.57736 1.23002 -1.22433
v 0.65622 1.18128 -1.60713
v 0.60748 1.15116 -1.52827
v 0.57736 1.23002 -1.57701
v 0.94154 1.35762 -1.65587
v 0.86268 1.30888 -1.68599
v 0.86268 1.40636 -1.68599
v 1.06914 1.43648 -1.35193
v 1.06914 1.43648 -1.44941
v 1.03902 1.51534 -1.40067
v -0.94154 1.61282 -1.40067
v -0.62610 1.61282 -1.40067
v -0.94154 1.10242 -1.40067
v -0.62610 1.10242 -1.40067
v -0.78382 1.19990 -1.14547
v -0.78382 1.51534 -1.14547
v -0.78382 1.19990 -1.65587
v -0.78382 1.51534 -1.65587
v -0.52862 1.35762 -1.55839
v -0.52862 1.35762 -1.24295
v -1.03902 1.35762 -1.55839
v -1.03902 1.35762 -1.24295
v -1.02653 1.50762 -1.30796
v -0.93382 1.45033 -1.15796
v -0.87653 1.60033 -1.25067
v -0.69111 1.60033 -1.25067
v -0.78382 1.65762 -1.40067
v -0.69111 1.60033 -1.55067
v -0.87653 1.60033 -1.55067
v -0.93382 1.45033 -1.64338
v -1.02653 1.50762 -1.49338
v -1.08382 1.35762 -1.40067
v -0.63382 1.45033 -1.15796
v -0.54111 1.50762 -1.30796
v -0.93382 1.26491 -1.15796
v -0.78382 1.35762 -1.10067
v -1.02653 1.20762 -1.49338
v -1.02653 1.20762 -1.30796
v -0.78382 1.35762 -1.70067
v -0.93382 1.26491 -1.64338
v -0.54111 1.50762 -1.49338
v -0.63382 1.45033 -1.64338
v -0.54111 1.20762 -1.30796
v -0.63382 1.26491 -1.15796
v -0.69111 1.11491 -1.25067
v -0.87653 1.11491 -1.25067
v -0.78382 1.05762 -1.40067
v -0.87653 1.11491 -1.55067
v -0.69111 1.11491 -1.55067
v -0.63382 1.26491 -1.64338
v -0.54111 1.20762 -1.49338
v -0.48382 1.35762 -1.40067
v -0.99195 1.56823 -1.35248
v -0.96016 1.56408 -1.27307
v -0.91399 1.61642 -1.32270
v -0.99443 1.40581 -1.19254
v -0.99028 1.48522 -1.22433
v -1.04262 1.43559 -1.27050
v -0.83201 1.56575 -1.19006
v -0.91142 1.53396 -1.19421
v -0.86179 1.48779 -1.14187
v -0.83256 1.64294 -1.32181
v -0.86580 1.64620 -1.40067
v -0.73563 1.56575 -1.19006
v -0.78382 1.61282 -1.24295
v -0.70184 1.64620 -1.40067
v -0.73508 1.64294 -1.32181
v -0.65365 1.61642 -1.32270
v -0.83256 1.64294 -1.47953
v -0.91399 1.61642 -1.47864
v -0.65365 1.61642 -1.47864
v -0.73508 1.64294 -1.47953
v -0.83201 1.56575 -1.61128
v -0.78382 1.61282 -1.55839
v -0.73563 1.56575 -1.61128
v -0.96016 1.56408 -1.52827
v -0.99195 1.56823 -1.44886
v -0.86179 1.48779 -1.65947
v -0.91142 1.53396 -1.60713
v -1.04262 1.43559 -1.53084
v -0.99028 1.48522 -1.57701
v -0.99443 1.40581 -1.60880
v -1.03902 1.51534 -1.40067
v -1.07240 1.35762 -1.48265
v -1.06914 1.43648 -1.44941
v -1.06914 1.43648 -1.35193
v -1.07240 1.35762 -1.31869
v -0.60748 1.56408 -1.27307
v -0.57569 1.56823 -1.35248
v -0.70585 1.48779 -1.14187
v -0.65622 1.53396 -1.19421
v -0.52502 1.43559 -1.27050
v -0.57736 1.48522 -1.22433
v -0.57321 1.40581 -1.19254
v -0.86268 1.40636 -1.11535
v -0.78382 1.43960 -1.11209
v -0.99443 1.30943 -1.19254
v -0.94154 1.35762 -1.14547
v -0.78382 1.27564 -1.11209
v -0.86268 1.30888 -1.11535
v -0.86179 1.22745 -1.14187
v -1.06914 1.27876 -1.35193
v -1.04262 1.27965 -1.27050
v -1.04262 1.27965 -1.53084
v -1.06914 1.27876 -1.44941
v -0.99195 1.14701 -1.35248
v -1.03902 1.19990 -1.40067
v -0.99195 1.14701 -1.44886
v -0.94154 1.35762 -1.65587
v -0.99443 1.30943 -1.60880
v -0.78382 1.43960 -1.68925
v -0.86268 1.40636 -1.68599
v -0.86179 1.22745 -1.65947
v -0.86268 1.30888 -1.68599
v -0.78382 1.27564 -1.68925
v -0.65622 1.53396 -1.60713
v -0.70585 1.48779 -1.65947
v -0.57569 1.56823 -1.44886
v -0.60748 1.56408 -1.52827
v -0.57321 1.40581 -1.60880
v -0.57736 1.48522 -1.57701
v -0.52502 1.43559 -1.53084
v -0.57569 1.14701 -1.35248
v -0.60748 1.15116 -1.27307
v -0.65365 1.09882 -1.32270
v -0.57321 1.30943 -1.19254
v -0.57736 1.23002 -1.22433
v -0.52502 1.27965 -1.27050
v -0.73563 1.14949 -1.19006
v -0.65622 1.18128 -1.19421
v -0.70585 1.22745 -1.14187
v -0.73508 1.07230 -1.32181
v -0.70184 1.06904 -1.40067
v -0.83201 1.14949 -1.19006
v -0.78382 1.10242 -1.24295
v -0.86580 1.06904 -1.40067
v -0.83256 1.07230 -1.32181
v -0.91399 1.09882 -1.32270
v -0.73508 1.07230 -1.47953
v -0.65365 1.09882 -1.47864
v -0.91399 1.09882 -1.47864
v -0.83256 1.07230 -1.47953
v -0.73563 1.14949 -1.61128
v -0.78382 1.10242 -1.55839
v -0.83201 1.14949 -1.61128
v -0.60748 1.15116 -1.52827
v -0.57569 1.14701 -1.44886
v -0.70585 1.22745 -1.65947
v -0.65622 1.18128 -1.60713
v -0.52502 1.27965 -1.53084
v -0.57736 1.23002 -1.57701
v -0.57321 1.30943 -1.60880
v -0.52862 1.19990 -1.40067
v -0.49524 1.35762 -1.48265
v -0.49850 1.27876 -1.44941
v -0.49850 1.27876 -1.35193
v -0.49524 1.35762 -1.31869
v -0.70496 1.30888 -1.11535
v -0.62610 1.35762 -1.14547
v -0.70496 1.40636 -1.11535
v -0.96016 1.15116 -1.27307
v -0.91142 1.18128 -1.19421
v -0.99028 1.23002 -1.22433
v -0.91142 1.18128 -1.60713
v -0.96016 1.15116 -1.52827
v -0.99028 1.23002 -1.57701
v -0.62610 1.35762 -1.65587
v -0.70496 1.30888 -1.68599
v -0.70496 1.40636 -1.68599
v -0.49850 1.43648 -1.35193
v -0.49850 1.43648 -1.44941
v -0.52862 1.51534 -1.40067
v -1.72536 0.25520 -1.40067
v -1.40992 0.25520 -1.40067
v -1.72536 -0.25520 -1.40067
v -1.40992 -0.25520 -1.40067
v -1.56764 -0.15772 -1.14547
v -1.56764 0.15772 -1.14547
v -1.56764 -0.15772 -1.65587
v -1.56764 0.15772 -1.65587
v -1.31244 0.00000 -1.55839
v -1.31244 0.00000 -1.24295
v -1.82284 0.00000 -1.55839
v -1.82284 0.00000 -1.24295
v -1.81035 0.15000 -1.30796
v -1.71764 0.09271 -1.15796
v -1.66035 0.24271 -1.25067
v -1.47493 0.24271 -1.25067
v -1.56764 0.30000 -1.40067
v -1.47493 0.24271 -1.55067
v -1.66035 0.24271 -1.55067
v -1.71764 0.09271 -1.64338
v -1.81035 0.15000 -1.49338
v -1.86764 0.00000 -1.40067
v -1.41764 0.09271 -1.15796
v -1.32493 0.15000 -1.30796
v -1.71764 -0.09271 -1.15796
v -1.56764 0.00000 -1.10067
v -1.81035 -0.15000 -1.49338
v -1.81035 -0.15000 -1.30796
v -1.56764 0.00000 -1.70067
v -1.71764 -0.09271 -1.64338
v -1.32493 0.15000 -1.49338
v -1.41764 0.09271 -1.64338
v -1.32493 -0.15000 -1.30796
v -1.41764 -0.09271 -1.15796
v -1.47493 -0.24271 -1.25067
v -1.66035 -0.24271 -1.25067
v -1.56764 -0.30000 -1.40067
v -1.66035 -0.24271 -1.55067
v -1.47493 -0.24271 -1.55067
v -1.41764 -0.09271 -1.64338
v -1.32493 -0.15000 -1.49338
v -1.26764 0.00000 -1.40067
v -1.77577 0.21061 -1.35248
v -1.74398 0.20646 -1.27307
v -1.69781 0.25880 -1.32270
v -1.77825 0.04819 -1.19254
v -1.77410 0.12760 -1.22433
v -1.82644 0.07797 -1.27050
v -1.61583 0.20813 -1.19006
v -1.69524 0.17634 -1.19421
v -1.64561 0.13017 -1.14187
v -1.61638 0.28532 -1.32181
v -1.64962 0.28858 -1.40067
v -1.51945 0.20813 -1.19006
v -1.56764 0.25520 -1.24295
v -1.48566 0.28858 -1.40067
v -1.51890 0.28532 -1.32181
v -1.43747 0.25880 -1.32270
v -1.61638 0.28532 -1.47953
v -1.69781 0.25880 -1.47864
v -1.43747 0.25880 -1.47864
v -1.51890 0.28532 -1.47953
v -1.61583 0.20813 -1.61128
v -1.56764 0.25520 -1.55839
v -1.51945 0.20813 -1.61128
v -1.74398 0.20646 -1.52827
v -1.77577 0.21061 -1.44886
v -1.64561 0.13017 -1.65947
v -1.69524 0.17634 -1.60713
v -1.82644 0.07797 -1.53084
v -1.77410 0.12760 -1.57701
v -1.77825 0.04819 -1.60880
v -1.82284 0.15772 -1.40067
v -1.85622 0.00000 -1.48265
v -1.85296 0.07886 -1.44941
v -1.85296 0.07886 -1.35193
v -1.85622 0.00000 -1.31869
v -1.39130 0.20646 -1.27307
v -1.35951 0.21061 -1.35248
v -1.48967 0.13017 -1.14187
v -1.44004 0.17634 -1.19421
v -1.30884 0.07797 -1.27050
v -1.36118 0.12760 -1.22433
v -1.35703 0.04819 -1.19254
v -1.64650 0.04874 -1.11535
v -1.56764 0.08198 -1.11209
v -1.77825 -0.04819 -1.19254
v -1.72536 0.00000 -1.14547
v -1.56764 -0.08198 -1.11209
v -1.64650 -0.04874 -1.11535
v -1.64561 -0.13017 -1.14187
v -1.85296 -0.07886 -1.35193
v -1.82644 -0.07797 -1.27050
v -1.82644 -0.07797 -1.53084
v -1.85296 -0.07886 -1.44941
v -1.77577 -0.21061 -1.35248
v -1.82284 -0.15772 -1.40067
v -1.77577 -0.21061 -1.44886
v -1.72536 0.00000 -1.65587
v -1.77825 -0.04819 -1.60880
v -1.56764 0.08198 -1.68925
v -1.64650 0.04874 -1.68599
v -1.64561 -0.13017 -1.65947
v -1.64650 -0.04874 -1.68599
v -1.56764 -0.08198 -1.68925
v -1.44004 0.17634 -1.60713
v -1.48967 0.13017 -1.65947
v -1.35951 0.21061 -1.44886
v -1.39130 0.20646 -1.52827
v -1.35703 0.04819 -1.60880
v -1.36118 0.12760 -1.57701
v -1.30884 0.07797 -1.53084
v -1.35951 -0.21061 -1.35248
v -1.39130 -0.20646 -1.27307
v -1.43747 -0.25880 -1.32270
v -1.35703 -0.04819 -1.19254
v -1.36118 -0.12760 -1.22433
v -1.30884 -0.07797 -1.27050
v -1.51945 -0.20813 -1.19006
v -1.44004 -0.17634 -1.19421
v -1.48967 -0.13017 -1.14187
v -1.51890 -0.28532 -1.32181
v -1.48566 -0.28858 -1.40067
v -1.61583 -0.20813 -1.19006
v -1.56764 -0.25520 -1.24295
v -1.64962 -0.28858 -1.40067
v -1.61638 -0.28532 -1.32181
v -1.69781 -0.25880 -1.32270
v -1.51890 -0.28532 -1.47953
v -1.43747 -0.25880 -1.47864
v -1.69781 -0.25880 -1.47864
v -1.61638 -0.28532 -1.47953
v -1.51945 -0.20813 -1.61128
v -1.56764 -0.25520 -1.55839
v -1.61583 -0.20813 -1.61128
v -1.39130 -0.20646 -1.52827
v -1.35951 -0.21061 -1.44886
v -1.48967 -0.13017 -1.65947
v -1.44004 -0.17634 -1.60713
v -1.30884 -0.07797 -1.53084
v -1.36118 -0.12760 -1.57701
v -1.35703 -0.04819 -1.60880
v -1.31244 -0.15772 -1.40067
v -1.27906 0.00000 -1.48265
v -1.28232 -0.07886 -1.44941
v -1.28232 -0.07886 -1.35193
v -1.27906 0.00000 -1.31869
v -1.48878 -0.04874 -1.11535
v -1.40992 0.00000 -1.14547
v -1.48878 0.04874 -1.11535
v -1.74398 -0.20646 -1.27307
v -1.69524 -0.17634 -1.19421
v -1.77410 -0.12760 -1.22433
v -1.69524 -0.17634 -1.60713
v -1.74398 -0.20646 -1.52827
v -1.77410 -0.12760 -1.57701
v -1.40992 0.00000 -1.65587
v -1.48878 -0.04874 -1.68599
v -1.48878 0.04874 -1.68599
v -1.28232 0.07886 -1.35193
v -1.28232 0.07886 -1.44941
v -1.31244 0.15772 -1.40067
v -0.94154 -1.10242 -1.40067
v -0.62610 -1.10242 -1.40067
v -0.94154 -1.61282 -1.40067
v -0.62610 -1.61282 -1.40067
v -0.78382 -1.51534 -1.14547
v -0.78382 -1.19990 -1.14547
v -0.78382 -1.51534 -1.65587
v -0.78382 -1.19990 -1.65587
v -0.52862 -1.35762 -1.55839
v -0.52862 -1.35762 -1.24295
v -1.03902 -1.35762 -1.55839
v -1.03902 -1.35762 -1.24295
v -1.02653 -1.20762 -1.30796
v -0.93382 -1.26491 -1.15796
v -0.87653 -1.11491 -1.25067
v -0.69111 -1.11491 -1.25067
v -0.78382 -1.05762 -1.40067
v -0.69111 -1.11491 -1.55067
v -0.87653 -1.11491 -1.55067
v -0.93382 -1.26491 -1.64338
v -1.02653 -1.20762 -1.49338
v -1.08382 -1.35762 -1.40067
v -0.63382 -1.26491 -1.15796
v -0.54111 -1.20762 -1.30796
v -0.93382 -1.45033 -1.15796
v -0.78382 -1.35762 -1.10067
v -1.02653 -1.50762 -1.49338
v -1.02653 -1.50762 -1.30796
v -0.78382 -1.35762 -1.70067
v -0.93382 -1.45033 -1.64338
v -0.54111 -1.20762 -1.49338
v -0.63382 -1.26491 -1.64338
v -0.54111 -1.50762 -1.30796
v -0.63382 -1.45033 -1.15796
v -0.69111 -1.60033 -1.25067
v -0.87653 -1.60033 -1.25067
v -0.78382 -1.65762 -1.40067
v -0.87653 -1.60033 -1.55067
v -0.69111 -1.60033 -1.55067
v -0.63382 -1.45033 -1.64338
v -0.54111 -1.50762 -1.49338
v -0.48382 -1.35762 -1.40067
v -0.99195 -1.14701 -1.35248
v -0.96016 -1.15116 -1.27307
v -0.91399 -1.09882 -1.32270
v -0.99443 -1.30943 -1.19254
v -0.99028 -1.23002 -1.22433
v -1.04262 -1.27965 -1.27050
v -0.83201 -1.14949 -1.19006
v -0.91142 -1.18128 -1.19421
v -0.86179 -1.22745 -1.14187
v -0.83256 -1.07230 -1.32181
v -0.86580 -1.06904 -1.40067
v -0.73563 -1.14949 -1.19006
v -0.78382 -1.10242 -1.24295
v -0.70184 -1.06904 -1.40067
v -0.73508 -1.07230 -1.32181
v -0.65365 -1.09882 -1.32270
v -0.83256 -1.07230 -1.47953
v -0.91399 -1.09882 -1.47864
v -0.65365 -1.09882 -1.47864
v -0.73508 -1.07230 -1.47953
v -0.83201 -1.14949 -1.61128
v -0.78382 -1.10242 -1.55839
v -0.73563 -1.14949 -1.61128
v -0.96016 -1.15116 -1.52827
v -0.99195 -1.14701 -1.44886
v -0.86179 -1.22745 -1.65947
v -0.91142 -1.18128 -1.60713
v -1.04262 -1.27965 -1.53084
v -0.99028 -1.23002 -1.57701
v -0.99443 -1.30943 -1.60880
v -1.03902 -1.19990 -1.40067
v -1.07240 -1.35762 -1.48265
v -1.06914 -1.27876 -1.44941
v -1.06914 -1.27876 -1.35193
v -1.07240 -1.35762 -1.31869
v -0.60748 -1.15116 -1.27307
v -0.57569 -1.14701 -1.35248
v -0.70585 -1.22745 -1.14187
v -0.65622 -1.18128 -1.19421
v -0.52502 -1.27965 -1.27050
v -0.57736 -1.23002 -1.22433
v -0.57321 -1.30943 -1.19254
v -0.86268 -1.30888 -1.11535
v -0.78382 -1.27564 -1.11209
v -0.99443 -1.40581 -1.19254
v -0.94154 -1.35762 -1.14547
v -0.78382 -1.43960 -1.11209
v -0.86268 -1.40636 -1.11535
v -0.86179 -1.48779 -1.14187
v -1.06914 -1.43648 -1.35193
v -1.04262 -1.43559 -1.27050
v -1.04262 -1.43559 -1.53084
v -1.06914 -1.43648 -1.44941
v -0.99195 -1.56823 -1.35248
v -1.03902 -1.51534 -1.40067
v -0.99195 -1.56823 -1.44886
v -0.94154 -1.35762 -1.65587
v -0.99443 -1.40581 -1.60880
v -0.78382 -1.27564 -1.68925
v -0.86268 -1.30888 -1.68599
v -0.86179 -1.48779 -1.65947
v -0.86268 -1.40636 -1.68599
v -0.78382 -1.43960 -1.68925
v -0.65622 -1.18128 -1.60713
v -0.70585 -1.22745 -1.65947
v -0.57569 -1.14701 -1.44886
v -0.60748 -1.15116 -1.52827
v -0.57321 -1.30943 -1.60880
v -0.57736 -1.23002 -1.57701
v -0.52502 -1.27965 -1.53084
v -0.57569 -1.56823 -1.35248
v -0.60748 -1.56408 -1.27307
v -0.65365 -1.61642 -1.32270
v -0.57321 -1.40581 -1.19254
v -0.57736 -1.48522 -1.22433
v -0.52502 -1.43559 -1.27050
v -0.73563 -1.56575 -1.19006
v -0.65622 -1.53396 -1.19421
v -0.70585 -1.48779 -1.14187
v -0.73508 -1.64294 -1.32181
v -0.70184 -1.64620 -1.40067
v -0.83201 -1.56575 -1.19006
v -0.78382 -1.61282 -1.24295
v -0.86580 -1.64620 -1.40067
v -0.83256 -1.64294 -1.32181
v -0.91399 -1.61642 -1.32270
v -0.73508 -1.64294 -1.47953
v -0.65365 -1.61642 -1.47864
v -0.91399 -1.61642 -1.47864
v -0.83256 -1.64294 -1.47953
v -0.73563 -1.56575 -1.61128
v -0.78382 -1.61282 -1.55839
v -0.83201 -1.56575 -1.61128
v -0.60748 -1.56408 -1.52827
v -0.57569 -1.56823 -1.44886
v -0.70585 -1.48779 -1.65947
v -0.65622 -1.53396 -1.60713
v -0.52502 -1.43559 -1.53084
v -0.57736 -1.48522 -1.57701
v -0.57321 -1.40581 -1.60880
v -0.52862 -1.51534 -1.40067
v -0.49524 -1.35762 -1.48265
v -0.49850 -1.43648 -1.44941
v -0.49850 -1.43648 -1.35193
v -0.49524 -1.35762 -1.31869
v -0.70496 -1.40636 -1.11535
v -0.62610 -1.35762 -1.14547
v -0.70496 -1.30888 -1.11535
v -0.96016 -1.56408 -1.27307
v -0.91142 -1.53396 -1.19421
v -0.99028 -1.48522 -1.22433
v -0.91142 -1.53396 -1.60713
v -0.96016 -1.56408 -1.52827
v -0.99028 -1.48522 -1.57701
v -0.62610 -1.35762 -1.65587
v -0.70496 -1.40636 -1.68599
v -0.70496 -1.30888 -1.68599
v -0.49850 -1.27876 -1.35193
v -0.49850 -1.27876 -1.44941
v -0.52862 -1.19990 -1.40067
v 0.62610 -1.10242 -1.40067
v 0.94154 -1.10242 -1.40067
v 0.62610 -1.61282 -1.40067
v 0.94154 -1.61282 -1.40067
v 0.78382 -1.51534 -1.14547
v 0.78382 -1.19990 -1.14547
v 0.78382 -1.51534 -1.65587
v 0.78382 -1.19990 -1.65587
v 1.03902 -1.35762 -1.55839
v 1.03902 -1.35762 -1.24295
v 0.52862 -1.35762 -1.55839
v 0.52862 -1.35762 -1.24295
v 0.54111 -1.20762 -1.30796
v 0.63382 -1.26491 -1.15796
v 0.69111 -1.11491 -1.25067
v 0.87653 -1.11491 -1.25067
v 0.78382 -1.05762 -1.40067
v 0.87653 -1.11491 -1.55067
v 0.69111 -1.11491 -1.55067
v 0.63382 -1.26491 -1.64338
v 0.54111 -1.20762 -1.49338
v 0.48382 -1.35762 -1.40067
v 0.93382 -1.26491 -1.15796
v 1.02653 -1.20762 -1.30796
v 0.63382 -1.45033 -1.15796
v 0.78382 -1.35762 -1.10067
v 0.54111 -1.50762 -1.49338
v 0.54111 -1.50762 -1.30796
v 0.78382 -1.35762 -1.70067
v 0.63382 -1.45033 -1.64338
v 1.02653 -1.20762 -1.49338
v 0.93382 -1.26491 -1.64338
v 1.02653 -1.50762 -1.30796
v 0.93382 -1.45033 -1.15796
v 0.87653 -1.60033 -1.25067
v 0.69111 -1.60033 -1.25067
v 0.78382 -1.65762 -1.40067
v 0.69111 -1.60033 -1.55067
v 0.87653 -1.60033 -1.55067
v 0.93382 -1.45033 -1.64338
v 1.02653 -1.50762 -1.49338
v 1.08382 -1.35762 -1.40067
v 0.57569 -1.14701 -1.35248
v 0.60748 -1.15116 -1.27307
v 0.65365 -1.09882 -1.32270
v 0.57321 -1.30943 -1.19254
v 0.57736 -1.23002 -1.22433
v 0.52502 -1.27965 -1.27050
v 0.73563 -1.14949 -1.19006
v 0.65622 -1.18128 -1.19421
v 0.70585 -1.22745 -1.14187
v 0.73508 -1.07230 -1.32181
v 0.70184 -1.06904 -1.40067
v 0.83201 -1.14949 -1.19006
v 0.78382 -1.10242 -1.24295
v 0.86580 -1.06904 -1.40067
v 0.83256 -1.07230 -1.32181
v 0.91399 -1.09882 -1.32270
v 0.73508 -1.07230 -1.47953
v 0.65365 -1.09882 -1.47864
v 0.91399 -1.09882 -1.47864
v 0.83256 -1.07230 -1.47953
v 0.73563 -1.14949 -1.61128
v 0.78382 -1.10242 -1.55839
v 0.83201 -1.14949 -1.61128
v 0.60748 -1.15116 -1.52827
v 0.57569 -1.14701 -1.44886
v 0.70585 -1.22745 -1.65947
v 0.65622 -1.18128 -1.60713
v 0.52502 -1.27965 -1.53084
v 0.57736 -1.23002 -1.57701
v 0.57321 -1.30943 -1.60880
v 0.52862 -1.19990 -1.40067
v 0.49524 -1.35762 -1.48265
v 0.49850 -1.27876 -1.44941
v 0.49850 -1.27876 -1.35193
v 0.49524 -1.35762 -1.31869
v 0.96016 -1.15116 -1.27307
v 0.99195 -1.14701 -1.35248
v 0.86179 -1.22745 -1.14187
v 0.91142 -1.18128 -1.19421
v 1.04262 -1.27965 -1.27050
v 0.99028 -1.23002 -1.22433
v 0.99443 -1.30943 -1.19254
v 0.70496 -1.30888 -1.11535
v 0.78382 -1.27564 -1.11209
v 0.57321 -1.40581 -1.19254
v 0.62610 -1.35762 -1.14547
v 0.78382 -1.43960 -1.11209
v 0.70496 -1.40636 -1.11535
v 0.70585 -1.48779 -1.14187
v 0.49850 -1.43648 -1.35193
v 0.52502 -1.43559 -1.27050
v 0.52502 -1.43559 -1.53084
v 0.49850 -1.43648 -1.44941
v 0.57569 -1.56823 -1.35248
v 0.52862 -1.51534 -1.40067
v 0.57569 -1.56823 -1.44886
v 0.62610 -1.35762 -1.65587
v 0.57321 -1.40581 -1.60880
v 0.78382 -1.27564 -1.68925
v 0.70496 -1.30888 -1.68599
v 0.70585 -1.48779 -1.65947
v 0.70496 -1.40636 -1.68599
v 0.78382 -1.43960 -1.68925
v 0.91142 -1.18128 -1.60713
v 0.86179 -1.22745 -1.65947
v 0.99195 -1.14701 -1.44886
v 0.96016 -1.15116 -1.52827
v 0.99443 -1.30943 -1.60880
v 0.99028 -1.23002 -1.57701
v 1.04262 -1.27965 -1.53084
v 0.99195 -1.56823 -1.35248
v 0.96016 -1.56408 -1.27307
v 0.91399 -1.61642 -1.32270
v 0.99443 -1.40581 -1.19254
v 0.99028 -1.48522 -1.22433
v 1.04262 -1.43559 -1.27050
v 0.83201 -1.56575 -1.19006
v 0.91142 -1.53396 -1.19421
v 0.86179 -1.48779 -1.14187
v 0.83256 -1.64294 -1.32181
v 0.86580 -1.64620 -1.40067
v 0.73563 -1.56575 -1.19006
v 0.78382 -1.61282 -1.24295
v 0.70184 -1.64620 -1.40067
v 0.73508 -1.64294 -1.32181
v 0.65365 -1.61642 -1.32270
v 0.83256 -1.64294 -1.47953
v 0.91399 -1.61642 -1.47864
v 0.65365 -1.61642 -1.47864
v 0.73508 -1.64294 -1.47953
v 0.83201 -1.56575 -1.61128
v 0.78382 -1.61282 -1.55839
v 0.73563 -1.56575 -1.61128
v 0.96016 -1.56408 -1.52827
v 0.99195 -1.56823 -1.44886
v 0.86179 -1.48779 -1.65947
v 0.91142 -1.53396 -1.60713
v 1.04262 -1.43559 -1.53084
v 0.99028 -1.48522 -1.57701
v 0.99443 -1.40581 -1.60880
v 1.03902 -1.51534 -1.40067
v 1.07240 -1.35762 -1.48265
v 1.06914 -1.43648 -1.44941
v 1.06914 -1.43648 -1.35193
v 1.07240 -1.35762 -1.31869
v 0.86268 -1.40636 -1.11535
v 0.94154 -1.35762 -1.14547
v 0.86268 -1.30888 -1.11535
v 0.60748 -1.56408 -1.27307
v 0.65622 -1.53396 -1.19421
v 0.57736 -1.48522 -1.22433
v 0.65622 -1.53396 -1.60713
v 0.60748 -1.56408 -1.52827
v 0.57736 -1.48522 -1.57701
v 0.94154 -1.35762 -1.65587
v 0.86268 -1.40636 -1.68599
v 0.86268 -1.30888 -1.68599
v 1.06914 -1.27876 -1.35193
v 1.06914 -1.27876 -1.44941
v 1.03902 -1.19990 -1.40067
v 1.03325 0.25520 -1.44364
v 1.34869 0.25520 -1.44364
v 1.03325 -0.25520 -1.44364
v 1.34869 -0.25520 -1.44364
v 1.19097 -0.15772 -1.18844
v 1.19097 0.15772 -1.18844
v 1.19097 -0.15772 -1.69884
v 1.19097 0.15772 -1.69884
v 1.44617 0.00000 -1.60136
v 1.44617 0.00000 -1.28592
v 0.93577 0.00000 -1.60136
v 0.93577 0.00000 -1.28592
v 0.94826 0.15000 -1.35093
v 1.04097 0.09271 -1.20093
v 1.09826 0.24271 -1.29364
v 1.28368 0.24271 -1.29364
v 1.19097 0.30000 -1.44364
v 1.28368 0.24271 -1.59364
v 1.09826 0.24271 -1.59364
v 1.04097 0.09271 -1.68635
v 0.94826 0.15000 -1.53635
v 0.89097 0.00000 -1.44364
v 1.34097 0.09271 -1.20093
v 1.43368 0.15000 -1.35093
v 1.04097 -0.09271 -1.20093
v 1.19097 0.00000 -1.14364
v 0.94826 -0.15000 -1.53635
v 0.94826 -0.15000 -1.35093
v 1.19097 0.00000 -1.74364
v 1.04097 -0.09271 -1.68635
v 1.43368 0.15000 -1.53635
v 1.34097 0.09271 -1.68635
v 1.43368 -0.15000 -1.35093
v 1.34097 -0.09271 -1.20093
v 1.28368 -0.24271 -1.29364
v 1.09826 -0.24271 -1.29364
v 1.19097 -0.30000 -1.44364
v 1.09826 -0.24271 -1.59364
v 1.28368 -0.24271 -1.59364
v 1.34097 -0.09271 -1.68635
v 1.43368 -0.15000 -1.53635
v 1.49097 0.00000 -1.44364
v 0.98284 0.21061 -1.39545
v 1.01463 0.20646 -1.31604
v 1.06080 0.25880 -1.36567
v 0.98036 0.04819 -1.23551
v 0.98451 0.12760 -1.26730
v 0.93217 0.07797 -1.31347
v 1.14278 0.20813 -1.23303
v 1.06337 0.17634 -1.23718
v 1.11300 0.13017 -1.18484
v 1.14223 0.28532 -1.36478
v 1.10899 0.28858 -1.44364
v 1.23916 0.20813 -1.23303
v 1.19097 0.25520 -1.28592
v 1.27295 0.28858 -1.44364
v 1.23971 0.28532 -1.36478
v 1.32114 0.25880 -1.36567
v 1.14223 0.28532 -1.52250
v 1.06080 0.25880 -1.52161
v 1.32114 0.25880 -1.52161
v 1.23971 0.28532 -1.52250
v 1.14278 0.20813 -1.65425
v 1.19097 0.25520 -1.60136
v 1.23916 0.20813 -1.65425
v 1.01463 0.20646 -1.57124
v 0.98284 0.21061 -1.49183
v 1.11300 0.13017 -1.70244
v 1.06337 0.17634 -1.65010
v 0.93217 0.07797 -1.57381
v 0.98451 0.12760 -1.61998
v 0.98036 0.04819 -1.65177
v 0.93577 0.15772 -1.44364
v 0.90239 0.00000 -1.52562
v 0.90565 0.07886 -1.49238
v 0.90565 0.07886 -1.39490
v 0.90239 0.00000 -1.36166
v 1.36731 0.20646 -1.31604
v 1.39910 0.21061 -1.39545
v 1.26894 0.13017 -1.18484
v 1.31857 0.17634 -1.23718
v 1.44977 0.07797 -1.31347
v 1.39743 0.12760 -1.26730
v 1.40158 0.04819 -1.23551
v 1.11211 0.04874 -1.15832
v 1.19097 0.08198 -1.15506
v 0.98036 -0.04819 -1.23551
v 1.03325 0.00000 -1.18844
v 1.19097 -0.08198 -1.15506
v 1.11211 -0.04874 -1.15832
v 1.11300 -0.13017 -1.18484
v 0.90565 -0.07886 -1.39490
v 0.93217 -0.07797 -1.31347
v 0.93217 -0.07797 -1.57381
v 0.90565 -0.07886 -1.49238
v 0.98284 -0.21061 -1.39545
v 0.93577 -0.15772 -1.44364
v 0.98284 -0.21061 -1.49183
v 1.03325 0.00000 -1.69884
v 0.98036 -0.04819 -1.65177
v 1.19097 0.08198 -1.73222
v 1.11211 0.04874 -1.72896
v 1.11300 -0.13017 -1.70244
v 1.11211 -0.04874 -1.72896
v 1.19097 -0.08198 -1.73222
v 1.31857 0.17634 -1.65010
v 1.26894 0.13017 -1.70244
v 1.39910 0.21061 -1.49183
v 1.36731 0.20646 -1.57124
v 1.40158 0.04819 -1.65177
v 1.39743 0.12760 -1.61998
v 1.44977 0.07797 -1.57381
v 1.39910 -0.21061 -1.39545
v 1.36731 -0.20646 -1.31604
v 1.32114 -0.25880 -1.36567
v 1.40158 -0.04819 -1.23551
v 1.39743 -0.12760 -1.26730
v 1.44977 -0.07797 -1.31347
v 1.23916 -0.20813 -1.23303
v 1.31857 -0.17634 -1.23718
v 1.26894 -0.13017 -1.18484
v 1.23971 -0.28532 -1.36478
v 1.27295 -0.28858 -1.44364
v 1.14278 -0.20813 -1.23303
v 1.19097 -0.25520 -1.28592
v 1.10899 -0.28858 -1.44364
v 1.14223 -0.28532 -1.36478
v 1.06080 -0.25880 -1.36567
v 1.23971 -0.28532 -1.52250
v 1.32114 -0.25880 -1.52161
v 1.06080 -0.25880 -1.52161
v 1.14223 -0.28532 -1.52250
v 1.23916 -0.20813 -1.65425
v 1.19097 -0.25520 -1.60136
v 1.14278 -0.20813 -1.65425
v 1.36731 -0.20646 -1.57124
v 1.39910 -0.21061 -1.49183
v 1.26894 -0.13017 -1.70244
v 1.31857 -0.17634 -1.65010
v 1.44977 -0.07797 -1.57381
v 1.39743 -0.12760 -1.61998
v 1.40158 -0.04819 -1.65177
v 1.44617 -0.15772 -1.44364
v 1.47955 0.00000 -1.52562
v 1.47629 -0.07886 -1.49238
v 1.47629 -0.07886 -1.39490
v 1.47955 0.00000 -1.36166
v 1.26983 -0.04874 -1.15832
v 1.34869 0.00000 -1.18844
v 1.26983 0.04874 -1.15832
v 1.01463 -0.20646 -1.31604
v 1.06337 -0.17634 -1.23718
v 0.98451 -0.12760 -1.26730
v 1.06337 -0.17634 -1.65010
v 1.01463 -0.20646 -1.57124
v 0.98451 -0.12760 -1.61998
v 1.34869 0.00000 -1.69884
v 1.26983 -0.04874 -1.72896
v 1.26983 0.04874 -1.72896
v 1.47629 0.07886 -1.39490
v 1.47629 0.07886 -1.49238
v 1.44617 0.15772 -1.44364
v 0.43777 1.28661 -1.44364
v 0.75321 1.28661 -1.44364
v 0.43777 0.77621 -1.44364
v 0.75321 0.77621 -1.44364
v 0.59549 0.87369 -1.18844
v 0.59549 1.18913 -1.18844
v 0.59549 0.87369 -1.69884
v 0.59549 1.18913 -1.69884
v 0.85069 1.03141 -1.60136
v 0.85069 1.03141 -1.28592
v 0.34029 1.03141 -1.60136
v 0.34029 1.03141 -1.28592
v 0.35278 1.18141 -1.35093
v 0.44549 1.12412 -1.20093
v 0.50278 1.27412 -1.29364
v 0.68820 1.27412 -1.29364
v 0.59549 1.33141 -1.44364
v 0.68820 1.27412 -1.59364
v 0.50278 1.27412 -1.59364
v 0.44549 1.12412 -1.68635
v 0.35278 1.18141 -1.53635
v 0.29549 1.03141 -1.44364
v 0.74549 1.12412 -1.20093
v 0.83820 1.18141 -1.35093
v 0.44549 0.93870 -1.20093
v 0.59549 1.03141 -1.14364
v 0.35278 0.88141 -1.53635
v 0.35278 0.88141 -1.35093
v 0.59549 1.03141 -1.74364
v 0.44549 0.93870 -1.68635
v 0.83820 1.18141 -1.53635
v 0.74549 1.12412 -1.68635
v 0.83820 0.88141 -1.35093
v 0.74549 0.93870 -1.20093
v 0.68820 0.78870 -1.29364
v 0.50278 0.78870 -1.29364
v 0.59549 0.73141 -1.44364
v 0.50278 0.78870 -1.59364
v 0.68820 0.78870 -1.59364
v 0.74549 0.93870 -1.68635
v 0.83820 0.88141 -1.53635
v 0.89549 1.03141 -1.44364
v 0.38736 1.24202 -1.39545
v 0.41915 1.23787 -1.31604
v 0.46532 1.29021 -1.36567
v 0.38488 1.07960 -1.23551
v 0.38903 1.15901 -1.26730
v 0.33669 1.10938 -1.31347
v 0.54730 1.23954 -1.23303
v 0.46789 1.20775 -1.23718
v 0.51752 1.16158 -1.18484
v 0.54675 1.31673 -1.36478
v 0.51351 1.31999 -1.44364
v 0.64368 1.23954 -1.23303
v 0.59549 1.28661 -1.28592
v 0.67747 1.31999 -1.44364
v 0.64423 1.31673 -1.36478
v 0.72566 1.29021 -1.36567
v 0.54675 1.31673 -1.52250
v 0.46532 1.29021 -1.52161
v 0.72566 1.29021 -1.52161
v 0.64423 1.31673 -1.52250
v 0.54730 1.23954 -1.65425
v 0.59549 1.28661 -1.60136
v 0.64368 1.23954 -1.65425
v 0.41915 1.23787 -1.57124
v 0.38736 1.24202 -1.49183
v 0.51752 1.16158 -1.70244
v 0.46789 1.20775 -1.65010
v 0.33669 1.10938 -1.57381
v 0.38903 1.15901 -1.61998
v 0.38488 1.07960 -1.65177
v 0.34029 1.18913 -1.44364
v 0.30691 1.03141 -1.52562
v 0.31017 1.11027 -1.49238
v 0.31017 1.11027 -1.39490
v 0.30691 1.03141 -1.36166
v 0.77183 1.23787 -1.31604
v 0.80362 1.24202 -1.39545
v 0.67346 1.16158 -1.18484
v 0.72309 1.20775 -1.23718
v 0.85429 1.10938 -1.31347
v 0.80195 1.15901 -1.26730
v 0.80610 1.07960 -1.23551
v 0.51663 1.08015 -1.15832
v 0.59549 1.11339 -1.15506
v 0.38488 0.98322 -1.23551
v 0.43777 1.03141 -1.18844
v 0.59549 0.94943 -1.15506
v 0.51663 0.98267 -1.15832
v 0.51752 0.90124 -1.18484
v 0.31017 0.95255 -1.39490
v 0.33669 0.95344 -1.31347
v 0.33669 0.95344 -1.57381
v 0.31017 0.95255 -1.49238
v 0.38736 0.82080 -1.39545
v 0.34029 0.87369 -1.44364
v 0.38736 0.82080 -1.49183
v 0.43777 1.03141 -1.69884
v 0.38488 0.98322 -1.65177
v 0.59549 1.11339 -1.73222
v 0.51663 1.08015 -1.72896
v 0.51752 0.90124 -1.70244
v 0.51663 0.98267 -1.72896
v 0.59549 0.94943 -1.73222
v 0.72309 1.20775 -1.65010
v 0.67346 1.16158 -1.70244
v 0.80362 1.24202 -1.49183
v 0.77183 1.23787 -1.57124
v 0.80610 1.07960 -1.65177
v 0.80195 1.15901 -1.61998
v 0.85429 1.10938 -1.57381
v 0.80362 0.82080 -1.39545
v 0.77183 0.82495 -1.31604
v 0.72566 0.77261 -1.36567
v 0.80610 0.98322 -1.23551
v 0.80195 0.90381 -1.26730
v 0.85429 0.95344 -1.31347
v 0.64368 0.82328 -1.23303
v 0.72309 0.85507 -1.23718
v 0.67346 0.90124 -1.18484
v 0.64423 0.74609 -1.36478
v 0.67747 0.74283 -1.44364
v 0.54730 0.82328 -1.23303
v 0.59549 0.77621 -1.28592
v 0.51351 0.74283 -1.44364
v 0.54675 0.74609 -1.36478
v 0.46532 0.77261 -1.36567
v 0.64423 0.74609 -1.52250
v 0.72566 0.77261 -1.52161
v 0.46532 0.77261 -1.52161
v 0.54675 0.74609 -1.52250
v 0.64368 0.82328 -1.65425
v 0.59549 0.77621 -1.60136
v 0.54730 0.82328 -1.65425
v 0.77183 0.82495 -1.57124
v 0.80362 0.82080 -1.49183
v 0.67346 0.90124 -1.70244
v 0.72309 0.85507 -1.65010
v 0.85429 0.95344 -1.57381
v 0.80195 0.90381 -1.61998
v 0.80610 0.98322 -1.65177
v 0.85069 0.87369 -1.44364
v 0.88407 1.03141 -1.52562
v 0.88081 0.95255 -1.49238
v 0.88081 0.95255 -1.39490
v 0.88407 1.03141 -1.36166
v 0.67435 0.98267 -1.15832
v 0.75321 1.03141 -1.18844
v 0.67435 1.08015 -1.15832
v 0.41915 0.82495 -1.31604
v 0.46789 0.85507 -1.23718
v 0.38903 0.90381 -1.26730
v 0.46789 0.85507 -1.65010
v 0.41915 0.82495 -1.57124
v 0.38903 0.90381 -1.61998
v 0.75321 1.03141 -1.69884
v 0.67435 0.98267 -1.72896
v 0.67435 1.08015 -1.72896
v 0.88081 1.11027 -1.39490
v 0.88081 1.11027 -1.49238
v 0.85069 1.18913 -1.44364
v -0.75321 1.28661 -1.44364
v -0.43777 1.28661 -1.44364
v -0.75321 0.77621 -1.44364
v -0.43777 0.77621 -1.44364
v -0.59549 0.87369 -1.18844
v -0.59549 1.18913 -1.18844
v -0.59549 0.87369 -1.69884
v -0.59549 1.18913 -1.69884
v -0.34029 1.03141 -1.60136
v -0.34029 1.03141 -1.28592
v -0.85069 1.03141 -1.60136
v -0.85069 1.03141 -1.28592
v -0.83820 1.18141 -1.35093
v -0.74549 1.12412 -1.20093
v -0.68820 1.27412 -1.29364
v -0.50278 1.27412 -1.29364
v -0.59549 1.33141 -1.44364
v -0.50278 1.27412 -1.59364
v -0.68820 1.27412 -1.59364
v -0.74549 1.12412 -1.68635
v -0.83820 1.18141 -1.53635
v -0.89549 1.03141 -1.44364
v -0.44549 1.12412 -1.20093
v -0.35278 1.18141 -1.35093
v -0.74549 0.93870 -1.20093
v -0.59549 1.03141 -1.14364
v -0.83820 0.88141 -1.53635
v -0.83820 0.88141 -1.35093
v -0.59549 1.03141 -1.74364
v -0.74549 0.93870 -1.68635
v -0.35278 1.18141 -1.53635
v -0.44549 1.12412 -1.68635
v -0.35278 0.88141 -1.35093
v -0.44549 0.93870 -1.20093
v -0.50278 0.78870 -1.29364
v -0.68820 0.78870 -1.29364
v -0.59549 0.73141 -1.44364
v -0.68820 0.78870 -1.59364
v -0.50278 0.78870 -1.59364
v -0.44549 0.93870 -1.68635
v -0.35278 0.88141 -1.53635
v -0.29549 1.03141 -1.44364
v -0.80362 1.24202 -1.39545
v -0.77183 1.23787 -1.31604
v -0.72566 1.29021 -1.36567
v -0.80610 1.07960 -1.23551
v -0.80195 1.15901 -1.26730
v -0.85429 1.10938 -1.31347
v -0.64368 1.23954 -1.23303
v -0.72309 1.20775 -1.23718
v -0.67346 1.16158 -1.18484
v -0.64423 1.31673 -1.36478
v -0.67747 1.31999 -1.44364
v -0.54730 1.23954 -1.23303
v -0.59549 1.28661 -1.28592
v -0.51351 1.31999 -1.44364
v -0.54675 1.31673 -1.36478
v -0.46532 1.29021 -1.36567
v -0.64423 1.31673 -1.52250
v -0.72566 1.29021 -1.52161
v -0.46532 1.29021 -1.52161
v -0.54675 1.31673 -1.52250
v -0.64368 1.23954 -1.65425
v -0.59549 1.28661 -1.60136
v -0.54730 1.23954 -1.65425
v -0.77183 1.23787 -1.57124
v -0.80362 1.24202 -1.49183
v -0.67346 1.16158 -1.70244
v -0.72309 1.20775 -1.65010
v -0.85429 1.10938 -1.57381
v -0.80195 1.15901 -1.61998
v -0.80610 1.07960 -1.65177
v -0.85069 1.18913 -1.44364
v -0.88407 1.03141 -1.52562
v -0.88081 1.11027 -1.49238
v -0.88081 1.11027 -1.39490
v -0.88407 1.03141 -1.36166
v -0.41915 1.23787 -1.31604
v -0.38736 1.24202 -1.39545
v -0.51752 1.16158 -1.18484
v -0.46789 1.20775 -1.23718
v -0.33669 1.10938 -1.31347
v -0.38903 1.15901 -1.26730
v -0.38488 1.07960 -1.23551
v -0.67435 1.08015 -1.15832
v -0.59549 1.11339 -1.15506
v -0.80610 0.98322 -1.23551
v -0.75321 1.03141 -1.18844
v -0.59549 0.94943 -1.15506
v -0.67435 0.98267 -1.15832
v -0.67346 0.90124 -1.18484
v -0.88081 0.95255 -1.39490
v -0.85429 0.95344 -1.31347
v -0.85429 0.95344 -1.57381
v -0.88081 0.95255 -1.49238
v -0.80362 0.82080 -1.39545
v -0.85069 0.87369 -1.44364
v -0.80362 0.82080 -1.49183
v -0.75321 1.03141 -1.69884
v -0.80610 0.98322 -1.65177
v -0.59549 1.11339 -1.73222
v -0.67435 1.08015 -1.72896
v -0.67346 0.90124 -1.70244
v -0.67435 0.98267 -1.72896
v -0.59549 0.94943 -1.73222
v -0.46789 1.20775 -1.65010
v -0.51752 1.16158 -1.70244
v -0.38736 1.24202 -1.49183
v -0.41915 1.23787 -1.57124
v -0.38488 1.07960 -1.65177
v -0.38903 1.15901 -1.61998
v -0.33669 1.10938 -1.57381
v -0.38736 0.82080 -1.39545
v -0.41915 0.82495 -1.31604
v -0.46532 0.77261 -1.36567
v -0.38488 0.98322 -1.23551
v -0.38903 0.90381 -1.26730
v -0.33669 0.95344 -1.31347
v -0.54730 0.82328 -1.23303
v -0.46789 0.85507 -1.23718
v -0.51752 0.90124 -1.18484
v -0.54675 0.74609 -1.36478
v -0.51351 0.74283 -1.44364
v -0.64368 0.82328 -1.23303
v -0.59549 0.77621 -1.28592
v -0.67747 0.74283 -1.44364
v -0.64423 0.74609 -1.36478
v -0.72566 0.77261 -1.36567
v -0.54675 0.74609 -1.52250
v -0.46532 0.77261 -1.52161
v -0.72566 0.77261 -1.52161
v -0.64423 0.74609 -1.52250
v -0.54730 0.82328 -1.65425
v -0.59549 0.77621 -1.60136
v -0.64368 0.82328 -1.65425
v -0.41915 0.82495 -1.57124
v -0.38736 0.82080 -1.49183
v -0.51752 0.90124 -1.70244
v -0.46789 0.85507 -1.65010
v -0.33669 0.95344 -1.57381
v -0.38903 0.90381 -1.61998
v -0.38488 0.98322 -1.65177
v -0.34029 0.87369 -1.44364
v -0.30691 1.03141 -1.52562
v -0.31017 0.95255 -1.49238
v -0.31017 0.95255 -1.39490
v -0.30691 1.03141 -1.36166
v -0.51663 0.98267 -1.15832
v -0.43777 1.03141 -1.18844
v -0.51663 1.08015 -1.15832
v -0.77183 0.82495 -1.31604
v -0.72309 0.85507 -1.23718
v -0.80195 0.90381 -1.26730
v -0.72309 0.85507 -1.65010
v -0.77183 0.82495 -1.57124
v -0.80195 0.90381 -1.61998
v -0.43777 1.03141 -1.69884
v -0.51663 0.98267 -1.72896
v -0.51663 1.08015 -1.72896
v -0.31017 1.11027 -1.39490
v -0.31017 1.11027 -1.49238
v -0.34029 1.18913 -1.44364
v -1.34869 0.25520 -1.44364
v -1.03325 0.25520 -1.44364
v -1.34869 -0.25520 -1.44364
v -1.03325 -0.25520 -1.44364
v -1.19097 -0.15772 -1.18844
v -1.19097 0.15772 -1.18844
v -1.19097 -0.15772 -1.69884
v -1.19097 0.15772 -1.69884
v -0.93577 0.00000 -1.60136
v -0.93577 0.00000 -1.28592
v -1.44617 0.00000 -1.60136
v -1.44617 0.00000 -1.28592
v -1.43368 0.15000 -1.35093
v -1.34097 0.09271 -1.20093
v -1.28368 0.24271 -1.29364
v -1.09826 0.24271 -1.29364
v -1.19097 0.30000 -1.44364
v -1.09826 0.24271 -1.59364
v -1.28368 0.24271 -1.59364
v -1.34097 0.09271 -1.68635
v -1.43368 0.15000 -1.53635
v -1.49097 0.00000 -1.44364
v -1.04097 0.09271 -1.20093
v -0.94826 0.15000 -1.35093
v -1.34097 -0.09271 -1.20093
v -1.19097 0.00000 -1.14364
v -1.43368 -0.15000 -1.53635
v -1.43368 -0.15000 -1.35093
v -1.19097 0.00000 -1.74364
v -1.34097 -0.09271 -1.68635
v -0.94826 0.15000 -1.53635
v -1.04097 0.09271 -1.68635
v -0.94826 -0.15000 -1.35093
v -1.04097 -0.09271 -1.20093
v -1.09826 -0.24271 -1.29364
v -1.28368 -0.24271 -1.29364
v -1.19097 -0.30000 -1.44364
v -1.28368 -0.24271 -1.59364
v -1.09826 -0.24271 -1.59364
v -1.04097 -0.09271 -1.68635
v -0.94826 -0.15000 -1.53635
v -0.89097 0.00000 -1.44364
v -1.39910 0.21061 -1.39545
v -1.36731 0.20646 -1.31604
v -1.32114 0.25880 -1.36567
v -1.40158 0.04819 -1.23551
v -1.39743 0.12760 -1.26730
v -1.44977 0.07797 -1.31347
v -1.23916 0.20813 -1.23303
v -1.31857 0.17634 -1.23718
v -1.26894 0.13017 -1.18484
v -1.23971 0.28532 -1.36478
v -1.27295 0.28858 -1.44364
v -1.14278 0.20813 -1.23303
v -1.19097 0.25520 -1.28592
v -1.10899 0.28858 -1.44364
v -1.14223 0.28532 -1.36478
v -1.06080 0.25880 -1.36567
v -1.23971 0.28532 -1.52250
v -1.32114 0.25880 -1.52161
v -1.06080 0.25880 -1.52161
v -1.14223 0.28532 -1.52250
v -1.23916 0.20813 -1.65425
v -1.19097 0.25520 -1.60136
v -1.14278 0.20813 -1.65425
v -1.36731 0.20646 -1.57124
v -1.39910 0.21061 -1.49183
v -1.26894 0.13017 -1.70244
v -1.31857 0.17634 -1.65010
v -1.44977 0.07797 -1.57381
v -1.39743 0.12760 -1.61998
v -1.40158 0.04819 -1.65177
v -1.44617 0.15772 -1.44364
v -1.47955 0.00000 -1.52562
v -1.47629 0.07886 -1.49238
v -1.47629 0.07886 -1.39490
v -1.47955 0.00000 -1.36166
v -1.01463 0.20646 -1.31604
v -0.98284 0.21061 -1.39545
v -1.11300 0.13017 -1.18484
v -1.06337 0.17634 -1.23718
v -0.93217 0.07797 -1.31347
v -0.98451 0.12760 -1.26730
v -0.98036 0.04819 -1.23551
v -1.26983 0.04874 -1.15832
v -1.19097 0.08198 -1.15506
v -1.40158 -0.04819 -1.23551
v -1.34869 0.00000 -1.18844
v -1.19097 -0.08198 -1.15506
v -1.26983 -0.04874 -1.15832
v -1.26894 -0.13017 -1.18484
v -1.47629 -0.07886 -1.39490
v -1.44977 -0.07797 -1.31347
v -1.44977 -0.07797 -1.57381
v -1.47629 -0.07886 -1.49238
v -1.39910 -0.21061 -1.39545
v -1.44617 -0.15772 -1.44364
v -1.39910 -0.21061 -1.49183
v -1.34869 0.00000 -1.69884
v -1.40158 -0.04819 -1.65177
v -1.19097 0.08198 -1.73222
v -1.26983 0.04874 -1.72896
v -1.26894 -0.13017 -1.70244
v -1.26983 -0.04874 -1.72896
v -1.19097 -0.08198 -1.73222
v -1.06337 0.17634 -1.65010
v -1.11300 0.13017 -1.70244
v -0.98284 0.21061 -1.49183
v -1.01463 0.20646 -1.57124
v -0.98036 0.04819 -1.65177
v -0.98451 0.12760 -1.61998
v -0.93217 0.07797 -1.57381
v -0.98284 -0.21061 -1.39545
v -1.01463 -0.20646 -1.31604
v -1.06080 -0.25880 -1.36567
v -0.98036 -0.04819 -1.23551
v -0.98451 -0.12760 -1.26730
v -0.93217 -0.07797 -1.31347
v -1.14278 -0.20813 -1.23303
v -1.06337 -0.17634 -1.23718
v -1.11300 -0.13017 -1.18484
v -1.14223 -0.28532 -1.36478
v -1.10899 -0.28858 -1.44364
v -1.23916 -0.20813 -1.23303
v -1.19097 -0.25520 -1.28592
v -1.27295 -0.28858 -1.44364
v -1.23971 -0.28532 -1.36478
v -1.32114 -0.25880 -1.36567
v -1.14223 -0.28532 -1.52250
v -1.06080 -0.25880 -1.52161
v -1.32114 -0.25880 -1.52161
v -1.23971 -0.28532 -1.52250
v -1.14278 -0.20813 -1.65425
v -1.19097 -0.25520 -1.60136
v -1.23916 -0.20813 -1.65425
v -1.01463 -0.20646 -1.57124
v -0.98284 -0.21061 -1.49183
v -1.11300 -0.13017 -1.70244
v -1.06337 -0.17634 -1.65010
v -0.93217 -0.07797 -1.57381
v -0.98451 -0.12760 -1.61998
v -0.98036 -0.04819 -1.65177
v -0.93577 -0.15772 -1.44364
v -0.90239 0.00000 -1.52562
v -0.90565 -0.07886 -1.49238
v -0.90565 -0.07886 -1.39490
v -0.90239 0.00000 -1.36166
v -1.11211 -0.04874 -1.15832
v -1.03325 0.00000 -1.18844
v -1.11211 0.04874 -1.15832
v -1.36731 -0.20646 -1.31604
v -1.31857 -0.17634 -1.23718
v -1.39743 -0.12760 -1.26730
v -1.31857 -0.17634 -1.65010
v -1.36731 -0.20646 -1.57124
v -1.39743 -0.12760 -1.61998
v -1.03325 0.00000 -1.69884
v -1.11211 -0.04874 -1.72896
v -1.11211 0.04874 -1.72896
v -0.90565 0.07886 -1.39490
v -0.90565 0.07886 -1.49238
v -0.93577 0.15772 -1.44364
v -0.75321 -0.77621 -1.44364
v -0.43777 -0.77621 -1.44364
v -0.75321 -1.28661 -1.44364
v -0.43777 -1.28661 -1.44364
v -0.59549 -1.18913 -1.18844
v -0.59549 -0.87369 -1.18844
v -0.59549 -1.18913 -1.69884
v -0.59549 -0.87369 -1.69884
v -0.34029 -1.03141 -1.60136
v -0.34029 -1.03141 -1.28592
v -0.85069 -1.03141 -1.60136
v -0.85069 -1.03141 -1.28592
v -0.83820 -0.88141 -1.35093
v -0.74549 -0.93870 -1.20093
v -0.68820 -0.78870 -1.29364
v -0.50278 -0.78870 -1.29364
v -0.59549 -0.73141 -1.44364
v -0.50278 -0.78870 -1.59364
v -0.68820 -0.78870 -1.59364
v -0.74549 -0.93870 -1.68635
v -0.83820 -0.88141 -1.53635
v -0.89549 -1.03141 -1.44364
v -0.44549 -0.93870 -1.20093
v -0.35278 -0.88141 -1.35093
v -0.74549 -1.12412 -1.20093
v -0.59549 -1.03141 -1.14364
v -0.83820 -1.18141 -1.53635
v -0.83820 -1.18141 -1.35093
v -0.59549 -1.03141 -1.74364
v -0.74549 -1.12412 -1.68635
v -0.35278 -0.88141 -1.53635
v -0.44549 -0.93870 -1.68635
v -0.35278 -1.18141 -1.35093
v -0.44549 -1.12412 -1.20093
v -0.50278 -1.27412 -1.29364
v -0.68820 -1.27412 -1.29364
v -0.59549 -1.33141 -1.44364
v -0.68820 -1.27412 -1.59364
v -0.50278 -1.27412 -1.59364
v -0.44549 -1.12412 -1.68635
v -0.35278 -1.18141 -1.53635
v -0.29549 -1.03141 -1.44364
v -0.80362 -0.82080 -1.39545
v -0.77183 -0.82495 -1.31604
v -0.72566 -0.77261 -1.36567
v -0.80610 -0.98322 -1.23551
v -0.80195 -0.90381 -1.26730
v -0.85429 -0.95344 -1.31347
v -0.64368 -0.82328 -1.23303
v -0.72309 -0.85507 -1.23718
v -0.67346 -0.90124 -1.18484
v -0.64423 -0.74609 -1.36478
v -0.67747 -0.74283 -1.44364
v -0.54730 -0.82328 -1.23303
v -0.59549 -0.77621 -1.28592
v -0.51351 -0.74283 -1.44364
v -0.54675 -0.74609 -1.36478
v -0.46532 -0.77261 -1.36567
v -0.64423 -0.74609 -1.52250
v -0.72566 -0.77261 -1.52161
v -0.46532 -0.77261 -1.52161
v -0.54675 -0.74609 -1.52250
v -0.64368 -0.82328 -1.65425
v -0.59549 -0.77621 -1.60136
v -0.54730 -0.82328 -1.65425
v -0.77183 -0.82495 -1.57124
v -0.80362 -0.82080 -1.49183
v -0.67346 -0.90124 -1.70244
v -0.72309 -0.85507 -1.65010
v -0.85429 -0.95344 -1.57381
v -0.80195 -0.90381 -1.61998
v -0.80610 -0.98322 -1.65177
v -0.85069 -0.87369 -1.44364
v -0.88407 -1.03141 -1.52562
v -0.88081 -0.95255 -1.49238
v -0.88081 -0.95255 -1.39490
v -0.88407 -1.03141 -1.36166
v -0.41915 -0.82495 -1.31604
v -0.38736 -0.82080 -1.39545
v -0.51752 -0.90124 -1.18484
v -0.46789 -0.85507 -1.23718
v -0.33669 -0.95344 -1.31347
v -0.38903 -0.90381 -1.26730
v -0.38488 -0.98322 -1.23551
v -0.67435 -0.98267 -1.15832
v -0.59549 -0.94943 -1.15506
v -0.80610 -1.07960 -1.23551
v -0.75321 -1.03141 -1.18844
v -0.59549 -1.11339 -1.15506
v -0.67435 -1.08015 -1.15832
v -0.67346 -1.16158 -1.18484
v -0.88081 -1.11027 -1.39490
v -0.85429 -1.10938 -1.31347
v -0.85429 -1.10938 -1.57381
v -0.88081 -1.11027 -1.49238
v -0.80362 -1.24202 -1.39545
v -0.85069 -1.18913 -1.44364
v -0.80362 -1.24202 -1.49183
v -0.75321 -1.03141 -1.69884
v -0.80610 -1.07960 -1.65177
v -0.59549 -0.94943 -1.73222
v -0.67435 -0.98267 -1.72896
v -0.67346 -1.16158 -1.70244
v -0.67435 -1.08015 -1.72896
v -0.59549 -1.11339 -1.73222
v -0.46789 -0.85507 -1.65010
v -0.51752 -0.90124 -1.70244
v -0.38736 -0.82080 -1.49183
v -0.41915 -0.82495 -1.57124
v -0.38488 -0.98322 -1.65177
v -0.38903 -0.90381 -1.61998
v -0.33669 -0.95344 -1.57381
v -0.38736 -1.24202 -1.39545
v -0.41915 -1.23787 -1.31604
v -0.46532 -1.29021 -1.36567
v -0.38488 -1.07960 -1.23551
v -0.38903 -1.15901 -1.26730
v -0.33669 -1.10938 -1.31347
v -0.54730 -1.23954 -1.23303
v -0.46789 -1.20775 -1.23718
v -0.51752 -1.16158 -1.18484
v -0.54675 -1.31673 -1.36478
v -0.51351 -1.31999 -1.44364
v -0.64368 -1.23954 -1.23303
v -0.59549 -1.28661 -1.28592
v -0.67747 -1.31999 -1.44364
v -0.64423 -1.31673 -1.36478
v -0.72566 -1.29021 -1.36567
v -0.54675 -1.31673 -1.52250
v -0.46532 -1.29021 -1.52161
v -0.72566 -1.29021 -1.52161
v -0.64423 -1.31673 -1.52250
v -0.54730 -1.23954 -1.65425
v -0.59549 -1.28661 -1.60136
v -0.64368 -1.23954 -1.65425
v -0.41915 -1.23787 -1.57124
v -0.38736 -1.24202 -1.49183
v -0.51752 -1.16158 -1.70244
v -0.46789 -1.20775 -1.65010
v -0.33669 -1.10938 -1.57381
v -0.38903 -1.15901 -1.61998
v -0.38488 -1.07960 -1.65177
v -0.34029 -1.18913 -1.44364
v -0.30691 -1.03141 -1.52562
v -0.31017 -1.11027 -1.49238
v -0.31017 -1.11027 -1.39490
v -0.30691 -1.03141 -1.36166
v -0.51663 -1.08015 -1.15832
v -0.43777 -1.03141 -1.18844
v -0.51663 -0.98267 -1.15832
v -0.77183 -1.23787 -1.31604
v -0.72309 -1.20775 -1.23718
v -0.80195 -1.15901 -1.26730
v -0.72309 -1.20775 -1.65010
v -0.77183 -1.23787 -1.57124
v -0.80195 -1.15901 -1.61998
v -0.43777 -1.03141 -1.69884
v -0.51663 -1.08015 -1.72896
v -0.51663 -0.98267 -1.72896
v -0.31017 -0.95255 -1.39490
v -0.31017 -0.95255 -1.49238
v -0.34029 -0.87369 -1.44364
v 0.43777 -0.77621 -1.44364
v 0.75321 -0.77621 -1.44364
v 0.43777 -1.28661 -1.44364
v 0.75321 -1.28661 -1.44364
v 0.59549 -1.18913 -1.18844
v 0.59549 -0.87369 -1.18844
v 0.59549 -1.18913 -1.69884
v 0.59549 -0.87369 -1.69884
v 0.85069 -1.03141 -1.60136
v 0.85069 -1.03141 -1.28592
v 0.34029 -1.03141 -1.60136
v 0.34029 -1.03141 -1.28592
v 0.35278 -0.88141 -1.35093
v 0.44549 -0.93870 -1.20093
v 0.50278 -0.78870 -1.29364
v 0.68820 -0.78870 -1.29364
v 0.59549 -0.73141 -1.44364
v 0.68820 -0.78870 -1.59364
v 0.50278 -0.78870 -1.59364
v 0.44549 -0.93870 -1.68635
v 0.35278 -0.88141 -1.53635
v 0.29549 -1.03141 -1.44364
v 0.74549 -0.93870 -1.20093
v 0.83820 -0.88141 -1.35093
v 0.44549 -1.12412 -1.20093
v 0.59549 -1.03141 -1.14364
v 0.35278 -1.18141 -1.53635
v 0.35278 -1.18141 -1.35093
v 0.59549 -1.03141 -1.74364
v 0.44549 -1.12412 -1.68635
v 0.83820 -0.88141 -1.53635
v 0.74549 -0.93870 -1.68635
v 0.83820 -1.18141 -1.35093
v 0.74549 -1.12412 -1.20093
v 0.68820 -1.27412 -1.29364
v 0.50278 -1.27412 -1.29364
v 0.59549 -1.33141 -1.44364
v 0.50278 -1.27412 -1.59364
v 0.68820 -1.27412 -1.59364
v 0.74549 -1.12412 -1.68635
v 0.83820 -1.18141 -1.53635
v 0.89549 -1.03141 -1.44364
v 0.38736 -0.82080 -1.39545
v 0.41915 -0.82495 -1.31604
v 0.46532 -0.77261 -1.36567
v 0.38488 -0.98322 -1.23551
v 0.38903 -0.90381 -1.26730
v 0.33669 -0.95344 -1.31347
v 0.54730 -0.82328 -1.23303
v 0.46789 -0.85507 -1.23718
v 0.51752 -0.90124 -1.18484
v 0.54675 -0.74609 -1.36478
v 0.51351 -0.74283 -1.44364
v 0.64368 -0.82328 -1.23303
v 0.59549 -0.77621 -1.28592
v 0.67747 -0.74283 -1.44364
v 0.64423 -0.74609 -1.36478
v 0.72566 -0.77261 -1.36567
v 0.54675 -0.74609 -1.52250
v 0.46532 -0.77261 -1.52161
v 0.72566 -0.77261 -1.52161
v 0.64423 -0.74609 -1.52250
v 0.54730 -0.82328 -1.65425
v 0.59549 -0.77621 -1.60136
v 0.64368 -0.82328 -1.65425
v 0.41915 -0.82495 -1.57124
v 0.38736 -0.82080 -1.49183
v 0.51752 -0.90124 -1.70244
v 0.46789 -0.85507 -1.65010
v 0.33669 -0.95344 -1.57381
v 0.38903 -0.90381 -1.61998
v 0.38488 -0.98322 -1.65177
v 0.34029 -0.87369 -1.44364
v 0.30691 -1.03141 -1.52562
v 0.31017 -0.95255 -1.49238
v 0.31017 -0.95255 -1.39490
v 0.30691 -1.03141 -1.36166
v 0.77183 -0.82495 -1.31604
v 0.80362 -0.82080 -1.39545
v 0.67346 -0.90124 -1.18484
v 0.72309 -0.85507 -1.23718
v 0.85429 -0.95344 -1.31347
v 0.80195 -0.90381 -1.26730
v 0.80610 -0.98322 -1.23551
v 0.51663 -0.98267 -1.15832
v 0.59549 -0.94943 -1.15506
v 0.38488 -1.07960 -1.23551
v 0.43777 -1.03141 -1.18844
v 0.59549 -1.11339 -1.15506
v 0.51663 -1.08015 -1.15832
v 0.51752 -1.16158 -1.18484
v 0.31017 -1.11027 -1.39490
v 0.33669 -1.10938 -1.31347
v 0.33669 -1.10938 -1.57381
v 0.31017 -1.11027 -1.49238
v 0.38736 -1.24202 -1.39545
v 0.34029 -1.18913 -1.44364
v 0.38736 -1.24202 -1.49183
v 0.43777 -1.03141 -1.69884
v 0.38488 -1.07960 -1.65177
v 0.59549 -0.94943 -1.73222
v 0.51663 -0.98267 -1.72896
v 0.51752 -1.16158 -1.70244
v 0.51663 -1.08015 -1.72896
v 0.59549 -1.11339 -1.73222
v 0.72309 -0.85507 -1.65010
v 0.67346 -0.90124 -1.70244
v 0.80362 -0.82080 -1.49183
v 0.77183 -0.82495 -1.57124
v 0.80610 -0.98322 -1.65177
v 0.80195 -0.90381 -1.61998
v 0.85429 -0.95344 -1.57381
v 0.80362 -1.24202 -1.39545
v 0.77183 -1.23787 -1.31604
v 0.72566 -1.29021 -1.36567
v 0.80610 -1.07960 -1.23551
v 0.80195 -1.15901 -1.26730
v 0.85429 -1.10938 -1.31347
v 0.64368 -1.23954 -1.23303
v 0.72309 -1.20775 -1.23718
v 0.67346 -1.16158 -1.18484
v 0.64423 -1.31673 -1.36478
v 0.67747 -1.31999 -1.44364
v 0.54730 -1.23954 -1.23303
v 0.59549 -1.28661 -1.28592
v 0.51351 -1.31999 -1.44364
v 0.54675 -1.31673 -1.36478
v 0.46532 -1.29021 -1.36567
v 0.64423 -1.31673 -1.52250
v 0.72566 -1.29021 -1.52161
v 0.46532 -1.29021 -1.52161
v 0.54675 -1.31673 -1.52250
v 0.64368 -1.23954 -1.65425
v 0.59549 -1.28661 -1.60136
v 0.54730 -1.23954 -1.65425
v 0.77183 -1.23787 -1.57124
v 0.80362 -1.24202 -1.49183
v 0.67346 -1.16158 -1.70244
v 0.72309 -1.20775 -1.65010
v 0.85429 -1.10938 -1.57381
v 0.80195 -1.15901 -1.61998
v 0.80610 -1.07960 -1.65177
v 0.85069 -1.18913 -1.44364
v 0.88407 -1.03141 -1.52562
v 0.88081 -1.11027 -1.49238
v 0.88081 -1.11027 -1.39490
v 0.88407 -1.03141 -1.36166
v 0.67435 -1.08015 -1.15832
v 0.75321 -1.03141 -1.18844
v 0.67435 -0.98267 -1.15832
v 0.41915 -1.23787 -1.31604
v 0.46789 -1.20775 -1.23718
v 0.38903 -1.15901 -1.26730
v 0.46789 -1.20775 -1.65010
v 0.41915 -1.23787 -1.57124
v 0.38903 -1.15901 -1.61998
v 0.75321 -1.03141 -1.69884
v 0.67435 -1.08015 -1.72896
v 0.67435 -0.98267 -1.72896
v 0.88081 -0.95255 -1.39490
v 0.88081 -0.95255 -1.49238
v 0.85069 -0.87369 -1.44364
v 0.75593 0.25520 -1.45597
v 1.07137 0.25520 -1.45597
v 0.75593 -0.25520 -1.45597
v 1.07137 -0.25520 -1.45597
v 0.91365 -0.15772 -1.20077
v 0.91365 0.15772 -1.20077
v 0.91365 -0.15772 -1.71117
v 0.91365 0.15772 -1.71117
v 1.16885 0.00000 -1.61369
v 1.16885 0.00000 -1.29825
v 0.65845 0.00000 -1.61369
v 0.65845 0.00000 -1.29825
v 0.67094 0.15000 -1.36326
v 0.76365 0.09271 -1.21326
v 0.82094 0.24271 -1.30597
v 1.00636 0.24271 -1.30597
v 0.91365 0.30000 -1.45597
v 1.00636 0.24271 -1.60597
v 0.82094 0.24271 -1.60597
v 0.76365 0.09271 -1.69868
v 0.67094 0.15000 -1.54868
v 0.61365 0.00000 -1.45597
v 1.06365 0.09271 -1.21326
v 1.15636 0.15000 -1.36326
v 0.76365 -0.09271 -1.21326
v 0.91365 0.00000 -1.15597
v 0.67094 -0.15000 -1.54868
v 0.67094 -0.15000 -1.36326
v 0.91365 0.00000 -1.75597
v 0.76365 -0.09271 -1.69868
v 1.15636 0.15000 -1.54868
v 1.06365 0.09271 -1.69868
v 1.15636 -0.15000 -1.36326
v 1.06365 -0.09271 -1.21326
v 1.00636 -0.24271 -1.30597
v 0.82094 -0.24271 -1.30597
v 0.91365 -0.30000 -1.45597
v 0.82094 -0.24271 -1.60597
v 1.00636 -0.24271 -1.60597
v 1.06365 -0.09271 -1.69868
v 1.15636 -0.15000 -1.54868
v 1.21365 0.00000 -1.45597
v 0.70552 0.21061 -1.40778
v 0.73731 0.20646 -1.32837
v 0.78348 0.25880 -1.37800
v 0.70304 0.04819 -1.24784
v 0.70719 0.12760 -1.27963
v 0.65485 0.07797 -1.32580
v 0.86546 0.20813 -1.24536
v 0.78605 0.17634 -1.24951
v 0.83568 0.13017 -1.19717
v 0.86491 0.28532 -1.37711
v 0.83167 0.28858 -1.45597
v 0.96184 0.20813 -1.24536
v 0.91365 0.25520 -1.29825
v 0.99563 0.28858 -1.45597
v 0.96239 0.28532 -1.37711
v 1.04382 0.25880 -1.37800
v 0.86491 0.28532 -1.53483
v 0.78348 0.25880 -1.53394
v 1.04382 0.25880 -1.53394
v 0.96239 0.28532 -1.53483
v 0.86546 0.20813 -1.66658
v 0.91365 0.25520 -1.61369
v 0.96184 0.20813 -1.66658
v 0.73731 0.20646 -1.58357
v 0.70552 0.21061 -1.50416
v 0.83568 0.13017 -1.71477
v 0.78605 0.17634 -1.66243
v 0.65485 0.07797 -1.58614
v 0.70719 0.12760 -1.63231
v 0.70304 0.04819 -1.66410
v 0.65845 0.15772 -1.45597
v 0.62507 0.00000 -1.53795
v 0.62833 0.07886 -1.50471
v 0.62833 0.07886 -1.40723
v 0.62507 0.00000 -1.37399
v 1.08999 0.20646 -1.32837
v 1.12178 0.21061 -1.40778
v 0.99162 0.13017 -1.19717
v 1.04125 0.17634 -1.24951
v 1.17245 0.07797 -1.32580
v 1.12011 0.12760 -1.27963
v 1.12426 0.04819 -1.24784
v 0.83479 0.04874 -1.17065
v 0.91365 0.08198 -1.16739
v 0.70304 -0.04819 -1.24784
v 0.75593 0.00000 -1.20077
v 0.91365 -0.08198 -1.16739
v 0.83479 -0.04874 -1.17065
v 0.83568 -0.13017 -1.19717
v 0.62833 -0.07886 -1.40723
v 0.65485 -0.07797 -1.32580
v 0.65485 -0.07797 -1.58614
v 0.62833 -0.07886 -1.50471
v 0.70552 -0.21061 -1.40778
v 0.65845 -0.15772 -1.45597
v 0.70552 -0.21061 -1.50416
v 0.75593 0.00000 -1.71117
v 0.70304 -0.04819 -1.66410
v 0.91365 0.08198 -1.74455
v 0.83479 0.04874 -1.74129
v 0.83568 -0.13017 -1.71477
v 0.83479 -0.04874 -1.74129
v 0.91365 -0.08198 -1.74455
v 1.04125 0.17634 -1.66243
v 0.99162 0.13017 -1.71477
v 1.12178 0.21061 -1.50416
v 1.08999 0.20646 -1.58357
v 1.12426 0.04819 -1.66410
v 1.12011 0.12760 -1.63231
v 1.17245 0.07797 -1.58614
v 1.12178 -0.21061 -1.40778
v 1.08999 -0.20646 -1.32837
v 1.04382 -0.25880 -1.37800
v 1.12426 -0.04819 -1.24784
v 1.12011 -0.12760 -1.27963
v 1.17245 -0.07797 -1.32580
v 0.96184 -0.20813 -1.24536
v 1.04125 -0.17634 -1.24951
v 0.99162 -0.13017 -1.19717
v 0.96239 -0.28532 -1.37711
v 0.99563 -0.28858 -1.45597
v 0.86546 -0.20813 -1.24536
v 0.91365 -0.25520 -1.29825
v 0.83167 -0.28858 -1.45597
v 0.86491 -0.28532 -1.37711
v 0.78348 -0.25880 -1.37800
v 0.96239 -0.28532 -1.53483
v 1.04382 -0.25880 -1.53394
v 0.78348 -0.25880 -1.53394
v 0.86491 -0.28532 -1.53483
v 0.96184 -0.20813 -1.66658
v 0.91365 -0.25520 -1.61369
v 0.86546 -0.20813 -1.66658
v 1.08999 -0.20646 -1.58357
v 1.12178 -0.21061 -1.50416
v 0.99162 -0.13017 -1.71477
v 1.04125 -0.17634 -1.66243
v 1.17245 -0.07797 -1.58614
v 1.12011 -0.12760 -1.63231
v 1.12426 -0.04819 -1.66410
v 1.16885 -0.15772 -1.45597
v 1.20223 0.00000 -1.53795
v 1.19897 -0.07886 -1.50471
v 1.19897 -0.07886 -1.40723
v 1.20223 0.00000 -1.37399
v 0.99251 -0.04874 -1.17065
v 1.07137 0.00000 -1.20077
v 0.99251 0.04874 -1.17065
v 0.73731 -0.20646 -1.32837
v 0.78605 -0.17634 -1.24951
v 0.70719 -0.12760 -1.27963
v 0.78605 -0.17634 -1.66243
v 0.73731 -0.20646 -1.58357
v 0.70719 -0.12760 -1.63231
v 1.07137 0.00000 -1.71117
v 0.99251 -0.04874 -1.74129
v 0.99251 0.04874 -1.74129
v 1.19897 0.07886 -1.40723
v 1.19897 0.07886 -1.50471
v 1.16885 0.15772 -1.45597
v 0.29911 1.04645 -1.45597
v 0.61455 1.04645 -1.45597
v 0.29911 0.53605 -1.45597
v 0.61455 0.53605 -1.45597
v 0.45683 0.63353 -1.20077
v 0.45683 0.94897 -1.20077
v 0.45683 0.63353 -1.71117
v 0.45683 0.94897 -1.71117
v 0.71203 0.79125 -1.61369
v 0.71203 0.79125 -1.29825
v 0.20163 0.79125 -1.61369
v 0.20163 0.79125 -1.29825
v 0.21412 0.94125 -1.36326
v 0.30683 0.88396 -1.21326
v 0.36412 1.03396 -1.30597
v 0.54954 1.03396 -1.30597
v 0.45683 1.09125 -1.45597
v 0.54954 1.03396 -1.60597
v 0.36412 1.03396 -1.60597
v 0.30683 0.88396 -1.69868
v 0.21412 0.94125 -1.54868
v 0.15683 0.79125 -1.45597
v 0.60683 0.88396 -1.21326
v 0.69954 0.94125 -1.36326
v 0.30683 0.69854 -1.21326
v 0.45683 0.79125 -1.15597
v 0.21412 0.64125 -1.54868
v 0.21412 0.64125 -1.36326
v 0.45683 0.79125 -1.75597
v 0.30683 0.69854 -1.69868
v 0.69954 0.94125 -1.54868
v 0.60683 0.88396 -1.69868
v 0.69954 0.64125 -1.36326
v 0.60683 0.69854 -1.21326
v 0.54954 0.54854 -1.30597
v 0.36412 0.54854 -1.30597
v 0.45683 0.49125 -1.45597
v 0.36412 0.54854 -1.60597
v 0.54954 0.54854 -1.60597
v 0.60683 0.69854 -1.69868
v 0.69954 0.64125 -1.54868
v 0.75683 0.79125 -1.45597
v 0.24870 1.00186 -1.40778
v 0.28049 0.99771 -1.32837
v 0.32666 1.05005 -1.37800
v 0.24622 0.83944 -1.24784
v 0.25037 0.91885 -1.27963
v 0.19803 0.86922 -1.32580
v 0.40864 0.99938 -1.24536
v 0.32923 0.96759 -1.24951
v 0.37886 0.92142 -1.19717
v 0.40809 1.07657 -1.37711
v 0.37485 1.07983 -1.45597
v 0.50502 0.99938 -1.24536
v 0.45683 1.04645 -1.29825
v 0.53881 1.07983 -1.45597
v 0.50557 1.07657 -1.37711
v 0.58700 1.05005 -1.37800
v 0.40809 1.07657 -1.53483
v 0.32666 1.05005 -1.53394
v 0.58700 1.05005 -1.53394
v 0.50557 1.07657 -1.53483
v 0.40864 0.99938 -1.66658
v 0.45683 1.04645 -1.61369
v 0.50502 0.99938 -1.66658
v 0.28049 0.99771 -1.58357
v 0.24870 1.00186 -1.50416
v 0.37886 0.92142 -1.71477
v 0.32923 0.96759 -1.66243
v 0.19803 0.86922 -1.58614
v 0.25037 0.91885 -1.63231
v 0.24622 0.83944 -1.66410
v 0.20163 0.94897 -1.45597
v 0.16825 0.79125 -1.53795
v 0.17151 0.87011 -1.50471
v 0.17151 0.87011 -1.40723
v 0.16825 0.79125 -1.37399
v 0.63317 0.99771 -1.32837
v 0.66496 1.00186 -1.40778
v 0.53480 0.92142 -1.19717
v 0.58443 0.96759 -1.24951
v 0.71563 0.86922 -1.32580
v 0.66329 0.91885 -1.27963
v 0.66744 0.83944 -1.24784
v 0.37797 0.83999 -1.17065
v 0.45683 0.87323 -1.16739
v 0.24622 0.74306 -1.24784
v 0.29911 0.79125 -1.20077
v 0.45683 0.70927 -1.16739
v 0.37797 0.74251 -1.17065
v 0.37886 0.66108 -1.19717
v 0.17151 0.71239 -1.40723
v 0.19803 0.71328 -1.32580
v 0.19803 0.71328 -1.58614
v 0.17151 0.71239 -1.50471
v 0.24870 0.58064 -1.40778
v 0.20163 0.63353 -1.45597
v 0.24870 0.58064 -1.50416
v 0.29911 0.79125 -1.71117
v 0.24622 0.74306 -1.66410
v 0.45683 0.87323 -1.74455
v 0.37797 0.83999 -1.74129
v 0.37886 0.66108 -1.71477
v 0.37797 0.74251 -1.74129
v 0.45683 0.70927 -1.74455
v 0.58443 0.96759 -1.66243
v 0.53480 0.92142 -1.71477
v 0.66496 1.00186 -1.50416
v 0.63317 0.99771 -1.58357
v 0.66744 0.83944 -1.66410
v 0.66329 0.91885 -1.63231
v 0.71563 0.86922 -1.58614
v 0.66496 0.58064 -1.40778
v 0.63317 0.58479 -1.32837
v 0.58700 0.53245 -1.37800
v 0.66744 0.74306 -1.24784
v 0.66329 0.66365 -1.27963
v 0.71563 0.71328 -1.32580
v 0.50502 0.58312 -1.24536
v 0.58443 0.61491 -1.24951
v 0.53480 0.66108 -1.19717
v 0.50557 0.50593 -1.37711
v 0.53881 0.50267 -1.45597
v 0.40864 0.58312 -1.24536
v 0.45683 0.53605 -1.29825
v 0.37485 0.50267 -1.45597
v 0.40809 0.50593 -1.37711
v 0.32666 0.53245 -1.37800
v 0.50557 0.50593 -1.53483
v 0.58700 0.53245 -1.53394
v 0.32666 0.53245 -1.53394
v 0.40809 0.50593 -1.53483
v 0.50502 0.58312 -1.66658
v 0.45683 0.53605 -1.61369
v 0.40864 0.58312 -1.66658
v 0.63317 0.58479 -1.58357
v 0.66496 0.58064 -1.50416
v 0.53480 0.66108 -1.71477
v 0.58443 0.61491 -1.66243
v 0.71563 0.71328 -1.58614
v 0.66329 0.66365 -1.63231
v 0.66744 0.74306 -1.66410
v 0.71203 0.63353 -1.45597
v 0.74541 0.79125 -1.53795
v 0.74215 0.71239 -1.50471
v 0.74215 0.71239 -1.40723
v 0.74541 0.79125 -1.37399
v 0.53569 0.74251 -1.17065
v 0.61455 0.79125 -1.20077
v 0.53569 0.83999 -1.17065
v 0.28049 0.58479 -1.32837
v 0.32923 0.61491 -1.24951
v 0.25037 0.66365 -1.27963
v 0.32923 0.61491 -1.66243
v 0.28049 0.58479 -1.58357
v 0.25037 0.66365 -1.63231
v 0.61455 0.79125 -1.71117
v 0.53569 0.74251 -1.74129
v 0.53569 0.83999 -1.74129
v 0.74215 0.87011 -1.40723
v 0.74215 0.87011 -1.50471
v 0.71203 0.94897 -1.45597
v -0.61455 1.04645 -1.45597
v -0.29911 1.04645 -1.45597
v -0.61455 0.53605 -1.45597
v -0.29911 0.53605 -1.45597
v -0.45683 0.63353 -1.20077
v -0.45683 0.94897 -1.20077
v -0.45683 0.63353 -1.71117
v -0.45683 0.94897 -1.71117
v -0.20163 0.79125 -1.61369
v -0.20163 0.79125 -1.29825
v -0.71203 0.79125 -1.61369
v -0.71203 0.79125 -1.29825
v -0.69954 0.94125 -1.36326
v -0.60683 0.88396 -1.21326
v -0.54954 1.03396 -1.30597
v -0.36412 1.03396 -1.30597
v -0.45683 1.09125 -1.45597
v -0.36412 1.03396 -1.60597
v -0.54954 1.03396 -1.60597
v -0.60683 0.88396 -1.69868
v -0.69954 0.94125 -1.54868
v -0.75683 0.79125 -1.45597
v -0.30683 0.88396 -1.21326
v -0.21412 0.94125 -1.36326
v -0.60683 0.69854 -1.21326
v -0.45683 0.79125 -1.15597
v -0.69954 0.64125 -1.54868
v -0.69954 0.64125 -1.36326
v -0.45683 0.79125 -1.75597
v -0.60683 0.69854 -1.69868
v -0.21412 0.94125 -1.54868
v -0.30683 0.88396 -1.69868
v -0.21412 0.64125 -1.36326
v -0.30683 0.69854 -1.21326
v -0.36412 0.54854 -1.30597
v -0.54954 0.54854 -1.30597
v -0.45683 0.49125 -1.45597
v -0.54954 0.54854 -1.60597
v -0.36412 0.54854 -1.60597
v -0.30683 0.69854 -1.69868
v -0.21412 0.64125 -1.54868
v -0.15683 0.79125 -1.45597
v -0.66496 1.00186 -1.40778
v -0.63317 0.99771 -1.32837
v -0.58700 1.05005 -1.37800
v -0.66744 0.83944 -1.24784
v -0.66329 0.91885 -1.27963
v -0.71563 0.86922 -1.32580
v -0.50502 0.99938 -1.24536
v -0.58443 0.96759 -1.24951
v -0.53480 0.92142 -1.19717
v -0.50557 1.07657 -1.37711
v -0.53881 1.07983 -1.45597
v -0.40864 0.99938 -1.24536
v -0.45683 1.04645 -1.29825
v -0.37485 1.07983 -1.45597
v -0.40809 1.07657 -1.37711
v -0.32666 1.05005 -1.37800
v -0.50557 1.07657 -1.53483
v -0.58700 1.05005 -1.53394
v -0.32666 1.05005 -1.53394
v -0.40809 1.07657 -1.53483
v -0.50502 0.99938 -1.66658
v -0.45683 1.04645 -1.61369
v -0.40864 0.99938 -1.66658
v -0.63317 0.99771 -1.58357
v -0.66496 1.00186 -1.50416
v -0.53480 0.92142 -1.71477
v -0.58443 0.96759 -1.66243
v -0.71563 0.86922 -1.58614
v -0.66329 0.91885 -1.63231
v -0.66744 0.83944 -1.66410
v -0.71203 0.94897 -1.45597
v -0.74541 0.79125 -1.53795
v -0.74215 0.87011 -1.50471
v -0.74215 0.87011 -1.40723
v -0.74541 0.79125 -1.37399
v -0.28049 0.99771 -1.32837
v -0.24870 1.00186 -1.40778
v -0.37886 0.92142 -1.19717
v -0.32923 0.96759 -1.24951
v -0.19803 0.86922 -1.32580
v -0.25037 0.91885 -1.27963
v -0.24622 0.83944 -1.24784
v -0.53569 0.83999 -1.17065
v -0.45683 0.87323 -1.16739
v -0.66744 0.74306 -1.24784
v -0.61455 0.79125 -1.20077
v -0.45683 0.70927 -1.16739
v -0.53569 0.74251 -1.17065
v -0.53480 0.66108 -1.19717
v -0.74215 0.71239 -1.40723
v -0.71563 0.71328 -1.32580
v -0.71563 0.71328 -1.58614
v -0.74215 0.71239 -1.50471
v -0.66496 0.58064 -1.40778
v -0.71203 0.63353 -1.45597
v -0.66496 0.58064 -1.50416
v -0.61455 0.79125 -1.71117
v -0.66744 0.74306 -1.66410
v -0.45683 0.87323 -1.74455
v -0.53569 0.83999 -1.74129
v -0.53480 0.66108 -1.71477
v -0.53569 0.74251 -1.74129
v -0.45683 0.70927 -1.74455
v -0.32923 0.96759 -1.66243
v -0.37886 0.92142 -1.71477
v -0.24870 1.00186 -1.50416
v -0.28049 0.99771 -1.58357
v -0.24622 0.83944 -1.66410
v -0.25037 0.91885 -1.63231
v -0.19803 0.86922 -1.58614
v -0.24870 0.58064 -1.40778
v -0.28049 0.58479 -1.32837
v -0.32666 0.53245 -1.37800
v -0.24622 0.74306 -1.24784
v -0.25037 0.66365 -1.27963
v -0.19803 0.71328 -1.32580
v -0.40864 0.58312 -1.24536
v -0.32923 0.61491 -1.24951
v -0.37886 0.66108 -1.19717
v -0.40809 0.50593 -1.37711
v -0.37485 0.50267 -1.45597
v -0.50502 0.58312 -1.24536
v -0.45683 0.53605 -1.29825
v -0.53881 0.50267 -1.45597
v -0.50557 0.50593 -1.37711
v -0.58700 0.53245 -1.37800
v -0.40809 0.50593 -1.53483
v -0.32666 0.53245 -1.53394
v -0.58700 0.53245 -1.53394
v -0.50557 0.50593 -1.53483
v -0.40864 0.58312 -1.66658
v -0.45683 0.53605 -1.61369
v -0.50502 0.58312 -1.66658
v -0.28049 0.58479 -1.58357
v -0.24870 0.58064 -1.50416
v -0.37886 0.66108 -1.71477
v -0.32923 0.61491 -1.66243
v -0.19803 0.71328 -1.58614
v -0.25037 0.66365 -1.63231
v -0.24622 0.74306 -1.66410
v -0.20163 0.63353 -1.45597
v -0.16825 0.79125 -1.53795
v -0.17151 0.71239 -1.50471
v -0.17151 0.71239 -1.40723
v -0.16825 0.79125 -1.37399
v -0.37797 0.74251 -1.17065
v -0.29911 0.79125 -1.20077
v -0.37797 0.83999 -1.17065
v -0.63317 0.58479 -1.32837
v -0.58443 0.61491 -1.24951
v -0.66329 0.66365 -1.27963
v -0.58443 0.61491 -1.66243
v -0.63317 0.58479 -1.58357
v -0.66329 0.66365 -1.63231
v -0.29911 0.79125 -1.71117
v -0.37797 0.74251 -1.74129
v -0.37797 0.83999 -1.74129
v -0.17151 0.87011 -1.40723
v -0.17151 0.87011 -1.50471
v -0.20163 0.94897 -1.45597
v -1.07137 0.25520 -1.45597
v -0.75593 0.25520 -1.45597
v -1.07137 -0.25520 -1.45597
v -0.75593 -0.25520 -1.45597
v -0.91365 -0.15772 -1.20077
v -0.91365 0.15772 -1.20077
v -0.91365 -0.15772 -1.71117
v -0.91365 0.15772 -1.71117
v -0.65845 0.00000 -1.61369
v -0.65845 0.00000 -1.29825
v -1.16885 0.00000 -1.61369
v -1.16885 0.00000 -1.29825
v -1.15636 0.15000 -1.36326
v -1.06365 0.09271 -1.21326
v -1.00636 0.24271 -1.30597
v -0.82094 0.24271 -1.30597
v -0.91365 0.30000 -1.45597
v -0.82094 0.24271 -1.60597
v -1.00636 0.24271 -1.60597
v -1.06365 0.09271 -1.69868
v -1.15636 0.15000 -1.54868
v -1.21365 0.00000 -1.45597
v -0.76365 0.09271 -1.21326
v -0.67094 0.15000 -1.36326
v -1.06365 -0.09271 -1.21326
v -0.91365 0.00000 -1.15597
v -1.15636 -0.15000 -1.54868
v -1.15636 -0.15000 -1.36326
v -0.91365 0.00000 -1.75597
v -1.06365 -0.09271 -1.69868
v -0.67094 0.15000 -1.54868
v -0.76365 0.09271 -1.69868
v -0.67094 -0.15000 -1.36326
v -0.76365 -0.09271 -1.21326
v -0.82094 -0.24271 -1.30597
v -1.00636 -0.24271 -1.30597
v -0.91365 -0.30000 -1.45597
v -1.00636 -0.24271 -1.60597
v -0.82094 -0.24271 -1.60597
v -0.76365 -0.09271 -1.69868
v -0.67094 -0.15000 -1.54868
v -0.61365 0.00000 -1.45597
v -1.12178 0.21061 -1.40778
v -1.08999 0.20646 -1.32837
v -1.04382 0.25880 -1.37800
v -1.12426 0.04819 -1.24784
v -1.12011 0.12760 -1.27963
v -1.17245 0.07797 -1.32580
v -0.96184 0.20813 -1.24536
v -1.04125 0.17634 -1.24951
v -0.99162 0.13017 -1.19717
v -0.96239 0.28532 -1.37711
v -0.99563 0.28858 -1.45597
v -0.86546 0.20813 -1.24536
v -0.91365 0.25520 -1.29825
v -0.83167 0.28858 -1.45597
v -0.86491 0.28532 -1.37711
v -0.78348 0.25880 -1.37800
v -0.96239 0.28532 -1.53483
v -1.04382 0.25880 -1.53394
v -0.78348 0.25880 -1.53394
v -0.86491 0.28532 -1.53483
v -0.96184 0.20813 -1.66658
v -0.91365 0.25520 -1.61369
v -0.86546 0.20813 -1.66658
v -1.08999 0.20646 -1.58357
v -1.12178 0.21061 -1.50416
v -0.99162 0.13017 -1.71477
v -1.04125 0.17634 -1.66243
v -1.17245 0.07797 -1.58614
v -1.12011 0.12760 -1.63231
v -1.12426 0.04819 -1.66410
v -1.16885 0.15772 -1.45597
v -1.20223 0.00000 -1.53795
v -1.19897 0.07886 -1.50471
v -1.19897 0.07886 -1.40723
v -1.20223 0.00000 -1.37399
v -0.73731 0.20646 -1.32837
v -0.70552 0.21061 -1.40778
v -0.83568 0.13017 -1.19717
v -0.78605 0.17634 -1.24951
v -0.65485 0.07797 -1.32580
v -0.70719 0.12760 -1.27963
v -0.70304 0.04819 -1.24784
v -0.99251 0.04874 -1.17065
v -0.91365 0.08198 -1.16739
v -1.12426 -0.04819 -1.24784
v -1.07137 0.00000 -1.20077
v -0.91365 -0.08198 -1.16739
v -0.99251 -0.04874 -1.17065
v -0.99162 -0.13017 -1.19717
v -1.19897 -0.07886 -1.40723
v -1.17245 -0.07797 -1.32580
v -1.17245 -0.07797 -1.58614
v -1.19897 -0.07886 -1.50471
v -1.12178 -0.21061 -1.40778
v -1.16885 -0.15772 -1.45597
v -1.12178 -0.21061 -1.50416
v -1.07137 0.00000 -1.71117
v -1.12426 -0.04819 -1.66410
v -0.91365 0.08198 -1.74455
v -0.99251 0.04874 -1.74129
v -0.99162 -0.13017 -1.71477
v -0.99251 -0.04874 -1.74129
v -0.91365 -0.08198 -1.74455
v -0.78605 0.17634 -1.66243
v -0.83568 0.13017 -1.71477
v -0.70552 0.21061 -1.50416
v -0.73731 0.20646 -1.58357
v -0.70304 0.04819 -1.66410
v -0.70719 0.12760 -1.63231
v -0.65485 0.07797 -1.58614
v -0.70552 -0.21061 -1.40778
v -0.73731 -0.20646 -1.32837
v -0.78348 -0.25880 -1.37800
v -0.70304 -0.04819 -1.24784
v -0.70719 -0.12760 -1.27963
v -0.65485 -0.07797 -1.32580
v -0.86546 -0.20813 -1.24536
v -0.78605 -0.17634 -1.24951
v -0.83568 -0.13017 -1.19717
v -0.86491 -0.28532 -1.37711
v -0.83167 -0.28858 -1.45597
v -0.96184 -0.20813 -1.24536
v -0.91365 -0.25520 -1.29825
v -0.99563 -0.28858 -1.45597
v -0.96239 -0.28532 -1.37711
v -1.04382 -0.25880 -1.37800
v -0.86491 -0.28532 -1.53483
v -0.78348 -0.25880 -1.53394
v -1.04382 -0.25880 -1.53394
v -0.96239 -0.28532 -1.53483
v -0.86546 -0.20813 -1.66658
v -0.91365 -0.25520 -1.61369
v -0.96184 -0.20813 -1.66658
v -0.73731 -0.20646 -1.58357
v -0.70552 -0.21061 -1.50416
v -0.83568 -0.13017 -1.71477
v -0.78605 -0.17634 -1.66243
v -0.65485 -0.07797 -1.58614
v -0.70719 -0.12760 -1.63231
v -0.70304 -0.04819 -1.66410
v -0.65845 -0.15772 -1.45597
v -0.62507 0.00000 -1.53795
v -0.62833 -0.07886 -1.50471
v -0.62833 -0.07886 -1.40723
v -0.62507 0.00000 -1.37399
v -0.83479 -0.04874 -1.17065
v -0.75593 0.00000 -1.20077
v -0.83479 0.04874 -1.17065
v -1.08999 -0.20646 -1.32837
v -1.04125 -0.17634 -1.24951
v -1.12011 -0.12760 -1.27963
v -1.04125 -0.17634 -1.66243
v -1.08999 -0.20646 -1.58357
v -1.12011 -0.12760 -1.63231
v -0.75593 0.00000 -1.71117
v -0.83479 -0.04874 -1.74129
v -0.83479 0.04874 -1.74129
v -0.62833 0.07886 -1.40723
v -0.62833 0.07886 -1.50471
v -0.65845 0.15772 -1.45597
v -0.61455 -0.53605 -1.45597
v -0.29911 -0.53605 -1.45597
v -0.61455 -1.04645 -1.45597
v -0.29911 -1.04645 -1.45597
v -0.45683 -0.94897 -1.20077
v -0.45683 -0.63353 -1.20077
v -0.45683 -0.94897 -1.71117
v -0.45683 -0.63353 -1.71117
v -0.20163 -0.79125 -1.61369
v -0.20163 -0.79125 -1.29825
v -0.71203 -0.79125 -1.61369
v -0.71203 -0.79125 -1.29825
v -0.69954 -0.64125 -1.36326
v -0.60683 -0.69854 -1.21326
v -0.54954 -0.54854 -1.30597
v -0.36412 -0.54854 -1.30597
v -0.45683 -0.49125 -1.45597
v -0.36412 -0.54854 -1.60597
v -0.54954 -0.54854 -1.60597
v -0.60683 -0.69854 -1.69868
v -0.69954 -0.64125 -1.54868
v -0.75683 -0.79125 -1.45597
v -0.30683 -0.69854 -1.21326
v -0.21412 -0.64125 -1.36326
v -0.60683 -0.88396 -1.21326
v -0.45683 -0.79125 -1.15597
v -0.69954 -0.94125 -1.54868
v -0.69954 -0.94125 -1.36326
v -0.45683 -0.79125 -1.75597
v -0.60683 -0.88396 -1.69868
v -0.21412 -0.64125 -1.54868
v -0.30683 -0.69854 -1.69868
v -0.21412 -0.94125 -1.36326
v -0.30683 -0.88396 -1.21326
v -0.36412 -1.03396 -1.30597
v -0.54954 -1.03396 -1.30597
v -0.45683 -1.09125 -1.45597
v -0.54954 -1.03396 -1.60597
v -0.36412 -1.03396 -1.60597
v -0.30683 -0.88396 -1.69868
v -0.21412 -0.94125 -1.54868
v -0.15683 -0.79125 -1.45597
v -0.66496 -0.58064 -1.40778
v -0.63317 -0.58479 -1.32837
v -0.58700 -0.53245 -1.37800
v -0.66744 -0.74306 -1.24784
v -0.66329 -0.66365 -1.27963
v -0.71563 -0.71328 -1.32580
v -0.50502 -0.58312 -1.24536
v -0.58443 -0.61491 -1.24951
v -0.53480 -0.66108 -1.19717
v -0.50557 -0.50593 -1.37711
v -0.53881 -0.50267 -1.45597
v -0.40864 -0.58312 -1.24536
v -0.45683 -0.53605 -1.29825
v -0.37485 -0.50267 -1.45597
v -0.40809 -0.50593 -1.37711
v -0.32666 -0.53245 -1.37800
v -0.50557 -0.50593 -1.53483
v -0.58700 -0.53245 -1.53394
v -0.32666 -0.53245 -1.53394
v -0.40809 -0.50593 -1.53483
v -0.50502 -0.58312 -1.66658
v -0.45683 -0.53605 -1.61369
v -0.40864 -0.58312 -1.66658
v -0.63317 -0.58479 -1.58357
v -0.66496 -0.58064 -1.50416
v -0.53480 -0.66108 -1.71477
v -0.58443 -0.61491 -1.66243
v -0.71563 -0.71328 -1.58614
v -0.66329 -0.66365 -1.63231
v -0.66744 -0.74306 -1.66410
v -0.71203 -0.63353 -1.45597
v -0.74541 -0.79125 -1.53795
v -0.74215 -0.71239 -1.50471
v -0.74215 -0.71239 -1.40723
v -0.74541 -0.79125 -1.37399
v -0.28049 -0.58479 -1.32837
v -0.24870 -0.58064 -1.40778
v -0.37886 -0.66108 -1.19717
v -0.32923 -0.61491 -1.24951
v -0.19803 -0.71328 -1.32580
v -0.25037 -0.66365 -1.27963
v -0.24622 -0.74306 -1.24784
v -0.53569 -0.74251 -1.17065
v -0.45683 -0.70927 -1.16739
v -0.66744 -0.83944 -1.24784
v -0.61455 -0.79125 -1.20077
v -0.45683 -0.87323 -1.16739
v -0.53569 -0.83999 -1.17065
v -0.53480 -0.92142 -1.19717
v -0.74215 -0.87011 -1.40723
v -0.71563 -0.86922 -1.32580
v -0.71563 -0.86922 -1.58614
v -0.74215 -0.87011 -1.50471
v -0.66496 -1.00186 -1.40778
v -0.71203 -0.94897 -1.45597
v -0.66496 -1.00186 -1.50416
v -0.61455 -0.79125 -1.71117
v -0.66744 -0.83944 -1.66410
v -0.45683 -0.70927 -1.74455
v -0.53569 -0.74251 -1.74129
v -0.53480 -0.92142 -1.71477
v -0.53569 -0.83999 -1.74129
v -0.45683 -0.87323 -1.74455
v -0.32923 -0.61491 -1.66243
v -0.37886 -0.66108 -1.71477
v -0.24870 -0.58064 -1.50416
v -0.28049 -0.58479 -1.58357
v -0.24622 -0.74306 -1.66410
v -0.25037 -0.66365 -1.63231
v -0.19803 -0.71328 -1.58614
v -0.24870 -1.00186 -1.40778
v -0.28049 -0.99771 -1.32837
v -0.32666 -1.05005 -1.37800
v -0.24622 -0.83944 -1.24784
v -0.25037 -0.91885 -1.27963
v -0.19803 -0.86922 -1.32580
v -0.40864 -0.99938 -1.24536
v -0.32923 -0.96759 -1.24951
v -0.37886 -0.92142 -1.19717
v -0.40809 -1.07657 -1.37711
v -0.37485 -1.07983 -1.45597
v -0.50502 -0.99938 -1.24536
v -0.45683 -1.04645 -1.29825
v -0.53881 -1.07983 -1.45597
v -0.50557 -1.07657 -1.37711
v -0.58700 -1.05005 -1.37800
v -0.40809 -1.07657 -1.53483
v -0.32666 -1.05005 -1.53394
v -0.58700 -1.05005 -1.53394
v -0.50557 -1.07657 -1.53483
v -0.40864 -0.99938 -1.66658
v -0.45683 -1.04645 -1.61369
v -0.50502 -0.99938 -1.66658
v -0.28049 -0.99771 -1.58357
v -0.24870 -1.00186 -1.50416
v -0.37886 -0.92142 -1.71477
v -0.32923 -0.96759 -1.66243
v -0.19803 -0.86922 -1.58614
v -0.25037 -0.91885 -1.63231
v -0.24622 -0.83944 -1.66410
v -0.20163 -0.94897 -1.45597
v -0.16825 -0.79125 -1.53795
v -0.17151 -0.87011 -1.50471
v -0.17151 -0.87011 -1.40723
v -0.16825 -0.79125 -1.37399
v -0.37797 -0.83999 -1.17065
v -0.29911 -0.79125 -1.20077
v -0.37797 -0.74251 -1.17065
v -0.63317 -0.99771 -1.32837
v -0.58443 -0.96759 -1.24951
v -0.66329 -0.91885 -1.27963
v -0.58443 -0.96759 -1.66243
v -0.63317 -0.99771 -1.58357
v -0.66329 -0.91885 -1.63231
v -0.29911 -0.79125 -1.71117
v -0.37797 -0.83999 -1.74129
v -0.37797 -0.74251 -1.74129
v -0.17151 -0.71239 -1.40723
v -0.17151 -0.71239 -1.50471
v -0.20163 -0.63353 -1.45597
v 0.29911 -0.53605 -1.45597
v 0.61455 -0.53605 -1.45597
v 0.29911 -1.04645 -1.45597
v 0.61455 -1.04645 -1.45597
v 0.45683 -0.94897 -1.20077
v 0.45683 -0.63353 -1.20077
v 0.45683 -0.94897 -1.71117
v 0.45683 -0.63353 -1.71117
v 0.71203 -0.79125 -1.61369
v 0.71203 -0.79125 -1.29825
v 0.20163 -0.79125 -1.61369
v 0.20163 -0.79125 -1.29825
v 0.21412 -0.64125 -1.36326
v 0.30683 -0.69854 -1.21326
v 0.36412 -0.54854 -1.30597
v 0.54954 -0.54854 -1.30597
v 0.45683 -0.49125 -1.45597
v 0.54954 -0.54854 -1.60597
v 0.36412 -0.54854 -1.60597
v 0.30683 -0.69854 -1.69868
v 0.21412 -0.64125 -1.54868
v 0.15683 -0.79125 -1.45597
v 0.60683 -0.69854 -1.21326
v 0.69954 -0.64125 -1.36326
v 0.30683 -0.88396 -1.21326
v 0.45683 -0.79125 -1.15597
v 0.21412 -0.94125 -1.54868
v 0.21412 -0.94125 -1.36326
v 0.45683 -0.79125 -1.75597
v 0.30683 -0.88396 -1.69868
v 0.69954 -0.64125 -1.54868
v 0.60683 -0.69854 -1.69868
v 0.69954 -0.94125 -1.36326
v 0.60683 -0.88396 -1.21326
v 0.54954 -1.03396 -1.30597
v 0.36412 -1.03396 -1.30597
v 0.45683 -1.09125 -1.45597
v 0.36412 -1.03396 -1.60597
v 0.54954 -1.03396 -1.60597
v 0.60683 -0.88396 -1.69868
v 0.69954 -0.94125 -1.54868
v 0.75683 -0.79125 -1.45597
v 0.24870 -0.58064 -1.40778
v 0.28049 -0.58479 -1.32837
v 0.32666 -0.53245 -1.37800
v 0.24622 -0.74306 -1.24784
v 0.25037 -0.66365 -1.27963
v 0.19803 -0.71328 -1.32580
v 0.40864 -0.58312 -1.24536
v 0.32923 -0.61491 -1.24951
v 0.37886 -0.66108 -1.19717
v 0.40809 -0.50593 -1.37711
v 0.37485 -0.50267 -1.45597
v 0.50502 -0.58312 -1.24536
v 0.45683 -0.53605 -1.29825
v 0.53881 -0.50267 -1.45597
v 0.50557 -0.50593 -1.37711
v 0.58700 -0.53245 -1.37800
v 0.40809 -0.50593 -1.53483
v 0.32666 -0.53245 -1.53394
v 0.58700 -0.53245 -1.53394
v 0.50557 -0.50593 -1.53483
v 0.40864 -0.58312 -1.66658
v 0.45683 -0.53605 -1.61369
v 0.50502 -0.58312 -1.66658
v 0.28049 -0.58479 -1.58357
v 0.24870 -0.58064 -1.50416
v 0.37886 -0.66108 -1.71477
v 0.32923 -0.61491 -1.66243
v 0.19803 -0.71328 -1.58614
v 0.25037 -0.66365 -1.63231
v 0.24622 -0.74306 -1.66410
v 0.20163 -0.63353 -1.45597
v 0.16825 -0.79125 -1.53795
v 0.17151 -0.71239 -1.50471
v 0.17151 -0.71239 -1.40723
v 0.16825 -0.79125 -1.37399
v 0.63317 -0.58479 -1.32837
v 0.66496 -0.58064 -1.40778
v 0.53480 -0.66108 -1.19717
v 0.58443 -0.61491 -1.24951
v 0.71563 -0.71328 -1.32580
v 0.66329 -0.66365 -1.27963
v 0.66744 -0.74306 -1.24784
v 0.37797 -0.74251 -1.17065
v 0.45683 -0.70927 -1.16739
v 0.24622 -0.83944 -1.24784
v 0.29911 -0.79125 -1.20077
v 0.45683 -0.87323 -1.16739
v 0.37797 -0.83999 -1.17065
v 0.37886 -0.92142 -1.19717
v 0.17151 -0.87011 -1.40723
v 0.19803 -0.86922 -1.32580
v 0.19803 -0.86922 -1.58614
v 0.17151 -0.87011 -1.50471
v 0.24870 -1.00186 -1.40778
v 0.20163 -0.94897 -1.45597
v 0.24870 -1.00186 -1.50416
v 0.29911 -0.79125 -1.71117
v 0.24622 -0.83944 -1.66410
v 0.45683 -0.70927 -1.74455
v 0.37797 -0.74251 -1.74129
v 0.37886 -0.92142 -1.71477
v 0.37797 -0.83999 -1.74129
v 0.45683 -0.87323 -1.74455
v 0.58443 -0.61491 -1.66243
v 0.53480 -0.66108 -1.71477
v 0.66496 -0.58064 -1.50416
v 0.63317 -0.58479 -1.58357
v 0.66744 -0.74306 -1.66410
v 0.66329 -0.66365 -1.63231
v 0.71563 -0.71328 -1.58614
v 0.66496 -1.00186 -1.40778
v 0.63317 -0.99771 -1.32837
v 0.58700 -1.05005 -1.37800
v 0.66744 -0.83944 -1.24784
v 0.66329 -0.91885 -1.27963
v 0.71563 -0.86922 -1.32580
v 0.50502 -0.99938 -1.24536
v 0.58443 -0.96759 -1.24951
v 0.53480 -0.92142 -1.19717
v 0.50557 -1.07657 -1.37711
v 0.53881 -1.07983 -1.45597
v 0.40864 -0.99938 -1.24536
v 0.45683 -1.04645 -1.29825
v 0.37485 -1.07983 -1.45597
v 0.40809 -1.07657 -1.37711
v 0.32666 -1.05005 -1.37800
v 0.50557 -1.07657 -1.53483
v 0.58700 -1.05005 -1.53394
v 0.32666 -1.05005 -1.53394
v 0.40809 -1.07657 -1.53483
v 0.50502 -0.99938 -1.66658
v 0.45683 -1.04645 -1.61369
v 0.40864 -0.99938 -1.66658
v 0.63317 -0.99771 -1.58357
v 0.66496 -1.00186 -1.50416
v 0.53480 -0.92142 -1.71477
v 0.58443 -0.96759 -1.66243
v 0.71563 -0.86922 -1.58614
v 0.66329 -0.91885 -1.63231
v 0.66744 -0.83944 -1.66410
v 0.71203 -0.94897 -1.45597
v 0.74541 -0.79125 -1.53795
v 0.74215 -0.87011 -1.50471
v 0.74215 -0.87011 -1.40723
v 0.74541 -0.79125 -1.37399
v 0.53569 -0.83999 -1.17065
v 0.61455 -0.79125 -1.20077
v 0.53569 -0.74251 -1.17065
v 0.28049 -0.99771 -1.32837
v 0.32923 -0.96759 -1.24951
v 0.25037 -0.91885 -1.27963
v 0.32923 -0.96759 -1.66243
v 0.28049 -0.99771 -1.58357
v 0.25037 -0.91885 -1.63231
v 0.61455 -0.79125 -1.71117
v 0.53569 -0.83999 -1.74129
v 0.53569 -0.74251 -1.74129
v 0.74215 -0.71239 -1.40723
v 0.74215 -0.71239 -1.50471
v 0.71203 -0.63353 -1.45597
v 1.69398 -3.03392 2.62281
v 1.63523 -3.01494 2.62564
v 1.59892 -2.96507 2.62943
v 1.59892 -2.90336 2.63273
v 1.63523 -2.85337 2.63428
v 1.69398 -2.83420 2.63349
v 1.75273 -2.85318 2.63066
v 1.78904 -2.90305 2.62687
v 1.78904 -2.96476 2.62357
v 1.75273 -3.01475 2.62202
v 1.62093 -2.90740 0.25647
v 1.56218 -2.88842 0.25930
v 1.52587 -2.83855 0.26309
v 1.52587 -2.77684 0.26639
v 1.56218 -2.72685 0.26794
v 1.62093 -2.70768 0.26715
v 1.67968 -2.72666 0.26432
v 1.71599 -2.77653 0.26053
v 1.71599 -2.83824 0.25723
v 1.67968 -2.88823 0.25568
v -1.25446 2.11693 -0.76876
v -1.30747 2.10654 -0.79879
v -1.34024 2.12146 -0.84902
v -1.34024 2.15598 -0.90029
v -1.30747 2.19692 -0.93299
v -1.25446 2.22865 -0.93466
v -1.20145 2.23904 -0.90463
v -1.16868 2.22412 -0.85440
v -1.16868 2.18960 -0.80313
v -1.20145 2.14866 -0.77043
v -0.78382 1.30176 -1.31772
v -0.83683 1.29137 -1.34775
v -0.86960 1.30629 -1.39798
v -0.86960 1.34081 -1.44925
v -0.83683 1.38175 -1.48195
v -0.78382 1.41348 -1.48362
v -0.73081 1.42387 -1.45359
v -0.69804 1.40895 -1.40336
v -0.69804 1.37443 -1.35209
v -0.73081 1.33349 -1.31939
v 0.78382 -1.37068 -1.49981
v 0.73281 -1.39713 -1.47707
v 0.70128 -1.40850 -1.42514
v 0.70128 -1.40042 -1.36386
v 0.73281 -1.37600 -1.31665
v 0.78382 -1.34456 -1.30153
v 0.83483 -1.31811 -1.32427
v 0.86636 -1.30674 -1.37620
v 0.86636 -1.31482 -1.43748
v 0.83483 -1.33924 -1.48469
v 0.59549 -1.04447 -1.54278
v 0.54448 -1.07092 -1.52004
v 0.51295 -1.08229 -1.46811
v 0.51295 -1.07421 -1.40683
v 0.54448 -1.04979 -1.35962
v 0.59549 -1.01835 -1.34450
v 0.64650 -0.99190 -1.36724
v 0.67803 -0.98053 -1.41917
v 0.67803 -0.98861 -1.48045
v 0.64650 -1.01303 -1.52766
v -1.69398 2.93406 2.72815
v -1.74488 2.96345 2.70905
v -1.77634 2.98161 2.65905
v -1.77634 2.98161 2.59725
v -1.74488 2.96345 2.54725
v -1.69398 2.93406 2.52815
v -1.64308 2.90467 2.54725
v -1.61162 2.88651 2.59725
v -1.61162 2.88651 2.65905
v -1.64308 2.90467 2.70905
v -3.38796 0.00000 2.72815
v -3.43886 0.02939 2.70905
v -3.47032 0.04755 2.65905
v -3.47032 0.04755 2.59725
v -3.43886 0.02939 2.54725
v -3.38796 0.00000 2.52815
v -3.33706 -0.02939 2.54725
v -3.30560 -0.04755 2.59725
v -3.30560 -0.04755 2.65905
v -3.33706 -0.02939 2.70905
v -0.45683 -0.79125 -1.35597
v -0.45683 -0.85003 -1.37507
v -0.45683 -0.88636 -1.42507
v -0.45683 -0.88636 -1.48687
v -0.45683 -0.85003 -1.53687
v -0.45683 -0.79125 -1.55597
v -0.45683 -0.73247 -1.53687
v -0.45683 -0.69614 -1.48687
v -0.45683 -0.69614 -1.42507
v -0.45683 -0.73247 -1.37507
v 0.45683 -0.79125 -1.35597
v 0.45683 -0.85003 -1.37507
v 0.45683 -0.88636 -1.42507
v 0.45683 -0.88636 -1.48687
v 0.45683 -0.85003 -1.53687
v 0.45683 -0.79125 -1.55597
v 0.45683 -0.73247 -1.53687
v 0.45683 -0.69614 -1.48687
v 0.45683 -0.69614 -1.42507
v 0.45683 -0.73247 -1.37507
v 0.59549 1.03141 -1.54364
v 0.59549 0.97263 -1.52454
v 0.59549 0.93630 -1.47454
v 0.59549 0.93630 -1.41274
v 0.59549 0.97263 -1.36274
v 0.59549 1.03141 -1.34364
v 0.59549 1.09019 -1.36274
v 0.59549 1.12652 -1.41274
v 0.59549 1.12652 -1.47454
v 0.59549 1.09019 -1.52454
v -0.59549 1.03141 -1.54364
v -0.59549 0.97263 -1.52454
v -0.59549 0.93630 -1.47454
v -0.59549 0.93630 -1.41274
v -0.59549 0.97263 -1.36274
v -0.59549 1.03141 -1.34364
v -0.59549 1.09019 -1.36274
v -0.59549 1.12652 -1.41274
v -0.59549 1.12652 -1.47454
v -0.59549 1.09019 -1.52454
v -0.78382 1.35762 -1.30067
v -0.83472 1.38701 -1.31977
v -0.86618 1.40517 -1.36977
v -0.86618 1.40517 -1.43157
v -0.83472 1.38701 -1.48157
v -0.78382 1.35762 -1.50067
v -0.73292 1.32823 -1.48157
v -0.70146 1.31007 -1.43157
v -0.70146 1.31007 -1.36977
v -0.73292 1.32823 -1.31977
v -1.56764 0.00000 -1.30067
v -1.61854 0.02939 -1.31977
v -1.65000 0.04755 -1.36977
v -1.65000 0.04755 -1.43157
v -1.61854 0.02939 -1.48157
v -1.56764 0.00000 -1.50067
v -1.51674 -0.02939 -1.48157
v -1.48528 -0.04755 -1.43157
v -1.48528 -0.04755 -1.36977
v -1.51674 -0.02939 -1.31977
v -0.59549 -1.03654 -1.54351
v -0.64641 -1.00624 -1.52594
v -0.67788 -0.98555 -1.47694
v -0.67788 -0.98238 -1.41521
v -0.64641 -0.99794 -1.36435
v -0.59549 -1.02628 -1.34377
v -0.54457 -1.05658 -1.36134
v -0.51310 -1.07727 -1.41034
v -0.51310 -1.08044 -1.47207
v -0.54457 -1.06488 -1.52293
v -0.45683 -0.79638 -1.55584
v -0.50775 -0.76608 -1.53827
v -0.53922 -0.74539 -1.48927
v -0.53922 -0.74222 -1.42754
v -0.50775 -0.75778 -1.37668
v -0.45683 -0.78612 -1.35610
v -0.40591 -0.81642 -1.37367
v -0.37444 -0.83711 -1.42267
v -0.37444 -0.84028 -1.48440
v -0.40591 -0.82472 -1.53526
v 0.91365 0.00000 -1.55597
v 0.86275 -0.02939 -1.53687
v 0.83129 -0.04755 -1.48687
v 0.83129 -0.04755 -1.42507
v 0.86275 -0.02939 -1.37507
v 0.91365 -0.00000 -1.35597
v 0.96455 0.02939 -1.37507
v 0.99601 0.04755 -1.42507
v 0.99601 0.04755 -1.48687
v 0.96455 0.02939 -1.53687
v 0.45683 0.79125 -1.55597
v 0.40593 0.76186 -1.53687
v 0.37447 0.74370 -1.48687
v 0.37447 0.74370 -1.42507
v 0.40593 0.76186 -1.37507
v 0.45683 0.79125 -1.35597
v 0.50773 0.82064 -1.37507
v 0.53919 0.83880 -1.42507
v 0.53919 0.83880 -1.48687
v 0.50773 0.82064 -1.53687
v -1.56764 0.00000 -1.30067
v -1.61854 -0.02939 -1.31977
v -1.65000 -0.04755 -1.36977
v -1.65000 -0.04755 -1.43157
v -1.61854 -0.02939 -1.48157
v -1.56764 -0.00000 -1.50067
v -1.51674 0.02939 -1.48157
v -1.48528 0.04755 -1.43157
v -1.48528 0.04755 -1.36977
v -1.51674 0.02939 -1.31977
v -0.78382 -1.35762 -1.30067
v -0.83472 -1.38701 -1.31977
v -0.86618 -1.40517 -1.36977
v -0.86618 -1.40517 -1.43157
v -0.83472 -1.38701 -1.48157
v -0.78382 -1.35762 -1.50067
v -0.73292 -1.32823 -1.48157
v -0.70146 -1.31007 -1.43157
v -0.70146 -1.31007 -1.36977
v -0.73292 -1.32823 -1.31977
v 0.78382 1.34456 -1.30153
v 0.73281 1.37600 -1.31665
v 0.70128 1.40042 -1.36386
v 0.70128 1.40850 -1.42514
v 0.73281 1.39713 -1.47707
v 0.78382 1.37068 -1.49981
v 0.83483 1.33924 -1.48469
v 0.86636 1.31482 -1.43748
v 0.86636 1.30674 -1.37620
v 0.83483 1.31811 -1.32427
v 0.59549 1.01835 -1.34450
v 0.54448 1.04979 -1.35962
v 0.51295 1.07421 -1.40683
v 0.51295 1.08229 -1.46811
v 0.54448 1.07092 -1.52004
v 0.59549 1.04447 -1.54278
v 0.64650 1.01303 -1.52766
v 0.67803 0.98861 -1.48045
v 0.67803 0.98053 -1.41917
v 0.64650 0.99190 -1.36724
v 0.00000 -0.08587 7.49278
v -0.05636 -0.06092 7.48825
v -0.09120 -0.01270 7.50502
v -0.09120 0.04036 7.53670
v -0.05636 0.07802 7.57117
v -0.00000 0.08587 7.59528
v 0.05636 0.06092 7.59981
v 0.09120 0.01270 7.58304
v 0.09120 -0.04036 7.55136
v 0.05636 -0.07802 7.51689
v 1.69398 2.84819 2.57690
v 1.63762 2.87314 2.57237
v 1.60278 2.92136 2.58914
v 1.60278 2.97442 2.62082
v 1.63762 3.01208 2.65529
v 1.69398 3.01993 2.67940
v 1.75034 2.99498 2.68393
v 1.78518 2.94676 2.66716
v 1.78518 2.89370 2.63548
v 1.75034 2.85604 2.60101
v 1.62093 2.80754 0.16181
v 1.62093 2.74876 0.18091
v 1.62093 2.71243 0.23091
v 1.62093 2.71243 0.29271
v 1.62093 2.74876 0.34271
v 1.62093 2.80754 0.36181
v 1.62093 2.86632 0.34271
v 1.62093 2.90265 0.29271
v 1.62093 2.90265 0.23091
v 1.62093 2.86632 0.18091
v -1.62093 2.80754 0.16181
v -1.62093 2.74876 0.18091
v -1.62093 2.71243 0.23091
v -1.62093 2.71243 0.29271
v -1.62093 2.74876 0.34271
v -1.62093 2.80754 0.36181
v -1.62093 2.86632 0.34271
v -1.62093 2.90265 0.29271
v -1.62093 2.90265 0.23091
v -1.62093 2.86632 0.18091
v 0.00000 -0.08587 7.59528
v -0.05636 -0.06092 7.59981
v -0.09120 -0.01270 7.58304
v -0.09120 0.04036 7.55136
v -0.05636 0.07802 7.51689
v -0.00000 0.08587 7.49278
v 0.05636 0.06092 7.48825
v 0.09120 0.01270 7.50502
v 0.09120 -0.04036 7.53670
v 0.05636 -0.07802 7.57117
v -1.69398 -3.01993 2.67940
v -1.75034 -2.99498 2.68393
v -1.78518 -2.94676 2.66716
v -1.78518 -2.89370 2.63548
v -1.75034 -2.85604 2.60101
v -1.69398 -2.84819 2.57690
v -1.63762 -2.87314 2.57237
v -1.60278 -2.92136 2.58914
v -1.60278 -2.97442 2.62082
v -1.63762 -3.01208 2.65529
v 3.38796 0.00000 2.72815
v 3.33706 0.02939 2.70905
v 3.30560 0.04755 2.65905
v 3.30560 0.04755 2.59725
v 3.33706 0.02939 2.54725
v 3.38796 0.00000 2.52815
v 3.43886 -0.02939 2.54725
v 3.47032 -0.04755 2.59725
v 3.47032 -0.04755 2.65905
v 3.43886 -0.02939 2.70905
v 1.69398 -2.93406 2.72815
v 1.64308 -2.90467 2.70905
v 1.61162 -2.88651 2.65905
v 1.61162 -2.88651 2.59725
v 1.64308 -2.90467 2.54725
v 1.69398 -2.93406 2.52815
v 1.74488 -2.96345 2.54725
v 1.77634 -2.98161 2.59725
v 1.77634 -2.98161 2.65905
v 1.74488 -2.96345 2.70905
v -1.25446 -2.17279 -0.75171
v -1.25446 -2.23157 -0.77081
v -1.25446 -2.26790 -0.82081
v -1.25446 -2.26790 -0.88261
v -1.25446 -2.23157 -0.93261
v -1.25446 -2.17279 -0.95171
v -1.25446 -2.11401 -0.93261
v -1.25446 -2.07768 -0.88261
v -1.25446 -2.07768 -0.82081
v -1.25446 -2.11401 -0.77081
v 1.25446 -2.17279 -0.75171
v 1.25446 -2.23157 -0.77081
v 1.25446 -2.26790 -0.82081
v 1.25446 -2.26790 -0.88261
v 1.25446 -2.23157 -0.93261
v 1.25446 -2.17279 -0.95171
v 1.25446 -2.11401 -0.93261
v 1.25446 -2.07768 -0.88261
v 1.25446 -2.07768 -0.82081
v 1.25446 -2.11401 -0.77081
v -0.59549 1.03141 -1.34364
v -0.64639 1.06080 -1.36274
v -0.67785 1.07896 -1.41274
v -0.67785 1.07896 -1.47454
v -0.64639 1.06080 -1.52454
v -0.59549 1.03141 -1.54364
v -0.54459 1.00202 -1.52454
v -0.51313 0.98386 -1.47454
v -0.51313 0.98386 -1.41274
v -0.54459 1.00202 -1.36274
v -1.19097 0.00000 -1.34364
v -1.24187 0.02939 -1.36274
v -1.27333 0.04755 -1.41274
v -1.27333 0.04755 -1.47454
v -1.24187 0.02939 -1.52454
v -1.19097 0.00000 -1.54364
v -1.14007 -0.02939 -1.52454
v -1.10861 -0.04755 -1.47454
v -1.10861 -0.04755 -1.41274
v -1.14007 -0.02939 -1.36274
v 1.19097 0.00000 -1.54364
v 1.14007 -0.02939 -1.52454
v 1.10861 -0.04755 -1.47454
v 1.10861 -0.04755 -1.41274
v 1.14007 -0.02939 -1.36274
v 1.19097 -0.00000 -1.34364
v 1.24187 0.02939 -1.36274
v 1.27333 0.04755 -1.41274
v 1.27333 0.04755 -1.47454
v 1.24187 0.02939 -1.52454
v 0.59549 1.03141 -1.54364
v 0.54459 1.00202 -1.52454
v 0.51313 0.98386 -1.47454
v 0.51313 0.98386 -1.41274
v 0.54459 1.00202 -1.36274
v 0.59549 1.03141 -1.34364
v 0.64639 1.06080 -1.36274
v 0.67785 1.07896 -1.41274
v 0.67785 1.07896 -1.47454
v 0.64639 1.06080 -1.52454
v 1.69398 2.83420 2.63349
v 1.63523 2.85337 2.63428
v 1.59892 2.90336 2.63273
v 1.59892 2.96507 2.62943
v 1.63523 3.01494 2.62564
v 1.69398 3.03392 2.62281
v 1.75273 3.01475 2.62202
v 1.78904 2.96476 2.62357
v 1.78904 2.90305 2.62687
v 1.75273 2.85318 2.63066
v 1.62093 2.70768 0.26715
v 1.56218 2.72685 0.26794
v 1.52587 2.77684 0.26639
v 1.52587 2.83855 0.26309
v 1.56218 2.88842 0.25930
v 1.62093 2.90740 0.25647
v 1.67968 2.88823 0.25568
v 1.71599 2.83824 0.25723
v 1.71599 2.77653 0.26053
v 1.67968 2.72666 0.26432
v -1.62093 -2.89442 0.21229
v -1.67744 -2.86982 0.20771
v -1.71237 -2.82144 0.22379
v -1.71237 -2.76775 0.25440
v -1.67744 -2.72925 0.28784
v -1.62093 -2.72066 0.31133
v -1.56442 -2.74526 0.31591
v -1.52949 -2.79364 0.29983
v -1.52949 -2.84733 0.26922
v -1.56442 -2.88583 0.23578
v -1.25446 -2.25967 -0.90123
v -1.31097 -2.23507 -0.90581
v -1.34590 -2.18669 -0.88973
v -1.34590 -2.13300 -0.85912
v -1.31097 -2.09450 -0.82568
v -1.25446 -2.08591 -0.80219
v -1.19795 -2.11051 -0.79761
v -1.16302 -2.15889 -0.81369
v -1.16302 -2.21258 -0.84430
v -1.19795 -2.25108 -0.87774
v 2.50892 0.00000 -0.95171
v 2.45802 -0.02939 -0.93261
v 2.42656 -0.04755 -0.88261
v 2.42656 -0.04755 -0.82081
v 2.45802 -0.02939 -0.77081
v 2.50892 -0.00000 -0.75171
v 2.55982 0.02939 -0.77081
v 2.59128 0.04755 -0.82081
v 2.59128 0.04755 -0.88261
v 2.55982 0.02939 -0.93261
v 1.25446 2.17279 -0.95171
v 1.20356 2.14340 -0.93261
v 1.17210 2.12524 -0.88261
v 1.17210 2.12524 -0.82081
v 1.20356 2.14340 -0.77081
v 1.25446 2.17279 -0.75171
v 1.30536 2.20218 -0.77081
v 1.33682 2.22034 -0.82081
v 1.33682 2.22034 -0.88261
v 1.30536 2.20218 -0.93261
v 1.56764 0.00000 -1.30067
v 1.51674 0.02939 -1.31977
v 1.48528 0.04755 -1.36977
v 1.48528 0.04755 -1.43157
v 1.51674 0.02939 -1.48157
v 1.56764 0.00000 -1.50067
v 1.61854 -0.02939 -1.48157
v 1.65000 -0.04755 -1.43157
v 1.65000 -0.04755 -1.36977
v 1.61854 -0.02939 -1.31977
v 0.78382 -1.35762 -1.30067
v 0.73292 -1.32823 -1.31977
v 0.70146 -1.31007 -1.36977
v 0.70146 -1.31007 -1.43157
v 0.73292 -1.32823 -1.48157
v 0.78382 -1.35762 -1.50067
v 0.83472 -1.38701 -1.48157
v 0.86618 -1.40517 -1.43157
v 0.86618 -1.40517 -1.36977
v 0.83472 -1.38701 -1.31977
v 0.59549 -1.03654 -1.54351
v 0.54457 -1.06488 -1.52293
v 0.51310 -1.08044 -1.47207
v 0.51310 -1.07727 -1.41034
v 0.54457 -1.05658 -1.36134
v 0.59549 -1.02628 -1.34377
v 0.64641 -0.99794 -1.36435
v 0.67788 -0.98238 -1.41521
v 0.67788 -0.98555 -1.47694
v 0.64641 -1.00624 -1.52594
v 0.45683 -0.79638 -1.55584
v 0.40591 -0.82472 -1.53526
v 0.37444 -0.84028 -1.48440
v 0.37444 -0.83711 -1.42267
v 0.40591 -0.81642 -1.37367
v 0.45683 -0.78612 -1.35610
v 0.50775 -0.75778 -1.37668
v 0.53922 -0.74222 -1.42754
v 0.53922 -0.74539 -1.48927
v 0.50775 -0.76608 -1.53827
v 0.45683 0.79125 -1.55597
v 0.45683 0.73247 -1.53687
v 0.45683 0.69614 -1.48687
v 0.45683 0.69614 -1.42507
v 0.45683 0.73247 -1.37507
v 0.45683 0.79125 -1.35597
v 0.45683 0.85003 -1.37507
v 0.45683 0.88636 -1.42507
v 0.45683 0.88636 -1.48687
v 0.45683 0.85003 -1.53687
v -0.45683 0.79125 -1.55597
v -0.45683 0.73247 -1.53687
v -0.45683 0.69614 -1.48687
v -0.45683 0.69614 -1.42507
v -0.45683 0.73247 -1.37507
v -0.45683 0.79125 -1.35597
v -0.45683 0.85003 -1.37507
v -0.45683 0.88636 -1.42507
v -0.45683 0.88636 -1.48687
v -0.45683 0.85003 -1.53687
v 3.24187 -0.10000 0.26181
v 3.19277 -0.08090 0.29413
v 3.16243 -0.03090 0.31410
v 3.16243 0.03090 0.31410
v 3.19277 0.08090 0.29413
v 3.24187 0.10000 0.26181
v 3.29097 0.08090 0.22949
v 3.32131 0.03090 0.20952
v 3.32131 -0.03090 0.20952
v 3.29097 -0.08090 0.22949
v 2.50892 -0.10000 -0.85171
v 2.45982 -0.08090 -0.81939
v 2.42948 -0.03090 -0.79942
v 2.42948 0.03090 -0.79942
v 2.45982 0.08090 -0.81939
v 2.50892 0.10000 -0.85171
v 2.55802 0.08090 -0.88403
v 2.58836 0.03090 -0.90400
v 2.58836 -0.03090 -0.90400
v 2.55802 -0.08090 -0.88403
v -2.50892 -0.10000 -0.85171
v -2.53853 -0.08090 -0.90248
v -2.55683 -0.03090 -0.93386
v -2.55683 0.03090 -0.93386
v -2.53853 0.08090 -0.90248
v -2.50892 0.10000 -0.85171
v -2.47931 0.08090 -0.80094
v -2.46101 0.03090 -0.76956
v -2.46101 -0.03090 -0.76956
v -2.47931 -0.08090 -0.80094
v -1.56764 -0.10000 -1.40067
v -1.59725 -0.08090 -1.45144
v -1.61555 -0.03090 -1.48282
v -1.61555 0.03090 -1.48282
v -1.59725 0.08090 -1.45144
v -1.56764 0.10000 -1.40067
v -1.53803 0.08090 -1.34990
v -1.51973 0.03090 -1.31852
v -1.51973 -0.03090 -1.31852
v -1.53803 -0.08090 -1.34990
v 1.19541 0.00000 -1.54354
v 1.19456 -0.05878 -1.52446
v 1.19234 -0.09511 -1.47451
v 1.18960 -0.09511 -1.41277
v 1.18738 -0.05878 -1.36282
v 1.18653 -0.00000 -1.34374
v 1.18738 0.05878 -1.36282
v 1.18960 0.09511 -1.41277
v 1.19234 0.09511 -1.47451
v 1.19456 0.05878 -1.52446
v 0.91809 0.00000 -1.55587
v 0.91724 -0.05878 -1.53679
v 0.91502 -0.09511 -1.48684
v 0.91228 -0.09511 -1.42510
v 0.91006 -0.05878 -1.37515
v 0.90921 -0.00000 -1.35607
v 0.91006 0.05878 -1.37515
v 0.91228 0.09511 -1.42510
v 0.91502 0.09511 -1.48684
v 0.91724 0.05878 -1.53679
v 0.59549 1.02628 -1.34377
v 0.54457 1.05658 -1.36134
v 0.51310 1.07727 -1.41034
v 0.51310 1.08044 -1.47207
v 0.54457 1.06488 -1.52293
v 0.59549 1.03654 -1.54351
v 0.64641 1.00624 -1.52594
v 0.67788 0.98555 -1.47694
v 0.67788 0.98238 -1.41521
v 0.64641 0.99794 -1.36435
v 0.45683 0.78612 -1.35610
v 0.40591 0.81642 -1.37367
v 0.37444 0.83711 -1.42267
v 0.37444 0.84028 -1.48440
v 0.40591 0.82472 -1.53526
v 0.45683 0.79638 -1.55584
v 0.50775 0.76608 -1.53827
v 0.53922 0.74539 -1.48927
v 0.53922 0.74222 -1.42754
v 0.50775 0.75778 -1.37668
v -3.38796 0.00000 2.72815
v -3.43886 -0.02939 2.70905
v -3.47032 -0.04755 2.65905
v -3.47032 -0.04755 2.59725
v -3.43886 -0.02939 2.54725
v -3.38796 -0.00000 2.52815
v -3.33706 0.02939 2.54725
v -3.30560 0.04755 2.59725
v -3.30560 0.04755 2.65905
v -3.33706 0.02939 2.70905
v -1.69398 -2.93406 2.72815
v -1.74488 -2.96345 2.70905
v -1.77634 -2.98161 2.65905
v -1.77634 -2.98161 2.59725
v -1.74488 -2.96345 2.54725
v -1.69398 -2.93406 2.52815
v -1.64308 -2.90467 2.54725
v -1.61162 -2.88651 2.59725
v -1.61162 -2.88651 2.65905
v -1.64308 -2.90467 2.70905
v -1.69398 2.83420 2.63349
v -1.75273 2.85318 2.63066
v -1.78904 2.90305 2.62687
v -1.78904 2.96476 2.62357
v -1.75273 3.01475 2.62202
v -1.69398 3.03392 2.62281
v -1.63523 3.01494 2.62564
v -1.59892 2.96507 2.62943
v -1.59892 2.90336 2.63273
v -1.63523 2.85337 2.63428
v -1.62093 2.70768 0.26715
v -1.67968 2.72666 0.26432
v -1.71599 2.77653 0.26053
v -1.71599 2.83824 0.25723
v -1.67968 2.88823 0.25568
v -1.62093 2.90740 0.25647
v -1.56218 2.88842 0.25930
v -1.52587 2.83855 0.26309
v -1.52587 2.77684 0.26639
v -1.56218 2.72685 0.26794
v -1.69398 -2.93406 2.72815
v -1.69398 -2.99284 2.70905
v -1.69398 -3.02917 2.65905
v -1.69398 -3.02917 2.59725
v -1.69398 -2.99284 2.54725
v -1.69398 -2.93406 2.52815
v -1.69398 -2.87528 2.54725
v -1.69398 -2.83895 2.59725
v -1.69398 -2.83895 2.65905
v -1.69398 -2.87528 2.70905
v 1.69398 -2.93406 2.72815
v 1.69398 -2.99284 2.70905
v 1.69398 -3.02917 2.65905
v 1.69398 -3.02917 2.59725
v 1.69398 -2.99284 2.54725
v 1.69398 -2.93406 2.52815
v 1.69398 -2.87528 2.54725
v 1.69398 -2.83895 2.59725
v 1.69398 -2.83895 2.65905
v 1.69398 -2.87528 2.70905
v 1.62093 -2.89442 0.21229
v 1.56442 -2.88583 0.23578
v 1.52949 -2.84733 0.26922
v 1.52949 -2.79364 0.29983
v 1.56442 -2.74526 0.31591
v 1.62093 -2.72066 0.31133
v 1.67744 -2.72925 0.28784
v 1.71237 -2.76775 0.25440
v 1.71237 -2.82144 0.22379
v 1.67744 -2.86982 0.20771
v 1.25446 -2.25967 -0.90123
v 1.19795 -2.25108 -0.87774
v 1.16302 -2.21258 -0.84430
v 1.16302 -2.15889 -0.81369
v 1.19795 -2.11051 -0.79761
v 1.25446 -2.08591 -0.80219
v 1.31097 -2.09450 -0.82568
v 1.34590 -2.13300 -0.85912
v 1.34590 -2.18669 -0.88973
v 1.31097 -2.23507 -0.90581
v -0.78382 1.34456 -1.30153
v -0.83483 1.31811 -1.32427
v -0.86636 1.30674 -1.37620
v -0.86636 1.31482 -1.43748
v -0.83483 1.33924 -1.48469
v -0.78382 1.37068 -1.49981
v -0.73281 1.39713 -1.47707
v -0.70128 1.40850 -1.42514
v -0.70128 1.40042 -1.36386
v -0.73281 1.37600 -1.31665
v -0.59549 1.01835 -1.34450
v -0.64650 0.99190 -1.36724
v -0.67803 0.98053 -1.41917
v -0.67803 0.98861 -1.48045
v -0.64650 1.01303 -1.52766
v -0.59549 1.04447 -1.54278
v -0.54448 1.07092 -1.52004
v -0.51295 1.08229 -1.46811
v -0.51295 1.07421 -1.40683
v -0.54448 1.04979 -1.35962
v 1.25446 2.17279 -0.95171
v 1.25446 2.11401 -0.93261
v 1.25446 2.07768 -0.88261
v 1.25446 2.07768 -0.82081
v 1.25446 2.11401 -0.77081
v 1.25446 2.17279 -0.75171
v 1.25446 2.23157 -0.77081
v 1.25446 2.26790 -0.82081
v 1.25446 2.26790 -0.88261
v 1.25446 2.23157 -0.93261
v -1.25446 2.17279 -0.95171
v -1.25446 2.11401 -0.93261
v -1.25446 2.07768 -0.88261
v -1.25446 2.07768 -0.82081
v -1.25446 2.11401 -0.77081
v -1.25446 2.17279 -0.75171
v -1.25446 2.23157 -0.77081
v -1.25446 2.26790 -0.82081
v -1.25446 2.26790 -0.88261
v -1.25446 2.23157 -0.93261
v -1.56764 -0.10000 -1.40067
v -1.57430 -0.08090 -1.45907
v -1.57842 -0.03090 -1.49516
v -1.57842 0.03090 -1.49516
v -1.57430 0.08090 -1.45907
v -1.56764 0.10000 -1.40067
v -1.56098 0.08090 -1.34227
v -1.55686 0.03090 -1.30618
v -1.55686 -0.03090 -1.30618
v -1.56098 -0.08090 -1.34227
v -1.19097 -0.10000 -1.44364
v -1.19763 -0.08090 -1.50204
v -1.20175 -0.03090 -1.53813
v -1.20175 0.03090 -1.53813
v -1.19763 0.08090 -1.50204
v -1.19097 0.10000 -1.44364
v -1.18431 0.08090 -1.38524
v -1.18019 0.03090 -1.34915
v -1.18019 -0.03090 -1.34915
v -1.18431 -0.08090 -1.38524
v -0.78382 -1.35762 -1.30067
v -0.78382 -1.41640 -1.31977
v -0.78382 -1.45273 -1.36977
v -0.78382 -1.45273 -1.43157
v -0.78382 -1.41640 -1.48157
v -0.78382 -1.35762 -1.50067
v -0.78382 -1.29884 -1.48157
v -0.78382 -1.26251 -1.43157
v -0.78382 -1.26251 -1.36977
v -0.78382 -1.29884 -1.31977
v 0.78382 -1.35762 -1.30067
v 0.78382 -1.41640 -1.31977
v 0.78382 -1.45273 -1.36977
v 0.78382 -1.45273 -1.43157
v 0.78382 -1.41640 -1.48157
v 0.78382 -1.35762 -1.50067
v 0.78382 -1.29884 -1.48157
v 0.78382 -1.26251 -1.43157
v 0.78382 -1.26251 -1.36977
v 0.78382 -1.29884 -1.31977
v 0.00000 -0.10000 7.54403
v -0.04840 -0.08090 7.51067
v -0.07831 -0.03090 7.49006
v -0.07831 0.03090 7.49006
v -0.04840 0.08090 7.51067
v -0.00000 0.10000 7.54403
v 0.04840 0.08090 7.57739
v 0.07831 0.03090 7.59800
v 0.07831 -0.03090 7.59800
v 0.04840 -0.08090 7.57739
v 3.38796 -0.10000 2.62815
v 3.33956 -0.08090 2.59479
v 3.30965 -0.03090 2.57418
v 3.30965 0.03090 2.57418
v 3.33956 0.08090 2.59479
v 3.38796 0.10000 2.62815
v 3.43636 0.08090 2.66151
v 3.46627 0.03090 2.68212
v 3.46627 -0.03090 2.68212
v 3.43636 -0.08090 2.66151
v -1.62093 2.80754 0.36181
v -1.67183 2.83693 0.34271
v -1.70329 2.85509 0.29271
v -1.70329 2.85509 0.23091
v -1.67183 2.83693 0.18091
v -1.62093 2.80754 0.16181
v -1.57003 2.77815 0.18091
v -1.53857 2.75999 0.23091
v -1.53857 2.75999 0.29271
v -1.57003 2.77815 0.34271
v -3.24187 0.00000 0.36181
v -3.29277 0.02939 0.34271
v -3.32423 0.04755 0.29271
v -3.32423 0.04755 0.23091
v -3.29277 0.02939 0.18091
v -3.24187 0.00000 0.16181
v -3.19097 -0.02939 0.18091
v -3.15951 -0.04755 0.23091
v -3.15951 -0.04755 0.29271
v -3.19097 -0.02939 0.34271
v 1.62093 2.72066 0.31133
v 1.56442 2.74526 0.31591
v 1.52949 2.79364 0.29983
v 1.52949 2.84733 0.26922
v 1.56442 2.88583 0.23578
v 1.62093 2.89442 0.21229
v 1.67744 2.86982 0.20771
v 1.71237 2.82144 0.22379
v 1.71237 2.76775 0.25440
v 1.67744 2.72925 0.28784
v 1.25446 2.08591 -0.80219
v 1.19795 2.11051 -0.79761
v 1.16302 2.15889 -0.81369
v 1.16302 2.21258 -0.84430
v 1.19795 2.25108 -0.87774
v 1.25446 2.25967 -0.90123
v 1.31097 2.23507 -0.90581
v 1.34590 2.18669 -0.88973
v 1.34590 2.13300 -0.85912
v 1.31097 2.09450 -0.82568
v 3.38796 0.00000 2.52815
v 3.33706 -0.02939 2.54725
v 3.30560 -0.04755 2.59725
v 3.30560 -0.04755 2.65905
v 3.33706 -0.02939 2.70905
v 3.38796 -0.00000 2.72815
v 3.43886 0.02939 2.70905
v 3.47032 0.04755 2.65905
v 3.47032 0.04755 2.59725
v 3.43886 0.02939 2.54725
v 1.69398 2.93406 2.52815
v 1.64308 2.90467 2.54725
v 1.61162 2.88651 2.59725
v 1.61162 2.88651 2.65905
v 1.64308 2.90467 2.70905
v 1.69398 2.93406 2.72815
v 1.74488 2.96345 2.70905
v 1.77634 2.98161 2.65905
v 1.77634 2.98161 2.59725
v 1.74488 2.96345 2.54725
v 0.00000 -0.10000 7.54403
v -0.04840 -0.08090 7.57739
v -0.07831 -0.03090 7.59800
v -0.07831 0.03090 7.59800
v -0.04840 0.08090 7.57739
v -0.00000 0.10000 7.54403
v 0.04840 0.08090 7.51067
v 0.07831 0.03090 7.49006
v 0.07831 -0.03090 7.49006
v 0.04840 -0.08090 7.51067
v -3.38796 -0.10000 2.62815
v -3.43636 -0.08090 2.66151
v -3.46627 -0.03090 2.68212
v -3.46627 0.03090 2.68212
v -3.43636 0.08090 2.66151
v -3.38796 0.10000 2.62815
v -3.33956 0.08090 2.59479
v -3.30965 0.03090 2.57418
v -3.30965 -0.03090 2.57418
v -3.33956 -0.08090 2.59479
v -3.24187 0.00000 0.36181
v -3.29277 -0.02939 0.34271
v -3.32423 -0.04755 0.29271
v -3.32423 -0.04755 0.23091
v -3.29277 -0.02939 0.18091
v -3.24187 -0.00000 0.16181
v -3.19097 0.02939 0.18091
v -3.15951 0.04755 0.23091
v -3.15951 0.04755 0.29271
v -3.19097 0.02939 0.34271
v -1.62093 -2.80754 0.36181
v -1.67183 -2.83693 0.34271
v -1.70329 -2.85509 0.29271
v -1.70329 -2.85509 0.23091
v -1.67183 -2.83693 0.18091
v -1.62093 -2.80754 0.16181
v -1.57003 -2.77815 0.18091
v -1.53857 -2.75999 0.23091
v -1.53857 -2.75999 0.29271
v -1.57003 -2.77815 0.34271
v -1.25446 -2.22865 -0.93466
v -1.30747 -2.19692 -0.93299
v -1.34024 -2.15598 -0.90029
v -1.34024 -2.12146 -0.84902
v -1.30747 -2.10654 -0.79879
v -1.25446 -2.11693 -0.76876
v -1.20145 -2.14866 -0.77043
v -1.16868 -2.18960 -0.80313
v -1.16868 -2.22412 -0.85440
v -1.20145 -2.23904 -0.90463
v -0.78382 -1.41348 -1.48362
v -0.83683 -1.38175 -1.48195
v -0.86960 -1.34081 -1.44925
v -0.86960 -1.30629 -1.39798
v -0.83683 -1.29137 -1.34775
v -0.78382 -1.30176 -1.31772
v -0.73081 -1.33349 -1.31939
v -0.69804 -1.37443 -1.35209
v -0.69804 -1.40895 -1.40336
v -0.73081 -1.42387 -1.45359
v 1.56764 0.00000 -1.50067
v 1.51674 -0.02939 -1.48157
v 1.48528 -0.04755 -1.43157
v 1.48528 -0.04755 -1.36977
v 1.51674 -0.02939 -1.31977
v 1.56764 -0.00000 -1.30067
v 1.61854 0.02939 -1.31977
v 1.65000 0.04755 -1.36977
v 1.65000 0.04755 -1.43157
v 1.61854 0.02939 -1.48157
v 0.78382 1.35762 -1.50067
v 0.73292 1.32823 -1.48157
v 0.70146 1.31007 -1.43157
v 0.70146 1.31007 -1.36977
v 0.73292 1.32823 -1.31977
v 0.78382 1.35762 -1.30067
v 0.83472 1.38701 -1.31977
v 0.86618 1.40517 -1.36977
v 0.86618 1.40517 -1.43157
v 0.83472 1.38701 -1.48157
v -1.19097 0.00000 -1.34364
v -1.24187 -0.02939 -1.36274
v -1.27333 -0.04755 -1.41274
v -1.27333 -0.04755 -1.47454
v -1.24187 -0.02939 -1.52454
v -1.19097 -0.00000 -1.54364
v -1.14007 0.02939 -1.52454
v -1.10861 0.04755 -1.47454
v -1.10861 0.04755 -1.41274
v -1.14007 0.02939 -1.36274
v -0.59549 -1.03141 -1.34364
v -0.64639 -1.06080 -1.36274
v -0.67785 -1.07896 -1.41274
v -0.67785 -1.07896 -1.47454
v -0.64639 -1.06080 -1.52454
v -0.59549 -1.03141 -1.54364
v -0.54459 -1.00202 -1.52454
v -0.51313 -0.98386 -1.47454
v -0.51313 -0.98386 -1.41274
v -0.54459 -1.00202 -1.36274
v -0.59549 1.02628 -1.34377
v -0.64641 0.99794 -1.36435
v -0.67788 0.98238 -1.41521
v -0.67788 0.98555 -1.47694
v -0.64641 1.00624 -1.52594
v -0.59549 1.03654 -1.54351
v -0.54457 1.06488 -1.52293
v -0.51310 1.08044 -1.47207
v -0.51310 1.07727 -1.41034
v -0.54457 1.05658 -1.36134
v -0.45683 0.78612 -1.35610
v -0.50775 0.75778 -1.37668
v -0.53922 0.74222 -1.42754
v -0.53922 0.74539 -1.48927
v -0.50775 0.76608 -1.53827
v -0.45683 0.79638 -1.55584
v -0.40591 0.82472 -1.53526
v -0.37444 0.84028 -1.48440
v -0.37444 0.83711 -1.42267
v -0.40591 0.81642 -1.37367
v 2.50892 -0.10000 -0.85171
v 2.47931 -0.08090 -0.80094
v 2.46101 -0.03090 -0.76956
v 2.46101 0.03090 -0.76956
v 2.47931 0.08090 -0.80094
v 2.50892 0.10000 -0.85171
v 2.53853 0.08090 -0.90248
v 2.55683 0.03090 -0.93386
v 2.55683 -0.03090 -0.93386
v 2.53853 -0.08090 -0.90248
v 1.56764 -0.10000 -1.40067
v 1.53803 -0.08090 -1.34990
v 1.51973 -0.03090 -1.31852
v 1.51973 0.03090 -1.31852
v 1.53803 0.08090 -1.34990
v 1.56764 0.10000 -1.40067
v 1.59725 0.08090 -1.45144
v 1.61555 0.03090 -1.48282
v 1.61555 -0.03090 -1.48282
v 1.59725 -0.08090 -1.45144
v -1.25446 2.17279 -0.75171
v -1.30536 2.20218 -0.77081
v -1.33682 2.22034 -0.82081
v -1.33682 2.22034 -0.88261
v -1.30536 2.20218 -0.93261
v -1.25446 2.17279 -0.95171
v -1.20356 2.14340 -0.93261
v -1.17210 2.12524 -0.88261
v -1.17210 2.12524 -0.82081
v -1.20356 2.14340 -0.77081
v -2.50892 0.00000 -0.75171
v -2.55982 0.02939 -0.77081
v -2.59128 0.04755 -0.82081
v -2.59128 0.04755 -0.88261
v -2.55982 0.02939 -0.93261
v -2.50892 0.00000 -0.95171
v -2.45802 -0.02939 -0.93261
v -2.42656 -0.04755 -0.88261
v -2.42656 -0.04755 -0.82081
v -2.45802 -0.02939 -0.77081
v 3.24187 0.00000 0.36181
v 3.19097 0.02939 0.34271
v 3.15951 0.04755 0.29271
v 3.15951 0.04755 0.23091
v 3.19097 0.02939 0.18091
v 3.24187 0.00000 0.16181
v 3.29277 -0.02939 0.18091
v 3.32423 -0.04755 0.23091
v 3.32423 -0.04755 0.29271
v 3.29277 -0.02939 0.34271
v 1.62093 -2.80754 0.36181
v 1.57003 -2.77815 0.34271
v 1.53857 -2.75999 0.29271
v 1.53857 -2.75999 0.23091
v 1.57003 -2.77815 0.18091
v 1.62093 -2.80754 0.16181
v 1.67183 -2.83693 0.18091
v 1.70329 -2.85509 0.23091
v 1.70329 -2.85509 0.29271
v 1.67183 -2.83693 0.34271
v -0.45683 0.79125 -1.35597
v -0.50773 0.82064 -1.37507
v -0.53919 0.83880 -1.42507
v -0.53919 0.83880 -1.48687
v -0.50773 0.82064 -1.53687
v -0.45683 0.79125 -1.55597
v -0.40593 0.76186 -1.53687
v -0.37447 0.74370 -1.48687
v -0.37447 0.74370 -1.42507
v -0.40593 0.76186 -1.37507
v -0.91365 0.00000 -1.35597
v -0.96455 0.02939 -1.37507
v -0.99601 0.04755 -1.42507
v -0.99601 0.04755 -1.48687
v -0.96455 0.02939 -1.53687
v -0.91365 0.00000 -1.55597
v -0.86275 -0.02939 -1.53687
v -0.83129 -0.04755 -1.48687
v -0.83129 -0.04755 -1.42507
v -0.86275 -0.02939 -1.37507
v 1.19097 0.00000 -1.34364
v 1.14007 0.02939 -1.36274
v 1.10861 0.04755 -1.41274
v 1.10861 0.04755 -1.47454
v 1.14007 0.02939 -1.52454
v 1.19097 0.00000 -1.54364
v 1.24187 -0.02939 -1.52454
v 1.27333 -0.04755 -1.47454
v 1.27333 -0.04755 -1.41274
v 1.24187 -0.02939 -1.36274
v 0.59549 -1.03141 -1.34364
v 0.54459 -1.00202 -1.36274
v 0.51313 -0.98386 -1.41274
v 0.51313 -0.98386 -1.47454
v 0.54459 -1.00202 -1.52454
v 0.59549 -1.03141 -1.54364
v 0.64639 -1.06080 -1.52454
v 0.67785 -1.07896 -1.47454
v 0.67785 -1.07896 -1.41274
v 0.64639 -1.06080 -1.36274
v 1.25446 -2.22865 -0.93466
v 1.20145 -2.23904 -0.90463
v 1.16868 -2.22412 -0.85440
v 1.16868 -2.18960 -0.80313
v 1.20145 -2.14866 -0.77043
v 1.25446 -2.11693 -0.76876
v 1.30747 -2.10654 -0.79879
v 1.34024 -2.12146 -0.84902
v 1.34024 -2.15598 -0.90029
v 1.30747 -2.19692 -0.93299
v 0.78382 -1.41348 -1.48362
v 0.73081 -1.42387 -1.45359
v 0.69804 -1.40895 -1.40336
v 0.69804 -1.37443 -1.35209
v 0.73081 -1.33349 -1.31939
v 0.78382 -1.30176 -1.31772
v 0.83683 -1.29137 -1.34775
v 0.86960 -1.30629 -1.39798
v 0.86960 -1.34081 -1.44925
v 0.83683 -1.38175 -1.48195
v 0.78382 1.35762 -1.50067
v 0.78382 1.29884 -1.48157
v 0.78382 1.26251 -1.43157
v 0.78382 1.26251 -1.36977
v 0.78382 1.29884 -1.31977
v 0.78382 1.35762 -1.30067
v 0.78382 1.41640 -1.31977
v 0.78382 1.45273 -1.36977
v 0.78382 1.45273 -1.43157
v 0.78382 1.41640 -1.48157
v -0.78382 1.35762 -1.50067
v -0.78382 1.29884 -1.48157
v -0.78382 1.26251 -1.43157
v -0.78382 1.26251 -1.36977
v -0.78382 1.29884 -1.31977
v -0.78382 1.35762 -1.30067
v -0.78382 1.41640 -1.31977
v -0.78382 1.45273 -1.36977
v -0.78382 1.45273 -1.43157
v -0.78382 1.41640 -1.48157
v -0.59549 -1.03141 -1.34364
v -0.59549 -1.09019 -1.36274
v -0.59549 -1.12652 -1.41274
v -0.59549 -1.12652 -1.47454
v -0.59549 -1.09019 -1.52454
v -0.59549 -1.03141 -1.54364
v -0.59549 -0.97263 -1.52454
v -0.59549 -0.93630 -1.47454
v -0.59549 -0.93630 -1.41274
v -0.59549 -0.97263 -1.36274
v 0.59549 -1.03141 -1.34364
v 0.59549 -1.09019 -1.36274
v 0.59549 -1.12652 -1.41274
v 0.59549 -1.12652 -1.47454
v 0.59549 -1.09019 -1.52454
v 0.59549 -1.03141 -1.54364
v 0.59549 -0.97263 -1.52454
v 0.59549 -0.93630 -1.47454
v 0.59549 -0.93630 -1.41274
v 0.59549 -0.97263 -1.36274
v -3.38796 -0.10000 2.62815
v -3.44663 -0.08090 2.62453
v -3.48288 -0.03090 2.62229
v -3.48288 0.03090 2.62229
v -3.44663 0.08090 2.62453
v -3.38796 0.10000 2.62815
v -3.32929 0.08090 2.63177
v -3.29304 0.03090 2.63401
v -3.29304 -0.03090 2.63401
v -3.32929 -0.08090 2.63177
v -3.24187 -0.10000 0.26181
v -3.30054 -0.08090 0.25819
v -3.33679 -0.03090 0.25595
v -3.33679 0.03090 0.25595
v -3.30054 0.08090 0.25819
v -3.24187 0.10000 0.26181
v -3.18320 0.08090 0.26543
v -3.14695 0.03090 0.26767
v -3.14695 -0.03090 0.26767
v -3.18320 -0.08090 0.26543
v -1.69398 -3.03392 2.62281
v -1.75273 -3.01475 2.62202
v -1.78904 -2.96476 2.62357
v -1.78904 -2.90305 2.62687
v -1.75273 -2.85318 2.63066
v -1.69398 -2.83420 2.63349
v -1.63523 -2.85337 2.63428
v -1.59892 -2.90336 2.63273
v -1.59892 -2.96507 2.62943
v -1.63523 -3.01494 2.62564
v -1.62093 -2.90740 0.25647
v -1.67968 -2.88823 0.25568
v -1.71599 -2.83824 0.25723
v -1.71599 -2.77653 0.26053
v -1.67968 -2.72666 0.26432
v -1.62093 -2.70768 0.26715
v -1.56218 -2.72685 0.26794
v -1.52587 -2.77684 0.26639
v -1.52587 -2.83855 0.26309
v -1.56218 -2.88842 0.25930
v 0.00000 -0.08587 7.49278
v -0.05636 -0.07802 7.51689
v -0.09120 -0.04036 7.55136
v -0.09120 0.01270 7.58304
v -0.05636 0.06092 7.59981
v -0.00000 0.08587 7.59528
v 0.05636 0.07802 7.57117
v 0.09120 0.04036 7.53670
v 0.09120 -0.01270 7.50502
v 0.05636 -0.06092 7.48825
v -1.69398 2.84819 2.57690
v -1.75034 2.85604 2.60101
v -1.78518 2.89370 2.63548
v -1.78518 2.94676 2.66716
v -1.75034 2.99498 2.68393
v -1.69398 3.01993 2.67940
v -1.63762 3.01208 2.65529
v -1.60278 2.97442 2.62082
v -1.60278 2.92136 2.58914
v -1.63762 2.87314 2.57237
v 1.25446 2.11693 -0.76876
v 1.20145 2.14866 -0.77043
v 1.16868 2.18960 -0.80313
v 1.16868 2.22412 -0.85440
v 1.20145 2.23904 -0.90463
v 1.25446 2.22865 -0.93466
v 1.30747 2.19692 -0.93299
v 1.34024 2.15598 -0.90029
v 1.34024 2.12146 -0.84902
v 1.30747 2.10654 -0.79879
v 0.78382 1.30176 -1.31772
v 0.73081 1.33349 -1.31939
v 0.69804 1.37443 -1.35209
v 0.69804 1.40895 -1.40336
v 0.73081 1.42387 -1.45359
v 0.78382 1.41348 -1.48362
v 0.83683 1.38175 -1.48195
v 0.86960 1.34081 -1.44925
v 0.86960 1.30629 -1.39798
v 0.83683 1.29137 -1.34775
v 0.91365 0.00000 -1.35597
v 0.86275 0.02939 -1.37507
v 0.83129 0.04755 -1.42507
v 0.83129 0.04755 -1.48687
v 0.86275 0.02939 -1.53687
v 0.91365 0.00000 -1.55597
v 0.96455 -0.02939 -1.53687
v 0.99601 -0.04755 -1.48687
v 0.99601 -0.04755 -1.42507
v 0.96455 -0.02939 -1.37507
v 0.45683 -0.79125 -1.35597
v 0.40593 -0.76186 -1.37507
v 0.37447 -0.74370 -1.42507
v 0.37447 -0.74370 -1.48687
v 0.40593 -0.76186 -1.53687
v 0.45683 -0.79125 -1.55597
v 0.50773 -0.82064 -1.53687
v 0.53919 -0.83880 -1.48687
v 0.53919 -0.83880 -1.42507
v 0.50773 -0.82064 -1.37507
v -0.78382 -1.37068 -1.49981
v -0.83483 -1.33924 -1.48469
v -0.86636 -1.31482 -1.43748
v -0.86636 -1.30674 -1.37620
v -0.83483 -1.31811 -1.32427
v -0.78382 -1.34456 -1.30153
v -0.73281 -1.37600 -1.31665
v -0.70128 -1.40042 -1.36386
v -0.70128 -1.40850 -1.42514
v -0.73281 -1.39713 -1.47707
v -0.59549 -1.04447 -1.54278
v -0.64650 -1.01303 -1.52766
v -0.67803 -0.98861 -1.48045
v -0.67803 -0.98053 -1.41917
v -0.64650 -0.99190 -1.36724
v -0.59549 -1.01835 -1.34450
v -0.54448 -1.04979 -1.35962
v -0.51295 -1.07421 -1.40683
v -0.51295 -1.08229 -1.46811
v -0.54448 -1.07092 -1.52004
v 0.00000 -0.08587 7.59528
v -0.05636 -0.07802 7.57117
v -0.09120 -0.04036 7.53670
v -0.09120 0.01270 7.50502
v -0.05636 0.06092 7.48825
v -0.00000 0.08587 7.49278
v 0.05636 0.07802 7.51689
v 0.09120 0.04036 7.55136
v 0.09120 -0.01270 7.58304
v 0.05636 -0.06092 7.59981
v 1.69398 -3.01993 2.67940
v 1.63762 -3.01208 2.65529
v 1.60278 -2.97442 2.62082
v 1.60278 -2.92136 2.58914
v 1.63762 -2.87314 2.57237
v 1.69398 -2.84819 2.57690
v 1.75034 -2.85604 2.60101
v 1.78518 -2.89370 2.63548
v 1.78518 -2.94676 2.66716
v 1.75034 -2.99498 2.68393
v 1.69398 2.93406 2.52815
v 1.69398 2.87528 2.54725
v 1.69398 2.83895 2.59725
v 1.69398 2.83895 2.65905
v 1.69398 2.87528 2.70905
v 1.69398 2.93406 2.72815
v 1.69398 2.99284 2.70905
v 1.69398 3.02917 2.65905
v 1.69398 3.02917 2.59725
v 1.69398 2.99284 2.54725
v -1.69398 2.93406 2.52815
v -1.69398 2.87528 2.54725
v -1.69398 2.83895 2.59725
v -1.69398 2.83895 2.65905
v -1.69398 2.87528 2.70905
v -1.69398 2.93406 2.72815
v -1.69398 2.99284 2.70905
v -1.69398 3.02917 2.65905
v -1.69398 3.02917 2.59725
v -1.69398 2.99284 2.54725
v -1.62093 2.72066 0.31133
v -1.67744 2.72925 0.28784
v -1.71237 2.76775 0.25440
v -1.71237 2.82144 0.22379
v -1.67744 2.86982 0.20771
v -1.62093 2.89442 0.21229
v -1.56442 2.88583 0.23578
v -1.52949 2.84733 0.26922
v -1.52949 2.79364 0.29983
v -1.56442 2.74526 0.31591
v -1.25446 2.08591 -0.80219
v -1.31097 2.09450 -0.82568
v -1.34590 2.13300 -0.85912
v -1.34590 2.18669 -0.88973
v -1.31097 2.23507 -0.90581
v -1.25446 2.25967 -0.90123
v -1.19795 2.25108 -0.87774
v -1.16302 2.21258 -0.84430
v -1.16302 2.15889 -0.81369
v -1.19795 2.11051 -0.79761
v 3.38796 -0.10000 2.62815
v 3.32929 -0.08090 2.63177
v 3.29304 -0.03090 2.63401
v 3.29304 0.03090 2.63401
v 3.32929 0.08090 2.63177
v 3.38796 0.10000 2.62815
v 3.44663 0.08090 2.62453
v 3.48288 0.03090 2.62229
v 3.48288 -0.03090 2.62229
v 3.44663 -0.08090 2.62453
v 3.24187 -0.10000 0.26181
v 3.18320 -0.08090 0.26543
v 3.14695 -0.03090 0.26767
v 3.14695 0.03090 0.26767
v 3.18320 0.08090 0.26543
v 3.24187 0.10000 0.26181
v 3.30054 0.08090 0.25819
v 3.33679 0.03090 0.25595
v 3.33679 -0.03090 0.25595
v 3.30054 -0.08090 0.25819
v -3.24187 -0.10000 0.26181
v -3.29097 -0.08090 0.22949
v -3.32131 -0.03090 0.20952
v -3.32131 0.03090 0.20952
v -3.29097 0.08090 0.22949
v -3.24187 0.10000 0.26181
v -3.19277 0.08090 0.29413
v -3.16243 0.03090 0.31410
v -3.16243 -0.03090 0.31410
v -3.19277 -0.08090 0.29413
v -2.50892 -0.10000 -0.85171
v -2.55802 -0.08090 -0.88403
v -2.58836 -0.03090 -0.90400
v -2.58836 0.03090 -0.90400
v -2.55802 0.08090 -0.88403
v -2.50892 0.10000 -0.85171
v -2.45982 0.08090 -0.81939
v -2.42948 0.03090 -0.79942
v -2.42948 -0.03090 -0.79942
v -2.45982 -0.08090 -0.81939
v 1.56764 -0.10000 -1.40067
v 1.56098 -0.08090 -1.34227
v 1.55686 -0.03090 -1.30618
v 1.55686 0.03090 -1.30618
v 1.56098 0.08090 -1.34227
v 1.56764 0.10000 -1.40067
v 1.57430 0.08090 -1.45907
v 1.57842 0.03090 -1.49516
v 1.57842 -0.03090 -1.49516
v 1.57430 -0.08090 -1.45907
v 1.19097 -0.10000 -1.44364
v 1.18431 -0.08090 -1.38524
v 1.18019 -0.03090 -1.34915
v 1.18019 0.03090 -1.34915
v 1.18431 0.08090 -1.38524
v 1.19097 0.10000 -1.44364
v 1.19763 0.08090 -1.50204
v 1.20175 0.03090 -1.53813
v 1.20175 -0.03090 -1.53813
v 1.19763 -0.08090 -1.50204
v -0.91365 0.00000 -1.35597
v -0.96455 -0.02939 -1.37507
v -0.99601 -0.04755 -1.42507
v -0.99601 -0.04755 -1.48687
v -0.96455 -0.02939 -1.53687
v -0.91365 -0.00000 -1.55597
v -0.86275 0.02939 -1.53687
v -0.83129 0.04755 -1.48687
v -0.83129 0.04755 -1.42507
v -0.86275 0.02939 -1.37507
v -0.45683 -0.79125 -1.35597
v -0.50773 -0.82064 -1.37507
v -0.53919 -0.83880 -1.42507
v -0.53919 -0.83880 -1.48687
v -0.50773 -0.82064 -1.53687
v -0.45683 -0.79125 -1.55597
v -0.40593 -0.76186 -1.53687
v -0.37447 -0.74370 -1.48687
v -0.37447 -0.74370 -1.42507
v -0.40593 -0.76186 -1.37507
v 3.24187 0.00000 0.16181
v 3.19097 -0.02939 0.18091
v 3.15951 -0.04755 0.23091
v 3.15951 -0.04755 0.29271
v 3.19097 -0.02939 0.34271
v 3.24187 -0.00000 0.36181
v 3.29277 0.02939 0.34271
v 3.32423 0.04755 0.29271
v 3.32423 0.04755 0.23091
v 3.29277 0.02939 0.18091
v 1.62093 2.80754 0.16181
v 1.57003 2.77815 0.18091
v 1.53857 2.75999 0.23091
v 1.53857 2.75999 0.29271
v 1.57003 2.77815 0.34271
v 1.62093 2.80754 0.36181
v 1.67183 2.83693 0.34271
v 1.70329 2.85509 0.29271
v 1.70329 2.85509 0.23091
v 1.67183 2.83693 0.18091
v 2.50892 0.00000 -0.75171
v 2.45802 0.02939 -0.77081
v 2.42656 0.04755 -0.82081
v 2.42656 0.04755 -0.88261
v 2.45802 0.02939 -0.93261
v 2.50892 0.00000 -0.95171
v 2.55982 -0.02939 -0.93261
v 2.59128 -0.04755 -0.88261
v 2.59128 -0.04755 -0.82081
v 2.55982 -0.02939 -0.77081
v 1.25446 -2.17279 -0.75171
v 1.20356 -2.14340 -0.77081
v 1.17210 -2.12524 -0.82081
v 1.17210 -2.12524 -0.88261
v 1.20356 -2.14340 -0.93261
v 1.25446 -2.17279 -0.95171
v 1.30536 -2.20218 -0.93261
v 1.33682 -2.22034 -0.88261
v 1.33682 -2.22034 -0.82081
v 1.30536 -2.20218 -0.77081
v -1.62093 -2.80754 0.36181
v -1.62093 -2.86632 0.34271
v -1.62093 -2.90265 0.29271
v -1.62093 -2.90265 0.23091
v -1.62093 -2.86632 0.18091
v -1.62093 -2.80754 0.16181
v -1.62093 -2.74876 0.18091
v -1.62093 -2.71243 0.23091
v -1.62093 -2.71243 0.29271
v -1.62093 -2.74876 0.34271
v 1.62093 -2.80754 0.36181
v 1.62093 -2.86632 0.34271
v 1.62093 -2.90265 0.29271
v 1.62093 -2.90265 0.23091
v 1.62093 -2.86632 0.18091
v 1.62093 -2.80754 0.16181
v 1.62093 -2.74876 0.18091
v 1.62093 -2.71243 0.23091
v 1.62093 -2.71243 0.29271
v 1.62093 -2.74876 0.34271
v -1.18653 0.00000 -1.34374
v -1.18738 -0.05878 -1.36282
v -1.18960 -0.09511 -1.41277
v -1.19234 -0.09511 -1.47451
v -1.19456 -0.05878 -1.52446
v -1.19541 -0.00000 -1.54354
v -1.19456 0.05878 -1.52446
v -1.19234 0.09511 -1.47451
v -1.18960 0.09511 -1.41277
v -1.18738 0.05878 -1.36282
v -0.90921 -0.00000 -1.35607
v -0.91006 -0.05878 -1.37515
v -0.91228 -0.09511 -1.42510
v -0.91502 -0.09511 -1.48684
v -0.91724 -0.05878 -1.53679
v -0.91809 -0.00000 -1.55587
v -0.91724 0.05878 -1.53679
v -0.91502 0.09511 -1.48684
v -0.91228 0.09511 -1.42510
v -0.91006 0.05878 -1.37515
v -2.50892 0.00000 -0.75171
v -2.55982 -0.02939 -0.77081
v -2.59128 -0.04755 -0.82081
v -2.59128 -0.04755 -0.88261
v -2.55982 -0.02939 -0.93261
v -2.50892 -0.00000 -0.95171
v -2.45802 0.02939 -0.93261
v -2.42656 0.04755 -0.88261
v -2.42656 0.04755 -0.82081
v -2.45802 0.02939 -0.77081
v -1.25446 -2.17279 -0.75171
v -1.30536 -2.20218 -0.77081
v -1.33682 -2.22034 -0.82081
v -1.33682 -2.22034 -0.88261
v -1.30536 -2.20218 -0.93261
v -1.25446 -2.17279 -0.95171
v -1.20356 -2.14340 -0.93261
v -1.17210 -2.12524 -0.88261
v -1.17210 -2.12524 -0.82081
v -1.20356 -2.14340 -0.77081
f 1 43 45
f 13 44 43
f 15 45 44
f 43 44 45
f 12 46 48
f 14 47 46
f 13 48 47
f 46 47 48
f 6 49 51
f 15 50 49
f 14 51 50
f 49 50 51
f 13 47 44
f 14 50 47
f 15 44 50
f 47 50 44
f 1 45 53
f 15 52 45
f 17 53 52
f 45 52 53
f 6 54 49
f 16 55 54
f 15 49 55
f 54 55 49
f 2 56 58
f 17 57 56
f 16 58 57
f 56 57 58
f 15 55 52
f 16 57 55
f 17 52 57
f 55 57 52
f 1 53 60
f 17 59 53
f 19 60 59
f 53 59 60
f 2 61 56
f 18 62 61
f 17 56 62
f 61 62 56
f 8 63 65
f 19 64 63
f 18 65 64
f 63 64 65
f 17 62 59
f 18 64 62
f 19 59 64
f 62 64 59
f 1 60 67
f 19 66 60
f 21 67 66
f 60 66 67
f 8 68 63
f 20 69 68
f 19 63 69
f 68 69 63
f 11 70 72
f 21 71 70
f 20 72 71
f 70 71 72
f 19 69 66
f 20 71 69
f 21 66 71
f 69 71 66
f 1 67 43
f 21 73 67
f 13 43 73
f 67 73 43
f 11 74 70
f 22 75 74
f 21 70 75
f 74 75 70
f 12 48 77
f 13 76 48
f 22 77 76
f 48 76 77
f 21 75 73
f 22 76 75
f 13 73 76
f 75 76 73
f 2 58 79
f 16 78 58
f 24 79 78
f 58 78 79
f 6 80 54
f 23 81 80
f 16 54 81
f 80 81 54
f 10 82 84
f 24 83 82
f 23 84 83
f 82 83 84
f 16 81 78
f 23 83 81
f 24 78 83
f 81 83 78
f 6 51 86
f 14 85 51
f 26 86 85
f 51 85 86
f 12 87 46
f 25 88 87
f 14 46 88
f 87 88 46
f 5 89 91
f 26 90 89
f 25 91 90
f 89 90 91
f 14 88 85
f 25 90 88
f 26 85 90
f 88 90 85
f 12 77 93
f 22 92 77
f 28 93 92
f 77 92 93
f 11 94 74
f 27 95 94
f 22 74 95
f 94 95 74
f 3 96 98
f 28 97 96
f 27 98 97
f 96 97 98
f 22 95 92
f 27 97 95
f 28 92 97
f 95 97 92
f 11 72 100
f 20 99 72
f 30 100 99
f 72 99 100
f 8 101 68
f 29 102 101
f 20 68 102
f 101 102 68
f 7 103 105
f 30 104 103
f 29 105 104
f 103 104 105
f 20 102 99
f 29 104 102
f 30 99 104
f 102 104 99
f 8 65 107
f 18 106 65
f 32 107 106
f 65 106 107
f 2 108 61
f 31 109 108
f 18 61 109
f 108 109 61
f 9 110 112
f 32 111 110
f 31 112 111
f 110 111 112
f 18 109 106
f 31 111 109
f 32 106 111
f 109 111 106
f 4 113 115
f 33 114 113
f 35 115 114
f 113 114 115
f 10 116 118
f 34 117 116
f 33 118 117
f 116 117 118
f 5 119 121
f 35 120 119
f 34 121 120
f 119 120 121
f 33 117 114
f 34 120 117
f 35 114 120
f 117 120 114
f 4 115 123
f 35 122 115
f 37 123 122
f 115 122 123
f 5 124 119
f 36 125 124
f 35 119 125
f 124 125 119
f 3 126 128
f 37 127 126
f 36 128 127
f 126 127 128
f 35 125 122
f 36 127 125
f 37 122 127
f 125 127 122
f 4 123 130
f 37 129 123
f 39 130 129
f 123 129 130
f 3 131 126
f 38 132 131
f 37 126 132
f 131 132 126
f 7 133 135
f 39 134 133
f 38 135 134
f 133 134 135
f 37 132 129
f 38 134 132
f 39 129 134
f 132 134 129
f 4 130 137
f 39 136 130
f 41 137 136
f 130 136 137
f 7 138 133
f 40 139 138
f 39 133 139
f 138 139 133
f 9 140 142
f 41 141 140
f 40 142 141
f 140 141 142
f 39 139 136
f 40 141 139
f 41 136 141
f 139 141 136
f 4 137 113
f 41 143 137
f 33 113 143
f 137 143 113
f 9 144 140
f 42 145 144
f 41 140 145
f 144 145 140
f 10 118 147
f 33 146 118
f 42 147 146
f 118 146 147
f 41 145 143
f 42 146 145
f 33 143 146
f 145 146 143
f 5 121 89
f 34 148 121
f 26 89 148
f 121 148 89
f 10 84 116
f 23 149 84
f 34 116 149
f 84 149 116
f 6 86 80
f 26 150 86
f 23 80 150
f 86 150 80
f 34 149 148
f 23 150 149
f 26 148 150
f 149 150 148
f 3 128 96
f 36 151 128
f 28 96 151
f 128 151 96
f 5 91 124
f 25 152 91
f 36 124 152
f 91 152 124
f 12 93 87
f 28 153 93
f 25 87 153
f 93 153 87
f 36 152 151
f 25 153 152
f 28 151 153
f 152 153 151
f 7 135 103
f 38 154 135
f 30 103 154
f 135 154 103
f 3 98 131
f 27 155 98
f 38 131 155
f 98 155 131
f 11 100 94
f 30 156 100
f 27 94 156
f 100 156 94
f 38 155 154
f 27 156 155
f 30 154 156
f 155 156 154
f 9 142 110
f 40 157 142
f 32 110 157
f 142 157 110
f 7 105 138
f 29 158 105
f 40 138 158
f 105 158 138
f 8 107 101
f 32 159 107
f 29 101 159
f 107 159 101
f 40 158 157
f 29 159 158
f 32 157 159
f 158 159 157
f 10 147 82
f 42 160 147
f 24 82 160
f 147 160 82
f 9 112 144
f 31 161 112
f 42 144 161
f 112 161 144
f 2 79 108
f 24 162 79
f 31 108 162
f 79 162 108
f 42 161 160
f 31 162 161
f 24 160 162
f 161 162 160
f 163 205 207
f 175 206 205
f 177 207 206
f 205 206 207
f 174 208 210
f 176 209 208
f 175 210 209
f 208 209 210
f 168 211 213
f 177 212 211
f 176 213 212
f 211 212 213
f 175 209 206
f 176 212 209
f 177 206 212
f 209 212 206
f 163 207 215
f 177 214 207
f 179 215 214
f 207 214 215
f 168 216 211
f 178 217 216
f 177 211 217
f 216 217 211
f 164 218 220
f 179 219 218
f 178 220 219
f 218 219 220
f 177 217 214
f 178 219 217
f 179 214 219
f 217 219 214
f 163 215 222
f 179 221 215
f 181 222 221
f 215 221 222
f 164 223 218
f 180 224 223
f 179 218 224
f 223 224 218
f 170 225 227
f 181 226 225
f 180 227 226
f 225 226 227
f 179 224 221
f 180 226 224
f 181 221 226
f 224 226 221
f 163 222 229
f 181 228 222
f 183 229 228
f 222 228 229
f 170 230 225
f 182 231 230
f 181 225 231
f 230 231 225
f 173 232 234
f 183 233 232
f 182 234 233
f 232 233 234
f 181 231 228
f 182 233 231
f 183 228 233
f 231 233 228
f 163 229 205
f 183 235 229
f 175 205 235
f 229 235 205
f 173 236 232
f 184 237 236
f 183 232 237
f 236 237 232
f 174 210 239
f 175 238 210
f 184 239 238
f 210 238 239
f 183 237 235
f 184 238 237
f 175 235 238
f 237 238 235
f 164 220 241
f 178 240 220
f 186 241 240
f 220 240 241
f 168 242 216
f 185 243 242
f 178 216 243
f 242 243 216
f 172 244 246
f 186 245 244
f 185 246 245
f 244 245 246
f 178 243 240
f 185 245 243
f 186 240 245
f 243 245 240
f 168 213 248
f 176 247 213
f 188 248 247
f 213 247 248
f 174 249 208
f 187 250 249
f 176 208 250
f 249 250 208
f 167 251 253
f 188 252 251
f 187 253 252
f 251 252 253
f 176 250 247
f 187 252 250
f 188 247 252
f 250 252 247
f 174 239 255
f 184 254 239
f 190 255 254
f 239 254 255
f 173 256 236
f 189 257 256
f 184 236 257
f 256 257 236
f 165 258 260
f 190 259 258
f 189 260 259
f 258 259 260
f 184 257 254
f 189 259 257
f 190 254 259
f 257 259 254
f 173 234 262
f 182 261 234
f 192 262 261
f 234 261 262
f 170 263 230
f 191 264 263
f 182 230 264
f 263 264 230
f 169 265 267
f 192 266 265
f 191 267 266
f 265 266 267
f 182 264 261
f 191 266 264
f 192 261 266
f 264 266 261
f 170 227 269
f 180 268 227
f 194 269 268
f 227 268 269
f 164 270 223
f 193 271 270
f 180 223 271
f 270 271 223
f 171 272 274
f 194 273 272
f 193 274 273
f 272 273 274
f 180 271 268
f 193 273 271
f 194 268 273
f 271 273 268
f 166 275 277
f 195 276 275
f 197 277 276
f 275 276 277
f 172 278 280
f 196 279 278
f 195 280 279
f 278 279 280
f 167 281 283
f 197 282 281
f 196 283 282
f 281 282 283
f 195 279 276
f 196 282 279
f 197 276 282
f 279 282 276
f 166 277 285
f 197 284 277
f 199 285 284
f 277 284 285
f 167 286 281
f 198 287 286
f 197 281 287
f 286 287 281
f 165 288 290
f 199 289 288
f 198 290 289
f 288 289 290
f 197 287 284
f 198 289 287
f 199 284 289
f 287 289 284
f 166 285 292
f 199 291 285
f 201 292 291
f 285 291 292
f 165 293 288
f 200 294 293
f 199 288 294
f 293 294 288
f 169 295 297
f 201 296 295
f 200 297 296
f 295 296 297
f 199 294 291
f 200 296 294
f 201 291 296
f 294 296 291
f 166 292 299
f 201 298 292
f 203 299 298
f 292 298 299
f 169 300 295
f 202 301 300
f 201 295 301
f 300 301 295
f 171 302 304
f 203 303 302
f 202 304 303
f 302 303 304
f 201 301 298
f 202 303 301
f 203 298 303
f 301 303 298
f 166 299 275
f 203 305 299
f 195 275 305
f 299 305 275
f 171 306 302
f 204 307 306
f 203 302 307
f 306 307 302
f 172 280 309
f 195 308 280
f 204 309 308
f 280 308 309
f 203 307 305
f 204 308 307
f 195 305 308
f 307 308 305
f 167 283 251
f 196 310 283
f 188 251 310
f 283 310 251
f 172 246 278
f 185 311 246
f 196 278 311
f 246 311 278
f 168 248 242
f 188 312 248
f 185 242 312
f 248 312 242
f 196 311 310
f 185 312 311
f 188 310 312
f 311 312 310
f 165 290 258
f 198 313 290
f 190 258 313
f 290 313 258
f 167 253 286
f 187 314 253
f 198 286 314
f 253 314 286
f 174 255 249
f 190 315 255
f 187 249 315
f 255 315 249
f 198 314 313
f 187 315 314
f 190 313 315
f 314 315 313
f 169 297 265
f 200 316 297
f 192 265 316
f 297 316 265
f 165 260 293
f 189 317 260
f 200 293 317
f 260 317 293
f 173 262 256
f 192 318 262
f 189 256 318
f 262 318 256
f 200 317 316
f 189 318 317
f 192 316 318
f 317 318 316
f 171 304 272
f 202 319 304
f 194 272 319
f 304 319 272
f 169 267 300
f 191 320 267
f 202 300 320
f 267 320 300
f 170 269 263
f 194 321 269
f 191 263 321
f 269 321 263
f 202 320 319
f 191 321 320
f 194 319 321
f 320 321 319
f 172 309 244
f 204 322 309
f 186 244 322
f 309 322 244
f 171 274 306
f 193 323 274
f 204 306 323
f 274 323 306
f 164 241 270
f 186 324 241
f 193 270 324
f 241 324 270
f 204 323 322
f 193 324 323
f 186 322 324
f 323 324 322
f 325 367 369
f 337 368 367
f 339 369 368
f 367 368 369
f 336 370 372
f 338 371 370
f 337 372 371
f 370 371 372
f 330 373 375
f 339 374 373
f 338 375 374
f 373 374 375
f 337 371 368
f 338 374 371
f 339 368 374
f 371 374 368
f 325 369 377
f 339 376 369
f 341 377 376
f 369 376 377
f 330 378 373
f 340 379 378
f 339 373 379
f 378 379 373
f 326 380 382
f 341 381 380
f 340 382 381
f 380 381 382
f 339 379 376
f 340 381 379
f 341 376 381
f 379 381 376
f 325 377 384
f 341 383 377
f 343 384 383
f 377 383 384
f 326 385 380
f 342 386 385
f 341 380 386
f 385 386 380
f 332 387 389
f 343 388 387
f 342 389 388
f 387 388 389
f 341 386 383
f 342 388 386
f 343 383 388
f 386 388 383
f 325 384 391
f 343 390 384
f 345 391 390
f 384 390 391
f 332 392 387
f 344 393 392
f 343 387 393
f 392 393 387
f 335 394 396
f 345 395 394
f 344 396 395
f 394 395 396
f 343 393 390
f 344 395 393
f 345 390 395
f 393 395 390
f 325 391 367
f 345 397 391
f 337 367 397
f 391 397 367
f 335 398 394
f 346 399 398
f 345 394 399
f 398 399 394
f 336 372 401
f 337 400 372
f 346 401 400
f 372 400 401
f 345 399 397
f 346 400 399
f 337 397 400
f 399 400 397
f 326 382 403
f 340 402 382
f 348 403 402
f 382 402 403
f 330 404 378
f 347 405 404
f 340 378 405
f 404 405 378
f 334 406 408
f 348 407 406
f 347 408 407
f 406 407 408
f 340 405 402
f 347 407 405
f 348 402 407
f 405 407 402
f 330 375 410
f 338 409 375
f 350 410 409
f 375 409 410
f 336 411 370
f 349 412 411
f 338 370 412
f 411 412 370
f 329 413 415
f 350 414 413
f 349 415 414
f 413 414 415
f 338 412 409
f 349 414 412
f 350 409 414
f 412 414 409
f 336 401 417
f 346 416 401
f 352 417 416
f 401 416 417
f 335 418 398
f 351 419 418
f 346 398 419
f 418 419 398
f 327 420 422
f 352 421 420
f 351 422 421
f 420 421 422
f 346 419 416
f 351 421 419
f 352 416 421
f 419 421 416
f 335 396 424
f 344 423 396
f 354 424 423
f 396 423 424
f 332 425 392
f 353 426 425
f 344 392 426
f 425 426 392
f 331 427 429
f 354 428 427
f 353 429 428
f 427 428 429
f 344 426 423
f 353 428 426
f 354 423 428
f 426 428 423
f 332 389 431
f 342 430 389
f 356 431 430
f 389 430 431
f 326 432 385
f 355 433 432
f 342 385 433
f 432 433 385
f 333 434 436
f 356 435 434
f 355 436 435
f 434 435 436
f 342 433 430
f 355 435 433
f 356 430 435
f 433 435 430
f 328 437 439
f 357 438 437
f 359 439 438
f 437 438 439
f 334 440 442
f 358 441 440
f 357 442 441
f 440 441 442
f 329 443 445
f 359 444 443
f 358 445 444
f 443 444 445
f 357 441 438
f 358 444 441
f 359 438 444
f 441 444 438
f 328 439 447
f 359 446 439
f 361 447 446
f 439 446 447
f 329 448 443
f 360 449 448
f 359 443 449
f 448 449 443
f 327 450 452
f 361 451 450
f 360 452 451
f 450 451 452
f 359 449 446
f 360 451 449
f 361 446 451
f 449 451 446
f 328 447 454
f 361 453 447
f 363 454 453
f 447 453 454
f 327 455 450
f 362 456 455
f 361 450 456
f 455 456 450
f 331 457 459
f 363 458 457
f 362 459 458
f 457 458 459
f 361 456 453
f 362 458 456
f 363 453 458
f 456 458 453
f 328 454 461
f 363 460 454
f 365 461 460
f 454 460 461
f 331 462 457
f 364 463 462
f 363 457 463
f 462 463 457
f 333 464 466
f 365 465 464
f 364 466 465
f 464 465 466
f 363 463 460
f 364 465 463
f 365 460 465
f 463 465 460
f 328 461 437
f 365 467 461
f 357 437 467
f 461 467 437
f 333 468 464
f 366 469 468
f 365 464 469
f 468 469 464
f 334 442 471
f 357 470 442
f 366 471 470
f 442 470 471
f 365 469 467
f 366 470 469
f 357 467 470
f 469 470 467
f 329 445 413
f 358 472 445
f 350 413 472
f 445 472 413
f 334 408 440
f 347 473 408
f 358 440 473
f 408 473 440
f 330 410 404
f 350 474 410
f 347 404 474
f 410 474 404
f 358 473 472
f 347 474 473
f 350 472 474
f 473 474 472
f 327 452 420
f 360 475 452
f 352 420 475
f 452 475 420
f 329 415 448
f 349 476 415
f 360 448 476
f 415 476 448
f 336 417 411
f 352 477 417
f 349 411 477
f 417 477 411
f 360 476 475
f 349 477 476
f 352 475 477
f 476 477 475
f 331 459 427
f 362 478 459
f 354 427 478
f 459 478 427
f 327 422 455
f 351 479 422
f 362 455 479
f 422 479 455
f 335 424 418
f 354 480 424
f 351 418 480
f 424 480 418
f 362 479 478
f 351 480 479
f 354 478 480
f 479 480 478
f 333 466 434
f 364 481 466
f 356 434 481
f 466 481 434
f 331 429 462
f 353 482 429
f 364 462 482
f 429 482 462
f 332 431 425
f 356 483 431
f 353 425 483
f 431 483 425
f 364 482 481
f 353 483 482
f 356 481 483
f 482 483 481
f 334 471 406
f 366 484 471
f 348 406 484
f 471 484 406
f 333 436 468
f 355 485 436
f 366 468 485
f 436 485 468
f 326 403 432
f 348 486 403
f 355 432 486
f 403 486 432
f 366 485 484
f 355 486 485
f 348 484 486
f 485 486 484
f 487 529 531
f 499 530 529
f 501 531 530
f 529 530 531
f 498 532 534
f 500 533 532
f 499 534 533
f 532 533 534
f 492 535 537
f 501 536 535
f 500 537 536
f 535 536 537
f 499 533 530
f 500 536 533
f 501 530 536
f 533 536 530
f 487 531 539
f 501 538 531
f 503 539 538
f 531 538 539
f 492 540 535
f 502 541 540
f 501 535 541
f 540 541 535
f 488 542 544
f 503 543 542
f 502 544 543
f 542 543 544
f 501 541 538
f 502 543 541
f 503 538 543
f 541 543 538
f 487 539 546
f 503 545 539
f 505 546 545
f 539 545 546
f 488 547 542
f 504 548 547
f 503 542 548
f 547 548 542
f 494 549 551
f 505 550 549
f 504 551 550
f 549 550 551
f 503 548 545
f 504 550 548
f 505 545 550
f 548 550 545
f 487 546 553
f 505 552 546
f 507 553 552
f 546 552 553
f 494 554 549
f 506 555 554
f 505 549 555
f 554 555 549
f 497 556 558
f 507 557 556
f 506 558 557
f 556 557 558
f 505 555 552
f 506 557 555
f 507 552 557
f 555 557 552
f 487 553 529
f 507 559 553
f 499 529 559
f 553 559 529
f 497 560 556
f 508 561 560
f 507 556 561
f 560 561 556
f 498 534 563
f 499 562 534
f 508 563 562
f 534 562 563
f 507 561 559
f 508 562 561
f 499 559 562
f 561 562 559
f 488 544 565
f 502 564 544
f 510 565 564
f 544 564 565
f 492 566 540
f 509 567 566
f 502 540 567
f 566 567 540
f 496 568 570
f 510 569 568
f 509 570 569
f 568 569 570
f 502 567 564
f 509 569 567
f 510 564 569
f 567 569 564
f 492 537 572
f 500 571 537
f 512 572 571
f 537 571 572
f 498 573 532
f 511 574 573
f 500 532 574
f 573 574 532
f 491 575 577
f 512 576 575
f 511 577 576
f 575 576 577
f 500 574 571
f 511 576 574
f 512 571 576
f 574 576 571
f 498 563 579
f 508 578 563
f 514 579 578
f 563 578 579
f 497 580 560
f 513 581 580
f 508 560 581
f 580 581 560
f 489 582 584
f 514 583 582
f 513 584 583
f 582 583 584
f 508 581 578
f 513 583 581
f 514 578 583
f 581 583 578
f 497 558 586
f 506 585 558
f 516 586 585
f 558 585 586
f 494 587 554
f 515 588 587
f 506 554 588
f 587 588 554
f 493 589 591
f 516 590 589
f 515 591 590
f 589 590 591
f 506 588 585
f 515 590 588
f 516 585 590
f 588 590 585
f 494 551 593
f 504 592 551
f 518 593 592
f 551 592 593
f 488 594 547
f 517 595 594
f 504 547 595
f 594 595 547
f 495 596 598
f 518 597 596
f 517 598 597
f 596 597 598
f 504 595 592
f 517 597 595
f 518 592 597
f 595 597 592
f 490 599 601
f 519 600 599
f 521 601 600
f 599 600 601
f 496 602 604
f 520 603 602
f 519 604 603
f 602 603 604
f 491 605 607
f 521 606 605
f 520 607 606
f 605 606 607
f 519 603 600
f 520 606 603
f 521 600 606
f 603 606 600
f 490 601 609
f 521 608 601
f 523 609 608
f 601 608 609
f 491 610 605
f 522 611 610
f 521 605 611
f 610 611 605
f 489 612 614
f 523 613 612
f 522 614 613
f 612 613 614
f 521 611 608
f 522 613 611
f 523 608 613
f 611 613 608
f 490 609 616
f 523 615 609
f 525 616 615
f 609 615 616
f 489 617 612
f 524 618 617
f 523 612 618
f 617 618 612
f 493 619 621
f 525 620 619
f 524 621 620
f 619 620 621
f 523 618 615
f 524 620 618
f 525 615 620
f 618 620 615
f 490 616 623
f 525 622 616
f 527 623 622
f 616 622 623
f 493 624 619
f 526 625 624
f 525 619 625
f 624 625 619
f 495 626 628
f 527 627 626
f 526 628 627
f 626 627 628
f 525 625 622
f 526 627 625
f 527 622 627
f 625 627 622
f 490 623 599
f 527 629 623
f 519 599 629
f 623 629 599
f 495 630 626
f 528 631 630
f 527 626 631
f 630 631 626
f 496 604 633
f 519 632 604
f 528 633 632
f 604 632 633
f 527 631 629
f 528 632 631
f 519 629 632
f 631 632 629
f 491 607 575
f 520 634 607
f 512 575 634
f 607 634 575
f 496 570 602
f 509 635 570
f 520 602 635
f 570 635 602
f 492 572 566
f 512 636 572
f 509 566 636
f 572 636 566
f 520 635 634
f 509 636 635
f 512 634 636
f 635 636 634
f 489 614 582
f 522 637 614
f 514 582 637
f 614 637 582
f 491 577 610
f 511 638 577
f 522 610 638
f 577 638 610
f 498 579 573
f 514 639 579
f 511 573 639
f 579 639 573
f 522 638 637
f 511 639 638
f 514 637 639
f 638 639 637
f 493 621 589
f 524 640 621
f 516 589 640
f 621 640 589
f 489 584 617
f 513 641 584
f 524 617 641
f 584 641 617
f 497 586 580
f 516 642 586
f 513 580 642
f 586 642 580
f 524 641 640
f 513 642 641
f 516 640 642
f 641 642 640
f 495 628 596
f 526 643 628
f 518 596 643
f 628 643 596
f 493 591 624
f 515 644 591
f 526 624 644
f 591 644 624
f 494 593 587
f 518 645 593
f 515 587 645
f 593 645 587
f 526 644 643
f 515 645 644
f 518 643 645
f 644 645 643
f 496 633 568
f 528 646 633
f 510 568 646
f 633 646 568
f 495 598 630
f 517 647 598
f 528 630 647
f 598 647 630
f 488 565 594
f 510 648 565
f 517 594 648
f 565 648 594
f 528 647 646
f 517 648 647
f 510 646 648
f 647 648 646
f 649 691 693
f 661 692 691
f 663 693 692
f 691 692 693
f 660 694 696
f 662 695 694
f 661 696 695
f 694 695 696
f 654 697 699
f 663 698 697
f 662 699 698
f 697 698 699
f 661 695 692
f 662 698 695
f 663 692 698
f 695 698 692
f 649 693 701
f 663 700 693
f 665 701 700
f 693 700 701
f 654 702 697
f 664 703 702
f 663 697 703
f 702 703 697
f 650 704 706
f 665 705 704
f 664 706 705
f 704 705 706
f 663 703 700
f 664 705 703
f 665 700 705
f 703 705 700
f 649 701 708
f 665 707 701
f 667 708 707
f 701 707 708
f 650 709 704
f 666 710 709
f 665 704 710
f 709 710 704
f 656 711 713
f 667 712 711
f 666 713 712
f 711 712 713
f 665 710 707
f 666 712 710
f 667 707 712
f 710 712 707
f 649 708 715
f 667 714 708
f 669 715 714
f 708 714 715
f 656 716 711
f 668 717 716
f 667 711 717
f 716 717 711
f 659 718 720
f 669 719 718
f 668 720 719
f 718 719 720
f 667 717 714
f 668 719 717
f 669 714 719
f 717 719 714
f 649 715 691
f 669 721 715
f 661 691 721
f 715 721 691
f 659 722 718
f 670 723 722
f 669 718 723
f 722 723 718
f 660 696 725
f 661 724 696
f 670 725 724
f 696 724 725
f 669 723 721
f 670 724 723
f 661 721 724
f 723 724 721
f 650 706 727
f 664 726 706
f 672 727 726
f 706 726 727
f 654 728 702
f 671 729 728
f 664 702 729
f 728 729 702
f 658 730 732
f 672 731 730
f 671 732 731
f 730 731 732
f 664 729 726
f 671 731 729
f 672 726 731
f 729 731 726
f 654 699 734
f 662 733 699
f 674 734 733
f 699 733 734
f 660 735 694
f 673 736 735
f 662 694 736
f 735 736 694
f 653 737 739
f 674 738 737
f 673 739 738
f 737 738 739
f 662 736 733
f 673 738 736
f 674 733 738
f 736 738 733
f 660 725 741
f 670 740 725
f 676 741 740
f 725 740 741
f 659 742 722
f 675 743 742
f 670 722 743
f 742 743 722
f 651 744 746
f 676 745 744
f 675 746 745
f 744 745 746
f 670 743 740
f 675 745 743
f 676 740 745
f 743 745 740
f 659 720 748
f 668 747 720
f 678 748 747
f 720 747 748
f 656 749 716
f 677 750 749
f 668 716 750
f 749 750 716
f 655 751 753
f 678 752 751
f 677 753 752
f 751 752 753
f 668 750 747
f 677 752 750
f 678 747 752
f 750 752 747
f 656 713 755
f 666 754 713
f 680 755 754
f 713 754 755
f 650 756 709
f 679 757 756
f 666 709 757
f 756 757 709
f 657 758 760
f 680 759 758
f 679 760 759
f 758 759 760
f 666 757 754
f 679 759 757
f 680 754 759
f 757 759 754
f 652 761 763
f 681 762 761
f 683 763 762
f 761 762 763
f 658 764 766
f 682 765 764
f 681 766 765
f 764 765 766
f 653 767 769
f 683 768 767
f 682 769 768
f 767 768 769
f 681 765 762
f 682 768 765
f 683 762 768
f 765 768 762
f 652 763 771
f 683 770 763
f 685 771 770
f 763 770 771
f 653 772 767
f 684 773 772
f 683 767 773
f 772 773 767
f 651 774 776
f 685 775 774
f 684 776 775
f 774 775 776
f 683 773 770
f 684 775 773
f 685 770 775
f 773 775 770
f 652 771 778
f 685 777 771
f 687 778 777
f 771 777 778
f 651 779 774
f 686 780 779
f 685 774 780
f 779 780 774
f 655 781 783
f 687 782 781
f 686 783 782
f 781 782 783
f 685 780 777
f 686 782 780
f 687 777 782
f 780 782 777
f 652 778 785
f 687 784 778
f 689 785 784
f 778 784 785
f 655 786 781
f 688 787 786
f 687 781 787
f 786 787 781
f 657 788 790
f 689 789 788
f 688 790 789
f 788 789 790
f 687 787 784
f 688 789 787
f 689 784 789
f 787 789 784
f 652 785 761
f 689 791 785
f 681 761 791
f 785 791 761
f 657 792 788
f 690 793 792
f 689 788 793
f 792 793 788
f 658 766 795
f 681 794 766
f 690 795 794
f 766 794 795
f 689 793 791
f 690 794 793
f 681 791 794
f 793 794 791
f 653 769 737
f 682 796 769
f 674 737 796
f 769 796 737
f 658 732 764
f 671 797 732
f 682 764 797
f 732 797 764
f 654 734 728
f 674 798 734
f 671 728 798
f 734 798 728
f 682 797 796
f 671 798 797
f 674 796 798
f 797 798 796
f 651 776 744
f 684 799 776
f 676 744 799
f 776 799 744
f 653 739 772
f 673 800 739
f 684 772 800
f 739 800 772
f 660 741 735
f 676 801 741
f 673 735 801
f 741 801 735
f 684 800 799
f 673 801 800
f 676 799 801
f 800 801 799
f 655 783 751
f 686 802 783
f 678 751 802
f 783 802 751
f 651 746 779
f 675 803 746
f 686 779 803
f 746 803 779
f 659 748 742
f 678 804 748
f 675 742 804
f 748 804 742
f 686 803 802
f 675 804 803
f 678 802 804
f 803 804 802
f 657 790 758
f 688 805 790
f 680 758 805
f 790 805 758
f 655 753 786
f 677 806 753
f 688 786 806
f 753 806 786
f 656 755 749
f 680 807 755
f 677 749 807
f 755 807 749
f 688 806 805
f 677 807 806
f 680 805 807
f 806 807 805
f 658 795 730
f 690 808 795
f 672 730 808
f 795 808 730
f 657 760 792
f 679 809 760
f 690 792 809
f 760 809 792
f 650 727 756
f 672 810 727
f 679 756 810
f 727 810 756
f 690 809 808
f 679 810 809
f 672 808 810
f 809 810 808
f 811 853 855
f 823 854 853
f 825 855 854
f 853 854 855
f 822 856 858
f 824 857 856
f 823 858 857
f 856 857 858
f 816 859 861
f 825 860 859
f 824 861 860
f 859 860 861
f 823 857 854
f 824 860 857
f 825 854 860
f 857 860 854
f 811 855 863
f 825 862 855
f 827 863 862
f 855 862 863
f 816 864 859
f 826 865 864
f 825 859 865
f 864 865 859
f 812 866 868
f 827 867 866
f 826 868 867
f 866 867 868
f 825 865 862
f 826 867 865
f 827 862 867
f 865 867 862
f 811 863 870
f 827 869 863
f 829 870 869
f 863 869 870
f 812 871 866
f 828 872 871
f 827 866 872
f 871 872 866
f 818 873 875
f 829 874 873
f 828 875 874
f 873 874 875
f 827 872 869
f 828 874 872
f 829 869 874
f 872 874 869
f 811 870 877
f 829 876 870
f 831 877 876
f 870 876 877
f 818 878 873
f 830 879 878
f 829 873 879
f 878 879 873
f 821 880 882
f 831 881 880
f 830 882 881
f 880 881 882
f 829 879 876
f 830 881 879
f 831 876 881
f 879 881 876
f 811 877 853
f 831 883 877
f 823 853 883
f 877 883 853
f 821 884 880
f 832 885 884
f 831 880 885
f 884 885 880
f 822 858 887
f 823 886 858
f 832 887 886
f 858 886 887
f 831 885 883
f 832 886 885
f 823 883 886
f 885 886 883
f 812 868 889
f 826 888 868
f 834 889 888
f 868 888 889
f 816 890 864
f 833 891 890
f 826 864 891
f 890 891 864
f 820 892 894
f 834 893 892
f 833 894 893
f 892 893 894
f 826 891 888
f 833 893 891
f 834 888 893
f 891 893 888
f 816 861 896
f 824 895 861
f 836 896 895
f 861 895 896
f 822 897 856
f 835 898 897
f 824 856 898
f 897 898 856
f 815 899 901
f 836 900 899
f 835 901 900
f 899 900 901
f 824 898 895
f 835 900 898
f 836 895 900
f 898 900 895
f 822 887 903
f 832 902 887
f 838 903 902
f 887 902 903
f 821 904 884
f 837 905 904
f 832 884 905
f 904 905 884
f 813 906 908
f 838 907 906
f 837 908 907
f 906 907 908
f 832 905 902
f 837 907 905
f 838 902 907
f 905 907 902
f 821 882 910
f 830 909 882
f 840 910 909
f 882 909 910
f 818 911 878
f 839 912 911
f 830 878 912
f 911 912 878
f 817 913 915
f 840 914 913
f 839 915 914
f 913 914 915
f 830 912 909
f 839 914 912
f 840 909 914
f 912 914 909
f 818 875 917
f 828 916 875
f 842 917 916
f 875 916 917
f 812 918 871
f 841 919 918
f 828 871 919
f 918 919 871
f 819 920 922
f 842 921 920
f 841 922 921
f 920 921 922
f 828 919 916
f 841 921 919
f 842 916 921
f 919 921 916
f 814 923 925
f 843 924 923
f 845 925 924
f 923 924 925
f 820 926 928
f 844 927 926
f 843 928 927
f 926 927 928
f 815 929 931
f 845 930 929
f 844 931 930
f 929 930 931
f 843 927 924
f 844 930 927
f 845 924 930
f 927 930 924
f 814 925 933
f 845 932 925
f 847 933 932
f 925 932 933
f 815 934 929
f 846 935 934
f 845 929 935
f 934 935 929
f 813 936 938
f 847 937 936
f 846 938 937
f 936 937 938
f 845 935 932
f 846 937 935
f 847 932 937
f 935 937 932
f 814 933 940
f 847 939 933
f 849 940 939
f 933 939 940
f 813 941 936
f 848 942 941
f 847 936 942
f 941 942 936
f 817 943 945
f 849 944 943
f 848 945 944
f 943 944 945
f 847 942 939
f 848 944 942
f 849 939 944
f 942 944 939
f 814 940 947
f 849 946 940
f 851 947 946
f 940 946 947
f 817 948 943
f 850 949 948
f 849 943 949
f 948 949 943
f 819 950 952
f 851 951 950
f 850 952 951
f 950 951 952
f 849 949 946
f 850 951 949
f 851 946 951
f 949 951 946
f 814 947 923
f 851 953 947
f 843 923 953
f 947 953 923
f 819 954 950
f 852 955 954
f 851 950 955
f 954 955 950
f 820 928 957
f 843 956 928
f 852 957 956
f 928 956 957
f 851 955 953
f 852 956 955
f 843 953 956
f 955 956 953
f 815 931 899
f 844 958 931
f 836 899 958
f 931 958 899
f 820 894 926
f 833 959 894
f 844 926 959
f 894 959 926
f 816 896 890
f 836 960 896
f 833 890 960
f 896 960 890
f 844 959 958
f 833 960 959
f 836 958 960
f 959 960 958
f 813 938 906
f 846 961 938
f 838 906 961
f 938 961 906
f 815 901 934
f 835 962 901
f 846 934 962
f 901 962 934
f 822 903 897
f 838 963 903
f 835 897 963
f 903 963 897
f 846 962 961
f 835 963 962
f 838 961 963
f 962 963 961
f 817 945 913
f 848 964 945
f 840 913 964
f 945 964 913
f 813 908 941
f 837 965 908
f 848 941 965
f 908 965 941
f 821 910 904
f 840 966 910
f 837 904 966
f 910 966 904
f 848 965 964
f 837 966 965
f 840 964 966
f 965 966 964
f 819 952 920
f 850 967 952
f 842 920 967
f 952 967 920
f 817 915 948
f 839 968 915
f 850 948 968
f 915 968 948
f 818 917 911
f 842 969 917
f 839 911 969
f 917 969 911
f 850 968 967
f 839 969 968
f 842 967 969
f 968 969 967
f 820 957 892
f 852 970 957
f 834 892 970
f 957 970 892
f 819 922 954
f 841 971 922
f 852 954 971
f 922 971 954
f 812 889 918
f 834 972 889
f 841 918 972
f 889 972 918
f 852 971 970
f 841 972 971
f 834 970 972
f 971 972 970
f 973 1015 1017
f 985 1016 1015
f 987 1017 1016
f 1015 1016 1017
f 984 1018 1020
f 986 1019 1018
f 985 1020 1019
f 1018 1019 1020
f 978 1021 1023
f 987 1022 1021
f 986 1023 1022
f 1021 1022 1023
f 985 1019 1016
f 986 1022 1019
f 987 1016 1022
f 1019 1022 1016
f 973 1017 1025
f 987 1024 1017
f 989 1025 1024
f 1017 1024 1025
f 978 1026 1021
f 988 1027 1026
f 987 1021 1027
f 1026 1027 1021
f 974 1028 1030
f 989 1029 1028
f 988 1030 1029
f 1028 1029 1030
f 987 1027 1024
f 988 1029 1027
f 989 1024 1029
f 1027 1029 1024
f 973 1025 1032
f 989 1031 1025
f 991 1032 1031
f 1025 1031 1032
f 974 1033 1028
f 990 1034 1033
f 989 1028 1034
f 1033 1034 1028
f 980 1035 1037
f 991 1036 1035
f 990 1037 1036
f 1035 1036 1037
f 989 1034 1031
f 990 1036 1034
f 991 1031 1036
f 1034 1036 1031
f 973 1032 1039
f 991 1038 1032
f 993 1039 1038
f 1032 1038 1039
f 980 1040 1035
f 992 1041 1040
f 991 1035 1041
f 1040 1041 1035
f 983 1042 1044
f 993 1043 1042
f 992 1044 1043
f 1042 1043 1044
f 991 1041 1038
f 992 1043 1041
f 993 1038 1043
f 1041 1043 1038
f 973 1039 1015
f 993 1045 1039
f 985 1015 1045
f 1039 1045 1015
f 983 1046 1042
f 994 1047 1046
f 993 1042 1047
f 1046 1047 1042
f 984 1020 1049
f 985 1048 1020
f 994 1049 1048
f 1020 1048 1049
f 993 1047 1045
f 994 1048 1047
f 985 1045 1048
f 1047 1048 1045
f 974 1030 1051
f 988 1050 1030
f 996 1051 1050
f 1030 1050 1051
f 978 1052 1026
f 995 1053 1052
f 988 1026 1053
f 1052 1053 1026
f 982 1054 1056
f 996 1055 1054
f 995 1056 1055
f 1054 1055 1056
f 988 1053 1050
f 995 1055 1053
f 996 1050 1055
f 1053 1055 1050
f 978 1023 1058
f 986 1057 1023
f 998 1058 1057
f 1023 1057 1058
f 984 1059 1018
f 997 1060 1059
f 986 1018 1060
f 1059 1060 1018
f 977 1061 1063
f 998 1062 1061
f 997 1063 1062
f 1061 1062 1063
f 986 1060 1057
f 997 1062 1060
f 998 1057 1062
f 1060 1062 1057
f 984 1049 1065
f 994 1064 1049
f 1000 1065 1064
f 1049 1064 1065
f 983 1066 1046
f 999 1067 1066
f 994 1046 1067
f 1066 1067 1046
f 975 1068 1070
f 1000 1069 1068
f 999 1070 1069
f 1068 1069 1070
f 994 1067 1064
f 999 1069 1067
f 1000 1064 1069
f 1067 1069 1064
f 983 1044 1072
f 992 1071 1044
f 1002 1072 1071
f 1044 1071 1072
f 980 1073 1040
f 1001 1074 1073
f 992 1040 1074
f 1073 1074 1040
f 979 1075 1077
f 1002 1076 1075
f 1001 1077 1076
f 1075 1076 1077
f 992 1074 1071
f 1001 1076 1074
f 1002 1071 1076
f 1074 1076 1071
f 980 1037 1079
f 990 1078 1037
f 1004 1079 1078
f 1037 1078 1079
f 974 1080 1033
f 1003 1081 1080
f 990 1033 1081
f 1080 1081 1033
f 981 1082 1084
f 1004 1083 1082
f 1003 1084 1083
f 1082 1083 1084
f 990 1081 1078
f 1003 1083 1081
f 1004 1078 1083
f 1081 1083 1078
f 976 1085 1087
f 1005 1086 1085
f 1007 1087 1086
f 1085 1086 1087
f 982 1088 1090
f 1006 1089 1088
f 1005 1090 1089
f 1088 1089 1090
f 977 1091 1093
f 1007 1092 1091
f 1006 1093 1092
f 1091 1092 1093
f 1005 1089 1086
f 1006 1092 1089
f 1007 1086 1092
f 1089 1092 1086
f 976 1087 1095
f 1007 1094 1087
f 1009 1095 1094
f 1087 1094 1095
f 977 1096 1091
f 1008 1097 1096
f 1007 1091 1097
f 1096 1097 1091
f 975 1098 1100
f 1009 1099 1098
f 1008 1100 1099
f 1098 1099 1100
f 1007 1097 1094
f 1008 1099 1097
f 1009 1094 1099
f 1097 1099 1094
f 976 1095 1102
f 1009 1101 1095
f 1011 1102 1101
f 1095 1101 1102
f 975 1103 1098
f 1010 1104 1103
f 1009 1098 1104
f 1103 1104 1098
f 979 1105 1107
f 1011 1106 1105
f 1010 1107 1106
f 1105 1106 1107
f 1009 1104 1101
f 1010 1106 1104
f 1011 1101 1106
f 1104 1106 1101
f 976 1102 1109
f 1011 1108 1102
f 1013 1109 1108
f 1102 1108 1109
f 979 1110 1105
f 1012 1111 1110
f 1011 1105 1111
f 1110 1111 1105
f 981 1112 1114
f 1013 1113 1112
f 1012 1114 1113
f 1112 1113 1114
f 1011 1111 1108
f 1012 1113 1111
f 1013 1108 1113
f 1111 1113 1108
f 976 1109 1085
f 1013 1115 1109
f 1005 1085 1115
f 1109 1115 1085
f 981 1116 1112
f 1014 1117 1116
f 1013 1112 1117
f 1116 1117 1112
f 982 1090 1119
f 1005 1118 1090
f 1014 1119 1118
f 1090 1118 1119
f 1013 1117 1115
f 1014 1118 1117
f 1005 1115 1118
f 1117 1118 1115
f 977 1093 1061
f 1006 1120 1093
f 998 1061 1120
f 1093 1120 1061
f 982 1056 1088
f 995 1121 1056
f 1006 1088 1121
f 1056 1121 1088
f 978 1058 1052
f 998 1122 1058
f 995 1052 1122
f 1058 1122 1052
f 1006 1121 1120
f 995 1122 1121
f 998 1120 1122
f 1121 1122 1120
f 975 1100 1068
f 1008 1123 1100
f 1000 1068 1123
f 1100 1123 1068
f 977 1063 1096
f 997 1124 1063
f 1008 1096 1124
f 1063 1124 1096
f 984 1065 1059
f 1000 1125 1065
f 997 1059 1125
f 1065 1125 1059
f 1008 1124 1123
f 997 1125 1124
f 1000 1123 1125
f 1124 1125 1123
f 979 1107 1075
f 1010 1126 1107
f 1002 1075 1126
f 1107 1126 1075
f 975 1070 1103
f 999 1127 1070
f 1010 1103 1127
f 1070 1127 1103
f 983 1072 1066
f 1002 1128 1072
f 999 1066 1128
f 1072 1128 1066
f 1010 1127 1126
f 999 1128 1127
f 1002 1126 1128
f 1127 1128 1126
f 981 1114 1082
f 1012 1129 1114
f 1004 1082 1129
f 1114 1129 1082
f 979 1077 1110
f 1001 1130 1077
f 1012 1110 1130
f 1077 1130 1110
f 980 1079 1073
f 1004 1131 1079
f 1001 1073 1131
f 1079 1131 1073
f 1012 1130 1129
f 1001 1131 1130
f 1004 1129 1131
f 1130 1131 1129
f 982 1119 1054
f 1014 1132 1119
f 996 1054 1132
f 1119 1132 1054
f 981 1084 1116
f 1003 1133 1084
f 1014 1116 1133
f 1084 1133 1116
f 974 1051 1080
f 996 1134 1051
f 1003 1080 1134
f 1051 1134 1080
f 1014 1133 1132
f 1003 1134 1133
f 996 1132 1134
f 1133 1134 1132
f 1135 1177 1179
f 1147 1178 1177
f 1149 1179 1178
f 1177 1178 1179
f 1146 1180 1182
f 1148 1181 1180
f 1147 1182 1181
f 1180 1181 1182
f 1140 1183 1185
f 1149 1184 1183
f 1148 1185 1184
f 1183 1184 1185
f 1147 1181 1178
f 1148 1184 1181
f 1149 1178 1184
f 1181 1184 1178
f 1135 1179 1187
f 1149 1186 1179
f 1151 1187 1186
f 1179 1186 1187
f 1140 1188 1183
f 1150 1189 1188
f 1149 1183 1189
f 1188 1189 1183
f 1136 1190 1192
f 1151 1191 1190
f 1150 1192 1191
f 1190 1191 1192
f 1149 1189 1186
f 1150 1191 1189
f 1151 1186 1191
f 1189 1191 1186
f 1135 1187 1194
f 1151 1193 1187
f 1153 1194 1193
f 1187 1193 1194
f 1136 1195 1190
f 1152 1196 1195
f 1151 1190 1196
f 1195 1196 1190
f 1142 1197 1199
f 1153 1198 1197
f 1152 1199 1198
f 1197 1198 1199
f 1151 1196 1193
f 1152 1198 1196
f 1153 1193 1198
f 1196 1198 1193
f 1135 1194 1201
f 1153 1200 1194
f 1155 1201 1200
f 1194 1200 1201
f 1142 1202 1197
f 1154 1203 1202
f 1153 1197 1203
f 1202 1203 1197
f 1145 1204 1206
f 1155 1205 1204
f 1154 1206 1205
f 1204 1205 1206
f 1153 1203 1200
f 1154 1205 1203
f 1155 1200 1205
f 1203 1205 1200
f 1135 1201 1177
f 1155 1207 1201
f 1147 1177 1207
f 1201 1207 1177
f 1145 1208 1204
f 1156 1209 1208
f 1155 1204 1209
f 1208 1209 1204
f 1146 1182 1211
f 1147 1210 1182
f 1156 1211 1210
f 1182 1210 1211
f 1155 1209 1207
f 1156 1210 1209
f 1147 1207 1210
f 1209 1210 1207
f 1136 1192 1213
f 1150 1212 1192
f 1158 1213 1212
f 1192 1212 1213
f 1140 1214 1188
f 1157 1215 1214
f 1150 1188 1215
f 1214 1215 1188
f 1144 1216 1218
f 1158 1217 1216
f 1157 1218 1217
f 1216 1217 1218
f 1150 1215 1212
f 1157 1217 1215
f 1158 1212 1217
f 1215 1217 1212
f 1140 1185 1220
f 1148 1219 1185
f 1160 1220 1219
f 1185 1219 1220
f 1146 1221 1180
f 1159 1222 1221
f 1148 1180 1222
f 1221 1222 1180
f 1139 1223 1225
f 1160 1224 1223
f 1159 1225 1224
f 1223 1224 1225
f 1148 1222 1219
f 1159 1224 1222
f 1160 1219 1224
f 1222 1224 1219
f 1146 1211 1227
f 1156 1226 1211
f 1162 1227 1226
f 1211 1226 1227
f 1145 1228 1208
f 1161 1229 1228
f 1156 1208 1229
f 1228 1229 1208
f 1137 1230 1232
f 1162 1231 1230
f 1161 1232 1231
f 1230 1231 1232
f 1156 1229 1226
f 1161 1231 1229
f 1162 1226 1231
f 1229 1231 1226
f 1145 1206 1234
f 1154 1233 1206
f 1164 1234 1233
f 1206 1233 1234
f 1142 1235 1202
f 1163 1236 1235
f 1154 1202 1236
f 1235 1236 1202
f 1141 1237 1239
f 1164 1238 1237
f 1163 1239 1238
f 1237 1238 1239
f 1154 1236 1233
f 1163 1238 1236
f 1164 1233 1238
f 1236 1238 1233
f 1142 1199 1241
f 1152 1240 1199
f 1166 1241 1240
f 1199 1240 1241
f 1136 1242 1195
f 1165 1243 1242
f 1152 1195 1243
f 1242 1243 1195
f 1143 1244 1246
f 1166 1245 1244
f 1165 1246 1245
f 1244 1245 1246
f 1152 1243 1240
f 1165 1245 1243
f 1166 1240 1245
f 1243 1245 1240
f 1138 1247 1249
f 1167 1248 1247
f 1169 1249 1248
f 1247 1248 1249
f 1144 1250 1252
f 1168 1251 1250
f 1167 1252 1251
f 1250 1251 1252
f 1139 1253 1255
f 1169 1254 1253
f 1168 1255 1254
f 1253 1254 1255
f 1167 1251 1248
f 1168 1254 1251
f 1169 1248 1254
f 1251 1254 1248
f 1138 1249 1257
f 1169 1256 1249
f 1171 1257 1256
f 1249 1256 1257
f 1139 1258 1253
f 1170 1259 1258
f 1169 1253 1259
f 1258 1259 1253
f 1137 1260 1262
f 1171 1261 1260
f 1170 1262 1261
f 1260 1261 1262
f 1169 1259 1256
f 1170 1261 1259
f 1171 1256 1261
f 1259 1261 1256
f 1138 1257 1264
f 1171 1263 1257
f 1173 1264 1263
f 1257 1263 1264
f 1137 1265 1260
f 1172 1266 1265
f 1171 1260 1266
f 1265 1266 1260
f 1141 1267 1269
f 1173 1268 1267
f 1172 1269 1268
f 1267 1268 1269
f 1171 1266 1263
f 1172 1268 1266
f 1173 1263 1268
f 1266 1268 1263
f 1138 1264 1271
f 1173 1270 1264
f 1175 1271 1270
f 1264 1270 1271
f 1141 1272 1267
f 1174 1273 1272
f 1173 1267 1273
f 1272 1273 1267
f 1143 1274 1276
f 1175 1275 1274
f 1174 1276 1275
f 1274 1275 1276
f 1173 1273 1270
f 1174 1275 1273
f 1175 1270 1275
f 1273 1275 1270
f 1138 1271 1247
f 1175 1277 1271
f 1167 1247 1277
f 1271 1277 1247
f 1143 1278 1274
f 1176 1279 1278
f 1175 1274 1279
f 1278 1279 1274
f 1144 1252 1281
f 1167 1280 1252
f 1176 1281 1280
f 1252 1280 1281
f 1175 1279 1277
f 1176 1280 1279
f 1167 1277 1280
f 1279 1280 1277
f 1139 1255 1223
f 1168 1282 1255
f 1160 1223 1282
f 1255 1282 1223
f 1144 1218 1250
f 1157 1283 1218
f 1168 1250 1283
f 1218 1283 1250
f 1140 1220 1214
f 1160 1284 1220
f 1157 1214 1284
f 1220 1284 1214
f 1168 1283 1282
f 1157 1284 1283
f 1160 1282 1284
f 1283 1284 1282
f 1137 1262 1230
f 1170 1285 1262
f 1162 1230 1285
f 1262 1285 1230
f 1139 1225 1258
f 1159 1286 1225
f 1170 1258 1286
f 1225 1286 1258
f 1146 1227 1221
f 1162 1287 1227
f 1159 1221 1287
f 1227 1287 1221
f 1170 1286 1285
f 1159 1287 1286
f 1162 1285 1287
f 1286 1287 1285
f 1141 1269 1237
f 1172 1288 1269
f 1164 1237 1288
f 1269 1288 1237
f 1137 1232 1265
f 1161 1289 1232
f 1172 1265 1289
f 1232 1289 1265
f 1145 1234 1228
f 1164 1290 1234
f 1161 1228 1290
f 1234 1290 1228
f 1172 1289 1288
f 1161 1290 1289
f 1164 1288 1290
f 1289 1290 1288
f 1143 1276 1244
f 1174 1291 1276
f 1166 1244 1291
f 1276 1291 1244
f 1141 1239 1272
f 1163 1292 1239
f 1174 1272 1292
f 1239 1292 1272
f 1142 1241 1235
f 1166 1293 1241
f 1163 1235 1293
f 1241 1293 1235
f 1174 1292 1291
f 1163 1293 1292
f 1166 1291 1293
f 1292 1293 1291
f 1144 1281 1216
f 1176 1294 1281
f 1158 1216 1294
f 1281 1294 1216
f 1143 1246 1278
f 1165 1295 1246
f 1176 1278 1295
f 1246 1295 1278
f 1136 1213 1242
f 1158 1296 1213
f 1165 1242 1296
f 1213 1296 1242
f 1176 1295 1294
f 1165 1296 1295
f 1158 1294 1296
f 1295 1296 1294
f 1297 1339 1341
f 1309 1340 1339
f 1311 1341 1340
f 1339 1340 1341
f 1308 1342 1344
f 1310 1343 1342
f 1309 1344 1343
f 1342 1343 1344
f 1302 1345 1347
f 1311 1346 1345
f 1310 1347 1346
f 1345 1346 1347
f 1309 1343 1340
f 1310 1346 1343
f 1311 1340 1346
f 1343 1346 1340
f 1297 1341 1349
f 1311 1348 1341
f 1313 1349 1348
f 1341 1348 1349
f 1302 1350 1345
f 1312 1351 1350
f 1311 1345 1351
f 1350 1351 1345
f 1298 1352 1354
f 1313 1353 1352
f 1312 1354 1353
f 1352 1353 1354
f 1311 1351 1348
f 1312 1353 1351
f 1313 1348 1353
f 1351 1353 1348
f 1297 1349 1356
f 1313 1355 1349
f 1315 1356 1355
f 1349 1355 1356
f 1298 1357 1352
f 1314 1358 1357
f 1313 1352 1358
f 1357 1358 1352
f 1304 1359 1361
f 1315 1360 1359
f 1314 1361 1360
f 1359 1360 1361
f 1313 1358 1355
f 1314 1360 1358
f 1315 1355 1360
f 1358 1360 1355
f 1297 1356 1363
f 1315 1362 1356
f 1317 1363 1362
f 1356 1362 1363
f 1304 1364 1359
f 1316 1365 1364
f 1315 1359 1365
f 1364 1365 1359
f 1307 1366 1368
f 1317 1367 1366
f 1316 1368 1367
f 1366 1367 1368
f 1315 1365 1362
f 1316 1367 1365
f 1317 1362 1367
f 1365 1367 1362
f 1297 1363 1339
f 1317 1369 1363
f 1309 1339 1369
f 1363 1369 1339
f 1307 1370 1366
f 1318 1371 1370
f 1317 1366 1371
f 1370 1371 1366
f 1308 1344 1373
f 1309 1372 1344
f 1318 1373 1372
f 1344 1372 1373
f 1317 1371 1369
f 1318 1372 1371
f 1309 1369 1372
f 1371 1372 1369
f 1298 1354 1375
f 1312 1374 1354
f 1320 1375 1374
f 1354 1374 1375
f 1302 1376 1350
f 1319 1377 1376
f 1312 1350 1377
f 1376 1377 1350
f 1306 1378 1380
f 1320 1379 1378
f 1319 1380 1379
f 1378 1379 1380
f 1312 1377 1374
f 1319 1379 1377
f 1320 1374 1379
f 1377 1379 1374
f 1302 1347 1382
f 1310 1381 1347
f 1322 1382 1381
f 1347 1381 1382
f 1308 1383 1342
f 1321 1384 1383
f 1310 1342 1384
f 1383 1384 1342
f 1301 1385 1387
f 1322 1386 1385
f 1321 1387 1386
f 1385 1386 1387
f 1310 1384 1381
f 1321 1386 1384
f 1322 1381 1386
f 1384 1386 1381
f 1308 1373 1389
f 1318 1388 1373
f 1324 1389 1388
f 1373 1388 1389
f 1307 1390 1370
f 1323 1391 1390
f 1318 1370 1391
f 1390 1391 1370
f 1299 1392 1394
f 1324 1393 1392
f 1323 1394 1393
f 1392 1393 1394
f 1318 1391 1388
f 1323 1393 1391
f 1324 1388 1393
f 1391 1393 1388
f 1307 1368 1396
f 1316 1395 1368
f 1326 1396 1395
f 1368 1395 1396
f 1304 1397 1364
f 1325 1398 1397
f 1316 1364 1398
f 1397 1398 1364
f 1303 1399 1401
f 1326 1400 1399
f 1325 1401 1400
f 1399 1400 1401
f 1316 1398 1395
f 1325 1400 1398
f 1326 1395 1400
f 1398 1400 1395
f 1304 1361 1403
f 1314 1402 1361
f 1328 1403 1402
f 1361 1402 1403
f 1298 1404 1357
f 1327 1405 1404
f 1314 1357 1405
f 1404 1405 1357
f 1305 1406 1408
f 1328 1407 1406
f 1327 1408 1407
f 1406 1407 1408
f 1314 1405 1402
f 1327 1407 1405
f 1328 1402 1407
f 1405 1407 1402
f 1300 1409 1411
f 1329 1410 1409
f 1331 1411 1410
f 1409 1410 1411
f 1306 1412 1414
f 1330 1413 1412
f 1329 1414 1413
f 1412 1413 1414
f 1301 1415 1417
f 1331 1416 1415
f 1330 1417 1416
f 1415 1416 1417
f 1329 1413 1410
f 1330 1416 1413
f 1331 1410 1416
f 1413 1416 1410
f 1300 1411 1419
f 1331 1418 1411
f 1333 1419 1418
f 1411 1418 1419
f 1301 1420 1415
f 1332 1421 1420
f 1331 1415 1421
f 1420 1421 1415
f 1299 1422 1424
f 1333 1423 1422
f 1332 1424 1423
f 1422 1423 1424
f 1331 1421 1418
f 1332 1423 1421
f 1333 1418 1423
f 1421 1423 1418
f 1300 1419 1426
f 1333 1425 1419
f 1335 1426 1425
f 1419 1425 1426
f 1299 1427 1422
f 1334 1428 1427
f 1333 1422 1428
f 1427 1428 1422
f 1303 1429 1431
f 1335 1430 1429
f 1334 1431 1430
f 1429 1430 1431
f 1333 1428 1425
f 1334 1430 1428
f 1335 1425 1430
f 1428 1430 1425
f 1300 1426 1433
f 1335 1432 1426
f 1337 1433 1432
f 1426 1432 1433
f 1303 1434 1429
f 1336 1435 1434
f 1335 1429 1435
f 1434 1435 1429
f 1305 1436 1438
f 1337 1437 1436
f 1336 1438 1437
f 1436 1437 1438
f 1335 1435 1432
f 1336 1437 1435
f 1337 1432 1437
f 1435 1437 1432
f 1300 1433 1409
f 1337 1439 1433
f 1329 1409 1439
f 1433 1439 1409
f 1305 1440 1436
f 1338 1441 1440
f 1337 1436 1441
f 1440 1441 1436
f 1306 1414 1443
f 1329 1442 1414
f 1338 1443 1442
f 1414 1442 1443
f 1337 1441 1439
f 1338 1442 1441
f 1329 1439 1442
f 1441 1442 1439
f 1301 1417 1385
f 1330 1444 1417
f 1322 1385 1444
f 1417 1444 1385
f 1306 1380 1412
f 1319 1445 1380
f 1330 1412 1445
f 1380 1445 1412
f 1302 1382 1376
f 1322 1446 1382
f 1319 1376 1446
f 1382 1446 1376
f 1330 1445 1444
f 1319 1446 1445
f 1322 1444 1446
f 1445 1446 1444
f 1299 1424 1392
f 1332 1447 1424
f 1324 1392 1447
f 1424 1447 1392
f 1301 1387 1420
f 1321 1448 1387
f 1332 1420 1448
f 1387 1448 1420
f 1308 1389 1383
f 1324 1449 1389
f 1321 1383 1449
f 1389 1449 1383
f 1332 1448 1447
f 1321 1449 1448
f 1324 1447 1449
f 1448 1449 1447
f 1303 1431 1399
f 1334 1450 1431
f 1326 1399 1450
f 1431 1450 1399
f 1299 1394 1427
f 1323 1451 1394
f 1334 1427 1451
f 1394 1451 1427
f 1307 1396 1390
f 1326 1452 1396
f 1323 1390 1452
f 1396 1452 1390
f 1334 1451 1450
f 1323 1452 1451
f 1326 1450 1452
f 1451 1452 1450
f 1305 1438 1406
f 1336 1453 1438
f 1328 1406 1453
f 1438 1453 1406
f 1303 1401 1434
f 1325 1454 1401
f 1336 1434 1454
f 1401 1454 1434
f 1304 1403 1397
f 1328 1455 1403
f 1325 1397 1455
f 1403 1455 1397
f 1336 1454 1453
f 1325 1455 1454
f 1328 1453 1455
f 1454 1455 1453
f 1306 1443 1378
f 1338 1456 1443
f 1320 1378 1456
f 1443 1456 1378
f 1305 1408 1440
f 1327 1457 1408
f 1338 1440 1457
f 1408 1457 1440
f 1298 1375 1404
f 1320 1458 1375
f 1327 1404 1458
f 1375 1458 1404
f 1338 1457 1456
f 1327 1458 1457
f 1320 1456 1458
f 1457 1458 1456
f 1459 1501 1503
f 1471 1502 1501
f 1473 1503 1502
f 1501 1502 1503
f 1470 1504 1506
f 1472 1505 1504
f 1471 1506 1505
f 1504 1505 1506
f 1464 1507 1509
f 1473 1508 1507
f 1472 1509 1508
f 1507 1508 1509
f 1471 1505 1502
f 1472 1508 1505
f 1473 1502 1508
f 1505 1508 1502
f 1459 1503 1511
f 1473 1510 1503
f 1475 1511 1510
f 1503 1510 1511
f 1464 1512 1507
f 1474 1513 1512
f 1473 1507 1513
f 1512 1513 1507
f 1460 1514 1516
f 1475 1515 1514
f 1474 1516 1515
f 1514 1515 1516
f 1473 1513 1510
f 1474 1515 1513
f 1475 1510 1515
f 1513 1515 1510
f 1459 1511 1518
f 1475 1517 1511
f 1477 1518 1517
f 1511 1517 1518
f 1460 1519 1514
f 1476 1520 1519
f 1475 1514 1520
f 1519 1520 1514
f 1466 1521 1523
f 1477 1522 1521
f 1476 1523 1522
f 1521 1522 1523
f 1475 1520 1517
f 1476 1522 1520
f 1477 1517 1522
f 1520 1522 1517
f 1459 1518 1525
f 1477 1524 1518
f 1479 1525 1524
f 1518 1524 1525
f 1466 1526 1521
f 1478 1527 1526
f 1477 1521 1527
f 1526 1527 1521
f 1469 1528 1530
f 1479 1529 1528
f 1478 1530 1529
f 1528 1529 1530
f 1477 1527 1524
f 1478 1529 1527
f 1479 1524 1529
f 1527 1529 1524
f 1459 1525 1501
f 1479 1531 1525
f 1471 1501 1531
f 1525 1531 1501
f 1469 1532 1528
f 1480 1533 1532
f 1479 1528 1533
f 1532 1533 1528
f 1470 1506 1535
f 1471 1534 1506
f 1480 1535 1534
f 1506 1534 1535
f 1479 1533 1531
f 1480 1534 1533
f 1471 1531 1534
f 1533 1534 1531
f 1460 1516 1537
f 1474 1536 1516
f 1482 1537 1536
f 1516 1536 1537
f 1464 1538 1512
f 1481 1539 1538
f 1474 1512 1539
f 1538 1539 1512
f 1468 1540 1542
f 1482 1541 1540
f 1481 1542 1541
f 1540 1541 1542
f 1474 1539 1536
f 1481 1541 1539
f 1482 1536 1541
f 1539 1541 1536
f 1464 1509 1544
f 1472 1543 1509
f 1484 1544 1543
f 1509 1543 1544
f 1470 1545 1504
f 1483 1546 1545
f 1472 1504 1546
f 1545 1546 1504
f 1463 1547 1549
f 1484 1548 1547
f 1483 1549 1548
f 1547 1548 1549
f 1472 1546 1543
f 1483 1548 1546
f 1484 1543 1548
f 1546 1548 1543
f 1470 1535 1551
f 1480 1550 1535
f 1486 1551 1550
f 1535 1550 1551
f 1469 1552 1532
f 1485 1553 1552
f 1480 1532 1553
f 1552 1553 1532
f 1461 1554 1556
f 1486 1555 1554
f 1485 1556 1555
f 1554 1555 1556
f 1480 1553 1550
f 1485 1555 1553
f 1486 1550 1555
f 1553 1555 1550
f 1469 1530 1558
f 1478 1557 1530
f 1488 1558 1557
f 1530 1557 1558
f 1466 1559 1526
f 1487 1560 1559
f 1478 1526 1560
f 1559 1560 1526
f 1465 1561 1563
f 1488 1562 1561
f 1487 1563 1562
f 1561 1562 1563
f 1478 1560 1557
f 1487 1562 1560
f 1488 1557 1562
f 1560 1562 1557
f 1466 1523 1565
f 1476 1564 1523
f 1490 1565 1564
f 1523 1564 1565
f 1460 1566 1519
f 1489 1567 1566
f 1476 1519 1567
f 1566 1567 1519
f 1467 1568 1570
f 1490 1569 1568
f 1489 1570 1569
f 1568 1569 1570
f 1476 1567 1564
f 1489 1569 1567
f 1490 1564 1569
f 1567 1569 1564
f 1462 1571 1573
f 1491 1572 1571
f 1493 1573 1572
f 1571 1572 1573
f 1468 1574 1576
f 1492 1575 1574
f 1491 1576 1575
f 1574 1575 1576
f 1463 1577 1579
f 1493 1578 1577
f 1492 1579 1578
f 1577 1578 1579
f 1491 1575 1572
f 1492 1578 1575
f 1493 1572 1578
f 1575 1578 1572
f 1462 1573 1581
f 1493 1580 1573
f 1495 1581 1580
f 1573 1580 1581
f 1463 1582 1577
f 1494 1583 1582
f 1493 1577 1583
f 1582 1583 1577
f 1461 1584 1586
f 1495 1585 1584
f 1494 1586 1585
f 1584 1585 1586
f 1493 1583 1580
f 1494 1585 1583
f 1495 1580 1585
f 1583 1585 1580
f 1462 1581 1588
f 1495 1587 1581
f 1497 1588 1587
f 1581 1587 1588
f 1461 1589 1584
f 1496 1590 1589
f 1495 1584 1590
f 1589 1590 1584
f 1465 1591 1593
f 1497 1592 1591
f 1496 1593 1592
f 1591 1592 1593
f 1495 1590 1587
f 1496 1592 1590
f 1497 1587 1592
f 1590 1592 1587
f 1462 1588 1595
f 1497 1594 1588
f 1499 1595 1594
f 1588 1594 1595
f 1465 1596 1591
f 1498 1597 1596
f 1497 1591 1597
f 1596 1597 1591
f 1467 1598 1600
f 1499 1599 1598
f 1498 1600 1599
f 1598 1599 1600
f 1497 1597 1594
f 1498 1599 1597
f 1499 1594 1599
f 1597 1599 1594
f 1462 1595 1571
f 1499 1601 1595
f 1491 1571 1601
f 1595 1601 1571
f 1467 1602 1598
f 1500 1603 1602
f 1499 1598 1603
f 1602 1603 1598
f 1468 1576 1605
f 1491 1604 1576
f 1500 1605 1604
f 1576 1604 1605
f 1499 1603 1601
f 1500 1604 1603
f 1491 1601 1604
f 1603 1604 1601
f 1463 1579 1547
f 1492 1606 1579
f 1484 1547 1606
f 1579 1606 1547
f 1468 1542 1574
f 1481 1607 1542
f 1492 1574 1607
f 1542 1607 1574
f 1464 1544 1538
f 1484 1608 1544
f 1481 1538 1608
f 1544 1608 1538
f 1492 1607 1606
f 1481 1608 1607
f 1484 1606 1608
f 1607 1608 1606
f 1461 1586 1554
f 1494 1609 1586
f 1486 1554 1609
f 1586 1609 1554
f 1463 1549 1582
f 1483 1610 1549
f 1494 1582 1610
f 1549 1610 1582
f 1470 1551 1545
f 1486 1611 1551
f 1483 1545 1611
f 1551 1611 1545
f 1494 1610 1609
f 1483 1611 1610
f 1486 1609 1611
f 1610 1611 1609
f 1465 1593 1561
f 1496 1612 1593
f 1488 1561 1612
f 1593 1612 1561
f 1461 1556 1589
f 1485 1613 1556
f 1496 1589 1613
f 1556 1613 1589
f 1469 1558 1552
f 1488 1614 1558
f 1485 1552 1614
f 1558 1614 1552
f 1496 1613 1612
f 1485 1614 1613
f 1488 1612 1614
f 1613 1614 1612
f 1467 1600 1568
f 1498 1615 1600
f 1490 1568 1615
f 1600 1615 1568
f 1465 1563 1596
f 1487 1616 1563
f 1498 1596 1616
f 1563 1616 1596
f 1466 1565 1559
f 1490 1617 1565
f 1487 1559 1617
f 1565 1617 1559
f 1498 1616 1615
f 1487 1617 1616
f 1490 1615 1617
f 1616 1617 1615
f 1468 1605 1540
f 1500 1618 1605
f 1482 1540 1618
f 1605 1618 1540
f 1467 1570 1602
f 1489 1619 1570
f 1500 1602 1619
f 1570 1619 1602
f 1460 1537 1566
f 1482 1620 1537
f 1489 1566 1620
f 1537 1620 1566
f 1500 1619 1618
f 1489 1620 1619
f 1482 1618 1620
f 1619 1620 1618
f 1621 1663 1665
f 1633 1664 1663
f 1635 1665 1664
f 1663 1664 1665
f 1632 1666 1668
f 1634 1667 1666
f 1633 1668 1667
f 1666 1667 1668
f 1626 1669 1671
f 1635 1670 1669
f 1634 1671 1670
f 1669 1670 1671
f 1633 1667 1664
f 1634 1670 1667
f 1635 1664 1670
f 1667 1670 1664
f 1621 1665 1673
f 1635 1672 1665
f 1637 1673 1672
f 1665 1672 1673
f 1626 1674 1669
f 1636 1675 1674
f 1635 1669 1675
f 1674 1675 1669
f 1622 1676 1678
f 1637 1677 1676
f 1636 1678 1677
f 1676 1677 1678
f 1635 1675 1672
f 1636 1677 1675
f 1637 1672 1677
f 1675 1677 1672
f 1621 1673 1680
f 1637 1679 1673
f 1639 1680 1679
f 1673 1679 1680
f 1622 1681 1676
f 1638 1682 1681
f 1637 1676 1682
f 1681 1682 1676
f 1628 1683 1685
f 1639 1684 1683
f 1638 1685 1684
f 1683 1684 1685
f 1637 1682 1679
f 1638 1684 1682
f 1639 1679 1684
f 1682 1684 1679
f 1621 1680 1687
f 1639 1686 1680
f 1641 1687 1686
f 1680 1686 1687
f 1628 1688 1683
f 1640 1689 1688
f 1639 1683 1689
f 1688 1689 1683
f 1631 1690 1692
f 1641 1691 1690
f 1640 1692 1691
f 1690 1691 1692
f 1639 1689 1686
f 1640 1691 1689
f 1641 1686 1691
f 1689 1691 1686
f 1621 1687 1663
f 1641 1693 1687
f 1633 1663 1693
f 1687 1693 1663
f 1631 1694 1690
f 1642 1695 1694
f 1641 1690 1695
f 1694 1695 1690
f 1632 1668 1697
f 1633 1696 1668
f 1642 1697 1696
f 1668 1696 1697
f 1641 1695 1693
f 1642 1696 1695
f 1633 1693 1696
f 1695 1696 1693
f 1622 1678 1699
f 1636 1698 1678
f 1644 1699 1698
f 1678 1698 1699
f 1626 1700 1674
f 1643 1701 1700
f 1636 1674 1701
f 1700 1701 1674
f 1630 1702 1704
f 1644 1703 1702
f 1643 1704 1703
f 1702 1703 1704
f 1636 1701 1698
f 1643 1703 1701
f 1644 1698 1703
f 1701 1703 1698
f 1626 1671 1706
f 1634 1705 1671
f 1646 1706 1705
f 1671 1705 1706
f 1632 1707 1666
f 1645 1708 1707
f 1634 1666 1708
f 1707 1708 1666
f 1625 1709 1711
f 1646 1710 1709
f 1645 1711 1710
f 1709 1710 1711
f 1634 1708 1705
f 1645 1710 1708
f 1646 1705 1710
f 1708 1710 1705
f 1632 1697 1713
f 1642 1712 1697
f 1648 1713 1712
f 1697 1712 1713
f 1631 1714 1694
f 1647 1715 1714
f 1642 1694 1715
f 1714 1715 1694
f 1623 1716 1718
f 1648 1717 1716
f 1647 1718 1717
f 1716 1717 1718
f 1642 1715 1712
f 1647 1717 1715
f 1648 1712 1717
f 1715 1717 1712
f 1631 1692 1720
f 1640 1719 1692
f 1650 1720 1719
f 1692 1719 1720
f 1628 1721 1688
f 1649 1722 1721
f 1640 1688 1722
f 1721 1722 1688
f 1627 1723 1725
f 1650 1724 1723
f 1649 1725 1724
f 1723 1724 1725
f 1640 1722 1719
f 1649 1724 1722
f 1650 1719 1724
f 1722 1724 1719
f 1628 1685 1727
f 1638 1726 1685
f 1652 1727 1726
f 1685 1726 1727
f 1622 1728 1681
f 1651 1729 1728
f 1638 1681 1729
f 1728 1729 1681
f 1629 1730 1732
f 1652 1731 1730
f 1651 1732 1731
f 1730 1731 1732
f 1638 1729 1726
f 1651 1731 1729
f 1652 1726 1731
f 1729 1731 1726
f 1624 1733 1735
f 1653 1734 1733
f 1655 1735 1734
f 1733 1734 1735
f 1630 1736 1738
f 1654 1737 1736
f 1653 1738 1737
f 1736 1737 1738
f 1625 1739 1741
f 1655 1740 1739
f 1654 1741 1740
f 1739 1740 1741
f 1653 1737 1734
f 1654 1740 1737
f 1655 1734 1740
f 1737 1740 1734
f 1624 1735 1743
f 1655 1742 1735
f 1657 1743 1742
f 1735 1742 1743
f 1625 1744 1739
f 1656 1745 1744
f 1655 1739 1745
f 1744 1745 1739
f 1623 1746 1748
f 1657 1747 1746
f 1656 1748 1747
f 1746 1747 1748
f 1655 1745 1742
f 1656 1747 1745
f 1657 1742 1747
f 1745 1747 1742
f 1624 1743 1750
f 1657 1749 1743
f 1659 1750 1749
f 1743 1749 1750
f 1623 1751 1746
f 1658 1752 1751
f 1657 1746 1752
f 1751 1752 1746
f 1627 1753 1755
f 1659 1754 1753
f 1658 1755 1754
f 1753 1754 1755
f 1657 1752 1749
f 1658 1754 1752
f 1659 1749 1754
f 1752 1754 1749
f 1624 1750 1757
f 1659 1756 1750
f 1661 1757 1756
f 1750 1756 1757
f 1627 1758 1753
f 1660 1759 1758
f 1659 1753 1759
f 1758 1759 1753
f 1629 1760 1762
f 1661 1761 1760
f 1660 1762 1761
f 1760 1761 1762
f 1659 1759 1756
f 1660 1761 1759
f 1661 1756 1761
f 1759 1761 1756
f 1624 1757 1733
f 1661 1763 1757
f 1653 1733 1763
f 1757 1763 1733
f 1629 1764 1760
f 1662 1765 1764
f 1661 1760 1765
f 1764 1765 1760
f 1630 1738 1767
f 1653 1766 1738
f 1662 1767 1766
f 1738 1766 1767
f 1661 1765 1763
f 1662 1766 1765
f 1653 1763 1766
f 1765 1766 1763
f 1625 1741 1709
f 1654 1768 1741
f 1646 1709 1768
f 1741 1768 1709
f 1630 1704 1736
f 1643 1769 1704
f 1654 1736 1769
f 1704 1769 1736
f 1626 1706 1700
f 1646 1770 1706
f 1643 1700 1770
f 1706 1770 1700
f 1654 1769 1768
f 1643 1770 1769
f 1646 1768 1770
f 1769 1770 1768
f 1623 1748 1716
f 1656 1771 1748
f 1648 1716 1771
f 1748 1771 1716
f 1625 1711 1744
f 1645 1772 1711
f 1656 1744 1772
f 1711 1772 1744
f 1632 1713 1707
f 1648 1773 1713
f 1645 1707 1773
f 1713 1773 1707
f 1656 1772 1771
f 1645 1773 1772
f 1648 1771 1773
f 1772 1773 1771
f 1627 1755 1723
f 1658 1774 1755
f 1650 1723 1774
f 1755 1774 1723
f 1623 1718 1751
f 1647 1775 1718
f 1658 1751 1775
f 1718 1775 1751
f 1631 1720 1714
f 1650 1776 1720
f 1647 1714 1776
f 1720 1776 1714
f 1658 1775 1774
f 1647 1776 1775
f 1650 1774 1776
f 1775 1776 1774
f 1629 1762 1730
f 1660 1777 1762
f 1652 1730 1777
f 1762 1777 1730
f 1627 1725 1758
f 1649 1778 1725
f 1660 1758 1778
f 1725 1778 1758
f 1628 1727 1721
f 1652 1779 1727
f 1649 1721 1779
f 1727 1779 1721
f 1660 1778 1777
f 1649 1779 1778
f 1652 1777 1779
f 1778 1779 1777
f 1630 1767 1702
f 1662 1780 1767
f 1644 1702 1780
f 1767 1780 1702
f 1629 1732 1764
f 1651 1781 1732
f 1662 1764 1781
f 1732 1781 1764
f 1622 1699 1728
f 1644 1782 1699
f 1651 1728 1782
f 1699 1782 1728
f 1662 1781 1780
f 1651 1782 1781
f 1644 1780 1782
f 1781 1782 1780
f 1783 1825 1827
f 1795 1826 1825
f 1797 1827 1826
f 1825 1826 1827
f 1794 1828 1830
f 1796 1829 1828
f 1795 1830 1829
f 1828 1829 1830
f 1788 1831 1833
f 1797 1832 1831
f 1796 1833 1832
f 1831 1832 1833
f 1795 1829 1826
f 1796 1832 1829
f 1797 1826 1832
f 1829 1832 1826
f 1783 1827 1835
f 1797 1834 1827
f 1799 1835 1834
f 1827 1834 1835
f 1788 1836 1831
f 1798 1837 1836
f 1797 1831 1837
f 1836 1837 1831
f 1784 1838 1840
f 1799 1839 1838
f 1798 1840 1839
f 1838 1839 1840
f 1797 1837 1834
f 1798 1839 1837
f 1799 1834 1839
f 1837 1839 1834
f 1783 1835 1842
f 1799 1841 1835
f 1801 1842 1841
f 1835 1841 1842
f 1784 1843 1838
f 1800 1844 1843
f 1799 1838 1844
f 1843 1844 1838
f 1790 1845 1847
f 1801 1846 1845
f 1800 1847 1846
f 1845 1846 1847
f 1799 1844 1841
f 1800 1846 1844
f 1801 1841 1846
f 1844 1846 1841
f 1783 1842 1849
f 1801 1848 1842
f 1803 1849 1848
f 1842 1848 1849
f 1790 1850 1845
f 1802 1851 1850
f 1801 1845 1851
f 1850 1851 1845
f 1793 1852 1854
f 1803 1853 1852
f 1802 1854 1853
f 1852 1853 1854
f 1801 1851 1848
f 1802 1853 1851
f 1803 1848 1853
f 1851 1853 1848
f 1783 1849 1825
f 1803 1855 1849
f 1795 1825 1855
f 1849 1855 1825
f 1793 1856 1852
f 1804 1857 1856
f 1803 1852 1857
f 1856 1857 1852
f 1794 1830 1859
f 1795 1858 1830
f 1804 1859 1858
f 1830 1858 1859
f 1803 1857 1855
f 1804 1858 1857
f 1795 1855 1858
f 1857 1858 1855
f 1784 1840 1861
f 1798 1860 1840
f 1806 1861 1860
f 1840 1860 1861
f 1788 1862 1836
f 1805 1863 1862
f 1798 1836 1863
f 1862 1863 1836
f 1792 1864 1866
f 1806 1865 1864
f 1805 1866 1865
f 1864 1865 1866
f 1798 1863 1860
f 1805 1865 1863
f 1806 1860 1865
f 1863 1865 1860
f 1788 1833 1868
f 1796 1867 1833
f 1808 1868 1867
f 1833 1867 1868
f 1794 1869 1828
f 1807 1870 1869
f 1796 1828 1870
f 1869 1870 1828
f 1787 1871 1873
f 1808 1872 1871
f 1807 1873 1872
f 1871 1872 1873
f 1796 1870 1867
f 1807 1872 1870
f 1808 1867 1872
f 1870 1872 1867
f 1794 1859 1875
f 1804 1874 1859
f 1810 1875 1874
f 1859 1874 1875
f 1793 1876 1856
f 1809 1877 1876
f 1804 1856 1877
f 1876 1877 1856
f 1785 1878 1880
f 1810 1879 1878
f 1809 1880 1879
f 1878 1879 1880
f 1804 1877 1874
f 1809 1879 1877
f 1810 1874 1879
f 1877 1879 1874
f 1793 1854 1882
f 1802 1881 1854
f 1812 1882 1881
f 1854 1881 1882
f 1790 1883 1850
f 1811 1884 1883
f 1802 1850 1884
f 1883 1884 1850
f 1789 1885 1887
f 1812 1886 1885
f 1811 1887 1886
f 1885 1886 1887
f 1802 1884 1881
f 1811 1886 1884
f 1812 1881 1886
f 1884 1886 1881
f 1790 1847 1889
f 1800 1888 1847
f 1814 1889 1888
f 1847 1888 1889
f 1784 1890 1843
f 1813 1891 1890
f 1800 1843 1891
f 1890 1891 1843
f 1791 1892 1894
f 1814 1893 1892
f 1813 1894 1893
f 1892 1893 1894
f 1800 1891 1888
f 1813 1893 1891
f 1814 1888 1893
f 1891 1893 1888
f 1786 1895 1897
f 1815 1896 1895
f 1817 1897 1896
f 1895 1896 1897
f 1792 1898 1900
f 1816 1899 1898
f 1815 1900 1899
f 1898 1899 1900
f 1787 1901 1903
f 1817 1902 1901
f 1816 1903 1902
f 1901 1902 1903
f 1815 1899 1896
f 1816 1902 1899
f 1817 1896 1902
f 1899 1902 1896
f 1786 1897 1905
f 1817 1904 1897
f 1819 1905 1904
f 1897 1904 1905
f 1787 1906 1901
f 1818 1907 1906
f 1817 1901 1907
f 1906 1907 1901
f 1785 1908 1910
f 1819 1909 1908
f 1818 1910 1909
f 1908 1909 1910
f 1817 1907 1904
f 1818 1909 1907
f 1819 1904 1909
f 1907 1909 1904
f 1786 1905 1912
f 1819 1911 1905
f 1821 1912 1911
f 1905 1911 1912
f 1785 1913 1908
f 1820 1914 1913
f 1819 1908 1914
f 1913 1914 1908
f 1789 1915 1917
f 1821 1916 1915
f 1820 1917 1916
f 1915 1916 1917
f 1819 1914 1911
f 1820 1916 1914
f 1821 1911 1916
f 1914 1916 1911
f 1786 1912 1919
f 1821 1918 1912
f 1823 1919 1918
f 1912 1918 1919
f 1789 1920 1915
f 1822 1921 1920
f 1821 1915 1921
f 1920 1921 1915
f 1791 1922 1924
f 1823 1923 1922
f 1822 1924 1923
f 1922 1923 1924
f 1821 1921 1918
f 1822 1923 1921
f 1823 1918 1923
f 1921 1923 1918
f 1786 1919 1895
f 1823 1925 1919
f 1815 1895 1925
f 1919 1925 1895
f 1791 1926 1922
f 1824 1927 1926
f 1823 1922 1927
f 1926 1927 1922
f 1792 1900 1929
f 1815 1928 1900
f 1824 1929 1928
f 1900 1928 1929
f 1823 1927 1925
f 1824 1928 1927
f 1815 1925 1928
f 1927 1928 1925
f 1787 1903 1871
f 1816 1930 1903
f 1808 1871 1930
f 1903 1930 1871
f 1792 1866 1898
f 1805 1931 1866
f 1816 1898 1931
f 1866 1931 1898
f 1788 1868 1862
f 1808 1932 1868
f 1805 1862 1932
f 1868 1932 1862
f 1816 1931 1930
f 1805 1932 1931
f 1808 1930 1932
f 1931 1932 1930
f 1785 1910 1878
f 1818 1933 1910
f 1810 1878 1933
f 1910 1933 1878
f 1787 1873 1906
f 1807 1934 1873
f 1818 1906 1934
f 1873 1934 1906
f 1794 1875 1869
f 1810 1935 1875
f 1807 1869 1935
f 1875 1935 1869
f 1818 1934 1933
f 1807 1935 1934
f 1810 1933 1935
f 1934 1935 1933
f 1789 1917 1885
f 1820 1936 1917
f 1812 1885 1936
f 1917 1936 1885
f 1785 1880 1913
f 1809 1937 1880
f 1820 1913 1937
f 1880 1937 1913
f 1793 1882 1876
f 1812 1938 1882
f 1809 1876 1938
f 1882 1938 1876
f 1820 1937 1936
f 1809 1938 1937
f 1812 1936 1938
f 1937 1938 1936
f 1791 1924 1892
f 1822 1939 1924
f 1814 1892 1939
f 1924 1939 1892
f 1789 1887 1920
f 1811 1940 1887
f 1822 1920 1940
f 1887 1940 1920
f 1790 1889 1883
f 1814 1941 1889
f 1811 1883 1941
f 1889 1941 1883
f 1822 1940 1939
f 1811 1941 1940
f 1814 1939 1941
f 1940 1941 1939
f 1792 1929 1864
f 1824 1942 1929
f 1806 1864 1942
f 1929 1942 1864
f 1791 1894 1926
f 1813 1943 1894
f 1824 1926 1943
f 1894 1943 1926
f 1784 1861 1890
f 1806 1944 1861
f 1813 1890 1944
f 1861 1944 1890
f 1824 1943 1942
f 1813 1944 1943
f 1806 1942 1944
f 1943 1944 1942
f 1945 1987 1989
f 1957 1988 1987
f 1959 1989 1988
f 1987 1988 1989
f 1956 1990 1992
f 1958 1991 1990
f 1957 1992 1991
f 1990 1991 1992
f 1950 1993 1995
f 1959 1994 1993
f 1958 1995 1994
f 1993 1994 1995
f 1957 1991 1988
f 1958 1994 1991
f 1959 1988 1994
f 1991 1994 1988
f 1945 1989 1997
f 1959 1996 1989
f 1961 1997 1996
f 1989 1996 1997
f 1950 1998 1993
f 1960 1999 1998
f 1959 1993 1999
f 1998 1999 1993
f 1946 2000 2002
f 1961 2001 2000
f 1960 2002 2001
f 2000 2001 2002
f 1959 1999 1996
f 1960 2001 1999
f 1961 1996 2001
f 1999 2001 1996
f 1945 1997 2004
f 1961 2003 1997
f 1963 2004 2003
f 1997 2003 2004
f 1946 2005 2000
f 1962 2006 2005
f 1961 2000 2006
f 2005 2006 2000
f 1952 2007 2009
f 1963 2008 2007
f 1962 2009 2008
f 2007 2008 2009
f 1961 2006 2003
f 1962 2008 2006
f 1963 2003 2008
f 2006 2008 2003
f 1945 2004 2011
f 1963 2010 2004
f 1965 2011 2010
f 2004 2010 2011
f 1952 2012 2007
f 1964 2013 2012
f 1963 2007 2013
f 2012 2013 2007
f 1955 2014 2016
f 1965 2015 2014
f 1964 2016 2015
f 2014 2015 2016
f 1963 2013 2010
f 1964 2015 2013
f 1965 2010 2015
f 2013 2015 2010
f 1945 2011 1987
f 1965 2017 2011
f 1957 1987 2017
f 2011 2017 1987
f 1955 2018 2014
f 1966 2019 2018
f 1965 2014 2019
f 2018 2019 2014
f 1956 1992 2021
f 1957 2020 1992
f 1966 2021 2020
f 1992 2020 2021
f 1965 2019 2017
f 1966 2020 2019
f 1957 2017 2020
f 2019 2020 2017
f 1946 2002 2023
f 1960 2022 2002
f 1968 2023 2022
f 2002 2022 2023
f 1950 2024 1998
f 1967 2025 2024
f 1960 1998 2025
f 2024 2025 1998
f 1954 2026 2028
f 1968 2027 2026
f 1967 2028 2027
f 2026 2027 2028
f 1960 2025 2022
f 1967 2027 2025
f 1968 2022 2027
f 2025 2027 2022
f 1950 1995 2030
f 1958 2029 1995
f 1970 2030 2029
f 1995 2029 2030
f 1956 2031 1990
f 1969 2032 2031
f 1958 1990 2032
f 2031 2032 1990
f 1949 2033 2035
f 1970 2034 2033
f 1969 2035 2034
f 2033 2034 2035
f 1958 2032 2029
f 1969 2034 2032
f 1970 2029 2034
f 2032 2034 2029
f 1956 2021 2037
f 1966 2036 2021
f 1972 2037 2036
f 2021 2036 2037
f 1955 2038 2018
f 1971 2039 2038
f 1966 2018 2039
f 2038 2039 2018
f 1947 2040 2042
f 1972 2041 2040
f 1971 2042 2041
f 2040 2041 2042
f 1966 2039 2036
f 1971 2041 2039
f 1972 2036 2041
f 2039 2041 2036
f 1955 2016 2044
f 1964 2043 2016
f 1974 2044 2043
f 2016 2043 2044
f 1952 2045 2012
f 1973 2046 2045
f 1964 2012 2046
f 2045 2046 2012
f 1951 2047 2049
f 1974 2048 2047
f 1973 2049 2048
f 2047 2048 2049
f 1964 2046 2043
f 1973 2048 2046
f 1974 2043 2048
f 2046 2048 2043
f 1952 2009 2051
f 1962 2050 2009
f 1976 2051 2050
f 2009 2050 2051
f 1946 2052 2005
f 1975 2053 2052
f 1962 2005 2053
f 2052 2053 2005
f 1953 2054 2056
f 1976 2055 2054
f 1975 2056 2055
f 2054 2055 2056
f 1962 2053 2050
f 1975 2055 2053
f 1976 2050 2055
f 2053 2055 2050
f 1948 2057 2059
f 1977 2058 2057
f 1979 2059 2058
f 2057 2058 2059
f 1954 2060 2062
f 1978 2061 2060
f 1977 2062 2061
f 2060 2061 2062
f 1949 2063 2065
f 1979 2064 2063
f 1978 2065 2064
f 2063 2064 2065
f 1977 2061 2058
f 1978 2064 2061
f 1979 2058 2064
f 2061 2064 2058
f 1948 2059 2067
f 1979 2066 2059
f 1981 2067 2066
f 2059 2066 2067
f 1949 2068 2063
f 1980 2069 2068
f 1979 2063 2069
f 2068 2069 2063
f 1947 2070 2072
f 1981 2071 2070
f 1980 2072 2071
f 2070 2071 2072
f 1979 2069 2066
f 1980 2071 2069
f 1981 2066 2071
f 2069 2071 2066
f 1948 2067 2074
f 1981 2073 2067
f 1983 2074 2073
f 2067 2073 2074
f 1947 2075 2070
f 1982 2076 2075
f 1981 2070 2076
f 2075 2076 2070
f 1951 2077 2079
f 1983 2078 2077
f 1982 2079 2078
f 2077 2078 2079
f 1981 2076 2073
f 1982 2078 2076
f 1983 2073 2078
f 2076 2078 2073
f 1948 2074 2081
f 1983 2080 2074
f 1985 2081 2080
f 2074 2080 2081
f 1951 2082 2077
f 1984 2083 2082
f 1983 2077 2083
f 2082 2083 2077
f 1953 2084 2086
f 1985 2085 2084
f 1984 2086 2085
f 2084 2085 2086
f 1983 2083 2080
f 1984 2085 2083
f 1985 2080 2085
f 2083 2085 2080
f 1948 2081 2057
f 1985 2087 2081
f 1977 2057 2087
f 2081 2087 2057
f 1953 2088 2084
f 1986 2089 2088
f 1985 2084 2089
f 2088 2089 2084
f 1954 2062 2091
f 1977 2090 2062
f 1986 2091 2090
f 2062 2090 2091
f 1985 2089 2087
f 1986 2090 2089
f 1977 2087 2090
f 2089 2090 2087
f 1949 2065 2033
f 1978 2092 2065
f 1970 2033 2092
f 2065 2092 2033
f 1954 2028 2060
f 1967 2093 2028
f 1978 2060 2093
f 2028 2093 2060
f 1950 2030 2024
f 1970 2094 2030
f 1967 2024 2094
f 2030 2094 2024
f 1978 2093 2092
f 1967 2094 2093
f 1970 2092 2094
f 2093 2094 2092
f 1947 2072 2040
f 1980 2095 2072
f 1972 2040 2095
f 2072 2095 2040
f 1949 2035 2068
f 1969 2096 2035
f 1980 2068 2096
f 2035 2096 2068
f 1956 2037 2031
f 1972 2097 2037
f 1969 2031 2097
f 2037 2097 2031
f 1980 2096 2095
f 1969 2097 2096
f 1972 2095 2097
f 2096 2097 2095
f 1951 2079 2047
f 1982 2098 2079
f 1974 2047 2098
f 2079 2098 2047
f 1947 2042 2075
f 1971 2099 2042
f 1982 2075 2099
f 2042 2099 2075
f 1955 2044 2038
f 1974 2100 2044
f 1971 2038 2100
f 2044 2100 2038
f 1982 2099 2098
f 1971 2100 2099
f 1974 2098 2100
f 2099 2100 2098
f 1953 2086 2054
f 1984 2101 2086
f 1976 2054 2101
f 2086 2101 2054
f 1951 2049 2082
f 1973 2102 2049
f 1984 2082 2102
f 2049 2102 2082
f 1952 2051 2045
f 1976 2103 2051
f 1973 2045 2103
f 2051 2103 2045
f 1984 2102 2101
f 1973 2103 2102
f 1976 2101 2103
f 2102 2103 2101
f 1954 2091 2026
f 1986 2104 2091
f 1968 2026 2104
f 2091 2104 2026
f 1953 2056 2088
f 1975 2105 2056
f 1986 2088 2105
f 2056 2105 2088
f 1946 2023 2052
f 1968 2106 2023
f 1975 2052 2106
f 2023 2106 2052
f 1986 2105 2104
f 1975 2106 2105
f 1968 2104 2106
f 2105 2106 2104
f 2107 2149 2151
f 2119 2150 2149
f 2121 2151 2150
f 2149 2150 2151
f 2118 2152 2154
f 2120 2153 2152
f 2119 2154 2153
f 2152 2153 2154
f 2112 2155 2157
f 2121 2156 2155
f 2120 2157 2156
f 2155 2156 2157
f 2119 2153 2150
f 2120 2156 2153
f 2121 2150 2156
f 2153 2156 2150
f 2107 2151 2159
f 2121 2158 2151
f 2123 2159 2158
f 2151 2158 2159
f 2112 2160 2155
f 2122 2161 2160
f 2121 2155 2161
f 2160 2161 2155
f 2108 2162 2164
f 2123 2163 2162
f 2122 2164 2163
f 2162 2163 2164
f 2121 2161 2158
f 2122 2163 2161
f 2123 2158 2163
f 2161 2163 2158
f 2107 2159 2166
f 2123 2165 2159
f 2125 2166 2165
f 2159 2165 2166
f 2108 2167 2162
f 2124 2168 2167
f 2123 2162 2168
f 2167 2168 2162
f 2114 2169 2171
f 2125 2170 2169
f 2124 2171 2170
f 2169 2170 2171
f 2123 2168 2165
f 2124 2170 2168
f 2125 2165 2170
f 2168 2170 2165
f 2107 2166 2173
f 2125 2172 2166
f 2127 2173 2172
f 2166 2172 2173
f 2114 2174 2169
f 2126 2175 2174
f 2125 2169 2175
f 2174 2175 2169
f 2117 2176 2178
f 2127 2177 2176
f 2126 2178 2177
f 2176 2177 2178
f 2125 2175 2172
f 2126 2177 2175
f 2127 2172 2177
f 2175 2177 2172
f 2107 2173 2149
f 2127 2179 2173
f 2119 2149 2179
f 2173 2179 2149
f 2117 2180 2176
f 2128 2181 2180
f 2127 2176 2181
f 2180 2181 2176
f 2118 2154 2183
f 2119 2182 2154
f 2128 2183 2182
f 2154 2182 2183
f 2127 2181 2179
f 2128 2182 2181
f 2119 2179 2182
f 2181 2182 2179
f 2108 2164 2185
f 2122 2184 2164
f 2130 2185 2184
f 2164 2184 2185
f 2112 2186 2160
f 2129 2187 2186
f 2122 2160 2187
f 2186 2187 2160
f 2116 2188 2190
f 2130 2189 2188
f 2129 2190 2189
f 2188 2189 2190
f 2122 2187 2184
f 2129 2189 2187
f 2130 2184 2189
f 2187 2189 2184
f 2112 2157 2192
f 2120 2191 2157
f 2132 2192 2191
f 2157 2191 2192
f 2118 2193 2152
f 2131 2194 2193
f 2120 2152 2194
f 2193 2194 2152
f 2111 2195 2197
f 2132 2196 2195
f 2131 2197 2196
f 2195 2196 2197
f 2120 2194 2191
f 2131 2196 2194
f 2132 2191 2196
f 2194 2196 2191
f 2118 2183 2199
f 2128 2198 2183
f 2134 2199 2198
f 2183 2198 2199
f 2117 2200 2180
f 2133 2201 2200
f 2128 2180 2201
f 2200 2201 2180
f 2109 2202 2204
f 2134 2203 2202
f 2133 2204 2203
f 2202 2203 2204
f 2128 2201 2198
f 2133 2203 2201
f 2134 2198 2203
f 2201 2203 2198
f 2117 2178 2206
f 2126 2205 2178
f 2136 2206 2205
f 2178 2205 2206
f 2114 2207 2174
f 2135 2208 2207
f 2126 2174 2208
f 2207 2208 2174
f 2113 2209 2211
f 2136 2210 2209
f 2135 2211 2210
f 2209 2210 2211
f 2126 2208 2205
f 2135 2210 2208
f 2136 2205 2210
f 2208 2210 2205
f 2114 2171 2213
f 2124 2212 2171
f 2138 2213 2212
f 2171 2212 2213
f 2108 2214 2167
f 2137 2215 2214
f 2124 2167 2215
f 2214 2215 2167
f 2115 2216 2218
f 2138 2217 2216
f 2137 2218 2217
f 2216 2217 2218
f 2124 2215 2212
f 2137 2217 2215
f 2138 2212 2217
f 2215 2217 2212
f 2110 2219 2221
f 2139 2220 2219
f 2141 2221 2220
f 2219 2220 2221
f 2116 2222 2224
f 2140 2223 2222
f 2139 2224 2223
f 2222 2223 2224
f 2111 2225 2227
f 2141 2226 2225
f 2140 2227 2226
f 2225 2226 2227
f 2139 2223 2220
f 2140 2226 2223
f 2141 2220 2226
f 2223 2226 2220
f 2110 2221 2229
f 2141 2228 2221
f 2143 2229 2228
f 2221 2228 2229
f 2111 2230 2225
f 2142 2231 2230
f 2141 2225 2231
f 2230 2231 2225
f 2109 2232 2234
f 2143 2233 2232
f 2142 2234 2233
f 2232 2233 2234
f 2141 2231 2228
f 2142 2233 2231
f 2143 2228 2233
f 2231 2233 2228
f 2110 2229 2236
f 2143 2235 2229
f 2145 2236 2235
f 2229 2235 2236
f 2109 2237 2232
f 2144 2238 2237
f 2143 2232 2238
f 2237 2238 2232
f 2113 2239 2241
f 2145 2240 2239
f 2144 2241 2240
f 2239 2240 2241
f 2143 2238 2235
f 2144 2240 2238
f 2145 2235 2240
f 2238 2240 2235
f 2110 2236 2243
f 2145 2242 2236
f 2147 2243 2242
f 2236 2242 2243
f 2113 2244 2239
f 2146 2245 2244
f 2145 2239 2245
f 2244 2245 2239
f 2115 2246 2248
f 2147 2247 2246
f 2146 2248 2247
f 2246 2247 2248
f 2145 2245 2242
f 2146 2247 2245
f 2147 2242 2247
f 2245 2247 2242
f 2110 2243 2219
f 2147 2249 2243
f 2139 2219 2249
f 2243 2249 2219
f 2115 2250 2246
f 2148 2251 2250
f 2147 2246 2251
f 2250 2251 2246
f 2116 2224 2253
f 2139 2252 2224
f 2148 2253 2252
f 2224 2252 2253
f 2147 2251 2249
f 2148 2252 2251
f 2139 2249 2252
f 2251 2252 2249
f 2111 2227 2195
f 2140 2254 2227
f 2132 2195 2254
f 2227 2254 2195
f 2116 2190 2222
f 2129 2255 2190
f 2140 2222 2255
f 2190 2255 2222
f 2112 2192 2186
f 2132 2256 2192
f 2129 2186 2256
f 2192 2256 2186
f 2140 2255 2254
f 2129 2256 2255
f 2132 2254 2256
f 2255 2256 2254
f 2109 2234 2202
f 2142 2257 2234
f 2134 2202 2257
f 2234 2257 2202
f 2111 2197 2230
f 2131 2258 2197
f 2142 2230 2258
f 2197 2258 2230
f 2118 2199 2193
f 2134 2259 2199
f 2131 2193 2259
f 2199 2259 2193
f 2142 2258 2257
f 2131 2259 2258
f 2134 2257 2259
f 2258 2259 2257
f 2113 2241 2209
f 2144 2260 2241
f 2136 2209 2260
f 2241 2260 2209
f 2109 2204 2237
f 2133 2261 2204
f 2144 2237 2261
f 2204 2261 2237
f 2117 2206 2200
f 2136 2262 2206
f 2133 2200 2262
f 2206 2262 2200
f 2144 2261 2260
f 2133 2262 2261
f 2136 2260 2262
f 2261 2262 2260
f 2115 2248 2216
f 2146 2263 2248
f 2138 2216 2263
f 2248 2263 2216
f 2113 2211 2244
f 2135 2264 2211
f 2146 2244 2264
f 2211 2264 2244
f 2114 2213 2207
f 2138 2265 2213
f 2135 2207 2265
f 2213 2265 2207
f 2146 2264 2263
f 2135 2265 2264
f 2138 2263 2265
f 2264 2265 2263
f 2116 2253 2188
f 2148 2266 2253
f 2130 2188 2266
f 2253 2266 2188
f 2115 2218 2250
f 2137 2267 2218
f 2148 2250 2267
f 2218 2267 2250
f 2108 2185 2214
f 2130 2268 2185
f 2137 2214 2268
f 2185 2268 2214
f 2148 2267 2266
f 2137 2268 2267
f 2130 2266 2268
f 2267 2268 2266
f 2269 2311 2313
f 2281 2312 2311
f 2283 2313 2312
f 2311 2312 2313
f 2280 2314 2316
f 2282 2315 2314
f 2281 2316 2315
f 2314 2315 2316
f 2274 2317 2319
f 2283 2318 2317
f 2282 2319 2318
f 2317 2318 2319
f 2281 2315 2312
f 2282 2318 2315
f 2283 2312 2318
f 2315 2318 2312
f 2269 2313 2321
f 2283 2320 2313
f 2285 2321 2320
f 2313 2320 2321
f 2274 2322 2317
f 2284 2323 2322
f 2283 2317 2323
f 2322 2323 2317
f 2270 2324 2326
f 2285 2325 2324
f 2284 2326 2325
f 2324 2325 2326
f 2283 2323 2320
f 2284 2325 2323
f 2285 2320 2325
f 2323 2325 2320
f 2269 2321 2328
f 2285 2327 2321
f 2287 2328 2327
f 2321 2327 2328
f 2270 2329 2324
f 2286 2330 2329
f 2285 2324 2330
f 2329 2330 2324
f 2276 2331 2333
f 2287 2332 2331
f 2286 2333 2332
f 2331 2332 2333
f 2285 2330 2327
f 2286 2332 2330
f 2287 2327 2332
f 2330 2332 2327
f 2269 2328 2335
f 2287 2334 2328
f 2289 2335 2334
f 2328 2334 2335
f 2276 2336 2331
f 2288 2337 2336
f 2287 2331 2337
f 2336 2337 2331
f 2279 2338 2340
f 2289 2339 2338
f 2288 2340 2339
f 2338 2339 2340
f 2287 2337 2334
f 2288 2339 2337
f 2289 2334 2339
f 2337 2339 2334
f 2269 2335 2311
f 2289 2341 2335
f 2281 2311 2341
f 2335 2341 2311
f 2279 2342 2338
f 2290 2343 2342
f 2289 2338 2343
f 2342 2343 2338
f 2280 2316 2345
f 2281 2344 2316
f 2290 2345 2344
f 2316 2344 2345
f 2289 2343 2341
f 2290 2344 2343
f 2281 2341 2344
f 2343 2344 2341
f 2270 2326 2347
f 2284 2346 2326
f 2292 2347 2346
f 2326 2346 2347
f 2274 2348 2322
f 2291 2349 2348
f 2284 2322 2349
f 2348 2349 2322
f 2278 2350 2352
f 2292 2351 2350
f 2291 2352 2351
f 2350 2351 2352
f 2284 2349 2346
f 2291 2351 2349
f 2292 2346 2351
f 2349 2351 2346
f 2274 2319 2354
f 2282 2353 2319
f 2294 2354 2353
f 2319 2353 2354
f 2280 2355 2314
f 2293 2356 2355
f 2282 2314 2356
f 2355 2356 2314
f 2273 2357 2359
f 2294 2358 2357
f 2293 2359 2358
f 2357 2358 2359
f 2282 2356 2353
f 2293 2358 2356
f 2294 2353 2358
f 2356 2358 2353
f 2280 2345 2361
f 2290 2360 2345
f 2296 2361 2360
f 2345 2360 2361
f 2279 2362 2342
f 2295 2363 2362
f 2290 2342 2363
f 2362 2363 2342
f 2271 2364 2366
f 2296 2365 2364
f 2295 2366 2365
f 2364 2365 2366
f 2290 2363 2360
f 2295 2365 2363
f 2296 2360 2365
f 2363 2365 2360
f 2279 2340 2368
f 2288 2367 2340
f 2298 2368 2367
f 2340 2367 2368
f 2276 2369 2336
f 2297 2370 2369
f 2288 2336 2370
f 2369 2370 2336
f 2275 2371 2373
f 2298 2372 2371
f 2297 2373 2372
f 2371 2372 2373
f 2288 2370 2367
f 2297 2372 2370
f 2298 2367 2372
f 2370 2372 2367
f 2276 2333 2375
f 2286 2374 2333
f 2300 2375 2374
f 2333 2374 2375
f 2270 2376 2329
f 2299 2377 2376
f 2286 2329 2377
f 2376 2377 2329
f 2277 2378 2380
f 2300 2379 2378
f 2299 2380 2379
f 2378 2379 2380
f 2286 2377 2374
f 2299 2379 2377
f 2300 2374 2379
f 2377 2379 2374
f 2272 2381 2383
f 2301 2382 2381
f 2303 2383 2382
f 2381 2382 2383
f 2278 2384 2386
f 2302 2385 2384
f 2301 2386 2385
f 2384 2385 2386
f 2273 2387 2389
f 2303 2388 2387
f 2302 2389 2388
f 2387 2388 2389
f 2301 2385 2382
f 2302 2388 2385
f 2303 2382 2388
f 2385 2388 2382
f 2272 2383 2391
f 2303 2390 2383
f 2305 2391 2390
f 2383 2390 2391
f 2273 2392 2387
f 2304 2393 2392
f 2303 2387 2393
f 2392 2393 2387
f 2271 2394 2396
f 2305 2395 2394
f 2304 2396 2395
f 2394 2395 2396
f 2303 2393 2390
f 2304 2395 2393
f 2305 2390 2395
f 2393 2395 2390
f 2272 2391 2398
f 2305 2397 2391
f 2307 2398 2397
f 2391 2397 2398
f 2271 2399 2394
f 2306 2400 2399
f 2305 2394 2400
f 2399 2400 2394
f 2275 2401 2403
f 2307 2402 2401
f 2306 2403 2402
f 2401 2402 2403
f 2305 2400 2397
f 2306 2402 2400
f 2307 2397 2402
f 2400 2402 2397
f 2272 2398 2405
f 2307 2404 2398
f 2309 2405 2404
f 2398 2404 2405
f 2275 2406 2401
f 2308 2407 2406
f 2307 2401 2407
f 2406 2407 2401
f 2277 2408 2410
f 2309 2409 2408
f 2308 2410 2409
f 2408 2409 2410
f 2307 2407 2404
f 2308 2409 2407
f 2309 2404 2409
f 2407 2409 2404
f 2272 2405 2381
f 2309 2411 2405
f 2301 2381 2411
f 2405 2411 2381
f 2277 2412 2408
f 2310 2413 2412
f 2309 2408 2413
f 2412 2413 2408
f 2278 2386 2415
f 2301 2414 2386
f 2310 2415 2414
f 2386 2414 2415
f 2309 2413 2411
f 2310 2414 2413
f 2301 2411 2414
f 2413 2414 2411
f 2273 2389 2357
f 2302 2416 2389
f 2294 2357 2416
f 2389 2416 2357
f 2278 2352 2384
f 2291 2417 2352
f 2302 2384 2417
f 2352 2417 2384
f 2274 2354 2348
f 2294 2418 2354
f 2291 2348 2418
f 2354 2418 2348
f 2302 2417 2416
f 2291 2418 2417
f 2294 2416 2418
f 2417 2418 2416
f 2271 2396 2364
f 2304 2419 2396
f 2296 2364 2419
f 2396 2419 2364
f 2273 2359 2392
f 2293 2420 2359
f 2304 2392 2420
f 2359 2420 2392
f 2280 2361 2355
f 2296 2421 2361
f 2293 2355 2421
f 2361 2421 2355
f 2304 2420 2419
f 2293 2421 2420
f 2296 2419 2421
f 2420 2421 2419
f 2275 2403 2371
f 2306 2422 2403
f 2298 2371 2422
f 2403 2422 2371
f 2271 2366 2399
f 2295 2423 2366
f 2306 2399 2423
f 2366 2423 2399
f 2279 2368 2362
f 2298 2424 2368
f 2295 2362 2424
f 2368 2424 2362
f 2306 2423 2422
f 2295 2424 2423
f 2298 2422 2424
f 2423 2424 2422
f 2277 2410 2378
f 2308 2425 2410
f 2300 2378 2425
f 2410 2425 2378
f 2275 2373 2406
f 2297 2426 2373
f 2308 2406 2426
f 2373 2426 2406
f 2276 2375 2369
f 2300 2427 2375
f 2297 2369 2427
f 2375 2427 2369
f 2308 2426 2425
f 2297 2427 2426
f 2300 2425 2427
f 2426 2427 2425
f 2278 2415 2350
f 2310 2428 2415
f 2292 2350 2428
f 2415 2428 2350
f 2277 2380 2412
f 2299 2429 2380
f 2310 2412 2429
f 2380 2429 2412
f 2270 2347 2376
f 2292 2430 2347
f 2299 2376 2430
f 2347 2430 2376
f 2310 2429 2428
f 2299 2430 2429
f 2292 2428 2430
f 2429 2430 2428
f 2431 2473 2475
f 2443 2474 2473
f 2445 2475 2474
f 2473 2474 2475
f 2442 2476 2478
f 2444 2477 2476
f 2443 2478 2477
f 2476 2477 2478
f 2436 2479 2481
f 2445 2480 2479
f 2444 2481 2480
f 2479 2480 2481
f 2443 2477 2474
f 2444 2480 2477
f 2445 2474 2480
f 2477 2480 2474
f 2431 2475 2483
f 2445 2482 2475
f 2447 2483 2482
f 2475 2482 2483
f 2436 2484 2479
f 2446 2485 2484
f 2445 2479 2485
f 2484 2485 2479
f 2432 2486 2488
f 2447 2487 2486
f 2446 2488 2487
f 2486 2487 2488
f 2445 2485 2482
f 2446 2487 2485
f 2447 2482 2487
f 2485 2487 2482
f 2431 2483 2490
f 2447 2489 2483
f 2449 2490 2489
f 2483 2489 2490
f 2432 2491 2486
f 2448 2492 2491
f 2447 2486 2492
f 2491 2492 2486
f 2438 2493 2495
f 2449 2494 2493
f 2448 2495 2494
f 2493 2494 2495
f 2447 2492 2489
f 2448 2494 2492
f 2449 2489 2494
f 2492 2494 2489
f 2431 2490 2497
f 2449 2496 2490
f 2451 2497 2496
f 2490 2496 2497
f 2438 2498 2493
f 2450 2499 2498
f 2449 2493 2499
f 2498 2499 2493
f 2441 2500 2502
f 2451 2501 2500
f 2450 2502 2501
f 2500 2501 2502
f 2449 2499 2496
f 2450 2501 2499
f 2451 2496 2501
f 2499 2501 2496
f 2431 2497 2473
f 2451 2503 2497
f 2443 2473 2503
f 2497 2503 2473
f 2441 2504 2500
f 2452 2505 2504
f 2451 2500 2505
f 2504 2505 2500
f 2442 2478 2507
f 2443 2506 2478
f 2452 2507 2506
f 2478 2506 2507
f 2451 2505 2503
f 2452 2506 2505
f 2443 2503 2506
f 2505 2506 2503
f 2432 2488 2509
f 2446 2508 2488
f 2454 2509 2508
f 2488 2508 2509
f 2436 2510 2484
f 2453 2511 2510
f 2446 2484 2511
f 2510 2511 2484
f 2440 2512 2514
f 2454 2513 2512
f 2453 2514 2513
f 2512 2513 2514
f 2446 2511 2508
f 2453 2513 2511
f 2454 2508 2513
f 2511 2513 2508
f 2436 2481 2516
f 2444 2515 2481
f 2456 2516 2515
f 2481 2515 2516
f 2442 2517 2476
f 2455 2518 2517
f 2444 2476 2518
f 2517 2518 2476
f 2435 2519 2521
f 2456 2520 2519
f 2455 2521 2520
f 2519 2520 2521
f 2444 2518 2515
f 2455 2520 2518
f 2456 2515 2520
f 2518 2520 2515
f 2442 2507 2523
f 2452 2522 2507
f 2458 2523 2522
f 2507 2522 2523
f 2441 2524 2504
f 2457 2525 2524
f 2452 2504 2525
f 2524 2525 2504
f 2433 2526 2528
f 2458 2527 2526
f 2457 2528 2527
f 2526 2527 2528
f 2452 2525 2522
f 2457 2527 2525
f 2458 2522 2527
f 2525 2527 2522
f 2441 2502 2530
f 2450 2529 2502
f 2460 2530 2529
f 2502 2529 2530
f 2438 2531 2498
f 2459 2532 2531
f 2450 2498 2532
f 2531 2532 2498
f 2437 2533 2535
f 2460 2534 2533
f 2459 2535 2534
f 2533 2534 2535
f 2450 2532 2529
f 2459 2534 2532
f 2460 2529 2534
f 2532 2534 2529
f 2438 2495 2537
f 2448 2536 2495
f 2462 2537 2536
f 2495 2536 2537
f 2432 2538 2491
f 2461 2539 2538
f 2448 2491 2539
f 2538 2539 2491
f 2439 2540 2542
f 2462 2541 2540
f 2461 2542 2541
f 2540 2541 2542
f 2448 2539 2536
f 2461 2541 2539
f 2462 2536 2541
f 2539 2541 2536
f 2434 2543 2545
f 2463 2544 2543
f 2465 2545 2544
f 2543 2544 2545
f 2440 2546 2548
f 2464 2547 2546
f 2463 2548 2547
f 2546 2547 2548
f 2435 2549 2551
f 2465 2550 2549
f 2464 2551 2550
f 2549 2550 2551
f 2463 2547 2544
f 2464 2550 2547
f 2465 2544 2550
f 2547 2550 2544
f 2434 2545 2553
f 2465 2552 2545
f 2467 2553 2552
f 2545 2552 2553
f 2435 2554 2549
f 2466 2555 2554
f 2465 2549 2555
f 2554 2555 2549
f 2433 2556 2558
f 2467 2557 2556
f 2466 2558 2557
f 2556 2557 2558
f 2465 2555 2552
f 2466 2557 2555
f 2467 2552 2557
f 2555 2557 2552
f 2434 2553 2560
f 2467 2559 2553
f 2469 2560 2559
f 2553 2559 2560
f 2433 2561 2556
f 2468 2562 2561
f 2467 2556 2562
f 2561 2562 2556
f 2437 2563 2565
f 2469 2564 2563
f 2468 2565 2564
f 2563 2564 2565
f 2467 2562 2559
f 2468 2564 2562
f 2469 2559 2564
f 2562 2564 2559
f 2434 2560 2567
f 2469 2566 2560
f 2471 2567 2566
f 2560 2566 2567
f 2437 2568 2563
f 2470 2569 2568
f 2469 2563 2569
f 2568 2569 2563
f 2439 2570 2572
f 2471 2571 2570
f 2470 2572 2571
f 2570 2571 2572
f 2469 2569 2566
f 2470 2571 2569
f 2471 2566 2571
f 2569 2571 2566
f 2434 2567 2543
f 2471 2573 2567
f 2463 2543 2573
f 2567 2573 2543
f 2439 2574 2570
f 2472 2575 2574
f 2471 2570 2575
f 2574 2575 2570
f 2440 2548 2577
f 2463 2576 2548
f 2472 2577 2576
f 2548 2576 2577
f 2471 2575 2573
f 2472 2576 2575
f 2463 2573 2576
f 2575 2576 2573
f 2435 2551 2519
f 2464 2578 2551
f 2456 2519 2578
f 2551 2578 2519
f 2440 2514 2546
f 2453 2579 2514
f 2464 2546 2579
f 2514 2579 2546
f 2436 2516 2510
f 2456 2580 2516
f 2453 2510 2580
f 2516 2580 2510
f 2464 2579 2578
f 2453 2580 2579
f 2456 2578 2580
f 2579 2580 2578
f 2433 2558 2526
f 2466 2581 2558
f 2458 2526 2581
f 2558 2581 2526
f 2435 2521 2554
f 2455 2582 2521
f 2466 2554 2582
f 2521 2582 2554
f 2442 2523 2517
f 2458 2583 2523
f 2455 2517 2583
f 2523 2583 2517
f 2466 2582 2581
f 2455 2583 2582
f 2458 2581 2583
f 2582 2583 2581
f 2437 2565 2533
f 2468 2584 2565
f 2460 2533 2584
f 2565 2584 2533
f 2433 2528 2561
f 2457 2585 2528
f 2468 2561 2585
f 2528 2585 2561
f 2441 2530 2524
f 2460 2586 2530
f 2457 2524 2586
f 2530 2586 2524
f 2468 2585 2584
f 2457 2586 2585
f 2460 2584 2586
f 2585 2586 2584
f 2439 2572 2540
f 2470 2587 2572
f 2462 2540 2587
f 2572 2587 2540
f 2437 2535 2568
f 2459 2588 2535
f 2470 2568 2588
f 2535 2588 2568
f 2438 2537 2531
f 2462 2589 2537
f 2459 2531 2589
f 2537 2589 2531
f 2470 2588 2587
f 2459 2589 2588
f 2462 2587 2589
f 2588 2589 2587
f 2440 2577 2512
f 2472 2590 2577
f 2454 2512 2590
f 2577 2590 2512
f 2439 2542 2574
f 2461 2591 2542
f 2472 2574 2591
f 2542 2591 2574
f 2432 2509 2538
f 2454 2592 2509
f 2461 2538 2592
f 2509 2592 2538
f 2472 2591 2590
f 2461 2592 2591
f 2454 2590 2592
f 2591 2592 2590
f 2593 2635 2637
f 2605 2636 2635
f 2607 2637 2636
f 2635 2636 2637
f 2604 2638 2640
f 2606 2639 2638
f 2605 2640 2639
f 2638 2639 2640
f 2598 2641 2643
f 2607 2642 2641
f 2606 2643 2642
f 2641 2642 2643
f 2605 2639 2636
f 2606 2642 2639
f 2607 2636 2642
f 2639 2642 2636
f 2593 2637 2645
f 2607 2644 2637
f 2609 2645 2644
f 2637 2644 2645
f 2598 2646 2641
f 2608 2647 2646
f 2607 2641 2647
f 2646 2647 2641
f 2594 2648 2650
f 2609 2649 2648
f 2608 2650 2649
f 2648 2649 2650
f 2607 2647 2644
f 2608 2649 2647
f 2609 2644 2649
f 2647 2649 2644
f 2593 2645 2652
f 2609 2651 2645
f 2611 2652 2651
f 2645 2651 2652
f 2594 2653 2648
f 2610 2654 2653
f 2609 2648 2654
f 2653 2654 2648
f 2600 2655 2657
f 2611 2656 2655
f 2610 2657 2656
f 2655 2656 2657
f 2609 2654 2651
f 2610 2656 2654
f 2611 2651 2656
f 2654 2656 2651
f 2593 2652 2659
f 2611 2658 2652
f 2613 2659 2658
f 2652 2658 2659
f 2600 2660 2655
f 2612 2661 2660
f 2611 2655 2661
f 2660 2661 2655
f 2603 2662 2664
f 2613 2663 2662
f 2612 2664 2663
f 2662 2663 2664
f 2611 2661 2658
f 2612 2663 2661
f 2613 2658 2663
f 2661 2663 2658
f 2593 2659 2635
f 2613 2665 2659
f 2605 2635 2665
f 2659 2665 2635
f 2603 2666 2662
f 2614 2667 2666
f 2613 2662 2667
f 2666 2667 2662
f 2604 2640 2669
f 2605 2668 2640
f 2614 2669 2668
f 2640 2668 2669
f 2613 2667 2665
f 2614 2668 2667
f 2605 2665 2668
f 2667 2668 2665
f 2594 2650 2671
f 2608 2670 2650
f 2616 2671 2670
f 2650 2670 2671
f 2598 2672 2646
f 2615 2673 2672
f 2608 2646 2673
f 2672 2673 2646
f 2602 2674 2676
f 2616 2675 2674
f 2615 2676 2675
f 2674 2675 2676
f 2608 2673 2670
f 2615 2675 2673
f 2616 2670 2675
f 2673 2675 2670
f 2598 2643 2678
f 2606 2677 2643
f 2618 2678 2677
f 2643 2677 2678
f 2604 2679 2638
f 2617 2680 2679
f 2606 2638 2680
f 2679 2680 2638
f 2597 2681 2683
f 2618 2682 2681
f 2617 2683 2682
f 2681 2682 2683
f 2606 2680 2677
f 2617 2682 2680
f 2618 2677 2682
f 2680 2682 2677
f 2604 2669 2685
f 2614 2684 2669
f 2620 2685 2684
f 2669 2684 2685
f 2603 2686 2666
f 2619 2687 2686
f 2614 2666 2687
f 2686 2687 2666
f 2595 2688 2690
f 2620 2689 2688
f 2619 2690 2689
f 2688 2689 2690
f 2614 2687 2684
f 2619 2689 2687
f 2620 2684 2689
f 2687 2689 2684
f 2603 2664 2692
f 2612 2691 2664
f 2622 2692 2691
f 2664 2691 2692
f 2600 2693 2660
f 2621 2694 2693
f 2612 2660 2694
f 2693 2694 2660
f 2599 2695 2697
f 2622 2696 2695
f 2621 2697 2696
f 2695 2696 2697
f 2612 2694 2691
f 2621 2696 2694
f 2622 2691 2696
f 2694 2696 2691
f 2600 2657 2699
f 2610 2698 2657
f 2624 2699 2698
f 2657 2698 2699
f 2594 2700 2653
f 2623 2701 2700
f 2610 2653 2701
f 2700 2701 2653
f 2601 2702 2704
f 2624 2703 2702
f 2623 2704 2703
f 2702 2703 2704
f 2610 2701 2698
f 2623 2703 2701
f 2624 2698 2703
f 2701 2703 2698
f 2596 2705 2707
f 2625 2706 2705
f 2627 2707 2706
f 2705 2706 2707
f 2602 2708 2710
f 2626 2709 2708
f 2625 2710 2709
f 2708 2709 2710
f 2597 2711 2713
f 2627 2712 2711
f 2626 2713 2712
f 2711 2712 2713
f 2625 2709 2706
f 2626 2712 2709
f 2627 2706 2712
f 2709 2712 2706
f 2596 2707 2715
f 2627 2714 2707
f 2629 2715 2714
f 2707 2714 2715
f 2597 2716 2711
f 2628 2717 2716
f 2627 2711 2717
f 2716 2717 2711
f 2595 2718 2720
f 2629 2719 2718
f 2628 2720 2719
f 2718 2719 2720
f 2627 2717 2714
f 2628 2719 2717
f 2629 2714 2719
f 2717 2719 2714
f 2596 2715 2722
f 2629 2721 2715
f 2631 2722 2721
f 2715 2721 2722
f 2595 2723 2718
f 2630 2724 2723
f 2629 2718 2724
f 2723 2724 2718
f 2599 2725 2727
f 2631 2726 2725
f 2630 2727 2726
f 2725 2726 2727
f 2629 2724 2721
f 2630 2726 2724
f 2631 2721 2726
f 2724 2726 2721
f 2596 2722 2729
f 2631 2728 2722
f 2633 2729 2728
f 2722 2728 2729
f 2599 2730 2725
f 2632 2731 2730
f 2631 2725 2731
f 2730 2731 2725
f 2601 2732 2734
f 2633 2733 2732
f 2632 2734 2733
f 2732 2733 2734
f 2631 2731 2728
f 2632 2733 2731
f 2633 2728 2733
f 2731 2733 2728
f 2596 2729 2705
f 2633 2735 2729
f 2625 2705 2735
f 2729 2735 2705
f 2601 2736 2732
f 2634 2737 2736
f 2633 2732 2737
f 2736 2737 2732
f 2602 2710 2739
f 2625 2738 2710
f 2634 2739 2738
f 2710 2738 2739
f 2633 2737 2735
f 2634 2738 2737
f 2625 2735 2738
f 2737 2738 2735
f 2597 2713 2681
f 2626 2740 2713
f 2618 2681 2740
f 2713 2740 2681
f 2602 2676 2708
f 2615 2741 2676
f 2626 2708 2741
f 2676 2741 2708
f 2598 2678 2672
f 2618 2742 2678
f 2615 2672 2742
f 2678 2742 2672
f 2626 2741 2740
f 2615 2742 2741
f 2618 2740 2742
f 2741 2742 2740
f 2595 2720 2688
f 2628 2743 2720
f 2620 2688 2743
f 2720 2743 2688
f 2597 2683 2716
f 2617 2744 2683
f 2628 2716 2744
f 2683 2744 2716
f 2604 2685 2679
f 2620 2745 2685
f 2617 2679 2745
f 2685 2745 2679
f 2628 2744 2743
f 2617 2745 2744
f 2620 2743 2745
f 2744 2745 2743
f 2599 2727 2695
f 2630 2746 2727
f 2622 2695 2746
f 2727 2746 2695
f 2595 2690 2723
f 2619 2747 2690
f 2630 2723 2747
f 2690 2747 2723
f 2603 2692 2686
f 2622 2748 2692
f 2619 2686 2748
f 2692 2748 2686
f 2630 2747 2746
f 2619 2748 2747
f 2622 2746 2748
f 2747 2748 2746
f 2601 2734 2702
f 2632 2749 2734
f 2624 2702 2749
f 2734 2749 2702
f 2599 2697 2730
f 2621 2750 2697
f 2632 2730 2750
f 2697 2750 2730
f 2600 2699 2693
f 2624 2751 2699
f 2621 2693 2751
f 2699 2751 2693
f 2632 2750 2749
f 2621 2751 2750
f 2624 2749 2751
f 2750 2751 2749
f 2602 2739 2674
f 2634 2752 2739
f 2616 2674 2752
f 2739 2752 2674
f 2601 2704 2736
f 2623 2753 2704
f 2634 2736 2753
f 2704 2753 2736
f 2594 2671 2700
f 2616 2754 2671
f 2623 2700 2754
f 2671 2754 2700
f 2634 2753 2752
f 2623 2754 2753
f 2616 2752 2754
f 2753 2754 2752
f 2755 2797 2799
f 2767 2798 2797
f 2769 2799 2798
f 2797 2798 2799
f 2766 2800 2802
f 2768 2801 2800
f 2767 2802 2801
f 2800 2801 2802
f 2760 2803 2805
f 2769 2804 2803
f 2768 2805 2804
f 2803 2804 2805
f 2767 2801 2798
f 2768 2804 2801
f 2769 2798 2804
f 2801 2804 2798
f 2755 2799 2807
f 2769 2806 2799
f 2771 2807 2806
f 2799 2806 2807
f 2760 2808 2803
f 2770 2809 2808
f 2769 2803 2809
f 2808 2809 2803
f 2756 2810 2812
f 2771 2811 2810
f 2770 2812 2811
f 2810 2811 2812
f 2769 2809 2806
f 2770 2811 2809
f 2771 2806 2811
f 2809 2811 2806
f 2755 2807 2814
f 2771 2813 2807
f 2773 2814 2813
f 2807 2813 2814
f 2756 2815 2810
f 2772 2816 2815
f 2771 2810 2816
f 2815 2816 2810
f 2762 2817 2819
f 2773 2818 2817
f 2772 2819 2818
f 2817 2818 2819
f 2771 2816 2813
f 2772 2818 2816
f 2773 2813 2818
f 2816 2818 2813
f 2755 2814 2821
f 2773 2820 2814
f 2775 2821 2820
f 2814 2820 2821
f 2762 2822 2817
f 2774 2823 2822
f 2773 2817 2823
f 2822 2823 2817
f 2765 2824 2826
f 2775 2825 2824
f 2774 2826 2825
f 2824 2825 2826
f 2773 2823 2820
f 2774 2825 2823
f 2775 2820 2825
f 2823 2825 2820
f 2755 2821 2797
f 2775 2827 2821
f 2767 2797 2827
f 2821 2827 2797
f 2765 2828 2824
f 2776 2829 2828
f 2775 2824 2829
f 2828 2829 2824
f 2766 2802 2831
f 2767 2830 2802
f 2776 2831 2830
f 2802 2830 2831
f 2775 2829 2827
f 2776 2830 2829
f 2767 2827 2830
f 2829 2830 2827
f 2756 2812 2833
f 2770 2832 2812
f 2778 2833 2832
f 2812 2832 2833
f 2760 2834 2808
f 2777 2835 2834
f 2770 2808 2835
f 2834 2835 2808
f 2764 2836 2838
f 2778 2837 2836
f 2777 2838 2837
f 2836 2837 2838
f 2770 2835 2832
f 2777 2837 2835
f 2778 2832 2837
f 2835 2837 2832
f 2760 2805 2840
f 2768 2839 2805
f 2780 2840 2839
f 2805 2839 2840
f 2766 2841 2800
f 2779 2842 2841
f 2768 2800 2842
f 2841 2842 2800
f 2759 2843 2845
f 2780 2844 2843
f 2779 2845 2844
f 2843 2844 2845
f 2768 2842 2839
f 2779 2844 2842
f 2780 2839 2844
f 2842 2844 2839
f 2766 2831 2847
f 2776 2846 2831
f 2782 2847 2846
f 2831 2846 2847
f 2765 2848 2828
f 2781 2849 2848
f 2776 2828 2849
f 2848 2849 2828
f 2757 2850 2852
f 2782 2851 2850
f 2781 2852 2851
f 2850 2851 2852
f 2776 2849 2846
f 2781 2851 2849
f 2782 2846 2851
f 2849 2851 2846
f 2765 2826 2854
f 2774 2853 2826
f 2784 2854 2853
f 2826 2853 2854
f 2762 2855 2822
f 2783 2856 2855
f 2774 2822 2856
f 2855 2856 2822
f 2761 2857 2859
f 2784 2858 2857
f 2783 2859 2858
f 2857 2858 2859
f 2774 2856 2853
f 2783 2858 2856
f 2784 2853 2858
f 2856 2858 2853
f 2762 2819 2861
f 2772 2860 2819
f 2786 2861 2860
f 2819 2860 2861
f 2756 2862 2815
f 2785 2863 2862
f 2772 2815 2863
f 2862 2863 2815
f 2763 2864 2866
f 2786 2865 2864
f 2785 2866 2865
f 2864 2865 2866
f 2772 2863 2860
f 2785 2865 2863
f 2786 2860 2865
f 2863 2865 2860
f 2758 2867 2869
f 2787 2868 2867
f 2789 2869 2868
f 2867 2868 2869
f 2764 2870 2872
f 2788 2871 2870
f 2787 2872 2871
f 2870 2871 2872
f 2759 2873 2875
f 2789 2874 2873
f 2788 2875 2874
f 2873 2874 2875
f 2787 2871 2868
f 2788 2874 2871
f 2789 2868 2874
f 2871 2874 2868
f 2758 2869 2877
f 2789 2876 2869
f 2791 2877 2876
f 2869 2876 2877
f 2759 2878 2873
f 2790 2879 2878
f 2789 2873 2879
f 2878 2879 2873
f 2757 2880 2882
f 2791 2881 2880
f 2790 2882 2881
f 2880 2881 2882
f 2789 2879 2876
f 2790 2881 2879
f 2791 2876 2881
f 2879 2881 2876
f 2758 2877 2884
f 2791 2883 2877
f 2793 2884 2883
f 2877 2883 2884
f 2757 2885 2880
f 2792 2886 2885
f 2791 2880 2886
f 2885 2886 2880
f 2761 2887 2889
f 2793 2888 2887
f 2792 2889 2888
f 2887 2888 2889
f 2791 2886 2883
f 2792 2888 2886
f 2793 2883 2888
f 2886 2888 2883
f 2758 2884 2891
f 2793 2890 2884
f 2795 2891 2890
f 2884 2890 2891
f 2761 2892 2887
f 2794 2893 2892
f 2793 2887 2893
f 2892 2893 2887
f 2763 2894 2896
f 2795 2895 2894
f 2794 2896 2895
f 2894 2895 2896
f 2793 2893 2890
f 2794 2895 2893
f 2795 2890 2895
f 2893 2895 2890
f 2758 2891 2867
f 2795 2897 2891
f 2787 2867 2897
f 2891 2897 2867
f 2763 2898 2894
f 2796 2899 2898
f 2795 2894 2899
f 2898 2899 2894
f 2764 2872 2901
f 2787 2900 2872
f 2796 2901 2900
f 2872 2900 2901
f 2795 2899 2897
f 2796 2900 2899
f 2787 2897 2900
f 2899 2900 2897
f 2759 2875 2843
f 2788 2902 2875
f 2780 2843 2902
f 2875 2902 2843
f 2764 2838 2870
f 2777 2903 2838
f 2788 2870 2903
f 2838 2903 2870
f 2760 2840 2834
f 2780 2904 2840
f 2777 2834 2904
f 2840 2904 2834
f 2788 2903 2902
f 2777 2904 2903
f 2780 2902 2904
f 2903 2904 2902
f 2757 2882 2850
f 2790 2905 2882
f 2782 2850 2905
f 2882 2905 2850
f 2759 2845 2878
f 2779 2906 2845
f 2790 2878 2906
f 2845 2906 2878
f 2766 2847 2841
f 2782 2907 2847
f 2779 2841 2907
f 2847 2907 2841
f 2790 2906 2905
f 2779 2907 2906
f 2782 2905 2907
f 2906 2907 2905
f 2761 2889 2857
f 2792 2908 2889
f 2784 2857 2908
f 2889 2908 2857
f 2757 2852 2885
f 2781 2909 2852
f 2792 2885 2909
f 2852 2909 2885
f 2765 2854 2848
f 2784 2910 2854
f 2781 2848 2910
f 2854 2910 2848
f 2792 2909 2908
f 2781 2910 2909
f 2784 2908 2910
f 2909 2910 2908
f 2763 2896 2864
f 2794 2911 2896
f 2786 2864 2911
f 2896 2911 2864
f 2761 2859 2892
f 2783 2912 2859
f 2794 2892 2912
f 2859 2912 2892
f 2762 2861 2855
f 2786 2913 2861
f 2783 2855 2913
f 2861 2913 2855
f 2794 2912 2911
f 2783 2913 2912
f 2786 2911 2913
f 2912 2913 2911
f 2764 2901 2836
f 2796 2914 2901
f 2778 2836 2914
f 2901 2914 2836
f 2763 2866 2898
f 2785 2915 2866
f 2796 2898 2915
f 2866 2915 2898
f 2756 2833 2862
f 2778 2916 2833
f 2785 2862 2916
f 2833 2916 2862
f 2796 2915 2914
f 2785 2916 2915
f 2778 2914 2916
f 2915 2916 2914
f 2917 2959 2961
f 2929 2960 2959
f 2931 2961 2960
f 2959 2960 2961
f 2928 2962 2964
f 2930 2963 2962
f 2929 2964 2963
f 2962 2963 2964
f 2922 2965 2967
f 2931 2966 2965
f 2930 2967 2966
f 2965 2966 2967
f 2929 2963 2960
f 2930 2966 2963
f 2931 2960 2966
f 2963 2966 2960
f 2917 2961 2969
f 2931 2968 2961
f 2933 2969 2968
f 2961 2968 2969
f 2922 2970 2965
f 2932 2971 2970
f 2931 2965 2971
f 2970 2971 2965
f 2918 2972 2974
f 2933 2973 2972
f 2932 2974 2973
f 2972 2973 2974
f 2931 2971 2968
f 2932 2973 2971
f 2933 2968 2973
f 2971 2973 2968
f 2917 2969 2976
f 2933 2975 2969
f 2935 2976 2975
f 2969 2975 2976
f 2918 2977 2972
f 2934 2978 2977
f 2933 2972 2978
f 2977 2978 2972
f 2924 2979 2981
f 2935 2980 2979
f 2934 2981 2980
f 2979 2980 2981
f 2933 2978 2975
f 2934 2980 2978
f 2935 2975 2980
f 2978 2980 2975
f 2917 2976 2983
f 2935 2982 2976
f 2937 2983 2982
f 2976 2982 2983
f 2924 2984 2979
f 2936 2985 2984
f 2935 2979 2985
f 2984 2985 2979
f 2927 2986 2988
f 2937 2987 2986
f 2936 2988 2987
f 2986 2987 2988
f 2935 2985 2982
f 2936 2987 2985
f 2937 2982 2987
f 2985 2987 2982
f 2917 2983 2959
f 2937 2989 2983
f 2929 2959 2989
f 2983 2989 2959
f 2927 2990 2986
f 2938 2991 2990
f 2937 2986 2991
f 2990 2991 2986
f 2928 2964 2993
f 2929 2992 2964
f 2938 2993 2992
f 2964 2992 2993
f 2937 2991 2989
f 2938 2992 2991
f 2929 2989 2992
f 2991 2992 2989
f 2918 2974 2995
f 2932 2994 2974
f 2940 2995 2994
f 2974 2994 2995
f 2922 2996 2970
f 2939 2997 2996
f 2932 2970 2997
f 2996 2997 2970
f 2926 2998 3000
f 2940 2999 2998
f 2939 3000 2999
f 2998 2999 3000
f 2932 2997 2994
f 2939 2999 2997
f 2940 2994 2999
f 2997 2999 2994
f 2922 2967 3002
f 2930 3001 2967
f 2942 3002 3001
f 2967 3001 3002
f 2928 3003 2962
f 2941 3004 3003
f 2930 2962 3004
f 3003 3004 2962
f 2921 3005 3007
f 2942 3006 3005
f 2941 3007 3006
f 3005 3006 3007
f 2930 3004 3001
f 2941 3006 3004
f 2942 3001 3006
f 3004 3006 3001
f 2928 2993 3009
f 2938 3008 2993
f 2944 3009 3008
f 2993 3008 3009
f 2927 3010 2990
f 2943 3011 3010
f 2938 2990 3011
f 3010 3011 2990
f 2919 3012 3014
f 2944 3013 3012
f 2943 3014 3013
f 3012 3013 3014
f 2938 3011 3008
f 2943 3013 3011
f 2944 3008 3013
f 3011 3013 3008
f 2927 2988 3016
f 2936 3015 2988
f 2946 3016 3015
f 2988 3015 3016
f 2924 3017 2984
f 2945 3018 3017
f 2936 2984 3018
f 3017 3018 2984
f 2923 3019 3021
f 2946 3020 3019
f 2945 3021 3020
f 3019 3020 3021
f 2936 3018 3015
f 2945 3020 3018
f 2946 3015 3020
f 3018 3020 3015
f 2924 2981 3023
f 2934 3022 2981
f 2948 3023 3022
f 2981 3022 3023
f 2918 3024 2977
f 2947 3025 3024
f 2934 2977 3025
f 3024 3025 2977
f 2925 3026 3028
f 2948 3027 3026
f 2947 3028 3027
f 3026 3027 3028
f 2934 3025 3022
f 2947 3027 3025
f 2948 3022 3027
f 3025 3027 3022
f 2920 3029 3031
f 2949 3030 3029
f 2951 3031 3030
f 3029 3030 3031
f 2926 3032 3034
f 2950 3033 3032
f 2949 3034 3033
f 3032 3033 3034
f 2921 3035 3037
f 2951 3036 3035
f 2950 3037 3036
f 3035 3036 3037
f 2949 3033 3030
f 2950 3036 3033
f 2951 3030 3036
f 3033 3036 3030
f 2920 3031 3039
f 2951 3038 3031
f 2953 3039 3038
f 3031 3038 3039
f 2921 3040 3035
f 2952 3041 3040
f 2951 3035 3041
f 3040 3041 3035
f 2919 3042 3044
f 2953 3043 3042
f 2952 3044 3043
f 3042 3043 3044
f 2951 3041 3038
f 2952 3043 3041
f 2953 3038 3043
f 3041 3043 3038
f 2920 3039 3046
f 2953 3045 3039
f 2955 3046 3045
f 3039 3045 3046
f 2919 3047 3042
f 2954 3048 3047
f 2953 3042 3048
f 3047 3048 3042
f 2923 3049 3051
f 2955 3050 3049
f 2954 3051 3050
f 3049 3050 3051
f 2953 3048 3045
f 2954 3050 3048
f 2955 3045 3050
f 3048 3050 3045
f 2920 3046 3053
f 2955 3052 3046
f 2957 3053 3052
f 3046 3052 3053
f 2923 3054 3049
f 2956 3055 3054
f 2955 3049 3055
f 3054 3055 3049
f 2925 3056 3058
f 2957 3057 3056
f 2956 3058 3057
f 3056 3057 3058
f 2955 3055 3052
f 2956 3057 3055
f 2957 3052 3057
f 3055 3057 3052
f 2920 3053 3029
f 2957 3059 3053
f 2949 3029 3059
f 3053 3059 3029
f 2925 3060 3056
f 2958 3061 3060
f 2957 3056 3061
f 3060 3061 3056
f 2926 3034 3063
f 2949 3062 3034
f 2958 3063 3062
f 3034 3062 3063
f 2957 3061 3059
f 2958 3062 3061
f 2949 3059 3062
f 3061 3062 3059
f 2921 3037 3005
f 2950 3064 3037
f 2942 3005 3064
f 3037 3064 3005
f 2926 3000 3032
f 2939 3065 3000
f 2950 3032 3065
f 3000 3065 3032
f 2922 3002 2996
f 2942 3066 3002
f 2939 2996 3066
f 3002 3066 2996
f 2950 3065 3064
f 2939 3066 3065
f 2942 3064 3066
f 3065 3066 3064
f 2919 3044 3012
f 2952 3067 3044
f 2944 3012 3067
f 3044 3067 3012
f 2921 3007 3040
f 2941 3068 3007
f 2952 3040 3068
f 3007 3068 3040
f 2928 3009 3003
f 2944 3069 3009
f 2941 3003 3069
f 3009 3069 3003
f 2952 3068 3067
f 2941 3069 3068
f 2944 3067 3069
f 3068 3069 3067
f 2923 3051 3019
f 2954 3070 3051
f 2946 3019 3070
f 3051 3070 3019
f 2919 3014 3047
f 2943 3071 3014
f 2954 3047 3071
f 3014 3071 3047
f 2927 3016 3010
f 2946 3072 3016
f 2943 3010 3072
f 3016 3072 3010
f 2954 3071 3070
f 2943 3072 3071
f 2946 3070 3072
f 3071 3072 3070
f 2925 3058 3026
f 2956 3073 3058
f 2948 3026 3073
f 3058 3073 3026
f 2923 3021 3054
f 2945 3074 3021
f 2956 3054 3074
f 3021 3074 3054
f 2924 3023 3017
f 2948 3075 3023
f 2945 3017 3075
f 3023 3075 3017
f 2956 3074 3073
f 2945 3075 3074
f 2948 3073 3075
f 3074 3075 3073
f 2926 3063 2998
f 2958 3076 3063
f 2940 2998 3076
f 3063 3076 2998
f 2925 3028 3060
f 2947 3077 3028
f 2958 3060 3077
f 3028 3077 3060
f 2918 2995 3024
f 2940 3078 2995
f 2947 3024 3078
f 2995 3078 3024
f 2958 3077 3076
f 2947 3078 3077
f 2940 3076 3078
f 3077 3078 3076
f 3079 3121 3123
f 3091 3122 3121
f 3093 3123 3122
f 3121 3122 3123
f 3090 3124 3126
f 3092 3125 3124
f 3091 3126 3125
f 3124 3125 3126
f 3084 3127 3129
f 3093 3128 3127
f 3092 3129 3128
f 3127 3128 3129
f 3091 3125 3122
f 3092 3128 3125
f 3093 3122 3128
f 3125 3128 3122
f 3079 3123 3131
f 3093 3130 3123
f 3095 3131 3130
f 3123 3130 3131
f 3084 3132 3127
f 3094 3133 3132
f 3093 3127 3133
f 3132 3133 3127
f 3080 3134 3136
f 3095 3135 3134
f 3094 3136 3135
f 3134 3135 3136
f 3093 3133 3130
f 3094 3135 3133
f 3095 3130 3135
f 3133 3135 3130
f 3079 3131 3138
f 3095 3137 3131
f 3097 3138 3137
f 3131 3137 3138
f 3080 3139 3134
f 3096 3140 3139
f 3095 3134 3140
f 3139 3140 3134
f 3086 3141 3143
f 3097 3142 3141
f 3096 3143 3142
f 3141 3142 3143
f 3095 3140 3137
f 3096 3142 3140
f 3097 3137 3142
f 3140 3142 3137
f 3079 3138 3145
f 3097 3144 3138
f 3099 3145 3144
f 3138 3144 3145
f 3086 3146 3141
f 3098 3147 3146
f 3097 3141 3147
f 3146 3147 3141
f 3089 3148 3150
f 3099 3149 3148
f 3098 3150 3149
f 3148 3149 3150
f 3097 3147 3144
f 3098 3149 3147
f 3099 3144 3149
f 3147 3149 3144
f 3079 3145 3121
f 3099 3151 3145
f 3091 3121 3151
f 3145 3151 3121
f 3089 3152 3148
f 3100 3153 3152
f 3099 3148 3153
f 3152 3153 3148
f 3090 3126 3155
f 3091 3154 3126
f 3100 3155 3154
f 3126 3154 3155
f 3099 3153 3151
f 3100 3154 3153
f 3091 3151 3154
f 3153 3154 3151
f 3080 3136 3157
f 3094 3156 3136
f 3102 3157 3156
f 3136 3156 3157
f 3084 3158 3132
f 3101 3159 3158
f 3094 3132 3159
f 3158 3159 3132
f 3088 3160 3162
f 3102 3161 3160
f 3101 3162 3161
f 3160 3161 3162
f 3094 3159 3156
f 3101 3161 3159
f 3102 3156 3161
f 3159 3161 3156
f 3084 3129 3164
f 3092 3163 3129
f 3104 3164 3163
f 3129 3163 3164
f 3090 3165 3124
f 3103 3166 3165
f 3092 3124 3166
f 3165 3166 3124
f 3083 3167 3169
f 3104 3168 3167
f 3103 3169 3168
f 3167 3168 3169
f 3092 3166 3163
f 3103 3168 3166
f 3104 3163 3168
f 3166 3168 3163
f 3090 3155 3171
f 3100 3170 3155
f 3106 3171 3170
f 3155 3170 3171
f 3089 3172 3152
f 3105 3173 3172
f 3100 3152 3173
f 3172 3173 3152
f 3081 3174 3176
f 3106 3175 3174
f 3105 3176 3175
f 3174 3175 3176
f 3100 3173 3170
f 3105 3175 3173
f 3106 3170 3175
f 3173 3175 3170
f 3089 3150 3178
f 3098 3177 3150
f 3108 3178 3177
f 3150 3177 3178
f 3086 3179 3146
f 3107 3180 3179
f 3098 3146 3180
f 3179 3180 3146
f 3085 3181 3183
f 3108 3182 3181
f 3107 3183 3182
f 3181 3182 3183
f 3098 3180 3177
f 3107 3182 3180
f 3108 3177 3182
f 3180 3182 3177
f 3086 3143 3185
f 3096 3184 3143
f 3110 3185 3184
f 3143 3184 3185
f 3080 3186 3139
f 3109 3187 3186
f 3096 3139 3187
f 3186 3187 3139
f 3087 3188 3190
f 3110 3189 3188
f 3109 3190 3189
f 3188 3189 3190
f 3096 3187 3184
f 3109 3189 3187
f 3110 3184 3189
f 3187 3189 3184
f 3082 3191 3193
f 3111 3192 3191
f 3113 3193 3192
f 3191 3192 3193
f 3088 3194 3196
f 3112 3195 3194
f 3111 3196 3195
f 3194 3195 3196
f 3083 3197 3199
f 3113 3198 3197
f 3112 3199 3198
f 3197 3198 3199
f 3111 3195 3192
f 3112 3198 3195
f 3113 3192 3198
f 3195 3198 3192
f 3082 3193 3201
f 3113 3200 3193
f 3115 3201 3200
f 3193 3200 3201
f 3083 3202 3197
f 3114 3203 3202
f 3113 3197 3203
f 3202 3203 3197
f 3081 3204 3206
f 3115 3205 3204
f 3114 3206 3205
f 3204 3205 3206
f 3113 3203 3200
f 3114 3205 3203
f 3115 3200 3205
f 3203 3205 3200
f 3082 3201 3208
f 3115 3207 3201
f 3117 3208 3207
f 3201 3207 3208
f 3081 3209 3204
f 3116 3210 3209
f 3115 3204 3210
f 3209 3210 3204
f 3085 3211 3213
f 3117 3212 3211
f 3116 3213 3212
f 3211 3212 3213
f 3115 3210 3207
f 3116 3212 3210
f 3117 3207 3212
f 3210 3212 3207
f 3082 3208 3215
f 3117 3214 3208
f 3119 3215 3214
f 3208 3214 3215
f 3085 3216 3211
f 3118 3217 3216
f 3117 3211 3217
f 3216 3217 3211
f 3087 3218 3220
f 3119 3219 3218
f 3118 3220 3219
f 3218 3219 3220
f 3117 3217 3214
f 3118 3219 3217
f 3119 3214 3219
f 3217 3219 3214
f 3082 3215 3191
f 3119 3221 3215
f 3111 3191 3221
f 3215 3221 3191
f 3087 3222 3218
f 3120 3223 3222
f 3119 3218 3223
f 3222 3223 3218
f 3088 3196 3225
f 3111 3224 3196
f 3120 3225 3224
f 3196 3224 3225
f 3119 3223 3221
f 3120 3224 3223
f 3111 3221 3224
f 3223 3224 3221
f 3083 3199 3167
f 3112 3226 3199
f 3104 3167 3226
f 3199 3226 3167
f 3088 3162 3194
f 3101 3227 3162
f 3112 3194 3227
f 3162 3227 3194
f 3084 3164 3158
f 3104 3228 3164
f 3101 3158 3228
f 3164 3228 3158
f 3112 3227 3226
f 3101 3228 3227
f 3104 3226 3228
f 3227 3228 3226
f 3081 3206 3174
f 3114 3229 3206
f 3106 3174 3229
f 3206 3229 3174
f 3083 3169 3202
f 3103 3230 3169
f 3114 3202 3230
f 3169 3230 3202
f 3090 3171 3165
f 3106 3231 3171
f 3103 3165 3231
f 3171 3231 3165
f 3114 3230 3229
f 3103 3231 3230
f 3106 3229 3231
f 3230 3231 3229
f 3085 3213 3181
f 3116 3232 3213
f 3108 3181 3232
f 3213 3232 3181
f 3081 3176 3209
f 3105 3233 3176
f 3116 3209 3233
f 3176 3233 3209
f 3089 3178 3172
f 3108 3234 3178
f 3105 3172 3234
f 3178 3234 3172
f 3116 3233 3232
f 3105 3234 3233
f 3108 3232 3234
f 3233 3234 3232
f 3087 3220 3188
f 3118 3235 3220
f 3110 3188 3235
f 3220 3235 3188
f 3085 3183 3216
f 3107 3236 3183
f 3118 3216 3236
f 3183 3236 3216
f 3086 3185 3179
f 3110 3237 3185
f 3107 3179 3237
f 3185 3237 3179
f 3118 3236 3235
f 3107 3237 3236
f 3110 3235 3237
f 3236 3237 3235
f 3088 3225 3160
f 3120 3238 3225
f 3102 3160 3238
f 3225 3238 3160
f 3087 3190 3222
f 3109 3239 3190
f 3120 3222 3239
f 3190 3239 3222
f 3080 3157 3186
f 3102 3240 3157
f 3109 3186 3240
f 3157 3240 3186
f 3120 3239 3238
f 3109 3240 3239
f 3102 3238 3240
f 3239 3240 3238
f 3241 3283 3285
f 3253 3284 3283
f 3255 3285 3284
f 3283 3284 3285
f 3252 3286 3288
f 3254 3287 3286
f 3253 3288 3287
f 3286 3287 3288
f 3246 3289 3291
f 3255 3290 3289
f 3254 3291 3290
f 3289 3290 3291
f 3253 3287 3284
f 3254 3290 3287
f 3255 3284 3290
f 3287 3290 3284
f 3241 3285 3293
f 3255 3292 3285
f 3257 3293 3292
f 3285 3292 3293
f 3246 3294 3289
f 3256 3295 3294
f 3255 3289 3295
f 3294 3295 3289
f 3242 3296 3298
f 3257 3297 3296
f 3256 3298 3297
f 3296 3297 3298
f 3255 3295 3292
f 3256 3297 3295
f 3257 3292 3297
f 3295 3297 3292
f 3241 3293 3300
f 3257 3299 3293
f 3259 3300 3299
f 3293 3299 3300
f 3242 3301 3296
f 3258 3302 3301
f 3257 3296 3302
f 3301 3302 3296
f 3248 3303 3305
f 3259 3304 3303
f 3258 3305 3304
f 3303 3304 3305
f 3257 3302 3299
f 3258 3304 3302
f 3259 3299 3304
f 3302 3304 3299
f 3241 3300 3307
f 3259 3306 3300
f 3261 3307 3306
f 3300 3306 3307
f 3248 3308 3303
f 3260 3309 3308
f 3259 3303 3309
f 3308 3309 3303
f 3251 3310 3312
f 3261 3311 3310
f 3260 3312 3311
f 3310 3311 3312
f 3259 3309 3306
f 3260 3311 3309
f 3261 3306 3311
f 3309 3311 3306
f 3241 3307 3283
f 3261 3313 3307
f 3253 3283 3313
f 3307 3313 3283
f 3251 3314 3310
f 3262 3315 3314
f 3261 3310 3315
f 3314 3315 3310
f 3252 3288 3317
f 3253 3316 3288
f 3262 3317 3316
f 3288 3316 3317
f 3261 3315 3313
f 3262 3316 3315
f 3253 3313 3316
f 3315 3316 3313
f 3242 3298 3319
f 3256 3318 3298
f 3264 3319 3318
f 3298 3318 3319
f 3246 3320 3294
f 3263 3321 3320
f 3256 3294 3321
f 3320 3321 3294
f 3250 3322 3324
f 3264 3323 3322
f 3263 3324 3323
f 3322 3323 3324
f 3256 3321 3318
f 3263 3323 3321
f 3264 3318 3323
f 3321 3323 3318
f 3246 3291 3326
f 3254 3325 3291
f 3266 3326 3325
f 3291 3325 3326
f 3252 3327 3286
f 3265 3328 3327
f 3254 3286 3328
f 3327 3328 3286
f 3245 3329 3331
f 3266 3330 3329
f 3265 3331 3330
f 3329 3330 3331
f 3254 3328 3325
f 3265 3330 3328
f 3266 3325 3330
f 3328 3330 3325
f 3252 3317 3333
f 3262 3332 3317
f 3268 3333 3332
f 3317 3332 3333
f 3251 3334 3314
f 3267 3335 3334
f 3262 3314 3335
f 3334 3335 3314
f 3243 3336 3338
f 3268 3337 3336
f 3267 3338 3337
f 3336 3337 3338
f 3262 3335 3332
f 3267 3337 3335
f 3268 3332 3337
f 3335 3337 3332
f 3251 3312 3340
f 3260 3339 3312
f 3270 3340 3339
f 3312 3339 3340
f 3248 3341 3308
f 3269 3342 3341
f 3260 3308 3342
f 3341 3342 3308
f 3247 3343 3345
f 3270 3344 3343
f 3269 3345 3344
f 3343 3344 3345
f 3260 3342 3339
f 3269 3344 3342
f 3270 3339 3344
f 3342 3344 3339
f 3248 3305 3347
f 3258 3346 3305
f 3272 3347 3346
f 3305 3346 3347
f 3242 3348 3301
f 3271 3349 3348
f 3258 3301 3349
f 3348 3349 3301
f 3249 3350 3352
f 3272 3351 3350
f 3271 3352 3351
f 3350 3351 3352
f 3258 3349 3346
f 3271 3351 3349
f 3272 3346 3351
f 3349 3351 3346
f 3244 3353 3355
f 3273 3354 3353
f 3275 3355 3354
f 3353 3354 3355
f 3250 3356 3358
f 3274 3357 3356
f 3273 3358 3357
f 3356 3357 3358
f 3245 3359 3361
f 3275 3360 3359
f 3274 3361 3360
f 3359 3360 3361
f 3273 3357 3354
f 3274 3360 3357
f 3275 3354 3360
f 3357 3360 3354
f 3244 3355 3363
f 3275 3362 3355
f 3277 3363 3362
f 3355 3362 3363
f 3245 3364 3359
f 3276 3365 3364
f 3275 3359 3365
f 3364 3365 3359
f 3243 3366 3368
f 3277 3367 3366
f 3276 3368 3367
f 3366 3367 3368
f 3275 3365 3362
f 3276 3367 3365
f 3277 3362 3367
f 3365 3367 3362
f 3244 3363 3370
f 3277 3369 3363
f 3279 3370 3369
f 3363 3369 3370
f 3243 3371 3366
f 3278 3372 3371
f 3277 3366 3372
f 3371 3372 3366
f 3247 3373 3375
f 3279 3374 3373
f 3278 3375 3374
f 3373 3374 3375
f 3277 3372 3369
f 3278 3374 3372
f 3279 3369 3374
f 3372 3374 3369
f 3244 3370 3377
f 3279 3376 3370
f 3281 3377 3376
f 3370 3376 3377
f 3247 3378 3373
f 3280 3379 3378
f 3279 3373 3379
f 3378 3379 3373
f 3249 3380 3382
f 3281 3381 3380
f 3280 3382 3381
f 3380 3381 3382
f 3279 3379 3376
f 3280 3381 3379
f 3281 3376 3381
f 3379 3381 3376
f 3244 3377 3353
f 3281 3383 3377
f 3273 3353 3383
f 3377 3383 3353
f 3249 3384 3380
f 3282 3385 3384
f 3281 3380 3385
f 3384 3385 3380
f 3250 3358 3387
f 3273 3386 3358
f 3282 3387 3386
f 3358 3386 3387
f 3281 3385 3383
f 3282 3386 3385
f 3273 3383 3386
f 3385 3386 3383
f 3245 3361 3329
f 3274 3388 3361
f 3266 3329 3388
f 3361 3388 3329
f 3250 3324 3356
f 3263 3389 3324
f 3274 3356 3389
f 3324 3389 3356
f 3246 3326 3320
f 3266 3390 3326
f 3263 3320 3390
f 3326 3390 3320
f 3274 3389 3388
f 3263 3390 3389
f 3266 3388 3390
f 3389 3390 3388
f 3243 3368 3336
f 3276 3391 3368
f 3268 3336 3391
f 3368 3391 3336
f 3245 3331 3364
f 3265 3392 3331
f 3276 3364 3392
f 3331 3392 3364
f 3252 3333 3327
f 3268 3393 3333
f 3265 3327 3393
f 3333 3393 3327
f 3276 3392 3391
f 3265 3393 3392
f 3268 3391 3393
f 3392 3393 3391
f 3247 3375 3343
f 3278 3394 3375
f 3270 3343 3394
f 3375 3394 3343
f 3243 3338 3371
f 3267 3395 3338
f 3278 3371 3395
f 3338 3395 3371
f 3251 3340 3334
f 3270 3396 3340
f 3267 3334 3396
f 3340 3396 3334
f 3278 3395 3394
f 3267 3396 3395
f 3270 3394 3396
f 3395 3396 3394
f 3249 3382 3350
f 3280 3397 3382
f 3272 3350 3397
f 3382 3397 3350
f 3247 3345 3378
f 3269 3398 3345
f 3280 3378 3398
f 3345 3398 3378
f 3248 3347 3341
f 3272 3399 3347
f 3269 3341 3399
f 3347 3399 3341
f 3280 3398 3397
f 3269 3399 3398
f 3272 3397 3399
f 3398 3399 3397
f 3250 3387 3322
f 3282 3400 3387
f 3264 3322 3400
f 3387 3400 3322
f 3249 3352 3384
f 3271 3401 3352
f 3282 3384 3401
f 3352 3401 3384
f 3242 3319 3348
f 3264 3402 3319
f 3271 3348 3402
f 3319 3402 3348
f 3282 3401 3400
f 3271 3402 3401
f 3264 3400 3402
f 3401 3402 3400
f 3403 3445 3447
f 3415 3446 3445
f 3417 3447 3446
f 3445 3446 3447
f 3414 3448 3450
f 3416 3449 3448
f 3415 3450 3449
f 3448 3449 3450
f 3408 3451 3453
f 3417 3452 3451
f 3416 3453 3452
f 3451 3452 3453
f 3415 3449 3446
f 3416 3452 3449
f 3417 3446 3452
f 3449 3452 3446
f 3403 3447 3455
f 3417 3454 3447
f 3419 3455 3454
f 3447 3454 3455
f 3408 3456 3451
f 3418 3457 3456
f 3417 3451 3457
f 3456 3457 3451
f 3404 3458 3460
f 3419 3459 3458
f 3418 3460 3459
f 3458 3459 3460
f 3417 3457 3454
f 3418 3459 3457
f 3419 3454 3459
f 3457 3459 3454
f 3403 3455 3462
f 3419 3461 3455
f 3421 3462 3461
f 3455 3461 3462
f 3404 3463 3458
f 3420 3464 3463
f 3419 3458 3464
f 3463 3464 3458
f 3410 3465 3467
f 3421 3466 3465
f 3420 3467 3466
f 3465 3466 3467
f 3419 3464 3461
f 3420 3466 3464
f 3421 3461 3466
f 3464 3466 3461
f 3403 3462 3469
f 3421 3468 3462
f 3423 3469 3468
f 3462 3468 3469
f 3410 3470 3465
f 3422 3471 3470
f 3421 3465 3471
f 3470 3471 3465
f 3413 3472 3474
f 3423 3473 3472
f 3422 3474 3473
f 3472 3473 3474
f 3421 3471 3468
f 3422 3473 3471
f 3423 3468 3473
f 3471 3473 3468
f 3403 3469 3445
f 3423 3475 3469
f 3415 3445 3475
f 3469 3475 3445
f 3413 3476 3472
f 3424 3477 3476
f 3423 3472 3477
f 3476 3477 3472
f 3414 3450 3479
f 3415 3478 3450
f 3424 3479 3478
f 3450 3478 3479
f 3423 3477 3475
f 3424 3478 3477
f 3415 3475 3478
f 3477 3478 3475
f 3404 3460 3481
f 3418 3480 3460
f 3426 3481 3480
f 3460 3480 3481
f 3408 3482 3456
f 3425 3483 3482
f 3418 3456 3483
f 3482 3483 3456
f 3412 3484 3486
f 3426 3485 3484
f 3425 3486 3485
f 3484 3485 3486
f 3418 3483 3480
f 3425 3485 3483
f 3426 3480 3485
f 3483 3485 3480
f 3408 3453 3488
f 3416 3487 3453
f 3428 3488 3487
f 3453 3487 3488
f 3414 3489 3448
f 3427 3490 3489
f 3416 3448 3490
f 3489 3490 3448
f 3407 3491 3493
f 3428 3492 3491
f 3427 3493 3492
f 3491 3492 3493
f 3416 3490 3487
f 3427 3492 3490
f 3428 3487 3492
f 3490 3492 3487
f 3414 3479 3495
f 3424 3494 3479
f 3430 3495 3494
f 3479 3494 3495
f 3413 3496 3476
f 3429 3497 3496
f 3424 3476 3497
f 3496 3497 3476
f 3405 3498 3500
f 3430 3499 3498
f 3429 3500 3499
f 3498 3499 3500
f 3424 3497 3494
f 3429 3499 3497
f 3430 3494 3499
f 3497 3499 3494
f 3413 3474 3502
f 3422 3501 3474
f 3432 3502 3501
f 3474 3501 3502
f 3410 3503 3470
f 3431 3504 3503
f 3422 3470 3504
f 3503 3504 3470
f 3409 3505 3507
f 3432 3506 3505
f 3431 3507 3506
f 3505 3506 3507
f 3422 3504 3501
f 3431 3506 3504
f 3432 3501 3506
f 3504 3506 3501
f 3410 3467 3509
f 3420 3508 3467
f 3434 3509 3508
f 3467 3508 3509
f 3404 3510 3463
f 3433 3511 3510
f 3420 3463 3511
f 3510 3511 3463
f 3411 3512 3514
f 3434 3513 3512
f 3433 3514 3513
f 3512 3513 3514
f 3420 3511 3508
f 3433 3513 3511
f 3434 3508 3513
f 3511 3513 3508
f 3406 3515 3517
f 3435 3516 3515
f 3437 3517 3516
f 3515 3516 3517
f 3412 3518 3520
f 3436 3519 3518
f 3435 3520 3519
f 3518 3519 3520
f 3407 3521 3523
f 3437 3522 3521
f 3436 3523 3522
f 3521 3522 3523
f 3435 3519 3516
f 3436 3522 3519
f 3437 3516 3522
f 3519 3522 3516
f 3406 3517 3525
f 3437 3524 3517
f 3439 3525 3524
f 3517 3524 3525
f 3407 3526 3521
f 3438 3527 3526
f 3437 3521 3527
f 3526 3527 3521
f 3405 3528 3530
f 3439 3529 3528
f 3438 3530 3529
f 3528 3529 3530
f 3437 3527 3524
f 3438 3529 3527
f 3439 3524 3529
f 3527 3529 3524
f 3406 3525 3532
f 3439 3531 3525
f 3441 3532 3531
f 3525 3531 3532
f 3405 3533 3528
f 3440 3534 3533
f 3439 3528 3534
f 3533 3534 3528
f 3409 3535 3537
f 3441 3536 3535
f 3440 3537 3536
f 3535 3536 3537
f 3439 3534 3531
f 3440 3536 3534
f 3441 3531 3536
f 3534 3536 3531
f 3406 3532 3539
f 3441 3538 3532
f 3443 3539 3538
f 3532 3538 3539
f 3409 3540 3535
f 3442 3541 3540
f 3441 3535 3541
f 3540 3541 3535
f 3411 3542 3544
f 3443 3543 3542
f 3442 3544 3543
f 3542 3543 3544
f 3441 3541 3538
f 3442 3543 3541
f 3443 3538 3543
f 3541 3543 3538
f 3406 3539 3515
f 3443 3545 3539
f 3435 3515 3545
f 3539 3545 3515
f 3411 3546 3542
f 3444 3547 3546
f 3443 3542 3547
f 3546 3547 3542
f 3412 3520 3549
f 3435 3548 3520
f 3444 3549 3548
f 3520 3548 3549
f 3443 3547 3545
f 3444 3548 3547
f 3435 3545 3548
f 3547 3548 3545
f 3407 3523 3491
f 3436 3550 3523
f 3428 3491 3550
f 3523 3550 3491
f 3412 3486 3518
f 3425 3551 3486
f 3436 3518 3551
f 3486 3551 3518
f 3408 3488 3482
f 3428 3552 3488
f 3425 3482 3552
f 3488 3552 3482
f 3436 3551 3550
f 3425 3552 3551
f 3428 3550 3552
f 3551 3552 3550
f 3405 3530 3498
f 3438 3553 3530
f 3430 3498 3553
f 3530 3553 3498
f 3407 3493 3526
f 3427 3554 3493
f 3438 3526 3554
f 3493 3554 3526
f 3414 3495 3489
f 3430 3555 3495
f 3427 3489 3555
f 3495 3555 3489
f 3438 3554 3553
f 3427 3555 3554
f 3430 3553 3555
f 3554 3555 3553
f 3409 3537 3505
f 3440 3556 3537
f 3432 3505 3556
f 3537 3556 3505
f 3405 3500 3533
f 3429 3557 3500
f 3440 3533 3557
f 3500 3557 3533
f 3413 3502 3496
f 3432 3558 3502
f 3429 3496 3558
f 3502 3558 3496
f 3440 3557 3556
f 3429 3558 3557
f 3432 3556 3558
f 3557 3558 3556
f 3411 3544 3512
f 3442 3559 3544
f 3434 3512 3559
f 3544 3559 3512
f 3409 3507 3540
f 3431 3560 3507
f 3442 3540 3560
f 3507 3560 3540
f 3410 3509 3503
f 3434 3561 3509
f 3431 3503 3561
f 3509 3561 3503
f 3442 3560 3559
f 3431 3561 3560
f 3434 3559 3561
f 3560 3561 3559
f 3412 3549 3484
f 3444 3562 3549
f 3426 3484 3562
f 3549 3562 3484
f 3411 3514 3546
f 3433 3563 3514
f 3444 3546 3563
f 3514 3563 3546
f 3404 3481 3510
f 3426 3564 3481
f 3433 3510 3564
f 3481 3564 3510
f 3444 3563 3562
f 3433 3564 3563
f 3426 3562 3564
f 3563 3564 3562
f 3565 3607 3609
f 3577 3608 3607
f 3579 3609 3608
f 3607 3608 3609
f 3576 3610 3612
f 3578 3611 3610
f 3577 3612 3611
f 3610 3611 3612
f 3570 3613 3615
f 3579 3614 3613
f 3578 3615 3614
f 3613 3614 3615
f 3577 3611 3608
f 3578 3614 3611
f 3579 3608 3614
f 3611 3614 3608
f 3565 3609 3617
f 3579 3616 3609
f 3581 3617 3616
f 3609 3616 3617
f 3570 3618 3613
f 3580 3619 3618
f 3579 3613 3619
f 3618 3619 3613
f 3566 3620 3622
f 3581 3621 3620
f 3580 3622 3621
f 3620 3621 3622
f 3579 3619 3616
f 3580 3621 3619
f 3581 3616 3621
f 3619 3621 3616
f 3565 3617 3624
f 3581 3623 3617
f 3583 3624 3623
f 3617 3623 3624
f 3566 3625 3620
f 3582 3626 3625
f 3581 3620 3626
f 3625 3626 3620
f 3572 3627 3629
f 3583 3628 3627
f 3582 3629 3628
f 3627 3628 3629
f 3581 3626 3623
f 3582 3628 3626
f 3583 3623 3628
f 3626 3628 3623
f 3565 3624 3631
f 3583 3630 3624
f 3585 3631 3630
f 3624 3630 3631
f 3572 3632 3627
f 3584 3633 3632
f 3583 3627 3633
f 3632 3633 3627
f 3575 3634 3636
f 3585 3635 3634
f 3584 3636 3635
f 3634 3635 3636
f 3583 3633 3630
f 3584 3635 3633
f 3585 3630 3635
f 3633 3635 3630
f 3565 3631 3607
f 3585 3637 3631
f 3577 3607 3637
f 3631 3637 3607
f 3575 3638 3634
f 3586 3639 3638
f 3585 3634 3639
f 3638 3639 3634
f 3576 3612 3641
f 3577 3640 3612
f 3586 3641 3640
f 3612 3640 3641
f 3585 3639 3637
f 3586 3640 3639
f 3577 3637 3640
f 3639 3640 3637
f 3566 3622 3643
f 3580 3642 3622
f 3588 3643 3642
f 3622 3642 3643
f 3570 3644 3618
f 3587 3645 3644
f 3580 3618 3645
f 3644 3645 3618
f 3574 3646 3648
f 3588 3647 3646
f 3587 3648 3647
f 3646 3647 3648
f 3580 3645 3642
f 3587 3647 3645
f 3588 3642 3647
f 3645 3647 3642
f 3570 3615 3650
f 3578 3649 3615
f 3590 3650 3649
f 3615 3649 3650
f 3576 3651 3610
f 3589 3652 3651
f 3578 3610 3652
f 3651 3652 3610
f 3569 3653 3655
f 3590 3654 3653
f 3589 3655 3654
f 3653 3654 3655
f 3578 3652 3649
f 3589 3654 3652
f 3590 3649 3654
f 3652 3654 3649
f 3576 3641 3657
f 3586 3656 3641
f 3592 3657 3656
f 3641 3656 3657
f 3575 3658 3638
f 3591 3659 3658
f 3586 3638 3659
f 3658 3659 3638
f 3567 3660 3662
f 3592 3661 3660
f 3591 3662 3661
f 3660 3661 3662
f 3586 3659 3656
f 3591 3661 3659
f 3592 3656 3661
f 3659 3661 3656
f 3575 3636 3664
f 3584 3663 3636
f 3594 3664 3663
f 3636 3663 3664
f 3572 3665 3632
f 3593 3666 3665
f 3584 3632 3666
f 3665 3666 3632
f 3571 3667 3669
f 3594 3668 3667
f 3593 3669 3668
f 3667 3668 3669
f 3584 3666 3663
f 3593 3668 3666
f 3594 3663 3668
f 3666 3668 3663
f 3572 3629 3671
f 3582 3670 3629
f 3596 3671 3670
f 3629 3670 3671
f 3566 3672 3625
f 3595 3673 3672
f 3582 3625 3673
f 3672 3673 3625
f 3573 3674 3676
f 3596 3675 3674
f 3595 3676 3675
f 3674 3675 3676
f 3582 3673 3670
f 3595 3675 3673
f 3596 3670 3675
f 3673 3675 3670
f 3568 3677 3679
f 3597 3678 3677
f 3599 3679 3678
f 3677 3678 3679
f 3574 3680 3682
f 3598 3681 3680
f 3597 3682 3681
f 3680 3681 3682
f 3569 3683 3685
f 3599 3684 3683
f 3598 3685 3684
f 3683 3684 3685
f 3597 3681 3678
f 3598 3684 3681
f 3599 3678 3684
f 3681 3684 3678
f 3568 3679 3687
f 3599 3686 3679
f 3601 3687 3686
f 3679 3686 3687
f 3569 3688 3683
f 3600 3689 3688
f 3599 3683 3689
f 3688 3689 3683
f 3567 3690 3692
f 3601 3691 3690
f 3600 3692 3691
f 3690 3691 3692
f 3599 3689 3686
f 3600 3691 3689
f 3601 3686 3691
f 3689 3691 3686
f 3568 3687 3694
f 3601 3693 3687
f 3603 3694 3693
f 3687 3693 3694
f 3567 3695 3690
f 3602 3696 3695
f 3601 3690 3696
f 3695 3696 3690
f 3571 3697 3699
f 3603 3698 3697
f 3602 3699 3698
f 3697 3698 3699
f 3601 3696 3693
f 3602 3698 3696
f 3603 3693 3698
f 3696 3698 3693
f 3568 3694 3701
f 3603 3700 3694
f 3605 3701 3700
f 3694 3700 3701
f 3571 3702 3697
f 3604 3703 3702
f 3603 3697 3703
f 3702 3703 3697
f 3573 3704 3706
f 3605 3705 3704
f 3604 3706 3705
f 3704 3705 3706
f 3603 3703 3700
f 3604 3705 3703
f 3605 3700 3705
f 3703 3705 3700
f 3568 3701 3677
f 3605 3707 3701
f 3597 3677 3707
f 3701 3707 3677
f 3573 3708 3704
f 3606 3709 3708
f 3605 3704 3709
f 3708 3709 3704
f 3574 3682 3711
f 3597 3710 3682
f 3606 3711 3710
f 3682 3710 3711
f 3605 3709 3707
f 3606 3710 3709
f 3597 3707 3710
f 3709 3710 3707
f 3569 3685 3653
f 3598 3712 3685
f 3590 3653 3712
f 3685 3712 3653
f 3574 3648 3680
f 3587 3713 3648
f 3598 3680 3713
f 3648 3713 3680
f 3570 3650 3644
f 3590 3714 3650
f 3587 3644 3714
f 3650 3714 3644
f 3598 3713 3712
f 3587 3714 3713
f 3590 3712 3714
f 3713 3714 3712
f 3567 3692 3660
f 3600 3715 3692
f 3592 3660 3715
f 3692 3715 3660
f 3569 3655 3688
f 3589 3716 3655
f 3600 3688 3716
f 3655 3716 3688
f 3576 3657 3651
f 3592 3717 3657
f 3589 3651 3717
f 3657 3717 3651
f 3600 3716 3715
f 3589 3717 3716
f 3592 3715 3717
f 3716 3717 3715
f 3571 3699 3667
f 3602 3718 3699
f 3594 3667 3718
f 3699 3718 3667
f 3567 3662 3695
f 3591 3719 3662
f 3602 3695 3719
f 3662 3719 3695
f 3575 3664 3658
f 3594 3720 3664
f 3591 3658 3720
f 3664 3720 3658
f 3602 3719 3718
f 3591 3720 3719
f 3594 3718 3720
f 3719 3720 3718
f 3573 3706 3674
f 3604 3721 3706
f 3596 3674 3721
f 3706 3721 3674
f 3571 3669 3702
f 3593 3722 3669
f 3604 3702 3722
f 3669 3722 3702
f 3572 3671 3665
f 3596 3723 3671
f 3593 3665 3723
f 3671 3723 3665
f 3604 3722 3721
f 3593 3723 3722
f 3596 3721 3723
f 3722 3723 3721
f 3574 3711 3646
f 3606 3724 3711
f 3588 3646 3724
f 3711 3724 3646
f 3573 3676 3708
f 3595 3725 3676
f 3606 3708 3725
f 3676 3725 3708
f 3566 3643 3672
f 3588 3726 3643
f 3595 3672 3726
f 3643 3726 3672
f 3606 3725 3724
f 3595 3726 3725
f 3588 3724 3726
f 3725 3726 3724
f 3727 3769 3771
f 3739 3770 3769
f 3741 3771 3770
f 3769 3770 3771
f 3738 3772 3774
f 3740 3773 3772
f 3739 3774 3773
f 3772 3773 3774
f 3732 3775 3777
f 3741 3776 3775
f 3740 3777 3776
f 3775 3776 3777
f 3739 3773 3770
f 3740 3776 3773
f 3741 3770 3776
f 3773 3776 3770
f 3727 3771 3779
f 3741 3778 3771
f 3743 3779 3778
f 3771 3778 3779
f 3732 3780 3775
f 3742 3781 3780
f 3741 3775 3781
f 3780 3781 3775
f 3728 3782 3784
f 3743 3783 3782
f 3742 3784 3783
f 3782 3783 3784
f 3741 3781 3778
f 3742 3783 3781
f 3743 3778 3783
f 3781 3783 3778
f 3727 3779 3786
f 3743 3785 3779
f 3745 3786 3785
f 3779 3785 3786
f 3728 3787 3782
f 3744 3788 3787
f 3743 3782 3788
f 3787 3788 3782
f 3734 3789 3791
f 3745 3790 3789
f 3744 3791 3790
f 3789 3790 3791
f 3743 3788 3785
f 3744 3790 3788
f 3745 3785 3790
f 3788 3790 3785
f 3727 3786 3793
f 3745 3792 3786
f 3747 3793 3792
f 3786 3792 3793
f 3734 3794 3789
f 3746 3795 3794
f 3745 3789 3795
f 3794 3795 3789
f 3737 3796 3798
f 3747 3797 3796
f 3746 3798 3797
f 3796 3797 3798
f 3745 3795 3792
f 3746 3797 3795
f 3747 3792 3797
f 3795 3797 3792
f 3727 3793 3769
f 3747 3799 3793
f 3739 3769 3799
f 3793 3799 3769
f 3737 3800 3796
f 3748 3801 3800
f 3747 3796 3801
f 3800 3801 3796
f 3738 3774 3803
f 3739 3802 3774
f 3748 3803 3802
f 3774 3802 3803
f 3747 3801 3799
f 3748 3802 3801
f 3739 3799 3802
f 3801 3802 3799
f 3728 3784 3805
f 3742 3804 3784
f 3750 3805 3804
f 3784 3804 3805
f 3732 3806 3780
f 3749 3807 3806
f 3742 3780 3807
f 3806 3807 3780
f 3736 3808 3810
f 3750 3809 3808
f 3749 3810 3809
f 3808 3809 3810
f 3742 3807 3804
f 3749 3809 3807
f 3750 3804 3809
f 3807 3809 3804
f 3732 3777 3812
f 3740 3811 3777
f 3752 3812 3811
f 3777 3811 3812
f 3738 3813 3772
f 3751 3814 3813
f 3740 3772 3814
f 3813 3814 3772
f 3731 3815 3817
f 3752 3816 3815
f 3751 3817 3816
f 3815 3816 3817
f 3740 3814 3811
f 3751 3816 3814
f 3752 3811 3816
f 3814 3816 3811
f 3738 3803 3819
f 3748 3818 3803
f 3754 3819 3818
f 3803 3818 3819
f 3737 3820 3800
f 3753 3821 3820
f 3748 3800 3821
f 3820 3821 3800
f 3729 3822 3824
f 3754 3823 3822
f 3753 3824 3823
f 3822 3823 3824
f 3748 3821 3818
f 3753 3823 3821
f 3754 3818 3823
f 3821 3823 3818
f 3737 3798 3826
f 3746 3825 3798
f 3756 3826 3825
f 3798 3825 3826
f 3734 3827 3794
f 3755 3828 3827
f 3746 3794 3828
f 3827 3828 3794
f 3733 3829 3831
f 3756 3830 3829
f 3755 3831 3830
f 3829 3830 3831
f 3746 3828 3825
f 3755 3830 3828
f 3756 3825 3830
f 3828 3830 3825
f 3734 3791 3833
f 3744 3832 3791
f 3758 3833 3832
f 3791 3832 3833
f 3728 3834 3787
f 3757 3835 3834
f 3744 3787 3835
f 3834 3835 3787
f 3735 3836 3838
f 3758 3837 3836
f 3757 3838 3837
f 3836 3837 3838
f 3744 3835 3832
f 3757 3837 3835
f 3758 3832 3837
f 3835 3837 3832
f 3730 3839 3841
f 3759 3840 3839
f 3761 3841 3840
f 3839 3840 3841
f 3736 3842 3844
f 3760 3843 3842
f 3759 3844 3843
f 3842 3843 3844
f 3731 3845 3847
f 3761 3846 3845
f 3760 3847 3846
f 3845 3846 3847
f 3759 3843 3840
f 3760 3846 3843
f 3761 3840 3846
f 3843 3846 3840
f 3730 3841 3849
f 3761 3848 3841
f 3763 3849 3848
f 3841 3848 3849
f 3731 3850 3845
f 3762 3851 3850
f 3761 3845 3851
f 3850 3851 3845
f 3729 3852 3854
f 3763 3853 3852
f 3762 3854 3853
f 3852 3853 3854
f 3761 3851 3848
f 3762 3853 3851
f 3763 3848 3853
f 3851 3853 3848
f 3730 3849 3856
f 3763 3855 3849
f 3765 3856 3855
f 3849 3855 3856
f 3729 3857 3852
f 3764 3858 3857
f 3763 3852 3858
f 3857 3858 3852
f 3733 3859 3861
f 3765 3860 3859
f 3764 3861 3860
f 3859 3860 3861
f 3763 3858 3855
f 3764 3860 3858
f 3765 3855 3860
f 3858 3860 3855
f 3730 3856 3863
f 3765 3862 3856
f 3767 3863 3862
f 3856 3862 3863
f 3733 3864 3859
f 3766 3865 3864
f 3765 3859 3865
f 3864 3865 3859
f 3735 3866 3868
f 3767 3867 3866
f 3766 3868 3867
f 3866 3867 3868
f 3765 3865 3862
f 3766 3867 3865
f 3767 3862 3867
f 3865 3867 3862
f 3730 3863 3839
f 3767 3869 3863
f 3759 3839 3869
f 3863 3869 3839
f 3735 3870 3866
f 3768 3871 3870
f 3767 3866 3871
f 3870 3871 3866
f 3736 3844 3873
f 3759 3872 3844
f 3768 3873 3872
f 3844 3872 3873
f 3767 3871 3869
f 3768 3872 3871
f 3759 3869 3872
f 3871 3872 3869
f 3731 3847 3815
f 3760 3874 3847
f 3752 3815 3874
f 3847 3874 3815
f 3736 3810 3842
f 3749 3875 3810
f 3760 3842 3875
f 3810 3875 3842
f 3732 3812 3806
f 3752 3876 3812
f 3749 3806 3876
f 3812 3876 3806
f 3760 3875 3874
f 3749 3876 3875
f 3752 3874 3876
f 3875 3876 3874
f 3729 3854 3822
f 3762 3877 3854
f 3754 3822 3877
f 3854 3877 3822
f 3731 3817 3850
f 3751 3878 3817
f 3762 3850 3878
f 3817 3878 3850
f 3738 3819 3813
f 3754 3879 3819
f 3751 3813 3879
f 3819 3879 3813
f 3762 3878 3877
f 3751 3879 3878
f 3754 3877 3879
f 3878 3879 3877
f 3733 3861 3829
f 3764 3880 3861
f 3756 3829 3880
f 3861 3880 3829
f 3729 3824 3857
f 3753 3881 3824
f 3764 3857 3881
f 3824 3881 3857
f 3737 3826 3820
f 3756 3882 3826
f 3753 3820 3882
f 3826 3882 3820
f 3764 3881 3880
f 3753 3882 3881
f 3756 3880 3882
f 3881 3882 3880
f 3735 3868 3836
f 3766 3883 3868
f 3758 3836 3883
f 3868 3883 3836
f 3733 3831 3864
f 3755 3884 3831
f 3766 3864 3884
f 3831 3884 3864
f 3734 3833 3827
f 3758 3885 3833
f 3755 3827 3885
f 3833 3885 3827
f 3766 3884 3883
f 3755 3885 3884
f 3758 3883 3885
f 3884 3885 3883
f 3736 3873 3808
f 3768 3886 3873
f 3750 3808 3886
f 3873 3886 3808
f 3735 3838 3870
f 3757 3887 3838
f 3768 3870 3887
f 3838 3887 3870
f 3728 3805 3834
f 3750 3888 3805
f 3757 3834 3888
f 3805 3888 3834
f 3768 3887 3886
f 3757 3888 3887
f 3750 3886 3888
f 3887 3888 3886
f 3889 3931 3933
f 3901 3932 3931
f 3903 3933 3932
f 3931 3932 3933
f 3900 3934 3936
f 3902 3935 3934
f 3901 3936 3935
f 3934 3935 3936
f 3894 3937 3939
f 3903 3938 3937
f 3902 3939 3938
f 3937 3938 3939
f 3901 3935 3932
f 3902 3938 3935
f 3903 3932 3938
f 3935 3938 3932
f 3889 3933 3941
f 3903 3940 3933
f 3905 3941 3940
f 3933 3940 3941
f 3894 3942 3937
f 3904 3943 3942
f 3903 3937 3943
f 3942 3943 3937
f 3890 3944 3946
f 3905 3945 3944
f 3904 3946 3945
f 3944 3945 3946
f 3903 3943 3940
f 3904 3945 3943
f 3905 3940 3945
f 3943 3945 3940
f 3889 3941 3948
f 3905 3947 3941
f 3907 3948 3947
f 3941 3947 3948
f 3890 3949 3944
f 3906 3950 3949
f 3905 3944 3950
f 3949 3950 3944
f 3896 3951 3953
f 3907 3952 3951
f 3906 3953 3952
f 3951 3952 3953
f 3905 3950 3947
f 3906 3952 3950
f 3907 3947 3952
f 3950 3952 3947
f 3889 3948 3955
f 3907 3954 3948
f 3909 3955 3954
f 3948 3954 3955
f 3896 3956 3951
f 3908 3957 3956
f 3907 3951 3957
f 3956 3957 3951
f 3899 3958 3960
f 3909 3959 3958
f 3908 3960 3959
f 3958 3959 3960
f 3907 3957 3954
f 3908 3959 3957
f 3909 3954 3959
f 3957 3959 3954
f 3889 3955 3931
f 3909 3961 3955
f 3901 3931 3961
f 3955 3961 3931
f 3899 3962 3958
f 3910 3963 3962
f 3909 3958 3963
f 3962 3963 3958
f 3900 3936 3965
f 3901 3964 3936
f 3910 3965 3964
f 3936 3964 3965
f 3909 3963 3961
f 3910 3964 3963
f 3901 3961 3964
f 3963 3964 3961
f 3890 3946 3967
f 3904 3966 3946
f 3912 3967 3966
f 3946 3966 3967
f 3894 3968 3942
f 3911 3969 3968
f 3904 3942 3969
f 3968 3969 3942
f 3898 3970 3972
f 3912 3971 3970
f 3911 3972 3971
f 3970 3971 3972
f 3904 3969 3966
f 3911 3971 3969
f 3912 3966 3971
f 3969 3971 3966
f 3894 3939 3974
f 3902 3973 3939
f 3914 3974 3973
f 3939 3973 3974
f 3900 3975 3934
f 3913 3976 3975
f 3902 3934 3976
f 3975 3976 3934
f 3893 3977 3979
f 3914 3978 3977
f 3913 3979 3978
f 3977 3978 3979
f 3902 3976 3973
f 3913 3978 3976
f 3914 3973 3978
f 3976 3978 3973
f 3900 3965 3981
f 3910 3980 3965
f 3916 3981 3980
f 3965 3980 3981
f 3899 3982 3962
f 3915 3983 3982
f 3910 3962 3983
f 3982 3983 3962
f 3891 3984 3986
f 3916 3985 3984
f 3915 3986 3985
f 3984 3985 3986
f 3910 3983 3980
f 3915 3985 3983
f 3916 3980 3985
f 3983 3985 3980
f 3899 3960 3988
f 3908 3987 3960
f 3918 3988 3987
f 3960 3987 3988
f 3896 3989 3956
f 3917 3990 3989
f 3908 3956 3990
f 3989 3990 3956
f 3895 3991 3993
f 3918 3992 3991
f 3917 3993 3992
f 3991 3992 3993
f 3908 3990 3987
f 3917 3992 3990
f 3918 3987 3992
f 3990 3992 3987
f 3896 3953 3995
f 3906 3994 3953
f 3920 3995 3994
f 3953 3994 3995
f 3890 3996 3949
f 3919 3997 3996
f 3906 3949 3997
f 3996 3997 3949
f 3897 3998 4000
f 3920 3999 3998
f 3919 4000 3999
f 3998 3999 4000
f 3906 3997 3994
f 3919 3999 3997
f 3920 3994 3999
f 3997 3999 3994
f 3892 4001 4003
f 3921 4002 4001
f 3923 4003 4002
f 4001 4002 4003
f 3898 4004 4006
f 3922 4005 4004
f 3921 4006 4005
f 4004 4005 4006
f 3893 4007 4009
f 3923 4008 4007
f 3922 4009 4008
f 4007 4008 4009
f 3921 4005 4002
f 3922 4008 4005
f 3923 4002 4008
f 4005 4008 4002
f 3892 4003 4011
f 3923 4010 4003
f 3925 4011 4010
f 4003 4010 4011
f 3893 4012 4007
f 3924 4013 4012
f 3923 4007 4013
f 4012 4013 4007
f 3891 4014 4016
f 3925 4015 4014
f 3924 4016 4015
f 4014 4015 4016
f 3923 4013 4010
f 3924 4015 4013
f 3925 4010 4015
f 4013 4015 4010
f 3892 4011 4018
f 3925 4017 4011
f 3927 4018 4017
f 4011 4017 4018
f 3891 4019 4014
f 3926 4020 4019
f 3925 4014 4020
f 4019 4020 4014
f 3895 4021 4023
f 3927 4022 4021
f 3926 4023 4022
f 4021 4022 4023
f 3925 4020 4017
f 3926 4022 4020
f 3927 4017 4022
f 4020 4022 4017
f 3892 4018 4025
f 3927 4024 4018
f 3929 4025 4024
f 4018 4024 4025
f 3895 4026 4021
f 3928 4027 4026
f 3927 4021 4027
f 4026 4027 4021
f 3897 4028 4030
f 3929 4029 4028
f 3928 4030 4029
f 4028 4029 4030
f 3927 4027 4024
f 3928 4029 4027
f 3929 4024 4029
f 4027 4029 4024
f 3892 4025 4001
f 3929 4031 4025
f 3921 4001 4031
f 4025 4031 4001
f 3897 4032 4028
f 3930 4033 4032
f 3929 4028 4033
f 4032 4033 4028
f 3898 4006 4035
f 3921 4034 4006
f 3930 4035 4034
f 4006 4034 4035
f 3929 4033 4031
f 3930 4034 4033
f 3921 4031 4034
f 4033 4034 4031
f 3893 4009 3977
f 3922 4036 4009
f 3914 3977 4036
f 4009 4036 3977
f 3898 3972 4004
f 3911 4037 3972
f 3922 4004 4037
f 3972 4037 4004
f 3894 3974 3968
f 3914 4038 3974
f 3911 3968 4038
f 3974 4038 3968
f 3922 4037 4036
f 3911 4038 4037
f 3914 4036 4038
f 4037 4038 4036
f 3891 4016 3984
f 3924 4039 4016
f 3916 3984 4039
f 4016 4039 3984
f 3893 3979 4012
f 3913 4040 3979
f 3924 4012 4040
f 3979 4040 4012
f 3900 3981 3975
f 3916 4041 3981
f 3913 3975 4041
f 3981 4041 3975
f 3924 4040 4039
f 3913 4041 4040
f 3916 4039 4041
f 4040 4041 4039
f 3895 4023 3991
f 3926 4042 4023
f 3918 3991 4042
f 4023 4042 3991
f 3891 3986 4019
f 3915 4043 3986
f 3926 4019 4043
f 3986 4043 4019
f 3899 3988 3982
f 3918 4044 3988
f 3915 3982 4044
f 3988 4044 3982
f 3926 4043 4042
f 3915 4044 4043
f 3918 4042 4044
f 4043 4044 4042
f 3897 4030 3998
f 3928 4045 4030
f 3920 3998 4045
f 4030 4045 3998
f 3895 3993 4026
f 3917 4046 3993
f 3928 4026 4046
f 3993 4046 4026
f 3896 3995 3989
f 3920 4047 3995
f 3917 3989 4047
f 3995 4047 3989
f 3928 4046 4045
f 3917 4047 4046
f 3920 4045 4047
f 4046 4047 4045
f 3898 4035 3970
f 3930 4048 4035
f 3912 3970 4048
f 4035 4048 3970
f 3897 4000 4032
f 3919 4049 4000
f 3930 4032 4049
f 4000 4049 4032
f 3890 3967 3996
f 3912 4050 3967
f 3919 3996 4050
f 3967 4050 3996
f 3930 4049 4048
f 3919 4050 4049
f 3912 4048 4050
f 4049 4050 4048
f 4051 4093 4095
f 4063 4094 4093
f 4065 4095 4094
f 4093 4094 4095
f 4062 4096 4098
f 4064 4097 4096
f 4063 4098 4097
f 4096 4097 4098
f 4056 4099 4101
f 4065 4100 4099
f 4064 4101 4100
f 4099 4100 4101
f 4063 4097 4094
f 4064 4100 4097
f 4065 4094 4100
f 4097 4100 4094
f 4051 4095 4103
f 4065 4102 4095
f 4067 4103 4102
f 4095 4102 4103
f 4056 4104 4099
f 4066 4105 4104
f 4065 4099 4105
f 4104 4105 4099
f 4052 4106 4108
f 4067 4107 4106
f 4066 4108 4107
f 4106 4107 4108
f 4065 4105 4102
f 4066 4107 4105
f 4067 4102 4107
f 4105 4107 4102
f 4051 4103 4110
f 4067 4109 4103
f 4069 4110 4109
f 4103 4109 4110
f 4052 4111 4106
f 4068 4112 4111
f 4067 4106 4112
f 4111 4112 4106
f 4058 4113 4115
f 4069 4114 4113
f 4068 4115 4114
f 4113 4114 4115
f 4067 4112 4109
f 4068 4114 4112
f 4069 4109 4114
f 4112 4114 4109
f 4051 4110 4117
f 4069 4116 4110
f 4071 4117 4116
f 4110 4116 4117
f 4058 4118 4113
f 4070 4119 4118
f 4069 4113 4119
f 4118 4119 4113
f 4061 4120 4122
f 4071 4121 4120
f 4070 4122 4121
f 4120 4121 4122
f 4069 4119 4116
f 4070 4121 4119
f 4071 4116 4121
f 4119 4121 4116
f 4051 4117 4093
f 4071 4123 4117
f 4063 4093 4123
f 4117 4123 4093
f 4061 4124 4120
f 4072 4125 4124
f 4071 4120 4125
f 4124 4125 4120
f 4062 4098 4127
f 4063 4126 4098
f 4072 4127 4126
f 4098 4126 4127
f 4071 4125 4123
f 4072 4126 4125
f 4063 4123 4126
f 4125 4126 4123
f 4052 4108 4129
f 4066 4128 4108
f 4074 4129 4128
f 4108 4128 4129
f 4056 4130 4104
f 4073 4131 4130
f 4066 4104 4131
f 4130 4131 4104
f 4060 4132 4134
f 4074 4133 4132
f 4073 4134 4133
f 4132 4133 4134
f 4066 4131 4128
f 4073 4133 4131
f 4074 4128 4133
f 4131 4133 4128
f 4056 4101 4136
f 4064 4135 4101
f 4076 4136 4135
f 4101 4135 4136
f 4062 4137 4096
f 4075 4138 4137
f 4064 4096 4138
f 4137 4138 4096
f 4055 4139 4141
f 4076 4140 4139
f 4075 4141 4140
f 4139 4140 4141
f 4064 4138 4135
f 4075 4140 4138
f 4076 4135 4140
f 4138 4140 4135
f 4062 4127 4143
f 4072 4142 4127
f 4078 4143 4142
f 4127 4142 4143
f 4061 4144 4124
f 4077 4145 4144
f 4072 4124 4145
f 4144 4145 4124
f 4053 4146 4148
f 4078 4147 4146
f 4077 4148 4147
f 4146 4147 4148
f 4072 4145 4142
f 4077 4147 4145
f 4078 4142 4147
f 4145 4147 4142
f 4061 4122 4150
f 4070 4149 4122
f 4080 4150 4149
f 4122 4149 4150
f 4058 4151 4118
f 4079 4152 4151
f 4070 4118 4152
f 4151 4152 4118
f 4057 4153 4155
f 4080 4154 4153
f 4079 4155 4154
f 4153 4154 4155
f 4070 4152 4149
f 4079 4154 4152
f 4080 4149 4154
f 4152 4154 4149
f 4058 4115 4157
f 4068 4156 4115
f 4082 4157 4156
f 4115 4156 4157
f 4052 4158 4111
f 4081 4159 4158
f 4068 4111 4159
f 4158 4159 4111
f 4059 4160 4162
f 4082 4161 4160
f 4081 4162 4161
f 4160 4161 4162
f 4068 4159 4156
f 4081 4161 4159
f 4082 4156 4161
f 4159 4161 4156
f 4054 4163 4165
f 4083 4164 4163
f 4085 4165 4164
f 4163 4164 4165
f 4060 4166 4168
f 4084 4167 4166
f 4083 4168 4167
f 4166 4167 4168
f 4055 4169 4171
f 4085 4170 4169
f 4084 4171 4170
f 4169 4170 4171
f 4083 4167 4164
f 4084 4170 4167
f 4085 4164 4170
f 4167 4170 4164
f 4054 4165 4173
f 4085 4172 4165
f 4087 4173 4172
f 4165 4172 4173
f 4055 4174 4169
f 4086 4175 4174
f 4085 4169 4175
f 4174 4175 4169
f 4053 4176 4178
f 4087 4177 4176
f 4086 4178 4177
f 4176 4177 4178
f 4085 4175 4172
f 4086 4177 4175
f 4087 4172 4177
f 4175 4177 4172
f 4054 4173 4180
f 4087 4179 4173
f 4089 4180 4179
f 4173 4179 4180
f 4053 4181 4176
f 4088 4182 4181
f 4087 4176 4182
f 4181 4182 4176
f 4057 4183 4185
f 4089 4184 4183
f 4088 4185 4184
f 4183 4184 4185
f 4087 4182 4179
f 4088 4184 4182
f 4089 4179 4184
f 4182 4184 4179
f 4054 4180 4187
f 4089 4186 4180
f 4091 4187 4186
f 4180 4186 4187
f 4057 4188 4183
f 4090 4189 4188
f 4089 4183 4189
f 4188 4189 4183
f 4059 4190 4192
f 4091 4191 4190
f 4090 4192 4191
f 4190 4191 4192
f 4089 4189 4186
f 4090 4191 4189
f 4091 4186 4191
f 4189 4191 4186
f 4054 4187 4163
f 4091 4193 4187
f 4083 4163 4193
f 4187 4193 4163
f 4059 4194 4190
f 4092 4195 4194
f 4091 4190 4195
f 4194 4195 4190
f 4060 4168 4197
f 4083 4196 4168
f 4092 4197 4196
f 4168 4196 4197
f 4091 4195 4193
f 4092 4196 4195
f 4083 4193 4196
f 4195 4196 4193
f 4055 4171 4139
f 4084 4198 4171
f 4076 4139 4198
f 4171 4198 4139
f 4060 4134 4166
f 4073 4199 4134
f 4084 4166 4199
f 4134 4199 4166
f 4056 4136 4130
f 4076 4200 4136
f 4073 4130 4200
f 4136 4200 4130
f 4084 4199 4198
f 4073 4200 4199
f 4076 4198 4200
f 4199 4200 4198
f 4053 4178 4146
f 4086 4201 4178
f 4078 4146 4201
f 4178 4201 4146
f 4055 4141 4174
f 4075 4202 4141
f 4086 4174 4202
f 4141 4202 4174
f 4062 4143 4137
f 4078 4203 4143
f 4075 4137 4203
f 4143 4203 4137
f 4086 4202 4201
f 4075 4203 4202
f 4078 4201 4203
f 4202 4203 4201
f 4057 4185 4153
f 4088 4204 4185
f 4080 4153 4204
f 4185 4204 4153
f 4053 4148 4181
f 4077 4205 4148
f 4088 4181 4205
f 4148 4205 4181
f 4061 4150 4144
f 4080 4206 4150
f 4077 4144 4206
f 4150 4206 4144
f 4088 4205 4204
f 4077 4206 4205
f 4080 4204 4206
f 4205 4206 4204
f 4059 4192 4160
f 4090 4207 4192
f 4082 4160 4207
f 4192 4207 4160
f 4057 4155 4188
f 4079 4208 4155
f 4090 4188 4208
f 4155 4208 4188
f 4058 4157 4151
f 4082 4209 4157
f 4079 4151 4209
f 4157 4209 4151
f 4090 4208 4207
f 4079 4209 4208
f 4082 4207 4209
f 4208 4209 4207
f 4060 4197 4132
f 4092 4210 4197
f 4074 4132 4210
f 4197 4210 4132
f 4059 4162 4194
f 4081 4211 4162
f 4092 4194 4211
f 4162 4211 4194
f 4052 4129 4158
f 4074 4212 4129
f 4081 4158 4212
f 4129 4212 4158
f 4092 4211 4210
f 4081 4212 4211
f 4074 4210 4212
f 4211 4212 4210
f 4213 4255 4257
f 4225 4256 4255
f 4227 4257 4256
f 4255 4256 4257
f 4224 4258 4260
f 4226 4259 4258
f 4225 4260 4259
f 4258 4259 4260
f 4218 4261 4263
f 4227 4262 4261
f 4226 4263 4262
f 4261 4262 4263
f 4225 4259 4256
f 4226 4262 4259
f 4227 4256 4262
f 4259 4262 4256
f 4213 4257 4265
f 4227 4264 4257
f 4229 4265 4264
f 4257 4264 4265
f 4218 4266 4261
f 4228 4267 4266
f 4227 4261 4267
f 4266 4267 4261
f 4214 4268 4270
f 4229 4269 4268
f 4228 4270 4269
f 4268 4269 4270
f 4227 4267 4264
f 4228 4269 4267
f 4229 4264 4269
f 4267 4269 4264
f 4213 4265 4272
f 4229 4271 4265
f 4231 4272 4271
f 4265 4271 4272
f 4214 4273 4268
f 4230 4274 4273
f 4229 4268 4274
f 4273 4274 4268
f 4220 4275 4277
f 4231 4276 4275
f 4230 4277 4276
f 4275 4276 4277
f 4229 4274 4271
f 4230 4276 4274
f 4231 4271 4276
f 4274 4276 4271
f 4213 4272 4279
f 4231 4278 4272
f 4233 4279 4278
f 4272 4278 4279
f 4220 4280 4275
f 4232 4281 4280
f 4231 4275 4281
f 4280 4281 4275
f 4223 4282 4284
f 4233 4283 4282
f 4232 4284 4283
f 4282 4283 4284
f 4231 4281 4278
f 4232 4283 4281
f 4233 4278 4283
f 4281 4283 4278
f 4213 4279 4255
f 4233 4285 4279
f 4225 4255 4285
f 4279 4285 4255
f 4223 4286 4282
f 4234 4287 4286
f 4233 4282 4287
f 4286 4287 4282
f 4224 4260 4289
f 4225 4288 4260
f 4234 4289 4288
f 4260 4288 4289
f 4233 4287 4285
f 4234 4288 4287
f 4225 4285 4288
f 4287 4288 4285
f 4214 4270 4291
f 4228 4290 4270
f 4236 4291 4290
f 4270 4290 4291
f 4218 4292 4266
f 4235 4293 4292
f 4228 4266 4293
f 4292 4293 4266
f 4222 4294 4296
f 4236 4295 4294
f 4235 4296 4295
f 4294 4295 4296
f 4228 4293 4290
f 4235 4295 4293
f 4236 4290 4295
f 4293 4295 4290
f 4218 4263 4298
f 4226 4297 4263
f 4238 4298 4297
f 4263 4297 4298
f 4224 4299 4258
f 4237 4300 4299
f 4226 4258 4300
f 4299 4300 4258
f 4217 4301 4303
f 4238 4302 4301
f 4237 4303 4302
f 4301 4302 4303
f 4226 4300 4297
f 4237 4302 4300
f 4238 4297 4302
f 4300 4302 4297
f 4224 4289 4305
f 4234 4304 4289
f 4240 4305 4304
f 4289 4304 4305
f 4223 4306 4286
f 4239 4307 4306
f 4234 4286 4307
f 4306 4307 4286
f 4215 4308 4310
f 4240 4309 4308
f 4239 4310 4309
f 4308 4309 4310
f 4234 4307 4304
f 4239 4309 4307
f 4240 4304 4309
f 4307 4309 4304
f 4223 4284 4312
f 4232 4311 4284
f 4242 4312 4311
f 4284 4311 4312
f 4220 4313 4280
f 4241 4314 4313
f 4232 4280 4314
f 4313 4314 4280
f 4219 4315 4317
f 4242 4316 4315
f 4241 4317 4316
f 4315 4316 4317
f 4232 4314 4311
f 4241 4316 4314
f 4242 4311 4316
f 4314 4316 4311
f 4220 4277 4319
f 4230 4318 4277
f 4244 4319 4318
f 4277 4318 4319
f 4214 4320 4273
f 4243 4321 4320
f 4230 4273 4321
f 4320 4321 4273
f 4221 4322 4324
f 4244 4323 4322
f 4243 4324 4323
f 4322 4323 4324
f 4230 4321 4318
f 4243 4323 4321
f 4244 4318 4323
f 4321 4323 4318
f 4216 4325 4327
f 4245 4326 4325
f 4247 4327 4326
f 4325 4326 4327
f 4222 4328 4330
f 4246 4329 4328
f 4245 4330 4329
f 4328 4329 4330
f 4217 4331 4333
f 4247 4332 4331
f 4246 4333 4332
f 4331 4332 4333
f 4245 4329 4326
f 4246 4332 4329
f 4247 4326 4332
f 4329 4332 4326
f 4216 4327 4335
f 4247 4334 4327
f 4249 4335 4334
f 4327 4334 4335
f 4217 4336 4331
f 4248 4337 4336
f 4247 4331 4337
f 4336 4337 4331
f 4215 4338 4340
f 4249 4339 4338
f 4248 4340 4339
f 4338 4339 4340
f 4247 4337 4334
f 4248 4339 4337
f 4249 4334 4339
f 4337 4339 4334
f 4216 4335 4342
f 4249 4341 4335
f 4251 4342 4341
f 4335 4341 4342
f 4215 4343 4338
f 4250 4344 4343
f 4249 4338 4344
f 4343 4344 4338
f 4219 4345 4347
f 4251 4346 4345
f 4250 4347 4346
f 4345 4346 4347
f 4249 4344 4341
f 4250 4346 4344
f 4251 4341 4346
f 4344 4346 4341
f 4216 4342 4349
f 4251 4348 4342
f 4253 4349 4348
f 4342 4348 4349
f 4219 4350 4345
f 4252 4351 4350
f 4251 4345 4351
f 4350 4351 4345
f 4221 4352 4354
f 4253 4353 4352
f 4252 4354 4353
f 4352 4353 4354
f 4251 4351 4348
f 4252 4353 4351
f 4253 4348 4353
f 4351 4353 4348
f 4216 4349 4325
f 4253 4355 4349
f 4245 4325 4355
f 4349 4355 4325
f 4221 4356 4352
f 4254 4357 4356
f 4253 4352 4357
f 4356 4357 4352
f 4222 4330 4359
f 4245 4358 4330
f 4254 4359 4358
f 4330 4358 4359
f 4253 4357 4355
f 4254 4358 4357
f 4245 4355 4358
f 4357 4358 4355
f 4217 4333 4301
f 4246 4360 4333
f 4238 4301 4360
f 4333 4360 4301
f 4222 4296 4328
f 4235 4361 4296
f 4246 4328 4361
f 4296 4361 4328
f 4218 4298 4292
f 4238 4362 4298
f 4235 4292 4362
f 4298 4362 4292
f 4246 4361 4360
f 4235 4362 4361
f 4238 4360 4362
f 4361 4362 4360
f 4215 4340 4308
f 4248 4363 4340
f 4240 4308 4363
f 4340 4363 4308
f 4217 4303 4336
f 4237 4364 4303
f 4248 4336 4364
f 4303 4364 4336
f 4224 4305 4299
f 4240 4365 4305
f 4237 4299 4365
f 4305 4365 4299
f 4248 4364 4363
f 4237 4365 4364
f 4240 4363 4365
f 4364 4365 4363
f 4219 4347 4315
f 4250 4366 4347
f 4242 4315 4366
f 4347 4366 4315
f 4215 4310 4343
f 4239 4367 4310
f 4250 4343 4367
f 4310 4367 4343
f 4223 4312 4306
f 4242 4368 4312
f 4239 4306 4368
f 4312 4368 4306
f 4250 4367 4366
f 4239 4368 4367
f 4242 4366 4368
f 4367 4368 4366
f 4221 4354 4322
f 4252 4369 4354
f 4244 4322 4369
f 4354 4369 4322
f 4219 4317 4350
f 4241 4370 4317
f 4252 4350 4370
f 4317 4370 4350
f 4220 4319 4313
f 4244 4371 4319
f 4241 4313 4371
f 4319 4371 4313
f 4252 4370 4369
f 4241 4371 4370
f 4244 4369 4371
f 4370 4371 4369
f 4222 4359 4294
f 4254 4372 4359
f 4236 4294 4372
f 4359 4372 4294
f 4221 4324 4356
f 4243 4373 4324
f 4254 4356 4373
f 4324 4373 4356
f 4214 4291 4320
f 4236 4374 4291
f 4243 4320 4374
f 4291 4374 4320
f 4254 4373 4372
f 4243 4374 4373
f 4236 4372 4374
f 4373 4374 4372
f 4375 4417 4419
f 4387 4418 4417
f 4389 4419 4418
f 4417 4418 4419
f 4386 4420 4422
f 4388 4421 4420
f 4387 4422 4421
f 4420 4421 4422
f 4380 4423 4425
f 4389 4424 4423
f 4388 4425 4424
f 4423 4424 4425
f 4387 4421 4418
f 4388 4424 4421
f 4389 4418 4424
f 4421 4424 4418
f 4375 4419 4427
f 4389 4426 4419
f 4391 4427 4426
f 4419 4426 4427
f 4380 4428 4423
f 4390 4429 4428
f 4389 4423 4429
f 4428 4429 4423
f 4376 4430 4432
f 4391 4431 4430
f 4390 4432 4431
f 4430 4431 4432
f 4389 4429 4426
f 4390 4431 4429
f 4391 4426 4431
f 4429 4431 4426
f 4375 4427 4434
f 4391 4433 4427
f 4393 4434 4433
f 4427 4433 4434
f 4376 4435 4430
f 4392 4436 4435
f 4391 4430 4436
f 4435 4436 4430
f 4382 4437 4439
f 4393 4438 4437
f 4392 4439 4438
f 4437 4438 4439
f 4391 4436 4433
f 4392 4438 4436
f 4393 4433 4438
f 4436 4438 4433
f 4375 4434 4441
f 4393 4440 4434
f 4395 4441 4440
f 4434 4440 4441
f 4382 4442 4437
f 4394 4443 4442
f 4393 4437 4443
f 4442 4443 4437
f 4385 4444 4446
f 4395 4445 4444
f 4394 4446 4445
f 4444 4445 4446
f 4393 4443 4440
f 4394 4445 4443
f 4395 4440 4445
f 4443 4445 4440
f 4375 4441 4417
f 4395 4447 4441
f 4387 4417 4447
f 4441 4447 4417
f 4385 4448 4444
f 4396 4449 4448
f 4395 4444 4449
f 4448 4449 4444
f 4386 4422 4451
f 4387 4450 4422
f 4396 4451 4450
f 4422 4450 4451
f 4395 4449 4447
f 4396 4450 4449
f 4387 4447 4450
f 4449 4450 4447
f 4376 4432 4453
f 4390 4452 4432
f 4398 4453 4452
f 4432 4452 4453
f 4380 4454 4428
f 4397 4455 4454
f 4390 4428 4455
f 4454 4455 4428
f 4384 4456 4458
f 4398 4457 4456
f 4397 4458 4457
f 4456 4457 4458
f 4390 4455 4452
f 4397 4457 4455
f 4398 4452 4457
f 4455 4457 4452
f 4380 4425 4460
f 4388 4459 4425
f 4400 4460 4459
f 4425 4459 4460
f 4386 4461 4420
f 4399 4462 4461
f 4388 4420 4462
f 4461 4462 4420
f 4379 4463 4465
f 4400 4464 4463
f 4399 4465 4464
f 4463 4464 4465
f 4388 4462 4459
f 4399 4464 4462
f 4400 4459 4464
f 4462 4464 4459
f 4386 4451 4467
f 4396 4466 4451
f 4402 4467 4466
f 4451 4466 4467
f 4385 4468 4448
f 4401 4469 4468
f 4396 4448 4469
f 4468 4469 4448
f 4377 4470 4472
f 4402 4471 4470
f 4401 4472 4471
f 4470 4471 4472
f 4396 4469 4466
f 4401 4471 4469
f 4402 4466 4471
f 4469 4471 4466
f 4385 4446 4474
f 4394 4473 4446
f 4404 4474 4473
f 4446 4473 4474
f 4382 4475 4442
f 4403 4476 4475
f 4394 4442 4476
f 4475 4476 4442
f 4381 4477 4479
f 4404 4478 4477
f 4403 4479 4478
f 4477 4478 4479
f 4394 4476 4473
f 4403 4478 4476
f 4404 4473 4478
f 4476 4478 4473
f 4382 4439 4481
f 4392 4480 4439
f 4406 4481 4480
f 4439 4480 4481
f 4376 4482 4435
f 4405 4483 4482
f 4392 4435 4483
f 4482 4483 4435
f 4383 4484 4486
f 4406 4485 4484
f 4405 4486 4485
f 4484 4485 4486
f 4392 4483 4480
f 4405 4485 4483
f 4406 4480 4485
f 4483 4485 4480
f 4378 4487 4489
f 4407 4488 4487
f 4409 4489 4488
f 4487 4488 4489
f 4384 4490 4492
f 4408 4491 4490
f 4407 4492 4491
f 4490 4491 4492
f 4379 4493 4495
f 4409 4494 4493
f 4408 4495 4494
f 4493 4494 4495
f 4407 4491 4488
f 4408 4494 4491
f 4409 4488 4494
f 4491 4494 4488
f 4378 4489 4497
f 4409 4496 4489
f 4411 4497 4496
f 4489 4496 4497
f 4379 4498 4493
f 4410 4499 4498
f 4409 4493 4499
f 4498 4499 4493
f 4377 4500 4502
f 4411 4501 4500
f 4410 4502 4501
f 4500 4501 4502
f 4409 4499 4496
f 4410 4501 4499
f 4411 4496 4501
f 4499 4501 4496
f 4378 4497 4504
f 4411 4503 4497
f 4413 4504 4503
f 4497 4503 4504
f 4377 4505 4500
f 4412 4506 4505
f 4411 4500 4506
f 4505 4506 4500
f 4381 4507 4509
f 4413 4508 4507
f 4412 4509 4508
f 4507 4508 4509
f 4411 4506 4503
f 4412 4508 4506
f 4413 4503 4508
f 4506 4508 4503
f 4378 4504 4511
f 4413 4510 4504
f 4415 4511 4510
f 4504 4510 4511
f 4381 4512 4507
f 4414 4513 4512
f 4413 4507 4513
f 4512 4513 4507
f 4383 4514 4516
f 4415 4515 4514
f 4414 4516 4515
f 4514 4515 4516
f 4413 4513 4510
f 4414 4515 4513
f 4415 4510 4515
f 4513 4515 4510
f 4378 4511 4487
f 4415 4517 4511
f 4407 4487 4517
f 4511 4517 4487
f 4383 4518 4514
f 4416 4519 4518
f 4415 4514 4519
f 4518 4519 4514
f 4384 4492 4521
f 4407 4520 4492
f 4416 4521 4520
f 4492 4520 4521
f 4415 4519 4517
f 4416 4520 4519
f 4407 4517 4520
f 4519 4520 4517
f 4379 4495 4463
f 4408 4522 4495
f 4400 4463 4522
f 4495 4522 4463
f 4384 4458 4490
f 4397 4523 4458
f 4408 4490 4523
f 4458 4523 4490
f 4380 4460 4454
f 4400 4524 4460
f 4397 4454 4524
f 4460 4524 4454
f 4408 4523 4522
f 4397 4524 4523
f 4400 4522 4524
f 4523 4524 4522
f 4377 4502 4470
f 4410 4525 4502
f 4402 4470 4525
f 4502 4525 4470
f 4379 4465 4498
f 4399 4526 4465
f 4410 4498 4526
f 4465 4526 4498
f 4386 4467 4461
f 4402 4527 4467
f 4399 4461 4527
f 4467 4527 4461
f 4410 4526 4525
f 4399 4527 4526
f 4402 4525 4527
f 4526 4527 4525
f 4381 4509 4477
f 4412 4528 4509
f 4404 4477 4528
f 4509 4528 4477
f 4377 4472 4505
f 4401 4529 4472
f 4412 4505 4529
f 4472 4529 4505
f 4385 4474 4468
f 4404 4530 4474
f 4401 4468 4530
f 4474 4530 4468
f 4412 4529 4528
f 4401 4530 4529
f 4404 4528 4530
f 4529 4530 4528
f 4383 4516 4484
f 4414 4531 4516
f 4406 4484 4531
f 4516 4531 4484
f 4381 4479 4512
f 4403 4532 4479
f 4414 4512 4532
f 4479 4532 4512
f 4382 4481 4475
f 4406 4533 4481
f 4403 4475 4533
f 4481 4533 4475
f 4414 4532 4531
f 4403 4533 4532
f 4406 4531 4533
f 4532 4533 4531
f 4384 4521 4456
f 4416 4534 4521
f 4398 4456 4534
f 4521 4534 4456
f 4383 4486 4518
f 4405 4535 4486
f 4416 4518 4535
f 4486 4535 4518
f 4376 4453 4482
f 4398 4536 4453
f 4405 4482 4536
f 4453 4536 4482
f 4416 4535 4534
f 4405 4536 4535
f 4398 4534 4536
f 4535 4536 4534
f 4537 4579 4581
f 4549 4580 4579
f 4551 4581 4580
f 4579 4580 4581
f 4548 4582 4584
f 4550 4583 4582
f 4549 4584 4583
f 4582 4583 4584
f 4542 4585 4587
f 4551 4586 4585
f 4550 4587 4586
f 4585 4586 4587
f 4549 4583 4580
f 4550 4586 4583
f 4551 4580 4586
f 4583 4586 4580
f 4537 4581 4589
f 4551 4588 4581
f 4553 4589 4588
f 4581 4588 4589
f 4542 4590 4585
f 4552 4591 4590
f 4551 4585 4591
f 4590 4591 4585
f 4538 4592 4594
f 4553 4593 4592
f 4552 4594 4593
f 4592 4593 4594
f 4551 4591 4588
f 4552 4593 4591
f 4553 4588 4593
f 4591 4593 4588
f 4537 4589 4596
f 4553 4595 4589
f 4555 4596 4595
f 4589 4595 4596
f 4538 4597 4592
f 4554 4598 4597
f 4553 4592 4598
f 4597 4598 4592
f 4544 4599 4601
f 4555 4600 4599
f 4554 4601 4600
f 4599 4600 4601
f 4553 4598 4595
f 4554 4600 4598
f 4555 4595 4600
f 4598 4600 4595
f 4537 4596 4603
f 4555 4602 4596
f 4557 4603 4602
f 4596 4602 4603
f 4544 4604 4599
f 4556 4605 4604
f 4555 4599 4605
f 4604 4605 4599
f 4547 4606 4608
f 4557 4607 4606
f 4556 4608 4607
f 4606 4607 4608
f 4555 4605 4602
f 4556 4607 4605
f 4557 4602 4607
f 4605 4607 4602
f 4537 4603 4579
f 4557 4609 4603
f 4549 4579 4609
f 4603 4609 4579
f 4547 4610 4606
f 4558 4611 4610
f 4557 4606 4611
f 4610 4611 4606
f 4548 4584 4613
f 4549 4612 4584
f 4558 4613 4612
f 4584 4612 4613
f 4557 4611 4609
f 4558 4612 4611
f 4549 4609 4612
f 4611 4612 4609
f 4538 4594 4615
f 4552 4614 4594
f 4560 4615 4614
f 4594 4614 4615
f 4542 4616 4590
f 4559 4617 4616
f 4552 4590 4617
f 4616 4617 4590
f 4546 4618 4620
f 4560 4619 4618
f 4559 4620 4619
f 4618 4619 4620
f 4552 4617 4614
f 4559 4619 4617
f 4560 4614 4619
f 4617 4619 4614
f 4542 4587 4622
f 4550 4621 4587
f 4562 4622 4621
f 4587 4621 4622
f 4548 4623 4582
f 4561 4624 4623
f 4550 4582 4624
f 4623 4624 4582
f 4541 4625 4627
f 4562 4626 4625
f 4561 4627 4626
f 4625 4626 4627
f 4550 4624 4621
f 4561 4626 4624
f 4562 4621 4626
f 4624 4626 4621
f 4548 4613 4629
f 4558 4628 4613
f 4564 4629 4628
f 4613 4628 4629
f 4547 4630 4610
f 4563 4631 4630
f 4558 4610 4631
f 4630 4631 4610
f 4539 4632 4634
f 4564 4633 4632
f 4563 4634 4633
f 4632 4633 4634
f 4558 4631 4628
f 4563 4633 4631
f 4564 4628 4633
f 4631 4633 4628
f 4547 4608 4636
f 4556 4635 4608
f 4566 4636 4635
f 4608 4635 4636
f 4544 4637 4604
f 4565 4638 4637
f 4556 4604 4638
f 4637 4638 4604
f 4543 4639 4641
f 4566 4640 4639
f 4565 4641 4640
f 4639 4640 4641
f 4556 4638 4635
f 4565 4640 4638
f 4566 4635 4640
f 4638 4640 4635
f 4544 4601 4643
f 4554 4642 4601
f 4568 4643 4642
f 4601 4642 4643
f 4538 4644 4597
f 4567 4645 4644
f 4554 4597 4645
f 4644 4645 4597
f 4545 4646 4648
f 4568 4647 4646
f 4567 4648 4647
f 4646 4647 4648
f 4554 4645 4642
f 4567 4647 4645
f 4568 4642 4647
f 4645 4647 4642
f 4540 4649 4651
f 4569 4650 4649
f 4571 4651 4650
f 4649 4650 4651
f 4546 4652 4654
f 4570 4653 4652
f 4569 4654 4653
f 4652 4653 4654
f 4541 4655 4657
f 4571 4656 4655
f 4570 4657 4656
f 4655 4656 4657
f 4569 4653 4650
f 4570 4656 4653
f 4571 4650 4656
f 4653 4656 4650
f 4540 4651 4659
f 4571 4658 4651
f 4573 4659 4658
f 4651 4658 4659
f 4541 4660 4655
f 4572 4661 4660
f 4571 4655 4661
f 4660 4661 4655
f 4539 4662 4664
f 4573 4663 4662
f 4572 4664 4663
f 4662 4663 4664
f 4571 4661 4658
f 4572 4663 4661
f 4573 4658 4663
f 4661 4663 4658
f 4540 4659 4666
f 4573 4665 4659
f 4575 4666 4665
f 4659 4665 4666
f 4539 4667 4662
f 4574 4668 4667
f 4573 4662 4668
f 4667 4668 4662
f 4543 4669 4671
f 4575 4670 4669
f 4574 4671 4670
f 4669 4670 4671
f 4573 4668 4665
f 4574 4670 4668
f 4575 4665 4670
f 4668 4670 4665
f 4540 4666 4673
f 4575 4672 4666
f 4577 4673 4672
f 4666 4672 4673
f 4543 4674 4669
f 4576 4675 4674
f 4575 4669 4675
f 4674 4675 4669
f 4545 4676 4678
f 4577 4677 4676
f 4576 4678 4677
f 4676 4677 4678
f 4575 4675 4672
f 4576 4677 4675
f 4577 4672 4677
f 4675 4677 4672
f 4540 4673 4649
f 4577 4679 4673
f 4569 4649 4679
f 4673 4679 4649
f 4545 4680 4676
f 4578 4681 4680
f 4577 4676 4681
f 4680 4681 4676
f 4546 4654 4683
f 4569 4682 4654
f 4578 4683 4682
f 4654 4682 4683
f 4577 4681 4679
f 4578 4682 4681
f 4569 4679 4682
f 4681 4682 4679
f 4541 4657 4625
f 4570 4684 4657
f 4562 4625 4684
f 4657 4684 4625
f 4546 4620 4652
f 4559 4685 4620
f 4570 4652 4685
f 4620 4685 4652
f 4542 4622 4616
f 4562 4686 4622
f 4559 4616 4686
f 4622 4686 4616
f 4570 4685 4684
f 4559 4686 4685
f 4562 4684 4686
f 4685 4686 4684
f 4539 4664 4632
f 4572 4687 4664
f 4564 4632 4687
f 4664 4687 4632
f 4541 4627 4660
f 4561 4688 4627
f 4572 4660 4688
f 4627 4688 4660
f 4548 4629 4623
f 4564 4689 4629
f 4561 4623 4689
f 4629 4689 4623
f 4572 4688 4687
f 4561 4689 4688
f 4564 4687 4689
f 4688 4689 4687
f 4543 4671 4639
f 4574 4690 4671
f 4566 4639 4690
f 4671 4690 4639
f 4539 4634 4667
f 4563 4691 4634
f 4574 4667 4691
f 4634 4691 4667
f 4547 4636 4630
f 4566 4692 4636
f 4563 4630 4692
f 4636 4692 4630
f 4574 4691 4690
f 4563 4692 4691
f 4566 4690 4692
f 4691 4692 4690
f 4545 4678 4646
f 4576 4693 4678
f 4568 4646 4693
f 4678 4693 4646
f 4543 4641 4674
f 4565 4694 4641
f 4576 4674 4694
f 4641 4694 4674
f 4544 4643 4637
f 4568 4695 4643
f 4565 4637 4695
f 4643 4695 4637
f 4576 4694 4693
f 4565 4695 4694
f 4568 4693 4695
f 4694 4695 4693
f 4546 4683 4618
f 4578 4696 4683
f 4560 4618 4696
f 4683 4696 4618
f 4545 4648 4680
f 4567 4697 4648
f 4578 4680 4697
f 4648 4697 4680
f 4538 4615 4644
f 4560 4698 4615
f 4567 4644 4698
f 4615 4698 4644
f 4578 4697 4696
f 4567 4698 4697
f 4560 4696 4698
f 4697 4698 4696
f 4699 4741 4743
f 4711 4742 4741
f 4713 4743 4742
f 4741 4742 4743
f 4710 4744 4746
f 4712 4745 4744
f 4711 4746 4745
f 4744 4745 4746
f 4704 4747 4749
f 4713 4748 4747
f 4712 4749 4748
f 4747 4748 4749
f 4711 4745 4742
f 4712 4748 4745
f 4713 4742 4748
f 4745 4748 4742
f 4699 4743 4751
f 4713 4750 4743
f 4715 4751 4750
f 4743 4750 4751
f 4704 4752 4747
f 4714 4753 4752
f 4713 4747 4753
f 4752 4753 4747
f 4700 4754 4756
f 4715 4755 4754
f 4714 4756 4755
f 4754 4755 4756
f 4713 4753 4750
f 4714 4755 4753
f 4715 4750 4755
f 4753 4755 4750
f 4699 4751 4758
f 4715 4757 4751
f 4717 4758 4757
f 4751 4757 4758
f 4700 4759 4754
f 4716 4760 4759
f 4715 4754 4760
f 4759 4760 4754
f 4706 4761 4763
f 4717 4762 4761
f 4716 4763 4762
f 4761 4762 4763
f 4715 4760 4757
f 4716 4762 4760
f 4717 4757 4762
f 4760 4762 4757
f 4699 4758 4765
f 4717 4764 4758
f 4719 4765 4764
f 4758 4764 4765
f 4706 4766 4761
f 4718 4767 4766
f 4717 4761 4767
f 4766 4767 4761
f 4709 4768 4770
f 4719 4769 4768
f 4718 4770 4769
f 4768 4769 4770
f 4717 4767 4764
f 4718 4769 4767
f 4719 4764 4769
f 4767 4769 4764
f 4699 4765 4741
f 4719 4771 4765
f 4711 4741 4771
f 4765 4771 4741
f 4709 4772 4768
f 4720 4773 4772
f 4719 4768 4773
f 4772 4773 4768
f 4710 4746 4775
f 4711 4774 4746
f 4720 4775 4774
f 4746 4774 4775
f 4719 4773 4771
f 4720 4774 4773
f 4711 4771 4774
f 4773 4774 4771
f 4700 4756 4777
f 4714 4776 4756
f 4722 4777 4776
f 4756 4776 4777
f 4704 4778 4752
f 4721 4779 4778
f 4714 4752 4779
f 4778 4779 4752
f 4708 4780 4782
f 4722 4781 4780
f 4721 4782 4781
f 4780 4781 4782
f 4714 4779 4776
f 4721 4781 4779
f 4722 4776 4781
f 4779 4781 4776
f 4704 4749 4784
f 4712 4783 4749
f 4724 4784 4783
f 4749 4783 4784
f 4710 4785 4744
f 4723 4786 4785
f 4712 4744 4786
f 4785 4786 4744
f 4703 4787 4789
f 4724 4788 4787
f 4723 4789 4788
f 4787 4788 4789
f 4712 4786 4783
f 4723 4788 4786
f 4724 4783 4788
f 4786 4788 4783
f 4710 4775 4791
f 4720 4790 4775
f 4726 4791 4790
f 4775 4790 4791
f 4709 4792 4772
f 4725 4793 4792
f 4720 4772 4793
f 4792 4793 4772
f 4701 4794 4796
f 4726 4795 4794
f 4725 4796 4795
f 4794 4795 4796
f 4720 4793 4790
f 4725 4795 4793
f 4726 4790 4795
f 4793 4795 4790
f 4709 4770 4798
f 4718 4797 4770
f 4728 4798 4797
f 4770 4797 4798
f 4706 4799 4766
f 4727 4800 4799
f 4718 4766 4800
f 4799 4800 4766
f 4705 4801 4803
f 4728 4802 4801
f 4727 4803 4802
f 4801 4802 4803
f 4718 4800 4797
f 4727 4802 4800
f 4728 4797 4802
f 4800 4802 4797
f 4706 4763 4805
f 4716 4804 4763
f 4730 4805 4804
f 4763 4804 4805
f 4700 4806 4759
f 4729 4807 4806
f 4716 4759 4807
f 4806 4807 4759
f 4707 4808 4810
f 4730 4809 4808
f 4729 4810 4809
f 4808 4809 4810
f 4716 4807 4804
f 4729 4809 4807
f 4730 4804 4809
f 4807 4809 4804
f 4702 4811 4813
f 4731 4812 4811
f 4733 4813 4812
f 4811 4812 4813
f 4708 4814 4816
f 4732 4815 4814
f 4731 4816 4815
f 4814 4815 4816
f 4703 4817 4819
f 4733 4818 4817
f 4732 4819 4818
f 4817 4818 4819
f 4731 4815 4812
f 4732 4818 4815
f 4733 4812 4818
f 4815 4818 4812
f 4702 4813 4821
f 4733 4820 4813
f 4735 4821 4820
f 4813 4820 4821
f 4703 4822 4817
f 4734 4823 4822
f 4733 4817 4823
f 4822 4823 4817
f 4701 4824 4826
f 4735 4825 4824
f 4734 4826 4825
f 4824 4825 4826
f 4733 4823 4820
f 4734 4825 4823
f 4735 4820 4825
f 4823 4825 4820
f 4702 4821 4828
f 4735 4827 4821
f 4737 4828 4827
f 4821 4827 4828
f 4701 4829 4824
f 4736 4830 4829
f 4735 4824 4830
f 4829 4830 4824
f 4705 4831 4833
f 4737 4832 4831
f 4736 4833 4832
f 4831 4832 4833
f 4735 4830 4827
f 4736 4832 4830
f 4737 4827 4832
f 4830 4832 4827
f 4702 4828 4835
f 4737 4834 4828
f 4739 4835 4834
f 4828 4834 4835
f 4705 4836 4831
f 4738 4837 4836
f 4737 4831 4837
f 4836 4837 4831
f 4707 4838 4840
f 4739 4839 4838
f 4738 4840 4839
f 4838 4839 4840
f 4737 4837 4834
f 4738 4839 4837
f 4739 4834 4839
f 4837 4839 4834
f 4702 4835 4811
f 4739 4841 4835
f 4731 4811 4841
f 4835 4841 4811
f 4707 4842 4838
f 4740 4843 4842
f 4739 4838 4843
f 4842 4843 4838
f 4708 4816 4845
f 4731 4844 4816
f 4740 4845 4844
f 4816 4844 4845
f 4739 4843 4841
f 4740 4844 4843
f 4731 4841 4844
f 4843 4844 4841
f 4703 4819 4787
f 4732 4846 4819
f 4724 4787 4846
f 4819 4846 4787
f 4708 4782 4814
f 4721 4847 4782
f 4732 4814 4847
f 4782 4847 4814
f 4704 4784 4778
f 4724 4848 4784
f 4721 4778 4848
f 4784 4848 4778
f 4732 4847 4846
f 4721 4848 4847
f 4724 4846 4848
f 4847 4848 4846
f 4701 4826 4794
f 4734 4849 4826
f 4726 4794 4849
f 4826 4849 4794
f 4703 4789 4822
f 4723 4850 4789
f 4734 4822 4850
f 4789 4850 4822
f 4710 4791 4785
f 4726 4851 4791
f 4723 4785 4851
f 4791 4851 4785
f 4734 4850 4849
f 4723 4851 4850
f 4726 4849 4851
f 4850 4851 4849
f 4705 4833 4801
f 4736 4852 4833
f 4728 4801 4852
f 4833 4852 4801
f 4701 4796 4829
f 4725 4853 4796
f 4736 4829 4853
f 4796 4853 4829
f 4709 4798 4792
f 4728 4854 4798
f 4725 4792 4854
f 4798 4854 4792
f 4736 4853 4852
f 4725 4854 4853
f 4728 4852 4854
f 4853 4854 4852
f 4707 4840 4808
f 4738 4855 4840
f 4730 4808 4855
f 4840 4855 4808
f 4705 4803 4836
f 4727 4856 4803
f 4738 4836 4856
f 4803 4856 4836
f 4706 4805 4799
f 4730 4857 4805
f 4727 4799 4857
f 4805 4857 4799
f 4738 4856 4855
f 4727 4857 4856
f 4730 4855 4857
f 4856 4857 4855
f 4708 4845 4780
f 4740 4858 4845
f 4722 4780 4858
f 4845 4858 4780
f 4707 4810 4842
f 4729 4859 4810
f 4740 4842 4859
f 4810 4859 4842
f 4700 4777 4806
f 4722 4860 4777
f 4729 4806 4860
f 4777 4860 4806
f 4740 4859 4858
f 4729 4860 4859
f 4722 4858 4860
f 4859 4860 4858
f 4861 4903 4905
f 4873 4904 4903
f 4875 4905 4904
f 4903 4904 4905
f 4872 4906 4908
f 4874 4907 4906
f 4873 4908 4907
f 4906 4907 4908
f 4866 4909 4911
f 4875 4910 4909
f 4874 4911 4910
f 4909 4910 4911
f 4873 4907 4904
f 4874 4910 4907
f 4875 4904 4910
f 4907 4910 4904
f 4861 4905 4913
f 4875 4912 4905
f 4877 4913 4912
f 4905 4912 4913
f 4866 4914 4909
f 4876 4915 4914
f 4875 4909 4915
f 4914 4915 4909
f 4862 4916 4918
f 4877 4917 4916
f 4876 4918 4917
f 4916 4917 4918
f 4875 4915 4912
f 4876 4917 4915
f 4877 4912 4917
f 4915 4917 4912
f 4861 4913 4920
f 4877 4919 4913
f 4879 4920 4919
f 4913 4919 4920
f 4862 4921 4916
f 4878 4922 4921
f 4877 4916 4922
f 4921 4922 4916
f 4868 4923 4925
f 4879 4924 4923
f 4878 4925 4924
f 4923 4924 4925
f 4877 4922 4919
f 4878 4924 4922
f 4879 4919 4924
f 4922 4924 4919
f 4861 4920 4927
f 4879 4926 4920
f 4881 4927 4926
f 4920 4926 4927
f 4868 4928 4923
f 4880 4929 4928
f 4879 4923 4929
f 4928 4929 4923
f 4871 4930 4932
f 4881 4931 4930
f 4880 4932 4931
f 4930 4931 4932
f 4879 4929 4926
f 4880 4931 4929
f 4881 4926 4931
f 4929 4931 4926
f 4861 4927 4903
f 4881 4933 4927
f 4873 4903 4933
f 4927 4933 4903
f 4871 4934 4930
f 4882 4935 4934
f 4881 4930 4935
f 4934 4935 4930
f 4872 4908 4937
f 4873 4936 4908
f 4882 4937 4936
f 4908 4936 4937
f 4881 4935 4933
f 4882 4936 4935
f 4873 4933 4936
f 4935 4936 4933
f 4862 4918 4939
f 4876 4938 4918
f 4884 4939 4938
f 4918 4938 4939
f 4866 4940 4914
f 4883 4941 4940
f 4876 4914 4941
f 4940 4941 4914
f 4870 4942 4944
f 4884 4943 4942
f 4883 4944 4943
f 4942 4943 4944
f 4876 4941 4938
f 4883 4943 4941
f 4884 4938 4943
f 4941 4943 4938
f 4866 4911 4946
f 4874 4945 4911
f 4886 4946 4945
f 4911 4945 4946
f 4872 4947 4906
f 4885 4948 4947
f 4874 4906 4948
f 4947 4948 4906
f 4865 4949 4951
f 4886 4950 4949
f 4885 4951 4950
f 4949 4950 4951
f 4874 4948 4945
f 4885 4950 4948
f 4886 4945 4950
f 4948 4950 4945
f 4872 4937 4953
f 4882 4952 4937
f 4888 4953 4952
f 4937 4952 4953
f 4871 4954 4934
f 4887 4955 4954
f 4882 4934 4955
f 4954 4955 4934
f 4863 4956 4958
f 4888 4957 4956
f 4887 4958 4957
f 4956 4957 4958
f 4882 4955 4952
f 4887 4957 4955
f 4888 4952 4957
f 4955 4957 4952
f 4871 4932 4960
f 4880 4959 4932
f 4890 4960 4959
f 4932 4959 4960
f 4868 4961 4928
f 4889 4962 4961
f 4880 4928 4962
f 4961 4962 4928
f 4867 4963 4965
f 4890 4964 4963
f 4889 4965 4964
f 4963 4964 4965
f 4880 4962 4959
f 4889 4964 4962
f 4890 4959 4964
f 4962 4964 4959
f 4868 4925 4967
f 4878 4966 4925
f 4892 4967 4966
f 4925 4966 4967
f 4862 4968 4921
f 4891 4969 4968
f 4878 4921 4969
f 4968 4969 4921
f 4869 4970 4972
f 4892 4971 4970
f 4891 4972 4971
f 4970 4971 4972
f 4878 4969 4966
f 4891 4971 4969
f 4892 4966 4971
f 4969 4971 4966
f 4864 4973 4975
f 4893 4974 4973
f 4895 4975 4974
f 4973 4974 4975
f 4870 4976 4978
f 4894 4977 4976
f 4893 4978 4977
f 4976 4977 4978
f 4865 4979 4981
f 4895 4980 4979
f 4894 4981 4980
f 4979 4980 4981
f 4893 4977 4974
f 4894 4980 4977
f 4895 4974 4980
f 4977 4980 4974
f 4864 4975 4983
f 4895 4982 4975
f 4897 4983 4982
f 4975 4982 4983
f 4865 4984 4979
f 4896 4985 4984
f 4895 4979 4985
f 4984 4985 4979
f 4863 4986 4988
f 4897 4987 4986
f 4896 4988 4987
f 4986 4987 4988
f 4895 4985 4982
f 4896 4987 4985
f 4897 4982 4987
f 4985 4987 4982
f 4864 4983 4990
f 4897 4989 4983
f 4899 4990 4989
f 4983 4989 4990
f 4863 4991 4986
f 4898 4992 4991
f 4897 4986 4992
f 4991 4992 4986
f 4867 4993 4995
f 4899 4994 4993
f 4898 4995 4994
f 4993 4994 4995
f 4897 4992 4989
f 4898 4994 4992
f 4899 4989 4994
f 4992 4994 4989
f 4864 4990 4997
f 4899 4996 4990
f 4901 4997 4996
f 4990 4996 4997
f 4867 4998 4993
f 4900 4999 4998
f 4899 4993 4999
f 4998 4999 4993
f 4869 5000 5002
f 4901 5001 5000
f 4900 5002 5001
f 5000 5001 5002
f 4899 4999 4996
f 4900 5001 4999
f 4901 4996 5001
f 4999 5001 4996
f 4864 4997 4973
f 4901 5003 4997
f 4893 4973 5003
f 4997 5003 4973
f 4869 5004 5000
f 4902 5005 5004
f 4901 5000 5005
f 5004 5005 5000
f 4870 4978 5007
f 4893 5006 4978
f 4902 5007 5006
f 4978 5006 5007
f 4901 5005 5003
f 4902 5006 5005
f 4893 5003 5006
f 5005 5006 5003
f 4865 4981 4949
f 4894 5008 4981
f 4886 4949 5008
f 4981 5008 4949
f 4870 4944 4976
f 4883 5009 4944
f 4894 4976 5009
f 4944 5009 4976
f 4866 4946 4940
f 4886 5010 4946
f 4883 4940 5010
f 4946 5010 4940
f 4894 5009 5008
f 4883 5010 5009
f 4886 5008 5010
f 5009 5010 5008
f 4863 4988 4956
f 4896 5011 4988
f 4888 4956 5011
f 4988 5011 4956
f 4865 4951 4984
f 4885 5012 4951
f 4896 4984 5012
f 4951 5012 4984
f 4872 4953 4947
f 4888 5013 4953
f 4885 4947 5013
f 4953 5013 4947
f 4896 5012 5011
f 4885 5013 5012
f 4888 5011 5013
f 5012 5013 5011
f 4867 4995 4963
f 4898 5014 4995
f 4890 4963 5014
f 4995 5014 4963
f 4863 4958 4991
f 4887 5015 4958
f 4898 4991 5015
f 4958 5015 4991
f 4871 4960 4954
f 4890 5016 4960
f 4887 4954 5016
f 4960 5016 4954
f 4898 5015 5014
f 4887 5016 5015
f 4890 5014 5016
f 5015 5016 5014
f 4869 5002 4970
f 4900 5017 5002
f 4892 4970 5017
f 5002 5017 4970
f 4867 4965 4998
f 4889 5018 4965
f 4900 4998 5018
f 4965 5018 4998
f 4868 4967 4961
f 4892 5019 4967
f 4889 4961 5019
f 4967 5019 4961
f 4900 5018 5017
f 4889 5019 5018
f 4892 5017 5019
f 5018 5019 5017
f 4870 5007 4942
f 4902 5020 5007
f 4884 4942 5020
f 5007 5020 4942
f 4869 4972 5004
f 4891 5021 4972
f 4902 5004 5021
f 4972 5021 5004
f 4862 4939 4968
f 4884 5022 4939
f 4891 4968 5022
f 4939 5022 4968
f 4902 5021 5020
f 4891 5022 5021
f 4884 5020 5022
f 5021 5022 5020
f 5023 5065 5067
f 5035 5066 5065
f 5037 5067 5066
f 5065 5066 5067
f 5034 5068 5070
f 5036 5069 5068
f 5035 5070 5069
f 5068 5069 5070
f 5028 5071 5073
f 5037 5072 5071
f 5036 5073 5072
f 5071 5072 5073
f 5035 5069 5066
f 5036 5072 5069
f 5037 5066 5072
f 5069 5072 5066
f 5023 5067 5075
f 5037 5074 5067
f 5039 5075 5074
f 5067 5074 5075
f 5028 5076 5071
f 5038 5077 5076
f 5037 5071 5077
f 5076 5077 5071
f 5024 5078 5080
f 5039 5079 5078
f 5038 5080 5079
f 5078 5079 5080
f 5037 5077 5074
f 5038 5079 5077
f 5039 5074 5079
f 5077 5079 5074
f 5023 5075 5082
f 5039 5081 5075
f 5041 5082 5081
f 5075 5081 5082
f 5024 5083 5078
f 5040 5084 5083
f 5039 5078 5084
f 5083 5084 5078
f 5030 5085 5087
f 5041 5086 5085
f 5040 5087 5086
f 5085 5086 5087
f 5039 5084 5081
f 5040 5086 5084
f 5041 5081 5086
f 5084 5086 5081
f 5023 5082 5089
f 5041 5088 5082
f 5043 5089 5088
f 5082 5088 5089
f 5030 5090 5085
f 5042 5091 5090
f 5041 5085 5091
f 5090 5091 5085
f 5033 5092 5094
f 5043 5093 5092
f 5042 5094 5093
f 5092 5093 5094
f 5041 5091 5088
f 5042 5093 5091
f 5043 5088 5093
f 5091 5093 5088
f 5023 5089 5065
f 5043 5095 5089
f 5035 5065 5095
f 5089 5095 5065
f 5033 5096 5092
f 5044 5097 5096
f 5043 5092 5097
f 5096 5097 5092
f 5034 5070 5099
f 5035 5098 5070
f 5044 5099 5098
f 5070 5098 5099
f 5043 5097 5095
f 5044 5098 5097
f 5035 5095 5098
f 5097 5098 5095
f 5024 5080 5101
f 5038 5100 5080
f 5046 5101 5100
f 5080 5100 5101
f 5028 5102 5076
f 5045 5103 5102
f 5038 5076 5103
f 5102 5103 5076
f 5032 5104 5106
f 5046 5105 5104
f 5045 5106 5105
f 5104 5105 5106
f 5038 5103 5100
f 5045 5105 5103
f 5046 5100 5105
f 5103 5105 5100
f 5028 5073 5108
f 5036 5107 5073
f 5048 5108 5107
f 5073 5107 5108
f 5034 5109 5068
f 5047 5110 5109
f 5036 5068 5110
f 5109 5110 5068
f 5027 5111 5113
f 5048 5112 5111
f 5047 5113 5112
f 5111 5112 5113
f 5036 5110 5107
f 5047 5112 5110
f 5048 5107 5112
f 5110 5112 5107
f 5034 5099 5115
f 5044 5114 5099
f 5050 5115 5114
f 5099 5114 5115
f 5033 5116 5096
f 5049 5117 5116
f 5044 5096 5117
f 5116 5117 5096
f 5025 5118 5120
f 5050 5119 5118
f 5049 5120 5119
f 5118 5119 5120
f 5044 5117 5114
f 5049 5119 5117
f 5050 5114 5119
f 5117 5119 5114
f 5033 5094 5122
f 5042 5121 5094
f 5052 5122 5121
f 5094 5121 5122
f 5030 5123 5090
f 5051 5124 5123
f 5042 5090 5124
f 5123 5124 5090
f 5029 5125 5127
f 5052 5126 5125
f 5051 5127 5126
f 5125 5126 5127
f 5042 5124 5121
f 5051 5126 5124
f 5052 5121 5126
f 5124 5126 5121
f 5030 5087 5129
f 5040 5128 5087
f 5054 5129 5128
f 5087 5128 5129
f 5024 5130 5083
f 5053 5131 5130
f 5040 5083 5131
f 5130 5131 5083
f 5031 5132 5134
f 5054 5133 5132
f 5053 5134 5133
f 5132 5133 5134
f 5040 5131 5128
f 5053 5133 5131
f 5054 5128 5133
f 5131 5133 5128
f 5026 5135 5137
f 5055 5136 5135
f 5057 5137 5136
f 5135 5136 5137
f 5032 5138 5140
f 5056 5139 5138
f 5055 5140 5139
f 5138 5139 5140
f 5027 5141 5143
f 5057 5142 5141
f 5056 5143 5142
f 5141 5142 5143
f 5055 5139 5136
f 5056 5142 5139
f 5057 5136 5142
f 5139 5142 5136
f 5026 5137 5145
f 5057 5144 5137
f 5059 5145 5144
f 5137 5144 5145
f 5027 5146 5141
f 5058 5147 5146
f 5057 5141 5147
f 5146 5147 5141
f 5025 5148 5150
f 5059 5149 5148
f 5058 5150 5149
f 5148 5149 5150
f 5057 5147 5144
f 5058 5149 5147
f 5059 5144 5149
f 5147 5149 5144
f 5026 5145 5152
f 5059 5151 5145
f 5061 5152 5151
f 5145 5151 5152
f 5025 5153 5148
f 5060 5154 5153
f 5059 5148 5154
f 5153 5154 5148
f 5029 5155 5157
f 5061 5156 5155
f 5060 5157 5156
f 5155 5156 5157
f 5059 5154 5151
f 5060 5156 5154
f 5061 5151 5156
f 5154 5156 5151
f 5026 5152 5159
f 5061 5158 5152
f 5063 5159 5158
f 5152 5158 5159
f 5029 5160 5155
f 5062 5161 5160
f 5061 5155 5161
f 5160 5161 5155
f 5031 5162 5164
f 5063 5163 5162
f 5062 5164 5163
f 5162 5163 5164
f 5061 5161 5158
f 5062 5163 5161
f 5063 5158 5163
f 5161 5163 5158
f 5026 5159 5135
f 5063 5165 5159
f 5055 5135 5165
f 5159 5165 5135
f 5031 5166 5162
f 5064 5167 5166
f 5063 5162 5167
f 5166 5167 5162
f 5032 5140 5169
f 5055 5168 5140
f 5064 5169 5168
f 5140 5168 5169
f 5063 5167 5165
f 5064 5168 5167
f 5055 5165 5168
f 5167 5168 5165
f 5027 5143 5111
f 5056 5170 5143
f 5048 5111 5170
f 5143 5170 5111
f 5032 5106 5138
f 5045 5171 5106
f 5056 5138 5171
f 5106 5171 5138
f 5028 5108 5102
f 5048 5172 5108
f 5045 5102 5172
f 5108 5172 5102
f 5056 5171 5170
f 5045 5172 5171
f 5048 5170 5172
f 5171 5172 5170
f 5025 5150 5118
f 5058 5173 5150
f 5050 5118 5173
f 5150 5173 5118
f 5027 5113 5146
f 5047 5174 5113
f 5058 5146 5174
f 5113 5174 5146
f 5034 5115 5109
f 5050 5175 5115
f 5047 5109 5175
f 5115 5175 5109
f 5058 5174 5173
f 5047 5175 5174
f 5050 5173 5175
f 5174 5175 5173
f 5029 5157 5125
f 5060 5176 5157
f 5052 5125 5176
f 5157 5176 5125
f 5025 5120 5153
f 5049 5177 5120
f 5060 5153 5177
f 5120 5177 5153
f 5033 5122 5116
f 5052 5178 5122
f 5049 5116 5178
f 5122 5178 5116
f 5060 5177 5176
f 5049 5178 5177
f 5052 5176 5178
f 5177 5178 5176
f 5031 5164 5132
f 5062 5179 5164
f 5054 5132 5179
f 5164 5179 5132
f 5029 5127 5160
f 5051 5180 5127
f 5062 5160 5180
f 5127 5180 5160
f 5030 5129 5123
f 5054 5181 5129
f 5051 5123 5181
f 5129 5181 5123
f 5062 5180 5179
f 5051 5181 5180
f 5054 5179 5181
f 5180 5181 5179
f 5032 5169 5104
f 5064 5182 5169
f 5046 5104 5182
f 5169 5182 5104
f 5031 5134 5166
f 5053 5183 5134
f 5064 5166 5183
f 5134 5183 5166
f 5024 5101 5130
f 5046 5184 5101
f 5053 5130 5184
f 5101 5184 5130
f 5064 5183 5182
f 5053 5184 5183
f 5046 5182 5184
f 5183 5184 5182
f 5185 5227 5229
f 5197 5228 5227
f 5199 5229 5228
f 5227 5228 5229
f 5196 5230 5232
f 5198 5231 5230
f 5197 5232 5231
f 5230 5231 5232
f 5190 5233 5235
f 5199 5234 5233
f 5198 5235 5234
f 5233 5234 5235
f 5197 5231 5228
f 5198 5234 5231
f 5199 5228 5234
f 5231 5234 5228
f 5185 5229 5237
f 5199 5236 5229
f 5201 5237 5236
f 5229 5236 5237
f 5190 5238 5233
f 5200 5239 5238
f 5199 5233 5239
f 5238 5239 5233
f 5186 5240 5242
f 5201 5241 5240
f 5200 5242 5241
f 5240 5241 5242
f 5199 5239 5236
f 5200 5241 5239
f 5201 5236 5241
f 5239 5241 5236
f 5185 5237 5244
f 5201 5243 5237
f 5203 5244 5243
f 5237 5243 5244
f 5186 5245 5240
f 5202 5246 5245
f 5201 5240 5246
f 5245 5246 5240
f 5192 5247 5249
f 5203 5248 5247
f 5202 5249 5248
f 5247 5248 5249
f 5201 5246 5243
f 5202 5248 5246
f 5203 5243 5248
f 5246 5248 5243
f 5185 5244 5251
f 5203 5250 5244
f 5205 5251 5250
f 5244 5250 5251
f 5192 5252 5247
f 5204 5253 5252
f 5203 5247 5253
f 5252 5253 5247
f 5195 5254 5256
f 5205 5255 5254
f 5204 5256 5255
f 5254 5255 5256
f 5203 5253 5250
f 5204 5255 5253
f 5205 5250 5255
f 5253 5255 5250
f 5185 5251 5227
f 5205 5257 5251
f 5197 5227 5257
f 5251 5257 5227
f 5195 5258 5254
f 5206 5259 5258
f 5205 5254 5259
f 5258 5259 5254
f 5196 5232 5261
f 5197 5260 5232
f 5206 5261 5260
f 5232 5260 5261
f 5205 5259 5257
f 5206 5260 5259
f 5197 5257 5260
f 5259 5260 5257
f 5186 5242 5263
f 5200 5262 5242
f 5208 5263 5262
f 5242 5262 5263
f 5190 5264 5238
f 5207 5265 5264
f 5200 5238 5265
f 5264 5265 5238
f 5194 5266 5268
f 5208 5267 5266
f 5207 5268 5267
f 5266 5267 5268
f 5200 5265 5262
f 5207 5267 5265
f 5208 5262 5267
f 5265 5267 5262
f 5190 5235 5270
f 5198 5269 5235
f 5210 5270 5269
f 5235 5269 5270
f 5196 5271 5230
f 5209 5272 5271
f 5198 5230 5272
f 5271 5272 5230
f 5189 5273 5275
f 5210 5274 5273
f 5209 5275 5274
f 5273 5274 5275
f 5198 5272 5269
f 5209 5274 5272
f 5210 5269 5274
f 5272 5274 5269
f 5196 5261 5277
f 5206 5276 5261
f 5212 5277 5276
f 5261 5276 5277
f 5195 5278 5258
f 5211 5279 5278
f 5206 5258 5279
f 5278 5279 5258
f 5187 5280 5282
f 5212 5281 5280
f 5211 5282 5281
f 5280 5281 5282
f 5206 5279 5276
f 5211 5281 5279
f 5212 5276 5281
f 5279 5281 5276
f 5195 5256 5284
f 5204 5283 5256
f 5214 5284 5283
f 5256 5283 5284
f 5192 5285 5252
f 5213 5286 5285
f 5204 5252 5286
f 5285 5286 5252
f 5191 5287 5289
f 5214 5288 5287
f 5213 5289 5288
f 5287 5288 5289
f 5204 5286 5283
f 5213 5288 5286
f 5214 5283 5288
f 5286 5288 5283
f 5192 5249 5291
f 5202 5290 5249
f 5216 5291 5290
f 5249 5290 5291
f 5186 5292 5245
f 5215 5293 5292
f 5202 5245 5293
f 5292 5293 5245
f 5193 5294 5296
f 5216 5295 5294
f 5215 5296 5295
f 5294 5295 5296
f 5202 5293 5290
f 5215 5295 5293
f 5216 5290 5295
f 5293 5295 5290
f 5188 5297 5299
f 5217 5298 5297
f 5219 5299 5298
f 5297 5298 5299
f 5194 5300 5302
f 5218 5301 5300
f 5217 5302 5301
f 5300 5301 5302
f 5189 5303 5305
f 5219 5304 5303
f 5218 5305 5304
f 5303 5304 5305
f 5217 5301 5298
f 5218 5304 5301
f 5219 5298 5304
f 5301 5304 5298
f 5188 5299 5307
f 5219 5306 5299
f 5221 5307 5306
f 5299 5306 5307
f 5189 5308 5303
f 5220 5309 5308
f 5219 5303 5309
f 5308 5309 5303
f 5187 5310 5312
f 5221 5311 5310
f 5220 5312 5311
f 5310 5311 5312
f 5219 5309 5306
f 5220 5311 5309
f 5221 5306 5311
f 5309 5311 5306
f 5188 5307 5314
f 5221 5313 5307
f 5223 5314 5313
f 5307 5313 5314
f 5187 5315 5310
f 5222 5316 5315
f 5221 5310 5316
f 5315 5316 5310
f 5191 5317 5319
f 5223 5318 5317
f 5222 5319 5318
f 5317 5318 5319
f 5221 5316 5313
f 5222 5318 5316
f 5223 5313 5318
f 5316 5318 5313
f 5188 5314 5321
f 5223 5320 5314
f 5225 5321 5320
f 5314 5320 5321
f 5191 5322 5317
f 5224 5323 5322
f 5223 5317 5323
f 5322 5323 5317
f 5193 5324 5326
f 5225 5325 5324
f 5224 5326 5325
f 5324 5325 5326
f 5223 5323 5320
f 5224 5325 5323
f 5225 5320 5325
f 5323 5325 5320
f 5188 5321 5297
f 5225 5327 5321
f 5217 5297 5327
f 5321 5327 5297
f 5193 5328 5324
f 5226 5329 5328
f 5225 5324 5329
f 5328 5329 5324
f 5194 5302 5331
f 5217 5330 5302
f 5226 5331 5330
f 5302 5330 5331
f 5225 5329 5327
f 5226 5330 5329
f 5217 5327 5330
f 5329 5330 5327
f 5189 5305 5273
f 5218 5332 5305
f 5210 5273 5332
f 5305 5332 5273
f 5194 5268 5300
f 5207 5333 5268
f 5218 5300 5333
f 5268 5333 5300
f 5190 5270 5264
f 5210 5334 5270
f 5207 5264 5334
f 5270 5334 5264
f 5218 5333 5332
f 5207 5334 5333
f 5210 5332 5334
f 5333 5334 5332
f 5187 5312 5280
f 5220 5335 5312
f 5212 5280 5335
f 5312 5335 5280
f 5189 5275 5308
f 5209 5336 5275
f 5220 5308 5336
f 5275 5336 5308
f 5196 5277 5271
f 5212 5337 5277
f 5209 5271 5337
f 5277 5337 5271
f 5220 5336 5335
f 5209 5337 5336
f 5212 5335 5337
f 5336 5337 5335
f 5191 5319 5287
f 5222 5338 5319
f 5214 5287 5338
f 5319 5338 5287
f 5187 5282 5315
f 5211 5339 5282
f 5222 5315 5339
f 5282 5339 5315
f 5195 5284 5278
f 5214 5340 5284
f 5211 5278 5340
f 5284 5340 5278
f 5222 5339 5338
f 5211 5340 5339
f 5214 5338 5340
f 5339 5340 5338
f 5193 5326 5294
f 5224 5341 5326
f 5216 5294 5341
f 5326 5341 5294
f 5191 5289 5322
f 5213 5342 5289
f 5224 5322 5342
f 5289 5342 5322
f 5192 5291 5285
f 5216 5343 5291
f 5213 5285 5343
f 5291 5343 5285
f 5224 5342 5341
f 5213 5343 5342
f 5216 5341 5343
f 5342 5343 5341
f 5194 5331 5266
f 5226 5344 5331
f 5208 5266 5344
f 5331 5344 5266
f 5193 5296 5328
f 5215 5345 5296
f 5226 5328 5345
f 5296 5345 5328
f 5186 5263 5292
f 5208 5346 5263
f 5215 5292 5346
f 5263 5346 5292
f 5226 5345 5344
f 5215 5346 5345
f 5208 5344 5346
f 5345 5346 5344
f 5347 5389 5391
f 5359 5390 5389
f 5361 5391 5390
f 5389 5390 5391
f 5358 5392 5394
f 5360 5393 5392
f 5359 5394 5393
f 5392 5393 5394
f 5352 5395 5397
f 5361 5396 5395
f 5360 5397 5396
f 5395 5396 5397
f 5359 5393 5390
f 5360 5396 5393
f 5361 5390 5396
f 5393 5396 5390
f 5347 5391 5399
f 5361 5398 5391
f 5363 5399 5398
f 5391 5398 5399
f 5352 5400 5395
f 5362 5401 5400
f 5361 5395 5401
f 5400 5401 5395
f 5348 5402 5404
f 5363 5403 5402
f 5362 5404 5403
f 5402 5403 5404
f 5361 5401 5398
f 5362 5403 5401
f 5363 5398 5403
f 5401 5403 5398
f 5347 5399 5406
f 5363 5405 5399
f 5365 5406 5405
f 5399 5405 5406
f 5348 5407 5402
f 5364 5408 5407
f 5363 5402 5408
f 5407 5408 5402
f 5354 5409 5411
f 5365 5410 5409
f 5364 5411 5410
f 5409 5410 5411
f 5363 5408 5405
f 5364 5410 5408
f 5365 5405 5410
f 5408 5410 5405
f 5347 5406 5413
f 5365 5412 5406
f 5367 5413 5412
f 5406 5412 5413
f 5354 5414 5409
f 5366 5415 5414
f 5365 5409 5415
f 5414 5415 5409
f 5357 5416 5418
f 5367 5417 5416
f 5366 5418 5417
f 5416 5417 5418
f 5365 5415 5412
f 5366 5417 5415
f 5367 5412 5417
f 5415 5417 5412
f 5347 5413 5389
f 5367 5419 5413
f 5359 5389 5419
f 5413 5419 5389
f 5357 5420 5416
f 5368 5421 5420
f 5367 5416 5421
f 5420 5421 5416
f 5358 5394 5423
f 5359 5422 5394
f 5368 5423 5422
f 5394 5422 5423
f 5367 5421 5419
f 5368 5422 5421
f 5359 5419 5422
f 5421 5422 5419
f 5348 5404 5425
f 5362 5424 5404
f 5370 5425 5424
f 5404 5424 5425
f 5352 5426 5400
f 5369 5427 5426
f 5362 5400 5427
f 5426 5427 5400
f 5356 5428 5430
f 5370 5429 5428
f 5369 5430 5429
f 5428 5429 5430
f 5362 5427 5424
f 5369 5429 5427
f 5370 5424 5429
f 5427 5429 5424
f 5352 5397 5432
f 5360 5431 5397
f 5372 5432 5431
f 5397 5431 5432
f 5358 5433 5392
f 5371 5434 5433
f 5360 5392 5434
f 5433 5434 5392
f 5351 5435 5437
f 5372 5436 5435
f 5371 5437 5436
f 5435 5436 5437
f 5360 5434 5431
f 5371 5436 5434
f 5372 5431 5436
f 5434 5436 5431
f 5358 5423 5439
f 5368 5438 5423
f 5374 5439 5438
f 5423 5438 5439
f 5357 5440 5420
f 5373 5441 5440
f 5368 5420 5441
f 5440 5441 5420
f 5349 5442 5444
f 5374 5443 5442
f 5373 5444 5443
f 5442 5443 5444
f 5368 5441 5438
f 5373 5443 5441
f 5374 5438 5443
f 5441 5443 5438
f 5357 5418 5446
f 5366 5445 5418
f 5376 5446 5445
f 5418 5445 5446
f 5354 5447 5414
f 5375 5448 5447
f 5366 5414 5448
f 5447 5448 5414
f 5353 5449 5451
f 5376 5450 5449
f 5375 5451 5450
f 5449 5450 5451
f 5366 5448 5445
f 5375 5450 5448
f 5376 5445 5450
f 5448 5450 5445
f 5354 5411 5453
f 5364 5452 5411
f 5378 5453 5452
f 5411 5452 5453
f 5348 5454 5407
f 5377 5455 5454
f 5364 5407 5455
f 5454 5455 5407
f 5355 5456 5458
f 5378 5457 5456
f 5377 5458 5457
f 5456 5457 5458
f 5364 5455 5452
f 5377 5457 5455
f 5378 5452 5457
f 5455 5457 5452
f 5350 5459 5461
f 5379 5460 5459
f 5381 5461 5460
f 5459 5460 5461
f 5356 5462 5464
f 5380 5463 5462
f 5379 5464 5463
f 5462 5463 5464
f 5351 5465 5467
f 5381 5466 5465
f 5380 5467 5466
f 5465 5466 5467
f 5379 5463 5460
f 5380 5466 5463
f 5381 5460 5466
f 5463 5466 5460
f 5350 5461 5469
f 5381 5468 5461
f 5383 5469 5468
f 5461 5468 5469
f 5351 5470 5465
f 5382 5471 5470
f 5381 5465 5471
f 5470 5471 5465
f 5349 5472 5474
f 5383 5473 5472
f 5382 5474 5473
f 5472 5473 5474
f 5381 5471 5468
f 5382 5473 5471
f 5383 5468 5473
f 5471 5473 5468
f 5350 5469 5476
f 5383 5475 5469
f 5385 5476 5475
f 5469 5475 5476
f 5349 5477 5472
f 5384 5478 5477
f 5383 5472 5478
f 5477 5478 5472
f 5353 5479 5481
f 5385 5480 5479
f 5384 5481 5480
f 5479 5480 5481
f 5383 5478 5475
f 5384 5480 5478
f 5385 5475 5480
f 5478 5480 5475
f 5350 5476 5483
f 5385 5482 5476
f 5387 5483 5482
f 5476 5482 5483
f 5353 5484 5479
f 5386 5485 5484
f 5385 5479 5485
f 5484 5485 5479
f 5355 5486 5488
f 5387 5487 5486
f 5386 5488 5487
f 5486 5487 5488
f 5385 5485 5482
f 5386 5487 5485
f 5387 5482 5487
f 5485 5487 5482
f 5350 5483 5459
f 5387 5489 5483
f 5379 5459 5489
f 5483 5489 5459
f 5355 5490 5486
f 5388 5491 5490
f 5387 5486 5491
f 5490 5491 5486
f 5356 5464 5493
f 5379 5492 5464
f 5388 5493 5492
f 5464 5492 5493
f 5387 5491 5489
f 5388 5492 5491
f 5379 5489 5492
f 5491 5492 5489
f 5351 5467 5435
f 5380 5494 5467
f 5372 5435 5494
f 5467 5494 5435
f 5356 5430 5462
f 5369 5495 5430
f 5380 5462 5495
f 5430 5495 5462
f 5352 5432 5426
f 5372 5496 5432
f 5369 5426 5496
f 5432 5496 5426
f 5380 5495 5494
f 5369 5496 5495
f 5372 5494 5496
f 5495 5496 5494
f 5349 5474 5442
f 5382 5497 5474
f 5374 5442 5497
f 5474 5497 5442
f 5351 5437 5470
f 5371 5498 5437
f 5382 5470 5498
f 5437 5498 5470
f 5358 5439 5433
f 5374 5499 5439
f 5371 5433 5499
f 5439 5499 5433
f 5382 5498 5497
f 5371 5499 5498
f 5374 5497 5499
f 5498 5499 5497
f 5353 5481 5449
f 5384 5500 5481
f 5376 5449 5500
f 5481 5500 5449
f 5349 5444 5477
f 5373 5501 5444
f 5384 5477 5501
f 5444 5501 5477
f 5357 5446 5440
f 5376 5502 5446
f 5373 5440 5502
f 5446 5502 5440
f 5384 5501 5500
f 5373 5502 5501
f 5376 5500 5502
f 5501 5502 5500
f 5355 5488 5456
f 5386 5503 5488
f 5378 5456 5503
f 5488 5503 5456
f 5353 5451 5484
f 5375 5504 5451
f 5386 5484 5504
f 5451 5504 5484
f 5354 5453 5447
f 5378 5505 5453
f 5375 5447 5505
f 5453 5505 5447
f 5386 5504 5503
f 5375 5505 5504
f 5378 5503 5505
f 5504 5505 5503
f 5356 5493 5428
f 5388 5506 5493
f 5370 5428 5506
f 5493 5506 5428
f 5355 5458 5490
f 5377 5507 5458
f 5388 5490 5507
f 5458 5507 5490
f 5348 5425 5454
f 5370 5508 5425
f 5377 5454 5508
f 5425 5508 5454
f 5388 5507 5506
f 5377 5508 5507
f 5370 5506 5508
f 5507 5508 5506
f 5509 5551 5553
f 5521 5552 5551
f 5523 5553 5552
f 5551 5552 5553
f 5520 5554 5556
f 5522 5555 5554
f 5521 5556 5555
f 5554 5555 5556
f 5514 5557 5559
f 5523 5558 5557
f 5522 5559 5558
f 5557 5558 5559
f 5521 5555 5552
f 5522 5558 5555
f 5523 5552 5558
f 5555 5558 5552
f 5509 5553 5561
f 5523 5560 5553
f 5525 5561 5560
f 5553 5560 5561
f 5514 5562 5557
f 5524 5563 5562
f 5523 5557 5563
f 5562 5563 5557
f 5510 5564 5566
f 5525 5565 5564
f 5524 5566 5565
f 5564 5565 5566
f 5523 5563 5560
f 5524 5565 5563
f 5525 5560 5565
f 5563 5565 5560
f 5509 5561 5568
f 5525 5567 5561
f 5527 5568 5567
f 5561 5567 5568
f 5510 5569 5564
f 5526 5570 5569
f 5525 5564 5570
f 5569 5570 5564
f 5516 5571 5573
f 5527 5572 5571
f 5526 5573 5572
f 5571 5572 5573
f 5525 5570 5567
f 5526 5572 5570
f 5527 5567 5572
f 5570 5572 5567
f 5509 5568 5575
f 5527 5574 5568
f 5529 5575 5574
f 5568 5574 5575
f 5516 5576 5571
f 5528 5577 5576
f 5527 5571 5577
f 5576 5577 5571
f 5519 5578 5580
f 5529 5579 5578
f 5528 5580 5579
f 5578 5579 5580
f 5527 5577 5574
f 5528 5579 5577
f 5529 5574 5579
f 5577 5579 5574
f 5509 5575 5551
f 5529 5581 5575
f 5521 5551 5581
f 5575 5581 5551
f 5519 5582 5578
f 5530 5583 5582
f 5529 5578 5583
f 5582 5583 5578
f 5520 5556 5585
f 5521 5584 5556
f 5530 5585 5584
f 5556 5584 5585
f 5529 5583 5581
f 5530 5584 5583
f 5521 5581 5584
f 5583 5584 5581
f 5510 5566 5587
f 5524 5586 5566
f 5532 5587 5586
f 5566 5586 5587
f 5514 5588 5562
f 5531 5589 5588
f 5524 5562 5589
f 5588 5589 5562
f 5518 5590 5592
f 5532 5591 5590
f 5531 5592 5591
f 5590 5591 5592
f 5524 5589 5586
f 5531 5591 5589
f 5532 5586 5591
f 5589 5591 5586
f 5514 5559 5594
f 5522 5593 5559
f 5534 5594 5593
f 5559 5593 5594
f 5520 5595 5554
f 5533 5596 5595
f 5522 5554 5596
f 5595 5596 5554
f 5513 5597 5599
f 5534 5598 5597
f 5533 5599 5598
f 5597 5598 5599
f 5522 5596 5593
f 5533 5598 5596
f 5534 5593 5598
f 5596 5598 5593
f 5520 5585 5601
f 5530 5600 5585
f 5536 5601 5600
f 5585 5600 5601
f 5519 5602 5582
f 5535 5603 5602
f 5530 5582 5603
f 5602 5603 5582
f 5511 5604 5606
f 5536 5605 5604
f 5535 5606 5605
f 5604 5605 5606
f 5530 5603 5600
f 5535 5605 5603
f 5536 5600 5605
f 5603 5605 5600
f 5519 5580 5608
f 5528 5607 5580
f 5538 5608 5607
f 5580 5607 5608
f 5516 5609 5576
f 5537 5610 5609
f 5528 5576 5610
f 5609 5610 5576
f 5515 5611 5613
f 5538 5612 5611
f 5537 5613 5612
f 5611 5612 5613
f 5528 5610 5607
f 5537 5612 5610
f 5538 5607 5612
f 5610 5612 5607
f 5516 5573 5615
f 5526 5614 5573
f 5540 5615 5614
f 5573 5614 5615
f 5510 5616 5569
f 5539 5617 5616
f 5526 5569 5617
f 5616 5617 5569
f 5517 5618 5620
f 5540 5619 5618
f 5539 5620 5619
f 5618 5619 5620
f 5526 5617 5614
f 5539 5619 5617
f 5540 5614 5619
f 5617 5619 5614
f 5512 5621 5623
f 5541 5622 5621
f 5543 5623 5622
f 5621 5622 5623
f 5518 5624 5626
f 5542 5625 5624
f 5541 5626 5625
f 5624 5625 5626
f 5513 5627 5629
f 5543 5628 5627
f 5542 5629 5628
f 5627 5628 5629
f 5541 5625 5622
f 5542 5628 5625
f 5543 5622 5628
f 5625 5628 5622
f 5512 5623 5631
f 5543 5630 5623
f 5545 5631 5630
f 5623 5630 5631
f 5513 5632 5627
f 5544 5633 5632
f 5543 5627 5633
f 5632 5633 5627
f 5511 5634 5636
f 5545 5635 5634
f 5544 5636 5635
f 5634 5635 5636
f 5543 5633 5630
f 5544 5635 5633
f 5545 5630 5635
f 5633 5635 5630
f 5512 5631 5638
f 5545 5637 5631
f 5547 5638 5637
f 5631 5637 5638
f 5511 5639 5634
f 5546 5640 5639
f 5545 5634 5640
f 5639 5640 5634
f 5515 5641 5643
f 5547 5642 5641
f 5546 5643 5642
f 5641 5642 5643
f 5545 5640 5637
f 5546 5642 5640
f 5547 5637 5642
f 5640 5642 5637
f 5512 5638 5645
f 5547 5644 5638
f 5549 5645 5644
f 5638 5644 5645
f 5515 5646 5641
f 5548 5647 5646
f 5547 5641 5647
f 5646 5647 5641
f 5517 5648 5650
f 5549 5649 5648
f 5548 5650 5649
f 5648 5649 5650
f 5547 5647 5644
f 5548 5649 5647
f 5549 5644 5649
f 5647 5649 5644
f 5512 5645 5621
f 5549 5651 5645
f 5541 5621 5651
f 5645 5651 5621
f 5517 5652 5648
f 5550 5653 5652
f 5549 5648 5653
f 5652 5653 5648
f 5518 5626 5655
f 5541 5654 5626
f 5550 5655 5654
f 5626 5654 5655
f 5549 5653 5651
f 5550 5654 5653
f 5541 5651 5654
f 5653 5654 5651
f 5513 5629 5597
f 5542 5656 5629
f 5534 5597 5656
f 5629 5656 5597
f 5518 5592 5624
f 5531 5657 5592
f 5542 5624 5657
f 5592 5657 5624
f 5514 5594 5588
f 5534 5658 5594
f 5531 5588 5658
f 5594 5658 5588
f 5542 5657 5656
f 5531 5658 5657
f 5534 5656 5658
f 5657 5658 5656
f 5511 5636 5604
f 5544 5659 5636
f 5536 5604 5659
f 5636 5659 5604
f 5513 5599 5632
f 5533 5660 5599
f 5544 5632 5660
f 5599 5660 5632
f 5520 5601 5595
f 5536 5661 5601
f 5533 5595 5661
f 5601 5661 5595
f 5544 5660 5659
f 5533 5661 5660
f 5536 5659 5661
f 5660 5661 5659
f 5515 5643 5611
f 5546 5662 5643
f 5538 5611 5662
f 5643 5662 5611
f 5511 5606 5639
f 5535 5663 5606
f 5546 5639 5663
f 5606 5663 5639
f 5519 5608 5602
f 5538 5664 5608
f 5535 5602 5664
f 5608 5664 5602
f 5546 5663 5662
f 5535 5664 5663
f 5538 5662 5664
f 5663 5664 5662
f 5517 5650 5618
f 5548 5665 5650
f 5540 5618 5665
f 5650 5665 5618
f 5515 5613 5646
f 5537 5666 5613
f 5548 5646 5666
f 5613 5666 5646
f 5516 5615 5609
f 5540 5667 5615
f 5537 5609 5667
f 5615 5667 5609
f 5548 5666 5665
f 5537 5667 5666
f 5540 5665 5667
f 5666 5667 5665
f 5518 5655 5590
f 5550 5668 5655
f 5532 5590 5668
f 5655 5668 5590
f 5517 5620 5652
f 5539 5669 5620
f 5550 5652 5669
f 5620 5669 5652
f 5510 5587 5616
f 5532 5670 5587
f 5539 5616 5670
f 5587 5670 5616
f 5550 5669 5668
f 5539 5670 5669
f 5532 5668 5670
f 5669 5670 5668
f 5671 5713 5715
f 5683 5714 5713
f 5685 5715 5714
f 5713 5714 5715
f 5682 5716 5718
f 5684 5717 5716
f 5683 5718 5717
f 5716 5717 5718
f 5676 5719 5721
f 5685 5720 5719
f 5684 5721 5720
f 5719 5720 5721
f 5683 5717 5714
f 5684 5720 5717
f 5685 5714 5720
f 5717 5720 5714
f 5671 5715 5723
f 5685 5722 5715
f 5687 5723 5722
f 5715 5722 5723
f 5676 5724 5719
f 5686 5725 5724
f 5685 5719 5725
f 5724 5725 5719
f 5672 5726 5728
f 5687 5727 5726
f 5686 5728 5727
f 5726 5727 5728
f 5685 5725 5722
f 5686 5727 5725
f 5687 5722 5727
f 5725 5727 5722
f 5671 5723 5730
f 5687 5729 5723
f 5689 5730 5729
f 5723 5729 5730
f 5672 5731 5726
f 5688 5732 5731
f 5687 5726 5732
f 5731 5732 5726
f 5678 5733 5735
f 5689 5734 5733
f 5688 5735 5734
f 5733 5734 5735
f 5687 5732 5729
f 5688 5734 5732
f 5689 5729 5734
f 5732 5734 5729
f 5671 5730 5737
f 5689 5736 5730
f 5691 5737 5736
f 5730 5736 5737
f 5678 5738 5733
f 5690 5739 5738
f 5689 5733 5739
f 5738 5739 5733
f 5681 5740 5742
f 5691 5741 5740
f 5690 5742 5741
f 5740 5741 5742
f 5689 5739 5736
f 5690 5741 5739
f 5691 5736 5741
f 5739 5741 5736
f 5671 5737 5713
f 5691 5743 5737
f 5683 5713 5743
f 5737 5743 5713
f 5681 5744 5740
f 5692 5745 5744
f 5691 5740 5745
f 5744 5745 5740
f 5682 5718 5747
f 5683 5746 5718
f 5692 5747 5746
f 5718 5746 5747
f 5691 5745 5743
f 5692 5746 5745
f 5683 5743 5746
f 5745 5746 5743
f 5672 5728 5749
f 5686 5748 5728
f 5694 5749 5748
f 5728 5748 5749
f 5676 5750 5724
f 5693 5751 5750
f 5686 5724 5751
f 5750 5751 5724
f 5680 5752 5754
f 5694 5753 5752
f 5693 5754 5753
f 5752 5753 5754
f 5686 5751 5748
f 5693 5753 5751
f 5694 5748 5753
f 5751 5753 5748
f 5676 5721 5756
f 5684 5755 5721
f 5696 5756 5755
f 5721 5755 5756
f 5682 5757 5716
f 5695 5758 5757
f 5684 5716 5758
f 5757 5758 5716
f 5675 5759 5761
f 5696 5760 5759
f 5695 5761 5760
f 5759 5760 5761
f 5684 5758 5755
f 5695 5760 5758
f 5696 5755 5760
f 5758 5760 5755
f 5682 5747 5763
f 5692 5762 5747
f 5698 5763 5762
f 5747 5762 5763
f 5681 5764 5744
f 5697 5765 5764
f 5692 5744 5765
f 5764 5765 5744
f 5673 5766 5768
f 5698 5767 5766
f 5697 5768 5767
f 5766 5767 5768
f 5692 5765 5762
f 5697 5767 5765
f 5698 5762 5767
f 5765 5767 5762
f 5681 5742 5770
f 5690 5769 5742
f 5700 5770 5769
f 5742 5769 5770
f 5678 5771 5738
f 5699 5772 5771
f 5690 5738 5772
f 5771 5772 5738
f 5677 5773 5775
f 5700 5774 5773
f 5699 5775 5774
f 5773 5774 5775
f 5690 5772 5769
f 5699 5774 5772
f 5700 5769 5774
f 5772 5774 5769
f 5678 5735 5777
f 5688 5776 5735
f 5702 5777 5776
f 5735 5776 5777
f 5672 5778 5731
f 5701 5779 5778
f 5688 5731 5779
f 5778 5779 5731
f 5679 5780 5782
f 5702 5781 5780
f 5701 5782 5781
f 5780 5781 5782
f 5688 5779 5776
f 5701 5781 5779
f 5702 5776 5781
f 5779 5781 5776
f 5674 5783 5785
f 5703 5784 5783
f 5705 5785 5784
f 5783 5784 5785
f 5680 5786 5788
f 5704 5787 5786
f 5703 5788 5787
f 5786 5787 5788
f 5675 5789 5791
f 5705 5790 5789
f 5704 5791 5790
f 5789 5790 5791
f 5703 5787 5784
f 5704 5790 5787
f 5705 5784 5790
f 5787 5790 5784
f 5674 5785 5793
f 5705 5792 5785
f 5707 5793 5792
f 5785 5792 5793
f 5675 5794 5789
f 5706 5795 5794
f 5705 5789 5795
f 5794 5795 5789
f 5673 5796 5798
f 5707 5797 5796
f 5706 5798 5797
f 5796 5797 5798
f 5705 5795 5792
f 5706 5797 5795
f 5707 5792 5797
f 5795 5797 5792
f 5674 5793 5800
f 5707 5799 5793
f 5709 5800 5799
f 5793 5799 5800
f 5673 5801 5796
f 5708 5802 5801
f 5707 5796 5802
f 5801 5802 5796
f 5677 5803 5805
f 5709 5804 5803
f 5708 5805 5804
f 5803 5804 5805
f 5707 5802 5799
f 5708 5804 5802
f 5709 5799 5804
f 5802 5804 5799
f 5674 5800 5807
f 5709 5806 5800
f 5711 5807 5806
f 5800 5806 5807
f 5677 5808 5803
f 5710 5809 5808
f 5709 5803 5809
f 5808 5809 5803
f 5679 5810 5812
f 5711 5811 5810
f 5710 5812 5811
f 5810 5811 5812
f 5709 5809 5806
f 5710 5811 5809
f 5711 5806 5811
f 5809 5811 5806
f 5674 5807 5783
f 5711 5813 5807
f 5703 5783 5813
f 5807 5813 5783
f 5679 5814 5810
f 5712 5815 5814
f 5711 5810 5815
f 5814 5815 5810
f 5680 5788 5817
f 5703 5816 5788
f 5712 5817 5816
f 5788 5816 5817
f 5711 5815 5813
f 5712 5816 5815
f 5703 5813 5816
f 5815 5816 5813
f 5675 5791 5759
f 5704 5818 5791
f 5696 5759 5818
f 5791 5818 5759
f 5680 5754 5786
f 5693 5819 5754
f 5704 5786 5819
f 5754 5819 5786
f 5676 5756 5750
f 5696 5820 5756
f 5693 5750 5820
f 5756 5820 5750
f 5704 5819 5818
f 5693 5820 5819
f 5696 5818 5820
f 5819 5820 5818
f 5673 5798 5766
f 5706 5821 5798
f 5698 5766 5821
f 5798 5821 5766
f 5675 5761 5794
f 5695 5822 5761
f 5706 5794 5822
f 5761 5822 5794
f 5682 5763 5757
f 5698 5823 5763
f 5695 5757 5823
f 5763 5823 5757
f 5706 5822 5821
f 5695 5823 5822
f 5698 5821 5823
f 5822 5823 5821
f 5677 5805 5773
f 5708 5824 5805
f 5700 5773 5824
f 5805 5824 5773
f 5673 5768 5801
f 5697 5825 5768
f 5708 5801 5825
f 5768 5825 5801
f 5681 5770 5764
f 5700 5826 5770
f 5697 5764 5826
f 5770 5826 5764
f 5708 5825 5824
f 5697 5826 5825
f 5700 5824 5826
f 5825 5826 5824
f 5679 5812 5780
f 5710 5827 5812
f 5702 5780 5827
f 5812 5827 5780
f 5677 5775 5808
f 5699 5828 5775
f 5710 5808 5828
f 5775 5828 5808
f 5678 5777 5771
f 5702 5829 5777
f 5699 5771 5829
f 5777 5829 5771
f 5710 5828 5827
f 5699 5829 5828
f 5702 5827 5829
f 5828 5829 5827
f 5680 5817 5752
f 5712 5830 5817
f 5694 5752 5830
f 5817 5830 5752
f 5679 5782 5814
f 5701 5831 5782
f 5712 5814 5831
f 5782 5831 5814
f 5672 5749 5778
f 5694 5832 5749
f 5701 5778 5832
f 5749 5832 5778
f 5712 5831 5830
f 5701 5832 5831
f 5694 5830 5832
f 5831 5832 5830
f 5833 5875 5877
f 5845 5876 5875
f 5847 5877 5876
f 5875 5876 5877
f 5844 5878 5880
f 5846 5879 5878
f 5845 5880 5879
f 5878 5879 5880
f 5838 5881 5883
f 5847 5882 5881
f 5846 5883 5882
f 5881 5882 5883
f 5845 5879 5876
f 5846 5882 5879
f 5847 5876 5882
f 5879 5882 5876
f 5833 5877 5885
f 5847 5884 5877
f 5849 5885 5884
f 5877 5884 5885
f 5838 5886 5881
f 5848 5887 5886
f 5847 5881 5887
f 5886 5887 5881
f 5834 5888 5890
f 5849 5889 5888
f 5848 5890 5889
f 5888 5889 5890
f 5847 5887 5884
f 5848 5889 5887
f 5849 5884 5889
f 5887 5889 5884
f 5833 5885 5892
f 5849 5891 5885
f 5851 5892 5891
f 5885 5891 5892
f 5834 5893 5888
f 5850 5894 5893
f 5849 5888 5894
f 5893 5894 5888
f 5840 5895 5897
f 5851 5896 5895
f 5850 5897 5896
f 5895 5896 5897
f 5849 5894 5891
f 5850 5896 5894
f 5851 5891 5896
f 5894 5896 5891
f 5833 5892 5899
f 5851 5898 5892
f 5853 5899 5898
f 5892 5898 5899
f 5840 5900 5895
f 5852 5901 5900
f 5851 5895 5901
f 5900 5901 5895
f 5843 5902 5904
f 5853 5903 5902
f 5852 5904 5903
f 5902 5903 5904
f 5851 5901 5898
f 5852 5903 5901
f 5853 5898 5903
f 5901 5903 5898
f 5833 5899 5875
f 5853 5905 5899
f 5845 5875 5905
f 5899 5905 5875
f 5843 5906 5902
f 5854 5907 5906
f 5853 5902 5907
f 5906 5907 5902
f 5844 5880 5909
f 5845 5908 5880
f 5854 5909 5908
f 5880 5908 5909
f 5853 5907 5905
f 5854 5908 5907
f 5845 5905 5908
f 5907 5908 5905
f 5834 5890 5911
f 5848 5910 5890
f 5856 5911 5910
f 5890 5910 5911
f 5838 5912 5886
f 5855 5913 5912
f 5848 5886 5913
f 5912 5913 5886
f 5842 5914 5916
f 5856 5915 5914
f 5855 5916 5915
f 5914 5915 5916
f 5848 5913 5910
f 5855 5915 5913
f 5856 5910 5915
f 5913 5915 5910
f 5838 5883 5918
f 5846 5917 5883
f 5858 5918 5917
f 5883 5917 5918
f 5844 5919 5878
f 5857 5920 5919
f 5846 5878 5920
f 5919 5920 5878
f 5837 5921 5923
f 5858 5922 5921
f 5857 5923 5922
f 5921 5922 5923
f 5846 5920 5917
f 5857 5922 5920
f 5858 5917 5922
f 5920 5922 5917
f 5844 5909 5925
f 5854 5924 5909
f 5860 5925 5924
f 5909 5924 5925
f 5843 5926 5906
f 5859 5927 5926
f 5854 5906 5927
f 5926 5927 5906
f 5835 5928 5930
f 5860 5929 5928
f 5859 5930 5929
f 5928 5929 5930
f 5854 5927 5924
f 5859 5929 5927
f 5860 5924 5929
f 5927 5929 5924
f 5843 5904 5932
f 5852 5931 5904
f 5862 5932 5931
f 5904 5931 5932
f 5840 5933 5900
f 5861 5934 5933
f 5852 5900 5934
f 5933 5934 5900
f 5839 5935 5937
f 5862 5936 5935
f 5861 5937 5936
f 5935 5936 5937
f 5852 5934 5931
f 5861 5936 5934
f 5862 5931 5936
f 5934 5936 5931
f 5840 5897 5939
f 5850 5938 5897
f 5864 5939 5938
f 5897 5938 5939
f 5834 5940 5893
f 5863 5941 5940
f 5850 5893 5941
f 5940 5941 5893
f 5841 5942 5944
f 5864 5943 5942
f 5863 5944 5943
f 5942 5943 5944
f 5850 5941 5938
f 5863 5943 5941
f 5864 5938 5943
f 5941 5943 5938
f 5836 5945 5947
f 5865 5946 5945
f 5867 5947 5946
f 5945 5946 5947
f 5842 5948 5950
f 5866 5949 5948
f 5865 5950 5949
f 5948 5949 5950
f 5837 5951 5953
f 5867 5952 5951
f 5866 5953 5952
f 5951 5952 5953
f 5865 5949 5946
f 5866 5952 5949
f 5867 5946 5952
f 5949 5952 5946
f 5836 5947 5955
f 5867 5954 5947
f 5869 5955 5954
f 5947 5954 5955
f 5837 5956 5951
f 5868 5957 5956
f 5867 5951 5957
f 5956 5957 5951
f 5835 5958 5960
f 5869 5959 5958
f 5868 5960 5959
f 5958 5959 5960
f 5867 5957 5954
f 5868 5959 5957
f 5869 5954 5959
f 5957 5959 5954
f 5836 5955 5962
f 5869 5961 5955
f 5871 5962 5961
f 5955 5961 5962
f 5835 5963 5958
f 5870 5964 5963
f 5869 5958 5964
f 5963 5964 5958
f 5839 5965 5967
f 5871 5966 5965
f 5870 5967 5966
f 5965 5966 5967
f 5869 5964 5961
f 5870 5966 5964
f 5871 5961 5966
f 5964 5966 5961
f 5836 5962 5969
f 5871 5968 5962
f 5873 5969 5968
f 5962 5968 5969
f 5839 5970 5965
f 5872 5971 5970
f 5871 5965 5971
f 5970 5971 5965
f 5841 5972 5974
f 5873 5973 5972
f 5872 5974 5973
f 5972 5973 5974
f 5871 5971 5968
f 5872 5973 5971
f 5873 5968 5973
f 5971 5973 5968
f 5836 5969 5945
f 5873 5975 5969
f 5865 5945 5975
f 5969 5975 5945
f 5841 5976 5972
f 5874 5977 5976
f 5873 5972 5977
f 5976 5977 5972
f 5842 5950 5979
f 5865 5978 5950
f 5874 5979 5978
f 5950 5978 5979
f 5873 5977 5975
f 5874 5978 5977
f 5865 5975 5978
f 5977 5978 5975
f 5837 5953 5921
f 5866 5980 5953
f 5858 5921 5980
f 5953 5980 5921
f 5842 5916 5948
f 5855 5981 5916
f 5866 5948 5981
f 5916 5981 5948
f 5838 5918 5912
f 5858 5982 5918
f 5855 5912 5982
f 5918 5982 5912
f 5866 5981 5980
f 5855 5982 5981
f 5858 5980 5982
f 5981 5982 5980
f 5835 5960 5928
f 5868 5983 5960
f 5860 5928 5983
f 5960 5983 5928
f 5837 5923 5956
f 5857 5984 5923
f 5868 5956 5984
f 5923 5984 5956
f 5844 5925 5919
f 5860 5985 5925
f 5857 5919 5985
f 5925 5985 5919
f 5868 5984 5983
f 5857 5985 5984
f 5860 5983 5985
f 5984 5985 5983
f 5839 5967 5935
f 5870 5986 5967
f 5862 5935 5986
f 5967 5986 5935
f 5835 5930 5963
f 5859 5987 5930
f 5870 5963 5987
f 5930 5987 5963
f 5843 5932 5926
f 5862 5988 5932
f 5859 5926 5988
f 5932 5988 5926
f 5870 5987 5986
f 5859 5988 5987
f 5862 5986 5988
f 5987 5988 5986
f 5841 5974 5942
f 5872 5989 5974
f 5864 5942 5989
f 5974 5989 5942
f 5839 5937 5970
f 5861 5990 5937
f 5872 5970 5990
f 5937 5990 5970
f 5840 5939 5933
f 5864 5991 5939
f 5861 5933 5991
f 5939 5991 5933
f 5872 5990 5989
f 5861 5991 5990
f 5864 5989 5991
f 5990 5991 5989
f 5842 5979 5914
f 5874 5992 5979
f 5856 5914 5992
f 5979 5992 5914
f 5841 5944 5976
f 5863 5993 5944
f 5874 5976 5993
f 5944 5993 5976
f 5834 5911 5940
f 5856 5994 5911
f 5863 5940 5994
f 5911 5994 5940
f 5874 5993 5992
f 5863 5994 5993
f 5856 5992 5994
f 5993 5994 5992
f 5995 5996 6006
f 5996 5997 6007
f 5997 5998 6008
f 5998 5999 6009
f 5999 6000 6010
f 6000 6001 6011
f 6001 6002 6012
f 6002 6003 6013
f 6003 6004 6014
f 6004 5995 6005
f 5995 6006 6005
f 5996 6007 6006
f 5997 6008 6007
f 5998 6009 6008
f 5999 6010 6009
f 6000 6011 6010
f 6001 6012 6011
f 6002 6013 6012
f 6003 6014 6013
f 6004 6005 6014
f 6015 6016 6026
f 6016 6017 6027
f 6017 6018 6028
f 6018 6019 6029
f 6019 6020 6030
f 6020 6021 6031
f 6021 6022 6032
f 6022 6023 6033
f 6023 6024 6034
f 6024 6015 6025
f 6015 6026 6025
f 6016 6027 6026
f 6017 6028 6027
f 6018 6029 6028
f 6019 6030 6029
f 6020 6031 6030
f 6021 6032 6031
f 6022 6033 6032
f 6023 6034 6033
f 6024 6025 6034
f 6035 6036 6046
f 6036 6037 6047
f 6037 6038 6048
f 6038 6039 6049
f 6039 6040 6050
f 6040 6041 6051
f 6041 6042 6052
f 6042 6043 6053
f 6043 6044 6054
f 6044 6035 6045
f 6035 6046 6045
f 6036 6047 6046
f 6037 6048 6047
f 6038 6049 6048
f 6039 6050 6049
f 6040 6051 6050
f 6041 6052 6051
f 6042 6053 6052
f 6043 6054 6053
f 6044 6045 6054
f 6055 6056 6066
f 6056 6057 6067
f 6057 6058 6068
f 6058 6059 6069
f 6059 6060 6070
f 6060 6061 6071
f 6061 6062 6072
f 6062 6063 6073
f 6063 6064 6074
f 6064 6055 6065
f 6055 6066 6065
f 6056 6067 6066
f 6057 6068 6067
f 6058 6069 6068
f 6059 6070 6069
f 6060 6071 6070
f 6061 6072 6071
f 6062 6073 6072
f 6063 6074 6073
f 6064 6065 6074
f 6075 6076 6086
f 6076 6077 6087
f 6077 6078 6088
f 6078 6079 6089
f 6079 6080 6090
f 6080 6081 6091
f 6081 6082 6092
f 6082 6083 6093
f 6083 6084 6094
f 6084 6075 6085
f 6075 6086 6085
f 6076 6087 6086
f 6077 6088 6087
f 6078 6089 6088
f 6079 6090 6089
f 6080 6091 6090
f 6081 6092 6091
f 6082 6093 6092
f 6083 6094 6093
f 6084 6085 6094
f 6095 6096 6106
f 6096 6097 6107
f 6097 6098 6108
f 6098 6099 6109
f 6099 6100 6110
f 6100 6101 6111
f 6101 6102 6112
f 6102 6103 6113
f 6103 6104 6114
f 6104 6095 6105
f 6095 6106 6105
f 6096 6107 6106
f 6097 6108 6107
f 6098 6109 6108
f 6099 6110 6109
f 6100 6111 6110
f 6101 6112 6111
f 6102 6113 6112
f 6103 6114 6113
f 6104 6105 6114
f 6115 6116 6126
f 6116 6117 6127
f 6117 6118 6128
f 6118 6119 6129
f 6119 6120 6130
f 6120 6121 6131
f 6121 6122 6132
f 6122 6123 6133
f 6123 6124 6134
f 6124 6115 6125
f 6115 6126 6125
f 6116 6127 6126
f 6117 6128 6127
f 6118 6129 6128
f 6119 6130 6129
f 6120 6131 6130
f 6121 6132 6131
f 6122 6133 6132
f 6123 6134 6133
f 6124 6125 6134
f 6135 6136 6146
f 6136 6137 6147
f 6137 6138 6148
f 6138 6139 6149
f 6139 6140 6150
f 6140 6141 6151
f 6141 6142 6152
f 6142 6143 6153
f 6143 6144 6154
f 6144 6135 6145
f 6135 6146 6145
f 6136 6147 6146
f 6137 6148 6147
f 6138 6149 6148
f 6139 6150 6149
f 6140 6151 6150
f 6141 6152 6151
f 6142 6153 6152
f 6143 6154 6153
f 6144 6145 6154
f 6155 6156 6166
f 6156 6157 6167
f 6157 6158 6168
f 6158 6159 6169
f 6159 6160 6170
f 6160 6161 6171
f 6161 6162 6172
f 6162 6163 6173
f 6163 6164 6174
f 6164 6155 6165
f 6155 6166 6165
f 6156 6167 6166
f 6157 6168 6167
f 6158 6169 6168
f 6159 6170 6169
f 6160 6171 6170
f 6161 6172 6171
f 6162 6173 6172
f 6163 6174 6173
f 6164 6165 6174
f 6175 6176 6186
f 6176 6177 6187
f 6177 6178 6188
f 6178 6179 6189
f 6179 6180 6190
f 6180 6181 6191
f 6181 6182 6192
f 6182 6183 6193
f 6183 6184 6194
f 6184 6175 6185
f 6175 6186 6185
f 6176 6187 6186
f 6177 6188 6187
f 6178 6189 6188
f 6179 6190 6189
f 6180 6191 6190
f 6181 6192 6191
f 6182 6193 6192
f 6183 6194 6193
f 6184 6185 6194
f 6195 6196 6206
f 6196 6197 6207
f 6197 6198 6208
f 6198 6199 6209
f 6199 6200 6210
f 6200 6201 6211
f 6201 6202 6212
f 6202 6203 6213
f 6203 6204 6214
f 6204 6195 6205
f 6195 6206 6205
f 6196 6207 6206
f 6197 6208 6207
f 6198 6209 6208
f 6199 6210 6209
f 6200 6211 6210
f 6201 6212 6211
f 6202 6213 6212
f 6203 6214 6213
f 6204 6205 6214
f 6215 6216 6226
f 6216 6217 6227
f 6217 6218 6228
f 6218 6219 6229
f 6219 6220 6230
f 6220 6221 6231
f 6221 6222 6232
f 6222 6223 6233
f 6223 6224 6234
f 6224 6215 6225
f 6215 6226 6225
f 6216 6227 6226
f 6217 6228 6227
f 6218 6229 6228
f 6219 6230 6229
f 6220 6231 6230
f 6221 6232 6231
f 6222 6233 6232
f 6223 6234 6233
f 6224 6225 6234
f 6235 6236 6246
f 6236 6237 6247
f 6237 6238 6248
f 6238 6239 6249
f 6239 6240 6250
f 6240 6241 6251
f 6241 6242 6252
f 6242 6243 6253
f 6243 6244 6254
f 6244 6235 6245
f 6235 6246 6245
f 6236 6247 6246
f 6237 6248 6247
f 6238 6249 6248
f 6239 6250 6249
f 6240 6251 6250
f 6241 6252 6251
f 6242 6253 6252
f 6243 6254 6253
f 6244 6245 6254
f 6255 6256 6266
f 6256 6257 6267
f 6257 6258 6268
f 6258 6259 6269
f 6259 6260 6270
f 6260 6261 6271
f 6261 6262 6272
f 6262 6263 6273
f 6263 6264 6274
f 6264 6255 6265
f 6255 6266 6265
f 6256 6267 6266
f 6257 6268 6267
f 6258 6269 6268
f 6259 6270 6269
f 6260 6271 6270
f 6261 6272 6271
f 6262 6273 6272
f 6263 6274 6273
f 6264 6265 6274
f 6275 6276 6286
f 6276 6277 6287
f 6277 6278 6288
f 6278 6279 6289
f 6279 6280 6290
f 6280 6281 6291
f 6281 6282 6292
f 6282 6283 6293
f 6283 6284 6294
f 6284 6275 6285
f 6275 6286 6285
f 6276 6287 6286
f 6277 6288 6287
f 6278 6289 6288
f 6279 6290 6289
f 6280 6291 6290
f 6281 6292 6291
f 6282 6293 6292
f 6283 6294 6293
f 6284 6285 6294
f 6295 6296 6306
f 6296 6297 6307
f 6297 6298 6308
f 6298 6299 6309
f 6299 6300 6310
f 6300 6301 6311
f 6301 6302 6312
f 6302 6303 6313
f 6303 6304 6314
f 6304 6295 6305
f 6295 6306 6305
f 6296 6307 6306
f 6297 6308 6307
f 6298 6309 6308
f 6299 6310 6309
f 6300 6311 6310
f 6301 6312 6311
f 6302 6313 6312
f 6303 6314 6313
f 6304 6305 6314
f 6315 6316 6326
f 6316 6317 6327
f 6317 6318 6328
f 6318 6319 6329
f 6319 6320 6330
f 6320 6321 6331
f 6321 6322 6332
f 6322 6323 6333
f 6323 6324 6334
f 6324 6315 6325
f 6315 6326 6325
f 6316 6327 6326
f 6317 6328 6327
f 6318 6329 6328
f 6319 6330 6329
f 6320 6331 6330
f 6321 6332 6331
f 6322 6333 6332
f 6323 6334 6333
f 6324 6325 6334
f 6335 6336 6346
f 6336 6337 6347
f 6337 6338 6348
f 6338 6339 6349
f 6339 6340 6350
f 6340 6341 6351
f 6341 6342 6352
f 6342 6343 6353
f 6343 6344 6354
f 6344 6335 6345
f 6335 6346 6345
f 6336 6347 6346
f 6337 6348 6347
f 6338 6349 6348
f 6339 6350 6349
f 6340 6351 6350
f 6341 6352 6351
f 6342 6353 6352
f 6343 6354 6353
f 6344 6345 6354
f 6355 6356 6366
f 6356 6357 6367
f 6357 6358 6368
f 6358 6359 6369
f 6359 6360 6370
f 6360 6361 6371
f 6361 6362 6372
f 6362 6363 6373
f 6363 6364 6374
f 6364 6355 6365
f 6355 6366 6365
f 6356 6367 6366
f 6357 6368 6367
f 6358 6369 6368
f 6359 6370 6369
f 6360 6371 6370
f 6361 6372 6371
f 6362 6373 6372
f 6363 6374 6373
f 6364 6365 6374
f 6375 6376 6386
f 6376 6377 6387
f 6377 6378 6388
f 6378 6379 6389
f 6379 6380 6390
f 6380 6381 6391
f 6381 6382 6392
f 6382 6383 6393
f 6383 6384 6394
f 6384 6375 6385
f 6375 6386 6385
f 6376 6387 6386
f 6377 6388 6387
f 6378 6389 6388
f 6379 6390 6389
f 6380 6391 6390
f 6381 6392 6391
f 6382 6393 6392
f 6383 6394 6393
f 6384 6385 6394
f 6395 6396 6406
f 6396 6397 6407
f 6397 6398 6408
f 6398 6399 6409
f 6399 6400 6410
f 6400 6401 6411
f 6401 6402 6412
f 6402 6403 6413
f 6403 6404 6414
f 6404 6395 6405
f 6395 6406 6405
f 6396 6407 6406
f 6397 6408 6407
f 6398 6409 6408
f 6399 6410 6409
f 6400 6411 6410
f 6401 6412 6411
f 6402 6413 6412
f 6403 6414 6413
f 6404 6405 6414
f 6415 6416 6426
f 6416 6417 6427
f 6417 6418 6428
f 6418 6419 6429
f 6419 6420 6430
f 6420 6421 6431
f 6421 6422 6432
f 6422 6423 6433
f 6423 6424 6434
f 6424 6415 6425
f 6415 6426 6425
f 6416 6427 6426
f 6417 6428 6427
f 6418 6429 6428
f 6419 6430 6429
f 6420 6431 6430
f 6421 6432 6431
f 6422 6433 6432
f 6423 6434 6433
f 6424 6425 6434
f 6435 6436 6446
f 6436 6437 6447
f 6437 6438 6448
f 6438 6439 6449
f 6439 6440 6450
f 6440 6441 6451
f 6441 6442 6452
f 6442 6443 6453
f 6443 6444 6454
f 6444 6435 6445
f 6435 6446 6445
f 6436 6447 6446
f 6437 6448 6447
f 6438 6449 6448
f 6439 6450 6449
f 6440 6451 6450
f 6441 6452 6451
f 6442 6453 6452
f 6443 6454 6453
f 6444 6445 6454
f 6455 6456 6466
f 6456 6457 6467
f 6457 6458 6468
f 6458 6459 6469
f 6459 6460 6470
f 6460 6461 6471
f 6461 6462 6472
f 6462 6463 6473
f 6463 6464 6474
f 6464 6455 6465
f 6455 6466 6465
f 6456 6467 6466
f 6457 6468 6467
f 6458 6469 6468
f 6459 6470 6469
f 6460 6471 6470
f 6461 6472 6471
f 6462 6473 6472
f 6463 6474 6473
f 6464 6465 6474
f 6475 6476 6486
f 6476 6477 6487
f 6477 6478 6488
f 6478 6479 6489
f 6479 6480 6490
f 6480 6481 6491
f 6481 6482 6492
f 6482 6483 6493
f 6483 6484 6494
f 6484 6475 6485
f 6475 6486 6485
f 6476 6487 6486
f 6477 6488 6487
f 6478 6489 6488
f 6479 6490 6489
f 6480 6491 6490
f 6481 6492 6491
f 6482 6493 6492
f 6483 6494 6493
f 6484 6485 6494
f 6495 6496 6506
f 6496 6497 6507
f 6497 6498 6508
f 6498 6499 6509
f 6499 6500 6510
f 6500 6501 6511
f 6501 6502 6512
f 6502 6503 6513
f 6503 6504 6514
f 6504 6495 6505
f 6495 6506 6505
f 6496 6507 6506
f 6497 6508 6507
f 6498 6509 6508
f 6499 6510 6509
f 6500 6511 6510
f 6501 6512 6511
f 6502 6513 6512
f 6503 6514 6513
f 6504 6505 6514
f 6515 6516 6526
f 6516 6517 6527
f 6517 6518 6528
f 6518 6519 6529
f 6519 6520 6530
f 6520 6521 6531
f 6521 6522 6532
f 6522 6523 6533
f 6523 6524 6534
f 6524 6515 6525
f 6515 6526 6525
f 6516 6527 6526
f 6517 6528 6527
f 6518 6529 6528
f 6519 6530 6529
f 6520 6531 6530
f 6521 6532 6531
f 6522 6533 6532
f 6523 6534 6533
f 6524 6525 6534
f 6535 6536 6546
f 6536 6537 6547
f 6537 6538 6548
f 6538 6539 6549
f 6539 6540 6550
f 6540 6541 6551
f 6541 6542 6552
f 6542 6543 6553
f 6543 6544 6554
f 6544 6535 6545
f 6535 6546 6545
f 6536 6547 6546
f 6537 6548 6547
f 6538 6549 6548
f 6539 6550 6549
f 6540 6551 6550
f 6541 6552 6551
f 6542 6553 6552
f 6543 6554 6553
f 6544 6545 6554
f 6555 6556 6566
f 6556 6557 6567
f 6557 6558 6568
f 6558 6559 6569
f 6559 6560 6570
f 6560 6561 6571
f 6561 6562 6572
f 6562 6563 6573
f 6563 6564 6574
f 6564 6555 6565
f 6555 6566 6565
f 6556 6567 6566
f 6557 6568 6567
f 6558 6569 6568
f 6559 6570 6569
f 6560 6571 6570
f 6561 6572 6571
f 6562 6573 6572
f 6563 6574 6573
f 6564 6565 6574
f 6575 6576 6586
f 6576 6577 6587
f 6577 6578 6588
f 6578 6579 6589
f 6579 6580 6590
f 6580 6581 6591
f 6581 6582 6592
f 6582 6583 6593
f 6583 6584 6594
f 6584 6575 6585
f 6575 6586 6585
f 6576 6587 6586
f 6577 6588 6587
f 6578 6589 6588
f 6579 6590 6589
f 6580 6591 6590
f 6581 6592 6591
f 6582 6593 6592
f 6583 6594 6593
f 6584 6585 6594
f 6595 6596 6606
f 6596 6597 6607
f 6597 6598 6608
f 6598 6599 6609
f 6599 6600 6610
f 6600 6601 6611
f 6601 6602 6612
f 6602 6603 6613
f 6603 6604 6614
f 6604 6595 6605
f 6595 6606 6605
f 6596 6607 6606
f 6597 6608 6607
f 6598 6609 6608
f 6599 6610 6609
f 6600 6611 6610
f 6601 6612 6611
f 6602 6613 6612
f 6603 6614 6613
f 6604 6605 6614
f 6615 6616 6626
f 6616 6617 6627
f 6617 6618 6628
f 6618 6619 6629
f 6619 6620 6630
f 6620 6621 6631
f 6621 6622 6632
f 6622 6623 6633
f 6623 6624 6634
f 6624 6615 6625
f 6615 6626 6625
f 6616 6627 6626
f 6617 6628 6627
f 6618 6629 6628
f 6619 6630 6629
f 6620 6631 6630
f 6621 6632 6631
f 6622 6633 6632
f 6623 6634 6633
f 6624 6625 6634
f 6635 6636 6646
f 6636 6637 6647
f 6637 6638 6648
f 6638 6639 6649
f 6639 6640 6650
f 6640 6641 6651
f 6641 6642 6652
f 6642 6643 6653
f 6643 6644 6654
f 6644 6635 6645
f 6635 6646 6645
f 6636 6647 6646
f 6637 6648 6647
f 6638 6649 6648
f 6639 6650 6649
f 6640 6651 6650
f 6641 6652 6651
f 6642 6653 6652
f 6643 6654 6653
f 6644 6645 6654
f 6655 6656 6666
f 6656 6657 6667
f 6657 6658 6668
f 6658 6659 6669
f 6659 6660 6670
f 6660 6661 6671
f 6661 6662 6672
f 6662 6663 6673
f 6663 6664 6674
f 6664 6655 6665
f 6655 6666 6665
f 6656 6667 6666
f 6657 6668 6667
f 6658 6669 6668
f 6659 6670 6669
f 6660 6671 6670
f 6661 6672 6671
f 6662 6673 6672
f 6663 6674 6673
f 6664 6665 6674
f 6675 6676 6686
f 6676 6677 6687
f 6677 6678 6688
f 6678 6679 6689
f 6679 6680 6690
f 6680 6681 6691
f 6681 6682 6692
f 6682 6683 6693
f 6683 6684 6694
f 6684 6675 6685
f 6675 6686 6685
f 6676 6687 6686
f 6677 6688 6687
f 6678 6689 6688
f 6679 6690 6689
f 6680 6691 6690
f 6681 6692 6691
f 6682 6693 6692
f 6683 6694 6693
f 6684 6685 6694
f 6695 6696 6706
f 6696 6697 6707
f 6697 6698 6708
f 6698 6699 6709
f 6699 6700 6710
f 6700 6701 6711
f 6701 6702 6712
f 6702 6703 6713
f 6703 6704 6714
f 6704 6695 6705
f 6695 6706 6705
f 6696 6707 6706
f 6697 6708 6707
f 6698 6709 6708
f 6699 6710 6709
f 6700 6711 6710
f 6701 6712 6711
f 6702 6713 6712
f 6703 6714 6713
f 6704 6705 6714
f 6715 6716 6726
f 6716 6717 6727
f 6717 6718 6728
f 6718 6719 6729
f 6719 6720 6730
f 6720 6721 6731
f 6721 6722 6732
f 6722 6723 6733
f 6723 6724 6734
f 6724 6715 6725
f 6715 6726 6725
f 6716 6727 6726
f 6717 6728 6727
f 6718 6729 6728
f 6719 6730 6729
f 6720 6731 6730
f 6721 6732 6731
f 6722 6733 6732
f 6723 6734 6733
f 6724 6725 6734
f 6735 6736 6746
f 6736 6737 6747
f 6737 6738 6748
f 6738 6739 6749
f 6739 6740 6750
f 6740 6741 6751
f 6741 6742 6752
f 6742 6743 6753
f 6743 6744 6754
f 6744 6735 6745
f 6735 6746 6745
f 6736 6747 6746
f 6737 6748 6747
f 6738 6749 6748
f 6739 6750 6749
f 6740 6751 6750
f 6741 6752 6751
f 6742 6753 6752
f 6743 6754 6753
f 6744 6745 6754
f 6755 6756 6766
f 6756 6757 6767
f 6757 6758 6768
f 6758 6759 6769
f 6759 6760 6770
f 6760 6761 6771
f 6761 6762 6772
f 6762 6763 6773
f 6763 6764 6774
f 6764 6755 6765
f 6755 6766 6765
f 6756 6767 6766
f 6757 6768 6767
f 6758 6769 6768
f 6759 6770 6769
f 6760 6771 6770
f 6761 6772 6771
f 6762 6773 6772
f 6763 6774 6773
f 6764 6765 6774
f 6775 6776 6786
f 6776 6777 6787
f 6777 6778 6788
f 6778 6779 6789
f 6779 6780 6790
f 6780 6781 6791
f 6781 6782 6792
f 6782 6783 6793
f 6783 6784 6794
f 6784 6775 6785
f 6775 6786 6785
f 6776 6787 6786
f 6777 6788 6787
f 6778 6789 6788
f 6779 6790 6789
f 6780 6791 6790
f 6781 6792 6791
f 6782 6793 6792
f 6783 6794 6793
f 6784 6785 6794
f 6795 6796 6806
f 6796 6797 6807
f 6797 6798 6808
f 6798 6799 6809
f 6799 6800 6810
f 6800 6801 6811
f 6801 6802 6812
f 6802 6803 6813
f 6803 6804 6814
f 6804 6795 6805
f 6795 6806 6805
f 6796 6807 6806
f 6797 6808 6807
f 6798 6809 6808
f 6799 6810 6809
f 6800 6811 6810
f 6801 6812 6811
f 6802 6813 6812
f 6803 6814 6813
f 6804 6805 6814
f 6815 6816 6826
f 6816 6817 6827
f 6817 6818 6828
f 6818 6819 6829
f 6819 6820 6830
f 6820 6821 6831
f 6821 6822 6832
f 6822 6823 6833
f 6823 6824 6834
f 6824 6815 6825
f 6815 6826 6825
f 6816 6827 6826
f 6817 6828 6827
f 6818 6829 6828
f 6819 6830 6829
f 6820 6831 6830
f 6821 6832 6831
f 6822 6833 6832
f 6823 6834 6833
f 6824 6825 6834
f 6835 6836 6846
f 6836 6837 6847
f 6837 6838 6848
f 6838 6839 6849
f 6839 6840 6850
f 6840 6841 6851
f 6841 6842 6852
f 6842 6843 6853
f 6843 6844 6854
f 6844 6835 6845
f 6835 6846 6845
f 6836 6847 6846
f 6837 6848 6847
f 6838 6849 6848
f 6839 6850 6849
f 6840 6851 6850
f 6841 6852 6851
f 6842 6853 6852
f 6843 6854 6853
f 6844 6845 6854
f 6855 6856 6866
f 6856 6857 6867
f 6857 6858 6868
f 6858 6859 6869
f 6859 6860 6870
f 6860 6861 6871
f 6861 6862 6872
f 6862 6863 6873
f 6863 6864 6874
f 6864 6855 6865
f 6855 6866 6865
f 6856 6867 6866
f 6857 6868 6867
f 6858 6869 6868
f 6859 6870 6869
f 6860 6871 6870
f 6861 6872 6871
f 6862 6873 6872
f 6863 6874 6873
f 6864 6865 6874
f 6875 6876 6886
f 6876 6877 6887
f 6877 6878 6888
f 6878 6879 6889
f 6879 6880 6890
f 6880 6881 6891
f 6881 6882 6892
f 6882 6883 6893
f 6883 6884 6894
f 6884 6875 6885
f 6875 6886 6885
f 6876 6887 6886
f 6877 6888 6887
f 6878 6889 6888
f 6879 6890 6889
f 6880 6891 6890
f 6881 6892 6891
f 6882 6893 6892
f 6883 6894 6893
f 6884 6885 6894
f 6895 6896 6906
f 6896 6897 6907
f 6897 6898 6908
f 6898 6899 6909
f 6899 6900 6910
f 6900 6901 6911
f 6901 6902 6912
f 6902 6903 6913
f 6903 6904 6914
f 6904 6895 6905
f 6895 6906 6905
f 6896 6907 6906
f 6897 6908 6907
f 6898 6909 6908
f 6899 6910 6909
f 6900 6911 6910
f 6901 6912 6911
f 6902 6913 6912
f 6903 6914 6913
f 6904 6905 6914
f 6915 6916 6926
f 6916 6917 6927
f 6917 6918 6928
f 6918 6919 6929
f 6919 6920 6930
f 6920 6921 6931
f 6921 6922 6932
f 6922 6923 6933
f 6923 6924 6934
f 6924 6915 6925
f 6915 6926 6925
f 6916 6927 6926
f 6917 6928 6927
f 6918 6929 6928
f 6919 6930 6929
f 6920 6931 6930
f 6921 6932 6931
f 6922 6933 6932
f 6923 6934 6933
f 6924 6925 6934
f 6935 6936 6946
f 6936 6937 6947
f 6937 6938 6948
f 6938 6939 6949
f 6939 6940 6950
f 6940 6941 6951
f 6941 6942 6952
f 6942 6943 6953
f 6943 6944 6954
f 6944 6935 6945
f 6935 6946 6945
f 6936 6947 6946
f 6937 6948 6947
f 6938 6949 6948
f 6939 6950 6949
f 6940 6951 6950
f 6941 6952 6951
f 6942 6953 6952
f 6943 6954 6953
f 6944 6945 6954
f 6955 6956 6966
f 6956 6957 6967
f 6957 6958 6968
f 6958 6959 6969
f 6959 6960 6970
f 6960 6961 6971
f 6961 6962 6972
f 6962 6963 6973
f 6963 6964 6974
f 6964 6955 6965
f 6955 6966 6965
f 6956 6967 6966
f 6957 6968 6967
f 6958 6969 6968
f 6959 6970 6969
f 6960 6971 6970
f 6961 6972 6971
f 6962 6973 6972
f 6963 6974 6973
f 6964 6965 6974
f 6975 6976 6986
f 6976 6977 6987
f 6977 6978 6988
f 6978 6979 6989
f 6979 6980 6990
f 6980 6981 6991
f 6981 6982 6992
f 6982 6983 6993
f 6983 6984 6994
f 6984 6975 6985
f 6975 6986 6985
f 6976 6987 6986
f 6977 6988 6987
f 6978 6989 6988
f 6979 6990 6989
f 6980 6991 6990
f 6981 6992 6991
f 6982 6993 6992
f 6983 6994 6993
f 6984 6985 6994
f 6995 6996 7006
f 6996 6997 7007
f 6997 6998 7008
f 6998 6999 7009
f 6999 7000 7010
f 7000 7001 7011
f 7001 7002 7012
f 7002 7003 7013
f 7003 7004 7014
f 7004 6995 7005
f 6995 7006 7005
f 6996 7007 7006
f 6997 7008 7007
f 6998 7009 7008
f 6999 7010 7009
f 7000 7011 7010
f 7001 7012 7011
f 7002 7013 7012
f 7003 7014 7013
f 7004 7005 7014
f 7015 7016 7026
f 7016 7017 7027
f 7017 7018 7028
f 7018 7019 7029
f 7019 7020 7030
f 7020 7021 7031
f 7021 7022 7032
f 7022 7023 7033
f 7023 7024 7034
f 7024 7015 7025
f 7015 7026 7025
f 7016 7027 7026
f 7017 7028 7027
f 7018 7029 7028
f 7019 7030 7029
f 7020 7031 7030
f 7021 7032 7031
f 7022 7033 7032
f 7023 7034 7033
f 7024 7025 7034
f 7035 7036 7046
f 7036 7037 7047
f 7037 7038 7048
f 7038 7039 7049
f 7039 7040 7050
f 7040 7041 7051
f 7041 7042 7052
f 7042 7043 7053
f 7043 7044 7054
f 7044 7035 7045
f 7035 7046 7045
f 7036 7047 7046
f 7037 7048 7047
f 7038 7049 7048
f 7039 7050 7049
f 7040 7051 7050
f 7041 7052 7051
f 7042 7053 7052
f 7043 7054 7053
f 7044 7045 7054
f 7055 7056 7066
f 7056 7057 7067
f 7057 7058 7068
f 7058 7059 7069
f 7059 7060 7070
f 7060 7061 7071
f 7061 7062 7072
f 7062 7063 7073
f 7063 7064 7074
f 7064 7055 7065
f 7055 7066 7065
f 7056 7067 7066
f 7057 7068 7067
f 7058 7069 7068
f 7059 7070 7069
f 7060 7071 7070
f 7061 7072 7071
f 7062 7073 7072
f 7063 7074 7073
f 7064 7065 7074
f 7075 7076 7086
f 7076 7077 7087
f 7077 7078 7088
f 7078 7079 7089
f 7079 7080 7090
f 7080 7081 7091
f 7081 7082 7092
f 7082 7083 7093
f 7083 7084 7094
f 7084 7075 7085
f 7075 7086 7085
f 7076 7087 7086
f 7077 7088 7087
f 7078 7089 7088
f 7079 7090 7089
f 7080 7091 7090
f 7081 7092 7091
f 7082 7093 7092
f 7083 7094 7093
f 7084 7085 7094
f 7095 7096 7106
f 7096 7097 7107
f 7097 7098 7108
f 7098 7099 7109
f 7099 7100 7110
f 7100 7101 7111
f 7101 7102 7112
f 7102 7103 7113
f 7103 7104 7114
f 7104 7095 7105
f 7095 7106 7105
f 7096 7107 7106
f 7097 7108 7107
f 7098 7109 7108
f 7099 7110 7109
f 7100 7111 7110
f 7101 7112 7111
f 7102 7113 7112
f 7103 7114 7113
f 7104 7105 7114
f 7115 7116 7126
f 7116 7117 7127
f 7117 7118 7128
f 7118 7119 7129
f 7119 7120 7130
f 7120 7121 7131
f 7121 7122 7132
f 7122 7123 7133
f 7123 7124 7134
f 7124 7115 7125
f 7115 7126 7125
f 7116 7127 7126
f 7117 7128 7127
f 7118 7129 7128
f 7119 7130 7129
f 7120 7131 7130
f 7121 7132 7131
f 7122 7133 7132
f 7123 7134 7133
f 7124 7125 7134
f 7135 7136 7146
f 7136 7137 7147
f 7137 7138 7148
f 7138 7139 7149
f 7139 7140 7150
f 7140 7141 7151
f 7141 7142 7152
f 7142 7143 7153
f 7143 7144 7154
f 7144 7135 7145
f 7135 7146 7145
f 7136 7147 7146
f 7137 7148 7147
f 7138 7149 7148
f 7139 7150 7149
f 7140 7151 7150
f 7141 7152 7151
f 7142 7153 7152
f 7143 7154 7153
f 7144 7145 7154
f 7155 7156 7166
f 7156 7157 7167
f 7157 7158 7168
f 7158 7159 7169
f 7159 7160 7170
f 7160 7161 7171
f 7161 7162 7172
f 7162 7163 7173
f 7163 7164 7174
f 7164 7155 7165
f 7155 7166 7165
f 7156 7167 7166
f 7157 7168 7167
f 7158 7169 7168
f 7159 7170 7169
f 7160 7171 7170
f 7161 7172 7171
f 7162 7173 7172
f 7163 7174 7173
f 7164 7165 7174
f 7175 7176 7186
f 7176 7177 7187
f 7177 7178 7188
f 7178 7179 7189
f 7179 7180 7190
f 7180 7181 7191
f 7181 7182 7192
f 7182 7183 7193
f 7183 7184 7194
f 7184 7175 7185
f 7175 7186 7185
f 7176 7187 7186
f 7177 7188 7187
f 7178 7189 7188
f 7179 7190 7189
f 7180 7191 7190
f 7181 7192 7191
f 7182 7193 7192
f 7183 7194 7193
f 7184 7185 7194
f 7195 7196 7206
f 7196 7197 7207
f 7197 7198 7208
f 7198 7199 7209
f 7199 7200 7210
f 7200 7201 7211
f 7201 7202 7212
f 7202 7203 7213
f 7203 7204 7214
f 7204 7195 7205
f 7195 7206 7205
f 7196 7207 7206
f 7197 7208 7207
f 7198 7209 7208
f 7199 7210 7209
f 7200 7211 7210
f 7201 7212 7211
f 7202 7213 7212
f 7203 7214 7213
f 7204 7205 7214
f 7215 7216 7226
f 7216 7217 7227
f 7217 7218 7228
f 7218 7219 7229
f 7219 7220 7230
f 7220 7221 7231
f 7221 7222 7232
f 7222 7223 7233
f 7223 7224 7234
f 7224 7215 7225
f 7215 7226 7225
f 7216 7227 7226
f 7217 7228 7227
f 7218 7229 7228
f 7219 7230 7229
f 7220 7231 7230
f 7221 7232 7231
f 7222 7233 7232
f 7223 7234 7233
f 7224 7225 7234
f 7235 7236 7246
f 7236 7237 7247
f 7237 7238 7248
f 7238 7239 7249
f 7239 7240 7250
f 7240 7241 7251
f 7241 7242 7252
f 7242 7243 7253
f 7243 7244 7254
f 7244 7235 7245
f 7235 7246 7245
f 7236 7247 7246
f 7237 7248 7247
f 7238 7249 7248
f 7239 7250 7249
f 7240 7251 7250
f 7241 7252 7251
f 7242 7253 7252
f 7243 7254 7253
f 7244 7245 7254
f 7255 7256 7266
f 7256 7257 7267
f 7257 7258 7268
f 7258 7259 7269
f 7259 7260 7270
f 7260 7261 7271
f 7261 7262 7272
f 7262 7263 7273
f 7263 7264 7274
f 7264 7255 7265
f 7255 7266 7265
f 7256 7267 7266
f 7257 7268 7267
f 7258 7269 7268
f 7259 7270 7269
f 7260 7271 7270
f 7261 7272 7271
f 7262 7273 7272
f 7263 7274 7273
f 7264 7265 7274
f 7275 7276 7286
f 7276 7277 7287
f 7277 7278 7288
f 7278 7279 7289
f 7279 7280 7290
f 7280 7281 7291
f 7281 7282 7292
f 7282 7283 7293
f 7283 7284 7294
f 7284 7275 7285
f 7275 7286 7285
f 7276 7287 7286
f 7277 7288 7287
f 7278 7289 7288
f 7279 7290 7289
f 7280 7291 7290
f 7281 7292 7291
f 7282 7293 7292
f 7283 7294 7293
f 7284 7285 7294
f 7295 7296 7306
f 7296 7297 7307
f 7297 7298 7308
f 7298 7299 7309
f 7299 7300 7310
f 7300 7301 7311
f 7301 7302 7312
f 7302 7303 7313
f 7303 7304 7314
f 7304 7295 7305
f 7295 7306 7305
f 7296 7307 7306
f 7297 7308 7307
f 7298 7309 7308
f 7299 7310 7309
f 7300 7311 7310
f 7301 7312 7311
f 7302 7313 7312
f 7303 7314 7313
f 7304 7305 7314
f 7315 7316 7326
f 7316 7317 7327
f 7317 7318 7328
f 7318 7319 7329
f 7319 7320 7330
f 7320 7321 7331
f 7321 7322 7332
f 7322 7323 7333
f 7323 7324 7334
f 7324 7315 7325
f 7315 7326 7325
f 7316 7327 7326
f 7317 7328 7327
f 7318 7329 7328
f 7319 7330 7329
f 7320 7331 7330
f 7321 7332 7331
f 7322 7333 7332
f 7323 7334 7333
f 7324 7325 7334
f 7335 7336 7346
f 7336 7337 7347
f 7337 7338 7348
f 7338 7339 7349
f 7339 7340 7350
f 7340 7341 7351
f 7341 7342 7352
f 7342 7343 7353
f 7343 7344 7354
f 7344 7335 7345
f 7335 7346 7345
f 7336 7347 7346
f 7337 7348 7347
f 7338 7349 7348
f 7339 7350 7349
f 7340 7351 7350
f 7341 7352 7351
f 7342 7353 7352
f 7343 7354 7353
f 7344 7345 7354
f 7355 7356 7366
f 7356 7357 7367
f 7357 7358 7368
f 7358 7359 7369
f 7359 7360 7370
f 7360 7361 7371
f 7361 7362 7372
f 7362 7363 7373
f 7363 7364 7374
f 7364 7355 7365
f 7355 7366 7365
f 7356 7367 7366
f 7357 7368 7367
f 7358 7369 7368
f 7359 7370 7369
f 7360 7371 7370
f 7361 7372 7371
f 7362 7373 7372
f 7363 7374 7373
f 7364 7365 7374
f 7375 7376 7386
f 7376 7377 7387
f 7377 7378 7388
f 7378 7379 7389
f 7379 7380 7390
f 7380 7381 7391
f 7381 7382 7392
f 7382 7383 7393
f 7383 7384 7394
f 7384 7375 7385
f 7375 7386 7385
f 7376 7387 7386
f 7377 7388 7387
f 7378 7389 7388
f 7379 7390 7389
f 7380 7391 7390
f 7381 7392 7391
f 7382 7393 7392
f 7383 7394 7393
f 7384 7385 7394
f 7395 7396 7406
f 7396 7397 7407
f 7397 7398 7408
f 7398 7399 7409
f 7399 7400 7410
f 7400 7401 7411
f 7401 7402 7412
f 7402 7403 7413
f 7403 7404 7414
f 7404 7395 7405
f 7395 7406 7405
f 7396 7407 7406
f 7397 7408 7407
f 7398 7409 7408
f 7399 7410 7409
f 7400 7411 7410
f 7401 7412 7411
f 7402 7413 7412
f 7403 7414 7413
f 7404 7405 7414
f 7415 7416 7426
f 7416 7417 7427
f 7417 7418 7428
f 7418 7419 7429
f 7419 7420 7430
f 7420 7421 7431
f 7421 7422 7432
f 7422 7423 7433
f 7423 7424 7434
f 7424 7415 7425
f 7415 7426 7425
f 7416 7427 7426
f 7417 7428 7427
f 7418 7429 7428
f 7419 7430 7429
f 7420 7431 7430
f 7421 7432 7431
f 7422 7433 7432
f 7423 7434 7433
f 7424 7425 7434
